  0
SECTION
  2
HEADER
  9
$ACADVER
  1
AC1032
  9
$ACADMAINTVER
 90
4
  9
$DWGCODEPAGE
  3
ANSI_1252
  9
$LASTSAVEDBY
  1
ezdxf
  9
$REQUIREDVERSIONS
160
0
  9
$INSBASE
 10
0.0
 20
0.0
 30
0.0
  9
$EXTMIN
 10
1e+20
 20
1e+20
 30
1e+20
  9
$EXTMAX
 10
-1e+20
 20
-1e+20
 30
-1e+20
  9
$LIMMIN
 10
0.0
 20
0.0
  9
$LIMMAX
 10
420.0
 20
297.0
  9
$ORTHOMODE
 70
0
  9
$REGENMODE
 70
1
  9
$FILLMODE
 70
1
  9
$QTEXTMODE
 70
0
  9
$MIRRTEXT
 70
1
  9
$LTSCALE
 40
1.0
  9
$ATTMODE
 70
1
  9
$TEXTSIZE
 40
2.5
  9
$TRACEWID
 40
1.0
  9
$TEXTSTYLE
  7
Standard
  9
$CLAYER
  8
0
  9
$CELTYPE
  6
ByLayer
  9
$CECOLOR
 62
256
  9
$CELTSCALE
 40
1.0
  9
$DISPSILH
 70
0
  9
$DIMSCALE
 40
1.0
  9
$DIMASZ
 40
2.5
  9
$DIMEXO
 40
0.625
  9
$DIMDLI
 40
3.75
  9
$DIMRND
 40
0.0
  9
$DIMDLE
 40
0.0
  9
$DIMEXE
 40
1.25
  9
$DIMTP
 40
0.0
  9
$DIMTM
 40
0.0
  9
$DIMTXT
 40
2.5
  9
$DIMCEN
 40
2.5
  9
$DIMTSZ
 40
0.0
  9
$DIMTOL
 70
0
  9
$DIMLIM
 70
0
  9
$DIMTIH
 70
0
  9
$DIMTOH
 70
0
  9
$DIMSE1
 70
0
  9
$DIMSE2
 70
0
  9
$DIMTAD
 70
1
  9
$DIMZIN
 70
8
  9
$DIMBLK
  1

  9
$DIMASO
 70
1
  9
$DIMSHO
 70
1
  9
$DIMPOST
  1

  9
$DIMAPOST
  1

  9
$DIMALT
 70
0
  9
$DIMALTD
 70
3
  9
$DIMALTF
 40
0.03937007874
  9
$DIMLFAC
 40
1.0
  9
$DIMTOFL
 70
1
  9
$DIMTVP
 40
0.0
  9
$DIMTIX
 70
0
  9
$DIMSOXD
 70
0
  9
$DIMSAH
 70
0
  9
$DIMBLK1
  1

  9
$DIMBLK2
  1

  9
$DIMSTYLE
  2
ISO-25
  9
$DIMCLRD
 70
0
  9
$DIMCLRE
 70
0
  9
$DIMCLRT
 70
0
  9
$DIMTFAC
 40
1.0
  9
$DIMGAP
 40
0.625
  9
$DIMJUST
 70
0
  9
$DIMSD1
 70
0
  9
$DIMSD2
 70
0
  9
$DIMTOLJ
 70
0
  9
$DIMTZIN
 70
8
  9
$DIMALTZ
 70
0
  9
$DIMALTTZ
 70
0
  9
$DIMUPT
 70
0
  9
$DIMDEC
 70
2
  9
$DIMTDEC
 70
2
  9
$DIMALTU
 70
2
  9
$DIMALTTD
 70
3
  9
$DIMTXSTY
  7
Standard
  9
$DIMAUNIT
 70
0
  9
$DIMADEC
 70
0
  9
$DIMALTRND
 40
0.0
  9
$DIMAZIN
 70
0
  9
$DIMDSEP
 70
44
  9
$DIMATFIT
 70
3
  9
$DIMFRAC
 70
0
  9
$DIMLDRBLK
  1

  9
$DIMLUNIT
 70
2
  9
$DIMLWD
 70
-2
  9
$DIMLWE
 70
-2
  9
$DIMTMOVE
 70
0
  9
$DIMFXL
 40
1.0
  9
$DIMFXLON
 70
0
  9
$DIMJOGANG
 40
0.785398163397
  9
$DIMTFILL
 70
0
  9
$DIMTFILLCLR
 70
0
  9
$DIMARCSYM
 70
0
  9
$DIMLTYPE
  6

  9
$DIMLTEX1
  6

  9
$DIMLTEX2
  6

  9
$DIMTXTDIRECTION
 70
0
  9
$LUNITS
 70
2
  9
$LUPREC
 70
4
  9
$SKETCHINC
 40
1.0
  9
$FILLETRAD
 40
10.0
  9
$AUNITS
 70
0
  9
$AUPREC
 70
2
  9
$MENU
  1
.
  9
$ELEVATION
 40
0.0
  9
$PELEVATION
 40
0.0
  9
$THICKNESS
 40
0.0
  9
$LIMCHECK
 70
0
  9
$CHAMFERA
 40
0.0
  9
$CHAMFERB
 40
0.0
  9
$CHAMFERC
 40
0.0
  9
$CHAMFERD
 40
0.0
  9
$SKPOLY
 70
0
  9
$TDCREATE
 40
2461307.8288078704
  9
$TDUCREATE
 40
2458532.153996898
  9
$TDUPDATE
 40
2461307.8288078704
  9
$TDUUPDATE
 40
2458532.1544311
  9
$TDINDWG
 40
0.0
  9
$TDUSRTIMER
 40
0.0
  9
$USRTIMER
 70
1
  9
$ANGBASE
 50
0.0
  9
$ANGDIR
 70
0
  9
$PDMODE
 70
0
  9
$PDSIZE
 40
0.0
  9
$PLINEWID
 40
0.0
  9
$SPLFRAME
 70
0
  9
$SPLINETYPE
 70
6
  9
$SPLINESEGS
 70
8
  9
$HANDSEED
  5
D7
  9
$SURFTAB1
 70
6
  9
$SURFTAB2
 70
6
  9
$SURFTYPE
 70
6
  9
$SURFU
 70
6
  9
$SURFV
 70
6
  9
$UCSBASE
  2

  9
$UCSNAME
  2

  9
$UCSORG
 10
0.0
 20
0.0
 30
0.0
  9
$UCSXDIR
 10
1.0
 20
0.0
 30
0.0
  9
$UCSYDIR
 10
0.0
 20
1.0
 30
0.0
  9
$UCSORTHOREF
  2

  9
$UCSORTHOVIEW
 70
0
  9
$UCSORGTOP
 10
0.0
 20
0.0
 30
0.0
  9
$UCSORGBOTTOM
 10
0.0
 20
0.0
 30
0.0
  9
$UCSORGLEFT
 10
0.0
 20
0.0
 30
0.0
  9
$UCSORGRIGHT
 10
0.0
 20
0.0
 30
0.0
  9
$UCSORGFRONT
 10
0.0
 20
0.0
 30
0.0
  9
$UCSORGBACK
 10
0.0
 20
0.0
 30
0.0
  9
$PUCSBASE
  2

  9
$PUCSNAME
  2

  9
$PUCSORG
 10
0.0
 20
0.0
 30
0.0
  9
$PUCSXDIR
 10
1.0
 20
0.0
 30
0.0
  9
$PUCSYDIR
 10
0.0
 20
1.0
 30
0.0
  9
$PUCSORTHOREF
  2

  9
$PUCSORTHOVIEW
 70
0
  9
$PUCSORGTOP
 10
0.0
 20
0.0
 30
0.0
  9
$PUCSORGBOTTOM
 10
0.0
 20
0.0
 30
0.0
  9
$PUCSORGLEFT
 10
0.0
 20
0.0
 30
0.0
  9
$PUCSORGRIGHT
 10
0.0
 20
0.0
 30
0.0
  9
$PUCSORGFRONT
 10
0.0
 20
0.0
 30
0.0
  9
$PUCSORGBACK
 10
0.0
 20
0.0
 30
0.0
  9
$USERI1
 70
0
  9
$USERI2
 70
0
  9
$USERI3
 70
0
  9
$USERI4
 70
0
  9
$USERI5
 70
0
  9
$USERR1
 40
0.0
  9
$USERR2
 40
0.0
  9
$USERR3
 40
0.0
  9
$USERR4
 40
0.0
  9
$USERR5
 40
0.0
  9
$WORLDVIEW
 70
1
  9
$SHADEDGE
 70
3
  9
$SHADEDIF
 70
70
  9
$TILEMODE
 70
1
  9
$MAXACTVP
 70
64
  9
$PINSBASE
 10
0.0
 20
0.0
 30
0.0
  9
$PLIMCHECK
 70
0
  9
$PEXTMIN
 10
1e+20
 20
1e+20
 30
1e+20
  9
$PEXTMAX
 10
-1e+20
 20
-1e+20
 30
-1e+20
  9
$PLIMMIN
 10
0.0
 20
0.0
  9
$PLIMMAX
 10
420.0
 20
297.0
  9
$UNITMODE
 70
0
  9
$VISRETAIN
 70
1
  9
$PLINEGEN
 70
0
  9
$PSLTSCALE
 70
1
  9
$TREEDEPTH
 70
3020
  9
$CMLSTYLE
  2
Standard
  9
$CMLJUST
 70
0
  9
$CMLSCALE
 40
20.0
  9
$PROXYGRAPHICS
 70
1
  9
$MEASUREMENT
 70
1
  9
$CELWEIGHT
370
-1
  9
$ENDCAPS
280
0
  9
$JOINSTYLE
280
0
  9
$LWDISPLAY
290
0
  9
$INSUNITS
 70
0
  9
$HYPERLINKBASE
  1

  9
$STYLESHEET
  1

  9
$XEDIT
290
1
  9
$CEPSNTYPE
380
0
  9
$PSTYLEMODE
290
1
  9
$FINGERPRINTGUID
  2
{9C6F8E87-96A4-4C34-A882-D02CFE2A2265}
  9
$VERSIONGUID
  2
{A7C87558-E4A3-4B6C-8A38-4186ABEE9E11}
  9
$EXTNAMES
290
1
  9
$PSVPSCALE
 40
0.0
  9
$OLESTARTUP
290
0
  9
$SORTENTS
280
127
  9
$INDEXCTL
280
0
  9
$HIDETEXT
280
1
  9
$XCLIPFRAME
280
1
  9
$HALOGAP
280
0
  9
$OBSCOLOR
 70
257
  9
$OBSLTYPE
280
0
  9
$INTERSECTIONDISPLAY
280
0
  9
$INTERSECTIONCOLOR
 70
257
  9
$DIMASSOC
280
2
  9
$PROJECTNAME
  1

  9
$CAMERADISPLAY
290
0
  9
$LENSLENGTH
 40
50.0
  9
$CAMERAHEIGHT
 40
0.0
  9
$STEPSPERSEC
 40
24.0
  9
$STEPSIZE
 40
100.0
  9
$3DDWFPREC
 40
2.0
  9
$PSOLWIDTH
 40
0.005
  9
$PSOLHEIGHT
 40
0.08
  9
$LOFTANG1
 40
1.570796326795
  9
$LOFTANG2
 40
1.570796326795
  9
$LOFTMAG1
 40
0.0
  9
$LOFTMAG2
 40
0.0
  9
$LOFTPARAM
 70
7
  9
$LOFTNORMALS
280
1
  9
$LATITUDE
 40
37.795
  9
$LONGITUDE
 40
-122.394
  9
$NORTHDIRECTION
 40
0.0
  9
$TIMEZONE
 70
-8000
  9
$LIGHTGLYPHDISPLAY
280
1
  9
$TILEMODELIGHTSYNCH
280
1
  9
$CMATERIAL
347
20
  9
$SOLIDHIST
280
0
  9
$SHOWHIST
280
1
  9
$DWFFRAME
280
2
  9
$DGNFRAME
280
2
  9
$REALWORLDSCALE
290
1
  9
$INTERFERECOLOR
 62
256
  9
$CSHADOW
280
0
  9
$SHADOWPLANELOCATION
 40
0.0
  0
ENDSEC
  0
SECTION
  2
CLASSES
  0
CLASS
  1
ACDBDICTIONARYWDFLT
  2
AcDbDictionaryWithDefault
  3
ObjectDBX Classes
 90
0
 91
0
280
0
281
0
  0
CLASS
  1
SUN
  2
AcDbSun
  3
SCENEOE
 90
1153
 91
0
280
0
281
0
  0
CLASS
  1
VISUALSTYLE
  2
AcDbVisualStyle
  3
ObjectDBX Classes
 90
4095
 91
0
280
0
281
0
  0
CLASS
  1
MATERIAL
  2
AcDbMaterial
  3
ObjectDBX Classes
 90
1153
 91
0
280
0
281
0
  0
CLASS
  1
SCALE
  2
AcDbScale
  3
ObjectDBX Classes
 90
1153
 91
0
280
0
281
0
  0
CLASS
  1
TABLESTYLE
  2
AcDbTableStyle
  3
ObjectDBX Classes
 90
4095
 91
0
280
0
281
0
  0
CLASS
  1
MLEADERSTYLE
  2
AcDbMLeaderStyle
  3
ACDB_MLEADERSTYLE_CLASS
 90
4095
 91
0
280
0
281
0
  0
CLASS
  1
DICTIONARYVAR
  2
AcDbDictionaryVar
  3
ObjectDBX Classes
 90
0
 91
0
280
0
281
0
  0
CLASS
  1
CELLSTYLEMAP
  2
AcDbCellStyleMap
  3
ObjectDBX Classes
 90
1152
 91
0
280
0
281
0
  0
CLASS
  1
MENTALRAYRENDERSETTINGS
  2
AcDbMentalRayRenderSettings
  3
SCENEOE
 90
1024
 91
0
280
0
281
0
  0
CLASS
  1
ACDBDETAILVIEWSTYLE
  2
AcDbDetailViewStyle
  3
ObjectDBX Classes
 90
1025
 91
0
280
0
281
0
  0
CLASS
  1
ACDBSECTIONVIEWSTYLE
  2
AcDbSectionViewStyle
  3
ObjectDBX Classes
 90
1025
 91
0
280
0
281
0
  0
CLASS
  1
RASTERVARIABLES
  2
AcDbRasterVariables
  3
ISM
 90
0
 91
0
280
0
281
0
  0
CLASS
  1
LAYOUT
  2
AcDbLayout
  3
ObjectDBX Classes
 90
0
 91
0
280
0
281
0
  0
CLASS
  1
ACDBPLACEHOLDER
  2
AcDbPlaceHolder
  3
ObjectDBX Classes
 90
0
 91
0
280
0
281
0
  0
ENDSEC
  0
SECTION
  2
TABLES
  0
TABLE
  2
VPORT
  5
8
330
0
100
AcDbSymbolTable
 70
1
  0
VPORT
  5
23
330
8
100
AcDbSymbolTableRecord
100
AcDbViewportTableRecord
  2
*Active
 70
0
 10
0.0
 20
0.0
 11
1.0
 21
1.0
 12
0.0
 22
0.0
 13
0.0
 23
0.0
 14
0.5
 24
0.5
 15
0.5
 25
0.5
 16
0.0
 26
0.0
 36
1.0
 17
0.0
 27
0.0
 37
0.0
 40
1000.0
 41
1.34
 42
50.0
 43
0.0
 44
0.0
 50
0.0
 51
0.0
 71
0
 72
1000
 73
1
 74
3
 75
0
 76
0
 77
0
 78
0
281
0
 65
0
146
0.0
  0
ENDTAB
  0
TABLE
  2
LTYPE
  5
2
330
0
100
AcDbSymbolTable
 70
4
  0
LTYPE
  5
24
330
2
100
AcDbSymbolTableRecord
100
AcDbLinetypeTableRecord
  2
ByBlock
 70
0
  3

 72
65
 73
0
 40
0.0
  0
LTYPE
  5
25
330
2
100
AcDbSymbolTableRecord
100
AcDbLinetypeTableRecord
  2
ByLayer
 70
0
  3

 72
65
 73
0
 40
0.0
  0
LTYPE
  5
26
330
2
100
AcDbSymbolTableRecord
100
AcDbLinetypeTableRecord
  2
Continuous
 70
0
  3

 72
65
 73
0
 40
0.0
  0
LTYPE
  5
D0
330
2
100
AcDbSymbolTableRecord
100
AcDbLinetypeTableRecord
  2
DASHED
 70
0
  3
Dashed __ __ __ __ __ __ __ __ __ __ __ __ __ _
 72
65
 73
2
 40
0.75
 49
0.5
 74
0
 49
-0.25
 74
0
  0
ENDTAB
  0
TABLE
  2
LAYER
  5
1
330
0
100
AcDbSymbolTable
 70
4
  0
LAYER
  5
27
330
1
100
AcDbSymbolTableRecord
100
AcDbLayerTableRecord
  2
0
 70
0
 62
7
  6
Continuous
370
-3
390
13
347
21
  0
LAYER
  5
28
330
1
100
AcDbSymbolTableRecord
100
AcDbLayerTableRecord
  2
Defpoints
 70
0
 62
7
  6
Continuous
290
0
370
-3
390
13
347
21
  0
LAYER
  5
CE
330
1
100
AcDbSymbolTableRecord
100
AcDbLayerTableRecord
  2
--8N-THT. FIXING HOLE
 70
0
 62
4
  6
CONTINUOUS
370
-3
390
13
347
21
  0
LAYER
  5
CF
330
1
100
AcDbSymbolTableRecord
100
AcDbLayerTableRecord
  2
--4N-THT. MCB-MCCB-ACB
 70
0
 62
124
  6
CONTINUOUS
370
-3
390
13
347
21
  0
ENDTAB
  0
TABLE
  2
STYLE
  5
5
330
0
100
AcDbSymbolTable
 70
2
  0
STYLE
  5
29
330
5
100
AcDbSymbolTableRecord
100
AcDbTextStyleTableRecord
  2
Standard
 70
0
 40
0.0
 41
1.0
 50
0.0
 71
0
 42
2.5
  3
txt
  4

  0
STYLE
  5
D1
330
5
100
AcDbSymbolTableRecord
100
AcDbTextStyleTableRecord
  2
VNI-TNR-DIM
 70
0
 40
0.0
 41
1.0
 50
0.0
 71
0
 42
500.0
  3
times.ttf
  4

  0
ENDTAB
  0
TABLE
  2
VIEW
  5
7
330
0
100
AcDbSymbolTable
 70
0
  0
ENDTAB
  0
TABLE
  2
UCS
  5
6
330
0
100
AcDbSymbolTable
 70
0
  0
ENDTAB
  0
TABLE
  2
APPID
  5
3
330
0
100
AcDbSymbolTable
 70
3
  0
APPID
  5
2A
330
3
100
AcDbSymbolTableRecord
100
AcDbRegAppTableRecord
  2
ACAD
 70
0
  0
APPID
  5
D4
330
3
100
AcDbSymbolTableRecord
100
AcDbRegAppTableRecord
  2
HATCHBACKGROUNDCOLOR
 70
0
  0
APPID
  5
D5
330
3
100
AcDbSymbolTableRecord
100
AcDbRegAppTableRecord
  2
EZDXF
 70
0
  0
ENDTAB
  0
TABLE
  2
DIMSTYLE
  5
4
330
0
100
AcDbSymbolTable
 70
1
100
AcDbDimStyleTable
  0
DIMSTYLE
105
2B
330
4
100
AcDbSymbolTableRecord
100
AcDbDimStyleTableRecord
  2
Standard
 70
0
 40
1.0
 41
2.5
 42
0.625
 43
3.75
 44
1.25
 45
0.0
 46
0.0
 47
0.0
 48
0.0
 49
2.5
140
2.5
141
2.5
142
0.0
143
0.03937007874
144
1.0
145
0.0
146
1.0
147
0.625
148
0.0
 69
0
 70
0
 71
0
 72
0
 73
0
 74
0
 75
0
 76
0
 77
1
 78
8
 79
3
170
0
171
3
172
1
173
0
174
0
175
0
176
0
177
0
178
0
179
2
271
2
272
2
273
2
274
3
275
0
276
0
277
2
278
44
279
0
280
0
281
0
282
0
283
0
284
8
285
0
286
0
288
0
289
3
290
0
371
-2
372
-2
  0
ENDTAB
  0
TABLE
  2
BLOCK_RECORD
  5
9
330
0
100
AcDbSymbolTable
 70
3
  0
BLOCK_RECORD
  5
17
330
9
100
AcDbSymbolTableRecord
100
AcDbBlockTableRecord
  2
*Model_Space
340
1A
 70
0
280
1
281
0
  0
BLOCK_RECORD
  5
1B
330
9
100
AcDbSymbolTableRecord
100
AcDbBlockTableRecord
  2
*Paper_Space
340
1E
 70
0
280
1
281
0
  0
BLOCK_RECORD
  5
2F
330
9
100
AcDbSymbolTableRecord
100
AcDbBlockTableRecord
  2
06 - N - SC INS 28901~5 4P
340
0
 70
0
280
1
281
0
  0
ENDTAB
  0
ENDSEC
  0
SECTION
  2
BLOCKS
  0
BLOCK
  5
18
330
17
100
AcDbEntity
  8
0
100
AcDbBlockBegin
  2
*Model_Space
 70
0
 10
0.0
 20
0.0
 30
0.0
  3
*Model_Space
  1

  0
ENDBLK
  5
19
330
17
100
AcDbEntity
  8
0
100
AcDbBlockEnd
  0
BLOCK
  5
1C
330
1B
100
AcDbEntity
  8
0
100
AcDbBlockBegin
  2
*Paper_Space
 70
0
 10
0.0
 20
0.0
 30
0.0
  3
*Paper_Space
  1

  0
ENDBLK
  5
1D
330
1B
100
AcDbEntity
  8
0
100
AcDbBlockEnd
  0
BLOCK
  5
30
330
2F
100
AcDbEntity
  8
0
100
AcDbBlockBegin
  2
06 - N - SC INS 28901~5 4P
 70
2
 10
0.0
 20
0.0
 30
0.0
  3
06 - N - SC INS 28901~5 4P
  1

  0
LWPOLYLINE
  5
32
330
2F
100
AcDbEntity
  8
--4N-THT. MCB-MCCB-ACB
 62
1
100
AcDbPolyline
 90
4
 70
1
 10
-45.00112037955251
 20
22.50089626702356
 10
-45.00112037955251
 20
-22.49910373297462
 10
45.00067219917265
 20
-22.49910369724966
 10
45.00067219917265
 20
22.50089630275033
  0
LWPOLYLINE
  5
33
330
2F
100
AcDbEntity
  8
--4N-THT. MCB-MCCB-ACB
100
AcDbPolyline
 90
2
 70
0
 10
-45.00047999689332
 20
-27.6507957153499
 10
-40.33439757995574
 20
-27.65070277843916
  0
LWPOLYLINE
  5
34
330
2F
100
AcDbEntity
  8
--4N-THT. MCB-MCCB-ACB
100
AcDbPolyline
 90
51
 70
0
 10
-22.33332203986128
 20
-27.6503442412759
 10
-22.19350511248694
 20
-27.43881716702527
 10
-22.04651779880578
 20
-27.23087510740516
 10
-21.88877486996852
 20
-27.03010314845779
 10
-21.72386148342547
 20
-26.83650136158759
 10
-21.55177763916935
 20
-26.65006974679637
 10
-21.37610856606397
 20
-26.46722321804374
 10
-21.18609864894597
 20
-26.29513187600061
 10
-20.99608858901547
 20
-26.13021084885259
 10
-20.79532291392888
 20
-25.97245992237368
 10
-20.5873867811365
 20
-25.82187916797558
 10
-20.3758652766678
 20
-25.68205381450936
 10
-20.15717331450059
 20
-25.5493986331203
 10
-19.93489598065707
 20
-25.42749885266495
 10
-19.70903334655076
 20
-25.31276931569483
 10
-19.47600018333241
 20
-25.20879510825035
 10
-19.23938171985127
 20
-25.11199114429292
 10
-18.9991778847011
 20
-25.02594258126738
 10
-18.75897383532491
 20
-24.95064949058179
 10
-18.51159925683668
 20
-24.88611172942184
 10
-18.26422453552867
 20
-24.82874428315336
 10
-18.01326444255163
 20
-24.78213223782042
 10
-17.76230413535585
 20
-24.7462756648256
 10
-17.50775845649104
 20
-24.72117449276448
 10
-17.2532125634002
 20
-24.70682879304332
 10
-16.99866652749687
 20
-24.69965340821728
 10
-16.74412020596855
 20
-24.70681865317602
 10
-16.48957374162045
 20
-24.72115421302806
 10
-16.23861222048935
 20
-24.74624531662995
 10
-15.98406532769649
 20
-24.78209182116371
 10
-15.73668853557819
 20
-24.82869394085174
 10
-15.48931152923386
 20
-24.88605153288155
 10
-15.24193438006977
 20
-24.95057943980283
 10
-14.99814217412994
 20
-25.02586289047395
 10
-14.75793491142166
 20
-25.11190188489127
 10
-14.52131259193037
 20
-25.20869642305662
 10
-14.29186044452716
 20
-25.31266141893139
 10
-14.06240808289066
 20
-25.42738188714612
 10
-13.84012589333496
 20
-25.54927281306846
 10
-13.62501380445382
 20
-25.68191935414689
 10
-13.40990157276018
 20
-25.82173621011862
 10
-13.20554459917684
 20
-25.97230875265269
 10
-13.00477264023129
 20
-26.13005168148812
 10
-12.81117085335926
 20
-26.29496506803299
 10
-12.62473923856805
 20
-26.46704891228547
 10
-12.44547772444411
 20
-26.64988837169222
 10
-12.2733864538145
 20
-26.83631313136176
 10
-12.10846535525842
 20
-27.02990834874073
 10
-11.95071442877587
 20
-27.23067402382731
 10
-11.80371883182442
 20
-27.43861022802958
 10
-11.66389347836001
 20
-27.65013173249464
  0
LWPOLYLINE
  5
35
330
2F
100
AcDbEntity
  8
--4N-THT. MCB-MCCB-ACB
100
AcDbPolyline
 90
51
 70
0
 10
13.66524388287735
 20
-27.64962723835925
 10
13.80506081025897
 20
-27.43810016410863
 10
13.95204812393286
 20
-27.23015810448852
 10
14.10979105277011
 20
-27.02938614554115
 10
14.27470443931316
 20
-26.83578435867094
 10
14.44678828356928
 20
-26.64935274387973
 10
14.62245735667466
 20
-26.46650621512709
 10
14.81246727379267
 20
-26.29441487308396
 10
15.00606249116618
 20
-26.12949377452788
 10
15.20324300880975
 20
-25.97174291945704
 10
15.41117914160214
 20
-25.82116216505893
 10
15.62270064607083
 20
-25.68133681159089
 10
15.84139260824532
 20
-25.54868163020366
 10
16.06366994208157
 20
-25.42678184974831
 10
16.28953257618787
 20
-25.31205231277819
 10
16.52256573940622
 20
-25.20807810533371
 10
16.75918420288736
 20
-25.11127414137628
 10
16.9993880380448
 20
-25.02522557835074
 10
17.243177244864
 20
-24.94993241625708
 10
17.48696666590923
 20
-24.88539472650337
 10
17.73434138720996
 20
-24.82802728023672
 10
17.985301480187
 20
-24.78141523490377
 10
18.23626178738278
 20
-24.74555866190895
 10
18.49080746624759
 20
-24.72045748984784
 10
18.74535335933843
 20
-24.70611179012668
 10
18.99989939524176
 20
-24.69893640530063
 10
19.25444571677008
 20
-24.70610165025938
 10
19.50899218112546
 20
-24.72043721011142
 10
19.75995370224928
 20
-24.7455283137133
 10
20.01450059504215
 20
-24.78137481824707
 10
20.26546254461074
 20
-24.82797686652703
 10
20.51283955095506
 20
-24.88533445855683
 10
20.75663154266886
 20
-24.94986243688618
 10
21.00042374860869
 20
-25.02514588755731
 10
21.24063101131697
 20
-25.11118488197463
 10
21.47725333080826
 20
-25.20797942013997
 10
21.70670547821874
 20
-25.31194441601475
 10
21.93615783984797
 20
-25.42666488422947
 10
22.15844002940367
 20
-25.54855581015182
 10
22.3771372757351
 20
-25.68120227982218
 10
22.58866434998573
 20
-25.82101920720198
 10
22.7930213235618
 20
-25.97159174973604
 10
22.99379328251462
 20
-26.12933467857148
 10
23.18739506937937
 20
-26.29424806511635
 10
23.37382668417059
 20
-26.46633190936883
 10
23.55308819829453
 20
-26.64917136877558
 10
23.72517946893141
 20
-26.83559612844511
 10
23.89010056748749
 20
-27.02919134582408
 10
24.04785149396276
 20
-27.22995702091067
 10
24.19484709091422
 20
-27.43789322511294
 10
24.33467244437862
 20
-27.64941472957799
  0
LWPOLYLINE
  5
36
330
2F
100
AcDbEntity
  8
--4N-THT. MCB-MCCB-ACB
100
AcDbPolyline
 90
19
 70
0
 10
-33.07809167790901
 20
-25.00112689647359
 10
-32.99563248537515
 20
-25.02980651367398
 10
-32.74466967890975
 20
-25.11943045131739
 10
-32.50087697312619
 20
-25.21981000411507
 10
-32.26066928196587
 20
-25.32735994321229
 10
-32.02404646262357
 20
-25.44925058350601
 10
-31.79100865791906
 20
-25.57831161009927
 10
-31.56872611132484
 20
-25.71812832325669
 10
-31.35002857936842
 20
-25.86511542271365
 10
-31.13491599062899
 20
-26.02285806591864
 10
-30.93055866001441
 20
-26.19135639568777
 10
-30.73337150147335
 20
-26.36702518316452
 10
-30.53976935756281
 20
-26.54986435694083
 10
-30.35692254318337
 20
-26.73987405983645
 10
-30.18483098692149
 20
-26.94063944929258
 10
-30.01632451668911
 20
-27.14499006760344
 10
-29.85857337599508
 20
-27.35651121502998
 10
-29.71157749341136
 20
-27.57878804901885
 10
-29.66496901845448
 20
-27.65049026965608
  0
LWPOLYLINE
  5
37
330
2F
100
AcDbEntity
  8
--4N-THT. MCB-MCCB-ACB
100
AcDbPolyline
 90
19
 70
0
 10
-22.33332203986128
 20
-27.6503442412759
 10
-22.28671642120525
 20
-27.57864016404347
 10
-22.13972939315635
 20
-27.35635747463676
 10
-21.98198667854512
 20
-27.14483004334944
 10
-21.8134883487778
 20
-26.94047271273122
 10
-21.63781963270366
 20
-26.73970039674533
 10
-21.45856554496776
 20
-26.54968348169133
 10
-21.26497068462549
 20
-26.36683659590199
 10
-21.06779052402043
 20
-26.1911599535979
 10
-20.85985474826657
 20
-26.02265341196472
 10
-20.64833360083639
 20
-25.86490227126343
 10
-20.42964192429417
 20
-25.71790646008959
 10
-20.20377979004615
 20
-25.57808082099292
 10
-19.97433228412182
 20
-25.44901058282813
 10
-19.7377143204917
 20
-25.32711051674233
 10
-19.49751091378629
 20
-25.21955100903689
 10
-19.2537222068181
 20
-25.11916174481668
 10
-19.00276297073787
 20
-25.02952781012028
 10
-18.9203049207258
 20
-25.00084490817427
  0
LWPOLYLINE
  5
38
330
2F
100
AcDbEntity
  8
--4N-THT. MCB-MCCB-ACB
100
AcDbPolyline
 90
19
 70
0
 10
-15.07701613781454
 20
-25.00076835931214
 10
-14.99455694528068
 20
-25.02944797651254
 10
-14.74717929626558
 20
-25.11907198556219
 10
-14.49980143303173
 20
-25.2194514669518
 10
-14.2595937418714
 20
-25.32700140605085
 10
-14.0229709225291
 20
-25.44889204634274
 10
-13.79351827526761
 20
-25.57795314434407
 10
-13.56765057123038
 20
-25.71776978609342
 10
-13.34895303927396
 20
-25.8647568855522
 10
-13.13742560798482
 20
-26.02249960016525
 10
-12.92948311991994
 20
-26.1909978585245
 10
-12.73229596137889
 20
-26.36666664600126
 10
-12.54227897491864
 20
-26.54950589118744
 10
-12.35943216053919
 20
-26.73951559408125
 10
-12.18375544682703
 20
-26.94028091212932
 10
-12.01883413404493
 20
-27.14463160184824
 10
-11.86108299334363
 20
-27.35615274927478
 10
-11.7105019533169
 20
-27.5784295118574
 10
-11.66389347836001
 20
-27.65013173249464
  0
LWPOLYLINE
  5
39
330
2F
100
AcDbEntity
  8
--4N-THT. MCB-MCCB-ACB
100
AcDbPolyline
 90
2
 70
0
 10
-11.66389347836001
 20
-27.65013173249464
 10
-4.335831657217106
 20
-27.64998577552252
  0
LWPOLYLINE
  5
3A
330
2F
100
AcDbEntity
  8
--4N-THT. MCB-MCCB-ACB
100
AcDbPolyline
 90
19
 70
0
 10
2.920474244829627
 20
-25.00040989355694
 10
3.006518594813776
 20
-25.02908943935109
 10
3.253896243828883
 20
-25.11871344840075
 10
3.497688949619721
 20
-25.21909300119661
 10
3.737896640772767
 20
-25.32664294029565
 10
3.974519460115068
 20
-25.44853358058936
 10
4.207557264826853
 20
-25.57759460718262
 10
4.43342496886408
 20
-25.71741124893197
 10
4.652122500820503
 20
-25.86439834838894
 10
4.863649932109645
 20
-26.02214106300199
 10
5.068007262724229
 20
-26.19063939277113
 10
5.265194421265285
 20
-26.36630818024788
 10
5.458796565175823
 20
-26.54914735402418
 10
5.641643379555269
 20
-26.73915705691798
 10
5.817320093267433
 20
-26.93992237496787
 10
5.982241406049531
 20
-27.14427306468679
 10
6.139992546750825
 20
-27.35579421211333
 10
6.286988429327273
 20
-27.57807104610221
 10
6.333596904291432
 20
-27.64977326673944
  0
LWPOLYLINE
  5
3B
330
2F
100
AcDbEntity
  8
--4N-THT. MCB-MCCB-ACB
100
AcDbPolyline
 90
17
 70
0
 10
-18.9203049207258
 20
-25.00084490817427
 10
-18.61915340897894
 20
-24.91479513122068
 10
-18.39328963235083
 20
-24.85742811339879
 10
-18.16384048406098
 20
-24.81081649651061
 10
-17.93439119295134
 20
-24.7713751945139
 10
-17.70135660157893
 20
-24.73910413600425
 10
-17.46832179598777
 20
-24.71758854983637
 10
-17.2317016187203
 20
-24.70682836459856
 10
-16.99866652749687
 20
-24.69965340821728
 10
-16.76563115064845
 20
-24.70681908162079
 10
-16.53259570238651
 20
-24.71756991247276
 10
-16.29956003990582
 20
-24.73907621566469
 10
-16.06652416319911
 20
-24.77133799119657
 10
-15.83348814367263
 20
-24.81077008162175
 10
-15.60762229623423
 20
-24.85737262975455
 10
-15.37817107711952
 20
-24.91473057882104
 10
-15.07701613781454
 20
-25.00076835931214
  0
LWPOLYLINE
  5
3C
330
2F
100
AcDbEntity
  8
--4N-THT. MCB-MCCB-ACB
100
AcDbPolyline
 90
51
 70
0
 10
-40.33439757995574
 20
-27.65070277843916
 10
-40.19458065257413
 20
-27.43917570418672
 10
-40.04759333890024
 20
-27.23123364456843
 10
-39.88985041006298
 20
-27.03046168561924
 10
-39.72493702351993
 20
-26.83685989874903
 10
-39.55285317926382
 20
-26.65042828395782
 10
-39.37359894870814
 20
-26.46758168379893
 10
-39.18717418904043
 20
-26.29549041316387
 10
-38.99357897166691
 20
-26.13056931460779
 10
-38.79281329658033
 20
-25.97281838812888
 10
-38.58846232123095
 20
-25.82223770513702
 10
-38.37694081676227
 20
-25.6824123516708
 10
-38.15824885458777
 20
-25.54975717028174
 10
-37.93597152075153
 20
-25.42785738982639
 10
-37.70652372919494
 20
-25.31312778145003
 10
-37.47707572342687
 20
-25.20915364541362
 10
-37.24045725994574
 20
-25.11234968145437
 10
-37.00025342478829
 20
-25.02630111842883
 10
-36.75646421796909
 20
-24.95100795633517
 10
-36.51267479693114
 20
-24.88647026658328
 10
-36.26171491817285
 20
-24.82910274890856
 10
-36.0143399826461
 20
-24.78249077498186
 10
-35.7597945180073
 20
-24.7466341305808
 10
-35.5088339965855
 20
-24.72153302992775
 10
-35.25428810349467
 20
-24.70718733020659
 10
-34.99974206759134
 20
-24.70001194537873
 10
-34.74519574606301
 20
-24.70717719033747
 10
-34.49064928170764
 20
-24.72151275019133
 10
-34.2361026031408
 20
-24.74660378238514
 10
-33.98514086779095
 20
-24.78245035832516
 10
-33.73417891822236
 20
-24.82905240660694
 10
-33.48680191187804
 20
-24.88640999863493
 10
-33.23942476271394
 20
-24.95093790555803
 10
-32.9956325567814
 20
-25.02622135622733
 10
-32.75901045151613
 20
-25.11226042205272
 10
-32.52238813202484
 20
-25.20905496021988
 10
-32.28935082717134
 20
-25.31301988468659
 10
-32.06348362298513
 20
-25.42774042430757
 10
-31.84120143342943
 20
-25.54963135022991
 10
-31.62250418709799
 20
-25.68227781990209
 10
-31.41097711284737
 20
-25.82209474728007
 10
-31.20303498182102
 20
-25.97266721840789
 10
-31.00584818031848
 20
-26.13041021865138
 10
-30.80866123600344
 20
-26.29532353378637
 10
-30.62222962121222
 20
-26.46740737803885
 10
-30.44296810709556
 20
-26.65024683744742
 10
-30.27087683645868
 20
-26.83667159711696
 10
-30.1059557379026
 20
-27.03026681449593
 10
-29.95178996887034
 20
-27.23103256098876
 10
-29.80479437191888
 20
-27.43896876519285
 10
-29.66496901845448
 20
-27.65049026965608
  0
LWPOLYLINE
  5
3D
330
2F
100
AcDbEntity
  8
--4N-THT. MCB-MCCB-ACB
100
AcDbPolyline
 90
19
 70
0
 10
-36.92138046081299
 20
-25.00120344533571
 10
-36.84609258288173
 20
-24.97969100109731
 10
-36.62022894906613
 20
-24.91515366838213
 10
-36.39078001499501
 20
-24.85778657915399
 10
-36.16133086670515
 20
-24.81117496226398
 10
-35.93188157559552
 20
-24.7717336602691
 10
-35.6988469842231
 20
-24.73946260175945
 10
-35.46581217863194
 20
-24.71794701558975
 10
-35.23277715881476
 20
-24.70718690176183
 10
-34.99974206759134
 20
-24.70001194537873
 10
-34.76670669074291
 20
-24.70717761878405
 10
-34.53008608503068
 20
-24.71792837822796
 10
-34.29705042255
 20
-24.73943468141807
 10
-34.06401454584329
 20
-24.77169645694995
 10
-33.83456368376709
 20
-24.81112861878319
 10
-33.60511267887841
 20
-24.85773109550974
 10
-33.37924661721399
 20
-24.91508911598431
 10
-33.15338041273707
 20
-24.97961745135036
 10
-33.07809167790901
 20
-25.00112689647359
  0
LWPOLYLINE
  5
3E
330
2F
100
AcDbEntity
  8
--4N-THT. MCB-MCCB-ACB
100
AcDbPolyline
 90
19
 70
0
 10
-40.33439757995574
 20
-27.65070277843916
 10
-40.28779196129971
 20
-27.57899870120674
 10
-40.13721977580052
 20
-27.35671594039196
 10
-39.9794770611893
 20
-27.14518850910282
 10
-39.81456388886499
 20
-26.94083124989266
 10
-39.63889517279812
 20
-26.74005893390678
 10
-39.45605592761193
 20
-26.55004194744652
 10
-39.26604622471995
 20
-26.36719513306344
 10
-39.06886606411489
 20
-26.19151849075934
 10
-38.86093028836103
 20
-26.02301194912616
 10
-38.64940914093085
 20
-25.86526080842669
 10
-38.43071746438863
 20
-25.71826499725104
 10
-38.20485533014061
 20
-25.57843935815436
 10
-37.97540782421628
 20
-25.44936911998958
 10
-37.73878986058616
 20
-25.32746905390378
 10
-37.49858645388076
 20
-25.21990954619833
 10
-37.25121258946956
 20
-25.11952021057005
 10
-37.00383851083233
 20
-25.02988634728354
 10
-36.92138046081299
 20
-25.00120344533571
  0
LWPOLYLINE
  5
3F
330
2F
100
AcDbEntity
  8
--4N-THT. MCB-MCCB-ACB
100
AcDbPolyline
 90
2
 70
0
 10
-29.66496901845448
 20
-27.65049026965608
 10
-22.33332203986128
 20
-27.6503442412759
  0
LWPOLYLINE
  5
40
330
2F
100
AcDbEntity
  8
--4N-THT. MCB-MCCB-ACB
100
AcDbPolyline
 90
51
 70
0
 10
-4.335831657217106
 20
-27.64998577552252
 10
-4.196014729835489
 20
-27.43845870127007
 10
-4.049027416154324
 20
-27.23051664165178
 10
-3.891284487324348
 20
-27.02974468270259
 10
-3.726371100774024
 20
-26.83614289583239
 10
-3.554287256525178
 20
-26.64971128104117
 10
-3.375033025969507
 20
-26.46686468088047
 10
-3.188608266301791
 20
-26.29477341024723
 10
-2.995013048921002
 20
-26.12985231168933
 10
-2.794247373834416
 20
-25.97210138521223
 10
-2.589896398485045
 20
-25.82152070222038
 10
-2.374789736580616
 20
-25.68169527734609
 10
-2.15968293184914
 20
-25.5490401673651
 10
-1.937405598005618
 20
-25.42714038690975
 10
-1.707957806456299
 20
-25.31241077853338
 10
-1.474924643237947
 20
-25.20843657108891
 10
-1.241891337199824
 20
-25.11163267853773
 10
-1.001687502049655
 20
-25.02558411551218
 10
-0.7578982952304543
 20
-24.95029095341852
 10
-0.5105237167422203
 20
-24.88575319225857
 10
-0.2631489954342143
 20
-24.82838574599192
 10
-0.0121889024644517
 20
-24.78177370065715
 10
0.238771404731331
 20
-24.74591712766415
 10
0.4933170836034222
 20
-24.72081595560304
 10
0.744277819243969
 20
-24.70647032728994
 10
0.9988238551473003
 20
-24.69929494246208
 10
1.253370176682899
 20
-24.70646018742082
 10
1.507916641030995
 20
-24.72079574727469
 10
1.762463319597834
 20
-24.74588677946668
 10
2.013425054947681
 20
-24.78173335540851
 10
2.264387004516272
 20
-24.8283354036903
 10
2.511764010860595
 20
-24.88569299571828
 10
2.75914116002469
 20
-24.95022090264138
 10
3.00293336595724
 20
-25.02550435331069
 10
3.239555471222509
 20
-25.11154341913608
 10
3.476177790713798
 20
-25.20833795730324
 10
3.709215095567294
 20
-25.31230288176813
 10
3.93508229975351
 20
-25.42702342139092
 10
4.157364489309209
 20
-25.54891434731326
 10
4.376061735640639
 20
-25.68156081698545
 10
4.587588809891265
 20
-25.82137774436342
 10
4.795530940917622
 20
-25.97195021549124
 10
4.996302899863174
 20
-26.12969314432667
 10
5.189904686735197
 20
-26.29460653086972
 10
5.376336301526414
 20
-26.46669037512221
 10
5.555597815650351
 20
-26.64952983453078
 10
5.727689086279958
 20
-26.83595459420031
 10
5.892610184836037
 20
-27.02954981157928
 10
6.046775953868298
 20
-27.23031555807212
 10
6.193771550819754
 20
-27.4382517622762
 10
6.333596904291432
 20
-27.64977326673944
  0
LWPOLYLINE
  5
41
330
2F
100
AcDbEntity
  8
--4N-THT. MCB-MCCB-ACB
100
AcDbPolyline
 90
18
 70
0
 10
-0.9228145380743555
 20
-25.00048644241907
 10
-0.6216630263274894
 20
-24.91443666546548
 10
-0.3922140922563741
 20
-24.85706957623734
 10
-0.1627649439665149
 20
-24.81045795934734
 10
0.0666843471431165
 20
-24.77101665735246
 10
0.2997189385155323
 20
-24.73874559884281
 10
0.5327537441066923
 20
-24.71723001267311
 10
0.7657887639238723
 20
-24.70646989884336
 10
0.9988238551473003
 20
-24.69929494246208
 10
1.235444389446008
 20
-24.70646054445934
 10
1.468479837707953
 20
-24.71721137531132
 10
1.701515500188641
 20
-24.73871767850142
 10
1.934551376895349
 20
-24.7709794540333
 10
2.164002238971541
 20
-24.81041161586655
 10
2.393453243860228
 20
-24.8570140925931
 10
2.619319305524648
 20
-24.91437211306767
 10
2.845185510008839
 20
-24.97890044843372
 10
2.920474244829627
 20
-25.00040989355694
  0
LWPOLYLINE
  5
42
330
2F
100
AcDbEntity
  8
--4N-THT. MCB-MCCB-ACB
100
AcDbPolyline
 90
19
 70
0
 10
-4.335831657217106
 20
-27.64998577552252
 10
-4.285640881110786
 20
-27.57828162688202
 10
-4.138653853061889
 20
-27.35599893747532
 10
-3.980911138450657
 20
-27.14447150618617
 10
-3.815997966126353
 20
-26.94011424697602
 10
-3.640329250059487
 20
-26.73934193099013
 10
-3.457490004873299
 20
-26.54932494452988
 10
-3.267480301981315
 20
-26.36647813014679
 10
-3.066714983933245
 20
-26.19080141643463
 10
-2.86236436562239
 20
-26.02229494620952
 10
-2.650843218192214
 20
-25.86454380551005
 10
-2.432151541649993
 20
-25.71754799433439
 10
-2.206289407401975
 20
-25.57772235523772
 10
-1.976841901477648
 20
-25.44865211707293
 10
-1.740223937847524
 20
-25.32675205098713
 10
-1.500020531142119
 20
-25.21919254328169
 10
-1.252646666730917
 20
-25.11880320765341
 10
-1.005272588093696
 20
-25.0291693443669
 10
-0.9228145380743555
 20
-25.00048644241907
  0
LWPOLYLINE
  5
43
330
2F
100
AcDbEntity
  8
--4N-THT. MCB-MCCB-ACB
100
AcDbPolyline
 90
2
 70
0
 10
6.333596904291432
 20
-27.64977326673944
 10
13.66524388287735
 20
-27.64962723835925
  0
LWPOLYLINE
  5
44
330
2F
100
AcDbEntity
  8
--4N-THT. MCB-MCCB-ACB
100
AcDbPolyline
 90
2
 70
0
 10
24.33467244437862
 20
-27.64941472957799
 10
42.99900211212162
 20
-27.64904298202419
  0
LWPOLYLINE
  5
45
330
2F
100
AcDbEntity
  8
--4N-THT. MCB-MCCB-ACB
100
AcDbPolyline
 90
2
 70
0
 10
42.99900211212162
 20
-27.64904298202419
 10
42.99900311183092
 20
-27.69923518627912
  0
LWPOLYLINE
  5
46
330
2F
100
AcDbEntity
  8
--4N-THT. MCB-MCCB-ACB
100
AcDbPolyline
 90
2
 70
0
 10
13.9986187529089
 20
-25.40172687835366
 10
24.00120802931861
 20
-25.40152765136919
  0
LWPOLYLINE
  5
47
330
2F
100
AcDbEntity
  8
--4N-THT. MCB-MCCB-ACB
100
AcDbPolyline
 90
2
 70
0
 10
13.99891944998172
 20
-40.49882488658478
 10
13.9986187529089
 20
-25.40172687835366
  0
LWPOLYLINE
  5
48
330
2F
100
AcDbEntity
  8
--4N-THT. MCB-MCCB-ACB
100
AcDbPolyline
 90
2
 70
0
 10
-3.998871629735269
 20
-25.40208534410704
 10
6.000132489224149
 20
-25.40188618853245
  0
LWPOLYLINE
  5
49
330
2F
100
AcDbEntity
  8
--4N-THT. MCB-MCCB-ACB
100
AcDbPolyline
 90
2
 70
0
 10
-39.99743755248118
 20
-25.40280234702369
 10
-29.99843343351449
 20
-25.4026031914491
  0
LWPOLYLINE
  5
4A
330
2F
100
AcDbEntity
  8
--4N-THT. MCB-MCCB-ACB
100
AcDbPolyline
 90
2
 70
0
 10
24.00150872639143
 20
-40.49862565960212
 10
24.00120802931861
 20
-25.40152765136919
  0
LWPOLYLINE
  5
4B
330
2F
100
AcDbEntity
  8
--4N-THT. MCB-MCCB-ACB
100
AcDbPolyline
 90
2
 70
0
 10
-3.998570932669728
 20
-40.49918335233997
 10
-3.998871629735269
 20
-25.40208534410704
  0
LWPOLYLINE
  5
4C
330
2F
100
AcDbEntity
  8
--4N-THT. MCB-MCCB-ACB
100
AcDbPolyline
 90
2
 70
0
 10
6.000433186296966
 20
-40.49898419676356
 10
6.000132489224149
 20
-25.40188618853245
  0
LWPOLYLINE
  5
4D
330
2F
100
AcDbEntity
  8
--4N-THT. MCB-MCCB-ACB
100
AcDbPolyline
 90
2
 70
0
 10
-12.00064235379749
 20
-40.49934273392501
 10
-12.00094305087031
 20
-25.4022447256939
  0
LWPOLYLINE
  5
4E
330
2F
100
AcDbEntity
  8
--4N-THT. MCB-MCCB-ACB
100
AcDbPolyline
 90
2
 70
0
 10
-21.99994716982973
 20
-25.40244388127031
 10
-12.00094305087031
 20
-25.4022447256939
  0
LWPOLYLINE
  5
4F
330
2F
100
AcDbEntity
  8
--4N-THT. MCB-MCCB-ACB
100
AcDbPolyline
 90
2
 70
0
 10
-29.99813273644167
 20
-40.49970119968021
 10
-29.99843343351449
 20
-25.4026031914491
  0
LWPOLYLINE
  5
50
330
2F
100
AcDbEntity
  8
--4N-THT. MCB-MCCB-ACB
100
AcDbPolyline
 90
2
 70
0
 10
-39.99713685540836
 20
-40.49990035525662
 10
-39.99743755248118
 20
-25.40280234702369
  0
LWPOLYLINE
  5
51
330
2F
100
AcDbEntity
  8
--4N-THT. MCB-MCCB-ACB
100
AcDbPolyline
 90
2
 70
0
 10
44.99977592766163
 20
40.49999999552529
 10
44.99977589195851
 20
-40.49820742575139
  0
LWPOLYLINE
  5
52
330
2F
100
AcDbEntity
  8
--4N-THT. MCB-MCCB-ACB
100
AcDbPolyline
 90
2
 70
0
 10
-45.0010208017643
 20
17.50139420754021
 10
-29.00046311695177
 20
17.5017128993295
  0
LWPOLYLINE
  5
53
330
2F
100
AcDbEntity
  8
--4N-THT. MCB-MCCB-ACB
100
AcDbPolyline
 90
2
 70
0
 10
-42.00019421209571
 20
15.00080665655696
 10
-29.00041331020611
 20
15.00106558022707
  0
LWPOLYLINE
  5
54
330
2F
100
AcDbEntity
  8
--4N-THT. MCB-MCCB-ACB
100
AcDbPolyline
 90
2
 70
0
 10
-29.00041331020611
 20
15.00106558022707
 10
-28.99940746385754
 20
27.50053778542679
  0
LWPOLYLINE
  5
55
330
2F
100
AcDbEntity
  8
--4N-THT. MCB-MCCB-ACB
100
AcDbPolyline
 90
2
 70
0
 10
25.99764473050028
 20
17.50101574767905
 10
44.9989791982357
 20
17.50139420754021
  0
LWPOLYLINE
  5
56
330
2F
100
AcDbEntity
  8
--4N-THT. MCB-MCCB-ACB
100
AcDbPolyline
 90
2
 70
0
 10
-22.98550036103324
 20
-43.73337354353135
 10
-22.98908551847625
 20
-43.73337361493941
  0
LWPOLYLINE
  5
57
330
2F
100
AcDbEntity
  8
--4N-THT. MCB-MCCB-ACB
100
AcDbPolyline
 90
51
 70
0
 10
-21.74863860815594
 20
-42.85140017603771
 10
-21.93147842459938
 20
-43.01273590292477
 10
-22.12148869875591
 20
-43.16690145773282
 10
-22.31508427316793
 20
-43.31389676905565
 10
-22.51585037669928
 20
-43.45013675085284
 10
-22.72378686653746
 20
-43.58279171801951
 10
-22.93530872803739
 20
-43.70469128425248
 10
-23.15041588980011
 20
-43.8194206069984
 10
-23.36910835182561
 20
-43.9269796862609
 10
-23.59497134297043
 20
-44.02378343599594
 10
-23.82083447692775
 20
-44.11341687083768
 10
-24.0502829825541
 20
-44.19229490474754
 10
-24.28331678843596
 20
-44.26400269517217
 10
-24.51993596599413
 20
-44.32495508466309
 10
-24.76014044381508
 20
-44.37873723066878
 10
-25.00034513585478
 20
-44.4217639043327
 10
-25.2405500421205
 20
-44.45403510565666
 10
-25.484340248649
 20
-44.4791360634954
 10
-25.72813066939624
 20
-44.49348154899417
 10
-25.97192123295599
 20
-44.50065671959965
 10
-26.21571201074175
 20
-44.49707641786336
 10
-26.45950300275353
 20
-44.48274064378893
 10
-26.70329413757781
 20
-44.46123455481939
 10
-26.94350032917782
 20
-44.42897292210182
 10
-27.18370666359032
 20
-44.38954097449278
 10
-27.4239132836351
 20
-44.33576839709531
 10
-27.6605348176431
 20
-44.27841059084313
 10
-27.89715663727611
 20
-44.20671215480434
 10
-28.12660821342205
 20
-44.13142841850459
 10
-28.35606000379402
 20
-44.04538920986488
 10
-28.57834169349871
 20
-43.9485943860691
 10
-28.80062352601589
 20
-43.84462924738
 10
-29.01573525785852
 20
-43.72990849353483
 10
-29.22726190366438
 20
-43.61160251083675
 10
-29.43520367765222
 20
-43.47895582694219
 10
-29.63597520816028
 20
-43.34272384278848
 10
-29.83316172403056
 20
-43.19932147233158
 10
-30.02317813923355
 20
-43.04516348672041
 10
-30.20960946839249
 20
-42.88742027225453
 10
-30.38887062547792
 20
-42.72250660008103
 10
-30.56096168188878
 20
-42.54683731275146
 10
-30.72588249481259
 20
-42.3675827251609
 10
-30.88363313566287
 20
-42.18115767986092
 10
-31.03421360443235
 20
-41.9875621768515
 10
-31.17762382971477
 20
-41.79038137358293
 10
-31.31027872547337
 20
-41.58603004119687
 10
-31.43934853518794
 20
-41.37809347995609
 10
-31.55766294397972
 20
-41.16657154704626
 10
-31.66880718068341
 20
-40.94787915642883
 10
-31.76919601645704
 20
-40.72560139414054
 10
-31.8659997661939
 20
-40.49973840299936
  0
LWPOLYLINE
  5
58
330
2F
100
AcDbEntity
  8
--4N-THT. MCB-MCCB-ACB
100
AcDbPolyline
 90
2
 70
0
 10
-28.99761484942928
 20
27.49874524240659
 10
25.9987003835945
 20
27.49984063377634
  0
LWPOLYLINE
  5
59
330
2F
100
AcDbEntity
  8
--4N-THT. MCB-MCCB-ACB
100
AcDbPolyline
 90
2
 70
0
 10
25.9987003835945
 20
27.49984063377634
 10
25.99764473050028
 20
17.50101574767905
  0
LWPOLYLINE
  5
5A
330
2F
100
AcDbEntity
  8
--4N-THT. MCB-MCCB-ACB
100
AcDbPolyline
 90
2
 70
0
 10
-45.00022407233838
 20
-40.50000000447472
 10
44.99977589195851
 20
-40.49820742575139
  0
LWPOLYLINE
  5
5B
330
2F
100
AcDbEntity
  8
--4N-THT. MCB-MCCB-ACB
100
AcDbPolyline
 90
51
 70
0
 10
4.136151349690869
 20
40.49918609260203
 10
4.250870818201754
 20
40.77883065848801
 10
4.383516216762025
 20
41.0513052665192
 10
4.523332073028093
 20
41.3166097024714
 10
4.681073859343548
 20
41.57474418056882
 10
4.845986103364801
 20
41.82570848658543
 10
5.02882427743544
 20
42.06950283474726
 10
5.2188329806254
 20
42.30254185338527
 10
5.419597370377694
 20
42.52482561390389
 10
5.631117375286073
 20
42.73993927375159
 10
5.853393066749511
 20
42.94429767548354
 10
6.086424444782558
 20
43.13790081909611
 10
6.326626423341174
 20
43.31716347573638
 10
6.5775840170486
 20
43.48925603170756
 10
6.832127053838583
 20
43.64700802929838
 10
7.097425848597147
 20
43.79041961132316
 10
7.369895172475033
 20
43.92307586382413
 10
7.645949939420923
 20
44.04139155794656
 10
7.92917523549341
 20
44.14895192254335
 10
8.215985974633902
 20
44.24217172875979
 10
8.50638215685695
 20
44.3210509765977
 10
8.80036378215528
 20
44.38558966605524
 10
9.09793085052889
 20
44.43578779713425
 10
9.39908336197778
 20
44.47164536983292
 10
9.700236159058939
 20
44.49316231274497
 10
10.00138924177236
 20
44.50033862587043
 10
10.30254261011078
 20
44.49317430920928
 10
10.60369626408147
 20
44.47166936275972
 10
10.90126504623413
 20
44.43582371511729
 10
11.19883411401907
 20
44.38563743768646
 10
11.49281830999326
 20
44.32111045906277
 10
11.78321763414215
 20
44.24224277924259
 10
12.07361724392331
 20
44.14903446963763
 10
12.35326166699315
 20
44.04148531602187
 10
12.63290630428901
 20
43.92318069006615
 10
12.90179575487355
 20
43.79053522009964
 10
13.16710026223382
 20
43.64713420638691
 10
13.42523474033306
 20
43.48939242007146
 10
13.6726140317137
 20
43.31730978974702
 10
13.91282315102081
 20
43.13805670171315
 10
14.14586224106688
 20
42.94446284107835
 10
14.36814607299539
 20
42.74011329388122
 10
14.57967464680633
 20
42.52500806011995
 10
14.78044789108617
 20
42.30273229724299
 10
14.97405103469874
 20
42.06970091920994
 10
15.15331376275072
 20
41.82591378320831
 10
15.32182116127161
 20
41.57495611808918
 10
15.47598807282566
 20
41.31682785244811
 10
15.61939965484863
 20
41.05152905768956
 10
15.74847074990476
 20
40.77905966240724
 10
15.86678651543708
 20
40.49941973801106
  0
LWPOLYLINE
  5
5C
330
2F
100
AcDbEntity
  8
--4N-THT. MCB-MCCB-ACB
100
AcDbPolyline
 90
2
 70
0
 10
24.33518432919164
 20
27.65038411344904
 10
42.99951399693465
 20
27.65075586100284
  0
LWPOLYLINE
  5
5D
330
2F
100
AcDbEntity
  8
--4N-THT. MCB-MCCB-ACB
100
AcDbPolyline
 90
2
 70
0
 10
-11.66517420797526
 20
27.6514596535526
 10
-4.335319808107207
 20
27.65160564622966
  0
LWPOLYLINE
  5
5E
330
2F
100
AcDbEntity
  8
--4N-THT. MCB-MCCB-ACB
100
AcDbPolyline
 90
2
 70
0
 10
-29.66445716934458
 20
27.65110115209428
 10
-22.33460276947653
 20
27.65124714477134
  0
LWPOLYLINE
  5
5F
330
2F
100
AcDbEntity
  8
--4N-THT. MCB-MCCB-ACB
100
AcDbPolyline
 90
2
 70
0
 10
42.99951299723262
 20
27.70094806525777
 10
28.30036746558699
 20
27.70065529442219
  0
LWPOLYLINE
  5
60
330
2F
100
AcDbEntity
  8
--4N-THT. MCB-MCCB-ACB
100
AcDbPolyline
 90
2
 70
0
 10
-44.99996814778342
 20
27.65079570640047
 10
-40.33388573084584
 20
27.65088864331302
  0
LWPOLYLINE
  5
61
330
2F
100
AcDbEntity
  8
--4N-THT. MCB-MCCB-ACB
100
AcDbPolyline
 90
19
 70
0
 10
-40.33388573084584
 20
27.65088864331302
 10
-40.28727718448271
 20
27.57560126522913
 10
-40.13848879458737
 20
27.35690962439004
 10
-39.98073761818295
 20
27.14359589823835
 10
-39.81402372667571
 20
26.93924524422437
 10
-39.64013962739181
 20
26.74027246919469
 10
-39.45729277730924
 20
26.54847018757756
 10
-39.26548321212385
 20
26.36563097809631
 10
-39.06829605358279
 20
26.18996219061956
 10
-38.86214617994619
 20
26.02325647527869
 10
-38.6488261699319
 20
25.86551379636877
 10
-38.43012860227235
 20
25.71673411818848
 10
-38.206053476953
 20
25.57691744073601
 10
-37.97480825097363
 20
25.4478563784378
 10
-37.73818546733445
 20
25.32775831686923
 10
-37.49797774047101
 20
25.21841579904686
 10
-37.2523924559623
 20
25.11803628195231
 10
-37.00322222822205
 20
25.02841230860759
 10
-36.92076303568819
 20
24.9997326914072
  0
LWPOLYLINE
  5
62
330
2F
100
AcDbEntity
  8
--4N-THT. MCB-MCCB-ACB
100
AcDbPolyline
 90
19
 70
0
 10
-33.07747425277693
 20
24.99980924026932
 10
-32.99501620276487
 20
25.02849214221534
 10
-32.7458495454025
 20
25.11812604120679
 10
-32.50026825971644
 20
25.21851534113012
 10
-32.26006488871416
 20
25.32786742756071
 10
-32.02344688938091
 20
25.44797491492319
 10
-31.79220680473144
 20
25.5770451887911
 10
-31.56813724920857
 20
25.71687079218282
 10
-31.34944560836947
 20
25.86565918208181
 10
-31.13613188221415
 20
26.02341035848623
 10
-30.92998864947503
 20
26.19012428569295
 10
-30.73280848887725
 20
26.36580092799523
 10
-30.54100620726012
 20
26.54864777808144
 10
-30.35816699777706
 20
26.74045734326683
 10
-30.18429082472493
 20
26.93943704482627
 10
-30.01758507368276
 20
27.14379433973955
 10
-29.85984239477465
 20
27.35711434975202
 10
-29.71106271659436
 20
27.5758119174152
 10
-29.66445716934458
 20
27.65110115209428
  0
LWPOLYLINE
  5
63
330
2F
100
AcDbEntity
  8
--4N-THT. MCB-MCCB-ACB
100
AcDbPolyline
 90
51
 70
0
 10
-40.33388573084584
 20
27.65088864331302
 10
-40.19406034167832
 20
27.43757456012464
 10
-40.04706478042998
 20
27.2314309346457
 10
-39.89110643267258
 20
27.03066522385416
 10
-39.72618529841338
 20
26.83527742775369
 10
-39.55409402777649
 20
26.64885266808415
 10
-39.37483254936296
 20
26.46780578739891
 10
-39.18840089886862
 20
26.2939293644231
 10
-38.99300653327145
 20
26.12901601358318
 10
-38.79402715305104
 20
25.97127304904462
 10
-38.58787763644567
 20
25.82249312093701
 10
-38.37635056219505
 20
25.68267619355721
 10
-38.1576533158709
 20
25.55002972388685
 10
-37.93537109061207
 20
25.42634621924118
 10
-37.70771130770071
 20
25.31162571532151
 10
-37.47646658157236
 20
25.20766075515167
 10
-37.2398442977842
 20
25.11265879570966
 10
-37.00142961379378
 20
25.02661976558739
 10
-36.75763740786123
 20
24.95133631491809
 10
-36.51205280171916
 20
24.88501579356853
 10
-36.26288321664969
 20
24.82765823724367
 10
-36.01371388150937
 20
24.78284873198028
 10
-35.76095956743438
 20
24.74700219174339
 10
-35.5082054675854
 20
24.72191112384645
 10
-35.25365896753419
 20
24.70578298527108
 10
-34.99911268170899
 20
24.70041031903384
 10
-34.74456661009526
 20
24.70579312513838
 10
-34.49002075271482
 20
24.72193140358287
 10
-34.23726765256787
 20
24.74703253994086
 10
-33.98451476665422
 20
24.78288914863698
 10
-33.7353472166992
 20
24.8277085795453
 10
-33.48617991666606
 20
24.88507606151507
 10
-33.24059795260609
 20
24.95140636569523
 10
-32.99680874578689
 20
25.02669952778889
 10
-32.75839748935459
 20
25.11274805510949
 10
-32.52177899017033
 20
25.20775944034541
 10
-32.29053840567712
 20
25.31173361208676
 10
-32.06288319284567
 20
25.42646318476001
 10
-31.84060589470527
 20
25.55015554393868
 10
-31.62191393253806
 20
25.68281072532592
 10
-31.41039242806936
 20
25.82263607879396
 10
-31.204248838299
 20
25.97142421876561
 10
-31.00527574193029
 20
26.12917510953958
 10
-30.80988794583163
 20
26.29409624379878
 10
-30.62346322186704
 20
26.46798009315717
 10
-30.44420895560824
 20
26.64903411459455
 10
-30.27212511135212
 20
26.83546572938577
 10
-30.1072117605122
 20
27.0308600949793
 10
-29.95126141040009
 20
27.23163201822354
 10
-29.80427406101579
 20
27.43778149912033
 10
-29.66445716934458
 20
27.65110115209428
  0
LWPOLYLINE
  5
64
330
2F
100
AcDbEntity
  8
--4N-THT. MCB-MCCB-ACB
100
AcDbPolyline
 90
19
 70
0
 10
-36.92076303568819
 20
24.9997326914072
 10
-36.845474265157
 20
24.97643066756064
 10
-36.61960806068009
 20
24.91190233219278
 10
-36.39194945599365
 20
24.85633692614648
 10
-36.16249845110496
 20
24.80973444941993
 10
-35.93304758902877
 20
24.77030228758668
 10
-35.70001174802519
 20
24.73983309077813
 10
-35.46697608554449
 20
24.7183267875862
 10
-35.23214802285429
 20
24.70578341371584
 10
-34.99911268170899
 20
24.70041031903384
 10
-34.76607755478243
 20
24.70579269669361
 10
-34.53124999194324
 20
24.71834542494981
 10
-34.29821518635208
 20
24.73986101111951
 10
-34.06518055927654
 20
24.77033949090583
 10
-33.83573126816691
 20
24.80978079290072
 10
-33.60628211987704
 20
24.8563924097889
 10
-33.37862572882067
 20
24.91196688459241
 10
-33.15276209501234
 20
24.9765042173076
 10
-33.07747425277693
 20
24.99980924026932
  0
LWPOLYLINE
  5
65
330
2F
100
AcDbEntity
  8
--4N-THT. MCB-MCCB-ACB
100
AcDbPolyline
 90
51
 70
0
 10
-22.33460276947653
 20
27.65124714477134
 10
-22.194777380309
 20
27.43793306158296
 10
-22.04778181906067
 20
27.23178943610402
 10
-21.89003089257812
 20
27.03102376101743
 10
-21.72510975831892
 20
26.83563596491513
 10
-21.55301848768931
 20
26.6492112052456
 10
-21.37554958799364
 20
26.46816428885723
 10
-21.18732535877415
 20
26.29428790158455
 10
-20.99551615062727
 20
26.12937447933838
 10
-20.79474419168172
 20
25.97163155050294
 10
-20.58859467507636
 20
25.82285162239533
 10
-20.37527502210787
 20
25.68303473071865
 10
-20.15837035450158
 20
25.55038822534517
 10
-19.93608812924275
 20
25.42670472069768
 10
-19.70842834633139
 20
25.31198421677983
 10
-19.47718362020304
 20
25.20801925660999
 10
-19.24056133641488
 20
25.11301729716798
 10
-19.00035407369932
 20
25.02697830274884
 10
-18.75835444649191
 20
24.95169481637641
 10
-18.51097726162469
 20
24.88537433072998
 10
-18.26360025528037
 20
24.82801673870018
 10
-18.01443092014005
 20
24.78320723344042
 10
-17.76167660606506
 20
24.74736069320171
 10
-17.50712992749822
 20
24.72226966100971
 10
-17.25437600616487
 20
24.7061414867294
 10
-16.99982972033967
 20
24.70076882049216
 10
-16.74528364872594
 20
24.7061516265967
 10
-16.4907377913455
 20
24.72228990504119
 10
-16.23798469119855
 20
24.74739104139918
 10
-15.98523180527763
 20
24.78324765009712
 10
-15.73606425532988
 20
24.82806708100362
 10
-15.48868953402188
 20
24.88543452727027
 10
-15.24131499123677
 20
24.95176486715355
 10
-14.99752578441757
 20
25.02705802924721
 10
-14.75911452798527
 20
25.11310655656963
 10
-14.52249602880101
 20
25.20811794180373
 10
-14.2912554443078
 20
25.31209211354509
 10
-14.06360023147635
 20
25.42682168621833
 10
-13.83953035461808
 20
25.55051408110013
 10
-13.62442354988661
 20
25.68316919108112
 10
-13.41110946670005
 20
25.82299458025228
 10
-13.20496587692241
 20
25.97178272022393
 10
-13.00420020183582
 20
26.12953364670103
 10
-12.81060498446231
 20
26.29445474525711
 10
-12.62418026049771
 20
26.4683385946155
 10
-12.44492599423892
 20
26.64939261605287
 10
-12.2728421499828
 20
26.83582423084409
 10
-12.10792879914287
 20
27.03121859643762
 10
-11.95197844903077
 20
27.23199051968187
 10
-11.80319852092861
 20
27.43814003628177
 10
-11.66517420797526
 20
27.6514596535526
  0
LWPOLYLINE
  5
66
330
2F
100
AcDbEntity
  8
--4N-THT. MCB-MCCB-ACB
100
AcDbPolyline
 90
19
 70
0
 10
-22.33460276947653
 20
27.65124714477134
 10
-22.2879942231134
 20
27.57595976668746
 10
-22.13920583321077
 20
27.35726812584836
 10
-21.98145465681363
 20
27.14395439969849
 10
-21.81474076530639
 20
26.9396037456827
 10
-21.63906408729735
 20
26.74063100635795
 10
-21.45800981593993
 20
26.54882868903588
 10
-21.26620025075453
 20
26.36598947955464
 10
-21.06722051348833
 20
26.19032072778101
 10
-20.86107063985172
 20
26.02361501244014
 10
-20.64954320856259
 20
25.86587229782709
 10
-20.43084564090304
 20
25.7170926196468
 10
-20.20497793686581
 20
25.57727597789745
 10
-19.97552528959704
 20
25.44821487989612
 10
-19.73890250596513
 20
25.32811681832755
 10
-19.49869477910169
 20
25.21877430050518
 10
-19.25310949459298
 20
25.11839478341245
 10
-19.00393926685273
 20
25.02877081006591
 10
-18.92148007431887
 20
25.0000911928637
  0
LWPOLYLINE
  5
67
330
2F
100
AcDbEntity
  8
--4N-THT. MCB-MCCB-ACB
100
AcDbPolyline
 90
19
 70
0
 10
-15.07819129140761
 20
25.00016774172765
 10
-14.99573324139555
 20
25.02885064367366
 10
-14.74656658403318
 20
25.11848454266511
 10
-14.50098529834712
 20
25.21887384258845
 10
-14.26078192734484
 20
25.32822592901903
 10
-14.02416392801159
 20
25.44833341638151
 10
-13.79292384336212
 20
25.57740369024942
 10
-13.56885428783925
 20
25.71722929364115
 10
-13.35016264700015
 20
25.86601768354013
 10
-13.13684892084483
 20
26.02376885994455
 10
-12.93070568810571
 20
26.19048278715128
 10
-12.73352552750793
 20
26.36615942945538
 10
-12.5417232458908
 20
26.54900627954158
 10
-12.35888403640774
 20
26.74081584472516
 10
-12.18500786335561
 20
26.93979554628459
 10
-12.01830211231344
 20
27.14415284119787
 10
-11.86055943340533
 20
27.35747285121034
 10
-11.71177975522504
 20
27.57617041887352
 10
-11.66517420797526
 20
27.6514596535526
  0
LWPOLYLINE
  5
68
330
2F
100
AcDbEntity
  8
--4N-THT. MCB-MCCB-ACB
100
AcDbPolyline
 90
19
 70
0
 10
-18.92148007431887
 20
25.0000911928637
 10
-18.84619130378768
 20
24.97678916901897
 10
-18.62032509931077
 20
24.9122608336511
 10
-18.39266649462433
 20
24.8566954276048
 10
-18.16321548973564
 20
24.81009295087825
 10
-17.93376462765945
 20
24.770660789045
 10
-17.70072878665586
 20
24.74019159223645
 10
-17.46769312417518
 20
24.71868528904452
 10
-17.23286506148496
 20
24.70614191517416
 10
-16.99982972033967
 20
24.70076882049216
 10
-16.76500201468797
 20
24.70615123385506
 10
-16.53196703057392
 20
24.71870392640813
 10
-16.29893222498276
 20
24.74021951257783
 10
-16.06589759790721
 20
24.77069799236416
 10
-15.83465572807244
 20
24.81013933006217
 10
-15.60699915850045
 20
24.85675091124722
 10
-15.37934276745135
 20
24.91232538605073
 10
-15.15347913364302
 20
24.97686271876592
 10
-15.07819129140761
 20
25.00016774172765
  0
LWPOLYLINE
  5
69
330
2F
100
AcDbEntity
  8
--4N-THT. MCB-MCCB-ACB
100
AcDbPolyline
 90
51
 70
0
 10
-4.335319772404083
 20
27.64981306750634
 10
-4.195494418939681
 20
27.43829156304129
 10
-4.048498821988225
 20
27.23035535883902
 10
-3.890747895505676
 20
27.02958968375243
 10
-3.725826796949597
 20
26.83599446637346
 10
-3.553735526319989
 20
26.64956970670392
 10
-3.374474012196053
 20
26.46673024729717
 10
-3.188042397404835
 20
26.29464640304469
 10
-2.994440610532812
 20
26.12973301649982
 10
-2.79366865158726
 20
25.97199008766439
 10
-2.589311678003916
 20
25.82141754513032
 10
-2.374199446310278
 20
25.68160068915859
 10
-2.15908735742186
 20
25.54895414808016
 10
-1.936805167873437
 20
25.42706322215782
 10
-1.707352806236933
 20
25.3123427539431
 10
-1.474315501383436
 20
25.20837782947638
 10
-1.241278339342436
 20
25.11158321990297
 10
-1.001071076626878
 20
25.02554422548384
 10
-0.7572788706943286
 20
24.95026077481453
 10
-0.509901721530234
 20
24.88573286789143
 10
-0.2625247151859114
 20
24.82837527586344
 10
-0.0115627656173203
 20
24.78177322758166
 10
0.2393989697325267
 20
24.74592665164165
 10
0.4939456482993663
 20
24.72083561944784
 10
0.7449069552044492
 20
24.70649998818772
 10
0.9994532767400485
 20
24.69933474322716
 10
1.253999312643379
 20
24.70651012805503
 10
1.508545205726939
 20
24.72085582777618
 10
1.76309088459903
 20
24.7459569998373
 10
2.014051191794813
 20
24.78181357283212
 10
2.265011284764575
 20
24.82842561816506
 10
2.512386006072581
 20
24.88579306443172
 10
2.759760584560815
 20
24.95033082559349
 10
3.003549791380017
 20
25.02562398768533
 10
3.240168469087173
 20
25.11167247930462
 10
3.476786932568309
 20
25.20847644326205
 10
3.70982009578666
 20
25.31245065070653
 10
3.935682729892967
 20
25.42718018767665
 10
4.157960063736489
 20
25.549079968132
 10
4.376652025910978
 20
25.68173514951924
 10
4.588173530372394
 20
25.82156050298728
 10
4.796109663164777
 20
25.97214125738538
 10
4.996875338251363
 20
26.1298921838643
 10
5.190470555632153
 20
26.29481328242037
 10
5.376895315299869
 20
26.46690455305544
 10
5.556149545855539
 20
26.64975115321432
 10
5.728233390111661
 20
26.83618276800554
 10
5.89314677665471
 20
27.02978455487574
 10
6.047304548041672
 20
27.23055644241686
 10
6.194291861722838
 20
27.43849850203697
 10
6.334108789097179
 20
27.6500255762876
  0
LWPOLYLINE
  5
6A
330
2F
100
AcDbEntity
  8
--4N-THT. MCB-MCCB-ACB
100
AcDbPolyline
 90
19
 70
0
 10
-4.335319772404083
 20
27.64981306750634
 10
-4.285126068590663
 20
27.5745257608287
 10
-4.138130257420463
 20
27.35583408428648
 10
-3.98037911671917
 20
27.14431293685994
 10
-3.815457803937071
 20
26.93996224714102
 10
-3.639781090224907
 20
26.73919692909295
 10
-3.456934275845462
 20
26.54918722619914
 10
-3.266917289385212
 20
26.36634798101296
 10
-3.066144973393868
 20
26.19067926494427
 10
-2.861787642779283
 20
26.02218093517514
 10
-2.650260211490142
 20
25.86443822056209
 10
-2.431562679533719
 20
25.71745112110512
 10
-2.205694975496491
 20
25.57763447935577
 10
-1.976242328227719
 20
25.44857338135444
 10
-1.739619508892694
 20
25.32668274106255
 10
-1.499411817732372
 20
25.21913280196351
 10
-1.252033954498521
 20
25.11875332057389
 10
-1.004656305483415
 20
25.02912931152424
 10
-0.9221971129495543
 20
25.00044969432384
  0
LWPOLYLINE
  5
6B
330
2F
100
AcDbEntity
  8
--4N-THT. MCB-MCCB-ACB
100
AcDbPolyline
 90
18
 70
0
 10
3.007134877424057
 20
25.02920921654005
 10
3.254508956061279
 20
25.11884307982656
 10
3.498297663029468
 20
25.21923234404677
 10
3.738501069734873
 20
25.32679185175403
 10
3.975119033364997
 20
25.44869191783983
 10
4.208151696732336
 20
25.57776222741086
 10
4.434013830980354
 20
25.71758786650754
 10
4.652705507522576
 20
25.86458367768319
 10
4.864226654952751
 20
26.02233481838267
 10
5.068577273263606
 20
26.1908412886096
 10
5.265757433861388
 20
26.36651793091369
 10
5.459352294203661
 20
26.54936481670303
 10
5.642191539389848
 20
26.73938180316328
 10
5.817860255456714
 20
26.94015411914917
 10
5.982773427781019
 20
27.14451137835932
 10
6.14051614239225
 20
27.35603880964846
 10
6.287503241847396
 20
27.57473634160852
 10
6.334108789097179
 20
27.6500255762876
  0
LWPOLYLINE
  5
6C
330
2F
100
AcDbEntity
  8
--4N-THT. MCB-MCCB-ACB
100
AcDbPolyline
 90
2
 70
0
 10
6.334108789097179
 20
27.6500255762876
 10
13.66575576769038
 20
27.65017160466778
  0
LWPOLYLINE
  5
6D
330
2F
100
AcDbEntity
  8
--4N-THT. MCB-MCCB-ACB
100
AcDbPolyline
 90
2
 70
0
 10
14.67320943159803
 20
26.42406782339459
 10
14.66962427414774
 20
26.42406775198834
  0
LWPOLYLINE
  5
6E
330
2F
100
AcDbEntity
  8
--4N-THT. MCB-MCCB-ACB
100
AcDbPolyline
 90
51
 70
0
 10
13.66575576769038
 20
27.65017160466778
 10
13.80558112115478
 20
27.43865010020273
 10
13.95257671810623
 20
27.23071389600046
 10
14.11032764458878
 20
27.02994822091387
 10
14.27524874314486
 20
26.83635300353672
 10
14.44734001377447
 20
26.64992824386719
 10
14.62301637044812
 20
26.46708871305055
 10
14.81303314268962
 20
26.29500494020613
 10
15.00663492956165
 20
26.13009155366127
 10
15.20382173106419
 20
25.97234855341959
 10
15.41176386209054
 20
25.82177608229177
 10
15.62329093634117
 20
25.68195915491197
 10
15.84198818266532
 20
25.54931268524161
 10
16.06427037222102
 20
25.42742175931927
 10
16.29013757640724
 20
25.31270121969647
 10
16.52317488126073
 20
25.20873629522976
 10
16.75979720075202
 20
25.11194175706442
 10
17.00000446346758
 20
25.0259027626471
 10
17.24379666940013
 20
24.95061931197598
 10
17.48758866111394
 20
24.88609133364663
 10
17.73496566745826
 20
24.82873374161864
 10
17.98592761702685
 20
24.78213169333686
 10
18.2368893523767
 20
24.74628511739503
 10
18.49143603095081
 20
24.72119408520303
 10
18.74598249529891
 20
24.70685852534917
 10
19.00052881682723
 20
24.69969328039043
 10
19.25507485273784
 20
24.70686866521829
 10
19.5096207458214
 20
24.72121436493763
 10
19.7605812672432
 20
24.7463154655925
 10
20.01512673188928
 20
24.78217210999356
 10
20.26608682485904
 20
24.82878415532833
 10
20.51346154616704
 20
24.88615160159498
 10
20.75725096720499
 20
24.95068929134687
 10
21.00104017403147
 20
25.02598245344053
 10
21.24124400918164
 20
25.11203101646607
 10
21.47786247266277
 20
25.2088349804235
 10
21.70731047843811
 20
25.31280911646173
 10
21.93675826998743
 20
25.42753872483809
 10
22.15903560383095
 20
25.54943850529344
 10
22.37772756599817
 20
25.6820936866825
 10
22.58924907046686
 20
25.82191904014872
 10
22.79360004581623
 20
25.97249972314058
 10
22.99436572090281
 20
26.13025064961767
 10
23.18796093827633
 20
26.29517174817557
 10
23.37438569795132
 20
26.46726301880882
 10
23.55363992849971
 20
26.65010961896952
 10
23.72572377275584
 20
26.83654123376074
 10
23.89063715929888
 20
27.03014302063094
 10
24.04838008813614
 20
27.23091497958013
 10
24.1953674018173
 20
27.43885703919842
 10
24.33518432919164
 20
27.65038411344904
  0
LWPOLYLINE
  5
6F
330
2F
100
AcDbEntity
  8
--4N-THT. MCB-MCCB-ACB
100
AcDbPolyline
 90
19
 70
0
 10
-0.9221971129495543
 20
25.00044969432384
 10
-0.8469083067152425
 20
24.97535509175396
 10
-0.6210421022310513
 20
24.91082675638609
 10
-0.3915909545298675
 20
24.85705396476625
 10
-0.1621399496411797
 20
24.8104514880397
 10
0.067310912435012
 20
24.77101932620645
 10
0.3003467891417202
 20
24.73875755067457
 10
0.5333824516224084
 20
24.71725124748446
 10
0.7664178998843525
 20
24.70650041663249
 10
0.9994532767400485
 20
24.69933474322716
 10
1.236073525406489
 20
24.70650977101833
 10
1.469108545223669
 20
24.71726988484626
 10
1.702143350814829
 20
24.73878547101595
 10
1.935177942187245
 20
24.7710565295256
 10
2.164627233296876
 20
24.81049783152049
 10
2.394076381586735
 20
24.85710944841049
 10
2.619940229621086
 20
24.91089130878573
 10
2.845803863429416
 20
24.97542864150092
 10
3.007134877424057
 20
25.02920921654005
  0
LWPOLYLINE
  5
70
330
2F
100
AcDbEntity
  8
--4N-THT. MCB-MCCB-ACB
100
AcDbPolyline
 90
2
 70
0
 10
-44.99991534192441
 20
24.99957177453508
 10
45.00008462237247
 20
25.00136435325658
  0
LWPOLYLINE
  5
71
330
2F
100
AcDbEntity
  8
--4N-THT. MCB-MCCB-ACB
100
AcDbPolyline
 90
2
 70
0
 10
15.74791523508475
 20
5.66979201932736
 10
44.9992148430597
 20
5.670374633289611
  0
LWPOLYLINE
  5
72
330
2F
100
AcDbEntity
  8
--4N-THT. MCB-MCCB-ACB
100
AcDbPolyline
 90
2
 70
0
 10
15.74814102566461
 20
-5.666475827270915
 10
44.99944063363956
 20
-5.665893213308663
  0
LWPOLYLINE
  5
73
330
2F
100
AcDbEntity
  8
--4N-THT. MCB-MCCB-ACB
100
AcDbPolyline
 90
2
 70
0
 10
33.74865551687117
 20
22.50246476894608
 10
33.74869736167467
 20
20.40156250515429
  0
LWPOLYLINE
  5
74
330
2F
100
AcDbEntity
  8
--4N-THT. MCB-MCCB-ACB
100
AcDbPolyline
 90
2
 70
0
 10
-45.00053276704921
 20
-25.00136436220783
 10
44.99946719724767
 20
-24.99957178348451
  0
LWPOLYLINE
  5
75
330
2F
100
AcDbEntity
  8
--4N-THT. MCB-MCCB-ACB
100
AcDbPolyline
 90
2
 70
0
 10
44.09904691042039
 20
20.4017686586667
 10
21.79936759168641
 20
20.40132450388774
  0
LWPOLYLINE
  5
76
330
2F
100
AcDbEntity
  8
--4N-THT. MCB-MCCB-ACB
100
AcDbPolyline
 90
2
 70
0
 10
21.79952690186338
 20
12.4028382402048
 10
44.09920622059735
 20
12.40328239498558
  0
LWPOLYLINE
  5
77
330
2F
100
AcDbEntity
  8
--4N-THT. MCB-MCCB-ACB
100
AcDbPolyline
 90
2
 70
0
 10
-20.19985059116652
 20
-42.85136932798923
 10
-21.74863860815594
 20
-42.85140017603771
  0
LWPOLYLINE
  5
78
330
2F
100
AcDbEntity
  8
--4N-THT. MCB-MCCB-ACB
100
AcDbPolyline
 90
2
 70
0
 10
44.99977592766163
 20
40.49999999552529
 10
-45.00022407233838
 20
40.49999999552529
  0
LWPOLYLINE
  5
79
330
2F
100
AcDbEntity
  8
--4N-THT. MCB-MCCB-ACB
100
AcDbPolyline
 90
2
 70
0
 10
-20.19989743449468
 20
-40.49950604292645
 10
-20.19985059116652
 20
-42.85136932798923
  0
LWPOLYLINE
  5
7A
330
2F
100
AcDbEntity
  8
--4N-THT. MCB-MCCB-ACB
100
AcDbPolyline
 90
2
 70
0
 10
-42.00019421209571
 20
15.00080665655696
 10
-42.00024401884138
 20
17.50145397565939
  0
LWPOLYLINE
  5
7B
330
2F
100
AcDbEntity
  8
--4N-THT. MCB-MCCB-ACB
100
AcDbPolyline
 90
2
 70
0
 10
28.99847128446573
 20
15.00222077539547
 10
41.99825218635534
 20
15.00247969906559
  0
LWPOLYLINE
  5
7C
330
2F
100
AcDbEntity
  8
--4N-THT. MCB-MCCB-ACB
100
AcDbPolyline
 90
2
 70
0
 10
41.9982024153128
 20
17.50133443944469
 10
41.99825218635534
 20
15.00247969906559
  0
LWPOLYLINE
  5
7D
330
2F
100
AcDbEntity
  8
--4N-THT. MCB-MCCB-ACB
100
AcDbPolyline
 90
2
 70
0
 10
28.99847128446573
 20
15.00222077539547
 10
28.99842151342319
 20
17.50107551577457
  0
LWPOLYLINE
  5
7E
330
2F
100
AcDbEntity
  8
--4N-THT. MCB-MCCB-ACB
100
AcDbPolyline
 90
9
 70
0
 10
14.57939376531295
 20
-6.37277512313085
 10
15.18528344580273
 20
-6.275963804198909
 10
20.05749956257797
 20
-5.630538420964512
 10
24.94764482273468
 20
-5.153615080689633
 10
29.85213428304861
 20
-4.85594932712047
 10
34.76379755723475
 20
-4.733956145628326
 10
39.67546425897172
 20
-4.784050521579047
 10
44.58713453109385
 20
-5.013402769865933
 10
45.00067219917265
 20
-5.039996337436605
  0
LWPOLYLINE
  5
7F
330
2F
100
AcDbEntity
  8
--4N-THT. MCB-MCCB-ACB
100
AcDbPolyline
 90
2
 70
0
 10
14.89103654157089
 20
6.978357420990505
 10
14.26363348853784
 20
7.003441026801738
  0
LWPOLYLINE
  5
80
330
2F
100
AcDbEntity
  8
--4N-THT. MCB-MCCB-ACB
100
AcDbPolyline
 90
7
 70
0
 10
-13.28108311752429
 20
4.590081441161601
 10
-13.39222264133558
 20
4.572153440294641
 10
-14.60938016694262
 20
4.400041639997652
 10
-15.83370890003561
 20
4.2727441649713
 10
-17.06162368317154
 20
4.190261086620012
 10
-18.29133190192214
 20
4.150799861925406
 10
-18.85061639220793
 20
4.147203564905794
  0
LWPOLYLINE
  5
81
330
2F
100
AcDbEntity
  8
--4N-THT. MCB-MCCB-ACB
100
AcDbPolyline
 90
2
 70
0
 10
-18.85061639220793
 20
4.147203564905794
 10
-18.85049067926729
 20
-2.164466120084398
  0
LWPOLYLINE
  5
82
330
2F
100
AcDbEntity
  8
--4N-THT. MCB-MCCB-ACB
100
AcDbPolyline
 90
5
 70
0
 10
14.57939376531295
 20
-6.37277512313085
 10
14.37504043351374
 20
-6.405045610381421
 10
9.463391940690151
 20
-7.269166383350238
 10
4.584013435260665
 20
-8.312544385988076
 10
4.38324554654401
 20
-8.359155431615363
  0
LWPOLYLINE
  5
83
330
2F
100
AcDbEntity
  8
--4N-THT. MCB-MCCB-ACB
100
AcDbPolyline
 90
10
 70
0
 10
-13.28108311752429
 20
4.590081441161601
 10
-13.07672982142821
 20
4.624144507135497
 10
-11.85778085961782
 20
4.853618862283838
 10
-10.64779568401854
 20
5.127907506997871
 10
-9.44856683765237
 20
5.445217826849329
 10
-8.261886934940314
 20
5.807342364860232
 10
-7.087755940179242
 20
6.212488542305436
 10
-5.931551589544589
 20
6.660656252073749
 10
-4.791481268608087
 20
7.150052951144971
 10
-3.669337556087604
 20
7.680678603817796
  0
LWPOLYLINE
  5
84
330
2F
100
AcDbEntity
  8
--4N-THT. MCB-MCCB-ACB
100
AcDbPolyline
 90
11
 70
0
 10
-18.85049067926729
 20
-2.164466120084398
 10
-18.73755611317164
 20
-2.270226015425578
 10
-18.04740105828522
 20
-2.88506677159421
 10
-17.33394301554789
 20
-3.473018382763257
 10
-16.60076710671409
 20
-4.035873499064109
 10
-15.84787333176927
 20
-4.573632120496768
 10
-15.07526179783007
 20
-5.080916510889437
 10
-14.28651759094054
 20
-5.561311899098654
 10
-13.47805558935351
 20
-6.013025634991208
 10
-12.65525356494026
 20
-6.434265246958602
 10
-12.51722368220498
 20
-6.500587910533795
  0
LWPOLYLINE
  5
85
330
2F
100
AcDbEntity
  8
--4N-THT. MCB-MCCB-ACB
100
AcDbPolyline
 90
19
 70
0
 10
-12.51722364649458
 20
-6.50238048925712
 10
-12.20172686347495
 20
-6.649365660710827
 10
-11.2516517140043
 20
-7.072395316434267
 10
-10.28365163418629
 20
-7.452402725757565
 10
-9.301311710064958
 20
-7.792973117537258
 10
-8.30463201304655
 20
-8.090521334326695
 10
-7.297197557761585
 20
-8.352217762425425
 10
-6.282593644472846
 20
-8.570892158348215
 10
-5.257235115737323
 20
-8.746544450686997
 10
-4.224707057591778
 20
-8.882759868298306
 10
-3.188594770291722
 20
-8.972368167693276
 10
-2.152483268482221
 20
-9.022539735173268
 10
-1.11278746611196
 20
-9.029689341885385
 10
-0.0730924492177039
 20
-8.99740221668435
 10
0.9666016393662246
 20
-8.918508044675036
 10
1.999124627580847
 20
-8.800177283566882
 10
3.024476444012641
 20
-8.638824775913235
 10
4.046242317510866
 20
-8.438035607750862
 10
4.38324554654401
 20
-8.359155431615363
  0
LWPOLYLINE
  5
86
330
2F
100
AcDbEntity
  8
--4N-THT. MCB-MCCB-ACB
100
AcDbPolyline
 90
2
 70
0
 10
-19.55145001353366
 20
0.9008295367093523
 10
-19.55141416696414
 20
-0.8989195015547011
  0
LWPOLYLINE
  5
87
330
2F
100
AcDbEntity
  8
--4N-THT. MCB-MCCB-ACB
100
AcDbPolyline
 90
2
 70
0
 10
-8.899947239262012
 20
0.9010416884539154
 10
-19.55145001353366
 20
0.9008295367093523
  0
LWPOLYLINE
  5
88
330
2F
100
AcDbEntity
  8
--4N-THT. MCB-MCCB-ACB
100
AcDbPolyline
 90
9
 70
0
 10
14.89103654157089
 20
6.978357420990505
 10
14.701023054075
 20
6.985523951285358
 10
13.37092828459436
 20
7.053615450584402
 10
12.04083244399817
 20
7.175484311583204
 10
10.72149107603628
 20
7.347545591059315
 10
9.409319094664632
 20
7.566214060158017
 10
8.104316357078012
 20
7.838660033772612
 10
6.810068163539206
 20
8.157713268417865
 10
5.530159600077702
 20
8.526958992946675
  0
LWPOLYLINE
  5
89
330
2F
100
AcDbEntity
  8
--4N-THT. MCB-MCCB-ACB
100
AcDbPolyline
 90
27
 70
0
 10
-18.84869810054214
 20
-2.164466084381274
 10
-18.47942009981624
 20
-2.505048686845839
 10
-17.72293888238482
 20
-3.157532275166886
 10
-16.93777697663744
 20
-3.781334032652011
 10
-16.1311046974747
 20
-4.376454102119168
 10
-15.30292218770181
 20
-4.935722168673237
 10
-14.44964414706327
 20
-5.46630847580127
 10
-13.5784411046784
 20
-5.95745769397763
 10
-12.68931291772014
 20
-6.41634013809562
 10
-11.78225958620304
 20
-6.842955808155238
 10
-10.86086641037536
 20
-7.230134460671251
 10
-9.921548161395087
 20
-7.581461181680424
 10
-8.971475154140983
 20
-7.896936114000709
 10
-8.01064746004112
 20
-8.172974100185456
 10
-7.035479850217136
 20
-8.41316022627143
 10
-6.056727868440695
 20
-8.61390954903618
 10
-5.067221199796669
 20
-8.775221925663573
 10
-4.074130159192911
 20
-8.897097498969742
 10
-3.073869589179132
 20
-8.979536197546622
 10
-2.073609733242385
 20
-9.026123321655177
 10
-1.073350734195166
 20
-9.029688556403926
 10
-0.0730924492177039
 20
-8.99740221668435
 10
0.9271649788629545
 20
-8.922093987604965
 10
1.920251377980555
 20
-8.810934326871575
 10
2.9133369916076
 20
-8.660337934226845
 10
3.895666347415051
 20
-8.470305023887704
 10
4.38324554654401
 20
-8.359155431615363
  0
LWPOLYLINE
  5
8A
330
2F
100
AcDbEntity
  8
--4N-THT. MCB-MCCB-ACB
100
AcDbPolyline
 90
2
 70
0
 10
-18.85051588612395
 20
-0.8989055413840105
 10
-18.85051592182707
 20
-0.8971129626606852
  0
LWPOLYLINE
  5
8B
330
2F
100
AcDbEntity
  8
--4N-THT. MCB-MCCB-ACB
100
AcDbPolyline
 90
2
 70
0
 10
-19.55141416696414
 20
-0.8989195015547011
 10
-19.55141420266727
 20
-0.8971269228313759
  0
LWPOLYLINE
  5
8C
330
2F
100
AcDbEntity
  8
--4N-THT. MCB-MCCB-ACB
100
AcDbPolyline
 90
2
 70
0
 10
-8.899911392692495
 20
-0.8987073498101381
 10
-8.899911428395619
 20
-0.8969147710868128
  0
LWPOLYLINE
  5
8D
330
2F
100
AcDbEntity
  8
--4N-THT. MCB-MCCB-ACB
100
AcDbPolyline
 90
2
 70
0
 10
-8.899911392692495
 20
-0.8987073498101381
 10
-8.899947239262012
 20
0.9010416884539154
  0
LWPOLYLINE
  5
8E
330
2F
100
AcDbEntity
  8
--4N-THT. MCB-MCCB-ACB
100
AcDbPolyline
 90
2
 70
0
 10
-19.55141416696414
 20
-0.8989195015547011
 10
-8.899911392692495
 20
-0.8987073498101381
  0
LWPOLYLINE
  5
8F
330
2F
100
AcDbEntity
  8
--4N-THT. MCB-MCCB-ACB
100
AcDbPolyline
 90
15
 70
0
 10
-3.317995625280211
 20
7.856358316645128
 10
-3.769720964891796
 20
7.630484400153363
 10
-4.924130915912876
 20
7.090895211196766
 10
-6.096467475349975
 20
6.592534975839953
 10
-7.288523293341761
 20
6.138988815826451
 10
-8.49671324814107
 20
5.732049381285833
 10
-9.71745214659449
 20
5.369924164904659
 10
-10.95253260313756
 20
5.054405709699494
 10
-12.19836946032
 20
4.785494087080223
 10
-13.45496271813453
 20
4.563189297046847
 10
-14.71693464042027
 20
4.387491446708736
 10
-15.98428526287306
 20
4.260193114791036
 10
-17.25701458550019
 20
4.181294301291927
 10
-18.53153741515552
 20
4.149002498897971
 10
-18.85061639220793
 20
4.147203564905794
  0
LWPOLYLINE
  5
90
330
2F
100
AcDbEntity
  8
--4N-THT. MCB-MCCB-ACB
100
AcDbPolyline
 90
2
 70
0
 10
2.109908684752106
 20
9.064664487183109
 10
2.106323527309093
 20
9.06466441577686
  0
LWPOLYLINE
  5
91
330
2F
100
AcDbEntity
  8
--4N-THT. MCB-MCCB-ACB
100
AcDbPolyline
 90
18
 70
0
 10
5.530159600077702
 20
8.526958992946675
 10
5.354485814072639
 20
8.580732855680253
 10
4.816709340759651
 20
8.724128442421716
 10
4.271763052404374
 20
8.84242778422049
 10
3.723232106457096
 20
8.935630952484644
 10
3.171116502917818
 20
9.003737947215996
 10
2.619001399229553
 20
9.046748839817155
 10
2.063301637949287
 20
9.064663558885513
 10
1.507602376520033
 20
9.057482175827317
 10
0.9519036863480393
 20
9.021619533194098
 10
0.3962054246208098
 20
8.964245945879156
 10
-0.1523219509485827
 20
8.878191241807144
 10
-0.6972637406301985
 20
8.770625664461477
 10
-1.238619873010513
 20
8.637964056397323
 10
-1.769219961789978
 20
8.476621402980525
 10
-2.296234464674391
 20
8.293767876290074
 10
-2.812492995371478
 20
8.085818461697272
 10
-3.317995625280211
 20
7.856358316645128
  0
LWPOLYLINE
  5
92
330
2F
100
AcDbEntity
  8
--4N-THT. MCB-MCCB-ACB
100
AcDbPolyline
 90
9
 70
0
 10
5.530159600077702
 20
8.526958992946675
 10
5.713003700968791
 20
8.47318527302923
 10
6.992912121617798
 20
8.111109863393722
 10
8.290745401200645
 20
7.795641857603186
 10
9.595747924561245
 20
7.533951356328543
 10
10.91150499196966
 20
7.31886811608274
 10
12.23084621711906
 20
7.153977151501749
 10
13.56094184348922
 20
7.042863762842898
 10
14.89103654157089
 20
6.978357420990505
  0
LWPOLYLINE
  5
93
330
2F
100
AcDbEntity
  8
--4N-THT. MCB-MCCB-ACB
100
AcDbPolyline
 90
9
 70
0
 10
5.530159600077702
 20
8.526958992946675
 10
5.702248228632477
 20
8.473185058806848
 10
6.899697528153872
 20
8.136204108925085
 10
8.1079015145283
 20
7.838660105180679
 10
9.323274958906502
 20
7.584138133610395
 10
10.54940301873876
 20
7.372638265625937
 10
11.78270053656752
 20
7.204160429815601
 10
13.02316744100108
 20
7.082289783627857
 10
14.26363348853784
 20
7.003441026801738
  0
LWPOLYLINE
  5
94
330
2F
100
AcDbEntity
  8
--4N-THT. MCB-MCCB-ACB
100
AcDbPolyline
 90
6
 70
0
 10
45.00067219917265
 20
4.16079399091177
 10
44.59770598625483
 20
4.225548184611398
 10
36.14746639120723
 20
5.404896677062424
 10
27.66496659159612
 20
6.27233582898043
 10
19.15020673022673
 20
6.820695325470296
 10
14.89103654157089
 20
6.978357420990505
  0
LWPOLYLINE
  5
95
330
2F
100
AcDbEntity
  8
--4N-THT. MCB-MCCB-ACB
100
AcDbPolyline
 90
11
 70
0
 10
45.00067219917265
 20
-5.039761956371876
 10
44.37919511354858
 20
-4.999066281716295
 10
39.45318435445962
 20
-4.77688463395134
 10
34.52000685085523
 20
-4.733961001338684
 10
29.59041800365822
 20
-4.866710012209296
 10
24.66800304173967
 20
-5.178716752601758
 10
19.75993213716584
 20
-5.662810764808455
 10
14.87337574764252
 20
-6.326162220906553
 10
10.01191888781478
 20
-7.161600734596504
 10
5.182732015381141
 20
-8.176296477955473
 10
4.38324554654401
 20
-8.359155431615363
  0
LWPOLYLINE
  5
96
330
2F
100
AcDbEntity
  8
--4N-THT. MCB-MCCB-ACB
100
AcDbPolyline
 90
2
 70
0
 10
29.30062639322797
 20
27.70067521712009
 10
29.30033162298288
 20
42.50020515727374
  0
LWPOLYLINE
  5
97
330
2F
100
AcDbEntity
  8
--4N-THT. MCB-MCCB-ACB
100
AcDbPolyline
 90
2
 70
0
 10
41.99925406958437
 20
27.70092814255987
 10
41.99895929933928
 20
42.5004580827117
  0
LWPOLYLINE
  5
98
330
2F
100
AcDbEntity
  8
--4N-THT. MCB-MCCB-ACB
100
AcDbPolyline
 90
2
 70
0
 10
28.30007269534191
 20
42.50018523457402
 10
42.99921822698025
 20
42.5004780054096
  0
LWPOLYLINE
  5
99
330
2F
100
AcDbEntity
  8
--4N-THT. MCB-MCCB-ACB
100
AcDbPolyline
 90
2
 70
0
 10
28.30036746558699
 20
27.70065529442219
 10
28.30007269534191
 20
42.50018523457402
  0
LWPOLYLINE
  5
9A
330
2F
100
AcDbEntity
  8
--4N-THT. MCB-MCCB-ACB
100
AcDbPolyline
 90
2
 70
0
 10
29.30041127807136
 20
-42.49903797456864
 10
29.30011650782627
 20
-27.69950803441498
  0
LWPOLYLINE
  5
9B
330
2F
100
AcDbEntity
  8
--4N-THT. MCB-MCCB-ACB
100
AcDbPolyline
 90
2
 70
0
 10
41.99903895443504
 20
-42.49878504912886
 10
41.99874418418995
 20
-27.69925510897702
  0
LWPOLYLINE
  5
9C
330
2F
100
AcDbEntity
  8
--4N-THT. MCB-MCCB-ACB
100
AcDbPolyline
 90
2
 70
0
 10
42.99929788207601
 20
-42.49876512643096
 10
42.99900211212162
 20
-27.64904298202419
  0
LWPOLYLINE
  5
9D
330
2F
100
AcDbEntity
  8
--4N-THT. MCB-MCCB-ACB
100
AcDbPolyline
 90
2
 70
0
 10
28.30015235043039
 20
-42.49905789726654
 10
42.99929788207601
 20
-42.49876512643096
  0
LWPOLYLINE
  5
9E
330
2F
100
AcDbEntity
  8
--4N-THT. MCB-MCCB-ACB
100
AcDbPolyline
 90
2
 70
0
 10
28.2998575801853
 20
-27.6995279571147
 10
42.99900311183092
 20
-27.69923518627912
  0
LWPOLYLINE
  5
9F
330
2F
100
AcDbEntity
  8
--4N-THT. MCB-MCCB-ACB
100
AcDbPolyline
 90
2
 70
0
 10
28.30015235043039
 20
-42.49905789726654
 10
28.2998575801853
 20
-27.6995279571147
  0
TEXT
  5
A0
330
2F
100
AcDbEntity
  8
--4N-THT. MCB-MCCB-ACB
 62
3
100
AcDbText
 10
-42.9339340220133
 20
8.295246739595314
 30
0.0
 40
3.0
  1
ISOLATOR 4P
  7
VNI-TNR-DIM
 72
1
 11
-29.09002630752161
 21
9.795246739595314
 31
0.0
100
AcDbText
 73
2
  0
TEXT
  5
A1
330
2F
100
AcDbEntity
  8
--4N-THT. MCB-MCCB-ACB
 62
3
100
AcDbText
 10
-36.11263623483659
 20
-1.589895528606575
 30
0.0
 40
3.0
  1
28901~5
  7
VNI-TNR-DIM
100
AcDbText
  0
LINE
  5
A2
330
2F
100
AcDbEntity
  8
--4N-THT. MCB-MCCB-ACB
100
AcDbLine
 10
-45.00022407233838
 20
40.49999999552529
 30
0.0
 11
-45.00022407233838
 21
-40.50000000447472
 31
0.0
  0
LINE
  5
A3
330
2F
100
AcDbEntity
  8
--4N-THT. MCB-MCCB-ACB
  6
DASHED
 62
6
100
AcDbLine
 10
-0.0002240901899313
 20
-40.49910371511397
 30
0.0
 11
-0.0002240723383693
 21
40.49999999552529
 31
0.0
  0
LINE
  5
A4
330
2F
100
AcDbEntity
  8
--4N-THT. MCB-MCCB-ACB
  6
DASHED
 62
6
100
AcDbLine
 10
-45.00067219917265
 20
-0.0008963027503341
 30
0.0
 11
45.00067219917265
 21
0.0008963027503341
 31
0.0
  0
ATTDEF
  5
A5
330
2F
100
AcDbEntity
  8
--4N-THT. MCB-MCCB-ACB
 62
3
100
AcDbText
 10
-29.09002630752161
 20
3.295246739595313
 30
0.0
 40
3.0
  1

  7
VNI-TNR-DIM
 72
1
 11
-29.09002630752161
 21
4.795246739595313
 31
0.0
100
AcDbAttributeDefinition
  3
40~80A
  2
40~80A
 70
0
 74
2
280
1
 71
1
 72
0
 11
-29.09002630752161
 21
4.795246739595313
 31
0.0
  0
CIRCLE
  5
A6
330
2F
100
AcDbEntity
  8
--8N-THT. FIXING HOLE
100
AcDbCircle
 10
-26.57503748322893
 20
-42.48609262754773
 30
0.0
 40
0.9999999999999984
  0
CIRCLE
  5
A7
330
2F
100
AcDbEntity
  8
--8N-THT. FIXING HOLE
100
AcDbCircle
 10
9.711730543070537
 20
42.19977356264519
 30
0.0
 40
0.9999999999999984
  0
CIRCLE
  5
A8
330
2F
100
AcDbEntity
  8
--4N-THT. MCB-MCCB-ACB
100
AcDbCircle
 10
-34.99961605757428
 20
-31.02659701342717
 30
0.0
 40
2.999999999999998
  0
LINE
  5
A9
330
2F
100
AcDbEntity
  8
--4N-THT. MCB-MCCB-ACB
100
AcDbLine
 10
-21.99994716982973
 20
-25.40244388127031
 30
0.0
 11
-21.99964647275932
 21
-40.49954188950152
 31
0.0
  0
CIRCLE
  5
AA
330
2F
100
AcDbEntity
  8
--4N-THT. MCB-MCCB-ACB
100
AcDbCircle
 10
-17.00212567492524
 20
-31.02623854767208
 30
0.0
 40
2.999999999999998
  0
CIRCLE
  5
AB
330
2F
100
AcDbEntity
  8
--4N-THT. MCB-MCCB-ACB
100
AcDbCircle
 10
0.9989498651643557
 20
-31.02588001051053
 30
0.0
 40
2.999999999999998
  0
CIRCLE
  5
AC
330
2F
100
AcDbEntity
  8
--4N-THT. MCB-MCCB-ACB
100
AcDbCircle
 10
18.9964402478158
 20
-31.02552154475533
 30
0.0
 40
2.999999999999998
  0
LWPOLYLINE
  5
AD
330
2F
100
AcDbEntity
  8
--4N-THT. MCB-MCCB-ACB
100
AcDbPolyline
 90
51
 70
0
 10
-22.33170876544818
 20
27.6458628570199
 10
-22.19189183807384
 20
27.43433578276928
 10
-22.04490452439267
 20
27.22639372314917
 10
-21.88716159555542
 20
27.0256217642018
 10
-21.72224820901237
 20
26.83201997733159
 10
-21.55016436475625
 20
26.64558836254037
 10
-21.37449529165087
 20
26.46274183378774
 10
-21.18448537453286
 20
26.29065049174461
 10
-20.99447531460236
 20
26.1257294645966
 10
-20.79370963951578
 20
25.96797853811768
 10
-20.58577350672339
 20
25.81739778371958
 10
-20.3742520022547
 20
25.67757243025336
 10
-20.15556004008749
 20
25.5449172488643
 10
-19.93328270624396
 20
25.42301746840895
 10
-19.70742007213766
 20
25.30828793143883
 10
-19.47438690891931
 20
25.20431372399436
 10
-19.23776844543817
 20
25.10750976003693
 10
-18.997564610288
 20
25.02146119701138
 10
-18.75736056091181
 20
24.94616810632579
 10
-18.50998598242358
 20
24.88163034516584
 10
-18.26261126111557
 20
24.82426289889737
 10
-18.01165116813853
 20
24.77765085356442
 10
-17.76069086094275
 20
24.7417942805696
 10
-17.50614518207793
 20
24.71669310850849
 10
-17.2515992889871
 20
24.70234740878733
 10
-16.99705325308377
 20
24.69517202396128
 10
-16.74250693155545
 20
24.70233726892003
 10
-16.48796046720735
 20
24.71667282877207
 10
-16.23699894607625
 20
24.74176393237395
 10
-15.98245205328339
 20
24.77761043690771
 10
-15.73507526116508
 20
24.82421255659575
 10
-15.48769825482076
 20
24.88157014862555
 10
-15.24032110565667
 20
24.94609805554683
 10
-14.99652889971684
 20
25.02138150621796
 10
-14.75632163700856
 20
25.10742050063528
 10
-14.51969931751727
 20
25.20421503880062
 10
-14.29024717011406
 20
25.3081800346754
 10
-14.06079480847756
 20
25.42290050289012
 10
-13.83851261892186
 20
25.54479142881247
 10
-13.62340053004072
 20
25.6774379698909
 10
-13.40828829834708
 20
25.81725482586263
 10
-13.20393132476374
 20
25.96782736839669
 10
-13.00315936581818
 20
26.12557029723213
 10
-12.80955757894616
 20
26.29048368377699
 10
-12.62312596415494
 20
26.46256752802948
 10
-12.44386445003101
 20
26.64540698743623
 10
-12.2717731794014
 20
26.83183174710576
 10
-12.10685208084532
 20
27.02542696448473
 10
-11.94910115436277
 20
27.22619263957132
 10
-11.80210555741131
 20
27.43412884377359
 10
-11.66228020394691
 20
27.64565034823864
  0
LWPOLYLINE
  5
AE
330
2F
100
AcDbEntity
  8
--4N-THT. MCB-MCCB-ACB
100
AcDbPolyline
 90
19
 70
0
 10
-33.07647840349591
 20
24.99664551221759
 10
-32.99401921096205
 20
25.02532512941799
 10
-32.74305640449665
 20
25.1149490670614
 10
-32.49926369871309
 20
25.21532861985907
 10
-32.25905600755277
 20
25.3228785589563
 10
-32.02243318821047
 20
25.44476919925001
 10
-31.78939538350596
 20
25.57383022584327
 10
-31.56711283691174
 20
25.71364693900069
 10
-31.34841530495532
 20
25.86063403845765
 10
-31.13330271621589
 20
26.01837668166264
 10
-30.9289453856013
 20
26.18687501143178
 10
-30.73175822706025
 20
26.36254379890853
 10
-30.53815608314971
 20
26.54538297268483
 10
-30.35530926877026
 20
26.73539267558045
 10
-30.18321771250839
 20
26.93615806503659
 10
-30.014711242276
 20
27.14050868334744
 10
-29.85696010158198
 20
27.35202983077398
 10
-29.70996421899826
 20
27.57430666476285
 10
-29.66335574404137
 20
27.64600888540009
  0
LWPOLYLINE
  5
AF
330
2F
100
AcDbEntity
  8
--4N-THT. MCB-MCCB-ACB
100
AcDbPolyline
 90
19
 70
0
 10
-22.33170876544818
 20
27.6458628570199
 10
-22.28510314679215
 20
27.57415877978747
 10
-22.13811611874325
 20
27.35187609038077
 10
-21.98037340413202
 20
27.14034865909344
 10
-21.8118750743647
 20
26.93599132847522
 10
-21.63620635829056
 20
26.73521901248933
 10
-21.45695227055466
 20
26.54520209743533
 10
-21.26335741021239
 20
26.362355211646
 10
-21.06617724960733
 20
26.1866785693419
 10
-20.85824147385346
 20
26.01817202770873
 10
-20.64672032642329
 20
25.86042088700743
 10
-20.42802864988106
 20
25.71342507583359
 10
-20.20216651563305
 20
25.57359943673692
 10
-19.97271900970872
 20
25.44452919857214
 10
-19.73610104607859
 20
25.32262913248633
 10
-19.49589763937319
 20
25.21506962478089
 10
-19.252108932405
 20
25.11468036056068
 10
-19.00114969632477
 20
25.02504642586429
 10
-18.9186916463127
 20
24.99636352391827
  0
LWPOLYLINE
  5
B0
330
2F
100
AcDbEntity
  8
--4N-THT. MCB-MCCB-ACB
100
AcDbPolyline
 90
19
 70
0
 10
-4.334218382804003
 20
27.64550439126652
 10
-4.284027606697684
 20
27.57380024262603
 10
-4.137040578648786
 20
27.35151755321932
 10
-3.979297864037555
 20
27.13999012193017
 10
-3.81438469171325
 20
26.93563286272002
 10
-3.638715975646384
 20
26.73486054673413
 10
-3.455876730460197
 20
26.54484356027388
 10
-3.265867027568212
 20
26.3619967458908
 10
-3.065101709520142
 20
26.18632003217864
 10
-2.860751091209287
 20
26.01781356195353
 10
-2.649229943779111
 20
25.86006242125405
 10
-2.43053826723689
 20
25.71306661007839
 10
-2.204676132988872
 20
25.57324097098172
 10
-1.975228627064545
 20
25.44417073281694
 10
-1.738610663434421
 20
25.32227066673114
 10
-1.498407256729016
 20
25.21471115902569
 10
-1.251033392317815
 20
25.11432182339741
 10
-1.003659313680593
 20
25.0246879601109
 10
-0.9212012636612527
 20
24.99600505816307
  0
LWPOLYLINE
  5
B1
330
2F
100
AcDbEntity
  8
--4N-THT. MCB-MCCB-ACB
100
AcDbPolyline
 90
17
 70
0
 10
-18.9186916463127
 20
24.99636352391827
 10
-18.61754013456583
 20
24.91031374696468
 10
-18.39167635793773
 20
24.85294672914279
 10
-18.16222720964787
 20
24.80633511225461
 10
-17.93277791853824
 20
24.76689381025791
 10
-17.69974332716582
 20
24.73462275174826
 10
-17.46670852157467
 20
24.71310716558038
 10
-17.2300883443072
 20
24.70234698034256
 10
-16.99705325308377
 20
24.69517202396128
 10
-16.76401787623535
 20
24.70233769736479
 10
-16.5309824279734
 20
24.71308852821677
 10
-16.29794676549272
 20
24.7345948314087
 10
-16.06491088878601
 20
24.76685660694057
 10
-15.83187486925953
 20
24.80628869736575
 10
-15.60600902182113
 20
24.85289124549855
 10
-15.37655780270642
 20
24.91024919456505
 10
-15.07540286340144
 20
24.99628697505615
  0
LWPOLYLINE
  5
B2
330
2F
100
AcDbEntity
  8
--4N-THT. MCB-MCCB-ACB
100
AcDbPolyline
 90
19
 70
0
 10
-36.91976718639989
 20
24.99672206107972
 10
-36.84447930846863
 20
24.97520961684132
 10
-36.61861567465302
 20
24.91067228412613
 10
-36.38916674058191
 20
24.85330519489799
 10
-36.15971759229205
 20
24.80669357800799
 10
-35.93026830118242
 20
24.7672522760131
 10
-35.69723370981
 20
24.73498121750346
 10
-35.46419890421884
 20
24.71346563133375
 10
-35.23116388440166
 20
24.70270551750583
 10
-34.99812879317823
 20
24.69553056112273
 10
-34.76509341632981
 20
24.70269623452806
 10
-34.52847281061758
 20
24.71344699397196
 10
-34.29543714813689
 20
24.73495329716207
 10
-34.06240127143018
 20
24.76721507269395
 10
-33.83295040935399
 20
24.8066472345272
 10
-33.60349940446531
 20
24.85324971125375
 10
-33.37763334280089
 20
24.91060773172832
 10
-33.15176713832397
 20
24.97513606709436
 10
-33.07647840349591
 20
24.99664551221759
  0
LWPOLYLINE
  5
B3
330
2F
100
AcDbEntity
  8
--4N-THT. MCB-MCCB-ACB
100
AcDbPolyline
 90
51
 70
0
 10
-40.33278430554264
 20
27.64622139418317
 10
-40.19296737816102
 20
27.43469431993072
 10
-40.04598006448713
 20
27.22675226031243
 10
-39.88823713564988
 20
27.02598030136324
 10
-39.72332374910683
 20
26.83237851449304
 10
-39.55123990485071
 20
26.64594689970182
 10
-39.37198567429504
 20
26.46310029954294
 10
-39.18556091462733
 20
26.29100902890787
 10
-38.99196569725381
 20
26.1260879303518
 10
-38.79120002216723
 20
25.96833700387288
 10
-38.58684904681786
 20
25.81775632088103
 10
-38.37532754234916
 20
25.67793096741481
 10
-38.15663558017467
 20
25.54527578602575
 10
-37.93435824633843
 20
25.4233760055704
 10
-37.70491045478183
 20
25.30864639719403
 10
-37.47546244901377
 20
25.20467226115762
 10
-37.23884398553263
 20
25.10786829719837
 10
-36.99864015037519
 20
25.02181973417283
 10
-36.75485094355599
 20
24.94652657207917
 10
-36.51106152251804
 20
24.88198888232729
 10
-36.26010164375975
 20
24.82462136465257
 10
-36.012726708233
 20
24.77800939072587
 10
-35.7581812435942
 20
24.7421527463248
 10
-35.5072207221724
 20
24.71705164567175
 10
-35.25267482908156
 20
24.70270594595059
 10
-34.99812879317823
 20
24.69553056112273
 10
-34.74358247164991
 20
24.70269580608147
 10
-34.48903600729454
 20
24.71703136593534
 10
-34.2344893287277
 20
24.74212239812915
 10
-33.98352759337785
 20
24.77796897406916
 10
-33.73256564380926
 20
24.82457102235095
 10
-33.48518863746494
 20
24.88192861437893
 10
-33.23781148830085
 20
24.94645652130203
 10
-32.99401928236829
 20
25.02173997197134
 10
-32.75739717710302
 20
25.10777903779672
 10
-32.52077485761173
 20
25.20457357596388
 10
-32.28773755275824
 20
25.30853850043059
 10
-32.06187034857202
 20
25.42325904005157
 10
-31.83958815901632
 20
25.54514996597391
 10
-31.6208909126849
 20
25.67779643564609
 10
-31.40936383843427
 20
25.81761336302407
 10
-31.20142170740791
 20
25.96818583415189
 10
-31.00423490590537
 20
26.12592883439539
 10
-30.80704796159034
 20
26.29084214953037
 10
-30.62061634679912
 20
26.46292599378285
 10
-30.44135483268246
 20
26.64576545319143
 10
-30.26926356204557
 20
26.83219021286096
 10
-30.1043424634895
 20
27.02578543023993
 10
-29.95017669445724
 20
27.22655117673276
 10
-29.80318109750578
 20
27.43448738093685
 10
-29.66335574404137
 20
27.64600888540009
  0
LWPOLYLINE
  5
B4
330
2F
100
AcDbEntity
  8
--4N-THT. MCB-MCCB-ACB
100
AcDbPolyline
 90
19
 70
0
 10
-40.33278430554264
 20
27.64622139418317
 10
-40.28617868688661
 20
27.57451731695074
 10
-40.13560650138741
 20
27.35223455613596
 10
-39.97786378677619
 20
27.14070712484682
 10
-39.81295061445189
 20
26.93634986563667
 10
-39.63728189838502
 20
26.73557754965078
 10
-39.45444265319883
 20
26.54556056319053
 10
-39.26443295030685
 20
26.36271374880744
 10
-39.06725278970179
 20
26.18703710650335
 10
-38.85931701394792
 20
26.01853056487017
 10
-38.64779586651775
 20
25.8607794241707
 10
-38.42910418997553
 20
25.71378361299504
 10
-38.20324205572751
 20
25.57395797389837
 10
-37.97379454980318
 20
25.44488773573358
 10
-37.73717658617306
 20
25.32298766964778
 10
-37.49697317946765
 20
25.21542816194234
 10
-37.24959931505645
 20
25.11503882631406
 10
-37.00222523641923
 20
25.02540496302755
 10
-36.91976718639989
 20
24.99672206107972
  0
LWPOLYLINE
  5
B5
330
2F
100
AcDbEntity
  8
--4N-THT. MCB-MCCB-ACB
100
AcDbPolyline
 90
19
 70
0
 10
-15.07540286340144
 20
24.99628697505615
 10
-14.99294367086758
 20
25.02496659225654
 10
-14.74556602185247
 20
25.1145906013062
 10
-14.49818815861862
 20
25.21497008269581
 10
-14.2579804674583
 20
25.32252002179485
 10
-14.021357648116
 20
25.44441066208675
 10
-13.7919050008545
 20
25.57347176008808
 10
-13.56603729681728
 20
25.71328840183742
 10
-13.34733976486085
 20
25.86027550129621
 10
-13.13581233357171
 20
26.01801821590926
 10
-12.92786984550684
 20
26.18651647426851
 10
-12.73068268696578
 20
26.36218526174526
 10
-12.54066570050553
 20
26.54502450693145
 10
-12.35781888612609
 20
26.73503420982525
 10
-12.18214217241392
 20
26.93579952787332
 10
-12.01722085963182
 20
27.14015021759224
 10
-11.85946971893053
 20
27.35167136501878
 10
-11.70888867890379
 20
27.57394812760141
 10
-11.66228020394691
 20
27.64565034823864
  0
LWPOLYLINE
  5
B6
330
2F
100
AcDbEntity
  8
--4N-THT. MCB-MCCB-ACB
100
AcDbPolyline
 90
51
 70
0
 10
-4.334218382804003
 20
27.64550439126652
 10
-4.194401455422386
 20
27.43397731701408
 10
-4.047414141741221
 20
27.22603525739579
 10
-3.889671212911245
 20
27.0252632984466
 10
-3.724757826360921
 20
26.83166151157639
 10
-3.552673982112075
 20
26.64522989678518
 10
-3.373419751556404
 20
26.46238329662447
 10
-3.186994991888688
 20
26.29029202599123
 10
-2.993399774507899
 20
26.12537092743333
 10
-2.792634099421313
 20
25.96762000095624
 10
-2.588283124071942
 20
25.81703931796438
 10
-2.373176462167513
 20
25.67721389309009
 10
-2.158069657436037
 20
25.54455878310911
 10
-1.935792323592515
 20
25.42265900265376
 10
-1.706344532043196
 20
25.30792939427739
 10
-1.473311368824845
 20
25.20395518683291
 10
-1.240278062786721
 20
25.10715129428173
 10
-1.000074227636552
 20
25.02110273125619
 10
-0.7562850208173515
 20
24.94580956916253
 10
-0.5089104423291176
 20
24.88127180800257
 10
-0.2615357210211116
 20
24.82390436173592
 10
-0.0105756280513489
 20
24.77729231640115
 10
0.2403846791444337
 20
24.74143574340815
 10
0.494930358016525
 20
24.71633457134704
 10
0.7458910936570718
 20
24.70198894303395
 10
1.000437129560403
 20
24.69481355820609
 10
1.254983451096002
 20
24.70197880316483
 10
1.509529915444097
 20
24.71631436301869
 10
1.764076594010937
 20
24.74140539521068
 10
2.015038329360784
 20
24.77725197115252
 10
2.266000278929375
 20
24.8238540194343
 10
2.513377285273698
 20
24.88121161146228
 10
2.760754434437792
 20
24.94573951838539
 10
3.004546640370342
 20
25.02102296905469
 10
3.241168745635611
 20
25.10706203488008
 10
3.477791065126901
 20
25.20385657304724
 10
3.710828369980397
 20
25.30782149751213
 10
3.936695574166613
 20
25.42254203713492
 10
4.158977763722312
 20
25.54443296305727
 10
4.377675010053742
 20
25.67707943272945
 10
4.589202084304368
 20
25.81689636010743
 10
4.797144215330725
 20
25.96746883123524
 10
4.997916174276276
 20
26.12521176007068
 10
5.191517961148299
 20
26.29012514661372
 10
5.377949575939517
 20
26.46220899086621
 10
5.557211090063454
 20
26.64504845027478
 10
5.729302360693061
 20
26.83147320994431
 10
5.89422345924914
 20
27.02506842732328
 10
6.048389228281401
 20
27.22583417381612
 10
6.195384825232856
 20
27.43377037802021
 10
6.335210178704535
 20
27.64529188248344
  0
LWPOLYLINE
  5
B7
330
2F
100
AcDbEntity
  8
--4N-THT. MCB-MCCB-ACB
100
AcDbPolyline
 90
18
 70
0
 10
-0.9212012636612527
 20
24.99600505816307
 10
-0.6200497519143866
 20
24.90995528120949
 10
-0.3906008178432714
 20
24.85258819198135
 10
-0.1611516695534121
 20
24.80597657509135
 10
0.0682976215562192
 20
24.76653527309646
 10
0.3013322129286351
 20
24.73426421458681
 10
0.5343670185197951
 20
24.71274862841711
 10
0.7674020383369751
 20
24.70198851458736
 10
1.000437129560403
 20
24.69481355820609
 10
1.237057663859111
 20
24.70197916020334
 10
1.470093112121055
 20
24.71272999105532
 10
1.703128774601744
 20
24.73423629424543
 10
1.936164651308452
 20
24.76649806977731
 10
2.165615513384643
 20
24.80593023161056
 10
2.395066518273331
 20
24.8525327083371
 10
2.62093257993775
 20
24.90989072881167
 10
2.846798784421942
 20
24.97441906417772
 10
2.92208751924273
 20
24.99592850930095
  0
LWPOLYLINE
  5
B8
330
2F
100
AcDbEntity
  8
--4N-THT. MCB-MCCB-ACB
100
AcDbPolyline
 90
19
 70
0
 10
2.92208751924273
 20
24.99592850930095
 10
3.008131869226879
 20
25.02460805509509
 10
3.255509518241986
 20
25.11423206414475
 10
3.499302224032824
 20
25.21461161694061
 10
3.73950991518587
 20
25.32216155603965
 10
3.976132734528171
 20
25.44405219633337
 10
4.209170539239956
 20
25.57311322292663
 10
4.435038243277183
 20
25.71292986467598
 10
4.653735775233606
 20
25.85991696413294
 10
4.865263206522747
 20
26.01765967874599
 10
5.069620537137332
 20
26.18615800851513
 10
5.266807695678387
 20
26.36182679599188
 10
5.460409839588926
 20
26.54466596976818
 10
5.643256653968371
 20
26.73467567266199
 10
5.818933367680536
 20
26.93544099071188
 10
5.983854680462634
 20
27.1397916804308
 10
6.141605821163928
 20
27.35131282785733
 10
6.288601703740376
 20
27.57358966184621
 10
6.335210178704535
 20
27.64529188248344
  0
LWPOLYLINE
  5
B9
330
2F
100
AcDbEntity
  8
--4N-THT. MCB-MCCB-ACB
100
AcDbPolyline
 90
2
 70
0
 10
14.67426197845135
 20
26.41900194180381
 10
14.67067682100833
 20
26.41900201321187
  0
LWPOLYLINE
  5
BA
330
2F
100
AcDbEntity
  8
--4N-THT. MCB-MCCB-ACB
100
AcDbPolyline
 90
2
 70
0
 10
14.000232027322
 20
25.39724549409767
 10
24.00282130373172
 20
25.39704626711319
  0
LWPOLYLINE
  5
BB
330
2F
100
AcDbEntity
  8
--4N-THT. MCB-MCCB-ACB
100
AcDbPolyline
 90
2
 70
0
 10
24.00312200080453
 20
40.49414427534612
 10
24.00282130373172
 20
25.39704626711319
  0
LWPOLYLINE
  5
BC
330
2F
100
AcDbEntity
  8
--4N-THT. MCB-MCCB-ACB
100
AcDbPolyline
 90
2
 70
0
 10
14.00053272439482
 20
40.49434350232878
 10
14.000232027322
 20
25.39724549409767
  0
LWPOLYLINE
  5
BD
330
2F
100
AcDbEntity
  8
--4N-THT. MCB-MCCB-ACB
100
AcDbPolyline
 90
2
 70
0
 10
6.002046460710069
 20
40.49450281250757
 10
6.001745763637252
 20
25.39740480427646
  0
LWPOLYLINE
  5
BE
330
2F
100
AcDbEntity
  8
--4N-THT. MCB-MCCB-ACB
100
AcDbPolyline
 90
2
 70
0
 10
-3.997258355322166
 20
25.39760395985105
 10
6.001745763637252
 20
25.39740480427646
  0
LWPOLYLINE
  5
BF
330
2F
100
AcDbEntity
  8
--4N-THT. MCB-MCCB-ACB
100
AcDbPolyline
 90
2
 70
0
 10
-3.996957658256626
 20
40.49470196808398
 10
-3.997258355322166
 20
25.39760395985105
  0
LWPOLYLINE
  5
C0
330
2F
100
AcDbEntity
  8
--4N-THT. MCB-MCCB-ACB
100
AcDbPolyline
 90
2
 70
0
 10
-21.99833389541663
 20
25.39796249701431
 10
-11.99932977645721
 20
25.3977633414379
  0
LWPOLYLINE
  5
C1
330
2F
100
AcDbEntity
  8
--4N-THT. MCB-MCCB-ACB
100
AcDbPolyline
 90
2
 70
0
 10
-11.99902907938439
 20
40.49486134966901
 10
-11.99932977645721
 20
25.3977633414379
  0
LWPOLYLINE
  5
C2
330
2F
100
AcDbEntity
  8
--4N-THT. MCB-MCCB-ACB
100
AcDbPolyline
 90
2
 70
0
 10
-29.99651946202856
 20
40.49521981542421
 10
-29.99682015910138
 20
25.3981218071931
  0
LWPOLYLINE
  5
C3
330
2F
100
AcDbEntity
  8
--4N-THT. MCB-MCCB-ACB
100
AcDbPolyline
 90
2
 70
0
 10
-39.99582427806808
 20
25.39832096276769
 10
-29.99682015910138
 20
25.3981218071931
  0
LWPOLYLINE
  5
C4
330
2F
100
AcDbEntity
  8
--4N-THT. MCB-MCCB-ACB
100
AcDbPolyline
 90
2
 70
0
 10
-39.99552358099526
 20
40.49541897100062
 10
-39.99582427806808
 20
25.39832096276769
  0
LWPOLYLINE
  5
C5
330
2F
100
AcDbEntity
  8
--4N-THT. MCB-MCCB-ACB
100
AcDbPolyline
 90
2
 70
0
 10
-44.99891949263611
 20
24.99688290649829
 10
45.00108047166078
 20
24.99509039922851
  0
CIRCLE
  5
C6
330
2F
100
AcDbEntity
  8
--4N-THT. MCB-MCCB-ACB
100
AcDbCircle
 10
-34.99800278316118
 20
31.02211562917118
 30
0.0
 40
2.999999999999998
  0
LINE
  5
C7
330
2F
100
AcDbEntity
  8
--4N-THT. MCB-MCCB-ACB
100
AcDbLine
 10
-21.99833389541663
 20
25.39796249701431
 30
0.0
 11
-21.99803319834622
 21
40.49506050524553
 31
0.0
  0
CIRCLE
  5
C8
330
2F
100
AcDbEntity
  8
--4N-THT. MCB-MCCB-ACB
100
AcDbCircle
 10
-17.00051240051213
 20
31.02175716341609
 30
0.0
 40
2.999999999999998
  0
CIRCLE
  5
C9
330
2F
100
AcDbEntity
  8
--4N-THT. MCB-MCCB-ACB
100
AcDbCircle
 10
1.000563139577458
 20
31.02139862625453
 30
0.0
 40
2.999999999999998
  0
CIRCLE
  5
CA
330
2F
100
AcDbEntity
  8
--4N-THT. MCB-MCCB-ACB
100
AcDbCircle
 10
18.99805352222891
 20
31.02104016049934
 30
0.0
 40
2.999999999999998
  0
LINE
  5
CB
330
2F
100
AcDbEntity
  8
--4N-THT. MCB-MCCB-ACB
100
AcDbLine
 10
21.79936759168641
 20
20.40132450388774
 30
0.0
 11
21.79952690186338
 21
12.4028382402048
 31
0.0
  0
LINE
  5
CC
330
2F
100
AcDbEntity
  8
--4N-THT. MCB-MCCB-ACB
100
AcDbLine
 10
42.99921822698025
 20
42.5004780054096
 30
0.0
 11
42.99951399693465
 21
27.65075586100284
 31
0.0
  0
CIRCLE
  5
CD
330
2F
100
AcDbEntity
  8
--4N-THT. MCB-MCCB-ACB
100
AcDbCircle
 10
0.9997759276616164
 20
0.0
 30
0.0
 40
14.76077162958968
  0
ENDBLK
  5
31
330
2F
100
AcDbEntity
  8
0
100
AcDbBlockEnd
  0
ENDSEC
  0
SECTION
  2
ENTITIES
  0
INSERT
  5
D2
330
17
100
AcDbEntity
  8
0
100
AcDbBlockReference
  2
06 - N - SC INS 28901~5 4P
 10
45.00112037955251
 20
44.50065671959965
 30
0.0
  0
ENDSEC
  0
SECTION
  2
OBJECTS
  0
DICTIONARY
  5
A
330
0
100
AcDbDictionary
281
1
  3
ACAD_COLOR
350
B
  3
ACAD_GROUP
350
C
  3
ACAD_LAYOUT
350
D
  3
ACAD_MATERIAL
350
E
  3
ACAD_MLEADERSTYLE
350
F
  3
ACAD_MLINESTYLE
350
10
  3
ACAD_PLOTSETTINGS
350
11
  3
ACAD_PLOTSTYLENAME
350
12
  3
ACAD_SCALELIST
350
14
  3
ACAD_TABLESTYLE
350
15
  3
ACAD_VISUALSTYLE
350
16
  3
EZDXF_META
350
2D
  0
DICTIONARY
  5
B
330
A
100
AcDbDictionary
281
1
  0
DICTIONARY
  5
C
330
A
100
AcDbDictionary
281
1
  0
DICTIONARY
  5
D
330
A
100
AcDbDictionary
281
1
  3
Model
350
1A
  3
Layout1
350
1E
  0
DICTIONARY
  5
E
330
A
100
AcDbDictionary
281
1
  3
ByBlock
350
1F
  3
ByLayer
350
20
  3
Global
350
21
  0
DICTIONARY
  5
F
330
A
100
AcDbDictionary
281
1
  3
Standard
350
2C
  0
DICTIONARY
  5
10
330
A
100
AcDbDictionary
281
1
  3
Standard
350
22
  0
DICTIONARY
  5
11
330
A
100
AcDbDictionary
281
1
  0
ACDBDICTIONARYWDFLT
  5
12
330
A
100
AcDbDictionary
281
1
  3
Normal
350
13
100
AcDbDictionaryWithDefault
340
13
  0
ACDBPLACEHOLDER
  5
13
330
12
  0
DICTIONARY
  5
14
330
A
100
AcDbDictionary
281
1
  0
DICTIONARY
  5
15
330
A
100
AcDbDictionary
281
1
  0
DICTIONARY
  5
16
330
A
100
AcDbDictionary
281
1
  0
LAYOUT
  5
1A
330
D
100
AcDbPlotSettings
  1

  4
A3
  6

 40
7.5
 41
20.0
 42
7.5
 43
20.0
 44
420.0
 45
297.0
 46
0.0
 47
0.0
 48
0.0
 49
0.0
140
0.0
141
0.0
142
1.0
143
1.0
 70
1024
 72
1
 73
0
 74
5
  7

 75
16
 76
0
 77
2
 78
300
147
1.0
148
0.0
149
0.0
100
AcDbLayout
  1
Model
 70
1
 71
0
 10
0.0
 20
0.0
 11
420.0
 21
297.0
 12
0.0
 22
0.0
 32
0.0
 14
1e+20
 24
1e+20
 34
1e+20
 15
-1e+20
 25
-1e+20
 35
-1e+20
146
0.0
 13
0.0
 23
0.0
 33
0.0
 16
1.0
 26
0.0
 36
0.0
 17
0.0
 27
1.0
 37
0.0
 76
1
330
17
  0
LAYOUT
  5
1E
330
D
100
AcDbPlotSettings
  1

  4
A3
  6

 40
7.5
 41
20.0
 42
7.5
 43
20.0
 44
420.0
 45
297.0
 46
0.0
 47
0.0
 48
0.0
 49
0.0
140
0.0
141
0.0
142
1.0
143
1.0
 70
0
 72
1
 73
0
 74
5
  7

 75
16
 76
0
 77
2
 78
300
147
1.0
148
0.0
149
0.0
100
AcDbLayout
  1
Layout1
 70
1
 71
1
 10
0.0
 20
0.0
 11
420.0
 21
297.0
 12
0.0
 22
0.0
 32
0.0
 14
1e+20
 24
1e+20
 34
1e+20
 15
-1e+20
 25
-1e+20
 35
-1e+20
146
0.0
 13
0.0
 23
0.0
 33
0.0
 16
1.0
 26
0.0
 36
0.0
 17
0.0
 27
1.0
 37
0.0
 76
1
330
1B
  0
MATERIAL
  5
1F
102
{ACAD_REACTORS
330
E
102
}
330
E
100
AcDbMaterial
  1
ByBlock
  2

 70
0
 40
1.0
 71
1
 41
1.0
 91
-1023410177
 42
1.0
 72
1
  3

 73
1
 74
1
 75
1
 44
0.5
 73
0
 45
1.0
 46
1.0
 77
1
  4

 78
1
 79
1
170
1
 48
1.0
171
1
  6

172
1
173
1
174
1
140
1.0
141
1.0
175
1
  7

176
1
177
1
178
1
143
1.0
179
1
  8

270
1
271
1
272
1
145
1.0
146
1.0
273
1
  9

274
1
275
1
276
1
 42
1.0
 72
1
  3

 73
1
 74
1
 75
1
 94
63
  0
MATERIAL
  5
20
102
{ACAD_REACTORS
330
E
102
}
330
E
100
AcDbMaterial
  1
ByLayer
  2

 70
0
 40
1.0
 71
1
 41
1.0
 91
-1023410177
 42
1.0
 72
1
  3

 73
1
 74
1
 75
1
 44
0.5
 73
0
 45
1.0
 46
1.0
 77
1
  4

 78
1
 79
1
170
1
 48
1.0
171
1
  6

172
1
173
1
174
1
140
1.0
141
1.0
175
1
  7

176
1
177
1
178
1
143
1.0
179
1
  8

270
1
271
1
272
1
145
1.0
146
1.0
273
1
  9

274
1
275
1
276
1
 42
1.0
 72
1
  3

 73
1
 74
1
 75
1
 94
63
  0
MATERIAL
  5
21
102
{ACAD_REACTORS
330
E
102
}
330
E
100
AcDbMaterial
  1
Global
  2

 70
0
 40
1.0
 71
1
 41
1.0
 91
-1023410177
 42
1.0
 72
1
  3

 73
1
 74
1
 75
1
 44
0.5
 73
0
 45
1.0
 46
1.0
 77
1
  4

 78
1
 79
1
170
1
 48
1.0
171
1
  6

172
1
173
1
174
1
140
1.0
141
1.0
175
1
  7

176
1
177
1
178
1
143
1.0
179
1
  8

270
1
271
1
272
1
145
1.0
146
1.0
273
1
  9

274
1
275
1
276
1
 42
1.0
 72
1
  3

 73
1
 74
1
 75
1
 94
63
  0
MLINESTYLE
  5
22
102
{ACAD_REACTORS
330
10
102
}
330
10
100
AcDbMlineStyle
  2
Standard
 70
0
  3

 62
256
 51
90.0
 52
90.0
 71
2
 49
0.5
 62
256
  6
BYLAYER
 49
-0.5
 62
256
  6
BYLAYER
  0
MLEADERSTYLE
  5
2C
102
{ACAD_REACTORS
330
F
102
}
330
F
100
AcDbMLeaderStyle
179
2
170
2
171
1
172
0
 90
2
 40
0.0
 41
0.0
173
1
 91
-1056964608
 92
-2
290
1
 42
2.0
291
1
 43
8.0
  3
Standard
 44
4.0
300

342
29
174
1
175
1
176
0
178
1
 93
-1056964608
 45
4.0
292
0
297
0
 46
4.0
 94
-1056964608
 47
1.0
 49
1.0
140
1.0
294
1
141
0.0
177
0
142
1.0
295
0
296
0
143
3.75
271
0
272
9
273
9
  0
DICTIONARY
  5
2D
330
A
100
AcDbDictionary
280
1
281
1
  3
CREATED_BY_EZDXF
350
2E
  3
WRITTEN_BY_EZDXF
350
D6
  0
DICTIONARYVAR
  5
2E
330
2D
100
DictionaryVariables
280
0
  1
1.4.4 @ 2026-09-23T12:53:29.352369+00:00
  0
DICTIONARYVAR
  5
D6
330
2D
100
DictionaryVariables
280
0
  1
1.4.4 @ 2026-09-23T12:53:29.430172+00:00
  0
ENDSEC
  0
EOF
