  0
SECTION
  2
HEADER
  9
$ACADVER
  1
AC1032
  9
$ACADMAINTVER
 90
4
  9
$DWGCODEPAGE
  3
ANSI_1252
  9
$LASTSAVEDBY
  1
ezdxf
  9
$REQUIREDVERSIONS
160
0
  9
$INSBASE
 10
0.0
 20
0.0
 30
0.0
  9
$EXTMIN
 10
1e+20
 20
1e+20
 30
1e+20
  9
$EXTMAX
 10
-1e+20
 20
-1e+20
 30
-1e+20
  9
$LIMMIN
 10
0.0
 20
0.0
  9
$LIMMAX
 10
420.0
 20
297.0
  9
$ORTHOMODE
 70
0
  9
$REGENMODE
 70
1
  9
$FILLMODE
 70
1
  9
$QTEXTMODE
 70
0
  9
$MIRRTEXT
 70
1
  9
$LTSCALE
 40
1.0
  9
$ATTMODE
 70
1
  9
$TEXTSIZE
 40
2.5
  9
$TRACEWID
 40
1.0
  9
$TEXTSTYLE
  7
Standard
  9
$CLAYER
  8
0
  9
$CELTYPE
  6
ByLayer
  9
$CECOLOR
 62
256
  9
$CELTSCALE
 40
1.0
  9
$DISPSILH
 70
0
  9
$DIMSCALE
 40
1.0
  9
$DIMASZ
 40
2.5
  9
$DIMEXO
 40
0.625
  9
$DIMDLI
 40
3.75
  9
$DIMRND
 40
0.0
  9
$DIMDLE
 40
0.0
  9
$DIMEXE
 40
1.25
  9
$DIMTP
 40
0.0
  9
$DIMTM
 40
0.0
  9
$DIMTXT
 40
2.5
  9
$DIMCEN
 40
2.5
  9
$DIMTSZ
 40
0.0
  9
$DIMTOL
 70
0
  9
$DIMLIM
 70
0
  9
$DIMTIH
 70
0
  9
$DIMTOH
 70
0
  9
$DIMSE1
 70
0
  9
$DIMSE2
 70
0
  9
$DIMTAD
 70
1
  9
$DIMZIN
 70
8
  9
$DIMBLK
  1

  9
$DIMASO
 70
1
  9
$DIMSHO
 70
1
  9
$DIMPOST
  1

  9
$DIMAPOST
  1

  9
$DIMALT
 70
0
  9
$DIMALTD
 70
3
  9
$DIMALTF
 40
0.03937007874
  9
$DIMLFAC
 40
1.0
  9
$DIMTOFL
 70
1
  9
$DIMTVP
 40
0.0
  9
$DIMTIX
 70
0
  9
$DIMSOXD
 70
0
  9
$DIMSAH
 70
0
  9
$DIMBLK1
  1

  9
$DIMBLK2
  1

  9
$DIMSTYLE
  2
ISO-25
  9
$DIMCLRD
 70
0
  9
$DIMCLRE
 70
0
  9
$DIMCLRT
 70
0
  9
$DIMTFAC
 40
1.0
  9
$DIMGAP
 40
0.625
  9
$DIMJUST
 70
0
  9
$DIMSD1
 70
0
  9
$DIMSD2
 70
0
  9
$DIMTOLJ
 70
0
  9
$DIMTZIN
 70
8
  9
$DIMALTZ
 70
0
  9
$DIMALTTZ
 70
0
  9
$DIMUPT
 70
0
  9
$DIMDEC
 70
2
  9
$DIMTDEC
 70
2
  9
$DIMALTU
 70
2
  9
$DIMALTTD
 70
3
  9
$DIMTXSTY
  7
Standard
  9
$DIMAUNIT
 70
0
  9
$DIMADEC
 70
0
  9
$DIMALTRND
 40
0.0
  9
$DIMAZIN
 70
0
  9
$DIMDSEP
 70
44
  9
$DIMATFIT
 70
3
  9
$DIMFRAC
 70
0
  9
$DIMLDRBLK
  1

  9
$DIMLUNIT
 70
2
  9
$DIMLWD
 70
-2
  9
$DIMLWE
 70
-2
  9
$DIMTMOVE
 70
0
  9
$DIMFXL
 40
1.0
  9
$DIMFXLON
 70
0
  9
$DIMJOGANG
 40
0.785398163397
  9
$DIMTFILL
 70
0
  9
$DIMTFILLCLR
 70
0
  9
$DIMARCSYM
 70
0
  9
$DIMLTYPE
  6

  9
$DIMLTEX1
  6

  9
$DIMLTEX2
  6

  9
$DIMTXTDIRECTION
 70
0
  9
$LUNITS
 70
2
  9
$LUPREC
 70
4
  9
$SKETCHINC
 40
1.0
  9
$FILLETRAD
 40
10.0
  9
$AUNITS
 70
0
  9
$AUPREC
 70
2
  9
$MENU
  1
.
  9
$ELEVATION
 40
0.0
  9
$PELEVATION
 40
0.0
  9
$THICKNESS
 40
0.0
  9
$LIMCHECK
 70
0
  9
$CHAMFERA
 40
0.0
  9
$CHAMFERB
 40
0.0
  9
$CHAMFERC
 40
0.0
  9
$CHAMFERD
 40
0.0
  9
$SKPOLY
 70
0
  9
$TDCREATE
 40
2461307.830046296
  9
$TDUCREATE
 40
2458532.153996898
  9
$TDUPDATE
 40
2461307.830046296
  9
$TDUUPDATE
 40
2458532.1544311
  9
$TDINDWG
 40
0.0
  9
$TDUSRTIMER
 40
0.0
  9
$USRTIMER
 70
1
  9
$ANGBASE
 50
0.0
  9
$ANGDIR
 70
0
  9
$PDMODE
 70
0
  9
$PDSIZE
 40
0.0
  9
$PLINEWID
 40
0.0
  9
$SPLFRAME
 70
0
  9
$SPLINETYPE
 70
6
  9
$SPLINESEGS
 70
8
  9
$HANDSEED
  5
56E
  9
$SURFTAB1
 70
6
  9
$SURFTAB2
 70
6
  9
$SURFTYPE
 70
6
  9
$SURFU
 70
6
  9
$SURFV
 70
6
  9
$UCSBASE
  2

  9
$UCSNAME
  2

  9
$UCSORG
 10
0.0
 20
0.0
 30
0.0
  9
$UCSXDIR
 10
1.0
 20
0.0
 30
0.0
  9
$UCSYDIR
 10
0.0
 20
1.0
 30
0.0
  9
$UCSORTHOREF
  2

  9
$UCSORTHOVIEW
 70
0
  9
$UCSORGTOP
 10
0.0
 20
0.0
 30
0.0
  9
$UCSORGBOTTOM
 10
0.0
 20
0.0
 30
0.0
  9
$UCSORGLEFT
 10
0.0
 20
0.0
 30
0.0
  9
$UCSORGRIGHT
 10
0.0
 20
0.0
 30
0.0
  9
$UCSORGFRONT
 10
0.0
 20
0.0
 30
0.0
  9
$UCSORGBACK
 10
0.0
 20
0.0
 30
0.0
  9
$PUCSBASE
  2

  9
$PUCSNAME
  2

  9
$PUCSORG
 10
0.0
 20
0.0
 30
0.0
  9
$PUCSXDIR
 10
1.0
 20
0.0
 30
0.0
  9
$PUCSYDIR
 10
0.0
 20
1.0
 30
0.0
  9
$PUCSORTHOREF
  2

  9
$PUCSORTHOVIEW
 70
0
  9
$PUCSORGTOP
 10
0.0
 20
0.0
 30
0.0
  9
$PUCSORGBOTTOM
 10
0.0
 20
0.0
 30
0.0
  9
$PUCSORGLEFT
 10
0.0
 20
0.0
 30
0.0
  9
$PUCSORGRIGHT
 10
0.0
 20
0.0
 30
0.0
  9
$PUCSORGFRONT
 10
0.0
 20
0.0
 30
0.0
  9
$PUCSORGBACK
 10
0.0
 20
0.0
 30
0.0
  9
$USERI1
 70
0
  9
$USERI2
 70
0
  9
$USERI3
 70
0
  9
$USERI4
 70
0
  9
$USERI5
 70
0
  9
$USERR1
 40
0.0
  9
$USERR2
 40
0.0
  9
$USERR3
 40
0.0
  9
$USERR4
 40
0.0
  9
$USERR5
 40
0.0
  9
$WORLDVIEW
 70
1
  9
$SHADEDGE
 70
3
  9
$SHADEDIF
 70
70
  9
$TILEMODE
 70
1
  9
$MAXACTVP
 70
64
  9
$PINSBASE
 10
0.0
 20
0.0
 30
0.0
  9
$PLIMCHECK
 70
0
  9
$PEXTMIN
 10
1e+20
 20
1e+20
 30
1e+20
  9
$PEXTMAX
 10
-1e+20
 20
-1e+20
 30
-1e+20
  9
$PLIMMIN
 10
0.0
 20
0.0
  9
$PLIMMAX
 10
420.0
 20
297.0
  9
$UNITMODE
 70
0
  9
$VISRETAIN
 70
1
  9
$PLINEGEN
 70
0
  9
$PSLTSCALE
 70
1
  9
$TREEDEPTH
 70
3020
  9
$CMLSTYLE
  2
Standard
  9
$CMLJUST
 70
0
  9
$CMLSCALE
 40
20.0
  9
$PROXYGRAPHICS
 70
1
  9
$MEASUREMENT
 70
1
  9
$CELWEIGHT
370
-1
  9
$ENDCAPS
280
0
  9
$JOINSTYLE
280
0
  9
$LWDISPLAY
290
0
  9
$INSUNITS
 70
0
  9
$HYPERLINKBASE
  1

  9
$STYLESHEET
  1

  9
$XEDIT
290
1
  9
$CEPSNTYPE
380
0
  9
$PSTYLEMODE
290
1
  9
$FINGERPRINTGUID
  2
{96425B13-8754-4B46-98C0-AD9BE155F209}
  9
$VERSIONGUID
  2
{EF210244-C3CB-45C8-819D-A212F1176ADD}
  9
$EXTNAMES
290
1
  9
$PSVPSCALE
 40
0.0
  9
$OLESTARTUP
290
0
  9
$SORTENTS
280
127
  9
$INDEXCTL
280
0
  9
$HIDETEXT
280
1
  9
$XCLIPFRAME
280
1
  9
$HALOGAP
280
0
  9
$OBSCOLOR
 70
257
  9
$OBSLTYPE
280
0
  9
$INTERSECTIONDISPLAY
280
0
  9
$INTERSECTIONCOLOR
 70
257
  9
$DIMASSOC
280
2
  9
$PROJECTNAME
  1

  9
$CAMERADISPLAY
290
0
  9
$LENSLENGTH
 40
50.0
  9
$CAMERAHEIGHT
 40
0.0
  9
$STEPSPERSEC
 40
24.0
  9
$STEPSIZE
 40
100.0
  9
$3DDWFPREC
 40
2.0
  9
$PSOLWIDTH
 40
0.005
  9
$PSOLHEIGHT
 40
0.08
  9
$LOFTANG1
 40
1.570796326795
  9
$LOFTANG2
 40
1.570796326795
  9
$LOFTMAG1
 40
0.0
  9
$LOFTMAG2
 40
0.0
  9
$LOFTPARAM
 70
7
  9
$LOFTNORMALS
280
1
  9
$LATITUDE
 40
37.795
  9
$LONGITUDE
 40
-122.394
  9
$NORTHDIRECTION
 40
0.0
  9
$TIMEZONE
 70
-8000
  9
$LIGHTGLYPHDISPLAY
280
1
  9
$TILEMODELIGHTSYNCH
280
1
  9
$CMATERIAL
347
20
  9
$SOLIDHIST
280
0
  9
$SHOWHIST
280
1
  9
$DWFFRAME
280
2
  9
$DGNFRAME
280
2
  9
$REALWORLDSCALE
290
1
  9
$INTERFERECOLOR
 62
256
  9
$CSHADOW
280
0
  9
$SHADOWPLANELOCATION
 40
0.0
  0
ENDSEC
  0
SECTION
  2
CLASSES
  0
CLASS
  1
ACDBDICTIONARYWDFLT
  2
AcDbDictionaryWithDefault
  3
ObjectDBX Classes
 90
0
 91
0
280
0
281
0
  0
CLASS
  1
SUN
  2
AcDbSun
  3
SCENEOE
 90
1153
 91
0
280
0
281
0
  0
CLASS
  1
VISUALSTYLE
  2
AcDbVisualStyle
  3
ObjectDBX Classes
 90
4095
 91
0
280
0
281
0
  0
CLASS
  1
MATERIAL
  2
AcDbMaterial
  3
ObjectDBX Classes
 90
1153
 91
0
280
0
281
0
  0
CLASS
  1
SCALE
  2
AcDbScale
  3
ObjectDBX Classes
 90
1153
 91
0
280
0
281
0
  0
CLASS
  1
TABLESTYLE
  2
AcDbTableStyle
  3
ObjectDBX Classes
 90
4095
 91
0
280
0
281
0
  0
CLASS
  1
MLEADERSTYLE
  2
AcDbMLeaderStyle
  3
ACDB_MLEADERSTYLE_CLASS
 90
4095
 91
0
280
0
281
0
  0
CLASS
  1
DICTIONARYVAR
  2
AcDbDictionaryVar
  3
ObjectDBX Classes
 90
0
 91
0
280
0
281
0
  0
CLASS
  1
CELLSTYLEMAP
  2
AcDbCellStyleMap
  3
ObjectDBX Classes
 90
1152
 91
0
280
0
281
0
  0
CLASS
  1
MENTALRAYRENDERSETTINGS
  2
AcDbMentalRayRenderSettings
  3
SCENEOE
 90
1024
 91
0
280
0
281
0
  0
CLASS
  1
ACDBDETAILVIEWSTYLE
  2
AcDbDetailViewStyle
  3
ObjectDBX Classes
 90
1025
 91
0
280
0
281
0
  0
CLASS
  1
ACDBSECTIONVIEWSTYLE
  2
AcDbSectionViewStyle
  3
ObjectDBX Classes
 90
1025
 91
0
280
0
281
0
  0
CLASS
  1
RASTERVARIABLES
  2
AcDbRasterVariables
  3
ISM
 90
0
 91
0
280
0
281
0
  0
CLASS
  1
LAYOUT
  2
AcDbLayout
  3
ObjectDBX Classes
 90
0
 91
0
280
0
281
0
  0
CLASS
  1
ACDBPLACEHOLDER
  2
AcDbPlaceHolder
  3
ObjectDBX Classes
 90
0
 91
0
280
0
281
0
  0
ENDSEC
  0
SECTION
  2
TABLES
  0
TABLE
  2
VPORT
  5
8
330
0
100
AcDbSymbolTable
 70
1
  0
VPORT
  5
23
330
8
100
AcDbSymbolTableRecord
100
AcDbViewportTableRecord
  2
*Active
 70
0
 10
0.0
 20
0.0
 11
1.0
 21
1.0
 12
0.0
 22
0.0
 13
0.0
 23
0.0
 14
0.5
 24
0.5
 15
0.5
 25
0.5
 16
0.0
 26
0.0
 36
1.0
 17
0.0
 27
0.0
 37
0.0
 40
1000.0
 41
1.34
 42
50.0
 43
0.0
 44
0.0
 50
0.0
 51
0.0
 71
0
 72
1000
 73
1
 74
3
 75
0
 76
0
 77
0
 78
0
281
0
 65
0
146
0.0
  0
ENDTAB
  0
TABLE
  2
LTYPE
  5
2
330
0
100
AcDbSymbolTable
 70
3
  0
LTYPE
  5
24
330
2
100
AcDbSymbolTableRecord
100
AcDbLinetypeTableRecord
  2
ByBlock
 70
0
  3

 72
65
 73
0
 40
0.0
  0
LTYPE
  5
25
330
2
100
AcDbSymbolTableRecord
100
AcDbLinetypeTableRecord
  2
ByLayer
 70
0
  3

 72
65
 73
0
 40
0.0
  0
LTYPE
  5
26
330
2
100
AcDbSymbolTableRecord
100
AcDbLinetypeTableRecord
  2
Continuous
 70
0
  3

 72
65
 73
0
 40
0.0
  0
ENDTAB
  0
TABLE
  2
LAYER
  5
1
330
0
100
AcDbSymbolTable
 70
4
  0
LAYER
  5
27
330
1
100
AcDbSymbolTableRecord
100
AcDbLayerTableRecord
  2
0
 70
0
 62
7
  6
Continuous
370
-3
390
13
347
21
  0
LAYER
  5
28
330
1
100
AcDbSymbolTableRecord
100
AcDbLayerTableRecord
  2
Defpoints
 70
0
 62
7
  6
Continuous
290
0
370
-3
390
13
347
21
  0
LAYER
  5
566
330
1
100
AcDbSymbolTableRecord
100
AcDbLayerTableRecord
  2
1
 70
0
 62
3
  6
CONTINUOUS
370
-3
390
13
347
21
  0
LAYER
  5
567
330
1
100
AcDbSymbolTableRecord
100
AcDbLayerTableRecord
  2
ALPHA
 70
0
 62
255
  6
CONTINUOUS
370
-3
390
13
347
21
  0
ENDTAB
  0
TABLE
  2
STYLE
  5
5
330
0
100
AcDbSymbolTable
 70
2
  0
STYLE
  5
29
330
5
100
AcDbSymbolTableRecord
100
AcDbTextStyleTableRecord
  2
Standard
 70
0
 40
0.0
 41
1.0
 50
0.0
 71
0
 42
2.5
  3
txt
  4

  0
STYLE
  5
568
330
5
100
AcDbSymbolTableRecord
100
AcDbTextStyleTableRecord
  2
arial
 70
0
 40
21.0
 41
1.0
 50
0.0
 71
0
 42
21.0
  3
times.ttf
  4

  0
ENDTAB
  0
TABLE
  2
VIEW
  5
7
330
0
100
AcDbSymbolTable
 70
0
  0
ENDTAB
  0
TABLE
  2
UCS
  5
6
330
0
100
AcDbSymbolTable
 70
0
  0
ENDTAB
  0
TABLE
  2
APPID
  5
3
330
0
100
AcDbSymbolTable
 70
3
  0
APPID
  5
2A
330
3
100
AcDbSymbolTableRecord
100
AcDbRegAppTableRecord
  2
ACAD
 70
0
  0
APPID
  5
56B
330
3
100
AcDbSymbolTableRecord
100
AcDbRegAppTableRecord
  2
HATCHBACKGROUNDCOLOR
 70
0
  0
APPID
  5
56C
330
3
100
AcDbSymbolTableRecord
100
AcDbRegAppTableRecord
  2
EZDXF
 70
0
  0
ENDTAB
  0
TABLE
  2
DIMSTYLE
  5
4
330
0
100
AcDbSymbolTable
 70
1
100
AcDbDimStyleTable
  0
DIMSTYLE
105
2B
330
4
100
AcDbSymbolTableRecord
100
AcDbDimStyleTableRecord
  2
Standard
 70
0
 40
1.0
 41
2.5
 42
0.625
 43
3.75
 44
1.25
 45
0.0
 46
0.0
 47
0.0
 48
0.0
 49
2.5
140
2.5
141
2.5
142
0.0
143
0.03937007874
144
1.0
145
0.0
146
1.0
147
0.625
148
0.0
 69
0
 70
0
 71
0
 72
0
 73
0
 74
0
 75
0
 76
0
 77
1
 78
8
 79
3
170
0
171
3
172
1
173
0
174
0
175
0
176
0
177
0
178
0
179
2
271
2
272
2
273
2
274
3
275
0
276
0
277
2
278
44
279
0
280
0
281
0
282
0
283
0
284
8
285
0
286
0
288
0
289
3
290
0
371
-2
372
-2
  0
ENDTAB
  0
TABLE
  2
BLOCK_RECORD
  5
9
330
0
100
AcDbSymbolTable
 70
4
  0
BLOCK_RECORD
  5
17
330
9
100
AcDbSymbolTableRecord
100
AcDbBlockTableRecord
  2
*Model_Space
340
1A
 70
0
280
1
281
0
  0
BLOCK_RECORD
  5
1B
330
9
100
AcDbSymbolTableRecord
100
AcDbBlockTableRecord
  2
*Paper_Space
340
1E
 70
0
280
1
281
0
  0
BLOCK_RECORD
  5
2F
330
9
100
AcDbSymbolTableRecord
100
AcDbBlockTableRecord
  2
WEQT T321 LC1D50A
340
0
 70
0
280
1
281
0
  0
BLOCK_RECORD
  5
55E
330
9
100
AcDbSymbolTableRecord
100
AcDbBlockTableRecord
  2
WER WERTYWETY2 12
340
0
 70
0
280
1
281
0
  0
ENDTAB
  0
ENDSEC
  0
SECTION
  2
BLOCKS
  0
BLOCK
  5
18
330
17
100
AcDbEntity
  8
0
100
AcDbBlockBegin
  2
*Model_Space
 70
0
 10
0.0
 20
0.0
 30
0.0
  3
*Model_Space
  1

  0
ENDBLK
  5
19
330
17
100
AcDbEntity
  8
0
100
AcDbBlockEnd
  0
BLOCK
  5
1C
330
1B
100
AcDbEntity
  8
0
100
AcDbBlockBegin
  2
*Paper_Space
 70
0
 10
0.0
 20
0.0
 30
0.0
  3
*Paper_Space
  1

  0
ENDBLK
  5
1D
330
1B
100
AcDbEntity
  8
0
100
AcDbBlockEnd
  0
BLOCK
  5
30
330
2F
100
AcDbEntity
  8
0
100
AcDbBlockBegin
  2
WEQT T321 LC1D50A
 70
0
 10
0.0
 20
0.0
 30
0.0
  3
WEQT T321 LC1D50A
  1

  0
LINE
  5
32
330
2F
100
AcDbEntity
  8
ALPHA
100
AcDbLine
 10
294706.4534344069
 20
158532.2909752084
 30
0.0
 11
294706.4534344069
 21
158421.2909752084
 31
0.0
  0
LINE
  5
33
330
2F
100
AcDbEntity
  8
ALPHA
100
AcDbLine
 10
294781.4534344069
 20
158519.2909752084
 30
0.0
 11
294781.4534344069
 21
158434.2909752084
 31
0.0
  0
LINE
  5
34
330
2F
100
AcDbEntity
  8
ALPHA
100
AcDbLine
 10
294706.4848791724
 20
158462.2909754477
 30
0.0
 11
294706.4848791724
 21
158491.2909754477
 31
0.0
  0
LINE
  5
35
330
2F
100
AcDbEntity
  8
ALPHA
100
AcDbLine
 10
294729.9266145965
 20
158487.0955883336
 30
0.0
 11
294729.9266145965
 21
158482.02345982
 31
0.0
  0
LINE
  5
36
330
2F
100
AcDbEntity
  8
ALPHA
100
AcDbLine
 10
294748.5193116131
 20
158487.0955883336
 30
0.0
 11
294748.5193116131
 21
158482.02345982
 31
0.0
  0
LINE
  5
37
330
2F
100
AcDbEntity
  8
ALPHA
100
AcDbLine
 10
294768.9691571725
 20
158508.6392027804
 30
0.0
 11
294768.9691571725
 21
158474.623627073
 31
0.0
  0
LINE
  5
38
330
2F
100
AcDbEntity
  8
ALPHA
100
AcDbLine
 10
294781.4534346725
 20
158491.2909754477
 30
0.0
 11
294781.4534346725
 21
158462.2909754477
 31
0.0
  0
LINE
  5
39
330
2F
100
AcDbEntity
  8
ALPHA
100
AcDbLine
 10
294735.2034344069
 20
158421.2909602084
 30
0.0
 11
294741.2034344069
 21
158421.2909602084
 31
0.0
  0
LINE
  5
3A
330
2F
100
AcDbEntity
  8
ALPHA
100
AcDbLine
 10
294720.2034344069
 20
158446.2910762084
 30
0.0
 11
294767.7034344069
 21
158446.2910762084
 31
0.0
  0
ARC
  5
3B
330
2F
100
AcDbEntity
  8
ALPHA
100
AcDbCircle
 10
294742.5664952361
 20
158423.614386544
 30
0.0
 40
3.976698664399024
100
AcDbArc
 50
48.46373226911662
 51
131.5364361078896
  0
LINE
  5
3C
330
2F
100
AcDbEntity
  8
ALPHA
100
AcDbLine
 10
294749.9534344069
 20
158428.5911002084
 30
0.0
 11
294737.9534344069
 21
158428.5911002084
 31
0.0
  0
LINE
  5
3D
330
2F
100
AcDbEntity
  8
ALPHA
100
AcDbLine
 10
294714.5000654069
 20
158444.4981972084
 30
0.0
 11
294773.4069254069
 21
158444.4981972084
 31
0.0
  0
LINE
  5
3E
330
2F
100
AcDbEntity
  8
ALPHA
100
AcDbLine
 10
294713.5000654069
 20
158429.7410942084
 30
0.0
 11
294774.4069254069
 21
158429.7410942084
 31
0.0
  0
LINE
  5
3F
330
2F
100
AcDbEntity
  8
ALPHA
100
AcDbLine
 10
294741.2034344069
 20
158423.7909602084
 30
0.0
 11
294734.2034344069
 21
158423.7909602084
 31
0.0
  0
LINE
  5
40
330
2F
100
AcDbEntity
  8
ALPHA
100
AcDbLine
 10
294753.2034044069
 20
158413.2909602084
 30
0.0
 11
294736.2034044069
 21
158413.2909602084
 31
0.0
  0
LINE
  5
41
330
2F
100
AcDbEntity
  8
ALPHA
100
AcDbLine
 10
294737.2034044068
 20
158417.7909602084
 30
0.0
 11
294734.2034044069
 21
158417.7909602084
 31
0.0
  0
ARC
  5
42
330
2F
100
AcDbEntity
  8
ALPHA
100
AcDbCircle
 10
294737.7034259505
 20
158426.3097210103
 30
0.0
 40
1.281249198096443
100
AcDbArc
 50
12.68048702831801
 51
167.3198009828259
  0
LINE
  5
43
330
2F
100
AcDbEntity
  8
ALPHA
100
AcDbLine
 10
294766.3289686725
 20
158445.1250204477
 30
0.0
 11
294753.9419416724
 21
158445.1941034477
 31
0.0
  0
LINE
  5
44
330
2F
100
AcDbEntity
  8
ALPHA
100
AcDbLine
 10
294753.9419416724
 20
158445.1941034477
 30
0.0
 11
294741.5056316725
 21
158445.2316239477
 31
0.0
  0
LINE
  5
45
330
2F
100
AcDbEntity
  8
ALPHA
100
AcDbLine
 10
294741.5056316725
 20
158445.2316239477
 30
0.0
 11
294738.5492621724
 21
158445.2374939477
 31
0.0
  0
LINE
  5
46
330
2F
100
AcDbEntity
  8
ALPHA
100
AcDbLine
 10
294706.8784381725
 20
158463.5909754477
 30
0.0
 11
294768.9691571725
 21
158463.5909754477
 31
0.0
  0
LINE
  5
47
330
2F
100
AcDbEntity
  8
ALPHA
100
AcDbLine
 10
294706.8784381725
 20
158474.623627073
 30
0.0
 11
294768.9691571725
 21
158474.623627073
 31
0.0
  0
ARC
  5
48
330
2F
100
AcDbEntity
  8
ALPHA
100
AcDbCircle
 10
294726.7034344069
 20
158414.7909602084
 30
0.0
 40
1.0
100
AcDbArc
 50
284.4775121858576
 51
1.00001573371e-05
  0
ARC
  5
49
330
2F
100
AcDbEntity
  8
ALPHA
100
AcDbCircle
 10
294718.5532884069
 20
158418.7909602084
 30
0.0
 40
5.0
100
AcDbArc
 50
179.9999639997671
 51
270.0000010005159
  0
ARC
  5
4A
330
2F
100
AcDbEntity
  8
ALPHA
100
AcDbCircle
 10
294736.2034044069
 20
158415.2909602084
 30
0.0
 40
2.0
100
AcDbArc
 50
180.0000189997986
 51
270.0000010005159
  0
LINE
  5
4B
330
2F
100
AcDbEntity
  8
ALPHA
100
AcDbLine
 10
294718.5532884069
 20
158413.7909602084
 30
0.0
 11
294719.9534344069
 21
158413.7909602084
 31
0.0
  0
LINE
  5
4C
330
2F
100
AcDbEntity
  8
ALPHA
100
AcDbLine
 10
294712.9534344068
 20
158426.5909742084
 30
0.0
 11
294707.4534344069
 21
158426.5909742084
 31
0.0
  0
LINE
  5
4D
330
2F
100
AcDbEntity
  8
ALPHA
100
AcDbLine
 10
294736.5890516725
 20
158445.2355334477
 30
0.0
 11
294727.4059741724
 21
158445.2158889477
 31
0.0
  0
LINE
  5
4E
330
2F
100
AcDbEntity
  8
ALPHA
100
AcDbLine
 10
294727.4059741724
 20
158445.2158889477
 30
0.0
 11
294718.2421651724
 21
158445.1790359477
 31
0.0
  0
LINE
  5
4F
330
2F
100
AcDbEntity
  8
ALPHA
100
AcDbLine
 10
294718.2421651724
 20
158445.1790359477
 30
0.0
 11
294709.1093451724
 21
158445.1250204477
 31
0.0
  0
LINE
  5
50
330
2F
100
AcDbEntity
  8
ALPHA
100
AcDbLine
 10
294706.9534344068
 20
158444.8705732084
 30
0.0
 11
294706.9534344068
 21
158427.0909742084
 31
0.0
  0
LINE
  5
51
330
2F
100
AcDbEntity
  8
ALPHA
100
AcDbLine
 10
294710.7034344069
 20
158426.5911002084
 30
0.0
 11
294710.7034344069
 21
158420.7909752084
 31
0.0
  0
LINE
  5
52
330
2F
100
AcDbEntity
  8
ALPHA
100
AcDbLine
 10
294707.4534194069
 20
158420.7909792084
 30
0.0
 11
294706.9534344068
 21
158421.2909752084
 31
0.0
  0
LINE
  5
53
330
2F
100
AcDbEntity
  8
ALPHA
100
AcDbLine
 10
294706.9534194069
 20
158421.2909752084
 30
0.0
 11
294706.4534344069
 21
158421.2909752084
 31
0.0
  0
LINE
  5
54
330
2F
100
AcDbEntity
  8
ALPHA
100
AcDbLine
 10
294710.7034344069
 20
158420.7909752084
 30
0.0
 11
294707.4534194069
 21
158420.7909752084
 31
0.0
  0
LINE
  5
55
330
2F
100
AcDbEntity
  8
ALPHA
100
AcDbLine
 10
294707.4534194069
 20
158422.7909712084
 30
0.0
 11
294706.9534344068
 21
158423.2909682084
 31
0.0
  0
ARC
  5
56
330
2F
100
AcDbEntity
  8
ALPHA
100
AcDbCircle
 10
294707.4534344069
 20
158427.0909742084
 30
0.0
 40
0.5
100
AcDbArc
 50
180.0000189997986
 51
270.0000010005159
  0
LINE
  5
57
330
2F
100
AcDbEntity
  8
ALPHA
100
AcDbLine
 10
294706.9534194069
 20
158423.2909752084
 30
0.0
 11
294706.4534344069
 21
158423.2909752084
 31
0.0
  0
LINE
  5
58
330
2F
100
AcDbEntity
  8
ALPHA
100
AcDbLine
 10
294710.7034344069
 20
158422.7909752084
 30
0.0
 11
294707.4534194069
 21
158422.7909752084
 31
0.0
  0
LINE
  5
59
330
2F
100
AcDbEntity
  8
ALPHA
100
AcDbLine
 10
294706.4691571724
 20
158450.8344374477
 30
0.0
 11
294706.4848791724
 21
158462.2909754477
 31
0.0
  0
LINE
  5
5A
330
2F
100
AcDbEntity
  8
ALPHA
100
AcDbLine
 10
294707.2328261724
 20
158444.9055354477
 30
0.0
 11
294707.1527231724
 21
158444.9092464477
 31
0.0
  0
LINE
  5
5B
330
2F
100
AcDbEntity
  8
ALPHA
100
AcDbLine
 10
294707.1527231724
 20
158444.9092464477
 30
0.0
 11
294707.0763066725
 21
158444.9194874477
 31
0.0
  0
LINE
  5
5C
330
2F
100
AcDbEntity
  8
ALPHA
100
AcDbLine
 10
294707.0763066725
 20
158444.9194874477
 30
0.0
 11
294707.0095701724
 21
158444.9336954477
 31
0.0
  0
LINE
  5
5D
330
2F
100
AcDbEntity
  8
ALPHA
100
AcDbLine
 10
294707.0095701724
 20
158444.9336954477
 30
0.0
 11
294706.9523781724
 21
158444.9498454477
 31
0.0
  0
LINE
  5
5E
330
2F
100
AcDbEntity
  8
ALPHA
100
AcDbLine
 10
294706.9523781724
 20
158444.9498454477
 30
0.0
 11
294706.8990691725
 21
158444.9683419477
 31
0.0
  0
LINE
  5
5F
330
2F
100
AcDbEntity
  8
ALPHA
100
AcDbLine
 10
294706.8990691725
 20
158444.9683419477
 30
0.0
 11
294706.8485856724
 21
158444.9891129477
 31
0.0
  0
LINE
  5
60
330
2F
100
AcDbEntity
  8
ALPHA
100
AcDbLine
 10
294706.8485856724
 20
158444.9891129477
 30
0.0
 11
294706.8005651724
 21
158445.0120549477
 31
0.0
  0
LINE
  5
61
330
2F
100
AcDbEntity
  8
ALPHA
100
AcDbLine
 10
294706.8005651724
 20
158445.0120549477
 30
0.0
 11
294706.7547611724
 21
158445.0371359477
 31
0.0
  0
LINE
  5
62
330
2F
100
AcDbEntity
  8
ALPHA
100
AcDbLine
 10
294706.7547611724
 20
158445.0371359477
 30
0.0
 11
294706.7106571724
 21
158445.0646179477
 31
0.0
  0
LINE
  5
63
330
2F
100
AcDbEntity
  8
ALPHA
100
AcDbLine
 10
294706.7106571724
 20
158445.0646179477
 30
0.0
 11
294706.6681401725
 21
158445.0946954477
 31
0.0
  0
LINE
  5
64
330
2F
100
AcDbEntity
  8
ALPHA
100
AcDbLine
 10
294706.6681401725
 20
158445.0946954477
 30
0.0
 11
294706.6272831725
 21
158445.1275529477
 31
0.0
  0
LINE
  5
65
330
2F
100
AcDbEntity
  8
ALPHA
100
AcDbLine
 10
294706.6272831725
 20
158445.1275529477
 30
0.0
 11
294706.5883006724
 21
158445.1633774477
 31
0.0
  0
LINE
  5
66
330
2F
100
AcDbEntity
  8
ALPHA
100
AcDbLine
 10
294706.5883006724
 20
158445.1633774477
 30
0.0
 11
294706.5514856724
 21
158445.2024159477
 31
0.0
  0
LINE
  5
67
330
2F
100
AcDbEntity
  8
ALPHA
100
AcDbLine
 10
294706.5514856724
 20
158445.2024159477
 30
0.0
 11
294706.5173241725
 21
158445.2448809477
 31
0.0
  0
LINE
  5
68
330
2F
100
AcDbEntity
  8
ALPHA
100
AcDbLine
 10
294706.5173241725
 20
158445.2448809477
 30
0.0
 11
294706.4864776724
 21
158445.2909754477
 31
0.0
  0
LINE
  5
69
330
2F
100
AcDbEntity
  8
ALPHA
100
AcDbLine
 10
294706.4864776724
 20
158445.2909754477
 30
0.0
 11
294706.4768761724
 21
158445.3401604477
 31
0.0
  0
LINE
  5
6A
330
2F
100
AcDbEntity
  8
ALPHA
100
AcDbLine
 10
294706.4768761724
 20
158445.3401604477
 30
0.0
 11
294706.4710901724
 21
158445.3899624477
 31
0.0
  0
LINE
  5
6B
330
2F
100
AcDbEntity
  8
ALPHA
100
AcDbLine
 10
294706.4710901724
 20
158445.3899624477
 30
0.0
 11
294706.4691571724
 21
158445.4400844477
 31
0.0
  0
LINE
  5
6C
330
2F
100
AcDbEntity
  8
ALPHA
100
AcDbLine
 10
294706.4691571724
 20
158445.4400844477
 30
0.0
 11
294706.4691571724
 21
158450.8344374477
 31
0.0
  0
LINE
  5
6D
330
2F
100
AcDbEntity
  8
ALPHA
100
AcDbLine
 10
294707.3691571724
 20
158444.9055354477
 30
0.0
 11
294707.3691571724
 21
158445.0210929477
 31
0.0
  0
LINE
  5
6E
330
2F
100
AcDbEntity
  8
ALPHA
100
AcDbLine
 10
294707.3691571724
 20
158444.9055354477
 30
0.0
 11
294707.2328261724
 21
158444.9055354477
 31
0.0
  0
LINE
  5
6F
330
2F
100
AcDbEntity
  8
ALPHA
100
AcDbLine
 10
294709.1093451724
 20
158445.1250204477
 30
0.0
 11
294708.5583201725
 21
158445.1169084477
 31
0.0
  0
LINE
  5
70
330
2F
100
AcDbEntity
  8
ALPHA
100
AcDbLine
 10
294708.5583201725
 20
158445.1169084477
 30
0.0
 11
294708.0688076724
 21
158445.1007304477
 31
0.0
  0
LINE
  5
71
330
2F
100
AcDbEntity
  8
ALPHA
100
AcDbLine
 10
294708.0688076724
 20
158445.1007304477
 30
0.0
 11
294707.6939991724
 21
158445.0783554477
 31
0.0
  0
LINE
  5
72
330
2F
100
AcDbEntity
  8
ALPHA
100
AcDbLine
 10
294707.6939991724
 20
158445.0783554477
 30
0.0
 11
294707.4512436724
 21
158445.0508139477
 31
0.0
  0
LINE
  5
73
330
2F
100
AcDbEntity
  8
ALPHA
100
AcDbLine
 10
294707.4512436724
 20
158445.0508139477
 30
0.0
 11
294707.3691571724
 21
158445.0210929477
 31
0.0
  0
LINE
  5
74
330
2F
100
AcDbEntity
  8
ALPHA
100
AcDbLine
 10
294706.8784381725
 20
158463.5909754477
 30
0.0
 11
294706.8784381725
 21
158474.623627073
 31
0.0
  0
LINE
  5
75
330
2F
100
AcDbEntity
  8
ALPHA
100
AcDbLine
 10
294713.2034344069
 20
158445.8909762084
 30
0.0
 11
294713.2034344069
 21
158427.5911002084
 31
0.0
  0
LINE
  5
76
330
2F
100
AcDbEntity
  8
ALPHA
100
AcDbLine
 10
294714.9534344069
 20
158444.4981972084
 30
0.0
 11
294714.9534344069
 21
158431.7410872084
 31
0.0
  0
LINE
  5
77
330
2F
100
AcDbEntity
  8
ALPHA
100
AcDbLine
 10
294713.5000654069
 20
158445.8909762084
 30
0.0
 11
294713.5000654069
 21
158427.5911002084
 31
0.0
  0
ARC
  5
78
330
2F
100
AcDbEntity
  8
ALPHA
100
AcDbCircle
 10
294714.5000654069
 20
158443.4981972084
 30
0.0
 40
1.0
100
AcDbArc
 50
90.00003699908137
 51
180.0000189997986
  0
ARC
  5
79
330
2F
100
AcDbEntity
  8
ALPHA
100
AcDbCircle
 10
294725.2034344069
 20
158409.0911002084
 30
0.0
 40
18.499985
100
AcDbArc
 50
71.07538599999577
 51
108.9246879996996
  0
LINE
  5
7A
330
2F
100
AcDbEntity
  8
ALPHA
100
AcDbLine
 10
294735.9534344069
 20
158428.5911002084
 30
0.0
 11
294714.9534344069
 21
158428.5911002084
 31
0.0
  0
LINE
  5
7B
330
2F
100
AcDbEntity
  8
ALPHA
100
AcDbLine
 10
294734.2034344069
 20
158415.7909752084
 30
0.0
 11
294727.2034344069
 21
158415.7909752084
 31
0.0
  0
LINE
  5
7C
330
2F
100
AcDbEntity
  8
ALPHA
100
AcDbLine
 10
294729.4534344069
 20
158417.7909752084
 30
0.0
 11
294727.2034344069
 21
158417.7909752084
 31
0.0
  0
LINE
  5
7D
330
2F
100
AcDbEntity
  8
ALPHA
100
AcDbLine
 10
294739.9295699195
 20
158426.5909742084
 30
0.0
 11
294724.9534344069
 21
158426.5909742084
 31
0.0
  0
LINE
  5
7E
330
2F
100
AcDbEntity
  8
ALPHA
100
AcDbLine
 10
294714.9534344069
 20
158429.7410942084
 30
0.0
 11
294714.9534344069
 21
158426.5911002084
 31
0.0
  0
ARC
  5
7F
330
2F
100
AcDbEntity
  8
ALPHA
100
AcDbCircle
 10
294718.9534344069
 20
158409.0909782084
 30
0.0
 40
18.499992
100
AcDbArc
 50
71.07537900116088
 51
108.9246810008645
  0
LINE
  5
80
330
2F
100
AcDbEntity
  8
ALPHA
100
AcDbLine
 10
294713.5532884069
 20
158426.7853912084
 30
0.0
 11
294713.5532884069
 21
158418.7909602084
 31
0.0
  0
LINE
  5
81
330
2F
100
AcDbEntity
  8
ALPHA
100
AcDbLine
 10
294719.2034344069
 20
158426.5911002084
 30
0.0
 11
294714.2034344068
 21
158426.5911002084
 31
0.0
  0
ARC
  5
82
330
2F
100
AcDbEntity
  8
ALPHA
100
AcDbCircle
 10
294714.2034344068
 20
158427.5911002084
 30
0.0
 40
1.0
100
AcDbArc
 50
179.9999639997671
 51
269.9999459988169
  0
ARC
  5
83
330
2F
100
AcDbEntity
  8
ALPHA
100
AcDbCircle
 10
294714.5000654069
 20
158427.5911002084
 30
0.0
 40
1.0
100
AcDbArc
 50
180.0000189997986
 51
270.0000010005159
  0
LINE
  5
84
330
2F
100
AcDbEntity
  8
ALPHA
100
AcDbLine
 10
294727.2034344069
 20
158426.5911002084
 30
0.0
 11
294727.2034344069
 21
158415.7909752084
 31
0.0
  0
LINE
  5
85
330
2F
100
AcDbEntity
  8
ALPHA
100
AcDbLine
 10
294727.7034344068
 20
158415.7909752084
 30
0.0
 11
294727.7034344068
 21
158414.7909602084
 31
0.0
  0
LINE
  5
86
330
2F
100
AcDbEntity
  8
ALPHA
100
AcDbLine
 10
294715.4534344069
 20
158429.0410932084
 30
0.0
 11
294717.4534344068
 21
158429.0410932084
 31
0.0
  0
LINE
  5
87
330
2F
100
AcDbEntity
  8
ALPHA
100
AcDbLine
 10
294713.5000654069
 20
158431.7410872084
 30
0.0
 11
294714.9534344069
 21
158431.7410872084
 31
0.0
  0
LINE
  5
88
330
2F
100
AcDbEntity
  8
ALPHA
100
AcDbLine
 10
294715.4534344069
 20
158429.7410942084
 30
0.0
 11
294715.4534344069
 21
158429.0410932084
 31
0.0
  0
LINE
  5
89
330
2F
100
AcDbEntity
  8
ALPHA
100
AcDbLine
 10
294717.4534344068
 20
158429.7410942084
 30
0.0
 11
294717.4534344068
 21
158429.0410932084
 31
0.0
  0
LINE
  5
8A
330
2F
100
AcDbEntity
  8
ALPHA
100
AcDbLine
 10
294737.9534344069
 20
158429.7410942084
 30
0.0
 11
294737.9534344069
 21
158426.5911002084
 31
0.0
  0
LINE
  5
8B
330
2F
100
AcDbEntity
  8
ALPHA
100
AcDbLine
 10
294735.9534344069
 20
158429.7410942084
 30
0.0
 11
294735.9534344069
 21
158426.5911002084
 31
0.0
  0
ARC
  5
8C
330
2F
100
AcDbEntity
  8
ALPHA
100
AcDbCircle
 10
294735.2034344069
 20
158422.2909602084
 30
0.0
 40
1.0
100
AcDbArc
 50
179.9999639997671
 51
270.0000010005159
  0
LINE
  5
8D
330
2F
100
AcDbEntity
  8
ALPHA
100
AcDbLine
 10
294734.2034344069
 20
158426.5911002084
 30
0.0
 11
294734.2034344069
 21
158415.7909752084
 31
0.0
  0
LINE
  5
8E
330
2F
100
AcDbEntity
  8
ALPHA
100
AcDbLine
 10
294729.4534344069
 20
158426.5911002084
 30
0.0
 11
294729.4534344069
 21
158415.7909752084
 31
0.0
  0
LINE
  5
8F
330
2F
100
AcDbEntity
  8
ALPHA
100
AcDbLine
 10
294731.9534344069
 20
158426.5911002084
 30
0.0
 11
294731.9534344069
 21
158415.7909752084
 31
0.0
  0
LINE
  5
90
330
2F
100
AcDbEntity
  8
ALPHA
100
AcDbLine
 10
294734.2034344069
 20
158417.7909752084
 30
0.0
 11
294731.9534344069
 21
158417.7909752084
 31
0.0
  0
LINE
  5
91
330
2F
100
AcDbEntity
  8
ALPHA
100
AcDbLine
 10
294731.9534344069
 20
158422.2909752084
 30
0.0
 11
294729.4534344069
 21
158422.2909752084
 31
0.0
  0
LINE
  5
92
330
2F
100
AcDbEntity
  8
ALPHA
100
AcDbLine
 10
294734.2034044069
 20
158417.7909602084
 30
0.0
 11
294734.2034044069
 21
158415.2909602084
 31
0.0
  0
LINE
  5
93
330
2F
100
AcDbEntity
  8
ALPHA
100
AcDbLine
 10
294733.4534344069
 20
158429.0410932084
 30
0.0
 11
294735.4534344068
 21
158429.0410932084
 31
0.0
  0
LINE
  5
94
330
2F
100
AcDbEntity
  8
ALPHA
100
AcDbLine
 10
294733.4534344069
 20
158429.0410932084
 30
0.0
 11
294733.4534344069
 21
158429.7410942084
 31
0.0
  0
LINE
  5
95
330
2F
100
AcDbEntity
  8
ALPHA
100
AcDbLine
 10
294735.4534344068
 20
158429.0410932084
 30
0.0
 11
294735.4534344068
 21
158429.7410942084
 31
0.0
  0
LINE
  5
96
330
2F
100
AcDbEntity
  8
ALPHA
100
AcDbLine
 10
294720.2034344069
 20
158446.8909762084
 30
0.0
 11
294714.2034344068
 21
158446.8909762084
 31
0.0
  0
ARC
  5
97
330
2F
100
AcDbEntity
  8
ALPHA
100
AcDbCircle
 10
294714.5000654069
 20
158445.8909762084
 30
0.0
 40
1.0
100
AcDbArc
 50
90.00003699908137
 51
180.0000189997986
  0
ARC
  5
98
330
2F
100
AcDbEntity
  8
ALPHA
100
AcDbCircle
 10
294714.2034344068
 20
158445.8909762084
 30
0.0
 40
1.0
100
AcDbArc
 50
90.00003699908137
 51
180.0000189997986
  0
LINE
  5
99
330
2F
100
AcDbEntity
  8
ALPHA
100
AcDbLine
 10
294720.2034344069
 20
158446.8909762084
 30
0.0
 11
294720.2034344069
 21
158446.2910762084
 31
0.0
  0
LINE
  5
9A
330
2F
100
AcDbEntity
  8
ALPHA
100
AcDbLine
 10
294736.7223916724
 20
158445.3189354477
 30
0.0
 11
294736.7918871725
 21
158445.3330824477
 31
0.0
  0
LINE
  5
9B
330
2F
100
AcDbEntity
  8
ALPHA
100
AcDbLine
 10
294736.7918871725
 20
158445.3330824477
 30
0.0
 11
294736.9461321724
 21
158445.3453564477
 31
0.0
  0
LINE
  5
9C
330
2F
100
AcDbEntity
  8
ALPHA
100
AcDbLine
 10
294736.9461321724
 20
158445.3453564477
 30
0.0
 11
294737.1648571725
 21
158445.3542379477
 31
0.0
  0
LINE
  5
9D
330
2F
100
AcDbEntity
  8
ALPHA
100
AcDbLine
 10
294737.1648571725
 20
158445.3542379477
 30
0.0
 11
294737.4311426724
 21
158445.3590084477
 31
0.0
  0
LINE
  5
9E
330
2F
100
AcDbEntity
  8
ALPHA
100
AcDbLine
 10
294737.4311426724
 20
158445.3590084477
 30
0.0
 11
294737.7071711724
 21
158445.3590084477
 31
0.0
  0
LINE
  5
9F
330
2F
100
AcDbEntity
  8
ALPHA
100
AcDbLine
 10
294737.7071711724
 20
158445.3590084477
 30
0.0
 11
294737.9734566725
 21
158445.3542379477
 31
0.0
  0
LINE
  5
A0
330
2F
100
AcDbEntity
  8
ALPHA
100
AcDbLine
 10
294737.9734566725
 20
158445.3542379477
 30
0.0
 11
294738.1921816724
 21
158445.3453564477
 31
0.0
  0
LINE
  5
A1
330
2F
100
AcDbEntity
  8
ALPHA
100
AcDbLine
 10
294738.1921816724
 20
158445.3453564477
 30
0.0
 11
294738.3464266724
 21
158445.3330824477
 31
0.0
  0
LINE
  5
A2
330
2F
100
AcDbEntity
  8
ALPHA
100
AcDbLine
 10
294738.3464266724
 20
158445.3330824477
 30
0.0
 11
294738.4159226725
 21
158445.3189354477
 31
0.0
  0
LINE
  5
A3
330
2F
100
AcDbEntity
  8
ALPHA
100
AcDbLine
 10
294736.5890516725
 20
158445.2355334477
 30
0.0
 11
294736.5890516725
 21
158445.2390619477
 31
0.0
  0
LINE
  5
A4
330
2F
100
AcDbEntity
  8
ALPHA
100
AcDbLine
 10
294736.5890516725
 20
158445.2390619477
 30
0.0
 11
294736.7223916724
 21
158445.3189354477
 31
0.0
  0
LINE
  5
A5
330
2F
100
AcDbEntity
  8
ALPHA
100
AcDbLine
 10
294738.4159226725
 20
158445.3189354477
 30
0.0
 11
294738.5492621724
 21
158445.2390619477
 31
0.0
  0
ARC
  5
A6
330
2F
100
AcDbEntity
  8
ALPHA
100
AcDbCircle
 10
294773.8533824069
 20
158418.7909602084
 30
0.0
 40
5.0
100
AcDbArc
 50
270.0000280011076
 51
1.00001573371e-05
  0
ARC
  5
A7
330
2F
100
AcDbEntity
  8
ALPHA
100
AcDbCircle
 10
294753.2034044069
 20
158415.2909602084
 30
0.0
 40
2.0
100
AcDbArc
 50
270.0000280011076
 51
359.9999829995657
  0
LINE
  5
A8
330
2F
100
AcDbEntity
  8
ALPHA
100
AcDbLine
 10
294767.9534344068
 20
158413.7909602084
 30
0.0
 11
294773.8533824069
 21
158413.7909602084
 31
0.0
  0
LINE
  5
A9
330
2F
100
AcDbEntity
  8
ALPHA
100
AcDbLine
 10
294773.7034344069
 20
158426.5911002084
 30
0.0
 11
294768.7034344069
 21
158426.5911002084
 31
0.0
  0
LINE
  5
AA
330
2F
100
AcDbEntity
  8
ALPHA
100
AcDbLine
 10
294773.7034344069
 20
158446.8909762084
 30
0.0
 11
294767.7034344069
 21
158446.8909762084
 31
0.0
  0
LINE
  5
AB
330
2F
100
AcDbEntity
  8
ALPHA
100
AcDbLine
 10
294772.9534344068
 20
158428.5911002084
 30
0.0
 11
294751.9534344069
 21
158428.5911002084
 31
0.0
  0
LINE
  5
AC
330
2F
100
AcDbEntity
  8
1
100
AcDbLine
 10
294770.4534344069
 20
158429.0410932084
 30
0.0
 11
294772.4534344068
 21
158429.0410932084
 31
0.0
  0
LINE
  5
AD
330
2F
100
AcDbEntity
  8
ALPHA
100
AcDbLine
 10
294770.4534344069
 20
158448.7909752084
 30
0.0
 11
294780.4534344069
 21
158448.7909752084
 31
0.0
  0
LINE
  5
AE
330
2F
100
AcDbEntity
  8
ALPHA
100
AcDbLine
 10
294777.6409044069
 20
158440.7909752084
 30
0.0
 11
294769.5909164068
 21
158440.7909752084
 31
0.0
  0
CIRCLE
  5
AF
330
2F
100
AcDbEntity
  8
1
100
AcDbCircle
 10
294773.6159254069
 20
158445.0409752084
 30
0.0
 40
3.25
  0
LINE
  5
B0
330
2F
100
AcDbEntity
  8
ALPHA
100
AcDbLine
 10
294777.6658984068
 20
158433.9910032084
 30
0.0
 11
294768.4534344069
 21
158433.9910032084
 31
0.0
  0
ARC
  5
B1
330
2F
100
AcDbEntity
  8
1
100
AcDbCircle
 10
294773.6159254069
 20
158437.3909812084
 30
0.0
 40
3.25
100
AcDbArc
 50
132.3996110007758
 51
47.60039099989244
  0
LINE
  5
B2
330
2F
100
AcDbEntity
  8
ALPHA
100
AcDbLine
 10
294777.6409044069
 20
158439.7909752084
 30
0.0
 11
294769.5659224068
 21
158439.7909752084
 31
0.0
  0
POINT
  5
B3
330
2F
100
AcDbEntity
  8
1
100
AcDbPoint
 10
294773.6159254069
 20
158445.0409752084
 30
0.0
  0
LINE
  5
B4
330
2F
100
AcDbEntity
  8
1
100
AcDbLine
 10
294775.7286744069
 20
158444.6424652084
 30
0.0
 11
294774.8490924069
 21
158444.5545932084
 31
0.0
  0
LINE
  5
B5
330
2F
100
AcDbEntity
  8
1
100
AcDbLine
 10
294775.7286664069
 20
158445.4394662084
 30
0.0
 11
294774.8504324069
 21
158445.5286702084
 31
0.0
  0
LINE
  5
B6
330
2F
100
AcDbEntity
  8
1
100
AcDbLine
 10
294774.7077134069
 20
158444.6959632084
 30
0.0
 11
294775.9300464069
 21
158444.6319032084
 31
0.0
  0
LINE
  5
B7
330
2F
100
AcDbEntity
  8
1
100
AcDbLine
 10
294774.7077124069
 20
158445.3859682084
 30
0.0
 11
294775.9300464069
 21
158445.4500282084
 31
0.0
  0
ARC
  5
B8
330
2F
100
AcDbEntity
  8
1
100
AcDbCircle
 10
294773.6159254069
 20
158445.0409752084
 30
0.0
 40
2.349997999999998
100
AcDbArc
 50
349.9754849999045
 51
10.02433099966552
  0
LINE
  5
B9
330
2F
100
AcDbEntity
  8
1
100
AcDbLine
 10
294772.3827574069
 20
158444.5545872084
 30
0.0
 11
294771.5031744069
 21
158444.6424592084
 31
0.0
  0
LINE
  5
BA
330
2F
100
AcDbEntity
  8
1
100
AcDbLine
 10
294772.3814184069
 20
158445.5286722084
 30
0.0
 11
294771.5031844069
 21
158445.4394672084
 31
0.0
  0
LINE
  5
BB
330
2F
100
AcDbEntity
  8
1
100
AcDbLine
 10
294771.3018054069
 20
158444.6319002084
 30
0.0
 11
294772.5241384069
 21
158444.6959602084
 31
0.0
  0
LINE
  5
BC
330
2F
100
AcDbEntity
  8
1
100
AcDbLine
 10
294771.3018044069
 20
158445.4500312084
 30
0.0
 11
294772.5241374069
 21
158445.3859712084
 31
0.0
  0
ARC
  5
BD
330
2F
100
AcDbEntity
  8
1
100
AcDbCircle
 10
294773.6159254069
 20
158445.0409752084
 30
0.0
 40
2.986259999999998
100
AcDbArc
 50
262.3022860011376
 51
277.6977499983992
  0
ARC
  5
BE
330
2F
100
AcDbEntity
  8
1
100
AcDbCircle
 10
294773.6159254069
 20
158445.0409752084
 30
0.0
 40
2.349997999999998
100
AcDbArc
 50
169.9756679996837
 51
190.0245130004366
  0
LINE
  5
BF
330
2F
100
AcDbEntity
  8
1
100
AcDbLine
 10
294774.1036294069
 20
158443.8064942084
 30
0.0
 11
294774.1036294069
 21
158442.5635122084
 31
0.0
  0
LINE
  5
C0
330
2F
100
AcDbEntity
  8
1
100
AcDbLine
 10
294773.1268874069
 20
158443.8051402084
 30
0.0
 11
294773.1268874069
 21
158442.5637872084
 31
0.0
  0
LINE
  5
C1
330
2F
100
AcDbEntity
  8
1
100
AcDbLine
 10
294774.1036294069
 20
158447.5184232084
 30
0.0
 11
294774.1036294069
 21
158446.2754722084
 31
0.0
  0
LINE
  5
C2
330
2F
100
AcDbEntity
  8
1
100
AcDbLine
 10
294773.1268874069
 20
158447.5181632084
 30
0.0
 11
294773.1268874069
 21
158446.2714662084
 31
0.0
  0
LINE
  5
C3
330
2F
100
AcDbEntity
  8
1
100
AcDbLine
 10
294772.3814174068
 20
158445.5286842084
 30
0.0
 11
294772.9428804069
 21
158445.7140142084
 31
0.0
  0
LINE
  5
C4
330
2F
100
AcDbEntity
  8
1
100
AcDbLine
 10
294772.9428764069
 20
158445.7139982084
 30
0.0
 11
294773.1282064069
 21
158446.2754632084
 31
0.0
  0
LINE
  5
C5
330
2F
100
AcDbEntity
  8
1
100
AcDbLine
 10
294774.1036304069
 20
158446.2754702084
 30
0.0
 11
294774.2889554069
 21
158445.7140182084
 31
0.0
  0
LINE
  5
C6
330
2F
100
AcDbEntity
  8
1
100
AcDbLine
 10
294774.2889514069
 20
158445.7140012084
 30
0.0
 11
294774.8504114068
 21
158445.5286722084
 31
0.0
  0
LINE
  5
C7
330
2F
100
AcDbEntity
  8
1
100
AcDbLine
 10
294774.2889504069
 20
158444.3679292084
 30
0.0
 11
294774.1036194069
 21
158443.8064642084
 31
0.0
  0
LINE
  5
C8
330
2F
100
AcDbEntity
  8
1
100
AcDbLine
 10
294774.8504174069
 20
158444.5532592084
 30
0.0
 11
294774.2889594069
 21
158444.3679302084
 31
0.0
  0
LINE
  5
C9
330
2F
100
AcDbEntity
  8
1
100
AcDbLine
 10
294772.3827524069
 20
158444.5545882084
 30
0.0
 11
294772.9402424069
 21
158444.3705712084
 31
0.0
  0
LINE
  5
CA
330
2F
100
AcDbEntity
  8
1
100
AcDbLine
 10
294772.9402474069
 20
158444.3705742084
 30
0.0
 11
294773.1268834069
 21
158443.8051522084
 31
0.0
  0
LINE
  5
CB
330
2F
100
AcDbEntity
  8
1
100
AcDbLine
 10
294774.1462434069
 20
158445.5712892084
 30
0.0
 11
294774.7077034069
 21
158445.3859602084
 31
0.0
  0
LINE
  5
CC
330
2F
100
AcDbEntity
  8
1
100
AcDbLine
 10
294773.9609204069
 20
158446.1327562084
 30
0.0
 11
294774.1462454069
 21
158445.5713042084
 31
0.0
  0
LINE
  5
CD
330
2F
100
AcDbEntity
  8
1
100
AcDbLine
 10
294773.0855864069
 20
158445.5713002084
 30
0.0
 11
294773.2709124069
 21
158446.1327512084
 31
0.0
  0
LINE
  5
CE
330
2F
100
AcDbEntity
  8
1
100
AcDbLine
 10
294772.5241284069
 20
158445.3859732084
 30
0.0
 11
294773.0855884069
 21
158445.5713022084
 31
0.0
  0
LINE
  5
CF
330
2F
100
AcDbEntity
  8
1
100
AcDbLine
 10
294772.5241254069
 20
158444.6959582084
 30
0.0
 11
294773.0855844069
 21
158444.5106302084
 31
0.0
  0
LINE
  5
D0
330
2F
100
AcDbEntity
  8
1
100
AcDbLine
 10
294773.0855914069
 20
158444.5106382084
 30
0.0
 11
294773.2709174069
 21
158443.9491872084
 31
0.0
  0
LINE
  5
D1
330
2F
100
AcDbEntity
  8
1
100
AcDbLine
 10
294774.1462454069
 20
158444.5106422084
 30
0.0
 11
294773.9609144069
 21
158443.9491762084
 31
0.0
  0
LINE
  5
D2
330
2F
100
AcDbEntity
  8
1
100
AcDbLine
 10
294774.7077084068
 20
158444.6959712084
 30
0.0
 11
294774.1462494068
 21
158444.5106422084
 31
0.0
  0
ARC
  5
D3
330
2F
100
AcDbEntity
  8
1
100
AcDbCircle
 10
294773.6159254069
 20
158445.0409752084
 30
0.0
 40
1.145
100
AcDbArc
 50
270.0000179992827
 51
287.5362830009726
  0
ARC
  5
D4
330
2F
100
AcDbEntity
  8
1
100
AcDbCircle
 10
294773.6159254069
 20
158445.0409752084
 30
0.0
 40
1.145
100
AcDbArc
 50
342.4636710001578
 51
17.53625499904428
  0
ARC
  5
D5
330
2F
100
AcDbEntity
  8
1
100
AcDbCircle
 10
294773.6159254069
 20
158445.0409752084
 30
0.0
 40
1.145
100
AcDbArc
 50
72.4637069993207
 51
107.5362910003032
  0
ARC
  5
D6
330
2F
100
AcDbEntity
  8
1
100
AcDbCircle
 10
294773.6159254069
 20
158445.0409752084
 30
0.0
 40
1.145
100
AcDbArc
 50
162.463771000411
 51
197.5363549993011
  0
ARC
  5
D7
330
2F
100
AcDbEntity
  8
1
100
AcDbCircle
 10
294773.6159254069
 20
158445.0409752084
 30
0.0
 40
1.145
100
AcDbArc
 50
252.4636989999905
 51
270.0000179992827
  0
ARC
  5
D8
330
2F
100
AcDbEntity
  8
1
100
AcDbCircle
 10
294773.6159254069
 20
158445.0409752084
 30
0.0
 40
2.986259999999998
100
AcDbArc
 50
82.3022399997841
 51
97.69770400035056
  0
CIRCLE
  5
D9
330
2F
100
AcDbEntity
  8
1
100
AcDbCircle
 10
294773.6159254069
 20
158445.0409752084
 30
0.0
 40
3.099995999999998
  0
POLYLINE
  5
DA
330
2F
100
AcDbEntity
  8
1
100
AcDb2dPolyline
 66
1
 10
0.0
 20
0.0
 30
0.0
 70
0
  0
VERTEX
  5
DB
330
DA
100
AcDbEntity
  8
1
100
AcDbVertex
100
AcDb2dVertex
 10
294774.1036294069
 20
158447.5184232084
 30
0.0
 70
8
  0
VERTEX
  5
DC
330
DA
100
AcDbEntity
  8
1
100
AcDbVertex
100
AcDb2dVertex
 10
294774.1016274069
 20
158447.5466822084
 30
0.0
 70
8
  0
VERTEX
  5
DD
330
DA
100
AcDbEntity
  8
1
100
AcDbVertex
100
AcDb2dVertex
 10
294774.0991774069
 20
158447.5748322084
 30
0.0
 70
8
  0
VERTEX
  5
DE
330
DA
100
AcDbEntity
  8
1
100
AcDbVertex
100
AcDb2dVertex
 10
294774.0964724069
 20
158447.6029342084
 30
0.0
 70
8
  0
VERTEX
  5
DF
330
DA
100
AcDbEntity
  8
1
100
AcDbVertex
100
AcDb2dVertex
 10
294774.0937074069
 20
158447.6310472084
 30
0.0
 70
8
  0
VERTEX
  5
E0
330
DA
100
AcDbEntity
  8
1
100
AcDbVertex
100
AcDb2dVertex
 10
294774.0910764069
 20
158447.6592322084
 30
0.0
 70
8
  0
VERTEX
  5
E1
330
DA
100
AcDbEntity
  8
1
100
AcDbVertex
100
AcDb2dVertex
 10
294774.0887734069
 20
158447.6875482084
 30
0.0
 70
8
  0
VERTEX
  5
E2
330
DA
100
AcDbEntity
  8
1
100
AcDbVertex
100
AcDb2dVertex
 10
294774.0869914069
 20
158447.7160572084
 30
0.0
 70
8
  0
VERTEX
  5
E3
330
DA
100
AcDbEntity
  8
1
100
AcDbVertex
100
AcDb2dVertex
 10
294774.0859254068
 20
158447.7448172084
 30
0.0
 70
8
  0
VERTEX
  5
E4
330
DA
100
AcDbEntity
  8
1
100
AcDbVertex
100
AcDb2dVertex
 10
294774.0856344069
 20
158447.7681122084
 30
0.0
 70
8
  0
VERTEX
  5
E5
330
DA
100
AcDbEntity
  8
1
100
AcDbVertex
100
AcDb2dVertex
 10
294774.0855244069
 20
158447.7914802084
 30
0.0
 70
8
  0
VERTEX
  5
E6
330
DA
100
AcDbEntity
  8
1
100
AcDbVertex
100
AcDb2dVertex
 10
294774.0851884069
 20
158447.8147952084
 30
0.0
 70
8
  0
VERTEX
  5
E7
330
DA
100
AcDbEntity
  8
1
100
AcDbVertex
100
AcDb2dVertex
 10
294774.0842224069
 20
158447.8379282084
 30
0.0
 70
8
  0
VERTEX
  5
E8
330
DA
100
AcDbEntity
  8
1
100
AcDbVertex
100
AcDb2dVertex
 10
294774.0822184069
 20
158447.8607522084
 30
0.0
 70
8
  0
VERTEX
  5
E9
330
DA
100
AcDbEntity
  8
1
100
AcDbVertex
100
AcDb2dVertex
 10
294774.0787724069
 20
158447.8831392084
 30
0.0
 70
8
  0
VERTEX
  5
EA
330
DA
100
AcDbEntity
  8
1
100
AcDbVertex
100
AcDb2dVertex
 10
294774.0734764069
 20
158447.9049612084
 30
0.0
 70
8
  0
VERTEX
  5
EB
330
DA
100
AcDbEntity
  8
1
100
AcDbVertex
100
AcDb2dVertex
 10
294774.0659254069
 20
158447.9260922084
 30
0.0
 70
8
  0
VERTEX
  5
EC
330
DA
100
AcDbEntity
  8
1
100
AcDbVertex
100
AcDb2dVertex
 10
294774.0612894069
 20
158447.9361702084
 30
0.0
 70
8
  0
VERTEX
  5
ED
330
DA
100
AcDbEntity
  8
1
100
AcDbVertex
100
AcDb2dVertex
 10
294774.0560724069
 20
158447.9460412084
 30
0.0
 70
8
  0
VERTEX
  5
EE
330
DA
100
AcDbEntity
  8
1
100
AcDbVertex
100
AcDb2dVertex
 10
294774.0503344069
 20
158447.9556942084
 30
0.0
 70
8
  0
VERTEX
  5
EF
330
DA
100
AcDbEntity
  8
1
100
AcDbVertex
100
AcDb2dVertex
 10
294774.0441354069
 20
158447.9651182084
 30
0.0
 70
8
  0
VERTEX
  5
F0
330
DA
100
AcDbEntity
  8
1
100
AcDbVertex
100
AcDb2dVertex
 10
294774.0375354069
 20
158447.9743042084
 30
0.0
 70
8
  0
VERTEX
  5
F1
330
DA
100
AcDbEntity
  8
1
100
AcDbVertex
100
AcDb2dVertex
 10
294774.0305934069
 20
158447.9832412084
 30
0.0
 70
8
  0
VERTEX
  5
F2
330
DA
100
AcDbEntity
  8
1
100
AcDbVertex
100
AcDb2dVertex
 10
294774.0233704069
 20
158447.9919182084
 30
0.0
 70
8
  0
VERTEX
  5
F3
330
DA
100
AcDbEntity
  8
1
100
AcDbVertex
100
AcDb2dVertex
 10
294774.0159254069
 20
158448.0003262084
 30
0.0
 70
8
  0
SEQEND
  5
F4
330
DA
100
AcDbEntity
  8
1
  0
POLYLINE
  5
F5
330
2F
100
AcDbEntity
  8
1
100
AcDb2dPolyline
 66
1
 10
0.0
 20
0.0
 30
0.0
 70
0
  0
VERTEX
  5
F6
330
F5
100
AcDbEntity
  8
1
100
AcDbVertex
100
AcDb2dVertex
 10
294773.1268874069
 20
158447.5181632084
 30
0.0
 70
8
  0
VERTEX
  5
F7
330
F5
100
AcDbEntity
  8
1
100
AcDbVertex
100
AcDb2dVertex
 10
294773.1291374069
 20
158447.5464522084
 30
0.0
 70
8
  0
VERTEX
  5
F8
330
F5
100
AcDbEntity
  8
1
100
AcDbVertex
100
AcDb2dVertex
 10
294773.1318164068
 20
158447.5746312084
 30
0.0
 70
8
  0
VERTEX
  5
F9
330
F5
100
AcDbEntity
  8
1
100
AcDbVertex
100
AcDb2dVertex
 10
294773.1347284069
 20
158447.6027622084
 30
0.0
 70
8
  0
VERTEX
  5
FA
330
F5
100
AcDbEntity
  8
1
100
AcDbVertex
100
AcDb2dVertex
 10
294773.1376774069
 20
158447.6309052084
 30
0.0
 70
8
  0
VERTEX
  5
FB
330
F5
100
AcDbEntity
  8
1
100
AcDbVertex
100
AcDb2dVertex
 10
294773.1404684068
 20
158447.6591212084
 30
0.0
 70
8
  0
VERTEX
  5
FC
330
F5
100
AcDbEntity
  8
1
100
AcDbVertex
100
AcDb2dVertex
 10
294773.1429044069
 20
158447.6874722084
 30
0.0
 70
8
  0
VERTEX
  5
FD
330
F5
100
AcDbEntity
  8
1
100
AcDbVertex
100
AcDb2dVertex
 10
294773.1447884068
 20
158447.7160172084
 30
0.0
 70
8
  0
VERTEX
  5
FE
330
F5
100
AcDbEntity
  8
1
100
AcDbVertex
100
AcDb2dVertex
 10
294773.1459254069
 20
158447.7448172084
 30
0.0
 70
8
  0
VERTEX
  5
FF
330
F5
100
AcDbEntity
  8
1
100
AcDbVertex
100
AcDb2dVertex
 10
294773.1462504069
 20
158447.7681092084
 30
0.0
 70
8
  0
VERTEX
  5
100
330
F5
100
AcDbEntity
  8
1
100
AcDbVertex
100
AcDb2dVertex
 10
294773.1463774069
 20
158447.7914762084
 30
0.0
 70
8
  0
VERTEX
  5
101
330
F5
100
AcDbEntity
  8
1
100
AcDbVertex
100
AcDb2dVertex
 10
294773.1467174069
 20
158447.8147902084
 30
0.0
 70
8
  0
VERTEX
  5
102
330
F5
100
AcDbEntity
  8
1
100
AcDbVertex
100
AcDb2dVertex
 10
294773.1476784069
 20
158447.8379242084
 30
0.0
 70
8
  0
VERTEX
  5
103
330
F5
100
AcDbEntity
  8
1
100
AcDbVertex
100
AcDb2dVertex
 10
294773.1496704069
 20
158447.8607492084
 30
0.0
 70
8
  0
VERTEX
  5
104
330
F5
100
AcDbEntity
  8
1
100
AcDbVertex
100
AcDb2dVertex
 10
294773.1531024069
 20
158447.8831372084
 30
0.0
 70
8
  0
VERTEX
  5
105
330
F5
100
AcDbEntity
  8
1
100
AcDbVertex
100
AcDb2dVertex
 10
294773.1583844069
 20
158447.9049612084
 30
0.0
 70
8
  0
VERTEX
  5
106
330
F5
100
AcDbEntity
  8
1
100
AcDbVertex
100
AcDb2dVertex
 10
294773.1659254069
 20
158447.9260922084
 30
0.0
 70
8
  0
VERTEX
  5
107
330
F5
100
AcDbEntity
  8
1
100
AcDbVertex
100
AcDb2dVertex
 10
294773.1705584068
 20
158447.9361702084
 30
0.0
 70
8
  0
VERTEX
  5
108
330
F5
100
AcDbEntity
  8
1
100
AcDbVertex
100
AcDb2dVertex
 10
294773.1757744069
 20
158447.9460412084
 30
0.0
 70
8
  0
VERTEX
  5
109
330
F5
100
AcDbEntity
  8
1
100
AcDbVertex
100
AcDb2dVertex
 10
294773.1815124069
 20
158447.9556942084
 30
0.0
 70
8
  0
VERTEX
  5
10A
330
F5
100
AcDbEntity
  8
1
100
AcDbVertex
100
AcDb2dVertex
 10
294773.1877114069
 20
158447.9651192084
 30
0.0
 70
8
  0
VERTEX
  5
10B
330
F5
100
AcDbEntity
  8
1
100
AcDbVertex
100
AcDb2dVertex
 10
294773.1943134069
 20
158447.9743042084
 30
0.0
 70
8
  0
VERTEX
  5
10C
330
F5
100
AcDbEntity
  8
1
100
AcDbVertex
100
AcDb2dVertex
 10
294773.2012564069
 20
158447.9832412084
 30
0.0
 70
8
  0
VERTEX
  5
10D
330
F5
100
AcDbEntity
  8
1
100
AcDbVertex
100
AcDb2dVertex
 10
294773.2084804069
 20
158447.9919182084
 30
0.0
 70
8
  0
VERTEX
  5
10E
330
F5
100
AcDbEntity
  8
1
100
AcDbVertex
100
AcDb2dVertex
 10
294773.2159254069
 20
158448.0003262084
 30
0.0
 70
8
  0
SEQEND
  5
10F
330
F5
100
AcDbEntity
  8
1
  0
POLYLINE
  5
110
330
2F
100
AcDbEntity
  8
1
100
AcDb2dPolyline
 66
1
 10
0.0
 20
0.0
 30
0.0
 70
0
  0
VERTEX
  5
111
330
110
100
AcDbEntity
  8
1
100
AcDbVertex
100
AcDb2dVertex
 10
294774.1036294069
 20
158442.5635122084
 30
0.0
 70
8
  0
VERTEX
  5
112
330
110
100
AcDbEntity
  8
1
100
AcDbVertex
100
AcDb2dVertex
 10
294774.1016274069
 20
158442.5352542084
 30
0.0
 70
8
  0
VERTEX
  5
113
330
110
100
AcDbEntity
  8
1
100
AcDbVertex
100
AcDb2dVertex
 10
294774.0991774069
 20
158442.5071052084
 30
0.0
 70
8
  0
VERTEX
  5
114
330
110
100
AcDbEntity
  8
1
100
AcDbVertex
100
AcDb2dVertex
 10
294774.0964724069
 20
158442.4790062084
 30
0.0
 70
8
  0
VERTEX
  5
115
330
110
100
AcDbEntity
  8
1
100
AcDbVertex
100
AcDb2dVertex
 10
294774.0937074069
 20
158442.4508952084
 30
0.0
 70
8
  0
VERTEX
  5
116
330
110
100
AcDbEntity
  8
1
100
AcDbVertex
100
AcDb2dVertex
 10
294774.0910764069
 20
158442.4227132084
 30
0.0
 70
8
  0
VERTEX
  5
117
330
110
100
AcDbEntity
  8
1
100
AcDbVertex
100
AcDb2dVertex
 10
294774.0887734069
 20
158442.3943992084
 30
0.0
 70
8
  0
VERTEX
  5
118
330
110
100
AcDbEntity
  8
1
100
AcDbVertex
100
AcDb2dVertex
 10
294774.0869914069
 20
158442.3658932084
 30
0.0
 70
8
  0
VERTEX
  5
119
330
110
100
AcDbEntity
  8
1
100
AcDbVertex
100
AcDb2dVertex
 10
294774.0859254068
 20
158442.3371332084
 30
0.0
 70
8
  0
VERTEX
  5
11A
330
110
100
AcDbEntity
  8
1
100
AcDbVertex
100
AcDb2dVertex
 10
294774.0856344069
 20
158442.3138382084
 30
0.0
 70
8
  0
VERTEX
  5
11B
330
110
100
AcDbEntity
  8
1
100
AcDbVertex
100
AcDb2dVertex
 10
294774.0855244069
 20
158442.2904702084
 30
0.0
 70
8
  0
VERTEX
  5
11C
330
110
100
AcDbEntity
  8
1
100
AcDbVertex
100
AcDb2dVertex
 10
294774.0851884069
 20
158442.2671552084
 30
0.0
 70
8
  0
VERTEX
  5
11D
330
110
100
AcDbEntity
  8
1
100
AcDbVertex
100
AcDb2dVertex
 10
294774.0842224069
 20
158442.2440222084
 30
0.0
 70
8
  0
VERTEX
  5
11E
330
110
100
AcDbEntity
  8
1
100
AcDbVertex
100
AcDb2dVertex
 10
294774.0822184069
 20
158442.2211982084
 30
0.0
 70
8
  0
VERTEX
  5
11F
330
110
100
AcDbEntity
  8
1
100
AcDbVertex
100
AcDb2dVertex
 10
294774.0787724069
 20
158442.1988112084
 30
0.0
 70
8
  0
VERTEX
  5
120
330
110
100
AcDbEntity
  8
1
100
AcDbVertex
100
AcDb2dVertex
 10
294774.0734764069
 20
158442.1769892084
 30
0.0
 70
8
  0
VERTEX
  5
121
330
110
100
AcDbEntity
  8
1
100
AcDbVertex
100
AcDb2dVertex
 10
294774.0659254069
 20
158442.1558582084
 30
0.0
 70
8
  0
VERTEX
  5
122
330
110
100
AcDbEntity
  8
1
100
AcDbVertex
100
AcDb2dVertex
 10
294774.0612894069
 20
158442.1457802084
 30
0.0
 70
8
  0
VERTEX
  5
123
330
110
100
AcDbEntity
  8
1
100
AcDbVertex
100
AcDb2dVertex
 10
294774.0560724069
 20
158442.1359092084
 30
0.0
 70
8
  0
VERTEX
  5
124
330
110
100
AcDbEntity
  8
1
100
AcDbVertex
100
AcDb2dVertex
 10
294774.0503344069
 20
158442.1262562084
 30
0.0
 70
8
  0
VERTEX
  5
125
330
110
100
AcDbEntity
  8
1
100
AcDbVertex
100
AcDb2dVertex
 10
294774.0441354069
 20
158442.1168322084
 30
0.0
 70
8
  0
VERTEX
  5
126
330
110
100
AcDbEntity
  8
1
100
AcDbVertex
100
AcDb2dVertex
 10
294774.0375354069
 20
158442.1076462084
 30
0.0
 70
8
  0
VERTEX
  5
127
330
110
100
AcDbEntity
  8
1
100
AcDbVertex
100
AcDb2dVertex
 10
294774.0305934069
 20
158442.0987092084
 30
0.0
 70
8
  0
VERTEX
  5
128
330
110
100
AcDbEntity
  8
1
100
AcDbVertex
100
AcDb2dVertex
 10
294774.0233704069
 20
158442.0900322084
 30
0.0
 70
8
  0
VERTEX
  5
129
330
110
100
AcDbEntity
  8
1
100
AcDbVertex
100
AcDb2dVertex
 10
294774.0159254069
 20
158442.0816242084
 30
0.0
 70
8
  0
SEQEND
  5
12A
330
110
100
AcDbEntity
  8
1
  0
POLYLINE
  5
12B
330
2F
100
AcDbEntity
  8
1
100
AcDb2dPolyline
 66
1
 10
0.0
 20
0.0
 30
0.0
 70
0
  0
VERTEX
  5
12C
330
12B
100
AcDbEntity
  8
1
100
AcDbVertex
100
AcDb2dVertex
 10
294773.1268874069
 20
158442.5637872084
 30
0.0
 70
8
  0
VERTEX
  5
12D
330
12B
100
AcDbEntity
  8
1
100
AcDbVertex
100
AcDb2dVertex
 10
294773.1291374069
 20
158442.5354982084
 30
0.0
 70
8
  0
VERTEX
  5
12E
330
12B
100
AcDbEntity
  8
1
100
AcDbVertex
100
AcDb2dVertex
 10
294773.1318164068
 20
158442.5073192084
 30
0.0
 70
8
  0
VERTEX
  5
12F
330
12B
100
AcDbEntity
  8
1
100
AcDbVertex
100
AcDb2dVertex
 10
294773.1347284069
 20
158442.4791882084
 30
0.0
 70
8
  0
VERTEX
  5
130
330
12B
100
AcDbEntity
  8
1
100
AcDbVertex
100
AcDb2dVertex
 10
294773.1376774069
 20
158442.4510452084
 30
0.0
 70
8
  0
VERTEX
  5
131
330
12B
100
AcDbEntity
  8
1
100
AcDbVertex
100
AcDb2dVertex
 10
294773.1404684068
 20
158442.4228292084
 30
0.0
 70
8
  0
VERTEX
  5
132
330
12B
100
AcDbEntity
  8
1
100
AcDbVertex
100
AcDb2dVertex
 10
294773.1429044069
 20
158442.3944782084
 30
0.0
 70
8
  0
VERTEX
  5
133
330
12B
100
AcDbEntity
  8
1
100
AcDbVertex
100
AcDb2dVertex
 10
294773.1447884068
 20
158442.3659332084
 30
0.0
 70
8
  0
VERTEX
  5
134
330
12B
100
AcDbEntity
  8
1
100
AcDbVertex
100
AcDb2dVertex
 10
294773.1459254069
 20
158442.3371332084
 30
0.0
 70
8
  0
VERTEX
  5
135
330
12B
100
AcDbEntity
  8
1
100
AcDbVertex
100
AcDb2dVertex
 10
294773.1462504069
 20
158442.3138412084
 30
0.0
 70
8
  0
VERTEX
  5
136
330
12B
100
AcDbEntity
  8
1
100
AcDbVertex
100
AcDb2dVertex
 10
294773.1463774069
 20
158442.2904742084
 30
0.0
 70
8
  0
VERTEX
  5
137
330
12B
100
AcDbEntity
  8
1
100
AcDbVertex
100
AcDb2dVertex
 10
294773.1467174069
 20
158442.2671602084
 30
0.0
 70
8
  0
VERTEX
  5
138
330
12B
100
AcDbEntity
  8
1
100
AcDbVertex
100
AcDb2dVertex
 10
294773.1476784069
 20
158442.2440262084
 30
0.0
 70
8
  0
VERTEX
  5
139
330
12B
100
AcDbEntity
  8
1
100
AcDbVertex
100
AcDb2dVertex
 10
294773.1496704069
 20
158442.2212012084
 30
0.0
 70
8
  0
VERTEX
  5
13A
330
12B
100
AcDbEntity
  8
1
100
AcDbVertex
100
AcDb2dVertex
 10
294773.1531024069
 20
158442.1988132084
 30
0.0
 70
8
  0
VERTEX
  5
13B
330
12B
100
AcDbEntity
  8
1
100
AcDbVertex
100
AcDb2dVertex
 10
294773.1583844069
 20
158442.1769892084
 30
0.0
 70
8
  0
VERTEX
  5
13C
330
12B
100
AcDbEntity
  8
1
100
AcDbVertex
100
AcDb2dVertex
 10
294773.1659254069
 20
158442.1558582084
 30
0.0
 70
8
  0
VERTEX
  5
13D
330
12B
100
AcDbEntity
  8
1
100
AcDbVertex
100
AcDb2dVertex
 10
294773.1705584068
 20
158442.1457802084
 30
0.0
 70
8
  0
VERTEX
  5
13E
330
12B
100
AcDbEntity
  8
1
100
AcDbVertex
100
AcDb2dVertex
 10
294773.1757744069
 20
158442.1359092084
 30
0.0
 70
8
  0
VERTEX
  5
13F
330
12B
100
AcDbEntity
  8
1
100
AcDbVertex
100
AcDb2dVertex
 10
294773.1815124069
 20
158442.1262562084
 30
0.0
 70
8
  0
VERTEX
  5
140
330
12B
100
AcDbEntity
  8
1
100
AcDbVertex
100
AcDb2dVertex
 10
294773.1877114069
 20
158442.1168312084
 30
0.0
 70
8
  0
VERTEX
  5
141
330
12B
100
AcDbEntity
  8
1
100
AcDbVertex
100
AcDb2dVertex
 10
294773.1943134069
 20
158442.1076462084
 30
0.0
 70
8
  0
VERTEX
  5
142
330
12B
100
AcDbEntity
  8
1
100
AcDbVertex
100
AcDb2dVertex
 10
294773.2012564069
 20
158442.0987092084
 30
0.0
 70
8
  0
VERTEX
  5
143
330
12B
100
AcDbEntity
  8
1
100
AcDbVertex
100
AcDb2dVertex
 10
294773.2084804069
 20
158442.0900322084
 30
0.0
 70
8
  0
VERTEX
  5
144
330
12B
100
AcDbEntity
  8
1
100
AcDbVertex
100
AcDb2dVertex
 10
294773.2159254069
 20
158442.0816242084
 30
0.0
 70
8
  0
SEQEND
  5
145
330
12B
100
AcDbEntity
  8
1
  0
ARC
  5
146
330
2F
100
AcDbEntity
  8
1
100
AcDbCircle
 10
294773.6159254069
 20
158437.3909812084
 30
0.0
 40
3.099995999999998
100
AcDbArc
 50
129.2681060006489
 51
50.73189600106472
  0
LINE
  5
147
330
2F
100
AcDbEntity
  8
ALPHA
100
AcDbLine
 10
294778.3533824069
 20
158423.7919822084
 30
0.0
 11
294769.4034314068
 21
158423.7919822084
 31
0.0
  0
ARC
  5
148
330
2F
100
AcDbEntity
  8
1
100
AcDbCircle
 10
294770.7033584069
 20
158427.5528162084
 30
0.0
 40
2.986259999999998
100
AcDbArc
 50
82.3022500016008
 51
97.6977139988624
  0
ARC
  5
149
330
2F
100
AcDbEntity
  8
1
100
AcDbCircle
 10
294770.7033584069
 20
158427.5528162084
 30
0.0
 40
1.145
100
AcDbArc
 50
72.4637169990274
 51
107.5363010000095
  0
ARC
  5
14A
330
2F
100
AcDbEntity
  8
1
100
AcDbCircle
 10
294770.7033584069
 20
158427.5528162084
 30
0.0
 40
1.145
100
AcDbArc
 50
252.4637089996968
 51
287.5362930006793
  0
ARC
  5
14B
330
2F
100
AcDbEntity
  8
1
100
AcDbCircle
 10
294770.7033584069
 20
158427.5528162084
 30
0.0
 40
2.986259999999998
100
AcDbArc
 50
262.3022959996494
 51
277.6977600002159
  0
ARC
  5
14C
330
2F
100
AcDbEntity
  8
1
100
AcDbCircle
 10
294770.7033584069
 20
158427.5528162084
 30
0.0
 40
3.099995999999998
100
AcDbArc
 50
245.2075890000044
 51
114.7924040009082
  0
LINE
  5
14D
330
2F
100
AcDbEntity
  8
1
100
AcDbLine
 10
294769.4034304069
 20
158424.6010872084
 30
0.0
 11
294770.0856154069
 21
158424.3911052084
 31
0.0
  0
LINE
  5
14E
330
2F
100
AcDbEntity
  8
1
100
AcDbLine
 10
294770.0856154069
 20
158424.3911052084
 30
0.0
 11
294770.7976474069
 21
158424.3337882084
 31
0.0
  0
LINE
  5
14F
330
2F
100
AcDbEntity
  8
1
100
AcDbLine
 10
294770.7976474069
 20
158424.3337882084
 30
0.0
 11
294771.5051234069
 21
158424.4319052084
 31
0.0
  0
LINE
  5
150
330
2F
100
AcDbEntity
  8
1
100
AcDbLine
 10
294771.5051234069
 20
158424.4319052084
 30
0.0
 11
294772.1738614069
 21
158424.6807142084
 31
0.0
  0
LINE
  5
151
330
2F
100
AcDbEntity
  8
1
100
AcDbLine
 10
294772.1738614069
 20
158424.6807142084
 30
0.0
 11
294772.7715504069
 21
158425.0681962084
 31
0.0
  0
LINE
  5
152
330
2F
100
AcDbEntity
  8
1
100
AcDbLine
 10
294772.7715504069
 20
158425.0681962084
 30
0.0
 11
294773.2693124068
 21
158425.5756272084
 31
0.0
  0
LINE
  5
153
330
2F
100
AcDbEntity
  8
1
100
AcDbLine
 10
294773.2693124068
 20
158425.5756272084
 30
0.0
 11
294773.6430974069
 21
158426.1784912084
 31
0.0
  0
LINE
  5
154
330
2F
100
AcDbEntity
  8
1
100
AcDbLine
 10
294773.6430974069
 20
158426.1784912084
 30
0.0
 11
294773.8748444069
 21
158426.8476602084
 31
0.0
  0
LINE
  5
155
330
2F
100
AcDbEntity
  8
1
100
AcDbLine
 10
294773.8748444069
 20
158426.8476602084
 30
0.0
 11
294773.9533584069
 21
158427.5508022084
 31
0.0
  0
LINE
  5
156
330
2F
100
AcDbEntity
  8
1
100
AcDbLine
 10
294773.9533584069
 20
158427.5508022084
 30
0.0
 11
294773.8748444069
 21
158428.2539452084
 31
0.0
  0
LINE
  5
157
330
2F
100
AcDbEntity
  8
1
100
AcDbLine
 10
294773.8748444069
 20
158428.2539452084
 30
0.0
 11
294773.6430964069
 21
158428.9231142084
 31
0.0
  0
LINE
  5
158
330
2F
100
AcDbEntity
  8
1
100
AcDbLine
 10
294773.6430964069
 20
158428.9231142084
 30
0.0
 11
294773.2693114069
 21
158429.5259782084
 31
0.0
  0
LINE
  5
159
330
2F
100
AcDbEntity
  8
1
100
AcDbLine
 10
294773.2693114069
 20
158429.5259782084
 30
0.0
 11
294772.7715494069
 21
158430.0334092084
 31
0.0
  0
LINE
  5
15A
330
2F
100
AcDbEntity
  8
1
100
AcDbLine
 10
294772.7715494069
 20
158430.0334092084
 30
0.0
 11
294772.1738604068
 21
158430.4208902084
 31
0.0
  0
LINE
  5
15B
330
2F
100
AcDbEntity
  8
1
100
AcDbLine
 10
294772.1738604068
 20
158430.4208902084
 30
0.0
 11
294771.5051224069
 21
158430.6696992084
 31
0.0
  0
LINE
  5
15C
330
2F
100
AcDbEntity
  8
1
100
AcDbLine
 10
294771.5051224069
 20
158430.6696992084
 30
0.0
 11
294770.7976464068
 21
158430.7678162084
 31
0.0
  0
LINE
  5
15D
330
2F
100
AcDbEntity
  8
1
100
AcDbLine
 10
294770.7976464068
 20
158430.7678162084
 30
0.0
 11
294770.0856144068
 21
158430.7104982084
 31
0.0
  0
LINE
  5
15E
330
2F
100
AcDbEntity
  8
1
100
AcDbLine
 10
294770.0856144068
 20
158430.7104982084
 30
0.0
 11
294769.4034294069
 21
158430.5005162084
 31
0.0
  0
LINE
  5
15F
330
2F
100
AcDbEntity
  8
1
100
AcDbLine
 10
294773.9533584069
 20
158428.6589702084
 30
0.0
 11
294773.8748444069
 21
158429.3621132084
 31
0.0
  0
LINE
  5
160
330
2F
100
AcDbEntity
  8
1
100
AcDbLine
 10
294773.8748444069
 20
158429.3621132084
 30
0.0
 11
294773.6430974069
 21
158430.0312822084
 31
0.0
  0
LINE
  5
161
330
2F
100
AcDbEntity
  8
1
100
AcDbLine
 10
294773.6430974069
 20
158430.0312822084
 30
0.0
 11
294773.2693124068
 21
158430.6341462084
 31
0.0
  0
LINE
  5
162
330
2F
100
AcDbEntity
  8
1
100
AcDbLine
 10
294773.2693124068
 20
158430.6341462084
 30
0.0
 11
294772.7715504069
 21
158431.1415782084
 31
0.0
  0
LINE
  5
163
330
2F
100
AcDbEntity
  8
1
100
AcDbLine
 10
294772.7715504069
 20
158431.1415782084
 30
0.0
 11
294772.1738614069
 21
158431.5290592084
 31
0.0
  0
LINE
  5
164
330
2F
100
AcDbEntity
  8
1
100
AcDbLine
 10
294772.1738614069
 20
158431.5290592084
 30
0.0
 11
294771.5051234069
 21
158431.7778692084
 31
0.0
  0
LINE
  5
165
330
2F
100
AcDbEntity
  8
1
100
AcDbLine
 10
294771.5051234069
 20
158431.7778692084
 30
0.0
 11
294770.7976464068
 21
158431.8759852084
 31
0.0
  0
LINE
  5
166
330
2F
100
AcDbEntity
  8
1
100
AcDbLine
 10
294770.7976464068
 20
158431.8759852084
 30
0.0
 11
294770.0856144068
 21
158431.8186682084
 31
0.0
  0
LINE
  5
167
330
2F
100
AcDbEntity
  8
1
100
AcDbLine
 10
294770.0856144068
 20
158431.8186682084
 30
0.0
 11
294769.4034294069
 21
158431.6086862084
 31
0.0
  0
LINE
  5
168
330
2F
100
AcDbEntity
  8
ALPHA
100
AcDbLine
 10
294780.8200476725
 20
158448.7909754477
 30
0.0
 11
294770.1266216725
 21
158448.7909754477
 31
0.0
  0
LINE
  5
169
330
2F
100
AcDbEntity
  8
ALPHA
100
AcDbLine
 10
294769.4034314068
 20
158445.9787162084
 30
0.0
 11
294769.4034314068
 21
158420.7909752084
 31
0.0
  0
LINE
  5
16A
330
2F
100
AcDbEntity
  8
ALPHA
100
AcDbLine
 10
294769.6159404069
 20
158448.3374232084
 30
0.0
 11
294769.6159404069
 21
158433.9910032084
 31
0.0
  0
LINE
  5
16B
330
2F
100
AcDbEntity
  8
ALPHA
100
AcDbLine
 10
294768.4534344069
 20
158444.8819582084
 30
0.0
 11
294768.4534344069
 21
158427.0909742084
 31
0.0
  0
LINE
  5
16C
330
2F
100
AcDbEntity
  8
ALPHA
100
AcDbLine
 10
294749.4533884068
 20
158421.2909602084
 30
0.0
 11
294757.2033884068
 21
158421.2909602084
 31
0.0
  0
LINE
  5
16D
330
2F
100
AcDbEntity
  8
ALPHA
100
AcDbLine
 10
294764.7034344069
 20
158423.7909602084
 30
0.0
 11
294748.2034344069
 21
158423.7909602084
 31
0.0
  0
LINE
  5
16E
330
2F
100
AcDbEntity
  8
ALPHA
100
AcDbLine
 10
294752.4534344069
 20
158429.0410932084
 30
0.0
 11
294754.4534344069
 21
158429.0410932084
 31
0.0
  0
ARC
  5
16F
330
2F
100
AcDbEntity
  8
ALPHA
100
AcDbCircle
 10
294753.7034044069
 20
158418.2909602084
 30
0.0
 40
0.5
100
AcDbArc
 50
180.0000319998364
 51
270.0000280011076
  0
ARC
  5
170
330
2F
100
AcDbEntity
  8
ALPHA
100
AcDbCircle
 10
294756.4534344069
 20
158409.0909782084
 30
0.0
 40
18.499992
100
AcDbArc
 50
71.07537900116088
 51
108.9246810008645
  0
LINE
  5
171
330
2F
100
AcDbEntity
  8
ALPHA
100
AcDbLine
 10
294756.7034344069
 20
158426.5909742084
 30
0.0
 11
294738.9534344069
 21
158426.5909742084
 31
0.0
  0
LINE
  5
172
330
2F
100
AcDbEntity
  8
ALPHA
100
AcDbLine
 10
294751.9534344069
 20
158429.7410942084
 30
0.0
 11
294751.9534344069
 21
158426.5911002084
 31
0.0
  0
LINE
  5
173
330
2F
100
AcDbEntity
  8
ALPHA
100
AcDbLine
 10
294749.9534344069
 20
158429.7410942084
 30
0.0
 11
294749.9534344069
 21
158426.5911002084
 31
0.0
  0
LINE
  5
174
330
2F
100
AcDbEntity
  8
ALPHA
100
AcDbLine
 10
294745.9534344069
 20
158422.2909752084
 30
0.0
 11
294743.4534344069
 21
158422.2909752084
 31
0.0
  0
LINE
  5
175
330
2F
100
AcDbEntity
  8
ALPHA
100
AcDbLine
 10
294742.2034044068
 20
158415.8158932084
 30
0.0
 11
294748.7034044069
 21
158415.8158932084
 31
0.0
  0
LINE
  5
176
330
2F
100
AcDbEntity
  8
ALPHA
100
AcDbLine
 10
294739.7034044069
 20
158415.2909602084
 30
0.0
 11
294751.2034044068
 21
158415.2909602084
 31
0.0
  0
LINE
  5
177
330
2F
100
AcDbEntity
  8
ALPHA
100
AcDbLine
 10
294743.4534344069
 20
158426.5911002084
 30
0.0
 11
294743.4534344069
 21
158415.7909752084
 31
0.0
  0
LINE
  5
178
330
2F
100
AcDbEntity
  8
ALPHA
100
AcDbLine
 10
294741.2034044069
 20
158426.5911002084
 30
0.0
 11
294741.2034044069
 21
158416.6190392084
 31
0.0
  0
LINE
  5
179
330
2F
100
AcDbEntity
  8
ALPHA
100
AcDbLine
 10
294738.7034044069
 20
158418.2957662084
 30
0.0
 11
294741.2034044069
 21
158418.2957662084
 31
0.0
  0
LINE
  5
17A
330
2F
100
AcDbEntity
  8
ALPHA
100
AcDbLine
 10
294738.7034044069
 20
158417.2909602084
 30
0.0
 11
294741.2034044069
 21
158417.2909602084
 31
0.0
  0
LINE
  5
17B
330
2F
100
AcDbEntity
  8
ALPHA
100
AcDbLine
 10
294739.7034044069
 20
158415.6190392084
 30
0.0
 11
294742.2034044068
 21
158415.6190392084
 31
0.0
  0
LINE
  5
17C
330
2F
100
AcDbEntity
  8
ALPHA
100
AcDbLine
 10
294737.7034044069
 20
158421.2909602084
 30
0.0
 11
294737.7034044069
 21
158418.2909602084
 31
0.0
  0
ARC
  5
17D
330
2F
100
AcDbEntity
  8
ALPHA
100
AcDbCircle
 10
294737.2034044068
 20
158418.2909602084
 30
0.0
 40
0.5
100
AcDbArc
 50
270.0000280011076
 51
1.00001573371e-05
  0
LINE
  5
17E
330
2F
100
AcDbEntity
  8
ALPHA
100
AcDbLine
 10
294738.7034044069
 20
158418.2957662084
 30
0.0
 11
294738.7034044069
 21
158416.2909602084
 31
0.0
  0
ARC
  5
17F
330
2F
100
AcDbEntity
  8
ALPHA
100
AcDbCircle
 10
294739.7034044069
 20
158416.2909602084
 30
0.0
 40
1.0
100
AcDbArc
 50
180.0000319998364
 51
270.0000280011076
  0
ARC
  5
180
330
2F
100
AcDbEntity
  8
ALPHA
100
AcDbCircle
 10
294739.7034044069
 20
158416.6190392084
 30
0.0
 40
1.0
100
AcDbArc
 50
180.0000319998364
 51
270.0000280011076
  0
ARC
  5
181
330
2F
100
AcDbEntity
  8
ALPHA
100
AcDbCircle
 10
294742.2034044068
 20
158416.8158932084
 30
0.0
 40
1.0
100
AcDbArc
 50
180.0000319998364
 51
270.0000280011076
  0
ARC
  5
182
330
2F
100
AcDbEntity
  8
ALPHA
100
AcDbCircle
 10
294742.2034044068
 20
158416.6190392084
 30
0.0
 40
1.0
100
AcDbArc
 50
180.0000319998364
 51
270.0000280011076
  0
LINE
  5
183
330
2F
100
AcDbEntity
  8
ALPHA
100
AcDbLine
 10
294748.2034344069
 20
158426.5911002084
 30
0.0
 11
294748.2034344069
 21
158415.7909752084
 31
0.0
  0
LINE
  5
184
330
2F
100
AcDbEntity
  8
ALPHA
100
AcDbLine
 10
294745.9534344069
 20
158426.5911002084
 30
0.0
 11
294745.9534344069
 21
158415.7909752084
 31
0.0
  0
LINE
  5
185
330
2F
100
AcDbEntity
  8
ALPHA
100
AcDbLine
 10
294748.2034344069
 20
158417.7909602084
 30
0.0
 11
294749.4533884068
 21
158417.7909602084
 31
0.0
  0
ARC
  5
186
330
2F
100
AcDbEntity
  8
ALPHA
100
AcDbCircle
 10
294748.7034044069
 20
158416.8158932084
 30
0.0
 40
1.0
100
AcDbArc
 50
270.0000280011076
 51
1.00001573371e-05
  0
LINE
  5
187
330
2F
100
AcDbEntity
  8
ALPHA
100
AcDbLine
 10
294751.2034044068
 20
158415.6190392084
 30
0.0
 11
294748.7034044069
 21
158415.6190392084
 31
0.0
  0
ARC
  5
188
330
2F
100
AcDbEntity
  8
ALPHA
100
AcDbCircle
 10
294748.7034044069
 20
158416.6190392084
 30
0.0
 40
1.0
100
AcDbArc
 50
270.0000280011076
 51
359.9999829995657
  0
LINE
  5
189
330
2F
100
AcDbEntity
  8
ALPHA
100
AcDbLine
 10
294749.4533884068
 20
158421.2909602084
 30
0.0
 11
294749.4533884068
 21
158417.7909602084
 31
0.0
  0
LINE
  5
18A
330
2F
100
AcDbEntity
  8
ALPHA
100
AcDbLine
 10
294753.2034044069
 20
158421.2909602084
 30
0.0
 11
294753.2034044069
 21
158418.2909602084
 31
0.0
  0
LINE
  5
18B
330
2F
100
AcDbEntity
  8
ALPHA
100
AcDbLine
 10
294749.7034044069
 20
158421.2909602084
 30
0.0
 11
294749.7034044069
 21
158416.8158932084
 31
0.0
  0
LINE
  5
18C
330
2F
100
AcDbEntity
  8
ALPHA
100
AcDbLine
 10
294752.2034044069
 20
158418.2957662084
 30
0.0
 11
294749.7034044069
 21
158418.2957662084
 31
0.0
  0
LINE
  5
18D
330
2F
100
AcDbEntity
  8
ALPHA
100
AcDbLine
 10
294752.2034044069
 20
158417.2909602084
 30
0.0
 11
294749.7034044069
 21
158417.2909602084
 31
0.0
  0
LINE
  5
18E
330
2F
100
AcDbEntity
  8
ALPHA
100
AcDbLine
 10
294752.2034044069
 20
158418.2957662084
 30
0.0
 11
294752.2034044069
 21
158416.2909602084
 31
0.0
  0
ARC
  5
18F
330
2F
100
AcDbEntity
  8
ALPHA
100
AcDbCircle
 10
294751.2034044068
 20
158416.2909602084
 30
0.0
 40
1.0
100
AcDbArc
 50
270.0000280011076
 51
1.00001573371e-05
  0
ARC
  5
190
330
2F
100
AcDbEntity
  8
ALPHA
100
AcDbCircle
 10
294751.2034044068
 20
158416.6190392084
 30
0.0
 40
1.0
100
AcDbArc
 50
270.0000280011076
 51
359.9999829995657
  0
LINE
  5
191
330
2F
100
AcDbEntity
  8
ALPHA
100
AcDbLine
 10
294752.8532764069
 20
158427.2374022084
 30
0.0
 11
294752.8532764069
 21
158423.7909602084
 31
0.0
  0
LINE
  5
192
330
2F
100
AcDbEntity
  8
ALPHA
100
AcDbLine
 10
294752.4534344069
 20
158429.7410942084
 30
0.0
 11
294752.4534344069
 21
158429.0410932084
 31
0.0
  0
LINE
  5
193
330
2F
100
AcDbEntity
  8
1
100
AcDbLine
 10
294770.2143144068
 20
158428.7833002084
 30
0.0
 11
294770.2143144068
 21
158430.0300042084
 31
0.0
  0
ARC
  5
194
330
2F
100
AcDbEntity
  8
ALPHA
100
AcDbCircle
 10
294762.7034344069
 20
158409.0911002084
 30
0.0
 40
18.499985
100
AcDbArc
 50
71.07538599999577
 51
108.9246879996996
  0
ARC
  5
195
330
2F
100
AcDbEntity
  8
ALPHA
100
AcDbCircle
 10
294757.2033884068
 20
158422.2909602084
 30
0.0
 40
1.0
100
AcDbArc
 50
270.0000280011076
 51
1.00001573371e-05
  0
LINE
  5
196
330
2F
100
AcDbEntity
  8
ALPHA
100
AcDbLine
 10
294755.2034044069
 20
158417.7909602084
 30
0.0
 11
294755.2034044069
 21
158415.2909602084
 31
0.0
  0
LINE
  5
197
330
2F
100
AcDbEntity
  8
ALPHA
100
AcDbLine
 10
294753.7034044069
 20
158417.7909602084
 30
0.0
 11
294755.2034044069
 21
158417.7909602084
 31
0.0
  0
LINE
  5
198
330
2F
100
AcDbEntity
  8
ALPHA
100
AcDbLine
 10
294758.2033884069
 20
158423.7909602084
 30
0.0
 11
294758.2033884069
 21
158422.2909602084
 31
0.0
  0
LINE
  5
199
330
2F
100
AcDbEntity
  8
ALPHA
100
AcDbLine
 10
294764.7034344069
 20
158426.5911002084
 30
0.0
 11
294764.7034344069
 21
158420.7909752084
 31
0.0
  0
LINE
  5
19A
330
2F
100
AcDbEntity
  8
ALPHA
100
AcDbLine
 10
294769.4034314068
 20
158420.7909752084
 30
0.0
 11
294764.7034344069
 21
158420.7909752084
 31
0.0
  0
LINE
  5
19B
330
2F
100
AcDbEntity
  8
ALPHA
100
AcDbLine
 10
294769.4034314068
 20
158422.7909752084
 30
0.0
 11
294764.7034344069
 21
158422.7909752084
 31
0.0
  0
LINE
  5
19C
330
2F
100
AcDbEntity
  8
ALPHA
100
AcDbLine
 10
294767.9534344068
 20
158426.5909742084
 30
0.0
 11
294762.4534344069
 21
158426.5909742084
 31
0.0
  0
LINE
  5
19D
330
2F
100
AcDbEntity
  8
1
100
AcDbLine
 10
294770.2143144068
 20
158425.0756282084
 30
0.0
 11
294770.2165644069
 21
158425.0473402084
 31
0.0
  0
LINE
  5
19E
330
2F
100
AcDbEntity
  8
1
100
AcDbLine
 10
294770.2165644069
 20
158425.0473402084
 30
0.0
 11
294770.2192434069
 21
158425.0191612084
 31
0.0
  0
LINE
  5
19F
330
2F
100
AcDbEntity
  8
1
100
AcDbLine
 10
294770.2192434069
 20
158425.0191612084
 30
0.0
 11
294770.2221564069
 21
158424.9910312084
 31
0.0
  0
LINE
  5
1A0
330
2F
100
AcDbEntity
  8
1
100
AcDbLine
 10
294770.2221564069
 20
158424.9910312084
 30
0.0
 11
294770.2251074069
 21
158424.9628872084
 31
0.0
  0
LINE
  5
1A1
330
2F
100
AcDbEntity
  8
1
100
AcDbLine
 10
294770.2251074069
 20
158424.9628872084
 30
0.0
 11
294770.2278984069
 21
158424.9346712084
 31
0.0
  0
LINE
  5
1A2
330
2F
100
AcDbEntity
  8
1
100
AcDbLine
 10
294770.2278984069
 20
158424.9346712084
 30
0.0
 11
294770.2303354068
 21
158424.9063202084
 31
0.0
  0
LINE
  5
1A3
330
2F
100
AcDbEntity
  8
1
100
AcDbLine
 10
294770.2303354068
 20
158424.9063202084
 30
0.0
 11
294770.2322204068
 21
158424.8777752084
 31
0.0
  0
LINE
  5
1A4
330
2F
100
AcDbEntity
  8
1
100
AcDbLine
 10
294770.2322204068
 20
158424.8777752084
 30
0.0
 11
294770.2333574069
 21
158424.8489742084
 31
0.0
  0
LINE
  5
1A5
330
2F
100
AcDbEntity
  8
1
100
AcDbLine
 10
294770.2333574069
 20
158424.8489742084
 30
0.0
 11
294770.2336824069
 21
158424.8256822084
 31
0.0
  0
LINE
  5
1A6
330
2F
100
AcDbEntity
  8
1
100
AcDbLine
 10
294770.2336824069
 20
158424.8256822084
 30
0.0
 11
294770.2338104069
 21
158424.8023152084
 31
0.0
  0
LINE
  5
1A7
330
2F
100
AcDbEntity
  8
1
100
AcDbLine
 10
294770.2338104069
 20
158424.8023152084
 30
0.0
 11
294770.2341504069
 21
158424.7790012084
 31
0.0
  0
LINE
  5
1A8
330
2F
100
AcDbEntity
  8
1
100
AcDbLine
 10
294770.2341504069
 20
158424.7790012084
 30
0.0
 11
294770.2351124068
 21
158424.7558682084
 31
0.0
  0
LINE
  5
1A9
330
2F
100
AcDbEntity
  8
1
100
AcDbLine
 10
294770.2351124068
 20
158424.7558682084
 30
0.0
 11
294770.2371054069
 21
158424.7330432084
 31
0.0
  0
LINE
  5
1AA
330
2F
100
AcDbEntity
  8
1
100
AcDbLine
 10
294770.2371054069
 20
158424.7330432084
 30
0.0
 11
294770.2405384069
 21
158424.7106552084
 31
0.0
  0
LINE
  5
1AB
330
2F
100
AcDbEntity
  8
1
100
AcDbLine
 10
294770.2405384069
 20
158424.7106552084
 30
0.0
 11
294770.2458204068
 21
158424.6888312084
 31
0.0
  0
LINE
  5
1AC
330
2F
100
AcDbEntity
  8
1
100
AcDbLine
 10
294770.2458204068
 20
158424.6888312084
 30
0.0
 11
294770.2533614069
 21
158424.6676992084
 31
0.0
  0
LINE
  5
1AD
330
2F
100
AcDbEntity
  8
1
100
AcDbLine
 10
294770.2533614069
 20
158424.6676992084
 30
0.0
 11
294770.2579944069
 21
158424.6576212084
 31
0.0
  0
LINE
  5
1AE
330
2F
100
AcDbEntity
  8
1
100
AcDbLine
 10
294770.2579944069
 20
158424.6576212084
 30
0.0
 11
294770.2632104069
 21
158424.6477502084
 31
0.0
  0
LINE
  5
1AF
330
2F
100
AcDbEntity
  8
1
100
AcDbLine
 10
294770.2632104069
 20
158424.6477502084
 30
0.0
 11
294770.2689494069
 21
158424.6380972084
 31
0.0
  0
LINE
  5
1B0
330
2F
100
AcDbEntity
  8
1
100
AcDbLine
 10
294770.2689494069
 20
158424.6380972084
 30
0.0
 11
294770.2751494069
 21
158424.6286732084
 31
0.0
  0
LINE
  5
1B1
330
2F
100
AcDbEntity
  8
1
100
AcDbLine
 10
294770.2751494069
 20
158424.6286732084
 30
0.0
 11
294770.2817514068
 21
158424.6194872084
 31
0.0
  0
LINE
  5
1B2
330
2F
100
AcDbEntity
  8
1
100
AcDbLine
 10
294770.2817514068
 20
158424.6194872084
 30
0.0
 11
294770.2886944069
 21
158424.6105512084
 31
0.0
  0
LINE
  5
1B3
330
2F
100
AcDbEntity
  8
1
100
AcDbLine
 10
294770.2886944069
 20
158424.6105512084
 30
0.0
 11
294770.2959194069
 21
158424.6018732084
 31
0.0
  0
LINE
  5
1B4
330
2F
100
AcDbEntity
  8
1
100
AcDbLine
 10
294770.2959194069
 20
158424.6018732084
 30
0.0
 11
294770.3033644069
 21
158424.5934652084
 31
0.0
  0
ARC
  5
1B5
330
2F
100
AcDbEntity
  8
1
100
AcDbCircle
 10
294770.7033584069
 20
158427.5528162084
 30
0.0
 40
1.145
100
AcDbArc
 50
162.4637540002233
 51
197.5363380007018
  0
LINE
  5
1B6
330
2F
100
AcDbEntity
  8
1
100
AcDbLine
 10
294770.3583604069
 20
158426.4610382084
 30
0.0
 11
294770.173034407
 21
158427.0224892084
 31
0.0
  0
LINE
  5
1B7
330
2F
100
AcDbEntity
  8
1
100
AcDbLine
 10
294770.1730144068
 20
158427.0224662084
 30
0.0
 11
294769.6115624069
 21
158427.2077922084
 31
0.0
  0
LINE
  5
1B8
330
2F
100
AcDbEntity
  8
1
100
AcDbLine
 10
294770.1730374069
 20
158428.0831582084
 30
0.0
 11
294769.6115714069
 21
158427.8978292084
 31
0.0
  0
LINE
  5
1B9
330
2F
100
AcDbEntity
  8
1
100
AcDbLine
 10
294770.3583414069
 20
158428.6445862084
 30
0.0
 11
294770.1730154069
 21
158428.0831352084
 31
0.0
  0
LINE
  5
1BA
330
2F
100
AcDbEntity
  8
1
100
AcDbLine
 10
294770.2143334069
 20
158426.3170072084
 30
0.0
 11
294770.0276974068
 21
158426.8824292084
 31
0.0
  0
LINE
  5
1BB
330
2F
100
AcDbEntity
  8
1
100
AcDbLine
 10
294770.0276724069
 20
158426.8824102084
 30
0.0
 11
294769.4034214068
 21
158427.0884612084
 31
0.0
  0
LINE
  5
1BC
330
2F
100
AcDbEntity
  8
1
100
AcDbLine
 10
294770.2156304068
 20
158428.7873022084
 30
0.0
 11
294770.0303004069
 21
158428.2258352084
 31
0.0
  0
LINE
  5
1BD
330
2F
100
AcDbEntity
  8
1
100
AcDbLine
 10
294770.0303234069
 20
158428.2258702084
 30
0.0
 11
294769.4034214068
 21
158428.0189382084
 31
0.0
  0
LINE
  5
1BE
330
2F
100
AcDbEntity
  8
1
100
AcDbLine
 10
294770.2143144068
 20
158425.0756282084
 30
0.0
 11
294770.2143144068
 21
158426.3169762084
 31
0.0
  0
LINE
  5
1BF
330
2F
100
AcDbEntity
  8
1
100
AcDbLine
 10
294769.6115804069
 20
158427.8978102084
 30
0.0
 11
294769.4034464069
 21
158427.9087162084
 31
0.0
  0
LINE
  5
1C0
330
2F
100
AcDbEntity
  8
1
100
AcDbLine
 10
294769.6115894069
 20
158427.2078002084
 30
0.0
 11
294769.4034554069
 21
158427.1968932084
 31
0.0
  0
ARC
  5
1C1
330
2F
100
AcDbEntity
  8
ALPHA
100
AcDbCircle
 10
294767.9534344068
 20
158427.0909742084
 30
0.0
 40
0.5
100
AcDbArc
 50
270.0000010005159
 51
1.00001573371e-05
  0
LINE
  5
1C2
330
2F
100
AcDbEntity
  8
ALPHA
100
AcDbLine
 10
294754.4534344069
 20
158429.7410942084
 30
0.0
 11
294754.4534344069
 21
158429.0410932084
 31
0.0
  0
LINE
  5
1C3
330
2F
100
AcDbEntity
  8
1
100
AcDbLine
 10
294770.2143144068
 20
158430.0300042084
 30
0.0
 11
294770.2165644069
 21
158430.0582922084
 31
0.0
  0
LINE
  5
1C4
330
2F
100
AcDbEntity
  8
1
100
AcDbLine
 10
294770.2165644069
 20
158430.0582922084
 30
0.0
 11
294770.2192434069
 21
158430.0864712084
 31
0.0
  0
LINE
  5
1C5
330
2F
100
AcDbEntity
  8
1
100
AcDbLine
 10
294770.2192434069
 20
158430.0864712084
 30
0.0
 11
294770.2221564069
 21
158430.1146022084
 31
0.0
  0
LINE
  5
1C6
330
2F
100
AcDbEntity
  8
1
100
AcDbLine
 10
294770.2221564069
 20
158430.1146022084
 30
0.0
 11
294770.2251074069
 21
158430.1427452084
 31
0.0
  0
LINE
  5
1C7
330
2F
100
AcDbEntity
  8
1
100
AcDbLine
 10
294770.2251074069
 20
158430.1427452084
 30
0.0
 11
294770.2278984069
 21
158430.1709612084
 31
0.0
  0
LINE
  5
1C8
330
2F
100
AcDbEntity
  8
1
100
AcDbLine
 10
294770.2278984069
 20
158430.1709612084
 30
0.0
 11
294770.2303354068
 21
158430.1993122084
 31
0.0
  0
LINE
  5
1C9
330
2F
100
AcDbEntity
  8
1
100
AcDbLine
 10
294770.2303354068
 20
158430.1993122084
 30
0.0
 11
294770.2322204068
 21
158430.2278572084
 31
0.0
  0
LINE
  5
1CA
330
2F
100
AcDbEntity
  8
1
100
AcDbLine
 10
294770.2322204068
 20
158430.2278572084
 30
0.0
 11
294770.2333574069
 21
158430.2566582084
 31
0.0
  0
LINE
  5
1CB
330
2F
100
AcDbEntity
  8
1
100
AcDbLine
 10
294770.2333574069
 20
158430.2566582084
 30
0.0
 11
294770.2336824069
 21
158430.2799502084
 31
0.0
  0
LINE
  5
1CC
330
2F
100
AcDbEntity
  8
1
100
AcDbLine
 10
294770.2336824069
 20
158430.2799502084
 30
0.0
 11
294770.2338104069
 21
158430.3033172084
 31
0.0
  0
LINE
  5
1CD
330
2F
100
AcDbEntity
  8
1
100
AcDbLine
 10
294770.2338104069
 20
158430.3033172084
 30
0.0
 11
294770.2341504069
 21
158430.3266312084
 31
0.0
  0
LINE
  5
1CE
330
2F
100
AcDbEntity
  8
1
100
AcDbLine
 10
294770.2341504069
 20
158430.3266312084
 30
0.0
 11
294770.2351124068
 21
158430.3497642084
 31
0.0
  0
LINE
  5
1CF
330
2F
100
AcDbEntity
  8
1
100
AcDbLine
 10
294770.2351124068
 20
158430.3497642084
 30
0.0
 11
294770.2371054069
 21
158430.3725892084
 31
0.0
  0
LINE
  5
1D0
330
2F
100
AcDbEntity
  8
1
100
AcDbLine
 10
294770.2371054069
 20
158430.3725892084
 30
0.0
 11
294770.2405384069
 21
158430.3949782084
 31
0.0
  0
LINE
  5
1D1
330
2F
100
AcDbEntity
  8
1
100
AcDbLine
 10
294770.2405384069
 20
158430.3949782084
 30
0.0
 11
294770.2458204068
 21
158430.4168012084
 31
0.0
  0
LINE
  5
1D2
330
2F
100
AcDbEntity
  8
1
100
AcDbLine
 10
294770.2458204068
 20
158430.4168012084
 30
0.0
 11
294770.2533614069
 21
158430.4379332084
 31
0.0
  0
LINE
  5
1D3
330
2F
100
AcDbEntity
  8
1
100
AcDbLine
 10
294770.2533614069
 20
158430.4379332084
 30
0.0
 11
294770.2579944069
 21
158430.4480122084
 31
0.0
  0
LINE
  5
1D4
330
2F
100
AcDbEntity
  8
1
100
AcDbLine
 10
294770.2579944069
 20
158430.4480122084
 30
0.0
 11
294770.2632104069
 21
158430.4578822084
 31
0.0
  0
LINE
  5
1D5
330
2F
100
AcDbEntity
  8
1
100
AcDbLine
 10
294770.2632104069
 20
158430.4578822084
 30
0.0
 11
294770.2689494069
 21
158430.4675352084
 31
0.0
  0
LINE
  5
1D6
330
2F
100
AcDbEntity
  8
1
100
AcDbLine
 10
294770.2689494069
 20
158430.4675352084
 30
0.0
 11
294770.2751494069
 21
158430.4769592084
 31
0.0
  0
LINE
  5
1D7
330
2F
100
AcDbEntity
  8
1
100
AcDbLine
 10
294770.2751494069
 20
158430.4769592084
 30
0.0
 11
294770.2817514068
 21
158430.4861452084
 31
0.0
  0
LINE
  5
1D8
330
2F
100
AcDbEntity
  8
1
100
AcDbLine
 10
294770.2817514068
 20
158430.4861452084
 30
0.0
 11
294770.2886944069
 21
158430.4950812084
 31
0.0
  0
LINE
  5
1D9
330
2F
100
AcDbEntity
  8
1
100
AcDbLine
 10
294770.2886944069
 20
158430.4950812084
 30
0.0
 11
294770.2959194069
 21
158430.5037592084
 31
0.0
  0
LINE
  5
1DA
330
2F
100
AcDbEntity
  8
1
100
AcDbLine
 10
294770.2959194069
 20
158430.5037592084
 30
0.0
 11
294770.3033644069
 21
158430.5121672084
 31
0.0
  0
LINE
  5
1DB
330
2F
100
AcDbEntity
  8
1
100
AcDbLine
 10
294770.4534344069
 20
158429.0410932084
 30
0.0
 11
294770.4534344069
 21
158429.7410942084
 31
0.0
  0
LINE
  5
1DC
330
2F
100
AcDbEntity
  8
ALPHA
100
AcDbLine
 10
294768.9691571725
 20
158463.5909754477
 30
0.0
 11
294768.9691571725
 21
158444.9427481149
 31
0.0
  0
LINE
  5
1DD
330
2F
100
AcDbEntity
  8
ALPHA
100
AcDbLine
 10
294768.0691571725
 20
158445.0210929477
 30
0.0
 11
294767.9870701724
 21
158445.0508139477
 31
0.0
  0
LINE
  5
1DE
330
2F
100
AcDbEntity
  8
ALPHA
100
AcDbLine
 10
294767.9870701724
 20
158445.0508139477
 30
0.0
 11
294767.7443151725
 21
158445.0783554477
 31
0.0
  0
LINE
  5
1DF
330
2F
100
AcDbEntity
  8
ALPHA
100
AcDbLine
 10
294767.7443151725
 20
158445.0783554477
 30
0.0
 11
294767.3695061725
 21
158445.1007304477
 31
0.0
  0
LINE
  5
1E0
330
2F
100
AcDbEntity
  8
ALPHA
100
AcDbLine
 10
294767.3695061725
 20
158445.1007304477
 30
0.0
 11
294766.8799936725
 21
158445.1169084477
 31
0.0
  0
LINE
  5
1E1
330
2F
100
AcDbEntity
  8
ALPHA
100
AcDbLine
 10
294766.8799936725
 20
158445.1169084477
 30
0.0
 11
294766.3289686725
 21
158445.1250204477
 31
0.0
  0
LINE
  5
1E2
330
2F
100
AcDbEntity
  8
ALPHA
100
AcDbLine
 10
294767.7034344069
 20
158446.8909762084
 30
0.0
 11
294767.7034344069
 21
158446.2910762084
 31
0.0
  0
LINE
  5
1E3
330
2F
100
AcDbEntity
  8
ALPHA
100
AcDbLine
 10
294769.4534344069
 20
158447.7909752084
 30
0.0
 11
294769.4534344069
 21
158446.2909752084
 31
0.0
  0
ARC
  5
1E4
330
2F
100
AcDbEntity
  8
ALPHA
100
AcDbCircle
 10
294770.4534344069
 20
158447.7909752084
 30
0.0
 40
1.0
100
AcDbArc
 50
89.99998200071731
 51
179.9999639997671
  0
LINE
  5
1E5
330
2F
100
AcDbEntity
  8
ALPHA
100
AcDbLine
 10
294770.1266216725
 20
158448.7909754477
 30
0.0
 11
294769.9256601725
 21
158448.7591464477
 31
0.0
  0
LINE
  5
1E6
330
2F
100
AcDbEntity
  8
ALPHA
100
AcDbLine
 10
294769.9256601725
 20
158448.7591464477
 30
0.0
 11
294769.7448486724
 21
158448.6670074477
 31
0.0
  0
LINE
  5
1E7
330
2F
100
AcDbEntity
  8
ALPHA
100
AcDbLine
 10
294769.7448486724
 20
158448.6670074477
 30
0.0
 11
294769.6014801725
 21
158448.5236389477
 31
0.0
  0
LINE
  5
1E8
330
2F
100
AcDbEntity
  8
ALPHA
100
AcDbLine
 10
294769.6014801725
 20
158448.5236389477
 30
0.0
 11
294769.5093411725
 21
158448.3428279477
 31
0.0
  0
LINE
  5
1E9
330
2F
100
AcDbEntity
  8
ALPHA
100
AcDbLine
 10
294769.5093411725
 20
158448.3428279477
 30
0.0
 11
294769.4775121724
 21
158448.1418659477
 31
0.0
  0
LINE
  5
1EA
330
2F
100
AcDbEntity
  8
ALPHA
100
AcDbLine
 10
294768.7138431724
 20
158444.9055354477
 30
0.0
 11
294768.0691571725
 21
158444.9055354477
 31
0.0
  0
LINE
  5
1EB
330
2F
100
AcDbEntity
  8
ALPHA
100
AcDbLine
 10
294768.0691571725
 20
158444.9055354477
 30
0.0
 11
294768.0691571725
 21
158445.0210929477
 31
0.0
  0
LINE
  5
1EC
330
2F
100
AcDbEntity
  8
ALPHA
100
AcDbLine
 10
294769.4775121724
 20
158445.4400844477
 30
0.0
 11
294769.4775121724
 21
158448.1418659477
 31
0.0
  0
LINE
  5
1ED
330
2F
100
AcDbEntity
  8
ALPHA
100
AcDbLine
 10
294769.4775121724
 20
158445.4400844477
 30
0.0
 11
294769.4755791724
 21
158445.3899624477
 31
0.0
  0
LINE
  5
1EE
330
2F
100
AcDbEntity
  8
ALPHA
100
AcDbLine
 10
294769.4755791724
 20
158445.3899624477
 30
0.0
 11
294769.4697931725
 21
158445.3401604477
 31
0.0
  0
LINE
  5
1EF
330
2F
100
AcDbEntity
  8
ALPHA
100
AcDbLine
 10
294769.4697931725
 20
158445.3401604477
 30
0.0
 11
294769.4601916724
 21
158445.2909754477
 31
0.0
  0
LINE
  5
1F0
330
2F
100
AcDbEntity
  8
ALPHA
100
AcDbLine
 10
294769.4601916724
 20
158445.2909754477
 30
0.0
 11
294769.4293421724
 21
158445.2448769477
 31
0.0
  0
LINE
  5
1F1
330
2F
100
AcDbEntity
  8
ALPHA
100
AcDbLine
 10
294769.4293421724
 20
158445.2448769477
 30
0.0
 11
294769.3951771725
 21
158445.2024084477
 31
0.0
  0
LINE
  5
1F2
330
2F
100
AcDbEntity
  8
ALPHA
100
AcDbLine
 10
294769.3951771725
 20
158445.2024084477
 30
0.0
 11
294769.3583586724
 21
158445.1633679477
 31
0.0
  0
LINE
  5
1F3
330
2F
100
AcDbEntity
  8
ALPHA
100
AcDbLine
 10
294769.3583586724
 20
158445.1633679477
 30
0.0
 11
294769.3193731725
 21
158445.1275419477
 31
0.0
  0
LINE
  5
1F4
330
2F
100
AcDbEntity
  8
ALPHA
100
AcDbLine
 10
294769.3193731725
 20
158445.1275419477
 30
0.0
 11
294769.2785136725
 21
158445.0946834477
 31
0.0
  0
LINE
  5
1F5
330
2F
100
AcDbEntity
  8
ALPHA
100
AcDbLine
 10
294769.2785136725
 20
158445.0946834477
 30
0.0
 11
294769.2359941725
 21
158445.0646059477
 31
0.0
  0
LINE
  5
1F6
330
2F
100
AcDbEntity
  8
ALPHA
100
AcDbLine
 10
294769.2359941725
 20
158445.0646059477
 30
0.0
 11
294769.1918886725
 21
158445.0371244477
 31
0.0
  0
LINE
  5
1F7
330
2F
100
AcDbEntity
  8
ALPHA
100
AcDbLine
 10
294769.1918886725
 20
158445.0371244477
 30
0.0
 11
294769.1460831724
 21
158445.0120444477
 31
0.0
  0
LINE
  5
1F8
330
2F
100
AcDbEntity
  8
ALPHA
100
AcDbLine
 10
294769.1460831724
 20
158445.0120444477
 30
0.0
 11
294769.0980621724
 21
158444.9891034477
 31
0.0
  0
LINE
  5
1F9
330
2F
100
AcDbEntity
  8
ALPHA
100
AcDbLine
 10
294769.0980621724
 20
158444.9891034477
 30
0.0
 11
294769.0475781724
 21
158444.9683334477
 31
0.0
  0
LINE
  5
1FA
330
2F
100
AcDbEntity
  8
ALPHA
100
AcDbLine
 10
294769.0475781724
 20
158444.9683334477
 30
0.0
 11
294768.9942701725
 21
158444.9498389477
 31
0.0
  0
LINE
  5
1FB
330
2F
100
AcDbEntity
  8
ALPHA
100
AcDbLine
 10
294768.9942701725
 20
158444.9498389477
 30
0.0
 11
294768.9370801724
 21
158444.9336909477
 31
0.0
  0
LINE
  5
1FC
330
2F
100
AcDbEntity
  8
ALPHA
100
AcDbLine
 10
294768.9370801724
 20
158444.9336909477
 30
0.0
 11
294768.8703456725
 21
158444.9194839477
 31
0.0
  0
LINE
  5
1FD
330
2F
100
AcDbEntity
  8
ALPHA
100
AcDbLine
 10
294768.8703456725
 20
158444.9194839477
 30
0.0
 11
294768.7939356725
 21
158444.9092454477
 31
0.0
  0
LINE
  5
1FE
330
2F
100
AcDbEntity
  8
ALPHA
100
AcDbLine
 10
294768.7939356725
 20
158444.9092454477
 30
0.0
 11
294768.7138431724
 21
158444.9055354477
 31
0.0
  0
LINE
  5
1FF
330
2F
100
AcDbEntity
  8
ALPHA
100
AcDbLine
 10
294766.7303771724
 20
158474.623627073
 30
0.0
 11
294766.7303771724
 21
158463.5909754477
 31
0.0
  0
LINE
  5
200
330
2F
100
AcDbEntity
  8
ALPHA
100
AcDbLine
 10
294774.7034344068
 20
158445.8909762084
 30
0.0
 11
294774.7034344068
 21
158427.5911002084
 31
0.0
  0
LINE
  5
201
330
2F
100
AcDbEntity
  8
ALPHA
100
AcDbLine
 10
294772.9534344068
 20
158444.4981972084
 30
0.0
 11
294772.9534344068
 21
158431.7410872084
 31
0.0
  0
LINE
  5
202
330
2F
100
AcDbEntity
  8
ALPHA
100
AcDbLine
 10
294774.4069254069
 20
158445.8909762084
 30
0.0
 11
294774.4069254069
 21
158427.5911002084
 31
0.0
  0
ARC
  5
203
330
2F
100
AcDbEntity
  8
1
100
AcDbCircle
 10
294773.4069254069
 20
158443.4981972084
 30
0.0
 40
1.0
100
AcDbArc
 50
359.9999550001257
 51
89.99999199920713
  0
LINE
  5
204
330
2F
100
AcDbEntity
  8
ALPHA
100
AcDbLine
 10
294777.8284344069
 20
158448.7909752084
 30
0.0
 11
294777.8284344069
 21
158433.7909752084
 31
0.0
  0
LINE
  5
205
330
2F
100
AcDbEntity
  8
ALPHA
100
AcDbLine
 10
294777.6659134068
 20
158448.7909752084
 30
0.0
 11
294777.6659134068
 21
158433.7909752084
 31
0.0
  0
LINE
  5
206
330
2F
100
AcDbEntity
  8
1
100
AcDbLine
 10
294772.9534344068
 20
158429.7410942084
 30
0.0
 11
294772.9534344068
 21
158426.5911002084
 31
0.0
  0
LINE
  5
207
330
2F
100
AcDbEntity
  8
ALPHA
100
AcDbLine
 10
294778.8533824068
 20
158433.7909752084
 30
0.0
 11
294778.8533824068
 21
158418.7909602084
 31
0.0
  0
LINE
  5
208
330
2F
100
AcDbEntity
  8
1
100
AcDbLine
 10
294771.1910594069
 20
158428.7873132084
 30
0.0
 11
294771.1910594069
 21
158430.0302642084
 31
0.0
  0
LINE
  5
209
330
2F
100
AcDbEntity
  8
ALPHA
100
AcDbLine
 10
294775.0005084069
 20
158433.9909722084
 30
0.0
 11
294775.0005084069
 21
158423.7919822084
 31
0.0
  0
LINE
  5
20A
330
2F
100
AcDbEntity
  8
1
100
AcDbLine
 10
294771.1910594069
 20
158425.0753532084
 30
0.0
 11
294771.1890584069
 21
158425.0470942084
 31
0.0
  0
LINE
  5
20B
330
2F
100
AcDbEntity
  8
1
100
AcDbLine
 10
294771.1890584069
 20
158425.0470942084
 30
0.0
 11
294771.1866084068
 21
158425.0189452084
 31
0.0
  0
LINE
  5
20C
330
2F
100
AcDbEntity
  8
1
100
AcDbLine
 10
294771.1866084068
 20
158425.0189452084
 30
0.0
 11
294771.1839044069
 21
158424.9908462084
 31
0.0
  0
LINE
  5
20D
330
2F
100
AcDbEntity
  8
1
100
AcDbLine
 10
294771.1839044069
 20
158424.9908462084
 30
0.0
 11
294771.1811394069
 21
158424.9627362084
 31
0.0
  0
LINE
  5
20E
330
2F
100
AcDbEntity
  8
1
100
AcDbLine
 10
294771.1811394069
 20
158424.9627362084
 30
0.0
 11
294771.1785094068
 21
158424.9345542084
 31
0.0
  0
LINE
  5
20F
330
2F
100
AcDbEntity
  8
1
100
AcDbLine
 10
294771.1785094068
 20
158424.9345542084
 30
0.0
 11
294771.1762064069
 21
158424.9062402084
 31
0.0
  0
LINE
  5
210
330
2F
100
AcDbEntity
  8
1
100
AcDbLine
 10
294771.1762064069
 20
158424.9062402084
 30
0.0
 11
294771.1744254068
 21
158424.8777342084
 31
0.0
  0
LINE
  5
211
330
2F
100
AcDbEntity
  8
1
100
AcDbLine
 10
294771.1744254068
 20
158424.8777342084
 30
0.0
 11
294771.1733594069
 21
158424.8489742084
 31
0.0
  0
LINE
  5
212
330
2F
100
AcDbEntity
  8
1
100
AcDbLine
 10
294771.1733594069
 20
158424.8489742084
 30
0.0
 11
294771.1730684068
 21
158424.8256792084
 31
0.0
  0
LINE
  5
213
330
2F
100
AcDbEntity
  8
1
100
AcDbLine
 10
294771.1730684068
 20
158424.8256792084
 30
0.0
 11
294771.1729574069
 21
158424.8023102084
 31
0.0
  0
LINE
  5
214
330
2F
100
AcDbEntity
  8
1
100
AcDbLine
 10
294771.1729574069
 20
158424.8023102084
 30
0.0
 11
294771.1726214069
 21
158424.7789952084
 31
0.0
  0
LINE
  5
215
330
2F
100
AcDbEntity
  8
1
100
AcDbLine
 10
294771.1726214069
 20
158424.7789952084
 30
0.0
 11
294771.1716544069
 21
158424.7558622084
 31
0.0
  0
LINE
  5
216
330
2F
100
AcDbEntity
  8
1
100
AcDbLine
 10
294771.1716544069
 20
158424.7558622084
 30
0.0
 11
294771.1696504069
 21
158424.7330382084
 31
0.0
  0
LINE
  5
217
330
2F
100
AcDbEntity
  8
1
100
AcDbLine
 10
294771.1696504069
 20
158424.7330382084
 30
0.0
 11
294771.1662024069
 21
158424.7106512084
 31
0.0
  0
LINE
  5
218
330
2F
100
AcDbEntity
  8
1
100
AcDbLine
 10
294771.1662024069
 20
158424.7106512084
 30
0.0
 11
294771.1609064068
 21
158424.6888292084
 31
0.0
  0
LINE
  5
219
330
2F
100
AcDbEntity
  8
1
100
AcDbLine
 10
294771.1609064068
 20
158424.6888292084
 30
0.0
 11
294771.1533554068
 21
158424.6676992084
 31
0.0
  0
LINE
  5
21A
330
2F
100
AcDbEntity
  8
1
100
AcDbLine
 10
294771.1533554068
 20
158424.6676992084
 30
0.0
 11
294771.1487194069
 21
158424.6576212084
 31
0.0
  0
LINE
  5
21B
330
2F
100
AcDbEntity
  8
1
100
AcDbLine
 10
294771.1487194069
 20
158424.6576212084
 30
0.0
 11
294771.1435024069
 21
158424.6477502084
 31
0.0
  0
LINE
  5
21C
330
2F
100
AcDbEntity
  8
1
100
AcDbLine
 10
294771.1435024069
 20
158424.6477502084
 30
0.0
 11
294771.1377634069
 21
158424.6380972084
 31
0.0
  0
LINE
  5
21D
330
2F
100
AcDbEntity
  8
1
100
AcDbLine
 10
294771.1377634069
 20
158424.6380972084
 30
0.0
 11
294771.1315644069
 21
158424.6286732084
 31
0.0
  0
LINE
  5
21E
330
2F
100
AcDbEntity
  8
1
100
AcDbLine
 10
294771.1315644069
 20
158424.6286732084
 30
0.0
 11
294771.1249634068
 21
158424.6194872084
 31
0.0
  0
LINE
  5
21F
330
2F
100
AcDbEntity
  8
1
100
AcDbLine
 10
294771.1249634068
 20
158424.6194872084
 30
0.0
 11
294771.1180204068
 21
158424.6105512084
 31
0.0
  0
LINE
  5
220
330
2F
100
AcDbEntity
  8
1
100
AcDbLine
 10
294771.1180204068
 20
158424.6105512084
 30
0.0
 11
294771.1107974069
 21
158424.6018732084
 31
0.0
  0
LINE
  5
221
330
2F
100
AcDbEntity
  8
1
100
AcDbLine
 10
294771.1107974069
 20
158424.6018732084
 30
0.0
 11
294771.1033524069
 21
158424.5934652084
 31
0.0
  0
ARC
  5
222
330
2F
100
AcDbEntity
  8
ALPHA
100
AcDbCircle
 10
294773.7034344069
 20
158427.5911002084
 30
0.0
 40
1.0
100
AcDbArc
 50
269.9999729994084
 51
359.9999550001257
  0
ARC
  5
223
330
2F
100
AcDbEntity
  8
ALPHA
100
AcDbCircle
 10
294773.4069254069
 20
158427.5911002084
 30
0.0
 40
1.0
100
AcDbArc
 50
269.9999729994084
 51
359.9999550001257
  0
ARC
  5
224
330
2F
100
AcDbEntity
  8
1
100
AcDbCircle
 10
294770.7033584069
 20
158427.5528162084
 30
0.0
 40
1.145
100
AcDbArc
 50
342.4636630008245
 51
17.53624799906758
  0
LINE
  5
225
330
2F
100
AcDbEntity
  8
1
100
AcDbLine
 10
294771.2336974069
 20
158427.0224972084
 30
0.0
 11
294771.7951634068
 21
158427.2078302084
 31
0.0
  0
LINE
  5
226
330
2F
100
AcDbEntity
  8
1
100
AcDbLine
 10
294771.0483574068
 20
158426.4610152084
 30
0.0
 11
294771.2336884068
 21
158427.0224822084
 31
0.0
  0
LINE
  5
227
330
2F
100
AcDbEntity
  8
1
100
AcDbLine
 10
294771.2337024068
 20
158428.0831582084
 30
0.0
 11
294771.0483774068
 21
158428.6446092084
 31
0.0
  0
LINE
  5
228
330
2F
100
AcDbEntity
  8
1
100
AcDbLine
 10
294771.7951374069
 20
158427.8978022084
 30
0.0
 11
294771.2336864068
 21
158428.0831282084
 31
0.0
  0
LINE
  5
229
330
2F
100
AcDbEntity
  8
1
100
AcDbLine
 10
294771.3764114069
 20
158426.8797892084
 30
0.0
 11
294771.9378774069
 21
158427.0651182084
 31
0.0
  0
LINE
  5
22A
330
2F
100
AcDbEntity
  8
1
100
AcDbLine
 10
294771.1910684068
 20
158426.3183002084
 30
0.0
 11
294771.3763984069
 21
158426.8797662084
 31
0.0
  0
LINE
  5
22B
330
2F
100
AcDbEntity
  8
1
100
AcDbLine
 10
294771.9378524068
 20
158428.0405102084
 30
0.0
 11
294771.3763854068
 21
158428.2258432084
 31
0.0
  0
LINE
  5
22C
330
2F
100
AcDbEntity
  8
1
100
AcDbLine
 10
294771.3764134069
 20
158428.2258742084
 30
0.0
 11
294771.1910884068
 21
158428.7873252084
 31
0.0
  0
LINE
  5
22D
330
2F
100
AcDbEntity
  8
1
100
AcDbLine
 10
294771.1910594069
 20
158425.0753532084
 30
0.0
 11
294771.1910594069
 21
158426.3183342084
 31
0.0
  0
ARC
  5
22E
330
2F
100
AcDbEntity
  8
1
100
AcDbCircle
 10
294770.7033584069
 20
158427.5528162084
 30
0.0
 40
2.349997999999998
100
AcDbArc
 50
349.9754779991158
 51
10.02432299986749
  0
LINE
  5
22F
330
2F
100
AcDbEntity
  8
1
100
AcDbLine
 10
294773.0174964069
 20
158427.9618702084
 30
0.0
 11
294771.7951594069
 21
158427.8978102084
 31
0.0
  0
LINE
  5
230
330
2F
100
AcDbEntity
  8
1
100
AcDbLine
 10
294773.0174874069
 20
158427.1437392084
 30
0.0
 11
294771.7951664069
 21
158427.2078002084
 31
0.0
  0
LINE
  5
231
330
2F
100
AcDbEntity
  8
1
100
AcDbLine
 10
294771.9378864069
 20
158428.0405142084
 30
0.0
 11
294772.8161184068
 21
158427.9513112084
 31
0.0
  0
LINE
  5
232
330
2F
100
AcDbEntity
  8
1
100
AcDbLine
 10
294771.9365374068
 20
158427.0664352084
 30
0.0
 11
294772.8161314068
 21
158427.1543062084
 31
0.0
  0
LINE
  5
233
330
2F
100
AcDbEntity
  8
1
100
AcDbLine
 10
294773.9533584069
 20
158427.5508022084
 30
0.0
 11
294773.9533584069
 21
158428.6589712084
 31
0.0
  0
ARC
  5
234
330
2F
100
AcDbEntity
  8
ALPHA
100
AcDbCircle
 10
294778.3533824069
 20
158424.2919822084
 30
0.0
 40
0.5
100
AcDbArc
 50
270.0000280011076
 51
1.00001573371e-05
  0
LINE
  5
235
330
2F
100
AcDbEntity
  8
ALPHA
100
AcDbLine
 10
294780.4534344069
 20
158438.7909752084
 30
0.0
 11
294777.8284344069
 21
158438.7909752084
 31
0.0
  0
LINE
  5
236
330
2F
100
AcDbEntity
  8
ALPHA
100
AcDbLine
 10
294780.4534194069
 20
158433.7909752084
 30
0.0
 11
294777.8284344069
 21
158433.7909752084
 31
0.0
  0
ARC
  5
237
330
2F
100
AcDbEntity
  8
1
100
AcDbCircle
 10
294773.6159254069
 20
158437.3909812084
 30
0.0
 40
1.145
100
AcDbArc
 50
252.4637089996968
 51
287.5362930006793
  0
LINE
  5
238
330
2F
100
AcDbEntity
  8
1
100
AcDbLine
 10
294773.1269024069
 20
158436.1551682084
 30
0.0
 11
294772.9402664068
 21
158436.7205902084
 31
0.0
  0
LINE
  5
239
330
2F
100
AcDbEntity
  8
1
100
AcDbLine
 10
294774.1036314069
 20
158436.1564652084
 30
0.0
 11
294774.2889614069
 21
158436.7179312084
 31
0.0
  0
LINE
  5
23A
330
2F
100
AcDbEntity
  8
ALPHA
100
AcDbLine
 10
294778.8533824068
 20
158432.7909752084
 30
0.0
 11
294775.0005084069
 21
158432.7909752084
 31
0.0
  0
LINE
  5
23B
330
2F
100
AcDbEntity
  8
1
100
AcDbLine
 10
294774.1036274069
 20
158434.9135192084
 30
0.0
 11
294774.1016254068
 21
158434.8852602084
 31
0.0
  0
LINE
  5
23C
330
2F
100
AcDbEntity
  8
1
100
AcDbLine
 10
294774.1016254068
 20
158434.8852602084
 30
0.0
 11
294774.0991754069
 21
158434.8571112084
 31
0.0
  0
LINE
  5
23D
330
2F
100
AcDbEntity
  8
1
100
AcDbLine
 10
294774.0991754069
 20
158434.8571112084
 30
0.0
 11
294774.0964714068
 21
158434.8290112084
 31
0.0
  0
LINE
  5
23E
330
2F
100
AcDbEntity
  8
1
100
AcDbLine
 10
294774.0964714068
 20
158434.8290112084
 30
0.0
 11
294774.0937074069
 21
158434.8009012084
 31
0.0
  0
LINE
  5
23F
330
2F
100
AcDbEntity
  8
1
100
AcDbLine
 10
294774.0937074069
 20
158434.8009012084
 30
0.0
 11
294774.0910764069
 21
158434.7727192084
 31
0.0
  0
LINE
  5
240
330
2F
100
AcDbEntity
  8
1
100
AcDbLine
 10
294774.0910764069
 20
158434.7727192084
 30
0.0
 11
294774.0887734069
 21
158434.7444052084
 31
0.0
  0
LINE
  5
241
330
2F
100
AcDbEntity
  8
1
100
AcDbLine
 10
294774.0887734069
 20
158434.7444052084
 30
0.0
 11
294774.0869924068
 21
158434.7158992084
 31
0.0
  0
LINE
  5
242
330
2F
100
AcDbEntity
  8
1
100
AcDbLine
 10
294774.0869924068
 20
158434.7158992084
 30
0.0
 11
294774.0859264069
 21
158434.6871392084
 31
0.0
  0
LINE
  5
243
330
2F
100
AcDbEntity
  8
1
100
AcDbLine
 10
294774.0859264069
 20
158434.6871392084
 30
0.0
 11
294774.0856354069
 21
158434.6638442084
 31
0.0
  0
LINE
  5
244
330
2F
100
AcDbEntity
  8
1
100
AcDbLine
 10
294774.0856354069
 20
158434.6638442084
 30
0.0
 11
294774.0855244068
 21
158434.6404752084
 31
0.0
  0
LINE
  5
245
330
2F
100
AcDbEntity
  8
1
100
AcDbLine
 10
294774.0855244068
 20
158434.6404752084
 30
0.0
 11
294774.0851884069
 21
158434.6171602084
 31
0.0
  0
LINE
  5
246
330
2F
100
AcDbEntity
  8
1
100
AcDbLine
 10
294774.0851884069
 20
158434.6171602084
 30
0.0
 11
294774.0842214069
 21
158434.5940272084
 31
0.0
  0
LINE
  5
247
330
2F
100
AcDbEntity
  8
1
100
AcDbLine
 10
294774.0842214069
 20
158434.5940272084
 30
0.0
 11
294774.0822174069
 21
158434.5712032084
 31
0.0
  0
LINE
  5
248
330
2F
100
AcDbEntity
  8
1
100
AcDbLine
 10
294774.0822174069
 20
158434.5712032084
 30
0.0
 11
294774.0787694069
 21
158434.5488172084
 31
0.0
  0
LINE
  5
249
330
2F
100
AcDbEntity
  8
1
100
AcDbLine
 10
294774.0787694069
 20
158434.5488172084
 30
0.0
 11
294774.0734734069
 21
158434.5269942084
 31
0.0
  0
LINE
  5
24A
330
2F
100
AcDbEntity
  8
1
100
AcDbLine
 10
294774.0734734069
 20
158434.5269942084
 30
0.0
 11
294774.0659224068
 21
158434.5058652084
 31
0.0
  0
LINE
  5
24B
330
2F
100
AcDbEntity
  8
1
100
AcDbLine
 10
294774.0659224068
 20
158434.5058652084
 30
0.0
 11
294774.0612864068
 21
158434.4957862084
 31
0.0
  0
LINE
  5
24C
330
2F
100
AcDbEntity
  8
1
100
AcDbLine
 10
294774.0612864068
 20
158434.4957862084
 30
0.0
 11
294774.0560694068
 21
158434.4859152084
 31
0.0
  0
LINE
  5
24D
330
2F
100
AcDbEntity
  8
1
100
AcDbLine
 10
294774.0560694068
 20
158434.4859152084
 30
0.0
 11
294774.0503304068
 21
158434.4762622084
 31
0.0
  0
LINE
  5
24E
330
2F
100
AcDbEntity
  8
1
100
AcDbLine
 10
294774.0503304068
 20
158434.4762622084
 30
0.0
 11
294774.0441314068
 21
158434.4668382084
 31
0.0
  0
LINE
  5
24F
330
2F
100
AcDbEntity
  8
1
100
AcDbLine
 10
294774.0441314068
 20
158434.4668382084
 30
0.0
 11
294774.0375304069
 21
158434.4576532084
 31
0.0
  0
LINE
  5
250
330
2F
100
AcDbEntity
  8
1
100
AcDbLine
 10
294774.0375304069
 20
158434.4576532084
 30
0.0
 11
294774.0305884069
 21
158434.4487162084
 31
0.0
  0
LINE
  5
251
330
2F
100
AcDbEntity
  8
1
100
AcDbLine
 10
294774.0305884069
 20
158434.4487162084
 30
0.0
 11
294774.0233644069
 21
158434.4400392084
 31
0.0
  0
LINE
  5
252
330
2F
100
AcDbEntity
  8
1
100
AcDbLine
 10
294774.0233644069
 20
158434.4400392084
 30
0.0
 11
294774.0159194069
 21
158434.4316312084
 31
0.0
  0
LINE
  5
253
330
2F
100
AcDbEntity
  8
1
100
AcDbLine
 10
294773.1268814068
 20
158434.9137932084
 30
0.0
 11
294773.1291314069
 21
158434.8855052084
 31
0.0
  0
LINE
  5
254
330
2F
100
AcDbEntity
  8
1
100
AcDbLine
 10
294773.1291314069
 20
158434.8855052084
 30
0.0
 11
294773.1318104069
 21
158434.8573262084
 31
0.0
  0
LINE
  5
255
330
2F
100
AcDbEntity
  8
1
100
AcDbLine
 10
294773.1318104069
 20
158434.8573262084
 30
0.0
 11
294773.1347234068
 21
158434.8291962084
 31
0.0
  0
LINE
  5
256
330
2F
100
AcDbEntity
  8
1
100
AcDbLine
 10
294773.1347234068
 20
158434.8291962084
 30
0.0
 11
294773.1376744068
 21
158434.8010532084
 31
0.0
  0
LINE
  5
257
330
2F
100
AcDbEntity
  8
1
100
AcDbLine
 10
294773.1376744068
 20
158434.8010532084
 30
0.0
 11
294773.1404654069
 21
158434.7728362084
 31
0.0
  0
LINE
  5
258
330
2F
100
AcDbEntity
  8
1
100
AcDbLine
 10
294773.1404654069
 20
158434.7728362084
 30
0.0
 11
294773.1429024068
 21
158434.7444862084
 31
0.0
  0
LINE
  5
259
330
2F
100
AcDbEntity
  8
1
100
AcDbLine
 10
294773.1429024068
 20
158434.7444862084
 30
0.0
 11
294773.1447874069
 21
158434.7159402084
 31
0.0
  0
LINE
  5
25A
330
2F
100
AcDbEntity
  8
1
100
AcDbLine
 10
294773.1447874069
 20
158434.7159402084
 30
0.0
 11
294773.1459244069
 21
158434.6871392084
 31
0.0
  0
LINE
  5
25B
330
2F
100
AcDbEntity
  8
1
100
AcDbLine
 10
294773.1459244069
 20
158434.6871392084
 30
0.0
 11
294773.1462494068
 21
158434.6638472084
 31
0.0
  0
LINE
  5
25C
330
2F
100
AcDbEntity
  8
1
100
AcDbLine
 10
294773.1462494068
 20
158434.6638472084
 30
0.0
 11
294773.1463774069
 21
158434.6404812084
 31
0.0
  0
LINE
  5
25D
330
2F
100
AcDbEntity
  8
1
100
AcDbLine
 10
294773.1463774069
 20
158434.6404812084
 30
0.0
 11
294773.1467174069
 21
158434.6171662084
 31
0.0
  0
LINE
  5
25E
330
2F
100
AcDbEntity
  8
1
100
AcDbLine
 10
294773.1467174069
 20
158434.6171662084
 30
0.0
 11
294773.1476794069
 21
158434.5940332084
 31
0.0
  0
LINE
  5
25F
330
2F
100
AcDbEntity
  8
1
100
AcDbLine
 10
294773.1476794069
 20
158434.5940332084
 30
0.0
 11
294773.1496724069
 21
158434.5712082084
 31
0.0
  0
LINE
  5
260
330
2F
100
AcDbEntity
  8
1
100
AcDbLine
 10
294773.1496724069
 20
158434.5712082084
 30
0.0
 11
294773.1531054069
 21
158434.5488202084
 31
0.0
  0
LINE
  5
261
330
2F
100
AcDbEntity
  8
1
100
AcDbLine
 10
294773.1531054069
 20
158434.5488202084
 30
0.0
 11
294773.1583874069
 21
158434.5269962084
 31
0.0
  0
LINE
  5
262
330
2F
100
AcDbEntity
  8
1
100
AcDbLine
 10
294773.1583874069
 20
158434.5269962084
 30
0.0
 11
294773.1659284068
 21
158434.5058652084
 31
0.0
  0
LINE
  5
263
330
2F
100
AcDbEntity
  8
1
100
AcDbLine
 10
294773.1659284068
 20
158434.5058652084
 30
0.0
 11
294773.1705624068
 21
158434.4957862084
 31
0.0
  0
LINE
  5
264
330
2F
100
AcDbEntity
  8
1
100
AcDbLine
 10
294773.1705624068
 20
158434.4957862084
 30
0.0
 11
294773.1757774068
 21
158434.4859152084
 31
0.0
  0
LINE
  5
265
330
2F
100
AcDbEntity
  8
1
100
AcDbLine
 10
294773.1757774068
 20
158434.4859152084
 30
0.0
 11
294773.1815164069
 21
158434.4762622084
 31
0.0
  0
LINE
  5
266
330
2F
100
AcDbEntity
  8
1
100
AcDbLine
 10
294773.1815164069
 20
158434.4762622084
 30
0.0
 11
294773.1877164068
 21
158434.4668382084
 31
0.0
  0
LINE
  5
267
330
2F
100
AcDbEntity
  8
1
100
AcDbLine
 10
294773.1877164068
 20
158434.4668382084
 30
0.0
 11
294773.1943184069
 21
158434.4576532084
 31
0.0
  0
LINE
  5
268
330
2F
100
AcDbEntity
  8
1
100
AcDbLine
 10
294773.1943184069
 20
158434.4576532084
 30
0.0
 11
294773.2012614069
 21
158434.4487162084
 31
0.0
  0
LINE
  5
269
330
2F
100
AcDbEntity
  8
1
100
AcDbLine
 10
294773.2012614069
 20
158434.4487162084
 30
0.0
 11
294773.2084864068
 21
158434.4400392084
 31
0.0
  0
LINE
  5
26A
330
2F
100
AcDbEntity
  8
1
100
AcDbLine
 10
294773.2084864068
 20
158434.4400392084
 30
0.0
 11
294773.2159314068
 21
158434.4316312084
 31
0.0
  0
LINE
  5
26B
330
2F
100
AcDbEntity
  8
1
100
AcDbLine
 10
294771.1910594069
 20
158430.0302642084
 30
0.0
 11
294771.1890584069
 21
158430.0585232084
 31
0.0
  0
LINE
  5
26C
330
2F
100
AcDbEntity
  8
1
100
AcDbLine
 10
294771.1890584069
 20
158430.0585232084
 30
0.0
 11
294771.1866084068
 21
158430.0866742084
 31
0.0
  0
LINE
  5
26D
330
2F
100
AcDbEntity
  8
1
100
AcDbLine
 10
294771.1866084068
 20
158430.0866742084
 30
0.0
 11
294771.1839044069
 21
158430.1147762084
 31
0.0
  0
LINE
  5
26E
330
2F
100
AcDbEntity
  8
1
100
AcDbLine
 10
294771.1839044069
 20
158430.1147762084
 30
0.0
 11
294771.1811394069
 21
158430.1428892084
 31
0.0
  0
LINE
  5
26F
330
2F
100
AcDbEntity
  8
1
100
AcDbLine
 10
294771.1811394069
 20
158430.1428892084
 30
0.0
 11
294771.1785094068
 21
158430.1710732084
 31
0.0
  0
LINE
  5
270
330
2F
100
AcDbEntity
  8
1
100
AcDbLine
 10
294771.1785094068
 20
158430.1710732084
 30
0.0
 11
294771.1762064069
 21
158430.1993902084
 31
0.0
  0
LINE
  5
271
330
2F
100
AcDbEntity
  8
1
100
AcDbLine
 10
294771.1762064069
 20
158430.1993902084
 30
0.0
 11
294771.1744254068
 21
158430.2278982084
 31
0.0
  0
LINE
  5
272
330
2F
100
AcDbEntity
  8
1
100
AcDbLine
 10
294771.1744254068
 20
158430.2278982084
 30
0.0
 11
294771.1733594069
 21
158430.2566582084
 31
0.0
  0
LINE
  5
273
330
2F
100
AcDbEntity
  8
1
100
AcDbLine
 10
294771.1733594069
 20
158430.2566582084
 30
0.0
 11
294771.1730684068
 21
158430.2799532084
 31
0.0
  0
LINE
  5
274
330
2F
100
AcDbEntity
  8
1
100
AcDbLine
 10
294771.1730684068
 20
158430.2799532084
 30
0.0
 11
294771.1729574069
 21
158430.3033222084
 31
0.0
  0
LINE
  5
275
330
2F
100
AcDbEntity
  8
1
100
AcDbLine
 10
294771.1729574069
 20
158430.3033222084
 30
0.0
 11
294771.1726214069
 21
158430.3266372084
 31
0.0
  0
LINE
  5
276
330
2F
100
AcDbEntity
  8
1
100
AcDbLine
 10
294771.1726214069
 20
158430.3266372084
 30
0.0
 11
294771.1716544069
 21
158430.3497702084
 31
0.0
  0
LINE
  5
277
330
2F
100
AcDbEntity
  8
1
100
AcDbLine
 10
294771.1716544069
 20
158430.3497702084
 30
0.0
 11
294771.1696504069
 21
158430.3725942084
 31
0.0
  0
LINE
  5
278
330
2F
100
AcDbEntity
  8
1
100
AcDbLine
 10
294771.1696504069
 20
158430.3725942084
 30
0.0
 11
294771.1662024069
 21
158430.3949812084
 31
0.0
  0
LINE
  5
279
330
2F
100
AcDbEntity
  8
1
100
AcDbLine
 10
294771.1662024069
 20
158430.3949812084
 30
0.0
 11
294771.1609064068
 21
158430.4168032084
 31
0.0
  0
LINE
  5
27A
330
2F
100
AcDbEntity
  8
1
100
AcDbLine
 10
294771.1609064068
 20
158430.4168032084
 30
0.0
 11
294771.1533554068
 21
158430.4379332084
 31
0.0
  0
LINE
  5
27B
330
2F
100
AcDbEntity
  8
1
100
AcDbLine
 10
294771.1533554068
 20
158430.4379332084
 30
0.0
 11
294771.1487194069
 21
158430.4480122084
 31
0.0
  0
LINE
  5
27C
330
2F
100
AcDbEntity
  8
1
100
AcDbLine
 10
294771.1487194069
 20
158430.4480122084
 30
0.0
 11
294771.1435024069
 21
158430.4578822084
 31
0.0
  0
LINE
  5
27D
330
2F
100
AcDbEntity
  8
1
100
AcDbLine
 10
294771.1435024069
 20
158430.4578822084
 30
0.0
 11
294771.1377634069
 21
158430.4675352084
 31
0.0
  0
LINE
  5
27E
330
2F
100
AcDbEntity
  8
1
100
AcDbLine
 10
294771.1377634069
 20
158430.4675352084
 30
0.0
 11
294771.1315644069
 21
158430.4769592084
 31
0.0
  0
LINE
  5
27F
330
2F
100
AcDbEntity
  8
1
100
AcDbLine
 10
294771.1315644069
 20
158430.4769592084
 30
0.0
 11
294771.1249634068
 21
158430.4861452084
 31
0.0
  0
LINE
  5
280
330
2F
100
AcDbEntity
  8
1
100
AcDbLine
 10
294771.1249634068
 20
158430.4861452084
 30
0.0
 11
294771.1180204068
 21
158430.4950812084
 31
0.0
  0
LINE
  5
281
330
2F
100
AcDbEntity
  8
1
100
AcDbLine
 10
294771.1180204068
 20
158430.4950812084
 30
0.0
 11
294771.1107974069
 21
158430.5037592084
 31
0.0
  0
LINE
  5
282
330
2F
100
AcDbEntity
  8
1
100
AcDbLine
 10
294771.1107974069
 20
158430.5037592084
 30
0.0
 11
294771.1033524069
 21
158430.5121672084
 31
0.0
  0
LINE
  5
283
330
2F
100
AcDbEntity
  8
ALPHA
100
AcDbLine
 10
294772.9534344068
 20
158431.7410872084
 30
0.0
 11
294774.4069254069
 21
158431.7410872084
 31
0.0
  0
LINE
  5
284
330
2F
100
AcDbEntity
  8
1
100
AcDbLine
 10
294772.4534344068
 20
158429.0410932084
 30
0.0
 11
294772.4534344068
 21
158429.7410942084
 31
0.0
  0
LINE
  5
285
330
2F
100
AcDbEntity
  8
ALPHA
100
AcDbLine
 10
294774.1159254069
 20
158432.9910032084
 30
0.0
 11
294773.1159254069
 21
158432.9910032084
 31
0.0
  0
LINE
  5
286
330
2F
100
AcDbEntity
  8
ALPHA
100
AcDbLine
 10
294772.8659514068
 20
158433.9909992084
 30
0.0
 11
294773.1159484069
 21
158432.9910102084
 31
0.0
  0
LINE
  5
287
330
2F
100
AcDbEntity
  8
ALPHA
100
AcDbLine
 10
294774.1159224069
 20
158432.9910102084
 30
0.0
 11
294774.3659184068
 21
158433.9909952084
 31
0.0
  0
LINE
  5
288
330
2F
100
AcDbEntity
  8
1
100
AcDbLine
 10
294773.1268814068
 20
158434.9137932084
 30
0.0
 11
294773.1268814068
 21
158436.1551412084
 31
0.0
  0
LINE
  5
289
330
2F
100
AcDbEntity
  8
1
100
AcDbLine
 10
294774.1036274069
 20
158434.9135192084
 30
0.0
 11
294774.1036274069
 21
158436.1565002084
 31
0.0
  0
ARC
  5
28A
330
2F
100
AcDbEntity
  8
1
100
AcDbCircle
 10
294773.6159254069
 20
158437.3909812084
 30
0.0
 40
2.986259999999998
100
AcDbArc
 50
262.3022959996494
 51
277.6977600002159
  0
LINE
  5
28B
330
2F
100
AcDbEntity
  8
1
100
AcDbLine
 10
294775.9300594069
 20
158437.8000392084
 30
0.0
 11
294774.7077224069
 21
158437.7359792084
 31
0.0
  0
LINE
  5
28C
330
2F
100
AcDbEntity
  8
1
100
AcDbLine
 10
294775.9300614069
 20
158436.9819082084
 30
0.0
 11
294774.707724407
 21
158437.0459692084
 31
0.0
  0
LINE
  5
28D
330
2F
100
AcDbEntity
  8
1
100
AcDbLine
 10
294774.8504554069
 20
158437.8786792084
 30
0.0
 11
294775.7286874069
 21
158437.7894762084
 31
0.0
  0
LINE
  5
28E
330
2F
100
AcDbEntity
  8
1
100
AcDbLine
 10
294774.8491124069
 20
158436.9046002084
 30
0.0
 11
294775.7286904069
 21
158436.9924712084
 31
0.0
  0
LINE
  5
28F
330
2F
100
AcDbEntity
  8
1
100
AcDbLine
 10
294774.1159254069
 20
158438.7909752084
 30
0.0
 11
294773.1159254069
 21
158438.7909752084
 31
0.0
  0
LINE
  5
290
330
2F
100
AcDbEntity
  8
1
100
AcDbLine
 10
294772.8659434068
 20
158439.7909682084
 30
0.0
 11
294773.1159404069
 21
158438.7909832084
 31
0.0
  0
LINE
  5
291
330
2F
100
AcDbEntity
  8
1
100
AcDbLine
 10
294774.1159294068
 20
158438.7909792084
 30
0.0
 11
294774.3659264069
 21
158439.7909682084
 31
0.0
  0
ARC
  5
292
330
2F
100
AcDbEntity
  8
1
100
AcDbCircle
 10
294773.6159254069
 20
158437.3909812084
 30
0.0
 40
1.145
100
AcDbArc
 50
162.4637540002233
 51
197.5363380007018
  0
ARC
  5
293
330
2F
100
AcDbEntity
  8
1
100
AcDbCircle
 10
294773.6159254069
 20
158437.3909812084
 30
0.0
 40
1.145
100
AcDbArc
 50
72.4637169990274
 51
107.5363010000095
  0
ARC
  5
294
330
2F
100
AcDbEntity
  8
1
100
AcDbCircle
 10
294773.6159254069
 20
158437.3909812084
 30
0.0
 40
1.145
100
AcDbArc
 50
342.4636630008245
 51
17.53624799906758
  0
LINE
  5
295
330
2F
100
AcDbEntity
  8
1
100
AcDbLine
 10
294774.1462684069
 20
158436.8606662084
 30
0.0
 11
294774.7077334069
 21
158437.0459992084
 31
0.0
  0
LINE
  5
296
330
2F
100
AcDbEntity
  8
1
100
AcDbLine
 10
294773.9609204069
 20
158436.2991772084
 30
0.0
 11
294774.1462514068
 21
158436.8606432084
 31
0.0
  0
LINE
  5
297
330
2F
100
AcDbEntity
  8
1
100
AcDbLine
 10
294773.2709294069
 20
158436.2992002084
 30
0.0
 11
294773.0856044069
 21
158436.8606512084
 31
0.0
  0
LINE
  5
298
330
2F
100
AcDbEntity
  8
1
100
AcDbLine
 10
294773.0855784069
 20
158436.8606322084
 30
0.0
 11
294772.5241264068
 21
158437.0459572084
 31
0.0
  0
LINE
  5
299
330
2F
100
AcDbEntity
  8
1
100
AcDbLine
 10
294773.0856024069
 20
158437.9213082084
 30
0.0
 11
294772.5241364069
 21
158437.7359752084
 31
0.0
  0
LINE
  5
29A
330
2F
100
AcDbEntity
  8
1
100
AcDbLine
 10
294773.2709044069
 20
158438.4827522084
 30
0.0
 11
294773.0855784069
 21
158437.9212972084
 31
0.0
  0
LINE
  5
29B
330
2F
100
AcDbEntity
  8
1
100
AcDbLine
 10
294774.1462694068
 20
158437.9213232084
 30
0.0
 11
294773.9609444069
 21
158438.4827782084
 31
0.0
  0
LINE
  5
29C
330
2F
100
AcDbEntity
  8
1
100
AcDbLine
 10
294774.7077084068
 20
158437.7359632084
 30
0.0
 11
294774.1462424069
 21
158437.9212932084
 31
0.0
  0
LINE
  5
29D
330
2F
100
AcDbEntity
  8
1
100
AcDbLine
 10
294772.9402364068
 20
158436.7205712084
 30
0.0
 11
294772.3827554069
 21
158436.9045852084
 31
0.0
  0
LINE
  5
29E
330
2F
100
AcDbEntity
  8
1
100
AcDbLine
 10
294774.2889824068
 20
158436.7179582084
 30
0.0
 11
294774.8504344069
 21
158436.9032842084
 31
0.0
  0
LINE
  5
29F
330
2F
100
AcDbEntity
  8
1
100
AcDbLine
 10
294774.8504084069
 20
158437.8786792084
 30
0.0
 11
294774.2889564068
 21
158438.0640052084
 31
0.0
  0
LINE
  5
2A0
330
2F
100
AcDbEntity
  8
1
100
AcDbLine
 10
294774.2889794069
 20
158438.0640392084
 30
0.0
 11
294774.1036554068
 21
158438.6254902084
 31
0.0
  0
LINE
  5
2A1
330
2F
100
AcDbEntity
  8
1
100
AcDbLine
 10
294773.1281944069
 20
158438.6254632084
 30
0.0
 11
294772.9428634069
 21
158438.0639972084
 31
0.0
  0
LINE
  5
2A2
330
2F
100
AcDbEntity
  8
1
100
AcDbLine
 10
294772.9428884069
 20
158438.0640162084
 30
0.0
 11
294772.3814364069
 21
158437.8786902084
 31
0.0
  0
ARC
  5
2A3
330
2F
100
AcDbEntity
  8
1
100
AcDbCircle
 10
294773.6159254069
 20
158437.3909812084
 30
0.0
 40
2.349997999999998
100
AcDbArc
 50
169.9756510000212
 51
190.0244960007722
  0
LINE
  5
2A4
330
2F
100
AcDbEntity
  8
1
100
AcDbLine
 10
294772.5241544069
 20
158437.7359752084
 30
0.0
 11
294771.3018174069
 21
158437.8000352084
 31
0.0
  0
LINE
  5
2A5
330
2F
100
AcDbEntity
  8
1
100
AcDbLine
 10
294772.5241524068
 20
158437.0459722084
 30
0.0
 11
294771.3018154069
 21
158436.9819122084
 31
0.0
  0
LINE
  5
2A6
330
2F
100
AcDbEntity
  8
1
100
AcDbLine
 10
294771.5031934068
 20
158437.7894802084
 30
0.0
 11
294772.3814254068
 21
158437.8786832084
 31
0.0
  0
LINE
  5
2A7
330
2F
100
AcDbEntity
  8
1
100
AcDbLine
 10
294771.5031764069
 20
158436.9924682084
 30
0.0
 11
294772.3827704069
 21
158436.9045962084
 31
0.0
  0
ARC
  5
2A8
330
2F
100
AcDbEntity
  8
1
100
AcDbCircle
 10
294773.6159254069
 20
158437.3909812084
 30
0.0
 40
2.349997999999998
100
AcDbArc
 50
349.9754779991158
 51
10.02432299986749
  0
LINE
  5
2A9
330
2F
100
AcDbEntity
  8
ALPHA
100
AcDbLine
 10
294781.4534344069
 20
158434.2909752084
 30
0.0
 11
294780.9534344069
 21
158434.2909752084
 31
0.0
  0
LINE
  5
2AA
330
2F
100
AcDbEntity
  8
ALPHA
100
AcDbLine
 10
294780.4534164069
 20
158433.7909752084
 30
0.0
 11
294780.9534234069
 21
158434.2909712084
 31
0.0
  0
LINE
  5
2AB
330
2F
100
AcDbEntity
  8
ALPHA
100
AcDbLine
 10
294781.4534344069
 20
158439.2909752084
 30
0.0
 11
294780.9534344069
 21
158439.2909752084
 31
0.0
  0
LINE
  5
2AC
330
2F
100
AcDbEntity
  8
ALPHA
100
AcDbLine
 10
294780.4534194069
 20
158438.7909712084
 30
0.0
 11
294780.9534254068
 21
158439.2909642084
 31
0.0
  0
LINE
  5
2AD
330
2F
100
AcDbEntity
  8
ALPHA
100
AcDbLine
 10
294781.4534346725
 20
158462.2909754477
 30
0.0
 11
294781.4691571725
 21
158449.4400844477
 31
0.0
  0
ARC
  5
2AE
330
2F
100
AcDbEntity
  8
ALPHA
100
AcDbCircle
 10
294773.4069254069
 20
158445.8909762084
 30
0.0
 40
1.0
100
AcDbArc
 50
359.9999550001257
 51
89.99999199920713
  0
ARC
  5
2AF
330
2F
100
AcDbEntity
  8
ALPHA
100
AcDbCircle
 10
294773.7034344069
 20
158445.8909762084
 30
0.0
 40
1.0
100
AcDbArc
 50
359.9999550001257
 51
89.99999199920713
  0
ARC
  5
2B0
330
2F
100
AcDbEntity
  8
ALPHA
100
AcDbCircle
 10
294780.4534344069
 20
158449.7909752084
 30
0.0
 40
1.0
100
AcDbArc
 50
270.0000280011076
 51
1.00001573371e-05
  0
LINE
  5
2B1
330
2F
100
AcDbEntity
  8
ALPHA
100
AcDbLine
 10
294780.8200476725
 20
158448.7909754477
 30
0.0
 11
294781.0210091724
 21
158448.8228039477
 31
0.0
  0
LINE
  5
2B2
330
2F
100
AcDbEntity
  8
ALPHA
100
AcDbLine
 10
294781.0210091724
 20
158448.8228039477
 30
0.0
 11
294781.2018206724
 21
158448.9149429477
 31
0.0
  0
LINE
  5
2B3
330
2F
100
AcDbEntity
  8
ALPHA
100
AcDbLine
 10
294781.2018206724
 20
158448.9149429477
 30
0.0
 11
294781.3451891724
 21
158449.0583114477
 31
0.0
  0
LINE
  5
2B4
330
2F
100
AcDbEntity
  8
ALPHA
100
AcDbLine
 10
294781.3451891724
 20
158449.0583114477
 30
0.0
 11
294781.4373281725
 21
158449.2391229477
 31
0.0
  0
LINE
  5
2B5
330
2F
100
AcDbEntity
  8
ALPHA
100
AcDbLine
 10
294781.4373281725
 20
158449.2391229477
 30
0.0
 11
294781.4691571725
 21
158449.4400844477
 31
0.0
  0
LINE
  5
2B6
330
2F
100
AcDbEntity
  8
ALPHA
100
AcDbLine
 10
294736.0533034069
 20
158539.7909602084
 30
0.0
 11
294773.8532914069
 21
158539.7909602084
 31
0.0
  0
ARC
  5
2B7
330
2F
100
AcDbEntity
  8
ALPHA
100
AcDbCircle
 10
294735.8783924069
 20
158530.7899682084
 30
0.0
 40
1.0
100
AcDbArc
 50
0.0
 51
89.99998200071731
  0
LINE
  5
2B8
330
2F
100
AcDbEntity
  8
ALPHA
100
AcDbLine
 10
294734.2034344069
 20
158529.7899682084
 30
0.0
 11
294741.2034344069
 21
158529.7899682084
 31
0.0
  0
ARC
  5
2B9
330
2F
100
AcDbEntity
  8
ALPHA
100
AcDbCircle
 10
294737.7034422994
 20
158527.2722294071
 30
0.0
 40
1.281249198696605
100
AcDbArc
 50
192.6804774359937
 51
347.3197913646635
  0
LINE
  5
2BA
330
2F
100
AcDbEntity
  8
ALPHA
100
AcDbLine
 10
294709.1093456725
 20
158508.4569299477
 30
0.0
 11
294722.4157396725
 21
158508.3839859477
 31
0.0
  0
LINE
  5
2BB
330
2F
100
AcDbEntity
  8
ALPHA
100
AcDbLine
 10
294722.4157396725
 20
158508.3839859477
 30
0.0
 11
294735.7812716725
 21
158508.3474534477
 31
0.0
  0
LINE
  5
2BC
330
2F
100
AcDbEntity
  8
ALPHA
100
AcDbLine
 10
294735.7812716725
 20
158508.3474534477
 30
0.0
 11
294739.6570431725
 21
158508.3474534477
 31
0.0
  0
LINE
  5
2BD
330
2F
100
AcDbEntity
  8
ALPHA
100
AcDbLine
 10
294739.6570431725
 20
158508.3474534477
 30
0.0
 11
294753.0225751724
 21
158508.3839859477
 31
0.0
  0
LINE
  5
2BE
330
2F
100
AcDbEntity
  8
ALPHA
100
AcDbLine
 10
294753.0225751724
 20
158508.3839859477
 30
0.0
 11
294766.3289691725
 21
158508.4569299477
 31
0.0
  0
LINE
  5
2BF
330
2F
100
AcDbEntity
  8
ALPHA
100
AcDbLine
 10
294710.7034344069
 20
158532.7909752084
 30
0.0
 11
294710.7034344069
 21
158526.9908502084
 31
0.0
  0
LINE
  5
2C0
330
2F
100
AcDbEntity
  8
ALPHA
100
AcDbLine
 10
294727.2034344069
 20
158537.7909752084
 30
0.0
 11
294727.2034344069
 21
158526.9908502084
 31
0.0
  0
LINE
  5
2C1
330
2F
100
AcDbEntity
  8
ALPHA
100
AcDbLine
 10
294734.2034344069
 20
158537.7909752084
 30
0.0
 11
294734.2034344069
 21
158526.9908502084
 31
0.0
  0
LINE
  5
2C2
330
2F
100
AcDbEntity
  8
ALPHA
100
AcDbLine
 10
294729.4534344069
 20
158537.7909752084
 30
0.0
 11
294729.4534344069
 21
158526.9908502084
 31
0.0
  0
LINE
  5
2C3
330
2F
100
AcDbEntity
  8
ALPHA
100
AcDbLine
 10
294731.9534344069
 20
158537.7909752084
 30
0.0
 11
294731.9534344069
 21
158526.9908502084
 31
0.0
  0
LINE
  5
2C4
330
2F
100
AcDbEntity
  8
ALPHA
100
AcDbLine
 10
294713.5532884069
 20
158538.7909602084
 30
0.0
 11
294713.5532884069
 21
158526.7965602084
 31
0.0
  0
CIRCLE
  5
2C5
330
2F
100
AcDbEntity
  8
ALPHA
100
AcDbCircle
 10
294721.0533034069
 20
158532.2909602084
 30
0.0
 40
3.25
  0
ARC
  5
2C6
330
2F
100
AcDbEntity
  8
ALPHA
100
AcDbCircle
 10
294739.0283854069
 20
158530.7899682084
 30
0.0
 40
1.0
100
AcDbArc
 50
89.99998200071731
 51
179.9999639997671
  0
LINE
  5
2C7
330
2F
100
AcDbEntity
  8
ALPHA
100
AcDbLine
 10
294707.4534344069
 20
158526.9909762084
 30
0.0
 11
294712.9534344068
 21
158526.9909762084
 31
0.0
  0
LINE
  5
2C8
330
2F
100
AcDbEntity
  8
ALPHA
100
AcDbLine
 10
294706.4848791724
 20
158491.2909754477
 30
0.0
 11
294706.4691571724
 21
158502.7475129477
 31
0.0
  0
LINE
  5
2C9
330
2F
100
AcDbEntity
  8
ALPHA
100
AcDbLine
 10
294706.9534344068
 20
158508.7113782084
 30
0.0
 11
294706.9534344068
 21
158526.4909762084
 31
0.0
  0
LINE
  5
2CA
330
2F
100
AcDbEntity
  8
ALPHA
100
AcDbLine
 10
294707.2328261724
 20
158508.6764149477
 30
0.0
 11
294707.1527231724
 21
158508.6727044477
 31
0.0
  0
LINE
  5
2CB
330
2F
100
AcDbEntity
  8
ALPHA
100
AcDbLine
 10
294707.1527231724
 20
158508.6727044477
 30
0.0
 11
294707.0763066725
 21
158508.6624634477
 31
0.0
  0
LINE
  5
2CC
330
2F
100
AcDbEntity
  8
ALPHA
100
AcDbLine
 10
294707.0763066725
 20
158508.6624634477
 30
0.0
 11
294707.0095701724
 21
158508.6482549477
 31
0.0
  0
LINE
  5
2CD
330
2F
100
AcDbEntity
  8
ALPHA
100
AcDbLine
 10
294707.0095701724
 20
158508.6482549477
 30
0.0
 11
294706.9523781724
 21
158508.6321049477
 31
0.0
  0
LINE
  5
2CE
330
2F
100
AcDbEntity
  8
ALPHA
100
AcDbLine
 10
294706.9523781724
 20
158508.6321049477
 30
0.0
 11
294706.8990691725
 21
158508.6136089477
 31
0.0
  0
LINE
  5
2CF
330
2F
100
AcDbEntity
  8
ALPHA
100
AcDbLine
 10
294706.8990691725
 20
158508.6136089477
 30
0.0
 11
294706.8485856724
 21
158508.5928374477
 31
0.0
  0
LINE
  5
2D0
330
2F
100
AcDbEntity
  8
ALPHA
100
AcDbLine
 10
294706.8485856724
 20
158508.5928374477
 30
0.0
 11
294706.8005656724
 21
158508.5698954477
 31
0.0
  0
LINE
  5
2D1
330
2F
100
AcDbEntity
  8
ALPHA
100
AcDbLine
 10
294706.8005656724
 20
158508.5698954477
 30
0.0
 11
294706.7547611724
 21
158508.5448149477
 31
0.0
  0
LINE
  5
2D2
330
2F
100
AcDbEntity
  8
ALPHA
100
AcDbLine
 10
294706.7547611724
 20
158508.5448149477
 30
0.0
 11
294706.7106576725
 21
158508.5173324477
 31
0.0
  0
LINE
  5
2D3
330
2F
100
AcDbEntity
  8
ALPHA
100
AcDbLine
 10
294706.7106576725
 20
158508.5173324477
 30
0.0
 11
294706.6681401725
 21
158508.4872554477
 31
0.0
  0
LINE
  5
2D4
330
2F
100
AcDbEntity
  8
ALPHA
100
AcDbLine
 10
294706.6681401725
 20
158508.4872554477
 30
0.0
 11
294706.6272836724
 21
158508.4543974477
 31
0.0
  0
LINE
  5
2D5
330
2F
100
AcDbEntity
  8
ALPHA
100
AcDbLine
 10
294706.6272836724
 20
158508.4543974477
 30
0.0
 11
294706.5883011724
 21
158508.4185729477
 31
0.0
  0
LINE
  5
2D6
330
2F
100
AcDbEntity
  8
ALPHA
100
AcDbLine
 10
294706.5883011724
 20
158508.4185729477
 30
0.0
 11
294706.5514856724
 21
158508.3795349477
 31
0.0
  0
LINE
  5
2D7
330
2F
100
AcDbEntity
  8
ALPHA
100
AcDbLine
 10
294706.5514856724
 20
158508.3795349477
 30
0.0
 11
294706.5173241725
 21
158508.3370694477
 31
0.0
  0
LINE
  5
2D8
330
2F
100
AcDbEntity
  8
ALPHA
100
AcDbLine
 10
294706.5173241725
 20
158508.3370694477
 30
0.0
 11
294706.4864776724
 21
158508.2909754477
 31
0.0
  0
LINE
  5
2D9
330
2F
100
AcDbEntity
  8
ALPHA
100
AcDbLine
 10
294706.4864776724
 20
158508.2909754477
 30
0.0
 11
294706.4768761724
 21
158508.2417904477
 31
0.0
  0
LINE
  5
2DA
330
2F
100
AcDbEntity
  8
ALPHA
100
AcDbLine
 10
294706.4768761724
 20
158508.2417904477
 30
0.0
 11
294706.4710901724
 21
158508.1919884477
 31
0.0
  0
LINE
  5
2DB
330
2F
100
AcDbEntity
  8
ALPHA
100
AcDbLine
 10
294706.4710901724
 20
158508.1919884477
 30
0.0
 11
294706.4691571724
 21
158508.1418659477
 31
0.0
  0
LINE
  5
2DC
330
2F
100
AcDbEntity
  8
ALPHA
100
AcDbLine
 10
294706.4691571724
 20
158502.7475129477
 30
0.0
 11
294706.4691571724
 21
158508.1418659477
 31
0.0
  0
LINE
  5
2DD
330
2F
100
AcDbEntity
  8
ALPHA
100
AcDbLine
 10
294707.3691571724
 20
158508.6764149477
 30
0.0
 11
294707.3691571724
 21
158508.5608574477
 31
0.0
  0
LINE
  5
2DE
330
2F
100
AcDbEntity
  8
ALPHA
100
AcDbLine
 10
294707.3691571724
 20
158508.5608574477
 30
0.0
 11
294707.4512436724
 21
158508.5311364477
 31
0.0
  0
LINE
  5
2DF
330
2F
100
AcDbEntity
  8
ALPHA
100
AcDbLine
 10
294707.4512436724
 20
158508.5311364477
 30
0.0
 11
294707.6939991724
 21
158508.5035949477
 31
0.0
  0
LINE
  5
2E0
330
2F
100
AcDbEntity
  8
ALPHA
100
AcDbLine
 10
294707.6939991724
 20
158508.5035949477
 30
0.0
 11
294708.0688076724
 21
158508.4812199477
 31
0.0
  0
LINE
  5
2E1
330
2F
100
AcDbEntity
  8
ALPHA
100
AcDbLine
 10
294708.0688076724
 20
158508.4812199477
 30
0.0
 11
294708.5583201725
 21
158508.4650424477
 31
0.0
  0
LINE
  5
2E2
330
2F
100
AcDbEntity
  8
ALPHA
100
AcDbLine
 10
294708.5583201725
 20
158508.4650424477
 30
0.0
 11
294709.1093456725
 21
158508.4569299477
 31
0.0
  0
LINE
  5
2E3
330
2F
100
AcDbEntity
  8
ALPHA
100
AcDbLine
 10
294707.2328261724
 20
158508.6764149477
 30
0.0
 11
294707.3691571724
 21
158508.6764149477
 31
0.0
  0
LINE
  5
2E4
330
2F
100
AcDbEntity
  8
ALPHA
100
AcDbLine
 10
294706.9534274069
 20
158530.2909792084
 30
0.0
 11
294707.4534114069
 21
158530.7909752084
 31
0.0
  0
ARC
  5
2E5
330
2F
100
AcDbEntity
  8
ALPHA
100
AcDbCircle
 10
294707.4534344069
 20
158526.4909762084
 30
0.0
 40
0.5
100
AcDbArc
 50
90.00000299821293
 51
180.0000049992449
  0
LINE
  5
2E6
330
2F
100
AcDbEntity
  8
ALPHA
100
AcDbLine
 10
294706.4534344069
 20
158530.2909752084
 30
0.0
 11
294706.9534194069
 21
158530.2909752084
 31
0.0
  0
LINE
  5
2E7
330
2F
100
AcDbEntity
  8
ALPHA
100
AcDbLine
 10
294707.4534044069
 20
158530.7909752084
 30
0.0
 11
294710.7034344069
 21
158530.7909752084
 31
0.0
  0
LINE
  5
2E8
330
2F
100
AcDbEntity
  8
ALPHA
100
AcDbLine
 10
294724.9534344069
 20
158526.9909762084
 30
0.0
 11
294736.4534344069
 21
158526.9909762084
 31
0.0
  0
ARC
  5
2E9
330
2F
100
AcDbEntity
  8
ALPHA
100
AcDbCircle
 10
294718.9534344069
 20
158544.4909722084
 30
0.0
 40
18.499992
100
AcDbArc
 50
251.0753769988671
 51
288.9246790017256
  0
ARC
  5
2EA
330
2F
100
AcDbEntity
  8
ALPHA
100
AcDbCircle
 10
294737.0283854068
 20
158530.7899682084
 30
0.0
 40
1.0
100
AcDbArc
 50
270.0000280011076
 51
1.00001573371e-05
  0
LINE
  5
2EB
330
2F
100
AcDbEntity
  8
ALPHA
100
AcDbLine
 10
294737.9534344069
 20
158529.7909602084
 30
0.0
 11
294737.9534344069
 21
158526.5465142084
 31
0.0
  0
LINE
  5
2EC
330
2F
100
AcDbEntity
  8
ALPHA
100
AcDbLine
 10
294706.9534274069
 20
158532.2909712084
 30
0.0
 11
294707.4534114069
 21
158532.7909682084
 31
0.0
  0
LINE
  5
2ED
330
2F
100
AcDbEntity
  8
ALPHA
100
AcDbLine
 10
294706.4534344069
 20
158532.2909752084
 30
0.0
 11
294706.9534194069
 21
158532.2909752084
 31
0.0
  0
LINE
  5
2EE
330
2F
100
AcDbEntity
  8
ALPHA
100
AcDbLine
 10
294707.4534044069
 20
158532.7909752084
 30
0.0
 11
294710.7034344069
 21
158532.7909752084
 31
0.0
  0
LINE
  5
2EF
330
2F
100
AcDbEntity
  8
ALPHA
100
AcDbLine
 10
294727.2034344069
 20
158537.7909752084
 30
0.0
 11
294734.2034344069
 21
158537.7909752084
 31
0.0
  0
LINE
  5
2F0
330
2F
100
AcDbEntity
  8
ALPHA
100
AcDbLine
 10
294727.2034344069
 20
158535.7909752084
 30
0.0
 11
294729.4534344069
 21
158535.7909752084
 31
0.0
  0
ARC
  5
2F1
330
2F
100
AcDbEntity
  8
ALPHA
100
AcDbCircle
 10
294727.5532884069
 20
158538.7909602084
 30
0.0
 40
1.0
100
AcDbArc
 50
0.0
 51
89.99998200071731
  0
LINE
  5
2F2
330
2F
100
AcDbEntity
  8
ALPHA
100
AcDbLine
 10
294714.5532884068
 20
158539.7909602084
 30
0.0
 11
294727.5532884069
 21
158539.7909602084
 31
0.0
  0
ARC
  5
2F3
330
2F
100
AcDbEntity
  8
ALPHA
100
AcDbCircle
 10
294714.5532884068
 20
158538.7909602084
 30
0.0
 40
1.0
100
AcDbArc
 50
89.99998200071731
 51
179.9999639997671
  0
LINE
  5
2F4
330
2F
100
AcDbEntity
  8
ALPHA
100
AcDbLine
 10
294728.5532884069
 20
158538.7909602084
 30
0.0
 11
294728.5532884069
 21
158537.7909752084
 31
0.0
  0
ARC
  5
2F5
330
2F
100
AcDbEntity
  8
ALPHA
100
AcDbCircle
 10
294736.0533034069
 20
158534.7909602084
 30
0.0
 40
5.0
100
AcDbArc
 50
89.99998200071731
 51
143.1298930001872
  0
LINE
  5
2F6
330
2F
100
AcDbEntity
  8
ALPHA
100
AcDbLine
 10
294731.9534344069
 20
158535.7909752084
 30
0.0
 11
294734.2034344069
 21
158535.7909752084
 31
0.0
  0
LINE
  5
2F7
330
2F
100
AcDbEntity
  8
ALPHA
100
AcDbLine
 10
294729.4534344069
 20
158531.2909752084
 30
0.0
 11
294731.9534344069
 21
158531.2909752084
 31
0.0
  0
ARC
  5
2F8
330
2F
100
AcDbEntity
  8
ALPHA
100
AcDbCircle
 10
294735.9663592913
 20
158533.5729871923
 30
0.0
 40
2.78401101846633
100
AcDbArc
 50
219.8253546846845
 51
320.1746344310564
  0
LINE
  5
2F9
330
2F
100
AcDbEntity
  8
ALPHA
100
AcDbLine
 10
294739.0283854069
 20
158531.7899682084
 30
0.0
 11
294735.8783924069
 21
158531.7899682084
 31
0.0
  0
LINE
  5
2FA
330
2F
100
AcDbEntity
  8
ALPHA
100
AcDbLine
 10
294741.2034344069
 20
158537.7909752084
 30
0.0
 11
294741.2034344069
 21
158526.9908502084
 31
0.0
  0
LINE
  5
2FB
330
2F
100
AcDbEntity
  8
ALPHA
100
AcDbLine
 10
294748.2034344069
 20
158537.7909752084
 30
0.0
 11
294748.2034344069
 21
158526.9908502084
 31
0.0
  0
LINE
  5
2FC
330
2F
100
AcDbEntity
  8
ALPHA
100
AcDbLine
 10
294764.7034344069
 20
158532.7909752084
 30
0.0
 11
294764.7034344069
 21
158526.9908502084
 31
0.0
  0
LINE
  5
2FD
330
2F
100
AcDbEntity
  8
ALPHA
100
AcDbLine
 10
294769.4034314068
 20
158532.7909752084
 30
0.0
 11
294769.4034314068
 21
158507.6032312084
 31
0.0
  0
LINE
  5
2FE
330
2F
100
AcDbEntity
  8
ALPHA
100
AcDbLine
 10
294743.4534344069
 20
158537.7909752084
 30
0.0
 11
294743.4534344069
 21
158526.9908502084
 31
0.0
  0
LINE
  5
2FF
330
2F
100
AcDbEntity
  8
ALPHA
100
AcDbLine
 10
294745.9534344069
 20
158537.7909752084
 30
0.0
 11
294745.9534344069
 21
158526.9908502084
 31
0.0
  0
LINE
  5
300
330
2F
100
AcDbEntity
  8
ALPHA
100
AcDbLine
 10
294748.4534954069
 20
158531.4909722084
 30
0.0
 11
294748.4534954069
 21
158529.7909602084
 31
0.0
  0
LINE
  5
301
330
2F
100
AcDbEntity
  8
ALPHA
100
AcDbLine
 10
294761.9534954069
 20
158531.4909722084
 30
0.0
 11
294761.9534954069
 21
158529.8909662084
 31
0.0
  0
LINE
  5
302
330
2F
100
AcDbEntity
  8
ALPHA
100
AcDbLine
 10
294778.8533824068
 20
158534.7909602084
 30
0.0
 11
294778.8533824068
 21
158519.7909752084
 31
0.0
  0
LINE
  5
303
330
2F
100
AcDbEntity
  8
ALPHA
100
AcDbLine
 10
294738.2032974069
 20
158531.7909602084
 30
0.0
 11
294738.2032974069
 21
158529.7909452084
 31
0.0
  0
LINE
  5
304
330
2F
100
AcDbEntity
  8
ALPHA
100
AcDbLine
 10
294769.5909164068
 20
158512.7909752084
 30
0.0
 11
294777.6409044069
 21
158512.7909752084
 31
0.0
  0
CIRCLE
  5
305
330
2F
100
AcDbEntity
  8
1
100
AcDbCircle
 10
294773.6159254069
 20
158508.5409752084
 30
0.0
 40
3.25
  0
LINE
  5
306
330
2F
100
AcDbEntity
  8
ALPHA
100
AcDbLine
 10
294769.5659074069
 20
158519.5909482084
 30
0.0
 11
294777.6658984068
 21
158519.5909482084
 31
0.0
  0
ARC
  5
307
330
2F
100
AcDbEntity
  8
1
100
AcDbCircle
 10
294773.6159254069
 20
158516.1909692084
 30
0.0
 40
3.25
100
AcDbArc
 50
312.3996289996191
 51
227.6003549997435
  0
LINE
  5
308
330
2F
100
AcDbEntity
  8
ALPHA
100
AcDbLine
 10
294770.4534344069
 20
158504.7909752084
 30
0.0
 11
294780.4534344069
 21
158504.7909752084
 31
0.0
  0
LINE
  5
309
330
2F
100
AcDbEntity
  8
ALPHA
100
AcDbLine
 10
294769.5659224068
 20
158513.7909752084
 30
0.0
 11
294777.6409044069
 21
158513.7909752084
 31
0.0
  0
POINT
  5
30A
330
2F
100
AcDbEntity
  8
1
100
AcDbPoint
 10
294773.6159254069
 20
158508.5409752084
 30
0.0
  0
LINE
  5
30B
330
2F
100
AcDbEntity
  8
1
100
AcDbLine
 10
294775.7286744069
 20
158508.9394852084
 30
0.0
 11
294774.8490924069
 21
158509.0273572084
 31
0.0
  0
LINE
  5
30C
330
2F
100
AcDbEntity
  8
1
100
AcDbLine
 10
294775.7286664069
 20
158508.1424842084
 30
0.0
 11
294774.8504324069
 21
158508.0532802084
 31
0.0
  0
LINE
  5
30D
330
2F
100
AcDbEntity
  8
1
100
AcDbLine
 10
294774.7077134069
 20
158508.8859872084
 30
0.0
 11
294775.9300464069
 21
158508.9500472084
 31
0.0
  0
LINE
  5
30E
330
2F
100
AcDbEntity
  8
1
100
AcDbLine
 10
294774.7077124069
 20
158508.1959822084
 30
0.0
 11
294775.9300464069
 21
158508.1319222084
 31
0.0
  0
ARC
  5
30F
330
2F
100
AcDbEntity
  8
1
100
AcDbCircle
 10
294773.6159254069
 20
158508.5409752084
 30
0.0
 40
2.349997999999998
100
AcDbArc
 50
349.9756690003345
 51
10.02451500009549
  0
LINE
  5
310
330
2F
100
AcDbEntity
  8
1
100
AcDbLine
 10
294772.3827574069
 20
158509.0273632084
 30
0.0
 11
294771.5031744069
 21
158508.9394912084
 31
0.0
  0
LINE
  5
311
330
2F
100
AcDbEntity
  8
1
100
AcDbLine
 10
294772.3814184069
 20
158508.0532782084
 30
0.0
 11
294771.5031844069
 21
158508.1424832084
 31
0.0
  0
LINE
  5
312
330
2F
100
AcDbEntity
  8
1
100
AcDbLine
 10
294771.3018054069
 20
158508.9500502084
 30
0.0
 11
294772.5241384069
 21
158508.8859902084
 31
0.0
  0
LINE
  5
313
330
2F
100
AcDbEntity
  8
1
100
AcDbLine
 10
294771.3018044069
 20
158508.1319192084
 30
0.0
 11
294772.5241374069
 21
158508.1959792084
 31
0.0
  0
ARC
  5
314
330
2F
100
AcDbEntity
  8
1
100
AcDbCircle
 10
294773.6159254069
 20
158508.5409752084
 30
0.0
 40
2.986259999999998
100
AcDbArc
 50
82.3022500016008
 51
97.6977139988624
  0
ARC
  5
315
330
2F
100
AcDbEntity
  8
1
100
AcDbCircle
 10
294773.6159254069
 20
158508.5409752084
 30
0.0
 40
2.349997999999998
100
AcDbArc
 50
169.9754869995634
 51
190.0243320003163
  0
LINE
  5
316
330
2F
100
AcDbEntity
  8
1
100
AcDbLine
 10
294774.1036294069
 20
158509.7754562084
 30
0.0
 11
294774.1036294069
 21
158511.0184382084
 31
0.0
  0
LINE
  5
317
330
2F
100
AcDbEntity
  8
1
100
AcDbLine
 10
294773.1268874069
 20
158509.7768102084
 30
0.0
 11
294773.1268874069
 21
158511.0181632084
 31
0.0
  0
LINE
  5
318
330
2F
100
AcDbEntity
  8
1
100
AcDbLine
 10
294774.1036294069
 20
158506.0635272084
 30
0.0
 11
294774.1036294069
 21
158507.3064782084
 31
0.0
  0
LINE
  5
319
330
2F
100
AcDbEntity
  8
1
100
AcDbLine
 10
294773.1268874069
 20
158506.0637872084
 30
0.0
 11
294773.1268874069
 21
158507.3104842084
 31
0.0
  0
LINE
  5
31A
330
2F
100
AcDbEntity
  8
1
100
AcDbLine
 10
294772.3814174068
 20
158508.0532662084
 30
0.0
 11
294772.9428804069
 21
158507.8679362084
 31
0.0
  0
LINE
  5
31B
330
2F
100
AcDbEntity
  8
1
100
AcDbLine
 10
294772.9428764069
 20
158507.8679522084
 30
0.0
 11
294773.1282064069
 21
158507.3064872084
 31
0.0
  0
LINE
  5
31C
330
2F
100
AcDbEntity
  8
1
100
AcDbLine
 10
294774.1036304069
 20
158507.3064802084
 30
0.0
 11
294774.2889554069
 21
158507.8679322084
 31
0.0
  0
LINE
  5
31D
330
2F
100
AcDbEntity
  8
1
100
AcDbLine
 10
294774.2889514069
 20
158507.8679492084
 30
0.0
 11
294774.8504114068
 21
158508.0532782084
 31
0.0
  0
LINE
  5
31E
330
2F
100
AcDbEntity
  8
1
100
AcDbLine
 10
294774.2889504069
 20
158509.2140212084
 30
0.0
 11
294774.1036194069
 21
158509.7754862084
 31
0.0
  0
LINE
  5
31F
330
2F
100
AcDbEntity
  8
1
100
AcDbLine
 10
294774.8504174069
 20
158509.0286912084
 30
0.0
 11
294774.2889594069
 21
158509.2140202084
 31
0.0
  0
LINE
  5
320
330
2F
100
AcDbEntity
  8
1
100
AcDbLine
 10
294772.3827524069
 20
158509.0273622084
 30
0.0
 11
294772.9402424069
 21
158509.2113792084
 31
0.0
  0
LINE
  5
321
330
2F
100
AcDbEntity
  8
1
100
AcDbLine
 10
294772.9402474069
 20
158509.2113762084
 30
0.0
 11
294773.1268834069
 21
158509.7767982084
 31
0.0
  0
LINE
  5
322
330
2F
100
AcDbEntity
  8
1
100
AcDbLine
 10
294774.1462434069
 20
158508.0106612084
 30
0.0
 11
294774.7077034069
 21
158508.1959902084
 31
0.0
  0
LINE
  5
323
330
2F
100
AcDbEntity
  8
1
100
AcDbLine
 10
294773.9609204069
 20
158507.4491942084
 30
0.0
 11
294774.1462454069
 21
158508.0106462084
 31
0.0
  0
LINE
  5
324
330
2F
100
AcDbEntity
  8
1
100
AcDbLine
 10
294773.0855864069
 20
158508.0106502084
 30
0.0
 11
294773.2709124069
 21
158507.4491992084
 31
0.0
  0
LINE
  5
325
330
2F
100
AcDbEntity
  8
1
100
AcDbLine
 10
294772.5241284069
 20
158508.1959772084
 30
0.0
 11
294773.0855884069
 21
158508.0106482084
 31
0.0
  0
LINE
  5
326
330
2F
100
AcDbEntity
  8
1
100
AcDbLine
 10
294772.5241254069
 20
158508.8859922084
 30
0.0
 11
294773.0855844069
 21
158509.0713202084
 31
0.0
  0
LINE
  5
327
330
2F
100
AcDbEntity
  8
1
100
AcDbLine
 10
294773.0855914069
 20
158509.0713122084
 30
0.0
 11
294773.2709174069
 21
158509.6327632084
 31
0.0
  0
LINE
  5
328
330
2F
100
AcDbEntity
  8
1
100
AcDbLine
 10
294774.1462454069
 20
158509.0713082084
 30
0.0
 11
294773.9609144069
 21
158509.6327742084
 31
0.0
  0
LINE
  5
329
330
2F
100
AcDbEntity
  8
1
100
AcDbLine
 10
294774.7077084068
 20
158508.8859792084
 30
0.0
 11
294774.1462494068
 21
158509.0713082084
 31
0.0
  0
ARC
  5
32A
330
2F
100
AcDbEntity
  8
1
100
AcDbCircle
 10
294773.6159254069
 20
158508.5409752084
 30
0.0
 40
1.145
100
AcDbArc
 50
72.4637169990274
 51
89.99998200071731
  0
ARC
  5
32B
330
2F
100
AcDbEntity
  8
1
100
AcDbCircle
 10
294773.6159254069
 20
158508.5409752084
 30
0.0
 40
1.145
100
AcDbArc
 50
342.4637450009557
 51
17.53632899984216
  0
ARC
  5
32C
330
2F
100
AcDbEntity
  8
1
100
AcDbCircle
 10
294773.6159254069
 20
158508.5409752084
 30
0.0
 40
1.145
100
AcDbArc
 50
252.4637089996968
 51
287.5362930006793
  0
ARC
  5
32D
330
2F
100
AcDbEntity
  8
1
100
AcDbCircle
 10
294773.6159254069
 20
158508.5409752084
 30
0.0
 40
1.145
100
AcDbArc
 50
162.4636450006988
 51
197.5362289995889
  0
ARC
  5
32E
330
2F
100
AcDbEntity
  8
1
100
AcDbCircle
 10
294773.6159254069
 20
158508.5409752084
 30
0.0
 40
1.145
100
AcDbArc
 50
89.99998200071731
 51
107.5363010000095
  0
ARC
  5
32F
330
2F
100
AcDbEntity
  8
1
100
AcDbCircle
 10
294773.6159254069
 20
158508.5409752084
 30
0.0
 40
2.986259999999998
100
AcDbArc
 50
262.3022959996494
 51
277.6977600002159
  0
CIRCLE
  5
330
330
2F
100
AcDbEntity
  8
1
100
AcDbCircle
 10
294773.6159254069
 20
158508.5409752084
 30
0.0
 40
3.099995999999998
  0
POLYLINE
  5
331
330
2F
100
AcDbEntity
  8
1
100
AcDb2dPolyline
 66
1
 10
0.0
 20
0.0
 30
0.0
 70
4
  0
VERTEX
  5
332
330
331
100
AcDbEntity
  8
1
100
AcDbVertex
100
AcDb2dVertex
 10
294773.1268874069
 20
158511.0181632084
 30
0.0
 70
18
  0
VERTEX
  5
333
330
331
100
AcDbEntity
  8
1
100
AcDbVertex
100
AcDb2dVertex
 10
294773.1268874069
 20
158511.0181632084
 30
0.0
 70
8
  0
VERTEX
  5
334
330
331
100
AcDbEntity
  8
1
100
AcDbVertex
100
AcDb2dVertex
 10
294773.1291374069
 20
158511.0464522084
 30
0.0
 70
8
  0
VERTEX
  5
335
330
331
100
AcDbEntity
  8
1
100
AcDbVertex
100
AcDb2dVertex
 10
294773.1318164068
 20
158511.0746312084
 30
0.0
 70
8
  0
VERTEX
  5
336
330
331
100
AcDbEntity
  8
1
100
AcDbVertex
100
AcDb2dVertex
 10
294773.1347284069
 20
158511.1027622084
 30
0.0
 70
8
  0
VERTEX
  5
337
330
331
100
AcDbEntity
  8
1
100
AcDbVertex
100
AcDb2dVertex
 10
294773.1376774069
 20
158511.1309052084
 30
0.0
 70
8
  0
VERTEX
  5
338
330
331
100
AcDbEntity
  8
1
100
AcDbVertex
100
AcDb2dVertex
 10
294773.1404684068
 20
158511.1591212084
 30
0.0
 70
8
  0
VERTEX
  5
339
330
331
100
AcDbEntity
  8
1
100
AcDbVertex
100
AcDb2dVertex
 10
294773.1429044069
 20
158511.1874722084
 30
0.0
 70
8
  0
VERTEX
  5
33A
330
331
100
AcDbEntity
  8
1
100
AcDbVertex
100
AcDb2dVertex
 10
294773.1447884068
 20
158511.2160172084
 30
0.0
 70
8
  0
VERTEX
  5
33B
330
331
100
AcDbEntity
  8
1
100
AcDbVertex
100
AcDb2dVertex
 10
294773.1459254069
 20
158511.2448172084
 30
0.0
 70
8
  0
VERTEX
  5
33C
330
331
100
AcDbEntity
  8
1
100
AcDbVertex
100
AcDb2dVertex
 10
294773.1462504069
 20
158511.2681092084
 30
0.0
 70
8
  0
VERTEX
  5
33D
330
331
100
AcDbEntity
  8
1
100
AcDbVertex
100
AcDb2dVertex
 10
294773.1463774069
 20
158511.2914762084
 30
0.0
 70
8
  0
VERTEX
  5
33E
330
331
100
AcDbEntity
  8
1
100
AcDbVertex
100
AcDb2dVertex
 10
294773.1467174069
 20
158511.3147902084
 30
0.0
 70
8
  0
VERTEX
  5
33F
330
331
100
AcDbEntity
  8
1
100
AcDbVertex
100
AcDb2dVertex
 10
294773.1476784069
 20
158511.3379242084
 30
0.0
 70
8
  0
VERTEX
  5
340
330
331
100
AcDbEntity
  8
1
100
AcDbVertex
100
AcDb2dVertex
 10
294773.1496704069
 20
158511.3607492084
 30
0.0
 70
8
  0
VERTEX
  5
341
330
331
100
AcDbEntity
  8
1
100
AcDbVertex
100
AcDb2dVertex
 10
294773.1531024069
 20
158511.3831372084
 30
0.0
 70
8
  0
VERTEX
  5
342
330
331
100
AcDbEntity
  8
1
100
AcDbVertex
100
AcDb2dVertex
 10
294773.1583844069
 20
158511.4049612084
 30
0.0
 70
8
  0
VERTEX
  5
343
330
331
100
AcDbEntity
  8
1
100
AcDbVertex
100
AcDb2dVertex
 10
294773.1659254069
 20
158511.4260922084
 30
0.0
 70
8
  0
VERTEX
  5
344
330
331
100
AcDbEntity
  8
1
100
AcDbVertex
100
AcDb2dVertex
 10
294773.1705584068
 20
158511.4361702084
 30
0.0
 70
8
  0
VERTEX
  5
345
330
331
100
AcDbEntity
  8
1
100
AcDbVertex
100
AcDb2dVertex
 10
294773.1757744069
 20
158511.4460412084
 30
0.0
 70
8
  0
VERTEX
  5
346
330
331
100
AcDbEntity
  8
1
100
AcDbVertex
100
AcDb2dVertex
 10
294773.1815124069
 20
158511.4556942084
 30
0.0
 70
8
  0
VERTEX
  5
347
330
331
100
AcDbEntity
  8
1
100
AcDbVertex
100
AcDb2dVertex
 10
294773.1877114069
 20
158511.4651192084
 30
0.0
 70
8
  0
VERTEX
  5
348
330
331
100
AcDbEntity
  8
1
100
AcDbVertex
100
AcDb2dVertex
 10
294773.1943134069
 20
158511.4743042084
 30
0.0
 70
8
  0
VERTEX
  5
349
330
331
100
AcDbEntity
  8
1
100
AcDbVertex
100
AcDb2dVertex
 10
294773.2012564069
 20
158511.4832412084
 30
0.0
 70
8
  0
VERTEX
  5
34A
330
331
100
AcDbEntity
  8
1
100
AcDbVertex
100
AcDb2dVertex
 10
294773.2084804069
 20
158511.4919182084
 30
0.0
 70
8
  0
VERTEX
  5
34B
330
331
100
AcDbEntity
  8
1
100
AcDbVertex
100
AcDb2dVertex
 10
294773.2159254069
 20
158511.5003262084
 30
0.0
 70
8
  0
VERTEX
  5
34C
330
331
100
AcDbEntity
  8
1
100
AcDbVertex
100
AcDb2dVertex
 10
294773.1459254069
 20
158511.2448172084
 30
0.0
 70
18
  0
VERTEX
  5
34D
330
331
100
AcDbEntity
  8
1
100
AcDbVertex
100
AcDb2dVertex
 10
294773.1659254069
 20
158511.4260922084
 30
0.0
 70
18
  0
VERTEX
  5
34E
330
331
100
AcDbEntity
  8
1
100
AcDbVertex
100
AcDb2dVertex
 10
294773.2159254069
 20
158511.5003262084
 30
0.0
 70
18
  0
SEQEND
  5
34F
330
331
100
AcDbEntity
  8
1
  0
POLYLINE
  5
350
330
2F
100
AcDbEntity
  8
1
100
AcDb2dPolyline
 66
1
 10
0.0
 20
0.0
 30
0.0
 70
4
  0
VERTEX
  5
351
330
350
100
AcDbEntity
  8
1
100
AcDbVertex
100
AcDb2dVertex
 10
294774.1036294069
 20
158511.0184382084
 30
0.0
 70
18
  0
VERTEX
  5
352
330
350
100
AcDbEntity
  8
1
100
AcDbVertex
100
AcDb2dVertex
 10
294774.1036294069
 20
158511.0184382084
 30
0.0
 70
8
  0
VERTEX
  5
353
330
350
100
AcDbEntity
  8
1
100
AcDbVertex
100
AcDb2dVertex
 10
294774.1016274069
 20
158511.0466962084
 30
0.0
 70
8
  0
VERTEX
  5
354
330
350
100
AcDbEntity
  8
1
100
AcDbVertex
100
AcDb2dVertex
 10
294774.0991774069
 20
158511.0748452084
 30
0.0
 70
8
  0
VERTEX
  5
355
330
350
100
AcDbEntity
  8
1
100
AcDbVertex
100
AcDb2dVertex
 10
294774.0964724069
 20
158511.1029442084
 30
0.0
 70
8
  0
VERTEX
  5
356
330
350
100
AcDbEntity
  8
1
100
AcDbVertex
100
AcDb2dVertex
 10
294774.0937074069
 20
158511.1310552084
 30
0.0
 70
8
  0
VERTEX
  5
357
330
350
100
AcDbEntity
  8
1
100
AcDbVertex
100
AcDb2dVertex
 10
294774.0910764069
 20
158511.1592372084
 30
0.0
 70
8
  0
VERTEX
  5
358
330
350
100
AcDbEntity
  8
1
100
AcDbVertex
100
AcDb2dVertex
 10
294774.0887734069
 20
158511.1875512084
 30
0.0
 70
8
  0
VERTEX
  5
359
330
350
100
AcDbEntity
  8
1
100
AcDbVertex
100
AcDb2dVertex
 10
294774.0869914069
 20
158511.2160572084
 30
0.0
 70
8
  0
VERTEX
  5
35A
330
350
100
AcDbEntity
  8
1
100
AcDbVertex
100
AcDb2dVertex
 10
294774.0859254068
 20
158511.2448172084
 30
0.0
 70
8
  0
VERTEX
  5
35B
330
350
100
AcDbEntity
  8
1
100
AcDbVertex
100
AcDb2dVertex
 10
294774.0856344069
 20
158511.2681122084
 30
0.0
 70
8
  0
VERTEX
  5
35C
330
350
100
AcDbEntity
  8
1
100
AcDbVertex
100
AcDb2dVertex
 10
294774.0855244069
 20
158511.2914802084
 30
0.0
 70
8
  0
VERTEX
  5
35D
330
350
100
AcDbEntity
  8
1
100
AcDbVertex
100
AcDb2dVertex
 10
294774.0851884069
 20
158511.3147952084
 30
0.0
 70
8
  0
VERTEX
  5
35E
330
350
100
AcDbEntity
  8
1
100
AcDbVertex
100
AcDb2dVertex
 10
294774.0842224069
 20
158511.3379282084
 30
0.0
 70
8
  0
VERTEX
  5
35F
330
350
100
AcDbEntity
  8
1
100
AcDbVertex
100
AcDb2dVertex
 10
294774.0822184069
 20
158511.3607522084
 30
0.0
 70
8
  0
VERTEX
  5
360
330
350
100
AcDbEntity
  8
1
100
AcDbVertex
100
AcDb2dVertex
 10
294774.0787724069
 20
158511.3831392084
 30
0.0
 70
8
  0
VERTEX
  5
361
330
350
100
AcDbEntity
  8
1
100
AcDbVertex
100
AcDb2dVertex
 10
294774.0734764069
 20
158511.4049612084
 30
0.0
 70
8
  0
VERTEX
  5
362
330
350
100
AcDbEntity
  8
1
100
AcDbVertex
100
AcDb2dVertex
 10
294774.0659254069
 20
158511.4260922084
 30
0.0
 70
8
  0
VERTEX
  5
363
330
350
100
AcDbEntity
  8
1
100
AcDbVertex
100
AcDb2dVertex
 10
294774.0612894069
 20
158511.4361702084
 30
0.0
 70
8
  0
VERTEX
  5
364
330
350
100
AcDbEntity
  8
1
100
AcDbVertex
100
AcDb2dVertex
 10
294774.0560724069
 20
158511.4460412084
 30
0.0
 70
8
  0
VERTEX
  5
365
330
350
100
AcDbEntity
  8
1
100
AcDbVertex
100
AcDb2dVertex
 10
294774.0503344069
 20
158511.4556942084
 30
0.0
 70
8
  0
VERTEX
  5
366
330
350
100
AcDbEntity
  8
1
100
AcDbVertex
100
AcDb2dVertex
 10
294774.0441354069
 20
158511.4651182084
 30
0.0
 70
8
  0
VERTEX
  5
367
330
350
100
AcDbEntity
  8
1
100
AcDbVertex
100
AcDb2dVertex
 10
294774.0375354069
 20
158511.4743042084
 30
0.0
 70
8
  0
VERTEX
  5
368
330
350
100
AcDbEntity
  8
1
100
AcDbVertex
100
AcDb2dVertex
 10
294774.0305934069
 20
158511.4832412084
 30
0.0
 70
8
  0
VERTEX
  5
369
330
350
100
AcDbEntity
  8
1
100
AcDbVertex
100
AcDb2dVertex
 10
294774.0233704069
 20
158511.4919182084
 30
0.0
 70
8
  0
VERTEX
  5
36A
330
350
100
AcDbEntity
  8
1
100
AcDbVertex
100
AcDb2dVertex
 10
294774.0159254069
 20
158511.5003262084
 30
0.0
 70
8
  0
VERTEX
  5
36B
330
350
100
AcDbEntity
  8
1
100
AcDbVertex
100
AcDb2dVertex
 10
294774.0859254068
 20
158511.2448172084
 30
0.0
 70
18
  0
VERTEX
  5
36C
330
350
100
AcDbEntity
  8
1
100
AcDbVertex
100
AcDb2dVertex
 10
294774.0659254069
 20
158511.4260922084
 30
0.0
 70
18
  0
VERTEX
  5
36D
330
350
100
AcDbEntity
  8
1
100
AcDbVertex
100
AcDb2dVertex
 10
294774.0159254069
 20
158511.5003262084
 30
0.0
 70
18
  0
SEQEND
  5
36E
330
350
100
AcDbEntity
  8
1
  0
POLYLINE
  5
36F
330
2F
100
AcDbEntity
  8
1
100
AcDb2dPolyline
 66
1
 10
0.0
 20
0.0
 30
0.0
 70
4
  0
VERTEX
  5
370
330
36F
100
AcDbEntity
  8
1
100
AcDbVertex
100
AcDb2dVertex
 10
294773.1268874069
 20
158506.0637872084
 30
0.0
 70
18
  0
VERTEX
  5
371
330
36F
100
AcDbEntity
  8
1
100
AcDbVertex
100
AcDb2dVertex
 10
294773.1268874069
 20
158506.0637872084
 30
0.0
 70
8
  0
VERTEX
  5
372
330
36F
100
AcDbEntity
  8
1
100
AcDbVertex
100
AcDb2dVertex
 10
294773.1291374069
 20
158506.0354982084
 30
0.0
 70
8
  0
VERTEX
  5
373
330
36F
100
AcDbEntity
  8
1
100
AcDbVertex
100
AcDb2dVertex
 10
294773.1318164068
 20
158506.0073192084
 30
0.0
 70
8
  0
VERTEX
  5
374
330
36F
100
AcDbEntity
  8
1
100
AcDbVertex
100
AcDb2dVertex
 10
294773.1347284069
 20
158505.9791882084
 30
0.0
 70
8
  0
VERTEX
  5
375
330
36F
100
AcDbEntity
  8
1
100
AcDbVertex
100
AcDb2dVertex
 10
294773.1376774069
 20
158505.9510452084
 30
0.0
 70
8
  0
VERTEX
  5
376
330
36F
100
AcDbEntity
  8
1
100
AcDbVertex
100
AcDb2dVertex
 10
294773.1404684068
 20
158505.9228292084
 30
0.0
 70
8
  0
VERTEX
  5
377
330
36F
100
AcDbEntity
  8
1
100
AcDbVertex
100
AcDb2dVertex
 10
294773.1429044069
 20
158505.8944782084
 30
0.0
 70
8
  0
VERTEX
  5
378
330
36F
100
AcDbEntity
  8
1
100
AcDbVertex
100
AcDb2dVertex
 10
294773.1447884068
 20
158505.8659332084
 30
0.0
 70
8
  0
VERTEX
  5
379
330
36F
100
AcDbEntity
  8
1
100
AcDbVertex
100
AcDb2dVertex
 10
294773.1459254069
 20
158505.8371332084
 30
0.0
 70
8
  0
VERTEX
  5
37A
330
36F
100
AcDbEntity
  8
1
100
AcDbVertex
100
AcDb2dVertex
 10
294773.1462504069
 20
158505.8138412084
 30
0.0
 70
8
  0
VERTEX
  5
37B
330
36F
100
AcDbEntity
  8
1
100
AcDbVertex
100
AcDb2dVertex
 10
294773.1463774069
 20
158505.7904742084
 30
0.0
 70
8
  0
VERTEX
  5
37C
330
36F
100
AcDbEntity
  8
1
100
AcDbVertex
100
AcDb2dVertex
 10
294773.1467174069
 20
158505.7671602084
 30
0.0
 70
8
  0
VERTEX
  5
37D
330
36F
100
AcDbEntity
  8
1
100
AcDbVertex
100
AcDb2dVertex
 10
294773.1476784069
 20
158505.7440262084
 30
0.0
 70
8
  0
VERTEX
  5
37E
330
36F
100
AcDbEntity
  8
1
100
AcDbVertex
100
AcDb2dVertex
 10
294773.1496704069
 20
158505.7212012084
 30
0.0
 70
8
  0
VERTEX
  5
37F
330
36F
100
AcDbEntity
  8
1
100
AcDbVertex
100
AcDb2dVertex
 10
294773.1531024069
 20
158505.6988132084
 30
0.0
 70
8
  0
VERTEX
  5
380
330
36F
100
AcDbEntity
  8
1
100
AcDbVertex
100
AcDb2dVertex
 10
294773.1583844069
 20
158505.6769892084
 30
0.0
 70
8
  0
VERTEX
  5
381
330
36F
100
AcDbEntity
  8
1
100
AcDbVertex
100
AcDb2dVertex
 10
294773.1659254069
 20
158505.6558582084
 30
0.0
 70
8
  0
VERTEX
  5
382
330
36F
100
AcDbEntity
  8
1
100
AcDbVertex
100
AcDb2dVertex
 10
294773.1705584068
 20
158505.6457802084
 30
0.0
 70
8
  0
VERTEX
  5
383
330
36F
100
AcDbEntity
  8
1
100
AcDbVertex
100
AcDb2dVertex
 10
294773.1757744069
 20
158505.6359092084
 30
0.0
 70
8
  0
VERTEX
  5
384
330
36F
100
AcDbEntity
  8
1
100
AcDbVertex
100
AcDb2dVertex
 10
294773.1815124069
 20
158505.6262562084
 30
0.0
 70
8
  0
VERTEX
  5
385
330
36F
100
AcDbEntity
  8
1
100
AcDbVertex
100
AcDb2dVertex
 10
294773.1877114069
 20
158505.6168312084
 30
0.0
 70
8
  0
VERTEX
  5
386
330
36F
100
AcDbEntity
  8
1
100
AcDbVertex
100
AcDb2dVertex
 10
294773.1943134069
 20
158505.6076462084
 30
0.0
 70
8
  0
VERTEX
  5
387
330
36F
100
AcDbEntity
  8
1
100
AcDbVertex
100
AcDb2dVertex
 10
294773.2012564069
 20
158505.5987092084
 30
0.0
 70
8
  0
VERTEX
  5
388
330
36F
100
AcDbEntity
  8
1
100
AcDbVertex
100
AcDb2dVertex
 10
294773.2084804069
 20
158505.5900322084
 30
0.0
 70
8
  0
VERTEX
  5
389
330
36F
100
AcDbEntity
  8
1
100
AcDbVertex
100
AcDb2dVertex
 10
294773.2159254069
 20
158505.5816242084
 30
0.0
 70
8
  0
VERTEX
  5
38A
330
36F
100
AcDbEntity
  8
1
100
AcDbVertex
100
AcDb2dVertex
 10
294773.1459254069
 20
158505.8371332084
 30
0.0
 70
18
  0
VERTEX
  5
38B
330
36F
100
AcDbEntity
  8
1
100
AcDbVertex
100
AcDb2dVertex
 10
294773.1659254069
 20
158505.6558582084
 30
0.0
 70
18
  0
VERTEX
  5
38C
330
36F
100
AcDbEntity
  8
1
100
AcDbVertex
100
AcDb2dVertex
 10
294773.2159254069
 20
158505.5816242084
 30
0.0
 70
18
  0
SEQEND
  5
38D
330
36F
100
AcDbEntity
  8
1
  0
POLYLINE
  5
38E
330
2F
100
AcDbEntity
  8
1
100
AcDb2dPolyline
 66
1
 10
0.0
 20
0.0
 30
0.0
 70
4
  0
VERTEX
  5
38F
330
38E
100
AcDbEntity
  8
1
100
AcDbVertex
100
AcDb2dVertex
 10
294774.1036294069
 20
158506.0635272084
 30
0.0
 70
18
  0
VERTEX
  5
390
330
38E
100
AcDbEntity
  8
1
100
AcDbVertex
100
AcDb2dVertex
 10
294774.1036294069
 20
158506.0635272084
 30
0.0
 70
8
  0
VERTEX
  5
391
330
38E
100
AcDbEntity
  8
1
100
AcDbVertex
100
AcDb2dVertex
 10
294774.1016274069
 20
158506.0352682084
 30
0.0
 70
8
  0
VERTEX
  5
392
330
38E
100
AcDbEntity
  8
1
100
AcDbVertex
100
AcDb2dVertex
 10
294774.0991774069
 20
158506.0071182084
 30
0.0
 70
8
  0
VERTEX
  5
393
330
38E
100
AcDbEntity
  8
1
100
AcDbVertex
100
AcDb2dVertex
 10
294774.0964724069
 20
158505.9790162084
 30
0.0
 70
8
  0
VERTEX
  5
394
330
38E
100
AcDbEntity
  8
1
100
AcDbVertex
100
AcDb2dVertex
 10
294774.0937074069
 20
158505.9509032084
 30
0.0
 70
8
  0
VERTEX
  5
395
330
38E
100
AcDbEntity
  8
1
100
AcDbVertex
100
AcDb2dVertex
 10
294774.0910764069
 20
158505.9227182084
 30
0.0
 70
8
  0
VERTEX
  5
396
330
38E
100
AcDbEntity
  8
1
100
AcDbVertex
100
AcDb2dVertex
 10
294774.0887734069
 20
158505.8944022084
 30
0.0
 70
8
  0
VERTEX
  5
397
330
38E
100
AcDbEntity
  8
1
100
AcDbVertex
100
AcDb2dVertex
 10
294774.0869914069
 20
158505.8658932084
 30
0.0
 70
8
  0
VERTEX
  5
398
330
38E
100
AcDbEntity
  8
1
100
AcDbVertex
100
AcDb2dVertex
 10
294774.0859254068
 20
158505.8371332084
 30
0.0
 70
8
  0
VERTEX
  5
399
330
38E
100
AcDbEntity
  8
1
100
AcDbVertex
100
AcDb2dVertex
 10
294774.0856344069
 20
158505.8138382084
 30
0.0
 70
8
  0
VERTEX
  5
39A
330
38E
100
AcDbEntity
  8
1
100
AcDbVertex
100
AcDb2dVertex
 10
294774.0855244069
 20
158505.7904702084
 30
0.0
 70
8
  0
VERTEX
  5
39B
330
38E
100
AcDbEntity
  8
1
100
AcDbVertex
100
AcDb2dVertex
 10
294774.0851884069
 20
158505.7671552084
 30
0.0
 70
8
  0
VERTEX
  5
39C
330
38E
100
AcDbEntity
  8
1
100
AcDbVertex
100
AcDb2dVertex
 10
294774.0842224069
 20
158505.7440222084
 30
0.0
 70
8
  0
VERTEX
  5
39D
330
38E
100
AcDbEntity
  8
1
100
AcDbVertex
100
AcDb2dVertex
 10
294774.0822184069
 20
158505.7211982084
 30
0.0
 70
8
  0
VERTEX
  5
39E
330
38E
100
AcDbEntity
  8
1
100
AcDbVertex
100
AcDb2dVertex
 10
294774.0787724069
 20
158505.6988112084
 30
0.0
 70
8
  0
VERTEX
  5
39F
330
38E
100
AcDbEntity
  8
1
100
AcDbVertex
100
AcDb2dVertex
 10
294774.0734764069
 20
158505.6769892084
 30
0.0
 70
8
  0
VERTEX
  5
3A0
330
38E
100
AcDbEntity
  8
1
100
AcDbVertex
100
AcDb2dVertex
 10
294774.0659254069
 20
158505.6558582084
 30
0.0
 70
8
  0
VERTEX
  5
3A1
330
38E
100
AcDbEntity
  8
1
100
AcDbVertex
100
AcDb2dVertex
 10
294774.0612894069
 20
158505.6457802084
 30
0.0
 70
8
  0
VERTEX
  5
3A2
330
38E
100
AcDbEntity
  8
1
100
AcDbVertex
100
AcDb2dVertex
 10
294774.0560724069
 20
158505.6359092084
 30
0.0
 70
8
  0
VERTEX
  5
3A3
330
38E
100
AcDbEntity
  8
1
100
AcDbVertex
100
AcDb2dVertex
 10
294774.0503344069
 20
158505.6262562084
 30
0.0
 70
8
  0
VERTEX
  5
3A4
330
38E
100
AcDbEntity
  8
1
100
AcDbVertex
100
AcDb2dVertex
 10
294774.0441354069
 20
158505.6168322084
 30
0.0
 70
8
  0
VERTEX
  5
3A5
330
38E
100
AcDbEntity
  8
1
100
AcDbVertex
100
AcDb2dVertex
 10
294774.0375354069
 20
158505.6076462084
 30
0.0
 70
8
  0
VERTEX
  5
3A6
330
38E
100
AcDbEntity
  8
1
100
AcDbVertex
100
AcDb2dVertex
 10
294774.0305934069
 20
158505.5987092084
 30
0.0
 70
8
  0
VERTEX
  5
3A7
330
38E
100
AcDbEntity
  8
1
100
AcDbVertex
100
AcDb2dVertex
 10
294774.0233704069
 20
158505.5900322084
 30
0.0
 70
8
  0
VERTEX
  5
3A8
330
38E
100
AcDbEntity
  8
1
100
AcDbVertex
100
AcDb2dVertex
 10
294774.0159254069
 20
158505.5816242084
 30
0.0
 70
8
  0
VERTEX
  5
3A9
330
38E
100
AcDbEntity
  8
1
100
AcDbVertex
100
AcDb2dVertex
 10
294774.0859254068
 20
158505.8371332084
 30
0.0
 70
18
  0
VERTEX
  5
3AA
330
38E
100
AcDbEntity
  8
1
100
AcDbVertex
100
AcDb2dVertex
 10
294774.0659254069
 20
158505.6558582084
 30
0.0
 70
18
  0
VERTEX
  5
3AB
330
38E
100
AcDbEntity
  8
1
100
AcDbVertex
100
AcDb2dVertex
 10
294774.0159254069
 20
158505.5816242084
 30
0.0
 70
18
  0
SEQEND
  5
3AC
330
38E
100
AcDbEntity
  8
1
  0
ARC
  5
3AD
330
2F
100
AcDbEntity
  8
1
100
AcDbCircle
 10
294773.6159254069
 20
158516.1909692084
 30
0.0
 40
3.099995999999998
100
AcDbArc
 50
309.2680969988671
 51
230.7318600006341
  0
LINE
  5
3AE
330
2F
100
AcDbEntity
  8
ALPHA
100
AcDbLine
 10
294769.4034314068
 20
158529.7899682084
 30
0.0
 11
294778.3533824069
 21
158529.7899682084
 31
0.0
  0
ARC
  5
3AF
330
2F
100
AcDbEntity
  8
1
100
AcDbCircle
 10
294770.7033584069
 20
158526.0291342084
 30
0.0
 40
2.986259999999998
100
AcDbArc
 50
262.3022959996494
 51
277.6977600002159
  0
ARC
  5
3B0
330
2F
100
AcDbEntity
  8
1
100
AcDbCircle
 10
294770.7033584069
 20
158526.0291342084
 30
0.0
 40
1.145
100
AcDbArc
 50
252.4637089996968
 51
287.5362930006793
  0
ARC
  5
3B1
330
2F
100
AcDbEntity
  8
1
100
AcDbCircle
 10
294770.7033584069
 20
158526.0291342084
 30
0.0
 40
1.145
100
AcDbArc
 50
72.4637169990274
 51
107.5363010000095
  0
ARC
  5
3B2
330
2F
100
AcDbEntity
  8
1
100
AcDbCircle
 10
294770.7033584069
 20
158526.0291342084
 30
0.0
 40
2.986259999999998
100
AcDbArc
 50
82.3022500016008
 51
97.6977139988624
  0
ARC
  5
3B3
330
2F
100
AcDbEntity
  8
1
100
AcDbCircle
 10
294770.7033584069
 20
158526.0291342084
 30
0.0
 40
3.099995999999998
100
AcDbArc
 50
245.2075890000044
 51
114.7924040009082
  0
LINE
  5
3B4
330
2F
100
AcDbEntity
  8
1
100
AcDbLine
 10
294769.4034304069
 20
158523.0814342084
 30
0.0
 11
294770.0856154069
 21
158522.8714522084
 31
0.0
  0
LINE
  5
3B5
330
2F
100
AcDbEntity
  8
1
100
AcDbLine
 10
294770.0856154069
 20
158522.8714522084
 30
0.0
 11
294770.7976474069
 21
158522.8141352084
 31
0.0
  0
LINE
  5
3B6
330
2F
100
AcDbEntity
  8
1
100
AcDbLine
 10
294770.7976474069
 20
158522.8141352084
 30
0.0
 11
294771.5051234069
 21
158522.9122512084
 31
0.0
  0
LINE
  5
3B7
330
2F
100
AcDbEntity
  8
1
100
AcDbLine
 10
294771.5051234069
 20
158522.9122512084
 30
0.0
 11
294772.1738614069
 21
158523.1610612084
 31
0.0
  0
LINE
  5
3B8
330
2F
100
AcDbEntity
  8
1
100
AcDbLine
 10
294772.1738614069
 20
158523.1610612084
 30
0.0
 11
294772.7715504069
 21
158523.5485422084
 31
0.0
  0
LINE
  5
3B9
330
2F
100
AcDbEntity
  8
1
100
AcDbLine
 10
294772.7715504069
 20
158523.5485422084
 30
0.0
 11
294773.2693124068
 21
158524.0559742084
 31
0.0
  0
LINE
  5
3BA
330
2F
100
AcDbEntity
  8
1
100
AcDbLine
 10
294773.2693124068
 20
158524.0559742084
 30
0.0
 11
294773.6430974069
 21
158524.6588382084
 31
0.0
  0
LINE
  5
3BB
330
2F
100
AcDbEntity
  8
1
100
AcDbLine
 10
294773.6430974069
 20
158524.6588382084
 30
0.0
 11
294773.8748444069
 21
158525.3280072084
 31
0.0
  0
LINE
  5
3BC
330
2F
100
AcDbEntity
  8
1
100
AcDbLine
 10
294773.8748444069
 20
158525.3280072084
 30
0.0
 11
294773.9533584069
 21
158526.0311492084
 31
0.0
  0
LINE
  5
3BD
330
2F
100
AcDbEntity
  8
1
100
AcDbLine
 10
294773.9533584069
 20
158526.0311492084
 30
0.0
 11
294773.8748444069
 21
158526.7342912084
 31
0.0
  0
LINE
  5
3BE
330
2F
100
AcDbEntity
  8
1
100
AcDbLine
 10
294773.8748444069
 20
158526.7342912084
 30
0.0
 11
294773.6430964069
 21
158527.4034602084
 31
0.0
  0
LINE
  5
3BF
330
2F
100
AcDbEntity
  8
1
100
AcDbLine
 10
294773.6430964069
 20
158527.4034602084
 30
0.0
 11
294773.2693114069
 21
158528.0063242084
 31
0.0
  0
LINE
  5
3C0
330
2F
100
AcDbEntity
  8
1
100
AcDbLine
 10
294773.2693114069
 20
158528.0063242084
 30
0.0
 11
294772.7715494069
 21
158528.5137562084
 31
0.0
  0
LINE
  5
3C1
330
2F
100
AcDbEntity
  8
1
100
AcDbLine
 10
294772.7715494069
 20
158528.5137562084
 30
0.0
 11
294772.1738604068
 21
158528.9012372084
 31
0.0
  0
LINE
  5
3C2
330
2F
100
AcDbEntity
  8
1
100
AcDbLine
 10
294772.1738604068
 20
158528.9012372084
 30
0.0
 11
294771.5051224069
 21
158529.1500462084
 31
0.0
  0
LINE
  5
3C3
330
2F
100
AcDbEntity
  8
1
100
AcDbLine
 10
294771.5051224069
 20
158529.1500462084
 30
0.0
 11
294770.7976464068
 21
158529.2481622084
 31
0.0
  0
LINE
  5
3C4
330
2F
100
AcDbEntity
  8
1
100
AcDbLine
 10
294770.7976464068
 20
158529.2481622084
 30
0.0
 11
294770.0856144068
 21
158529.1908452084
 31
0.0
  0
LINE
  5
3C5
330
2F
100
AcDbEntity
  8
1
100
AcDbLine
 10
294770.0856144068
 20
158529.1908452084
 30
0.0
 11
294769.4034294069
 21
158528.9808632084
 31
0.0
  0
LINE
  5
3C6
330
2F
100
AcDbEntity
  8
1
100
AcDbLine
 10
294769.4034304069
 20
158521.9732642084
 30
0.0
 11
294770.0856154069
 21
158521.7632832084
 31
0.0
  0
LINE
  5
3C7
330
2F
100
AcDbEntity
  8
1
100
AcDbLine
 10
294770.0856154069
 20
158521.7632832084
 30
0.0
 11
294770.7976474069
 21
158521.7059652084
 31
0.0
  0
LINE
  5
3C8
330
2F
100
AcDbEntity
  8
1
100
AcDbLine
 10
294770.7976474069
 20
158521.7059652084
 30
0.0
 11
294771.5051244069
 21
158521.8040822084
 31
0.0
  0
LINE
  5
3C9
330
2F
100
AcDbEntity
  8
1
100
AcDbLine
 10
294771.5051244069
 20
158521.8040822084
 30
0.0
 11
294772.1738624068
 21
158522.0528922084
 31
0.0
  0
LINE
  5
3CA
330
2F
100
AcDbEntity
  8
1
100
AcDbLine
 10
294772.1738624068
 20
158522.0528922084
 30
0.0
 11
294772.7715504069
 21
158522.4403732084
 31
0.0
  0
LINE
  5
3CB
330
2F
100
AcDbEntity
  8
1
100
AcDbLine
 10
294772.7715504069
 20
158522.4403732084
 30
0.0
 11
294773.2693124068
 21
158522.9478042084
 31
0.0
  0
LINE
  5
3CC
330
2F
100
AcDbEntity
  8
1
100
AcDbLine
 10
294773.2693124068
 20
158522.9478042084
 30
0.0
 11
294773.6430974069
 21
158523.5506692084
 31
0.0
  0
LINE
  5
3CD
330
2F
100
AcDbEntity
  8
1
100
AcDbLine
 10
294773.6430974069
 20
158523.5506692084
 30
0.0
 11
294773.8748444069
 21
158524.2198382084
 31
0.0
  0
LINE
  5
3CE
330
2F
100
AcDbEntity
  8
1
100
AcDbLine
 10
294773.8748444069
 20
158524.2198382084
 30
0.0
 11
294773.9533584069
 21
158524.9229802084
 31
0.0
  0
LINE
  5
3CF
330
2F
100
AcDbEntity
  8
ALPHA
100
AcDbLine
 10
294770.1266216725
 20
158504.7909754477
 30
0.0
 11
294780.8200476725
 21
158504.7909754477
 31
0.0
  0
LINE
  5
3D0
330
2F
100
AcDbEntity
  8
ALPHA
100
AcDbLine
 10
294748.2034344069
 20
158529.7899682084
 30
0.0
 11
294764.7034344069
 21
158529.7899682084
 31
0.0
  0
ARC
  5
3D1
330
2F
100
AcDbEntity
  8
ALPHA
100
AcDbCircle
 10
294756.4534344069
 20
158544.4909722084
 30
0.0
 40
18.499992
100
AcDbArc
 50
251.0753769988671
 51
288.9246790017256
  0
LINE
  5
3D2
330
2F
100
AcDbEntity
  8
ALPHA
100
AcDbLine
 10
294738.9534344069
 20
158526.9909762084
 30
0.0
 11
294750.4534344068
 21
158526.9909762084
 31
0.0
  0
ARC
  5
3D3
330
2F
100
AcDbEntity
  8
ALPHA
100
AcDbCircle
 10
294737.8783924068
 20
158530.7899682084
 30
0.0
 40
1.0
100
AcDbArc
 50
179.9999639997671
 51
270.0000010005159
  0
LINE
  5
3D4
330
2F
100
AcDbEntity
  8
ALPHA
100
AcDbLine
 10
294737.0005534068
 20
158526.5465142084
 30
0.0
 11
294737.0005534068
 21
158529.7909602084
 31
0.0
  0
LINE
  5
3D5
330
2F
100
AcDbEntity
  8
ALPHA
100
AcDbLine
 10
294769.5659224068
 20
158519.5909482084
 30
0.0
 11
294769.5659224068
 21
158505.3301902084
 31
0.0
  0
LINE
  5
3D6
330
2F
100
AcDbEntity
  8
ALPHA
100
AcDbLine
 10
294768.4534344069
 20
158508.4685762084
 30
0.0
 11
294768.4534344069
 21
158526.4909762084
 31
0.0
  0
LINE
  5
3D7
330
2F
100
AcDbEntity
  8
ALPHA
100
AcDbLine
 10
294766.3289691725
 20
158508.4569299477
 30
0.0
 11
294766.8799941725
 21
158508.4650424477
 31
0.0
  0
LINE
  5
3D8
330
2F
100
AcDbEntity
  8
ALPHA
100
AcDbLine
 10
294766.8799941725
 20
158508.4650424477
 30
0.0
 11
294767.3695066725
 21
158508.4812199477
 31
0.0
  0
LINE
  5
3D9
330
2F
100
AcDbEntity
  8
ALPHA
100
AcDbLine
 10
294767.3695066725
 20
158508.4812199477
 30
0.0
 11
294767.7443151725
 21
158508.5035949477
 31
0.0
  0
LINE
  5
3DA
330
2F
100
AcDbEntity
  8
ALPHA
100
AcDbLine
 10
294767.7443151725
 20
158508.5035949477
 30
0.0
 11
294767.9870701724
 21
158508.5311364477
 31
0.0
  0
LINE
  5
3DB
330
2F
100
AcDbEntity
  8
ALPHA
100
AcDbLine
 10
294767.9870701724
 20
158508.5311364477
 30
0.0
 11
294768.0691571725
 21
158508.5608574477
 31
0.0
  0
LINE
  5
3DC
330
2F
100
AcDbEntity
  8
ALPHA
100
AcDbLine
 10
294769.4534344069
 20
158507.2909752084
 30
0.0
 11
294769.4534344069
 21
158505.7909752084
 31
0.0
  0
ARC
  5
3DD
330
2F
100
AcDbEntity
  8
ALPHA
100
AcDbCircle
 10
294770.4534344069
 20
158505.7909752084
 30
0.0
 40
1.0
100
AcDbArc
 50
179.9999639997671
 51
270.0000010005159
  0
LINE
  5
3DE
330
2F
100
AcDbEntity
  8
ALPHA
100
AcDbLine
 10
294768.0691571725
 20
158508.6764149477
 30
0.0
 11
294768.0691571725
 21
158508.5608574477
 31
0.0
  0
LINE
  5
3DF
330
2F
100
AcDbEntity
  8
ALPHA
100
AcDbLine
 10
294769.4775121724
 20
158505.4400844477
 30
0.0
 11
294769.4775121724
 21
158508.1418659477
 31
0.0
  0
LINE
  5
3E0
330
2F
100
AcDbEntity
  8
ALPHA
100
AcDbLine
 10
294768.0691571725
 20
158508.6764149477
 30
0.0
 11
294768.7138431724
 21
158508.6764149477
 31
0.0
  0
LINE
  5
3E1
330
2F
100
AcDbEntity
  8
ALPHA
100
AcDbLine
 10
294768.7138431724
 20
158508.6764149477
 30
0.0
 11
294768.7939356725
 21
158508.6727054477
 31
0.0
  0
LINE
  5
3E2
330
2F
100
AcDbEntity
  8
ALPHA
100
AcDbLine
 10
294768.7939356725
 20
158508.6727054477
 30
0.0
 11
294768.8703456725
 21
158508.6624664477
 31
0.0
  0
LINE
  5
3E3
330
2F
100
AcDbEntity
  8
ALPHA
100
AcDbLine
 10
294768.8703456725
 20
158508.6624664477
 30
0.0
 11
294768.9370801724
 21
158508.6482599477
 31
0.0
  0
LINE
  5
3E4
330
2F
100
AcDbEntity
  8
ALPHA
100
AcDbLine
 10
294768.9370801724
 20
158508.6482599477
 30
0.0
 11
294768.9942701725
 21
158508.6321119477
 31
0.0
  0
LINE
  5
3E5
330
2F
100
AcDbEntity
  8
ALPHA
100
AcDbLine
 10
294768.9942701725
 20
158508.6321119477
 30
0.0
 11
294769.0475781724
 21
158508.6136169477
 31
0.0
  0
LINE
  5
3E6
330
2F
100
AcDbEntity
  8
ALPHA
100
AcDbLine
 10
294769.0475781724
 20
158508.6136169477
 30
0.0
 11
294769.0980621724
 21
158508.5928474477
 31
0.0
  0
LINE
  5
3E7
330
2F
100
AcDbEntity
  8
ALPHA
100
AcDbLine
 10
294769.0980621724
 20
158508.5928474477
 30
0.0
 11
294769.1460831724
 21
158508.5699064477
 31
0.0
  0
LINE
  5
3E8
330
2F
100
AcDbEntity
  8
ALPHA
100
AcDbLine
 10
294769.1460831724
 20
158508.5699064477
 30
0.0
 11
294769.1918886725
 21
158508.5448264477
 31
0.0
  0
LINE
  5
3E9
330
2F
100
AcDbEntity
  8
ALPHA
100
AcDbLine
 10
294769.1918886725
 20
158508.5448264477
 30
0.0
 11
294769.2359941725
 21
158508.5173444477
 31
0.0
  0
LINE
  5
3EA
330
2F
100
AcDbEntity
  8
ALPHA
100
AcDbLine
 10
294769.2359941725
 20
158508.5173444477
 30
0.0
 11
294769.2785136725
 21
158508.4872669477
 31
0.0
  0
LINE
  5
3EB
330
2F
100
AcDbEntity
  8
ALPHA
100
AcDbLine
 10
294769.2785136725
 20
158508.4872669477
 30
0.0
 11
294769.3193731725
 21
158508.4544084477
 31
0.0
  0
LINE
  5
3EC
330
2F
100
AcDbEntity
  8
ALPHA
100
AcDbLine
 10
294769.3193731725
 20
158508.4544084477
 30
0.0
 11
294769.3583586724
 21
158508.4185824477
 31
0.0
  0
LINE
  5
3ED
330
2F
100
AcDbEntity
  8
ALPHA
100
AcDbLine
 10
294769.3583586724
 20
158508.4185824477
 30
0.0
 11
294769.3951771725
 21
158508.3795419477
 31
0.0
  0
LINE
  5
3EE
330
2F
100
AcDbEntity
  8
ALPHA
100
AcDbLine
 10
294769.3951771725
 20
158508.3795419477
 30
0.0
 11
294769.4293421724
 21
158508.3370739477
 31
0.0
  0
LINE
  5
3EF
330
2F
100
AcDbEntity
  8
ALPHA
100
AcDbLine
 10
294769.4293421724
 20
158508.3370739477
 30
0.0
 11
294769.4601916724
 21
158508.2909754477
 31
0.0
  0
LINE
  5
3F0
330
2F
100
AcDbEntity
  8
ALPHA
100
AcDbLine
 10
294769.4601916724
 20
158508.2909754477
 30
0.0
 11
294769.4697931725
 21
158508.2417904477
 31
0.0
  0
LINE
  5
3F1
330
2F
100
AcDbEntity
  8
ALPHA
100
AcDbLine
 10
294769.4697931725
 20
158508.2417904477
 30
0.0
 11
294769.4755791724
 21
158508.1919884477
 31
0.0
  0
LINE
  5
3F2
330
2F
100
AcDbEntity
  8
ALPHA
100
AcDbLine
 10
294769.4755791724
 20
158508.1919884477
 30
0.0
 11
294769.4775121724
 21
158508.1418659477
 31
0.0
  0
LINE
  5
3F3
330
2F
100
AcDbEntity
  8
ALPHA
100
AcDbLine
 10
294769.4775121724
 20
158505.4400844477
 30
0.0
 11
294769.5093411725
 21
158505.2391229477
 31
0.0
  0
LINE
  5
3F4
330
2F
100
AcDbEntity
  8
ALPHA
100
AcDbLine
 10
294769.5093411725
 20
158505.2391229477
 30
0.0
 11
294769.6014801725
 21
158505.0583114477
 31
0.0
  0
LINE
  5
3F5
330
2F
100
AcDbEntity
  8
ALPHA
100
AcDbLine
 10
294769.6014801725
 20
158505.0583114477
 30
0.0
 11
294769.7448486724
 21
158504.9149429477
 31
0.0
  0
LINE
  5
3F6
330
2F
100
AcDbEntity
  8
ALPHA
100
AcDbLine
 10
294769.7448486724
 20
158504.9149429477
 30
0.0
 11
294769.9256601725
 21
158504.8228039477
 31
0.0
  0
LINE
  5
3F7
330
2F
100
AcDbEntity
  8
ALPHA
100
AcDbLine
 10
294769.9256601725
 20
158504.8228039477
 30
0.0
 11
294770.1266216725
 21
158504.7909754477
 31
0.0
  0
LINE
  5
3F8
330
2F
100
AcDbEntity
  8
1
100
AcDbLine
 10
294770.2143144068
 20
158523.5519462084
 30
0.0
 11
294770.2143144068
 21
158524.7986502084
 31
0.0
  0
LINE
  5
3F9
330
2F
100
AcDbEntity
  8
1
100
AcDbLine
 10
294770.2143144068
 20
158523.5519462084
 30
0.0
 11
294770.2165644069
 21
158523.5236582084
 31
0.0
  0
LINE
  5
3FA
330
2F
100
AcDbEntity
  8
1
100
AcDbLine
 10
294770.2165644069
 20
158523.5236582084
 30
0.0
 11
294770.2192434069
 21
158523.4954792084
 31
0.0
  0
LINE
  5
3FB
330
2F
100
AcDbEntity
  8
1
100
AcDbLine
 10
294770.2192434069
 20
158523.4954792084
 30
0.0
 11
294770.2221564069
 21
158523.4673492084
 31
0.0
  0
LINE
  5
3FC
330
2F
100
AcDbEntity
  8
1
100
AcDbLine
 10
294770.2221564069
 20
158523.4673492084
 30
0.0
 11
294770.2251074069
 21
158523.4392062084
 31
0.0
  0
LINE
  5
3FD
330
2F
100
AcDbEntity
  8
1
100
AcDbLine
 10
294770.2251074069
 20
158523.4392062084
 30
0.0
 11
294770.2278984069
 21
158523.4109892084
 31
0.0
  0
LINE
  5
3FE
330
2F
100
AcDbEntity
  8
1
100
AcDbLine
 10
294770.2278984069
 20
158523.4109892084
 30
0.0
 11
294770.2303354068
 21
158523.3826392084
 31
0.0
  0
LINE
  5
3FF
330
2F
100
AcDbEntity
  8
1
100
AcDbLine
 10
294770.2303354068
 20
158523.3826392084
 30
0.0
 11
294770.2322204068
 21
158523.3540932084
 31
0.0
  0
LINE
  5
400
330
2F
100
AcDbEntity
  8
1
100
AcDbLine
 10
294770.2322204068
 20
158523.3540932084
 30
0.0
 11
294770.2333574069
 21
158523.3252922084
 31
0.0
  0
LINE
  5
401
330
2F
100
AcDbEntity
  8
1
100
AcDbLine
 10
294770.2333574069
 20
158523.3252922084
 30
0.0
 11
294770.2336824069
 21
158523.3020012084
 31
0.0
  0
LINE
  5
402
330
2F
100
AcDbEntity
  8
1
100
AcDbLine
 10
294770.2336824069
 20
158523.3020012084
 30
0.0
 11
294770.2338104069
 21
158523.2786342084
 31
0.0
  0
LINE
  5
403
330
2F
100
AcDbEntity
  8
1
100
AcDbLine
 10
294770.2338104069
 20
158523.2786342084
 30
0.0
 11
294770.2341504069
 21
158523.2553192084
 31
0.0
  0
LINE
  5
404
330
2F
100
AcDbEntity
  8
1
100
AcDbLine
 10
294770.2341504069
 20
158523.2553192084
 30
0.0
 11
294770.2351124068
 21
158523.2321862084
 31
0.0
  0
LINE
  5
405
330
2F
100
AcDbEntity
  8
1
100
AcDbLine
 10
294770.2351124068
 20
158523.2321862084
 30
0.0
 11
294770.2371054069
 21
158523.2093612084
 31
0.0
  0
LINE
  5
406
330
2F
100
AcDbEntity
  8
1
100
AcDbLine
 10
294770.2371054069
 20
158523.2093612084
 30
0.0
 11
294770.2405384069
 21
158523.1869732084
 31
0.0
  0
LINE
  5
407
330
2F
100
AcDbEntity
  8
1
100
AcDbLine
 10
294770.2405384069
 20
158523.1869732084
 30
0.0
 11
294770.2458204068
 21
158523.1651492084
 31
0.0
  0
LINE
  5
408
330
2F
100
AcDbEntity
  8
1
100
AcDbLine
 10
294770.2458204068
 20
158523.1651492084
 30
0.0
 11
294770.2533614069
 21
158523.1440182084
 31
0.0
  0
LINE
  5
409
330
2F
100
AcDbEntity
  8
1
100
AcDbLine
 10
294770.2533614069
 20
158523.1440182084
 30
0.0
 11
294770.2579944069
 21
158523.1339392084
 31
0.0
  0
LINE
  5
40A
330
2F
100
AcDbEntity
  8
1
100
AcDbLine
 10
294770.2579944069
 20
158523.1339392084
 30
0.0
 11
294770.2632104069
 21
158523.1240682084
 31
0.0
  0
LINE
  5
40B
330
2F
100
AcDbEntity
  8
1
100
AcDbLine
 10
294770.2632104069
 20
158523.1240682084
 30
0.0
 11
294770.2689494069
 21
158523.1144152084
 31
0.0
  0
LINE
  5
40C
330
2F
100
AcDbEntity
  8
1
100
AcDbLine
 10
294770.2689494069
 20
158523.1144152084
 30
0.0
 11
294770.2751494069
 21
158523.1049912084
 31
0.0
  0
LINE
  5
40D
330
2F
100
AcDbEntity
  8
1
100
AcDbLine
 10
294770.2751494069
 20
158523.1049912084
 30
0.0
 11
294770.2817514068
 21
158523.0958062084
 31
0.0
  0
LINE
  5
40E
330
2F
100
AcDbEntity
  8
1
100
AcDbLine
 10
294770.2817514068
 20
158523.0958062084
 30
0.0
 11
294770.2886944069
 21
158523.0868692084
 31
0.0
  0
LINE
  5
40F
330
2F
100
AcDbEntity
  8
1
100
AcDbLine
 10
294770.2886944069
 20
158523.0868692084
 30
0.0
 11
294770.2959194069
 21
158523.0781922084
 31
0.0
  0
LINE
  5
410
330
2F
100
AcDbEntity
  8
1
100
AcDbLine
 10
294770.2959194069
 20
158523.0781922084
 30
0.0
 11
294770.3033644069
 21
158523.0697842084
 31
0.0
  0
LINE
  5
411
330
2F
100
AcDbEntity
  8
ALPHA
100
AcDbLine
 10
294764.7034344069
 20
158530.7909752084
 30
0.0
 11
294769.4034314068
 21
158530.7909752084
 31
0.0
  0
LINE
  5
412
330
2F
100
AcDbEntity
  8
ALPHA
100
AcDbLine
 10
294762.4534344069
 20
158526.9909762084
 30
0.0
 11
294767.9534344068
 21
158526.9909762084
 31
0.0
  0
LINE
  5
413
330
2F
100
AcDbEntity
  8
1
100
AcDbLine
 10
294770.2143144068
 20
158528.5063232084
 30
0.0
 11
294770.2165644069
 21
158528.5346102084
 31
0.0
  0
LINE
  5
414
330
2F
100
AcDbEntity
  8
1
100
AcDbLine
 10
294770.2165644069
 20
158528.5346102084
 30
0.0
 11
294770.2192434069
 21
158528.5627892084
 31
0.0
  0
LINE
  5
415
330
2F
100
AcDbEntity
  8
1
100
AcDbLine
 10
294770.2192434069
 20
158528.5627892084
 30
0.0
 11
294770.2221564069
 21
158528.5909202084
 31
0.0
  0
LINE
  5
416
330
2F
100
AcDbEntity
  8
1
100
AcDbLine
 10
294770.2221564069
 20
158528.5909202084
 30
0.0
 11
294770.2251074069
 21
158528.6190632084
 31
0.0
  0
LINE
  5
417
330
2F
100
AcDbEntity
  8
1
100
AcDbLine
 10
294770.2251074069
 20
158528.6190632084
 30
0.0
 11
294770.2278984069
 21
158528.6472792084
 31
0.0
  0
LINE
  5
418
330
2F
100
AcDbEntity
  8
1
100
AcDbLine
 10
294770.2278984069
 20
158528.6472792084
 30
0.0
 11
294770.2303354068
 21
158528.6756302084
 31
0.0
  0
LINE
  5
419
330
2F
100
AcDbEntity
  8
1
100
AcDbLine
 10
294770.2303354068
 20
158528.6756302084
 30
0.0
 11
294770.2322204068
 21
158528.7041752084
 31
0.0
  0
LINE
  5
41A
330
2F
100
AcDbEntity
  8
1
100
AcDbLine
 10
294770.2322204068
 20
158528.7041752084
 30
0.0
 11
294770.2333574069
 21
158528.7329772084
 31
0.0
  0
LINE
  5
41B
330
2F
100
AcDbEntity
  8
1
100
AcDbLine
 10
294770.2333574069
 20
158528.7329772084
 30
0.0
 11
294770.2336824069
 21
158528.7562682084
 31
0.0
  0
LINE
  5
41C
330
2F
100
AcDbEntity
  8
1
100
AcDbLine
 10
294770.2336824069
 20
158528.7562682084
 30
0.0
 11
294770.2338104069
 21
158528.7796352084
 31
0.0
  0
LINE
  5
41D
330
2F
100
AcDbEntity
  8
1
100
AcDbLine
 10
294770.2338104069
 20
158528.7796352084
 30
0.0
 11
294770.2341504069
 21
158528.8029492084
 31
0.0
  0
LINE
  5
41E
330
2F
100
AcDbEntity
  8
1
100
AcDbLine
 10
294770.2341504069
 20
158528.8029492084
 30
0.0
 11
294770.2351124068
 21
158528.8260832084
 31
0.0
  0
LINE
  5
41F
330
2F
100
AcDbEntity
  8
1
100
AcDbLine
 10
294770.2351124068
 20
158528.8260832084
 30
0.0
 11
294770.2371054069
 21
158528.8489082084
 31
0.0
  0
LINE
  5
420
330
2F
100
AcDbEntity
  8
1
100
AcDbLine
 10
294770.2371054069
 20
158528.8489082084
 30
0.0
 11
294770.2405384069
 21
158528.8712962084
 31
0.0
  0
LINE
  5
421
330
2F
100
AcDbEntity
  8
1
100
AcDbLine
 10
294770.2405384069
 20
158528.8712962084
 30
0.0
 11
294770.2458204068
 21
158528.8931202084
 31
0.0
  0
LINE
  5
422
330
2F
100
AcDbEntity
  8
1
100
AcDbLine
 10
294770.2458204068
 20
158528.8931202084
 30
0.0
 11
294770.2533614069
 21
158528.9142512084
 31
0.0
  0
LINE
  5
423
330
2F
100
AcDbEntity
  8
1
100
AcDbLine
 10
294770.2533614069
 20
158528.9142512084
 30
0.0
 11
294770.2579944069
 21
158528.9243302084
 31
0.0
  0
LINE
  5
424
330
2F
100
AcDbEntity
  8
1
100
AcDbLine
 10
294770.2579944069
 20
158528.9243302084
 30
0.0
 11
294770.2632104069
 21
158528.9342012084
 31
0.0
  0
LINE
  5
425
330
2F
100
AcDbEntity
  8
1
100
AcDbLine
 10
294770.2632104069
 20
158528.9342012084
 30
0.0
 11
294770.2689494069
 21
158528.9438542084
 31
0.0
  0
LINE
  5
426
330
2F
100
AcDbEntity
  8
1
100
AcDbLine
 10
294770.2689494069
 20
158528.9438542084
 30
0.0
 11
294770.2751494069
 21
158528.9532782084
 31
0.0
  0
LINE
  5
427
330
2F
100
AcDbEntity
  8
1
100
AcDbLine
 10
294770.2751494069
 20
158528.9532782084
 30
0.0
 11
294770.2817514068
 21
158528.9624632084
 31
0.0
  0
LINE
  5
428
330
2F
100
AcDbEntity
  8
1
100
AcDbLine
 10
294770.2817514068
 20
158528.9624632084
 30
0.0
 11
294770.2886944069
 21
158528.9714002084
 31
0.0
  0
LINE
  5
429
330
2F
100
AcDbEntity
  8
1
100
AcDbLine
 10
294770.2886944069
 20
158528.9714002084
 30
0.0
 11
294770.2959194069
 21
158528.9800772084
 31
0.0
  0
LINE
  5
42A
330
2F
100
AcDbEntity
  8
1
100
AcDbLine
 10
294770.2959194069
 20
158528.9800772084
 30
0.0
 11
294770.3033644069
 21
158528.9884852084
 31
0.0
  0
ARC
  5
42B
330
2F
100
AcDbEntity
  8
1
100
AcDbCircle
 10
294770.7033584069
 20
158526.0291342084
 30
0.0
 40
1.145
100
AcDbArc
 50
162.4636450006988
 51
197.5362289995889
  0
LINE
  5
42C
330
2F
100
AcDbEntity
  8
1
100
AcDbLine
 10
294770.1730314069
 20
158526.5594572084
 30
0.0
 11
294770.3583574069
 21
158527.1209082084
 31
0.0
  0
LINE
  5
42D
330
2F
100
AcDbEntity
  8
1
100
AcDbLine
 10
294769.6115724069
 20
158526.3741552084
 30
0.0
 11
294770.1730244069
 21
158526.5594802084
 31
0.0
  0
LINE
  5
42E
330
2F
100
AcDbEntity
  8
1
100
AcDbLine
 10
294769.6115704069
 20
158525.6841292084
 30
0.0
 11
294770.1730364069
 21
158525.4987962084
 31
0.0
  0
LINE
  5
42F
330
2F
100
AcDbEntity
  8
1
100
AcDbLine
 10
294770.1730274069
 20
158525.4988192084
 30
0.0
 11
294770.3583534069
 21
158524.9373642084
 31
0.0
  0
LINE
  5
430
330
2F
100
AcDbEntity
  8
1
100
AcDbLine
 10
294770.0276944069
 20
158526.6995222084
 30
0.0
 11
294770.2143304069
 21
158527.2649442084
 31
0.0
  0
LINE
  5
431
330
2F
100
AcDbEntity
  8
1
100
AcDbLine
 10
294769.4034314068
 20
158526.4934822084
 30
0.0
 11
294770.0276824069
 21
158526.6995372084
 31
0.0
  0
LINE
  5
432
330
2F
100
AcDbEntity
  8
1
100
AcDbLine
 10
294770.0303124069
 20
158525.3561192084
 30
0.0
 11
294770.2156424069
 21
158524.7946532084
 31
0.0
  0
LINE
  5
433
330
2F
100
AcDbEntity
  8
1
100
AcDbLine
 10
294769.4034194069
 20
158525.5630172084
 30
0.0
 11
294770.0303214069
 21
158525.3560882084
 31
0.0
  0
LINE
  5
434
330
2F
100
AcDbEntity
  8
1
100
AcDbLine
 10
294770.2143144068
 20
158527.2649742084
 30
0.0
 11
294770.2143144068
 21
158528.5063232084
 31
0.0
  0
LINE
  5
435
330
2F
100
AcDbEntity
  8
1
100
AcDbLine
 10
294769.4034404069
 20
158525.6732312084
 30
0.0
 11
294769.6115744068
 21
158525.6841372084
 31
0.0
  0
LINE
  5
436
330
2F
100
AcDbEntity
  8
1
100
AcDbLine
 10
294769.4034464069
 20
158526.3850572084
 30
0.0
 11
294769.6115804069
 21
158526.3741512084
 31
0.0
  0
ARC
  5
437
330
2F
100
AcDbEntity
  8
ALPHA
100
AcDbCircle
 10
294767.9534344068
 20
158526.4909762084
 30
0.0
 40
0.5
100
AcDbArc
 50
1.00185001302e-05
 51
89.99998900099418
  0
LINE
  5
438
330
2F
100
AcDbEntity
  8
ALPHA
100
AcDbLine
 10
294781.4691571725
 20
158504.1418659477
 30
0.0
 11
294781.4534346725
 21
158491.2909754477
 31
0.0
  0
POINT
  5
439
330
2F
100
AcDbEntity
  8
ALPHA
100
AcDbPoint
 10
294781.4534344069
 20
158476.7909752084
 30
0.0
  0
LINE
  5
43A
330
2F
100
AcDbEntity
  8
ALPHA
100
AcDbLine
 10
294777.8284344069
 20
158519.7909752084
 30
0.0
 11
294777.8284344069
 21
158504.7909752084
 31
0.0
  0
LINE
  5
43B
330
2F
100
AcDbEntity
  8
ALPHA
100
AcDbLine
 10
294777.6659134068
 20
158519.5909482084
 30
0.0
 11
294777.6659134068
 21
158504.7909752084
 31
0.0
  0
LINE
  5
43C
330
2F
100
AcDbEntity
  8
1
100
AcDbLine
 10
294774.707724407
 20
158516.5359552084
 30
0.0
 11
294774.1462584069
 21
158516.7212852084
 31
0.0
  0
LINE
  5
43D
330
2F
100
AcDbEntity
  8
1
100
AcDbLine
 10
294772.5241364069
 20
158516.5359892084
 30
0.0
 11
294773.0855884069
 21
158516.7213152084
 31
0.0
  0
LINE
  5
43E
330
2F
100
AcDbEntity
  8
1
100
AcDbLine
 10
294772.3827684069
 20
158516.6773542084
 30
0.0
 11
294771.5031744069
 21
158516.5894832084
 31
0.0
  0
LINE
  5
43F
330
2F
100
AcDbEntity
  8
1
100
AcDbLine
 10
294775.7286774069
 20
158516.5894792084
 30
0.0
 11
294774.8490984069
 21
158516.6773512084
 31
0.0
  0
LINE
  5
440
330
2F
100
AcDbEntity
  8
ALPHA
100
AcDbLine
 10
294777.8284344069
 20
158514.7909752084
 30
0.0
 11
294780.4534344069
 21
158514.7909752084
 31
0.0
  0
LINE
  5
441
330
2F
100
AcDbEntity
  8
1
100
AcDbLine
 10
294774.7077134069
 20
158515.8459722084
 30
0.0
 11
294775.9300504069
 21
158515.7819122084
 31
0.0
  0
LINE
  5
442
330
2F
100
AcDbEntity
  8
1
100
AcDbLine
 10
294774.7077184068
 20
158516.5359822084
 30
0.0
 11
294775.9300554068
 21
158516.6000422084
 31
0.0
  0
LINE
  5
443
330
2F
100
AcDbEntity
  8
1
100
AcDbLine
 10
294775.7286814069
 20
158515.7924742084
 30
0.0
 11
294774.8504484069
 21
158515.7032682084
 31
0.0
  0
LINE
  5
444
330
2F
100
AcDbEntity
  8
1
100
AcDbLine
 10
294773.1159254069
 20
158514.7909752084
 30
0.0
 11
294774.1159254069
 21
158514.7909752084
 31
0.0
  0
LINE
  5
445
330
2F
100
AcDbEntity
  8
1
100
AcDbLine
 10
294773.1159314069
 20
158514.7909682084
 30
0.0
 11
294772.8659354069
 21
158513.7909792084
 31
0.0
  0
LINE
  5
446
330
2F
100
AcDbEntity
  8
1
100
AcDbLine
 10
294774.3659204068
 20
158513.7909792084
 30
0.0
 11
294774.1159244069
 21
158514.7909642084
 31
0.0
  0
ARC
  5
447
330
2F
100
AcDbEntity
  8
1
100
AcDbCircle
 10
294773.6159254069
 20
158516.1909692084
 30
0.0
 40
1.145
100
AcDbArc
 50
162.4636450006988
 51
197.5362289995889
  0
ARC
  5
448
330
2F
100
AcDbEntity
  8
1
100
AcDbCircle
 10
294773.6159254069
 20
158516.1909692084
 30
0.0
 40
1.145
100
AcDbArc
 50
252.4637089996968
 51
287.5362930006793
  0
ARC
  5
449
330
2F
100
AcDbEntity
  8
1
100
AcDbCircle
 10
294773.6159254069
 20
158516.1909692084
 30
0.0
 40
1.145
100
AcDbArc
 50
342.4637450009557
 51
17.53632899984216
  0
LINE
  5
44A
330
2F
100
AcDbEntity
  8
1
100
AcDbLine
 10
294772.5241354068
 20
158515.8459792084
 30
0.0
 11
294773.0856014068
 21
158515.6606462084
 31
0.0
  0
LINE
  5
44B
330
2F
100
AcDbEntity
  8
1
100
AcDbLine
 10
294773.0855914069
 20
158515.6606542084
 30
0.0
 11
294773.2709164069
 21
158515.0992032084
 31
0.0
  0
LINE
  5
44C
330
2F
100
AcDbEntity
  8
1
100
AcDbLine
 10
294773.9609384068
 20
158515.0991762084
 30
0.0
 11
294774.1462624069
 21
158515.6606312084
 31
0.0
  0
LINE
  5
44D
330
2F
100
AcDbEntity
  8
1
100
AcDbLine
 10
294774.1462434068
 20
158515.6606582084
 30
0.0
 11
294774.7077094069
 21
158515.8459872084
 31
0.0
  0
LINE
  5
44E
330
2F
100
AcDbEntity
  8
1
100
AcDbLine
 10
294774.2889574069
 20
158515.5179462084
 30
0.0
 11
294774.8504094069
 21
158515.7032752084
 31
0.0
  0
LINE
  5
44F
330
2F
100
AcDbEntity
  8
1
100
AcDbLine
 10
294774.1036484068
 20
158514.9564642084
 30
0.0
 11
294774.2889734069
 21
158515.5179152084
 31
0.0
  0
LINE
  5
450
330
2F
100
AcDbEntity
  8
1
100
AcDbLine
 10
294772.9428754069
 20
158515.5179542084
 30
0.0
 11
294773.1282064069
 21
158514.9564872084
 31
0.0
  0
LINE
  5
451
330
2F
100
AcDbEntity
  8
1
100
AcDbLine
 10
294772.3814354069
 20
158515.7032642084
 30
0.0
 11
294772.9428874069
 21
158515.5179382084
 31
0.0
  0
ARC
  5
452
330
2F
100
AcDbEntity
  8
1
100
AcDbCircle
 10
294773.6159254069
 20
158516.1909692084
 30
0.0
 40
2.349997999999998
100
AcDbArc
 50
169.9754869995634
 51
190.0243320003163
  0
LINE
  5
453
330
2F
100
AcDbEntity
  8
1
100
AcDbLine
 10
294771.3018114068
 20
158515.7819152084
 30
0.0
 11
294772.5241484069
 21
158515.8459762084
 31
0.0
  0
LINE
  5
454
330
2F
100
AcDbEntity
  8
1
100
AcDbLine
 10
294771.3018064069
 20
158516.6000382084
 30
0.0
 11
294772.5241434069
 21
158516.5359782084
 31
0.0
  0
LINE
  5
455
330
2F
100
AcDbEntity
  8
1
100
AcDbLine
 10
294772.3814314068
 20
158515.7032682084
 30
0.0
 11
294771.5031984069
 21
158515.7924712084
 31
0.0
  0
ARC
  5
456
330
2F
100
AcDbEntity
  8
1
100
AcDbCircle
 10
294773.6159254069
 20
158516.1909692084
 30
0.0
 40
2.349997999999998
100
AcDbArc
 50
349.9756690003345
 51
10.02451500009549
  0
ARC
  5
457
330
2F
100
AcDbEntity
  8
ALPHA
100
AcDbCircle
 10
294780.4534344069
 20
158503.7909752084
 30
0.0
 40
1.0
100
AcDbArc
 50
0.0
 51
89.99998200071731
  0
LINE
  5
458
330
2F
100
AcDbEntity
  8
ALPHA
100
AcDbLine
 10
294780.8200476725
 20
158504.7909754477
 30
0.0
 11
294781.0210091724
 21
158504.7591464477
 31
0.0
  0
LINE
  5
459
330
2F
100
AcDbEntity
  8
ALPHA
100
AcDbLine
 10
294781.0210091724
 20
158504.7591464477
 30
0.0
 11
294781.2018206724
 21
158504.6670074477
 31
0.0
  0
LINE
  5
45A
330
2F
100
AcDbEntity
  8
ALPHA
100
AcDbLine
 10
294781.2018206724
 20
158504.6670074477
 30
0.0
 11
294781.3451891724
 21
158504.5236389477
 31
0.0
  0
LINE
  5
45B
330
2F
100
AcDbEntity
  8
ALPHA
100
AcDbLine
 10
294781.3451891724
 20
158504.5236389477
 30
0.0
 11
294781.4373281725
 21
158504.3428279477
 31
0.0
  0
LINE
  5
45C
330
2F
100
AcDbEntity
  8
ALPHA
100
AcDbLine
 10
294781.4373281725
 20
158504.3428279477
 30
0.0
 11
294781.4691571725
 21
158504.1418659477
 31
0.0
  0
LINE
  5
45D
330
2F
100
AcDbEntity
  8
ALPHA
100
AcDbLine
 10
294780.9534344069
 20
158514.2909752084
 30
0.0
 11
294781.4534344069
 21
158514.2909752084
 31
0.0
  0
LINE
  5
45E
330
2F
100
AcDbEntity
  8
ALPHA
100
AcDbLine
 10
294780.9534314068
 20
158514.2909872084
 30
0.0
 11
294780.4534254069
 21
158514.7909792084
 31
0.0
  0
LINE
  5
45F
330
2F
100
AcDbEntity
  8
ALPHA
100
AcDbLine
 10
294777.8284344069
 20
158519.7909752084
 30
0.0
 11
294780.4534194069
 21
158519.7909752084
 31
0.0
  0
LINE
  5
460
330
2F
100
AcDbEntity
  8
ALPHA
100
AcDbLine
 10
294775.0005084069
 20
158529.7899832084
 30
0.0
 11
294775.0005084069
 21
158519.5909482084
 31
0.0
  0
LINE
  5
461
330
2F
100
AcDbEntity
  8
1
100
AcDbLine
 10
294771.1910594069
 20
158523.5516872084
 30
0.0
 11
294771.1910594069
 21
158524.7946372084
 31
0.0
  0
LINE
  5
462
330
2F
100
AcDbEntity
  8
ALPHA
100
AcDbLine
 10
294775.0005084069
 20
158520.7909752084
 30
0.0
 11
294778.8533824068
 21
158520.7909752084
 31
0.0
  0
LINE
  5
463
330
2F
100
AcDbEntity
  8
1
100
AcDbLine
 10
294774.1036274069
 20
158518.6684322084
 30
0.0
 11
294774.1016254068
 21
158518.6966912084
 31
0.0
  0
LINE
  5
464
330
2F
100
AcDbEntity
  8
1
100
AcDbLine
 10
294774.1016254068
 20
158518.6966912084
 30
0.0
 11
294774.0991754069
 21
158518.7248402084
 31
0.0
  0
LINE
  5
465
330
2F
100
AcDbEntity
  8
1
100
AcDbLine
 10
294774.0991754069
 20
158518.7248402084
 30
0.0
 11
294774.0964714068
 21
158518.7529392084
 31
0.0
  0
LINE
  5
466
330
2F
100
AcDbEntity
  8
1
100
AcDbLine
 10
294774.0964714068
 20
158518.7529392084
 30
0.0
 11
294774.0937074069
 21
158518.7810492084
 31
0.0
  0
LINE
  5
467
330
2F
100
AcDbEntity
  8
1
100
AcDbLine
 10
294774.0937074069
 20
158518.7810492084
 30
0.0
 11
294774.0910764069
 21
158518.8092312084
 31
0.0
  0
LINE
  5
468
330
2F
100
AcDbEntity
  8
1
100
AcDbLine
 10
294774.0910764069
 20
158518.8092312084
 30
0.0
 11
294774.0887734069
 21
158518.8375452084
 31
0.0
  0
LINE
  5
469
330
2F
100
AcDbEntity
  8
1
100
AcDbLine
 10
294774.0887734069
 20
158518.8375452084
 30
0.0
 11
294774.0869924068
 21
158518.8660522084
 31
0.0
  0
LINE
  5
46A
330
2F
100
AcDbEntity
  8
1
100
AcDbLine
 10
294774.0869924068
 20
158518.8660522084
 30
0.0
 11
294774.0859264069
 21
158518.8948112084
 31
0.0
  0
LINE
  5
46B
330
2F
100
AcDbEntity
  8
1
100
AcDbLine
 10
294774.0859264069
 20
158518.8948112084
 30
0.0
 11
294774.0856354069
 21
158518.9181062084
 31
0.0
  0
LINE
  5
46C
330
2F
100
AcDbEntity
  8
1
100
AcDbLine
 10
294774.0856354069
 20
158518.9181062084
 30
0.0
 11
294774.0855244068
 21
158518.9414752084
 31
0.0
  0
LINE
  5
46D
330
2F
100
AcDbEntity
  8
1
100
AcDbLine
 10
294774.0855244068
 20
158518.9414752084
 30
0.0
 11
294774.0851884069
 21
158518.9647902084
 31
0.0
  0
LINE
  5
46E
330
2F
100
AcDbEntity
  8
1
100
AcDbLine
 10
294774.0851884069
 20
158518.9647902084
 30
0.0
 11
294774.0842214069
 21
158518.9879232084
 31
0.0
  0
LINE
  5
46F
330
2F
100
AcDbEntity
  8
1
100
AcDbLine
 10
294774.0842214069
 20
158518.9879232084
 30
0.0
 11
294774.0822174069
 21
158519.0107472084
 31
0.0
  0
LINE
  5
470
330
2F
100
AcDbEntity
  8
1
100
AcDbLine
 10
294774.0822174069
 20
158519.0107472084
 30
0.0
 11
294774.0787694069
 21
158519.0331342084
 31
0.0
  0
LINE
  5
471
330
2F
100
AcDbEntity
  8
1
100
AcDbLine
 10
294774.0787694069
 20
158519.0331342084
 30
0.0
 11
294774.0734734069
 21
158519.0549562084
 31
0.0
  0
LINE
  5
472
330
2F
100
AcDbEntity
  8
1
100
AcDbLine
 10
294774.0734734069
 20
158519.0549562084
 30
0.0
 11
294774.0659224068
 21
158519.0760862084
 31
0.0
  0
LINE
  5
473
330
2F
100
AcDbEntity
  8
1
100
AcDbLine
 10
294774.0659224068
 20
158519.0760862084
 30
0.0
 11
294774.0612864068
 21
158519.0861652084
 31
0.0
  0
LINE
  5
474
330
2F
100
AcDbEntity
  8
1
100
AcDbLine
 10
294774.0612864068
 20
158519.0861652084
 30
0.0
 11
294774.0560694068
 21
158519.0960362084
 31
0.0
  0
LINE
  5
475
330
2F
100
AcDbEntity
  8
1
100
AcDbLine
 10
294774.0560694068
 20
158519.0960362084
 30
0.0
 11
294774.0503304068
 21
158519.1056882084
 31
0.0
  0
LINE
  5
476
330
2F
100
AcDbEntity
  8
1
100
AcDbLine
 10
294774.0503304068
 20
158519.1056882084
 30
0.0
 11
294774.0441314068
 21
158519.1151122084
 31
0.0
  0
LINE
  5
477
330
2F
100
AcDbEntity
  8
1
100
AcDbLine
 10
294774.0441314068
 20
158519.1151122084
 30
0.0
 11
294774.0375304069
 21
158519.1242982084
 31
0.0
  0
LINE
  5
478
330
2F
100
AcDbEntity
  8
1
100
AcDbLine
 10
294774.0375304069
 20
158519.1242982084
 30
0.0
 11
294774.0305884069
 21
158519.1332342084
 31
0.0
  0
LINE
  5
479
330
2F
100
AcDbEntity
  8
1
100
AcDbLine
 10
294774.0305884069
 20
158519.1332342084
 30
0.0
 11
294774.0233644069
 21
158519.1419122084
 31
0.0
  0
LINE
  5
47A
330
2F
100
AcDbEntity
  8
1
100
AcDbLine
 10
294774.0233644069
 20
158519.1419122084
 30
0.0
 11
294774.0159194069
 21
158519.1503202084
 31
0.0
  0
LINE
  5
47B
330
2F
100
AcDbEntity
  8
1
100
AcDbLine
 10
294773.1268814068
 20
158518.6681572084
 30
0.0
 11
294773.1291314069
 21
158518.6964452084
 31
0.0
  0
LINE
  5
47C
330
2F
100
AcDbEntity
  8
1
100
AcDbLine
 10
294773.1291314069
 20
158518.6964452084
 30
0.0
 11
294773.1318104069
 21
158518.7246242084
 31
0.0
  0
LINE
  5
47D
330
2F
100
AcDbEntity
  8
1
100
AcDbLine
 10
294773.1318104069
 20
158518.7246242084
 30
0.0
 11
294773.1347234068
 21
158518.7527552084
 31
0.0
  0
LINE
  5
47E
330
2F
100
AcDbEntity
  8
1
100
AcDbLine
 10
294773.1347234068
 20
158518.7527552084
 30
0.0
 11
294773.1376744068
 21
158518.7808982084
 31
0.0
  0
LINE
  5
47F
330
2F
100
AcDbEntity
  8
1
100
AcDbLine
 10
294773.1376744068
 20
158518.7808982084
 30
0.0
 11
294773.1404654069
 21
158518.8091142084
 31
0.0
  0
LINE
  5
480
330
2F
100
AcDbEntity
  8
1
100
AcDbLine
 10
294773.1404654069
 20
158518.8091142084
 30
0.0
 11
294773.1429024068
 21
158518.8374652084
 31
0.0
  0
LINE
  5
481
330
2F
100
AcDbEntity
  8
1
100
AcDbLine
 10
294773.1429024068
 20
158518.8374652084
 30
0.0
 11
294773.1447874069
 21
158518.8660102084
 31
0.0
  0
LINE
  5
482
330
2F
100
AcDbEntity
  8
1
100
AcDbLine
 10
294773.1447874069
 20
158518.8660102084
 30
0.0
 11
294773.1459244069
 21
158518.8948112084
 31
0.0
  0
LINE
  5
483
330
2F
100
AcDbEntity
  8
1
100
AcDbLine
 10
294773.1459244069
 20
158518.8948112084
 30
0.0
 11
294773.1462494068
 21
158518.9181032084
 31
0.0
  0
LINE
  5
484
330
2F
100
AcDbEntity
  8
1
100
AcDbLine
 10
294773.1462494068
 20
158518.9181032084
 30
0.0
 11
294773.1463774069
 21
158518.9414702084
 31
0.0
  0
LINE
  5
485
330
2F
100
AcDbEntity
  8
1
100
AcDbLine
 10
294773.1463774069
 20
158518.9414702084
 30
0.0
 11
294773.1467174069
 21
158518.9647842084
 31
0.0
  0
LINE
  5
486
330
2F
100
AcDbEntity
  8
1
100
AcDbLine
 10
294773.1467174069
 20
158518.9647842084
 30
0.0
 11
294773.1476794069
 21
158518.9879182084
 31
0.0
  0
LINE
  5
487
330
2F
100
AcDbEntity
  8
1
100
AcDbLine
 10
294773.1476794069
 20
158518.9879182084
 30
0.0
 11
294773.1496724069
 21
158519.0107422084
 31
0.0
  0
LINE
  5
488
330
2F
100
AcDbEntity
  8
1
100
AcDbLine
 10
294773.1496724069
 20
158519.0107422084
 30
0.0
 11
294773.1531054069
 21
158519.0331312084
 31
0.0
  0
LINE
  5
489
330
2F
100
AcDbEntity
  8
1
100
AcDbLine
 10
294773.1531054069
 20
158519.0331312084
 30
0.0
 11
294773.1583874069
 21
158519.0549542084
 31
0.0
  0
LINE
  5
48A
330
2F
100
AcDbEntity
  8
1
100
AcDbLine
 10
294773.1583874069
 20
158519.0549542084
 30
0.0
 11
294773.1659284068
 21
158519.0760862084
 31
0.0
  0
LINE
  5
48B
330
2F
100
AcDbEntity
  8
1
100
AcDbLine
 10
294773.1659284068
 20
158519.0760862084
 30
0.0
 11
294773.1705624068
 21
158519.0861652084
 31
0.0
  0
LINE
  5
48C
330
2F
100
AcDbEntity
  8
1
100
AcDbLine
 10
294773.1705624068
 20
158519.0861652084
 30
0.0
 11
294773.1757774068
 21
158519.0960362084
 31
0.0
  0
LINE
  5
48D
330
2F
100
AcDbEntity
  8
1
100
AcDbLine
 10
294773.1757774068
 20
158519.0960362084
 30
0.0
 11
294773.1815164069
 21
158519.1056882084
 31
0.0
  0
LINE
  5
48E
330
2F
100
AcDbEntity
  8
1
100
AcDbLine
 10
294773.1815164069
 20
158519.1056882084
 30
0.0
 11
294773.1877164068
 21
158519.1151122084
 31
0.0
  0
LINE
  5
48F
330
2F
100
AcDbEntity
  8
1
100
AcDbLine
 10
294773.1877164068
 20
158519.1151122084
 30
0.0
 11
294773.1943184069
 21
158519.1242982084
 31
0.0
  0
LINE
  5
490
330
2F
100
AcDbEntity
  8
1
100
AcDbLine
 10
294773.1943184069
 20
158519.1242982084
 30
0.0
 11
294773.2012614069
 21
158519.1332342084
 31
0.0
  0
LINE
  5
491
330
2F
100
AcDbEntity
  8
1
100
AcDbLine
 10
294773.2012614069
 20
158519.1332342084
 30
0.0
 11
294773.2084864068
 21
158519.1419122084
 31
0.0
  0
LINE
  5
492
330
2F
100
AcDbEntity
  8
1
100
AcDbLine
 10
294773.2084864068
 20
158519.1419122084
 30
0.0
 11
294773.2159314068
 21
158519.1503202084
 31
0.0
  0
LINE
  5
493
330
2F
100
AcDbEntity
  8
1
100
AcDbLine
 10
294771.1910594069
 20
158523.5516872084
 30
0.0
 11
294771.1890584069
 21
158523.5234272084
 31
0.0
  0
LINE
  5
494
330
2F
100
AcDbEntity
  8
1
100
AcDbLine
 10
294771.1890584069
 20
158523.5234272084
 30
0.0
 11
294771.1866084068
 21
158523.4952772084
 31
0.0
  0
LINE
  5
495
330
2F
100
AcDbEntity
  8
1
100
AcDbLine
 10
294771.1866084068
 20
158523.4952772084
 30
0.0
 11
294771.1839044069
 21
158523.4671752084
 31
0.0
  0
LINE
  5
496
330
2F
100
AcDbEntity
  8
1
100
AcDbLine
 10
294771.1839044069
 20
158523.4671752084
 30
0.0
 11
294771.1811394069
 21
158523.4390622084
 31
0.0
  0
LINE
  5
497
330
2F
100
AcDbEntity
  8
1
100
AcDbLine
 10
294771.1811394069
 20
158523.4390622084
 30
0.0
 11
294771.1785094068
 21
158523.4108772084
 31
0.0
  0
LINE
  5
498
330
2F
100
AcDbEntity
  8
1
100
AcDbLine
 10
294771.1785094068
 20
158523.4108772084
 30
0.0
 11
294771.1762064069
 21
158523.3825612084
 31
0.0
  0
LINE
  5
499
330
2F
100
AcDbEntity
  8
1
100
AcDbLine
 10
294771.1762064069
 20
158523.3825612084
 30
0.0
 11
294771.1744254068
 21
158523.3540532084
 31
0.0
  0
LINE
  5
49A
330
2F
100
AcDbEntity
  8
1
100
AcDbLine
 10
294771.1744254068
 20
158523.3540532084
 30
0.0
 11
294771.1733594069
 21
158523.3252922084
 31
0.0
  0
LINE
  5
49B
330
2F
100
AcDbEntity
  8
1
100
AcDbLine
 10
294771.1733594069
 20
158523.3252922084
 30
0.0
 11
294771.1730684068
 21
158523.3019972084
 31
0.0
  0
LINE
  5
49C
330
2F
100
AcDbEntity
  8
1
100
AcDbLine
 10
294771.1730684068
 20
158523.3019972084
 30
0.0
 11
294771.1729574069
 21
158523.2786282084
 31
0.0
  0
LINE
  5
49D
330
2F
100
AcDbEntity
  8
1
100
AcDbLine
 10
294771.1729574069
 20
158523.2786282084
 30
0.0
 11
294771.1726214069
 21
158523.2553132084
 31
0.0
  0
LINE
  5
49E
330
2F
100
AcDbEntity
  8
1
100
AcDbLine
 10
294771.1726214069
 20
158523.2553132084
 30
0.0
 11
294771.1716544069
 21
158523.2321802084
 31
0.0
  0
LINE
  5
49F
330
2F
100
AcDbEntity
  8
1
100
AcDbLine
 10
294771.1716544069
 20
158523.2321802084
 30
0.0
 11
294771.1696504069
 21
158523.2093562084
 31
0.0
  0
LINE
  5
4A0
330
2F
100
AcDbEntity
  8
1
100
AcDbLine
 10
294771.1696504069
 20
158523.2093562084
 30
0.0
 11
294771.1662024069
 21
158523.1869702084
 31
0.0
  0
LINE
  5
4A1
330
2F
100
AcDbEntity
  8
1
100
AcDbLine
 10
294771.1662024069
 20
158523.1869702084
 30
0.0
 11
294771.1609064068
 21
158523.1651482084
 31
0.0
  0
LINE
  5
4A2
330
2F
100
AcDbEntity
  8
1
100
AcDbLine
 10
294771.1609064068
 20
158523.1651482084
 30
0.0
 11
294771.1533554068
 21
158523.1440182084
 31
0.0
  0
LINE
  5
4A3
330
2F
100
AcDbEntity
  8
1
100
AcDbLine
 10
294771.1533554068
 20
158523.1440182084
 30
0.0
 11
294771.1487194069
 21
158523.1339392084
 31
0.0
  0
LINE
  5
4A4
330
2F
100
AcDbEntity
  8
1
100
AcDbLine
 10
294771.1487194069
 20
158523.1339392084
 30
0.0
 11
294771.1435024069
 21
158523.1240682084
 31
0.0
  0
LINE
  5
4A5
330
2F
100
AcDbEntity
  8
1
100
AcDbLine
 10
294771.1435024069
 20
158523.1240682084
 30
0.0
 11
294771.1377634069
 21
158523.1144152084
 31
0.0
  0
LINE
  5
4A6
330
2F
100
AcDbEntity
  8
1
100
AcDbLine
 10
294771.1377634069
 20
158523.1144152084
 30
0.0
 11
294771.1315644069
 21
158523.1049912084
 31
0.0
  0
LINE
  5
4A7
330
2F
100
AcDbEntity
  8
1
100
AcDbLine
 10
294771.1315644069
 20
158523.1049912084
 30
0.0
 11
294771.1249634068
 21
158523.0958062084
 31
0.0
  0
LINE
  5
4A8
330
2F
100
AcDbEntity
  8
1
100
AcDbLine
 10
294771.1249634068
 20
158523.0958062084
 30
0.0
 11
294771.1180204068
 21
158523.0868692084
 31
0.0
  0
LINE
  5
4A9
330
2F
100
AcDbEntity
  8
1
100
AcDbLine
 10
294771.1180204068
 20
158523.0868692084
 30
0.0
 11
294771.1107974069
 21
158523.0781922084
 31
0.0
  0
LINE
  5
4AA
330
2F
100
AcDbEntity
  8
1
100
AcDbLine
 10
294771.1107974069
 20
158523.0781922084
 30
0.0
 11
294771.1033524069
 21
158523.0697842084
 31
0.0
  0
LINE
  5
4AB
330
2F
100
AcDbEntity
  8
ALPHA
100
AcDbLine
 10
294773.1159254069
 20
158520.5909482084
 30
0.0
 11
294774.1159254069
 21
158520.5909482084
 31
0.0
  0
LINE
  5
4AC
330
2F
100
AcDbEntity
  8
ALPHA
100
AcDbLine
 10
294773.1159384069
 20
158520.5909362084
 30
0.0
 11
294772.8659424069
 21
158519.5909522084
 31
0.0
  0
LINE
  5
4AD
330
2F
100
AcDbEntity
  8
ALPHA
100
AcDbLine
 10
294774.3659134069
 20
158519.5909522084
 30
0.0
 11
294774.1159164069
 21
158520.5909362084
 31
0.0
  0
ARC
  5
4AE
330
2F
100
AcDbEntity
  8
1
100
AcDbCircle
 10
294773.6159254069
 20
158516.1909692084
 30
0.0
 40
1.145
100
AcDbArc
 50
72.4637169990274
 51
107.5363010000095
  0
LINE
  5
4AF
330
2F
100
AcDbEntity
  8
1
100
AcDbLine
 10
294774.1462534068
 20
158516.7213002084
 30
0.0
 11
294773.9609234068
 21
158517.2827662084
 31
0.0
  0
LINE
  5
4B0
330
2F
100
AcDbEntity
  8
1
100
AcDbLine
 10
294773.0856014068
 20
158516.7212962084
 30
0.0
 11
294773.2709264069
 21
158517.2827472084
 31
0.0
  0
LINE
  5
4B1
330
2F
100
AcDbEntity
  8
1
100
AcDbLine
 10
294772.9402644068
 20
158516.8613602084
 30
0.0
 11
294773.1269004069
 21
158517.4267822084
 31
0.0
  0
LINE
  5
4B2
330
2F
100
AcDbEntity
  8
1
100
AcDbLine
 10
294772.3827654069
 20
158516.6773582084
 30
0.0
 11
294772.9402464069
 21
158516.8613752084
 31
0.0
  0
LINE
  5
4B3
330
2F
100
AcDbEntity
  8
1
100
AcDbLine
 10
294774.8504244069
 20
158516.6786712084
 30
0.0
 11
294774.2889734069
 21
158516.8639962084
 31
0.0
  0
LINE
  5
4B4
330
2F
100
AcDbEntity
  8
1
100
AcDbLine
 10
294774.2889644069
 20
158516.8640152084
 30
0.0
 11
294774.1036334069
 21
158517.4254812084
 31
0.0
  0
LINE
  5
4B5
330
2F
100
AcDbEntity
  8
1
100
AcDbLine
 10
294773.1268814068
 20
158517.4268092084
 30
0.0
 11
294773.1268814068
 21
158518.6681572084
 31
0.0
  0
LINE
  5
4B6
330
2F
100
AcDbEntity
  8
1
100
AcDbLine
 10
294774.1036274069
 20
158517.4254512084
 30
0.0
 11
294774.1036274069
 21
158518.6684322084
 31
0.0
  0
ARC
  5
4B7
330
2F
100
AcDbEntity
  8
1
100
AcDbCircle
 10
294773.6159254069
 20
158516.1909692084
 30
0.0
 40
2.986259999999998
100
AcDbArc
 50
82.3022500016008
 51
97.6977139988624
  0
LINE
  5
4B8
330
2F
100
AcDbEntity
  8
1
100
AcDbLine
 10
294771.1910594069
 20
158528.5065972084
 30
0.0
 11
294771.1890584069
 21
158528.5348562084
 31
0.0
  0
LINE
  5
4B9
330
2F
100
AcDbEntity
  8
1
100
AcDbLine
 10
294771.1890584069
 20
158528.5348562084
 30
0.0
 11
294771.1866084068
 21
158528.5630052084
 31
0.0
  0
LINE
  5
4BA
330
2F
100
AcDbEntity
  8
1
100
AcDbLine
 10
294771.1866084068
 20
158528.5630052084
 30
0.0
 11
294771.1839044069
 21
158528.5911042084
 31
0.0
  0
LINE
  5
4BB
330
2F
100
AcDbEntity
  8
1
100
AcDbLine
 10
294771.1839044069
 20
158528.5911042084
 30
0.0
 11
294771.1811394069
 21
158528.6192152084
 31
0.0
  0
LINE
  5
4BC
330
2F
100
AcDbEntity
  8
1
100
AcDbLine
 10
294771.1811394069
 20
158528.6192152084
 30
0.0
 11
294771.1785094068
 21
158528.6473972084
 31
0.0
  0
LINE
  5
4BD
330
2F
100
AcDbEntity
  8
1
100
AcDbLine
 10
294771.1785094068
 20
158528.6473972084
 30
0.0
 11
294771.1762064069
 21
158528.6757102084
 31
0.0
  0
LINE
  5
4BE
330
2F
100
AcDbEntity
  8
1
100
AcDbLine
 10
294771.1762064069
 20
158528.6757102084
 30
0.0
 11
294771.1744254068
 21
158528.7042172084
 31
0.0
  0
LINE
  5
4BF
330
2F
100
AcDbEntity
  8
1
100
AcDbLine
 10
294771.1744254068
 20
158528.7042172084
 30
0.0
 11
294771.1733594069
 21
158528.7329772084
 31
0.0
  0
LINE
  5
4C0
330
2F
100
AcDbEntity
  8
1
100
AcDbLine
 10
294771.1733594069
 20
158528.7329772084
 30
0.0
 11
294771.1730684068
 21
158528.7562722084
 31
0.0
  0
LINE
  5
4C1
330
2F
100
AcDbEntity
  8
1
100
AcDbLine
 10
294771.1730684068
 20
158528.7562722084
 30
0.0
 11
294771.1729574069
 21
158528.7796412084
 31
0.0
  0
LINE
  5
4C2
330
2F
100
AcDbEntity
  8
1
100
AcDbLine
 10
294771.1729574069
 20
158528.7796412084
 30
0.0
 11
294771.1726214069
 21
158528.8029552084
 31
0.0
  0
LINE
  5
4C3
330
2F
100
AcDbEntity
  8
1
100
AcDbLine
 10
294771.1726214069
 20
158528.8029552084
 30
0.0
 11
294771.1716544069
 21
158528.8260892084
 31
0.0
  0
LINE
  5
4C4
330
2F
100
AcDbEntity
  8
1
100
AcDbLine
 10
294771.1716544069
 20
158528.8260892084
 30
0.0
 11
294771.1696504069
 21
158528.8489122084
 31
0.0
  0
LINE
  5
4C5
330
2F
100
AcDbEntity
  8
1
100
AcDbLine
 10
294771.1696504069
 20
158528.8489122084
 30
0.0
 11
294771.1662024069
 21
158528.8712992084
 31
0.0
  0
LINE
  5
4C6
330
2F
100
AcDbEntity
  8
1
100
AcDbLine
 10
294771.1662024069
 20
158528.8712992084
 30
0.0
 11
294771.1609064068
 21
158528.8931212084
 31
0.0
  0
LINE
  5
4C7
330
2F
100
AcDbEntity
  8
1
100
AcDbLine
 10
294771.1609064068
 20
158528.8931212084
 30
0.0
 11
294771.1533554068
 21
158528.9142512084
 31
0.0
  0
LINE
  5
4C8
330
2F
100
AcDbEntity
  8
1
100
AcDbLine
 10
294771.1533554068
 20
158528.9142512084
 30
0.0
 11
294771.1487194069
 21
158528.9243302084
 31
0.0
  0
LINE
  5
4C9
330
2F
100
AcDbEntity
  8
1
100
AcDbLine
 10
294771.1487194069
 20
158528.9243302084
 30
0.0
 11
294771.1435024069
 21
158528.9342012084
 31
0.0
  0
LINE
  5
4CA
330
2F
100
AcDbEntity
  8
1
100
AcDbLine
 10
294771.1435024069
 20
158528.9342012084
 30
0.0
 11
294771.1377634069
 21
158528.9438542084
 31
0.0
  0
LINE
  5
4CB
330
2F
100
AcDbEntity
  8
1
100
AcDbLine
 10
294771.1377634069
 20
158528.9438542084
 30
0.0
 11
294771.1315644069
 21
158528.9532782084
 31
0.0
  0
LINE
  5
4CC
330
2F
100
AcDbEntity
  8
1
100
AcDbLine
 10
294771.1315644069
 20
158528.9532782084
 30
0.0
 11
294771.1249634068
 21
158528.9624632084
 31
0.0
  0
LINE
  5
4CD
330
2F
100
AcDbEntity
  8
1
100
AcDbLine
 10
294771.1249634068
 20
158528.9624632084
 30
0.0
 11
294771.1180204068
 21
158528.9714002084
 31
0.0
  0
LINE
  5
4CE
330
2F
100
AcDbEntity
  8
1
100
AcDbLine
 10
294771.1180204068
 20
158528.9714002084
 30
0.0
 11
294771.1107974069
 21
158528.9800772084
 31
0.0
  0
LINE
  5
4CF
330
2F
100
AcDbEntity
  8
1
100
AcDbLine
 10
294771.1107974069
 20
158528.9800772084
 30
0.0
 11
294771.1033524069
 21
158528.9884852084
 31
0.0
  0
ARC
  5
4D0
330
2F
100
AcDbEntity
  8
1
100
AcDbCircle
 10
294770.7033584069
 20
158526.0291342084
 30
0.0
 40
1.145
100
AcDbArc
 50
342.4637450009557
 51
17.53632899984216
  0
LINE
  5
4D1
330
2F
100
AcDbEntity
  8
1
100
AcDbLine
 10
294771.7951534069
 20
158526.3741242084
 30
0.0
 11
294771.2336884068
 21
158526.5594542084
 31
0.0
  0
LINE
  5
4D2
330
2F
100
AcDbEntity
  8
1
100
AcDbLine
 10
294771.2336914069
 20
158526.5594652084
 30
0.0
 11
294771.0483604069
 21
158527.1209312084
 31
0.0
  0
LINE
  5
4D3
330
2F
100
AcDbEntity
  8
1
100
AcDbLine
 10
294771.0483714068
 20
158524.9373452084
 30
0.0
 11
294771.2336954069
 21
158525.4987962084
 31
0.0
  0
LINE
  5
4D4
330
2F
100
AcDbEntity
  8
1
100
AcDbLine
 10
294771.2336874068
 20
158525.4988232084
 30
0.0
 11
294771.7951384069
 21
158525.6841522084
 31
0.0
  0
LINE
  5
4D5
330
2F
100
AcDbEntity
  8
1
100
AcDbLine
 10
294771.9378684068
 20
158526.5168322084
 30
0.0
 11
294771.3764024069
 21
158526.7021652084
 31
0.0
  0
LINE
  5
4D6
330
2F
100
AcDbEntity
  8
1
100
AcDbLine
 10
294771.3764014068
 20
158526.7021812084
 30
0.0
 11
294771.1910704068
 21
158527.2636472084
 31
0.0
  0
LINE
  5
4D7
330
2F
100
AcDbEntity
  8
1
100
AcDbLine
 10
294771.3763864069
 20
158525.3561112084
 30
0.0
 11
294771.9378534069
 21
158525.5414412084
 31
0.0
  0
LINE
  5
4D8
330
2F
100
AcDbEntity
  8
1
100
AcDbLine
 10
294771.1910814069
 20
158524.7946302084
 30
0.0
 11
294771.3764064068
 21
158525.3560812084
 31
0.0
  0
LINE
  5
4D9
330
2F
100
AcDbEntity
  8
1
100
AcDbLine
 10
294771.1910594069
 20
158527.2636162084
 30
0.0
 11
294771.1910594069
 21
158528.5065972084
 31
0.0
  0
ARC
  5
4DA
330
2F
100
AcDbEntity
  8
1
100
AcDbCircle
 10
294770.7033584069
 20
158526.0291342084
 30
0.0
 40
2.349997999999998
100
AcDbArc
 50
349.9756690003345
 51
10.02451500009549
  0
LINE
  5
4DB
330
2F
100
AcDbEntity
  8
1
100
AcDbLine
 10
294771.7951504069
 20
158525.6841412084
 30
0.0
 11
294773.0174874069
 21
158525.6200812084
 31
0.0
  0
LINE
  5
4DC
330
2F
100
AcDbEntity
  8
1
100
AcDbLine
 10
294771.7951604068
 20
158526.3741472084
 30
0.0
 11
294773.0174824069
 21
158526.4382072084
 31
0.0
  0
LINE
  5
4DD
330
2F
100
AcDbEntity
  8
1
100
AcDbLine
 10
294772.8161134069
 20
158525.6306362084
 30
0.0
 11
294771.9378804069
 21
158525.5414292084
 31
0.0
  0
LINE
  5
4DE
330
2F
100
AcDbEntity
  8
1
100
AcDbLine
 10
294772.8161184068
 20
158526.4276442084
 30
0.0
 11
294771.9365244069
 21
158526.5155162084
 31
0.0
  0
LINE
  5
4DF
330
2F
100
AcDbEntity
  8
1
100
AcDbLine
 10
294773.9533584069
 20
158524.9229792084
 30
0.0
 11
294773.9533584069
 21
158526.0311492084
 31
0.0
  0
ARC
  5
4E0
330
2F
100
AcDbEntity
  8
ALPHA
100
AcDbCircle
 10
294778.3533824069
 20
158529.2899682084
 30
0.0
 40
0.5
100
AcDbArc
 50
0.0
 51
89.99998200071731
  0
LINE
  5
4E1
330
2F
100
AcDbEntity
  8
ALPHA
100
AcDbLine
 10
294780.9534344069
 20
158519.2909752084
 30
0.0
 11
294781.4534344069
 21
158519.2909752084
 31
0.0
  0
LINE
  5
4E2
330
2F
100
AcDbEntity
  8
ALPHA
100
AcDbLine
 10
294780.9534294069
 20
158519.2909792084
 30
0.0
 11
294780.4534234069
 21
158519.7909752084
 31
0.0
  0
LINE
  5
4E3
330
2F
100
AcDbEntity
  8
ALPHA
100
AcDbLine
 10
294769.4034314068
 20
158532.2909752084
 30
0.0
 11
294778.8533824068
 21
158532.2909752084
 31
0.0
  0
LINE
  5
4E4
330
2F
100
AcDbEntity
  8
ALPHA
100
AcDbLine
 10
294751.4534954068
 20
158534.4909722084
 30
0.0
 11
294758.9534954069
 21
158534.4909722084
 31
0.0
  0
LINE
  5
4E5
330
2F
100
AcDbEntity
  8
ALPHA
100
AcDbLine
 10
294741.2034344069
 20
158537.7909752084
 30
0.0
 11
294748.2034344069
 21
158537.7909752084
 31
0.0
  0
LINE
  5
4E6
330
2F
100
AcDbEntity
  8
ALPHA
100
AcDbLine
 10
294743.4534344069
 20
158531.2909752084
 30
0.0
 11
294745.9534344069
 21
158531.2909752084
 31
0.0
  0
ARC
  5
4E7
330
2F
100
AcDbEntity
  8
ALPHA
100
AcDbCircle
 10
294741.4532974068
 20
158531.7909602084
 30
0.0
 40
3.25
100
AcDbArc
 50
94.40927899935583
 51
180.0000189997986
  0
LINE
  5
4E8
330
2F
100
AcDbEntity
  8
ALPHA
100
AcDbLine
 10
294741.2034344069
 20
158535.7909752084
 30
0.0
 11
294743.4534344069
 21
158535.7909752084
 31
0.0
  0
ARC
  5
4E9
330
2F
100
AcDbEntity
  8
ALPHA
100
AcDbCircle
 10
294751.4534954068
 20
158531.4909722084
 30
0.0
 40
3.0
100
AcDbArc
 50
89.99998200071731
 51
179.9999639997671
  0
LINE
  5
4EA
330
2F
100
AcDbEntity
  8
ALPHA
100
AcDbLine
 10
294745.9534344069
 20
158535.7909752084
 30
0.0
 11
294748.2034344069
 21
158535.7909752084
 31
0.0
  0
ARC
  5
4EB
330
2F
100
AcDbEntity
  8
ALPHA
100
AcDbCircle
 10
294758.9534954069
 20
158531.4909722084
 30
0.0
 40
3.0
100
AcDbArc
 50
0.0
 51
89.99998200071731
  0
LINE
  5
4EC
330
2F
100
AcDbEntity
  8
ALPHA
100
AcDbLine
 10
294761.9534954069
 20
158532.2909752084
 30
0.0
 11
294764.7034344069
 21
158532.2909752084
 31
0.0
  0
LINE
  5
4ED
330
2F
100
AcDbEntity
  8
ALPHA
100
AcDbLine
 10
294764.7034344069
 20
158532.7909752084
 30
0.0
 11
294769.4034314068
 21
158532.7909752084
 31
0.0
  0
ARC
  5
4EE
330
2F
100
AcDbEntity
  8
ALPHA
100
AcDbCircle
 10
294773.8532914069
 20
158534.7909602084
 30
0.0
 40
5.0
100
AcDbArc
 50
0.0
 51
89.99998200071731
  0
LWPOLYLINE
  5
4EF
330
2F
100
AcDbEntity
  8
ALPHA
100
AcDbPolyline
 90
2
 70
0
 10
294726.9534344068
 20
158413.2909752084
 10
294760.9534344069
 20
158413.2909752084
  0
LWPOLYLINE
  5
4F0
330
2F
100
AcDbEntity
  8
ALPHA
100
AcDbPolyline
 90
6
 70
0
 10
294767.9534344068
 20
158413.2909752084
 10
294781.4534344069
 20
158413.2909752084
 10
294781.4534344069
 20
158540.2909752084
 10
294706.4534344069
 20
158540.2909752084
 10
294706.4534344069
 20
158413.2909752084
 10
294719.9534344069
 20
158413.2909752084
  0
CIRCLE
  5
4F1
330
2F
100
AcDbEntity
  8
ALPHA
100
AcDbCircle
 10
294720.1285045858
 20
158432.2909752084
 30
0.0
 40
4.5
  0
ARC
  5
4F2
330
2F
100
AcDbEntity
  8
ALPHA
100
AcDbCircle
 10
294720.1284895858
 20
158432.2909752084
 30
0.0
 40
4.5
100
AcDbArc
 50
304.7596530003076
 51
124.7596719989647
  0
LINE
  5
4F3
330
2F
100
AcDbEntity
  8
ALPHA
100
AcDbLine
 10
294722.1083875858
 20
158431.4424462084
 30
0.0
 11
294723.8254675858
 21
158429.7253662084
 31
0.0
  0
ARC
  5
4F4
330
2F
100
AcDbEntity
  8
ALPHA
100
AcDbCircle
 10
294720.1284895858
 20
158432.2909752084
 30
0.0
 40
4.5
100
AcDbArc
 50
124.7596620000544
 51
304.7596530003076
  0
ARC
  5
4F5
330
2F
100
AcDbEntity
  8
ALPHA
100
AcDbCircle
 10
294720.1284895858
 20
158432.2909752084
 30
0.0
 40
2.399999999999999
100
AcDbArc
 50
154.4712030004477
 51
295.5287890016675
  0
ARC
  5
4F6
330
2F
100
AcDbEntity
  8
ALPHA
100
AcDbCircle
 10
294720.1284895858
 20
158432.2909752084
 30
0.0
 40
2.399999999999999
100
AcDbArc
 50
334.4711939993673
 51
45.00000099989303
  0
LINE
  5
4F7
330
2F
100
AcDbEntity
  8
ALPHA
100
AcDbLine
 10
294718.4954975858
 20
158430.6579842084
 30
0.0
 11
294717.8977805858
 21
158432.8886932084
 31
0.0
  0
LINE
  5
4F8
330
2F
100
AcDbEntity
  8
ALPHA
100
AcDbLine
 10
294720.7262065859
 20
158430.0602662084
 30
0.0
 11
294722.3592005859
 21
158431.6932582084
 31
0.0
  0
LINE
  5
4F9
330
2F
100
AcDbEntity
  8
ALPHA
100
AcDbLine
 10
294720.7262065859
 20
158430.0602662084
 30
0.0
 11
294718.4954975858
 21
158430.6579842084
 31
0.0
  0
LINE
  5
4FA
330
2F
100
AcDbEntity
  8
ALPHA
100
AcDbLine
 10
294720.9770195858
 20
158430.3110792084
 30
0.0
 11
294722.6940985858
 21
158428.5939962084
 31
0.0
  0
ARC
  5
4FB
330
2F
100
AcDbEntity
  8
ALPHA
100
AcDbCircle
 10
294720.1284895858
 20
158432.2909752084
 30
0.0
 40
2.399999999999999
100
AcDbArc
 50
45.00000099989303
 51
115.5287980012412
  0
LINE
  5
4FC
330
2F
100
AcDbEntity
  8
ALPHA
100
AcDbLine
 10
294717.8977805858
 20
158432.8886932084
 30
0.0
 11
294719.5307725858
 21
158434.5216852084
 31
0.0
  0
LINE
  5
4FD
330
2F
100
AcDbEntity
  8
ALPHA
100
AcDbLine
 10
294717.5628805858
 20
158435.9879552084
 30
0.0
 11
294719.2799595858
 21
158434.2708722084
 31
0.0
  0
LINE
  5
4FE
330
2F
100
AcDbEntity
  8
ALPHA
100
AcDbLine
 10
294716.4315095858
 20
158434.8565842084
 30
0.0
 11
294718.1485925858
 21
158433.1395052084
 31
0.0
  0
LINE
  5
4FF
330
2F
100
AcDbEntity
  8
ALPHA
100
AcDbLine
 10
294721.7614835858
 20
158433.9239672084
 30
0.0
 11
294719.5307725858
 21
158434.5216852084
 31
0.0
  0
LINE
  5
500
330
2F
100
AcDbEntity
  8
ALPHA
100
AcDbLine
 10
294722.3592005859
 20
158431.6932582084
 30
0.0
 11
294721.7614835858
 21
158433.9239672084
 31
0.0
  0
CIRCLE
  5
501
330
2F
100
AcDbEntity
  8
ALPHA
100
AcDbCircle
 10
294743.0605010358
 20
158517.1550353961
 30
0.0
 40
4.5
  0
ARC
  5
502
330
2F
100
AcDbEntity
  8
ALPHA
100
AcDbCircle
 10
294743.0604860358
 20
158517.1550353961
 30
0.0
 40
4.5
100
AcDbArc
 50
304.7596530003076
 51
124.7596719989647
  0
LINE
  5
503
330
2F
100
AcDbEntity
  8
ALPHA
100
AcDbLine
 10
294745.0403840358
 20
158516.3065063961
 30
0.0
 11
294746.7574640358
 21
158514.5894263961
 31
0.0
  0
ARC
  5
504
330
2F
100
AcDbEntity
  8
ALPHA
100
AcDbCircle
 10
294743.0604860358
 20
158517.1550353961
 30
0.0
 40
4.5
100
AcDbArc
 50
124.7596620000544
 51
304.7596530003076
  0
ARC
  5
505
330
2F
100
AcDbEntity
  8
ALPHA
100
AcDbCircle
 10
294743.0604860358
 20
158517.1550353961
 30
0.0
 40
2.399999999999999
100
AcDbArc
 50
154.4712030004477
 51
295.5287890016675
  0
ARC
  5
506
330
2F
100
AcDbEntity
  8
ALPHA
100
AcDbCircle
 10
294743.0604860358
 20
158517.1550353961
 30
0.0
 40
2.399999999999999
100
AcDbArc
 50
334.4711939993704
 51
45.00000099989302
  0
LINE
  5
507
330
2F
100
AcDbEntity
  8
ALPHA
100
AcDbLine
 10
294741.4274940359
 20
158515.5220443961
 30
0.0
 11
294740.8297770357
 21
158517.7527533961
 31
0.0
  0
LINE
  5
508
330
2F
100
AcDbEntity
  8
ALPHA
100
AcDbLine
 10
294743.6582030359
 20
158514.9243263961
 30
0.0
 11
294745.2911970358
 21
158516.5573183961
 31
0.0
  0
LINE
  5
509
330
2F
100
AcDbEntity
  8
ALPHA
100
AcDbLine
 10
294743.6582030359
 20
158514.9243263961
 30
0.0
 11
294741.4274940359
 21
158515.5220443961
 31
0.0
  0
LINE
  5
50A
330
2F
100
AcDbEntity
  8
ALPHA
100
AcDbLine
 10
294743.9090160358
 20
158515.1751393961
 30
0.0
 11
294745.6260950358
 21
158513.4580563961
 31
0.0
  0
ARC
  5
50B
330
2F
100
AcDbEntity
  8
ALPHA
100
AcDbCircle
 10
294743.0604860358
 20
158517.1550353961
 30
0.0
 40
2.399999999999999
100
AcDbArc
 50
45.00000099989302
 51
115.5287980012412
  0
LINE
  5
50C
330
2F
100
AcDbEntity
  8
ALPHA
100
AcDbLine
 10
294740.8297770357
 20
158517.7527533961
 30
0.0
 11
294742.4627690358
 21
158519.3857453961
 31
0.0
  0
LINE
  5
50D
330
2F
100
AcDbEntity
  8
ALPHA
100
AcDbLine
 10
294740.4948770358
 20
158520.8520153961
 30
0.0
 11
294742.2119560357
 21
158519.1349323961
 31
0.0
  0
LINE
  5
50E
330
2F
100
AcDbEntity
  8
ALPHA
100
AcDbLine
 10
294739.3635060358
 20
158519.7206443961
 30
0.0
 11
294741.0805890358
 21
158518.0035653961
 31
0.0
  0
LINE
  5
50F
330
2F
100
AcDbEntity
  8
ALPHA
100
AcDbLine
 10
294744.6934800358
 20
158518.7880273961
 30
0.0
 11
294742.4627690358
 21
158519.3857453961
 31
0.0
  0
LINE
  5
510
330
2F
100
AcDbEntity
  8
ALPHA
100
AcDbLine
 10
294745.2911970358
 20
158516.5573183961
 30
0.0
 11
294744.6934800358
 21
158518.7880273961
 31
0.0
  0
CIRCLE
  5
511
330
2F
100
AcDbEntity
  8
ALPHA
100
AcDbCircle
 10
294725.4824634243
 20
158517.1550353961
 30
0.0
 40
4.5
  0
ARC
  5
512
330
2F
100
AcDbEntity
  8
ALPHA
100
AcDbCircle
 10
294725.4824484243
 20
158517.1550353961
 30
0.0
 40
4.5
100
AcDbArc
 50
304.7596530003076
 51
124.7596719989647
  0
LINE
  5
513
330
2F
100
AcDbEntity
  8
ALPHA
100
AcDbLine
 10
294727.4623464243
 20
158516.3065063961
 30
0.0
 11
294729.1794264243
 21
158514.5894263961
 31
0.0
  0
ARC
  5
514
330
2F
100
AcDbEntity
  8
ALPHA
100
AcDbCircle
 10
294725.4824484243
 20
158517.1550353961
 30
0.0
 40
4.5
100
AcDbArc
 50
124.7596620000544
 51
304.7596530003076
  0
ARC
  5
515
330
2F
100
AcDbEntity
  8
ALPHA
100
AcDbCircle
 10
294725.4824484243
 20
158517.1550353961
 30
0.0
 40
2.399999999999999
100
AcDbArc
 50
154.4712030004477
 51
295.5287890016675
  0
ARC
  5
516
330
2F
100
AcDbEntity
  8
ALPHA
100
AcDbCircle
 10
294725.4824484243
 20
158517.1550353961
 30
0.0
 40
2.399999999999999
100
AcDbArc
 50
334.4711939993704
 51
45.00000099989302
  0
LINE
  5
517
330
2F
100
AcDbEntity
  8
ALPHA
100
AcDbLine
 10
294723.8494564243
 20
158515.5220443961
 30
0.0
 11
294723.2517394242
 21
158517.7527533961
 31
0.0
  0
LINE
  5
518
330
2F
100
AcDbEntity
  8
ALPHA
100
AcDbLine
 10
294726.0801654243
 20
158514.9243263961
 30
0.0
 11
294727.7131594243
 21
158516.5573183961
 31
0.0
  0
LINE
  5
519
330
2F
100
AcDbEntity
  8
ALPHA
100
AcDbLine
 10
294726.0801654243
 20
158514.9243263961
 30
0.0
 11
294723.8494564243
 21
158515.5220443961
 31
0.0
  0
LINE
  5
51A
330
2F
100
AcDbEntity
  8
ALPHA
100
AcDbLine
 10
294726.3309784243
 20
158515.1751393961
 30
0.0
 11
294728.0480574243
 21
158513.4580563961
 31
0.0
  0
ARC
  5
51B
330
2F
100
AcDbEntity
  8
ALPHA
100
AcDbCircle
 10
294725.4824484243
 20
158517.1550353961
 30
0.0
 40
2.399999999999999
100
AcDbArc
 50
45.00000099989302
 51
115.5287980012412
  0
LINE
  5
51C
330
2F
100
AcDbEntity
  8
ALPHA
100
AcDbLine
 10
294723.2517394242
 20
158517.7527533961
 30
0.0
 11
294724.8847314243
 21
158519.3857453961
 31
0.0
  0
LINE
  5
51D
330
2F
100
AcDbEntity
  8
ALPHA
100
AcDbLine
 10
294722.9168394243
 20
158520.8520153961
 30
0.0
 11
294724.6339184243
 21
158519.1349323961
 31
0.0
  0
LINE
  5
51E
330
2F
100
AcDbEntity
  8
ALPHA
100
AcDbLine
 10
294721.7854684243
 20
158519.7206443961
 30
0.0
 11
294723.5025514243
 21
158518.0035653961
 31
0.0
  0
LINE
  5
51F
330
2F
100
AcDbEntity
  8
ALPHA
100
AcDbLine
 10
294727.1154424243
 20
158518.7880273961
 30
0.0
 11
294724.8847314243
 21
158519.3857453961
 31
0.0
  0
LINE
  5
520
330
2F
100
AcDbEntity
  8
ALPHA
100
AcDbLine
 10
294727.7131594243
 20
158516.5573183961
 30
0.0
 11
294727.1154424243
 21
158518.7880273961
 31
0.0
  0
CIRCLE
  5
521
330
2F
100
AcDbEntity
  8
ALPHA
100
AcDbCircle
 10
294760.6385236473
 20
158517.1550353961
 30
0.0
 40
4.5
  0
ARC
  5
522
330
2F
100
AcDbEntity
  8
ALPHA
100
AcDbCircle
 10
294760.6385086473
 20
158517.1550353961
 30
0.0
 40
4.5
100
AcDbArc
 50
304.7596530003076
 51
124.7596719989647
  0
LINE
  5
523
330
2F
100
AcDbEntity
  8
ALPHA
100
AcDbLine
 10
294762.6184066473
 20
158516.3065063961
 30
0.0
 11
294764.3354866473
 21
158514.5894263961
 31
0.0
  0
ARC
  5
524
330
2F
100
AcDbEntity
  8
ALPHA
100
AcDbCircle
 10
294760.6385086473
 20
158517.1550353961
 30
0.0
 40
4.5
100
AcDbArc
 50
124.7596620000544
 51
304.7596530003076
  0
ARC
  5
525
330
2F
100
AcDbEntity
  8
ALPHA
100
AcDbCircle
 10
294760.6385086473
 20
158517.1550353961
 30
0.0
 40
2.399999999999999
100
AcDbArc
 50
154.4712030004477
 51
295.5287890016675
  0
ARC
  5
526
330
2F
100
AcDbEntity
  8
ALPHA
100
AcDbCircle
 10
294760.6385086473
 20
158517.1550353961
 30
0.0
 40
2.399999999999999
100
AcDbArc
 50
334.4711939993704
 51
45.00000099989302
  0
LINE
  5
527
330
2F
100
AcDbEntity
  8
ALPHA
100
AcDbLine
 10
294759.0055166473
 20
158515.5220443961
 30
0.0
 11
294758.4077996473
 21
158517.7527533961
 31
0.0
  0
LINE
  5
528
330
2F
100
AcDbEntity
  8
ALPHA
100
AcDbLine
 10
294761.2362256474
 20
158514.9243263961
 30
0.0
 11
294762.8692196473
 21
158516.5573183961
 31
0.0
  0
LINE
  5
529
330
2F
100
AcDbEntity
  8
ALPHA
100
AcDbLine
 10
294761.2362256474
 20
158514.9243263961
 30
0.0
 11
294759.0055166473
 21
158515.5220443961
 31
0.0
  0
LINE
  5
52A
330
2F
100
AcDbEntity
  8
ALPHA
100
AcDbLine
 10
294761.4870386472
 20
158515.1751393961
 30
0.0
 11
294763.2041176473
 21
158513.4580563961
 31
0.0
  0
ARC
  5
52B
330
2F
100
AcDbEntity
  8
ALPHA
100
AcDbCircle
 10
294760.6385086473
 20
158517.1550353961
 30
0.0
 40
2.399999999999999
100
AcDbArc
 50
45.00000099989302
 51
115.5287980012412
  0
LINE
  5
52C
330
2F
100
AcDbEntity
  8
ALPHA
100
AcDbLine
 10
294758.4077996473
 20
158517.7527533961
 30
0.0
 11
294760.0407916473
 21
158519.3857453961
 31
0.0
  0
LINE
  5
52D
330
2F
100
AcDbEntity
  8
ALPHA
100
AcDbLine
 10
294758.0728996473
 20
158520.8520153961
 30
0.0
 11
294759.7899786473
 21
158519.1349323961
 31
0.0
  0
LINE
  5
52E
330
2F
100
AcDbEntity
  8
ALPHA
100
AcDbLine
 10
294756.9415286473
 20
158519.7206443961
 30
0.0
 11
294758.6586116473
 21
158518.0035653961
 31
0.0
  0
LINE
  5
52F
330
2F
100
AcDbEntity
  8
ALPHA
100
AcDbLine
 10
294762.2715026473
 20
158518.7880273961
 30
0.0
 11
294760.0407916473
 21
158519.3857453961
 31
0.0
  0
LINE
  5
530
330
2F
100
AcDbEntity
  8
ALPHA
100
AcDbLine
 10
294762.8692196473
 20
158516.5573183961
 30
0.0
 11
294762.2715026473
 21
158518.7880273961
 31
0.0
  0
LWPOLYLINE
  5
531
330
2F
100
AcDbEntity
  8
0
  6
ByBlock
 62
0
370
-2
100
AcDbPolyline
 90
4
 70
1
 10
294729.9266145965
 20
158487.0955883336
 10
294733.4644189514
 20
158487.0955883336
 10
294733.4644189514
 20
158474.623627073
 10
294729.9266145965
 20
158474.623627073
  0
LWPOLYLINE
  5
532
330
2F
100
AcDbEntity
  8
0
  6
ByBlock
 62
0
370
-2
100
AcDbPolyline
 90
4
 70
1
 10
294748.5193116131
 20
158487.0955883336
 10
294744.9815072582
 20
158487.0955883336
 10
294744.9815072582
 20
158474.623627073
 10
294748.5193116131
 20
158474.623627073
  0
MTEXT
  5
533
330
2F
100
AcDbEntity
  8
1
100
AcDbMText
 10
294711.0677404289
 20
158504.046444571
 30
0.0
 40
1.8
 41
21.44145713082981
 46
0.0
 71
1
 72
5
  1
SCHNEIDER\PLC1E32-50
  7
arial
101
Embedded Object
 70
1
 10
1.0
 20
0.0
 30
0.0
 11
294711.0677404289
 21
158504.046444571
 31
0.0
 40
21.44145713082981
 41
0.0
 42
21.44145713082981
 43
0.0
 71
2
 72
1
 44
21.44145713082981
 45
450.0
 73
0
 74
0
 46
0.0
  0
MTEXT
  5
534
330
2F
100
AcDbEntity
  8
1
100
AcDbMText
 10
294771.4856322767
 20
158503.2209220056
 30
0.0
 40
1.8
 41
21.44145713082981
 46
0.0
 71
1
 72
5
  1
  A1\P21NC\P13NO
  7
arial
101
Embedded Object
 70
1
 10
1.0
 20
0.0
 30
0.0
 11
294771.4856322767
 21
158503.2209220056
 31
0.0
 40
21.44145713082981
 41
0.0
 42
21.44145713082981
 43
0.0
 71
2
 72
1
 44
21.44145713082981
 45
450.0
 73
0
 74
0
 46
0.0
  0
MTEXT
  5
535
330
2F
100
AcDbEntity
  8
1
100
AcDbMText
 10
294771.4856322767
 20
158459.0916625155
 30
0.0
 40
1.8
 41
21.44145713082981
 46
0.0
 71
1
 72
5
  1
22NC\P14NO\P  A2
  7
arial
101
Embedded Object
 70
1
 10
1.0
 20
0.0
 30
0.0
 11
294771.4856322767
 21
158459.0916625155
 31
0.0
 40
21.44145713082981
 41
0.0
 42
21.44145713082981
 43
0.0
 71
2
 72
1
 44
21.44145713082981
 45
450.0
 73
0
 74
0
 46
0.0
  0
INSERT
  5
536
330
2F
100
AcDbEntity
  8
0
  6
ByBlock
 62
0
370
-2
100
AcDbBlockReference
  2
WER WERTYWETY2 12
 10
-121.4545886106207
 20
314.3509973531181
 30
0.0
  0
ARC
  5
538
330
2F
100
AcDbEntity
  8
0
  6
ByBlock
 62
3
370
-2
100
AcDbCircle
 10
294723.4534344069
 20
158425.7909752084
 30
0.0
 40
3.5
100
AcDbArc
 50
0.0
 51
180.0
  0
LINE
  5
539
330
2F
100
AcDbEntity
  8
0
  6
ByBlock
 62
3
370
-2
100
AcDbLine
 10
294719.9534344069
 20
158425.7909752084
 30
0.0
 11
294719.9534344069
 21
158413.2909752084
 31
0.0
  0
LINE
  5
53A
330
2F
100
AcDbEntity
  8
0
  6
ByBlock
 62
3
370
-2
100
AcDbLine
 10
294726.9534344068
 20
158425.7909752084
 30
0.0
 11
294726.9534344068
 21
158413.2909752084
 31
0.0
  0
ARC
  5
53B
330
2F
100
AcDbEntity
  8
0
  6
ByBlock
 62
3
370
-2
100
AcDbCircle
 10
294764.4534344068
 20
158425.7909752084
 30
0.0
 40
3.5
100
AcDbArc
 50
0.0
 51
180.0
  0
LINE
  5
53C
330
2F
100
AcDbEntity
  8
0
  6
ByBlock
 62
3
370
-2
100
AcDbLine
 10
294767.9534344068
 20
158425.7909752084
 30
0.0
 11
294767.9534344068
 21
158413.2909752084
 31
0.0
  0
LINE
  5
53D
330
2F
100
AcDbEntity
  8
0
  6
ByBlock
 62
3
370
-2
100
AcDbLine
 10
294760.9534344069
 20
158425.7909752084
 30
0.0
 11
294760.9534344069
 21
158413.2909752084
 31
0.0
  0
CIRCLE
  5
53E
330
2F
100
AcDbEntity
  8
ALPHA
100
AcDbCircle
 10
294741.1285045858
 20
158432.2909752084
 30
0.0
 40
4.5
  0
ARC
  5
53F
330
2F
100
AcDbEntity
  8
ALPHA
100
AcDbCircle
 10
294741.1284895858
 20
158432.2909752084
 30
0.0
 40
4.5
100
AcDbArc
 50
304.7596530003076
 51
124.7596719989647
  0
LINE
  5
540
330
2F
100
AcDbEntity
  8
ALPHA
100
AcDbLine
 10
294743.1083875858
 20
158431.4424462084
 30
0.0
 11
294744.8254675858
 21
158429.7253662084
 31
0.0
  0
ARC
  5
541
330
2F
100
AcDbEntity
  8
ALPHA
100
AcDbCircle
 10
294741.1284895858
 20
158432.2909752084
 30
0.0
 40
4.5
100
AcDbArc
 50
124.7596620000544
 51
304.7596530003076
  0
ARC
  5
542
330
2F
100
AcDbEntity
  8
ALPHA
100
AcDbCircle
 10
294741.1284895858
 20
158432.2909752084
 30
0.0
 40
2.399999999999999
100
AcDbArc
 50
154.4712030004478
 51
295.5287890016675
  0
ARC
  5
543
330
2F
100
AcDbEntity
  8
ALPHA
100
AcDbCircle
 10
294741.1284895858
 20
158432.2909752084
 30
0.0
 40
2.399999999999999
100
AcDbArc
 50
334.4711939993672
 51
45.00000099989304
  0
LINE
  5
544
330
2F
100
AcDbEntity
  8
ALPHA
100
AcDbLine
 10
294739.4954975858
 20
158430.6579842084
 30
0.0
 11
294738.8977805858
 21
158432.8886932084
 31
0.0
  0
LINE
  5
545
330
2F
100
AcDbEntity
  8
ALPHA
100
AcDbLine
 10
294741.7262065858
 20
158430.0602662084
 30
0.0
 11
294743.3592005858
 21
158431.6932582084
 31
0.0
  0
LINE
  5
546
330
2F
100
AcDbEntity
  8
ALPHA
100
AcDbLine
 10
294741.7262065858
 20
158430.0602662084
 30
0.0
 11
294739.4954975858
 21
158430.6579842084
 31
0.0
  0
LINE
  5
547
330
2F
100
AcDbEntity
  8
ALPHA
100
AcDbLine
 10
294741.9770195857
 20
158430.3110792084
 30
0.0
 11
294743.6940985858
 21
158428.5939962084
 31
0.0
  0
ARC
  5
548
330
2F
100
AcDbEntity
  8
ALPHA
100
AcDbCircle
 10
294741.1284895858
 20
158432.2909752084
 30
0.0
 40
2.399999999999999
100
AcDbArc
 50
45.00000099989304
 51
115.5287980012412
  0
LINE
  5
549
330
2F
100
AcDbEntity
  8
ALPHA
100
AcDbLine
 10
294738.8977805858
 20
158432.8886932084
 30
0.0
 11
294740.5307725858
 21
158434.5216852084
 31
0.0
  0
LINE
  5
54A
330
2F
100
AcDbEntity
  8
ALPHA
100
AcDbLine
 10
294738.5628805858
 20
158435.9879552084
 30
0.0
 11
294740.2799595858
 21
158434.2708722084
 31
0.0
  0
LINE
  5
54B
330
2F
100
AcDbEntity
  8
ALPHA
100
AcDbLine
 10
294737.4315095858
 20
158434.8565842084
 30
0.0
 11
294739.1485925858
 21
158433.1395052084
 31
0.0
  0
LINE
  5
54C
330
2F
100
AcDbEntity
  8
ALPHA
100
AcDbLine
 10
294742.7614835858
 20
158433.9239672084
 30
0.0
 11
294740.5307725858
 21
158434.5216852084
 31
0.0
  0
LINE
  5
54D
330
2F
100
AcDbEntity
  8
ALPHA
100
AcDbLine
 10
294743.3592005858
 20
158431.6932582084
 30
0.0
 11
294742.7614835858
 21
158433.9239672084
 31
0.0
  0
CIRCLE
  5
54E
330
2F
100
AcDbEntity
  8
ALPHA
100
AcDbCircle
 10
294762.1285045858
 20
158432.2909752084
 30
0.0
 40
4.5
  0
ARC
  5
54F
330
2F
100
AcDbEntity
  8
ALPHA
100
AcDbCircle
 10
294762.1284895858
 20
158432.2909752084
 30
0.0
 40
4.5
100
AcDbArc
 50
304.7596530003076
 51
124.7596719989648
  0
LINE
  5
550
330
2F
100
AcDbEntity
  8
ALPHA
100
AcDbLine
 10
294764.1083875858
 20
158431.4424462084
 30
0.0
 11
294765.8254675858
 21
158429.7253662084
 31
0.0
  0
ARC
  5
551
330
2F
100
AcDbEntity
  8
ALPHA
100
AcDbCircle
 10
294762.1284895858
 20
158432.2909752084
 30
0.0
 40
4.5
100
AcDbArc
 50
124.7596620000545
 51
304.7596530003076
  0
ARC
  5
552
330
2F
100
AcDbEntity
  8
ALPHA
100
AcDbCircle
 10
294762.1284895858
 20
158432.2909752084
 30
0.0
 40
2.399999999999999
100
AcDbArc
 50
154.4712030004478
 51
295.5287890016676
  0
ARC
  5
553
330
2F
100
AcDbEntity
  8
ALPHA
100
AcDbCircle
 10
294762.1284895858
 20
158432.2909752084
 30
0.0
 40
2.399999999999999
100
AcDbArc
 50
334.4711939993672
 51
45.00000099989304
  0
LINE
  5
554
330
2F
100
AcDbEntity
  8
ALPHA
100
AcDbLine
 10
294760.4954975858
 20
158430.6579842084
 30
0.0
 11
294759.8977805858
 21
158432.8886932084
 31
0.0
  0
LINE
  5
555
330
2F
100
AcDbEntity
  8
ALPHA
100
AcDbLine
 10
294762.7262065859
 20
158430.0602662084
 30
0.0
 11
294764.3592005858
 21
158431.6932582084
 31
0.0
  0
LINE
  5
556
330
2F
100
AcDbEntity
  8
ALPHA
100
AcDbLine
 10
294762.7262065859
 20
158430.0602662084
 30
0.0
 11
294760.4954975858
 21
158430.6579842084
 31
0.0
  0
LINE
  5
557
330
2F
100
AcDbEntity
  8
ALPHA
100
AcDbLine
 10
294762.9770195858
 20
158430.3110792084
 30
0.0
 11
294764.6940985858
 21
158428.5939962084
 31
0.0
  0
ARC
  5
558
330
2F
100
AcDbEntity
  8
ALPHA
100
AcDbCircle
 10
294762.1284895858
 20
158432.2909752084
 30
0.0
 40
2.399999999999999
100
AcDbArc
 50
45.00000099989304
 51
115.5287980012412
  0
LINE
  5
559
330
2F
100
AcDbEntity
  8
ALPHA
100
AcDbLine
 10
294759.8977805858
 20
158432.8886932084
 30
0.0
 11
294761.5307725858
 21
158434.5216852084
 31
0.0
  0
LINE
  5
55A
330
2F
100
AcDbEntity
  8
ALPHA
100
AcDbLine
 10
294759.5628805858
 20
158435.9879552084
 30
0.0
 11
294761.2799595858
 21
158434.2708722084
 31
0.0
  0
LINE
  5
55B
330
2F
100
AcDbEntity
  8
ALPHA
100
AcDbLine
 10
294758.4315095858
 20
158434.8565842084
 30
0.0
 11
294760.1485925858
 21
158433.1395052084
 31
0.0
  0
LINE
  5
55C
330
2F
100
AcDbEntity
  8
ALPHA
100
AcDbLine
 10
294763.7614835858
 20
158433.9239672084
 30
0.0
 11
294761.5307725858
 21
158434.5216852084
 31
0.0
  0
LINE
  5
55D
330
2F
100
AcDbEntity
  8
ALPHA
100
AcDbLine
 10
294764.3592005858
 20
158431.6932582084
 30
0.0
 11
294763.7614835858
 21
158433.9239672084
 31
0.0
  0
ENDBLK
  5
31
330
2F
100
AcDbEntity
  8
0
100
AcDbBlockEnd
  0
BLOCK
  5
55F
330
55E
100
AcDbEntity
  8
0
100
AcDbBlockBegin
  2
WER WERTYWETY2 12
 70
0
 10
0.0
 20
0.0
 30
0.0
  3
WER WERTYWETY2 12
  1

  0
ARC
  5
561
330
55E
100
AcDbEntity
  8
0
  6
ByBlock
 62
3
370
-2
100
AcDbCircle
 10
294865.4080230175
 20
158206.9399778553
 30
0.0
 40
6.0
100
AcDbArc
 50
125.6853347120658
 51
54.31466528732055
  0
ARC
  5
562
330
55E
100
AcDbEntity
  8
0
  6
ByBlock
 62
3
370
-2
100
AcDbCircle
 10
294865.4080230175
 20
158218.9399778553
 30
0.0
 40
3.5
100
AcDbArc
 50
0.0
 51
180.0000000004764
  0
LINE
  5
563
330
55E
100
AcDbEntity
  8
0
  6
ByBlock
 62
3
370
-2
100
AcDbLine
 10
294868.9080230175
 20
158218.9399778553
 30
0.0
 11
294868.9080230175
 21
158211.8133750277
 31
0.0
  0
LINE
  5
564
330
55E
100
AcDbEntity
  8
0
  6
ByBlock
 62
3
370
-2
100
AcDbLine
 10
294861.9080230175
 20
158218.9399778553
 30
0.0
 11
294861.9080230175
 21
158211.8133750277
 31
0.0
  0
LINE
  5
565
330
55E
100
AcDbEntity
  8
0
  6
ByBlock
 62
3
370
-2
100
AcDbLine
 10
294875.445411417
 20
158206.9399778553
 30
0.0
 11
294855.8254170619
 21
158206.9399778553
 31
0.0
  0
ENDBLK
  5
560
330
55E
100
AcDbEntity
  8
0
100
AcDbBlockEnd
  0
ENDSEC
  0
SECTION
  2
ENTITIES
  0
INSERT
  5
569
330
17
100
AcDbEntity
  8
0
100
AcDbBlockReference
  2
WEQT T321 LC1D50A
 10
-294706.4534344069
 20
-158413.2909602084
 30
0.0
  0
ENDSEC
  0
SECTION
  2
OBJECTS
  0
DICTIONARY
  5
A
330
0
100
AcDbDictionary
281
1
  3
ACAD_COLOR
350
B
  3
ACAD_GROUP
350
C
  3
ACAD_LAYOUT
350
D
  3
ACAD_MATERIAL
350
E
  3
ACAD_MLEADERSTYLE
350
F
  3
ACAD_MLINESTYLE
350
10
  3
ACAD_PLOTSETTINGS
350
11
  3
ACAD_PLOTSTYLENAME
350
12
  3
ACAD_SCALELIST
350
14
  3
ACAD_TABLESTYLE
350
15
  3
ACAD_VISUALSTYLE
350
16
  3
EZDXF_META
350
2D
  0
DICTIONARY
  5
B
330
A
100
AcDbDictionary
281
1
  0
DICTIONARY
  5
C
330
A
100
AcDbDictionary
281
1
  0
DICTIONARY
  5
D
330
A
100
AcDbDictionary
281
1
  3
Model
350
1A
  3
Layout1
350
1E
  0
DICTIONARY
  5
E
330
A
100
AcDbDictionary
281
1
  3
ByBlock
350
1F
  3
ByLayer
350
20
  3
Global
350
21
  0
DICTIONARY
  5
F
330
A
100
AcDbDictionary
281
1
  3
Standard
350
2C
  0
DICTIONARY
  5
10
330
A
100
AcDbDictionary
281
1
  3
Standard
350
22
  0
DICTIONARY
  5
11
330
A
100
AcDbDictionary
281
1
  0
ACDBDICTIONARYWDFLT
  5
12
330
A
100
AcDbDictionary
281
1
  3
Normal
350
13
100
AcDbDictionaryWithDefault
340
13
  0
ACDBPLACEHOLDER
  5
13
330
12
  0
DICTIONARY
  5
14
330
A
100
AcDbDictionary
281
1
  0
DICTIONARY
  5
15
330
A
100
AcDbDictionary
281
1
  0
DICTIONARY
  5
16
330
A
100
AcDbDictionary
281
1
  0
LAYOUT
  5
1A
330
D
100
AcDbPlotSettings
  1

  4
A3
  6

 40
7.5
 41
20.0
 42
7.5
 43
20.0
 44
420.0
 45
297.0
 46
0.0
 47
0.0
 48
0.0
 49
0.0
140
0.0
141
0.0
142
1.0
143
1.0
 70
1024
 72
1
 73
0
 74
5
  7

 75
16
 76
0
 77
2
 78
300
147
1.0
148
0.0
149
0.0
100
AcDbLayout
  1
Model
 70
1
 71
0
 10
0.0
 20
0.0
 11
420.0
 21
297.0
 12
0.0
 22
0.0
 32
0.0
 14
1e+20
 24
1e+20
 34
1e+20
 15
-1e+20
 25
-1e+20
 35
-1e+20
146
0.0
 13
0.0
 23
0.0
 33
0.0
 16
1.0
 26
0.0
 36
0.0
 17
0.0
 27
1.0
 37
0.0
 76
1
330
17
  0
LAYOUT
  5
1E
330
D
100
AcDbPlotSettings
  1

  4
A3
  6

 40
7.5
 41
20.0
 42
7.5
 43
20.0
 44
420.0
 45
297.0
 46
0.0
 47
0.0
 48
0.0
 49
0.0
140
0.0
141
0.0
142
1.0
143
1.0
 70
0
 72
1
 73
0
 74
5
  7

 75
16
 76
0
 77
2
 78
300
147
1.0
148
0.0
149
0.0
100
AcDbLayout
  1
Layout1
 70
1
 71
1
 10
0.0
 20
0.0
 11
420.0
 21
297.0
 12
0.0
 22
0.0
 32
0.0
 14
1e+20
 24
1e+20
 34
1e+20
 15
-1e+20
 25
-1e+20
 35
-1e+20
146
0.0
 13
0.0
 23
0.0
 33
0.0
 16
1.0
 26
0.0
 36
0.0
 17
0.0
 27
1.0
 37
0.0
 76
1
330
1B
  0
MATERIAL
  5
1F
102
{ACAD_REACTORS
330
E
102
}
330
E
100
AcDbMaterial
  1
ByBlock
  2

 70
0
 40
1.0
 71
1
 41
1.0
 91
-1023410177
 42
1.0
 72
1
  3

 73
1
 74
1
 75
1
 44
0.5
 73
0
 45
1.0
 46
1.0
 77
1
  4

 78
1
 79
1
170
1
 48
1.0
171
1
  6

172
1
173
1
174
1
140
1.0
141
1.0
175
1
  7

176
1
177
1
178
1
143
1.0
179
1
  8

270
1
271
1
272
1
145
1.0
146
1.0
273
1
  9

274
1
275
1
276
1
 42
1.0
 72
1
  3

 73
1
 74
1
 75
1
 94
63
  0
MATERIAL
  5
20
102
{ACAD_REACTORS
330
E
102
}
330
E
100
AcDbMaterial
  1
ByLayer
  2

 70
0
 40
1.0
 71
1
 41
1.0
 91
-1023410177
 42
1.0
 72
1
  3

 73
1
 74
1
 75
1
 44
0.5
 73
0
 45
1.0
 46
1.0
 77
1
  4

 78
1
 79
1
170
1
 48
1.0
171
1
  6

172
1
173
1
174
1
140
1.0
141
1.0
175
1
  7

176
1
177
1
178
1
143
1.0
179
1
  8

270
1
271
1
272
1
145
1.0
146
1.0
273
1
  9

274
1
275
1
276
1
 42
1.0
 72
1
  3

 73
1
 74
1
 75
1
 94
63
  0
MATERIAL
  5
21
102
{ACAD_REACTORS
330
E
102
}
330
E
100
AcDbMaterial
  1
Global
  2

 70
0
 40
1.0
 71
1
 41
1.0
 91
-1023410177
 42
1.0
 72
1
  3

 73
1
 74
1
 75
1
 44
0.5
 73
0
 45
1.0
 46
1.0
 77
1
  4

 78
1
 79
1
170
1
 48
1.0
171
1
  6

172
1
173
1
174
1
140
1.0
141
1.0
175
1
  7

176
1
177
1
178
1
143
1.0
179
1
  8

270
1
271
1
272
1
145
1.0
146
1.0
273
1
  9

274
1
275
1
276
1
 42
1.0
 72
1
  3

 73
1
 74
1
 75
1
 94
63
  0
MLINESTYLE
  5
22
102
{ACAD_REACTORS
330
10
102
}
330
10
100
AcDbMlineStyle
  2
Standard
 70
0
  3

 62
256
 51
90.0
 52
90.0
 71
2
 49
0.5
 62
256
  6
BYLAYER
 49
-0.5
 62
256
  6
BYLAYER
  0
MLEADERSTYLE
  5
2C
102
{ACAD_REACTORS
330
F
102
}
330
F
100
AcDbMLeaderStyle
179
2
170
2
171
1
172
0
 90
2
 40
0.0
 41
0.0
173
1
 91
-1056964608
 92
-2
290
1
 42
2.0
291
1
 43
8.0
  3
Standard
 44
4.0
300

342
29
174
1
175
1
176
0
178
1
 93
-1056964608
 45
4.0
292
0
297
0
 46
4.0
 94
-1056964608
 47
1.0
 49
1.0
140
1.0
294
1
141
0.0
177
0
142
1.0
295
0
296
0
143
3.75
271
0
272
9
273
9
  0
DICTIONARY
  5
2D
330
A
100
AcDbDictionary
280
1
281
1
  3
CREATED_BY_EZDXF
350
2E
  3
WRITTEN_BY_EZDXF
350
56D
  0
DICTIONARYVAR
  5
2E
330
2D
100
DictionaryVariables
280
0
  1
1.4.4 @ 2026-09-23T12:55:16.648875+00:00
  0
DICTIONARYVAR
  5
56D
330
2D
100
DictionaryVariables
280
0
  1
1.4.4 @ 2026-09-23T12:55:16.836254+00:00
  0
ENDSEC
  0
EOF
