  0
SECTION
  2
HEADER
  9
$ACADVER
  1
AC1032
  9
$ACADMAINTVER
 90
4
  9
$DWGCODEPAGE
  3
ANSI_1252
  9
$LASTSAVEDBY
  1
ezdxf
  9
$REQUIREDVERSIONS
160
0
  9
$INSBASE
 10
0.0
 20
0.0
 30
0.0
  9
$EXTMIN
 10
1e+20
 20
1e+20
 30
1e+20
  9
$EXTMAX
 10
-1e+20
 20
-1e+20
 30
-1e+20
  9
$LIMMIN
 10
0.0
 20
0.0
  9
$LIMMAX
 10
420.0
 20
297.0
  9
$ORTHOMODE
 70
0
  9
$REGENMODE
 70
1
  9
$FILLMODE
 70
1
  9
$QTEXTMODE
 70
0
  9
$MIRRTEXT
 70
1
  9
$LTSCALE
 40
1.0
  9
$ATTMODE
 70
1
  9
$TEXTSIZE
 40
2.5
  9
$TRACEWID
 40
1.0
  9
$TEXTSTYLE
  7
Standard
  9
$CLAYER
  8
0
  9
$CELTYPE
  6
ByLayer
  9
$CECOLOR
 62
256
  9
$CELTSCALE
 40
1.0
  9
$DISPSILH
 70
0
  9
$DIMSCALE
 40
1.0
  9
$DIMASZ
 40
2.5
  9
$DIMEXO
 40
0.625
  9
$DIMDLI
 40
3.75
  9
$DIMRND
 40
0.0
  9
$DIMDLE
 40
0.0
  9
$DIMEXE
 40
1.25
  9
$DIMTP
 40
0.0
  9
$DIMTM
 40
0.0
  9
$DIMTXT
 40
2.5
  9
$DIMCEN
 40
2.5
  9
$DIMTSZ
 40
0.0
  9
$DIMTOL
 70
0
  9
$DIMLIM
 70
0
  9
$DIMTIH
 70
0
  9
$DIMTOH
 70
0
  9
$DIMSE1
 70
0
  9
$DIMSE2
 70
0
  9
$DIMTAD
 70
1
  9
$DIMZIN
 70
8
  9
$DIMBLK
  1

  9
$DIMASO
 70
1
  9
$DIMSHO
 70
1
  9
$DIMPOST
  1

  9
$DIMAPOST
  1

  9
$DIMALT
 70
0
  9
$DIMALTD
 70
3
  9
$DIMALTF
 40
0.03937007874
  9
$DIMLFAC
 40
1.0
  9
$DIMTOFL
 70
1
  9
$DIMTVP
 40
0.0
  9
$DIMTIX
 70
0
  9
$DIMSOXD
 70
0
  9
$DIMSAH
 70
0
  9
$DIMBLK1
  1

  9
$DIMBLK2
  1

  9
$DIMSTYLE
  2
ISO-25
  9
$DIMCLRD
 70
0
  9
$DIMCLRE
 70
0
  9
$DIMCLRT
 70
0
  9
$DIMTFAC
 40
1.0
  9
$DIMGAP
 40
0.625
  9
$DIMJUST
 70
0
  9
$DIMSD1
 70
0
  9
$DIMSD2
 70
0
  9
$DIMTOLJ
 70
0
  9
$DIMTZIN
 70
8
  9
$DIMALTZ
 70
0
  9
$DIMALTTZ
 70
0
  9
$DIMUPT
 70
0
  9
$DIMDEC
 70
2
  9
$DIMTDEC
 70
2
  9
$DIMALTU
 70
2
  9
$DIMALTTD
 70
3
  9
$DIMTXSTY
  7
Standard
  9
$DIMAUNIT
 70
0
  9
$DIMADEC
 70
0
  9
$DIMALTRND
 40
0.0
  9
$DIMAZIN
 70
0
  9
$DIMDSEP
 70
44
  9
$DIMATFIT
 70
3
  9
$DIMFRAC
 70
0
  9
$DIMLDRBLK
  1

  9
$DIMLUNIT
 70
2
  9
$DIMLWD
 70
-2
  9
$DIMLWE
 70
-2
  9
$DIMTMOVE
 70
0
  9
$DIMFXL
 40
1.0
  9
$DIMFXLON
 70
0
  9
$DIMJOGANG
 40
0.785398163397
  9
$DIMTFILL
 70
0
  9
$DIMTFILLCLR
 70
0
  9
$DIMARCSYM
 70
0
  9
$DIMLTYPE
  6

  9
$DIMLTEX1
  6

  9
$DIMLTEX2
  6

  9
$DIMTXTDIRECTION
 70
0
  9
$LUNITS
 70
2
  9
$LUPREC
 70
4
  9
$SKETCHINC
 40
1.0
  9
$FILLETRAD
 40
10.0
  9
$AUNITS
 70
0
  9
$AUPREC
 70
2
  9
$MENU
  1
.
  9
$ELEVATION
 40
0.0
  9
$PELEVATION
 40
0.0
  9
$THICKNESS
 40
0.0
  9
$LIMCHECK
 70
0
  9
$CHAMFERA
 40
0.0
  9
$CHAMFERB
 40
0.0
  9
$CHAMFERC
 40
0.0
  9
$CHAMFERD
 40
0.0
  9
$SKPOLY
 70
0
  9
$TDCREATE
 40
2461307.8783333334
  9
$TDUCREATE
 40
2458532.153996898
  9
$TDUPDATE
 40
2461307.8783333334
  9
$TDUUPDATE
 40
2458532.1544311
  9
$TDINDWG
 40
0.0
  9
$TDUSRTIMER
 40
0.0
  9
$USRTIMER
 70
1
  9
$ANGBASE
 50
0.0
  9
$ANGDIR
 70
0
  9
$PDMODE
 70
0
  9
$PDSIZE
 40
0.0
  9
$PLINEWID
 40
0.0
  9
$SPLFRAME
 70
0
  9
$SPLINETYPE
 70
6
  9
$SPLINESEGS
 70
8
  9
$HANDSEED
  5
418
  9
$SURFTAB1
 70
6
  9
$SURFTAB2
 70
6
  9
$SURFTYPE
 70
6
  9
$SURFU
 70
6
  9
$SURFV
 70
6
  9
$UCSBASE
  2

  9
$UCSNAME
  2

  9
$UCSORG
 10
0.0
 20
0.0
 30
0.0
  9
$UCSXDIR
 10
1.0
 20
0.0
 30
0.0
  9
$UCSYDIR
 10
0.0
 20
1.0
 30
0.0
  9
$UCSORTHOREF
  2

  9
$UCSORTHOVIEW
 70
0
  9
$UCSORGTOP
 10
0.0
 20
0.0
 30
0.0
  9
$UCSORGBOTTOM
 10
0.0
 20
0.0
 30
0.0
  9
$UCSORGLEFT
 10
0.0
 20
0.0
 30
0.0
  9
$UCSORGRIGHT
 10
0.0
 20
0.0
 30
0.0
  9
$UCSORGFRONT
 10
0.0
 20
0.0
 30
0.0
  9
$UCSORGBACK
 10
0.0
 20
0.0
 30
0.0
  9
$PUCSBASE
  2

  9
$PUCSNAME
  2

  9
$PUCSORG
 10
0.0
 20
0.0
 30
0.0
  9
$PUCSXDIR
 10
1.0
 20
0.0
 30
0.0
  9
$PUCSYDIR
 10
0.0
 20
1.0
 30
0.0
  9
$PUCSORTHOREF
  2

  9
$PUCSORTHOVIEW
 70
0
  9
$PUCSORGTOP
 10
0.0
 20
0.0
 30
0.0
  9
$PUCSORGBOTTOM
 10
0.0
 20
0.0
 30
0.0
  9
$PUCSORGLEFT
 10
0.0
 20
0.0
 30
0.0
  9
$PUCSORGRIGHT
 10
0.0
 20
0.0
 30
0.0
  9
$PUCSORGFRONT
 10
0.0
 20
0.0
 30
0.0
  9
$PUCSORGBACK
 10
0.0
 20
0.0
 30
0.0
  9
$USERI1
 70
0
  9
$USERI2
 70
0
  9
$USERI3
 70
0
  9
$USERI4
 70
0
  9
$USERI5
 70
0
  9
$USERR1
 40
0.0
  9
$USERR2
 40
0.0
  9
$USERR3
 40
0.0
  9
$USERR4
 40
0.0
  9
$USERR5
 40
0.0
  9
$WORLDVIEW
 70
1
  9
$SHADEDGE
 70
3
  9
$SHADEDIF
 70
70
  9
$TILEMODE
 70
1
  9
$MAXACTVP
 70
64
  9
$PINSBASE
 10
0.0
 20
0.0
 30
0.0
  9
$PLIMCHECK
 70
0
  9
$PEXTMIN
 10
1e+20
 20
1e+20
 30
1e+20
  9
$PEXTMAX
 10
-1e+20
 20
-1e+20
 30
-1e+20
  9
$PLIMMIN
 10
0.0
 20
0.0
  9
$PLIMMAX
 10
420.0
 20
297.0
  9
$UNITMODE
 70
0
  9
$VISRETAIN
 70
1
  9
$PLINEGEN
 70
0
  9
$PSLTSCALE
 70
1
  9
$TREEDEPTH
 70
3020
  9
$CMLSTYLE
  2
Standard
  9
$CMLJUST
 70
0
  9
$CMLSCALE
 40
20.0
  9
$PROXYGRAPHICS
 70
1
  9
$MEASUREMENT
 70
1
  9
$CELWEIGHT
370
-1
  9
$ENDCAPS
280
0
  9
$JOINSTYLE
280
0
  9
$LWDISPLAY
290
0
  9
$INSUNITS
 70
4
  9
$HYPERLINKBASE
  1

  9
$STYLESHEET
  1

  9
$XEDIT
290
1
  9
$CEPSNTYPE
380
0
  9
$PSTYLEMODE
290
1
  9
$FINGERPRINTGUID
  2
{A61105B8-67B3-4004-93FA-992B21CA0BF9}
  9
$VERSIONGUID
  2
{E0ECFD01-6EFA-422F-AC7A-8A3507504CCB}
  9
$EXTNAMES
290
1
  9
$PSVPSCALE
 40
0.0
  9
$OLESTARTUP
290
0
  9
$SORTENTS
280
127
  9
$INDEXCTL
280
0
  9
$HIDETEXT
280
1
  9
$XCLIPFRAME
280
1
  9
$HALOGAP
280
0
  9
$OBSCOLOR
 70
257
  9
$OBSLTYPE
280
0
  9
$INTERSECTIONDISPLAY
280
0
  9
$INTERSECTIONCOLOR
 70
257
  9
$DIMASSOC
280
2
  9
$PROJECTNAME
  1

  9
$CAMERADISPLAY
290
0
  9
$LENSLENGTH
 40
50.0
  9
$CAMERAHEIGHT
 40
0.0
  9
$STEPSPERSEC
 40
24.0
  9
$STEPSIZE
 40
100.0
  9
$3DDWFPREC
 40
2.0
  9
$PSOLWIDTH
 40
0.005
  9
$PSOLHEIGHT
 40
0.08
  9
$LOFTANG1
 40
1.570796326795
  9
$LOFTANG2
 40
1.570796326795
  9
$LOFTMAG1
 40
0.0
  9
$LOFTMAG2
 40
0.0
  9
$LOFTPARAM
 70
7
  9
$LOFTNORMALS
280
1
  9
$LATITUDE
 40
37.795
  9
$LONGITUDE
 40
-122.394
  9
$NORTHDIRECTION
 40
0.0
  9
$TIMEZONE
 70
-8000
  9
$LIGHTGLYPHDISPLAY
280
1
  9
$TILEMODELIGHTSYNCH
280
1
  9
$CMATERIAL
347
20
  9
$SOLIDHIST
280
0
  9
$SHOWHIST
280
1
  9
$DWFFRAME
280
2
  9
$DGNFRAME
280
2
  9
$REALWORLDSCALE
290
1
  9
$INTERFERECOLOR
 62
256
  9
$CSHADOW
280
0
  9
$SHADOWPLANELOCATION
 40
0.0
  0
ENDSEC
  0
SECTION
  2
CLASSES
  0
CLASS
  1
ACDBDICTIONARYWDFLT
  2
AcDbDictionaryWithDefault
  3
ObjectDBX Classes
 90
0
 91
0
280
0
281
0
  0
CLASS
  1
SUN
  2
AcDbSun
  3
SCENEOE
 90
1153
 91
0
280
0
281
0
  0
CLASS
  1
VISUALSTYLE
  2
AcDbVisualStyle
  3
ObjectDBX Classes
 90
4095
 91
0
280
0
281
0
  0
CLASS
  1
MATERIAL
  2
AcDbMaterial
  3
ObjectDBX Classes
 90
1153
 91
0
280
0
281
0
  0
CLASS
  1
SCALE
  2
AcDbScale
  3
ObjectDBX Classes
 90
1153
 91
0
280
0
281
0
  0
CLASS
  1
TABLESTYLE
  2
AcDbTableStyle
  3
ObjectDBX Classes
 90
4095
 91
0
280
0
281
0
  0
CLASS
  1
MLEADERSTYLE
  2
AcDbMLeaderStyle
  3
ACDB_MLEADERSTYLE_CLASS
 90
4095
 91
0
280
0
281
0
  0
CLASS
  1
DICTIONARYVAR
  2
AcDbDictionaryVar
  3
ObjectDBX Classes
 90
0
 91
0
280
0
281
0
  0
CLASS
  1
CELLSTYLEMAP
  2
AcDbCellStyleMap
  3
ObjectDBX Classes
 90
1152
 91
0
280
0
281
0
  0
CLASS
  1
MENTALRAYRENDERSETTINGS
  2
AcDbMentalRayRenderSettings
  3
SCENEOE
 90
1024
 91
0
280
0
281
0
  0
CLASS
  1
ACDBDETAILVIEWSTYLE
  2
AcDbDetailViewStyle
  3
ObjectDBX Classes
 90
1025
 91
0
280
0
281
0
  0
CLASS
  1
ACDBSECTIONVIEWSTYLE
  2
AcDbSectionViewStyle
  3
ObjectDBX Classes
 90
1025
 91
0
280
0
281
0
  0
CLASS
  1
RASTERVARIABLES
  2
AcDbRasterVariables
  3
ISM
 90
0
 91
0
280
0
281
0
  0
CLASS
  1
LAYOUT
  2
AcDbLayout
  3
ObjectDBX Classes
 90
0
 91
0
280
0
281
0
  0
CLASS
  1
ACDBPLACEHOLDER
  2
AcDbPlaceHolder
  3
ObjectDBX Classes
 90
0
 91
0
280
0
281
0
  0
ENDSEC
  0
SECTION
  2
TABLES
  0
TABLE
  2
VPORT
  5
8
330
0
100
AcDbSymbolTable
 70
1
  0
VPORT
  5
23
330
8
100
AcDbSymbolTableRecord
100
AcDbViewportTableRecord
  2
*Active
 70
0
 10
0.0
 20
0.0
 11
1.0
 21
1.0
 12
0.0
 22
0.0
 13
0.0
 23
0.0
 14
0.5
 24
0.5
 15
0.5
 25
0.5
 16
0.0
 26
0.0
 36
1.0
 17
0.0
 27
0.0
 37
0.0
 40
1000.0
 41
1.34
 42
50.0
 43
0.0
 44
0.0
 50
0.0
 51
0.0
 71
0
 72
1000
 73
1
 74
3
 75
0
 76
0
 77
0
 78
0
281
0
 65
0
146
0.0
  0
ENDTAB
  0
TABLE
  2
LTYPE
  5
2
330
0
100
AcDbSymbolTable
 70
4
  0
LTYPE
  5
24
330
2
100
AcDbSymbolTableRecord
100
AcDbLinetypeTableRecord
  2
ByBlock
 70
0
  3

 72
65
 73
0
 40
0.0
  0
LTYPE
  5
25
330
2
100
AcDbSymbolTableRecord
100
AcDbLinetypeTableRecord
  2
ByLayer
 70
0
  3

 72
65
 73
0
 40
0.0
  0
LTYPE
  5
26
330
2
100
AcDbSymbolTableRecord
100
AcDbLinetypeTableRecord
  2
Continuous
 70
0
  3

 72
65
 73
0
 40
0.0
  0
LTYPE
  5
411
330
2
100
AcDbSymbolTableRecord
100
AcDbLinetypeTableRecord
  2
DASHED
 70
0
  3
__ __ __ __ __ __ __ __ __ __ __ __ __ __ __ __
 72
65
 73
2
 40
0.75
 49
0.5
 74
0
 49
-0.25
 74
0
  0
ENDTAB
  0
TABLE
  2
LAYER
  5
1
330
0
100
AcDbSymbolTable
 70
6
  0
LAYER
  5
27
330
1
100
AcDbSymbolTableRecord
100
AcDbLayerTableRecord
  2
0
 70
0
 62
7
  6
Continuous
370
-3
390
13
347
21
  0
LAYER
  5
28
330
1
100
AcDbSymbolTableRecord
100
AcDbLayerTableRecord
  2
Defpoints
 70
0
 62
7
  6
Continuous
290
0
370
-3
390
13
347
21
  0
LAYER
  5
40D
330
1
100
AcDbSymbolTableRecord
100
AcDbLayerTableRecord
  2
1-EMC-ACESS
 70
0
 62
4
  6
Continuous
370
-3
390
13
347
21
  0
LAYER
  5
40E
330
1
100
AcDbSymbolTableRecord
100
AcDbLayerTableRecord
  2
LAYERDRAW
 70
0
 62
6
  6
Continuous
370
13
390
F
347
EE
  0
LAYER
  5
40F
330
1
100
AcDbSymbolTableRecord
100
AcDbLayerTableRecord
  2
net dam
 70
0
 62
7
  6
Continuous
370
-3
390
F
347
EE
  0
LAYER
  5
410
330
1
100
AcDbSymbolTableRecord
100
AcDbLayerTableRecord
  2
LOPVE
 70
0
 62
1
  6
Continuous
370
13
390
F
347
EE
  0
ENDTAB
  0
TABLE
  2
STYLE
  5
5
330
0
100
AcDbSymbolTable
 70
4
  0
STYLE
  5
29
330
5
100
AcDbSymbolTableRecord
100
AcDbTextStyleTableRecord
  2
Standard
 70
0
 40
0.0
 41
1.0
 50
0.0
 71
0
 42
2.5
  3
txt
  4

  0
STYLE
  5
412
330
5
100
AcDbSymbolTableRecord
100
AcDbTextStyleTableRecord
  2
ROMANS
 70
0
 40
0.0
 41
1.0
 50
0.0
 71
0
 42
50.0
  3
romans.shx
  4
vns.shx
  0
STYLE
  5
413
330
5
100
AcDbSymbolTableRecord
100
AcDbTextStyleTableRecord
  2
VNAVANT
 70
0
 40
0.0
 41
1.0
 50
0.0
 71
0
 42
30.0
  3
times.ttf
  4

  0
STYLE
  5
414
330
5
100
AcDbSymbolTableRecord
100
AcDbTextStyleTableRecord
  2
ARIAL
 70
0
 40
0.0
 41
1.0
 50
0.0
 71
0
 42
10.0
  3
arial.ttf
  4

  0
ENDTAB
  0
TABLE
  2
VIEW
  5
7
330
0
100
AcDbSymbolTable
 70
0
  0
ENDTAB
  0
TABLE
  2
UCS
  5
6
330
0
100
AcDbSymbolTable
 70
0
  0
ENDTAB
  0
TABLE
  2
APPID
  5
3
330
0
100
AcDbSymbolTable
 70
3
  0
APPID
  5
2A
330
3
100
AcDbSymbolTableRecord
100
AcDbRegAppTableRecord
  2
ACAD
 70
0
  0
APPID
  5
415
330
3
100
AcDbSymbolTableRecord
100
AcDbRegAppTableRecord
  2
HATCHBACKGROUNDCOLOR
 70
0
  0
APPID
  5
416
330
3
100
AcDbSymbolTableRecord
100
AcDbRegAppTableRecord
  2
EZDXF
 70
0
  0
ENDTAB
  0
TABLE
  2
DIMSTYLE
  5
4
330
0
100
AcDbSymbolTable
 70
1
100
AcDbDimStyleTable
  0
DIMSTYLE
105
2B
330
4
100
AcDbSymbolTableRecord
100
AcDbDimStyleTableRecord
  2
Standard
 70
0
 40
1.0
 41
2.5
 42
0.625
 43
3.75
 44
1.25
 45
0.0
 46
0.0
 47
0.0
 48
0.0
 49
2.5
140
2.5
141
2.5
142
0.0
143
0.03937007874
144
1.0
145
0.0
146
1.0
147
0.625
148
0.0
 69
0
 70
0
 71
0
 72
0
 73
0
 74
0
 75
0
 76
0
 77
1
 78
8
 79
3
170
0
171
3
172
1
173
0
174
0
175
0
176
0
177
0
178
0
179
2
271
2
272
2
273
2
274
3
275
0
276
0
277
2
278
44
279
0
280
0
281
0
282
0
283
0
284
8
285
0
286
0
288
0
289
3
290
0
371
-2
372
-2
  0
ENDTAB
  0
TABLE
  2
BLOCK_RECORD
  5
9
330
0
100
AcDbSymbolTable
 70
5
  0
BLOCK_RECORD
  5
17
330
9
100
AcDbSymbolTableRecord
100
AcDbBlockTableRecord
  2
*Model_Space
340
1A
 70
0
280
1
281
0
  0
BLOCK_RECORD
  5
1B
330
9
100
AcDbSymbolTableRecord
100
AcDbBlockTableRecord
  2
*Paper_Space
340
1E
 70
0
280
1
281
0
  0
BLOCK_RECORD
  5
30D
330
9
100
AcDbSymbolTableRecord
100
AcDbBlockTableRecord
  2
*U1885
340
0
 70
0
280
1
281
0
  0
BLOCK_RECORD
  5
3FD
330
9
100
AcDbSymbolTableRecord
100
AcDbBlockTableRecord
  2
A$C00294823
340
0
 70
0
280
1
281
0
  0
BLOCK_RECORD
  5
405
330
9
100
AcDbSymbolTableRecord
100
AcDbBlockTableRecord
  2
A$C39866699
340
0
 70
0
280
1
281
0
  0
ENDTAB
  0
ENDSEC
  0
SECTION
  2
BLOCKS
  0
BLOCK
  5
18
330
17
100
AcDbEntity
  8
0
100
AcDbBlockBegin
  2
*Model_Space
 70
0
 10
0.0
 20
0.0
 30
0.0
  3
*Model_Space
  1

  0
ENDBLK
  5
19
330
17
100
AcDbEntity
  8
0
100
AcDbBlockEnd
  0
BLOCK
  5
1C
330
1B
100
AcDbEntity
  8
0
100
AcDbBlockBegin
  2
*Paper_Space
 70
0
 10
0.0
 20
0.0
 30
0.0
  3
*Paper_Space
  1

  0
ENDBLK
  5
1D
330
1B
100
AcDbEntity
  8
0
100
AcDbBlockEnd
  0
BLOCK
  5
30E
330
30D
100
AcDbEntity
  8
0
100
AcDbBlockBegin
  2
*U1885
 70
1
 10
0.0
 20
0.0
 30
0.0
  3
*U1885
  1

  0
LWPOLYLINE
  5
310
330
30D
100
AcDbEntity
  8
0
 62
8
100
AcDbPolyline
 90
8
 70
1
 10
-40.0
 20
-69.0
 10
40.0
 20
-69.0
 42
0.4142135623730943
 10
45.0
 20
-64.0
 10
45.0
 20
-5.0
 42
0.414213562373094
 10
40.0
 20
0.0
 10
-40.0
 20
0.0
 42
0.4142135623730951
 10
-45.0
 20
-5.0
 10
-45.0
 20
-64.0
 42
0.4142135623730951
  0
LWPOLYLINE
  5
311
330
30D
100
AcDbEntity
  8
0
 62
254
100
AcDbPolyline
 90
4
 70
1
 10
-22.5
 20
-45.89785852307977
 10
22.5
 20
-45.89785852307977
 10
22.5
 20
-37.89785852307978
 10
-22.5
 20
-37.89785852307978
  0
LINE
  5
312
330
30D
100
AcDbEntity
  8
0
 62
254
100
AcDbLine
 10
-22.5
 20
-41.39785852307977
 30
0.0
 11
22.5
 21
-41.39785852307977
 31
0.0
  0
LINE
  5
313
330
30D
100
AcDbEntity
  8
0
 62
254
100
AcDbLine
 10
-22.5
 20
-42.39785852307977
 30
0.0
 11
22.5
 21
-42.39785852307977
 31
0.0
  0
LINE
  5
314
330
30D
100
AcDbEntity
  8
0
 62
254
100
AcDbLine
 10
-25.6084503125021
 20
-41.89785852307977
 30
0.0
 11
-22.5
 21
-41.89785852307977
 31
0.0
  0
LINE
  5
315
330
30D
100
AcDbEntity
  8
0
 62
254
100
AcDbLine
 10
-25.6084503125021
 20
-41.89785852307977
 30
0.0
 11
-27.1084503125021
 21
-41.14785852307977
 31
0.0
  0
LINE
  5
316
330
30D
100
AcDbEntity
  8
0
 62
254
100
AcDbLine
 10
-27.1084503125021
 20
-42.64785852307977
 30
0.0
 11
-25.6084503125021
 21
-41.89785852307977
 31
0.0
  0
LINE
  5
317
330
30D
100
AcDbEntity
  8
0
 62
254
100
AcDbLine
 10
-33.6084503125021
 20
-42.64785852307977
 30
0.0
 11
-27.1084503125021
 21
-42.64785852307977
 31
0.0
  0
LINE
  5
318
330
30D
100
AcDbEntity
  8
0
 62
254
100
AcDbLine
 10
-27.1084503125021
 20
-41.14785852307977
 30
0.0
 11
-33.6084503125021
 21
-41.14785852307977
 31
0.0
  0
LINE
  5
319
330
30D
100
AcDbEntity
  8
0
 62
254
100
AcDbLine
 10
-33.6084503125021
 20
-42.64785852307977
 30
0.0
 11
-32.1084503125021
 21
-41.89785852307977
 31
0.0
  0
LINE
  5
31A
330
30D
100
AcDbEntity
  8
0
 62
254
100
AcDbLine
 10
-32.1084503125021
 20
-41.89785852307977
 30
0.0
 11
-33.6084503125021
 21
-41.14785852307977
 31
0.0
  0
LINE
  5
31B
330
30D
100
AcDbEntity
  8
0
 62
254
100
AcDbLine
 10
22.5
 20
-41.89785852307977
 30
0.0
 11
26.91122538030322
 21
-41.89785852307977
 31
0.0
  0
LINE
  5
31C
330
30D
100
AcDbEntity
  8
0
 62
254
100
AcDbLine
 10
26.91122538030322
 20
-41.14785852307977
 30
0.0
 11
26.91122538030322
 21
-42.64785852307977
 31
0.0
  0
LINE
  5
31D
330
30D
100
AcDbEntity
  8
0
 62
254
100
AcDbLine
 10
26.91122538030322
 20
-41.14785852307977
 30
0.0
 11
32.91122538030322
 21
-42.09876927112055
 31
0.0
  0
LINE
  5
31E
330
30D
100
AcDbEntity
  8
0
 62
254
100
AcDbLine
 10
32.91122538030322
 20
-42.09876927112055
 30
0.0
 11
26.91122538030322
 21
-42.64785852307977
 31
0.0
  0
MTEXT
  5
31F
330
30D
100
AcDbEntity
  8
0
 62
126
100
AcDbMText
 10
35.0
 20
-15.4181446111761
 30
0.0
 40
8.0
 41
70.0
 46
0.0
 71
3
 72
5
  1
{\f.VnArial|b0|i0|c0|p34;\C256;00000\C1;0  \C256; kwh}
  0
LWPOLYLINE
  5
320
330
30D
100
AcDbEntity
  8
0
 62
8
100
AcDbPolyline
 90
4
 70
1
 10
-35.0
 20
-24.49999999999273
 10
35.0
 20
-24.49999999999273
 10
35.0
 20
-14.49999999999272
 10
-35.0
 20
-14.49999999999272
  0
LINE
  5
321
330
30D
100
AcDbEntity
  8
0
 62
9
100
AcDbLine
 10
64.50362917194434
 20
-115.8602822896137
 30
0.0
 11
51.60950927218073
 21
-180.2397364412245
 31
0.0
  0
LINE
  5
322
330
30D
100
AcDbEntity
  8
0
 62
9
100
AcDbLine
 10
-64.50362917194434
 20
-115.8602822896137
 30
0.0
 11
-51.60950927219528
 21
-180.2397364412245
 31
0.0
  0
LINE
  5
323
330
30D
100
AcDbEntity
  8
0
 62
9
100
AcDbLine
 10
41.80423679538944
 20
-188.2759055788556
 30
0.0
 11
-41.80423679540399
 21
-188.2759055788556
 31
0.0
  0
ARC
  5
324
330
30D
100
AcDbEntity
  8
0
 62
9
100
AcDbCircle
 10
-41.80423679540399
 20
-178.2759055788556
 30
0.0
 40
10.0
100
AcDbArc
 50
191.3255309742322
 51
270.0
  0
ARC
  5
325
330
30D
100
AcDbEntity
  8
0
 62
9
100
AcDbCircle
 10
41.80423679538944
 20
-178.2759055788556
 30
0.0
 40
10.0
100
AcDbArc
 50
270.0
 51
348.6744690257677
  0
LINE
  5
326
330
30D
100
AcDbEntity
  8
0
 62
9
100
AcDbLine
 10
-1.605623796771396
 20
-157.2950802933192
 30
0.0
 11
1.605623796756844
 21
-157.2950802933192
 31
0.0
  0
LINE
  5
327
330
30D
100
AcDbEntity
  8
0
 62
9
100
AcDbLine
 10
1.605623796756844
 20
-157.2950802933192
 30
0.0
 11
1.605623796756844
 21
-169.3294686778536
 31
0.0
  0
LINE
  5
328
330
30D
100
AcDbEntity
  8
0
 62
9
100
AcDbLine
 10
1.605623796756844
 20
-169.3294686778536
 30
0.0
 11
-1.605623796771396
 21
-169.3294686778536
 31
0.0
  0
LINE
  5
329
330
30D
100
AcDbEntity
  8
0
 62
9
100
AcDbLine
 10
-1.605623796771396
 20
-169.3294686778536
 30
0.0
 11
-1.605623796771396
 21
-157.2950802933192
 31
0.0
  0
ARC
  5
32A
330
30D
100
AcDbEntity
  8
0
 62
9
100
AcDbCircle
 10
0.0
 20
-40.6663974175608
 30
0.0
 40
76.5
100
AcDbArc
 50
97.51113989510152
 51
262.4888601048985
  0
CIRCLE
  5
32B
330
30D
100
AcDbEntity
  8
0
 62
9
100
AcDbCircle
 10
0.0
 20
-40.6663974175608
 30
0.0
 40
72.71553945450614
  0
ARC
  5
32C
330
30D
100
AcDbEntity
  8
0
 62
9
100
AcDbCircle
 10
0.0
 20
-40.6663974175608
 30
0.0
 40
76.5
100
AcDbArc
 50
277.5111398951015
 51
82.48886010489849
  0
ARC
  5
32D
330
30D
100
AcDbEntity
  8
0
 62
9
100
AcDbCircle
 10
-7.0
 20
-125.056889256266
 30
0.0
 40
3.0
100
AcDbArc
 50
180.0
 51
270.0
  0
LINE
  5
32E
330
30D
100
AcDbEntity
  8
0
 62
9
100
AcDbLine
 10
-5.0
 20
-122.4745567185891
 30
0.0
 11
-10.0
 21
-122.4745567185891
 31
0.0
  0
LINE
  5
32F
330
30D
100
AcDbEntity
  8
0
 62
9
100
AcDbLine
 10
-58.0
 20
-90.54875902964704
 30
0.0
 11
-64.25915396778146
 21
-110.965384128147
 31
0.0
  0
LINE
  5
330
330
30D
100
AcDbEntity
  8
0
 62
9
100
AcDbLine
 10
-10.0
 20
-112.898956362922
 30
0.0
 11
-10.0
 21
-125.056889256266
 31
0.0
  0
CIRCLE
  5
331
330
30D
100
AcDbEntity
  8
0
 62
9
100
AcDbCircle
 10
-50.0
 20
-113.2759055788556
 30
0.0
 40
3.0
  0
ARC
  5
332
330
30D
100
AcDbEntity
  8
0
 62
9
100
AcDbCircle
 10
-54.6983566951676
 20
-113.8964514272447
 30
0.0
 40
10.0
100
AcDbArc
 50
162.9559567238911
 51
191.3255309742322
  0
LINE
  5
333
330
30D
100
AcDbEntity
  8
0
 62
9
100
AcDbLine
 10
58.0
 20
-90.54875902964704
 30
0.0
 11
64.25915396778146
 21
-110.965384128147
 31
0.0
  0
LINE
  5
334
330
30D
100
AcDbEntity
  8
0
 62
9
100
AcDbLine
 10
3.0
 20
-128.056889256266
 30
0.0
 11
3.0
 21
-113.2760467737826
 31
0.0
  0
ARC
  5
335
330
30D
100
AcDbEntity
  8
0
 62
9
100
AcDbCircle
 10
7.0
 20
-125.056889256266
 30
0.0
 40
3.0
100
AcDbArc
 50
270.0
 51
0.0
  0
LINE
  5
336
330
30D
100
AcDbEntity
  8
0
 62
9
100
AcDbLine
 10
3.0
 20
-122.4745567185891
 30
0.0
 11
3.0
 21
-128.056889256266
 31
0.0
  0
LINE
  5
337
330
30D
100
AcDbEntity
  8
0
 62
9
100
AcDbLine
 10
5.0
 20
-113.2098304639803
 30
0.0
 11
5.0
 21
-122.4745567185891
 31
0.0
  0
LINE
  5
338
330
30D
100
AcDbEntity
  8
0
 62
9
100
AcDbLine
 10
10.0
 20
-112.898956362922
 30
0.0
 11
10.0
 21
-125.056889256266
 31
0.0
  0
LINE
  5
339
330
30D
100
AcDbEntity
  8
0
 62
9
100
AcDbLine
 10
5.0
 20
-122.4745567185891
 30
0.0
 11
10.0
 21
-122.4745567185891
 31
0.0
  0
CIRCLE
  5
33A
330
30D
100
AcDbEntity
  8
0
 62
9
100
AcDbCircle
 10
50.0
 20
-113.2759055788556
 30
0.0
 40
3.0
  0
LINE
  5
33B
330
30D
100
AcDbEntity
  8
0
 62
9
100
AcDbLine
 10
-3.0
 20
-128.056889256266
 30
0.0
 11
-3.0
 21
-113.2760467737826
 31
0.0
  0
LINE
  5
33C
330
30D
100
AcDbEntity
  8
0
 62
9
100
AcDbLine
 10
-5.0
 20
-113.2098304639803
 30
0.0
 11
-5.0
 21
-122.4745567185891
 31
0.0
  0
CIRCLE
  5
33D
330
30D
100
AcDbEntity
  8
0
 62
9
100
AcDbCircle
 10
0.0
 20
-122.4745567185891
 30
0.0
 40
3.0
  0
LINE
  5
33E
330
30D
100
AcDbEntity
  8
0
 62
9
100
AcDbLine
 10
-7.0
 20
-128.056889256266
 30
0.0
 11
7.0
 21
-128.056889256266
 31
0.0
  0
CIRCLE
  5
33F
330
30D
100
AcDbEntity
  8
0
 62
9
100
AcDbCircle
 10
0.0
 20
-144.4584083777372
 30
0.0
 40
3.0
  0
ARC
  5
340
330
30D
100
AcDbEntity
  8
0
 62
9
100
AcDbCircle
 10
54.69835669515305
 20
-113.8964514272447
 30
0.0
 40
10.0
100
AcDbArc
 50
348.6744690257677
 51
17.04404327610891
  0
ARC
  5
341
330
30D
100
AcDbEntity
  8
0
 62
9
100
AcDbCircle
 10
-7.0
 20
43.7240944211444
 30
0.0
 40
3.0
100
AcDbArc
 50
90.0
 51
180.0
  0
LINE
  5
342
330
30D
100
AcDbEntity
  8
0
 62
9
100
AcDbLine
 10
-5.0
 20
41.14176188346028
 30
0.0
 11
-10.0
 21
41.14176188346028
 31
0.0
  0
LINE
  5
343
330
30D
100
AcDbEntity
  8
0
 62
9
100
AcDbLine
 10
-10.0
 20
31.56616152780043
 30
0.0
 11
-10.0
 21
43.7240944211444
 31
0.0
  0
LINE
  5
344
330
30D
100
AcDbEntity
  8
0
 62
9
100
AcDbLine
 10
10.0
 20
31.56616152780043
 30
0.0
 11
10.0
 21
43.7240944211444
 31
0.0
  0
LINE
  5
345
330
30D
100
AcDbEntity
  8
0
 62
9
100
AcDbLine
 10
5.0
 20
31.87703562885872
 30
0.0
 11
5.0
 21
41.14176188346028
 31
0.0
  0
LINE
  5
346
330
30D
100
AcDbEntity
  8
0
 62
9
100
AcDbLine
 10
3.0
 20
46.7240944211444
 30
0.0
 11
3.0
 21
31.9432519386537
 31
0.0
  0
LINE
  5
347
330
30D
100
AcDbEntity
  8
0
 62
9
100
AcDbLine
 10
-3.0
 20
46.7240944211444
 30
0.0
 11
-3.0
 21
31.9432519386537
 31
0.0
  0
LINE
  5
348
330
30D
100
AcDbEntity
  8
0
 62
9
100
AcDbLine
 10
-5.0
 20
31.87703562885872
 30
0.0
 11
-5.0
 21
41.14176188346028
 31
0.0
  0
LINE
  5
349
330
30D
100
AcDbEntity
  8
0
  6
DASHED
 62
9
 48
3.0
100
AcDbLine
 10
3.0
 20
31.9432519386537
 30
0.0
 11
3.0
 21
28.7240944211444
 31
0.0
  0
LINE
  5
34A
330
30D
100
AcDbEntity
  8
0
  6
DASHED
 62
9
 48
3.0
100
AcDbLine
 10
-3.0
 20
31.9432519386537
 30
0.0
 11
-3.0
 21
28.7240944211444
 31
0.0
  0
ARC
  5
34B
330
30D
100
AcDbEntity
  8
0
  6
DASHED
 62
9
 48
3.0
100
AcDbCircle
 10
0.0
 20
24.7240944211444
 30
0.0
 40
5.0
100
AcDbArc
 50
126.8698976462609
 51
53.13010235373909
  0
LINE
  5
34C
330
30D
100
AcDbEntity
  8
0
 62
9
100
AcDbLine
 10
-7.0
 20
29.7240944211444
 30
0.0
 11
7.0
 21
29.7240944211444
 31
0.0
  0
LINE
  5
34D
330
30D
100
AcDbEntity
  8
0
 62
9
100
AcDbLine
 10
3.0
 20
41.14176188346028
 30
0.0
 11
3.0
 21
46.7240944211444
 31
0.0
  0
ARC
  5
34E
330
30D
100
AcDbEntity
  8
0
 62
9
100
AcDbCircle
 10
7.0
 20
43.7240944211444
 30
0.0
 40
3.0
100
AcDbArc
 50
0.0
 51
90.0
  0
LINE
  5
34F
330
30D
100
AcDbEntity
  8
0
 62
9
100
AcDbLine
 10
5.0
 20
41.14176188346028
 30
0.0
 11
10.0
 21
41.14176188346028
 31
0.0
  0
CIRCLE
  5
350
330
30D
100
AcDbEntity
  8
0
 62
9
100
AcDbCircle
 10
0.0
 20
41.14176188346028
 30
0.0
 40
3.0
  0
LINE
  5
351
330
30D
100
AcDbEntity
  8
0
 62
9
100
AcDbLine
 10
-7.0
 20
46.7240944211444
 30
0.0
 11
7.0
 21
46.7240944211444
 31
0.0
  0
LINE
  5
352
330
30D
100
AcDbEntity
  8
0
 62
8
370
9
100
AcDbLine
 10
0.0
 20
43.58243265838973
 30
0.0
 11
0.0
 21
38.70109110853082
 31
0.0
  0
LINE
  5
353
330
30D
100
AcDbEntity
  8
0
 62
8
370
9
100
AcDbLine
 10
-2.01320754160406
 20
41.14176188346028
 30
0.0
 11
2.013207541618612
 21
41.14176188346028
 31
0.0
  0
LWPOLYLINE
  5
354
330
30D
100
AcDbEntity
  8
0
 60
1
100
AcDbPolyline
 90
4
 70
1
 10
42.37937323242658
 20
-134.1234804370397
 10
42.37937323242658
 20
-113.4716395801369
 10
-43.67214508747565
 20
-113.4716395801369
 10
-43.67214508747565
 20
-134.1234804370397
  0
TEXT
  5
355
330
30D
100
AcDbEntity
  8
0
 60
1
100
AcDbText
 10
-39.82170445377622
 20
-129.0041512209864
 30
0.0
 40
10.0
  1
KWh - KVARh
 50
180.0
  7
ROMANS
 41
0.75
 71
6
 72
4
 11
1.071152689080918
 21
-124.0041512209864
 31
0.0
100
AcDbText
  0
LINE
  5
356
330
30D
100
AcDbEntity
  8
0
 62
9
 60
1
100
AcDbLine
 10
-72.5
 20
-199.5085582971514
 30
0.0
 11
72.50000000000006
 21
-199.5085582971514
 31
0.0
  0
LINE
  5
357
330
30D
100
AcDbEntity
  8
0
 62
9
 60
1
100
AcDbLine
 10
62.00000000000006
 20
12.00000000001455
 30
0.0
 11
-62.0
 21
12.0
 31
0.0
  0
LINE
  5
358
330
30D
100
AcDbEntity
  8
0
 62
9
 60
1
100
AcDbLine
 10
-62.0
 20
-188.0000000000072
 30
0.0
 11
62.00000000000006
 21
-188.0000000000072
 31
0.0
  0
LINE
  5
359
330
30D
100
AcDbEntity
  8
0
 62
9
 60
1
100
AcDbLine
 10
67.00000000000006
 20
16.99999999999272
 30
0.0
 11
-67.0
 21
16.99999999999272
 31
0.0
  0
LINE
  5
35A
330
30D
100
AcDbEntity
  8
0
 62
9
 60
1
100
AcDbLine
 10
-67.0
 20
-193.0
 30
0.0
 11
67.00000000000006
 21
-193.0000000000072
 31
0.0
  0
LINE
  5
35B
330
30D
100
AcDbEntity
  8
0
 62
9
 60
1
100
AcDbLine
 10
-93.97272727273231
 20
-245.0
 30
0.0
 11
93.97272727274691
 21
-245.0000000000073
 31
0.0
  0
MTEXT
  5
35C
330
30D
100
AcDbEntity
  8
0
 62
9
 60
1
100
AcDbMText
 10
0.0
 20
-162.5965139631662
 30
0.0
 40
20.0
 41
130.0
 46
0.0
 71
5
 72
5
  1
\f.VnArial|b0|i0|c0|p34;EMIC
  0
LINE
  5
35D
330
30D
100
AcDbEntity
  8
0
 62
9
 60
1
100
AcDbLine
 10
-73.83574427891288
 20
-301.0
 30
0.0
 11
73.8357442789275
 21
-301.0
 31
0.0
  0
LWPOLYLINE
  5
35E
330
30D
100
AcDbEntity
  8
0
 62
9
 60
1
100
AcDbPolyline
 90
4
 70
0
 10
-20.0
 20
27.0
 10
-72.5
 20
27.0
 42
0.4142135623730951
 10
-77.5
 20
21.99999999999272
 10
-77.5
 20
-114.0247879184535
  0
LINE
  5
35F
330
30D
100
AcDbEntity
  8
0
 62
9
 60
1
100
AcDbLine
 10
-65.0
 20
8.999999999992724
 30
0.0
 11
-65.0
 21
-185.0000000000072
 31
0.0
  0
LINE
  5
360
330
30D
100
AcDbEntity
  8
0
 62
9
 60
1
100
AcDbLine
 10
-70.0
 20
13.99999999999272
 30
0.0
 11
-70.0
 21
-190.0
 31
0.0
  0
LINE
  5
361
330
30D
100
AcDbEntity
  8
0
 62
9
 60
1
100
AcDbLine
 10
-77.5
 20
-160.8997879184535
 30
0.0
 11
-77.5
 21
-194.5085582971515
 31
0.0
  0
LINE
  5
362
330
30D
100
AcDbEntity
  8
0
 62
9
 60
1
100
AcDbLine
 10
-94.16960573226972
 20
-247.2532196362517
 30
0.0
 11
-81.57142886474321
 21
-295.0394077544406
 31
0.0
  0
ARC
  5
363
330
30D
100
AcDbEntity
  8
0
 62
9
 60
1
100
AcDbCircle
 10
-73.83574427891288
 20
-293.0
 30
0.0
 40
8.0
100
AcDbArc
 50
194.769198530336
 51
270.0
  0
ARC
  5
364
330
30D
100
AcDbEntity
  8
0
 62
9
 60
1
100
AcDbCircle
 10
-84.50000000000001
 20
-204.5085582971515
 30
0.0
 40
10.0
100
AcDbArc
 50
90.0
 51
180.0
  0
ARC
  5
365
330
30D
100
AcDbEntity
  8
0
 62
9
 60
1
100
AcDbCircle
 10
-84.50000000000001
 20
-244.7039599431882
 30
0.0
 40
10.0
100
AcDbArc
 50
180.0
 51
194.769198530336
  0
LINE
  5
366
330
30D
100
AcDbEntity
  8
0
 62
9
 60
1
100
AcDbLine
 10
-94.50000000000001
 20
-204.5085582971515
 30
0.0
 11
-94.50000000000001
 21
-244.7039599431882
 31
0.0
  0
LINE
  5
367
330
30D
100
AcDbEntity
  8
0
 62
9
 60
1
100
AcDbLine
 10
-77.5
 20
-194.5085582971515
 30
0.0
 11
-84.50000000000001
 21
-194.5085582971515
 31
0.0
  0
ARC
  5
368
330
30D
100
AcDbEntity
  8
0
 62
9
 60
1
100
AcDbCircle
 10
-72.5
 20
-194.5085582971515
 30
0.0
 40
5.0
100
AcDbArc
 50
180.0
 51
270.0
  0
LINE
  5
369
330
30D
100
AcDbEntity
  8
0
 62
9
 60
1
100
AcDbLine
 10
-71.66233086964348
 20
-199.7384286625456
 30
0.0
 11
-71.66233086964348
 21
-213.5713408149022
 31
0.0
  0
LINE
  5
36A
330
30D
100
AcDbEntity
  8
0
 62
9
 60
1
100
AcDbLine
 10
-68.66233086964348
 20
-199.7384286625456
 30
0.0
 11
-68.66233086964348
 21
-213.5713408149022
 31
0.0
  0
CIRCLE
  5
36B
330
30D
100
AcDbEntity
  8
0
 62
9
 60
1
100
AcDbCircle
 10
-77.66233086964348
 20
-204.6410995196493
 30
0.0
 40
3.5
  0
LINE
  5
36C
330
30D
100
AcDbEntity
  8
0
 62
9
 60
1
100
AcDbLine
 10
-78.16233086964348
 20
-201.1769979045057
 30
0.0
 11
-78.16233086964348
 21
-208.1052011347856
 31
0.0
  0
LINE
  5
36D
330
30D
100
AcDbEntity
  8
0
 62
9
 60
1
100
AcDbLine
 10
-77.16233086964348
 20
-201.1769979045057
 30
0.0
 11
-77.16233086964348
 21
-208.1052011347856
 31
0.0
  0
LINE
  5
36E
330
30D
100
AcDbEntity
  8
0
 62
9
 60
1
100
AcDbLine
 10
-71.66233086964348
 20
-199.7384286625456
 30
0.0
 11
-68.66233086964348
 21
-199.7384286625456
 31
0.0
  0
LINE
  5
36F
330
30D
100
AcDbEntity
  8
0
 62
9
 60
1
100
AcDbLine
 10
-71.66233086964348
 20
-213.5713408149022
 30
0.0
 11
-68.66233086964348
 21
-213.5713408149022
 31
0.0
  0
ARC
  5
370
330
30D
100
AcDbEntity
  8
0
 62
9
 60
1
100
AcDbCircle
 10
-77.66233086964348
 20
-204.6410995196493
 30
0.0
 40
7.0
100
AcDbArc
 50
31.00271913394604
 51
328.997280866054
  0
ARC
  5
371
330
30D
100
AcDbEntity
  8
0
 62
9
 60
1
100
AcDbCircle
 10
-67.0
 20
-190.0
 30
0.0
 40
3.0
100
AcDbArc
 50
180.0
 51
270.0
  0
CIRCLE
  5
372
330
30D
100
AcDbEntity
  8
0
 62
9
 60
1
100
AcDbCircle
 10
-85.0
 20
-214.0000000000073
 30
0.0
 40
3.0
  0
LINE
  5
373
330
30D
100
AcDbEntity
  8
0
 62
9
 60
1
100
AcDbLine
 10
-87.4262082529167
 20
-127.6733242662012
 30
0.0
 11
-77.5
 21
-114.0247879184535
 31
0.0
  0
ARC
  5
374
330
30D
100
AcDbEntity
  8
0
 62
9
 60
1
100
AcDbCircle
 10
-62.0
 20
-185.0000000000072
 30
0.0
 40
3.0
100
AcDbArc
 50
180.0
 51
270.0
  0
ARC
  5
375
330
30D
100
AcDbEntity
  8
0
 62
9
 60
1
100
AcDbCircle
 10
-85.0
 20
-129.4378393592196
 30
0.0
 40
3.0
100
AcDbArc
 50
143.9726266150795
 51
180.0
  0
LINE
  5
376
330
30D
100
AcDbEntity
  8
0
 62
9
 60
1
100
AcDbLine
 10
-80.5
 20
-133.9981863033026
 30
0.0
 11
-80.5
 21
-140.9263895335898
 31
0.0
  0
LINE
  5
377
330
30D
100
AcDbEntity
  8
0
 62
9
 60
1
100
AcDbLine
 10
-81.5
 20
-133.9981863033026
 30
0.0
 11
-81.5
 21
-140.9263895335898
 31
0.0
  0
ARC
  5
378
330
30D
100
AcDbEntity
  8
0
 62
9
 60
1
100
AcDbCircle
 10
-85.0
 20
-145.4867364776728
 30
0.0
 40
3.0
100
AcDbArc
 50
180.0
 51
216.0273733849205
  0
LINE
  5
379
330
30D
100
AcDbEntity
  8
0
 62
9
 60
1
100
AcDbLine
 10
-88.0
 20
-129.4378393592196
 30
0.0
 11
-88.0
 21
-145.4867364776728
 31
0.0
  0
LINE
  5
37A
330
30D
100
AcDbEntity
  8
0
 62
9
 60
1
100
AcDbLine
 10
-87.4262082529167
 20
-147.2512515706985
 30
0.0
 11
-77.5
 21
-160.8997879184535
 31
0.0
  0
CIRCLE
  5
37B
330
30D
100
AcDbEntity
  8
0
 62
9
 60
1
100
AcDbCircle
 10
-81.0
 20
-137.4622879184535
 30
0.0
 40
3.5
  0
LINE
  5
37C
330
30D
100
AcDbEntity
  8
0
 62
9
 60
1
100
AcDbLine
 10
-88.0
 20
-129.4661216939712
 30
0.0
 11
-70.0
 21
-129.4661216939712
 31
0.0
  0
LINE
  5
37D
330
30D
100
AcDbEntity
  8
0
 62
9
 60
1
100
AcDbLine
 10
-88.0
 20
-132.4661216939857
 30
0.0
 11
-70.0
 21
-132.4661216939857
 31
0.0
  0
ARC
  5
37E
330
30D
100
AcDbEntity
  8
0
 62
9
 60
1
100
AcDbCircle
 10
-62.0
 20
8.999999999992724
 30
0.0
 40
3.0
100
AcDbArc
 50
90.0
 51
180.0
  0
ARC
  5
37F
330
30D
100
AcDbEntity
  8
0
 62
9
 60
1
100
AcDbCircle
 10
-67.0
 20
13.99999999999272
 30
0.0
 40
3.0
100
AcDbArc
 50
90.0
 51
180.0
  0
LINE
  5
380
330
30D
100
AcDbEntity
  8
0
 62
9
 60
1
100
AcDbLine
 10
65.00000000000006
 20
-185.0000000000072
 30
0.0
 11
65.00000000000006
 21
9.0
 31
0.0
  0
LINE
  5
381
330
30D
100
AcDbEntity
  8
0
 62
9
 60
1
100
AcDbLine
 10
70.00000000000006
 20
-190.0
 30
0.0
 11
70.00000000000006
 21
13.99999999999272
 31
0.0
  0
LWPOLYLINE
  5
382
330
30D
100
AcDbEntity
  8
0
 62
9
 60
1
100
AcDbPolyline
 90
4
 70
0
 10
77.50000000000006
 20
-114.0247879184535
 10
77.50000000000006
 20
21.99999999999272
 42
0.4142135623730951
 10
72.50000000000006
 20
27.0
 10
19.99999999998545
 20
27.0
  0
LINE
  5
383
330
30D
100
AcDbEntity
  8
0
 62
9
 60
1
100
AcDbLine
 10
77.50000000000006
 20
-194.5085582971515
 30
0.0
 11
77.50000000000006
 21
-160.8997879184535
 31
0.0
  0
ARC
  5
384
330
30D
100
AcDbEntity
  8
0
 62
9
 60
1
100
AcDbCircle
 10
84.50000000000006
 20
-204.5085582971515
 30
0.0
 40
10.0
100
AcDbArc
 50
0.0
 51
90.0
  0
LINE
  5
385
330
30D
100
AcDbEntity
  8
0
 62
9
 60
1
100
AcDbLine
 10
94.1696057322552
 20
-247.2532196362517
 30
0.0
 11
81.57142886474327
 21
-295.0394077544406
 31
0.0
  0
ARC
  5
386
330
30D
100
AcDbEntity
  8
0
 62
9
 60
1
100
AcDbCircle
 10
73.8357442789275
 20
-293.0
 30
0.0
 40
8.0
100
AcDbArc
 50
270.0
 51
345.230801469664
  0
ARC
  5
387
330
30D
100
AcDbEntity
  8
0
 62
9
 60
1
100
AcDbCircle
 10
77.66233086964354
 20
-204.6410995196493
 30
0.0
 40
7.0
100
AcDbArc
 50
211.002719133946
 51
148.997280866054
  0
LINE
  5
388
330
30D
100
AcDbEntity
  8
0
 62
9
 60
1
100
AcDbLine
 10
71.66233086965809
 20
-213.5713408149022
 30
0.0
 11
68.66233086964354
 21
-213.5713408149022
 31
0.0
  0
LINE
  5
389
330
30D
100
AcDbEntity
  8
0
 62
9
 60
1
100
AcDbLine
 10
71.66233086965809
 20
-199.7384286625456
 30
0.0
 11
68.66233086964354
 21
-199.7384286625456
 31
0.0
  0
LINE
  5
38A
330
30D
100
AcDbEntity
  8
0
 62
9
 60
1
100
AcDbLine
 10
77.16233086964354
 20
-201.1769979045057
 30
0.0
 11
77.16233086964354
 21
-208.1052011347856
 31
0.0
  0
LINE
  5
38B
330
30D
100
AcDbEntity
  8
0
 62
9
 60
1
100
AcDbLine
 10
78.16233086964354
 20
-201.1769979045057
 30
0.0
 11
78.16233086964354
 21
-208.1052011347856
 31
0.0
  0
CIRCLE
  5
38C
330
30D
100
AcDbEntity
  8
0
 62
9
 60
1
100
AcDbCircle
 10
77.66233086964354
 20
-204.6410995196493
 30
0.0
 40
3.5
  0
LINE
  5
38D
330
30D
100
AcDbEntity
  8
0
 62
9
 60
1
100
AcDbLine
 10
68.66233086964354
 20
-199.7384286625456
 30
0.0
 11
68.66233086964354
 21
-213.5713408149022
 31
0.0
  0
LINE
  5
38E
330
30D
100
AcDbEntity
  8
0
 62
9
 60
1
100
AcDbLine
 10
71.66233086965809
 20
-199.7384286625456
 30
0.0
 11
71.66233086965809
 21
-213.5713408149022
 31
0.0
  0
ARC
  5
38F
330
30D
100
AcDbEntity
  8
0
 62
9
 60
1
100
AcDbCircle
 10
72.50000000000006
 20
-194.5085582971515
 30
0.0
 40
5.0
100
AcDbArc
 50
270.0
 51
0.0
  0
LINE
  5
390
330
30D
100
AcDbEntity
  8
0
 62
9
 60
1
100
AcDbLine
 10
77.50000000000006
 20
-194.5085582971515
 30
0.0
 11
84.50000000000006
 21
-194.5085582971515
 31
0.0
  0
ARC
  5
391
330
30D
100
AcDbEntity
  8
0
 62
9
 60
1
100
AcDbCircle
 10
67.00000000000006
 20
-190.0
 30
0.0
 40
3.0
100
AcDbArc
 50
270.0
 51
0.0
  0
CIRCLE
  5
392
330
30D
100
AcDbEntity
  8
0
 62
9
 60
1
100
AcDbCircle
 10
85.00000000000006
 20
-214.0000000000073
 30
0.0
 40
3.0
  0
LINE
  5
393
330
30D
100
AcDbEntity
  8
0
 62
9
 60
1
100
AcDbLine
 10
94.50000000000006
 20
-204.5085582971515
 30
0.0
 11
94.50000000000006
 21
-244.7039599431882
 31
0.0
  0
ARC
  5
394
330
30D
100
AcDbEntity
  8
0
 62
9
 60
1
100
AcDbCircle
 10
84.50000000000006
 20
-244.7039599431955
 30
0.0
 40
10.0
100
AcDbArc
 50
345.230801469664
 51
0.0
  0
LINE
  5
395
330
30D
100
AcDbEntity
  8
0
 62
9
 60
1
100
AcDbLine
 10
87.4262082529022
 20
-127.6733242662012
 30
0.0
 11
77.50000000000006
 21
-114.0247879184535
 31
0.0
  0
ARC
  5
396
330
30D
100
AcDbEntity
  8
0
 62
9
 60
1
100
AcDbCircle
 10
62.00000000000006
 20
-185.0000000000072
 30
0.0
 40
3.0
100
AcDbArc
 50
270.0
 51
0.0
  0
ARC
  5
397
330
30D
100
AcDbEntity
  8
0
 62
9
 60
1
100
AcDbCircle
 10
85.00000000000006
 20
-129.4378393592196
 30
0.0
 40
3.0
100
AcDbArc
 50
0.0
 51
36.02737338492049
  0
ARC
  5
398
330
30D
100
AcDbEntity
  8
0
 62
9
 60
1
100
AcDbCircle
 10
85.00000000000006
 20
-145.4867364776728
 30
0.0
 40
3.0
100
AcDbArc
 50
323.9726266150785
 51
0.0
  0
LINE
  5
399
330
30D
100
AcDbEntity
  8
0
 62
9
 60
1
100
AcDbLine
 10
88.00000000000006
 20
-129.4378393592196
 30
0.0
 11
88.00000000000006
 21
-145.4867364776728
 31
0.0
  0
LINE
  5
39A
330
30D
100
AcDbEntity
  8
0
 62
9
 60
1
100
AcDbLine
 10
87.4262082529022
 20
-147.2512515706985
 30
0.0
 11
77.50000000000006
 21
-160.8997879184535
 31
0.0
  0
LINE
  5
39B
330
30D
100
AcDbEntity
  8
0
 62
9
 60
1
100
AcDbLine
 10
81.4999999999855
 20
-133.9981863033026
 30
0.0
 11
81.4999999999855
 21
-140.9263895335898
 31
0.0
  0
LINE
  5
39C
330
30D
100
AcDbEntity
  8
0
 62
9
 60
1
100
AcDbLine
 10
80.50000000000006
 20
-133.9981863033026
 30
0.0
 11
80.50000000000006
 21
-140.9263895335898
 31
0.0
  0
LINE
  5
39D
330
30D
100
AcDbEntity
  8
0
 62
9
 60
1
100
AcDbLine
 10
88.00000000000006
 20
-132.4661216939857
 30
0.0
 11
70.00000000000006
 21
-132.4661216939857
 31
0.0
  0
LINE
  5
39E
330
30D
100
AcDbEntity
  8
0
 62
9
 60
1
100
AcDbLine
 10
88.00000000000006
 20
-129.4661216939712
 30
0.0
 11
70.00000000000006
 21
-129.4661216939712
 31
0.0
  0
CIRCLE
  5
39F
330
30D
100
AcDbEntity
  8
0
 62
9
 60
1
100
AcDbCircle
 10
80.9999999999855
 20
-137.4622879184535
 30
0.0
 40
3.5
  0
CIRCLE
  5
3A0
330
30D
100
AcDbEntity
  8
0
 62
9
 60
1
100
AcDbCircle
 10
0.0
 20
30.5
 30
0.0
 40
3.5
  0
LINE
  5
3A1
330
30D
100
AcDbEntity
  8
0
 62
9
 60
1
100
AcDbLine
 10
-0.5
 20
33.96410161514359
 30
0.0
 11
-0.5
 21
27.03589838486369
 31
0.0
  0
LINE
  5
3A2
330
30D
100
AcDbEntity
  8
0
 62
9
 60
1
100
AcDbLine
 10
0.5
 20
33.96410161514359
 30
0.0
 11
0.5
 21
27.03589838486369
 31
0.0
  0
ARC
  5
3A3
330
30D
100
AcDbEntity
  8
0
 62
9
 60
1
100
AcDbCircle
 10
8.024448559241137
 20
31.99999999999273
 30
0.0
 40
3.0
100
AcDbArc
 50
53.97262661507957
 51
90.0
  0
ARC
  5
3A4
330
30D
100
AcDbEntity
  8
0
 62
9
 60
1
100
AcDbCircle
 10
-8.024448559226585
 20
31.99999999999273
 30
0.0
 40
3.0
100
AcDbArc
 50
90.0
 51
126.0273733849204
  0
LINE
  5
3A5
330
30D
100
AcDbEntity
  8
0
 62
9
 60
1
100
AcDbLine
 10
9.788963652245002
 20
34.42620825290215
 30
0.0
 11
19.99999999998545
 21
27.0
 31
0.0
  0
LINE
  5
3A6
330
30D
100
AcDbEntity
  8
0
 62
9
 60
1
100
AcDbLine
 10
-9.788963652245002
 20
34.42620825290215
 30
0.0
 11
-20.0
 21
27.0
 31
0.0
  0
LINE
  5
3A7
330
30D
100
AcDbEntity
  8
0
 62
9
 60
1
100
AcDbLine
 10
-8.024448559226585
 20
35.0
 30
0.0
 11
8.024448559241137
 21
35.0
 31
0.0
  0
ARC
  5
3A8
330
30D
100
AcDbEntity
  8
0
 62
9
 60
1
100
AcDbCircle
 10
62.00000000000006
 20
9.0
 30
0.0
 40
3.0
100
AcDbArc
 50
0.0
 51
90.0
  0
ARC
  5
3A9
330
30D
100
AcDbEntity
  8
0
 62
9
 60
1
100
AcDbCircle
 10
67.00000000000006
 20
13.99999999999272
 30
0.0
 40
3.0
100
AcDbArc
 50
0.0
 51
90.0
  0
LWPOLYLINE
  5
3AA
330
30D
100
AcDbEntity
  8
0
 62
8
 60
1
100
AcDbPolyline
 90
8
 70
1
 10
-40.0
 20
-70.00000000000728
 10
40.0
 20
-70.00000000000728
 42
0.4142135623730943
 10
45.0
 20
-65.00000000000728
 10
45.0
 20
-5.0
 42
0.414213562373094
 10
40.0
 20
0.0
 10
-40.0
 20
0.0
 42
0.4142135623730951
 10
-45.0
 20
-5.0
 10
-45.0
 20
-65.00000000000728
 42
0.4142135623730951
  0
LWPOLYLINE
  5
3AB
330
30D
100
AcDbEntity
  8
0
 62
254
 60
1
100
AcDbPolyline
 90
4
 70
1
 10
-22.5
 20
-45.89785852307977
 10
22.5
 20
-45.89785852307977
 10
22.5
 20
-37.89785852307978
 10
-22.5
 20
-37.89785852307978
  0
LINE
  5
3AC
330
30D
100
AcDbEntity
  8
0
 62
254
 60
1
100
AcDbLine
 10
-22.5
 20
-41.39785852307977
 30
0.0
 11
22.5
 21
-41.39785852307977
 31
0.0
  0
LINE
  5
3AD
330
30D
100
AcDbEntity
  8
0
 62
254
 60
1
100
AcDbLine
 10
-22.5
 20
-42.39785852307977
 30
0.0
 11
22.5
 21
-42.39785852307977
 31
0.0
  0
LINE
  5
3AE
330
30D
100
AcDbEntity
  8
0
 62
254
 60
1
100
AcDbLine
 10
-25.6084503125021
 20
-41.89785852307977
 30
0.0
 11
-22.5
 21
-41.89785852307977
 31
0.0
  0
LINE
  5
3AF
330
30D
100
AcDbEntity
  8
0
 62
254
 60
1
100
AcDbLine
 10
-25.6084503125021
 20
-41.89785852307977
 30
0.0
 11
-27.1084503125021
 21
-41.14785852307977
 31
0.0
  0
LINE
  5
3B0
330
30D
100
AcDbEntity
  8
0
 62
254
 60
1
100
AcDbLine
 10
-27.1084503125021
 20
-42.64785852307977
 30
0.0
 11
-25.6084503125021
 21
-41.89785852307977
 31
0.0
  0
LINE
  5
3B1
330
30D
100
AcDbEntity
  8
0
 62
254
 60
1
100
AcDbLine
 10
-33.6084503125021
 20
-42.64785852307977
 30
0.0
 11
-27.1084503125021
 21
-42.64785852307977
 31
0.0
  0
LINE
  5
3B2
330
30D
100
AcDbEntity
  8
0
 62
254
 60
1
100
AcDbLine
 10
-27.1084503125021
 20
-41.14785852307977
 30
0.0
 11
-33.6084503125021
 21
-41.14785852307977
 31
0.0
  0
LINE
  5
3B3
330
30D
100
AcDbEntity
  8
0
 62
254
 60
1
100
AcDbLine
 10
-33.6084503125021
 20
-42.64785852307977
 30
0.0
 11
-32.1084503125021
 21
-41.89785852307977
 31
0.0
  0
LINE
  5
3B4
330
30D
100
AcDbEntity
  8
0
 62
254
 60
1
100
AcDbLine
 10
-32.1084503125021
 20
-41.89785852307977
 30
0.0
 11
-33.6084503125021
 21
-41.14785852307977
 31
0.0
  0
LINE
  5
3B5
330
30D
100
AcDbEntity
  8
0
 62
254
 60
1
100
AcDbLine
 10
22.5
 20
-41.89785852307977
 30
0.0
 11
26.91122538030322
 21
-41.89785852307977
 31
0.0
  0
LINE
  5
3B6
330
30D
100
AcDbEntity
  8
0
 62
254
 60
1
100
AcDbLine
 10
26.91122538030322
 20
-41.14785852307977
 30
0.0
 11
26.91122538030322
 21
-42.64785852307977
 31
0.0
  0
LINE
  5
3B7
330
30D
100
AcDbEntity
  8
0
 62
254
 60
1
100
AcDbLine
 10
26.91122538030322
 20
-41.14785852307977
 30
0.0
 11
32.91122538030322
 21
-42.09876927112055
 31
0.0
  0
LINE
  5
3B8
330
30D
100
AcDbEntity
  8
0
 62
254
 60
1
100
AcDbLine
 10
32.91122538030322
 20
-42.09876927112055
 30
0.0
 11
26.91122538030322
 21
-42.64785852307977
 31
0.0
  0
MTEXT
  5
3B9
330
30D
100
AcDbEntity
  8
0
 62
126
 60
1
100
AcDbMText
 10
35.0
 20
-15.4181446111761
 30
0.0
 40
8.0
 41
70.0
 46
0.0
 71
3
 72
5
  1
{\f.VnArial|b0|i0|c0|p34;\C256;00000\C1;0  \C256; kwh}
  0
LWPOLYLINE
  5
3BA
330
30D
100
AcDbEntity
  8
0
 62
8
 60
1
100
AcDbPolyline
 90
4
 70
1
 10
-35.0
 20
-24.49999999999273
 10
35.0
 20
-24.49999999999273
 10
35.0
 20
-14.49999999999272
 10
-35.0
 20
-14.49999999999272
  0
LINE
  5
3BB
330
30D
100
AcDbEntity
  8
0
 62
9
 60
1
100
AcDbLine
 10
30.00000000000728
 20
-188.2759055788556
 30
0.0
 11
30.00000000000728
 21
-90.54875902964704
 31
0.0
  0
LINE
  5
3BC
330
30D
100
AcDbEntity
  8
0
 62
9
 60
1
100
AcDbLine
 10
7.276e-12
 20
43.27796301424677
 30
0.0
 11
7.276e-12
 21
-188.2759055788556
 31
0.0
  0
LINE
  5
3BD
330
30D
100
AcDbEntity
  8
0
 62
9
 60
1
100
AcDbLine
 10
7.276e-12
 20
-188.2759055788556
 30
0.0
 11
30.00000000000728
 21
-188.2759055788556
 31
0.0
  0
LINE
  5
3BE
330
30D
100
AcDbEntity
  8
0
 62
9
 60
1
100
AcDbLine
 10
121.0000000000073
 20
17.27443155474611
 30
0.0
 11
121.0000000000073
 21
-98.6072263898677
 31
0.0
  0
LINE
  5
3BF
330
30D
100
AcDbEntity
  8
0
 62
9
 60
1
100
AcDbLine
 10
38.53499973496218
 20
-128.056889256266
 30
0.0
 11
38.53499973496218
 21
46.72409442114439
 31
0.0
  0
LINE
  5
3C0
330
30D
100
AcDbEntity
  8
0
 62
9
 60
1
100
AcDbLine
 10
46.53499973496218
 20
-128.056889256266
 30
0.0
 11
46.53499973496218
 21
46.72409442114439
 31
0.0
  0
LINE
  5
3C1
330
30D
100
AcDbEntity
  8
0
 62
9
 60
1
100
AcDbLine
 10
46.53499973496218
 20
-112.898956362922
 30
0.0
 11
111.6608987172585
 21
-108.5853631340433
 31
0.0
  0
LINE
  5
3C2
330
30D
100
AcDbEntity
  8
0
 62
9
 60
1
100
AcDbLine
 10
46.53499973496218
 20
-128.056889256266
 30
0.0
 11
30.00000000000728
 21
-128.056889256266
 31
0.0
  0
LINE
  5
3C3
330
30D
100
AcDbEntity
  8
0
 62
9
 60
1
100
AcDbLine
 10
61.02470054776495
 20
-111.9392356328972
 30
0.0
 11
46.53499973496218
 21
-123.7296411569623
 31
0.0
  0
LINE
  5
3C4
330
30D
100
AcDbEntity
  8
0
 62
9
 60
1
100
AcDbLine
 10
7.276e-12
 20
-90.54875902964704
 30
0.0
 11
30.00000000000728
 21
-90.54875902964704
 31
0.0
  0
ARC
  5
3C5
330
30D
100
AcDbEntity
  8
0
 62
9
 60
1
100
AcDbCircle
 10
111.0000000000072
 20
-98.6072263898677
 30
0.0
 40
10.0
100
AcDbArc
 50
273.7894327653286
 51
0.0
  0
LINE
  5
3C6
330
30D
100
AcDbEntity
  8
0
 62
9
 60
1
100
AcDbLine
 10
46.53499973496218
 20
31.56616152780042
 30
0.0
 11
111.6608987172585
 21
27.25256829892168
 31
0.0
  0
LINE
  5
3C7
330
30D
100
AcDbEntity
  8
0
 62
9
 60
1
100
AcDbLine
 10
19.26749986748473
 20
35.17719163253786
 30
0.0
 11
23.65902928073047
 21
46.72409442114439
 31
0.0
  0
LINE
  5
3C8
330
30D
100
AcDbEntity
  8
0
 62
9
 60
1
100
AcDbLine
 10
33.71813311339793
 20
46.72409442114439
 30
0.0
 11
33.71813311339793
 21
35.17719163253786
 31
0.0
  0
LINE
  5
3C9
330
30D
100
AcDbEntity
  8
0
 62
9
 60
1
100
AcDbLine
 10
5.000000000007275
 20
43.27796301424677
 30
0.0
 11
5.000000000007275
 21
35.17719163253786
 31
0.0
  0
LINE
  5
3CA
330
30D
100
AcDbEntity
  8
0
 62
9
 60
1
100
AcDbLine
 10
61.02470054776495
 20
30.60644079777557
 30
0.0
 11
46.53499973496218
 21
42.3968463218407
 31
0.0
  0
LINE
  5
3CB
330
30D
100
AcDbEntity
  8
0
 62
9
 60
1
100
AcDbLine
 10
7.276e-12
 20
35.17719163253786
 30
0.0
 11
38.53499973496218
 21
35.17719163253786
 31
0.0
  0
LINE
  5
3CC
330
30D
100
AcDbEntity
  8
0
 62
9
 60
1
100
AcDbLine
 10
38.53499973496218
 20
46.72409442114439
 30
0.0
 11
46.53499973496218
 21
46.72409442114439
 31
0.0
  0
LINE
  5
3CD
330
30D
100
AcDbEntity
  8
0
 62
9
 60
1
100
AcDbLine
 10
33.71813311339793
 20
46.72409442114439
 30
0.0
 11
23.65902928073047
 21
46.72409442114439
 31
0.0
  0
LINE
  5
3CE
330
30D
100
AcDbEntity
  8
0
 62
9
 60
1
100
AcDbLine
 10
7.276e-12
 20
43.27796301424677
 30
0.0
 11
5.000000000007275
 21
43.27796301424677
 31
0.0
  0
ARC
  5
3CF
330
30D
100
AcDbEntity
  8
0
 62
9
 60
1
100
AcDbCircle
 10
111.0000000000072
 20
17.27443155474611
 30
0.0
 40
10.0
100
AcDbArc
 50
0.0
 51
86.21056723467142
  0
LINE
  5
3D0
330
30D
100
AcDbEntity
  8
0
 62
9
 60
1
100
AcDbLine
 10
33.0
 20
27.00000000000003
 30
0.0
 11
33.0
 21
-192.8029648153533
 31
0.0
  0
LINE
  5
3D1
330
30D
100
AcDbEntity
  8
0
 62
9
 60
1
100
AcDbLine
 10
40.0
 20
35.00000000000003
 30
0.0
 11
39.99999999998545
 21
-192.8029648153533
 31
0.0
  0
LINE
  5
3D2
330
30D
100
AcDbEntity
  8
0
 62
9
 60
1
100
AcDbLine
 10
129.9999999999854
 20
19.00000000000003
 30
0.0
 11
130.0
 21
-180.0000000000072
 31
0.0
  0
LINE
  5
3D3
330
30D
100
AcDbEntity
  8
0
 62
9
 60
1
100
AcDbLine
 10
0.0
 20
27.00000000000003
 30
0.0
 11
0.0
 21
-301.0
 31
0.0
  0
ARC
  5
3D4
330
30D
100
AcDbEntity
  8
0
 62
9
 60
1
100
AcDbCircle
 10
122.0
 20
-180.0000000000072
 30
0.0
 40
8.0
100
AcDbArc
 50
270.0
 51
0.0
  0
LINE
  5
3D5
330
30D
100
AcDbEntity
  8
0
 62
9
 60
1
100
AcDbLine
 10
122.0
 20
-188.0000000000072
 30
0.0
 11
45.0
 21
-188.0000000000072
 31
0.0
  0
LINE
  5
3D6
330
30D
100
AcDbEntity
  8
0
 62
9
 60
1
100
AcDbLine
 10
40.0
 20
-193.0000000000072
 30
0.0
 11
40.0
 21
-293.0
 31
0.0
  0
ARC
  5
3D7
330
30D
100
AcDbEntity
  8
0
 62
9
 60
1
100
AcDbCircle
 10
32.0
 20
-293.0
 30
0.0
 40
8.0
100
AcDbArc
 50
270.0
 51
0.0
  0
LINE
  5
3D8
330
30D
100
AcDbEntity
  8
0
 62
9
 60
1
100
AcDbLine
 10
0.0
 20
-301.0
 30
0.0
 11
32.0
 21
-301.0
 31
0.0
  0
LINE
  5
3D9
330
30D
100
AcDbEntity
  8
0
 62
9
 60
1
100
AcDbLine
 10
0.0
 20
-184.9999999999999
 30
0.0
 11
33.0
 21
-184.9999999999999
 31
0.0
  0
LINE
  5
3DA
330
30D
100
AcDbEntity
  8
0
 62
9
 60
1
100
AcDbLine
 10
0.0
 20
-192.8029648153533
 30
0.0
 11
40.0
 21
-192.8029648153533
 31
0.0
  0
LINE
  5
3DB
330
30D
100
AcDbEntity
  8
0
 62
9
 60
1
100
AcDbLine
 10
0.0
 20
-211.0000000000073
 30
0.0
 11
39.99999999998545
 21
-211.0
 31
0.0
  0
LINE
  5
3DC
330
30D
100
AcDbEntity
  8
0
 62
9
 60
1
100
AcDbLine
 10
0.0
 20
-217.0
 30
0.0
 11
39.99999999998545
 21
-217.0
 31
0.0
  0
ARC
  5
3DD
330
30D
100
AcDbEntity
  8
0
 62
9
 60
1
100
AcDbCircle
 10
45.0
 20
-193.0000000000072
 30
0.0
 40
5.0
100
AcDbArc
 50
90.0
 51
180.0
  0
LINE
  5
3DE
330
30D
100
AcDbEntity
  8
0
 62
9
 60
1
100
AcDbLine
 10
0.0
 20
27.00000000000003
 30
0.0
 11
121.9999999999854
 21
27.00000000000003
 31
0.0
  0
LINE
  5
3DF
330
30D
100
AcDbEntity
  8
0
 62
9
 60
1
100
AcDbLine
 10
2.0
 20
33.99999999999276
 30
0.0
 11
2.0
 21
27.00000000000003
 31
0.0
  0
LINE
  5
3E0
330
30D
100
AcDbEntity
  8
0
 62
9
 60
1
100
AcDbLine
 10
0.0
 20
33.99999999999276
 30
0.0
 11
2.0
 21
33.99999999999276
 31
0.0
  0
LINE
  5
3E1
330
30D
100
AcDbEntity
  8
0
 62
9
 60
1
100
AcDbLine
 10
0.0
 20
27.00000000000003
 30
0.0
 11
0.0
 21
33.99999999999276
 31
0.0
  0
LINE
  5
3E2
330
30D
100
AcDbEntity
  8
0
 62
9
 60
1
100
AcDbLine
 10
30.0
 20
27.00000000000003
 30
0.0
 11
30.0
 21
35.00000000000003
 31
0.0
  0
LINE
  5
3E3
330
30D
100
AcDbEntity
  8
0
 62
9
 60
1
100
AcDbLine
 10
50.0
 20
27.00000000000003
 30
0.0
 11
50.0
 21
35.00000000000003
 31
0.0
  0
LINE
  5
3E4
330
30D
100
AcDbEntity
  8
0
 62
9
 60
1
100
AcDbLine
 10
0.0
 20
27.00000000000003
 30
0.0
 11
50.0
 21
27.00000000000003
 31
0.0
  0
LINE
  5
3E5
330
30D
100
AcDbEntity
  8
0
 62
9
 60
1
100
AcDbLine
 10
30.0
 20
35.00000000000003
 30
0.0
 11
50.0
 21
35.00000000000003
 31
0.0
  0
ARC
  5
3E6
330
30D
100
AcDbEntity
  8
0
 62
9
 60
1
100
AcDbCircle
 10
121.9999999999854
 20
19.00000000000003
 30
0.0
 40
8.0
100
AcDbArc
 50
0.0
 51
90.0
  0
CIRCLE
  5
3E7
330
30D
100
AcDbEntity
  8
0
 62
2
 60
1
100
AcDbCircle
 10
50.00000000000728
 20
-34.50000000000728
 30
0.0
 40
2.0
  0
CIRCLE
  5
3E8
330
30D
100
AcDbEntity
  8
0
 62
2
 60
1
100
AcDbCircle
 10
-49.99999999999272
 20
-34.50000000000728
 30
0.0
 40
2.0
  0
LWPOLYLINE
  5
3E9
330
30D
100
AcDbEntity
  8
0
 62
2
 60
1
100
AcDbPolyline
 90
4
 70
1
 10
-39.99999999999273
 20
-4.5
 10
40.00000000000727
 20
-4.5
 10
40.00000000000727
 20
-64.50000000000728
 10
-39.99999999999273
 20
-64.50000000000728
  0
INSERT
  5
3EA
330
30D
100
AcDbEntity
  8
0
 62
7
 60
1
100
AcDbBlockReference
  2
A$C39866699
 10
-54.00002574780228
 20
-78.5000121488265
 30
0.0
  0
LWPOLYLINE
  5
3EC
330
30D
100
AcDbEntity
  8
0
 62
6
 60
1
100
AcDbPolyline
 90
8
 70
1
 10
-39.99999999999273
 20
-69.0
 10
40.00000000000727
 20
-69.0
 42
0.4354116300393736
 10
45.00000000000727
 20
-64.50000000000728
 10
45.00000000000727
 20
-4.500000000007275
 42
0.4354116300387431
 10
40.00000000000727
 20
0.0
 10
-39.99999999999273
 20
0.0
 42
0.4354116300387443
 10
-44.99999999999272
 20
-4.500000000007275
 10
-44.99999999999272
 20
-64.50000000000728
 42
0.4354116300393744
  0
LWPOLYLINE
  5
3ED
330
30D
100
AcDbEntity
  8
0
 62
254
 60
1
100
AcDbPolyline
 90
4
 70
1
 10
-22.49999999999273
 20
-45.89785852309432
 10
22.50000000000728
 20
-45.89785852309432
 10
22.50000000000728
 20
-37.89785852309433
 10
-22.49999999999273
 20
-37.89785852309433
  0
LINE
  5
3EE
330
30D
100
AcDbEntity
  8
0
 62
254
 60
1
100
AcDbLine
 10
-22.49999999999273
 20
-41.39785852309432
 30
0.0
 11
22.50000000000728
 21
-41.39785852309432
 31
0.0
  0
LINE
  5
3EF
330
30D
100
AcDbEntity
  8
0
 62
254
 60
1
100
AcDbLine
 10
-22.49999999999273
 20
-42.39785852309433
 30
0.0
 11
22.50000000000728
 21
-42.39785852309433
 31
0.0
  0
LINE
  5
3F0
330
30D
100
AcDbEntity
  8
0
 62
254
 60
1
100
AcDbLine
 10
-25.60845031249483
 20
-41.89785852309433
 30
0.0
 11
-22.49999999999273
 21
-41.89785852309433
 31
0.0
  0
LINE
  5
3F1
330
30D
100
AcDbEntity
  8
0
 62
254
 60
1
100
AcDbLine
 10
-25.60845031249483
 20
-41.89785852309433
 30
0.0
 11
-27.10845031249482
 21
-41.14785852309433
 31
0.0
  0
LINE
  5
3F2
330
30D
100
AcDbEntity
  8
0
 62
254
 60
1
100
AcDbLine
 10
-27.10845031249482
 20
-42.64785852309432
 30
0.0
 11
-25.60845031249483
 21
-41.89785852309433
 31
0.0
  0
LINE
  5
3F3
330
30D
100
AcDbEntity
  8
0
 62
254
 60
1
100
AcDbLine
 10
-33.60845031249482
 20
-42.64785852309432
 30
0.0
 11
-27.10845031249482
 21
-42.64785852309432
 31
0.0
  0
LINE
  5
3F4
330
30D
100
AcDbEntity
  8
0
 62
254
 60
1
100
AcDbLine
 10
-27.10845031249482
 20
-41.14785852309433
 30
0.0
 11
-33.60845031249482
 21
-41.14785852309433
 31
0.0
  0
LINE
  5
3F5
330
30D
100
AcDbEntity
  8
0
 62
254
 60
1
100
AcDbLine
 10
-33.60845031249482
 20
-42.64785852309432
 30
0.0
 11
-32.10845031249482
 21
-41.89785852309433
 31
0.0
  0
LINE
  5
3F6
330
30D
100
AcDbEntity
  8
0
 62
254
 60
1
100
AcDbLine
 10
-32.10845031249482
 20
-41.89785852309433
 30
0.0
 11
-33.60845031249482
 21
-41.14785852309433
 31
0.0
  0
LINE
  5
3F7
330
30D
100
AcDbEntity
  8
0
 62
254
 60
1
100
AcDbLine
 10
22.50000000000728
 20
-41.89785852309433
 30
0.0
 11
26.9112253803105
 21
-41.89785852309433
 31
0.0
  0
LINE
  5
3F8
330
30D
100
AcDbEntity
  8
0
 62
254
 60
1
100
AcDbLine
 10
26.9112253803105
 20
-41.14785852309433
 30
0.0
 11
26.9112253803105
 21
-42.64785852309432
 31
0.0
  0
LINE
  5
3F9
330
30D
100
AcDbEntity
  8
0
 62
254
 60
1
100
AcDbLine
 10
26.9112253803105
 20
-41.14785852309433
 30
0.0
 11
32.9112253803105
 21
-42.09876927113509
 31
0.0
  0
LINE
  5
3FA
330
30D
100
AcDbEntity
  8
0
 62
254
 60
1
100
AcDbLine
 10
32.9112253803105
 20
-42.09876927113509
 30
0.0
 11
26.9112253803105
 21
-42.64785852309432
 31
0.0
  0
MTEXT
  5
3FB
330
30D
100
AcDbEntity
  8
0
 62
126
 60
1
100
AcDbMText
 10
35.00000000000728
 20
-15.41814461119065
 30
0.0
 40
8.0
 41
70.0
 46
0.0
 71
3
 72
5
  1
{\f.VnArial|b0|i0|c0|p34;\C256;00000\C1;0  \C256; kwh}
  0
LWPOLYLINE
  5
3FC
330
30D
100
AcDbEntity
  8
0
 62
8
 60
1
100
AcDbPolyline
 90
4
 70
1
 10
-34.99999999999273
 20
-24.50000000000728
 10
35.00000000000728
 20
-24.50000000000728
 10
35.00000000000728
 20
-14.50000000000727
 10
-34.99999999999273
 20
-14.50000000000727
  0
ENDBLK
  5
30F
330
30D
100
AcDbEntity
  8
0
100
AcDbBlockEnd
  0
BLOCK
  5
3FE
330
3FD
100
AcDbEntity
  8
0
100
AcDbBlockBegin
  2
A$C00294823
 70
0
 10
0.0
 20
0.0
 30
0.0
  3
A$C00294823
  1

  0
CIRCLE
  5
400
330
3FD
100
AcDbEntity
  8
0
 62
2
100
AcDbCircle
 10
104.0000082473998
 20
43.9999871217733
 30
0.0
 40
2.0
  0
CIRCLE
  5
401
330
3FD
100
AcDbEntity
  8
0
 62
2
100
AcDbCircle
 10
4.000008247399819
 20
43.9999871217733
 30
0.0
 40
2.0
  0
LWPOLYLINE
  5
402
330
3FD
100
AcDbEntity
  8
0
 62
2
100
AcDbPolyline
 90
4
 70
1
 10
14.00000824739982
 20
73.9999871217733
 10
94.0000082473998
 20
73.9999871217733
 10
94.0000082473998
 20
13.9999871217733
 10
14.00000824739982
 20
13.9999871217733
  0
INSERT
  5
403
330
3FD
100
AcDbEntity
  8
0
 62
7
100
AcDbBlockReference
  2
A$C39866699
 10
-1.750040974e-05
 20
-2.50270531978e-05
 30
0.0
  0
ENDBLK
  5
3FF
330
3FD
100
AcDbEntity
  8
0
100
AcDbBlockEnd
  0
BLOCK
  5
406
330
405
100
AcDbEntity
  8
0
100
AcDbBlockBegin
  2
A$C39866699
 70
0
 10
0.0
 20
0.0
 30
0.0
  3
A$C39866699
  1

  0
HATCH
  5
408
330
405
100
AcDbEntity
  8
0
 62
6
100
AcDbHatch
 10
0.0
 20
0.0
 30
0.0
210
0.0
220
0.0
230
1.0
  2
ANSI32
 70
0
 71
0
 91
1
 92
7
 72
0
 73
1
 93
4
 10
99.00002574780954
 20
9.5000121488265
 10
99.00002574780954
 20
78.5000121488265
 10
9.000025747809559
 20
78.5000121488265
 10
9.000025747809559
 20
9.5000121488265
 97
1
330
221
 75
0
 76
1
 52
0.0
 41
2.0
 77
0
 78
2
 53
45.0
 43
-81823.46242887295
 44
-46826.47212195379
 45
-13.47038418160373
 46
13.47038418160373
 79
0
 53
45.0
 43
-81814.48216887297
 44
-46826.47212195379
 45
-13.47038418160373
 46
13.47038418160373
 79
0
 47
0.2966199243688408
 98
1
 10
55.97435406681324
 20
43.93429521578219
  0
LWPOLYLINE
  5
409
330
405
100
AcDbEntity
  8
0
 62
6
100
AcDbPolyline
 90
4
 70
1
 10
9.000025747809559
 20
78.5000121488265
 10
99.00002574780954
 20
78.5000121488265
 10
99.00002574780954
 20
9.5000121488265
 10
9.000025747809559
 20
9.5000121488265
  0
LWPOLYLINE
  5
40A
330
405
100
AcDbEntity
  8
0
 62
6
100
AcDbPolyline
 90
4
 70
1
 10
2.57478095591e-05
 20
88.0000121488265
 10
108.0000257478095
 20
88.0000121488265
 10
108.0000257478095
 20
1.21488264995e-05
 10
2.57478095591e-05
 20
1.21488264995e-05
  0
CIRCLE
  5
40B
330
405
100
AcDbEntity
  8
0
 62
6
100
AcDbCircle
 10
4.000025747809558
 20
44.00001214882649
 30
0.0
 40
1.5
  0
CIRCLE
  5
40C
330
405
100
AcDbEntity
  8
0
 62
6
100
AcDbCircle
 10
104.0000257478095
 20
44.00001214882649
 30
0.0
 40
1.5
  0
ENDBLK
  5
407
330
405
100
AcDbEntity
  8
0
100
AcDbBlockEnd
  0
ENDSEC
  0
SECTION
  2
ENTITIES
  0
INSERT
  5
2F
330
17
100
AcDbEntity
  8
0
100
AcDbBlockReference
  2
*U1885
 10
172.04568521102192
 20
379.8822221652699
 30
0.0
  0
ARC
  5
31
330
17
100
AcDbEntity
  8
LAYERDRAW
  6
Continuous
 62
7
 48
2.0
100
AcDbCircle
 10
1079.19098888595
 20
368.67200919686
 30
0.0
 40
20.0
100
AcDbArc
 50
0.0
 51
90.0
  0
LINE
  5
32
330
17
100
AcDbEntity
  8
LAYERDRAW
  6
Continuous
 62
7
 48
2.0
100
AcDbLine
 10
1099.19098888595
 20
368.67200919686
 30
0.0
 11
1099.19098888595
 21
137.3214883533201
 31
0.0
  0
LINE
  5
33
330
17
100
AcDbEntity
  8
LAYERDRAW
  6
Continuous
 62
7
 48
2.0
100
AcDbLine
 10
925.6909888859518
 20
368.67200919686
 30
0.0
 11
925.6909888859518
 21
139.89020451042052
 31
0.0
  0
LWPOLYLINE
  5
34
330
17
100
AcDbEntity
  8
LAYERDRAW
  6
Continuous
 62
7
100
AcDbPolyline
 90
4
 70
0
 10
935.1786560859618
 20
146.13001210561924
 42
-0.0177216558972941
 10
934.5534615205979
 20
148.00543072077926
 10
934.5534615205979
 20
378.4474101418
 42
-0.1686326770000586
 10
939.5926137761999
 20
381.4053828003307
 42
-0.1001519997832127
  0
LWPOLYLINE
  5
35
330
17
100
AcDbEntity
  8
LAYERDRAW
  6
Continuous
 62
7
100
AcDbPolyline
 90
3
 70
0
 10
942.7687481267494
 20
380.31635964334055
 42
-0.0010136862689672
 10
962.3034615205979
 20
380.30324963555904
 10
1010.9022418878594
 20
380.30324963555904
  0
LINE
  5
36
330
17
100
AcDbEntity
  8
LAYERDRAW
  6
Continuous
 62
7
 48
2.0
100
AcDbLine
 10
925.6909888859518
 20
139.89020451042052
 30
0.0
 11
925.6909888859518
 21
137.3214883533201
 31
0.0
  0
LINE
  5
37
330
17
100
AcDbEntity
  8
LAYERDRAW
  6
Continuous
 62
7
 48
2.0
100
AcDbLine
 10
1026.3674458167607
 20
388.67200919686
 30
0.0
 11
945.6909888859536
 21
388.67200919686
 31
0.0
  0
ARC
  5
38
330
17
100
AcDbEntity
  8
LAYERDRAW
  6
Continuous
 62
7
 48
2.0
100
AcDbCircle
 10
945.6909888859536
 20
368.67200919686
 30
0.0
 40
20.0
100
AcDbArc
 50
90.0
 51
180.0
  0
LINE
  5
39
330
17
100
AcDbEntity
  8
LAYERDRAW
  6
Continuous
 62
7
 48
2.0
100
AcDbLine
 10
1026.3674458167607
 20
388.67200919686
 30
0.0
 11
1079.19098888595
 21
388.67200919686
 31
0.0
  0
CIRCLE
  5
3A
330
17
100
AcDbEntity
  8
net dam
  6
ByBlock
 62
3
100
AcDbCircle
 10
1010.9338341151597
 20
393.25394435760063
 30
0.0
 40
3.950686244130338
  0
CIRCLE
  5
3B
330
17
100
AcDbEntity
  8
net dam
  6
ByBlock
 62
3
100
AcDbCircle
 10
1010.9338341151597
 20
393.25394435760063
 30
0.0
 40
2.5
  0
ELLIPSE
  5
3C
330
17
100
AcDbEntity
  8
net dam
  6
ByBlock
100
AcDbEllipse
 10
1059.82192763893
 20
358.9436835719098
 30
0.0
 11
11.33110730326734
 21
0.0
 31
0.0
 40
0.7127484409728578
 41
0.0
 42
6.283185307179586
  0
CIRCLE
  5
3D
330
17
100
AcDbEntity
  8
net dam
  6
ByBlock
100
AcDbCircle
 10
1059.82192763893
 20
334.76810477939944
 30
0.0
 40
7.901372488260676
  0
CIRCLE
  5
3E
330
17
100
AcDbEntity
  8
net dam
  6
ByBlock
100
AcDbCircle
 10
1059.82192763893
 20
334.76810477939034
 30
0.0
 40
5.0
  0
ELLIPSE
  5
3F
330
17
100
AcDbEntity
  8
net dam
  6
ByBlock
100
AcDbEllipse
 10
1012.44098888595
 20
137.3214883533201
 30
0.0
 11
86.74999999999999
 21
0.0
 31
0.0
 40
0.3103664872850163
 41
3.141592653589793
 42
6.283185307179586
  0
ELLIPSE
  5
40
330
17
100
AcDbEntity
  8
net dam
  6
ByBlock
100
AcDbEllipse
 10
1011.7998612529009
 20
148.00543072077926
 30
0.0
 11
-77.24639973230295
 21
9.9187e-12
 31
0.0
 40
0.1912128297068976
 41
4.245e-13
 42
1.55917585554704
  0
CIRCLE
  5
41
330
17
100
AcDbEntity
  8
net dam
  6
ByBlock
100
AcDbCircle
 10
941.9415205221449
 20
154.73614631155033
 30
0.0
 40
2.089731743122683
  0
LINE
  5
42
330
17
100
AcDbEntity
  8
net dam
  6
ByBlock
100
AcDbLine
 10
941.9415205221449
 20
156.8258780546803
 30
0.0
 11
941.9415205221449
 21
152.64641456842946
 31
0.0
  0
LINE
  5
43
330
17
100
AcDbEntity
  8
net dam
  6
ByBlock
100
AcDbLine
 10
942.7687481267494
 20
379.10706681757983
 30
0.0
 11
1010.9022418878594
 21
379.10706681757983
 31
0.0
  0
LINE
  5
44
330
17
100
AcDbEntity
  8
net dam
  6
ByBlock
100
AcDbLine
 10
1076.1134948897707
 20
388.67200919686
 30
0.0
 11
1076.1134948897707
 21
388.67644500935967
 31
0.0
  0
LINE
  5
45
330
17
100
AcDbEntity
  8
net dam
  6
ByBlock
100
AcDbLine
 10
942.7687481267494
 20
380.31635964334055
 30
0.0
 11
942.7687481267494
 21
379.10706681757983
 31
0.0
  0
LINE
  5
46
330
17
100
AcDbEntity
  8
net dam
  6
ByBlock
100
AcDbLine
 10
934.5534615205979
 20
148.00543072077926
 30
0.0
 11
934.5534615205979
 21
153.00543072079017
 31
0.0
  0
ELLIPSE
  5
47
330
17
100
AcDbEntity
  8
net dam
  6
ByBlock
100
AcDbEllipse
 10
1011.7998612529009
 20
153.00543072079017
 30
0.0
 11
-77.24639973230184
 21
8.109e-13
 31
0.0
 40
0.2388088441052669
 41
0.3631987079294416
 42
1.559175855547018
  0
LINE
  5
48
330
17
100
AcDbEntity
  8
net dam
  6
ByBlock
100
AcDbLine
 10
939.851788779024
 20
154.73614631155033
 30
0.0
 11
944.0312522652675
 21
154.73614631155033
 31
0.0
  0
ELLIPSE
  5
49
330
17
100
AcDbEntity
  8
net dam
  6
ByBlock
100
AcDbEllipse
 10
1010.9022418878594
 20
393.25394435760063
 30
0.0
 11
-15.49811908953415
 21
0.0
 31
0.0
 40
0.4049902923320193
 41
3.076407246244247
 42
6.283185307179586
  0
LINE
  5
4A
330
17
100
AcDbEntity
  8
net dam
  6
ByBlock
100
AcDbLine
 10
995.4041227983198
 20
393.25394435760063
 30
0.0
 11
995.4041227983198
 21
388.67200919686
 31
0.0
  0
LINE
  5
4B
330
17
100
AcDbEntity
  8
net dam
  6
ByBlock
100
AcDbLine
 10
1026.3674458167607
 20
393.6627966003398
 30
0.0
 11
1026.3674458167607
 21
388.67200919686
 31
0.0
  0
ELLIPSE
  5
4C
330
17
100
AcDbEntity
  8
net dam
  6
ByBlock
100
AcDbEllipse
 10
1011.7998612529009
 20
282.4459898936493
 30
0.0
 11
-81.00151514973123
 21
0.5391268146736963
 31
0.0
 40
0.227796715254446
 41
0.48526601935114
 42
1.561230759030463
  0
LINE
  5
4D
330
17
100
AcDbEntity
  8
net dam
  6
ByBlock
100
AcDbLine
 10
1007.1856023884393
 20
264.0318072518294
 30
0.0
 11
1007.1856023884393
 21
270.9028401195992
 31
0.0
  0
LINE
  5
4E
330
17
100
AcDbEntity
  8
net dam
  6
ByBlock
100
AcDbLine
 10
1007.1856023884393
 20
270.9028401195992
 30
0.0
 11
950.0151757979766
 21
270.9028401195992
 31
0.0
  0
ELLIPSE
  5
4F
330
17
100
AcDbEntity
  8
net dam
  6
ByBlock
100
AcDbEllipse
 10
1010.0046225228107
 20
286.1703997798195
 30
0.0
 11
77.24639973230596
 21
8.452e-13
 31
0.0
210
0.0
220
0.0
230
-1.0
 40
0.238808844105236
 41
1.607298302927999
 42
2.166704626791471
  0
LINE
  5
50
330
17
100
AcDbEntity
  8
net dam
  6
ByBlock
100
AcDbLine
 10
939.5926137761999
 20
146.45179337075933
 30
0.0
 11
939.5926137761999
 21
387.0303149001302
 31
0.0
  0
LINE
  5
51
330
17
100
AcDbEntity
  8
net dam
  6
ByBlock
100
AcDbLine
 10
950.0369561367261
 20
141.92627067692047
 30
0.0
 11
945.5367745465192
 21
120.18265691960005
 31
0.0
  0
LINE
  5
52
330
17
100
AcDbEntity
  8
net dam
  6
ByBlock
100
AcDbLine
 10
934.5534615205979
 20
153.00543072079017
 30
0.0
 11
926.9362379669619
 21
132.77591636247053
 31
0.0
  0
LINE
  5
53
330
17
100
AcDbEntity
  8
net dam
  6
ByBlock
100
AcDbLine
 10
928.2427357824054
 20
378.4474101418
 30
0.0
 11
939.5926137761999
 21
378.4474101418
 31
0.0
  0
LINE
  5
54
330
17
100
AcDbEntity
  8
net dam
  6
ByBlock
100
AcDbLine
 10
939.5926137761999
 20
387.0303149001302
 30
0.0
 11
940.0926137761999
 21
387.0303149001302
 31
0.0
  0
LINE
  5
55
330
17
100
AcDbEntity
  8
net dam
  6
ByBlock
100
AcDbLine
 10
940.0926137761999
 20
387.0303149001302
 30
0.0
 11
940.0926137761999
 21
274.3161125530296
 31
0.0
  0
LINE
  5
56
330
17
100
AcDbEntity
  8
net dam
  6
ByBlock
100
AcDbLine
 10
1009.495907244951
 20
264.0153192432499
 30
0.0
 11
1009.495907244951
 21
270.9183254826803
 31
0.0
  0
LINE
  5
57
330
17
100
AcDbEntity
  8
net dam
  6
ByBlock
100
AcDbLine
 10
1009.495907244951
 20
270.9183254826803
 30
0.0
 11
1010.9022418878594
 21
270.9183254826803
 31
0.0
  0
CIRCLE
  5
58
330
17
100
AcDbEntity
  8
net dam
  6
ByBlock
100
AcDbCircle
 10
1010.9022418878594
 20
270.9183254826803
 30
0.0
 40
1.406334642902947
  0
LWPOLYLINE
  5
59
330
17
100
AcDbEntity
  8
LAYERDRAW
  6
Continuous
 62
7
100
AcDbPolyline
 90
4
 70
0
 10
1086.6258276897606
 20
146.13001210561924
 42
0.0177216558972941
 10
1087.251022255101
 20
148.00543072077926
 10
1087.251022255101
 20
378.4474101418
 42
0.1686326770000586
 10
1082.2118699995208
 20
381.4053828003307
 42
0.1001519997832127
  0
LWPOLYLINE
  5
5A
330
17
100
AcDbEntity
  8
LAYERDRAW
  6
Continuous
 62
7
100
AcDbPolyline
 90
3
 70
0
 10
1079.0357356489494
 20
380.31635964334055
 42
0.0010136862689672
 10
1059.501022255101
 20
380.30324963555904
 10
1010.9022418878594
 20
380.30324963555904
  0
ELLIPSE
  5
5B
330
17
100
AcDbEntity
  8
net dam
  6
ByBlock
100
AcDbEllipse
 10
1010.0046225228107
 20
148.00543072077926
 30
0.0
 11
77.24639973230295
 21
9.9187e-12
 31
0.0
210
0.0
220
0.0
230
-1.0
 40
0.1912128297068976
 41
4.245e-13
 42
1.55917585554704
  0
CIRCLE
  5
5C
330
17
100
AcDbEntity
  8
net dam
  6
ByBlock
100
AcDbCircle
 10
1079.8629632535703
 20
154.73614631155033
 30
0.0
 40
2.089731743122683
  0
LINE
  5
5D
330
17
100
AcDbEntity
  8
net dam
  6
ByBlock
100
AcDbLine
 10
1079.8629632535703
 20
156.8258780546803
 30
0.0
 11
1079.8629632535703
 21
152.64641456842946
 31
0.0
  0
LINE
  5
5E
330
17
100
AcDbEntity
  8
net dam
  6
ByBlock
100
AcDbLine
 10
1079.0357356489494
 20
379.10706681757983
 30
0.0
 11
1010.9022418878594
 21
379.10706681757983
 31
0.0
  0
LINE
  5
5F
330
17
100
AcDbEntity
  8
net dam
  6
ByBlock
100
AcDbLine
 10
1079.0357356489494
 20
380.31635964334055
 30
0.0
 11
1079.0357356489494
 21
379.10706681757983
 31
0.0
  0
LINE
  5
60
330
17
100
AcDbEntity
  8
net dam
  6
ByBlock
100
AcDbLine
 10
1087.251022255101
 20
148.00543072077926
 30
0.0
 11
1087.251022255101
 21
153.00543072079017
 31
0.0
  0
ELLIPSE
  5
61
330
17
100
AcDbEntity
  8
net dam
  6
ByBlock
100
AcDbEllipse
 10
1010.0046225228107
 20
153.00543072079017
 30
0.0
 11
77.24639973230184
 21
8.109e-13
 31
0.0
210
0.0
220
0.0
230
-1.0
 40
0.2388088441052669
 41
0.3631987079294416
 42
1.559175855547018
  0
LINE
  5
62
330
17
100
AcDbEntity
  8
net dam
  6
ByBlock
100
AcDbLine
 10
1081.9526949966894
 20
154.73614631155033
 30
0.0
 11
1077.7732315104495
 21
154.73614631155033
 31
0.0
  0
ELLIPSE
  5
63
330
17
100
AcDbEntity
  8
net dam
  6
ByBlock
100
AcDbEllipse
 10
1010.0046225228107
 20
282.4459898936493
 30
0.0
 11
81.00151514973123
 21
0.5391268146736963
 31
0.0
210
0.0
220
0.0
230
-1.0
 40
0.227796715254446
 41
0.48526601935114
 42
1.561230759030463
  0
LINE
  5
64
330
17
100
AcDbEntity
  8
net dam
  6
ByBlock
100
AcDbLine
 10
1014.6188813872704
 20
264.0318072518294
 30
0.0
 11
1014.6188813872704
 21
270.9028401195992
 31
0.0
  0
LINE
  5
65
330
17
100
AcDbEntity
  8
net dam
  6
ByBlock
100
AcDbLine
 10
1014.6188813872704
 20
270.9028401195992
 30
0.0
 11
1071.7893079777295
 21
270.9028401195992
 31
0.0
  0
ELLIPSE
  5
66
330
17
100
AcDbEntity
  8
net dam
  6
ByBlock
100
AcDbEllipse
 10
1011.7998612529009
 20
286.1703997798195
 30
0.0
 11
-77.24639973230596
 21
8.452e-13
 31
0.0
 40
0.238808844105236
 41
1.607298302927999
 42
2.166704626791471
  0
LINE
  5
67
330
17
100
AcDbEntity
  8
net dam
  6
ByBlock
100
AcDbLine
 10
1082.2118699995208
 20
146.45179337075933
 30
0.0
 11
1082.2118699995208
 21
387.0303149001302
 31
0.0
  0
LINE
  5
68
330
17
100
AcDbEntity
  8
net dam
  6
ByBlock
100
AcDbLine
 10
1071.767527638991
 20
141.92627067692047
 30
0.0
 11
1076.2677092291797
 21
120.18265691960005
 31
0.0
  0
LINE
  5
69
330
17
100
AcDbEntity
  8
net dam
  6
ByBlock
100
AcDbLine
 10
1087.251022255101
 20
153.00543072079017
 30
0.0
 11
1094.8682458087605
 21
132.77591636247053
 31
0.0
  0
LINE
  5
6A
330
17
100
AcDbEntity
  8
net dam
  6
ByBlock
100
AcDbLine
 10
1093.5617479933098
 20
378.4474101418
 30
0.0
 11
1082.2118699995208
 21
378.4474101418
 31
0.0
  0
LINE
  5
6B
330
17
100
AcDbEntity
  8
net dam
  6
ByBlock
100
AcDbLine
 10
1082.2118699995208
 20
387.0303149001302
 30
0.0
 11
1081.7118699995208
 21
387.0303149001302
 31
0.0
  0
LINE
  5
6C
330
17
100
AcDbEntity
  8
net dam
  6
ByBlock
100
AcDbLine
 10
1081.7118699995208
 20
387.0303149001302
 30
0.0
 11
1081.7118699995208
 21
274.3161125530296
 31
0.0
  0
LINE
  5
6D
330
17
100
AcDbEntity
  8
net dam
  6
ByBlock
100
AcDbLine
 10
1012.3085765307605
 20
264.0153192432499
 30
0.0
 11
1012.3085765307605
 21
270.9183254826803
 31
0.0
  0
LINE
  5
6E
330
17
100
AcDbEntity
  8
net dam
  6
ByBlock
100
AcDbLine
 10
1012.3085765307605
 20
270.9183254826803
 30
0.0
 11
1010.9022418878594
 21
270.9183254826803
 31
0.0
  0
LINE
  5
6F
330
17
100
AcDbEntity
  8
net dam
  6
ByBlock
100
AcDbLine
 10
925.6909888859518
 20
253.1195931937491
 30
0.0
 11
1099.19098888595
 21
253.11959319374
 31
0.0
  0
CIRCLE
  5
70
330
17
100
AcDbEntity
  8
net dam
  6
ByBlock
 62
3
100
AcDbCircle
 10
937.2403026418178
 20
184.25394435760063
 30
0.0
 40
3.950686244130338
  0
CIRCLE
  5
71
330
17
100
AcDbEntity
  8
net dam
  6
ByBlock
 62
3
100
AcDbCircle
 10
937.2403026418178
 20
184.25394435760063
 30
0.0
 40
2.5
  0
CIRCLE
  5
72
330
17
100
AcDbEntity
  8
net dam
  6
ByBlock
 62
3
100
AcDbCircle
 10
1087.2403026418197
 20
184.25394435760063
 30
0.0
 40
3.950686244130338
  0
CIRCLE
  5
73
330
17
100
AcDbEntity
  8
net dam
  6
ByBlock
 62
3
100
AcDbCircle
 10
1087.2403026418197
 20
184.25394435760063
 30
0.0
 40
2.5
  0
TEXT
  5
74
330
17
100
AcDbEntity
  8
LOPVE
 62
7
100
AcDbText
 10
1020.7465518841
 20
230.02335995684007
 30
0.0
 40
12.5
  1
A1700
  7
VNAVANT
100
AcDbText
  0
LINE
  5
75
330
17
100
AcDbEntity
  8
LAYERDRAW
  6
Continuous
 62
7
 48
2.0
100
AcDbLine
 10
1170.8807162086305
 20
110.39719558135039
 30
0.0
 11
1206.2950658496393
 21
110.39719558135039
 31
0.0
  0
LINE
  5
76
330
17
100
AcDbEntity
  8
LAYERDRAW
  6
Continuous
 62
7
 48
2.0
100
AcDbLine
 10
1251.9638325669803
 20
369.40851530067994
 30
0.0
 11
1251.7418673473294
 21
153.00543072079017
 31
0.0
  0
ARC
  5
77
330
17
100
AcDbEntity
  8
LAYERDRAW
  6
Continuous
 62
7
 48
2.0
100
AcDbCircle
 10
1234.607467375341
 20
369.9984589904907
 30
0.0
 40
17.36638840468798
100
AcDbArc
 50
358.0532631644808
 51
59.69153485503431
  0
LINE
  5
78
330
17
100
AcDbEntity
  8
net dam
  6
ByBlock
100
AcDbLine
 10
1170.8807162086305
 20
388.67200919686
 30
0.0
 11
1206.2888274676807
 21
388.67200919686
 31
0.0
  0
LINE
  5
79
330
17
100
AcDbEntity
  8
net dam
  6
ByBlock
100
AcDbLine
 10
1206.2888274676807
 20
388.67200919686
 30
0.0
 11
1243.3715052485604
 21
384.99122679299035
 31
0.0
  0
LINE
  5
7A
330
17
100
AcDbEntity
  8
net dam
  6
ByBlock
100
AcDbLine
 10
1206.2888274676807
 20
388.67200919686
 30
0.0
 11
1206.2888274676807
 21
232.11664773945995
 31
0.0
  0
LINE
  5
7B
330
17
100
AcDbEntity
  8
LAYERDRAW
  6
Continuous
 62
7
 48
2.0
100
AcDbLine
 10
1244.96128836559
 20
371.46695295052996
 30
0.0
 11
1244.7295697319005
 21
153.00543072079017
 31
0.0
  0
LINE
  5
7C
330
17
100
AcDbEntity
  8
net dam
  6
ByBlock
100
AcDbLine
 10
1170.8807162086305
 20
381.4808649422903
 30
0.0
 11
1234.96129804279
 21
381.4808649422903
 31
0.0
  0
ARC
  5
7D
330
17
100
AcDbEntity
  8
net dam
  6
ByBlock
100
AcDbCircle
 10
1234.96129804279
 20
371.4808649422903
 30
0.0
 40
10.0
100
AcDbArc
 50
359.920290133383
 51
90.0
  0
LINE
  5
7E
330
17
100
AcDbEntity
  8
net dam
  6
ByBlock
100
AcDbLine
 10
1170.8807162086305
 20
388.67200919686
 30
0.0
 11
1170.8807162086305
 21
110.39719558135039
 31
0.0
  0
LINE
  5
7F
330
17
100
AcDbEntity
  8
net dam
  6
ByBlock
100
AcDbLine
 10
1244.7966434569698
 20
253.11959319374
 30
0.0
 11
1244.7966434569698
 21
248.11959319374
 31
0.0
  0
LINE
  5
80
330
17
100
AcDbEntity
  8
net dam
  6
ByBlock
100
AcDbLine
 10
1244.7966434569698
 20
248.11959319374
 30
0.0
 11
1244.7940469784899
 21
251.25323500785998
 31
0.0
  0
LINE
  5
81
330
17
100
AcDbEntity
  8
net dam
  6
ByBlock
100
AcDbLine
 10
1244.7940469784899
 20
251.25323500785998
 30
0.0
 11
1242.3812526342208
 21
251.25323500785998
 31
0.0
  0
LINE
  5
82
330
17
100
AcDbEntity
  8
net dam
  6
ByBlock
100
AcDbLine
 10
1242.3812526342208
 20
251.25323500785998
 30
0.0
 11
1214.670020486621
 21
232.11664773945995
 31
0.0
  0
LINE
  5
83
330
17
100
AcDbEntity
  8
net dam
  6
ByBlock
100
AcDbLine
 10
1214.670020486601
 20
232.11664773945995
 30
0.0
 11
1206.2888274676807
 21
232.11664773945995
 31
0.0
  0
LINE
  5
84
330
17
100
AcDbEntity
  8
net dam
  6
ByBlock
100
AcDbLine
 10
1202.7239493876696
 20
233.36920098050905
 30
0.0
 11
1170.8807162086305
 21
231.03703327380026
 31
0.0
  0
LINE
  5
85
330
17
100
AcDbEntity
  8
net dam
  6
ByBlock
100
AcDbLine
 10
1202.7239493876696
 20
233.36920098050905
 30
0.0
 11
1206.2888274676807
 21
235.70144071216055
 31
0.0
  0
LINE
  5
86
330
17
100
AcDbEntity
  8
net dam
  6
ByBlock
100
AcDbLine
 10
1210.47942397714
 20
232.11664773945995
 30
0.0
 11
1210.47942397714
 21
209.35046649935066
 31
0.0
  0
LINE
  5
87
330
17
100
AcDbEntity
  8
net dam
  6
ByBlock
100
AcDbLine
 10
1210.47942397714
 20
209.35046649935066
 30
0.0
 11
1170.8807162086305
 21
209.35046649935066
 31
0.0
  0
ARC
  5
88
330
17
100
AcDbEntity
  8
net dam
  6
ByBlock
100
AcDbCircle
 10
1170.423372308811
 20
194.20002050673065
 30
0.0
 40
91.15751128108191
100
AcDbArc
 50
293.1732849117475
 51
333.1339888799694
  0
ARC
  5
89
330
17
100
AcDbEntity
  8
net dam
  6
ByBlock
100
AcDbCircle
 10
1156.7223131298397
 20
204.64052260547942
 30
0.0
 40
102.046646950427
100
AcDbArc
 50
299.4333117613931
 51
329.6025758277481
  0
LINE
  5
8A
330
17
100
AcDbEntity
  8
LAYERDRAW
  6
Continuous
 62
7
 48
2.0
100
AcDbLine
 10
1170.8807162086305
 20
115.76521470368971
 30
0.0
 11
1206.8690757291206
 21
115.76521470368971
 31
0.0
  0
HATCH
  5
8B
330
17
100
AcDbEntity
  8
0
 62
66
100
AcDbHatch
 10
0.0
 20
0.0
 30
0.0
210
0.0
220
0.0
230
1.0
  2
SOLID
 70
1
 71
0
 91
2
 92
7
 72
1
 73
1
 93
2
 10
953.4957617869968
 20
293.77864988705005
 42
1.0
 10
979.231358854362
 20
293.77864988705005
 42
1.0
 97
0
 92
22
 72
1
 73
1
 93
2
 10
972.3025552110066
 20
293.77864988705005
 42
-1.0
 10
960.4245654303522
 20
293.77864988705005
 42
-1.0
 97
0
 75
0
 76
1
 47
0.186966979135799
 98
2
 10
9980.798452519219
 20
11388.31722221631
 10
9980.798452519219
 20
11388.31722221631
450
0
451
0
460
0.0
461
0.0
452
0
462
0.0
453
0
470

  0
CIRCLE
  5
8C
330
17
100
AcDbEntity
  8
0
100
AcDbCircle
 10
966.3635603206785
 20
293.77864988705005
 30
0.0
 40
12.86779853368625
  0
CIRCLE
  5
8D
330
17
100
AcDbEntity
  8
0
100
AcDbCircle
 10
966.3635603206785
 20
293.77864988705005
 30
0.0
 40
5.938994890323556
  0
LINE
  5
8E
330
17
100
AcDbEntity
  8
0
100
AcDbLine
 10
967.5296067413019
 20
297.12252678793993
 30
0.0
 11
964.5784895332908
 21
293.2671273242504
 31
0.0
  0
LINE
  5
8F
330
17
100
AcDbEntity
  8
0
100
AcDbLine
 10
968.4376369644015
 20
295.6484046450605
 30
0.0
 11
965.0325046448434
 21
291.1693385071594
 31
0.0
  0
LINE
  5
90
330
17
100
AcDbEntity
  8
0
100
AcDbLine
 10
969.5726842347503
 20
294.23097719016914
 30
0.0
 11
965.146013168458
 21
288.9014606048204
 31
0.0
  0
LINE
  5
91
330
17
100
AcDbEntity
  8
0
100
AcDbLine
 10
966.6697172684217
 20
298.4206799873191
 30
0.0
 11
962.3259067599738
 21
292.8854989146803
 31
0.0
  0
INSERT
  5
92
330
17
100
AcDbEntity
  8
0
 62
7
100
AcDbBlockReference
  2
A$C00294823
 10
943.3556357408816
 20
300.99226340785026
 30
0.0
  0
LWPOLYLINE
  5
94
330
17
100
AcDbEntity
  8
0
100
AcDbPolyline
 90
4
 70
1
 10
957.3556439882814
 20
366.21928480829956
 10
1037.3556439882796
 20
366.21928480829956
 10
1037.3556439882796
 20
332.5789687191991
 10
957.3556439882814
 20
332.5789687191991
  0
LWPOLYLINE
  5
95
330
17
100
AcDbEntity
  8
0
100
AcDbPolyline
 90
3
 70
0
 10
960.20480523068
 20
343.2292950801402
 10
960.20480523068
 20
350.80378041259974
 42
-0.1730033431015677
 10
960.4305321885913
 20
351.4366320984591
 42
-0.1730033431015677
  0
LWPOLYLINE
  5
96
330
17
100
AcDbEntity
  8
0
100
AcDbPolyline
 90
4
 70
0
 10
960.5719535448297
 20
351.57805345469933
 42
-0.1730033431015782
 10
961.2048052306782
 20
351.80378041259974
 10
967.0661745544203
 20
351.80378041259974
 42
-0.1730033431015092
 10
967.6990262402687
 20
351.57805345469933
  0
LWPOLYLINE
  5
97
330
17
100
AcDbEntity
  8
0
100
AcDbPolyline
 90
3
 70
0
 10
967.8404475965071
 20
351.4366320984591
 42
-0.1730033431016178
 10
968.0661745544203
 20
350.80378041259974
 10
968.0661745544203
 20
343.2292950801402
  0
LWPOLYLINE
  5
98
330
17
100
AcDbEntity
  8
0
100
AcDbPolyline
 90
3
 70
0
 10
968.0661745544203
 20
343.0757007296397
 10
968.0661745544203
 20
335.503208824779
 42
-0.1730033431016471
 10
967.8404475965071
 20
334.87035713893056
 42
-0.1730033431016471
  0
LWPOLYLINE
  5
99
330
17
100
AcDbEntity
  8
0
100
AcDbPolyline
 90
4
 70
0
 10
967.6990262402687
 20
334.7289357826994
 42
-0.173003343101521
 10
967.0661745544203
 20
334.503208824779
 10
961.2048052306782
 20
334.503208824779
 42
-0.1600535475041646
 10
960.6117646751536
 20
334.6980362349095
 42
-0.1600535475041646
  0
LWPOLYLINE
  5
9A
330
17
100
AcDbEntity
  8
0
100
AcDbPolyline
 90
3
 70
0
 10
960.399632640796
 20
334.9101682692599
 42
-0.1600535475041259
 10
960.20480523068
 20
335.503208824779
 10
960.20480523068
 20
343.0757007296397
  0
LWPOLYLINE
  5
9B
330
17
100
AcDbEntity
  8
0
100
AcDbPolyline
 90
3
 70
0
 10
966.2661745544174
 20
342.03485155264934
 10
966.2661745544174
 20
337.003208824779
 42
-0.1616783592796193
 10
966.1271541105671
 20
336.58451808262
 42
-0.1616783592796193
  0
LWPOLYLINE
  5
9C
330
17
100
AcDbEntity
  8
0
100
AcDbPolyline
 90
4
 70
0
 10
965.9861745544185
 20
336.4432088247904
 42
-0.1622776601682571
 10
965.5661745544203
 20
336.3032088247892
 10
962.7048052306782
 20
336.3032088247892
 42
-0.1433289715803103
 10
962.327394257707
 20
336.41366581745933
 42
-0.1433289715803103
  0
LWPOLYLINE
  5
9D
330
17
100
AcDbEntity
  8
0
100
AcDbPolyline
 90
3
 70
0
 10
962.1152622233494
 20
336.6257978518206
 42
-0.1433289715802567
 10
962.0048052306829
 20
337.003208824779
 10
962.0048052306829
 20
342.03485155264934
  0
LWPOLYLINE
  5
9E
330
17
100
AcDbEntity
  8
0
100
AcDbPolyline
 90
3
 70
0
 10
962.0048052306829
 20
344.2718483792505
 10
962.0048052306829
 20
349.30378041259974
 42
-0.1619055040017489
 10
962.1441966040002
 20
349.7229676830393
 42
-0.1619055040017489
  0
LWPOLYLINE
  5
9F
330
17
100
AcDbEntity
  8
0
100
AcDbPolyline
 90
4
 70
0
 10
962.2856179602386
 20
349.86438903927956
 42
-0.1619055040018182
 10
962.7048052306782
 20
350.00378041260046
 10
965.5661745544203
 20
350.00378041260046
 42
-0.1619055040018182
 10
965.9853618248617
 20
349.86438903927956
  0
LWPOLYLINE
  5
A0
330
17
100
AcDbEntity
  8
0
100
AcDbPolyline
 90
3
 70
0
 10
966.1267831810983
 20
349.7229676830393
 42
-0.1619055040017489
 10
966.2661745544174
 20
349.30378041259974
 10
966.2661745544174
 20
344.2718483792505
  0
LINE
  5
A1
330
17
100
AcDbEntity
  8
0
100
AcDbLine
 10
962.1441966040002
 20
349.7229676830393
 30
0.0
 11
960.4269877713687
 21
351.440176515669
 31
0.0
  0
LINE
  5
A2
330
17
100
AcDbEntity
  8
0
100
AcDbLine
 10
962.2856179602386
 20
349.86438903927956
 30
0.0
 11
960.5684091276071
 21
351.58159787190925
 31
0.0
  0
LINE
  5
A3
330
17
100
AcDbEntity
  8
0
100
AcDbLine
 10
966.1267831810983
 20
349.7229676830393
 30
0.0
 11
967.8439920137171
 21
351.440176515669
 31
0.0
  0
LINE
  5
A4
330
17
100
AcDbEntity
  8
0
100
AcDbLine
 10
965.9853618248617
 20
349.86438903927956
 30
0.0
 11
967.7025706574786
 21
351.58159787190925
 31
0.0
  0
LINE
  5
A5
330
17
100
AcDbEntity
  8
0
100
AcDbLine
 10
962.327394257707
 20
336.41366581745933
 30
0.0
 11
960.6117646751536
 21
334.6980362349095
 31
0.0
  0
LINE
  5
A6
330
17
100
AcDbEntity
  8
0
100
AcDbLine
 10
962.1152622233494
 20
336.6257978518206
 30
0.0
 11
960.399632640796
 21
334.9101682692599
 31
0.0
  0
LINE
  5
A7
330
17
100
AcDbEntity
  8
0
100
AcDbLine
 10
965.9861745544185
 20
336.4432088247904
 30
0.0
 11
967.7025706574786
 21
334.7253913654804
 31
0.0
  0
LINE
  5
A8
330
17
100
AcDbEntity
  8
0
100
AcDbLine
 10
966.1271541105671
 20
336.58451808262
 30
0.0
 11
967.8439920137171
 21
334.86681272172063
 31
0.0
  0
LWPOLYLINE
  5
A9
330
17
100
AcDbEntity
  8
0
100
AcDbPolyline
 90
2
 70
0
 10
966.2661745544174
 20
342.25349461868973
 10
962.0048052306829
 20
342.25349461868973
  0
LWPOLYLINE
  5
AA
330
17
100
AcDbEntity
  8
0
100
AcDbPolyline
 90
2
 70
0
 10
962.0048052306829
 20
344.0534946186999
 10
966.2661745544174
 20
344.0534946186999
  0
LINE
  5
AB
330
17
100
AcDbEntity
  8
0
100
AcDbLine
 10
962.0048052306829
 20
344.0534946186999
 30
0.0
 11
960.5418569225003
 21
343.1534946187003
 31
0.0
  0
LINE
  5
AC
330
17
100
AcDbEntity
  8
0
100
AcDbLine
 10
962.0048052306829
 20
344.2718483792505
 30
0.0
 11
960.20480523068
 21
343.2292950801402
 31
0.0
  0
LINE
  5
AD
330
17
100
AcDbEntity
  8
0
100
AcDbLine
 10
960.5418569225003
 20
343.1534946187003
 30
0.0
 11
962.0048052306829
 21
342.25349461868973
 31
0.0
  0
LINE
  5
AE
330
17
100
AcDbEntity
  8
0
100
AcDbLine
 10
960.20480523068
 20
343.0757007296397
 30
0.0
 11
962.0048052306829
 21
342.03485155264934
 31
0.0
  0
LINE
  5
AF
330
17
100
AcDbEntity
  8
0
100
AcDbLine
 10
966.2661745544174
 20
344.0534946186999
 30
0.0
 11
967.7291228625982
 21
343.1534946187003
 31
0.0
  0
LINE
  5
B0
330
17
100
AcDbEntity
  8
0
100
AcDbLine
 10
967.7291228625982
 20
343.1534946187003
 30
0.0
 11
966.2661745544174
 21
342.25349461868973
 31
0.0
  0
LINE
  5
B1
330
17
100
AcDbEntity
  8
0
100
AcDbLine
 10
966.2661745544174
 20
344.2718483792505
 30
0.0
 11
968.0661745544203
 21
343.2292950801402
 31
0.0
  0
LINE
  5
B2
330
17
100
AcDbEntity
  8
0
100
AcDbLine
 10
968.0661745544203
 20
343.0757007296397
 30
0.0
 11
966.2661745544174
 21
342.03485155264934
 31
0.0
  0
LWPOLYLINE
  5
B3
330
17
100
AcDbEntity
  8
0
100
AcDbPolyline
 90
3
 70
0
 10
969.5855572637392
 20
343.2292950801402
 10
969.5855572637392
 20
350.80378041259974
 42
-0.1730033431015677
 10
969.811284221636
 20
351.4366320984591
 42
-0.1730033431015677
  0
LWPOLYLINE
  5
B4
330
17
100
AcDbEntity
  8
0
100
AcDbPolyline
 90
4
 70
0
 10
969.9527055778744
 20
351.57805345469933
 42
-0.1730033431015782
 10
970.5855572637356
 20
351.80378041259974
 10
976.446926587465
 20
351.80378041259974
 42
-0.1730033431015092
 10
977.079778273328
 20
351.57805345469933
  0
LWPOLYLINE
  5
B5
330
17
100
AcDbEntity
  8
0
100
AcDbPolyline
 90
3
 70
0
 10
977.2211996295646
 20
351.4366320984591
 42
-0.1730033431016178
 10
977.4469265874668
 20
350.80378041259974
 10
977.4469265874668
 20
343.2292950801402
  0
LWPOLYLINE
  5
B6
330
17
100
AcDbEntity
  8
0
100
AcDbPolyline
 90
3
 70
0
 10
977.4469265874668
 20
343.0757007296397
 10
977.4469265874668
 20
335.503208824779
 42
-0.1730033431016471
 10
977.2211996295646
 20
334.87035713893056
 42
-0.1730033431016471
  0
LWPOLYLINE
  5
B7
330
17
100
AcDbEntity
  8
0
100
AcDbPolyline
 90
4
 70
0
 10
977.079778273328
 20
334.7289357826994
 42
-0.173003343101521
 10
976.446926587465
 20
334.503208824779
 10
970.5855572637356
 20
334.503208824779
 42
-0.1600535475041646
 10
969.9925167081965
 20
334.6980362349095
 42
-0.1600535475041646
  0
LWPOLYLINE
  5
B8
330
17
100
AcDbEntity
  8
0
100
AcDbPolyline
 90
3
 70
0
 10
969.7803846738534
 20
334.9101682692599
 42
-0.1600535475041259
 10
969.5855572637392
 20
335.503208824779
 10
969.5855572637392
 20
343.0757007296397
  0
LWPOLYLINE
  5
B9
330
17
100
AcDbEntity
  8
0
100
AcDbPolyline
 90
3
 70
0
 10
975.6469265874766
 20
342.03485155264934
 10
975.6469265874766
 20
337.003208824779
 42
-0.1616783592796193
 10
975.5079061436263
 20
336.58451808262
 42
-0.1616783592796193
  0
LWPOLYLINE
  5
BA
330
17
100
AcDbEntity
  8
0
100
AcDbPolyline
 90
4
 70
0
 10
975.3669265874632
 20
336.4432088247904
 42
-0.1622776601682571
 10
974.946926587465
 20
336.3032088247892
 10
972.0855572637356
 20
336.3032088247892
 42
-0.1433289715803103
 10
971.7081462907663
 20
336.41366581745933
 42
-0.1433289715803103
  0
LWPOLYLINE
  5
BB
330
17
100
AcDbEntity
  8
0
100
AcDbPolyline
 90
3
 70
0
 10
971.4960142564087
 20
336.6257978518206
 42
-0.1433289715802567
 10
971.3855572637276
 20
337.003208824779
 10
971.3855572637276
 20
342.03485155264934
  0
LWPOLYLINE
  5
BC
330
17
100
AcDbEntity
  8
0
100
AcDbPolyline
 90
3
 70
0
 10
971.3855572637276
 20
344.2718483792505
 10
971.3855572637276
 20
349.30378041259974
 42
-0.1619055040017489
 10
971.5249486370576
 20
349.7229676830393
 42
-0.1619055040017489
  0
LWPOLYLINE
  5
BD
330
17
100
AcDbEntity
  8
0
100
AcDbPolyline
 90
4
 70
0
 10
971.6663699932978
 20
349.86438903927956
 42
-0.1619055040018182
 10
972.0855572637356
 20
350.00378041260046
 10
974.946926587465
 20
350.00378041260046
 42
-0.1619055040018182
 10
975.3661138579046
 20
349.86438903927956
  0
LWPOLYLINE
  5
BE
330
17
100
AcDbEntity
  8
0
100
AcDbPolyline
 90
3
 70
0
 10
975.507535214143
 20
349.7229676830393
 42
-0.1619055040017489
 10
975.6469265874639
 20
349.30378041259974
 10
975.6469265874639
 20
344.2718483792505
  0
LINE
  5
BF
330
17
100
AcDbEntity
  8
0
100
AcDbLine
 10
971.5249486370576
 20
349.7229676830393
 30
0.0
 11
969.8077398044261
 21
351.440176515669
 31
0.0
  0
LINE
  5
C0
330
17
100
AcDbEntity
  8
0
100
AcDbLine
 10
971.6663699932978
 20
349.86438903927956
 30
0.0
 11
969.9491611606645
 21
351.58159787190925
 31
0.0
  0
LINE
  5
C1
330
17
100
AcDbEntity
  8
0
100
AcDbLine
 10
975.507535214143
 20
349.7229676830393
 30
0.0
 11
977.2247440467763
 21
351.440176515669
 31
0.0
  0
LINE
  5
C2
330
17
100
AcDbEntity
  8
0
100
AcDbLine
 10
975.3661138579046
 20
349.86438903927956
 30
0.0
 11
977.0833226905379
 21
351.58159787190925
 31
0.0
  0
LINE
  5
C3
330
17
100
AcDbEntity
  8
0
100
AcDbLine
 10
971.7081462907663
 20
336.41366581745933
 30
0.0
 11
969.9925167081965
 21
334.6980362349095
 31
0.0
  0
LINE
  5
C4
330
17
100
AcDbEntity
  8
0
100
AcDbLine
 10
971.4960142564087
 20
336.6257978518206
 30
0.0
 11
969.7803846738534
 21
334.9101682692599
 31
0.0
  0
LINE
  5
C5
330
17
100
AcDbEntity
  8
0
100
AcDbLine
 10
975.3669265874632
 20
336.4432088247904
 30
0.0
 11
977.0833226905379
 21
334.7253913654804
 31
0.0
  0
LINE
  5
C6
330
17
100
AcDbEntity
  8
0
100
AcDbLine
 10
975.5079061436263
 20
336.58451808262
 30
0.0
 11
977.2247440467763
 21
334.86681272172063
 31
0.0
  0
LWPOLYLINE
  5
C7
330
17
100
AcDbEntity
  8
0
100
AcDbPolyline
 90
2
 70
0
 10
975.6469265874766
 20
342.25349461868973
 10
971.3855572637276
 20
342.25349461868973
  0
LWPOLYLINE
  5
C8
330
17
100
AcDbEntity
  8
0
100
AcDbPolyline
 90
2
 70
0
 10
971.3855572637276
 20
344.0534946186999
 10
975.6469265874639
 20
344.0534946186999
  0
LINE
  5
C9
330
17
100
AcDbEntity
  8
0
100
AcDbLine
 10
971.3855572637276
 20
344.0534946186999
 30
0.0
 11
969.922608955545
 21
343.1534946187003
 31
0.0
  0
LINE
  5
CA
330
17
100
AcDbEntity
  8
0
100
AcDbLine
 10
971.3855572637276
 20
344.2718483792505
 30
0.0
 11
969.5855572637392
 21
343.2292950801402
 31
0.0
  0
LINE
  5
CB
330
17
100
AcDbEntity
  8
0
100
AcDbLine
 10
969.922608955545
 20
343.1534946187003
 30
0.0
 11
971.3855572637276
 21
342.25349461868973
 31
0.0
  0
LINE
  5
CC
330
17
100
AcDbEntity
  8
0
100
AcDbLine
 10
969.5855572637392
 20
343.0757007296397
 30
0.0
 11
971.3855572637276
 21
342.03485155264934
 31
0.0
  0
LINE
  5
CD
330
17
100
AcDbEntity
  8
0
100
AcDbLine
 10
975.6469265874639
 20
344.0534946186999
 30
0.0
 11
977.1098748956574
 21
343.1534946187003
 31
0.0
  0
LINE
  5
CE
330
17
100
AcDbEntity
  8
0
100
AcDbLine
 10
977.1098748956574
 20
343.1534946187003
 30
0.0
 11
975.6469265874766
 21
342.25349461868973
 31
0.0
  0
LINE
  5
CF
330
17
100
AcDbEntity
  8
0
100
AcDbLine
 10
975.6469265874639
 20
344.2718483792505
 30
0.0
 11
977.4469265874668
 21
343.2292950801402
 31
0.0
  0
LINE
  5
D0
330
17
100
AcDbEntity
  8
0
100
AcDbLine
 10
977.4469265874668
 20
343.0757007296397
 30
0.0
 11
975.6469265874766
 21
342.03485155264934
 31
0.0
  0
LWPOLYLINE
  5
D1
330
17
100
AcDbEntity
  8
0
100
AcDbPolyline
 90
3
 70
0
 10
978.966309296784
 20
343.2292950801402
 10
978.966309296784
 20
350.80378041259974
 42
-0.1730033431015677
 10
979.1920362546971
 20
351.4366320984591
 42
-0.1730033431015677
  0
LWPOLYLINE
  5
D2
330
17
100
AcDbEntity
  8
0
100
AcDbPolyline
 90
4
 70
0
 10
979.3334576109337
 20
351.57805345469933
 42
-0.1730033431015782
 10
979.9663092967821
 20
351.80378041259974
 10
985.8276786205261
 20
351.80378041259974
 42
-0.1730033431015092
 10
986.4605303063727
 20
351.57805345469933
  0
LWPOLYLINE
  5
D3
330
17
100
AcDbEntity
  8
0
100
AcDbPolyline
 90
3
 70
0
 10
986.6019516626111
 20
351.4366320984591
 42
-0.1730033431016178
 10
986.8276786205242
 20
350.80378041259974
 10
986.8276786205242
 20
343.2292950801402
  0
LWPOLYLINE
  5
D4
330
17
100
AcDbEntity
  8
0
100
AcDbPolyline
 90
3
 70
0
 10
986.8276786205242
 20
343.0757007296397
 10
986.8276786205242
 20
335.503208824779
 42
-0.1730033431016471
 10
986.6019516626111
 20
334.87035713893056
 42
-0.1730033431016471
  0
LWPOLYLINE
  5
D5
330
17
100
AcDbEntity
  8
0
100
AcDbPolyline
 90
4
 70
0
 10
986.4605303063727
 20
334.7289357826994
 42
-0.173003343101521
 10
985.8276786205261
 20
334.503208824779
 10
979.9663092967821
 20
334.503208824779
 42
-0.1600535475041646
 10
979.3732687412576
 20
334.6980362349095
 42
-0.1600535475041646
  0
LWPOLYLINE
  5
D6
330
17
100
AcDbEntity
  8
0
100
AcDbPolyline
 90
3
 70
0
 10
979.1611367068999
 20
334.9101682692599
 42
-0.1600535475041259
 10
978.966309296784
 20
335.503208824779
 10
978.966309296784
 20
343.0757007296397
  0
LWPOLYLINE
  5
D7
330
17
100
AcDbEntity
  8
0
100
AcDbPolyline
 90
3
 70
0
 10
985.0276786205213
 20
342.03485155264934
 10
985.0276786205213
 20
337.003208824779
 42
-0.1616783592796193
 10
984.888658176671
 20
336.58451808262
 42
-0.1616783592796193
  0
LWPOLYLINE
  5
D8
330
17
100
AcDbEntity
  8
0
100
AcDbPolyline
 90
4
 70
0
 10
984.7476786205225
 20
336.4432088247904
 42
-0.1622776601682571
 10
984.3276786205261
 20
336.3032088247892
 10
981.4663092967821
 20
336.3032088247892
 42
-0.1433289715803103
 10
981.088898323811
 20
336.41366581745933
 42
-0.1433289715803103
  0
LWPOLYLINE
  5
D9
330
17
100
AcDbEntity
  8
0
100
AcDbPolyline
 90
3
 70
0
 10
980.8767662894534
 20
336.6257978518206
 42
-0.1433289715802567
 10
980.7663092967869
 20
337.003208824779
 10
980.7663092967869
 20
342.03485155264934
  0
LWPOLYLINE
  5
DA
330
17
100
AcDbEntity
  8
0
100
AcDbPolyline
 90
3
 70
0
 10
980.7663092967869
 20
344.2718483792505
 10
980.7663092967869
 20
349.30378041259974
 42
-0.1619055040017489
 10
980.9057006701041
 20
349.7229676830393
 42
-0.1619055040017489
  0
LWPOLYLINE
  5
DB
330
17
100
AcDbEntity
  8
0
100
AcDbPolyline
 90
4
 70
0
 10
981.0471220263444
 20
349.86438903927956
 42
-0.1619055040018182
 10
981.4663092967821
 20
350.00378041260046
 10
984.3276786205261
 20
350.00378041260046
 42
-0.1619055040018182
 10
984.7468658909656
 20
349.86438903927956
  0
LWPOLYLINE
  5
DC
330
17
100
AcDbEntity
  8
0
100
AcDbPolyline
 90
3
 70
0
 10
984.8882872472041
 20
349.7229676830393
 42
-0.1619055040017489
 10
985.0276786205213
 20
349.30378041259974
 10
985.0276786205213
 20
344.2718483792505
  0
LINE
  5
DD
330
17
100
AcDbEntity
  8
0
100
AcDbLine
 10
980.9057006701041
 20
349.7229676830393
 30
0.0
 11
979.1884918374726
 21
351.440176515669
 31
0.0
  0
LINE
  5
DE
330
17
100
AcDbEntity
  8
0
100
AcDbLine
 10
981.0471220263444
 20
349.86438903927956
 30
0.0
 11
979.329913193711
 21
351.58159787190925
 31
0.0
  0
LINE
  5
DF
330
17
100
AcDbEntity
  8
0
100
AcDbLine
 10
984.8882872472041
 20
349.7229676830393
 30
0.0
 11
986.6054960798228
 21
351.440176515669
 31
0.0
  0
LINE
  5
E0
330
17
100
AcDbEntity
  8
0
100
AcDbLine
 10
984.7468658909656
 20
349.86438903927956
 30
0.0
 11
986.4640747235826
 21
351.58159787190925
 31
0.0
  0
LINE
  5
E1
330
17
100
AcDbEntity
  8
0
100
AcDbLine
 10
981.088898323811
 20
336.41366581745933
 30
0.0
 11
979.3732687412576
 21
334.6980362349095
 31
0.0
  0
LINE
  5
E2
330
17
100
AcDbEntity
  8
0
100
AcDbLine
 10
980.8767662894534
 20
336.6257978518206
 30
0.0
 11
979.1611367068999
 21
334.9101682692599
 31
0.0
  0
LINE
  5
E3
330
17
100
AcDbEntity
  8
0
100
AcDbLine
 10
984.7476786205225
 20
336.4432088247904
 30
0.0
 11
986.4640747235826
 21
334.7253913654804
 31
0.0
  0
LINE
  5
E4
330
17
100
AcDbEntity
  8
0
100
AcDbLine
 10
984.888658176671
 20
336.58451808262
 30
0.0
 11
986.6054960798228
 21
334.86681272172063
 31
0.0
  0
LWPOLYLINE
  5
E5
330
17
100
AcDbEntity
  8
0
100
AcDbPolyline
 90
2
 70
0
 10
985.0276786205213
 20
342.25349461868973
 10
980.7663092967869
 20
342.25349461868973
  0
LWPOLYLINE
  5
E6
330
17
100
AcDbEntity
  8
0
100
AcDbPolyline
 90
2
 70
0
 10
980.7663092967869
 20
344.0534946186999
 10
985.0276786205213
 20
344.0534946186999
  0
LINE
  5
E7
330
17
100
AcDbEntity
  8
0
100
AcDbLine
 10
980.7663092967869
 20
344.0534946186999
 30
0.0
 11
979.3033609886061
 21
343.1534946187003
 31
0.0
  0
LINE
  5
E8
330
17
100
AcDbEntity
  8
0
100
AcDbLine
 10
980.7663092967869
 20
344.2718483792505
 30
0.0
 11
978.966309296784
 21
343.2292950801402
 31
0.0
  0
LINE
  5
E9
330
17
100
AcDbEntity
  8
0
100
AcDbLine
 10
979.3033609886061
 20
343.1534946187003
 30
0.0
 11
980.7663092967869
 21
342.25349461868973
 31
0.0
  0
LINE
  5
EA
330
17
100
AcDbEntity
  8
0
100
AcDbLine
 10
978.966309296784
 20
343.0757007296397
 30
0.0
 11
980.7663092967869
 21
342.03485155264934
 31
0.0
  0
LINE
  5
EB
330
17
100
AcDbEntity
  8
0
100
AcDbLine
 10
985.0276786205213
 20
344.0534946186999
 30
0.0
 11
986.4906269287039
 21
343.1534946187003
 31
0.0
  0
LINE
  5
EC
330
17
100
AcDbEntity
  8
0
100
AcDbLine
 10
986.4906269287039
 20
343.1534946187003
 30
0.0
 11
985.0276786205213
 21
342.25349461868973
 31
0.0
  0
LINE
  5
ED
330
17
100
AcDbEntity
  8
0
100
AcDbLine
 10
985.0276786205213
 20
344.2718483792505
 30
0.0
 11
986.8276786205242
 21
343.2292950801402
 31
0.0
  0
LINE
  5
EE
330
17
100
AcDbEntity
  8
0
100
AcDbLine
 10
986.8276786205242
 20
343.0757007296397
 30
0.0
 11
985.0276786205213
 21
342.03485155264934
 31
0.0
  0
LWPOLYLINE
  5
EF
330
17
100
AcDbEntity
  8
0
100
AcDbPolyline
 90
3
 70
0
 10
988.3470613298432
 20
343.2292950801402
 10
988.3470613298432
 20
350.80378041259974
 42
-0.1730033431015677
 10
988.57278828774
 20
351.4366320984591
 42
-0.1730033431015677
  0
LWPOLYLINE
  5
F0
330
17
100
AcDbEntity
  8
0
100
AcDbPolyline
 90
4
 70
0
 10
988.7142096439784
 20
351.57805345469933
 42
-0.1730033431015782
 10
989.3470613298414
 20
351.80378041259974
 10
995.2084306535708
 20
351.80378041259974
 42
-0.1730033431015092
 10
995.8412823394301
 20
351.57805345469933
  0
LWPOLYLINE
  5
F1
330
17
100
AcDbEntity
  8
0
100
AcDbPolyline
 90
3
 70
0
 10
995.9827036956704
 20
351.4366320984591
 42
-0.1730033431016178
 10
996.2084306535708
 20
350.80378041259974
 10
996.2084306535708
 20
343.2292950801402
  0
LWPOLYLINE
  5
F2
330
17
100
AcDbEntity
  8
0
100
AcDbPolyline
 90
3
 70
0
 10
996.2084306535708
 20
343.0757007296397
 10
996.2084306535708
 20
335.503208824779
 42
-0.1730033431016471
 10
995.9827036956704
 20
334.87035713893056
 42
-0.1730033431016471
  0
LWPOLYLINE
  5
F3
330
17
100
AcDbEntity
  8
0
100
AcDbPolyline
 90
4
 70
0
 10
995.8412823394301
 20
334.7289357826994
 42
-0.173003343101521
 10
995.2084306535708
 20
334.503208824779
 10
989.3470613298414
 20
334.503208824779
 42
-0.1600535475041646
 10
988.7540207743004
 20
334.6980362349095
 42
-0.1600535475041646
  0
LWPOLYLINE
  5
F4
330
17
100
AcDbEntity
  8
0
100
AcDbPolyline
 90
3
 70
0
 10
988.5418887399574
 20
334.9101682692599
 42
-0.1600535475041259
 10
988.3470613298432
 20
335.503208824779
 10
988.3470613298432
 20
343.0757007296397
  0
LWPOLYLINE
  5
F5
330
17
100
AcDbEntity
  8
0
100
AcDbPolyline
 90
3
 70
0
 10
994.4084306535806
 20
342.03485155264934
 10
994.4084306535806
 20
337.003208824779
 42
-0.1616783592796193
 10
994.2694102097284
 20
336.58451808262
 42
-0.1616783592796193
  0
LWPOLYLINE
  5
F6
330
17
100
AcDbEntity
  8
0
100
AcDbPolyline
 90
4
 70
0
 10
994.1284306535672
 20
336.4432088247904
 42
-0.1622776601682571
 10
993.7084306535689
 20
336.3032088247892
 10
990.8470613298414
 20
336.3032088247892
 42
-0.1433289715803103
 10
990.4696503568721
 20
336.41366581745933
 42
-0.1433289715803103
  0
LWPOLYLINE
  5
F7
330
17
100
AcDbEntity
  8
0
100
AcDbPolyline
 90
3
 70
0
 10
990.2575183225126
 20
336.6257978518206
 42
-0.1433289715802567
 10
990.1470613298297
 20
337.003208824779
 10
990.1470613298297
 20
342.03485155264934
  0
LWPOLYLINE
  5
F8
330
17
100
AcDbEntity
  8
0
100
AcDbPolyline
 90
3
 70
0
 10
990.1470613298297
 20
344.2718483792505
 10
990.1470613298297
 20
349.30378041259974
 42
-0.1619055040017489
 10
990.2864527031634
 20
349.7229676830393
 42
-0.1619055040017489
  0
LWPOLYLINE
  5
F9
330
17
100
AcDbEntity
  8
0
100
AcDbPolyline
 90
4
 70
0
 10
990.4278740594018
 20
349.86438903927956
 42
-0.1619055040018182
 10
990.8470613298414
 20
350.00378041260046
 10
993.7084306535689
 20
350.00378041260046
 42
-0.1619055040018182
 10
994.1276179240085
 20
349.86438903927956
  0
LWPOLYLINE
  5
FA
330
17
100
AcDbEntity
  8
0
100
AcDbPolyline
 90
3
 70
0
 10
994.269039280247
 20
349.7229676830393
 42
-0.1619055040017489
 10
994.4084306535806
 20
349.30378041259974
 10
994.4084306535806
 20
344.2718483792505
  0
LINE
  5
FB
330
17
100
AcDbEntity
  8
0
100
AcDbLine
 10
990.2864527031634
 20
349.7229676830393
 30
0.0
 11
988.56924387053
 21
351.440176515669
 31
0.0
  0
LINE
  5
FC
330
17
100
AcDbEntity
  8
0
100
AcDbLine
 10
990.4278740594018
 20
349.86438903927956
 30
0.0
 11
988.7106652267685
 21
351.58159787190925
 31
0.0
  0
LINE
  5
FD
330
17
100
AcDbEntity
  8
0
100
AcDbLine
 10
994.269039280247
 20
349.7229676830393
 30
0.0
 11
995.9862481128803
 21
351.440176515669
 31
0.0
  0
LINE
  5
FE
330
17
100
AcDbEntity
  8
0
100
AcDbLine
 10
994.1276179240085
 20
349.86438903927956
 30
0.0
 11
995.84482675664
 21
351.58159787190925
 31
0.0
  0
LINE
  5
FF
330
17
100
AcDbEntity
  8
0
100
AcDbLine
 10
990.4696503568721
 20
336.41366581745933
 30
0.0
 11
988.7540207743004
 21
334.6980362349095
 31
0.0
  0
LINE
  5
100
330
17
100
AcDbEntity
  8
0
100
AcDbLine
 10
990.2575183225126
 20
336.6257978518206
 30
0.0
 11
988.5418887399574
 21
334.9101682692599
 31
0.0
  0
LINE
  5
101
330
17
100
AcDbEntity
  8
0
100
AcDbLine
 10
994.1284306535672
 20
336.4432088247904
 30
0.0
 11
995.84482675664
 21
334.7253913654804
 31
0.0
  0
LINE
  5
102
330
17
100
AcDbEntity
  8
0
100
AcDbLine
 10
994.2694102097284
 20
336.58451808262
 30
0.0
 11
995.9862481128803
 21
334.86681272172063
 31
0.0
  0
LWPOLYLINE
  5
103
330
17
100
AcDbEntity
  8
0
100
AcDbPolyline
 90
2
 70
0
 10
994.4084306535806
 20
342.25349461868973
 10
990.1470613298297
 20
342.25349461868973
  0
LWPOLYLINE
  5
104
330
17
100
AcDbEntity
  8
0
100
AcDbPolyline
 90
2
 70
0
 10
990.1470613298297
 20
344.0534946186999
 10
994.4084306535806
 20
344.0534946186999
  0
LINE
  5
105
330
17
100
AcDbEntity
  8
0
100
AcDbLine
 10
990.1470613298297
 20
344.0534946186999
 30
0.0
 11
988.684113021649
 21
343.1534946187003
 31
0.0
  0
LINE
  5
106
330
17
100
AcDbEntity
  8
0
100
AcDbLine
 10
990.1470613298297
 20
344.2718483792505
 30
0.0
 11
988.3470613298432
 21
343.2292950801402
 31
0.0
  0
LINE
  5
107
330
17
100
AcDbEntity
  8
0
100
AcDbLine
 10
988.684113021649
 20
343.1534946187003
 30
0.0
 11
990.1470613298297
 21
342.25349461868973
 31
0.0
  0
LINE
  5
108
330
17
100
AcDbEntity
  8
0
100
AcDbLine
 10
988.3470613298432
 20
343.0757007296397
 30
0.0
 11
990.1470613298297
 21
342.03485155264934
 31
0.0
  0
LINE
  5
109
330
17
100
AcDbEntity
  8
0
100
AcDbLine
 10
994.4084306535806
 20
344.0534946186999
 30
0.0
 11
995.8713789617595
 21
343.1534946187003
 31
0.0
  0
LINE
  5
10A
330
17
100
AcDbEntity
  8
0
100
AcDbLine
 10
995.8713789617595
 20
343.1534946187003
 30
0.0
 11
994.4084306535806
 21
342.25349461868973
 31
0.0
  0
LINE
  5
10B
330
17
100
AcDbEntity
  8
0
100
AcDbLine
 10
994.4084306535806
 20
344.2718483792505
 30
0.0
 11
996.2084306535708
 21
343.2292950801402
 31
0.0
  0
LINE
  5
10C
330
17
100
AcDbEntity
  8
0
100
AcDbLine
 10
996.2084306535708
 20
343.0757007296397
 30
0.0
 11
994.4084306535806
 21
342.03485155264934
 31
0.0
  0
LWPOLYLINE
  5
10D
330
17
100
AcDbEntity
  8
0
100
AcDbPolyline
 90
3
 70
0
 10
997.7278133628806
 20
343.2292950801402
 10
997.7278133628806
 20
350.80378041259974
 42
-0.1730033431015677
 10
997.953540320801
 20
351.4366320984591
 42
-0.1730033431015677
  0
LWPOLYLINE
  5
10E
330
17
100
AcDbEntity
  8
0
100
AcDbPolyline
 90
4
 70
0
 10
998.0949616770395
 20
351.57805345469933
 42
-0.1730033431015782
 10
998.7278133628806
 20
351.80378041259974
 10
1004.58918268663
 20
351.80378041259974
 42
-0.1730033431015092
 10
1005.2220343724694
 20
351.57805345469933
  0
LWPOLYLINE
  5
10F
330
17
100
AcDbEntity
  8
0
100
AcDbPolyline
 90
3
 70
0
 10
1005.3634557287096
 20
351.4366320984591
 42
-0.1730033431016178
 10
1005.58918268663
 20
350.80378041259974
 10
1005.58918268663
 20
343.2292950801402
  0
LWPOLYLINE
  5
110
330
17
100
AcDbEntity
  8
0
100
AcDbPolyline
 90
3
 70
0
 10
1005.58918268663
 20
343.0757007296397
 10
1005.58918268663
 20
335.503208824779
 42
-0.1730033431016471
 10
1005.3634557287096
 20
334.87035713893056
 42
-0.1730033431016471
  0
LWPOLYLINE
  5
111
330
17
100
AcDbEntity
  8
0
100
AcDbPolyline
 90
4
 70
0
 10
1005.2220343724694
 20
334.7289357826994
 42
-0.173003343101521
 10
1004.58918268663
 20
334.503208824779
 10
998.7278133628806
 20
334.503208824779
 42
-0.1600535475041646
 10
998.1347728073597
 20
334.6980362349095
 42
-0.1600535475041646
  0
LWPOLYLINE
  5
112
330
17
100
AcDbEntity
  8
0
100
AcDbPolyline
 90
3
 70
0
 10
997.9226407730002
 20
334.9101682692599
 42
-0.1600535475041259
 10
997.7278133628806
 20
335.503208824779
 10
997.7278133628806
 20
343.0757007296397
  0
LWPOLYLINE
  5
113
330
17
100
AcDbEntity
  8
0
100
AcDbPolyline
 90
3
 70
0
 10
1003.7891826866198
 20
342.03485155264934
 10
1003.7891826866198
 20
337.003208824779
 42
-0.1616783592796193
 10
1003.6501622427695
 20
336.58451808262
 42
-0.1616783592796193
  0
LWPOLYLINE
  5
114
330
17
100
AcDbEntity
  8
0
100
AcDbPolyline
 90
4
 70
0
 10
1003.509182686621
 20
336.4432088247904
 42
-0.1622776601682571
 10
1003.0891826866209
 20
336.3032088247892
 10
1000.2278133628806
 20
336.3032088247892
 42
-0.1433289715803103
 10
999.8504023899095
 20
336.41366581745933
 42
-0.1433289715803103
  0
LWPOLYLINE
  5
115
330
17
100
AcDbEntity
  8
0
100
AcDbPolyline
 90
3
 70
0
 10
999.638270355561
 20
336.6257978518206
 42
-0.1433289715802567
 10
999.5278133628908
 20
337.003208824779
 10
999.5278133628908
 20
342.03485155264934
  0
LWPOLYLINE
  5
116
330
17
100
AcDbEntity
  8
0
100
AcDbPolyline
 90
3
 70
0
 10
999.5278133628908
 20
344.2718483792505
 10
999.5278133628908
 20
349.30378041259974
 42
-0.1619055040017489
 10
999.6672047362008
 20
349.7229676830393
 42
-0.1619055040017489
  0
LWPOLYLINE
  5
117
330
17
100
AcDbEntity
  8
0
100
AcDbPolyline
 90
4
 70
0
 10
999.808626092441
 20
349.86438903927956
 42
-0.1619055040018182
 10
1000.2278133628806
 20
350.00378041260046
 10
1003.0891826866209
 20
350.00378041260046
 42
-0.1619055040018182
 10
1003.5083699570696
 20
349.86438903927956
  0
LWPOLYLINE
  5
118
330
17
100
AcDbEntity
  8
0
100
AcDbPolyline
 90
3
 70
0
 10
1003.6497913133007
 20
349.7229676830393
 42
-0.1619055040017489
 10
1003.7891826866198
 20
349.30378041259974
 10
1003.7891826866198
 20
344.2718483792505
  0
LINE
  5
119
330
17
100
AcDbEntity
  8
0
100
AcDbLine
 10
999.6672047362008
 20
349.7229676830393
 30
0.0
 11
997.9499959035693
 21
351.440176515669
 31
0.0
  0
LINE
  5
11A
330
17
100
AcDbEntity
  8
0
100
AcDbLine
 10
999.808626092441
 20
349.86438903927956
 30
0.0
 11
998.0914172598095
 21
351.58159787190925
 31
0.0
  0
LINE
  5
11B
330
17
100
AcDbEntity
  8
0
100
AcDbLine
 10
1003.6497913133007
 20
349.7229676830393
 30
0.0
 11
1005.3670001459195
 21
351.440176515669
 31
0.0
  0
LINE
  5
11C
330
17
100
AcDbEntity
  8
0
100
AcDbLine
 10
1003.5083699570696
 20
349.86438903927956
 30
0.0
 11
1005.2255787896811
 21
351.58159787190925
 31
0.0
  0
LINE
  5
11D
330
17
100
AcDbEntity
  8
0
100
AcDbLine
 10
999.8504023899095
 20
336.41366581745933
 30
0.0
 11
998.1347728073597
 21
334.6980362349095
 31
0.0
  0
LINE
  5
11E
330
17
100
AcDbEntity
  8
0
100
AcDbLine
 10
999.638270355561
 20
336.6257978518206
 30
0.0
 11
997.9226407730002
 21
334.9101682692599
 31
0.0
  0
LINE
  5
11F
330
17
100
AcDbEntity
  8
0
100
AcDbLine
 10
1003.509182686621
 20
336.4432088247904
 30
0.0
 11
1005.2255787896811
 21
334.7253913654804
 31
0.0
  0
LINE
  5
120
330
17
100
AcDbEntity
  8
0
100
AcDbLine
 10
1003.6501622427695
 20
336.58451808262
 30
0.0
 11
1005.3670001459195
 21
334.86681272172063
 31
0.0
  0
LWPOLYLINE
  5
121
330
17
100
AcDbEntity
  8
0
100
AcDbPolyline
 90
2
 70
0
 10
1003.7891826866198
 20
342.25349461868973
 10
999.5278133628908
 20
342.25349461868973
  0
LWPOLYLINE
  5
122
330
17
100
AcDbEntity
  8
0
100
AcDbPolyline
 90
2
 70
0
 10
999.5278133628908
 20
344.0534946186999
 10
1003.7891826866198
 20
344.0534946186999
  0
LINE
  5
123
330
17
100
AcDbEntity
  8
0
100
AcDbLine
 10
999.5278133628908
 20
344.0534946186999
 30
0.0
 11
998.06486505471
 21
343.1534946187003
 31
0.0
  0
LINE
  5
124
330
17
100
AcDbEntity
  8
0
100
AcDbLine
 10
999.5278133628908
 20
344.2718483792505
 30
0.0
 11
997.7278133628806
 21
343.2292950801402
 31
0.0
  0
LINE
  5
125
330
17
100
AcDbEntity
  8
0
100
AcDbLine
 10
998.06486505471
 20
343.1534946187003
 30
0.0
 11
999.5278133628908
 21
342.25349461868973
 31
0.0
  0
LINE
  5
126
330
17
100
AcDbEntity
  8
0
100
AcDbLine
 10
997.7278133628806
 20
343.0757007296397
 30
0.0
 11
999.5278133628908
 21
342.03485155264934
 31
0.0
  0
LINE
  5
127
330
17
100
AcDbEntity
  8
0
100
AcDbLine
 10
1003.7891826866198
 20
344.0534946186999
 30
0.0
 11
1005.2521309948006
 21
343.1534946187003
 31
0.0
  0
LINE
  5
128
330
17
100
AcDbEntity
  8
0
100
AcDbLine
 10
1005.2521309948006
 20
343.1534946187003
 30
0.0
 11
1003.7891826866198
 21
342.25349461868973
 31
0.0
  0
LINE
  5
129
330
17
100
AcDbEntity
  8
0
100
AcDbLine
 10
1003.7891826866198
 20
344.2718483792505
 30
0.0
 11
1005.58918268663
 21
343.2292950801402
 31
0.0
  0
LINE
  5
12A
330
17
100
AcDbEntity
  8
0
100
AcDbLine
 10
1005.58918268663
 20
343.0757007296397
 30
0.0
 11
1003.7891826866198
 21
342.03485155264934
 31
0.0
  0
LWPOLYLINE
  5
12B
330
17
100
AcDbEntity
  8
0
100
AcDbPolyline
 90
3
 70
0
 10
1007.1085653959399
 20
343.2292950801402
 10
1007.1085653959399
 20
350.80378041259974
 42
-0.1730033431015677
 10
1007.3342923538403
 20
351.4366320984591
 42
-0.1730033431015677
  0
LWPOLYLINE
  5
12C
330
17
100
AcDbEntity
  8
0
100
AcDbPolyline
 90
4
 70
0
 10
1007.4757137100805
 20
351.57805345469933
 42
-0.1730033431015782
 10
1008.1085653959399
 20
351.80378041259974
 10
1013.9699347196711
 20
351.80378041259974
 42
-0.1730033431015092
 10
1014.6027864055304
 20
351.57805345469933
  0
LWPOLYLINE
  5
12D
330
17
100
AcDbEntity
  8
0
100
AcDbPolyline
 90
3
 70
0
 10
1014.7442077617707
 20
351.4366320984591
 42
-0.1730033431016178
 10
1014.9699347196711
 20
350.80378041259974
 10
1014.9699347196711
 20
343.2292950801402
  0
LWPOLYLINE
  5
12E
330
17
100
AcDbEntity
  8
0
100
AcDbPolyline
 90
3
 70
0
 10
1014.9699347196711
 20
343.0757007296397
 10
1014.9699347196711
 20
335.503208824779
 42
-0.1730033431016471
 10
1014.7442077617707
 20
334.87035713893056
 42
-0.1730033431016471
  0
LWPOLYLINE
  5
12F
330
17
100
AcDbEntity
  8
0
100
AcDbPolyline
 90
4
 70
0
 10
1014.6027864055304
 20
334.7289357826994
 42
-0.173003343101521
 10
1013.9699347196711
 20
334.503208824779
 10
1008.1085653959399
 20
334.503208824779
 42
-0.1600535475041646
 10
1007.5155248404008
 20
334.6980362349095
 42
-0.1600535475041646
  0
LWPOLYLINE
  5
130
330
17
100
AcDbEntity
  8
0
100
AcDbPolyline
 90
3
 70
0
 10
1007.3033928060595
 20
334.9101682692599
 42
-0.1600535475041259
 10
1007.1085653959399
 20
335.503208824779
 10
1007.1085653959399
 20
343.0757007296397
  0
LWPOLYLINE
  5
131
330
17
100
AcDbEntity
  8
0
100
AcDbPolyline
 90
3
 70
0
 10
1013.1699347196809
 20
342.03485155264934
 10
1013.1699347196809
 20
337.003208824779
 42
-0.1616783592796193
 10
1013.0309142758306
 20
336.58451808262
 42
-0.1616783592796193
  0
LWPOLYLINE
  5
132
330
17
100
AcDbEntity
  8
0
100
AcDbPolyline
 90
4
 70
0
 10
1012.8899347196693
 20
336.4432088247904
 42
-0.1622776601682571
 10
1012.4699347196711
 20
336.3032088247892
 10
1009.6085653959399
 20
336.3032088247892
 42
-0.1433289715803103
 10
1009.2311544229706
 20
336.41366581745933
 42
-0.1433289715803103
  0
LWPOLYLINE
  5
133
330
17
100
AcDbEntity
  8
0
100
AcDbPolyline
 90
3
 70
0
 10
1009.0190223886093
 20
336.6257978518206
 42
-0.1433289715802567
 10
1008.90856539593
 20
337.003208824779
 10
1008.90856539593
 20
342.03485155264934
  0
LWPOLYLINE
  5
134
330
17
100
AcDbEntity
  8
0
100
AcDbPolyline
 90
3
 70
0
 10
1008.90856539593
 20
344.2718483792505
 10
1008.90856539593
 20
349.30378041259974
 42
-0.1619055040017489
 10
1009.04795676926
 20
349.7229676830393
 42
-0.1619055040017489
  0
LWPOLYLINE
  5
135
330
17
100
AcDbEntity
  8
0
100
AcDbPolyline
 90
4
 70
0
 10
1009.1893781255003
 20
349.86438903927956
 42
-0.1619055040018182
 10
1009.6085653959308
 20
350.00378041260046
 10
1012.4699347196711
 20
350.00378041260046
 42
-0.1619055040018182
 10
1012.8891219901107
 20
349.86438903927956
  0
LWPOLYLINE
  5
136
330
17
100
AcDbEntity
  8
0
100
AcDbPolyline
 90
3
 70
0
 10
1013.0305433463509
 20
349.7229676830393
 42
-0.1619055040017489
 10
1013.1699347196809
 20
349.30378041259974
 10
1013.1699347196809
 20
344.2718483792505
  0
LINE
  5
137
330
17
100
AcDbEntity
  8
0
100
AcDbLine
 10
1009.04795676926
 20
349.7229676830393
 30
0.0
 11
1007.3307479366304
 21
351.440176515669
 31
0.0
  0
LINE
  5
138
330
17
100
AcDbEntity
  8
0
100
AcDbLine
 10
1009.1893781255003
 20
349.86438903927956
 30
0.0
 11
1007.4721692928706
 21
351.58159787190925
 31
0.0
  0
LINE
  5
139
330
17
100
AcDbEntity
  8
0
100
AcDbLine
 10
1013.0305433463509
 20
349.7229676830393
 30
0.0
 11
1014.7477521789806
 21
351.440176515669
 31
0.0
  0
LINE
  5
13A
330
17
100
AcDbEntity
  8
0
100
AcDbLine
 10
1012.8891219901107
 20
349.86438903927956
 30
0.0
 11
1014.6063308227403
 21
351.58159787190925
 31
0.0
  0
LINE
  5
13B
330
17
100
AcDbEntity
  8
0
100
AcDbLine
 10
1009.2311544229706
 20
336.41366581745933
 30
0.0
 11
1007.5155248404008
 21
334.6980362349095
 31
0.0
  0
LINE
  5
13C
330
17
100
AcDbEntity
  8
0
100
AcDbLine
 10
1009.0190223886093
 20
336.6257978518206
 30
0.0
 11
1007.3033928060595
 21
334.9101682692599
 31
0.0
  0
LINE
  5
13D
330
17
100
AcDbEntity
  8
0
100
AcDbLine
 10
1012.8899347196693
 20
336.4432088247904
 30
0.0
 11
1014.6063308227403
 21
334.7253913654804
 31
0.0
  0
LINE
  5
13E
330
17
100
AcDbEntity
  8
0
100
AcDbLine
 10
1013.0309142758306
 20
336.58451808262
 30
0.0
 11
1014.7477521789806
 21
334.86681272172063
 31
0.0
  0
LWPOLYLINE
  5
13F
330
17
100
AcDbEntity
  8
0
100
AcDbPolyline
 90
2
 70
0
 10
1013.1699347196809
 20
342.25349461868973
 10
1008.90856539593
 20
342.25349461868973
  0
LWPOLYLINE
  5
140
330
17
100
AcDbEntity
  8
0
100
AcDbPolyline
 90
2
 70
0
 10
1008.90856539593
 20
344.0534946186999
 10
1013.1699347196809
 20
344.0534946186999
  0
LINE
  5
141
330
17
100
AcDbEntity
  8
0
100
AcDbLine
 10
1008.90856539593
 20
344.0534946186999
 30
0.0
 11
1007.4456170877511
 21
343.1534946187003
 31
0.0
  0
LINE
  5
142
330
17
100
AcDbEntity
  8
0
100
AcDbLine
 10
1008.90856539593
 20
344.2718483792505
 30
0.0
 11
1007.1085653959399
 21
343.2292950801402
 31
0.0
  0
LINE
  5
143
330
17
100
AcDbEntity
  8
0
100
AcDbLine
 10
1007.4456170877511
 20
343.1534946187003
 30
0.0
 11
1008.90856539593
 21
342.25349461868973
 31
0.0
  0
LINE
  5
144
330
17
100
AcDbEntity
  8
0
100
AcDbLine
 10
1007.1085653959399
 20
343.0757007296397
 30
0.0
 11
1008.90856539593
 21
342.03485155264934
 31
0.0
  0
LINE
  5
145
330
17
100
AcDbEntity
  8
0
100
AcDbLine
 10
1013.1699347196809
 20
344.0534946186999
 30
0.0
 11
1014.6328830278599
 21
343.1534946187003
 31
0.0
  0
LINE
  5
146
330
17
100
AcDbEntity
  8
0
100
AcDbLine
 10
1014.6328830278599
 20
343.1534946187003
 30
0.0
 11
1013.1699347196809
 21
342.25349461868973
 31
0.0
  0
LINE
  5
147
330
17
100
AcDbEntity
  8
0
100
AcDbLine
 10
1013.1699347196809
 20
344.2718483792505
 30
0.0
 11
1014.9699347196711
 21
343.2292950801402
 31
0.0
  0
LINE
  5
148
330
17
100
AcDbEntity
  8
0
100
AcDbLine
 10
1014.9699347196711
 20
343.0757007296397
 30
0.0
 11
1013.1699347196809
 21
342.03485155264934
 31
0.0
  0
LWPOLYLINE
  5
149
330
17
100
AcDbEntity
  8
0
100
AcDbPolyline
 90
3
 70
0
 10
1016.48931742899
 20
343.2292950801402
 10
1016.48931742899
 20
350.80378041259974
 42
-0.1730033431015677
 10
1016.7150443868995
 20
351.4366320984591
 42
-0.1730033431015677
  0
LWPOLYLINE
  5
14A
330
17
100
AcDbEntity
  8
0
100
AcDbPolyline
 90
4
 70
0
 10
1016.8564657431398
 20
351.57805345469933
 42
-0.1730033431015782
 10
1017.48931742899
 20
351.80378041259974
 10
1023.3506867527303
 20
351.80378041259974
 42
-0.1730033431015092
 10
1023.9835384385806
 20
351.57805345469933
  0
LWPOLYLINE
  5
14B
330
17
100
AcDbEntity
  8
0
100
AcDbPolyline
 90
3
 70
0
 10
1024.1249597948208
 20
351.4366320984591
 42
-0.1730033431016178
 10
1024.3506867527303
 20
350.80378041259974
 10
1024.3506867527303
 20
343.2292950801402
  0
LWPOLYLINE
  5
14C
330
17
100
AcDbEntity
  8
0
100
AcDbPolyline
 90
3
 70
0
 10
1024.3506867527303
 20
343.0757007296397
 10
1024.3506867527303
 20
335.503208824779
 42
-0.1730033431016471
 10
1024.1249597948208
 20
334.87035713893056
 42
-0.1730033431016471
  0
LWPOLYLINE
  5
14D
330
17
100
AcDbEntity
  8
0
100
AcDbPolyline
 90
4
 70
0
 10
1023.9835384385806
 20
334.7289357826994
 42
-0.173003343101521
 10
1023.3506867527303
 20
334.503208824779
 10
1017.48931742899
 20
334.503208824779
 42
-0.1600535475041646
 10
1016.89627687346
 20
334.6980362349095
 42
-0.1600535475041646
  0
LWPOLYLINE
  5
14E
330
17
100
AcDbEntity
  8
0
100
AcDbPolyline
 90
3
 70
0
 10
1016.6841448391006
 20
334.9101682692599
 42
-0.1600535475041259
 10
1016.48931742899
 20
335.503208824779
 10
1016.48931742899
 20
343.0757007296397
  0
LWPOLYLINE
  5
14F
330
17
100
AcDbEntity
  8
0
100
AcDbPolyline
 90
3
 70
0
 10
1022.550686752731
 20
342.03485155264934
 10
1022.550686752731
 20
337.003208824779
 42
-0.1616783592796193
 10
1022.4116663088807
 20
336.58451808262
 42
-0.1616783592796193
  0
LWPOLYLINE
  5
150
330
17
100
AcDbEntity
  8
0
100
AcDbPolyline
 90
4
 70
0
 10
1022.2706867527304
 20
336.4432088247904
 42
-0.1622776601682571
 10
1021.8506867527303
 20
336.3032088247892
 10
1018.98931742899
 20
336.3032088247892
 42
-0.1433289715803103
 10
1018.6119064560207
 20
336.41366581745933
 42
-0.1433289715803103
  0
LWPOLYLINE
  5
151
330
17
100
AcDbEntity
  8
0
100
AcDbPolyline
 90
3
 70
0
 10
1018.3997744216595
 20
336.6257978518206
 42
-0.1433289715802567
 10
1018.2893174289893
 20
337.003208824779
 10
1018.2893174289893
 20
342.03485155264934
  0
LWPOLYLINE
  5
152
330
17
100
AcDbEntity
  8
0
100
AcDbPolyline
 90
3
 70
0
 10
1018.2893174289893
 20
344.2718483792505
 10
1018.2893174289893
 20
349.30378041259974
 42
-0.1619055040017489
 10
1018.4287088023102
 20
349.7229676830393
 42
-0.1619055040017489
  0
LWPOLYLINE
  5
153
330
17
100
AcDbEntity
  8
0
100
AcDbPolyline
 90
4
 70
0
 10
1018.5701301585505
 20
349.86438903927956
 42
-0.1619055040018182
 10
1018.98931742899
 20
350.00378041260046
 10
1021.8506867527303
 20
350.00378041260046
 42
-0.1619055040018182
 10
1022.2698740231699
 20
349.86438903927956
  0
LWPOLYLINE
  5
154
330
17
100
AcDbEntity
  8
0
100
AcDbPolyline
 90
3
 70
0
 10
1022.4112953794101
 20
349.7229676830393
 42
-0.1619055040017489
 10
1022.550686752731
 20
349.30378041259974
 10
1022.550686752731
 20
344.2718483792505
  0
LINE
  5
155
330
17
100
AcDbEntity
  8
0
100
AcDbLine
 10
1018.4287088023102
 20
349.7229676830393
 30
0.0
 11
1016.7114999696805
 21
351.440176515669
 31
0.0
  0
LINE
  5
156
330
17
100
AcDbEntity
  8
0
100
AcDbLine
 10
1018.5701301585505
 20
349.86438903927956
 30
0.0
 11
1016.8529213259098
 21
351.58159787190925
 31
0.0
  0
LINE
  5
157
330
17
100
AcDbEntity
  8
0
100
AcDbLine
 10
1022.4112953794101
 20
349.7229676830393
 30
0.0
 11
1024.1285042120307
 21
351.440176515669
 31
0.0
  0
LINE
  5
158
330
17
100
AcDbEntity
  8
0
100
AcDbLine
 10
1022.2698740231699
 20
349.86438903927956
 30
0.0
 11
1023.9870828557905
 21
351.58159787190925
 31
0.0
  0
LINE
  5
159
330
17
100
AcDbEntity
  8
0
100
AcDbLine
 10
1018.6119064560207
 20
336.41366581745933
 30
0.0
 11
1016.89627687346
 21
334.6980362349095
 31
0.0
  0
LINE
  5
15A
330
17
100
AcDbEntity
  8
0
100
AcDbLine
 10
1018.3997744216595
 20
336.6257978518206
 30
0.0
 11
1016.6841448391006
 21
334.9101682692599
 31
0.0
  0
LINE
  5
15B
330
17
100
AcDbEntity
  8
0
100
AcDbLine
 10
1022.2706867527304
 20
336.4432088247904
 30
0.0
 11
1023.9870828557905
 21
334.7253913654804
 31
0.0
  0
LINE
  5
15C
330
17
100
AcDbEntity
  8
0
100
AcDbLine
 10
1022.4116663088807
 20
336.58451808262
 30
0.0
 11
1024.1285042120307
 21
334.86681272172063
 31
0.0
  0
LWPOLYLINE
  5
15D
330
17
100
AcDbEntity
  8
0
100
AcDbPolyline
 90
2
 70
0
 10
1022.550686752731
 20
342.25349461868973
 10
1018.2893174289893
 20
342.25349461868973
  0
LWPOLYLINE
  5
15E
330
17
100
AcDbEntity
  8
0
100
AcDbPolyline
 90
2
 70
0
 10
1018.2893174289893
 20
344.0534946186999
 10
1022.550686752731
 20
344.0534946186999
  0
LINE
  5
15F
330
17
100
AcDbEntity
  8
0
100
AcDbLine
 10
1018.2893174289893
 20
344.0534946186999
 30
0.0
 11
1016.8263691208103
 21
343.1534946187003
 31
0.0
  0
LINE
  5
160
330
17
100
AcDbEntity
  8
0
100
AcDbLine
 10
1018.2893174289893
 20
344.2718483792505
 30
0.0
 11
1016.48931742899
 21
343.2292950801402
 31
0.0
  0
LINE
  5
161
330
17
100
AcDbEntity
  8
0
100
AcDbLine
 10
1016.8263691208103
 20
343.1534946187003
 30
0.0
 11
1018.2893174289893
 21
342.25349461868973
 31
0.0
  0
LINE
  5
162
330
17
100
AcDbEntity
  8
0
100
AcDbLine
 10
1016.48931742899
 20
343.0757007296397
 30
0.0
 11
1018.2893174289893
 21
342.03485155264934
 31
0.0
  0
LINE
  5
163
330
17
100
AcDbEntity
  8
0
100
AcDbLine
 10
1022.550686752731
 20
344.0534946186999
 30
0.0
 11
1024.01363506091
 21
343.1534946187003
 31
0.0
  0
LINE
  5
164
330
17
100
AcDbEntity
  8
0
100
AcDbLine
 10
1024.01363506091
 20
343.1534946187003
 30
0.0
 11
1022.550686752731
 21
342.25349461868973
 31
0.0
  0
LINE
  5
165
330
17
100
AcDbEntity
  8
0
100
AcDbLine
 10
1022.550686752731
 20
344.2718483792505
 30
0.0
 11
1024.3506867527303
 21
343.2292950801402
 31
0.0
  0
LINE
  5
166
330
17
100
AcDbEntity
  8
0
100
AcDbLine
 10
1024.3506867527303
 20
343.0757007296397
 30
0.0
 11
1022.550686752731
 21
342.03485155264934
 31
0.0
  0
LWPOLYLINE
  5
167
330
17
100
AcDbEntity
  8
0
100
AcDbPolyline
 90
3
 70
0
 10
1025.8700694620493
 20
343.2292950801402
 10
1025.8700694620493
 20
350.80378041259974
 42
-0.1730033431015677
 10
1026.0957964199497
 20
351.4366320984591
 42
-0.1730033431015677
  0
LWPOLYLINE
  5
168
330
17
100
AcDbEntity
  8
0
100
AcDbPolyline
 90
4
 70
0
 10
1026.2372177761808
 20
351.57805345469933
 42
-0.1730033431015782
 10
1026.8700694620493
 20
351.80378041259974
 10
1032.7314387857696
 20
351.80378041259974
 42
-0.1730033431015092
 10
1033.3642904716398
 20
351.57805345469933
  0
LWPOLYLINE
  5
169
330
17
100
AcDbEntity
  8
0
100
AcDbPolyline
 90
3
 70
0
 10
1033.50571182788
 20
351.4366320984591
 42
-0.1730033431016178
 10
1033.7314387857696
 20
350.80378041259974
 10
1033.7314387857696
 20
343.2292950801402
  0
LWPOLYLINE
  5
16A
330
17
100
AcDbEntity
  8
0
100
AcDbPolyline
 90
3
 70
0
 10
1033.7314387857696
 20
343.0757007296397
 10
1033.7314387857696
 20
335.503208824779
 42
-0.1730033431016471
 10
1033.50571182788
 20
334.87035713893056
 42
-0.1730033431016471
  0
LWPOLYLINE
  5
16B
330
17
100
AcDbEntity
  8
0
100
AcDbPolyline
 90
4
 70
0
 10
1033.3642904716398
 20
334.7289357826994
 42
-0.173003343101521
 10
1032.7314387857696
 20
334.503208824779
 10
1026.8700694620493
 20
334.503208824779
 42
-0.1600535475041646
 10
1026.2770289065102
 20
334.6980362349095
 42
-0.1600535475041646
  0
LWPOLYLINE
  5
16C
330
17
100
AcDbEntity
  8
0
100
AcDbPolyline
 90
3
 70
0
 10
1026.0648968721598
 20
334.9101682692599
 42
-0.1600535475041259
 10
1025.8700694620493
 20
335.503208824779
 10
1025.8700694620493
 20
343.0757007296397
  0
LWPOLYLINE
  5
16D
330
17
100
AcDbEntity
  8
0
100
AcDbPolyline
 90
3
 70
0
 10
1031.9314387857903
 20
342.03485155264934
 10
1031.9314387857903
 20
337.003208824779
 42
-0.1616783592796193
 10
1031.79241834194
 20
336.58451808262
 42
-0.1616783592796193
  0
LWPOLYLINE
  5
16E
330
17
100
AcDbEntity
  8
0
100
AcDbPolyline
 90
4
 70
0
 10
1031.6514387857696
 20
336.4432088247904
 42
-0.1622776601682571
 10
1031.2314387857805
 20
336.3032088247892
 10
1028.3700694620493
 20
336.3032088247892
 42
-0.1433289715803103
 10
1027.99265848908
 20
336.41366581745933
 42
-0.1433289715803103
  0
LWPOLYLINE
  5
16F
330
17
100
AcDbEntity
  8
0
100
AcDbPolyline
 90
3
 70
0
 10
1027.7805264547205
 20
336.6257978518206
 42
-0.1433289715802567
 10
1027.6700694620395
 20
337.003208824779
 10
1027.6700694620395
 20
342.03485155264934
  0
LWPOLYLINE
  5
170
330
17
100
AcDbEntity
  8
0
100
AcDbPolyline
 90
3
 70
0
 10
1027.6700694620395
 20
344.2718483792505
 10
1027.6700694620395
 20
349.30378041259974
 42
-0.1619055040017489
 10
1027.8094608353695
 20
349.7229676830393
 42
-0.1619055040017489
  0
LWPOLYLINE
  5
171
330
17
100
AcDbEntity
  8
0
100
AcDbPolyline
 90
4
 70
0
 10
1027.9508821916097
 20
349.86438903927956
 42
-0.1619055040018182
 10
1028.370069462031
 20
350.00378041260046
 10
1031.2314387857805
 20
350.00378041260046
 42
-0.1619055040018182
 10
1031.650626056211
 20
349.86438903927956
  0
LWPOLYLINE
  5
172
330
17
100
AcDbEntity
  8
0
100
AcDbPolyline
 90
3
 70
0
 10
1031.7920474124494
 20
349.7229676830393
 42
-0.1619055040017489
 10
1031.9314387857903
 20
349.30378041259974
 10
1031.9314387857903
 20
344.2718483792505
  0
LINE
  5
173
330
17
100
AcDbEntity
  8
0
100
AcDbLine
 10
1027.8094608353695
 20
349.7229676830393
 30
0.0
 11
1026.0922520027307
 21
351.440176515669
 31
0.0
  0
LINE
  5
174
330
17
100
AcDbEntity
  8
0
100
AcDbLine
 10
1027.9508821916097
 20
349.86438903927956
 30
0.0
 11
1026.233673358971
 21
351.58159787190925
 31
0.0
  0
LINE
  5
175
330
17
100
AcDbEntity
  8
0
100
AcDbLine
 10
1031.7920474124494
 20
349.7229676830393
 30
0.0
 11
1033.50925624509
 21
351.440176515669
 31
0.0
  0
LINE
  5
176
330
17
100
AcDbEntity
  8
0
100
AcDbLine
 10
1031.650626056211
 20
349.86438903927956
 30
0.0
 11
1033.3678348888498
 21
351.58159787190925
 31
0.0
  0
LINE
  5
177
330
17
100
AcDbEntity
  8
0
100
AcDbLine
 10
1027.99265848908
 20
336.41366581745933
 30
0.0
 11
1026.2770289065102
 21
334.6980362349095
 31
0.0
  0
LINE
  5
178
330
17
100
AcDbEntity
  8
0
100
AcDbLine
 10
1027.7805264547205
 20
336.6257978518206
 30
0.0
 11
1026.0648968721598
 21
334.9101682692599
 31
0.0
  0
LINE
  5
179
330
17
100
AcDbEntity
  8
0
100
AcDbLine
 10
1031.6514387857696
 20
336.4432088247904
 30
0.0
 11
1033.3678348888498
 21
334.7253913654804
 31
0.0
  0
LINE
  5
17A
330
17
100
AcDbEntity
  8
0
100
AcDbLine
 10
1031.79241834194
 20
336.58451808262
 30
0.0
 11
1033.50925624509
 21
334.86681272172063
 31
0.0
  0
LWPOLYLINE
  5
17B
330
17
100
AcDbEntity
  8
0
100
AcDbPolyline
 90
2
 70
0
 10
1031.9314387857903
 20
342.25349461868973
 10
1027.6700694620395
 20
342.25349461868973
  0
LWPOLYLINE
  5
17C
330
17
100
AcDbEntity
  8
0
100
AcDbPolyline
 90
2
 70
0
 10
1027.6700694620395
 20
344.0534946186999
 10
1031.9314387857903
 20
344.0534946186999
  0
LINE
  5
17D
330
17
100
AcDbEntity
  8
0
100
AcDbLine
 10
1027.6700694620395
 20
344.0534946186999
 30
0.0
 11
1026.2071211538496
 21
343.1534946187003
 31
0.0
  0
LINE
  5
17E
330
17
100
AcDbEntity
  8
0
100
AcDbLine
 10
1027.6700694620395
 20
344.2718483792505
 30
0.0
 11
1025.8700694620493
 21
343.2292950801402
 31
0.0
  0
LINE
  5
17F
330
17
100
AcDbEntity
  8
0
100
AcDbLine
 10
1026.2071211538496
 20
343.1534946187003
 30
0.0
 11
1027.6700694620395
 21
342.25349461868973
 31
0.0
  0
LINE
  5
180
330
17
100
AcDbEntity
  8
0
100
AcDbLine
 10
1025.8700694620493
 20
343.0757007296397
 30
0.0
 11
1027.6700694620395
 21
342.03485155264934
 31
0.0
  0
LINE
  5
181
330
17
100
AcDbEntity
  8
0
100
AcDbLine
 10
1031.9314387857903
 20
344.0534946186999
 30
0.0
 11
1033.394387093971
 21
343.1534946187003
 31
0.0
  0
LINE
  5
182
330
17
100
AcDbEntity
  8
0
100
AcDbLine
 10
1033.394387093971
 20
343.1534946187003
 30
0.0
 11
1031.9314387857903
 21
342.25349461868973
 31
0.0
  0
LINE
  5
183
330
17
100
AcDbEntity
  8
0
100
AcDbLine
 10
1031.9314387857903
 20
344.2718483792505
 30
0.0
 11
1033.7314387857696
 21
343.2292950801402
 31
0.0
  0
LINE
  5
184
330
17
100
AcDbEntity
  8
0
100
AcDbLine
 10
1033.7314387857696
 20
343.0757007296397
 30
0.0
 11
1031.9314387857903
 21
342.03485155264934
 31
0.0
  0
LWPOLYLINE
  5
185
330
17
100
AcDbEntity
  8
0
100
AcDbPolyline
 90
3
 70
0
 10
961.9061962845153
 20
359.3260584504005
 10
961.9061962845153
 20
363.56777023657014
 42
-0.1730033431015677
 10
962.0326033809397
 20
363.9221671806499
 42
-0.1730033431015677
  0
LWPOLYLINE
  5
186
330
17
100
AcDbEntity
  8
0
100
AcDbPolyline
 90
4
 70
0
 10
962.1117993404332
 20
364.0013631401507
 42
-0.1730033431015782
 10
962.4661962845148
 20
364.12777023656963
 10
965.7485631058098
 20
364.12777023656963
 42
-0.1730033431015092
 10
966.1029600498878
 20
364.0013631401507
  0
LWPOLYLINE
  5
187
330
17
100
AcDbEntity
  8
0
100
AcDbPolyline
 90
3
 70
0
 10
966.1821560093813
 20
363.9221671806499
 42
-0.1730033431016178
 10
966.3085631058057
 20
363.56777023657014
 10
966.3085631058057
 20
359.3260584504005
  0
LWPOLYLINE
  5
188
330
17
100
AcDbEntity
  8
0
100
AcDbPolyline
 90
3
 70
0
 10
966.3085631058057
 20
359.2400456141204
 10
966.3085631058057
 20
354.99945014739933
 42
-0.1730033431016471
 10
966.1821560093813
 20
354.64505320331955
 42
-0.1730033431016471
  0
LWPOLYLINE
  5
189
330
17
100
AcDbEntity
  8
0
100
AcDbPolyline
 90
4
 70
0
 10
966.1029600498878
 20
354.56585724382967
 42
-0.173003343101521
 10
965.7485631058098
 20
354.43945014739074
 10
962.4661962845148
 20
354.43945014739074
 42
-0.1600535475041646
 10
962.1340935734188
 20
354.5485534970703
 42
-0.1600535475041646
  0
LWPOLYLINE
  5
18A
330
17
100
AcDbEntity
  8
0
100
AcDbPolyline
 90
3
 70
0
 10
962.0152996341785
 20
354.6673474362997
 42
-0.1600535475041259
 10
961.9061962845153
 20
354.99945014739933
 10
961.9061962845153
 20
359.2400456141204
  0
LWPOLYLINE
  5
18B
330
17
100
AcDbEntity
  8
0
100
AcDbPolyline
 90
3
 70
0
 10
965.300563105804
 20
358.65717007499916
 10
965.300563105804
 20
355.8394501473995
 42
-0.1616783592796193
 10
965.2227116572467
 20
355.6049833317793
 42
-0.1616783592796193
  0
LWPOLYLINE
  5
18C
330
17
100
AcDbEntity
  8
0
100
AcDbPolyline
 90
4
 70
0
 10
965.143763105807
 20
355.5258501474
 42
-0.1622776601682571
 10
964.9085631057969
 20
355.44745014739965
 10
963.3061962845113
 20
355.44745014739965
 42
-0.1433289715803103
 10
963.0948461396474
 20
355.50930606330076
 42
-0.1433289715803103
  0
LWPOLYLINE
  5
18D
330
17
100
AcDbEntity
  8
0
100
AcDbPolyline
 90
3
 70
0
 10
962.976052200409
 20
355.6281000025301
 42
-0.1433289715802567
 10
962.9141962845024
 20
355.8394501473995
 10
962.9141962845024
 20
358.65717007499916
  0
LWPOLYLINE
  5
18E
330
17
100
AcDbEntity
  8
0
100
AcDbPolyline
 90
3
 70
0
 10
962.9141962845024
 20
359.90988829789967
 10
962.9141962845024
 20
362.7277702365791
 42
-0.1619055040017489
 10
962.9922554535733
 20
362.96251510801994
 42
-0.1619055040017489
  0
LWPOLYLINE
  5
18F
330
17
100
AcDbEntity
  8
0
100
AcDbPolyline
 90
4
 70
0
 10
963.0714514130668
 20
363.0417110675098
 42
-0.1619055040018182
 10
963.3061962845113
 20
363.11977023658073
 10
964.9085631057969
 20
363.11977023658073
 42
-0.1619055040018182
 10
965.143307977256
 20
363.0417110675098
  0
LWPOLYLINE
  5
190
330
17
100
AcDbEntity
  8
0
100
AcDbPolyline
 90
3
 70
0
 10
965.2225039367477
 20
362.96251510801994
 42
-0.1619055040017489
 10
965.300563105804
 20
362.7277702365791
 10
965.300563105804
 20
359.90988829789967
  0
LINE
  5
191
330
17
100
AcDbEntity
  8
0
100
AcDbLine
 10
962.9922554535733
 20
362.96251510801994
 30
0.0
 11
962.0306185072986
 21
363.92415205428915
 31
0.0
  0
LINE
  5
192
330
17
100
AcDbEntity
  8
0
100
AcDbLine
 10
963.0714514130668
 20
363.0417110675098
 30
0.0
 11
962.1098144667922
 21
364.00334801378995
 31
0.0
  0
LINE
  5
193
330
17
100
AcDbEntity
  8
0
100
AcDbLine
 10
965.2225039367477
 20
362.96251510801994
 30
0.0
 11
966.1841408830078
 21
363.92415205428915
 31
0.0
  0
LINE
  5
194
330
17
100
AcDbEntity
  8
0
100
AcDbLine
 10
965.143307977256
 20
363.0417110675098
 30
0.0
 11
966.1049449235288
 21
364.00334801378995
 31
0.0
  0
LINE
  5
195
330
17
100
AcDbEntity
  8
0
100
AcDbLine
 10
963.0948461396474
 20
355.50930606330076
 30
0.0
 11
962.1340935734188
 21
354.5485534970703
 31
0.0
  0
LINE
  5
196
330
17
100
AcDbEntity
  8
0
100
AcDbLine
 10
962.976052200409
 20
355.6281000025301
 30
0.0
 11
962.0152996341785
 21
354.6673474362997
 31
0.0
  0
LINE
  5
197
330
17
100
AcDbEntity
  8
0
100
AcDbLine
 10
965.143763105807
 20
355.5258501474
 30
0.0
 11
966.1049449235288
 21
354.56387237019044
 31
0.0
  0
LINE
  5
198
330
17
100
AcDbEntity
  8
0
100
AcDbLine
 10
965.2227116572467
 20
355.6049833317793
 30
0.0
 11
966.1841408830078
 21
354.6430683296803
 31
0.0
  0
LWPOLYLINE
  5
199
330
17
100
AcDbEntity
  8
0
100
AcDbPolyline
 90
2
 70
0
 10
965.300563105804
 20
358.7796101919794
 10
962.9141962845024
 20
358.7796101919794
  0
LWPOLYLINE
  5
19A
330
17
100
AcDbEntity
  8
0
100
AcDbPolyline
 90
2
 70
0
 10
962.9141962845024
 20
359.7876101919792
 10
965.300563105804
 20
359.7876101919792
  0
LINE
  5
19B
330
17
100
AcDbEntity
  8
0
100
AcDbLine
 10
962.9141962845024
 20
359.7876101919792
 30
0.0
 11
962.0949452319328
 21
359.2836101919802
 31
0.0
  0
LINE
  5
19C
330
17
100
AcDbEntity
  8
0
100
AcDbLine
 10
962.9141962845024
 20
359.90988829789967
 30
0.0
 11
961.9061962845153
 21
359.3260584504005
 31
0.0
  0
LINE
  5
19D
330
17
100
AcDbEntity
  8
0
100
AcDbLine
 10
962.0949452319328
 20
359.2836101919802
 30
0.0
 11
962.9141962845024
 21
358.7796101919794
 31
0.0
  0
LINE
  5
19E
330
17
100
AcDbEntity
  8
0
100
AcDbLine
 10
961.9061962845153
 20
359.2400456141204
 30
0.0
 11
962.9141962845024
 21
358.65717007499916
 31
0.0
  0
LINE
  5
19F
330
17
100
AcDbEntity
  8
0
100
AcDbLine
 10
965.300563105804
 20
359.7876101919792
 30
0.0
 11
966.11981415839
 21
359.2836101919802
 31
0.0
  0
LINE
  5
1A0
330
17
100
AcDbEntity
  8
0
100
AcDbLine
 10
966.11981415839
 20
359.2836101919802
 30
0.0
 11
965.300563105804
 21
358.7796101919794
 31
0.0
  0
LINE
  5
1A1
330
17
100
AcDbEntity
  8
0
100
AcDbLine
 10
965.300563105804
 20
359.90988829789967
 30
0.0
 11
966.3085631058057
 21
359.3260584504005
 31
0.0
  0
LINE
  5
1A2
330
17
100
AcDbEntity
  8
0
100
AcDbLine
 10
966.3085631058057
 20
359.2400456141204
 30
0.0
 11
965.300563105804
 21
358.65717007499916
 31
0.0
  0
LWPOLYLINE
  5
1A3
330
17
100
AcDbEntity
  8
0
100
AcDbPolyline
 90
3
 70
0
 10
967.6904636825639
 20
359.3260584504005
 10
967.6904636825639
 20
363.56777023657014
 42
-0.1730033431015677
 10
967.8168707790028
 20
363.9221671806499
 42
-0.1730033431015677
  0
LWPOLYLINE
  5
1A4
330
17
100
AcDbEntity
  8
0
100
AcDbPolyline
 90
4
 70
0
 10
967.8960667384963
 20
364.0013631401507
 42
-0.1730033431015782
 10
968.2504636825779
 20
364.12777023656963
 10
971.5328305038565
 20
364.12777023656963
 42
-0.1730033431015092
 10
971.8872274479363
 20
364.0013631401507
  0
LWPOLYLINE
  5
1A5
330
17
100
AcDbEntity
  8
0
100
AcDbPolyline
 90
3
 70
0
 10
971.9664234074298
 20
363.9221671806499
 42
-0.1730033431016178
 10
972.0928305038688
 20
363.56777023657014
 10
972.0928305038688
 20
359.3260584504005
  0
LWPOLYLINE
  5
1A6
330
17
100
AcDbEntity
  8
0
100
AcDbPolyline
 90
3
 70
0
 10
972.0928305038688
 20
359.2400456141204
 10
972.0928305038688
 20
354.99945014739933
 42
-0.1730033431016471
 10
971.9664234074298
 20
354.64505320331955
 42
-0.1730033431016471
  0
LWPOLYLINE
  5
1A7
330
17
100
AcDbEntity
  8
0
100
AcDbPolyline
 90
4
 70
0
 10
971.8872274479363
 20
354.56585724382967
 42
-0.173003343101521
 10
971.5328305038565
 20
354.43945014739074
 10
968.2504636825779
 20
354.43945014739074
 42
-0.1600535475041646
 10
967.9183609714673
 20
354.5485534970703
 42
-0.1600535475041646
  0
LWPOLYLINE
  5
1A8
330
17
100
AcDbEntity
  8
0
100
AcDbPolyline
 90
3
 70
0
 10
967.7995670322416
 20
354.6673474362997
 42
-0.1600535475041259
 10
967.6904636825639
 20
354.99945014739933
 10
967.6904636825639
 20
359.2400456141204
  0
LWPOLYLINE
  5
1A9
330
17
100
AcDbEntity
  8
0
100
AcDbPolyline
 90
3
 70
0
 10
971.0848305038671
 20
358.65717007499916
 10
971.0848305038671
 20
355.8394501473995
 42
-0.1616783592796193
 10
971.0069790553098
 20
355.6049833317793
 42
-0.1616783592796193
  0
LWPOLYLINE
  5
1AA
330
17
100
AcDbEntity
  8
0
100
AcDbPolyline
 90
4
 70
0
 10
970.9280305038683
 20
355.5258501474
 42
-0.1622776601682571
 10
970.69283050386
 20
355.44745014739965
 10
969.0904636825744
 20
355.44745014739965
 42
-0.1433289715803103
 10
968.8791135377105
 20
355.50930606330076
 42
-0.1433289715803103
  0
LWPOLYLINE
  5
1AB
330
17
100
AcDbEntity
  8
0
100
AcDbPolyline
 90
3
 70
0
 10
968.760319598472
 20
355.6281000025301
 42
-0.1433289715802567
 10
968.6984636825655
 20
355.8394501473995
 10
968.6984636825655
 20
358.65717007499916
  0
LWPOLYLINE
  5
1AC
330
17
100
AcDbEntity
  8
0
100
AcDbPolyline
 90
3
 70
0
 10
968.6984636825655
 20
359.90988829789967
 10
968.6984636825655
 20
362.7277702365791
 42
-0.1619055040017489
 10
968.7765228516364
 20
362.96251510801994
 42
-0.1619055040017489
  0
LWPOLYLINE
  5
1AD
330
17
100
AcDbEntity
  8
0
100
AcDbPolyline
 90
4
 70
0
 10
968.8557188111299
 20
363.0417110675098
 42
-0.1619055040018182
 10
969.0904636825744
 20
363.11977023658073
 10
970.69283050386
 20
363.11977023658073
 42
-0.1619055040018182
 10
970.9275753753045
 20
363.0417110675098
  0
LWPOLYLINE
  5
1AE
330
17
100
AcDbEntity
  8
0
100
AcDbPolyline
 90
3
 70
0
 10
971.006771334798
 20
362.96251510801994
 42
-0.1619055040017489
 10
971.0848305038671
 20
362.7277702365791
 10
971.0848305038671
 20
359.90988829789967
  0
LINE
  5
1AF
330
17
100
AcDbEntity
  8
0
100
AcDbLine
 10
968.7765228516364
 20
362.96251510801994
 30
0.0
 11
967.8148859053617
 21
363.92415205428915
 31
0.0
  0
LINE
  5
1B0
330
17
100
AcDbEntity
  8
0
100
AcDbLine
 10
968.8557188111299
 20
363.0417110675098
 30
0.0
 11
967.8940818648553
 21
364.00334801378995
 31
0.0
  0
LINE
  5
1B1
330
17
100
AcDbEntity
  8
0
100
AcDbLine
 10
971.006771334798
 20
362.96251510801994
 30
0.0
 11
971.9684082810709
 21
363.92415205428915
 31
0.0
  0
LINE
  5
1B2
330
17
100
AcDbEntity
  8
0
100
AcDbLine
 10
970.9275753753045
 20
363.0417110675098
 30
0.0
 11
971.8892123215774
 21
364.00334801378995
 31
0.0
  0
LINE
  5
1B3
330
17
100
AcDbEntity
  8
0
100
AcDbLine
 10
968.8791135377105
 20
355.50930606330076
 30
0.0
 11
967.9183609714673
 21
354.5485534970703
 31
0.0
  0
LINE
  5
1B4
330
17
100
AcDbEntity
  8
0
100
AcDbLine
 10
968.760319598472
 20
355.6281000025301
 30
0.0
 11
967.7995670322416
 21
354.6673474362997
 31
0.0
  0
LINE
  5
1B5
330
17
100
AcDbEntity
  8
0
100
AcDbLine
 10
970.9280305038683
 20
355.5258501474
 30
0.0
 11
971.8892123215774
 21
354.56387237019044
 31
0.0
  0
LINE
  5
1B6
330
17
100
AcDbEntity
  8
0
100
AcDbLine
 10
971.0069790553098
 20
355.6049833317793
 30
0.0
 11
971.9684082810709
 21
354.6430683296803
 31
0.0
  0
LWPOLYLINE
  5
1B7
330
17
100
AcDbEntity
  8
0
100
AcDbPolyline
 90
2
 70
0
 10
971.0848305038671
 20
358.7796101919794
 10
968.6984636825655
 20
358.7796101919794
  0
LWPOLYLINE
  5
1B8
330
17
100
AcDbEntity
  8
0
100
AcDbPolyline
 90
2
 70
0
 10
968.6984636825655
 20
359.7876101919792
 10
971.0848305038671
 20
359.7876101919792
  0
LINE
  5
1B9
330
17
100
AcDbEntity
  8
0
100
AcDbLine
 10
968.6984636825655
 20
359.7876101919792
 30
0.0
 11
967.8792126299813
 21
359.2836101919802
 31
0.0
  0
LINE
  5
1BA
330
17
100
AcDbEntity
  8
0
100
AcDbLine
 10
968.6984636825655
 20
359.90988829789967
 30
0.0
 11
967.6904636825639
 21
359.3260584504005
 31
0.0
  0
LINE
  5
1BB
330
17
100
AcDbEntity
  8
0
100
AcDbLine
 10
967.8792126299813
 20
359.2836101919802
 30
0.0
 11
968.6984636825655
 21
358.7796101919794
 31
0.0
  0
LINE
  5
1BC
330
17
100
AcDbEntity
  8
0
100
AcDbLine
 10
967.6904636825639
 20
359.2400456141204
 30
0.0
 11
968.6984636825655
 21
358.65717007499916
 31
0.0
  0
LINE
  5
1BD
330
17
100
AcDbEntity
  8
0
100
AcDbLine
 10
971.0848305038671
 20
359.7876101919792
 30
0.0
 11
971.9040815564531
 21
359.2836101919802
 31
0.0
  0
LINE
  5
1BE
330
17
100
AcDbEntity
  8
0
100
AcDbLine
 10
971.9040815564531
 20
359.2836101919802
 30
0.0
 11
971.0848305038671
 21
358.7796101919794
 31
0.0
  0
LINE
  5
1BF
330
17
100
AcDbEntity
  8
0
100
AcDbLine
 10
971.0848305038671
 20
359.90988829789967
 30
0.0
 11
972.0928305038688
 21
359.3260584504005
 31
0.0
  0
LINE
  5
1C0
330
17
100
AcDbEntity
  8
0
100
AcDbLine
 10
972.0928305038688
 20
359.2400456141204
 30
0.0
 11
971.0848305038671
 21
358.65717007499916
 31
0.0
  0
LWPOLYLINE
  5
1C1
330
17
100
AcDbEntity
  8
0
100
AcDbPolyline
 90
3
 70
0
 10
973.474731080627
 20
359.3260584504005
 10
973.474731080627
 20
363.56777023657014
 42
-0.1730033431015677
 10
973.6011381770513
 20
363.9221671806499
 42
-0.1730033431015677
  0
LWPOLYLINE
  5
1C2
330
17
100
AcDbEntity
  8
0
100
AcDbPolyline
 90
4
 70
0
 10
973.6803341365448
 20
364.0013631401507
 42
-0.1730033431015782
 10
974.0347310806264
 20
364.12777023656963
 10
977.3170979019196
 20
364.12777023656963
 42
-0.1730033431015092
 10
977.6714948459994
 20
364.0013631401507
  0
LWPOLYLINE
  5
1C3
330
17
100
AcDbEntity
  8
0
100
AcDbPolyline
 90
3
 70
0
 10
977.7506908054929
 20
363.9221671806499
 42
-0.1730033431016178
 10
977.8770979019173
 20
363.56777023657014
 10
977.8770979019173
 20
359.3260584504005
  0
LWPOLYLINE
  5
1C4
330
17
100
AcDbEntity
  8
0
100
AcDbPolyline
 90
3
 70
0
 10
977.8770979019173
 20
359.2400456141204
 10
977.8770979019173
 20
354.99945014739933
 42
-0.1730033431016471
 10
977.7506908054929
 20
354.64505320331955
 42
-0.1730033431016471
  0
LWPOLYLINE
  5
1C5
330
17
100
AcDbEntity
  8
0
100
AcDbPolyline
 90
4
 70
0
 10
977.6714948459994
 20
354.56585724382967
 42
-0.173003343101521
 10
977.3170979019196
 20
354.43945014739074
 10
974.0347310806264
 20
354.43945014739074
 42
-0.1600535475041646
 10
973.7026283695304
 20
354.5485534970703
 42
-0.1600535475041646
  0
LWPOLYLINE
  5
1C6
330
17
100
AcDbEntity
  8
0
100
AcDbPolyline
 90
3
 70
0
 10
973.583834430292
 20
354.6673474362997
 42
-0.1600535475041259
 10
973.474731080627
 20
354.99945014739933
 10
973.474731080627
 20
359.2400456141204
  0
LWPOLYLINE
  5
1C7
330
17
100
AcDbEntity
  8
0
100
AcDbPolyline
 90
3
 70
0
 10
976.8690979019302
 20
358.65717007499916
 10
976.8690979019302
 20
355.8394501473995
 42
-0.1616783592796193
 10
976.7912464533729
 20
355.6049833317793
 42
-0.1616783592796193
  0
LWPOLYLINE
  5
1C8
330
17
100
AcDbEntity
  8
0
100
AcDbPolyline
 90
4
 70
0
 10
976.7122979019186
 20
355.5258501474
 42
-0.1622776601682571
 10
976.4770979019231
 20
355.44745014739965
 10
974.8747310806375
 20
355.44745014739965
 42
-0.1433289715803103
 10
974.6633809357736
 20
355.50930606330076
 42
-0.1433289715803103
  0
LWPOLYLINE
  5
1C9
330
17
100
AcDbEntity
  8
0
100
AcDbPolyline
 90
3
 70
0
 10
974.5445869965333
 20
355.6281000025301
 42
-0.1433289715802567
 10
974.4827310806286
 20
355.8394501473995
 10
974.4827310806286
 20
358.65717007499916
  0
LWPOLYLINE
  5
1CA
330
17
100
AcDbEntity
  8
0
100
AcDbPolyline
 90
3
 70
0
 10
974.4827310806286
 20
359.90988829789967
 10
974.4827310806286
 20
362.7277702365791
 42
-0.1619055040017489
 10
974.5607902496868
 20
362.96251510801994
 42
-0.1619055040017489
  0
LWPOLYLINE
  5
1CB
330
17
100
AcDbEntity
  8
0
100
AcDbPolyline
 90
4
 70
0
 10
974.6399862091785
 20
363.0417110675098
 42
-0.1619055040018182
 10
974.874731080623
 20
363.11977023658073
 10
976.4770979019231
 20
363.11977023658073
 42
-0.1619055040018182
 10
976.7118427733676
 20
363.0417110675098
  0
LWPOLYLINE
  5
1CC
330
17
100
AcDbEntity
  8
0
100
AcDbPolyline
 90
3
 70
0
 10
976.7910387328593
 20
362.96251510801994
 42
-0.1619055040017489
 10
976.8690979019157
 20
362.7277702365791
 10
976.8690979019157
 20
359.90988829789967
  0
LINE
  5
1CD
330
17
100
AcDbEntity
  8
0
100
AcDbLine
 10
974.5607902496868
 20
362.96251510801994
 30
0.0
 11
973.5991533034248
 21
363.92415205428915
 31
0.0
  0
LINE
  5
1CE
330
17
100
AcDbEntity
  8
0
100
AcDbLine
 10
974.6399862091785
 20
363.0417110675098
 30
0.0
 11
973.6783492629038
 21
364.00334801378995
 31
0.0
  0
LINE
  5
1CF
330
17
100
AcDbEntity
  8
0
100
AcDbLine
 10
976.7910387328593
 20
362.96251510801994
 30
0.0
 11
977.752675679134
 21
363.92415205428915
 31
0.0
  0
LINE
  5
1D0
330
17
100
AcDbEntity
  8
0
100
AcDbLine
 10
976.7118427733676
 20
363.0417110675098
 30
0.0
 11
977.6734797196405
 21
364.00334801378995
 31
0.0
  0
LINE
  5
1D1
330
17
100
AcDbEntity
  8
0
100
AcDbLine
 10
974.6633809357736
 20
355.50930606330076
 30
0.0
 11
973.7026283695304
 21
354.5485534970703
 31
0.0
  0
LINE
  5
1D2
330
17
100
AcDbEntity
  8
0
100
AcDbLine
 10
974.5445869965333
 20
355.6281000025301
 30
0.0
 11
973.583834430292
 21
354.6673474362997
 31
0.0
  0
LINE
  5
1D3
330
17
100
AcDbEntity
  8
0
100
AcDbLine
 10
976.7122979019186
 20
355.5258501474
 30
0.0
 11
977.6734797196405
 21
354.56387237019044
 31
0.0
  0
LINE
  5
1D4
330
17
100
AcDbEntity
  8
0
100
AcDbLine
 10
976.7912464533729
 20
355.6049833317793
 30
0.0
 11
977.752675679134
 21
354.6430683296803
 31
0.0
  0
LWPOLYLINE
  5
1D5
330
17
100
AcDbEntity
  8
0
100
AcDbPolyline
 90
2
 70
0
 10
976.8690979019302
 20
358.7796101919794
 10
974.4827310806286
 20
358.7796101919794
  0
LWPOLYLINE
  5
1D6
330
17
100
AcDbEntity
  8
0
100
AcDbPolyline
 90
2
 70
0
 10
974.4827310806286
 20
359.7876101919792
 10
976.8690979019157
 20
359.7876101919792
  0
LINE
  5
1D7
330
17
100
AcDbEntity
  8
0
100
AcDbLine
 10
974.4827310806286
 20
359.7876101919792
 30
0.0
 11
973.6634800280444
 21
359.2836101919802
 31
0.0
  0
LINE
  5
1D8
330
17
100
AcDbEntity
  8
0
100
AcDbLine
 10
974.4827310806286
 20
359.90988829789967
 30
0.0
 11
973.474731080627
 21
359.3260584504005
 31
0.0
  0
LINE
  5
1D9
330
17
100
AcDbEntity
  8
0
100
AcDbLine
 10
973.6634800280444
 20
359.2836101919802
 30
0.0
 11
974.4827310806286
 21
358.7796101919794
 31
0.0
  0
LINE
  5
1DA
330
17
100
AcDbEntity
  8
0
100
AcDbLine
 10
973.474731080627
 20
359.2400456141204
 30
0.0
 11
974.4827310806286
 21
358.65717007499916
 31
0.0
  0
LINE
  5
1DB
330
17
100
AcDbEntity
  8
0
100
AcDbLine
 10
976.8690979019157
 20
359.7876101919792
 30
0.0
 11
977.6883489544998
 21
359.2836101919802
 31
0.0
  0
LINE
  5
1DC
330
17
100
AcDbEntity
  8
0
100
AcDbLine
 10
977.6883489544998
 20
359.2836101919802
 30
0.0
 11
976.8690979019302
 21
358.7796101919794
 31
0.0
  0
LINE
  5
1DD
330
17
100
AcDbEntity
  8
0
100
AcDbLine
 10
976.8690979019157
 20
359.90988829789967
 30
0.0
 11
977.8770979019173
 21
359.3260584504005
 31
0.0
  0
LINE
  5
1DE
330
17
100
AcDbEntity
  8
0
100
AcDbLine
 10
977.8770979019173
 20
359.2400456141204
 30
0.0
 11
976.8690979019302
 21
358.65717007499916
 31
0.0
  0
LWPOLYLINE
  5
1DF
330
17
100
AcDbEntity
  8
0
100
AcDbPolyline
 90
3
 70
0
 10
979.2589984786919
 20
359.3260584504005
 10
979.2589984786919
 20
363.56777023657014
 42
-0.1730033431015677
 10
979.3854055751144
 20
363.9221671806499
 42
-0.1730033431015677
  0
LWPOLYLINE
  5
1E0
330
17
100
AcDbEntity
  8
0
100
AcDbPolyline
 90
4
 70
0
 10
979.4646015346079
 20
364.0013631401507
 42
-0.1730033431015782
 10
979.8189984786895
 20
364.12777023656963
 10
983.1013652999827
 20
364.12777023656963
 42
-0.1730033431015092
 10
983.4557622440625
 20
364.0013631401507
  0
LWPOLYLINE
  5
1E1
330
17
100
AcDbEntity
  8
0
100
AcDbPolyline
 90
3
 70
0
 10
983.534958203556
 20
363.9221671806499
 42
-0.1730033431016178
 10
983.6613652999804
 20
363.56777023657014
 10
983.6613652999804
 20
359.3260584504005
  0
LWPOLYLINE
  5
1E2
330
17
100
AcDbEntity
  8
0
100
AcDbPolyline
 90
3
 70
0
 10
983.6613652999804
 20
359.2400456141204
 10
983.6613652999804
 20
354.99945014739933
 42
-0.1730033431016471
 10
983.534958203556
 20
354.64505320331955
 42
-0.1730033431016471
  0
LWPOLYLINE
  5
1E3
330
17
100
AcDbEntity
  8
0
100
AcDbPolyline
 90
4
 70
0
 10
983.4557622440625
 20
354.56585724382967
 42
-0.173003343101521
 10
983.1013652999827
 20
354.43945014739074
 10
979.8189984786895
 20
354.43945014739074
 42
-0.1600535475041646
 10
979.4868957675935
 20
354.5485534970703
 42
-0.1600535475041646
  0
LWPOLYLINE
  5
1E4
330
17
100
AcDbEntity
  8
0
100
AcDbPolyline
 90
3
 70
0
 10
979.3681018283551
 20
354.6673474362997
 42
-0.1600535475041259
 10
979.2589984786919
 20
354.99945014739933
 10
979.2589984786919
 20
359.2400456141204
  0
LWPOLYLINE
  5
1E5
330
17
100
AcDbEntity
  8
0
100
AcDbPolyline
 90
3
 70
0
 10
982.6533652999788
 20
358.65717007499916
 10
982.6533652999788
 20
355.8394501473995
 42
-0.1616783592796193
 10
982.5755138514214
 20
355.6049833317793
 42
-0.1616783592796193
  0
LWPOLYLINE
  5
1E6
330
17
100
AcDbEntity
  8
0
100
AcDbPolyline
 90
4
 70
0
 10
982.4965652999817
 20
355.5258501474
 42
-0.1622776601682571
 10
982.2613652999862
 20
355.44745014739965
 10
980.658998478686
 20
355.44745014739965
 42
-0.1433289715803103
 10
980.447648333824
 20
355.50930606330076
 42
-0.1433289715803103
  0
LWPOLYLINE
  5
1E7
330
17
100
AcDbEntity
  8
0
100
AcDbPolyline
 90
3
 70
0
 10
980.3288543945837
 20
355.6281000025301
 42
-0.1433289715802567
 10
980.2669984786935
 20
355.8394501473995
 10
980.2669984786935
 20
358.65717007499916
  0
LWPOLYLINE
  5
1E8
330
17
100
AcDbEntity
  8
0
100
AcDbPolyline
 90
3
 70
0
 10
980.2669984786935
 20
359.90988829789967
 10
980.2669984786935
 20
362.7277702365791
 42
-0.1619055040017489
 10
980.3450576477499
 20
362.96251510801994
 42
-0.1619055040017489
  0
LWPOLYLINE
  5
1E9
330
17
100
AcDbEntity
  8
0
100
AcDbPolyline
 90
4
 70
0
 10
980.4242536072416
 20
363.0417110675098
 42
-0.1619055040018182
 10
980.658998478686
 20
363.11977023658073
 10
982.2613652999862
 20
363.11977023658073
 42
-0.1619055040018182
 10
982.4961101714307
 20
363.0417110675098
  0
LWPOLYLINE
  5
1EA
330
17
100
AcDbEntity
  8
0
100
AcDbPolyline
 90
3
 70
0
 10
982.5753061309224
 20
362.96251510801994
 42
-0.1619055040017489
 10
982.6533652999788
 20
362.7277702365791
 10
982.6533652999788
 20
359.90988829789967
  0
LINE
  5
1EB
330
17
100
AcDbEntity
  8
0
100
AcDbLine
 10
980.3450576477499
 20
362.96251510801994
 30
0.0
 11
979.3834207014734
 21
363.92415205428915
 31
0.0
  0
LINE
  5
1EC
330
17
100
AcDbEntity
  8
0
100
AcDbLine
 10
980.4242536072416
 20
363.0417110675098
 30
0.0
 11
979.4626166609669
 21
364.00334801378995
 31
0.0
  0
LINE
  5
1ED
330
17
100
AcDbEntity
  8
0
100
AcDbLine
 10
982.5753061309224
 20
362.96251510801994
 30
0.0
 11
983.5369430771971
 21
363.92415205428915
 31
0.0
  0
LINE
  5
1EE
330
17
100
AcDbEntity
  8
0
100
AcDbLine
 10
982.4961101714307
 20
363.0417110675098
 30
0.0
 11
983.4577471177035
 21
364.00334801378995
 31
0.0
  0
LINE
  5
1EF
330
17
100
AcDbEntity
  8
0
100
AcDbLine
 10
980.447648333824
 20
355.50930606330076
 30
0.0
 11
979.4868957675935
 21
354.5485534970703
 31
0.0
  0
LINE
  5
1F0
330
17
100
AcDbEntity
  8
0
100
AcDbLine
 10
980.3288543945837
 20
355.6281000025301
 30
0.0
 11
979.3681018283551
 21
354.6673474362997
 31
0.0
  0
LINE
  5
1F1
330
17
100
AcDbEntity
  8
0
100
AcDbLine
 10
982.4965652999817
 20
355.5258501474
 30
0.0
 11
983.4577471177035
 21
354.56387237019044
 31
0.0
  0
LINE
  5
1F2
330
17
100
AcDbEntity
  8
0
100
AcDbLine
 10
982.5755138514214
 20
355.6049833317793
 30
0.0
 11
983.5369430771971
 21
354.6430683296803
 31
0.0
  0
LWPOLYLINE
  5
1F3
330
17
100
AcDbEntity
  8
0
100
AcDbPolyline
 90
2
 70
0
 10
982.6533652999788
 20
358.7796101919794
 10
980.2669984786935
 20
358.7796101919794
  0
LWPOLYLINE
  5
1F4
330
17
100
AcDbEntity
  8
0
100
AcDbPolyline
 90
2
 70
0
 10
980.2669984786935
 20
359.7876101919792
 10
982.6533652999788
 20
359.7876101919792
  0
LINE
  5
1F5
330
17
100
AcDbEntity
  8
0
100
AcDbLine
 10
980.2669984786935
 20
359.7876101919792
 30
0.0
 11
979.4477474261075
 21
359.2836101919802
 31
0.0
  0
LINE
  5
1F6
330
17
100
AcDbEntity
  8
0
100
AcDbLine
 10
980.2669984786935
 20
359.90988829789967
 30
0.0
 11
979.2589984786919
 21
359.3260584504005
 31
0.0
  0
LINE
  5
1F7
330
17
100
AcDbEntity
  8
0
100
AcDbLine
 10
979.4477474261075
 20
359.2836101919802
 30
0.0
 11
980.2669984786935
 21
358.7796101919794
 31
0.0
  0
LINE
  5
1F8
330
17
100
AcDbEntity
  8
0
100
AcDbLine
 10
979.2589984786919
 20
359.2400456141204
 30
0.0
 11
980.2669984786935
 21
358.65717007499916
 31
0.0
  0
LINE
  5
1F9
330
17
100
AcDbEntity
  8
0
100
AcDbLine
 10
982.6533652999788
 20
359.7876101919792
 30
0.0
 11
983.4726163525629
 21
359.2836101919802
 31
0.0
  0
LINE
  5
1FA
330
17
100
AcDbEntity
  8
0
100
AcDbLine
 10
983.4726163525629
 20
359.2836101919802
 30
0.0
 11
982.6533652999788
 21
358.7796101919794
 31
0.0
  0
LINE
  5
1FB
330
17
100
AcDbEntity
  8
0
100
AcDbLine
 10
982.6533652999788
 20
359.90988829789967
 30
0.0
 11
983.6613652999804
 21
359.3260584504005
 31
0.0
  0
LINE
  5
1FC
330
17
100
AcDbEntity
  8
0
100
AcDbLine
 10
983.6613652999804
 20
359.2400456141204
 30
0.0
 11
982.6533652999788
 21
358.65717007499916
 31
0.0
  0
LWPOLYLINE
  5
1FD
330
17
100
AcDbEntity
  8
0
100
AcDbPolyline
 90
3
 70
0
 10
985.043265876755
 20
359.3260584504005
 10
985.043265876755
 20
363.56777023657014
 42
-0.1730033431015677
 10
985.1696729731775
 20
363.9221671806499
 42
-0.1730033431015677
  0
LWPOLYLINE
  5
1FE
330
17
100
AcDbEntity
  8
0
100
AcDbPolyline
 90
4
 70
0
 10
985.248868932671
 20
364.0013631401507
 42
-0.1730033431015782
 10
985.6032658767526
 20
364.12777023656963
 10
988.8856326980458
 20
364.12777023656963
 42
-0.1730033431015092
 10
989.2400296421256
 20
364.0013631401507
  0
LWPOLYLINE
  5
1FF
330
17
100
AcDbEntity
  8
0
100
AcDbPolyline
 90
3
 70
0
 10
989.3192256016173
 20
363.9221671806499
 42
-0.1730033431016178
 10
989.4456326980435
 20
363.56777023657014
 10
989.4456326980435
 20
359.3260584504005
  0
LWPOLYLINE
  5
200
330
17
100
AcDbEntity
  8
0
100
AcDbPolyline
 90
3
 70
0
 10
989.4456326980435
 20
359.2400456141204
 10
989.4456326980435
 20
354.99945014739933
 42
-0.1730033431016471
 10
989.3192256016173
 20
354.64505320331955
 42
-0.1730033431016471
  0
LWPOLYLINE
  5
201
330
17
100
AcDbEntity
  8
0
100
AcDbPolyline
 90
4
 70
0
 10
989.2400296421256
 20
354.56585724382967
 42
-0.173003343101521
 10
988.8856326980458
 20
354.43945014739074
 10
985.6032658767526
 20
354.43945014739074
 42
-0.1600535475041646
 10
985.2711631656566
 20
354.5485534970703
 42
-0.1600535475041646
  0
LWPOLYLINE
  5
202
330
17
100
AcDbEntity
  8
0
100
AcDbPolyline
 90
3
 70
0
 10
985.1523692264163
 20
354.6673474362997
 42
-0.1600535475041259
 10
985.043265876755
 20
354.99945014739933
 10
985.043265876755
 20
359.2400456141204
  0
LWPOLYLINE
  5
203
330
17
100
AcDbEntity
  8
0
100
AcDbPolyline
 90
3
 70
0
 10
988.4376326980419
 20
358.65717007499916
 10
988.4376326980419
 20
355.8394501473995
 42
-0.1616783592796193
 10
988.3597812494845
 20
355.6049833317793
 42
-0.1616783592796193
  0
LWPOLYLINE
  5
204
330
17
100
AcDbEntity
  8
0
100
AcDbPolyline
 90
4
 70
0
 10
988.2808326980448
 20
355.5258501474
 42
-0.1622776601682571
 10
988.0456326980511
 20
355.44745014739965
 10
986.4432658767491
 20
355.44745014739965
 42
-0.1433289715803103
 10
986.231915731887
 20
355.50930606330076
 42
-0.1433289715803103
  0
LWPOLYLINE
  5
205
330
17
100
AcDbEntity
  8
0
100
AcDbPolyline
 90
3
 70
0
 10
986.1131217926468
 20
355.6281000025301
 42
-0.1433289715802567
 10
986.0512658767566
 20
355.8394501473995
 10
986.0512658767566
 20
358.65717007499916
  0
LWPOLYLINE
  5
206
330
17
100
AcDbEntity
  8
0
100
AcDbPolyline
 90
3
 70
0
 10
986.0512658767566
 20
359.90988829789967
 10
986.0512658767566
 20
362.7277702365791
 42
-0.1619055040017489
 10
986.129325045813
 20
362.96251510801994
 42
-0.1619055040017489
  0
LWPOLYLINE
  5
207
330
17
100
AcDbEntity
  8
0
100
AcDbPolyline
 90
4
 70
0
 10
986.2085210053046
 20
363.0417110675098
 42
-0.1619055040018182
 10
986.4432658767491
 20
363.11977023658073
 10
988.0456326980511
 20
363.11977023658073
 42
-0.1619055040018182
 10
988.2803775694938
 20
363.0417110675098
  0
LWPOLYLINE
  5
208
330
17
100
AcDbEntity
  8
0
100
AcDbPolyline
 90
3
 70
0
 10
988.3595735289855
 20
362.96251510801994
 42
-0.1619055040017489
 10
988.4376326980419
 20
362.7277702365791
 10
988.4376326980419
 20
359.90988829789967
  0
LINE
  5
209
330
17
100
AcDbEntity
  8
0
100
AcDbLine
 10
986.129325045813
 20
362.96251510801994
 30
0.0
 11
985.1676880995365
 21
363.92415205428915
 31
0.0
  0
LINE
  5
20A
330
17
100
AcDbEntity
  8
0
100
AcDbLine
 10
986.2085210053046
 20
363.0417110675098
 30
0.0
 11
985.24688405903
 21
364.00334801378995
 31
0.0
  0
LINE
  5
20B
330
17
100
AcDbEntity
  8
0
100
AcDbLine
 10
988.3595735289855
 20
362.96251510801994
 30
0.0
 11
989.3212104752602
 21
363.92415205428915
 31
0.0
  0
LINE
  5
20C
330
17
100
AcDbEntity
  8
0
100
AcDbLine
 10
988.2803775694938
 20
363.0417110675098
 30
0.0
 11
989.2420145157666
 21
364.00334801378995
 31
0.0
  0
LINE
  5
20D
330
17
100
AcDbEntity
  8
0
100
AcDbLine
 10
986.231915731887
 20
355.50930606330076
 30
0.0
 11
985.2711631656566
 21
354.5485534970703
 31
0.0
  0
LINE
  5
20E
330
17
100
AcDbEntity
  8
0
100
AcDbLine
 10
986.1131217926468
 20
355.6281000025301
 30
0.0
 11
985.1523692264163
 21
354.6673474362997
 31
0.0
  0
LINE
  5
20F
330
17
100
AcDbEntity
  8
0
100
AcDbLine
 10
988.2808326980448
 20
355.5258501474
 30
0.0
 11
989.2420145157666
 21
354.56387237019044
 31
0.0
  0
LINE
  5
210
330
17
100
AcDbEntity
  8
0
100
AcDbLine
 10
988.3597812494845
 20
355.6049833317793
 30
0.0
 11
989.3212104752602
 21
354.6430683296803
 31
0.0
  0
LWPOLYLINE
  5
211
330
17
100
AcDbEntity
  8
0
100
AcDbPolyline
 90
2
 70
0
 10
988.4376326980419
 20
358.7796101919794
 10
986.0512658767566
 20
358.7796101919794
  0
LWPOLYLINE
  5
212
330
17
100
AcDbEntity
  8
0
100
AcDbPolyline
 90
2
 70
0
 10
986.0512658767566
 20
359.7876101919792
 10
988.4376326980419
 20
359.7876101919792
  0
LINE
  5
213
330
17
100
AcDbEntity
  8
0
100
AcDbLine
 10
986.0512658767566
 20
359.7876101919792
 30
0.0
 11
985.2320148241706
 21
359.2836101919802
 31
0.0
  0
LINE
  5
214
330
17
100
AcDbEntity
  8
0
100
AcDbLine
 10
986.0512658767566
 20
359.90988829789967
 30
0.0
 11
985.043265876755
 21
359.3260584504005
 31
0.0
  0
LINE
  5
215
330
17
100
AcDbEntity
  8
0
100
AcDbLine
 10
985.2320148241706
 20
359.2836101919802
 30
0.0
 11
986.0512658767566
 21
358.7796101919794
 31
0.0
  0
LINE
  5
216
330
17
100
AcDbEntity
  8
0
100
AcDbLine
 10
985.043265876755
 20
359.2400456141204
 30
0.0
 11
986.0512658767566
 21
358.65717007499916
 31
0.0
  0
LINE
  5
217
330
17
100
AcDbEntity
  8
0
100
AcDbLine
 10
988.4376326980419
 20
359.7876101919792
 30
0.0
 11
989.256883750626
 21
359.2836101919802
 31
0.0
  0
LINE
  5
218
330
17
100
AcDbEntity
  8
0
100
AcDbLine
 10
989.256883750626
 20
359.2836101919802
 30
0.0
 11
988.4376326980419
 21
358.7796101919794
 31
0.0
  0
LINE
  5
219
330
17
100
AcDbEntity
  8
0
100
AcDbLine
 10
988.4376326980419
 20
359.90988829789967
 30
0.0
 11
989.4456326980435
 21
359.3260584504005
 31
0.0
  0
LINE
  5
21A
330
17
100
AcDbEntity
  8
0
100
AcDbLine
 10
989.4456326980435
 20
359.2400456141204
 30
0.0
 11
988.4376326980419
 21
358.65717007499916
 31
0.0
  0
LWPOLYLINE
  5
21B
330
17
100
AcDbEntity
  8
0
100
AcDbPolyline
 90
3
 70
0
 10
990.8275332748017
 20
359.3260584504005
 10
990.8275332748017
 20
363.56777023657014
 42
-0.1730033431015677
 10
990.9539403712406
 20
363.9221671806499
 42
-0.1730033431015677
  0
LWPOLYLINE
  5
21C
330
17
100
AcDbEntity
  8
0
100
AcDbPolyline
 90
4
 70
0
 10
991.0331363307341
 20
364.0013631401507
 42
-0.1730033431015782
 10
991.3875332748157
 20
364.12777023656963
 10
994.6699000961107
 20
364.12777023656963
 42
-0.1730033431015092
 10
995.0242970401705
 20
364.0013631401507
  0
LWPOLYLINE
  5
21D
330
17
100
AcDbEntity
  8
0
100
AcDbPolyline
 90
3
 70
0
 10
995.1034929996604
 20
363.9221671806499
 42
-0.1730033431016178
 10
995.2299000960993
 20
363.56777023657014
 10
995.2299000960993
 20
359.3260584504005
  0
LWPOLYLINE
  5
21E
330
17
100
AcDbEntity
  8
0
100
AcDbPolyline
 90
3
 70
0
 10
995.2299000960993
 20
359.2400456141204
 10
995.2299000960993
 20
354.99945014739933
 42
-0.1730033431016471
 10
995.1034929996604
 20
354.64505320331955
 42
-0.1730033431016471
  0
LWPOLYLINE
  5
21F
330
17
100
AcDbEntity
  8
0
100
AcDbPolyline
 90
4
 70
0
 10
995.0242970401705
 20
354.56585724382967
 42
-0.173003343101521
 10
994.6699000961107
 20
354.43945014739074
 10
991.3875332748157
 20
354.43945014739074
 42
-0.1600535475041646
 10
991.055430563707
 20
354.5485534970703
 42
-0.1600535475041646
  0
LWPOLYLINE
  5
220
330
17
100
AcDbEntity
  8
0
100
AcDbPolyline
 90
3
 70
0
 10
990.9366366244794
 20
354.6673474362997
 42
-0.1600535475041259
 10
990.8275332748017
 20
354.99945014739933
 10
990.8275332748017
 20
359.2400456141204
  0
LWPOLYLINE
  5
221
330
17
100
AcDbEntity
  8
0
100
AcDbPolyline
 90
3
 70
0
 10
994.221900096105
 20
358.65717007499916
 10
994.221900096105
 20
355.8394501473995
 42
-0.1616783592796193
 10
994.1440486475476
 20
355.6049833317793
 42
-0.1616783592796193
  0
LWPOLYLINE
  5
222
330
17
100
AcDbEntity
  8
0
100
AcDbPolyline
 90
4
 70
0
 10
994.0651000961079
 20
355.5258501474
 42
-0.1622776601682571
 10
993.8299000960978
 20
355.44745014739965
 10
992.2275332748122
 20
355.44745014739965
 42
-0.1433289715803103
 10
992.0161831299483
 20
355.50930606330076
 42
-0.1433289715803103
  0
LWPOLYLINE
  5
223
330
17
100
AcDbEntity
  8
0
100
AcDbPolyline
 90
3
 70
0
 10
991.8973891907099
 20
355.6281000025301
 42
-0.1433289715802567
 10
991.8355332748033
 20
355.8394501473995
 10
991.8355332748033
 20
358.65717007499916
  0
LWPOLYLINE
  5
224
330
17
100
AcDbEntity
  8
0
100
AcDbPolyline
 90
3
 70
0
 10
991.8355332748033
 20
359.90988829789967
 10
991.8355332748033
 20
362.7277702365791
 42
-0.1619055040017489
 10
991.913592443876
 20
362.96251510801994
 42
-0.1619055040017489
  0
LWPOLYLINE
  5
225
330
17
100
AcDbEntity
  8
0
100
AcDbPolyline
 90
4
 70
0
 10
991.9927884033677
 20
363.0417110675098
 42
-0.1619055040018182
 10
992.2275332748122
 20
363.11977023658073
 10
993.8299000960978
 20
363.11977023658073
 42
-0.1619055040018182
 10
994.0646449675405
 20
363.0417110675098
  0
LWPOLYLINE
  5
226
330
17
100
AcDbEntity
  8
0
100
AcDbPolyline
 90
3
 70
0
 10
994.1438409270359
 20
362.96251510801994
 42
-0.1619055040017489
 10
994.221900096105
 20
362.7277702365791
 10
994.221900096105
 20
359.90988829789967
  0
LINE
  5
227
330
17
100
AcDbEntity
  8
0
100
AcDbLine
 10
991.913592443876
 20
362.96251510801994
 30
0.0
 11
990.9519554975996
 21
363.92415205428915
 31
0.0
  0
LINE
  5
228
330
17
100
AcDbEntity
  8
0
100
AcDbLine
 10
991.9927884033677
 20
363.0417110675098
 30
0.0
 11
991.0311514570931
 21
364.00334801378995
 31
0.0
  0
LINE
  5
229
330
17
100
AcDbEntity
  8
0
100
AcDbLine
 10
994.1438409270359
 20
362.96251510801994
 30
0.0
 11
995.1054778733105
 21
363.92415205428915
 31
0.0
  0
LINE
  5
22A
330
17
100
AcDbEntity
  8
0
100
AcDbLine
 10
994.0646449675405
 20
363.0417110675098
 30
0.0
 11
995.0262819138097
 21
364.00334801378995
 31
0.0
  0
LINE
  5
22B
330
17
100
AcDbEntity
  8
0
100
AcDbLine
 10
992.0161831299483
 20
355.50930606330076
 30
0.0
 11
991.055430563707
 21
354.5485534970703
 31
0.0
  0
LINE
  5
22C
330
17
100
AcDbEntity
  8
0
100
AcDbLine
 10
991.8973891907099
 20
355.6281000025301
 30
0.0
 11
990.9366366244794
 21
354.6673474362997
 31
0.0
  0
LINE
  5
22D
330
17
100
AcDbEntity
  8
0
100
AcDbLine
 10
994.0651000961079
 20
355.5258501474
 30
0.0
 11
995.0262819138097
 21
354.56387237019044
 31
0.0
  0
LINE
  5
22E
330
17
100
AcDbEntity
  8
0
100
AcDbLine
 10
994.1440486475476
 20
355.6049833317793
 30
0.0
 11
995.1054778733105
 21
354.6430683296803
 31
0.0
  0
LWPOLYLINE
  5
22F
330
17
100
AcDbEntity
  8
0
100
AcDbPolyline
 90
2
 70
0
 10
994.221900096105
 20
358.7796101919794
 10
991.8355332748033
 20
358.7796101919794
  0
LWPOLYLINE
  5
230
330
17
100
AcDbEntity
  8
0
100
AcDbPolyline
 90
2
 70
0
 10
991.8355332748033
 20
359.7876101919792
 10
994.221900096105
 20
359.7876101919792
  0
LINE
  5
231
330
17
100
AcDbEntity
  8
0
100
AcDbLine
 10
991.8355332748033
 20
359.7876101919792
 30
0.0
 11
991.016282222221
 21
359.2836101919802
 31
0.0
  0
LINE
  5
232
330
17
100
AcDbEntity
  8
0
100
AcDbLine
 10
991.8355332748033
 20
359.90988829789967
 30
0.0
 11
990.8275332748017
 21
359.3260584504005
 31
0.0
  0
LINE
  5
233
330
17
100
AcDbEntity
  8
0
100
AcDbLine
 10
991.016282222221
 20
359.2836101919802
 30
0.0
 11
991.8355332748033
 21
358.7796101919794
 31
0.0
  0
LINE
  5
234
330
17
100
AcDbEntity
  8
0
100
AcDbLine
 10
990.8275332748017
 20
359.2400456141204
 30
0.0
 11
991.8355332748033
 21
358.65717007499916
 31
0.0
  0
LINE
  5
235
330
17
100
AcDbEntity
  8
0
100
AcDbLine
 10
994.221900096105
 20
359.7876101919792
 30
0.0
 11
995.0411511486909
 21
359.2836101919802
 31
0.0
  0
LINE
  5
236
330
17
100
AcDbEntity
  8
0
100
AcDbLine
 10
995.0411511486909
 20
359.2836101919802
 30
0.0
 11
994.221900096105
 21
358.7796101919794
 31
0.0
  0
LINE
  5
237
330
17
100
AcDbEntity
  8
0
100
AcDbLine
 10
994.221900096105
 20
359.90988829789967
 30
0.0
 11
995.2299000960993
 21
359.3260584504005
 31
0.0
  0
LINE
  5
238
330
17
100
AcDbEntity
  8
0
100
AcDbLine
 10
995.2299000960993
 20
359.2400456141204
 30
0.0
 11
994.221900096105
 21
358.65717007499916
 31
0.0
  0
LWPOLYLINE
  5
239
330
17
100
AcDbEntity
  8
0
100
AcDbPolyline
 90
3
 70
0
 10
996.6118006728593
 20
359.3260584504005
 10
996.6118006728593
 20
363.56777023657014
 42
-0.1730033431015677
 10
996.738207769291
 20
363.9221671806499
 42
-0.1730033431015677
  0
LWPOLYLINE
  5
23A
330
17
100
AcDbEntity
  8
0
100
AcDbPolyline
 90
4
 70
0
 10
996.8174037287808
 20
364.0013631401507
 42
-0.1730033431015782
 10
997.1718006728606
 20
364.12777023656963
 10
1000.4541674941611
 20
364.12777023656963
 42
-0.1730033431015092
 10
1000.8085644382409
 20
364.0013631401507
  0
LWPOLYLINE
  5
23B
330
17
100
AcDbEntity
  8
0
100
AcDbPolyline
 90
3
 70
0
 10
1000.8877603977307
 20
363.9221671806499
 42
-0.1730033431016178
 10
1001.0141674941497
 20
363.56777023657014
 10
1001.0141674941497
 20
359.3260584504005
  0
LWPOLYLINE
  5
23C
330
17
100
AcDbEntity
  8
0
100
AcDbPolyline
 90
3
 70
0
 10
1001.0141674941497
 20
359.2400456141204
 10
1001.0141674941497
 20
354.99945014739933
 42
-0.1730033431016471
 10
1000.8877603977307
 20
354.64505320331955
 42
-0.1730033431016471
  0
LWPOLYLINE
  5
23D
330
17
100
AcDbEntity
  8
0
100
AcDbPolyline
 90
4
 70
0
 10
1000.8085644382409
 20
354.56585724382967
 42
-0.173003343101521
 10
1000.4541674941611
 20
354.43945014739074
 10
997.1718006728606
 20
354.43945014739074
 42
-0.1600535475041646
 10
996.8396979617701
 20
354.5485534970703
 42
-0.1600535475041646
  0
LWPOLYLINE
  5
23E
330
17
100
AcDbEntity
  8
0
100
AcDbPolyline
 90
3
 70
0
 10
996.7209040225298
 20
354.6673474362997
 42
-0.1600535475041259
 10
996.6118006728593
 20
354.99945014739933
 10
996.6118006728593
 20
359.2400456141204
  0
LWPOLYLINE
  5
23F
330
17
100
AcDbEntity
  8
0
100
AcDbPolyline
 90
3
 70
0
 10
1000.0061674941608
 20
358.65717007499916
 10
1000.0061674941608
 20
355.8394501473995
 42
-0.1616783592796193
 10
999.9283160456107
 20
355.6049833317793
 42
-0.1616783592796193
  0
LWPOLYLINE
  5
240
330
17
100
AcDbEntity
  8
0
100
AcDbPolyline
 90
4
 70
0
 10
999.849367494151
 20
355.5258501474
 42
-0.1622776601682571
 10
999.6141674941609
 20
355.44745014739965
 10
998.0118006728699
 20
355.44745014739965
 42
-0.1433289715803103
 10
997.8004505280096
 20
355.50930606330076
 42
-0.1433289715803103
  0
LWPOLYLINE
  5
241
330
17
100
AcDbEntity
  8
0
100
AcDbPolyline
 90
3
 70
0
 10
997.6816565887693
 20
355.6281000025301
 42
-0.1433289715802567
 10
997.619800672861
 20
355.8394501473995
 10
997.619800672861
 20
358.65717007499916
  0
LWPOLYLINE
  5
242
330
17
100
AcDbEntity
  8
0
100
AcDbPolyline
 90
3
 70
0
 10
997.619800672861
 20
359.90988829789967
 10
997.619800672861
 20
362.7277702365791
 42
-0.1619055040017489
 10
997.697859841921
 20
362.96251510801994
 42
-0.1619055040017489
  0
LWPOLYLINE
  5
243
330
17
100
AcDbEntity
  8
0
100
AcDbPolyline
 90
4
 70
0
 10
997.7770558014108
 20
363.0417110675098
 42
-0.1619055040018182
 10
998.0118006728699
 20
363.11977023658073
 10
999.6141674941609
 20
363.11977023658073
 42
-0.1619055040018182
 10
999.8489123656
 20
363.0417110675098
  0
LWPOLYLINE
  5
244
330
17
100
AcDbEntity
  8
0
100
AcDbPolyline
 90
3
 70
0
 10
999.9281083250899
 20
362.96251510801994
 42
-0.1619055040017489
 10
1000.0061674941608
 20
362.7277702365791
 10
1000.0061674941608
 20
359.90988829789967
  0
LINE
  5
245
330
17
100
AcDbEntity
  8
0
100
AcDbLine
 10
997.697859841921
 20
362.96251510801994
 30
0.0
 11
996.7362228956608
 21
363.92415205428915
 31
0.0
  0
LINE
  5
246
330
17
100
AcDbEntity
  8
0
100
AcDbLine
 10
997.7770558014108
 20
363.0417110675098
 30
0.0
 11
996.8154188551507
 21
364.00334801378995
 31
0.0
  0
LINE
  5
247
330
17
100
AcDbEntity
  8
0
100
AcDbLine
 10
999.9281083250899
 20
362.96251510801994
 30
0.0
 11
1000.88974527137
 21
363.92415205428915
 31
0.0
  0
LINE
  5
248
330
17
100
AcDbEntity
  8
0
100
AcDbLine
 10
999.8489123656
 20
363.0417110675098
 30
0.0
 11
1000.8105493118801
 21
364.00334801378995
 31
0.0
  0
LINE
  5
249
330
17
100
AcDbEntity
  8
0
100
AcDbLine
 10
997.8004505280096
 20
355.50930606330076
 30
0.0
 11
996.8396979617701
 21
354.5485534970703
 31
0.0
  0
LINE
  5
24A
330
17
100
AcDbEntity
  8
0
100
AcDbLine
 10
997.6816565887693
 20
355.6281000025301
 30
0.0
 11
996.7209040225298
 21
354.6673474362997
 31
0.0
  0
LINE
  5
24B
330
17
100
AcDbEntity
  8
0
100
AcDbLine
 10
999.849367494151
 20
355.5258501474
 30
0.0
 11
1000.8105493118801
 21
354.56387237019044
 31
0.0
  0
LINE
  5
24C
330
17
100
AcDbEntity
  8
0
100
AcDbLine
 10
999.9283160456107
 20
355.6049833317793
 30
0.0
 11
1000.88974527137
 21
354.6430683296803
 31
0.0
  0
LWPOLYLINE
  5
24D
330
17
100
AcDbEntity
  8
0
100
AcDbPolyline
 90
2
 70
0
 10
1000.0061674941608
 20
358.7796101919794
 10
997.619800672861
 20
358.7796101919794
  0
LWPOLYLINE
  5
24E
330
17
100
AcDbEntity
  8
0
100
AcDbPolyline
 90
2
 70
0
 10
997.619800672861
 20
359.7876101919792
 10
1000.0061674941608
 20
359.7876101919792
  0
LINE
  5
24F
330
17
100
AcDbEntity
  8
0
100
AcDbLine
 10
997.619800672861
 20
359.7876101919792
 30
0.0
 11
996.8005496202804
 21
359.2836101919802
 31
0.0
  0
LINE
  5
250
330
17
100
AcDbEntity
  8
0
100
AcDbLine
 10
997.619800672861
 20
359.90988829789967
 30
0.0
 11
996.6118006728593
 21
359.3260584504005
 31
0.0
  0
LINE
  5
251
330
17
100
AcDbEntity
  8
0
100
AcDbLine
 10
996.8005496202804
 20
359.2836101919802
 30
0.0
 11
997.619800672861
 21
358.7796101919794
 31
0.0
  0
LINE
  5
252
330
17
100
AcDbEntity
  8
0
100
AcDbLine
 10
996.6118006728593
 20
359.2400456141204
 30
0.0
 11
997.619800672861
 21
358.65717007499916
 31
0.0
  0
LINE
  5
253
330
17
100
AcDbEntity
  8
0
100
AcDbLine
 10
1000.0061674941608
 20
359.7876101919792
 30
0.0
 11
1000.8254185467504
 21
359.2836101919802
 31
0.0
  0
LINE
  5
254
330
17
100
AcDbEntity
  8
0
100
AcDbLine
 10
1000.8254185467504
 20
359.2836101919802
 30
0.0
 11
1000.0061674941608
 21
358.7796101919794
 31
0.0
  0
LINE
  5
255
330
17
100
AcDbEntity
  8
0
100
AcDbLine
 10
1000.0061674941608
 20
359.90988829789967
 30
0.0
 11
1001.0141674941497
 21
359.3260584504005
 31
0.0
  0
LINE
  5
256
330
17
100
AcDbEntity
  8
0
100
AcDbLine
 10
1001.0141674941497
 20
359.2400456141204
 30
0.0
 11
1000.0061674941608
 21
358.65717007499916
 31
0.0
  0
LWPOLYLINE
  5
257
330
17
100
AcDbEntity
  8
0
100
AcDbPolyline
 90
3
 70
0
 10
1002.3960680709206
 20
359.3260584504005
 10
1002.3960680709206
 20
363.56777023657014
 42
-0.1730033431015677
 10
1002.5224751673504
 20
363.9221671806499
 42
-0.1730033431015677
  0
LWPOLYLINE
  5
258
330
17
100
AcDbEntity
  8
0
100
AcDbPolyline
 90
4
 70
0
 10
1002.6016711268403
 20
364.0013631401507
 42
-0.1730033431015782
 10
1002.9560680709201
 20
364.12777023656963
 10
1006.2384348922205
 20
364.12777023656963
 42
-0.1730033431015092
 10
1006.5928318363003
 20
364.0013631401507
  0
LWPOLYLINE
  5
259
330
17
100
AcDbEntity
  8
0
100
AcDbPolyline
 90
3
 70
0
 10
1006.6720277957902
 20
363.9221671806499
 42
-0.1730033431016178
 10
1006.7984348922109
 20
363.56777023657014
 10
1006.7984348922109
 20
359.3260584504005
  0
LWPOLYLINE
  5
25A
330
17
100
AcDbEntity
  8
0
100
AcDbPolyline
 90
3
 70
0
 10
1006.7984348922109
 20
359.2400456141204
 10
1006.7984348922109
 20
354.99945014739933
 42
-0.1730033431016471
 10
1006.6720277957902
 20
354.64505320331955
 42
-0.1730033431016471
  0
LWPOLYLINE
  5
25B
330
17
100
AcDbEntity
  8
0
100
AcDbPolyline
 90
4
 70
0
 10
1006.5928318363003
 20
354.56585724382967
 42
-0.173003343101521
 10
1006.2384348922205
 20
354.43945014739074
 10
1002.9560680709201
 20
354.43945014739074
 42
-0.1600535475041646
 10
1002.6239653598295
 20
354.5485534970703
 42
-0.1600535475041646
  0
LWPOLYLINE
  5
25C
330
17
100
AcDbEntity
  8
0
100
AcDbPolyline
 90
3
 70
0
 10
1002.5051714205911
 20
354.6673474362997
 42
-0.1600535475041259
 10
1002.3960680709206
 20
354.99945014739933
 10
1002.3960680709206
 20
359.2400456141204
  0
LWPOLYLINE
  5
25D
330
17
100
AcDbEntity
  8
0
100
AcDbPolyline
 90
3
 70
0
 10
1005.7904348922093
 20
358.65717007499916
 10
1005.7904348922093
 20
355.8394501473995
 42
-0.1616783592796193
 10
1005.7125834436611
 20
355.6049833317793
 42
-0.1616783592796193
  0
LWPOLYLINE
  5
25E
330
17
100
AcDbEntity
  8
0
100
AcDbPolyline
 90
4
 70
0
 10
1005.6336348922196
 20
355.5258501474
 42
-0.1622776601682571
 10
1005.3984348922204
 20
355.44745014739965
 10
1003.7960680709202
 20
355.44745014739965
 42
-0.1433289715803103
 10
1003.58471792606
 20
355.50930606330076
 42
-0.1433289715803103
  0
LWPOLYLINE
  5
25F
330
17
100
AcDbEntity
  8
0
100
AcDbPolyline
 90
3
 70
0
 10
1003.4659239868197
 20
355.6281000025301
 42
-0.1433289715802567
 10
1003.4040680709295
 20
355.8394501473995
 10
1003.4040680709295
 20
358.65717007499916
  0
LWPOLYLINE
  5
260
330
17
100
AcDbEntity
  8
0
100
AcDbPolyline
 90
3
 70
0
 10
1003.4040680709295
 20
359.90988829789967
 10
1003.4040680709295
 20
362.7277702365791
 42
-0.1619055040017489
 10
1003.4821272399804
 20
362.96251510801994
 42
-0.1619055040017489
  0
LWPOLYLINE
  5
261
330
17
100
AcDbEntity
  8
0
100
AcDbPolyline
 90
4
 70
0
 10
1003.5613231994794
 20
363.0417110675098
 42
-0.1619055040018182
 10
1003.7960680709202
 20
363.11977023658073
 10
1005.3984348922204
 20
363.11977023658073
 42
-0.1619055040018182
 10
1005.6331797636594
 20
363.0417110675098
  0
LWPOLYLINE
  5
262
330
17
100
AcDbEntity
  8
0
100
AcDbPolyline
 90
3
 70
0
 10
1005.7123757231602
 20
362.96251510801994
 42
-0.1619055040017489
 10
1005.7904348922093
 20
362.7277702365791
 10
1005.7904348922093
 20
359.90988829789967
  0
LINE
  5
263
330
17
100
AcDbEntity
  8
0
100
AcDbLine
 10
1003.4821272399804
 20
362.96251510801994
 30
0.0
 11
1002.5204902937094
 21
363.92415205428915
 31
0.0
  0
LINE
  5
264
330
17
100
AcDbEntity
  8
0
100
AcDbLine
 10
1003.5613231994794
 20
363.0417110675098
 30
0.0
 11
1002.5996862532011
 21
364.00334801378995
 31
0.0
  0
LINE
  5
265
330
17
100
AcDbEntity
  8
0
100
AcDbLine
 10
1005.7123757231602
 20
362.96251510801994
 30
0.0
 11
1006.6740126694294
 21
363.92415205428915
 31
0.0
  0
LINE
  5
266
330
17
100
AcDbEntity
  8
0
100
AcDbLine
 10
1005.6331797636594
 20
363.0417110675098
 30
0.0
 11
1006.5948167099396
 21
364.00334801378995
 31
0.0
  0
LINE
  5
267
330
17
100
AcDbEntity
  8
0
100
AcDbLine
 10
1003.58471792606
 20
355.50930606330076
 30
0.0
 11
1002.6239653598295
 21
354.5485534970703
 31
0.0
  0
LINE
  5
268
330
17
100
AcDbEntity
  8
0
100
AcDbLine
 10
1003.4659239868197
 20
355.6281000025301
 30
0.0
 11
1002.5051714205911
 21
354.6673474362997
 31
0.0
  0
LINE
  5
269
330
17
100
AcDbEntity
  8
0
100
AcDbLine
 10
1005.6336348922196
 20
355.5258501474
 30
0.0
 11
1006.5948167099396
 21
354.56387237019044
 31
0.0
  0
LINE
  5
26A
330
17
100
AcDbEntity
  8
0
100
AcDbLine
 10
1005.7125834436611
 20
355.6049833317793
 30
0.0
 11
1006.6740126694294
 21
354.6430683296803
 31
0.0
  0
LWPOLYLINE
  5
26B
330
17
100
AcDbEntity
  8
0
100
AcDbPolyline
 90
2
 70
0
 10
1005.7904348922093
 20
358.7796101919794
 10
1003.4040680709295
 20
358.7796101919794
  0
LWPOLYLINE
  5
26C
330
17
100
AcDbEntity
  8
0
100
AcDbPolyline
 90
2
 70
0
 10
1003.4040680709295
 20
359.7876101919792
 10
1005.7904348922093
 20
359.7876101919792
  0
LINE
  5
26D
330
17
100
AcDbEntity
  8
0
100
AcDbLine
 10
1003.4040680709295
 20
359.7876101919792
 30
0.0
 11
1002.5848170183399
 21
359.2836101919802
 31
0.0
  0
LINE
  5
26E
330
17
100
AcDbEntity
  8
0
100
AcDbLine
 10
1003.4040680709295
 20
359.90988829789967
 30
0.0
 11
1002.3960680709206
 21
359.3260584504005
 31
0.0
  0
LINE
  5
26F
330
17
100
AcDbEntity
  8
0
100
AcDbLine
 10
1002.5848170183399
 20
359.2836101919802
 30
0.0
 11
1003.4040680709295
 21
358.7796101919794
 31
0.0
  0
LINE
  5
270
330
17
100
AcDbEntity
  8
0
100
AcDbLine
 10
1002.3960680709206
 20
359.2400456141204
 30
0.0
 11
1003.4040680709295
 21
358.65717007499916
 31
0.0
  0
LINE
  5
271
330
17
100
AcDbEntity
  8
0
100
AcDbLine
 10
1005.7904348922093
 20
359.7876101919792
 30
0.0
 11
1006.6096859448007
 21
359.2836101919802
 31
0.0
  0
LINE
  5
272
330
17
100
AcDbEntity
  8
0
100
AcDbLine
 10
1006.6096859448007
 20
359.2836101919802
 30
0.0
 11
1005.7904348922093
 21
358.7796101919794
 31
0.0
  0
LINE
  5
273
330
17
100
AcDbEntity
  8
0
100
AcDbLine
 10
1005.7904348922093
 20
359.90988829789967
 30
0.0
 11
1006.7984348922109
 21
359.3260584504005
 31
0.0
  0
LINE
  5
274
330
17
100
AcDbEntity
  8
0
100
AcDbLine
 10
1006.7984348922109
 20
359.2400456141204
 30
0.0
 11
1005.7904348922093
 21
358.65717007499916
 31
0.0
  0
LWPOLYLINE
  5
275
330
17
100
AcDbEntity
  8
0
100
AcDbPolyline
 90
3
 70
0
 10
1008.180335468991
 20
359.3260584504005
 10
1008.180335468991
 20
363.56777023657014
 42
-0.1730033431015677
 10
1008.3067425654099
 20
363.9221671806499
 42
-0.1730033431015677
  0
LWPOLYLINE
  5
276
330
17
100
AcDbEntity
  8
0
100
AcDbPolyline
 90
4
 70
0
 10
1008.3859385249107
 20
364.0013631401507
 42
-0.1730033431015782
 10
1008.7403354689905
 20
364.12777023656963
 10
1012.02270229028
 20
364.12777023656963
 42
-0.1730033431015092
 10
1012.3770992343598
 20
364.0013631401507
  0
LWPOLYLINE
  5
277
330
17
100
AcDbEntity
  8
0
100
AcDbPolyline
 90
3
 70
0
 10
1012.4562951938497
 20
363.9221671806499
 42
-0.1730033431016178
 10
1012.5827022902795
 20
363.56777023657014
 10
1012.5827022902795
 20
359.3260584504005
  0
LWPOLYLINE
  5
278
330
17
100
AcDbEntity
  8
0
100
AcDbPolyline
 90
3
 70
0
 10
1012.5827022902795
 20
359.2400456141204
 10
1012.5827022902795
 20
354.99945014739933
 42
-0.1730033431016471
 10
1012.4562951938497
 20
354.64505320331955
 42
-0.1730033431016471
  0
LWPOLYLINE
  5
279
330
17
100
AcDbEntity
  8
0
100
AcDbPolyline
 90
4
 70
0
 10
1012.3770992343598
 20
354.56585724382967
 42
-0.173003343101521
 10
1012.02270229028
 20
354.43945014739074
 10
1008.7403354689905
 20
354.43945014739074
 42
-0.1600535475041646
 10
1008.4082327578908
 20
354.5485534970703
 42
-0.1600535475041646
  0
LWPOLYLINE
  5
27A
330
17
100
AcDbEntity
  8
0
100
AcDbPolyline
 90
3
 70
0
 10
1008.2894388186505
 20
354.6673474362997
 42
-0.1600535475041259
 10
1008.180335468991
 20
354.99945014739933
 10
1008.180335468991
 20
359.2400456141204
  0
LWPOLYLINE
  5
27B
330
17
100
AcDbEntity
  8
0
100
AcDbPolyline
 90
3
 70
0
 10
1011.5747022902797
 20
358.65717007499916
 10
1011.5747022902797
 20
355.8394501473995
 42
-0.1616783592796193
 10
1011.4968508417205
 20
355.6049833317793
 42
-0.1616783592796193
  0
LWPOLYLINE
  5
27C
330
17
100
AcDbEntity
  8
0
100
AcDbPolyline
 90
4
 70
0
 10
1011.4179022902808
 20
355.5258501474
 42
-0.1622776601682571
 10
1011.1827022902798
 20
355.44745014739965
 10
1009.5803354689797
 20
355.44745014739965
 42
-0.1433289715803103
 10
1009.3689853241194
 20
355.50930606330076
 42
-0.1433289715803103
  0
LWPOLYLINE
  5
27D
330
17
100
AcDbEntity
  8
0
100
AcDbPolyline
 90
3
 70
0
 10
1009.250191384881
 20
355.6281000025301
 42
-0.1433289715802567
 10
1009.1883354689908
 20
355.8394501473995
 10
1009.1883354689908
 20
358.65717007499916
  0
LWPOLYLINE
  5
27E
330
17
100
AcDbEntity
  8
0
100
AcDbPolyline
 90
3
 70
0
 10
1009.1883354689908
 20
359.90988829789967
 10
1009.1883354689908
 20
362.7277702365791
 42
-0.1619055040017489
 10
1009.2663946380508
 20
362.96251510801994
 42
-0.1619055040017489
  0
LWPOLYLINE
  5
27F
330
17
100
AcDbEntity
  8
0
100
AcDbPolyline
 90
4
 70
0
 10
1009.3455905975406
 20
363.0417110675098
 42
-0.1619055040018182
 10
1009.5803354689797
 20
363.11977023658073
 10
1011.1827022902798
 20
363.11977023658073
 42
-0.1619055040018182
 10
1011.4174471617298
 20
363.0417110675098
  0
LWPOLYLINE
  5
280
330
17
100
AcDbEntity
  8
0
100
AcDbPolyline
 90
3
 70
0
 10
1011.4966431212197
 20
362.96251510801994
 42
-0.1619055040017489
 10
1011.5747022902797
 20
362.7277702365791
 10
1011.5747022902797
 20
359.90988829789967
  0
LINE
  5
281
330
17
100
AcDbEntity
  8
0
100
AcDbLine
 10
1009.2663946380508
 20
362.96251510801994
 30
0.0
 11
1008.3047576917706
 21
363.92415205428915
 31
0.0
  0
LINE
  5
282
330
17
100
AcDbEntity
  8
0
100
AcDbLine
 10
1009.3455905975406
 20
363.0417110675098
 30
0.0
 11
1008.3839536512696
 21
364.00334801378995
 31
0.0
  0
LINE
  5
283
330
17
100
AcDbEntity
  8
0
100
AcDbLine
 10
1011.4966431212197
 20
362.96251510801994
 30
0.0
 11
1012.4582800674998
 21
363.92415205428915
 31
0.0
  0
LINE
  5
284
330
17
100
AcDbEntity
  8
0
100
AcDbLine
 10
1011.4174471617298
 20
363.0417110675098
 30
0.0
 11
1012.3790841080008
 21
364.00334801378995
 31
0.0
  0
LINE
  5
285
330
17
100
AcDbEntity
  8
0
100
AcDbLine
 10
1009.3689853241194
 20
355.50930606330076
 30
0.0
 11
1008.4082327578908
 21
354.5485534970703
 31
0.0
  0
LINE
  5
286
330
17
100
AcDbEntity
  8
0
100
AcDbLine
 10
1009.250191384881
 20
355.6281000025301
 30
0.0
 11
1008.2894388186505
 21
354.6673474362997
 31
0.0
  0
LINE
  5
287
330
17
100
AcDbEntity
  8
0
100
AcDbLine
 10
1011.4179022902808
 20
355.5258501474
 30
0.0
 11
1012.3790841080008
 21
354.56387237019044
 31
0.0
  0
LINE
  5
288
330
17
100
AcDbEntity
  8
0
100
AcDbLine
 10
1011.4968508417205
 20
355.6049833317793
 30
0.0
 11
1012.4582800674998
 21
354.6430683296803
 31
0.0
  0
LWPOLYLINE
  5
289
330
17
100
AcDbEntity
  8
0
100
AcDbPolyline
 90
2
 70
0
 10
1011.5747022902797
 20
358.7796101919794
 10
1009.1883354689908
 20
358.7796101919794
  0
LWPOLYLINE
  5
28A
330
17
100
AcDbEntity
  8
0
100
AcDbPolyline
 90
2
 70
0
 10
1009.1883354689908
 20
359.7876101919792
 10
1011.5747022902797
 20
359.7876101919792
  0
LINE
  5
28B
330
17
100
AcDbEntity
  8
0
100
AcDbLine
 10
1009.1883354689908
 20
359.7876101919792
 30
0.0
 11
1008.3690844164103
 21
359.2836101919802
 31
0.0
  0
LINE
  5
28C
330
17
100
AcDbEntity
  8
0
100
AcDbLine
 10
1009.1883354689908
 20
359.90988829789967
 30
0.0
 11
1008.180335468991
 21
359.3260584504005
 31
0.0
  0
LINE
  5
28D
330
17
100
AcDbEntity
  8
0
100
AcDbLine
 10
1008.3690844164103
 20
359.2836101919802
 30
0.0
 11
1009.1883354689908
 21
358.7796101919794
 31
0.0
  0
LINE
  5
28E
330
17
100
AcDbEntity
  8
0
100
AcDbLine
 10
1008.180335468991
 20
359.2400456141204
 30
0.0
 11
1009.1883354689908
 21
358.65717007499916
 31
0.0
  0
LINE
  5
28F
330
17
100
AcDbEntity
  8
0
100
AcDbLine
 10
1011.5747022902797
 20
359.7876101919792
 30
0.0
 11
1012.3939533428602
 21
359.2836101919802
 31
0.0
  0
LINE
  5
290
330
17
100
AcDbEntity
  8
0
100
AcDbLine
 10
1012.3939533428602
 20
359.2836101919802
 30
0.0
 11
1011.5747022902797
 21
358.7796101919794
 31
0.0
  0
LINE
  5
291
330
17
100
AcDbEntity
  8
0
100
AcDbLine
 10
1011.5747022902797
 20
359.90988829789967
 30
0.0
 11
1012.5827022902795
 21
359.3260584504005
 31
0.0
  0
LINE
  5
292
330
17
100
AcDbEntity
  8
0
100
AcDbLine
 10
1012.5827022902795
 20
359.2400456141204
 30
0.0
 11
1011.5747022902797
 21
358.65717007499916
 31
0.0
  0
LWPOLYLINE
  5
293
330
17
100
AcDbEntity
  8
0
100
AcDbPolyline
 90
3
 70
0
 10
1013.9646028670395
 20
359.3260584504005
 10
1013.9646028670395
 20
363.56777023657014
 42
-0.1730033431015677
 10
1014.0910099634802
 20
363.9221671806499
 42
-0.1730033431015677
  0
LWPOLYLINE
  5
294
330
17
100
AcDbEntity
  8
0
100
AcDbPolyline
 90
4
 70
0
 10
1014.1702059229701
 20
364.0013631401507
 42
-0.1730033431015782
 10
1014.5246028670499
 20
364.12777023656963
 10
1017.8069696883394
 20
364.12777023656963
 42
-0.1730033431015092
 10
1018.161366632421
 20
364.0013631401507
  0
LWPOLYLINE
  5
295
330
17
100
AcDbEntity
  8
0
100
AcDbPolyline
 90
3
 70
0
 10
1018.2405625919
 20
363.9221671806499
 42
-0.1730033431016178
 10
1018.3669696883408
 20
363.56777023657014
 10
1018.3669696883408
 20
359.3260584504005
  0
LWPOLYLINE
  5
296
330
17
100
AcDbEntity
  8
0
100
AcDbPolyline
 90
3
 70
0
 10
1018.3669696883408
 20
359.2400456141204
 10
1018.3669696883408
 20
354.99945014739933
 42
-0.1730033431016471
 10
1018.2405625919
 20
354.64505320331955
 42
-0.1730033431016471
  0
LWPOLYLINE
  5
297
330
17
100
AcDbEntity
  8
0
100
AcDbPolyline
 90
4
 70
0
 10
1018.161366632421
 20
354.56585724382967
 42
-0.173003343101521
 10
1017.8069696883394
 20
354.43945014739074
 10
1014.5246028670499
 20
354.43945014739074
 42
-0.1600535475041646
 10
1014.1925001559503
 20
354.5485534970703
 42
-0.1600535475041646
  0
LWPOLYLINE
  5
298
330
17
100
AcDbEntity
  8
0
100
AcDbPolyline
 90
3
 70
0
 10
1014.0737062167209
 20
354.6673474362997
 42
-0.1600535475041259
 10
1013.9646028670395
 20
354.99945014739933
 10
1013.9646028670395
 20
359.2400456141204
  0
LWPOLYLINE
  5
299
330
17
100
AcDbEntity
  8
0
100
AcDbPolyline
 90
3
 70
0
 10
1017.358969688341
 20
358.65717007499916
 10
1017.358969688341
 20
355.8394501473995
 42
-0.1616783592796193
 10
1017.28111823978
 20
355.6049833317793
 42
-0.1616783592796193
  0
LWPOLYLINE
  5
29A
330
17
100
AcDbEntity
  8
0
100
AcDbPolyline
 90
4
 70
0
 10
1017.2021696883403
 20
355.5258501474
 42
-0.1622776601682571
 10
1016.9669696883302
 20
355.44745014739965
 10
1015.36460286705
 20
355.44745014739965
 42
-0.1433289715803103
 10
1015.1532527221807
 20
355.50930606330076
 42
-0.1433289715803103
  0
LWPOLYLINE
  5
29B
330
17
100
AcDbEntity
  8
0
100
AcDbPolyline
 90
3
 70
0
 10
1015.0344587829404
 20
355.6281000025301
 42
-0.1433289715802567
 10
1014.9726028670393
 20
355.8394501473995
 10
1014.9726028670393
 20
358.65717007499916
  0
LWPOLYLINE
  5
29C
330
17
100
AcDbEntity
  8
0
100
AcDbPolyline
 90
3
 70
0
 10
1014.9726028670393
 20
359.90988829789967
 10
1014.9726028670393
 20
362.7277702365791
 42
-0.1619055040017489
 10
1015.0506620361102
 20
362.96251510801994
 42
-0.1619055040017489
  0
LWPOLYLINE
  5
29D
330
17
100
AcDbEntity
  8
0
100
AcDbPolyline
 90
4
 70
0
 10
1015.1298579956001
 20
363.0417110675098
 42
-0.1619055040018182
 10
1015.36460286705
 20
363.11977023658073
 10
1016.9669696883302
 20
363.11977023658073
 42
-0.1619055040018182
 10
1017.2017145597911
 20
363.0417110675098
  0
LWPOLYLINE
  5
29E
330
17
100
AcDbEntity
  8
0
100
AcDbPolyline
 90
3
 70
0
 10
1017.280910519281
 20
362.96251510801994
 42
-0.1619055040017489
 10
1017.358969688341
 20
362.7277702365791
 10
1017.358969688341
 20
359.90988829789967
  0
LINE
  5
29F
330
17
100
AcDbEntity
  8
0
100
AcDbLine
 10
1015.0506620361102
 20
362.96251510801994
 30
0.0
 11
1014.0890250898301
 21
363.92415205428915
 31
0.0
  0
LINE
  5
2A0
330
17
100
AcDbEntity
  8
0
100
AcDbLine
 10
1015.1298579956001
 20
363.0417110675098
 30
0.0
 11
1014.1682210493309
 21
364.00334801378995
 31
0.0
  0
LINE
  5
2A1
330
17
100
AcDbEntity
  8
0
100
AcDbLine
 10
1017.280910519281
 20
362.96251510801994
 30
0.0
 11
1018.2425474655411
 21
363.92415205428915
 31
0.0
  0
LINE
  5
2A2
330
17
100
AcDbEntity
  8
0
100
AcDbLine
 10
1017.2017145597911
 20
363.0417110675098
 30
0.0
 11
1018.1633515060494
 21
364.00334801378995
 31
0.0
  0
LINE
  5
2A3
330
17
100
AcDbEntity
  8
0
100
AcDbLine
 10
1015.1532527221807
 20
355.50930606330076
 30
0.0
 11
1014.1925001559503
 21
354.5485534970703
 31
0.0
  0
LINE
  5
2A4
330
17
100
AcDbEntity
  8
0
100
AcDbLine
 10
1015.0344587829404
 20
355.6281000025301
 30
0.0
 11
1014.0737062167209
 21
354.6673474362997
 31
0.0
  0
LINE
  5
2A5
330
17
100
AcDbEntity
  8
0
100
AcDbLine
 10
1017.2021696883403
 20
355.5258501474
 30
0.0
 11
1018.1633515060494
 21
354.56387237019044
 31
0.0
  0
LINE
  5
2A6
330
17
100
AcDbEntity
  8
0
100
AcDbLine
 10
1017.28111823978
 20
355.6049833317793
 30
0.0
 11
1018.2425474655411
 21
354.6430683296803
 31
0.0
  0
LWPOLYLINE
  5
2A7
330
17
100
AcDbEntity
  8
0
100
AcDbPolyline
 90
2
 70
0
 10
1017.358969688341
 20
358.7796101919794
 10
1014.9726028670393
 20
358.7796101919794
  0
LWPOLYLINE
  5
2A8
330
17
100
AcDbEntity
  8
0
100
AcDbPolyline
 90
2
 70
0
 10
1014.9726028670393
 20
359.7876101919792
 10
1017.358969688341
 20
359.7876101919792
  0
LINE
  5
2A9
330
17
100
AcDbEntity
  8
0
100
AcDbLine
 10
1014.9726028670393
 20
359.7876101919792
 30
0.0
 11
1014.1533518144497
 21
359.2836101919802
 31
0.0
  0
LINE
  5
2AA
330
17
100
AcDbEntity
  8
0
100
AcDbLine
 10
1014.9726028670393
 20
359.90988829789967
 30
0.0
 11
1013.9646028670395
 21
359.3260584504005
 31
0.0
  0
LINE
  5
2AB
330
17
100
AcDbEntity
  8
0
100
AcDbLine
 10
1014.1533518144497
 20
359.2836101919802
 30
0.0
 11
1014.9726028670393
 21
358.7796101919794
 31
0.0
  0
LINE
  5
2AC
330
17
100
AcDbEntity
  8
0
100
AcDbLine
 10
1013.9646028670395
 20
359.2400456141204
 30
0.0
 11
1014.9726028670393
 21
358.65717007499916
 31
0.0
  0
LINE
  5
2AD
330
17
100
AcDbEntity
  8
0
100
AcDbLine
 10
1017.358969688341
 20
359.7876101919792
 30
0.0
 11
1018.1782207409196
 21
359.2836101919802
 31
0.0
  0
LINE
  5
2AE
330
17
100
AcDbEntity
  8
0
100
AcDbLine
 10
1018.1782207409196
 20
359.2836101919802
 30
0.0
 11
1017.358969688341
 21
358.7796101919794
 31
0.0
  0
LINE
  5
2AF
330
17
100
AcDbEntity
  8
0
100
AcDbLine
 10
1017.358969688341
 20
359.90988829789967
 30
0.0
 11
1018.3669696883408
 21
359.3260584504005
 31
0.0
  0
LINE
  5
2B0
330
17
100
AcDbEntity
  8
0
100
AcDbLine
 10
1018.3669696883408
 20
359.2400456141204
 30
0.0
 11
1017.358969688341
 21
358.65717007499916
 31
0.0
  0
LWPOLYLINE
  5
2B1
330
17
100
AcDbEntity
  8
0
100
AcDbPolyline
 90
3
 70
0
 10
1019.7488702651008
 20
359.3260584504005
 10
1019.7488702651008
 20
363.56777023657014
 42
-0.1730033431015677
 10
1019.8752773615397
 20
363.9221671806499
 42
-0.1730033431015677
  0
LWPOLYLINE
  5
2B2
330
17
100
AcDbEntity
  8
0
100
AcDbPolyline
 90
4
 70
0
 10
1019.9544733210205
 20
364.0013631401507
 42
-0.1730033431015782
 10
1020.3088702651003
 20
364.12777023656963
 10
1023.5912370863898
 20
364.12777023656963
 42
-0.1730033431015092
 10
1023.9456340304696
 20
364.0013631401507
  0
LWPOLYLINE
  5
2B3
330
17
100
AcDbEntity
  8
0
100
AcDbPolyline
 90
3
 70
0
 10
1024.0248299899704
 20
363.9221671806499
 42
-0.1730033431016178
 10
1024.1512370864093
 20
363.56777023657014
 10
1024.1512370864093
 20
359.3260584504005
  0
LWPOLYLINE
  5
2B4
330
17
100
AcDbEntity
  8
0
100
AcDbPolyline
 90
3
 70
0
 10
1024.1512370864093
 20
359.2400456141204
 10
1024.1512370864093
 20
354.99945014739933
 42
-0.1730033431016471
 10
1024.0248299899704
 20
354.64505320331955
 42
-0.1730033431016471
  0
LWPOLYLINE
  5
2B5
330
17
100
AcDbEntity
  8
0
100
AcDbPolyline
 90
4
 70
0
 10
1023.9456340304696
 20
354.56585724382967
 42
-0.173003343101521
 10
1023.5912370863898
 20
354.43945014739074
 10
1020.3088702651003
 20
354.43945014739074
 42
-0.1600535475041646
 10
1019.9767675540006
 20
354.5485534970703
 42
-0.1600535475041646
  0
LWPOLYLINE
  5
2B6
330
17
100
AcDbEntity
  8
0
100
AcDbPolyline
 90
3
 70
0
 10
1019.8579736147603
 20
354.6673474362997
 42
-0.1600535475041259
 10
1019.7488702651008
 20
354.99945014739933
 10
1019.7488702651008
 20
359.2400456141204
  0
LWPOLYLINE
  5
2B7
330
17
100
AcDbEntity
  8
0
100
AcDbPolyline
 90
3
 70
0
 10
1023.1432370864004
 20
358.65717007499916
 10
1023.1432370864004
 20
355.8394501473995
 42
-0.1616783592796193
 10
1023.0653856378503
 20
355.6049833317793
 42
-0.1616783592796193
  0
LWPOLYLINE
  5
2B8
330
17
100
AcDbEntity
  8
0
100
AcDbPolyline
 90
4
 70
0
 10
1022.9864370863907
 20
355.5258501474
 42
-0.1622776601682571
 10
1022.7512370864006
 20
355.44745014739965
 10
1021.1488702651095
 20
355.44745014739965
 42
-0.1433289715803103
 10
1020.9375201202511
 20
355.50930606330076
 42
-0.1433289715803103
  0
LWPOLYLINE
  5
2B9
330
17
100
AcDbEntity
  8
0
100
AcDbPolyline
 90
3
 70
0
 10
1020.8187261810108
 20
355.6281000025301
 42
-0.1433289715802567
 10
1020.7568702651006
 20
355.8394501473995
 10
1020.7568702651006
 20
358.65717007499916
  0
LWPOLYLINE
  5
2BA
330
17
100
AcDbEntity
  8
0
100
AcDbPolyline
 90
3
 70
0
 10
1020.7568702651006
 20
359.90988829789967
 10
1020.7568702651006
 20
362.7277702365791
 42
-0.1619055040017489
 10
1020.8349294341606
 20
362.96251510801994
 42
-0.1619055040017489
  0
LWPOLYLINE
  5
2BB
330
17
100
AcDbEntity
  8
0
100
AcDbPolyline
 90
4
 70
0
 10
1020.9141253936505
 20
363.0417110675098
 42
-0.1619055040018182
 10
1021.1488702651095
 20
363.11977023658073
 10
1022.7512370864006
 20
363.11977023658073
 42
-0.1619055040018182
 10
1022.9859819578396
 20
363.0417110675098
  0
LWPOLYLINE
  5
2BC
330
17
100
AcDbEntity
  8
0
100
AcDbPolyline
 90
3
 70
0
 10
1023.0651779173295
 20
362.96251510801994
 42
-0.1619055040017489
 10
1023.1432370864004
 20
362.7277702365791
 10
1023.1432370864004
 20
359.90988829789967
  0
LINE
  5
2BD
330
17
100
AcDbEntity
  8
0
100
AcDbLine
 10
1020.8349294341606
 20
362.96251510801994
 30
0.0
 11
1019.8732924879005
 21
363.92415205428915
 31
0.0
  0
LINE
  5
2BE
330
17
100
AcDbEntity
  8
0
100
AcDbLine
 10
1020.9141253936505
 20
363.0417110675098
 30
0.0
 11
1019.9524884473904
 21
364.00334801378995
 31
0.0
  0
LINE
  5
2BF
330
17
100
AcDbEntity
  8
0
100
AcDbLine
 10
1023.0651779173295
 20
362.96251510801994
 30
0.0
 11
1024.0268148636096
 21
363.92415205428915
 31
0.0
  0
LINE
  5
2C0
330
17
100
AcDbEntity
  8
0
100
AcDbLine
 10
1022.9859819578396
 20
363.0417110675098
 30
0.0
 11
1023.9476189041106
 21
364.00334801378995
 31
0.0
  0
LINE
  5
2C1
330
17
100
AcDbEntity
  8
0
100
AcDbLine
 10
1020.9375201202511
 20
355.50930606330076
 30
0.0
 11
1019.9767675540006
 21
354.5485534970703
 31
0.0
  0
LINE
  5
2C2
330
17
100
AcDbEntity
  8
0
100
AcDbLine
 10
1020.8187261810108
 20
355.6281000025301
 30
0.0
 11
1019.8579736147603
 21
354.6673474362997
 31
0.0
  0
LINE
  5
2C3
330
17
100
AcDbEntity
  8
0
100
AcDbLine
 10
1022.9864370863907
 20
355.5258501474
 30
0.0
 11
1023.9476189041106
 21
354.56387237019044
 31
0.0
  0
LINE
  5
2C4
330
17
100
AcDbEntity
  8
0
100
AcDbLine
 10
1023.0653856378503
 20
355.6049833317793
 30
0.0
 11
1024.0268148636096
 21
354.6430683296803
 31
0.0
  0
LWPOLYLINE
  5
2C5
330
17
100
AcDbEntity
  8
0
100
AcDbPolyline
 90
2
 70
0
 10
1023.1432370864004
 20
358.7796101919794
 10
1020.7568702651006
 20
358.7796101919794
  0
LWPOLYLINE
  5
2C6
330
17
100
AcDbEntity
  8
0
100
AcDbPolyline
 90
2
 70
0
 10
1020.7568702651006
 20
359.7876101919792
 10
1023.1432370864004
 20
359.7876101919792
  0
LINE
  5
2C7
330
17
100
AcDbEntity
  8
0
100
AcDbLine
 10
1020.7568702651006
 20
359.7876101919792
 30
0.0
 11
1019.9376192125201
 21
359.2836101919802
 31
0.0
  0
LINE
  5
2C8
330
17
100
AcDbEntity
  8
0
100
AcDbLine
 10
1020.7568702651006
 20
359.90988829789967
 30
0.0
 11
1019.7488702651008
 21
359.3260584504005
 31
0.0
  0
LINE
  5
2C9
330
17
100
AcDbEntity
  8
0
100
AcDbLine
 10
1019.9376192125201
 20
359.2836101919802
 30
0.0
 11
1020.7568702651006
 21
358.7796101919794
 31
0.0
  0
LINE
  5
2CA
330
17
100
AcDbEntity
  8
0
100
AcDbLine
 10
1019.7488702651008
 20
359.2400456141204
 30
0.0
 11
1020.7568702651006
 21
358.65717007499916
 31
0.0
  0
LINE
  5
2CB
330
17
100
AcDbEntity
  8
0
100
AcDbLine
 10
1023.1432370864004
 20
359.7876101919792
 30
0.0
 11
1023.96248813899
 21
359.2836101919802
 31
0.0
  0
LINE
  5
2CC
330
17
100
AcDbEntity
  8
0
100
AcDbLine
 10
1023.96248813899
 20
359.2836101919802
 30
0.0
 11
1023.1432370864004
 21
358.7796101919794
 31
0.0
  0
LINE
  5
2CD
330
17
100
AcDbEntity
  8
0
100
AcDbLine
 10
1023.1432370864004
 20
359.90988829789967
 30
0.0
 11
1024.1512370864093
 21
359.3260584504005
 31
0.0
  0
LINE
  5
2CE
330
17
100
AcDbEntity
  8
0
100
AcDbLine
 10
1024.1512370864093
 20
359.2400456141204
 30
0.0
 11
1023.1432370864004
 21
358.65717007499916
 31
0.0
  0
LWPOLYLINE
  5
2CF
330
17
100
AcDbEntity
  8
0
100
AcDbPolyline
 90
3
 70
0
 10
1025.5331376631602
 20
359.3260584504005
 10
1025.5331376631602
 20
363.56777023657014
 42
-0.1730033431015677
 10
1025.65954475959
 20
363.9221671806499
 42
-0.1730033431015677
  0
LWPOLYLINE
  5
2D0
330
17
100
AcDbEntity
  8
0
100
AcDbPolyline
 90
4
 70
0
 10
1025.73874071908
 20
364.0013631401507
 42
-0.1730033431015782
 10
1026.0931376631597
 20
364.12777023656963
 10
1029.3755044844602
 20
364.12777023656963
 42
-0.1730033431015092
 10
1029.72990142854
 20
364.0013631401507
  0
LWPOLYLINE
  5
2D1
330
17
100
AcDbEntity
  8
0
100
AcDbPolyline
 90
3
 70
0
 10
1029.8090973880298
 20
363.9221671806499
 42
-0.1730033431016178
 10
1029.9355044844506
 20
363.56777023657014
 10
1029.9355044844506
 20
359.3260584504005
  0
LWPOLYLINE
  5
2D2
330
17
100
AcDbEntity
  8
0
100
AcDbPolyline
 90
3
 70
0
 10
1029.9355044844506
 20
359.2400456141204
 10
1029.9355044844506
 20
354.99945014739933
 42
-0.1730033431016471
 10
1029.8090973880298
 20
354.64505320331955
 42
-0.1730033431016471
  0
LWPOLYLINE
  5
2D3
330
17
100
AcDbEntity
  8
0
100
AcDbPolyline
 90
4
 70
0
 10
1029.72990142854
 20
354.56585724382967
 42
-0.173003343101521
 10
1029.3755044844602
 20
354.43945014739074
 10
1026.0931376631597
 20
354.43945014739074
 42
-0.1600535475041646
 10
1025.761034952071
 20
354.5485534970703
 42
-0.1600535475041646
  0
LWPOLYLINE
  5
2D4
330
17
100
AcDbEntity
  8
0
100
AcDbPolyline
 90
3
 70
0
 10
1025.6422410128307
 20
354.6673474362997
 42
-0.1600535475041259
 10
1025.5331376631602
 20
354.99945014739933
 10
1025.5331376631602
 20
359.2400456141204
  0
LWPOLYLINE
  5
2D5
330
17
100
AcDbEntity
  8
0
100
AcDbPolyline
 90
3
 70
0
 10
1028.9275044844508
 20
358.65717007499916
 10
1028.9275044844508
 20
355.8394501473995
 42
-0.1616783592796193
 10
1028.8496530359098
 20
355.6049833317793
 42
-0.1616783592796193
  0
LWPOLYLINE
  5
2D6
330
17
100
AcDbEntity
  8
0
100
AcDbPolyline
 90
4
 70
0
 10
1028.770704484461
 20
355.5258501474
 42
-0.1622776601682571
 10
1028.53550448446
 20
355.44745014739965
 10
1026.9331376631599
 20
355.44745014739965
 42
-0.1433289715803103
 10
1026.7217875183105
 20
355.50930606330076
 42
-0.1433289715803103
  0
LWPOLYLINE
  5
2D7
330
17
100
AcDbEntity
  8
0
100
AcDbPolyline
 90
3
 70
0
 10
1026.6029935790593
 20
355.6281000025301
 42
-0.1433289715802567
 10
1026.541137663171
 20
355.8394501473995
 10
1026.541137663171
 20
358.65717007499916
  0
LWPOLYLINE
  5
2D8
330
17
100
AcDbEntity
  8
0
100
AcDbPolyline
 90
3
 70
0
 10
1026.541137663171
 20
359.90988829789967
 10
1026.541137663171
 20
362.7277702365791
 42
-0.1619055040017489
 10
1026.61919683222
 20
362.96251510801994
 42
-0.1619055040017489
  0
LWPOLYLINE
  5
2D9
330
17
100
AcDbEntity
  8
0
100
AcDbPolyline
 90
4
 70
0
 10
1026.6983927917208
 20
363.0417110675098
 42
-0.1619055040018182
 10
1026.9331376631599
 20
363.11977023658073
 10
1028.53550448446
 20
363.11977023658073
 42
-0.1619055040018182
 10
1028.770249355901
 20
363.0417110675098
  0
LWPOLYLINE
  5
2DA
330
17
100
AcDbEntity
  8
0
100
AcDbPolyline
 90
3
 70
0
 10
1028.8494453153999
 20
362.96251510801994
 42
-0.1619055040017489
 10
1028.9275044844508
 20
362.7277702365791
 10
1028.9275044844508
 20
359.90988829789967
  0
LINE
  5
2DB
330
17
100
AcDbEntity
  8
0
100
AcDbLine
 10
1026.61919683222
 20
362.96251510801994
 30
0.0
 11
1025.6575598859508
 21
363.92415205428915
 31
0.0
  0
LINE
  5
2DC
330
17
100
AcDbEntity
  8
0
100
AcDbLine
 10
1026.6983927917208
 20
363.0417110675098
 30
0.0
 11
1025.7367558454407
 21
364.00334801378995
 31
0.0
  0
LINE
  5
2DD
330
17
100
AcDbEntity
  8
0
100
AcDbLine
 10
1028.8494453153999
 20
362.96251510801994
 30
0.0
 11
1029.811082261671
 21
363.92415205428915
 31
0.0
  0
LINE
  5
2DE
330
17
100
AcDbEntity
  8
0
100
AcDbLine
 10
1028.770249355901
 20
363.0417110675098
 30
0.0
 11
1029.731886302181
 21
364.00334801378995
 31
0.0
  0
LINE
  5
2DF
330
17
100
AcDbEntity
  8
0
100
AcDbLine
 10
1026.7217875183105
 20
355.50930606330076
 30
0.0
 11
1025.761034952071
 21
354.5485534970703
 31
0.0
  0
LINE
  5
2E0
330
17
100
AcDbEntity
  8
0
100
AcDbLine
 10
1026.6029935790593
 20
355.6281000025301
 30
0.0
 11
1025.6422410128307
 21
354.6673474362997
 31
0.0
  0
LINE
  5
2E1
330
17
100
AcDbEntity
  8
0
100
AcDbLine
 10
1028.770704484461
 20
355.5258501474
 30
0.0
 11
1029.731886302181
 21
354.56387237019044
 31
0.0
  0
LINE
  5
2E2
330
17
100
AcDbEntity
  8
0
100
AcDbLine
 10
1028.8496530359098
 20
355.6049833317793
 30
0.0
 11
1029.811082261671
 21
354.6430683296803
 31
0.0
  0
LWPOLYLINE
  5
2E3
330
17
100
AcDbEntity
  8
0
100
AcDbPolyline
 90
2
 70
0
 10
1028.9275044844508
 20
358.7796101919794
 10
1026.541137663171
 20
358.7796101919794
  0
LWPOLYLINE
  5
2E4
330
17
100
AcDbEntity
  8
0
100
AcDbPolyline
 90
2
 70
0
 10
1026.541137663171
 20
359.7876101919792
 10
1028.9275044844508
 20
359.7876101919792
  0
LINE
  5
2E5
330
17
100
AcDbEntity
  8
0
100
AcDbLine
 10
1026.541137663171
 20
359.7876101919792
 30
0.0
 11
1025.7218866105795
 21
359.2836101919802
 31
0.0
  0
LINE
  5
2E6
330
17
100
AcDbEntity
  8
0
100
AcDbLine
 10
1026.541137663171
 20
359.90988829789967
 30
0.0
 11
1025.5331376631602
 21
359.3260584504005
 31
0.0
  0
LINE
  5
2E7
330
17
100
AcDbEntity
  8
0
100
AcDbLine
 10
1025.7218866105795
 20
359.2836101919802
 30
0.0
 11
1026.541137663171
 21
358.7796101919794
 31
0.0
  0
LINE
  5
2E8
330
17
100
AcDbEntity
  8
0
100
AcDbLine
 10
1025.5331376631602
 20
359.2400456141204
 30
0.0
 11
1026.541137663171
 21
358.65717007499916
 31
0.0
  0
LINE
  5
2E9
330
17
100
AcDbEntity
  8
0
100
AcDbLine
 10
1028.9275044844508
 20
359.7876101919792
 30
0.0
 11
1029.7467555370295
 21
359.2836101919802
 31
0.0
  0
LINE
  5
2EA
330
17
100
AcDbEntity
  8
0
100
AcDbLine
 10
1029.7467555370295
 20
359.2836101919802
 30
0.0
 11
1028.9275044844508
 21
358.7796101919794
 31
0.0
  0
LINE
  5
2EB
330
17
100
AcDbEntity
  8
0
100
AcDbLine
 10
1028.9275044844508
 20
359.90988829789967
 30
0.0
 11
1029.9355044844506
 21
359.3260584504005
 31
0.0
  0
LINE
  5
2EC
330
17
100
AcDbEntity
  8
0
100
AcDbLine
 10
1029.9355044844506
 20
359.2400456141204
 30
0.0
 11
1028.9275044844508
 21
358.65717007499916
 31
0.0
  0
LWPOLYLINE
  5
2ED
330
17
100
AcDbEntity
  8
0
100
AcDbPolyline
 90
3
 70
0
 10
1031.3174050612306
 20
359.3260584504005
 10
1031.3174050612306
 20
363.56777023657014
 42
-0.1730033431015677
 10
1031.4438121576495
 20
363.9221671806499
 42
-0.1730033431015677
  0
LWPOLYLINE
  5
2EE
330
17
100
AcDbEntity
  8
0
100
AcDbPolyline
 90
4
 70
0
 10
1031.5230081171503
 20
364.0013631401507
 42
-0.1730033431015782
 10
1031.877405061221
 20
364.12777023656963
 10
1035.1597718825196
 20
364.12777023656963
 42
-0.1730033431015092
 10
1035.5141688265994
 20
364.0013631401507
  0
LWPOLYLINE
  5
2EF
330
17
100
AcDbEntity
  8
0
100
AcDbPolyline
 90
3
 70
0
 10
1035.5933647860893
 20
363.9221671806499
 42
-0.1730033431016178
 10
1035.719771882521
 20
363.56777023657014
 10
1035.719771882521
 20
359.3260584504005
  0
LWPOLYLINE
  5
2F0
330
17
100
AcDbEntity
  8
0
100
AcDbPolyline
 90
3
 70
0
 10
1035.719771882521
 20
359.2400456141204
 10
1035.719771882521
 20
354.99945014739933
 42
-0.1730033431016471
 10
1035.5933647860893
 20
354.64505320331955
 42
-0.1730033431016471
  0
LWPOLYLINE
  5
2F1
330
17
100
AcDbEntity
  8
0
100
AcDbPolyline
 90
4
 70
0
 10
1035.5141688265994
 20
354.56585724382967
 42
-0.173003343101521
 10
1035.1597718825196
 20
354.43945014739074
 10
1031.877405061221
 20
354.43945014739074
 42
-0.1600535475041646
 10
1031.5453023501304
 20
354.5485534970703
 42
-0.1600535475041646
  0
LWPOLYLINE
  5
2F2
330
17
100
AcDbEntity
  8
0
100
AcDbPolyline
 90
3
 70
0
 10
1031.4265084108902
 20
354.6673474362997
 42
-0.1600535475041259
 10
1031.3174050612306
 20
354.99945014739933
 10
1031.3174050612306
 20
359.2400456141204
  0
LWPOLYLINE
  5
2F3
330
17
100
AcDbEntity
  8
0
100
AcDbPolyline
 90
3
 70
0
 10
1034.7117718825102
 20
358.65717007499916
 10
1034.7117718825102
 20
355.8394501473995
 42
-0.1616783592796193
 10
1034.6339204339602
 20
355.6049833317793
 42
-0.1616783592796193
  0
LWPOLYLINE
  5
2F4
330
17
100
AcDbEntity
  8
0
100
AcDbPolyline
 90
4
 70
0
 10
1034.5549718825205
 20
355.5258501474
 42
-0.1622776601682571
 10
1034.3197718825195
 20
355.44745014739965
 10
1032.7174050612193
 20
355.44745014739965
 42
-0.1433289715803103
 10
1032.5060549163609
 20
355.50930606330076
 42
-0.1433289715803103
  0
LWPOLYLINE
  5
2F5
330
17
100
AcDbEntity
  8
0
100
AcDbPolyline
 90
3
 70
0
 10
1032.3872609771206
 20
355.6281000025301
 42
-0.1433289715802567
 10
1032.3254050612304
 20
355.8394501473995
 10
1032.3254050612304
 20
358.65717007499916
  0
LWPOLYLINE
  5
2F6
330
17
100
AcDbEntity
  8
0
100
AcDbPolyline
 90
3
 70
0
 10
1032.3254050612304
 20
359.90988829789967
 10
1032.3254050612304
 20
362.7277702365791
 42
-0.1619055040017489
 10
1032.4034642302795
 20
362.96251510801994
 42
-0.1619055040017489
  0
LWPOLYLINE
  5
2F7
330
17
100
AcDbEntity
  8
0
100
AcDbPolyline
 90
4
 70
0
 10
1032.4826601897803
 20
363.0417110675098
 42
-0.1619055040018182
 10
1032.7174050612193
 20
363.11977023658073
 10
1034.3197718825195
 20
363.11977023658073
 42
-0.1619055040018182
 10
1034.5545167539603
 20
363.0417110675098
  0
LWPOLYLINE
  5
2F8
330
17
100
AcDbEntity
  8
0
100
AcDbPolyline
 90
3
 70
0
 10
1034.6337127134593
 20
362.96251510801994
 42
-0.1619055040017489
 10
1034.7117718825102
 20
362.7277702365791
 10
1034.7117718825102
 20
359.90988829789967
  0
LINE
  5
2F9
330
17
100
AcDbEntity
  8
0
100
AcDbLine
 10
1032.4034642302795
 20
362.96251510801994
 30
0.0
 11
1031.4418272840103
 21
363.92415205428915
 31
0.0
  0
LINE
  5
2FA
330
17
100
AcDbEntity
  8
0
100
AcDbLine
 10
1032.4826601897803
 20
363.0417110675098
 30
0.0
 11
1031.5210232435002
 21
364.00334801378995
 31
0.0
  0
LINE
  5
2FB
330
17
100
AcDbEntity
  8
0
100
AcDbLine
 10
1034.6337127134593
 20
362.96251510801994
 30
0.0
 11
1035.5953496597303
 21
363.92415205428915
 31
0.0
  0
LINE
  5
2FC
330
17
100
AcDbEntity
  8
0
100
AcDbLine
 10
1034.5545167539603
 20
363.0417110675098
 30
0.0
 11
1035.5161537002405
 21
364.00334801378995
 31
0.0
  0
LINE
  5
2FD
330
17
100
AcDbEntity
  8
0
100
AcDbLine
 10
1032.5060549163609
 20
355.50930606330076
 30
0.0
 11
1031.5453023501304
 21
354.5485534970703
 31
0.0
  0
LINE
  5
2FE
330
17
100
AcDbEntity
  8
0
100
AcDbLine
 10
1032.3872609771206
 20
355.6281000025301
 30
0.0
 11
1031.4265084108902
 21
354.6673474362997
 31
0.0
  0
LINE
  5
2FF
330
17
100
AcDbEntity
  8
0
100
AcDbLine
 10
1034.5549718825205
 20
355.5258501474
 30
0.0
 11
1035.5161537002405
 21
354.56387237019044
 31
0.0
  0
LINE
  5
300
330
17
100
AcDbEntity
  8
0
100
AcDbLine
 10
1034.6339204339602
 20
355.6049833317793
 30
0.0
 11
1035.5953496597303
 21
354.6430683296803
 31
0.0
  0
LWPOLYLINE
  5
301
330
17
100
AcDbEntity
  8
0
100
AcDbPolyline
 90
2
 70
0
 10
1034.7117718825102
 20
358.7796101919794
 10
1032.3254050612304
 20
358.7796101919794
  0
LWPOLYLINE
  5
302
330
17
100
AcDbEntity
  8
0
100
AcDbPolyline
 90
2
 70
0
 10
1032.3254050612304
 20
359.7876101919792
 10
1034.7117718825102
 20
359.7876101919792
  0
LINE
  5
303
330
17
100
AcDbEntity
  8
0
100
AcDbLine
 10
1032.3254050612304
 20
359.7876101919792
 30
0.0
 11
1031.5061540086408
 21
359.2836101919802
 31
0.0
  0
LINE
  5
304
330
17
100
AcDbEntity
  8
0
100
AcDbLine
 10
1032.3254050612304
 20
359.90988829789967
 30
0.0
 11
1031.3174050612306
 21
359.3260584504005
 31
0.0
  0
LINE
  5
305
330
17
100
AcDbEntity
  8
0
100
AcDbLine
 10
1031.5061540086408
 20
359.2836101919802
 30
0.0
 11
1032.3254050612304
 21
358.7796101919794
 31
0.0
  0
LINE
  5
306
330
17
100
AcDbEntity
  8
0
100
AcDbLine
 10
1031.3174050612306
 20
359.2400456141204
 30
0.0
 11
1032.3254050612304
 21
358.65717007499916
 31
0.0
  0
LINE
  5
307
330
17
100
AcDbEntity
  8
0
100
AcDbLine
 10
1034.7117718825102
 20
359.7876101919792
 30
0.0
 11
1035.5310229350998
 21
359.2836101919802
 31
0.0
  0
LINE
  5
308
330
17
100
AcDbEntity
  8
0
100
AcDbLine
 10
1035.5310229350998
 20
359.2836101919802
 30
0.0
 11
1034.7117718825102
 21
358.7796101919794
 31
0.0
  0
LINE
  5
309
330
17
100
AcDbEntity
  8
0
100
AcDbLine
 10
1034.7117718825102
 20
359.90988829789967
 30
0.0
 11
1035.719771882521
 21
359.3260584504005
 31
0.0
  0
LINE
  5
30A
330
17
100
AcDbEntity
  8
0
100
AcDbLine
 10
1035.719771882521
 20
359.2400456141204
 30
0.0
 11
1034.7117718825102
 21
358.65717007499916
 31
0.0
  0
MTEXT
  5
30B
330
17
100
AcDbEntity
  8
1-EMC-ACESS
  6
ByBlock
 62
1
370
-2
100
AcDbMText
 10
603.4092817007186
 20
481.8247236194602
 30
0.0
 40
25.2
 41
385.9628846156624
 46
0.0
 71
2
 72
5
  1
{\fTimes New Roman|b0|i0|c0|p18;\C7;CT điện tử}
  7
ARIAL
  0
MTEXT
  5
30C
330
17
100
AcDbEntity
  8
1-EMC-ACESS
  6
ByBlock
 62
1
370
-2
100
AcDbMText
 10
1015.0397816596196
 20
481.8247236194602
 30
0.0
 40
25.2
 41
385.9628846156624
 46
0.0
 71
2
 72
5
  1
{\fTimes New Roman|b0|i0|c0|p18;\C7;A1700}
  7
ARIAL
  0
ENDSEC
  0
SECTION
  2
OBJECTS
  0
DICTIONARY
  5
A
330
0
100
AcDbDictionary
281
1
  3
ACAD_COLOR
350
B
  3
ACAD_GROUP
350
C
  3
ACAD_LAYOUT
350
D
  3
ACAD_MATERIAL
350
E
  3
ACAD_MLEADERSTYLE
350
F
  3
ACAD_MLINESTYLE
350
10
  3
ACAD_PLOTSETTINGS
350
11
  3
ACAD_PLOTSTYLENAME
350
12
  3
ACAD_SCALELIST
350
14
  3
ACAD_TABLESTYLE
350
15
  3
ACAD_VISUALSTYLE
350
16
  3
EZDXF_META
350
2D
  0
DICTIONARY
  5
B
330
A
100
AcDbDictionary
281
1
  0
DICTIONARY
  5
C
330
A
100
AcDbDictionary
281
1
  0
DICTIONARY
  5
D
330
A
100
AcDbDictionary
281
1
  3
Model
350
1A
  3
Layout1
350
1E
  0
DICTIONARY
  5
E
330
A
100
AcDbDictionary
281
1
  3
ByBlock
350
1F
  3
ByLayer
350
20
  3
Global
350
21
  0
DICTIONARY
  5
F
330
A
100
AcDbDictionary
281
1
  3
Standard
350
2C
  0
DICTIONARY
  5
10
330
A
100
AcDbDictionary
281
1
  3
Standard
350
22
  0
DICTIONARY
  5
11
330
A
100
AcDbDictionary
281
1
  0
ACDBDICTIONARYWDFLT
  5
12
330
A
100
AcDbDictionary
281
1
  3
Normal
350
13
100
AcDbDictionaryWithDefault
340
13
  0
ACDBPLACEHOLDER
  5
13
330
12
  0
DICTIONARY
  5
14
330
A
100
AcDbDictionary
281
1
  0
DICTIONARY
  5
15
330
A
100
AcDbDictionary
281
1
  0
DICTIONARY
  5
16
330
A
100
AcDbDictionary
281
1
  0
LAYOUT
  5
1A
330
D
100
AcDbPlotSettings
  1

  4
A3
  6

 40
7.5
 41
20.0
 42
7.5
 43
20.0
 44
420.0
 45
297.0
 46
0.0
 47
0.0
 48
0.0
 49
0.0
140
0.0
141
0.0
142
1.0
143
1.0
 70
1024
 72
1
 73
0
 74
5
  7

 75
16
 76
0
 77
2
 78
300
147
1.0
148
0.0
149
0.0
100
AcDbLayout
  1
Model
 70
1
 71
0
 10
0.0
 20
0.0
 11
420.0
 21
297.0
 12
0.0
 22
0.0
 32
0.0
 14
1e+20
 24
1e+20
 34
1e+20
 15
-1e+20
 25
-1e+20
 35
-1e+20
146
0.0
 13
0.0
 23
0.0
 33
0.0
 16
1.0
 26
0.0
 36
0.0
 17
0.0
 27
1.0
 37
0.0
 76
1
330
17
  0
LAYOUT
  5
1E
330
D
100
AcDbPlotSettings
  1

  4
A3
  6

 40
7.5
 41
20.0
 42
7.5
 43
20.0
 44
420.0
 45
297.0
 46
0.0
 47
0.0
 48
0.0
 49
0.0
140
0.0
141
0.0
142
1.0
143
1.0
 70
0
 72
1
 73
0
 74
5
  7

 75
16
 76
0
 77
2
 78
300
147
1.0
148
0.0
149
0.0
100
AcDbLayout
  1
Layout1
 70
1
 71
1
 10
0.0
 20
0.0
 11
420.0
 21
297.0
 12
0.0
 22
0.0
 32
0.0
 14
1e+20
 24
1e+20
 34
1e+20
 15
-1e+20
 25
-1e+20
 35
-1e+20
146
0.0
 13
0.0
 23
0.0
 33
0.0
 16
1.0
 26
0.0
 36
0.0
 17
0.0
 27
1.0
 37
0.0
 76
1
330
1B
  0
MATERIAL
  5
1F
102
{ACAD_REACTORS
330
E
102
}
330
E
100
AcDbMaterial
  1
ByBlock
  2

 70
0
 40
1.0
 71
1
 41
1.0
 91
-1023410177
 42
1.0
 72
1
  3

 73
1
 74
1
 75
1
 44
0.5
 73
0
 45
1.0
 46
1.0
 77
1
  4

 78
1
 79
1
170
1
 48
1.0
171
1
  6

172
1
173
1
174
1
140
1.0
141
1.0
175
1
  7

176
1
177
1
178
1
143
1.0
179
1
  8

270
1
271
1
272
1
145
1.0
146
1.0
273
1
  9

274
1
275
1
276
1
 42
1.0
 72
1
  3

 73
1
 74
1
 75
1
 94
63
  0
MATERIAL
  5
20
102
{ACAD_REACTORS
330
E
102
}
330
E
100
AcDbMaterial
  1
ByLayer
  2

 70
0
 40
1.0
 71
1
 41
1.0
 91
-1023410177
 42
1.0
 72
1
  3

 73
1
 74
1
 75
1
 44
0.5
 73
0
 45
1.0
 46
1.0
 77
1
  4

 78
1
 79
1
170
1
 48
1.0
171
1
  6

172
1
173
1
174
1
140
1.0
141
1.0
175
1
  7

176
1
177
1
178
1
143
1.0
179
1
  8

270
1
271
1
272
1
145
1.0
146
1.0
273
1
  9

274
1
275
1
276
1
 42
1.0
 72
1
  3

 73
1
 74
1
 75
1
 94
63
  0
MATERIAL
  5
21
102
{ACAD_REACTORS
330
E
102
}
330
E
100
AcDbMaterial
  1
Global
  2

 70
0
 40
1.0
 71
1
 41
1.0
 91
-1023410177
 42
1.0
 72
1
  3

 73
1
 74
1
 75
1
 44
0.5
 73
0
 45
1.0
 46
1.0
 77
1
  4

 78
1
 79
1
170
1
 48
1.0
171
1
  6

172
1
173
1
174
1
140
1.0
141
1.0
175
1
  7

176
1
177
1
178
1
143
1.0
179
1
  8

270
1
271
1
272
1
145
1.0
146
1.0
273
1
  9

274
1
275
1
276
1
 42
1.0
 72
1
  3

 73
1
 74
1
 75
1
 94
63
  0
MLINESTYLE
  5
22
102
{ACAD_REACTORS
330
10
102
}
330
10
100
AcDbMlineStyle
  2
Standard
 70
0
  3

 62
256
 51
90.0
 52
90.0
 71
2
 49
0.5
 62
256
  6
BYLAYER
 49
-0.5
 62
256
  6
BYLAYER
  0
MLEADERSTYLE
  5
2C
102
{ACAD_REACTORS
330
F
102
}
330
F
100
AcDbMLeaderStyle
179
2
170
2
171
1
172
0
 90
2
 40
0.0
 41
0.0
173
1
 91
-1056964608
 92
-2
290
1
 42
2.0
291
1
 43
8.0
  3
Standard
 44
4.0
300

342
29
174
1
175
1
176
0
178
1
 93
-1056964608
 45
4.0
292
0
297
0
 46
4.0
 94
-1056964608
 47
1.0
 49
1.0
140
1.0
294
1
141
0.0
177
0
142
1.0
295
0
296
0
143
3.75
271
0
272
9
273
9
  0
DICTIONARY
  5
2D
330
A
100
AcDbDictionary
280
1
281
1
  3
CREATED_BY_EZDXF
350
2E
  3
WRITTEN_BY_EZDXF
350
417
  0
DICTIONARYVAR
  5
2E
330
2D
100
DictionaryVariables
280
0
  1
1.4.4 @ 2026-09-23T14:04:48.361031+00:00
  0
DICTIONARYVAR
  5
417
330
2D
100
DictionaryVariables
280
0
  1
1.4.4 @ 2026-09-23T14:04:48.586758+00:00
  0
ENDSEC
  0
EOF
