  0
SECTION
  2
HEADER
  9
$ACADVER
  1
AC1032
  9
$ACADMAINTVER
 90
4
  9
$DWGCODEPAGE
  3
ANSI_1252
  9
$LASTSAVEDBY
  1
ezdxf
  9
$REQUIREDVERSIONS
160
0
  9
$INSBASE
 10
0.0
 20
0.0
 30
0.0
  9
$EXTMIN
 10
1e+20
 20
1e+20
 30
1e+20
  9
$EXTMAX
 10
-1e+20
 20
-1e+20
 30
-1e+20
  9
$LIMMIN
 10
0.0
 20
0.0
  9
$LIMMAX
 10
420.0
 20
297.0
  9
$ORTHOMODE
 70
0
  9
$REGENMODE
 70
1
  9
$FILLMODE
 70
1
  9
$QTEXTMODE
 70
0
  9
$MIRRTEXT
 70
1
  9
$LTSCALE
 40
1.0
  9
$ATTMODE
 70
1
  9
$TEXTSIZE
 40
2.5
  9
$TRACEWID
 40
1.0
  9
$TEXTSTYLE
  7
Standard
  9
$CLAYER
  8
0
  9
$CELTYPE
  6
ByLayer
  9
$CECOLOR
 62
256
  9
$CELTSCALE
 40
1.0
  9
$DISPSILH
 70
0
  9
$DIMSCALE
 40
1.0
  9
$DIMASZ
 40
2.5
  9
$DIMEXO
 40
0.625
  9
$DIMDLI
 40
3.75
  9
$DIMRND
 40
0.0
  9
$DIMDLE
 40
0.0
  9
$DIMEXE
 40
1.25
  9
$DIMTP
 40
0.0
  9
$DIMTM
 40
0.0
  9
$DIMTXT
 40
2.5
  9
$DIMCEN
 40
2.5
  9
$DIMTSZ
 40
0.0
  9
$DIMTOL
 70
0
  9
$DIMLIM
 70
0
  9
$DIMTIH
 70
0
  9
$DIMTOH
 70
0
  9
$DIMSE1
 70
0
  9
$DIMSE2
 70
0
  9
$DIMTAD
 70
1
  9
$DIMZIN
 70
8
  9
$DIMBLK
  1

  9
$DIMASO
 70
1
  9
$DIMSHO
 70
1
  9
$DIMPOST
  1

  9
$DIMAPOST
  1

  9
$DIMALT
 70
0
  9
$DIMALTD
 70
3
  9
$DIMALTF
 40
0.03937007874
  9
$DIMLFAC
 40
1.0
  9
$DIMTOFL
 70
1
  9
$DIMTVP
 40
0.0
  9
$DIMTIX
 70
0
  9
$DIMSOXD
 70
0
  9
$DIMSAH
 70
0
  9
$DIMBLK1
  1

  9
$DIMBLK2
  1

  9
$DIMSTYLE
  2
ISO-25
  9
$DIMCLRD
 70
0
  9
$DIMCLRE
 70
0
  9
$DIMCLRT
 70
0
  9
$DIMTFAC
 40
1.0
  9
$DIMGAP
 40
0.625
  9
$DIMJUST
 70
0
  9
$DIMSD1
 70
0
  9
$DIMSD2
 70
0
  9
$DIMTOLJ
 70
0
  9
$DIMTZIN
 70
8
  9
$DIMALTZ
 70
0
  9
$DIMALTTZ
 70
0
  9
$DIMUPT
 70
0
  9
$DIMDEC
 70
2
  9
$DIMTDEC
 70
2
  9
$DIMALTU
 70
2
  9
$DIMALTTD
 70
3
  9
$DIMTXSTY
  7
Standard
  9
$DIMAUNIT
 70
0
  9
$DIMADEC
 70
0
  9
$DIMALTRND
 40
0.0
  9
$DIMAZIN
 70
0
  9
$DIMDSEP
 70
44
  9
$DIMATFIT
 70
3
  9
$DIMFRAC
 70
0
  9
$DIMLDRBLK
  1

  9
$DIMLUNIT
 70
2
  9
$DIMLWD
 70
-2
  9
$DIMLWE
 70
-2
  9
$DIMTMOVE
 70
0
  9
$DIMFXL
 40
1.0
  9
$DIMFXLON
 70
0
  9
$DIMJOGANG
 40
0.785398163397
  9
$DIMTFILL
 70
0
  9
$DIMTFILLCLR
 70
0
  9
$DIMARCSYM
 70
0
  9
$DIMLTYPE
  6

  9
$DIMLTEX1
  6

  9
$DIMLTEX2
  6

  9
$DIMTXTDIRECTION
 70
0
  9
$LUNITS
 70
2
  9
$LUPREC
 70
4
  9
$SKETCHINC
 40
1.0
  9
$FILLETRAD
 40
10.0
  9
$AUNITS
 70
0
  9
$AUPREC
 70
2
  9
$MENU
  1
.
  9
$ELEVATION
 40
0.0
  9
$PELEVATION
 40
0.0
  9
$THICKNESS
 40
0.0
  9
$LIMCHECK
 70
0
  9
$CHAMFERA
 40
0.0
  9
$CHAMFERB
 40
0.0
  9
$CHAMFERC
 40
0.0
  9
$CHAMFERD
 40
0.0
  9
$SKPOLY
 70
0
  9
$TDCREATE
 40
2461307.877488426
  9
$TDUCREATE
 40
2458532.153996898
  9
$TDUPDATE
 40
2461307.8775
  9
$TDUUPDATE
 40
2458532.1544311
  9
$TDINDWG
 40
0.0
  9
$TDUSRTIMER
 40
0.0
  9
$USRTIMER
 70
1
  9
$ANGBASE
 50
0.0
  9
$ANGDIR
 70
0
  9
$PDMODE
 70
0
  9
$PDSIZE
 40
0.0
  9
$PLINEWID
 40
0.0
  9
$SPLFRAME
 70
0
  9
$SPLINETYPE
 70
6
  9
$SPLINESEGS
 70
8
  9
$HANDSEED
  5
89E
  9
$SURFTAB1
 70
6
  9
$SURFTAB2
 70
6
  9
$SURFTYPE
 70
6
  9
$SURFU
 70
6
  9
$SURFV
 70
6
  9
$UCSBASE
  2

  9
$UCSNAME
  2

  9
$UCSORG
 10
0.0
 20
0.0
 30
0.0
  9
$UCSXDIR
 10
1.0
 20
0.0
 30
0.0
  9
$UCSYDIR
 10
0.0
 20
1.0
 30
0.0
  9
$UCSORTHOREF
  2

  9
$UCSORTHOVIEW
 70
0
  9
$UCSORGTOP
 10
0.0
 20
0.0
 30
0.0
  9
$UCSORGBOTTOM
 10
0.0
 20
0.0
 30
0.0
  9
$UCSORGLEFT
 10
0.0
 20
0.0
 30
0.0
  9
$UCSORGRIGHT
 10
0.0
 20
0.0
 30
0.0
  9
$UCSORGFRONT
 10
0.0
 20
0.0
 30
0.0
  9
$UCSORGBACK
 10
0.0
 20
0.0
 30
0.0
  9
$PUCSBASE
  2

  9
$PUCSNAME
  2

  9
$PUCSORG
 10
0.0
 20
0.0
 30
0.0
  9
$PUCSXDIR
 10
1.0
 20
0.0
 30
0.0
  9
$PUCSYDIR
 10
0.0
 20
1.0
 30
0.0
  9
$PUCSORTHOREF
  2

  9
$PUCSORTHOVIEW
 70
0
  9
$PUCSORGTOP
 10
0.0
 20
0.0
 30
0.0
  9
$PUCSORGBOTTOM
 10
0.0
 20
0.0
 30
0.0
  9
$PUCSORGLEFT
 10
0.0
 20
0.0
 30
0.0
  9
$PUCSORGRIGHT
 10
0.0
 20
0.0
 30
0.0
  9
$PUCSORGFRONT
 10
0.0
 20
0.0
 30
0.0
  9
$PUCSORGBACK
 10
0.0
 20
0.0
 30
0.0
  9
$USERI1
 70
0
  9
$USERI2
 70
0
  9
$USERI3
 70
0
  9
$USERI4
 70
0
  9
$USERI5
 70
0
  9
$USERR1
 40
0.0
  9
$USERR2
 40
0.0
  9
$USERR3
 40
0.0
  9
$USERR4
 40
0.0
  9
$USERR5
 40
0.0
  9
$WORLDVIEW
 70
1
  9
$SHADEDGE
 70
3
  9
$SHADEDIF
 70
70
  9
$TILEMODE
 70
1
  9
$MAXACTVP
 70
64
  9
$PINSBASE
 10
0.0
 20
0.0
 30
0.0
  9
$PLIMCHECK
 70
0
  9
$PEXTMIN
 10
1e+20
 20
1e+20
 30
1e+20
  9
$PEXTMAX
 10
-1e+20
 20
-1e+20
 30
-1e+20
  9
$PLIMMIN
 10
0.0
 20
0.0
  9
$PLIMMAX
 10
420.0
 20
297.0
  9
$UNITMODE
 70
0
  9
$VISRETAIN
 70
1
  9
$PLINEGEN
 70
0
  9
$PSLTSCALE
 70
1
  9
$TREEDEPTH
 70
3020
  9
$CMLSTYLE
  2
Standard
  9
$CMLJUST
 70
0
  9
$CMLSCALE
 40
20.0
  9
$PROXYGRAPHICS
 70
1
  9
$MEASUREMENT
 70
1
  9
$CELWEIGHT
370
-1
  9
$ENDCAPS
280
0
  9
$JOINSTYLE
280
0
  9
$LWDISPLAY
290
0
  9
$INSUNITS
 70
4
  9
$HYPERLINKBASE
  1

  9
$STYLESHEET
  1

  9
$XEDIT
290
1
  9
$CEPSNTYPE
380
0
  9
$PSTYLEMODE
290
1
  9
$FINGERPRINTGUID
  2
{1FBF7D4E-C70F-4899-BE16-954D4ED668CE}
  9
$VERSIONGUID
  2
{6FDB9FBF-FEA3-4474-AF3F-83954B62B87F}
  9
$EXTNAMES
290
1
  9
$PSVPSCALE
 40
0.0
  9
$OLESTARTUP
290
0
  9
$SORTENTS
280
127
  9
$INDEXCTL
280
0
  9
$HIDETEXT
280
1
  9
$XCLIPFRAME
280
1
  9
$HALOGAP
280
0
  9
$OBSCOLOR
 70
257
  9
$OBSLTYPE
280
0
  9
$INTERSECTIONDISPLAY
280
0
  9
$INTERSECTIONCOLOR
 70
257
  9
$DIMASSOC
280
2
  9
$PROJECTNAME
  1

  9
$CAMERADISPLAY
290
0
  9
$LENSLENGTH
 40
50.0
  9
$CAMERAHEIGHT
 40
0.0
  9
$STEPSPERSEC
 40
24.0
  9
$STEPSIZE
 40
100.0
  9
$3DDWFPREC
 40
2.0
  9
$PSOLWIDTH
 40
0.005
  9
$PSOLHEIGHT
 40
0.08
  9
$LOFTANG1
 40
1.570796326795
  9
$LOFTANG2
 40
1.570796326795
  9
$LOFTMAG1
 40
0.0
  9
$LOFTMAG2
 40
0.0
  9
$LOFTPARAM
 70
7
  9
$LOFTNORMALS
280
1
  9
$LATITUDE
 40
37.795
  9
$LONGITUDE
 40
-122.394
  9
$NORTHDIRECTION
 40
0.0
  9
$TIMEZONE
 70
-8000
  9
$LIGHTGLYPHDISPLAY
280
1
  9
$TILEMODELIGHTSYNCH
280
1
  9
$CMATERIAL
347
20
  9
$SOLIDHIST
280
0
  9
$SHOWHIST
280
1
  9
$DWFFRAME
280
2
  9
$DGNFRAME
280
2
  9
$REALWORLDSCALE
290
1
  9
$INTERFERECOLOR
 62
256
  9
$CSHADOW
280
0
  9
$SHADOWPLANELOCATION
 40
0.0
  0
ENDSEC
  0
SECTION
  2
CLASSES
  0
CLASS
  1
ACDBDICTIONARYWDFLT
  2
AcDbDictionaryWithDefault
  3
ObjectDBX Classes
 90
0
 91
0
280
0
281
0
  0
CLASS
  1
SUN
  2
AcDbSun
  3
SCENEOE
 90
1153
 91
0
280
0
281
0
  0
CLASS
  1
VISUALSTYLE
  2
AcDbVisualStyle
  3
ObjectDBX Classes
 90
4095
 91
0
280
0
281
0
  0
CLASS
  1
MATERIAL
  2
AcDbMaterial
  3
ObjectDBX Classes
 90
1153
 91
0
280
0
281
0
  0
CLASS
  1
SCALE
  2
AcDbScale
  3
ObjectDBX Classes
 90
1153
 91
0
280
0
281
0
  0
CLASS
  1
TABLESTYLE
  2
AcDbTableStyle
  3
ObjectDBX Classes
 90
4095
 91
0
280
0
281
0
  0
CLASS
  1
MLEADERSTYLE
  2
AcDbMLeaderStyle
  3
ACDB_MLEADERSTYLE_CLASS
 90
4095
 91
0
280
0
281
0
  0
CLASS
  1
DICTIONARYVAR
  2
AcDbDictionaryVar
  3
ObjectDBX Classes
 90
0
 91
0
280
0
281
0
  0
CLASS
  1
CELLSTYLEMAP
  2
AcDbCellStyleMap
  3
ObjectDBX Classes
 90
1152
 91
0
280
0
281
0
  0
CLASS
  1
MENTALRAYRENDERSETTINGS
  2
AcDbMentalRayRenderSettings
  3
SCENEOE
 90
1024
 91
0
280
0
281
0
  0
CLASS
  1
ACDBDETAILVIEWSTYLE
  2
AcDbDetailViewStyle
  3
ObjectDBX Classes
 90
1025
 91
0
280
0
281
0
  0
CLASS
  1
ACDBSECTIONVIEWSTYLE
  2
AcDbSectionViewStyle
  3
ObjectDBX Classes
 90
1025
 91
0
280
0
281
0
  0
CLASS
  1
RASTERVARIABLES
  2
AcDbRasterVariables
  3
ISM
 90
0
 91
0
280
0
281
0
  0
CLASS
  1
LAYOUT
  2
AcDbLayout
  3
ObjectDBX Classes
 90
0
 91
0
280
0
281
0
  0
CLASS
  1
ACDBPLACEHOLDER
  2
AcDbPlaceHolder
  3
ObjectDBX Classes
 90
0
 91
0
280
0
281
0
  0
ENDSEC
  0
SECTION
  2
TABLES
  0
TABLE
  2
VPORT
  5
8
330
0
100
AcDbSymbolTable
 70
1
  0
VPORT
  5
23
330
8
100
AcDbSymbolTableRecord
100
AcDbViewportTableRecord
  2
*Active
 70
0
 10
0.0
 20
0.0
 11
1.0
 21
1.0
 12
0.0
 22
0.0
 13
0.0
 23
0.0
 14
0.5
 24
0.5
 15
0.5
 25
0.5
 16
0.0
 26
0.0
 36
1.0
 17
0.0
 27
0.0
 37
0.0
 40
1000.0
 41
1.34
 42
50.0
 43
0.0
 44
0.0
 50
0.0
 51
0.0
 71
0
 72
1000
 73
1
 74
3
 75
0
 76
0
 77
0
 78
0
281
0
 65
0
146
0.0
  0
ENDTAB
  0
TABLE
  2
LTYPE
  5
2
330
0
100
AcDbSymbolTable
 70
3
  0
LTYPE
  5
24
330
2
100
AcDbSymbolTableRecord
100
AcDbLinetypeTableRecord
  2
ByBlock
 70
0
  3

 72
65
 73
0
 40
0.0
  0
LTYPE
  5
25
330
2
100
AcDbSymbolTableRecord
100
AcDbLinetypeTableRecord
  2
ByLayer
 70
0
  3

 72
65
 73
0
 40
0.0
  0
LTYPE
  5
26
330
2
100
AcDbSymbolTableRecord
100
AcDbLinetypeTableRecord
  2
Continuous
 70
0
  3

 72
65
 73
0
 40
0.0
  0
ENDTAB
  0
TABLE
  2
LAYER
  5
1
330
0
100
AcDbSymbolTable
 70
5
  0
LAYER
  5
27
330
1
100
AcDbSymbolTableRecord
100
AcDbLayerTableRecord
  2
0
 70
0
 62
7
  6
Continuous
370
-3
390
13
347
21
  0
LAYER
  5
28
330
1
100
AcDbSymbolTableRecord
100
AcDbLayerTableRecord
  2
Defpoints
 70
0
 62
7
  6
Continuous
290
0
370
-3
390
13
347
21
  0
LAYER
  5
895
330
1
100
AcDbSymbolTableRecord
100
AcDbLayerTableRecord
  2
busbar support
 70
0
 62
7
  6
Continuous
370
25
390
F
347
EE
  0
LAYER
  5
896
330
1
100
AcDbSymbolTableRecord
100
AcDbLayerTableRecord
  2
Khung Tủ
 70
0
 62
6
  6
Continuous
370
30
390
F
347
EE
  0
LAYER
  5
897
330
1
100
AcDbSymbolTableRecord
100
AcDbLayerTableRecord
  2
TEXT
 70
0
 62
7
  6
Continuous
370
-3
390
13
347
21
  0
ENDTAB
  0
TABLE
  2
STYLE
  5
5
330
0
100
AcDbSymbolTable
 70
4
  0
STYLE
  5
29
330
5
100
AcDbSymbolTableRecord
100
AcDbTextStyleTableRecord
  2
Standard
 70
0
 40
0.0
 41
1.0
 50
0.0
 71
0
 42
2.5
  3
txt
  4

  0
STYLE
  5
898
330
5
100
AcDbSymbolTableRecord
100
AcDbTextStyleTableRecord
  2
ROMANS
 70
0
 40
0.0
 41
1.0
 50
0.0
 71
0
 42
50.0
  3
romans.shx
  4
vns.shx
  0
STYLE
  5
899
330
5
100
AcDbSymbolTableRecord
100
AcDbTextStyleTableRecord
  2
ARIAL
 70
0
 40
0.0
 41
1.0
 50
0.0
 71
0
 42
10.0
  3
arial.ttf
  4

  0
STYLE
  5
89A
330
5
100
AcDbSymbolTableRecord
100
AcDbTextStyleTableRecord
  2
Tahoma (Input Text)
 70
0
 40
0.0
 41
1.0
 50
0.0
 71
0
 42
25.0
  3
tahoma.ttf
  4

  0
ENDTAB
  0
TABLE
  2
VIEW
  5
7
330
0
100
AcDbSymbolTable
 70
0
  0
ENDTAB
  0
TABLE
  2
UCS
  5
6
330
0
100
AcDbSymbolTable
 70
0
  0
ENDTAB
  0
TABLE
  2
APPID
  5
3
330
0
100
AcDbSymbolTable
 70
3
  0
APPID
  5
2A
330
3
100
AcDbSymbolTableRecord
100
AcDbRegAppTableRecord
  2
ACAD
 70
0
  0
APPID
  5
89B
330
3
100
AcDbSymbolTableRecord
100
AcDbRegAppTableRecord
  2
HATCHBACKGROUNDCOLOR
 70
0
  0
APPID
  5
89C
330
3
100
AcDbSymbolTableRecord
100
AcDbRegAppTableRecord
  2
EZDXF
 70
0
  0
ENDTAB
  0
TABLE
  2
DIMSTYLE
  5
4
330
0
100
AcDbSymbolTable
 70
1
100
AcDbDimStyleTable
  0
DIMSTYLE
105
2B
330
4
100
AcDbSymbolTableRecord
100
AcDbDimStyleTableRecord
  2
Standard
 70
0
 40
1.0
 41
2.5
 42
0.625
 43
3.75
 44
1.25
 45
0.0
 46
0.0
 47
0.0
 48
0.0
 49
2.5
140
2.5
141
2.5
142
0.0
143
0.03937007874
144
1.0
145
0.0
146
1.0
147
0.625
148
0.0
 69
0
 70
0
 71
0
 72
0
 73
0
 74
0
 75
0
 76
0
 77
1
 78
8
 79
3
170
0
171
3
172
1
173
0
174
0
175
0
176
0
177
0
178
0
179
2
271
2
272
2
273
2
274
3
275
0
276
0
277
2
278
44
279
0
280
0
281
0
282
0
283
0
284
8
285
0
286
0
288
0
289
3
290
0
371
-2
372
-2
  0
ENDTAB
  0
TABLE
  2
BLOCK_RECORD
  5
9
330
0
100
AcDbSymbolTable
 70
6
  0
BLOCK_RECORD
  5
17
330
9
100
AcDbSymbolTableRecord
100
AcDbBlockTableRecord
  2
*Model_Space
340
1A
 70
0
280
1
281
0
  0
BLOCK_RECORD
  5
1B
330
9
100
AcDbSymbolTableRecord
100
AcDbBlockTableRecord
  2
*Paper_Space
340
1E
 70
0
280
1
281
0
  0
BLOCK_RECORD
  5
39
330
9
100
AcDbSymbolTableRecord
100
AcDbBlockTableRecord
  2
H5F-KB
340
0
 70
0
280
1
281
0
  0
BLOCK_RECORD
  5
DA
330
9
100
AcDbSymbolTableRecord
100
AcDbBlockTableRecord
  2
*U1884
340
0
 70
0
280
1
281
0
  0
BLOCK_RECORD
  5
687
330
9
100
AcDbSymbolTableRecord
100
AcDbBlockTableRecord
  2
*U1904
340
0
 70
0
280
1
281
0
  0
BLOCK_RECORD
  5
79D
330
9
100
AcDbSymbolTableRecord
100
AcDbBlockTableRecord
  2
*U1909
340
0
 70
0
280
1
281
0
  0
ENDTAB
  0
ENDSEC
  0
SECTION
  2
BLOCKS
  0
BLOCK
  5
18
330
17
100
AcDbEntity
  8
0
100
AcDbBlockBegin
  2
*Model_Space
 70
0
 10
0.0
 20
0.0
 30
0.0
  3
*Model_Space
  1

  0
ENDBLK
  5
19
330
17
100
AcDbEntity
  8
0
100
AcDbBlockEnd
  0
BLOCK
  5
1C
330
1B
100
AcDbEntity
  8
0
100
AcDbBlockBegin
  2
*Paper_Space
 70
0
 10
0.0
 20
0.0
 30
0.0
  3
*Paper_Space
  1

  0
ENDBLK
  5
1D
330
1B
100
AcDbEntity
  8
0
100
AcDbBlockEnd
  0
BLOCK
  5
3A
330
39
100
AcDbEntity
  8
0
100
AcDbBlockBegin
  2
H5F-KB
 70
0
 10
0.0
 20
0.0
 30
0.0
  3
H5F-KB
  1

  0
LINE
  5
3C
330
39
100
AcDbEntity
  8
0
 48
5.0
100
AcDbLine
 10
18.99999938905239
 20
47.34999919310212
 30
0.0
 11
18.99999938905239
 21
68.34999844431877
 31
0.0
  0
LINE
  5
3D
330
39
100
AcDbEntity
  8
0
 48
5.0
100
AcDbLine
 10
-18.99999938905239
 20
47.34999919310212
 30
0.0
 11
18.99999938905239
 21
47.34999919310212
 31
0.0
  0
LINE
  5
3E
330
39
100
AcDbEntity
  8
0
 48
5.0
100
AcDbLine
 10
18.99999938905239
 20
68.34999844431877
 30
0.0
 11
-18.99999938905239
 21
68.34999844431877
 31
0.0
  0
LINE
  5
3F
330
39
100
AcDbEntity
  8
0
 48
5.0
100
AcDbLine
 10
-18.99999938905239
 20
68.34999844431877
 30
0.0
 11
-18.99999938905239
 21
47.34999919310212
 31
0.0
  0
LINE
  5
40
330
39
100
AcDbEntity
  8
0
 48
5.0
100
AcDbLine
 10
-1.500000013038516
 20
41.34999960660934
 30
0.0
 11
-9.499999694526196
 21
41.34999960660934
 31
0.0
  0
LINE
  5
41
330
39
100
AcDbEntity
  8
0
 48
5.0
100
AcDbLine
 10
20.50000056624412
 20
37.34999895095825
 30
0.0
 11
20.50000056624412
 21
41.34999960660934
 31
0.0
  0
LINE
  5
42
330
39
100
AcDbEntity
  8
0
 48
5.0
100
AcDbLine
 10
-9.499999694526196
 20
35.34999862313271
 30
0.0
 11
-9.499999694526196
 21
31.34999983012676
 31
0.0
  0
LINE
  5
43
330
39
100
AcDbEntity
  8
0
 48
5.0
100
AcDbLine
 10
-9.499999694526196
 20
31.34999983012676
 30
0.0
 11
-1.500000013038516
 21
31.34999983012676
 31
0.0
  0
LINE
  5
44
330
39
100
AcDbEntity
  8
0
 48
5.0
100
AcDbLine
 10
12.50000018626451
 20
41.34999960660934
 30
0.0
 11
12.50000018626451
 21
37.34999895095825
 31
0.0
  0
LINE
  5
45
330
39
100
AcDbEntity
  8
0
 48
5.0
100
AcDbLine
 10
12.50000018626451
 20
37.34999895095825
 30
0.0
 11
20.50000056624412
 21
37.34999895095825
 31
0.0
  0
LINE
  5
46
330
39
100
AcDbEntity
  8
0
 48
5.0
100
AcDbLine
 10
20.50000056624412
 20
35.34999862313271
 30
0.0
 11
12.50000018626451
 21
35.34999862313271
 31
0.0
  0
LINE
  5
47
330
39
100
AcDbEntity
  8
0
 48
5.0
100
AcDbLine
 10
1.500000013038516
 20
41.34999960660934
 30
0.0
 11
1.500000013038516
 21
37.34999895095825
 31
0.0
  0
LINE
  5
48
330
39
100
AcDbEntity
  8
0
 48
5.0
100
AcDbLine
 10
1.500000013038516
 20
37.34999895095825
 30
0.0
 11
9.499999694526196
 21
37.34999895095825
 31
0.0
  0
LINE
  5
49
330
39
100
AcDbEntity
  8
0
 48
5.0
100
AcDbLine
 10
9.499999694526196
 20
37.34999895095825
 30
0.0
 11
9.499999694526196
 21
41.34999960660934
 31
0.0
  0
LINE
  5
4A
330
39
100
AcDbEntity
  8
0
 48
5.0
100
AcDbLine
 10
9.499999694526196
 20
41.34999960660934
 30
0.0
 11
1.500000013038516
 21
41.34999960660934
 31
0.0
  0
LINE
  5
4B
330
39
100
AcDbEntity
  8
0
 48
5.0
100
AcDbLine
 10
1.500000013038516
 20
35.34999862313271
 30
0.0
 11
1.500000013038516
 21
31.34999983012676
 31
0.0
  0
LINE
  5
4C
330
39
100
AcDbEntity
  8
0
 48
5.0
100
AcDbLine
 10
1.500000013038516
 20
31.34999983012676
 30
0.0
 11
9.499999694526196
 21
31.34999983012676
 31
0.0
  0
LINE
  5
4D
330
39
100
AcDbEntity
  8
0
 48
5.0
100
AcDbLine
 10
9.499999694526196
 20
31.34999983012676
 30
0.0
 11
9.499999694526196
 21
35.34999862313271
 31
0.0
  0
LINE
  5
4E
330
39
100
AcDbEntity
  8
0
 48
5.0
100
AcDbLine
 10
9.499999694526196
 20
35.34999862313271
 30
0.0
 11
1.500000013038516
 21
35.34999862313271
 31
0.0
  0
LINE
  5
4F
330
39
100
AcDbEntity
  8
0
 48
5.0
100
AcDbLine
 10
-9.499999694526196
 20
41.34999960660934
 30
0.0
 11
-9.499999694526196
 21
37.34999895095825
 31
0.0
  0
LINE
  5
50
330
39
100
AcDbEntity
  8
0
 48
5.0
100
AcDbLine
 10
-9.499999694526196
 20
37.34999895095825
 30
0.0
 11
-1.500000013038516
 21
37.34999895095825
 31
0.0
  0
LINE
  5
51
330
39
100
AcDbEntity
  8
0
 48
5.0
100
AcDbLine
 10
-1.500000013038516
 20
37.34999895095825
 30
0.0
 11
-1.500000013038516
 21
41.34999960660934
 31
0.0
  0
LINE
  5
52
330
39
100
AcDbEntity
  8
0
 48
5.0
100
AcDbLine
 10
-15.49999974668026
 20
31.34999983012676
 30
0.0
 11
-12.50000018626451
 21
31.34999983012676
 31
0.0
  0
LINE
  5
53
330
39
100
AcDbEntity
  8
0
 48
5.0
100
AcDbLine
 10
-12.50000018626451
 20
35.34999862313271
 30
0.0
 11
-15.49999974668026
 21
35.34999862313271
 31
0.0
  0
LINE
  5
54
330
39
100
AcDbEntity
  8
0
 48
5.0
100
AcDbLine
 10
-1.500000013038516
 20
31.34999983012676
 30
0.0
 11
-1.500000013038516
 21
35.34999862313271
 31
0.0
  0
LINE
  5
55
330
39
100
AcDbEntity
  8
0
 48
5.0
100
AcDbLine
 10
-1.500000013038516
 20
35.34999862313271
 30
0.0
 11
-9.499999694526196
 21
35.34999862313271
 31
0.0
  0
LINE
  5
56
330
39
100
AcDbEntity
  8
0
 48
5.0
100
AcDbLine
 10
-15.49999974668026
 20
41.34999960660934
 30
0.0
 11
-15.49999974668026
 21
37.34999895095825
 31
0.0
  0
LINE
  5
57
330
39
100
AcDbEntity
  8
0
 48
5.0
100
AcDbLine
 10
-15.49999974668026
 20
37.34999895095825
 30
0.0
 11
-12.50000018626451
 21
37.34999895095825
 31
0.0
  0
LINE
  5
58
330
39
100
AcDbEntity
  8
0
 48
5.0
100
AcDbLine
 10
-12.50000018626451
 20
37.34999895095825
 30
0.0
 11
-12.50000018626451
 21
41.34999960660934
 31
0.0
  0
LINE
  5
59
330
39
100
AcDbEntity
  8
0
 48
5.0
100
AcDbLine
 10
-12.50000018626451
 20
41.34999960660934
 30
0.0
 11
-15.49999974668026
 21
41.34999960660934
 31
0.0
  0
LINE
  5
5A
330
39
100
AcDbEntity
  8
0
 48
5.0
100
AcDbLine
 10
-15.49999974668026
 20
35.34999862313271
 30
0.0
 11
-15.49999974668026
 21
31.34999983012676
 31
0.0
  0
LINE
  5
5B
330
39
100
AcDbEntity
  8
0
 48
5.0
100
AcDbLine
 10
20.50000056624412
 20
31.34999983012676
 30
0.0
 11
20.50000056624412
 21
35.34999862313271
 31
0.0
  0
LINE
  5
5C
330
39
100
AcDbEntity
  8
0
 48
5.0
100
AcDbLine
 10
-12.50000018626451
 20
31.34999983012676
 30
0.0
 11
-12.50000018626451
 21
35.34999862313271
 31
0.0
  0
LINE
  5
5D
330
39
100
AcDbEntity
  8
0
 48
5.0
100
AcDbLine
 10
20.50000056624412
 20
41.34999960660934
 30
0.0
 11
12.50000018626451
 21
41.34999960660934
 31
0.0
  0
LINE
  5
5E
330
39
100
AcDbEntity
  8
0
 48
5.0
100
AcDbLine
 10
-20.50000056624412
 20
37.84999903291464
 30
0.0
 11
-20.50000056624412
 21
34.84999947249889
 31
0.0
  0
LINE
  5
5F
330
39
100
AcDbEntity
  8
0
 48
5.0
100
AcDbLine
 10
-20.50000056624412
 20
34.84999947249889
 30
0.0
 11
-18.50000023841858
 21
34.84999947249889
 31
0.0
  0
LINE
  5
60
330
39
100
AcDbEntity
  8
0
 48
5.0
100
AcDbLine
 10
-18.50000023841858
 20
34.84999947249889
 30
0.0
 11
-18.50000023841858
 21
37.84999903291464
 31
0.0
  0
LINE
  5
61
330
39
100
AcDbEntity
  8
0
 48
5.0
100
AcDbLine
 10
-18.50000023841858
 20
37.84999903291464
 30
0.0
 11
-20.50000056624412
 21
37.84999903291464
 31
0.0
  0
LINE
  5
62
330
39
100
AcDbEntity
  8
0
 48
5.0
100
AcDbLine
 10
12.50000018626451
 20
35.34999862313271
 30
0.0
 11
12.50000018626451
 21
31.34999983012676
 31
0.0
  0
LINE
  5
63
330
39
100
AcDbEntity
  8
0
 48
5.0
100
AcDbLine
 10
12.50000018626451
 20
31.34999983012676
 30
0.0
 11
20.50000056624412
 21
31.34999983012676
 31
0.0
  0
LINE
  5
64
330
39
100
AcDbEntity
  8
0
 48
5.0
100
AcDbLine
 10
18.99999938905239
 20
47.34999919310212
 30
0.0
 11
18.99999938905239
 21
68.34999844431877
 31
0.0
  0
LINE
  5
65
330
39
100
AcDbEntity
  8
0
 48
5.0
100
AcDbLine
 10
-18.99999938905239
 20
47.34999919310212
 30
0.0
 11
18.99999938905239
 21
47.34999919310212
 31
0.0
  0
LINE
  5
66
330
39
100
AcDbEntity
  8
0
 48
5.0
100
AcDbLine
 10
18.99999938905239
 20
68.34999844431877
 30
0.0
 11
-18.99999938905239
 21
68.34999844431877
 31
0.0
  0
LINE
  5
67
330
39
100
AcDbEntity
  8
0
 48
5.0
100
AcDbLine
 10
-18.99999938905239
 20
68.34999844431877
 30
0.0
 11
-18.99999938905239
 21
47.34999919310212
 31
0.0
  0
LINE
  5
68
330
39
100
AcDbEntity
  8
0
 48
5.0
100
AcDbLine
 10
-18.99999938905239
 20
47.34999919310212
 30
0.0
 11
-18.99999938905239
 21
47.34999919310212
 31
0.0
  0
LINE
  5
69
330
39
100
AcDbEntity
  8
0
 48
5.0
100
AcDbLine
 10
-18.99999938905239
 20
68.34999844431877
 30
0.0
 11
-18.99999938905239
 21
68.34999844431877
 31
0.0
  0
LINE
  5
6A
330
39
100
AcDbEntity
  8
0
 48
5.0
100
AcDbLine
 10
18.99999938905239
 20
68.34999844431877
 30
0.0
 11
18.99999938905239
 21
68.34999844431877
 31
0.0
  0
LINE
  5
6B
330
39
100
AcDbEntity
  8
0
 48
5.0
100
AcDbLine
 10
18.99999938905239
 20
47.34999919310212
 30
0.0
 11
18.99999938905239
 21
47.34999919310212
 31
0.0
  0
LINE
  5
6C
330
39
100
AcDbEntity
  8
0
 48
5.0
100
AcDbLine
 10
20.50000056624412
 20
37.34999895095825
 30
0.0
 11
20.50000056624412
 21
41.34999960660934
 31
0.0
  0
LINE
  5
6D
330
39
100
AcDbEntity
  8
0
 48
5.0
100
AcDbLine
 10
12.50000018626451
 20
41.34999960660934
 30
0.0
 11
12.50000018626451
 21
37.34999895095825
 31
0.0
  0
LINE
  5
6E
330
39
100
AcDbEntity
  8
0
 48
5.0
100
AcDbLine
 10
12.50000018626451
 20
37.34999895095825
 30
0.0
 11
20.50000056624412
 21
37.34999895095825
 31
0.0
  0
LINE
  5
6F
330
39
100
AcDbEntity
  8
0
 48
5.0
100
AcDbLine
 10
20.50000056624412
 20
41.34999960660934
 30
0.0
 11
12.50000018626451
 21
41.34999960660934
 31
0.0
  0
LINE
  5
70
330
39
100
AcDbEntity
  8
0
 48
5.0
100
AcDbLine
 10
20.50000056624412
 20
31.34999983012676
 30
0.0
 11
20.50000056624412
 21
31.34999983012676
 31
0.0
  0
LINE
  5
71
330
39
100
AcDbEntity
  8
0
 48
5.0
100
AcDbLine
 10
12.50000018626451
 20
31.34999983012676
 30
0.0
 11
12.50000018626451
 21
31.34999983012676
 31
0.0
  0
LINE
  5
72
330
39
100
AcDbEntity
  8
0
 48
5.0
100
AcDbLine
 10
12.50000018626451
 20
35.34999862313271
 30
0.0
 11
12.50000018626451
 21
35.34999862313271
 31
0.0
  0
LINE
  5
73
330
39
100
AcDbEntity
  8
0
 48
5.0
100
AcDbLine
 10
-20.50000056624412
 20
37.84999903291464
 30
0.0
 11
-20.50000056624412
 21
37.84999903291464
 31
0.0
  0
LINE
  5
74
330
39
100
AcDbEntity
  8
0
 48
5.0
100
AcDbLine
 10
-18.50000023841858
 20
37.84999903291464
 30
0.0
 11
-18.50000023841858
 21
37.84999903291464
 31
0.0
  0
LINE
  5
75
330
39
100
AcDbEntity
  8
0
 48
5.0
100
AcDbLine
 10
-18.50000023841858
 20
34.84999947249889
 30
0.0
 11
-18.50000023841858
 21
34.84999947249889
 31
0.0
  0
LINE
  5
76
330
39
100
AcDbEntity
  8
0
 48
5.0
100
AcDbLine
 10
-20.50000056624412
 20
34.84999947249889
 30
0.0
 11
-20.50000056624412
 21
34.84999947249889
 31
0.0
  0
LINE
  5
77
330
39
100
AcDbEntity
  8
0
 48
5.0
100
AcDbLine
 10
20.50000056624412
 20
41.34999960660934
 30
0.0
 11
20.50000056624412
 21
41.34999960660934
 31
0.0
  0
LINE
  5
78
330
39
100
AcDbEntity
  8
0
 48
5.0
100
AcDbLine
 10
12.50000018626451
 20
41.34999960660934
 30
0.0
 11
12.50000018626451
 21
41.34999960660934
 31
0.0
  0
LINE
  5
79
330
39
100
AcDbEntity
  8
0
 48
5.0
100
AcDbLine
 10
-20.50000056624412
 20
37.84999903291464
 30
0.0
 11
-20.50000056624412
 21
34.84999947249889
 31
0.0
  0
LINE
  5
7A
330
39
100
AcDbEntity
  8
0
 48
5.0
100
AcDbLine
 10
-20.50000056624412
 20
34.84999947249889
 30
0.0
 11
-18.50000023841858
 21
34.84999947249889
 31
0.0
  0
LINE
  5
7B
330
39
100
AcDbEntity
  8
0
 48
5.0
100
AcDbLine
 10
-18.50000023841858
 20
34.84999947249889
 30
0.0
 11
-18.50000023841858
 21
37.84999903291464
 31
0.0
  0
LINE
  5
7C
330
39
100
AcDbEntity
  8
0
 48
5.0
100
AcDbLine
 10
-18.50000023841858
 20
37.84999903291464
 30
0.0
 11
-20.50000056624412
 21
37.84999903291464
 31
0.0
  0
LINE
  5
7D
330
39
100
AcDbEntity
  8
0
 48
5.0
100
AcDbLine
 10
-12.50000018626451
 20
31.34999983012676
 30
0.0
 11
-12.50000018626451
 21
31.34999983012676
 31
0.0
  0
LINE
  5
7E
330
39
100
AcDbEntity
  8
0
 48
5.0
100
AcDbLine
 10
-12.50000018626451
 20
35.34999862313271
 30
0.0
 11
-12.50000018626451
 21
35.34999862313271
 31
0.0
  0
LINE
  5
7F
330
39
100
AcDbEntity
  8
0
 48
5.0
100
AcDbLine
 10
20.50000056624412
 20
35.34999862313271
 30
0.0
 11
20.50000056624412
 21
35.34999862313271
 31
0.0
  0
LINE
  5
80
330
39
100
AcDbEntity
  8
0
 48
5.0
100
AcDbLine
 10
-15.49999974668026
 20
31.34999983012676
 30
0.0
 11
-15.49999974668026
 21
31.34999983012676
 31
0.0
  0
LINE
  5
81
330
39
100
AcDbEntity
  8
0
 48
5.0
100
AcDbLine
 10
-15.49999974668026
 20
35.34999862313271
 30
0.0
 11
-15.49999974668026
 21
35.34999862313271
 31
0.0
  0
LINE
  5
82
330
39
100
AcDbEntity
  8
0
 48
5.0
100
AcDbLine
 10
-15.49999974668026
 20
41.34999960660934
 30
0.0
 11
-15.49999974668026
 21
37.34999895095825
 31
0.0
  0
LINE
  5
83
330
39
100
AcDbEntity
  8
0
 48
5.0
100
AcDbLine
 10
-15.49999974668026
 20
37.34999895095825
 30
0.0
 11
-12.50000018626451
 21
37.34999895095825
 31
0.0
  0
LINE
  5
84
330
39
100
AcDbEntity
  8
0
 48
5.0
100
AcDbLine
 10
-12.50000018626451
 20
37.34999895095825
 30
0.0
 11
-12.50000018626451
 21
41.34999960660934
 31
0.0
  0
LINE
  5
85
330
39
100
AcDbEntity
  8
0
 48
5.0
100
AcDbLine
 10
-12.50000018626451
 20
41.34999960660934
 30
0.0
 11
-15.49999974668026
 21
41.34999960660934
 31
0.0
  0
LINE
  5
86
330
39
100
AcDbEntity
  8
0
 48
5.0
100
AcDbLine
 10
-15.49999974668026
 20
41.34999960660934
 30
0.0
 11
-15.49999974668026
 21
41.34999960660934
 31
0.0
  0
LINE
  5
87
330
39
100
AcDbEntity
  8
0
 48
5.0
100
AcDbLine
 10
-12.50000018626451
 20
41.34999960660934
 30
0.0
 11
-12.50000018626451
 21
41.34999960660934
 31
0.0
  0
LINE
  5
88
330
39
100
AcDbEntity
  8
0
 48
5.0
100
AcDbLine
 10
-12.50000018626451
 20
37.34999895095825
 30
0.0
 11
-12.50000018626451
 21
37.34999895095825
 31
0.0
  0
LINE
  5
89
330
39
100
AcDbEntity
  8
0
 48
5.0
100
AcDbLine
 10
-15.49999974668026
 20
37.34999895095825
 30
0.0
 11
-15.49999974668026
 21
37.34999895095825
 31
0.0
  0
LINE
  5
8A
330
39
100
AcDbEntity
  8
0
 48
5.0
100
AcDbLine
 10
-9.499999694526196
 20
35.34999862313271
 30
0.0
 11
-9.499999694526196
 21
31.34999983012676
 31
0.0
  0
LINE
  5
8B
330
39
100
AcDbEntity
  8
0
 48
5.0
100
AcDbLine
 10
-9.499999694526196
 20
31.34999983012676
 30
0.0
 11
-1.500000013038516
 21
31.34999983012676
 31
0.0
  0
LINE
  5
8C
330
39
100
AcDbEntity
  8
0
 48
5.0
100
AcDbLine
 10
-1.500000013038516
 20
31.34999983012676
 30
0.0
 11
-1.500000013038516
 21
35.34999862313271
 31
0.0
  0
LINE
  5
8D
330
39
100
AcDbEntity
  8
0
 48
5.0
100
AcDbLine
 10
-1.500000013038516
 20
35.34999862313271
 30
0.0
 11
-9.499999694526196
 21
35.34999862313271
 31
0.0
  0
LINE
  5
8E
330
39
100
AcDbEntity
  8
0
 48
5.0
100
AcDbLine
 10
-9.499999694526196
 20
35.34999862313271
 30
0.0
 11
-9.499999694526196
 21
35.34999862313271
 31
0.0
  0
LINE
  5
8F
330
39
100
AcDbEntity
  8
0
 48
5.0
100
AcDbLine
 10
-1.500000013038516
 20
35.34999862313271
 30
0.0
 11
-1.500000013038516
 21
35.34999862313271
 31
0.0
  0
LINE
  5
90
330
39
100
AcDbEntity
  8
0
 48
5.0
100
AcDbLine
 10
-1.500000013038516
 20
31.34999983012676
 30
0.0
 11
-1.500000013038516
 21
31.34999983012676
 31
0.0
  0
LINE
  5
91
330
39
100
AcDbEntity
  8
0
 48
5.0
100
AcDbLine
 10
-15.49999974668026
 20
31.34999983012676
 30
0.0
 11
-12.50000018626451
 21
31.34999983012676
 31
0.0
  0
LINE
  5
92
330
39
100
AcDbEntity
  8
0
 48
5.0
100
AcDbLine
 10
-12.50000018626451
 20
35.34999862313271
 30
0.0
 11
-15.49999974668026
 21
35.34999862313271
 31
0.0
  0
LINE
  5
93
330
39
100
AcDbEntity
  8
0
 48
5.0
100
AcDbLine
 10
-15.49999974668026
 20
35.34999862313271
 30
0.0
 11
-15.49999974668026
 21
31.34999983012676
 31
0.0
  0
LINE
  5
94
330
39
100
AcDbEntity
  8
0
 48
5.0
100
AcDbLine
 10
-12.50000018626451
 20
31.34999983012676
 30
0.0
 11
-12.50000018626451
 21
35.34999862313271
 31
0.0
  0
LINE
  5
95
330
39
100
AcDbEntity
  8
0
 48
5.0
100
AcDbLine
 10
-1.500000013038516
 20
41.34999960660934
 30
0.0
 11
-9.499999694526196
 21
41.34999960660934
 31
0.0
  0
LINE
  5
96
330
39
100
AcDbEntity
  8
0
 48
5.0
100
AcDbLine
 10
-9.499999694526196
 20
41.34999960660934
 30
0.0
 11
-9.499999694526196
 21
37.34999895095825
 31
0.0
  0
LINE
  5
97
330
39
100
AcDbEntity
  8
0
 48
5.0
100
AcDbLine
 10
-9.499999694526196
 20
37.34999895095825
 30
0.0
 11
-1.500000013038516
 21
37.34999895095825
 31
0.0
  0
LINE
  5
98
330
39
100
AcDbEntity
  8
0
 48
5.0
100
AcDbLine
 10
-1.500000013038516
 20
37.34999895095825
 30
0.0
 11
-1.500000013038516
 21
41.34999960660934
 31
0.0
  0
LINE
  5
99
330
39
100
AcDbEntity
  8
0
 48
5.0
100
AcDbLine
 10
-1.500000013038516
 20
41.34999960660934
 30
0.0
 11
-1.500000013038516
 21
41.34999960660934
 31
0.0
  0
LINE
  5
9A
330
39
100
AcDbEntity
  8
0
 48
5.0
100
AcDbLine
 10
-1.500000013038516
 20
37.34999895095825
 30
0.0
 11
-1.500000013038516
 21
37.34999895095825
 31
0.0
  0
LINE
  5
9B
330
39
100
AcDbEntity
  8
0
 48
5.0
100
AcDbLine
 10
-9.499999694526196
 20
37.34999895095825
 30
0.0
 11
-9.499999694526196
 21
37.34999895095825
 31
0.0
  0
LINE
  5
9C
330
39
100
AcDbEntity
  8
0
 48
5.0
100
AcDbLine
 10
-9.499999694526196
 20
41.34999960660934
 30
0.0
 11
-9.499999694526196
 21
41.34999960660934
 31
0.0
  0
LINE
  5
9D
330
39
100
AcDbEntity
  8
0
 48
5.0
100
AcDbLine
 10
1.500000013038516
 20
35.34999862313271
 30
0.0
 11
1.500000013038516
 21
31.34999983012676
 31
0.0
  0
LINE
  5
9E
330
39
100
AcDbEntity
  8
0
 48
5.0
100
AcDbLine
 10
1.500000013038516
 20
31.34999983012676
 30
0.0
 11
9.499999694526196
 21
31.34999983012676
 31
0.0
  0
LINE
  5
9F
330
39
100
AcDbEntity
  8
0
 48
5.0
100
AcDbLine
 10
9.499999694526196
 20
31.34999983012676
 30
0.0
 11
9.499999694526196
 21
35.34999862313271
 31
0.0
  0
LINE
  5
A0
330
39
100
AcDbEntity
  8
0
 48
5.0
100
AcDbLine
 10
9.499999694526196
 20
35.34999862313271
 30
0.0
 11
1.500000013038516
 21
35.34999862313271
 31
0.0
  0
LINE
  5
A1
330
39
100
AcDbEntity
  8
0
 48
5.0
100
AcDbLine
 10
1.500000013038516
 20
35.34999862313271
 30
0.0
 11
1.500000013038516
 21
35.34999862313271
 31
0.0
  0
LINE
  5
A2
330
39
100
AcDbEntity
  8
0
 48
5.0
100
AcDbLine
 10
9.499999694526196
 20
35.34999862313271
 30
0.0
 11
9.499999694526196
 21
35.34999862313271
 31
0.0
  0
LINE
  5
A3
330
39
100
AcDbEntity
  8
0
 48
5.0
100
AcDbLine
 10
9.499999694526196
 20
31.34999983012676
 30
0.0
 11
9.499999694526196
 21
31.34999983012676
 31
0.0
  0
LINE
  5
A4
330
39
100
AcDbEntity
  8
0
 48
5.0
100
AcDbLine
 10
1.500000013038516
 20
31.34999983012676
 30
0.0
 11
1.500000013038516
 21
31.34999983012676
 31
0.0
  0
LINE
  5
A5
330
39
100
AcDbEntity
  8
0
 48
5.0
100
AcDbLine
 10
1.500000013038516
 20
41.34999960660934
 30
0.0
 11
1.500000013038516
 21
37.34999895095825
 31
0.0
  0
LINE
  5
A6
330
39
100
AcDbEntity
  8
0
 48
5.0
100
AcDbLine
 10
1.500000013038516
 20
37.34999895095825
 30
0.0
 11
9.499999694526196
 21
37.34999895095825
 31
0.0
  0
LINE
  5
A7
330
39
100
AcDbEntity
  8
0
 48
5.0
100
AcDbLine
 10
9.499999694526196
 20
37.34999895095825
 30
0.0
 11
9.499999694526196
 21
41.34999960660934
 31
0.0
  0
LINE
  5
A8
330
39
100
AcDbEntity
  8
0
 48
5.0
100
AcDbLine
 10
9.499999694526196
 20
41.34999960660934
 30
0.0
 11
1.500000013038516
 21
41.34999960660934
 31
0.0
  0
LINE
  5
A9
330
39
100
AcDbEntity
  8
0
 48
5.0
100
AcDbLine
 10
1.500000013038516
 20
41.34999960660934
 30
0.0
 11
1.500000013038516
 21
41.34999960660934
 31
0.0
  0
LINE
  5
AA
330
39
100
AcDbEntity
  8
0
 48
5.0
100
AcDbLine
 10
9.499999694526196
 20
41.34999960660934
 30
0.0
 11
9.499999694526196
 21
41.34999960660934
 31
0.0
  0
LINE
  5
AB
330
39
100
AcDbEntity
  8
0
 48
5.0
100
AcDbLine
 10
9.499999694526196
 20
37.34999895095825
 30
0.0
 11
9.499999694526196
 21
37.34999895095825
 31
0.0
  0
LINE
  5
AC
330
39
100
AcDbEntity
  8
0
 48
5.0
100
AcDbLine
 10
1.500000013038516
 20
37.34999895095825
 30
0.0
 11
1.500000013038516
 21
37.34999895095825
 31
0.0
  0
LINE
  5
AD
330
39
100
AcDbEntity
  8
0
 48
5.0
100
AcDbLine
 10
20.50000056624412
 20
35.34999862313271
 30
0.0
 11
12.50000018626451
 21
35.34999862313271
 31
0.0
  0
LINE
  5
AE
330
39
100
AcDbEntity
  8
0
 48
5.0
100
AcDbLine
 10
12.50000018626451
 20
35.34999862313271
 30
0.0
 11
12.50000018626451
 21
31.34999983012676
 31
0.0
  0
LINE
  5
AF
330
39
100
AcDbEntity
  8
0
 48
5.0
100
AcDbLine
 10
12.50000018626451
 20
31.34999983012676
 30
0.0
 11
20.50000056624412
 21
31.34999983012676
 31
0.0
  0
LINE
  5
B0
330
39
100
AcDbEntity
  8
0
 48
5.0
100
AcDbLine
 10
20.50000056624412
 20
31.34999983012676
 30
0.0
 11
20.50000056624412
 21
35.34999862313271
 31
0.0
  0
LINE
  5
B1
330
39
100
AcDbEntity
  8
0
 48
5.0
100
AcDbLine
 10
20.50000056624412
 20
37.34999895095825
 30
0.0
 11
20.50000056624412
 21
37.34999895095825
 31
0.0
  0
LINE
  5
B2
330
39
100
AcDbEntity
  8
0
 48
5.0
100
AcDbLine
 10
12.50000018626451
 20
37.34999895095825
 30
0.0
 11
12.50000018626451
 21
37.34999895095825
 31
0.0
  0
LINE
  5
B3
330
39
100
AcDbEntity
  8
0
 48
5.0
100
AcDbLine
 10
-9.499999694526196
 20
31.34999983012676
 30
0.0
 11
-9.499999694526196
 21
31.34999983012676
 31
0.0
  0
LINE
  5
B4
330
39
100
AcDbEntity
  8
0
100
AcDbLine
 10
-25.00000037252903
 20
17.20000058412552
 30
0.0
 11
-25.00000037252903
 21
17.29999855160713
 31
0.0
  0
LINE
  5
B5
330
39
100
AcDbEntity
  8
0
100
AcDbLine
 10
25.00000037252903
 20
17.20000058412552
 30
0.0
 11
25.00000037252903
 21
17.29999855160713
 31
0.0
  0
LINE
  5
B6
330
39
100
AcDbEntity
  8
0
100
AcDbLine
 10
-13.74999992549419
 20
17.29999855160713
 30
0.0
 11
-13.74999992549419
 21
17.20000058412552
 31
0.0
  0
LINE
  5
B7
330
39
100
AcDbEntity
  8
0
100
AcDbLine
 10
-14.75000008940696
 20
17.20000058412552
 30
0.0
 11
-14.75000008940696
 21
17.29999855160713
 31
0.0
  0
LINE
  5
B8
330
39
100
AcDbEntity
  8
0
100
AcDbLine
 10
14.75000008940696
 20
17.29999855160713
 30
0.0
 11
14.75000008940696
 21
17.20000058412552
 31
0.0
  0
LINE
  5
B9
330
39
100
AcDbEntity
  8
0
100
AcDbLine
 10
13.74999992549419
 20
17.20000058412552
 30
0.0
 11
13.74999992549419
 21
17.29999855160713
 31
0.0
  0
LINE
  5
BA
330
39
100
AcDbEntity
  8
0
100
AcDbLine
 10
23.9499993622303
 20
17.29999855160713
 30
0.0
 11
23.9499993622303
 21
17.20000058412552
 31
0.0
  0
LINE
  5
BB
330
39
100
AcDbEntity
  8
0
100
AcDbLine
 10
22.749999538064
 20
17.20000058412552
 30
0.0
 11
22.749999538064
 21
17.29999855160713
 31
0.0
  0
LINE
  5
BC
330
39
100
AcDbEntity
  8
0
100
AcDbLine
 10
-3.250000067055225
 20
17.29999855160713
 30
0.0
 11
-3.250000067055225
 21
17.20000058412552
 31
0.0
  0
LINE
  5
BD
330
39
100
AcDbEntity
  8
0
100
AcDbLine
 10
-5.75000001117587
 20
17.20000058412552
 30
0.0
 11
-5.75000001117587
 21
17.29999855160713
 31
0.0
  0
LINE
  5
BE
330
39
100
AcDbEntity
  8
0
100
AcDbLine
 10
5.75000001117587
 20
17.29999855160713
 30
0.0
 11
5.75000001117587
 21
17.20000058412552
 31
0.0
  0
LINE
  5
BF
330
39
100
AcDbEntity
  8
0
100
AcDbLine
 10
4.749999847263097
 20
17.20000058412552
 30
0.0
 11
4.749999847263097
 21
17.29999855160713
 31
0.0
  0
LINE
  5
C0
330
39
100
AcDbEntity
  8
0
100
AcDbLine
 10
-23.9499993622303
 20
17.29999855160713
 30
0.0
 11
-23.9499993622303
 21
17.20000058412552
 31
0.0
  0
LINE
  5
C1
330
39
100
AcDbEntity
  8
0
100
AcDbLine
 10
-22.749999538064
 20
17.29999855160713
 30
0.0
 11
-22.749999538064
 21
17.20000058412552
 31
0.0
  0
LINE
  5
C2
330
39
100
AcDbEntity
  8
0
100
AcDbLine
 10
-25.00000037252903
 20
101.1999994516372
 30
0.0
 11
25.00000037252903
 21
101.1999994516372
 31
0.0
  0
LINE
  5
C3
330
39
100
AcDbEntity
  8
0
100
AcDbLine
 10
-25.00000037252903
 20
17.29999855160713
 30
0.0
 11
25.00000037252903
 21
17.29999855160713
 31
0.0
  0
LINE
  5
C4
330
39
100
AcDbEntity
  8
0
100
AcDbLine
 10
-25.00000037252903
 20
85.2999985218048
 30
0.0
 11
25.00000037252903
 21
85.2999985218048
 31
0.0
  0
LINE
  5
C5
330
39
100
AcDbEntity
  8
0
100
AcDbLine
 10
-25.00000037252903
 20
101.1999994516372
 30
0.0
 11
-25.00000037252903
 21
17.29999855160713
 31
0.0
  0
LINE
  5
C6
330
39
100
AcDbEntity
  8
0
100
AcDbLine
 10
25.00000037252903
 20
17.29999855160713
 30
0.0
 11
25.00000037252903
 21
101.1999994516372
 31
0.0
  0
LINE
  5
C7
330
39
100
AcDbEntity
  8
0
100
AcDbLine
 10
25.25000087916851
 20
0.0
 30
0.0
 11
25.25000087916851
 21
17.20000058412552
 31
0.0
  0
CIRCLE
  5
C8
330
39
100
AcDbEntity
  8
0
100
AcDbCircle
 10
9.75
 20
11.19999921321869
 30
0.0
 40
3.0
  0
CIRCLE
  5
C9
330
39
100
AcDbEntity
  8
0
100
AcDbCircle
 10
-18.75
 20
11.19999921321869
 30
0.0
 40
3.0
  0
CIRCLE
  5
CA
330
39
100
AcDbEntity
  8
0
100
AcDbCircle
 10
0.75
 20
11.19999921321869
 30
0.0
 40
3.0
  0
LINE
  5
CB
330
39
100
AcDbEntity
  8
0
100
AcDbLine
 10
25.25000087916851
 20
17.20000058412552
 30
0.0
 11
-25.25000087916851
 21
17.20000058412552
 31
0.0
  0
CIRCLE
  5
CC
330
39
100
AcDbEntity
  8
0
100
AcDbCircle
 10
-9.75
 20
11.19999921321869
 30
0.0
 40
3.0
  0
CIRCLE
  5
CD
330
39
100
AcDbEntity
  8
0
100
AcDbCircle
 10
18.75
 20
11.19999921321869
 30
0.0
 40
3.0
  0
LINE
  5
CE
330
39
100
AcDbEntity
  8
0
100
AcDbLine
 10
-25.25000087916851
 20
17.20000058412552
 30
0.0
 11
-25.25000087916851
 21
0.0
 31
0.0
  0
LINE
  5
CF
330
39
100
AcDbEntity
  8
0
100
AcDbLine
 10
-25.25000087916851
 20
0.0
 30
0.0
 11
25.25000087916851
 21
0.0
 31
0.0
  0
LINE
  5
D0
330
39
100
AcDbEntity
  8
0
100
AcDbLine
 10
25.00000037252903
 20
76.39999873936176
 30
0.0
 11
-25.00000037252903
 21
76.39999873936176
 31
0.0
  0
LINE
  5
D1
330
39
100
AcDbEntity
  8
0
100
AcDbLine
 10
-25.00000037252903
 20
26.39999985694885
 30
0.0
 11
25.00000037252903
 21
26.39999985694885
 31
0.0
  0
LINE
  5
D2
330
39
100
AcDbEntity
  8
0
100
AcDbLine
 10
-17.30043109855614
 20
9.750430311774833
 30
0.0
 11
-20.19956890144385
 21
12.64956811466254
 31
0.0
  0
LINE
  5
D3
330
39
100
AcDbEntity
  8
0
100
AcDbLine
 10
-17.30043109855614
 20
12.64956811466254
 30
0.0
 11
-20.19956890144385
 21
9.750430311774833
 31
0.0
  0
LINE
  5
D4
330
39
100
AcDbEntity
  8
0
100
AcDbLine
 10
-8.300431098556146
 20
12.64956811466254
 30
0.0
 11
-11.19956890144385
 21
9.750430311774833
 31
0.0
  0
LINE
  5
D5
330
39
100
AcDbEntity
  8
0
100
AcDbLine
 10
-8.300431098556146
 20
9.750430311774833
 30
0.0
 11
-11.19956890144385
 21
12.64956811466254
 31
0.0
  0
LINE
  5
D6
330
39
100
AcDbEntity
  8
0
100
AcDbLine
 10
2.199568901443853
 20
12.64956811466254
 30
0.0
 11
-0.699568901443854
 21
9.750430311774833
 31
0.0
  0
LINE
  5
D7
330
39
100
AcDbEntity
  8
0
100
AcDbLine
 10
2.199568901443853
 20
9.750430311774833
 30
0.0
 11
-0.699568901443854
 21
12.64956811466254
 31
0.0
  0
LINE
  5
D8
330
39
100
AcDbEntity
  8
0
100
AcDbLine
 10
11.19956890144385
 20
12.64956811466254
 30
0.0
 11
8.300431098556146
 21
9.750430311774833
 31
0.0
  0
LINE
  5
D9
330
39
100
AcDbEntity
  8
0
100
AcDbLine
 10
11.19956890144385
 20
9.750430311774833
 30
0.0
 11
8.300431098556146
 21
12.64956811466254
 31
0.0
  0
ENDBLK
  5
3B
330
39
100
AcDbEntity
  8
0
100
AcDbBlockEnd
  0
BLOCK
  5
DB
330
DA
100
AcDbEntity
  8
0
100
AcDbBlockBegin
  2
*U1884
 70
1
 10
0.0
 20
0.0
 30
0.0
  3
*U1884
  1

  0
LINE
  5
DD
330
DA
100
AcDbEntity
  8
Khung Tủ
 62
150
370
13
 60
1
100
AcDbLine
 10
-24.32371216815955
 20
46.99161403636378
 30
0.0
 11
-20.92314610244648
 21
46.21879714810336
 31
0.0
  0
LINE
  5
DE
330
DA
100
AcDbEntity
  8
Khung Tủ
 62
150
370
13
 60
1
100
AcDbLine
 10
-24.46843747810635
 20
46.31100647598202
 30
0.0
 11
-21.04764275280468
 21
45.63332000160869
 31
0.0
  0
LINE
  5
DF
330
DA
100
AcDbEntity
  8
Khung Tủ
 62
150
370
13
 60
1
100
AcDbLine
 10
-24.81849540678377
 20
43.96265354509512
 30
0.0
 11
-21.348772110141
 21
43.6132028991268
 31
0.0
  0
LINE
  5
E0
330
DA
100
AcDbEntity
  8
Khung Tủ
 62
150
370
13
 60
1
100
AcDbLine
 10
-24.73912128598022
 20
44.65393627715809
 30
0.0
 11
-21.28049233114871
 21
44.20786311877589
 31
0.0
  0
LINE
  5
E1
330
DA
100
AcDbEntity
  8
Khung Tủ
 62
150
370
13
 60
1
100
AcDbLine
 10
-24.93043900093471
 20
42.28735655672778
 30
0.0
 11
-21.44506903628644
 21
42.17206683584652
 31
0.0
  0
LINE
  5
E2
330
DA
100
AcDbEntity
  8
Khung Tủ
 62
150
370
13
 60
1
100
AcDbLine
 10
-24.94374310837884
 20
41.59165901663061
 30
0.0
 11
-21.45651359153271
 21
41.57360887819947
 31
0.0
  0
LINE
  5
E3
330
DA
100
AcDbEntity
  8
Khung Tủ
 62
150
370
13
 60
1
100
AcDbLine
 10
-24.84304631986015
 20
39.21949498394667
 30
0.0
 11
-21.36989147371787
 21
39.53300881780149
 31
0.0
  0
LINE
  5
E4
330
DA
100
AcDbEntity
  8
Khung Tủ
 62
150
370
13
 60
1
100
AcDbLine
 10
-24.8959327100456
 20
39.9133069875387
 30
0.0
 11
-21.41538578576001
 21
40.1298447857406
 31
0.0
  0
LINE
  5
E5
330
DA
100
AcDbEntity
  8
Khung Tủ
 62
150
370
13
 60
1
100
AcDbLine
 10
-24.51731696732168
 20
36.86764413192566
 30
0.0
 11
-21.0896902197419
 21
37.5098827084147
 31
0.0
  0
LINE
  5
E6
330
DA
100
AcDbEntity
  8
Khung Tủ
 62
150
370
13
 60
1
100
AcDbLine
 10
-24.63591490765975
 20
37.55328733006888
 30
0.0
 11
-21.19171139567334
 21
38.09969164752681
 31
0.0
  0
LINE
  5
E7
330
DA
100
AcDbEntity
  8
Khung Tủ
 62
150
370
13
 60
1
100
AcDbLine
 10
-23.96950490599556
 20
34.557405186133
 30
0.0
 11
-20.61844737564388
 21
35.52255229321588
 31
0.0
  0
LINE
  5
E8
330
DA
100
AcDbEntity
  8
Khung Tủ
 62
150
370
13
 60
1
100
AcDbLine
 10
-24.15274035536277
 20
35.22867028789176
 30
0.0
 11
-20.77607149594405
 21
36.09999280241016
 31
0.0
  0
LINE
  5
E9
330
DA
100
AcDbEntity
  8
Khung Tủ
 62
150
370
13
 60
1
100
AcDbLine
 10
-23.45078475652554
 20
32.96050795273902
 30
0.0
 11
-20.17223018589721
 21
34.14885783281341
 31
0.0
  0
LINE
  5
EA
330
DA
100
AcDbEntity
  8
Khung Tủ
 62
150
370
13
 60
1
100
AcDbLine
 10
-23.2045712069521
 20
32.30970002819947
 30
0.0
 11
-19.96043058978102
 21
33.58901514411253
 31
0.0
  0
LINE
  5
EB
330
DA
100
AcDbEntity
  8
Khung Tủ
 62
150
370
13
 60
1
100
AcDbLine
 10
-23.68797365656064
 20
49.27921946257981
 30
0.0
 11
-20.37626653288317
 21
48.18665759380372
 31
0.0
  0
LINE
  5
EC
330
DA
100
AcDbEntity
  8
Khung Tủ
 62
150
370
13
 60
1
100
AcDbLine
 10
-23.89673950090946
 20
48.61545076123718
 30
0.0
 11
-20.5558525937231
 21
47.61566569221019
 31
0.0
  0
LINE
  5
ED
330
DA
100
AcDbEntity
  8
Khung Tủ
 62
150
370
13
 60
1
100
AcDbLine
 10
-25.79292354990321
 20
48.37519493197021
 30
0.0
 11
-20.32381083910877
 21
46.90975059779873
 31
0.0
  0
LINE
  5
EE
330
DA
100
AcDbEntity
  8
Khung Tủ
 62
150
370
13
 60
1
100
AcDbLine
 10
-25.79292354990321
 20
48.37519493197021
 30
0.0
 11
-20.32381083910877
 21
46.90975059779873
 31
0.0
  0
CIRCLE
  5
EF
330
DA
100
AcDbEntity
  8
Khung Tủ
 62
150
370
13
 60
1
100
AcDbCircle
 10
0.0055310060124611
 20
41.46251986773847
 30
0.0
 40
25.87748071415215
  0
ARC
  5
F0
330
DA
100
AcDbEntity
  8
Khung Tủ
 62
150
370
13
 60
1
100
AcDbCircle
 10
0.0055310060124611
 20
41.46251986773847
 30
0.0
 40
24.94960832855544
100
AcDbArc
 50
167.1963593407569
 51
168.7943448670241
  0
ARC
  5
F1
330
DA
100
AcDbEntity
  8
Khung Tủ
 62
150
370
13
 60
1
100
AcDbCircle
 10
0.0055310060124611
 20
41.46251986773847
 30
0.0
 40
24.94960832855544
100
AcDbArc
 50
172.6509047966149
 51
174.2488903204948
  0
ARC
  5
F2
330
DA
100
AcDbEntity
  8
Khung Tủ
 62
150
370
13
 60
1
100
AcDbCircle
 10
0.0055310060124611
 20
41.46251986773847
 30
0.0
 40
24.94960832855544
100
AcDbArc
 50
178.1054502521389
 51
179.7034357773736
  0
ARC
  5
F3
330
DA
100
AcDbEntity
  8
Khung Tủ
 62
150
370
13
 60
1
100
AcDbCircle
 10
0.0055310060124611
 20
41.46251986773847
 30
0.0
 40
24.94960832855544
100
AcDbArc
 50
183.5599957049796
 51
185.1579812298052
  0
ARC
  5
F4
330
DA
100
AcDbEntity
  8
Khung Tủ
 62
150
370
13
 60
1
100
AcDbCircle
 10
0.0055310060124611
 20
41.46251986773847
 30
0.0
 40
24.94960832855544
100
AcDbArc
 50
189.0145411605942
 51
190.6125266862618
  0
ARC
  5
F5
330
DA
100
AcDbEntity
  8
Khung Tủ
 62
150
370
13
 60
1
100
AcDbCircle
 10
0.0055310060124611
 20
41.46251986773847
 30
0.0
 40
24.94960832855544
100
AcDbArc
 50
194.4690866131429
 51
196.0670721380226
  0
ARC
  5
F6
330
DA
100
AcDbEntity
  8
Khung Tủ
 62
150
370
13
 60
1
100
AcDbCircle
 10
0.0055310060124611
 20
41.46251986773847
 30
0.0
 40
24.94960832855544
100
AcDbArc
 50
199.9236320683888
 51
201.5216175924276
  0
ARC
  5
F7
330
DA
100
AcDbEntity
  8
Khung Tủ
 62
150
370
13
 60
1
100
AcDbCircle
 10
0.0055310060124611
 20
41.46251986773847
 30
0.0
 40
24.94960832855544
100
AcDbArc
 50
161.7418138874989
 51
163.339799411439
  0
LINE
  5
F8
330
DA
100
AcDbEntity
  8
Khung Tủ
 62
150
370
13
 60
1
100
AcDbLine
 10
23.2156332188315
 20
50.61533970727748
 30
0.0
 11
19.97149260163132
 21
49.33602459130622
 31
0.0
  0
ARC
  5
F9
330
DA
100
AcDbEntity
  8
Khung Tủ
 62
150
370
13
 60
1
100
AcDbCircle
 10
0.0055310060124611
 20
41.46251986773847
 30
0.0
 40
24.94960832855544
100
AcDbArc
 50
19.92363206838885
 51
21.52161759242756
  0
LINE
  5
FA
330
DA
100
AcDbEntity
  8
Khung Tủ
 62
150
370
13
 60
1
100
AcDbLine
 10
-22.83766309767088
 20
51.49603564683627
 30
0.0
 11
-19.64480624864518
 21
50.09362320699427
 31
0.0
  0
LINE
  5
FB
330
DA
100
AcDbEntity
  8
Khung Tủ
 62
150
370
13
 60
1
100
AcDbLine
 10
-23.10857886057056
 20
50.85511699666665
 30
0.0
 11
-19.87785536087176
 21
49.54228754127678
 31
0.0
  0
LINE
  5
FC
330
DA
100
AcDbEntity
  8
Khung Tủ
 62
150
370
13
 60
1
100
AcDbLine
 10
14.3821684843715
 20
49.76287538591702
 30
0.0
 11
17.20701076711702
 21
51.39379883820936
 31
0.0
  0
LINE
  5
FD
330
DA
100
AcDbEntity
  8
Khung Tủ
 62
150
370
13
 60
1
100
AcDbLine
 10
-17.19594875520852
 20
51.39379883820936
 30
0.0
 11
-14.37110647246299
 21
49.76287538591702
 31
0.0
  0
CIRCLE
  5
FE
330
DA
100
AcDbEntity
  8
Khung Tủ
 62
150
370
13
 60
1
100
AcDbCircle
 10
0.0055310060124611
 20
41.46251986773847
 30
0.0
 40
19.86255794106056
  0
LINE
  5
FF
330
DA
100
AcDbEntity
  8
Khung Tủ
 62
150
370
13
 60
1
100
AcDbLine
 10
14.37233619960898
 20
21.06453309759661
 30
0.0
 11
12.36424783176335
 21
23.91561650867505
 31
0.0
  0
ARC
  5
100
330
DA
100
AcDbEntity
  8
Khung Tủ
 62
150
370
13
 60
1
100
AcDbCircle
 10
0.0055310060124611
 20
41.46251986773847
 30
0.0
 40
24.94960832855544
100
AcDbArc
 50
303.5599957044238
 51
305.157981230773
  0
ARC
  5
101
330
DA
100
AcDbEntity
  8
Khung Tủ
 62
150
370
13
 60
1
100
AcDbCircle
 10
0.0055310060124611
 20
41.46251986773847
 30
0.0
 40
21.4623320977283
100
AcDbArc
 50
309.0145411599159
 51
310.6125266831034
  0
LINE
  5
102
330
DA
100
AcDbEntity
  8
Khung Tủ
 62
150
370
13
 60
1
100
AcDbLine
 10
15.71174864970089
 20
22.0770179893442
 30
0.0
 11
13.51644687396765
 21
24.78658356780932
 31
0.0
  0
TEXT
  5
103
330
DA
100
AcDbEntity
  8
Khung Tủ
 62
150
370
13
 60
1
100
AcDbText
 10
12.7448682856193
 20
50.21058270004857
 30
0.0
 40
1.181867939062301
  1
6
 50
300.0000000011133
  7
ROMANS
100
AcDbText
  0
TEXT
  5
104
330
DA
100
AcDbEntity
  8
Khung Tủ
 62
150
370
13
 60
1
100
AcDbText
 10
13.95124429247516
 20
34.80396157230996
 30
0.0
 40
1.181867939062301
  1
10
 50
239.9999999988867
  7
ROMANS
100
AcDbText
  0
LINE
  5
105
330
DA
100
AcDbEntity
  8
Khung Tủ
 62
150
370
13
 60
1
100
AcDbLine
 10
14.93899274444266
 20
28.36622541212989
 30
0.0
 11
13.69389232365938
 21
29.45814917517407
 31
0.0
  0
LINE
  5
106
330
DA
100
AcDbEntity
  8
Khung Tủ
 62
150
370
13
 60
1
100
AcDbLine
 10
11.74400635225174
 20
29.72404452141189
 30
0.0
 11
14.05048041774717
 21
27.41757045591646
 31
0.0
  0
ARC
  5
107
330
DA
100
AcDbEntity
  8
Khung Tủ
 62
150
370
13
 60
1
100
AcDbCircle
 10
0.0055310060124611
 20
41.46251986773847
 30
0.0
 40
24.94960832855544
100
AcDbArc
 50
287.1963593413103
 51
288.7943448683166
  0
LINE
  5
108
330
DA
100
AcDbEntity
  8
Khung Tủ
 62
150
370
13
 60
1
100
AcDbLine
 10
7.38181658303074
 20
17.62823013980221
 30
0.0
 11
6.350812607866828
 21
20.95961518409592
 31
0.0
  0
LINE
  5
109
330
DA
100
AcDbEntity
  8
Khung Tủ
 62
150
370
13
 60
1
100
AcDbLine
 10
8.043602675272268
 20
17.84319812503224
 30
0.0
 11
6.920099015245796
 21
21.1445364953978
 31
0.0
  0
ARC
  5
10A
330
DA
100
AcDbEntity
  8
Khung Tủ
 62
150
370
13
 60
1
100
AcDbCircle
 10
0.0055310060124611
 20
41.46251986773847
 30
0.0
 40
21.4623320977283
100
AcDbArc
 50
287.1963593413103
 51
288.7943448683166
  0
ARC
  5
10B
330
DA
100
AcDbEntity
  8
Khung Tủ
 62
150
370
13
 60
1
100
AcDbCircle
 10
0.0055310060124611
 20
41.46251986773847
 30
0.0
 40
21.4623320977283
100
AcDbArc
 50
292.6509047978012
 51
294.2488903189138
  0
LINE
  5
10C
330
DA
100
AcDbEntity
  8
Khung Tủ
 62
150
370
13
 60
1
100
AcDbLine
 10
10.25236493490229
 20
18.71421553129028
 30
0.0
 11
8.820136423237273
 21
21.89380937338853
 31
0.0
  0
LINE
  5
10D
330
DA
100
AcDbEntity
  8
Khung Tủ
 62
150
370
13
 60
1
100
AcDbLine
 10
9.614009467346477
 20
18.43731417033984
 30
0.0
 11
8.271005676928326
 21
21.65561128671095
 31
0.0
  0
ARC
  5
10E
330
DA
100
AcDbEntity
  8
Khung Tủ
 62
150
370
13
 60
1
100
AcDbCircle
 10
0.0055310060124611
 20
41.46251986773847
 30
0.0
 40
24.94960832855544
100
AcDbArc
 50
292.6509047978012
 51
294.2488903189138
  0
LINE
  5
10F
330
DA
100
AcDbEntity
  8
Khung Tủ
 62
150
370
13
 60
1
100
AcDbLine
 10
11.75918648274091
 20
19.45491802926688
 30
0.0
 11
10.11634532750758
 21
22.53098182061501
 31
0.0
  0
ARC
  5
110
330
DA
100
AcDbEntity
  8
Khung Tủ
 62
150
370
13
 60
1
100
AcDbCircle
 10
0.0055310060124611
 20
41.46251986773847
 30
0.0
 40
24.94960832855544
100
AcDbArc
 50
298.1054502497485
 51
299.7034357772072
  0
ARC
  5
111
330
DA
100
AcDbEntity
  8
Khung Tủ
 62
150
370
13
 60
1
100
AcDbCircle
 10
0.0055310060124611
 20
41.46251986773847
 30
0.0
 40
21.4623320977283
100
AcDbArc
 50
298.1054502497485
 51
299.7034357772072
  0
LINE
  5
112
330
DA
100
AcDbEntity
  8
Khung Tủ
 62
150
370
13
 60
1
100
AcDbLine
 10
12.36833027952525
 20
19.79124510432291
 30
0.0
 11
10.64034739950148
 21
22.82029952392611
 31
0.0
  0
ARC
  5
113
330
DA
100
AcDbEntity
  8
Khung Tủ
 62
150
370
13
 60
1
100
AcDbCircle
 10
0.0055310060124611
 20
41.46251986773847
 30
0.0
 40
21.4623320977283
100
AcDbArc
 50
303.5599957044238
 51
305.157981230773
  0
LINE
  5
114
330
DA
100
AcDbEntity
  8
Khung Tủ
 62
150
370
13
 60
1
100
AcDbLine
 10
13.79792057412851
 20
20.67182613832108
 30
0.0
 11
11.87011987781443
 21
23.57779929471133
 31
0.0
  0
ARC
  5
115
330
DA
100
AcDbEntity
  8
Khung Tủ
 62
150
370
13
 60
1
100
AcDbCircle
 10
0.0055310060124611
 20
41.46251986773847
 30
0.0
 40
24.94960832855544
100
AcDbArc
 50
227.1963593425851
 51
228.7943448654885
  0
LINE
  5
116
330
DA
100
AcDbEntity
  8
Khung Tủ
 62
150
370
13
 60
1
100
AcDbLine
 10
-16.94742659093754
 20
23.15732430845662
 30
0.0
 11
-14.5778645004757
 21
25.71589246448991
 31
0.0
  0
LINE
  5
117
330
DA
100
AcDbEntity
  8
Khung Tủ
 62
150
370
13
 60
1
100
AcDbLine
 10
-16.43036580878834
 20
22.69168473321759
 30
0.0
 11
-14.13307474345493
 21
25.31533662926802
 31
0.0
  0
ARC
  5
118
330
DA
100
AcDbEntity
  8
Khung Tủ
 62
150
370
13
 60
1
100
AcDbCircle
 10
0.0055310060124611
 20
41.46251986773847
 30
0.0
 40
21.4623320977283
100
AcDbArc
 50
227.1963593425851
 51
228.7943448654885
  0
ARC
  5
119
330
DA
100
AcDbEntity
  8
Khung Tủ
 62
150
370
13
 60
1
100
AcDbCircle
 10
0.0055310060124611
 20
41.46251986773847
 30
0.0
 40
21.4623320977283
100
AcDbArc
 50
232.6509047970251
 51
234.248890320913
  0
LINE
  5
11A
330
DA
100
AcDbEntity
  8
Khung Tủ
 62
150
370
13
 60
1
100
AcDbLine
 10
-14.57166147789394
 20
21.21434920873424
 30
0.0
 11
-12.53416669271246
 21
24.04449240486417
 31
0.0
  0
LINE
  5
11B
330
DA
100
AcDbEntity
  8
Khung Tủ
 62
150
370
13
 60
1
100
AcDbLine
 10
-15.1306428246753
 20
21.62873057978857
 30
0.0
 11
-13.01501766011643
 21
24.40095453780657
 31
0.0
  0
ARC
  5
11C
330
DA
100
AcDbEntity
  8
Khung Tủ
 62
150
370
13
 60
1
100
AcDbCircle
 10
0.0055310060124611
 20
41.46251986773847
 30
0.0
 40
24.94960832855544
100
AcDbArc
 50
232.6509047970251
 51
234.248890320913
  0
LINE
  5
11D
330
DA
100
AcDbEntity
  8
Khung Tủ
 62
150
370
13
 60
1
100
AcDbLine
 10
-13.17678352411894
 20
20.27975471825619
 30
0.0
 11
-11.33425471476221
 21
23.24052878883947
 31
0.0
  0
ARC
  5
11E
330
DA
100
AcDbEntity
  8
Khung Tủ
 62
150
370
13
 60
1
100
AcDbCircle
 10
0.0055310060124611
 20
41.46251986773847
 30
0.0
 40
24.94960832855544
100
AcDbArc
 50
238.1054502492036
 51
239.7034357765062
  0
ARC
  5
11F
330
DA
100
AcDbEntity
  8
Khung Tủ
 62
150
370
13
 60
1
100
AcDbCircle
 10
0.0055310060124611
 20
41.46251986773847
 30
0.0
 40
21.4623320977283
100
AcDbArc
 50
238.1054502492036
 51
239.7034357765062
  0
LINE
  5
120
330
DA
100
AcDbEntity
  8
Khung Tủ
 62
150
370
13
 60
1
100
AcDbLine
 10
-12.58094383466232
 20
19.92038425324415
 30
0.0
 11
-10.82169719792728
 21
22.93138853435801
 31
0.0
  0
ARC
  5
121
330
DA
100
AcDbEntity
  8
Khung Tủ
 62
150
370
13
 60
1
100
AcDbCircle
 10
0.0055310060124611
 20
41.46251986773847
 30
0.0
 40
21.4623320977283
100
AcDbArc
 50
243.5599957071599
 51
245.1579812317656
  0
LINE
  5
122
330
DA
100
AcDbEntity
  8
Khung Tủ
 62
150
370
13
 60
1
100
AcDbLine
 10
-10.47624112620542
 20
18.8215082137466
 30
0.0
 11
-9.011174647734151
 21
21.98610545882536
 31
0.0
  0
LINE
  5
123
330
DA
100
AcDbEntity
  8
Khung Tủ
 62
150
370
13
 60
1
100
AcDbLine
 10
-11.10354314187134
 20
19.1226132581213
 30
0.0
 11
-9.55079691389983
 21
22.24512421274255
 31
0.0
  0
ARC
  5
124
330
DA
100
AcDbEntity
  8
Khung Tủ
 62
150
370
13
 60
1
100
AcDbCircle
 10
0.0055310060124611
 20
41.46251986773847
 30
0.0
 40
21.4623320977283
100
AcDbArc
 50
249.0145411594725
 51
250.6125266832974
  0
LINE
  5
125
330
DA
100
AcDbEntity
  8
Khung Tủ
 62
150
370
13
 60
1
100
AcDbLine
 10
-8.276613866226398
 20
17.92767268182058
 30
0.0
 11
-7.118995414974051
 21
21.21720380820613
 31
0.0
  0
LINE
  5
126
330
DA
100
AcDbEntity
  8
Khung Tủ
 62
150
370
13
 60
1
100
AcDbLine
 10
-8.929697264029528
 20
18.16778545173281
 30
0.0
 11
-7.680795527572627
 21
21.42375534765585
 31
0.0
  0
ARC
  5
127
330
DA
100
AcDbEntity
  8
Khung Tủ
 62
150
370
13
 60
1
100
AcDbCircle
 10
0.0055310060124611
 20
41.46251986773847
 30
0.0
 40
21.4623320977283
100
AcDbArc
 50
254.4690866120225
 51
256.0670721403131
  0
LINE
  5
128
330
DA
100
AcDbEntity
  8
Khung Tủ
 62
150
370
13
 60
1
100
AcDbLine
 10
-6.001982219735509
 20
17.24697237049975
 30
0.0
 11
-5.162295367728802
 21
20.63164687486994
 31
0.0
  0
LINE
  5
129
330
DA
100
AcDbEntity
  8
Khung Tủ
 62
150
370
13
 60
1
100
AcDbLine
 10
-6.674932575129787
 20
17.42391836740705
 30
0.0
 11
-5.741185577920987
 21
20.78386063706409
 31
0.0
  0
ARC
  5
12A
330
DA
100
AcDbEntity
  8
Khung Tủ
 62
150
370
13
 60
1
100
AcDbCircle
 10
0.0055310060124611
 20
41.46251986773847
 30
0.0
 40
21.4623320977283
100
AcDbArc
 50
259.9236320704296
 51
261.5216175962113
  0
LINE
  5
12B
330
DA
100
AcDbEntity
  8
Khung Tủ
 62
150
370
13
 60
1
100
AcDbLine
 10
-4.359668573641101
 20
16.89774858079897
 30
0.0
 11
-3.749532473055296
 21
20.33123506665277
 31
0.0
  0
LINE
  5
12C
330
DA
100
AcDbEntity
  8
Khung Tủ
 62
150
370
13
 60
1
100
AcDbLine
 10
-3.672945603160769
 20
16.78557180716586
 30
0.0
 11
-3.15879468449566
 21
20.23473755309522
 31
0.0
  0
ARC
  5
12D
330
DA
100
AcDbEntity
  8
Khung Tủ
 62
150
370
13
 60
1
100
AcDbCircle
 10
0.0055310060124611
 20
41.46251986773847
 30
0.0
 40
21.4623320977283
100
AcDbArc
 50
265.378177520883
 51
266.9761630469901
  0
LINE
  5
12E
330
DA
100
AcDbEntity
  8
Khung Tủ
 62
150
370
13
 60
1
100
AcDbLine
 10
-1.31059613286925
 20
16.54764950675587
 30
0.0
 11
-1.126637377790757
 21
20.03007031507138
 31
0.0
  0
LINE
  5
12F
330
DA
100
AcDbEntity
  8
Khung Tủ
 62
150
370
13
 60
1
100
AcDbLine
 10
-2.004872648642049
 20
16.59404116692883
 30
0.0
 11
-1.723872931688674
 21
20.0699776837281
 31
0.0
  0
ARC
  5
130
330
DA
100
AcDbEntity
  8
Khung Tủ
 62
150
370
13
 60
1
100
AcDbCircle
 10
0.0055310060124611
 20
41.46251986773847
 30
0.0
 40
24.94960832855544
100
AcDbArc
 50
265.378177520883
 51
266.9761630469901
  0
ARC
  5
131
330
DA
100
AcDbEntity
  8
Khung Tủ
 62
150
370
13
 60
1
100
AcDbCircle
 10
0.0055310060124611
 20
41.46251986773847
 30
0.0
 40
21.4623320977283
100
AcDbArc
 50
270.8327229788168
 51
272.4307085038701
  0
LINE
  5
132
330
DA
100
AcDbEntity
  8
Khung Tủ
 62
150
370
13
 60
1
100
AcDbLine
 10
1.063672388714621
 20
16.53536013058317
 30
0.0
 11
0.9157730211882154
 21
20.01949865925405
 31
0.0
  0
LINE
  5
133
330
DA
100
AcDbEntity
  8
Khung Tủ
 62
150
370
13
 60
1
100
AcDbLine
 10
0.3681298029987374
 20
16.51554654708877
 30
0.0
 11
0.3174483594630146
 21
20.00245447557233
 31
0.0
  0
ARC
  5
134
330
DA
100
AcDbEntity
  8
Khung Tủ
 62
150
370
13
 60
1
100
AcDbCircle
 10
0.0055310060124611
 20
41.46251986773847
 30
0.0
 40
24.94960832855544
100
AcDbArc
 50
270.8327229788168
 51
272.4307085038701
  0
ARC
  5
135
330
DA
100
AcDbEntity
  8
Khung Tủ
 62
150
370
13
 60
1
100
AcDbCircle
 10
0.0055310060124611
 20
41.46251986773847
 30
0.0
 40
21.4623320977283
100
AcDbArc
 50
276.2872684303764
 51
277.8852539600376
  0
LINE
  5
136
330
DA
100
AcDbEntity
  8
Khung Tủ
 62
150
370
13
 60
1
100
AcDbLine
 10
3.428358218065113
 20
16.74881497300509
 30
0.0
 11
2.949940127364243
 21
20.20311832394498
 31
0.0
  0
LINE
  5
137
330
DA
100
AcDbEntity
  8
Khung Tủ
 62
150
370
13
 60
1
100
AcDbLine
 10
2.73784850379161
 20
16.6629755807952
 30
0.0
 11
2.355944878843729
 21
20.1292769427381
 31
0.0
  0
ARC
  5
138
330
DA
100
AcDbEntity
  8
Khung Tủ
 62
150
370
13
 60
1
100
AcDbCircle
 10
0.0055310060124611
 20
41.46251986773847
 30
0.0
 40
24.94960832855544
100
AcDbArc
 50
276.2872684303764
 51
277.8852539600376
  0
ARC
  5
139
330
DA
100
AcDbEntity
  8
Khung Tủ
 62
150
370
13
 60
1
100
AcDbCircle
 10
0.0055310060124611
 20
41.46251986773847
 30
0.0
 40
21.4623320977283
100
AcDbArc
 50
281.7418138862346
 51
283.3397994108325
  0
LINE
  5
13A
330
DA
100
AcDbEntity
  8
Khung Tủ
 62
150
370
13
 60
1
100
AcDbLine
 10
5.762046394127537
 20
17.18608095390652
 30
0.0
 11
4.957442208702559
 21
20.57926642116206
 31
0.0
  0
ARC
  5
13B
330
DA
100
AcDbEntity
  8
Khung Tủ
 62
150
370
13
 60
1
100
AcDbCircle
 10
0.0055310060124611
 20
41.46251986773847
 30
0.0
 40
24.94960832855544
100
AcDbArc
 50
281.7418138862346
 51
283.3397994108325
  0
LINE
  5
13C
330
DA
100
AcDbEntity
  8
Khung Tủ
 62
150
370
13
 60
1
100
AcDbLine
 10
5.082822914308053
 20
17.03499312793417
 30
0.0
 11
4.373155686058453
 21
20.44929656125885
 31
0.0
  0
ARC
  5
13D
330
DA
100
AcDbEntity
  8
Khung Tủ
 62
150
370
13
 60
1
100
AcDbCircle
 10
0.0055310060124611
 20
41.46251986773847
 30
0.0
 40
21.4623320977283
100
AcDbArc
 50
167.1963593407569
 51
168.7943448670241
  0
ARC
  5
13E
330
DA
100
AcDbEntity
  8
Khung Tủ
 62
150
370
13
 60
1
100
AcDbCircle
 10
0.0055310060124611
 20
41.46251986773847
 30
0.0
 40
21.4623320977283
100
AcDbArc
 50
172.6509047966149
 51
174.2488903204948
  0
ARC
  5
13F
330
DA
100
AcDbEntity
  8
Khung Tủ
 62
150
370
13
 60
1
100
AcDbCircle
 10
0.0055310060124611
 20
41.46251986773847
 30
0.0
 40
21.4623320977283
100
AcDbArc
 50
178.1054502521389
 51
179.7034357773736
  0
ARC
  5
140
330
DA
100
AcDbEntity
  8
Khung Tủ
 62
150
370
13
 60
1
100
AcDbCircle
 10
0.0055310060124611
 20
41.46251986773847
 30
0.0
 40
21.4623320977283
100
AcDbArc
 50
183.5599957049796
 51
185.1579812298052
  0
ARC
  5
141
330
DA
100
AcDbEntity
  8
Khung Tủ
 62
150
370
13
 60
1
100
AcDbCircle
 10
0.0055310060124611
 20
41.46251986773847
 30
0.0
 40
21.4623320977283
100
AcDbArc
 50
189.0145411605942
 51
190.6125266862618
  0
ARC
  5
142
330
DA
100
AcDbEntity
  8
Khung Tủ
 62
150
370
13
 60
1
100
AcDbCircle
 10
0.0055310060124611
 20
41.46251986773847
 30
0.0
 40
21.4623320977283
100
AcDbArc
 50
194.4690866131429
 51
196.0670721380226
  0
ARC
  5
143
330
DA
100
AcDbEntity
  8
Khung Tủ
 62
150
370
13
 60
1
100
AcDbCircle
 10
0.0055310060124611
 20
41.46251986773847
 30
0.0
 40
21.4623320977283
100
AcDbArc
 50
199.9236320683888
 51
201.5216175924276
  0
ARC
  5
144
330
DA
100
AcDbEntity
  8
Khung Tủ
 62
150
370
13
 60
1
100
AcDbCircle
 10
0.0055310060124611
 20
41.46251986773847
 30
0.0
 40
21.4623320977283
100
AcDbArc
 50
205.378177523424
 51
206.9761630490631
  0
LINE
  5
145
330
DA
100
AcDbEntity
  8
Khung Tủ
 62
150
370
13
 60
1
100
AcDbLine
 10
-22.22944322794501
 20
30.14488422409329
 30
0.0
 11
-19.1215989637858
 21
31.72678167307447
 31
0.0
  0
LINE
  5
146
330
DA
100
AcDbEntity
  8
Khung Tủ
 62
150
370
13
 60
1
100
AcDbLine
 10
-22.53640512983839
 20
30.76934115412575
 30
0.0
 11
-19.38565594579268
 21
32.26395651914925
 31
0.0
  0
ARC
  5
147
330
DA
100
AcDbEntity
  8
Khung Tủ
 62
150
370
13
 60
1
100
AcDbCircle
 10
0.0055310060124611
 20
41.46251986773847
 30
0.0
 40
24.94960832855544
100
AcDbArc
 50
205.378177523424
 51
206.9761630490631
  0
ARC
  5
148
330
DA
100
AcDbEntity
  8
Khung Tủ
 62
150
370
13
 60
1
100
AcDbCircle
 10
0.0055310060124611
 20
41.46251986773847
 30
0.0
 40
21.4623320977283
100
AcDbArc
 50
210.8327229786847
 51
212.4307085032003
  0
LINE
  5
149
330
DA
100
AcDbEntity
  8
Khung Tủ
 62
150
370
13
 60
1
100
AcDbLine
 10
-21.05295187923184
 20
28.08256268086541
 30
0.0
 11
-18.10954908690473
 21
29.95271655479144
 31
0.0
  0
LINE
  5
14A
330
DA
100
AcDbEntity
  8
Khung Tủ
 62
150
370
13
 60
1
100
AcDbLine
 10
-21.4178822387621
 20
28.67501343779429
 30
0.0
 11
-18.42347211380547
 21
30.46235881962628
 31
0.0
  0
ARC
  5
14B
330
DA
100
AcDbEntity
  8
Khung Tủ
 62
150
370
13
 60
1
100
AcDbCircle
 10
0.0055310060124611
 20
41.46251986773847
 30
0.0
 40
24.94960832855544
100
AcDbArc
 50
210.8327229786847
 51
212.4307085032003
  0
ARC
  5
14C
330
DA
100
AcDbEntity
  8
Khung Tủ
 62
150
370
13
 60
1
100
AcDbCircle
 10
0.0055310060124611
 20
41.46251986773847
 30
0.0
 40
21.4623320977283
100
AcDbArc
 50
216.2872684307071
 51
217.885253957073
  0
LINE
  5
14D
330
DA
100
AcDbEntity
  8
Khung Tủ
 62
150
370
13
 60
1
100
AcDbLine
 10
-19.68575164851791
 20
26.14141210190417
 30
0.0
 11
-16.93344623946177
 21
28.28288599748328
 31
0.0
  0
LINE
  5
14E
330
DA
100
AcDbEntity
  8
Khung Tủ
 62
150
370
13
 60
1
100
AcDbLine
 10
-20.10534559980442
 20
26.696491359893
 30
0.0
 11
-17.29439237587212
 21
28.76038028190658
 31
0.0
  0
ARC
  5
14F
330
DA
100
AcDbEntity
  8
Khung Tủ
 62
150
370
13
 60
1
100
AcDbCircle
 10
0.0055310060124611
 20
41.46251986773847
 30
0.0
 40
24.94960832855544
100
AcDbArc
 50
216.2872684307071
 51
217.885253957073
  0
ARC
  5
150
330
DA
100
AcDbEntity
  8
Khung Tủ
 62
150
370
13
 60
1
100
AcDbCircle
 10
0.0055310060124611
 20
41.46251986773847
 30
0.0
 40
21.4623320977283
100
AcDbArc
 50
221.7418138865733
 51
223.3397994101615
  0
LINE
  5
151
330
DA
100
AcDbEntity
  8
Khung Tủ
 62
150
370
13
 60
1
100
AcDbLine
 10
-18.14022411279438
 20
24.33901184740523
 30
0.0
 11
-15.603941391033
 21
26.73241224560468
 31
0.0
  0
ARC
  5
152
330
DA
100
AcDbEntity
  8
Khung Tủ
 62
150
370
13
 60
1
100
AcDbCircle
 10
0.0055310060124611
 20
41.46251986773847
 30
0.0
 40
24.94960832855544
100
AcDbArc
 50
221.7418138865733
 51
223.3397994101615
  0
LINE
  5
153
330
DA
100
AcDbEntity
  8
Khung Tủ
 62
150
370
13
 60
1
100
AcDbLine
 10
-18.61068174826505
 20
24.8516927226882
 30
0.0
 11
-16.00864185266255
 21
27.17343428732409
 31
0.0
  0
ARC
  5
154
330
DA
100
AcDbEntity
  8
Khung Tủ
 62
150
370
13
 60
1
100
AcDbCircle
 10
0.0055310060124611
 20
41.46251986773847
 30
0.0
 40
21.4623320977283
100
AcDbArc
 50
161.7418138874989
 51
163.339799411439
  0
ARC
  5
155
330
DA
100
AcDbEntity
  8
Khung Tủ
 62
150
370
13
 60
1
100
AcDbCircle
 10
0.0055310060124611
 20
41.46251986773847
 30
0.0
 40
21.4623320977283
100
AcDbArc
 50
156.2872684311781
 51
157.885253956726
  0
ARC
  5
156
330
DA
100
AcDbEntity
  8
Khung Tủ
 62
150
370
13
 60
1
100
AcDbCircle
 10
0.0055310060124611
 20
41.46251986773847
 30
0.0
 40
24.94960832855544
100
AcDbArc
 50
287.1963593413103
 51
288.7943448683166
  0
ARC
  5
157
330
DA
100
AcDbEntity
  8
Khung Tủ
 62
150
370
13
 60
1
100
AcDbCircle
 10
0.0055310060124611
 20
41.46251986773847
 30
0.0
 40
21.4623320977283
100
AcDbArc
 50
287.1963593413103
 51
288.7943448683166
  0
LINE
  5
158
330
DA
100
AcDbEntity
  8
Khung Tủ
 62
150
370
13
 60
1
100
AcDbLine
 10
6.703115854019415
 20
16.46679292664328
 30
0.0
 11
5.452761736014508
 21
21.13317802273366
 31
0.0
  0
LINE
  5
159
330
DA
100
AcDbEntity
  8
Khung Tủ
 62
150
370
13
 60
1
100
AcDbLine
 10
6.918206070244195
 20
15.6640653117646
 30
0.0
 11
5.452761736014508
 21
21.13317802273366
 31
0.0
  0
LINE
  5
15A
330
DA
100
AcDbEntity
  8
Khung Tủ
 62
150
370
13
 60
1
100
AcDbLine
 10
-18.88024848578789
 20
22.57674037605454
 30
0.0
 11
-14.87658010899031
 21
26.58040875279392
 31
0.0
  0
LINE
  5
15B
330
DA
100
AcDbEntity
  8
Khung Tủ
 62
150
370
13
 60
1
100
AcDbLine
 10
-18.88024848578789
 20
22.57674037605454
 30
0.0
 11
-14.87658010899031
 21
26.58040875279392
 31
0.0
  0
LINE
  5
15C
330
DA
100
AcDbEntity
  8
Khung Tủ
 62
150
370
13
 60
1
100
AcDbLine
 10
-10.8018755280209
 20
44.1275177902861
 30
0.0
 11
-9.798828702550963
 21
43.88017651576944
 31
0.0
  0
ARC
  5
15D
330
DA
100
AcDbEntity
  8
Khung Tủ
 62
150
370
13
 60
1
100
AcDbCircle
 10
18.54624506139953
 20
5.635726506574314
 30
0.0
 40
48.40382400560889
100
AcDbArc
 50
123.3927872679179
 51
127.323760031441
  0
HATCH
  5
15E
330
DA
100
AcDbEntity
  8
Khung Tủ
 62
150
370
13
 60
1
100
AcDbHatch
 10
0.0
 20
0.0
 30
0.0
210
0.0
220
0.0
230
1.0
  2
SOLID
 70
1
 71
0
 91
1
 92
7
 72
1
 73
1
 93
3
 10
6.161564302528859
 20
50.82621639194247
 42
-0.1171185150035745
 10
8.197729246385279
 20
49.23015601893701
 42
0.0
 10
8.271277562031173
 20
51.28382886825409
 42
0.0
 97
0
 75
0
 76
1
 47
0.0001075023185937
 98
1
 10
7.697330273324041
 20
50.80675144477561
450
0
451
0
460
0.0
461
0.0
452
0
462
0.0
453
0
470

  0
LINE
  5
15F
330
DA
100
AcDbEntity
  8
Khung Tủ
 62
150
370
13
 60
1
100
AcDbLine
 10
8.271277562031173
 20
51.28382886825409
 30
0.0
 11
8.197729246385279
 21
49.23015601893701
 31
0.0
  0
LINE
  5
160
330
DA
100
AcDbEntity
  8
Khung Tủ
 62
150
370
13
 60
1
100
AcDbLine
 10
8.271277562031173
 20
51.28382886825409
 30
0.0
 11
6.161564302528859
 21
50.82621639194247
 31
0.0
  0
LINE
  5
161
330
DA
100
AcDbEntity
  8
Khung Tủ
 62
150
370
13
 60
1
100
AcDbLine
 10
6.966418987271026
 20
35.28319401455508
 30
0.0
 11
7.544713007999234
 21
34.74453894318128
 31
0.0
  0
ARC
  5
162
330
DA
100
AcDbEntity
  8
Khung Tủ
 62
150
370
13
 60
1
100
AcDbCircle
 10
3.819444467299035
 20
45.74142722187377
 30
0.0
 40
5.598268145263608
100
AcDbArc
 50
38.54872933284574
 51
65.26858962013362
  0
ARC
  5
163
330
DA
100
AcDbEntity
  8
Khung Tủ
 62
150
370
13
 60
1
100
AcDbCircle
 10
0.0055310060124611
 20
41.46251986779668
 30
0.0
 40
10.09804599725025
100
AcDbArc
 50
166.1477915811693
 51
318.2965482584151
  0
ARC
  5
164
330
DA
100
AcDbEntity
  8
Khung Tủ
 62
150
370
13
 60
1
100
AcDbCircle
 10
0.0055310060124611
 20
41.46251986773847
 30
0.0
 40
9.307955172203485
100
AcDbArc
 50
150.4792527586304
 51
318.4038652094078
  0
TEXT
  5
165
330
DA
100
AcDbEntity
  8
Khung Tủ
 62
150
370
13
 60
1
100
AcDbText
 10
11.75269393569033
 20
31.4214302481704
 30
0.0
 40
1.181867939062301
  1
11
 50
225.0
  7
ROMANS
100
AcDbText
  0
TEXT
  5
166
330
DA
100
AcDbEntity
  8
Khung Tủ
 62
150
370
13
 60
1
100
AcDbText
 10
8.753593838351662
 20
28.72318258801522
 30
0.0
 40
1.181867939062301
  1
12
 50
209.9999999992461
  7
ROMANS
100
AcDbText
  0
TEXT
  5
167
330
DA
100
AcDbEntity
  8
Khung Tủ
 62
150
370
13
 60
1
100
AcDbText
 10
5.158327715718769
 20
26.89309971073806
 30
0.0
 40
1.181867939062301
  1
13
 50
195.0000000001153
  7
ROMANS
100
AcDbText
  0
TEXT
  5
168
330
DA
100
AcDbEntity
  8
Khung Tủ
 62
150
370
13
 60
1
100
AcDbText
 10
1.211907012810115
 20
26.05589873994166
 30
0.0
 40
1.181867939062301
  1
14
 50
180.0
  7
ROMANS
100
AcDbText
  0
TEXT
  5
169
330
DA
100
AcDbEntity
  8
Khung Tủ
 62
150
370
13
 60
1
100
AcDbText
 10
-2.816726221368298
 20
26.26863353846409
 30
0.0
 40
1.181867939062301
  1
15
 50
164.9999999998847
  7
ROMANS
100
AcDbText
  0
TEXT
  5
16A
330
DA
100
AcDbEntity
  8
Khung Tủ
 62
150
370
13
 60
1
100
AcDbText
 10
-6.653027289474266
 20
27.51680658118846
 30
0.0
 40
1.181867939062301
  1
16
 50
150.0000000007539
  7
ROMANS
100
AcDbText
  0
TEXT
  5
16B
330
DA
100
AcDbEntity
  8
Khung Tủ
 62
150
370
13
 60
1
100
AcDbText
 10
-10.03555861352652
 20
29.7153569379733
 30
0.0
 40
1.181867939062301
  1
17
 50
135.0
  7
ROMANS
100
AcDbText
  0
TEXT
  5
16C
330
DA
100
AcDbEntity
  8
Khung Tủ
 62
150
370
13
 60
1
100
AcDbText
 10
-12.733806273769
 20
32.71445703542838
 30
0.0
 40
1.181867939062301
  1
18
 50
120.0000000011132
  7
ROMANS
100
AcDbText
  0
TEXT
  5
16D
330
DA
100
AcDbEntity
  8
Khung Tủ
 62
150
370
13
 60
1
100
AcDbText
 10
-14.56388915104617
 20
36.30972315797396
 30
0.0
 40
1.181867939062301
  1
19
 50
105.0000000010701
  7
ROMANS
100
AcDbText
  0
TEXT
  5
16E
330
DA
100
AcDbEntity
  8
Khung Tủ
 62
150
370
13
 60
1
100
AcDbText
 10
-15.40109012172615
 20
40.25614386085351
 30
0.0
 40
1.181867939062301
  1
20
 50
90.0
  7
ROMANS
100
AcDbText
  0
TEXT
  5
16F
330
DA
100
AcDbEntity
  8
Khung Tủ
 62
150
370
13
 60
1
100
AcDbText
 10
-15.18835532337834
 20
44.28477709503193
 30
0.0
 40
1.181867939062301
  1
21
 50
74.99999999892992
  7
ROMANS
100
AcDbText
  0
TEXT
  5
170
330
DA
100
AcDbEntity
  8
Khung Tủ
 62
150
370
13
 60
1
100
AcDbText
 10
-13.94018228053755
 20
48.1210781631379
 30
0.0
 40
1.181867939062301
  1
22
 50
59.99999999888672
  7
ROMANS
100
AcDbText
  0
LINE
  5
171
330
DA
100
AcDbEntity
  8
Khung Tủ
 62
150
370
13
 60
1
100
AcDbLine
 10
11.04057694970106
 20
24.94740651715245
 30
0.0
 11
10.12051296261779
 21
26.32437958211801
 31
0.0
  0
LINE
  5
172
330
DA
100
AcDbEntity
  8
Khung Tủ
 62
150
370
13
 60
1
100
AcDbLine
 10
12.09709016197303
 20
25.70449317847658
 30
0.0
 11
11.0889377551357
 21
27.01834297458106
 31
0.0
  0
LINE
  5
173
330
DA
100
AcDbEntity
  8
Khung Tủ
 62
150
370
13
 60
1
100
AcDbLine
 10
13.10182546159194
 20
26.52905812925008
 30
0.0
 11
12.00990169851866
 21
27.77415854997514
 31
0.0
  0
LINE
  5
174
330
DA
100
AcDbEntity
  8
Khung Tủ
 62
150
370
13
 60
1
100
AcDbLine
 10
6.390141010007937
 20
22.65406530447933
 30
0.0
 11
5.857814297036384
 21
24.22224923256715
 31
0.0
  0
LINE
  5
175
330
DA
100
AcDbEntity
  8
Khung Tủ
 62
150
370
13
 60
1
100
AcDbLine
 10
7.606602854400989
 20
23.11190912265727
 30
0.0
 11
6.972851757527678
 21
24.64191961583845
 31
0.0
  0
LINE
  5
176
330
DA
100
AcDbEntity
  8
Khung Tủ
 62
150
370
13
 60
1
100
AcDbLine
 10
8.79051574213372
 20
23.64833307331708
 30
0.0
 11
8.058054080975126
 21
25.13361839162815
 31
0.0
  0
LINE
  5
177
330
DA
100
AcDbEntity
  8
Khung Tủ
 62
150
370
13
 60
1
100
AcDbLine
 10
1.304604449731414
 20
21.64248918789951
 30
0.0
 11
1.196292196444119
 21
23.29501483596676
 31
0.0
  0
LINE
  5
178
330
DA
100
AcDbEntity
  8
Khung Tủ
 62
150
370
13
 60
1
100
AcDbLine
 10
2.598115061686257
 20
21.76988886330207
 30
0.0
 11
2.38195436472597
 21
23.41179236686719
 31
0.0
  0
LINE
  5
179
330
DA
100
AcDbEntity
  8
Khung Tủ
 62
150
370
13
 60
1
100
AcDbLine
 10
3.880523830695892
 20
21.9816154079889
 30
0.0
 11
3.557440323274931
 21
23.60586588409194
 31
0.0
  0
LINE
  5
17A
330
DA
100
AcDbEntity
  8
Khung Tủ
 62
150
370
13
 60
1
100
AcDbLine
 10
-3.869461818729178
 20
21.9816154079889
 30
0.0
 11
-3.546378311424632
 21
23.60586588409194
 31
0.0
  0
LINE
  5
17B
330
DA
100
AcDbEntity
  8
Khung Tủ
 62
150
370
13
 60
1
100
AcDbLine
 10
-2.587053049835958
 20
21.76988886330207
 30
0.0
 11
-2.370892352817463
 21
23.41179236686719
 31
0.0
  0
LINE
  5
17C
330
DA
100
AcDbEntity
  8
Khung Tủ
 62
150
370
13
 60
1
100
AcDbLine
 10
-1.293542437822907
 20
21.64248918789951
 30
0.0
 11
-1.18523018459382
 21
23.29501483596676
 31
0.0
  0
LINE
  5
17D
330
DA
100
AcDbEntity
  8
Khung Tủ
 62
150
370
13
 60
1
100
AcDbLine
 10
-8.779453730167006
 20
23.64833307331708
 30
0.0
 11
-8.046992069124826
 21
25.13361839162815
 31
0.0
  0
LINE
  5
17E
330
DA
100
AcDbEntity
  8
Khung Tủ
 62
150
370
13
 60
1
100
AcDbLine
 10
-7.595540842521586
 20
23.11190912265727
 30
0.0
 11
-6.961789745619171
 21
24.64191961583845
 31
0.0
  0
LINE
  5
17F
330
DA
100
AcDbEntity
  8
Khung Tủ
 62
150
370
13
 60
1
100
AcDbLine
 10
-6.37907899809943
 20
22.65406530447933
 30
0.0
 11
-5.846752285127877
 21
24.22224923256715
 31
0.0
  0
LINE
  5
180
330
DA
100
AcDbEntity
  8
Khung Tủ
 62
150
370
13
 60
1
100
AcDbLine
 10
-13.09076344962523
 20
26.52905812925008
 30
0.0
 11
-11.99883968666836
 21
27.77415854997514
 31
0.0
  0
LINE
  5
181
330
DA
100
AcDbEntity
  8
Khung Tủ
 62
150
370
13
 60
1
100
AcDbLine
 10
-12.08602815000631
 20
25.70449317847658
 30
0.0
 11
-11.0778757432854
 21
27.01834297458106
 31
0.0
  0
LINE
  5
182
330
DA
100
AcDbEntity
  8
Khung Tủ
 62
150
370
13
 60
1
100
AcDbLine
 10
-11.02951493770524
 20
24.94740651715245
 30
0.0
 11
-10.10945095070929
 21
26.32437958211801
 31
0.0
  0
LINE
  5
183
330
DA
100
AcDbEntity
  8
Khung Tủ
 62
150
370
13
 60
1
100
AcDbLine
 10
-16.50958234466088
 20
30.42747392399167
 30
0.0
 11
-15.13260927966621
 21
31.34753791101673
 31
0.0
  0
LINE
  5
184
330
DA
100
AcDbEntity
  8
Khung Tủ
 62
150
370
13
 60
1
100
AcDbLine
 10
-15.75249568327854
 20
29.3709607116906
 30
0.0
 11
-14.43864588726137
 21
30.37911311841151
 31
0.0
  0
LINE
  5
185
330
DA
100
AcDbEntity
  8
Khung Tủ
 62
150
370
13
 60
1
100
AcDbLine
 10
-14.92793073247594
 20
28.36622541212989
 30
0.0
 11
-13.68283031180908
 21
29.45814917517407
 31
0.0
  0
LINE
  5
186
330
DA
100
AcDbEntity
  8
Khung Tủ
 62
150
370
13
 60
1
100
AcDbLine
 10
-18.80292355718848
 20
35.07790986362659
 30
0.0
 11
-17.23473962907155
 21
35.61023657671456
 31
0.0
  0
LINE
  5
187
330
DA
100
AcDbEntity
  8
Khung Tủ
 62
150
370
13
 60
1
100
AcDbLine
 10
-18.34507973915606
 20
33.86144801929174
 30
0.0
 11
-16.81506924594578
 21
34.49519911613595
 31
0.0
  0
LINE
  5
188
330
DA
100
AcDbEntity
  8
Khung Tủ
 62
150
370
13
 60
1
100
AcDbLine
 10
-17.80865578852536
 20
32.67753513155901
 30
0.0
 11
-16.32337047021428
 21
33.4099967926594
 31
0.0
  0
LINE
  5
189
330
DA
100
AcDbEntity
  8
Khung Tủ
 62
150
370
13
 60
1
100
AcDbLine
 10
-19.81449967391381
 20
40.1634464238449
 30
0.0
 11
-18.16197402578836
 21
40.2717586772195
 31
0.0
  0
LINE
  5
18A
330
DA
100
AcDbEntity
  8
Khung Tủ
 62
150
370
13
 60
1
100
AcDbLine
 10
-19.68709999845305
 20
38.86993581189006
 30
0.0
 11
-18.04519649482972
 21
39.08609650896676
 31
0.0
  0
LINE
  5
18B
330
DA
100
AcDbEntity
  8
Khung Tủ
 62
150
370
13
 60
1
100
AcDbLine
 10
-19.47537345379533
 20
37.58752704290953
 30
0.0
 11
-17.85112297766318
 21
37.91061055035959
 31
0.0
  0
LINE
  5
18C
330
DA
100
AcDbEntity
  8
Khung Tủ
 62
150
370
13
 60
1
100
AcDbLine
 10
-19.47537345379533
 20
45.33751269250922
 30
0.0
 11
-17.85112297766318
 21
45.01442918505915
 31
0.0
  0
LINE
  5
18D
330
DA
100
AcDbEntity
  8
Khung Tủ
 62
150
370
13
 60
1
100
AcDbLine
 10
-19.68709999845305
 20
44.05510392352868
 30
0.0
 11
-18.04519649482972
 21
43.83894322651019
 31
0.0
  0
LINE
  5
18E
330
DA
100
AcDbEntity
  8
Khung Tủ
 62
150
370
13
 60
1
100
AcDbLine
 10
-19.81449967391381
 20
42.76159331157384
 30
0.0
 11
-18.16197402578836
 21
42.65328105819924
 31
0.0
  0
LINE
  5
18F
330
DA
100
AcDbEntity
  8
Khung Tủ
 62
150
370
13
 60
1
100
AcDbLine
 10
-17.80865578852536
 20
50.24750460391794
 30
0.0
 11
-16.32337047021428
 21
49.51504294275935
 31
0.0
  0
LINE
  5
190
330
DA
100
AcDbEntity
  8
Khung Tủ
 62
150
370
13
 60
1
100
AcDbLine
 10
-18.34507973915606
 20
49.06359171615611
 30
0.0
 11
-16.81506924594578
 21
48.4298406193119
 31
0.0
  0
LINE
  5
191
330
DA
100
AcDbEntity
  8
Khung Tủ
 62
150
370
13
 60
1
100
AcDbLine
 10
-18.80292355718848
 20
47.84712987185037
 30
0.0
 11
-17.23473962907155
 21
47.3148031587624
 31
0.0
  0
LINE
  5
192
330
DA
100
AcDbEntity
  8
Khung Tủ
 62
150
370
13
 60
1
100
AcDbLine
 10
0.0055310060124611
 20
24.86180883141049
 30
0.0
 11
0.0055310060124611
 21
21.59996192665119
 31
0.0
  0
LINE
  5
193
330
DA
100
AcDbEntity
  8
Khung Tủ
 62
150
370
13
 60
1
100
AcDbLine
 10
4.302111184355453
 20
25.42746434295248
 30
0.0
 11
5.146339285609428
 21
22.27676217626129
 31
0.0
  0
LINE
  5
194
330
DA
100
AcDbEntity
  8
Khung Tủ
 62
150
370
13
 60
1
100
AcDbLine
 10
8.305886524132802
 20
27.08588238937944
 30
0.0
 11
9.936809976599761
 21
24.26104010660481
 31
0.0
  0
LINE
  5
195
330
DA
100
AcDbEntity
  8
Khung Tủ
 62
150
370
13
 60
1
100
AcDbLine
 10
-8.294824512224295
 20
27.08588238937944
 30
0.0
 11
-9.925747964603943
 21
24.26104010660481
 31
0.0
  0
LINE
  5
196
330
DA
100
AcDbEntity
  8
Khung Tủ
 62
150
370
13
 60
1
100
AcDbLine
 10
-4.291049172505154
 20
25.42746434295248
 30
0.0
 11
-5.135277273700921
 21
22.27676217626129
 31
0.0
  0
LINE
  5
197
330
DA
100
AcDbEntity
  8
Khung Tủ
 62
150
370
13
 60
1
100
AcDbLine
 10
-14.03941840583866
 20
27.41757045591646
 30
0.0
 11
-11.73294434028503
 21
29.72404452141189
 31
0.0
  0
LINE
  5
198
330
DA
100
AcDbEntity
  8
Khung Tủ
 62
150
370
13
 60
1
100
AcDbLine
 10
-17.19594875520852
 20
31.53124089720939
 30
0.0
 11
-14.37110647246299
 21
33.16216434953083
 31
0.0
  0
LINE
  5
199
330
DA
100
AcDbEntity
  8
Khung Tủ
 62
150
370
13
 60
1
100
AcDbLine
 10
-19.85702693516214
 20
41.46251986773847
 30
0.0
 11
-16.59518003037374
 21
41.46251986773847
 31
0.0
  0
LINE
  5
19A
330
DA
100
AcDbEntity
  8
Khung Tủ
 62
150
370
13
 60
1
100
AcDbLine
 10
-19.18022668549383
 20
46.60332814736455
 30
0.0
 11
-16.02952451880264
 21
45.75910004616878
 31
0.0
  0
LINE
  5
19B
330
DA
100
AcDbEntity
  8
Khung Tủ
 62
150
370
13
 60
1
100
AcDbLine
 10
-19.18022668549383
 20
36.32171158811241
 30
0.0
 11
-16.02952451880264
 21
37.16593968924997
 31
0.0
  0
ARC
  5
19C
330
DA
100
AcDbEntity
  8
Khung Tủ
 62
150
370
13
 60
1
100
AcDbCircle
 10
0.0055310060124611
 20
41.46251986773847
 30
0.0
 40
24.94960832855544
100
AcDbArc
 50
347.1963593407569
 51
348.7943448670241
  0
LINE
  5
19D
330
DA
100
AcDbEntity
  8
Khung Tủ
 62
150
370
13
 60
1
100
AcDbLine
 10
24.33477418000985
 20
35.93342569905497
 30
0.0
 11
20.93420811435499
 21
36.7062425874027
 31
0.0
  0
LINE
  5
19E
330
DA
100
AcDbEntity
  8
Khung Tủ
 62
150
370
13
 60
1
100
AcDbLine
 10
24.47949948995665
 20
36.61403325952404
 30
0.0
 11
21.05870476465498
 21
37.29171973383916
 31
0.0
  0
ARC
  5
19F
330
DA
100
AcDbEntity
  8
Khung Tủ
 62
150
370
13
 60
1
100
AcDbCircle
 10
0.0055310060124611
 20
41.46251986773847
 30
0.0
 40
21.4623320977283
100
AcDbArc
 50
347.1963593407569
 51
348.7943448670241
  0
ARC
  5
1A0
330
DA
100
AcDbEntity
  8
Khung Tủ
 62
150
370
13
 60
1
100
AcDbCircle
 10
0.0055310060124611
 20
41.46251986773847
 30
0.0
 40
21.4623320977283
100
AcDbArc
 50
352.6509047966149
 51
354.2488903204949
  0
LINE
  5
1A1
330
DA
100
AcDbEntity
  8
Khung Tủ
 62
150
370
13
 60
1
100
AcDbLine
 10
24.82955741875048
 20
38.96238619035273
 30
0.0
 11
21.3598341219913
 21
39.31183683632105
 31
0.0
  0
LINE
  5
1A2
330
DA
100
AcDbEntity
  8
Khung Tủ
 62
150
370
13
 60
1
100
AcDbLine
 10
24.75018329791783
 20
38.27110345826066
 30
0.0
 11
21.29155434305721
 21
38.71717661667196
 31
0.0
  0
ARC
  5
1A3
330
DA
100
AcDbEntity
  8
Khung Tủ
 62
150
370
13
 60
1
100
AcDbCircle
 10
0.0055310060124611
 20
41.46251986773847
 30
0.0
 40
24.94960832855544
100
AcDbArc
 50
352.6509047966149
 51
354.2488903204949
  0
LINE
  5
1A4
330
DA
100
AcDbEntity
  8
Khung Tủ
 62
150
370
13
 60
1
100
AcDbLine
 10
24.94150101278501
 20
40.63768317869096
 30
0.0
 11
21.45613104825315
 21
40.75297289960133
 31
0.0
  0
ARC
  5
1A5
330
DA
100
AcDbEntity
  8
Khung Tủ
 62
150
370
13
 60
1
100
AcDbCircle
 10
0.0055310060124611
 20
41.46251986773847
 30
0.0
 40
24.94960832855544
100
AcDbArc
 50
358.1054502521389
 51
359.7034357773736
  0
ARC
  5
1A6
330
DA
100
AcDbEntity
  8
Khung Tủ
 62
150
370
13
 60
1
100
AcDbCircle
 10
0.0055310060124611
 20
41.46251986773847
 30
0.0
 40
21.4623320977283
100
AcDbArc
 50
358.1054502521389
 51
359.7034357773736
  0
LINE
  5
1A7
330
DA
100
AcDbEntity
  8
Khung Tủ
 62
150
370
13
 60
1
100
AcDbLine
 10
24.95480512017093
 20
41.33338071884634
 30
0.0
 11
21.46757560344122
 21
41.35143085733568
 31
0.0
  0
ARC
  5
1A8
330
DA
100
AcDbEntity
  8
Khung Tủ
 62
150
370
13
 60
1
100
AcDbCircle
 10
0.0055310060124611
 20
41.46251986773847
 30
0.0
 40
21.4623320977283
100
AcDbArc
 50
3.559995704979591
 51
5.157981229805189
  0
LINE
  5
1A9
330
DA
100
AcDbEntity
  8
Khung Tủ
 62
150
370
13
 60
1
100
AcDbLine
 10
24.85410833182687
 20
43.70554475155938
 30
0.0
 11
21.38095348556817
 21
43.39203091758816
 31
0.0
  0
LINE
  5
1AA
330
DA
100
AcDbEntity
  8
Khung Tủ
 62
150
370
13
 60
1
100
AcDbLine
 10
24.9069947218959
 20
43.01173274788005
 30
0.0
 11
21.42644779766852
 21
42.79519494967814
 31
0.0
  0
ARC
  5
1AB
330
DA
100
AcDbEntity
  8
Khung Tủ
 62
150
370
13
 60
1
100
AcDbCircle
 10
0.0055310060124611
 20
41.46251986773847
 30
0.0
 40
24.94960832855544
100
AcDbArc
 50
3.559995704979591
 51
5.157981229805189
  0
ARC
  5
1AC
330
DA
100
AcDbEntity
  8
Khung Tủ
 62
150
370
13
 60
1
100
AcDbCircle
 10
0.0055310060124611
 20
41.46251986773847
 30
0.0
 40
21.4623320977283
100
AcDbArc
 50
9.014541160594298
 51
10.61252668626189
  0
LINE
  5
1AD
330
DA
100
AcDbEntity
  8
Khung Tủ
 62
150
370
13
 60
1
100
AcDbLine
 10
24.52837897920108
 20
46.05739560349308
 30
0.0
 11
21.1007522315922
 21
45.41515702700405
 31
0.0
  0
LINE
  5
1AE
330
DA
100
AcDbEntity
  8
Khung Tủ
 62
150
370
13
 60
1
100
AcDbLine
 10
24.64697691956826
 20
45.37175240534986
 30
0.0
 11
21.20277340758184
 21
44.82534808792104
 31
0.0
  0
ARC
  5
1AF
330
DA
100
AcDbEntity
  8
Khung Tủ
 62
150
370
13
 60
1
100
AcDbCircle
 10
0.0055310060124611
 20
41.46251986773847
 30
0.0
 40
24.94960832855544
100
AcDbArc
 50
9.014541160594298
 51
10.61252668626189
  0
ARC
  5
1B0
330
DA
100
AcDbEntity
  8
Khung Tủ
 62
150
370
13
 60
1
100
AcDbCircle
 10
0.0055310060124611
 20
41.46251986773847
 30
0.0
 40
21.4623320977283
100
AcDbArc
 50
14.46908661314286
 51
16.0670721380226
  0
LINE
  5
1B1
330
DA
100
AcDbEntity
  8
Khung Tủ
 62
150
370
13
 60
1
100
AcDbLine
 10
23.98056691793318
 20
48.36763454928576
 30
0.0
 11
20.6295093876106
 21
47.40248744226107
 31
0.0
  0
LINE
  5
1B2
330
DA
100
AcDbEntity
  8
Khung Tủ
 62
150
370
13
 60
1
100
AcDbLine
 10
24.16380236721307
 20
47.69636944758519
 30
0.0
 11
20.78713350785256
 21
46.82504693300859
 31
0.0
  0
ARC
  5
1B3
330
DA
100
AcDbEntity
  8
Khung Tủ
 62
150
370
13
 60
1
100
AcDbCircle
 10
0.0055310060124611
 20
41.46251986773847
 30
0.0
 40
24.94960832855544
100
AcDbArc
 50
14.46908661314286
 51
16.0670721380226
  0
ARC
  5
1B4
330
DA
100
AcDbEntity
  8
Khung Tủ
 62
150
370
13
 60
1
100
AcDbCircle
 10
0.0055310060124611
 20
41.46251986773847
 30
0.0
 40
21.4623320977283
100
AcDbArc
 50
19.92363206838885
 51
21.52161759242756
  0
LINE
  5
1B5
330
DA
100
AcDbEntity
  8
Khung Tủ
 62
150
370
13
 60
1
100
AcDbLine
 10
23.46184676843404
 20
49.96453178270883
 30
0.0
 11
20.1832921977184
 21
48.77618190263445
 31
0.0
  0
LINE
  5
1B6
330
DA
100
AcDbEntity
  8
Khung Tủ
 62
150
370
13
 60
1
100
AcDbLine
 10
16.24623410704953
 20
22.52254841766251
 30
0.0
 11
13.97622581069299
 21
25.16984096747171
 31
0.0
  0
ARC
  5
1B7
330
DA
100
AcDbEntity
  8
Khung Tủ
 62
150
370
13
 60
1
100
AcDbCircle
 10
0.0055310060124611
 20
41.46251986773847
 30
0.0
 40
24.94960832855544
100
AcDbArc
 50
309.0145411599159
 51
310.6125266831034
  0
ARC
  5
1B8
330
DA
100
AcDbEntity
  8
Khung Tủ
 62
150
370
13
 60
1
100
AcDbCircle
 10
0.0055310060124611
 20
41.46251986773847
 30
0.0
 40
21.4623320977283
100
AcDbArc
 50
314.4690866156353
 51
316.0670721411087
  0
LINE
  5
1B9
330
DA
100
AcDbEntity
  8
Khung Tủ
 62
150
370
13
 60
1
100
AcDbLine
 10
17.97305369224341
 20
24.15208705201792
 30
0.0
 11
15.46168301398575
 21
26.57161444942165
 31
0.0
  0
LINE
  5
1BA
330
DA
100
AcDbEntity
  8
Khung Tủ
 62
150
370
13
 60
1
100
AcDbLine
 10
17.48333878609992
 20
23.65776794728288
 30
0.0
 11
15.04041692397732
 21
26.14638770236331
 31
0.0
  0
ARC
  5
1BB
330
DA
100
AcDbEntity
  8
Khung Tủ
 62
150
370
13
 60
1
100
AcDbCircle
 10
0.0055310060124611
 20
41.46251986773847
 30
0.0
 40
24.94960832855544
100
AcDbArc
 50
314.4690866156353
 51
316.0670721411087
  0
ARC
  5
1BC
330
DA
100
AcDbEntity
  8
Khung Tủ
 62
150
370
13
 60
1
100
AcDbCircle
 10
0.0055310060124611
 20
41.46251986773847
 30
0.0
 40
21.4623320977283
100
AcDbArc
 50
319.9236320673426
 51
321.5216175951574
  0
LINE
  5
1BD
330
DA
100
AcDbEntity
  8
Khung Tủ
 62
150
370
13
 60
1
100
AcDbLine
 10
19.09664718878048
 20
25.39976049579844
 30
0.0
 11
16.42822871870885
 21
27.64489710157784
 31
0.0
  0
LINE
  5
1BE
330
DA
100
AcDbEntity
  8
Khung Tủ
 62
150
370
13
 60
1
100
AcDbLine
 10
19.53715660960006
 20
25.93839164667577
 30
0.0
 11
16.80716691129783
 21
28.10824227669207
 31
0.0
  0
ARC
  5
1BF
330
DA
100
AcDbEntity
  8
Khung Tủ
 62
150
370
13
 60
1
100
AcDbCircle
 10
0.0055310060124611
 20
41.46251986773847
 30
0.0
 40
24.94960832855544
100
AcDbArc
 50
319.9236320673426
 51
321.5216175951574
  0
ARC
  5
1C0
330
DA
100
AcDbEntity
  8
Khung Tủ
 62
150
370
13
 60
1
100
AcDbCircle
 10
0.0055310060124611
 20
41.46251986773847
 30
0.0
 40
21.4623320977283
100
AcDbArc
 50
325.3781775227594
 51
326.9761630492046
  0
LINE
  5
1C1
330
DA
100
AcDbEntity
  8
Khung Tủ
 62
150
370
13
 60
1
100
AcDbLine
 10
20.92437810123374
 20
27.86528515045927
 30
0.0
 11
18.0004925919784
 21
29.7658085097645
 31
0.0
  0
LINE
  5
1C2
330
DA
100
AcDbEntity
  8
Khung Tủ
 62
150
370
13
 60
1
100
AcDbLine
 10
20.53706348703418
 20
27.28721988051245
 30
0.0
 11
17.66731402005826
 21
29.26854103228823
 31
0.0
  0
ARC
  5
1C3
330
DA
100
AcDbEntity
  8
Khung Tủ
 62
150
370
13
 60
1
100
AcDbCircle
 10
0.0055310060124611
 20
41.46251986773847
 30
0.0
 40
24.94960832855544
100
AcDbArc
 50
325.3781775227594
 51
326.9761630492046
  0
ARC
  5
1C4
330
DA
100
AcDbEntity
  8
Khung Tủ
 62
150
370
13
 60
1
100
AcDbCircle
 10
0.0055310060124611
 20
41.46251986773847
 30
0.0
 40
21.4623320977283
100
AcDbArc
 50
330.8327229783925
 51
332.4307085023798
  0
LINE
  5
1C5
330
DA
100
AcDbEntity
  8
Khung Tủ
 62
150
370
13
 60
1
100
AcDbLine
 10
22.12215527392982
 20
29.91531731742714
 30
0.0
 11
19.03085311393079
 21
31.5293019722011
 31
0.0
  0
LINE
  5
1C6
330
DA
100
AcDbEntity
  8
Khung Tủ
 62
150
370
13
 60
1
100
AcDbLine
 10
21.79154304765689
 20
29.30305297703296
 30
0.0
 11
18.74645147922274
 21
31.00261552362634
 31
0.0
  0
ARC
  5
1C7
330
DA
100
AcDbEntity
  8
Khung Tủ
 62
150
370
13
 60
1
100
AcDbCircle
 10
0.0055310060124611
 20
41.46251986773847
 30
0.0
 40
24.94960832855544
100
AcDbArc
 50
330.8327229783925
 51
332.4307085023798
  0
ARC
  5
1C8
330
DA
100
AcDbEntity
  8
Khung Tủ
 62
150
370
13
 60
1
100
AcDbCircle
 10
0.0055310060124611
 20
41.46251986773847
 30
0.0
 40
21.4623320977283
100
AcDbArc
 50
336.2872684311781
 51
337.885253956726
  0
LINE
  5
1C9
330
DA
100
AcDbEntity
  8
Khung Tủ
 62
150
370
13
 60
1
100
AcDbLine
 10
23.11964087242086
 20
32.06992273881031
 30
0.0
 11
19.88891737272206
 21
33.38275219414197
 31
0.0
  0
LINE
  5
1CA
330
DA
100
AcDbEntity
  8
Khung Tủ
 62
150
370
13
 60
1
100
AcDbLine
 10
22.8487251096376
 20
31.42900408869889
 30
0.0
 11
19.65586826049548
 21
32.83141652842449
 31
0.0
  0
ARC
  5
1CB
330
DA
100
AcDbEntity
  8
Khung Tủ
 62
150
370
13
 60
1
100
AcDbCircle
 10
0.0055310060124611
 20
41.46251986773847
 30
0.0
 40
24.94960832855544
100
AcDbArc
 50
336.2872684311781
 51
337.885253956726
  0
ARC
  5
1CC
330
DA
100
AcDbEntity
  8
Khung Tủ
 62
150
370
13
 60
1
100
AcDbCircle
 10
0.0055310060124611
 20
41.46251986773847
 30
0.0
 40
21.4623320977283
100
AcDbArc
 50
341.7418138874989
 51
343.3397994114391
  0
LINE
  5
1CD
330
DA
100
AcDbEntity
  8
Khung Tủ
 62
150
370
13
 60
1
100
AcDbLine
 10
23.90780151275976
 20
34.30958897418157
 30
0.0
 11
20.56691460568982
 21
35.30937404329586
 31
0.0
  0
ARC
  5
1CE
330
DA
100
AcDbEntity
  8
Khung Tủ
 62
150
370
13
 60
1
100
AcDbCircle
 10
0.0055310060124611
 20
41.46251986773847
 30
0.0
 40
24.94960832855544
100
AcDbArc
 50
341.7418138874989
 51
343.3397994114391
  0
LINE
  5
1CF
330
DA
100
AcDbEntity
  8
Khung Tủ
 62
150
370
13
 60
1
100
AcDbLine
 10
23.69903566852736
 20
33.64582027286804
 30
0.0
 11
20.38732854484988
 21
34.73838214164414
 31
0.0
  0
LINE
  5
1D0
330
DA
100
AcDbEntity
  8
Khung Tủ
 62
150
370
13
 60
1
100
AcDbLine
 10
25.00125794704946
 20
34.76493501964422
 30
0.0
 11
20.33487285101728
 21
36.01528913770733
 31
0.0
  0
LINE
  5
1D1
330
DA
100
AcDbEntity
  8
Khung Tủ
 62
150
370
13
 60
1
100
AcDbLine
 10
25.80398556186992
 20
34.54984480344854
 30
0.0
 11
20.33487285101728
 21
36.01528913770733
 31
0.0
  0
TEXT
  5
1D2
330
DA
100
AcDbEntity
  8
Khung Tủ
 62
150
370
13
 60
1
100
AcDbText
 10
14.57495116301288
 20
46.61531657747389
 30
0.0
 40
1.181867939062301
  1
7
 50
285.0000000010701
  7
ROMANS
100
AcDbText
  0
TEXT
  5
1D3
330
DA
100
AcDbEntity
  8
Khung Tủ
 62
150
370
13
 60
1
100
AcDbText
 10
15.41215213363466
 20
42.66889587456524
 30
0.0
 40
1.181867939062301
  1
8
 50
270.0
  7
ROMANS
100
AcDbText
  0
TEXT
  5
1D4
330
DA
100
AcDbEntity
  8
Khung Tủ
 62
150
370
13
 60
1
100
AcDbText
 10
15.19941733525775
 20
38.64026264044503
 30
0.0
 40
1.181867939062301
  1
9
 50
254.9999999989299
  7
ROMANS
100
AcDbText
  0
LINE
  5
1D5
330
DA
100
AcDbEntity
  8
Khung Tủ
 62
150
370
13
 60
1
100
AcDbLine
 10
18.81398556909698
 20
47.84712987185037
 30
0.0
 11
17.24580164103827
 21
47.3148031587624
 31
0.0
  0
LINE
  5
1D6
330
DA
100
AcDbEntity
  8
Khung Tủ
 62
150
370
13
 60
1
100
AcDbLine
 10
18.35614175100636
 20
49.06359171615611
 30
0.0
 11
16.82613125791249
 21
48.4298406193119
 31
0.0
  0
LINE
  5
1D7
330
DA
100
AcDbEntity
  8
Khung Tủ
 62
150
370
13
 60
1
100
AcDbLine
 10
17.81971780043386
 20
50.24750460391794
 30
0.0
 11
16.33443248212279
 21
49.51504294275935
 31
0.0
  0
LINE
  5
1D8
330
DA
100
AcDbEntity
  8
Khung Tủ
 62
150
370
13
 60
1
100
AcDbLine
 10
19.82556168576411
 20
42.76159331157384
 30
0.0
 11
18.17303603763867
 21
42.65328105819924
 31
0.0
  0
LINE
  5
1D9
330
DA
100
AcDbEntity
  8
Khung Tủ
 62
150
370
13
 60
1
100
AcDbLine
 10
19.69816201030335
 20
44.05510392352868
 30
0.0
 11
18.05625850673823
 21
43.83894322651019
 31
0.0
  0
LINE
  5
1DA
330
DA
100
AcDbEntity
  8
Khung Tủ
 62
150
370
13
 60
1
100
AcDbLine
 10
19.48643546576204
 20
45.33751269250922
 30
0.0
 11
17.86218498962989
 21
45.01442918505915
 31
0.0
  0
LINE
  5
1DB
330
DA
100
AcDbEntity
  8
Khung Tủ
 62
150
370
13
 60
1
100
AcDbLine
 10
19.48643546576204
 20
37.58752704290953
 30
0.0
 11
17.86218498962989
 21
37.91061055035959
 31
0.0
  0
LINE
  5
1DC
330
DA
100
AcDbEntity
  8
Khung Tủ
 62
150
370
13
 60
1
100
AcDbLine
 10
19.69816201030335
 20
38.86993581189006
 30
0.0
 11
18.05625850673823
 21
39.08609650896676
 31
0.0
  0
LINE
  5
1DD
330
DA
100
AcDbEntity
  8
Khung Tủ
 62
150
370
13
 60
1
100
AcDbLine
 10
19.82556168576411
 20
40.1634464238449
 30
0.0
 11
18.17303603763867
 21
40.2717586772195
 31
0.0
  0
LINE
  5
1DE
330
DA
100
AcDbEntity
  8
Khung Tủ
 62
150
370
13
 60
1
100
AcDbLine
 10
17.81971780043386
 20
32.67753513155901
 30
0.0
 11
16.33443248212279
 21
33.4099967926594
 31
0.0
  0
LINE
  5
1DF
330
DA
100
AcDbEntity
  8
Khung Tủ
 62
150
370
13
 60
1
100
AcDbLine
 10
18.35614175100636
 20
33.86144801929174
 30
0.0
 11
16.82613125791249
 21
34.49519911613595
 31
0.0
  0
LINE
  5
1E0
330
DA
100
AcDbEntity
  8
Khung Tủ
 62
150
370
13
 60
1
100
AcDbLine
 10
18.81398556909698
 20
35.07790986362659
 30
0.0
 11
17.24580164103827
 21
35.61023657671456
 31
0.0
  0
LINE
  5
1E1
330
DA
100
AcDbEntity
  8
Khung Tủ
 62
150
370
13
 60
1
100
AcDbLine
 10
15.76355769527436
 20
29.3709607116906
 30
0.0
 11
14.44970789911167
 21
30.37911311841151
 31
0.0
  0
LINE
  5
1E2
330
DA
100
AcDbEntity
  8
Khung Tủ
 62
150
370
13
 60
1
100
AcDbLine
 10
16.52064435656939
 20
30.42747392399167
 30
0.0
 11
15.14367129163292
 21
31.34753791101673
 31
0.0
  0
LINE
  5
1E3
330
DA
100
AcDbEntity
  8
Khung Tủ
 62
150
370
13
 60
1
100
AcDbLine
 10
14.3821684843715
 20
33.16216434953083
 30
0.0
 11
17.20701076711702
 21
31.53124089720939
 31
0.0
  0
LINE
  5
1E4
330
DA
100
AcDbEntity
  8
Khung Tủ
 62
150
370
13
 60
1
100
AcDbLine
 10
16.04058653071115
 20
37.16593968924997
 30
0.0
 11
19.19128869734413
 21
36.32171158811241
 31
0.0
  0
LINE
  5
1E5
330
DA
100
AcDbEntity
  8
Khung Tủ
 62
150
370
13
 60
1
100
AcDbLine
 10
16.60624204228225
 20
41.46251986773847
 30
0.0
 11
19.86808894695423
 21
41.46251986773847
 31
0.0
  0
LINE
  5
1E6
330
DA
100
AcDbEntity
  8
Khung Tủ
 62
150
370
13
 60
1
100
AcDbLine
 10
16.04058653071115
 20
45.75910004616878
 30
0.0
 11
19.19128869734413
 21
46.60332814736455
 31
0.0
  0
LINE
  5
1E7
330
DA
100
AcDbEntity
  8
Khung Tủ
 62
150
370
13
 60
1
100
AcDbLine
 10
14.58272348980244
 20
61.71069052671362
 30
0.0
 11
12.54522870467917
 21
58.88054733058368
 31
0.0
  0
LINE
  5
1E8
330
DA
100
AcDbEntity
  8
Khung Tủ
 62
150
370
13
 60
1
100
AcDbLine
 10
15.14170483658381
 20
61.29630915563018
 30
0.0
 11
13.02607967202493
 21
58.52408519761218
 31
0.0
  0
LINE
  5
1E9
330
DA
100
AcDbEntity
  8
Khung Tủ
 62
150
370
13
 60
1
100
AcDbLine
 10
14.93899274444266
 20
54.55881432331796
 30
0.0
 11
13.69389232365938
 21
53.46689056027378
 31
0.0
  0
LINE
  5
1EA
330
DA
100
AcDbEntity
  8
Khung Tủ
 62
150
370
13
 60
1
100
AcDbLine
 10
11.74400635225174
 20
53.20099521409417
 30
0.0
 11
14.05048041774717
 21
55.5074692795896
 31
0.0
  0
ARC
  5
1EB
330
DA
100
AcDbEntity
  8
Khung Tủ
 62
150
370
13
 60
1
100
AcDbCircle
 10
0.0055310060124611
 20
41.46251986773847
 30
0.0
 40
21.4623320977283
100
AcDbArc
 50
52.65090479702505
 51
54.248890320913
  0
LINE
  5
1EC
330
DA
100
AcDbEntity
  8
Khung Tủ
 62
150
370
13
 60
1
100
AcDbLine
 10
13.18784553602745
 20
62.64528501716256
 30
0.0
 11
11.34531672672892
 21
59.68451094669569
 31
0.0
  0
ARC
  5
1ED
330
DA
100
AcDbEntity
  8
Khung Tủ
 62
150
370
13
 60
1
100
AcDbCircle
 10
0.0055310060124611
 20
41.46251986773847
 30
0.0
 40
24.94960832855544
100
AcDbArc
 50
58.10545024920361
 51
59.70343577650617
  0
ARC
  5
1EE
330
DA
100
AcDbEntity
  8
Khung Tủ
 62
150
370
13
 60
1
100
AcDbCircle
 10
0.0055310060124611
 20
41.46251986773847
 30
0.0
 40
21.4623320977283
100
AcDbArc
 50
58.10545024920361
 51
59.70343577650617
  0
LINE
  5
1EF
330
DA
100
AcDbEntity
  8
Khung Tủ
 62
150
370
13
 60
1
100
AcDbLine
 10
12.59200584659993
 20
63.0046554822037
 30
0.0
 11
10.83275920977758
 21
59.99365120111895
 31
0.0
  0
ARC
  5
1F0
330
DA
100
AcDbEntity
  8
Khung Tủ
 62
150
370
13
 60
1
100
AcDbCircle
 10
0.0055310060124611
 20
41.46251986773847
 30
0.0
 40
21.4623320977283
100
AcDbArc
 50
63.55999570715986
 51
65.15798123176558
  0
LINE
  5
1F1
330
DA
100
AcDbEntity
  8
Khung Tủ
 62
150
370
13
 60
1
100
AcDbLine
 10
10.48730313820124
 20
64.10353152178855
 30
0.0
 11
9.022236659700866
 21
60.93893427662249
 31
0.0
  0
LINE
  5
1F2
330
DA
100
AcDbEntity
  8
Khung Tủ
 62
150
370
13
 60
1
100
AcDbLine
 10
11.11460515383805
 20
63.80242647729744
 30
0.0
 11
9.56185892575013
 21
60.6799155227344
 31
0.0
  0
ARC
  5
1F3
330
DA
100
AcDbEntity
  8
Khung Tủ
 62
150
370
13
 60
1
100
AcDbCircle
 10
0.0055310060124611
 20
41.46251986773847
 30
0.0
 40
24.94960832855544
100
AcDbArc
 50
63.55999570715986
 51
65.15798123176558
  0
ARC
  5
1F4
330
DA
100
AcDbEntity
  8
Khung Tủ
 62
150
370
13
 60
1
100
AcDbCircle
 10
0.0055310060124611
 20
41.46251986773847
 30
0.0
 40
21.4623320977283
100
AcDbArc
 50
69.01454115947244
 51
70.6125266832974
  0
LINE
  5
1F5
330
DA
100
AcDbEntity
  8
Khung Tủ
 62
150
370
13
 60
1
100
AcDbLine
 10
8.287675878134905
 20
64.99736705359817
 30
0.0
 11
7.130057426882558
 21
61.70783592729993
 31
0.0
  0
LINE
  5
1F6
330
DA
100
AcDbEntity
  8
Khung Tủ
 62
150
370
13
 60
1
100
AcDbLine
 10
8.940759275879827
 20
64.75725428371504
 30
0.0
 11
7.691857539422926
 21
61.501284387792
 31
0.0
  0
ARC
  5
1F7
330
DA
100
AcDbEntity
  8
Khung Tủ
 62
150
370
13
 60
1
100
AcDbCircle
 10
0.0055310060124611
 20
41.46251986773847
 30
0.0
 40
24.94960832855544
100
AcDbArc
 50
69.01454115947244
 51
70.6125266832974
  0
ARC
  5
1F8
330
DA
100
AcDbEntity
  8
Khung Tủ
 62
150
370
13
 60
1
100
AcDbCircle
 10
0.0055310060124611
 20
41.46251986773847
 30
0.0
 40
21.4623320977283
100
AcDbArc
 50
74.46908661202254
 51
76.06707214031312
  0
LINE
  5
1F9
330
DA
100
AcDbEntity
  8
Khung Tủ
 62
150
370
13
 60
1
100
AcDbLine
 10
6.013044231644016
 20
65.6780673649481
 30
0.0
 11
5.173357379579101
 21
62.29339286063612
 31
0.0
  0
LINE
  5
1FA
330
DA
100
AcDbEntity
  8
Khung Tủ
 62
150
370
13
 60
1
100
AcDbLine
 10
6.685994587096502
 20
65.5011213680117
 30
0.0
 11
5.752247589771286
 21
62.14117909838376
 31
0.0
  0
ARC
  5
1FB
330
DA
100
AcDbEntity
  8
Khung Tủ
 62
150
370
13
 60
1
100
AcDbCircle
 10
0.0055310060124611
 20
41.46251986773847
 30
0.0
 40
24.94960832855544
100
AcDbArc
 50
74.46908661202254
 51
76.06707214031312
  0
ARC
  5
1FC
330
DA
100
AcDbEntity
  8
Khung Tủ
 62
150
370
13
 60
1
100
AcDbCircle
 10
0.0055310060124611
 20
41.46251986773847
 30
0.0
 40
21.4623320977283
100
AcDbArc
 50
79.92363207042962
 51
81.52161759621133
  0
LINE
  5
1FD
330
DA
100
AcDbEntity
  8
Khung Tủ
 62
150
370
13
 60
1
100
AcDbLine
 10
4.370730585491401
 20
66.02729115464888
 30
0.0
 11
3.760594484963803
 21
62.59380466876598
 31
0.0
  0
LINE
  5
1FE
330
DA
100
AcDbEntity
  8
Khung Tủ
 62
150
370
13
 60
1
100
AcDbLine
 10
3.684007615011068
 20
66.13946792828197
 30
0.0
 11
3.169856696404167
 21
62.69030218241084
 31
0.0
  0
ARC
  5
1FF
330
DA
100
AcDbEntity
  8
Khung Tủ
 62
150
370
13
 60
1
100
AcDbCircle
 10
0.0055310060124611
 20
41.46251986773847
 30
0.0
 40
24.94960832855544
100
AcDbArc
 50
79.92363207042962
 51
81.52161759621133
  0
ARC
  5
200
330
DA
100
AcDbEntity
  8
Khung Tủ
 62
150
370
13
 60
1
100
AcDbCircle
 10
0.0055310060124611
 20
41.46251986773847
 30
0.0
 40
21.4623320977283
100
AcDbArc
 50
85.37817752088303
 51
86.97616304699012
  0
LINE
  5
201
330
DA
100
AcDbEntity
  8
Khung Tủ
 62
150
370
13
 60
1
100
AcDbLine
 10
1.321658144719549
 20
66.37739022869197
 30
0.0
 11
1.137699389699264
 21
62.89496942034737
 31
0.0
  0
LINE
  5
202
330
DA
100
AcDbEntity
  8
Khung Tủ
 62
150
370
13
 60
1
100
AcDbLine
 10
2.015934660550556
 20
66.33099856854813
 30
0.0
 11
1.734934943597181
 21
62.85506205171976
 31
0.0
  0
ARC
  5
203
330
DA
100
AcDbEntity
  8
Khung Tủ
 62
150
370
13
 60
1
100
AcDbCircle
 10
0.0055310060124611
 20
41.46251986773847
 30
0.0
 40
24.94960832855544
100
AcDbArc
 50
85.37817752088303
 51
86.97616304699012
  0
ARC
  5
204
330
DA
100
AcDbEntity
  8
Khung Tủ
 62
150
370
13
 60
1
100
AcDbCircle
 10
0.0055310060124611
 20
41.46251986773847
 30
0.0
 40
21.4623320977283
100
AcDbArc
 50
90.8327229788168
 51
92.43070850387011
  0
LINE
  5
205
330
DA
100
AcDbEntity
  8
Khung Tủ
 62
150
370
13
 60
1
100
AcDbLine
 10
-1.052610376806114
 20
66.38967960489379
 30
0.0
 11
-0.9047110092797083
 21
62.9055410761938
 31
0.0
  0
LINE
  5
206
330
DA
100
AcDbEntity
  8
Khung Tủ
 62
150
370
13
 60
1
100
AcDbLine
 10
-0.3570677910320228
 20
66.40949318838818
 30
0.0
 11
-0.3063863475545077
 21
62.92258525996283
 31
0.0
  0
ARC
  5
207
330
DA
100
AcDbEntity
  8
Khung Tủ
 62
150
370
13
 60
1
100
AcDbCircle
 10
0.0055310060124611
 20
41.46251986773847
 30
0.0
 40
24.94960832855544
100
AcDbArc
 50
90.8327229788168
 51
92.43070850387011
  0
ARC
  5
208
330
DA
100
AcDbEntity
  8
Khung Tủ
 62
150
370
13
 60
1
100
AcDbCircle
 10
0.0055310060124611
 20
41.46251986773847
 30
0.0
 40
21.4623320977283
100
AcDbArc
 50
96.28726843037636
 51
97.88525396003759
  0
LINE
  5
209
330
DA
100
AcDbEntity
  8
Khung Tủ
 62
150
370
13
 60
1
100
AcDbLine
 10
-3.417296206040191
 20
66.17622476253007
 30
0.0
 11
-2.938878115455736
 21
62.72192141147377
 31
0.0
  0
LINE
  5
20A
330
DA
100
AcDbEntity
  8
Khung Tủ
 62
150
370
13
 60
1
100
AcDbLine
 10
-2.726786491999519
 20
66.26206415462354
 30
0.0
 11
-2.344882866877014
 21
62.79576279279706
 31
0.0
  0
ARC
  5
20B
330
DA
100
AcDbEntity
  8
Khung Tủ
 62
150
370
13
 60
1
100
AcDbCircle
 10
0.0055310060124611
 20
41.46251986773847
 30
0.0
 40
24.94960832855544
100
AcDbArc
 50
96.28726843037636
 51
97.88525396003759
  0
ARC
  5
20C
330
DA
100
AcDbEntity
  8
Khung Tủ
 62
150
370
13
 60
1
100
AcDbCircle
 10
0.0055310060124611
 20
41.46251986773847
 30
0.0
 40
21.4623320977283
100
AcDbArc
 50
101.7418138862346
 51
103.3397994108325
  0
LINE
  5
20D
330
DA
100
AcDbEntity
  8
Khung Tủ
 62
150
370
13
 60
1
100
AcDbLine
 10
-5.750984382102615
 20
65.73895878151222
 30
0.0
 11
-4.946380196794052
 21
62.34577331428579
 31
0.0
  0
ARC
  5
20E
330
DA
100
AcDbEntity
  8
Khung Tủ
 62
150
370
13
 60
1
100
AcDbCircle
 10
0.0055310060124611
 20
41.46251986773847
 30
0.0
 40
24.94960832855544
100
AcDbArc
 50
101.7418138862346
 51
103.3397994108325
  0
LINE
  5
20F
330
DA
100
AcDbEntity
  8
Khung Tủ
 62
150
370
13
 60
1
100
AcDbLine
 10
-5.071760902399546
 20
65.890046607601
 30
0.0
 11
-4.362093674208153
 21
62.4757431741599
 31
0.0
  0
ARC
  5
210
330
DA
100
AcDbEntity
  8
Khung Tủ
 62
150
370
13
 60
1
100
AcDbCircle
 10
0.0055310060124611
 20
41.46251986773847
 30
0.0
 40
24.94960832855544
100
AcDbArc
 50
156.2872684311781
 51
157.885253956726
  0
ARC
  5
211
330
DA
100
AcDbEntity
  8
Khung Tủ
 62
150
370
13
 60
1
100
AcDbCircle
 10
0.0055310060124611
 20
41.46251986773847
 30
0.0
 40
24.94960832855544
100
AcDbArc
 50
150.8327229783925
 51
152.4307085023798
  0
LINE
  5
212
330
DA
100
AcDbEntity
  8
Khung Tủ
 62
150
370
13
 60
1
100
AcDbLine
 10
-21.78048103574838
 20
53.62198675841489
 30
0.0
 11
-18.73538946725602
 21
51.92242421187973
 31
0.0
  0
LINE
  5
213
330
DA
100
AcDbEntity
  8
Khung Tủ
 62
150
370
13
 60
1
100
AcDbLine
 10
-22.11109326199221
 20
53.00972241807892
 30
0.0
 11
-19.01979110208049
 21
51.39573776324676
 31
0.0
  0
ARC
  5
214
330
DA
100
AcDbEntity
  8
Khung Tủ
 62
150
370
13
 60
1
100
AcDbCircle
 10
0.0055310060124611
 20
41.46251986773847
 30
0.0
 40
21.4623320977283
100
AcDbArc
 50
150.8327229783925
 51
152.4307085023798
  0
ARC
  5
215
330
DA
100
AcDbEntity
  8
Khung Tủ
 62
150
370
13
 60
1
100
AcDbCircle
 10
0.0055310060124611
 20
41.46251986773847
 30
0.0
 40
24.94960832855544
100
AcDbArc
 50
145.3781775227594
 51
146.9761630492045
  0
LINE
  5
216
330
DA
100
AcDbEntity
  8
Khung Tủ
 62
150
370
13
 60
1
100
AcDbLine
 10
-20.52600147506746
 20
55.6378198549063
 30
0.0
 11
-17.65625200809154
 21
53.65649870315962
 31
0.0
  0
LINE
  5
217
330
DA
100
AcDbEntity
  8
Khung Tủ
 62
150
370
13
 60
1
100
AcDbLine
 10
-20.91331608923792
 20
55.05975458495948
 30
0.0
 11
-17.98943058006989
 21
53.15923122568335
 31
0.0
  0
ARC
  5
218
330
DA
100
AcDbEntity
  8
Khung Tủ
 62
150
370
13
 60
1
100
AcDbCircle
 10
0.0055310060124611
 20
41.46251986773847
 30
0.0
 40
21.4623320977283
100
AcDbArc
 50
145.3781775227594
 51
146.9761630492045
  0
ARC
  5
219
330
DA
100
AcDbEntity
  8
Khung Tủ
 62
150
370
13
 60
1
100
AcDbCircle
 10
0.0055310060124611
 20
41.46251986773847
 30
0.0
 40
24.94960832855544
100
AcDbArc
 50
139.9236320673426
 51
141.5216175951573
  0
LINE
  5
21A
330
DA
100
AcDbEntity
  8
Khung Tủ
 62
150
370
13
 60
1
100
AcDbLine
 10
-19.08558517693018
 20
57.52527923964942
 30
0.0
 11
-16.41716670682945
 21
55.28014263387001
 31
0.0
  0
LINE
  5
21B
330
DA
100
AcDbEntity
  8
Khung Tủ
 62
150
370
13
 60
1
100
AcDbLine
 10
-19.52609459780797
 20
56.98664808871388
 30
0.0
 11
-16.79610489938932
 21
54.81679745878489
 31
0.0
  0
ARC
  5
21C
330
DA
100
AcDbEntity
  8
Khung Tủ
 62
150
370
13
 60
1
100
AcDbCircle
 10
0.0055310060124611
 20
41.46251986773847
 30
0.0
 40
21.4623320977283
100
AcDbArc
 50
139.9236320673426
 51
141.5216175951573
  0
ARC
  5
21D
330
DA
100
AcDbEntity
  8
Khung Tủ
 62
150
370
13
 60
1
100
AcDbCircle
 10
0.0055310060124611
 20
41.46251986773847
 30
0.0
 40
24.94960832855544
100
AcDbArc
 50
134.4690866156353
 51
136.0670721411086
  0
LINE
  5
21E
330
DA
100
AcDbEntity
  8
Khung Tủ
 62
150
370
13
 60
1
100
AcDbLine
 10
-17.47227677424962
 20
59.26727178813587
 30
0.0
 11
-15.02935491206881
 21
56.77865203308454
 31
0.0
  0
LINE
  5
21F
330
DA
100
AcDbEntity
  8
Khung Tủ
 62
150
370
13
 60
1
100
AcDbLine
 10
-17.9619916803058
 20
58.77295268340083
 30
0.0
 11
-15.45062100207724
 21
56.3534252860262
 31
0.0
  0
ARC
  5
220
330
DA
100
AcDbEntity
  8
Khung Tủ
 62
150
370
13
 60
1
100
AcDbCircle
 10
0.0055310060124611
 20
41.46251986773847
 30
0.0
 40
21.4623320977283
100
AcDbArc
 50
134.4690866156353
 51
136.0670721411086
  0
ARC
  5
221
330
DA
100
AcDbEntity
  8
Khung Tủ
 62
150
370
13
 60
1
100
AcDbCircle
 10
0.0055310060124611
 20
41.46251986773847
 30
0.0
 40
24.94960832855544
100
AcDbArc
 50
129.0145411599159
 51
130.6125266831033
  0
LINE
  5
222
330
DA
100
AcDbEntity
  8
Khung Tủ
 62
150
370
13
 60
1
100
AcDbLine
 10
-15.70068663785059
 20
60.84802174610365
 30
0.0
 11
-13.50538486211735
 21
58.13845616763853
 31
0.0
  0
LINE
  5
223
330
DA
100
AcDbEntity
  8
Khung Tủ
 62
150
370
13
 60
1
100
AcDbLine
 10
-16.23517209508281
 20
60.40249131784356
 30
0.0
 11
-13.96516379881359
 21
57.75519876794703
 31
0.0
  0
ARC
  5
224
330
DA
100
AcDbEntity
  8
Khung Tủ
 62
150
370
13
 60
1
100
AcDbCircle
 10
0.0055310060124611
 20
41.46251986773847
 30
0.0
 40
21.4623320977283
100
AcDbArc
 50
129.0145411599159
 51
130.6125266831033
  0
ARC
  5
225
330
DA
100
AcDbEntity
  8
Khung Tủ
 62
150
370
13
 60
1
100
AcDbCircle
 10
0.0055310060124611
 20
41.46251986773847
 30
0.0
 40
24.94960832855544
100
AcDbArc
 50
123.5599957044238
 51
125.157981230773
  0
LINE
  5
226
330
DA
100
AcDbEntity
  8
Khung Tủ
 62
150
370
13
 60
1
100
AcDbLine
 10
-13.78685856210359
 20
62.25321359715588
 30
0.0
 11
-11.85905786590592
 21
59.34724044073653
 31
0.0
  0
LINE
  5
227
330
DA
100
AcDbEntity
  8
Khung Tủ
 62
150
370
13
 60
1
100
AcDbLine
 10
-14.36127418770047
 20
61.86050663788035
 30
0.0
 11
-12.35318581991305
 21
59.00942322677281
 31
0.0
  0
ARC
  5
228
330
DA
100
AcDbEntity
  8
Khung Tủ
 62
150
370
13
 60
1
100
AcDbCircle
 10
0.0055310060124611
 20
41.46251986773847
 30
0.0
 40
21.4623320977283
100
AcDbArc
 50
123.5599957044238
 51
125.157981230773
  0
ARC
  5
229
330
DA
100
AcDbEntity
  8
Khung Tủ
 62
150
370
13
 60
1
100
AcDbCircle
 10
0.0055310060124611
 20
41.46251986773847
 30
0.0
 40
24.94960832855544
100
AcDbArc
 50
118.1054502497484
 51
119.7034357772071
  0
LINE
  5
22A
330
DA
100
AcDbEntity
  8
Khung Tủ
 62
150
370
13
 60
1
100
AcDbLine
 10
-11.74812447083241
 20
63.47012170615187
 30
0.0
 11
-10.10528331559908
 21
60.39405791480374
 31
0.0
  0
LINE
  5
22B
330
DA
100
AcDbEntity
  8
Khung Tủ
 62
150
370
13
 60
1
100
AcDbLine
 10
-12.35726826764585
 20
63.13379463112494
 30
0.0
 11
-10.62928538765118
 21
60.10474021152174
 31
0.0
  0
ARC
  5
22C
330
DA
100
AcDbEntity
  8
Khung Tủ
 62
150
370
13
 60
1
100
AcDbCircle
 10
0.0055310060124611
 20
41.46251986773847
 30
0.0
 40
21.4623320977283
100
AcDbArc
 50
118.1054502497484
 51
119.7034357772071
  0
ARC
  5
22D
330
DA
100
AcDbEntity
  8
Khung Tủ
 62
150
370
13
 60
1
100
AcDbCircle
 10
0.0055310060124611
 20
41.46251986773847
 30
0.0
 40
24.94960832855544
100
AcDbArc
 50
112.6509047978011
 51
114.2488903189138
  0
LINE
  5
22E
330
DA
100
AcDbEntity
  8
Khung Tủ
 62
150
370
13
 60
1
100
AcDbLine
 10
-9.602947455408867
 20
64.4877255650498
 30
0.0
 11
-8.259943665019819
 21
61.2694284487369
 31
0.0
  0
LINE
  5
22F
330
DA
100
AcDbEntity
  8
Khung Tủ
 62
150
370
13
 60
1
100
AcDbLine
 10
-10.24130292299378
 20
64.21082420412847
 30
0.0
 11
-8.809074411328766
 21
61.03123036203021
 31
0.0
  0
ARC
  5
230
330
DA
100
AcDbEntity
  8
Khung Tủ
 62
150
370
13
 60
1
100
AcDbCircle
 10
0.0055310060124611
 20
41.46251986773847
 30
0.0
 40
21.4623320977283
100
AcDbArc
 50
112.6509047978011
 51
114.2488903189138
  0
ARC
  5
231
330
DA
100
AcDbEntity
  8
Khung Tủ
 62
150
370
13
 60
1
100
AcDbCircle
 10
0.0055310060124611
 20
41.46251986773847
 30
0.0
 40
21.4623320977283
100
AcDbArc
 50
107.1963593413103
 51
108.7943448683166
  0
LINE
  5
232
330
DA
100
AcDbEntity
  8
Khung Tủ
 62
150
370
13
 60
1
100
AcDbLine
 10
-8.032540663421967
 20
65.08184161050292
 30
0.0
 11
-6.909037003395496
 21
61.78050324005005
 31
0.0
  0
LINE
  5
233
330
DA
100
AcDbEntity
  8
Khung Tủ
 62
150
370
13
 60
1
100
AcDbLine
 10
-7.370754571064026
 20
65.29680959564564
 30
0.0
 11
-6.339750595900113
 21
61.96542455132282
 31
0.0
  0
ARC
  5
234
330
DA
100
AcDbEntity
  8
Khung Tủ
 62
150
370
13
 60
1
100
AcDbCircle
 10
0.0055310060124611
 20
41.46251986773847
 30
0.0
 40
24.94960832855544
100
AcDbArc
 50
107.1963593413103
 51
108.7943448683166
  0
LINE
  5
235
330
DA
100
AcDbEntity
  8
Khung Tủ
 62
150
370
13
 60
1
100
AcDbLine
 10
-6.907144058364792
 20
67.26097442362504
 30
0.0
 11
-5.441699724047794
 21
61.7918617128015
 31
0.0
  0
LINE
  5
236
330
DA
100
AcDbEntity
  8
Khung Tủ
 62
150
370
13
 60
1
100
AcDbLine
 10
-6.692053842140012
 20
66.45824680880457
 30
0.0
 11
-5.441699724047794
 21
61.7918617128015
 31
0.0
  0
TEXT
  5
237
330
DA
100
AcDbEntity
  8
Khung Tủ
 62
150
370
13
 60
1
100
AcDbText
 10
-1.200845000901608
 20
56.8691409954771
 30
0.0
 40
1.181867939062301
  1
2
  7
ROMANS
100
AcDbText
  0
TEXT
  5
238
330
DA
100
AcDbEntity
  8
Khung Tủ
 62
150
370
13
 60
1
100
AcDbText
 10
2.827788233276805
 20
56.65640619701287
 30
0.0
 40
1.181867939062301
  1
3
 50
344.9999999998847
  7
ROMANS
100
AcDbText
  0
TEXT
  5
239
330
DA
100
AcDbEntity
  8
Khung Tủ
 62
150
370
13
 60
1
100
AcDbText
 10
6.664089301353669
 20
55.40823315425939
 30
0.0
 40
1.181867939062301
  1
4
 50
330.000000000754
  7
ROMANS
100
AcDbText
  0
TEXT
  5
23A
330
DA
100
AcDbEntity
  8
Khung Tủ
 62
150
370
13
 60
1
100
AcDbText
 10
10.04662062543502
 20
53.20968279747456
 30
0.0
 40
1.181867939062301
  1
5
 50
315.0
  7
ROMANS
100
AcDbText
  0
TEXT
  5
23B
330
DA
100
AcDbEntity
  8
Khung Tủ
 62
150
370
13
 60
1
100
AcDbText
 10
-11.74163192378182
 20
51.50360948724835
 30
0.0
 40
1.181867939062301
  1
23
 50
45.0
  7
ROMANS
100
AcDbText
  0
TEXT
  5
23C
330
DA
100
AcDbEntity
  8
Khung Tủ
 62
150
370
13
 60
1
100
AcDbText
 10
-8.742531826384948
 20
54.20185714743263
 30
0.0
 40
1.181867939062301
  1
24
 50
29.99999999924606
  7
ROMANS
100
AcDbText
  0
TEXT
  5
23D
330
DA
100
AcDbEntity
  8
Khung Tủ
 62
150
370
13
 60
1
100
AcDbText
 10
-5.147265703810262
 20
56.0319400247098
 30
0.0
 40
1.181867939062301
  1
1
 50
15.0000000001153
  7
ROMANS
100
AcDbText
  0
LINE
  5
23E
330
DA
100
AcDbEntity
  8
Khung Tủ
 62
150
370
13
 60
1
100
AcDbLine
 10
-1.293542437822907
 20
61.28255054757744
 30
0.0
 11
-1.18523018459382
 21
59.63002489942289
 31
0.0
  0
LINE
  5
23F
330
DA
100
AcDbEntity
  8
Khung Tủ
 62
150
370
13
 60
1
100
AcDbLine
 10
-2.587053049835958
 20
61.15515087211668
 30
0.0
 11
-2.370892352817463
 21
59.51324736860977
 31
0.0
  0
LINE
  5
240
330
DA
100
AcDbEntity
  8
Khung Tủ
 62
150
370
13
 60
1
100
AcDbLine
 10
-3.869461818729178
 20
60.94342432748806
 30
0.0
 11
-3.546378311424632
 21
59.31917385135591
 31
0.0
  0
LINE
  5
241
330
DA
100
AcDbEntity
  8
Khung Tủ
 62
150
370
13
 60
1
100
AcDbLine
 10
3.880523830695892
 20
60.94342432748806
 30
0.0
 11
3.557440323274931
 21
59.31917385135591
 31
0.0
  0
LINE
  5
242
330
DA
100
AcDbEntity
  8
Khung Tủ
 62
150
370
13
 60
1
100
AcDbLine
 10
2.598115061686257
 20
61.15515087211668
 30
0.0
 11
2.38195436472597
 21
59.51324736860977
 31
0.0
  0
LINE
  5
243
330
DA
100
AcDbEntity
  8
Khung Tủ
 62
150
370
13
 60
1
100
AcDbLine
 10
1.304604449731414
 20
61.28255054757744
 30
0.0
 11
1.196292196444119
 21
59.63002489942289
 31
0.0
  0
LINE
  5
244
330
DA
100
AcDbEntity
  8
Khung Tủ
 62
150
370
13
 60
1
100
AcDbLine
 10
8.79051574213372
 20
59.27670666218898
 30
0.0
 11
8.058054080975126
 21
57.7914213437906
 31
0.0
  0
LINE
  5
245
330
DA
100
AcDbEntity
  8
Khung Tủ
 62
150
370
13
 60
1
100
AcDbLine
 10
7.606602854400989
 20
59.81313061276148
 30
0.0
 11
6.972851757527678
 21
58.2831201195803
 31
0.0
  0
LINE
  5
246
330
DA
100
AcDbEntity
  8
Khung Tủ
 62
150
370
13
 60
1
100
AcDbLine
 10
6.390141010007937
 20
60.27097443093942
 30
0.0
 11
5.857814297036384
 21
58.7027905028516
 31
0.0
  0
LINE
  5
247
330
DA
100
AcDbEntity
  8
Khung Tủ
 62
150
370
13
 60
1
100
AcDbLine
 10
13.10182546159194
 20
56.39598160619778
 30
0.0
 11
12.00990169851866
 21
55.15088118547271
 31
0.0
  0
LINE
  5
248
330
DA
100
AcDbEntity
  8
Khung Tủ
 62
150
370
13
 60
1
100
AcDbLine
 10
12.09709016197303
 20
57.22054655697127
 30
0.0
 11
11.0889377551357
 21
55.9066967608668
 31
0.0
  0
LINE
  5
249
330
DA
100
AcDbEntity
  8
Khung Tủ
 62
150
370
13
 60
1
100
AcDbLine
 10
11.04057694970106
 20
57.97763321835361
 30
0.0
 11
10.12051296261779
 21
56.60066015330073
 31
0.0
  0
LINE
  5
24A
330
DA
100
AcDbEntity
  8
Khung Tủ
 62
150
370
13
 60
1
100
AcDbLine
 10
-14.92793073247594
 20
54.55881432331796
 30
0.0
 11
-13.68283031180908
 21
53.46689056027378
 31
0.0
  0
LINE
  5
24B
330
DA
100
AcDbEntity
  8
Khung Tủ
 62
150
370
13
 60
1
100
AcDbLine
 10
-15.75249568327854
 20
53.55407902372815
 30
0.0
 11
-14.43864588726137
 21
52.54592661697813
 31
0.0
  0
LINE
  5
24C
330
DA
100
AcDbEntity
  8
Khung Tủ
 62
150
370
13
 60
1
100
AcDbLine
 10
-16.50958234466088
 20
52.49756581145618
 30
0.0
 11
-15.13260927966621
 21
51.57750182440202
 31
0.0
  0
LINE
  5
24D
330
DA
100
AcDbEntity
  8
Khung Tủ
 62
150
370
13
 60
1
100
AcDbLine
 10
-11.02951493770524
 20
57.97763321835361
 30
0.0
 11
-10.10945095070929
 21
56.60066015330073
 31
0.0
  0
LINE
  5
24E
330
DA
100
AcDbEntity
  8
Khung Tủ
 62
150
370
13
 60
1
100
AcDbLine
 10
-12.08602815000631
 20
57.22054655697127
 30
0.0
 11
-11.0778757432854
 21
55.9066967608668
 31
0.0
  0
LINE
  5
24F
330
DA
100
AcDbEntity
  8
Khung Tủ
 62
150
370
13
 60
1
100
AcDbLine
 10
-13.09076344962523
 20
56.39598160619778
 30
0.0
 11
-11.99883968666836
 21
55.15088118547271
 31
0.0
  0
LINE
  5
250
330
DA
100
AcDbEntity
  8
Khung Tủ
 62
150
370
13
 60
1
100
AcDbLine
 10
-9.925747964603943
 20
58.66399962884305
 30
0.0
 11
-8.294824512224295
 21
55.83915734606842
 31
0.0
  0
LINE
  5
251
330
DA
100
AcDbEntity
  8
Khung Tủ
 62
150
370
13
 60
1
100
AcDbLine
 10
-8.779453730167006
 20
59.27670666218898
 30
0.0
 11
-8.046992069124826
 21
57.7914213437906
 31
0.0
  0
LINE
  5
252
330
DA
100
AcDbEntity
  8
Khung Tủ
 62
150
370
13
 60
1
100
AcDbLine
 10
-7.595540842521586
 20
59.81313061276148
 30
0.0
 11
-6.961789745619171
 21
58.2831201195803
 31
0.0
  0
LINE
  5
253
330
DA
100
AcDbEntity
  8
Khung Tủ
 62
150
370
13
 60
1
100
AcDbLine
 10
-6.37907899809943
 20
60.27097443093942
 30
0.0
 11
-5.846752285127877
 21
58.7027905028516
 31
0.0
  0
LINE
  5
254
330
DA
100
AcDbEntity
  8
Khung Tủ
 62
150
370
13
 60
1
100
AcDbLine
 10
0.0055310060124611
 20
61.32507780879667
 30
0.0
 11
0.0055310060124611
 21
58.06323090409557
 31
0.0
  0
LINE
  5
255
330
DA
100
AcDbEntity
  8
Khung Tủ
 62
150
370
13
 60
1
100
AcDbLine
 10
5.146339285609428
 20
60.64827755912836
 30
0.0
 11
4.302111184355453
 21
57.49757539249538
 31
0.0
  0
LINE
  5
256
330
DA
100
AcDbEntity
  8
Khung Tủ
 62
150
370
13
 60
1
100
AcDbLine
 10
9.936809976599761
 20
58.66399962884305
 30
0.0
 11
8.305886524132802
 21
55.83915734606842
 31
0.0
  0
LINE
  5
257
330
DA
100
AcDbEntity
  8
Khung Tủ
 62
150
370
13
 60
1
100
AcDbLine
 10
-9.925747964603943
 20
58.66399962884305
 30
0.0
 11
-8.294824512224295
 21
55.83915734606842
 31
0.0
  0
LINE
  5
258
330
DA
100
AcDbEntity
  8
Khung Tủ
 62
150
370
13
 60
1
100
AcDbLine
 10
-14.03941840583866
 20
55.5074692795896
 30
0.0
 11
-11.73294434028503
 21
53.20099521409417
 31
0.0
  0
LINE
  5
259
330
DA
100
AcDbEntity
  8
Khung Tủ
 62
150
370
13
 60
1
100
AcDbLine
 10
-5.135277273700921
 20
60.64827755912836
 30
0.0
 11
-4.291049172505154
 21
57.49757539249538
 31
0.0
  0
ARC
  5
25A
330
DA
100
AcDbEntity
  8
Khung Tủ
 62
150
370
13
 60
1
100
AcDbCircle
 10
0.0055310060124611
 20
41.46251986773847
 30
0.0
 40
24.94960832855544
100
AcDbArc
 50
47.19635934258515
 51
48.79434486548851
  0
LINE
  5
25B
330
DA
100
AcDbEntity
  8
Khung Tủ
 62
150
370
13
 60
1
100
AcDbLine
 10
16.95848860290425
 20
59.76771542699123
 30
0.0
 11
14.5889265123842
 21
57.20914727104525
 31
0.0
  0
LINE
  5
25C
330
DA
100
AcDbEntity
  8
Khung Tủ
 62
150
370
13
 60
1
100
AcDbLine
 10
16.44142782063864
 20
60.23335500220117
 30
0.0
 11
14.14413675536343
 21
57.60970310615073
 31
0.0
  0
ARC
  5
25D
330
DA
100
AcDbEntity
  8
Khung Tủ
 62
150
370
13
 60
1
100
AcDbCircle
 10
0.0055310060124611
 20
41.46251986773847
 30
0.0
 40
21.4623320977283
100
AcDbArc
 50
47.19635934258515
 51
48.79434486548851
  0
ARC
  5
25E
330
DA
100
AcDbEntity
  8
Khung Tủ
 62
150
370
13
 60
1
100
AcDbCircle
 10
0.0055310060124611
 20
41.46251986773847
 30
0.0
 40
24.94960832855544
100
AcDbArc
 50
52.65090479702505
 51
54.248890320913
  0
ARC
  5
25F
330
DA
100
AcDbEntity
  8
Khung Tủ
 62
150
370
13
 60
1
100
AcDbCircle
 10
0.0055310060124611
 20
41.46251986773847
 30
0.0
 40
21.4623320977283
100
AcDbArc
 50
25.37817752342401
 51
26.97616304906308
  0
LINE
  5
260
330
DA
100
AcDbEntity
  8
Khung Tủ
 62
150
370
13
 60
1
100
AcDbLine
 10
22.24050523991173
 20
52.78015551141277
 30
0.0
 11
19.13266097569431
 21
51.19825806234428
 31
0.0
  0
LINE
  5
261
330
DA
100
AcDbEntity
  8
Khung Tủ
 62
150
370
13
 60
1
100
AcDbLine
 10
22.54746714168868
 20
52.15569858126389
 30
0.0
 11
19.39671795764297
 21
50.66108321629861
 31
0.0
  0
ARC
  5
262
330
DA
100
AcDbEntity
  8
Khung Tủ
 62
150
370
13
 60
1
100
AcDbCircle
 10
0.0055310060124611
 20
41.46251986773847
 30
0.0
 40
24.94960832855544
100
AcDbArc
 50
25.37817752342401
 51
26.97616304906308
  0
ARC
  5
263
330
DA
100
AcDbEntity
  8
Khung Tủ
 62
150
370
13
 60
1
100
AcDbCircle
 10
0.0055310060124611
 20
41.46251986773847
 30
0.0
 40
21.4623320977283
100
AcDbArc
 50
30.8327229786847
 51
32.43070850320034
  0
LINE
  5
264
330
DA
100
AcDbEntity
  8
Khung Tủ
 62
150
370
13
 60
1
100
AcDbLine
 10
21.06401389114035
 20
54.84247705455334
 30
0.0
 11
18.12061109881324
 21
52.97232318068552
 31
0.0
  0
LINE
  5
265
330
DA
100
AcDbEntity
  8
Khung Tủ
 62
150
370
13
 60
1
100
AcDbLine
 10
21.42894425067061
 20
54.25002629762445
 30
0.0
 11
18.43453412565577
 21
52.46268091582158
 31
0.0
  0
ARC
  5
266
330
DA
100
AcDbEntity
  8
Khung Tủ
 62
150
370
13
 60
1
100
AcDbCircle
 10
0.0055310060124611
 20
41.46251986773847
 30
0.0
 40
24.94960832855544
100
AcDbArc
 50
30.8327229786847
 51
32.43070850320034
  0
ARC
  5
267
330
DA
100
AcDbEntity
  8
Khung Tủ
 62
150
370
13
 60
1
100
AcDbCircle
 10
0.0055310060124611
 20
41.46251986773847
 30
0.0
 40
21.4623320977283
100
AcDbArc
 50
36.28726843070714
 51
37.88525395707298
  0
LINE
  5
268
330
DA
100
AcDbEntity
  8
Khung Tủ
 62
150
370
13
 60
1
100
AcDbLine
 10
19.69681366036821
 20
56.78362763351458
 30
0.0
 11
16.94450825131207
 21
54.64215373790636
 31
0.0
  0
LINE
  5
269
330
DA
100
AcDbEntity
  8
Khung Tủ
 62
150
370
13
 60
1
100
AcDbLine
 10
20.11640761174203
 20
56.22854837558396
 30
0.0
 11
17.30545438778063
 21
54.16465945354127
 31
0.0
  0
ARC
  5
26A
330
DA
100
AcDbEntity
  8
Khung Tủ
 62
150
370
13
 60
1
100
AcDbCircle
 10
0.0055310060124611
 20
41.46251986773847
 30
0.0
 40
24.94960832855544
100
AcDbArc
 50
36.28726843070714
 51
37.88525395707298
  0
ARC
  5
26B
330
DA
100
AcDbEntity
  8
Khung Tủ
 62
150
370
13
 60
1
100
AcDbCircle
 10
0.0055310060124611
 20
41.46251986773847
 30
0.0
 40
21.4623320977283
100
AcDbArc
 50
41.74181388657324
 51
43.33979941016152
  0
LINE
  5
26C
330
DA
100
AcDbEntity
  8
Khung Tủ
 62
150
370
13
 60
1
100
AcDbLine
 10
18.15128612464468
 20
58.58602788801352
 30
0.0
 11
15.61500340294151
 21
56.19262748984318
 31
0.0
  0
ARC
  5
26D
330
DA
100
AcDbEntity
  8
Khung Tủ
 62
150
370
13
 60
1
100
AcDbCircle
 10
0.0055310060124611
 20
41.46251986773847
 30
0.0
 40
24.94960832855544
100
AcDbArc
 50
41.74181388657324
 51
43.33979941016152
  0
LINE
  5
26E
330
DA
100
AcDbEntity
  8
Khung Tủ
 62
150
370
13
 60
1
100
AcDbLine
 10
18.62174376005714
 20
58.07334701273055
 30
0.0
 11
16.01970386468747
 21
55.75160544809467
 31
0.0
  0
LINE
  5
26F
330
DA
100
AcDbEntity
  8
Khung Tủ
 62
150
370
13
 60
1
100
AcDbLine
 10
18.89131049763818
 20
60.34829935942241
 30
0.0
 11
14.88764212089882
 21
56.34463098274125
 31
0.0
  0
LINE
  5
270
330
DA
100
AcDbEntity
  8
Khung Tủ
 62
150
370
13
 60
1
100
AcDbLine
 10
18.89131049763818
 20
60.34829935942241
 30
0.0
 11
14.88764212089882
 21
56.34463098274125
 31
0.0
  0
LINE
  5
271
330
DA
100
AcDbEntity
  8
Khung Tủ
 62
150
370
13
 60
1
100
AcDbLine
 10
16.52064435656939
 20
52.49756581145618
 30
0.0
 11
15.14367129163292
 21
51.57750182440202
 31
0.0
  0
LINE
  5
272
330
DA
100
AcDbEntity
  8
Khung Tủ
 62
150
370
13
 60
1
100
AcDbLine
 10
15.76355769527436
 20
53.55407902372815
 30
0.0
 11
14.44970789911167
 21
52.54592661697813
 31
0.0
  0
LINE
  5
273
330
DA
100
AcDbEntity
  8
busbar support
370
13
 48
0.6
 60
1
100
AcDbLine
 10
-37.49446899395844
 20
-25.71054378883855
 30
0.0
 11
37.49446899395844
 21
-25.71054378883855
 31
0.0
  0
ARC
  5
274
330
DA
100
AcDbEntity
  8
busbar support
370
13
 48
0.6
 60
1
100
AcDbCircle
 10
37.49446899395844
 20
-21.71054378883855
 30
0.0
 40
4.0
100
AcDbArc
 50
270.0
 51
0.0
  0
LINE
  5
275
330
DA
100
AcDbEntity
  8
busbar support
370
13
 48
0.6
 60
1
100
AcDbLine
 10
41.49446899395843
 20
-21.71054378883855
 30
0.0
 11
41.49446899395843
 21
81.28945621116134
 31
0.0
  0
ARC
  5
276
330
DA
100
AcDbEntity
  8
busbar support
370
13
 48
0.6
 60
1
100
AcDbCircle
 10
37.49446899395844
 20
81.28945621116134
 30
0.0
 40
4.0
100
AcDbArc
 50
0.0
 51
90.0
  0
LINE
  5
277
330
DA
100
AcDbEntity
  8
busbar support
370
13
 48
0.6
 60
1
100
AcDbLine
 10
37.49446899395844
 20
85.28945621116134
 30
0.0
 11
-37.49446899395844
 21
85.28945621116134
 31
0.0
  0
ARC
  5
278
330
DA
100
AcDbEntity
  8
busbar support
370
13
 48
0.6
 60
1
100
AcDbCircle
 10
-37.49446899395844
 20
81.28945621116134
 30
0.0
 40
4.0
100
AcDbArc
 50
90.0
 51
180.0
  0
LINE
  5
279
330
DA
100
AcDbEntity
  8
busbar support
370
13
 48
0.6
 60
1
100
AcDbLine
 10
-41.49446899395843
 20
81.28945621116134
 30
0.0
 11
-41.49446899395843
 21
-21.71054378883855
 31
0.0
  0
ARC
  5
27A
330
DA
100
AcDbEntity
  8
busbar support
370
13
 48
0.6
 60
1
100
AcDbCircle
 10
-37.49446899395844
 20
-21.71054378883855
 30
0.0
 40
4.0
100
AcDbArc
 50
180.0
 51
270.0
  0
LINE
  5
27B
330
DA
100
AcDbEntity
  8
busbar support
370
13
 48
0.6
 60
1
100
AcDbLine
 10
30.25553100604156
 20
-23.71054378883855
 30
0.0
 11
37.49446899395844
 21
-23.71054378883855
 31
0.0
  0
ARC
  5
27C
330
DA
100
AcDbEntity
  8
busbar support
370
13
 48
0.6
 60
1
100
AcDbCircle
 10
37.49446899395844
 20
-21.71054378883855
 30
0.0
 40
2.0
100
AcDbArc
 50
270.0
 51
0.0
  0
LINE
  5
27D
330
DA
100
AcDbEntity
  8
busbar support
370
13
 48
0.6
 60
1
100
AcDbLine
 10
39.49446899395844
 20
-21.71054378883855
 30
0.0
 11
39.49446899395844
 21
81.28945621116134
 31
0.0
  0
ARC
  5
27E
330
DA
100
AcDbEntity
  8
busbar support
370
13
 48
0.6
 60
1
100
AcDbCircle
 10
37.49446899395844
 20
81.28945621116134
 30
0.0
 40
2.0
100
AcDbArc
 50
0.0
 51
90.0
  0
LINE
  5
27F
330
DA
100
AcDbEntity
  8
busbar support
370
13
 48
0.6
 60
1
100
AcDbLine
 10
37.49446899395844
 20
83.28945621116134
 30
0.0
 11
-37.49446899395844
 21
83.28945621116134
 31
0.0
  0
ARC
  5
280
330
DA
100
AcDbEntity
  8
busbar support
370
13
 48
0.6
 60
1
100
AcDbCircle
 10
-37.49446899395844
 20
81.28945621116134
 30
0.0
 40
2.0
100
AcDbArc
 50
90.0
 51
180.0
  0
LINE
  5
281
330
DA
100
AcDbEntity
  8
busbar support
370
13
 48
0.6
 60
1
100
AcDbLine
 10
-39.49446899395844
 20
81.28945621116134
 30
0.0
 11
-39.49446899395844
 21
-21.71054378883855
 31
0.0
  0
ARC
  5
282
330
DA
100
AcDbEntity
  8
busbar support
370
13
 48
0.6
 60
1
100
AcDbCircle
 10
-37.49446899395844
 20
-21.71054378883855
 30
0.0
 40
2.0
100
AcDbArc
 50
180.0
 51
270.0
  0
LINE
  5
283
330
DA
100
AcDbEntity
  8
busbar support
370
13
 48
0.6
 60
1
100
AcDbLine
 10
-37.49446899395844
 20
-23.71054378883855
 30
0.0
 11
-30.24446899395844
 21
-23.71054378883855
 31
0.0
  0
ARC
  5
284
330
DA
100
AcDbEntity
  8
busbar support
370
13
 48
0.6
 60
1
100
AcDbCircle
 10
0.0055310059979092
 20
41.46251986775303
 30
0.0
 40
31.9147708286182
100
AcDbArc
 50
55.90244433946242
 51
45.32682654464667
  0
ARC
  5
285
330
DA
100
AcDbEntity
  8
busbar support
370
13
 48
0.6
 60
1
100
AcDbCircle
 10
0.0055310060124611
 20
41.46251986773847
 30
0.0
 40
32.9147708286182
100
AcDbArc
 50
108.7593055859915
 51
132.6146263473266
  0
CIRCLE
  5
286
330
DA
100
AcDbEntity
  8
busbar support
370
13
 48
0.6
 60
1
100
AcDbCircle
 10
0.005531006041565
 20
80.0591081004967
 30
0.0
 40
3.230348110664633
  0
TEXT
  5
287
330
DA
100
AcDbEntity
  8
TEXT
  6
Continuous
370
13
 60
1
100
AcDbText
 10
-30.25932993224559
 20
78.07459603053564
 30
0.0
 40
4.115999999999996
  1
Open
 41
0.7
 72
1
 11
-24.97712993224559
 21
78.07459603053564
 31
0.0
100
AcDbText
  0
LINE
  5
288
330
DA
100
AcDbEntity
  8
busbar support
370
13
 48
0.6
 60
1
100
AcDbLine
 10
-39.49446899395844
 20
0.0
 30
0.0
 11
39.49446899395844
 21
0.0
 31
0.0
  0
LINE
  5
289
330
DA
100
AcDbEntity
  8
busbar support
370
13
 48
0.6
 60
1
100
AcDbLine
 10
12.06862421565165
 20
-5.552621883813117
 30
0.0
 11
12.06862421565165
 21
-4.633889831813576
 31
0.0
  0
LINE
  5
28A
330
DA
100
AcDbEntity
  8
busbar support
370
13
 48
0.6
 60
1
100
AcDbLine
 10
12.06862421565165
 20
-4.633889831813576
 30
0.0
 11
22.04201377108984
 21
-4.633889831813576
 31
0.0
  0
LINE
  5
28B
330
DA
100
AcDbEntity
  8
busbar support
370
13
 48
0.6
 60
1
100
AcDbLine
 10
22.04201377108984
 20
-4.633889831813576
 30
0.0
 11
22.04201377108984
 21
-5.419689492504403
 31
0.0
  0
TEXT
  5
28C
330
DA
100
AcDbEntity
  8
TEXT
  6
Continuous
370
13
 60
1
100
AcDbText
 10
11.44134806077359
 20
-8.025545438671543
 30
0.0
 40
1.756159999999999
  1
L1
 41
0.7
 72
1
 11
12.26088939410692
 21
-8.025545438671543
 31
0.0
100
AcDbText
  0
TEXT
  5
28D
330
DA
100
AcDbEntity
  8
TEXT
  6
Continuous
370
13
 60
1
100
AcDbText
 10
21.20985228287845
 20
-7.892613047362829
 30
0.0
 40
1.756159999999999
  1
L2
 41
0.7
 72
1
 11
22.23427894954511
 21
-7.892613047362829
 31
0.0
100
AcDbText
  0
LINE
  5
28E
330
DA
100
AcDbEntity
  8
busbar support
370
13
 48
0.6
 60
1
100
AcDbLine
 10
-12.66691853430529
 20
-5.552621883813117
 30
0.0
 11
-12.66691853430529
 21
-4.633889831813576
 31
0.0
  0
LINE
  5
28F
330
DA
100
AcDbEntity
  8
busbar support
370
13
 48
0.6
 60
1
100
AcDbLine
 10
-12.66691853430529
 20
-4.633889831813576
 30
0.0
 11
-22.64030808974348
 21
-4.633889831813576
 31
0.0
  0
LINE
  5
290
330
DA
100
AcDbEntity
  8
busbar support
370
13
 48
0.6
 60
1
100
AcDbLine
 10
-22.64030808974348
 20
-4.633889831813576
 30
0.0
 11
-22.64030808974348
 21
-5.419689492504403
 31
0.0
  0
TEXT
  5
291
330
DA
100
AcDbEntity
  8
TEXT
  6
Continuous
370
13
 60
1
100
AcDbText
 10
-13.65480645036933
 20
-8.025545438671543
 30
0.0
 40
1.756159999999999
  1
S2
 41
0.7
 72
1
 11
-12.63037978370266
 21
-8.025545438671543
 31
0.0
100
AcDbText
  0
TEXT
  5
292
330
DA
100
AcDbEntity
  8
TEXT
  6
Continuous
370
13
 60
1
100
AcDbText
 10
-23.68925031776875
 20
-7.892613047362829
 30
0.0
 40
1.756159999999999
  1
S1
 41
0.7
 72
1
 11
-22.86970898443542
 21
-7.892613047362829
 31
0.0
100
AcDbText
  0
TEXT
  5
293
330
DA
100
AcDbEntity
  8
TEXT
  6
Continuous
370
13
 60
1
100
AcDbText
 10
-19.97840084085432
 20
-3.906094413781829
 30
0.0
 40
1.404927999999999
  1
POWER
 41
0.7
 72
1
 11
-17.51977684085432
 21
-3.906094413781829
 31
0.0
100
AcDbText
  0
TEXT
  5
294
330
DA
100
AcDbEntity
  8
TEXT
  6
Continuous
370
13
 60
1
100
AcDbText
 10
15.38616453123659
 20
-3.906094413781829
 30
0.0
 40
1.404927999999999
  1
LOAD
 41
0.7
 72
1
 11
17.18915546456992
 21
-3.906094413781829
 31
0.0
100
AcDbText
  0
ARC
  5
295
330
DA
100
AcDbEntity
  8
busbar support
370
13
 48
0.6
 60
1
100
AcDbCircle
 10
20.25650973175652
 20
66.12930842428602
 30
0.0
 40
2.944358656939582
100
AcDbArc
 50
143.2585398903559
 51
317.9707309929728
  0
LINE
  5
296
330
DA
100
AcDbEntity
  8
Khung Tủ
 62
150
370
13
 60
1
100
AcDbLine
 10
11.92212512007972
 20
48.34256868729415
 30
0.0
 11
13.00606468012847
 21
48.96838148405357
 31
0.0
  0
LINE
  5
297
330
DA
100
AcDbEntity
  8
Khung Tủ
 62
150
370
13
 60
1
100
AcDbLine
 10
-12.99500266816176
 20
48.96838148405357
 30
0.0
 11
-11.9110631080548
 21
48.34256868723594
 31
0.0
  0
LINE
  5
298
330
DA
100
AcDbEntity
  8
Khung Tủ
 62
150
370
13
 60
1
100
AcDbLine
 10
11.29194211123103
 20
31.56460297679576
 30
0.0
 11
10.35092016584531
 21
32.38985707402742
 31
0.0
  0
LINE
  5
299
330
DA
100
AcDbEntity
  8
Khung Tủ
 62
150
370
13
 60
1
100
AcDbLine
 10
9.735389356399537
 20
31.7326615172932
 30
0.0
 11
10.62042230113002
 21
30.84762857262092
 31
0.0
  0
LINE
  5
29A
330
DA
100
AcDbEntity
  8
Khung Tủ
 62
150
370
13
 60
1
100
AcDbLine
 10
8.345597580439062
 20
28.980728171431
 30
0.0
 11
7.650231657738913
 21
30.02141681844648
 31
0.0
  0
LINE
  5
29B
330
DA
100
AcDbEntity
  8
Khung Tủ
 62
150
370
13
 60
1
100
AcDbLine
 10
9.144089093038929
 20
29.55291909755022
 30
0.0
 11
8.38214770804916
 21
30.54590044300119
 31
0.0
  0
LINE
  5
29C
330
DA
100
AcDbEntity
  8
Khung Tủ
 62
150
370
13
 60
1
100
AcDbLine
 10
9.903447896896976
 20
30.1761087625199
 30
0.0
 11
9.078193799665314
 21
31.11713070784742
 31
0.0
  0
LINE
  5
29D
330
DA
100
AcDbEntity
  8
Khung Tủ
 62
150
370
13
 60
1
100
AcDbLine
 10
4.830891295117908
 20
27.24746684306581
 30
0.0
 11
4.428569433701341
 21
28.43266882841988
 31
0.0
  0
LINE
  5
29E
330
DA
100
AcDbEntity
  8
Khung Tủ
 62
150
370
13
 60
1
100
AcDbLine
 10
5.750268778429017
 20
27.59349602532154
 30
0.0
 11
5.271292400211677
 21
28.74984729355481
 31
0.0
  0
LINE
  5
29F
330
DA
100
AcDbEntity
  8
Khung Tủ
 62
150
370
13
 60
1
100
AcDbLine
 10
6.645046412551891
 20
27.99891449692939
 30
0.0
 11
6.091466568075702
 21
29.12146337436559
 31
0.0
  0
LINE
  5
2A0
330
DA
100
AcDbEntity
  8
Khung Tủ
 62
150
370
13
 60
1
100
AcDbLine
 10
0.9873446804849663
 20
26.48293788680155
 30
0.0
 11
0.9054844501224579
 21
27.73188365386147
 31
0.0
  0
LINE
  5
2A1
330
DA
100
AcDbEntity
  8
Khung Tủ
 62
150
370
13
 60
1
100
AcDbLine
 10
1.964954078153823
 20
26.57922400826635
 30
0.0
 11
1.801584155429736
 21
27.82014177141525
 31
0.0
  0
LINE
  5
2A2
330
DA
100
AcDbEntity
  8
Khung Tủ
 62
150
370
13
 60
1
100
AcDbLine
 10
2.934172925437451
 20
26.739242687603
 30
0.0
 11
2.689992885352694
 21
27.96681864636764
 31
0.0
  0
LINE
  5
2A3
330
DA
100
AcDbEntity
  8
Khung Tủ
 62
150
370
13
 60
1
100
AcDbLine
 10
-2.923110913412529
 20
26.739242687603
 30
0.0
 11
-2.678930873385979
 21
27.96681864636764
 31
0.0
  0
LINE
  5
2A4
330
DA
100
AcDbEntity
  8
Khung Tủ
 62
150
370
13
 60
1
100
AcDbLine
 10
-1.953892066245316
 20
26.57922400826635
 30
0.0
 11
-1.790522143404814
 21
27.82014177141525
 31
0.0
  0
LINE
  5
2A5
330
DA
100
AcDbEntity
  8
Khung Tủ
 62
150
370
13
 60
1
100
AcDbLine
 10
-0.9762826685182517
 20
26.48293788680155
 30
0.0
 11
-0.8944224381557432
 21
27.73188365386147
 31
0.0
  0
LINE
  5
2A6
330
DA
100
AcDbEntity
  8
Khung Tủ
 62
150
370
13
 60
1
100
AcDbLine
 10
-6.633984400526969
 20
27.99891449692939
 30
0.0
 11
-6.080404556108987
 21
29.12146337436559
 31
0.0
  0
LINE
  5
2A7
330
DA
100
AcDbEntity
  8
Khung Tủ
 62
150
370
13
 60
1
100
AcDbLine
 10
-5.739206766404095
 20
27.59349602532154
 30
0.0
 11
-5.260230388186755
 21
28.74984729355481
 31
0.0
  0
LINE
  5
2A8
330
DA
100
AcDbEntity
  8
Khung Tủ
 62
150
370
13
 60
1
100
AcDbLine
 10
-4.819829283151193
 20
27.24746684306581
 30
0.0
 11
-4.417507421676418
 21
28.43266882841988
 31
0.0
  0
LINE
  5
2A9
330
DA
100
AcDbEntity
  8
Khung Tủ
 62
150
370
13
 60
1
100
AcDbLine
 10
-9.892385884872056
 20
30.1761087625199
 30
0.0
 11
-9.067131787756807
 21
31.11713070784742
 31
0.0
  0
LINE
  5
2AA
330
DA
100
AcDbEntity
  8
Khung Tủ
 62
150
370
13
 60
1
100
AcDbLine
 10
-9.133027081014006
 20
29.55291909755022
 30
0.0
 11
-8.371085696082446
 21
30.54590044300119
 31
0.0
  0
LINE
  5
2AB
330
DA
100
AcDbEntity
  8
Khung Tủ
 62
150
370
13
 60
1
100
AcDbLine
 10
-8.33453556841414
 20
28.980728171431
 30
0.0
 11
-7.639169645713991
 21
30.02141681844648
 31
0.0
  0
LINE
  5
2AC
330
DA
100
AcDbEntity
  8
Khung Tủ
 62
150
370
13
 60
1
100
AcDbLine
 10
-12.47626069029502
 20
33.12245329325367
 30
0.0
 11
-11.43557204327953
 21
33.81781921595382
 31
0.0
  0
LINE
  5
2AD
330
DA
100
AcDbEntity
  8
Khung Tủ
 62
150
370
13
 60
1
100
AcDbLine
 10
-11.9040697641758
 20
32.32396178065381
 30
0.0
 11
-10.91108841878304
 21
33.08590316558536
 31
0.0
  0
LINE
  5
2AE
330
DA
100
AcDbEntity
  8
Khung Tủ
 62
150
370
13
 60
1
100
AcDbLine
 10
-11.28088009920611
 20
31.56460297679576
 30
0.0
 11
-10.33985815387859
 21
32.38985707402742
 31
0.0
  0
LINE
  5
2AF
330
DA
100
AcDbEntity
  8
Khung Tủ
 62
150
370
13
 60
1
100
AcDbLine
 10
-14.209522018602
 20
36.63715957851662
 30
0.0
 11
-13.02432003318972
 21
37.03948144010781
 31
0.0
  0
LINE
  5
2B0
330
DA
100
AcDbEntity
  8
Khung Tủ
 62
150
370
13
 60
1
100
AcDbLine
 10
-13.86349283640447
 20
35.71778209526371
 30
0.0
 11
-12.70714156817121
 21
36.19675847353927
 31
0.0
  0
LINE
  5
2B1
330
DA
100
AcDbEntity
  8
Khung Tủ
 62
150
370
13
 60
1
100
AcDbLine
 10
-13.45807436485484
 20
34.82300446119905
 30
0.0
 11
-12.33552548741863
 21
35.37658430561703
 31
0.0
  0
LINE
  5
2B2
330
DA
100
AcDbEntity
  8
Khung Tủ
 62
150
370
13
 60
1
100
AcDbLine
 10
-14.97405097498267
 20
40.48070619314955
 30
0.0
 11
-13.72510520780634
 21
40.56256642362848
 31
0.0
  0
LINE
  5
2B3
330
DA
100
AcDbEntity
  8
Khung Tủ
 62
150
370
13
 60
1
100
AcDbLine
 10
-14.87776485345967
 20
39.5030967954807
 30
0.0
 11
-13.63684709025256
 21
39.666466718263
 31
0.0
  0
LINE
  5
2B4
330
DA
100
AcDbEntity
  8
Khung Tủ
 62
150
370
13
 60
1
100
AcDbLine
 10
-14.71774617412302
 20
38.53387794819708
 30
0.0
 11
-13.49017021535837
 21
38.77805798834004
 31
0.0
  0
LINE
  5
2B5
330
DA
100
AcDbEntity
  8
Khung Tủ
 62
150
370
13
 60
1
100
AcDbLine
 10
-14.71774617412302
 20
44.39116178722168
 30
0.0
 11
-13.49017021535837
 21
44.14698174707871
 31
0.0
  0
LINE
  5
2B6
330
DA
100
AcDbEntity
  8
Khung Tủ
 62
150
370
13
 60
1
100
AcDbLine
 10
-14.87776485345967
 20
43.42194293993805
 30
0.0
 11
-13.63684709025256
 21
43.25857301715575
 31
0.0
  0
LINE
  5
2B7
330
DA
100
AcDbEntity
  8
Khung Tủ
 62
150
370
13
 60
1
100
AcDbLine
 10
-14.97405097498267
 20
42.44433354226919
 30
0.0
 11
-13.72510520780634
 21
42.36247331184848
 31
0.0
  0
LINE
  5
2B8
330
DA
100
AcDbEntity
  8
Khung Tủ
 62
150
370
13
 60
1
100
AcDbLine
 10
-13.45807436485484
 20
48.1020352742197
 30
0.0
 11
-12.33552548741863
 21
47.54845542980172
 31
0.0
  0
LINE
  5
2B9
330
DA
100
AcDbEntity
  8
Khung Tủ
 62
150
370
13
 60
1
100
AcDbLine
 10
-13.86349283640447
 20
47.20725764009682
 30
0.0
 11
-12.70714156817121
 21
46.7282812619377
 31
0.0
  0
LINE
  5
2BA
330
DA
100
AcDbEntity
  8
Khung Tủ
 62
150
370
13
 60
1
100
AcDbLine
 10
-14.209522018602
 20
46.28788015690213
 30
0.0
 11
-13.02432003318972
 21
45.88555829536915
 31
0.0
  0
LINE
  5
2BB
330
DA
100
AcDbEntity
  8
Khung Tủ
 62
150
370
13
 60
1
100
AcDbLine
 10
0.005531006041565
 20
27.70242222859804
 30
0.0
 11
0.005531006041565
 21
26.45079663502099
 31
0.0
  0
LINE
  5
2BC
330
DA
100
AcDbEntity
  8
Khung Tủ
 62
150
370
13
 60
1
100
AcDbLine
 10
3.566906337466207
 20
28.17128618586855
 30
0.0
 11
3.890850878451601
 21
26.96230870015268
 31
0.0
  0
LINE
  5
2BD
330
DA
100
AcDbEntity
  8
Khung Tủ
 62
150
370
13
 60
1
100
AcDbLine
 10
6.885579825568129
 20
29.54592575367121
 30
0.0
 11
7.511392622443963
 21
28.46198619362247
 31
0.0
  0
LINE
  5
2BE
330
DA
100
AcDbEntity
  8
Khung Tủ
 62
150
370
13
 60
1
100
AcDbLine
 10
-6.874517813543207
 20
29.54592575367121
 30
0.0
 11
-7.500330610360833
 21
28.46198619362247
 31
0.0
  0
LINE
  5
2BF
330
DA
100
AcDbEntity
  8
Khung Tủ
 62
150
370
13
 60
1
100
AcDbLine
 10
-3.555844325499492
 20
28.17128618586855
 30
0.0
 11
-3.879788866484886
 21
26.96230870015268
 31
0.0
  0
LINE
  5
2C0
330
DA
100
AcDbEntity
  8
Khung Tủ
 62
150
370
13
 60
1
100
AcDbLine
 10
-10.6093602891051
 20
30.84762857262092
 30
0.0
 11
-9.724327344374615
 21
31.7326615172932
 31
0.0
  0
LINE
  5
2C1
330
DA
100
AcDbEntity
  8
Khung Tủ
 62
150
370
13
 60
1
100
AcDbLine
 10
-12.99500266816176
 20
33.95665825136518
 30
0.0
 11
-11.9110631079966
 21
34.58247104818281
 31
0.0
  0
LINE
  5
2C2
330
DA
100
AcDbEntity
  8
Khung Tủ
 62
150
370
13
 60
1
100
AcDbLine
 10
-15.00619222670502
 20
41.46251986776758
 30
0.0
 11
-13.75456663306977
 21
41.46251986776758
 31
0.0
  0
LINE
  5
2C3
330
DA
100
AcDbEntity
  8
Khung Tủ
 62
150
370
13
 60
1
100
AcDbLine
 10
-14.49468016157334
 20
45.34783974017762
 30
0.0
 11
-13.28570267585746
 21
45.02389519925043
 31
0.0
  0
LINE
  5
2C4
330
DA
100
AcDbEntity
  8
Khung Tủ
 62
150
370
13
 60
1
100
AcDbLine
 10
-14.49468016157334
 20
37.57719999529934
 30
0.0
 11
-13.28570267585746
 21
37.90114453622653
 31
0.0
  0
LINE
  5
2C5
330
DA
100
AcDbEntity
  8
Khung Tủ
 62
150
370
13
 60
1
100
AcDbLine
 10
14.22058403056871
 20
46.28788015690213
 30
0.0
 11
13.03538204527285
 21
45.88555829536915
 31
0.0
  0
LINE
  5
2C6
330
DA
100
AcDbEntity
  8
Khung Tủ
 62
150
370
13
 60
1
100
AcDbLine
 10
13.8745548484294
 20
47.20725764009682
 30
0.0
 11
12.71820358019613
 21
46.7282812619377
 31
0.0
  0
LINE
  5
2C7
330
DA
100
AcDbEntity
  8
Khung Tủ
 62
150
370
13
 60
1
100
AcDbLine
 10
13.46913637687976
 20
48.1020352742197
 30
0.0
 11
12.34658749938535
 21
47.54845542980172
 31
0.0
  0
LINE
  5
2C8
330
DA
100
AcDbEntity
  8
Khung Tủ
 62
150
370
13
 60
1
100
AcDbLine
 10
14.98511298694939
 20
42.44433354226919
 30
0.0
 11
13.73616721977305
 21
42.36247331184848
 31
0.0
  0
LINE
  5
2C9
330
DA
100
AcDbEntity
  8
Khung Tủ
 62
150
370
13
 60
1
100
AcDbLine
 10
14.88882686536817
 20
43.42194293993805
 30
0.0
 11
13.64790910227748
 21
43.25857301715575
 31
0.0
  0
LINE
  5
2CA
330
DA
100
AcDbEntity
  8
Khung Tủ
 62
150
370
13
 60
1
100
AcDbLine
 10
14.72880818614794
 20
44.39116178722168
 30
0.0
 11
13.5012322273833
 21
44.14698174707871
 31
0.0
  0
LINE
  5
2CB
330
DA
100
AcDbEntity
  8
Khung Tủ
 62
150
370
13
 60
1
100
AcDbLine
 10
14.72880818614794
 20
38.53387794819708
 30
0.0
 11
13.5012322273833
 21
38.77805798834004
 31
0.0
  0
LINE
  5
2CC
330
DA
100
AcDbEntity
  8
Khung Tủ
 62
150
370
13
 60
1
100
AcDbLine
 10
14.88882686536817
 20
39.5030967954807
 30
0.0
 11
13.64790910227748
 21
39.666466718263
 31
0.0
  0
LINE
  5
2CD
330
DA
100
AcDbEntity
  8
Khung Tủ
 62
150
370
13
 60
1
100
AcDbLine
 10
14.98511298694939
 20
40.48070619314955
 30
0.0
 11
13.73616721977305
 21
40.56256642362848
 31
0.0
  0
LINE
  5
2CE
330
DA
100
AcDbEntity
  8
Khung Tủ
 62
150
370
13
 60
1
100
AcDbLine
 10
13.46913637687976
 20
34.82300446119905
 30
0.0
 11
12.34658749938535
 21
35.37658430561703
 31
0.0
  0
LINE
  5
2CF
330
DA
100
AcDbEntity
  8
Khung Tủ
 62
150
370
13
 60
1
100
AcDbLine
 10
13.8745548484294
 20
35.71778209526371
 30
0.0
 11
12.71820358019613
 21
36.19675847353927
 31
0.0
  0
LINE
  5
2D0
330
DA
100
AcDbEntity
  8
Khung Tủ
 62
150
370
13
 60
1
100
AcDbLine
 10
14.22058403056871
 20
36.63715957851662
 30
0.0
 11
13.03538204527285
 21
37.03948144010781
 31
0.0
  0
LINE
  5
2D1
330
DA
100
AcDbEntity
  8
Khung Tủ
 62
150
370
13
 60
1
100
AcDbLine
 10
11.91513177620072
 20
32.32396178065381
 30
0.0
 11
10.92215043074975
 21
33.08590316558536
 31
0.0
  0
LINE
  5
2D2
330
DA
100
AcDbEntity
  8
Khung Tủ
 62
150
370
13
 60
1
100
AcDbLine
 10
12.48732270231994
 20
33.12245329325367
 30
0.0
 11
11.44663405530446
 21
33.81781921595382
 31
0.0
  0
LINE
  5
2D3
330
DA
100
AcDbEntity
  8
Khung Tủ
 62
150
370
13
 60
1
100
AcDbLine
 10
11.92212512007972
 20
34.58247104812461
 30
0.0
 11
13.00606468012847
 21
33.95665825136518
 31
0.0
  0
LINE
  5
2D4
330
DA
100
AcDbEntity
  8
Khung Tủ
 62
150
370
13
 60
1
100
AcDbLine
 10
13.29676468794059
 20
37.90114453628473
 30
0.0
 11
14.50574217354005
 21
37.57719999529934
 31
0.0
  0
LINE
  5
2D5
330
DA
100
AcDbEntity
  8
Khung Tủ
 62
150
370
13
 60
1
100
AcDbLine
 10
13.7656286451529
 20
41.46251986776758
 30
0.0
 11
15.01725423867174
 21
41.46251986776758
 31
0.0
  0
LINE
  5
2D6
330
DA
100
AcDbEntity
  8
Khung Tủ
 62
150
370
13
 60
1
100
AcDbLine
 10
13.29676468794059
 20
45.02389519925043
 30
0.0
 11
14.50574217354005
 21
45.34783974017762
 31
0.0
  0
LINE
  5
2D7
330
DA
100
AcDbEntity
  8
Khung Tủ
 62
150
370
13
 60
1
100
AcDbLine
 10
11.29194211123103
 20
51.360436758623
 30
0.0
 11
10.35092016584531
 21
50.53518266139133
 31
0.0
  0
LINE
  5
2D8
330
DA
100
AcDbEntity
  8
Khung Tủ
 62
150
370
13
 60
1
100
AcDbLine
 10
9.735389356399537
 20
51.19237821818376
 30
0.0
 11
10.62042230113002
 21
52.07741116285603
 31
0.0
  0
LINE
  5
2D9
330
DA
100
AcDbEntity
  8
Khung Tủ
 62
150
370
13
 60
1
100
AcDbLine
 10
-0.9762826685182517
 20
56.44210184867541
 30
0.0
 11
-0.8944224381557432
 21
55.19315608155728
 31
0.0
  0
LINE
  5
2DA
330
DA
100
AcDbEntity
  8
Khung Tủ
 62
150
370
13
 60
1
100
AcDbLine
 10
-1.953892066245316
 20
56.3458157271524
 30
0.0
 11
-1.790522143404814
 21
55.1048979640617
 31
0.0
  0
LINE
  5
2DB
330
DA
100
AcDbEntity
  8
Khung Tủ
 62
150
370
13
 60
1
100
AcDbLine
 10
-2.923110913412529
 20
56.18579704781575
 30
0.0
 11
-2.678930873385979
 21
54.95822108910932
 31
0.0
  0
LINE
  5
2DC
330
DA
100
AcDbEntity
  8
Khung Tủ
 62
150
370
13
 60
1
100
AcDbLine
 10
2.934172925437451
 20
56.18579704781575
 30
0.0
 11
2.689992885352694
 21
54.95822108910932
 31
0.0
  0
LINE
  5
2DD
330
DA
100
AcDbEntity
  8
Khung Tủ
 62
150
370
13
 60
1
100
AcDbLine
 10
1.964954078153823
 20
56.3458157271524
 30
0.0
 11
1.801584155429736
 21
55.1048979640617
 31
0.0
  0
LINE
  5
2DE
330
DA
100
AcDbEntity
  8
Khung Tủ
 62
150
370
13
 60
1
100
AcDbLine
 10
0.9873446804849663
 20
56.44210184867541
 30
0.0
 11
0.9054844501224579
 21
55.19315608155728
 31
0.0
  0
LINE
  5
2DF
330
DA
100
AcDbEntity
  8
Khung Tủ
 62
150
370
13
 60
1
100
AcDbLine
 10
6.645046412551891
 20
54.92612523854757
 30
0.0
 11
6.091466568075702
 21
53.80357636105316
 31
0.0
  0
LINE
  5
2E0
330
DA
100
AcDbEntity
  8
Khung Tủ
 62
150
370
13
 60
1
100
AcDbLine
 10
5.750268778429017
 20
55.33154371009721
 30
0.0
 11
5.271292400211677
 21
54.17519244180573
 31
0.0
  0
LINE
  5
2E1
330
DA
100
AcDbEntity
  8
Khung Tủ
 62
150
370
13
 60
1
100
AcDbLine
 10
4.830891295117908
 20
55.67757289241114
 30
0.0
 11
4.428569433701341
 21
54.49237090699887
 31
0.0
  0
LINE
  5
2E2
330
DA
100
AcDbEntity
  8
Khung Tủ
 62
150
370
13
 60
1
100
AcDbLine
 10
9.903447896896976
 20
52.74893097295706
 30
0.0
 11
9.078193799665314
 21
51.80790902757133
 31
0.0
  0
LINE
  5
2E3
330
DA
100
AcDbEntity
  8
Khung Tủ
 62
150
370
13
 60
1
100
AcDbLine
 10
9.144089093038929
 20
53.37212063792674
 30
0.0
 11
8.38214770804916
 21
52.37913929241756
 31
0.0
  0
LINE
  5
2E4
330
DA
100
AcDbEntity
  8
Khung Tủ
 62
150
370
13
 60
1
100
AcDbLine
 10
8.345597580439062
 20
53.94431156404596
 30
0.0
 11
7.650231657738913
 21
52.90362291691406
 31
0.0
  0
LINE
  5
2E5
330
DA
100
AcDbEntity
  8
Khung Tủ
 62
150
370
13
 60
1
100
AcDbLine
 10
-11.28088009920611
 20
51.360436758623
 30
0.0
 11
-10.33985815387859
 21
50.53518266139133
 31
0.0
  0
LINE
  5
2E6
330
DA
100
AcDbEntity
  8
Khung Tủ
 62
150
370
13
 60
1
100
AcDbLine
 10
-11.9040697641758
 20
50.60107795476494
 30
0.0
 11
-10.91108841878304
 21
49.83913656983339
 31
0.0
  0
LINE
  5
2E7
330
DA
100
AcDbEntity
  8
Khung Tủ
 62
150
370
13
 60
1
100
AcDbLine
 10
-12.47626069029502
 20
49.80258644216508
 30
0.0
 11
-11.43557204327953
 21
49.10722051946493
 31
0.0
  0
LINE
  5
2E8
330
DA
100
AcDbEntity
  8
Khung Tủ
 62
150
370
13
 60
1
100
AcDbLine
 10
-8.33453556841414
 20
53.94431156404596
 30
0.0
 11
-7.639169645713991
 21
52.90362291691406
 31
0.0
  0
LINE
  5
2E9
330
DA
100
AcDbEntity
  8
Khung Tủ
 62
150
370
13
 60
1
100
AcDbLine
 10
-9.133027081014006
 20
53.37212063792674
 30
0.0
 11
-8.371085696082446
 21
52.37913929241756
 31
0.0
  0
LINE
  5
2EA
330
DA
100
AcDbEntity
  8
Khung Tủ
 62
150
370
13
 60
1
100
AcDbLine
 10
-9.892385884872056
 20
52.74893097295706
 30
0.0
 11
-9.067131787756807
 21
51.80790902757133
 31
0.0
  0
LINE
  5
2EB
330
DA
100
AcDbEntity
  8
Khung Tủ
 62
150
370
13
 60
1
100
AcDbLine
 10
-7.500330610360833
 20
54.46305354179628
 30
0.0
 11
-6.874517813601414
 21
53.37911398168933
 31
0.0
  0
LINE
  5
2EC
330
DA
100
AcDbEntity
  8
Khung Tủ
 62
150
370
13
 60
1
100
AcDbLine
 10
-6.633984400526969
 20
54.92612523854757
 30
0.0
 11
-6.080404556108987
 21
53.80357636105316
 31
0.0
  0
LINE
  5
2ED
330
DA
100
AcDbEntity
  8
Khung Tủ
 62
150
370
13
 60
1
100
AcDbLine
 10
-5.739206766404095
 20
55.33154371009721
 30
0.0
 11
-5.260230388186755
 21
54.17519244180573
 31
0.0
  0
LINE
  5
2EE
330
DA
100
AcDbEntity
  8
Khung Tủ
 62
150
370
13
 60
1
100
AcDbLine
 10
-4.819829283151193
 20
55.67757289241114
 30
0.0
 11
-4.417507421676418
 21
54.49237090699887
 31
0.0
  0
LINE
  5
2EF
330
DA
100
AcDbEntity
  8
Khung Tủ
 62
150
370
13
 60
1
100
AcDbLine
 10
0.005531006041565
 20
56.47424310045597
 30
0.0
 11
0.005531006041565
 21
55.22261750682071
 31
0.0
  0
LINE
  5
2F0
330
DA
100
AcDbEntity
  8
Khung Tủ
 62
150
370
13
 60
1
100
AcDbLine
 10
3.890850878451601
 20
55.96273103526607
 30
0.0
 11
3.566906337466207
 21
54.7537535496084
 31
0.0
  0
LINE
  5
2F1
330
DA
100
AcDbEntity
  8
Khung Tủ
 62
150
370
13
 60
1
100
AcDbLine
 10
7.511392622443963
 20
54.46305354179628
 30
0.0
 11
6.885579825568129
 21
53.37911398174753
 31
0.0
  0
LINE
  5
2F2
330
DA
100
AcDbEntity
  8
Khung Tủ
 62
150
370
13
 60
1
100
AcDbLine
 10
-7.500330610360833
 20
54.46305354179628
 30
0.0
 11
-6.874517813601414
 21
53.37911398168933
 31
0.0
  0
LINE
  5
2F3
330
DA
100
AcDbEntity
  8
Khung Tủ
 62
150
370
13
 60
1
100
AcDbLine
 10
-10.6093602891051
 20
52.07741116285603
 30
0.0
 11
-9.724327344374615
 21
51.19237821818376
 31
0.0
  0
LINE
  5
2F4
330
DA
100
AcDbEntity
  8
Khung Tủ
 62
150
370
13
 60
1
100
AcDbLine
 10
-3.879788866484886
 20
55.96273103526607
 30
0.0
 11
-3.555844325499492
 21
54.7537535496084
 31
0.0
  0
LINE
  5
2F5
330
DA
100
AcDbEntity
  8
Khung Tủ
 62
150
370
13
 60
1
100
AcDbLine
 10
12.48732270231994
 20
49.80258644216508
 30
0.0
 11
11.44663405530446
 21
49.10722051946493
 31
0.0
  0
LINE
  5
2F6
330
DA
100
AcDbEntity
  8
Khung Tủ
 62
150
370
13
 60
1
100
AcDbLine
 10
11.91513177620072
 20
50.60107795476494
 30
0.0
 11
10.92215043074975
 21
49.83913656983339
 31
0.0
  0
CIRCLE
  5
2F7
330
DA
100
AcDbEntity
  8
busbar support
 62
150
370
13
 48
0.6
 60
1
100
AcDbCircle
 10
0.005531006041565
 20
41.46251986776758
 30
0.0
 40
13.76009763911683
  0
LINE
  5
2F8
330
DA
100
AcDbEntity
  8
0
 62
2
 60
1
100
AcDbLine
 10
-15.63012790867651
 20
-21.46054378883127
 30
0.0
 11
-6.358810079254908
 21
-21.46054378883127
 31
0.0
  0
LINE
  5
2F9
330
DA
100
AcDbEntity
  8
0
 62
2
 60
1
100
AcDbLine
 10
-6.358810079254908
 20
-9.960543788845825
 30
0.0
 11
-15.63012790867651
 21
-9.960543788845825
 31
0.0
  0
LINE
  5
2FA
330
DA
100
AcDbEntity
  8
0
 62
2
 60
1
100
AcDbLine
 10
-16.74446899395843
 20
-11.07488487411319
 30
0.0
 11
-16.74446899395843
 21
-20.34620270355663
 31
0.0
  0
ARC
  5
2FB
330
DA
100
AcDbEntity
  8
0
 62
2
 60
1
100
AcDbCircle
 10
-15.63012790867651
 20
-20.34620270355663
 30
0.0
 40
1.114341085269756
100
AcDbArc
 50
180.0
 51
270.0
  0
LINE
  5
2FC
330
DA
100
AcDbEntity
  8
0
 62
2
 60
1
100
AcDbLine
 10
-10.19214341258339
 20
-21.46054378883127
 30
0.0
 11
-10.19214341258339
 21
-19.27594969834172
 31
0.0
  0
LINE
  5
2FD
330
DA
100
AcDbEntity
  8
0
 62
2
 60
1
100
AcDbLine
 10
-11.79679457536258
 20
-21.46054378883127
 30
0.0
 11
-11.79679457536258
 21
-19.27594969834172
 31
0.0
  0
ARC
  5
2FE
330
DA
100
AcDbEntity
  8
0
 62
2
 60
1
100
AcDbCircle
 10
-15.63012790867651
 20
-11.07488487411319
 30
0.0
 40
1.114341085269756
100
AcDbArc
 50
90.0
 51
180.0
  0
LINE
  5
2FF
330
DA
100
AcDbEntity
  8
0
 62
2
 60
1
100
AcDbLine
 10
-16.74446899395843
 20
-16.51286937023542
 30
0.0
 11
-14.55987490346888
 21
-16.51286937023542
 31
0.0
  0
LINE
  5
300
330
DA
100
AcDbEntity
  8
0
 62
2
 60
1
100
AcDbLine
 10
-16.74446899395843
 20
-14.90821820744168
 30
0.0
 11
-14.55987490346888
 21
-14.90821820744168
 31
0.0
  0
LINE
  5
301
330
DA
100
AcDbEntity
  8
0
 62
2
 60
1
100
AcDbLine
 10
-10.19214341258339
 20
-9.960543788845825
 30
0.0
 11
-10.19214341258339
 21
-12.14513787933538
 31
0.0
  0
LINE
  5
302
330
DA
100
AcDbEntity
  8
0
 62
2
 60
1
100
AcDbLine
 10
-11.79679457536258
 20
-9.960543788845825
 30
0.0
 11
-11.79679457536258
 21
-12.14513787933538
 31
0.0
  0
LINE
  5
303
330
DA
100
AcDbEntity
  8
0
 62
2
 60
1
100
AcDbLine
 10
-5.244468993958435
 20
-20.34620270355663
 30
0.0
 11
-5.244468993958435
 21
-11.07488487411319
 31
0.0
  0
ARC
  5
304
330
DA
100
AcDbEntity
  8
0
 62
2
 60
1
100
AcDbCircle
 10
-6.358810079254908
 20
-20.34620270355663
 30
0.0
 40
1.114341085269756
100
AcDbArc
 50
270.0
 51
0.0
  0
ARC
  5
305
330
DA
100
AcDbEntity
  8
0
 62
2
 60
1
100
AcDbCircle
 10
-6.358810079254908
 20
-11.07488487411319
 30
0.0
 40
1.114341085269756
100
AcDbArc
 50
0.0
 51
90.0
  0
LINE
  5
306
330
DA
100
AcDbEntity
  8
0
 62
2
 60
1
100
AcDbLine
 10
-5.244468993958435
 20
-14.90821820744168
 30
0.0
 11
-7.429063084462541
 21
-14.90821820744168
 31
0.0
  0
LINE
  5
307
330
DA
100
AcDbEntity
  8
0
 62
2
 60
1
100
AcDbLine
 10
-5.244468993958435
 20
-16.51286937023542
 30
0.0
 11
-7.429063084462541
 21
-16.51286937023542
 31
0.0
  0
CIRCLE
  5
308
330
DA
100
AcDbEntity
  8
0
 48
5.0
 60
1
100
AcDbCircle
 10
-10.99446899395843
 20
-15.71054378883855
 30
0.0
 40
3.654565040894124
  0
LINE
  5
309
330
DA
100
AcDbEntity
  8
0
 48
5.0
 60
1
100
AcDbLine
 10
-12.48036542857881
 20
-17.84248215155094
 30
0.0
 11
-10.99446899395843
 21
-16.87341925940564
 31
0.0
  0
LINE
  5
30A
330
DA
100
AcDbEntity
  8
0
 48
5.0
 60
1
100
AcDbLine
 10
-9.831593523398624
 20
-15.71054378884582
 30
0.0
 11
-8.862530631275149
 21
-14.22464735422545
 31
0.0
  0
LINE
  5
30B
330
DA
100
AcDbEntity
  8
0
 48
5.0
 60
1
100
AcDbLine
 10
-10.99446899395843
 20
-14.54766831827874
 30
0.0
 11
-9.508572559352613
 21
-13.57860542613343
 31
0.0
  0
LINE
  5
30C
330
DA
100
AcDbEntity
  8
0
 48
5.0
 60
1
100
AcDbLine
 10
-12.1573444645328
 20
-15.71054378883855
 30
0.0
 11
-13.12640735667082
 21
-17.19644022345164
 31
0.0
  0
LINE
  5
30D
330
DA
100
AcDbEntity
  8
0
 48
5.0
 60
1
100
AcDbLine
 10
-13.12640735667082
 20
-17.19644022345164
 30
0.0
 11
-12.48036542857881
 21
-17.84248215155094
 31
0.0
  0
LINE
  5
30E
330
DA
100
AcDbEntity
  8
0
 48
5.0
 60
1
100
AcDbLine
 10
-9.831593523398624
 20
-15.71054378884582
 30
0.0
 11
-8.862530631275149
 21
-14.22464735422545
 31
0.0
  0
LINE
  5
30F
330
DA
100
AcDbEntity
  8
0
 48
5.0
 60
1
100
AcDbLine
 10
-8.862530631275149
 20
-14.22464735422545
 30
0.0
 11
-9.508572559352613
 21
-13.57860542613343
 31
0.0
  0
LINE
  5
310
330
DA
100
AcDbEntity
  8
0
 48
5.0
 60
1
100
AcDbLine
 10
-12.1573444645328
 20
-15.71054378883855
 30
0.0
 11
-14.09381319675594
 21
-13.77407505662995
 31
0.0
  0
LINE
  5
311
330
DA
100
AcDbEntity
  8
0
 48
5.0
 60
1
100
AcDbLine
 10
-10.99446899395843
 20
-14.54766831827874
 30
0.0
 11
-12.93093772619613
 21
-12.61119958606286
 31
0.0
  0
LINE
  5
312
330
DA
100
AcDbEntity
  8
0
 48
5.0
 60
1
100
AcDbLine
 10
-12.93200017906201
 20
-12.61186365935282
 30
0.0
 11
-10.99446899395843
 21
-14.54766831827874
 31
0.0
  0
LINE
  5
313
330
DA
100
AcDbEntity
  8
0
 48
5.0
 60
1
100
AcDbLine
 10
-9.831593523398624
 20
-15.71054378884582
 30
0.0
 11
-7.89991459371231
 21
-17.65465764918917
 31
0.0
  0
LINE
  5
314
330
DA
100
AcDbEntity
  8
0
 48
5.0
 60
1
100
AcDbLine
 10
-12.1573444645328
 20
-15.71054378883855
 30
0.0
 11
-12.1573444645328
 21
-15.71054378883855
 31
0.0
  0
LINE
  5
315
330
DA
100
AcDbEntity
  8
0
 48
5.0
 60
1
100
AcDbLine
 10
-10.99446899395843
 20
-16.87341925940564
 30
0.0
 11
-9.05800026174984
 21
-18.80988799162151
 31
0.0
  0
LINE
  5
316
330
DA
100
AcDbEntity
  8
0
 62
2
 60
1
100
AcDbLine
 10
-28.63012790867652
 20
-21.46054378883127
 30
0.0
 11
-19.35881007925491
 21
-21.46054378883127
 31
0.0
  0
LINE
  5
317
330
DA
100
AcDbEntity
  8
0
 62
2
 60
1
100
AcDbLine
 10
-19.35881007925491
 20
-9.960543788845825
 30
0.0
 11
-28.63012790867652
 21
-9.960543788845825
 31
0.0
  0
LINE
  5
318
330
DA
100
AcDbEntity
  8
0
 62
2
 60
1
100
AcDbLine
 10
-29.74446899395843
 20
-11.07488487411319
 30
0.0
 11
-29.74446899395843
 21
-20.34620270355663
 31
0.0
  0
ARC
  5
319
330
DA
100
AcDbEntity
  8
0
 62
2
 60
1
100
AcDbCircle
 10
-28.63012790867652
 20
-20.34620270355663
 30
0.0
 40
1.114341085269756
100
AcDbArc
 50
180.0
 51
270.0
  0
LINE
  5
31A
330
DA
100
AcDbEntity
  8
0
 62
2
 60
1
100
AcDbLine
 10
-23.19214341258339
 20
-21.46054378883127
 30
0.0
 11
-23.19214341258339
 21
-19.27594969834172
 31
0.0
  0
LINE
  5
31B
330
DA
100
AcDbEntity
  8
0
 62
2
 60
1
100
AcDbLine
 10
-24.79679457536259
 20
-21.46054378883127
 30
0.0
 11
-24.79679457536259
 21
-19.27594969834172
 31
0.0
  0
ARC
  5
31C
330
DA
100
AcDbEntity
  8
0
 62
2
 60
1
100
AcDbCircle
 10
-28.63012790867652
 20
-11.07488487411319
 30
0.0
 40
1.114341085269756
100
AcDbArc
 50
90.0
 51
180.0
  0
LINE
  5
31D
330
DA
100
AcDbEntity
  8
0
 62
2
 60
1
100
AcDbLine
 10
-29.74446899395843
 20
-16.51286937023542
 30
0.0
 11
-27.55987490346888
 21
-16.51286937023542
 31
0.0
  0
LINE
  5
31E
330
DA
100
AcDbEntity
  8
0
 62
2
 60
1
100
AcDbLine
 10
-29.74446899395843
 20
-14.90821820744168
 30
0.0
 11
-27.55987490346888
 21
-14.90821820744168
 31
0.0
  0
LINE
  5
31F
330
DA
100
AcDbEntity
  8
0
 62
2
 60
1
100
AcDbLine
 10
-23.19214341258339
 20
-9.960543788845825
 30
0.0
 11
-23.19214341258339
 21
-12.14513787933538
 31
0.0
  0
LINE
  5
320
330
DA
100
AcDbEntity
  8
0
 62
2
 60
1
100
AcDbLine
 10
-24.79679457536259
 20
-9.960543788845825
 30
0.0
 11
-24.79679457536259
 21
-12.14513787933538
 31
0.0
  0
LINE
  5
321
330
DA
100
AcDbEntity
  8
0
 62
2
 60
1
100
AcDbLine
 10
-18.24446899395843
 20
-20.34620270355663
 30
0.0
 11
-18.24446899395843
 21
-11.07488487411319
 31
0.0
  0
ARC
  5
322
330
DA
100
AcDbEntity
  8
0
 62
2
 60
1
100
AcDbCircle
 10
-19.35881007925491
 20
-20.34620270355663
 30
0.0
 40
1.114341085269756
100
AcDbArc
 50
270.0
 51
0.0
  0
ARC
  5
323
330
DA
100
AcDbEntity
  8
0
 62
2
 60
1
100
AcDbCircle
 10
-19.35881007925491
 20
-11.07488487411319
 30
0.0
 40
1.114341085269756
100
AcDbArc
 50
0.0
 51
90.0
  0
LINE
  5
324
330
DA
100
AcDbEntity
  8
0
 62
2
 60
1
100
AcDbLine
 10
-18.24446899395843
 20
-14.90821820744168
 30
0.0
 11
-20.42906308446254
 21
-14.90821820744168
 31
0.0
  0
LINE
  5
325
330
DA
100
AcDbEntity
  8
0
 62
2
 60
1
100
AcDbLine
 10
-18.24446899395843
 20
-16.51286937023542
 30
0.0
 11
-20.42906308446254
 21
-16.51286937023542
 31
0.0
  0
CIRCLE
  5
326
330
DA
100
AcDbEntity
  8
0
 48
5.0
 60
1
100
AcDbCircle
 10
-23.99446899395844
 20
-15.71054378883855
 30
0.0
 40
3.654565040894124
  0
LINE
  5
327
330
DA
100
AcDbEntity
  8
0
 48
5.0
 60
1
100
AcDbLine
 10
-25.48036542857881
 20
-17.84248215155094
 30
0.0
 11
-23.99446899395844
 21
-16.87341925940564
 31
0.0
  0
LINE
  5
328
330
DA
100
AcDbEntity
  8
0
 48
5.0
 60
1
100
AcDbLine
 10
-22.83159352339863
 20
-15.71054378884582
 30
0.0
 11
-21.86253063127515
 21
-14.22464735422545
 31
0.0
  0
LINE
  5
329
330
DA
100
AcDbEntity
  8
0
 48
5.0
 60
1
100
AcDbLine
 10
-23.99446899395844
 20
-14.54766831827874
 30
0.0
 11
-22.50857255935262
 21
-13.57860542613343
 31
0.0
  0
LINE
  5
32A
330
DA
100
AcDbEntity
  8
0
 48
5.0
 60
1
100
AcDbLine
 10
-25.1573444645328
 20
-15.71054378883855
 30
0.0
 11
-26.12640735667083
 21
-17.19644022345164
 31
0.0
  0
LINE
  5
32B
330
DA
100
AcDbEntity
  8
0
 48
5.0
 60
1
100
AcDbLine
 10
-26.12640735667083
 20
-17.19644022345164
 30
0.0
 11
-25.48036542857881
 21
-17.84248215155094
 31
0.0
  0
LINE
  5
32C
330
DA
100
AcDbEntity
  8
0
 48
5.0
 60
1
100
AcDbLine
 10
-22.83159352339863
 20
-15.71054378884582
 30
0.0
 11
-21.86253063127515
 21
-14.22464735422545
 31
0.0
  0
LINE
  5
32D
330
DA
100
AcDbEntity
  8
0
 48
5.0
 60
1
100
AcDbLine
 10
-21.86253063127515
 20
-14.22464735422545
 30
0.0
 11
-22.50857255935262
 21
-13.57860542613343
 31
0.0
  0
LINE
  5
32E
330
DA
100
AcDbEntity
  8
0
 48
5.0
 60
1
100
AcDbLine
 10
-25.1573444645328
 20
-15.71054378883855
 30
0.0
 11
-27.09381319675595
 21
-13.77407505662995
 31
0.0
  0
LINE
  5
32F
330
DA
100
AcDbEntity
  8
0
 48
5.0
 60
1
100
AcDbLine
 10
-23.99446899395844
 20
-14.54766831827874
 30
0.0
 11
-25.93093772619614
 21
-12.61119958606286
 31
0.0
  0
LINE
  5
330
330
DA
100
AcDbEntity
  8
0
 48
5.0
 60
1
100
AcDbLine
 10
-25.93200017906202
 20
-12.61186365935282
 30
0.0
 11
-23.99446899395844
 21
-14.54766831827874
 31
0.0
  0
LINE
  5
331
330
DA
100
AcDbEntity
  8
0
 48
5.0
 60
1
100
AcDbLine
 10
-22.83159352339863
 20
-15.71054378884582
 30
0.0
 11
-20.89991459371231
 21
-17.65465764918917
 31
0.0
  0
LINE
  5
332
330
DA
100
AcDbEntity
  8
0
 48
5.0
 60
1
100
AcDbLine
 10
-25.1573444645328
 20
-15.71054378883855
 30
0.0
 11
-25.1573444645328
 21
-15.71054378883855
 31
0.0
  0
LINE
  5
333
330
DA
100
AcDbEntity
  8
0
 48
5.0
 60
1
100
AcDbLine
 10
-23.99446899395844
 20
-16.87341925940564
 30
0.0
 11
-22.05800026174984
 21
-18.80988799162151
 31
0.0
  0
LINE
  5
334
330
DA
100
AcDbEntity
  8
0
 60
1
100
AcDbLine
 10
-30.24446899395844
 20
-9.960543788845825
 30
0.0
 11
30.25553100604156
 21
-9.960543788845825
 31
0.0
  0
LINE
  5
335
330
DA
100
AcDbEntity
  8
0
 60
1
100
AcDbLine
 10
30.25553100604156
 20
-9.960543788845825
 30
0.0
 11
30.25553100604156
 21
-25.71054378883855
 31
0.0
  0
LINE
  5
336
330
DA
100
AcDbEntity
  8
0
 60
1
100
AcDbLine
 10
30.25553100604156
 20
-25.71054378883855
 30
0.0
 11
-30.24446899395844
 21
-25.71054378883855
 31
0.0
  0
LINE
  5
337
330
DA
100
AcDbEntity
  8
0
 60
1
100
AcDbLine
 10
-30.24446899395844
 20
-25.71054378883855
 30
0.0
 11
-30.24446899395844
 21
-9.960543788845825
 31
0.0
  0
LINE
  5
338
330
DA
100
AcDbEntity
  8
0
 60
1
100
AcDbLine
 10
-16.99446884464123
 20
-25.710543793939
 30
0.0
 11
-17.99446884464123
 21
-25.710543793939
 31
0.0
  0
LINE
  5
339
330
DA
100
AcDbEntity
  8
0
 60
1
100
AcDbLine
 10
-17.99446884464123
 20
-25.710543793939
 30
0.0
 11
-17.99446884464123
 21
-9.960543793946272
 31
0.0
  0
LINE
  5
33A
330
DA
100
AcDbEntity
  8
0
 60
1
100
AcDbLine
 10
-17.99446884464123
 20
-9.960543793946272
 30
0.0
 11
-16.99446884464123
 21
-9.960543793946272
 31
0.0
  0
LINE
  5
33B
330
DA
100
AcDbEntity
  8
0
 60
1
100
AcDbLine
 10
-16.99446884464123
 20
-9.960543793946272
 30
0.0
 11
-16.99446884464123
 21
-25.710543793939
 31
0.0
  0
LINE
  5
33C
330
DA
100
AcDbEntity
  8
0
 62
2
 60
1
100
AcDbLine
 10
15.64118992075964
 20
-21.46054378883127
 30
0.0
 11
6.369872091338038
 21
-21.46054378883127
 31
0.0
  0
LINE
  5
33D
330
DA
100
AcDbEntity
  8
0
 62
2
 60
1
100
AcDbLine
 10
6.369872091338038
 20
-9.960543788845825
 30
0.0
 11
15.64118992075964
 21
-9.960543788845825
 31
0.0
  0
LINE
  5
33E
330
DA
100
AcDbEntity
  8
0
 62
2
 60
1
100
AcDbLine
 10
16.75553100604156
 20
-11.07488487411319
 30
0.0
 11
16.75553100604156
 21
-20.34620270355663
 31
0.0
  0
ARC
  5
33F
330
DA
100
AcDbEntity
  8
0
 62
2
 60
1
100
AcDbCircle
 10
15.64118992075964
 20
-20.34620270355663
 30
0.0
 40
1.114341085269756
100
AcDbArc
 50
270.0
 51
0.0
  0
LINE
  5
340
330
DA
100
AcDbEntity
  8
0
 62
2
 60
1
100
AcDbLine
 10
10.20320542466652
 20
-21.46054378883127
 30
0.0
 11
10.20320542466652
 21
-19.27594969834172
 31
0.0
  0
LINE
  5
341
330
DA
100
AcDbEntity
  8
0
 62
2
 60
1
100
AcDbLine
 10
11.80785658744571
 20
-21.46054378883127
 30
0.0
 11
11.80785658744571
 21
-19.27594969834172
 31
0.0
  0
ARC
  5
342
330
DA
100
AcDbEntity
  8
0
 62
2
 60
1
100
AcDbCircle
 10
15.64118992075964
 20
-11.07488487411319
 30
0.0
 40
1.114341085269756
100
AcDbArc
 50
0.0
 51
90.0
  0
LINE
  5
343
330
DA
100
AcDbEntity
  8
0
 62
2
 60
1
100
AcDbLine
 10
16.75553100604156
 20
-16.51286937023542
 30
0.0
 11
14.57093691555201
 21
-16.51286937023542
 31
0.0
  0
LINE
  5
344
330
DA
100
AcDbEntity
  8
0
 62
2
 60
1
100
AcDbLine
 10
16.75553100604156
 20
-14.90821820744168
 30
0.0
 11
14.57093691555201
 21
-14.90821820744168
 31
0.0
  0
LINE
  5
345
330
DA
100
AcDbEntity
  8
0
 62
2
 60
1
100
AcDbLine
 10
10.20320542466652
 20
-9.960543788845825
 30
0.0
 11
10.20320542466652
 21
-12.14513787933538
 31
0.0
  0
LINE
  5
346
330
DA
100
AcDbEntity
  8
0
 62
2
 60
1
100
AcDbLine
 10
11.80785658744571
 20
-9.960543788845825
 30
0.0
 11
11.80785658744571
 21
-12.14513787933538
 31
0.0
  0
LINE
  5
347
330
DA
100
AcDbEntity
  8
0
 62
2
 60
1
100
AcDbLine
 10
5.255531006041564
 20
-20.34620270355663
 30
0.0
 11
5.255531006041564
 21
-11.07488487411319
 31
0.0
  0
ARC
  5
348
330
DA
100
AcDbEntity
  8
0
 62
2
 60
1
100
AcDbCircle
 10
6.369872091338038
 20
-20.34620270355663
 30
0.0
 40
1.114341085269756
100
AcDbArc
 50
180.0
 51
270.0
  0
ARC
  5
349
330
DA
100
AcDbEntity
  8
0
 62
2
 60
1
100
AcDbCircle
 10
6.369872091338038
 20
-11.07488487411319
 30
0.0
 40
1.114341085269756
100
AcDbArc
 50
90.0
 51
180.0
  0
LINE
  5
34A
330
DA
100
AcDbEntity
  8
0
 62
2
 60
1
100
AcDbLine
 10
5.255531006041564
 20
-14.90821820744168
 30
0.0
 11
7.440125096545671
 21
-14.90821820744168
 31
0.0
  0
LINE
  5
34B
330
DA
100
AcDbEntity
  8
0
 62
2
 60
1
100
AcDbLine
 10
5.255531006041564
 20
-16.51286937023542
 30
0.0
 11
7.440125096545671
 21
-16.51286937023542
 31
0.0
  0
CIRCLE
  5
34C
330
DA
100
AcDbEntity
  8
0
 48
5.0
 60
1
100
AcDbCircle
 10
11.00553100604156
 20
-15.71054378883855
 30
0.0
 40
3.654565040894124
  0
LINE
  5
34D
330
DA
100
AcDbEntity
  8
0
 48
5.0
 60
1
100
AcDbLine
 10
12.49142744066193
 20
-17.84248215155094
 30
0.0
 11
11.00553100604156
 21
-16.87341925940564
 31
0.0
  0
LINE
  5
34E
330
DA
100
AcDbEntity
  8
0
 48
5.0
 60
1
100
AcDbLine
 10
9.842655535481754
 20
-15.71054378884582
 30
0.0
 11
8.873592643358279
 21
-14.22464735422545
 31
0.0
  0
LINE
  5
34F
330
DA
100
AcDbEntity
  8
0
 48
5.0
 60
1
100
AcDbLine
 10
11.00553100604156
 20
-14.54766831827874
 30
0.0
 11
9.519634571435745
 21
-13.57860542613343
 31
0.0
  0
LINE
  5
350
330
DA
100
AcDbEntity
  8
0
 48
5.0
 60
1
100
AcDbLine
 10
12.16840647661593
 20
-15.71054378883855
 30
0.0
 11
13.13746936875395
 21
-17.19644022345164
 31
0.0
  0
LINE
  5
351
330
DA
100
AcDbEntity
  8
0
 48
5.0
 60
1
100
AcDbLine
 10
13.13746936875395
 20
-17.19644022345164
 30
0.0
 11
12.49142744066193
 21
-17.84248215155094
 31
0.0
  0
LINE
  5
352
330
DA
100
AcDbEntity
  8
0
 48
5.0
 60
1
100
AcDbLine
 10
9.842655535481754
 20
-15.71054378884582
 30
0.0
 11
8.873592643358279
 21
-14.22464735422545
 31
0.0
  0
LINE
  5
353
330
DA
100
AcDbEntity
  8
0
 48
5.0
 60
1
100
AcDbLine
 10
8.873592643358279
 20
-14.22464735422545
 30
0.0
 11
9.519634571435745
 21
-13.57860542613343
 31
0.0
  0
LINE
  5
354
330
DA
100
AcDbEntity
  8
0
 48
5.0
 60
1
100
AcDbLine
 10
12.16840647661593
 20
-15.71054378883855
 30
0.0
 11
14.10487520883907
 21
-13.77407505662995
 31
0.0
  0
LINE
  5
355
330
DA
100
AcDbEntity
  8
0
 48
5.0
 60
1
100
AcDbLine
 10
11.00553100604156
 20
-14.54766831827874
 30
0.0
 11
12.94199973827926
 21
-12.61119958606286
 31
0.0
  0
LINE
  5
356
330
DA
100
AcDbEntity
  8
0
 48
5.0
 60
1
100
AcDbLine
 10
12.94306219114514
 20
-12.61186365935282
 30
0.0
 11
11.00553100604156
 21
-14.54766831827874
 31
0.0
  0
LINE
  5
357
330
DA
100
AcDbEntity
  8
0
 48
5.0
 60
1
100
AcDbLine
 10
9.842655535481754
 20
-15.71054378884582
 30
0.0
 11
7.91097660579544
 21
-17.65465764918917
 31
0.0
  0
LINE
  5
358
330
DA
100
AcDbEntity
  8
0
 48
5.0
 60
1
100
AcDbLine
 10
12.16840647661593
 20
-15.71054378883855
 30
0.0
 11
12.16840647661593
 21
-15.71054378883855
 31
0.0
  0
LINE
  5
359
330
DA
100
AcDbEntity
  8
0
 48
5.0
 60
1
100
AcDbLine
 10
11.00553100604156
 20
-16.87341925940564
 30
0.0
 11
9.06906227383297
 21
-18.80988799162151
 31
0.0
  0
LINE
  5
35A
330
DA
100
AcDbEntity
  8
0
 62
2
 60
1
100
AcDbLine
 10
28.64118992075964
 20
-21.46054378883127
 30
0.0
 11
19.36987209133804
 21
-21.46054378883127
 31
0.0
  0
LINE
  5
35B
330
DA
100
AcDbEntity
  8
0
 62
2
 60
1
100
AcDbLine
 10
19.36987209133804
 20
-9.960543788845825
 30
0.0
 11
28.64118992075964
 21
-9.960543788845825
 31
0.0
  0
LINE
  5
35C
330
DA
100
AcDbEntity
  8
0
 62
2
 60
1
100
AcDbLine
 10
29.75553100604157
 20
-11.07488487411319
 30
0.0
 11
29.75553100604157
 21
-20.34620270355663
 31
0.0
  0
ARC
  5
35D
330
DA
100
AcDbEntity
  8
0
 62
2
 60
1
100
AcDbCircle
 10
28.64118992075964
 20
-20.34620270355663
 30
0.0
 40
1.114341085269756
100
AcDbArc
 50
270.0
 51
0.0
  0
LINE
  5
35E
330
DA
100
AcDbEntity
  8
0
 62
2
 60
1
100
AcDbLine
 10
23.20320542466652
 20
-21.46054378883127
 30
0.0
 11
23.20320542466652
 21
-19.27594969834172
 31
0.0
  0
LINE
  5
35F
330
DA
100
AcDbEntity
  8
0
 62
2
 60
1
100
AcDbLine
 10
24.80785658744571
 20
-21.46054378883127
 30
0.0
 11
24.80785658744571
 21
-19.27594969834172
 31
0.0
  0
ARC
  5
360
330
DA
100
AcDbEntity
  8
0
 62
2
 60
1
100
AcDbCircle
 10
28.64118992075964
 20
-11.07488487411319
 30
0.0
 40
1.114341085269756
100
AcDbArc
 50
0.0
 51
90.0
  0
LINE
  5
361
330
DA
100
AcDbEntity
  8
0
 62
2
 60
1
100
AcDbLine
 10
29.75553100604157
 20
-16.51286937023542
 30
0.0
 11
27.57093691555201
 21
-16.51286937023542
 31
0.0
  0
LINE
  5
362
330
DA
100
AcDbEntity
  8
0
 62
2
 60
1
100
AcDbLine
 10
29.75553100604157
 20
-14.90821820744168
 30
0.0
 11
27.57093691555201
 21
-14.90821820744168
 31
0.0
  0
LINE
  5
363
330
DA
100
AcDbEntity
  8
0
 62
2
 60
1
100
AcDbLine
 10
23.20320542466652
 20
-9.960543788845825
 30
0.0
 11
23.20320542466652
 21
-12.14513787933538
 31
0.0
  0
LINE
  5
364
330
DA
100
AcDbEntity
  8
0
 62
2
 60
1
100
AcDbLine
 10
24.80785658744571
 20
-9.960543788845825
 30
0.0
 11
24.80785658744571
 21
-12.14513787933538
 31
0.0
  0
LINE
  5
365
330
DA
100
AcDbEntity
  8
0
 62
2
 60
1
100
AcDbLine
 10
18.25553100604156
 20
-20.34620270355663
 30
0.0
 11
18.25553100604156
 21
-11.07488487411319
 31
0.0
  0
ARC
  5
366
330
DA
100
AcDbEntity
  8
0
 62
2
 60
1
100
AcDbCircle
 10
19.36987209133804
 20
-20.34620270355663
 30
0.0
 40
1.114341085269756
100
AcDbArc
 50
180.0
 51
270.0
  0
ARC
  5
367
330
DA
100
AcDbEntity
  8
0
 62
2
 60
1
100
AcDbCircle
 10
19.36987209133804
 20
-11.07488487411319
 30
0.0
 40
1.114341085269756
100
AcDbArc
 50
90.0
 51
180.0
  0
LINE
  5
368
330
DA
100
AcDbEntity
  8
0
 62
2
 60
1
100
AcDbLine
 10
18.25553100604156
 20
-14.90821820744168
 30
0.0
 11
20.44012509654567
 21
-14.90821820744168
 31
0.0
  0
LINE
  5
369
330
DA
100
AcDbEntity
  8
0
 62
2
 60
1
100
AcDbLine
 10
18.25553100604156
 20
-16.51286937023542
 30
0.0
 11
20.44012509654567
 21
-16.51286937023542
 31
0.0
  0
CIRCLE
  5
36A
330
DA
100
AcDbEntity
  8
0
 48
5.0
 60
1
100
AcDbCircle
 10
24.00553100604156
 20
-15.71054378883855
 30
0.0
 40
3.654565040894124
  0
LINE
  5
36B
330
DA
100
AcDbEntity
  8
0
 48
5.0
 60
1
100
AcDbLine
 10
25.49142744066194
 20
-17.84248215155094
 30
0.0
 11
24.00553100604156
 21
-16.87341925940564
 31
0.0
  0
LINE
  5
36C
330
DA
100
AcDbEntity
  8
0
 48
5.0
 60
1
100
AcDbLine
 10
22.84265553548175
 20
-15.71054378884582
 30
0.0
 11
21.87359264335828
 21
-14.22464735422545
 31
0.0
  0
LINE
  5
36D
330
DA
100
AcDbEntity
  8
0
 48
5.0
 60
1
100
AcDbLine
 10
24.00553100604156
 20
-14.54766831827874
 30
0.0
 11
22.51963457143574
 21
-13.57860542613343
 31
0.0
  0
LINE
  5
36E
330
DA
100
AcDbEntity
  8
0
 48
5.0
 60
1
100
AcDbLine
 10
25.16840647661593
 20
-15.71054378883855
 30
0.0
 11
26.13746936875396
 21
-17.19644022345164
 31
0.0
  0
LINE
  5
36F
330
DA
100
AcDbEntity
  8
0
 48
5.0
 60
1
100
AcDbLine
 10
26.13746936875396
 20
-17.19644022345164
 30
0.0
 11
25.49142744066194
 21
-17.84248215155094
 31
0.0
  0
LINE
  5
370
330
DA
100
AcDbEntity
  8
0
 48
5.0
 60
1
100
AcDbLine
 10
22.84265553548175
 20
-15.71054378884582
 30
0.0
 11
21.87359264335828
 21
-14.22464735422545
 31
0.0
  0
LINE
  5
371
330
DA
100
AcDbEntity
  8
0
 48
5.0
 60
1
100
AcDbLine
 10
21.87359264335828
 20
-14.22464735422545
 30
0.0
 11
22.51963457143574
 21
-13.57860542613343
 31
0.0
  0
LINE
  5
372
330
DA
100
AcDbEntity
  8
0
 48
5.0
 60
1
100
AcDbLine
 10
25.16840647661593
 20
-15.71054378883855
 30
0.0
 11
27.10487520883908
 21
-13.77407505662995
 31
0.0
  0
LINE
  5
373
330
DA
100
AcDbEntity
  8
0
 48
5.0
 60
1
100
AcDbLine
 10
24.00553100604156
 20
-14.54766831827874
 30
0.0
 11
25.94199973827926
 21
-12.61119958606286
 31
0.0
  0
LINE
  5
374
330
DA
100
AcDbEntity
  8
0
 48
5.0
 60
1
100
AcDbLine
 10
25.94306219114514
 20
-12.61186365935282
 30
0.0
 11
24.00553100604156
 21
-14.54766831827874
 31
0.0
  0
LINE
  5
375
330
DA
100
AcDbEntity
  8
0
 48
5.0
 60
1
100
AcDbLine
 10
22.84265553548175
 20
-15.71054378884582
 30
0.0
 11
20.91097660579544
 21
-17.65465764918917
 31
0.0
  0
LINE
  5
376
330
DA
100
AcDbEntity
  8
0
 48
5.0
 60
1
100
AcDbLine
 10
25.16840647661593
 20
-15.71054378883855
 30
0.0
 11
25.16840647661593
 21
-15.71054378883855
 31
0.0
  0
LINE
  5
377
330
DA
100
AcDbEntity
  8
0
 48
5.0
 60
1
100
AcDbLine
 10
24.00553100604156
 20
-16.87341925940564
 30
0.0
 11
22.06906227383297
 21
-18.80988799162151
 31
0.0
  0
LINE
  5
378
330
DA
100
AcDbEntity
  8
0
 60
1
100
AcDbLine
 10
17.00553085672436
 20
-25.710543793939
 30
0.0
 11
18.00553085672436
 21
-25.710543793939
 31
0.0
  0
LINE
  5
379
330
DA
100
AcDbEntity
  8
0
 60
1
100
AcDbLine
 10
18.00553085672436
 20
-25.710543793939
 30
0.0
 11
18.00553085672436
 21
-9.960543793946272
 31
0.0
  0
LINE
  5
37A
330
DA
100
AcDbEntity
  8
0
 60
1
100
AcDbLine
 10
18.00553085672436
 20
-9.960543793946272
 30
0.0
 11
17.00553085672436
 21
-9.960543793946272
 31
0.0
  0
LINE
  5
37B
330
DA
100
AcDbEntity
  8
0
 60
1
100
AcDbLine
 10
17.00553085672436
 20
-9.960543793946272
 30
0.0
 11
17.00553085672436
 21
-25.710543793939
 31
0.0
  0
LINE
  5
37C
330
DA
100
AcDbEntity
  8
0
 60
1
100
AcDbLine
 10
-4.994468844641232
 20
-25.710543793939
 30
0.0
 11
5.005530856724362
 21
-25.710543793939
 31
0.0
  0
LINE
  5
37D
330
DA
100
AcDbEntity
  8
0
 60
1
100
AcDbLine
 10
5.005530856724362
 20
-25.710543793939
 30
0.0
 11
5.005530856724362
 21
-9.960543793946272
 31
0.0
  0
LINE
  5
37E
330
DA
100
AcDbEntity
  8
0
 60
1
100
AcDbLine
 10
5.005530856724362
 20
-9.960543793946272
 30
0.0
 11
-4.994468844641232
 21
-9.960543793946272
 31
0.0
  0
LINE
  5
37F
330
DA
100
AcDbEntity
  8
0
 60
1
100
AcDbLine
 10
-4.994468844641232
 20
-9.960543793946272
 30
0.0
 11
-4.994468844641232
 21
-25.710543793939
 31
0.0
  0
CIRCLE
  5
380
330
DA
100
AcDbEntity
  8
0
 62
5
 60
1
100
AcDbCircle
 10
0.005531006041565
 20
80.0591081004967
 30
0.0
 40
2.1
  0
TEXT
  5
381
330
DA
100
AcDbEntity
  8
TEXT
  6
Continuous
370
13
 60
1
100
AcDbText
 10
-32.65082175991355
 20
1.400712682225275
 30
0.0
 40
4.115999999999996
  1
Camsco
 41
0.7
 72
1
 11
-24.48742175991356
 21
1.400712682225275
 31
0.0
100
AcDbText
  0
CIRCLE
  5
382
330
DA
100
AcDbEntity
  8
busbar support
370
13
 48
0.6
 60
1
100
AcDbCircle
 10
-36.0
 20
-4.240891899498819
 30
0.0
 40
3.230348110664633
  0
CIRCLE
  5
383
330
DA
100
AcDbEntity
  8
0
 62
5
 60
1
100
AcDbCircle
 10
-36.0
 20
-4.240891899498819
 30
0.0
 40
2.1
  0
CIRCLE
  5
384
330
DA
100
AcDbEntity
  8
busbar support
370
13
 48
0.6
 60
1
100
AcDbCircle
 10
36.0
 20
-4.240891899498819
 30
0.0
 40
3.230348110664633
  0
CIRCLE
  5
385
330
DA
100
AcDbEntity
  8
0
 62
5
 60
1
100
AcDbCircle
 10
36.0
 20
-4.240891899498819
 30
0.0
 40
2.1
  0
LWPOLYLINE
  5
386
330
DA
100
AcDbEntity
  8
0
 60
1
100
AcDbPolyline
 90
3
 70
0
 10
-35.70472641634115
 20
83.28945621116134
 10
-35.70472641634115
 20
65.6852986163866
 10
-22.27987068197399
 20
65.6852986163866
  0
LWPOLYLINE
  5
387
330
DA
100
AcDbEntity
  8
0
 60
1
100
AcDbPolyline
 90
2
 70
0
 10
-10.57963727999595
 20
72.62878931176226
 10
-10.57963727999595
 20
83.28945621116134
  0
LWPOLYLINE
  5
388
330
DA
100
AcDbEntity
  8
0
 60
1
100
AcDbPolyline
 90
4
 70
1
 38
3.653616e-10
 10
-34.07543822674779
 20
75.10577994945186
 10
-26.0754382267478
 20
75.10577994945186
 10
-26.0754382267478
 20
76.10577994945184
 10
-34.07543822674779
 20
76.10577994945184
  0
LWPOLYLINE
  5
389
330
DA
100
AcDbEntity
  8
0
 60
1
100
AcDbPolyline
 90
4
 70
1
 38
3.653616e-10
 10
-34.07543822674779
 20
73.80577994945622
 10
-26.0754382267478
 20
73.80577994945622
 10
-26.0754382267478
 20
74.80577994945622
 10
-34.07543822674779
 20
74.80577994945622
  0
LWPOLYLINE
  5
38A
330
DA
100
AcDbEntity
  8
0
 60
1
100
AcDbPolyline
 90
4
 70
1
 38
3.653616e-10
 10
-34.07543822674779
 20
72.50577994945331
 10
-26.0754382267478
 20
72.50577994945331
 10
-26.0754382267478
 20
73.50577994945331
 10
-34.07543822674779
 20
73.50577994945331
  0
LWPOLYLINE
  5
38B
330
DA
100
AcDbEntity
  8
0
 60
1
100
AcDbPolyline
 90
4
 70
1
 38
3.653616e-10
 10
-34.07543822674779
 20
71.2057799494504
 10
-26.0754382267478
 20
71.2057799494504
 10
-26.0754382267478
 20
72.2057799494504
 10
-34.07543822674779
 20
72.2057799494504
  0
LWPOLYLINE
  5
38C
330
DA
100
AcDbEntity
  8
0
 60
1
100
AcDbPolyline
 90
4
 70
1
 38
3.653616e-10
 10
-34.07543822674779
 20
69.90577994945477
 10
-26.0754382267478
 20
69.90577994945477
 10
-26.0754382267478
 20
70.90577994945475
 10
-34.07543822674779
 20
70.90577994945475
  0
LWPOLYLINE
  5
38D
330
DA
100
AcDbEntity
  8
0
 60
1
100
AcDbPolyline
 90
4
 70
1
 38
3.653616e-10
 10
-34.07543822674779
 20
68.60577994945184
 10
-26.0754382267478
 20
68.60577994945184
 10
-26.0754382267478
 20
69.60577994945186
 10
-34.07543822674779
 20
69.60577994945186
  0
LWPOLYLINE
  5
38E
330
DA
100
AcDbEntity
  8
0
 60
1
100
AcDbPolyline
 90
4
 70
1
 38
3.653616e-10
 10
-34.07543822674779
 20
67.30577994945622
 10
-26.0754382267478
 20
67.30577994945622
 10
-26.0754382267478
 20
68.30577994945622
 10
-34.07543822674779
 20
68.30577994945622
  0
LWPOLYLINE
  5
38F
330
DA
100
AcDbEntity
  8
0
 60
1
100
AcDbPolyline
 90
4
 70
0
 38
3.653616e-10
 10
-34.16924171683786
 20
78.87932570160763
 10
-32.66924171683786
 20
81.87932570160763
 10
-31.16924171683786
 20
78.87932570160763
 10
-34.16924171683786
 20
78.87932570160763
  0
LWPOLYLINE
  5
390
330
DA
100
AcDbEntity
  8
0
 60
1
100
AcDbPolyline
 90
8
 70
1
 38
3.653616e-10
 10
31.73980886682694
 20
0.5268515752031817
 10
35.73980886682694
 20
0.5268515752031817
 42
0.4142135623730951
 10
37.73980886682693
 20
2.526851575203181
 10
37.73980886682693
 20
19.52685157520306
 42
0.4142135623730951
 10
35.73980886682694
 20
21.52685157520307
 10
31.73980886682694
 20
21.52685157520307
 42
0.4142135623730951
 10
29.73980886682694
 20
19.52685157520306
 10
29.73980886682694
 20
2.526851575203181
 42
0.4142135623730951
  0
TEXT
  5
391
330
DA
100
AcDbEntity
  8
TEXT
  6
Continuous
370
13
 60
1
100
AcDbText
 10
24.47011150071181
 20
13.73296777846542
 30
1.826808e-10
 40
2.057999999999998
  1
OFF
 41
0.7
 72
1
 11
26.39091150071181
 21
13.73296777846542
 31
1.826808e-10
100
AcDbText
  0
TEXT
  5
392
330
DA
100
AcDbEntity
  8
TEXT
  6
Continuous
370
13
 60
1
100
AcDbText
 10
23.74981150071181
 20
9.732967778465422
 30
1.826808e-10
 40
2.057999999999998
  1
AUTO
 41
0.7
 72
1
 11
26.39091150071181
 21
9.732967778465422
 31
1.826808e-10
100
AcDbText
  0
TEXT
  5
393
330
DA
100
AcDbEntity
  8
TEXT
  6
Continuous
370
13
 60
1
100
AcDbText
 10
25.19041150071181
 20
5.732967778465422
 30
1.826808e-10
 40
2.057999999999998
  1
ON
 41
0.7
 72
1
 11
26.39091150071181
 21
5.732967778465422
 31
1.826808e-10
100
AcDbText
  0
LWPOLYLINE
  5
394
330
DA
100
AcDbEntity
  8
0
 60
1
100
AcDbPolyline
 90
8
 70
1
 38
3.653616e-10
 10
32.18278809342883
 20
4.911463064825397
 10
35.18278809342883
 20
4.911463064825397
 42
0.4142135623730951
 10
37.18278809342883
 20
6.911463064825397
 10
37.18278809342883
 20
13.91146306482539
 42
0.4142135623730951
 10
35.18278809342883
 20
15.9114630648254
 10
32.18278809342883
 20
15.9114630648254
 42
0.4142135623730951
 10
30.18278809342883
 20
13.91146306482539
 10
30.18278809342883
 20
6.911463064825397
 42
0.4142135623730951
  0
LINE
  5
395
330
DA
100
AcDbEntity
  8
0
 60
1
100
AcDbLine
 10
30.18278809342883
 20
10.91146306482539
 30
3.653616e-10
 11
37.18278809342883
 21
10.91146306482539
 31
3.653616e-10
  0
LINE
  5
396
330
DA
100
AcDbEntity
  8
0
 60
1
100
AcDbLine
 10
30.18278809342883
 20
9.911463064825398
 30
3.653616e-10
 11
37.18278809342883
 21
9.911463064825398
 31
3.653616e-10
  0
LWPOLYLINE
  5
397
330
DA
100
AcDbEntity
  8
0
 60
1
100
AcDbPolyline
 90
4
 70
1
 38
3.653616e-10
 10
30.18278809342883
 20
10.91146306482539
 10
37.18278809342883
 20
10.91146306482539
 10
37.18278809342883
 20
9.911463064825398
 10
30.18278809342883
 20
9.911463064825398
  0
LINE
  5
398
330
DA
100
AcDbEntity
  8
0
 60
1
100
AcDbLine
 10
30.18278809342883
 20
10.4114630648254
 30
3.653616e-10
 11
37.18278809342883
 21
10.4114630648254
 31
3.653616e-10
  0
TEXT
  5
399
330
DA
100
AcDbEntity
  8
TEXT
  6
Continuous
370
13
 60
1
100
AcDbText
 10
24.47853286096839
 20
66.40991428123368
 30
1.826808e-10
 40
2.057999999999998
  1
PRESENT
 41
0.7
 72
1
 11
29.28053286096838
 21
66.40991428123368
 31
1.826808e-10
100
AcDbText
  0
TEXT
  5
39A
330
DA
100
AcDbEntity
  8
TEXT
  6
Continuous
370
13
 60
1
100
AcDbText
 10
24.24113261575874
 20
63.46914335009194
 30
3.653616e-10
 40
2.057999999999998
  1
TIMER
 41
0.7
 72
1
 11
27.36243261575874
 21
63.46914335009194
 31
3.653616e-10
100
AcDbText
  0
CIRCLE
  5
39B
330
DA
100
AcDbEntity
  8
0
 60
1
100
AcDbCircle
 10
-36.58319491281873
 20
9.037904067859813
 30
3.653616e-10
 40
0.7
  0
CIRCLE
  5
39C
330
DA
100
AcDbEntity
  8
0
 60
1
100
AcDbCircle
 10
-25.78903589466063
 20
9.037904067859813
 30
3.653616e-10
 40
0.7
  0
TEXT
  5
39D
330
DA
100
AcDbEntity
  8
TEXT
  6
Continuous
370
13
 60
1
100
AcDbText
 10
-38.88140580489945
 20
11.09767309593724
 30
2.19217e-10
 40
1.646399999999998
  1
POWER
 41
0.7
 72
1
 11
-36.00020580489945
 21
11.09767309593724
 31
2.19217e-10
100
AcDbText
  0
TEXT
  5
39E
330
DA
100
AcDbEntity
  8
TEXT
  6
Continuous
370
13
 60
1
100
AcDbText
 10
-29.12697811715283
 20
11.09767309593724
 30
2.19217e-10
 40
1.646399999999998
  1
OUTPUT
 41
0.7
 72
1
 11
-25.86161811715283
 21
11.09767309593724
 31
2.19217e-10
100
AcDbText
  0
TEXT
  5
39F
330
DA
100
AcDbEntity
  8
TEXT
  6
Continuous
370
13
 60
1
100
AcDbText
 10
13.15647303865483
 20
78.69714044498674
 30
1.826808e-10
 40
2.057999999999998
  1
TIME-SET PIN
 41
0.7
 72
1
 11
21.07977303865482
 21
78.69714044498674
 31
1.826808e-10
100
AcDbText
  0
TEXT
  5
3A0
330
DA
100
AcDbEntity
  8
TEXT
  6
Continuous
370
13
 60
1
100
AcDbText
 10
13.87896469058207
 20
75.75636951384502
 30
3.653616e-10
 40
2.057999999999998
  1
OUTSIDE-ON
 41
0.7
 72
1
 11
20.60176469058206
 21
75.75636951384502
 31
3.653616e-10
100
AcDbText
  0
TEXT
  5
3A1
330
DA
100
AcDbEntity
  8
TEXT
  6
Continuous
370
13
 60
1
100
AcDbText
 10
12.67287566978064
 20
72.56834636358678
 30
3.653616e-10
 40
2.057999999999998
  1
INSIDE----OFF
 41
0.7
 72
1
 11
21.31647566978063
 21
72.56834636358678
 31
3.653616e-10
100
AcDbText
  0
LWPOLYLINE
  5
3A2
330
DA
100
AcDbEntity
  8
0
370
9
 60
1
100
AcDbPolyline
 90
8
 70
1
 38
3.653616e-10
 10
12.8606469133083
 20
71.97058849240409
 10
34.21329596736177
 20
71.97058849240409
 42
0.4142135623730951
 10
36.21329596736178
 20
73.97058849240409
 10
36.21329596736178
 20
79.19321268730698
 42
0.4142135623730951
 10
34.21329596736177
 20
81.193212687307
 10
12.8606469133083
 20
81.193212687307
 42
0.4142135623730951
 10
10.8606469133083
 20
79.19321268730698
 10
10.8606469133083
 20
73.97058849240409
 42
0.4142135623730951
  0
LINE
  5
3A3
330
DA
100
AcDbEntity
  8
Khung Tủ
 62
150
370
13
100
AcDbLine
 10
-24.3292431742011
 20
40.6306449112161
 30
0.0
 11
-20.92867710848803
 21
39.85782802295569
 31
0.0
  0
LINE
  5
3A4
330
DA
100
AcDbEntity
  8
Khung Tủ
 62
150
370
13
100
AcDbLine
 10
-24.4739684841479
 20
39.95003735083435
 30
0.0
 11
-21.05317375884623
 21
39.27235087646102
 31
0.0
  0
LINE
  5
3A5
330
DA
100
AcDbEntity
  8
Khung Tủ
 62
150
370
13
100
AcDbLine
 10
-24.82402641282532
 20
37.60168441994745
 30
0.0
 11
-21.35430311618255
 21
37.25223377397913
 31
0.0
  0
LINE
  5
3A6
330
DA
100
AcDbEntity
  8
Khung Tủ
 62
150
370
13
100
AcDbLine
 10
-24.74465229202177
 20
38.29296715201042
 30
0.0
 11
-21.28602333719026
 21
37.84689399362822
 31
0.0
  0
LINE
  5
3A7
330
DA
100
AcDbEntity
  8
Khung Tủ
 62
150
370
13
100
AcDbLine
 10
-24.93597000697626
 20
35.92638743158011
 30
0.0
 11
-21.45060004232799
 21
35.81109771069885
 31
0.0
  0
LINE
  5
3A8
330
DA
100
AcDbEntity
  8
Khung Tủ
 62
150
370
13
100
AcDbLine
 10
-24.94927411442039
 20
35.23068989148294
 30
0.0
 11
-21.46204459757426
 21
35.2126397530518
 31
0.0
  0
LINE
  5
3A9
330
DA
100
AcDbEntity
  8
Khung Tủ
 62
150
370
13
100
AcDbLine
 10
-24.8485773259017
 20
32.858525858799
 30
0.0
 11
-21.37542247975942
 21
33.17203969265381
 31
0.0
  0
LINE
  5
3AA
330
DA
100
AcDbEntity
  8
Khung Tủ
 62
150
370
13
100
AcDbLine
 10
-24.90146371608715
 20
33.55233786239103
 30
0.0
 11
-21.42091679180156
 21
33.76887566059293
 31
0.0
  0
LINE
  5
3AB
330
DA
100
AcDbEntity
  8
Khung Tủ
 62
150
370
13
100
AcDbLine
 10
-24.52284797336323
 20
30.50667500677799
 30
0.0
 11
-21.09522122578345
 21
31.14891358326702
 31
0.0
  0
LINE
  5
3AC
330
DA
100
AcDbEntity
  8
Khung Tủ
 62
150
370
13
100
AcDbLine
 10
-24.64144591370131
 20
31.19231820492121
 30
0.0
 11
-21.19724240171489
 21
31.73872252237913
 31
0.0
  0
LINE
  5
3AD
330
DA
100
AcDbEntity
  8
Khung Tủ
 62
150
370
13
100
AcDbLine
 10
-23.97503591203712
 20
28.19643606098532
 30
0.0
 11
-20.62397838168543
 21
29.16158316806821
 31
0.0
  0
LINE
  5
3AE
330
DA
100
AcDbEntity
  8
Khung Tủ
 62
150
370
13
100
AcDbLine
 10
-24.15827136140432
 20
28.86770116274409
 30
0.0
 11
-20.7816025019856
 21
29.73902367726248
 31
0.0
  0
LINE
  5
3AF
330
DA
100
AcDbEntity
  8
Khung Tủ
 62
150
370
13
100
AcDbLine
 10
-23.45631576256709
 20
26.59953882759135
 30
0.0
 11
-20.17776119193876
 21
27.78788870766573
 31
0.0
  0
LINE
  5
3B0
330
DA
100
AcDbEntity
  8
Khung Tủ
 62
150
370
13
100
AcDbLine
 10
-23.21010221299365
 20
25.9487309030518
 30
0.0
 11
-19.96596159582258
 21
27.22804601896485
 31
0.0
  0
LINE
  5
3B1
330
DA
100
AcDbEntity
  8
Khung Tủ
 62
150
370
13
100
AcDbLine
 10
-23.6935046626022
 20
42.91825033743214
 30
0.0
 11
-20.38179753892471
 21
41.82568846865604
 31
0.0
  0
LINE
  5
3B2
330
DA
100
AcDbEntity
  8
Khung Tủ
 62
150
370
13
100
AcDbLine
 10
-23.90227050695101
 20
42.25448163608951
 30
0.0
 11
-20.56138359976465
 21
41.25469656706252
 31
0.0
  0
LINE
  5
3B3
330
DA
100
AcDbEntity
  8
Khung Tủ
 62
150
370
13
100
AcDbLine
 10
-25.79845455594476
 20
42.01422580682254
 30
0.0
 11
-20.32934184515033
 21
40.54878147265106
 31
0.0
  0
LINE
  5
3B4
330
DA
100
AcDbEntity
  8
Khung Tủ
 62
150
370
13
100
AcDbLine
 10
-25.79845455594476
 20
42.01422580682254
 30
0.0
 11
-20.32934184515033
 21
40.54878147265106
 31
0.0
  0
CIRCLE
  5
3B5
330
DA
100
AcDbEntity
  8
Khung Tủ
 62
150
370
13
100
AcDbCircle
 10
-2.90896e-11
 20
35.1015507425908
 30
0.0
 40
25.87748071415215
  0
LINE
  5
3B6
330
DA
100
AcDbEntity
  8
Khung Tủ
 62
150
370
13
100
AcDbLine
 10
23.21010221278994
 20
44.2543705821298
 30
0.0
 11
19.96596159558976
 21
42.97505546615854
 31
0.0
  0
ARC
  5
3B7
330
DA
100
AcDbEntity
  8
Khung Tủ
 62
150
370
13
100
AcDbCircle
 10
-2.90896e-11
 20
35.1015507425908
 30
0.0
 40
24.94960832855544
100
AcDbArc
 50
19.92363206839199
 51
21.52161759242757
  0
LINE
  5
3B8
330
DA
100
AcDbEntity
  8
Khung Tủ
 62
150
370
13
100
AcDbLine
 10
-22.84319410371244
 20
45.13506652168859
 30
0.0
 11
-19.65033725468673
 21
43.73265408184659
 31
0.0
  0
LINE
  5
3B9
330
DA
100
AcDbEntity
  8
Khung Tủ
 62
150
370
13
100
AcDbLine
 10
-23.11410986661211
 20
44.49414787151897
 30
0.0
 11
-19.88338636691331
 21
43.1813184161291
 31
0.0
  0
LINE
  5
3BA
330
DA
100
AcDbEntity
  8
Khung Tủ
 62
150
370
13
100
AcDbLine
 10
14.37663747832994
 20
43.40190626076934
 30
0.0
 11
17.20147976107546
 21
45.03282971306169
 31
0.0
  0
LINE
  5
3BB
330
DA
100
AcDbEntity
  8
Khung Tủ
 62
150
370
13
100
AcDbLine
 10
-17.20147976125007
 20
45.03282971306169
 30
0.0
 11
-14.37663747850455
 21
43.40190626076934
 31
0.0
  0
CIRCLE
  5
3BC
330
DA
100
AcDbEntity
  8
Khung Tủ
 62
150
370
13
100
AcDbCircle
 10
-2.90896e-11
 20
35.1015507425908
 30
0.0
 40
19.86255794106056
  0
LINE
  5
3BD
330
DA
100
AcDbEntity
  8
Khung Tủ
 62
150
370
13
100
AcDbLine
 10
14.36680519356741
 20
14.70356397244893
 30
0.0
 11
12.35871682572178
 21
17.55464738352737
 31
0.0
  0
ARC
  5
3BE
330
DA
100
AcDbEntity
  8
Khung Tủ
 62
150
370
13
100
AcDbCircle
 10
-2.90896e-11
 20
35.1015507425908
 30
0.0
 40
24.94960832855544
100
AcDbArc
 50
303.5599957044271
 51
305.1579812307695
  0
ARC
  5
3BF
330
DA
100
AcDbEntity
  8
Khung Tủ
 62
150
370
13
100
AcDbCircle
 10
-2.90896e-11
 20
35.1015507425908
 30
0.0
 40
21.4623320977283
100
AcDbArc
 50
309.0145411599151
 51
310.6125266831019
  0
LINE
  5
3C0
330
DA
100
AcDbEntity
  8
Khung Tủ
 62
150
370
13
100
AcDbLine
 10
15.70621764365933
 20
15.71604886419653
 30
0.0
 11
13.51091586792608
 21
18.42561444266164
 31
0.0
  0
TEXT
  5
3C1
330
DA
100
AcDbEntity
  8
Khung Tủ
 62
150
370
13
100
AcDbText
 10
12.73933727957774
 20
43.8496135749009
 30
0.0
 40
1.181867939062301
  1
6
 50
300.0000000011133
  7
ROMANS
100
AcDbText
  0
TEXT
  5
3C2
330
DA
100
AcDbEntity
  8
Khung Tủ
 62
150
370
13
100
AcDbText
 10
13.9457132864336
 20
28.44299244716228
 30
0.0
 40
1.181867939062301
  1
10
 50
239.9999999988867
  7
ROMANS
100
AcDbText
  0
LINE
  5
3C3
330
DA
100
AcDbEntity
  8
Khung Tủ
 62
150
370
13
100
AcDbLine
 10
14.93346173840109
 20
22.00525628698222
 30
0.0
 11
13.68836131761782
 21
23.0971800500264
 31
0.0
  0
LINE
  5
3C4
330
DA
100
AcDbEntity
  8
Khung Tủ
 62
150
370
13
100
AcDbLine
 10
11.73847534621019
 20
23.36307539626421
 30
0.0
 11
14.0449494117056
 21
21.05660133076879
 31
0.0
  0
ARC
  5
3C5
330
DA
100
AcDbEntity
  8
Khung Tủ
 62
150
370
13
100
AcDbCircle
 10
-2.90896e-11
 20
35.1015507425908
 30
0.0
 40
24.94960832855544
100
AcDbArc
 50
287.1963593413067
 51
288.794344868318
  0
LINE
  5
3C6
330
DA
100
AcDbEntity
  8
Khung Tủ
 62
150
370
13
100
AcDbLine
 10
7.376285576989189
 20
11.26726101465454
 30
0.0
 11
6.345281601825277
 21
14.59864605894825
 31
0.0
  0
LINE
  5
3C7
330
DA
100
AcDbEntity
  8
Khung Tủ
 62
150
370
13
100
AcDbLine
 10
8.038071669230717
 20
11.48222899988457
 30
0.0
 11
6.914568009204245
 21
14.78356737025013
 31
0.0
  0
ARC
  5
3C8
330
DA
100
AcDbEntity
  8
Khung Tủ
 62
150
370
13
100
AcDbCircle
 10
-2.90896e-11
 20
35.1015507425908
 30
0.0
 40
21.4623320977283
100
AcDbArc
 50
287.1963593413067
 51
288.794344868318
  0
ARC
  5
3C9
330
DA
100
AcDbEntity
  8
Khung Tủ
 62
150
370
13
100
AcDbCircle
 10
-2.90896e-11
 20
35.1015507425908
 30
0.0
 40
21.4623320977283
100
AcDbArc
 50
292.6509047977948
 51
294.2488903189095
  0
LINE
  5
3CA
330
DA
100
AcDbEntity
  8
Khung Tủ
 62
150
370
13
100
AcDbLine
 10
10.24683392886074
 20
12.3532464061426
 30
0.0
 11
8.814605417195722
 21
15.53284024824086
 31
0.0
  0
LINE
  5
3CB
330
DA
100
AcDbEntity
  8
Khung Tủ
 62
150
370
13
100
AcDbLine
 10
9.608478461304927
 20
12.07634504519217
 30
0.0
 11
8.265474670886775
 21
15.29464216156328
 31
0.0
  0
ARC
  5
3CC
330
DA
100
AcDbEntity
  8
Khung Tủ
 62
150
370
13
100
AcDbCircle
 10
-2.90896e-11
 20
35.1015507425908
 30
0.0
 40
24.94960832855544
100
AcDbArc
 50
292.6509047977948
 51
294.2488903189095
  0
LINE
  5
3CD
330
DA
100
AcDbEntity
  8
Khung Tủ
 62
150
370
13
100
AcDbLine
 10
11.75365547669936
 20
13.0939489041192
 30
0.0
 11
10.11081432146603
 21
16.17001269546734
 31
0.0
  0
ARC
  5
3CE
330
DA
100
AcDbEntity
  8
Khung Tủ
 62
150
370
13
100
AcDbCircle
 10
-2.90896e-11
 20
35.1015507425908
 30
0.0
 40
24.94960832855544
100
AcDbArc
 50
298.1054502497542
 51
299.7034357772043
  0
ARC
  5
3CF
330
DA
100
AcDbEntity
  8
Khung Tủ
 62
150
370
13
100
AcDbCircle
 10
-2.90896e-11
 20
35.1015507425908
 30
0.0
 40
21.4623320977283
100
AcDbArc
 50
298.1054502497542
 51
299.7034357772043
  0
LINE
  5
3D0
330
DA
100
AcDbEntity
  8
Khung Tủ
 62
150
370
13
100
AcDbLine
 10
12.36279927348369
 20
13.43027597917524
 30
0.0
 11
10.63481639345993
 21
16.45933039877844
 31
0.0
  0
ARC
  5
3D1
330
DA
100
AcDbEntity
  8
Khung Tủ
 62
150
370
13
100
AcDbCircle
 10
-2.90896e-11
 20
35.1015507425908
 30
0.0
 40
21.4623320977283
100
AcDbArc
 50
303.5599957044271
 51
305.1579812307695
  0
LINE
  5
3D2
330
DA
100
AcDbEntity
  8
Khung Tủ
 62
150
370
13
100
AcDbLine
 10
13.79238956808694
 20
14.31085701317341
 30
0.0
 11
11.86458887177288
 21
17.21683016956365
 31
0.0
  0
ARC
  5
3D3
330
DA
100
AcDbEntity
  8
Khung Tủ
 62
150
370
13
100
AcDbCircle
 10
-2.90896e-11
 20
35.1015507425908
 30
0.0
 40
24.94960832855544
100
AcDbArc
 50
227.1963593425869
 51
228.7943448654926
  0
LINE
  5
3D4
330
DA
100
AcDbEntity
  8
Khung Tủ
 62
150
370
13
100
AcDbLine
 10
-16.95295759697909
 20
16.79635518330895
 30
0.0
 11
-14.58339550651725
 21
19.35492333934224
 31
0.0
  0
LINE
  5
3D5
330
DA
100
AcDbEntity
  8
Khung Tủ
 62
150
370
13
100
AcDbLine
 10
-16.43589681482989
 20
16.33071560806991
 30
0.0
 11
-14.13860574949648
 21
18.95436750412034
 31
0.0
  0
ARC
  5
3D6
330
DA
100
AcDbEntity
  8
Khung Tủ
 62
150
370
13
100
AcDbCircle
 10
-2.90896e-11
 20
35.1015507425908
 30
0.0
 40
21.4623320977283
100
AcDbArc
 50
227.1963593425869
 51
228.7943448654926
  0
ARC
  5
3D7
330
DA
100
AcDbEntity
  8
Khung Tủ
 62
150
370
13
100
AcDbCircle
 10
-2.90896e-11
 20
35.1015507425908
 30
0.0
 40
21.4623320977283
100
AcDbArc
 50
232.6509047970195
 51
234.2488903209092
  0
LINE
  5
3D8
330
DA
100
AcDbEntity
  8
Khung Tủ
 62
150
370
13
100
AcDbLine
 10
-14.57719248393549
 20
14.85338008358656
 30
0.0
 11
-12.53969769875401
 21
17.6835232797165
 31
0.0
  0
LINE
  5
3D9
330
DA
100
AcDbEntity
  8
Khung Tủ
 62
150
370
13
100
AcDbLine
 10
-15.13617383071685
 20
15.26776145464089
 30
0.0
 11
-13.02054866615798
 21
18.0399854126589
 31
0.0
  0
ARC
  5
3DA
330
DA
100
AcDbEntity
  8
Khung Tủ
 62
150
370
13
100
AcDbCircle
 10
-2.90896e-11
 20
35.1015507425908
 30
0.0
 40
24.94960832855544
100
AcDbArc
 50
232.6509047970195
 51
234.2488903209092
  0
LINE
  5
3DB
330
DA
100
AcDbEntity
  8
Khung Tủ
 62
150
370
13
100
AcDbLine
 10
-13.18231453016049
 20
13.91878559310851
 30
0.0
 11
-11.33978572080376
 21
16.8795596636918
 31
0.0
  0
ARC
  5
3DC
330
DA
100
AcDbEntity
  8
Khung Tủ
 62
150
370
13
100
AcDbCircle
 10
-2.90896e-11
 20
35.1015507425908
 30
0.0
 40
24.94960832855544
100
AcDbArc
 50
238.1054502492006
 51
239.703435776505
  0
ARC
  5
3DD
330
DA
100
AcDbEntity
  8
Khung Tủ
 62
150
370
13
100
AcDbCircle
 10
-2.90896e-11
 20
35.1015507425908
 30
0.0
 40
21.4623320977283
100
AcDbArc
 50
238.1054502492006
 51
239.703435776505
  0
LINE
  5
3DE
330
DA
100
AcDbEntity
  8
Khung Tủ
 62
150
370
13
100
AcDbLine
 10
-12.58647484070387
 20
13.55941512809648
 30
0.0
 11
-10.82722820396883
 21
16.57041940921033
 31
0.0
  0
ARC
  5
3DF
330
DA
100
AcDbEntity
  8
Khung Tủ
 62
150
370
13
100
AcDbCircle
 10
-2.90896e-11
 20
35.1015507425908
 30
0.0
 40
21.4623320977283
100
AcDbArc
 50
243.55999570716
 51
245.1579812317653
  0
LINE
  5
3E0
330
DA
100
AcDbEntity
  8
Khung Tủ
 62
150
370
13
100
AcDbLine
 10
-10.48177213224697
 20
12.46053908859892
 30
0.0
 11
-9.0167056537757
 21
15.62513633367769
 31
0.0
  0
LINE
  5
3E1
330
DA
100
AcDbEntity
  8
Khung Tủ
 62
150
370
13
100
AcDbLine
 10
-11.10907414791289
 20
12.76164413297363
 30
0.0
 11
-9.556327919941381
 21
15.88415508759488
 31
0.0
  0
ARC
  5
3E2
330
DA
100
AcDbEntity
  8
Khung Tủ
 62
150
370
13
100
AcDbCircle
 10
-2.90896e-11
 20
35.1015507425908
 30
0.0
 40
24.94960832855544
100
AcDbArc
 50
243.55999570716
 51
245.1579812317653
  0
ARC
  5
3E3
330
DA
100
AcDbEntity
  8
Khung Tủ
 62
150
370
13
100
AcDbCircle
 10
-2.90896e-11
 20
35.1015507425908
 30
0.0
 40
21.4623320977283
100
AcDbArc
 50
249.0145411594725
 51
250.6125266832943
  0
LINE
  5
3E4
330
DA
100
AcDbEntity
  8
Khung Tủ
 62
150
370
13
100
AcDbLine
 10
-8.28214487226795
 20
11.56670355667291
 30
0.0
 11
-7.124526421015602
 21
14.85623468305846
 31
0.0
  0
LINE
  5
3E5
330
DA
100
AcDbEntity
  8
Khung Tủ
 62
150
370
13
100
AcDbLine
 10
-8.935228270071079
 20
11.80681632658514
 30
0.0
 11
-7.686326533614177
 21
15.06278622250818
 31
0.0
  0
ARC
  5
3E6
330
DA
100
AcDbEntity
  8
Khung Tủ
 62
150
370
13
100
AcDbCircle
 10
-2.90896e-11
 20
35.1015507425908
 30
0.0
 40
24.94960832855544
100
AcDbArc
 50
249.0145411594725
 51
250.6125266832943
  0
ARC
  5
3E7
330
DA
100
AcDbEntity
  8
Khung Tủ
 62
150
370
13
100
AcDbCircle
 10
-2.90896e-11
 20
35.1015507425908
 30
0.0
 40
21.4623320977283
100
AcDbArc
 50
254.4690866120169
 51
256.0670721403102
  0
LINE
  5
3E8
330
DA
100
AcDbEntity
  8
Khung Tủ
 62
150
370
13
100
AcDbLine
 10
-6.00751322577706
 20
10.88600324535207
 30
0.0
 11
-5.167826373770353
 21
14.27067774972227
 31
0.0
  0
LINE
  5
3E9
330
DA
100
AcDbEntity
  8
Khung Tủ
 62
150
370
13
100
AcDbLine
 10
-6.680463581171338
 20
11.06294924225938
 30
0.0
 11
-5.746716583962538
 21
14.42289151191642
 31
0.0
  0
ARC
  5
3EA
330
DA
100
AcDbEntity
  8
Khung Tủ
 62
150
370
13
100
AcDbCircle
 10
-2.90896e-11
 20
35.1015507425908
 30
0.0
 40
24.94960832855544
100
AcDbArc
 50
254.4690866120169
 51
256.0670721403102
  0
ARC
  5
3EB
330
DA
100
AcDbEntity
  8
Khung Tủ
 62
150
370
13
100
AcDbCircle
 10
-2.90896e-11
 20
35.1015507425908
 30
0.0
 40
21.4623320977283
100
AcDbArc
 50
259.9236320704245
 51
261.5216175962153
  0
LINE
  5
3EC
330
DA
100
AcDbEntity
  8
Khung Tủ
 62
150
370
13
100
AcDbLine
 10
-4.365199579682652
 20
10.5367794556513
 30
0.0
 11
-3.755063479096847
 21
13.97026594150509
 31
0.0
  0
LINE
  5
3ED
330
DA
100
AcDbEntity
  8
Khung Tủ
 62
150
370
13
100
AcDbLine
 10
-3.67847660920232
 20
10.42460268201819
 30
0.0
 11
-3.164325690537211
 21
13.87376842794754
 31
0.0
  0
ARC
  5
3EE
330
DA
100
AcDbEntity
  8
Khung Tủ
 62
150
370
13
100
AcDbCircle
 10
-2.90896e-11
 20
35.1015507425908
 30
0.0
 40
24.94960832855544
100
AcDbArc
 50
259.9236320704245
 51
261.5216175962153
  0
ARC
  5
3EF
330
DA
100
AcDbEntity
  8
Khung Tủ
 62
150
370
13
100
AcDbCircle
 10
-2.90896e-11
 20
35.1015507425908
 30
0.0
 40
21.4623320977283
100
AcDbArc
 50
265.3781775208885
 51
266.9761630469943
  0
LINE
  5
3F0
330
DA
100
AcDbEntity
  8
Khung Tủ
 62
150
370
13
100
AcDbLine
 10
-1.3161271389108
 20
10.1866803816082
 30
0.0
 11
-1.132168383832308
 21
13.66910118992371
 31
0.0
  0
LINE
  5
3F1
330
DA
100
AcDbEntity
  8
Khung Tủ
 62
150
370
13
100
AcDbLine
 10
-2.010403654683599
 20
10.23307204178116
 30
0.0
 11
-1.729403937730225
 21
13.70900855858042
 31
0.0
  0
ARC
  5
3F2
330
DA
100
AcDbEntity
  8
Khung Tủ
 62
150
370
13
100
AcDbCircle
 10
-2.90896e-11
 20
35.1015507425908
 30
0.0
 40
24.94960832855544
100
AcDbArc
 50
265.3781775208885
 51
266.9761630469943
  0
ARC
  5
3F3
330
DA
100
AcDbEntity
  8
Khung Tủ
 62
150
370
13
100
AcDbCircle
 10
-2.90896e-11
 20
35.1015507425908
 30
0.0
 40
21.4623320977283
100
AcDbArc
 50
270.8327229788144
 51
272.4307085038677
  0
LINE
  5
3F4
330
DA
100
AcDbEntity
  8
Khung Tủ
 62
150
370
13
100
AcDbLine
 10
1.058141382673071
 20
10.1743910054355
 30
0.0
 11
0.9102420151466645
 21
13.65852953410638
 31
0.0
  0
LINE
  5
3F5
330
DA
100
AcDbEntity
  8
Khung Tủ
 62
150
370
13
100
AcDbLine
 10
0.3625987969571867
 20
10.1545774219411
 30
0.0
 11
0.3119173534214639
 21
13.64148535042466
 31
0.0
  0
ARC
  5
3F6
330
DA
100
AcDbEntity
  8
Khung Tủ
 62
150
370
13
100
AcDbCircle
 10
-2.90896e-11
 20
35.1015507425908
 30
0.0
 40
24.94960832855544
100
AcDbArc
 50
270.8327229788144
 51
272.4307085038677
  0
ARC
  5
3F7
330
DA
100
AcDbEntity
  8
Khung Tủ
 62
150
370
13
100
AcDbCircle
 10
-2.90896e-11
 20
35.1015507425908
 30
0.0
 40
21.4623320977283
100
AcDbArc
 50
276.2872684303738
 51
277.8852539600339
  0
LINE
  5
3F8
330
DA
100
AcDbEntity
  8
Khung Tủ
 62
150
370
13
100
AcDbLine
 10
3.422827212023562
 20
10.38784584785742
 30
0.0
 11
2.944409121322692
 21
13.8421491987973
 31
0.0
  0
LINE
  5
3F9
330
DA
100
AcDbEntity
  8
Khung Tủ
 62
150
370
13
100
AcDbLine
 10
2.732317497750059
 20
10.30200645564753
 30
0.0
 11
2.350413872802178
 21
13.76830781759043
 31
0.0
  0
ARC
  5
3FA
330
DA
100
AcDbEntity
  8
Khung Tủ
 62
150
370
13
100
AcDbCircle
 10
-2.90896e-11
 20
35.1015507425908
 30
0.0
 40
24.94960832855544
100
AcDbArc
 50
276.2872684303738
 51
277.8852539600339
  0
ARC
  5
3FB
330
DA
100
AcDbEntity
  8
Khung Tủ
 62
150
370
13
100
AcDbCircle
 10
-2.90896e-11
 20
35.1015507425908
 30
0.0
 40
21.4623320977283
100
AcDbArc
 50
281.7418138862278
 51
283.3397994108357
  0
LINE
  5
3FC
330
DA
100
AcDbEntity
  8
Khung Tủ
 62
150
370
13
100
AcDbLine
 10
5.756515388085986
 20
10.82511182875885
 30
0.0
 11
4.951911202661008
 21
14.21829729601439
 31
0.0
  0
ARC
  5
3FD
330
DA
100
AcDbEntity
  8
Khung Tủ
 62
150
370
13
100
AcDbCircle
 10
-2.90896e-11
 20
35.1015507425908
 30
0.0
 40
24.94960832855544
100
AcDbArc
 50
281.7418138862278
 51
283.3397994108357
  0
LINE
  5
3FE
330
DA
100
AcDbEntity
  8
Khung Tủ
 62
150
370
13
100
AcDbLine
 10
5.077291908266502
 20
10.6740240027865
 30
0.0
 11
4.367624680016902
 21
14.08832743611117
 31
0.0
  0
ARC
  5
3FF
330
DA
100
AcDbEntity
  8
Khung Tủ
 62
150
370
13
100
AcDbCircle
 10
-2.90896e-11
 20
35.1015507425908
 30
0.0
 40
21.4623320977283
100
AcDbArc
 50
167.196359340756
 51
168.7943448670231
  0
ARC
  5
400
330
DA
100
AcDbEntity
  8
Khung Tủ
 62
150
370
13
100
AcDbCircle
 10
-2.90896e-11
 20
35.1015507425908
 30
0.0
 40
21.4623320977283
100
AcDbArc
 50
172.6509047966169
 51
174.2488903204935
  0
ARC
  5
401
330
DA
100
AcDbEntity
  8
Khung Tủ
 62
150
370
13
100
AcDbCircle
 10
-2.90896e-11
 20
35.1015507425908
 30
0.0
 40
21.4623320977283
100
AcDbArc
 50
178.1054502521387
 51
179.7034357773723
  0
ARC
  5
402
330
DA
100
AcDbEntity
  8
Khung Tủ
 62
150
370
13
100
AcDbCircle
 10
-2.90896e-11
 20
35.1015507425908
 30
0.0
 40
21.4623320977283
100
AcDbArc
 50
183.559995704978
 51
185.1579812298062
  0
ARC
  5
403
330
DA
100
AcDbEntity
  8
Khung Tủ
 62
150
370
13
100
AcDbCircle
 10
-2.90896e-11
 20
35.1015507425908
 30
0.0
 40
21.4623320977283
100
AcDbArc
 50
189.0145411605913
 51
190.6125266862588
  0
ARC
  5
404
330
DA
100
AcDbEntity
  8
Khung Tủ
 62
150
370
13
100
AcDbCircle
 10
-2.90896e-11
 20
35.1015507425908
 30
0.0
 40
21.4623320977283
100
AcDbArc
 50
194.469086613146
 51
196.0670721380208
  0
ARC
  5
405
330
DA
100
AcDbEntity
  8
Khung Tủ
 62
150
370
13
100
AcDbCircle
 10
-2.90896e-11
 20
35.1015507425908
 30
0.0
 40
21.4623320977283
100
AcDbArc
 50
199.923632068392
 51
201.5216175924276
  0
ARC
  5
406
330
DA
100
AcDbEntity
  8
Khung Tủ
 62
150
370
13
100
AcDbCircle
 10
-2.90896e-11
 20
35.1015507425908
 30
0.0
 40
21.4623320977283
100
AcDbArc
 50
205.3781775234249
 51
206.9761630490639
  0
LINE
  5
407
330
DA
100
AcDbEntity
  8
Khung Tủ
 62
150
370
13
100
AcDbLine
 10
-22.23497423398656
 20
23.78391509894561
 30
0.0
 11
-19.12712996982735
 21
25.36581254792679
 31
0.0
  0
LINE
  5
408
330
DA
100
AcDbEntity
  8
Khung Tủ
 62
150
370
13
100
AcDbLine
 10
-22.54193613587994
 20
24.40837202897808
 30
0.0
 11
-19.39118695183423
 21
25.90298739400157
 31
0.0
  0
ARC
  5
409
330
DA
100
AcDbEntity
  8
Khung Tủ
 62
150
370
13
100
AcDbCircle
 10
-2.90896e-11
 20
35.1015507425908
 30
0.0
 40
24.94960832855544
100
AcDbArc
 50
205.3781775234249
 51
206.9761630490639
  0
ARC
  5
40A
330
DA
100
AcDbEntity
  8
Khung Tủ
 62
150
370
13
100
AcDbCircle
 10
-2.90896e-11
 20
35.1015507425908
 30
0.0
 40
21.4623320977283
100
AcDbArc
 50
210.8327229786862
 51
212.430708503204
  0
LINE
  5
40B
330
DA
100
AcDbEntity
  8
Khung Tủ
 62
150
370
13
100
AcDbLine
 10
-21.05848288527339
 20
21.72159355571773
 30
0.0
 11
-18.11508009294628
 21
23.59174742964376
 31
0.0
  0
LINE
  5
40C
330
DA
100
AcDbEntity
  8
Khung Tủ
 62
150
370
13
100
AcDbLine
 10
-21.42341324480366
 20
22.31404431264662
 30
0.0
 11
-18.42900311984702
 21
24.1013896944786
 31
0.0
  0
ARC
  5
40D
330
DA
100
AcDbEntity
  8
Khung Tủ
 62
150
370
13
100
AcDbCircle
 10
-2.90896e-11
 20
35.1015507425908
 30
0.0
 40
24.94960832855544
100
AcDbArc
 50
210.8327229786862
 51
212.430708503204
  0
ARC
  5
40E
330
DA
100
AcDbEntity
  8
Khung Tủ
 62
150
370
13
100
AcDbCircle
 10
-2.90896e-11
 20
35.1015507425908
 30
0.0
 40
21.4623320977283
100
AcDbArc
 50
216.2872684307012
 51
217.8852539570685
  0
LINE
  5
40F
330
DA
100
AcDbEntity
  8
Khung Tủ
 62
150
370
13
100
AcDbLine
 10
-19.69128265455946
 20
19.78044297675649
 30
0.0
 11
-16.93897724550332
 21
21.9219168723356
 31
0.0
  0
LINE
  5
410
330
DA
100
AcDbEntity
  8
Khung Tủ
 62
150
370
13
100
AcDbLine
 10
-20.11087660584597
 20
20.33552223474533
 30
0.0
 11
-17.29992338191367
 21
22.3994111567589
 31
0.0
  0
ARC
  5
411
330
DA
100
AcDbEntity
  8
Khung Tủ
 62
150
370
13
100
AcDbCircle
 10
-2.90896e-11
 20
35.1015507425908
 30
0.0
 40
24.94960832855544
100
AcDbArc
 50
216.2872684307012
 51
217.8852539570685
  0
ARC
  5
412
330
DA
100
AcDbEntity
  8
Khung Tủ
 62
150
370
13
100
AcDbCircle
 10
-2.90896e-11
 20
35.1015507425908
 30
0.0
 40
21.4623320977283
100
AcDbArc
 50
221.7418138865775
 51
223.339799410165
  0
LINE
  5
413
330
DA
100
AcDbEntity
  8
Khung Tủ
 62
150
370
13
100
AcDbLine
 10
-18.14575511883593
 20
17.97804272225756
 30
0.0
 11
-15.60947239707455
 21
20.371443120457
 31
0.0
  0
ARC
  5
414
330
DA
100
AcDbEntity
  8
Khung Tủ
 62
150
370
13
100
AcDbCircle
 10
-2.90896e-11
 20
35.1015507425908
 30
0.0
 40
24.94960832855544
100
AcDbArc
 50
221.7418138865775
 51
223.339799410165
  0
LINE
  5
415
330
DA
100
AcDbEntity
  8
Khung Tủ
 62
150
370
13
100
AcDbLine
 10
-18.6162127543066
 20
18.49072359754052
 30
0.0
 11
-16.0141728587041
 21
20.81246516217641
 31
0.0
  0
ARC
  5
416
330
DA
100
AcDbEntity
  8
Khung Tủ
 62
150
370
13
100
AcDbCircle
 10
-2.90896e-11
 20
35.1015507425908
 30
0.0
 40
21.4623320977283
100
AcDbArc
 50
161.741813887494
 51
163.3397994116773
  0
ARC
  5
417
330
DA
100
AcDbEntity
  8
Khung Tủ
 62
150
370
13
100
AcDbCircle
 10
-2.90896e-11
 20
35.1015507425908
 30
0.0
 40
21.4623320977283
100
AcDbArc
 50
156.2872684311756
 51
157.8852539567257
  0
ARC
  5
418
330
DA
100
AcDbEntity
  8
Khung Tủ
 62
150
370
13
100
AcDbCircle
 10
-2.90896e-11
 20
35.1015507425908
 30
0.0
 40
24.94960832855544
100
AcDbArc
 50
287.1963593413067
 51
288.794344868318
  0
ARC
  5
419
330
DA
100
AcDbEntity
  8
Khung Tủ
 62
150
370
13
100
AcDbCircle
 10
-2.90896e-11
 20
35.1015507425908
 30
0.0
 40
21.4623320977283
100
AcDbArc
 50
287.1963593413067
 51
288.794344868318
  0
LINE
  5
41A
330
DA
100
AcDbEntity
  8
Khung Tủ
 62
150
370
13
100
AcDbLine
 10
6.697584847977864
 20
10.10582380149561
 30
0.0
 11
5.447230729972957
 21
14.77220889758599
 31
0.0
  0
LINE
  5
41B
330
DA
100
AcDbEntity
  8
Khung Tủ
 62
150
370
13
100
AcDbLine
 10
6.912675064202645
 20
9.303096186616928
 30
0.0
 11
5.447230729972957
 21
14.77220889758599
 31
0.0
  0
LINE
  5
41C
330
DA
100
AcDbEntity
  8
Khung Tủ
 62
150
370
13
100
AcDbLine
 10
-18.88577949182944
 20
16.21577125090687
 30
0.0
 11
-14.88211111503186
 21
20.21943962764624
 31
0.0
  0
LINE
  5
41D
330
DA
100
AcDbEntity
  8
Khung Tủ
 62
150
370
13
100
AcDbLine
 10
-18.88577949182944
 20
16.21577125090687
 30
0.0
 11
-14.88211111503186
 21
20.21943962764624
 31
0.0
  0
LINE
  5
41E
330
DA
100
AcDbEntity
  8
Khung Tủ
 62
150
370
13
100
AcDbLine
 10
-10.80740653406245
 20
37.76654866513843
 30
0.0
 11
-9.804359708592514
 21
37.51920739062177
 31
0.0
  0
ARC
  5
41F
330
DA
100
AcDbEntity
  8
Khung Tủ
 62
150
370
13
100
AcDbCircle
 10
18.54071405535797
 20
-0.7252426185733576
 30
0.0
 40
48.40382400560889
100
AcDbArc
 50
123.3927872679214
 51
127.3237600314397
  0
HATCH
  5
420
330
DA
100
AcDbEntity
  8
Khung Tủ
 62
150
370
13
100
AcDbHatch
 10
0.0
 20
0.0
 30
0.0
210
0.0
220
0.0
230
1.0
  2
SOLID
 70
1
 71
0
 91
1
 92
7
 72
1
 73
1
 93
3
 10
6.156033296487308
 20
44.46524726679479
 42
-0.1171185150035745
 10
8.192198240343728
 20
42.86918689378933
 42
0.0
 10
8.265746555989622
 20
44.92285974310641
 42
0.0
 97
0
 75
0
 76
1
 47
0.0001075023185937
 98
1
 10
7.69179926728249
 20
44.44578231962793
450
0
451
0
460
0.0
461
0.0
452
0
462
0.0
453
0
470

  0
LINE
  5
421
330
DA
100
AcDbEntity
  8
Khung Tủ
 62
150
370
13
100
AcDbLine
 10
8.265746555989622
 20
44.92285974310641
 30
0.0
 11
8.192198240343728
 21
42.86918689378933
 31
0.0
  0
LINE
  5
422
330
DA
100
AcDbEntity
  8
Khung Tủ
 62
150
370
13
100
AcDbLine
 10
8.265746555989622
 20
44.92285974310641
 30
0.0
 11
6.156033296487308
 21
44.46524726679479
 31
0.0
  0
LINE
  5
423
330
DA
100
AcDbEntity
  8
Khung Tủ
 62
150
370
13
100
AcDbLine
 10
6.960887981229475
 20
28.9222248894074
 30
0.0
 11
7.539182001957684
 21
28.38356981803361
 31
0.0
  0
ARC
  5
424
330
DA
100
AcDbEntity
  8
Khung Tủ
 62
150
370
13
100
AcDbCircle
 10
3.813913461257484
 20
39.3804580967261
 30
0.0
 40
5.598268145263608
100
AcDbArc
 50
38.5487293328425
 51
65.26858962013743
  0
ARC
  5
425
330
DA
100
AcDbEntity
  8
Khung Tủ
 62
150
370
13
100
AcDbCircle
 10
-2.90896e-11
 20
35.10155074264901
 30
0.0
 40
10.09804599725025
100
AcDbArc
 50
166.1477915811691
 51
318.2965482584196
  0
ARC
  5
426
330
DA
100
AcDbEntity
  8
Khung Tủ
 62
150
370
13
100
AcDbCircle
 10
-2.90896e-11
 20
35.1015507425908
 30
0.0
 40
9.307955172203485
100
AcDbArc
 50
150.4792527586316
 51
318.4038652094056
  0
TEXT
  5
427
330
DA
100
AcDbEntity
  8
Khung Tủ
 62
150
370
13
100
AcDbText
 10
11.74716292964878
 20
25.06046112302272
 30
0.0
 40
1.181867939062301
  1
11
 50
225.0
  7
ROMANS
100
AcDbText
  0
TEXT
  5
428
330
DA
100
AcDbEntity
  8
Khung Tủ
 62
150
370
13
100
AcDbText
 10
8.748062832310112
 20
22.36221346286754
 30
0.0
 40
1.181867939062301
  1
12
 50
209.9999999992461
  7
ROMANS
100
AcDbText
  0
TEXT
  5
429
330
DA
100
AcDbEntity
  8
Khung Tủ
 62
150
370
13
100
AcDbText
 10
5.152796709677218
 20
20.53213058559038
 30
0.0
 40
1.181867939062301
  1
13
 50
195.0000000001153
  7
ROMANS
100
AcDbText
  0
TEXT
  5
42A
330
DA
100
AcDbEntity
  8
Khung Tủ
 62
150
370
13
100
AcDbText
 10
1.206376006768564
 20
19.69492961479398
 30
0.0
 40
1.181867939062301
  1
14
 50
180.0
  7
ROMANS
100
AcDbText
  0
TEXT
  5
42B
330
DA
100
AcDbEntity
  8
Khung Tủ
 62
150
370
13
100
AcDbText
 10
-2.822257227409849
 20
19.90766441331641
 30
0.0
 40
1.181867939062301
  1
15
 50
164.9999999998847
  7
ROMANS
100
AcDbText
  0
TEXT
  5
42C
330
DA
100
AcDbEntity
  8
Khung Tủ
 62
150
370
13
100
AcDbText
 10
-6.658558295515817
 20
21.15583745604078
 30
0.0
 40
1.181867939062301
  1
16
 50
150.0000000007539
  7
ROMANS
100
AcDbText
  0
TEXT
  5
42D
330
DA
100
AcDbEntity
  8
Khung Tủ
 62
150
370
13
100
AcDbText
 10
-10.04108961956807
 20
23.35438781282562
 30
0.0
 40
1.181867939062301
  1
17
 50
135.0
  7
ROMANS
100
AcDbText
  0
TEXT
  5
42E
330
DA
100
AcDbEntity
  8
Khung Tủ
 62
150
370
13
100
AcDbText
 10
-12.73933727981055
 20
26.35348791028071
 30
0.0
 40
1.181867939062301
  1
18
 50
120.0000000011132
  7
ROMANS
100
AcDbText
  0
TEXT
  5
42F
330
DA
100
AcDbEntity
  8
Khung Tủ
 62
150
370
13
100
AcDbText
 10
-14.56942015708772
 20
29.94875403282629
 30
0.0
 40
1.181867939062301
  1
19
 50
105.0000000010701
  7
ROMANS
100
AcDbText
  0
TEXT
  5
430
330
DA
100
AcDbEntity
  8
Khung Tủ
 62
150
370
13
100
AcDbText
 10
-15.40662112776771
 20
33.89517473570584
 30
0.0
 40
1.181867939062301
  1
20
 50
90.0
  7
ROMANS
100
AcDbText
  0
TEXT
  5
431
330
DA
100
AcDbEntity
  8
Khung Tủ
 62
150
370
13
100
AcDbText
 10
-15.19388632941989
 20
37.92380796988425
 30
0.0
 40
1.181867939062301
  1
21
 50
74.99999999892992
  7
ROMANS
100
AcDbText
  0
TEXT
  5
432
330
DA
100
AcDbEntity
  8
Khung Tủ
 62
150
370
13
100
AcDbText
 10
-13.9457132865791
 20
41.76010903799022
 30
0.0
 40
1.181867939062301
  1
22
 50
59.99999999888672
  7
ROMANS
100
AcDbText
  0
LINE
  5
433
330
DA
100
AcDbEntity
  8
Khung Tủ
 62
150
370
13
100
AcDbLine
 10
11.03504594365951
 20
18.58643739200477
 30
0.0
 11
10.11498195657624
 21
19.96341045697034
 31
0.0
  0
LINE
  5
434
330
DA
100
AcDbEntity
  8
Khung Tủ
 62
150
370
13
100
AcDbLine
 10
12.09155915593148
 20
19.34352405332891
 30
0.0
 11
11.08340674909415
 21
20.65737384943338
 31
0.0
  0
LINE
  5
435
330
DA
100
AcDbEntity
  8
Khung Tủ
 62
150
370
13
100
AcDbLine
 10
13.09629445555038
 20
20.1680890041024
 30
0.0
 11
12.00437069247711
 21
21.41318942482747
 31
0.0
  0
LINE
  5
436
330
DA
100
AcDbEntity
  8
Khung Tủ
 62
150
370
13
100
AcDbLine
 10
6.384610003966386
 20
16.29309617933166
 30
0.0
 11
5.852283290994833
 21
17.86128010741948
 31
0.0
  0
LINE
  5
437
330
DA
100
AcDbEntity
  8
Khung Tủ
 62
150
370
13
100
AcDbLine
 10
7.601071848359438
 20
16.75093999750959
 30
0.0
 11
6.967320751486127
 21
18.28095049069077
 31
0.0
  0
LINE
  5
438
330
DA
100
AcDbEntity
  8
Khung Tủ
 62
150
370
13
100
AcDbLine
 10
8.78498473609217
 20
17.2873639481694
 30
0.0
 11
8.052523074933575
 21
18.77264926648047
 31
0.0
  0
LINE
  5
439
330
DA
100
AcDbEntity
  8
Khung Tủ
 62
150
370
13
100
AcDbLine
 10
1.299073443689863
 20
15.28152006275184
 30
0.0
 11
1.190761190402568
 21
16.93404571081908
 31
0.0
  0
LINE
  5
43A
330
DA
100
AcDbEntity
  8
Khung Tủ
 62
150
370
13
100
AcDbLine
 10
2.592584055644707
 20
15.4089197381544
 30
0.0
 11
2.376423358684419
 21
17.05082324171951
 31
0.0
  0
LINE
  5
43B
330
DA
100
AcDbEntity
  8
Khung Tủ
 62
150
370
13
100
AcDbLine
 10
3.874992824654341
 20
15.62064628284122
 30
0.0
 11
3.551909317233381
 21
17.24489675894426
 31
0.0
  0
LINE
  5
43C
330
DA
100
AcDbEntity
  8
Khung Tủ
 62
150
370
13
100
AcDbLine
 10
-3.874992824770728
 20
15.62064628284122
 30
0.0
 11
-3.551909317466183
 21
17.24489675894426
 31
0.0
  0
LINE
  5
43D
330
DA
100
AcDbEntity
  8
Khung Tủ
 62
150
370
13
100
AcDbLine
 10
-2.592584055877509
 20
15.4089197381544
 30
0.0
 11
-2.376423358859014
 21
17.05082324171951
 31
0.0
  0
LINE
  5
43E
330
DA
100
AcDbEntity
  8
Khung Tủ
 62
150
370
13
100
AcDbLine
 10
-1.299073443864457
 20
15.28152006275184
 30
0.0
 11
-1.19076119063537
 21
16.93404571081908
 31
0.0
  0
LINE
  5
43F
330
DA
100
AcDbEntity
  8
Khung Tủ
 62
150
370
13
100
AcDbLine
 10
-8.784984736208555
 20
17.2873639481694
 30
0.0
 11
-8.052523075166375
 21
18.77264926648047
 31
0.0
  0
LINE
  5
440
330
DA
100
AcDbEntity
  8
Khung Tủ
 62
150
370
13
100
AcDbLine
 10
-7.601071848563137
 20
16.75093999750959
 30
0.0
 11
-6.967320751660722
 21
18.28095049069077
 31
0.0
  0
LINE
  5
441
330
DA
100
AcDbEntity
  8
Khung Tủ
 62
150
370
13
100
AcDbLine
 10
-6.384610004140981
 20
16.29309617933166
 30
0.0
 11
-5.852283291169428
 21
17.86128010741948
 31
0.0
  0
LINE
  5
442
330
DA
100
AcDbEntity
  8
Khung Tủ
 62
150
370
13
100
AcDbLine
 10
-13.09629445566678
 20
20.1680890041024
 30
0.0
 11
-12.00437069270991
 21
21.41318942482747
 31
0.0
  0
LINE
  5
443
330
DA
100
AcDbEntity
  8
Khung Tủ
 62
150
370
13
100
AcDbLine
 10
-12.09155915604786
 20
19.34352405332891
 30
0.0
 11
-11.08340674932695
 21
20.65737384943338
 31
0.0
  0
LINE
  5
444
330
DA
100
AcDbEntity
  8
Khung Tủ
 62
150
370
13
100
AcDbLine
 10
-11.03504594374679
 20
18.58643739200477
 30
0.0
 11
-10.11498195675084
 21
19.96341045697034
 31
0.0
  0
LINE
  5
445
330
DA
100
AcDbEntity
  8
Khung Tủ
 62
150
370
13
100
AcDbLine
 10
-16.51511335070243
 20
24.066504798844
 30
0.0
 11
-15.13814028570776
 21
24.98656878586905
 31
0.0
  0
LINE
  5
446
330
DA
100
AcDbEntity
  8
Khung Tủ
 62
150
370
13
100
AcDbLine
 10
-15.75802668932009
 20
23.00999158654292
 30
0.0
 11
-14.44417689330292
 21
24.01814399326383
 31
0.0
  0
LINE
  5
447
330
DA
100
AcDbEntity
  8
Khung Tủ
 62
150
370
13
100
AcDbLine
 10
-14.93346173851749
 20
22.00525628698222
 30
0.0
 11
-13.68836131785063
 21
23.0971800500264
 31
0.0
  0
LINE
  5
448
330
DA
100
AcDbEntity
  8
Khung Tủ
 62
150
370
13
100
AcDbLine
 10
-18.80845456323003
 20
28.71694073847891
 30
0.0
 11
-17.2402706351131
 21
29.24926745156688
 31
0.0
  0
LINE
  5
449
330
DA
100
AcDbEntity
  8
Khung Tủ
 62
150
370
13
100
AcDbLine
 10
-18.35061074519761
 20
27.50047889414407
 30
0.0
 11
-16.82060025198733
 21
28.13422999098828
 31
0.0
  0
LINE
  5
44A
330
DA
100
AcDbEntity
  8
Khung Tủ
 62
150
370
13
100
AcDbLine
 10
-17.81418679456691
 20
26.31656600641134
 30
0.0
 11
-16.32890147625583
 21
27.04902766751172
 31
0.0
  0
LINE
  5
44B
330
DA
100
AcDbEntity
  8
Khung Tủ
 62
150
370
13
100
AcDbLine
 10
-19.82003067995536
 20
33.80247729869723
 30
0.0
 11
-18.16750503182992
 21
33.91078955207183
 31
0.0
  0
LINE
  5
44C
330
DA
100
AcDbEntity
  8
Khung Tủ
 62
150
370
13
100
AcDbLine
 10
-19.6926310044946
 20
32.50896668674239
 30
0.0
 11
-18.05072750087127
 21
32.72512738381909
 31
0.0
  0
LINE
  5
44D
330
DA
100
AcDbEntity
  8
Khung Tủ
 62
150
370
13
100
AcDbLine
 10
-19.48090445983688
 20
31.22655791776185
 30
0.0
 11
-17.85665398370473
 21
31.54964142521192
 31
0.0
  0
LINE
  5
44E
330
DA
100
AcDbEntity
  8
Khung Tủ
 62
150
370
13
100
AcDbLine
 10
-19.48090445983688
 20
38.97654356736154
 30
0.0
 11
-17.85665398370473
 21
38.65346005991148
 31
0.0
  0
LINE
  5
44F
330
DA
100
AcDbEntity
  8
Khung Tủ
 62
150
370
13
100
AcDbLine
 10
-19.6926310044946
 20
37.69413479838102
 30
0.0
 11
-18.05072750087127
 21
37.47797410136252
 31
0.0
  0
LINE
  5
450
330
DA
100
AcDbEntity
  8
Khung Tủ
 62
150
370
13
100
AcDbLine
 10
-19.82003067995536
 20
36.40062418642617
 30
0.0
 11
-18.16750503182992
 21
36.29231193305157
 31
0.0
  0
LINE
  5
451
330
DA
100
AcDbEntity
  8
Khung Tủ
 62
150
370
13
100
AcDbLine
 10
-17.81418679456691
 20
43.88653547877026
 30
0.0
 11
-16.32890147625583
 21
43.15407381761168
 31
0.0
  0
LINE
  5
452
330
DA
100
AcDbEntity
  8
Khung Tủ
 62
150
370
13
100
AcDbLine
 10
-18.35061074519761
 20
42.70262259100843
 30
0.0
 11
-16.82060025198733
 21
42.06887149416423
 31
0.0
  0
LINE
  5
453
330
DA
100
AcDbEntity
  8
Khung Tủ
 62
150
370
13
100
AcDbLine
 10
-18.80845456323003
 20
41.48616074670269
 30
0.0
 11
-17.2402706351131
 21
40.95383403361473
 31
0.0
  0
LINE
  5
454
330
DA
100
AcDbEntity
  8
Khung Tủ
 62
150
370
13
100
AcDbLine
 10
-2.90896e-11
 20
18.50083970626281
 30
0.0
 11
-2.90896e-11
 21
15.23899280150352
 31
0.0
  0
LINE
  5
455
330
DA
100
AcDbEntity
  8
Khung Tủ
 62
150
370
13
100
AcDbLine
 10
4.296580178313902
 20
19.0664952178048
 30
0.0
 11
5.140808279567878
 21
15.91579305111361
 31
0.0
  0
LINE
  5
456
330
DA
100
AcDbEntity
  8
Khung Tủ
 62
150
370
13
100
AcDbLine
 10
8.300355518091251
 20
20.72491326423176
 30
0.0
 11
9.93127897055821
 21
17.90007098145714
 31
0.0
  0
LINE
  5
457
330
DA
100
AcDbEntity
  8
Khung Tủ
 62
150
370
13
100
AcDbLine
 10
-8.300355518265844
 20
20.72491326423176
 30
0.0
 11
-9.931278970645494
 21
17.90007098145714
 31
0.0
  0
LINE
  5
458
330
DA
100
AcDbEntity
  8
Khung Tủ
 62
150
370
13
100
AcDbLine
 10
-4.296580178546705
 20
19.0664952178048
 30
0.0
 11
-5.140808279742472
 21
15.91579305111361
 31
0.0
  0
LINE
  5
459
330
DA
100
AcDbEntity
  8
Khung Tủ
 62
150
370
13
100
AcDbLine
 10
-14.04494941188021
 20
21.05660133076879
 30
0.0
 11
-11.73847534632658
 21
23.36307539626421
 31
0.0
  0
LINE
  5
45A
330
DA
100
AcDbEntity
  8
Khung Tủ
 62
150
370
13
100
AcDbLine
 10
-17.20147976125007
 20
25.17027177206171
 30
0.0
 11
-14.37663747850455
 21
26.80119522438315
 31
0.0
  0
LINE
  5
45B
330
DA
100
AcDbEntity
  8
Khung Tủ
 62
150
370
13
100
AcDbLine
 10
-19.86255794120369
 20
35.1015507425908
 30
0.0
 11
-16.60071103641529
 21
35.1015507425908
 31
0.0
  0
LINE
  5
45C
330
DA
100
AcDbEntity
  8
Khung Tủ
 62
150
370
13
100
AcDbLine
 10
-19.18575769153538
 20
40.24235902221687
 30
0.0
 11
-16.03505552484419
 21
39.39813092102111
 31
0.0
  0
LINE
  5
45D
330
DA
100
AcDbEntity
  8
Khung Tủ
 62
150
370
13
100
AcDbLine
 10
-19.18575769153538
 20
29.96074246296473
 30
0.0
 11
-16.03505552484419
 21
30.80497056410229
 31
0.0
  0
ARC
  5
45E
330
DA
100
AcDbEntity
  8
Khung Tủ
 62
150
370
13
100
AcDbCircle
 10
-2.90896e-11
 20
35.1015507425908
 30
0.0
 40
24.94960832855544
100
AcDbArc
 50
347.196359340756
 51
348.7943448670232
  0
LINE
  5
45F
330
DA
100
AcDbEntity
  8
Khung Tủ
 62
150
370
13
100
AcDbLine
 10
24.32924317396828
 20
29.57245657390729
 30
0.0
 11
20.92867710831342
 21
30.34527346225502
 31
0.0
  0
LINE
  5
460
330
DA
100
AcDbEntity
  8
Khung Tủ
 62
150
370
13
100
AcDbLine
 10
24.47396848391509
 20
30.25306413437636
 30
0.0
 11
21.05317375861341
 21
30.93075060869149
 31
0.0
  0
ARC
  5
461
330
DA
100
AcDbEntity
  8
Khung Tủ
 62
150
370
13
100
AcDbCircle
 10
-2.90896e-11
 20
35.1015507425908
 30
0.0
 40
21.4623320977283
100
AcDbArc
 50
347.196359340756
 51
348.7943448670232
  0
ARC
  5
462
330
DA
100
AcDbEntity
  8
Khung Tủ
 62
150
370
13
100
AcDbCircle
 10
-2.90896e-11
 20
35.1015507425908
 30
0.0
 40
21.4623320977283
100
AcDbArc
 50
352.650904796617
 51
354.2488903204936
  0
LINE
  5
463
330
DA
100
AcDbEntity
  8
Khung Tủ
 62
150
370
13
100
AcDbLine
 10
24.82402641270892
 20
32.60141706520506
 30
0.0
 11
21.35430311594973
 21
32.95086771117337
 31
0.0
  0
LINE
  5
464
330
DA
100
AcDbEntity
  8
Khung Tủ
 62
150
370
13
100
AcDbLine
 10
24.74465229187627
 20
31.91013433311298
 30
0.0
 11
21.28602333701565
 21
32.35620749152429
 31
0.0
  0
ARC
  5
465
330
DA
100
AcDbEntity
  8
Khung Tủ
 62
150
370
13
100
AcDbCircle
 10
-2.90896e-11
 20
35.1015507425908
 30
0.0
 40
24.94960832855544
100
AcDbArc
 50
352.650904796617
 51
354.2488903204936
  0
LINE
  5
466
330
DA
100
AcDbEntity
  8
Khung Tủ
 62
150
370
13
100
AcDbLine
 10
24.93597000674345
 20
34.27671405354329
 30
0.0
 11
21.45060004221159
 21
34.39200377445366
 31
0.0
  0
ARC
  5
467
330
DA
100
AcDbEntity
  8
Khung Tủ
 62
150
370
13
100
AcDbCircle
 10
-2.90896e-11
 20
35.1015507425908
 30
0.0
 40
24.94960832855544
100
AcDbArc
 50
358.1054502521387
 51
359.7034357773726
  0
ARC
  5
468
330
DA
100
AcDbEntity
  8
Khung Tủ
 62
150
370
13
100
AcDbCircle
 10
-2.90896e-11
 20
35.1015507425908
 30
0.0
 40
21.4623320977283
100
AcDbArc
 50
358.1054502521387
 51
359.7034357773726
  0
LINE
  5
469
330
DA
100
AcDbEntity
  8
Khung Tủ
 62
150
370
13
100
AcDbLine
 10
24.94927411412937
 20
34.97241159369867
 30
0.0
 11
21.46204459739966
 21
34.99046173218801
 31
0.0
  0
ARC
  5
46A
330
DA
100
AcDbEntity
  8
Khung Tủ
 62
150
370
13
100
AcDbCircle
 10
-2.90896e-11
 20
35.1015507425908
 30
0.0
 40
21.4623320977283
100
AcDbArc
 50
3.559995704978019
 51
5.157981229806236
  0
LINE
  5
46B
330
DA
100
AcDbEntity
  8
Khung Tủ
 62
150
370
13
100
AcDbLine
 10
24.8485773257853
 20
37.34457562641171
 30
0.0
 11
21.3754224795266
 21
37.03106179244048
 31
0.0
  0
LINE
  5
46C
330
DA
100
AcDbEntity
  8
Khung Tủ
 62
150
370
13
100
AcDbLine
 10
24.90146371585434
 20
36.65076362273237
 30
0.0
 11
21.42091679162695
 21
36.43422582453047
 31
0.0
  0
ARC
  5
46D
330
DA
100
AcDbEntity
  8
Khung Tủ
 62
150
370
13
100
AcDbCircle
 10
-2.90896e-11
 20
35.1015507425908
 30
0.0
 40
24.94960832855544
100
AcDbArc
 50
3.559995704978019
 51
5.157981229806236
  0
ARC
  5
46E
330
DA
100
AcDbEntity
  8
Khung Tủ
 62
150
370
13
100
AcDbCircle
 10
-2.90896e-11
 20
35.1015507425908
 30
0.0
 40
21.4623320977283
100
AcDbArc
 50
9.01454116059128
 51
10.61252668625879
  0
LINE
  5
46F
330
DA
100
AcDbEntity
  8
Khung Tủ
 62
150
370
13
100
AcDbLine
 10
24.52284797315952
 20
39.69642647834542
 30
0.0
 11
21.09522122555063
 21
39.05418790185638
 31
0.0
  0
LINE
  5
470
330
DA
100
AcDbEntity
  8
Khung Tủ
 62
150
370
13
100
AcDbLine
 10
24.6414459135267
 20
39.01078328020219
 30
0.0
 11
21.19724240154028
 21
38.46437896277337
 31
0.0
  0
ARC
  5
471
330
DA
100
AcDbEntity
  8
Khung Tủ
 62
150
370
13
100
AcDbCircle
 10
-2.90896e-11
 20
35.1015507425908
 30
0.0
 40
24.94960832855544
100
AcDbArc
 50
9.01454116059128
 51
10.61252668625879
  0
ARC
  5
472
330
DA
100
AcDbEntity
  8
Khung Tủ
 62
150
370
13
100
AcDbCircle
 10
-2.90896e-11
 20
35.1015507425908
 30
0.0
 40
21.4623320977283
100
AcDbArc
 50
14.46908661314605
 51
16.06707213802083
  0
LINE
  5
473
330
DA
100
AcDbEntity
  8
Khung Tủ
 62
150
370
13
100
AcDbLine
 10
23.97503591189161
 20
42.00666542413808
 30
0.0
 11
20.62397838156903
 21
41.0415183171134
 31
0.0
  0
LINE
  5
474
330
DA
100
AcDbEntity
  8
Khung Tủ
 62
150
370
13
100
AcDbLine
 10
24.1582713611715
 20
41.33540032243752
 30
0.0
 11
20.78160250181099
 21
40.46407780786092
 31
0.0
  0
ARC
  5
475
330
DA
100
AcDbEntity
  8
Khung Tủ
 62
150
370
13
100
AcDbCircle
 10
-2.90896e-11
 20
35.1015507425908
 30
0.0
 40
24.94960832855544
100
AcDbArc
 50
14.46908661314605
 51
16.06707213802083
  0
ARC
  5
476
330
DA
100
AcDbEntity
  8
Khung Tủ
 62
150
370
13
100
AcDbCircle
 10
-2.90896e-11
 20
35.1015507425908
 30
0.0
 40
21.4623320977283
100
AcDbArc
 50
19.92363206839199
 51
21.52161759242757
  0
LINE
  5
477
330
DA
100
AcDbEntity
  8
Khung Tủ
 62
150
370
13
100
AcDbLine
 10
23.45631576239248
 20
43.60356265756116
 30
0.0
 11
20.17776119167684
 21
42.41521277748677
 31
0.0
  0
LINE
  5
478
330
DA
100
AcDbEntity
  8
Khung Tủ
 62
150
370
13
100
AcDbLine
 10
16.24070310100796
 20
16.16157929251483
 30
0.0
 11
13.97069480465143
 21
18.80887184232404
 31
0.0
  0
ARC
  5
479
330
DA
100
AcDbEntity
  8
Khung Tủ
 62
150
370
13
100
AcDbCircle
 10
-2.90896e-11
 20
35.1015507425908
 30
0.0
 40
24.94960832855544
100
AcDbArc
 50
309.0145411599151
 51
310.6125266831019
  0
ARC
  5
47A
330
DA
100
AcDbEntity
  8
Khung Tủ
 62
150
370
13
100
AcDbCircle
 10
-2.90896e-11
 20
35.1015507425908
 30
0.0
 40
21.4623320977283
100
AcDbArc
 50
314.4690866156374
 51
316.067072141114
  0
LINE
  5
47B
330
DA
100
AcDbEntity
  8
Khung Tủ
 62
150
370
13
100
AcDbLine
 10
17.96752268620184
 20
17.79111792687024
 30
0.0
 11
15.45615200794418
 21
20.21064532427397
 31
0.0
  0
LINE
  5
47C
330
DA
100
AcDbEntity
  8
Khung Tủ
 62
150
370
13
100
AcDbLine
 10
17.47780778005835
 20
17.2967988221352
 30
0.0
 11
15.03488591793575
 21
19.78541857721564
 31
0.0
  0
ARC
  5
47D
330
DA
100
AcDbEntity
  8
Khung Tủ
 62
150
370
13
100
AcDbCircle
 10
-2.90896e-11
 20
35.1015507425908
 30
0.0
 40
24.94960832855544
100
AcDbArc
 50
314.4690866156374
 51
316.067072141114
  0
ARC
  5
47E
330
DA
100
AcDbEntity
  8
Khung Tủ
 62
150
370
13
100
AcDbCircle
 10
-2.90896e-11
 20
35.1015507425908
 30
0.0
 40
21.4623320977283
100
AcDbArc
 50
319.9236320673387
 51
321.521617595161
  0
LINE
  5
47F
330
DA
100
AcDbEntity
  8
Khung Tủ
 62
150
370
13
100
AcDbLine
 10
19.09111618273891
 20
19.03879137065076
 30
0.0
 11
16.42269771266728
 21
21.28392797643016
 31
0.0
  0
LINE
  5
480
330
DA
100
AcDbEntity
  8
Khung Tủ
 62
150
370
13
100
AcDbLine
 10
19.53162560355849
 20
19.57742252152809
 30
0.0
 11
16.80163590525626
 21
21.74727315154439
 31
0.0
  0
ARC
  5
481
330
DA
100
AcDbEntity
  8
Khung Tủ
 62
150
370
13
100
AcDbCircle
 10
-2.90896e-11
 20
35.1015507425908
 30
0.0
 40
24.94960832855544
100
AcDbArc
 50
319.9236320673387
 51
321.521617595161
  0
ARC
  5
482
330
DA
100
AcDbEntity
  8
Khung Tủ
 62
150
370
13
100
AcDbCircle
 10
-2.90896e-11
 20
35.1015507425908
 30
0.0
 40
21.4623320977283
100
AcDbArc
 50
325.3781775227608
 51
326.9761630492052
  0
LINE
  5
483
330
DA
100
AcDbEntity
  8
Khung Tủ
 62
150
370
13
100
AcDbLine
 10
20.91884709519218
 20
21.5043160253116
 30
0.0
 11
17.99496158593683
 21
23.40483938461682
 31
0.0
  0
LINE
  5
484
330
DA
100
AcDbEntity
  8
Khung Tủ
 62
150
370
13
100
AcDbLine
 10
20.53153248099261
 20
20.92625075536478
 30
0.0
 11
17.66178301401669
 21
22.90757190714055
 31
0.0
  0
ARC
  5
485
330
DA
100
AcDbEntity
  8
Khung Tủ
 62
150
370
13
100
AcDbCircle
 10
-2.90896e-11
 20
35.1015507425908
 30
0.0
 40
24.94960832855544
100
AcDbArc
 50
325.3781775227608
 51
326.9761630492052
  0
ARC
  5
486
330
DA
100
AcDbEntity
  8
Khung Tủ
 62
150
370
13
100
AcDbCircle
 10
-2.90896e-11
 20
35.1015507425908
 30
0.0
 40
21.4623320977283
100
AcDbArc
 50
330.8327229783902
 51
332.4307085023785
  0
LINE
  5
487
330
DA
100
AcDbEntity
  8
Khung Tủ
 62
150
370
13
100
AcDbLine
 10
22.11662426788826
 20
23.55434819227946
 30
0.0
 11
19.02532210788922
 21
25.16833284705342
 31
0.0
  0
LINE
  5
488
330
DA
100
AcDbEntity
  8
Khung Tủ
 62
150
370
13
100
AcDbLine
 10
21.78601204161532
 20
22.94208385188529
 30
0.0
 11
18.74092047318118
 21
24.64164639847866
 31
0.0
  0
ARC
  5
489
330
DA
100
AcDbEntity
  8
Khung Tủ
 62
150
370
13
100
AcDbCircle
 10
-2.90896e-11
 20
35.1015507425908
 30
0.0
 40
24.94960832855544
100
AcDbArc
 50
330.8327229783902
 51
332.4307085023785
  0
ARC
  5
48A
330
DA
100
AcDbEntity
  8
Khung Tủ
 62
150
370
13
100
AcDbCircle
 10
-2.90896e-11
 20
35.1015507425908
 30
0.0
 40
21.4623320977283
100
AcDbArc
 50
336.2872684311756
 51
337.8852539567257
  0
LINE
  5
48B
330
DA
100
AcDbEntity
  8
Khung Tủ
 62
150
370
13
100
AcDbLine
 10
23.11410986637929
 20
25.70895361366263
 30
0.0
 11
19.8833863666805
 21
27.0217830689943
 31
0.0
  0
LINE
  5
48C
330
DA
100
AcDbEntity
  8
Khung Tủ
 62
150
370
13
100
AcDbLine
 10
22.84319410359604
 20
25.06803496355122
 30
0.0
 11
19.65033725445391
 21
26.47044740327681
 31
0.0
  0
ARC
  5
48D
330
DA
100
AcDbEntity
  8
Khung Tủ
 62
150
370
13
100
AcDbCircle
 10
-2.90896e-11
 20
35.1015507425908
 30
0.0
 40
24.94960832855544
100
AcDbArc
 50
336.2872684311756
 51
337.8852539567257
  0
ARC
  5
48E
330
DA
100
AcDbEntity
  8
Khung Tủ
 62
150
370
13
100
AcDbCircle
 10
-2.90896e-11
 20
35.1015507425908
 30
0.0
 40
21.4623320977283
100
AcDbArc
 50
341.741813887494
 51
343.3397994116773
  0
LINE
  5
48F
330
DA
100
AcDbEntity
  8
Khung Tủ
 62
150
370
13
100
AcDbLine
 10
23.90227050671819
 20
27.94861984903389
 30
0.0
 11
20.56138359964825
 21
28.94840491814818
 31
0.0
  0
ARC
  5
490
330
DA
100
AcDbEntity
  8
Khung Tủ
 62
150
370
13
100
AcDbCircle
 10
-2.90896e-11
 20
35.1015507425908
 30
0.0
 40
24.94960832855544
100
AcDbArc
 50
341.741813887494
 51
343.3397994116773
  0
LINE
  5
491
330
DA
100
AcDbEntity
  8
Khung Tủ
 62
150
370
13
100
AcDbLine
 10
23.6935046624858
 20
27.28485114772036
 30
0.0
 11
20.38179753880831
 21
28.37741301649646
 31
0.0
  0
LINE
  5
492
330
DA
100
AcDbEntity
  8
Khung Tủ
 62
150
370
13
100
AcDbLine
 10
24.99572694100789
 20
28.40396589449654
 30
0.0
 11
20.32934184497571
 21
29.65432001255965
 31
0.0
  0
LINE
  5
493
330
DA
100
AcDbEntity
  8
Khung Tủ
 62
150
370
13
100
AcDbLine
 10
25.79845455582836
 20
28.18887567830086
 30
0.0
 11
20.32934184497571
 21
29.65432001255965
 31
0.0
  0
TEXT
  5
494
330
DA
100
AcDbEntity
  8
Khung Tủ
 62
150
370
13
100
AcDbText
 10
14.56942015697132
 20
40.25434745232622
 30
0.0
 40
1.181867939062301
  1
7
 50
285.0000000010701
  7
ROMANS
100
AcDbText
  0
TEXT
  5
495
330
DA
100
AcDbEntity
  8
Khung Tủ
 62
150
370
13
100
AcDbText
 10
15.4066211275931
 20
36.30792674941756
 30
0.0
 40
1.181867939062301
  1
8
 50
270.0
  7
ROMANS
100
AcDbText
  0
TEXT
  5
496
330
DA
100
AcDbEntity
  8
Khung Tủ
 62
150
370
13
100
AcDbText
 10
15.19388632921618
 20
32.27929351529736
 30
0.0
 40
1.181867939062301
  1
9
 50
254.9999999989299
  7
ROMANS
100
AcDbText
  0
LINE
  5
497
330
DA
100
AcDbEntity
  8
Khung Tủ
 62
150
370
13
100
AcDbLine
 10
18.80845456305542
 20
41.48616074670269
 30
0.0
 11
17.2402706349967
 21
40.95383403361473
 31
0.0
  0
LINE
  5
498
330
DA
100
AcDbEntity
  8
Khung Tủ
 62
150
370
13
100
AcDbLine
 10
18.35061074496479
 20
42.70262259100843
 30
0.0
 11
16.82060025187093
 21
42.06887149416423
 31
0.0
  0
LINE
  5
499
330
DA
100
AcDbEntity
  8
Khung Tủ
 62
150
370
13
100
AcDbLine
 10
17.8141867943923
 20
43.88653547877026
 30
0.0
 11
16.32890147608122
 21
43.15407381761168
 31
0.0
  0
LINE
  5
49A
330
DA
100
AcDbEntity
  8
Khung Tủ
 62
150
370
13
100
AcDbLine
 10
19.82003067972255
 20
36.40062418642617
 30
0.0
 11
18.1675050315971
 21
36.29231193305157
 31
0.0
  0
LINE
  5
49B
330
DA
100
AcDbEntity
  8
Khung Tủ
 62
150
370
13
100
AcDbLine
 10
19.69263100426178
 20
37.69413479838102
 30
0.0
 11
18.05072750069667
 21
37.47797410136252
 31
0.0
  0
LINE
  5
49C
330
DA
100
AcDbEntity
  8
Khung Tủ
 62
150
370
13
100
AcDbLine
 10
19.48090445972048
 20
38.97654356736154
 30
0.0
 11
17.85665398358833
 21
38.65346005991148
 31
0.0
  0
LINE
  5
49D
330
DA
100
AcDbEntity
  8
Khung Tủ
 62
150
370
13
100
AcDbLine
 10
19.48090445972048
 20
31.22655791776185
 30
0.0
 11
17.85665398358833
 21
31.54964142521192
 31
0.0
  0
LINE
  5
49E
330
DA
100
AcDbEntity
  8
Khung Tủ
 62
150
370
13
100
AcDbLine
 10
19.69263100426178
 20
32.50896668674239
 30
0.0
 11
18.05072750069667
 21
32.72512738381909
 31
0.0
  0
LINE
  5
49F
330
DA
100
AcDbEntity
  8
Khung Tủ
 62
150
370
13
100
AcDbLine
 10
19.82003067972255
 20
33.80247729869723
 30
0.0
 11
18.1675050315971
 21
33.91078955207183
 31
0.0
  0
LINE
  5
4A0
330
DA
100
AcDbEntity
  8
Khung Tủ
 62
150
370
13
100
AcDbLine
 10
17.8141867943923
 20
26.31656600641134
 30
0.0
 11
16.32890147608122
 21
27.04902766751172
 31
0.0
  0
LINE
  5
4A1
330
DA
100
AcDbEntity
  8
Khung Tủ
 62
150
370
13
100
AcDbLine
 10
18.35061074496479
 20
27.50047889414407
 30
0.0
 11
16.82060025187093
 21
28.13422999098828
 31
0.0
  0
LINE
  5
4A2
330
DA
100
AcDbEntity
  8
Khung Tủ
 62
150
370
13
100
AcDbLine
 10
18.80845456305542
 20
28.71694073847891
 30
0.0
 11
17.2402706349967
 21
29.24926745156688
 31
0.0
  0
LINE
  5
4A3
330
DA
100
AcDbEntity
  8
Khung Tủ
 62
150
370
13
100
AcDbLine
 10
15.75802668923279
 20
23.00999158654292
 30
0.0
 11
14.44417689307011
 21
24.01814399326383
 31
0.0
  0
LINE
  5
4A4
330
DA
100
AcDbEntity
  8
Khung Tủ
 62
150
370
13
100
AcDbLine
 10
16.51511335052783
 20
24.066504798844
 30
0.0
 11
15.13814028559136
 21
24.98656878586905
 31
0.0
  0
LINE
  5
4A5
330
DA
100
AcDbEntity
  8
Khung Tủ
 62
150
370
13
100
AcDbLine
 10
14.37663747832994
 20
26.80119522438315
 30
0.0
 11
17.20147976107546
 21
25.17027177206171
 31
0.0
  0
LINE
  5
4A6
330
DA
100
AcDbEntity
  8
Khung Tủ
 62
150
370
13
100
AcDbLine
 10
16.03505552466959
 20
30.80497056410229
 30
0.0
 11
19.18575769130257
 21
29.96074246296473
 31
0.0
  0
LINE
  5
4A7
330
DA
100
AcDbEntity
  8
Khung Tủ
 62
150
370
13
100
AcDbLine
 10
16.60071103624068
 20
35.1015507425908
 30
0.0
 11
19.86255794091266
 21
35.1015507425908
 31
0.0
  0
LINE
  5
4A8
330
DA
100
AcDbEntity
  8
Khung Tủ
 62
150
370
13
100
AcDbLine
 10
16.03505552466959
 20
39.39813092102111
 30
0.0
 11
19.18575769130257
 21
40.24235902221687
 31
0.0
  0
LINE
  5
4A9
330
DA
100
AcDbEntity
  8
Khung Tủ
 62
150
370
13
100
AcDbLine
 10
14.57719248376088
 20
55.34972140156594
 30
0.0
 11
12.53969769863761
 21
52.51957820543601
 31
0.0
  0
LINE
  5
4AA
330
DA
100
AcDbEntity
  8
Khung Tủ
 62
150
370
13
100
AcDbLine
 10
15.13617383054224
 20
54.9353400304825
 30
0.0
 11
13.02054866598337
 21
52.1631160724645
 31
0.0
  0
LINE
  5
4AB
330
DA
100
AcDbEntity
  8
Khung Tủ
 62
150
370
13
100
AcDbLine
 10
14.93346173840109
 20
48.19784519817028
 30
0.0
 11
13.68836131761782
 21
47.1059214351261
 31
0.0
  0
LINE
  5
4AC
330
DA
100
AcDbEntity
  8
Khung Tủ
 62
150
370
13
100
AcDbLine
 10
11.73847534621019
 20
46.8400260889465
 30
0.0
 11
14.0449494117056
 21
49.14650015444192
 31
0.0
  0
ARC
  5
4AD
330
DA
100
AcDbEntity
  8
Khung Tủ
 62
150
370
13
100
AcDbCircle
 10
-2.90896e-11
 20
35.1015507425908
 30
0.0
 40
21.4623320977283
100
AcDbArc
 50
52.65090479701951
 51
54.24889032090918
  0
LINE
  5
4AE
330
DA
100
AcDbEntity
  8
Khung Tủ
 62
150
370
13
100
AcDbLine
 10
13.18231452998589
 20
56.28431589201489
 30
0.0
 11
11.33978572068737
 21
53.32354182154801
 31
0.0
  0
ARC
  5
4AF
330
DA
100
AcDbEntity
  8
Khung Tủ
 62
150
370
13
100
AcDbCircle
 10
-2.90896e-11
 20
35.1015507425908
 30
0.0
 40
24.94960832855544
100
AcDbArc
 50
58.10545024920067
 51
59.703435776505
  0
ARC
  5
4B0
330
DA
100
AcDbEntity
  8
Khung Tủ
 62
150
370
13
100
AcDbCircle
 10
-2.90896e-11
 20
35.1015507425908
 30
0.0
 40
21.4623320977283
100
AcDbArc
 50
58.10545024920067
 51
59.703435776505
  0
LINE
  5
4B1
330
DA
100
AcDbEntity
  8
Khung Tủ
 62
150
370
13
100
AcDbLine
 10
12.58647484055837
 20
56.64368635705603
 30
0.0
 11
10.82722820373603
 21
53.63268207597127
 31
0.0
  0
ARC
  5
4B2
330
DA
100
AcDbEntity
  8
Khung Tủ
 62
150
370
13
100
AcDbCircle
 10
-2.90896e-11
 20
35.1015507425908
 30
0.0
 40
21.4623320977283
100
AcDbArc
 50
63.55999570715908
 51
65.15798123176621
  0
LINE
  5
4B3
330
DA
100
AcDbEntity
  8
Khung Tủ
 62
150
370
13
100
AcDbLine
 10
10.48177213215969
 20
57.74256239664089
 30
0.0
 11
9.016705653659315
 21
54.57796515147482
 31
0.0
  0
LINE
  5
4B4
330
DA
100
AcDbEntity
  8
Khung Tủ
 62
150
370
13
100
AcDbLine
 10
11.1090741477965
 20
57.44145735214977
 30
0.0
 11
9.556327919708579
 21
54.31894639758673
 31
0.0
  0
ARC
  5
4B5
330
DA
100
AcDbEntity
  8
Khung Tủ
 62
150
370
13
100
AcDbCircle
 10
-2.90896e-11
 20
35.1015507425908
 30
0.0
 40
24.94960832855544
100
AcDbArc
 50
63.55999570715908
 51
65.15798123176621
  0
ARC
  5
4B6
330
DA
100
AcDbEntity
  8
Khung Tủ
 62
150
370
13
100
AcDbCircle
 10
-2.90896e-11
 20
35.1015507425908
 30
0.0
 40
21.4623320977283
100
AcDbArc
 50
69.01454115947251
 51
70.61252668329432
  0
LINE
  5
4B7
330
DA
100
AcDbEntity
  8
Khung Tủ
 62
150
370
13
100
AcDbLine
 10
8.282144872093355
 20
58.63639792845049
 30
0.0
 11
7.124526420841007
 21
55.34686680215225
 31
0.0
  0
LINE
  5
4B8
330
DA
100
AcDbEntity
  8
Khung Tủ
 62
150
370
13
100
AcDbLine
 10
8.935228269838277
 20
58.39628515856737
 30
0.0
 11
7.686326533381375
 21
55.14031526264432
 31
0.0
  0
ARC
  5
4B9
330
DA
100
AcDbEntity
  8
Khung Tủ
 62
150
370
13
100
AcDbCircle
 10
-2.90896e-11
 20
35.1015507425908
 30
0.0
 40
24.94960832855544
100
AcDbArc
 50
69.01454115947251
 51
70.61252668329432
  0
ARC
  5
4BA
330
DA
100
AcDbEntity
  8
Khung Tủ
 62
150
370
13
100
AcDbCircle
 10
-2.90896e-11
 20
35.1015507425908
 30
0.0
 40
21.4623320977283
100
AcDbArc
 50
74.46908661201691
 51
76.0670721403102
  0
LINE
  5
4BB
330
DA
100
AcDbEntity
  8
Khung Tủ
 62
150
370
13
100
AcDbLine
 10
6.007513225602465
 20
59.31709823980042
 30
0.0
 11
5.16782637353755
 21
55.93242373548844
 31
0.0
  0
LINE
  5
4BC
330
DA
100
AcDbEntity
  8
Khung Tủ
 62
150
370
13
100
AcDbLine
 10
6.680463581054951
 20
59.14015224286401
 30
0.0
 11
5.746716583729735
 21
55.78020997323609
 31
0.0
  0
ARC
  5
4BD
330
DA
100
AcDbEntity
  8
Khung Tủ
 62
150
370
13
100
AcDbCircle
 10
-2.90896e-11
 20
35.1015507425908
 30
0.0
 40
24.94960832855544
100
AcDbArc
 50
74.46908661201691
 51
76.0670721403102
  0
ARC
  5
4BE
330
DA
100
AcDbEntity
  8
Khung Tủ
 62
150
370
13
100
AcDbCircle
 10
-2.90896e-11
 20
35.1015507425908
 30
0.0
 40
21.4623320977283
100
AcDbArc
 50
79.92363207042453
 51
81.52161759621524
  0
LINE
  5
4BF
330
DA
100
AcDbEntity
  8
Khung Tủ
 62
150
370
13
100
AcDbLine
 10
4.36519957944985
 20
59.6663220295012
 30
0.0
 11
3.755063478922252
 21
56.2328355436183
 31
0.0
  0
LINE
  5
4C0
330
DA
100
AcDbEntity
  8
Khung Tủ
 62
150
370
13
100
AcDbLine
 10
3.678476608969518
 20
59.77849880313431
 30
0.0
 11
3.164325690362616
 21
56.32933305726317
 31
0.0
  0
ARC
  5
4C1
330
DA
100
AcDbEntity
  8
Khung Tủ
 62
150
370
13
100
AcDbCircle
 10
-2.90896e-11
 20
35.1015507425908
 30
0.0
 40
24.94960832855544
100
AcDbArc
 50
79.92363207042453
 51
81.52161759621524
  0
ARC
  5
4C2
330
DA
100
AcDbEntity
  8
Khung Tủ
 62
150
370
13
100
AcDbCircle
 10
-2.90896e-11
 20
35.1015507425908
 30
0.0
 40
21.4623320977283
100
AcDbArc
 50
85.37817752088853
 51
86.97616304699427
  0
LINE
  5
4C3
330
DA
100
AcDbEntity
  8
Khung Tủ
 62
150
370
13
100
AcDbLine
 10
1.316127138677998
 20
60.0164211035443
 30
0.0
 11
1.132168383657713
 21
56.53400029519969
 31
0.0
  0
LINE
  5
4C4
330
DA
100
AcDbEntity
  8
Khung Tủ
 62
150
370
13
100
AcDbLine
 10
2.010403654509005
 20
59.97002944340045
 30
0.0
 11
1.72940393755563
 21
56.49409292657208
 31
0.0
  0
ARC
  5
4C5
330
DA
100
AcDbEntity
  8
Khung Tủ
 62
150
370
13
100
AcDbCircle
 10
-2.90896e-11
 20
35.1015507425908
 30
0.0
 40
24.94960832855544
100
AcDbArc
 50
85.37817752088853
 51
86.97616304699427
  0
ARC
  5
4C6
330
DA
100
AcDbEntity
  8
Khung Tủ
 62
150
370
13
100
AcDbCircle
 10
-2.90896e-11
 20
35.1015507425908
 30
0.0
 40
21.4623320977283
100
AcDbArc
 50
90.83272297881435
 51
92.4307085038677
  0
LINE
  5
4C7
330
DA
100
AcDbEntity
  8
Khung Tủ
 62
150
370
13
100
AcDbLine
 10
-1.058141382847665
 20
60.02871047974611
 30
0.0
 11
-0.9102420153212591
 21
56.54457195104612
 31
0.0
  0
LINE
  5
4C8
330
DA
100
AcDbEntity
  8
Khung Tủ
 62
150
370
13
100
AcDbLine
 10
-0.3625987970735736
 20
60.04852406324051
 30
0.0
 11
-0.3119173535960584
 21
56.56161613481515
 31
0.0
  0
ARC
  5
4C9
330
DA
100
AcDbEntity
  8
Khung Tủ
 62
150
370
13
100
AcDbCircle
 10
-2.90896e-11
 20
35.1015507425908
 30
0.0
 40
24.94960832855544
100
AcDbArc
 50
90.83272297881435
 51
92.4307085038677
  0
ARC
  5
4CA
330
DA
100
AcDbEntity
  8
Khung Tủ
 62
150
370
13
100
AcDbCircle
 10
-2.90896e-11
 20
35.1015507425908
 30
0.0
 40
21.4623320977283
100
AcDbArc
 50
96.28726843037384
 51
97.88525396003391
  0
LINE
  5
4CB
330
DA
100
AcDbEntity
  8
Khung Tủ
 62
150
370
13
100
AcDbLine
 10
-3.422827212081742
 20
59.81525563738239
 30
0.0
 11
-2.944409121497287
 21
56.36095228632609
 31
0.0
  0
LINE
  5
4CC
330
DA
100
AcDbEntity
  8
Khung Tủ
 62
150
370
13
100
AcDbLine
 10
-2.732317498041069
 20
59.90109502947587
 30
0.0
 11
-2.350413872918565
 21
56.43479366764939
 31
0.0
  0
ARC
  5
4CD
330
DA
100
AcDbEntity
  8
Khung Tủ
 62
150
370
13
100
AcDbCircle
 10
-2.90896e-11
 20
35.1015507425908
 30
0.0
 40
24.94960832855544
100
AcDbArc
 50
96.28726843037384
 51
97.88525396003391
  0
ARC
  5
4CE
330
DA
100
AcDbEntity
  8
Khung Tủ
 62
150
370
13
100
AcDbCircle
 10
-2.90896e-11
 20
35.1015507425908
 30
0.0
 40
21.4623320977283
100
AcDbArc
 50
101.7418138862278
 51
103.3397994108356
  0
LINE
  5
4CF
330
DA
100
AcDbEntity
  8
Khung Tủ
 62
150
370
13
100
AcDbLine
 10
-5.756515388144165
 20
59.37798965636455
 30
0.0
 11
-4.951911202835603
 21
55.98480418913812
 31
0.0
  0
ARC
  5
4D0
330
DA
100
AcDbEntity
  8
Khung Tủ
 62
150
370
13
100
AcDbCircle
 10
-2.90896e-11
 20
35.1015507425908
 30
0.0
 40
24.94960832855544
100
AcDbArc
 50
101.7418138862278
 51
103.3397994108356
  0
LINE
  5
4D1
330
DA
100
AcDbEntity
  8
Khung Tủ
 62
150
370
13
100
AcDbLine
 10
-5.077291908441097
 20
59.52907748245332
 30
0.0
 11
-4.367624680249704
 21
56.11477404901222
 31
0.0
  0
ARC
  5
4D2
330
DA
100
AcDbEntity
  8
Khung Tủ
 62
150
370
13
100
AcDbCircle
 10
-2.90896e-11
 20
35.1015507425908
 30
0.0
 40
24.94960832855544
100
AcDbArc
 50
150.8327229783901
 51
152.4307085023785
  0
LINE
  5
4D3
330
DA
100
AcDbEntity
  8
Khung Tủ
 62
150
370
13
100
AcDbLine
 10
-21.78601204178993
 20
47.26101763326721
 30
0.0
 11
-18.74092047329758
 21
45.56145508673205
 31
0.0
  0
LINE
  5
4D4
330
DA
100
AcDbEntity
  8
Khung Tủ
 62
150
370
13
100
AcDbLine
 10
-22.11662426803376
 20
46.64875329293124
 30
0.0
 11
-19.02532210812204
 21
45.03476863809908
 31
0.0
  0
ARC
  5
4D5
330
DA
100
AcDbEntity
  8
Khung Tủ
 62
150
370
13
100
AcDbCircle
 10
-2.90896e-11
 20
35.1015507425908
 30
0.0
 40
21.4623320977283
100
AcDbArc
 50
150.8327229783901
 51
152.4307085023785
  0
ARC
  5
4D6
330
DA
100
AcDbEntity
  8
Khung Tủ
 62
150
370
13
100
AcDbCircle
 10
-2.90896e-11
 20
35.1015507425908
 30
0.0
 40
24.94960832855544
100
AcDbArc
 50
145.3781775227607
 51
146.9761630492053
  0
LINE
  5
4D7
330
DA
100
AcDbEntity
  8
Khung Tủ
 62
150
370
13
100
AcDbLine
 10
-20.53153248110901
 20
49.27685072975862
 30
0.0
 11
-17.66178301413309
 21
47.29552957801195
 31
0.0
  0
LINE
  5
4D8
330
DA
100
AcDbEntity
  8
Khung Tủ
 62
150
370
13
100
AcDbLine
 10
-20.91884709527947
 20
48.6987854598118
 30
0.0
 11
-17.99496158611144
 21
46.79826210053568
 31
0.0
  0
ARC
  5
4D9
330
DA
100
AcDbEntity
  8
Khung Tủ
 62
150
370
13
100
AcDbCircle
 10
-2.90896e-11
 20
35.1015507425908
 30
0.0
 40
21.4623320977283
100
AcDbArc
 50
145.3781775227607
 51
146.9761630492053
  0
ARC
  5
4DA
330
DA
100
AcDbEntity
  8
Khung Tủ
 62
150
370
13
100
AcDbCircle
 10
-2.90896e-11
 20
35.1015507425908
 30
0.0
 40
24.94960832855544
100
AcDbArc
 50
139.9236320673387
 51
141.5216175951609
  0
LINE
  5
4DB
330
DA
100
AcDbEntity
  8
Khung Tủ
 62
150
370
13
100
AcDbLine
 10
-19.09111618297173
 20
51.16431011450174
 30
0.0
 11
-16.422697712871
 21
48.91917350872233
 31
0.0
  0
LINE
  5
4DC
330
DA
100
AcDbEntity
  8
Khung Tủ
 62
150
370
13
100
AcDbLine
 10
-19.53162560384952
 20
50.6256789635662
 30
0.0
 11
-16.80163590543087
 21
48.45582833363721
 31
0.0
  0
ARC
  5
4DD
330
DA
100
AcDbEntity
  8
Khung Tủ
 62
150
370
13
100
AcDbCircle
 10
-2.90896e-11
 20
35.1015507425908
 30
0.0
 40
21.4623320977283
100
AcDbArc
 50
139.9236320673387
 51
141.5216175951609
  0
ARC
  5
4DE
330
DA
100
AcDbEntity
  8
Khung Tủ
 62
150
370
13
100
AcDbCircle
 10
-2.90896e-11
 20
35.1015507425908
 30
0.0
 40
24.94960832855544
100
AcDbArc
 50
134.4690866156374
 51
136.0670721411139
  0
LINE
  5
4DF
330
DA
100
AcDbEntity
  8
Khung Tủ
 62
150
370
13
100
AcDbLine
 10
-17.47780778029117
 20
52.90630266298819
 30
0.0
 11
-15.03488591811036
 21
50.41768290793687
 31
0.0
  0
LINE
  5
4E0
330
DA
100
AcDbEntity
  8
Khung Tủ
 62
150
370
13
100
AcDbLine
 10
-17.96752268634735
 20
52.41198355825315
 30
0.0
 11
-15.45615200811879
 21
49.99245616087853
 31
0.0
  0
ARC
  5
4E1
330
DA
100
AcDbEntity
  8
Khung Tủ
 62
150
370
13
100
AcDbCircle
 10
-2.90896e-11
 20
35.1015507425908
 30
0.0
 40
21.4623320977283
100
AcDbArc
 50
134.4690866156374
 51
136.0670721411139
  0
ARC
  5
4E2
330
DA
100
AcDbEntity
  8
Khung Tủ
 62
150
370
13
100
AcDbCircle
 10
-2.90896e-11
 20
35.1015507425908
 30
0.0
 40
24.94960832855544
100
AcDbArc
 50
129.0145411599151
 51
130.6125266831019
  0
LINE
  5
4E3
330
DA
100
AcDbEntity
  8
Khung Tủ
 62
150
370
13
100
AcDbLine
 10
-15.70621764389214
 20
54.48705262095598
 30
0.0
 11
-13.5109158681589
 21
51.77748704249086
 31
0.0
  0
LINE
  5
4E4
330
DA
100
AcDbEntity
  8
Khung Tủ
 62
150
370
13
100
AcDbLine
 10
-16.24070310112436
 20
54.04152219269588
 30
0.0
 11
-13.97069480485514
 21
51.39422964279936
 31
0.0
  0
ARC
  5
4E5
330
DA
100
AcDbEntity
  8
Khung Tủ
 62
150
370
13
100
AcDbCircle
 10
-2.90896e-11
 20
35.1015507425908
 30
0.0
 40
21.4623320977283
100
AcDbArc
 50
129.0145411599151
 51
130.6125266831019
  0
ARC
  5
4E6
330
DA
100
AcDbEntity
  8
Khung Tủ
 62
150
370
13
100
AcDbCircle
 10
-2.90896e-11
 20
35.1015507425908
 30
0.0
 40
24.94960832855544
100
AcDbArc
 50
123.5599957044271
 51
125.1579812307695
  0
LINE
  5
4E7
330
DA
100
AcDbEntity
  8
Khung Tủ
 62
150
370
13
100
AcDbLine
 10
-13.79238956814514
 20
55.8922444720082
 30
0.0
 11
-11.86458887194747
 21
52.98627131558885
 31
0.0
  0
LINE
  5
4E8
330
DA
100
AcDbEntity
  8
Khung Tủ
 62
150
370
13
100
AcDbLine
 10
-14.36680519374202
 20
55.49953751273267
 30
0.0
 11
-12.3587168259546
 21
52.64845410162513
 31
0.0
  0
ARC
  5
4E9
330
DA
100
AcDbEntity
  8
Khung Tủ
 62
150
370
13
100
AcDbCircle
 10
-2.90896e-11
 20
35.1015507425908
 30
0.0
 40
21.4623320977283
100
AcDbArc
 50
123.5599957044271
 51
125.1579812307695
  0
ARC
  5
4EA
330
DA
100
AcDbEntity
  8
Khung Tủ
 62
150
370
13
100
AcDbCircle
 10
-2.90896e-11
 20
35.1015507425908
 30
0.0
 40
24.94960832855544
100
AcDbArc
 50
118.1054502497542
 51
119.7034357772042
  0
LINE
  5
4EB
330
DA
100
AcDbEntity
  8
Khung Tủ
 62
150
370
13
100
AcDbLine
 10
-11.75365547687396
 20
57.1091525810042
 30
0.0
 11
-10.11081432164063
 21
54.03308878965606
 31
0.0
  0
LINE
  5
4EC
330
DA
100
AcDbEntity
  8
Khung Tủ
 62
150
370
13
100
AcDbLine
 10
-12.3627992736874
 20
56.77282550597727
 30
0.0
 11
-10.63481639369273
 21
53.74377108637407
 31
0.0
  0
ARC
  5
4ED
330
DA
100
AcDbEntity
  8
Khung Tủ
 62
150
370
13
100
AcDbCircle
 10
-2.90896e-11
 20
35.1015507425908
 30
0.0
 40
21.4623320977283
100
AcDbArc
 50
118.1054502497542
 51
119.7034357772042
  0
ARC
  5
4EE
330
DA
100
AcDbEntity
  8
Khung Tủ
 62
150
370
13
100
AcDbCircle
 10
-2.90896e-11
 20
35.1015507425908
 30
0.0
 40
24.94960832855544
100
AcDbArc
 50
112.6509047977947
 51
114.2488903189095
  0
LINE
  5
4EF
330
DA
100
AcDbEntity
  8
Khung Tủ
 62
150
370
13
100
AcDbLine
 10
-9.608478461450417
 20
58.12675643990212
 30
0.0
 11
-8.26547467106137
 21
54.90845932358922
 31
0.0
  0
LINE
  5
4F0
330
DA
100
AcDbEntity
  8
Khung Tủ
 62
150
370
13
100
AcDbLine
 10
-10.24683392903533
 20
57.84985507898079
 30
0.0
 11
-8.814605417370316
 21
54.67026123688254
 31
0.0
  0
ARC
  5
4F1
330
DA
100
AcDbEntity
  8
Khung Tủ
 62
150
370
13
100
AcDbCircle
 10
-2.90896e-11
 20
35.1015507425908
 30
0.0
 40
21.4623320977283
100
AcDbArc
 50
112.6509047977947
 51
114.2488903189095
  0
ARC
  5
4F2
330
DA
100
AcDbEntity
  8
Khung Tủ
 62
150
370
13
100
AcDbCircle
 10
-2.90896e-11
 20
35.1015507425908
 30
0.0
 40
21.4623320977283
100
AcDbArc
 50
107.1963593413066
 51
108.794344868318
  0
LINE
  5
4F3
330
DA
100
AcDbEntity
  8
Khung Tủ
 62
150
370
13
100
AcDbLine
 10
-8.03807166946352
 20
58.72087248535525
 30
0.0
 11
-6.914568009437047
 21
55.41953411490237
 31
0.0
  0
LINE
  5
4F4
330
DA
100
AcDbEntity
  8
Khung Tủ
 62
150
370
13
100
AcDbLine
 10
-7.376285577105576
 20
58.93584047049796
 30
0.0
 11
-6.345281601941664
 21
55.60445542617515
 31
0.0
  0
ARC
  5
4F5
330
DA
100
AcDbEntity
  8
Khung Tủ
 62
150
370
13
100
AcDbCircle
 10
-2.90896e-11
 20
35.1015507425908
 30
0.0
 40
24.94960832855544
100
AcDbArc
 50
107.1963593413066
 51
108.794344868318
  0
LINE
  5
4F6
330
DA
100
AcDbEntity
  8
Khung Tủ
 62
150
370
13
100
AcDbLine
 10
-6.912675064406343
 20
60.90000529847737
 30
0.0
 11
-5.447230730089344
 21
55.43089258765383
 31
0.0
  0
LINE
  5
4F7
330
DA
100
AcDbEntity
  8
Khung Tủ
 62
150
370
13
100
AcDbLine
 10
-6.697584848181563
 20
60.0972776836569
 30
0.0
 11
-5.447230730089344
 21
55.43089258765383
 31
0.0
  0
TEXT
  5
4F8
330
DA
100
AcDbEntity
  8
Khung Tủ
 62
150
370
13
100
AcDbText
 10
-1.206376006943159
 20
50.50817187032942
 30
0.0
 40
1.181867939062301
  1
2
  7
ROMANS
100
AcDbText
  0
TEXT
  5
4F9
330
DA
100
AcDbEntity
  8
Khung Tủ
 62
150
370
13
100
AcDbText
 10
2.822257227235255
 20
50.29543707186519
 30
0.0
 40
1.181867939062301
  1
3
 50
344.9999999998847
  7
ROMANS
100
AcDbText
  0
TEXT
  5
4FA
330
DA
100
AcDbEntity
  8
Khung Tủ
 62
150
370
13
100
AcDbText
 10
6.658558295312118
 20
49.04726402911172
 30
0.0
 40
1.181867939062301
  1
4
 50
330.000000000754
  7
ROMANS
100
AcDbText
  0
TEXT
  5
4FB
330
DA
100
AcDbEntity
  8
Khung Tủ
 62
150
370
13
100
AcDbText
 10
10.04108961939347
 20
46.84871367232688
 30
0.0
 40
1.181867939062301
  1
5
 50
315.0
  7
ROMANS
100
AcDbText
  0
TEXT
  5
4FC
330
DA
100
AcDbEntity
  8
Khung Tủ
 62
150
370
13
100
AcDbText
 10
-11.74716292982337
 20
45.14264036210067
 30
0.0
 40
1.181867939062301
  1
23
 50
45.0
  7
ROMANS
100
AcDbText
  0
TEXT
  5
4FD
330
DA
100
AcDbEntity
  8
Khung Tủ
 62
150
370
13
100
AcDbText
 10
-8.748062832426498
 20
47.84088802228495
 30
0.0
 40
1.181867939062301
  1
24
 50
29.99999999924606
  7
ROMANS
100
AcDbText
  0
TEXT
  5
4FE
330
DA
100
AcDbEntity
  8
Khung Tủ
 62
150
370
13
100
AcDbText
 10
-5.152796709851813
 20
49.67097089956212
 30
0.0
 40
1.181867939062301
  1
1
 50
15.0000000001153
  7
ROMANS
100
AcDbText
  0
LINE
  5
4FF
330
DA
100
AcDbEntity
  8
Khung Tủ
 62
150
370
13
100
AcDbLine
 10
-1.299073443864457
 20
54.92158142242977
 30
0.0
 11
-1.19076119063537
 21
53.26905577427521
 31
0.0
  0
LINE
  5
500
330
DA
100
AcDbEntity
  8
Khung Tủ
 62
150
370
13
100
AcDbLine
 10
-2.592584055877509
 20
54.794181746969
 30
0.0
 11
-2.376423358859014
 21
53.15227824346209
 31
0.0
  0
LINE
  5
501
330
DA
100
AcDbEntity
  8
Khung Tủ
 62
150
370
13
100
AcDbLine
 10
-3.874992824770728
 20
54.58245520234038
 30
0.0
 11
-3.551909317466183
 21
52.95820472620824
 31
0.0
  0
LINE
  5
502
330
DA
100
AcDbEntity
  8
Khung Tủ
 62
150
370
13
100
AcDbLine
 10
3.874992824654341
 20
54.58245520234038
 30
0.0
 11
3.551909317233381
 21
52.95820472620824
 31
0.0
  0
LINE
  5
503
330
DA
100
AcDbEntity
  8
Khung Tủ
 62
150
370
13
100
AcDbLine
 10
2.592584055644707
 20
54.794181746969
 30
0.0
 11
2.376423358684419
 21
53.15227824346209
 31
0.0
  0
LINE
  5
504
330
DA
100
AcDbEntity
  8
Khung Tủ
 62
150
370
13
100
AcDbLine
 10
1.299073443689863
 20
54.92158142242977
 30
0.0
 11
1.190761190402568
 21
53.26905577427521
 31
0.0
  0
LINE
  5
505
330
DA
100
AcDbEntity
  8
Khung Tủ
 62
150
370
13
100
AcDbLine
 10
8.78498473609217
 20
52.91573753704131
 30
0.0
 11
8.052523074933575
 21
51.43045221864293
 31
0.0
  0
LINE
  5
506
330
DA
100
AcDbEntity
  8
Khung Tủ
 62
150
370
13
100
AcDbLine
 10
7.601071848359438
 20
53.4521614876138
 30
0.0
 11
6.967320751486127
 21
51.92215099443263
 31
0.0
  0
LINE
  5
507
330
DA
100
AcDbEntity
  8
Khung Tủ
 62
150
370
13
100
AcDbLine
 10
6.384610003966386
 20
53.91000530579174
 30
0.0
 11
5.852283290994833
 21
52.34182137770392
 31
0.0
  0
LINE
  5
508
330
DA
100
AcDbEntity
  8
Khung Tủ
 62
150
370
13
100
AcDbLine
 10
13.09629445555038
 20
50.0350124810501
 30
0.0
 11
12.00437069247711
 21
48.78991206032504
 31
0.0
  0
LINE
  5
509
330
DA
100
AcDbEntity
  8
Khung Tủ
 62
150
370
13
100
AcDbLine
 10
12.09155915593148
 20
50.85957743182359
 30
0.0
 11
11.08340674909415
 21
49.54572763571912
 31
0.0
  0
LINE
  5
50A
330
DA
100
AcDbEntity
  8
Khung Tủ
 62
150
370
13
100
AcDbLine
 10
11.03504594365951
 20
51.61666409320594
 30
0.0
 11
10.11498195657624
 21
50.23969102815306
 31
0.0
  0
LINE
  5
50B
330
DA
100
AcDbEntity
  8
Khung Tủ
 62
150
370
13
100
AcDbLine
 10
-14.93346173851749
 20
48.19784519817028
 30
0.0
 11
-13.68836131785063
 21
47.1059214351261
 31
0.0
  0
LINE
  5
50C
330
DA
100
AcDbEntity
  8
Khung Tủ
 62
150
370
13
100
AcDbLine
 10
-15.75802668932009
 20
47.19310989858047
 30
0.0
 11
-14.44417689330292
 21
46.18495749183046
 31
0.0
  0
LINE
  5
50D
330
DA
100
AcDbEntity
  8
Khung Tủ
 62
150
370
13
100
AcDbLine
 10
-16.51511335070243
 20
46.13659668630851
 30
0.0
 11
-15.13814028570776
 21
45.21653269925434
 31
0.0
  0
LINE
  5
50E
330
DA
100
AcDbEntity
  8
Khung Tủ
 62
150
370
13
100
AcDbLine
 10
-11.03504594374679
 20
51.61666409320594
 30
0.0
 11
-10.11498195675084
 21
50.23969102815306
 31
0.0
  0
LINE
  5
50F
330
DA
100
AcDbEntity
  8
Khung Tủ
 62
150
370
13
100
AcDbLine
 10
-12.09155915604786
 20
50.85957743182359
 30
0.0
 11
-11.08340674932695
 21
49.54572763571912
 31
0.0
  0
LINE
  5
510
330
DA
100
AcDbEntity
  8
Khung Tủ
 62
150
370
13
100
AcDbLine
 10
-13.09629445566678
 20
50.0350124810501
 30
0.0
 11
-12.00437069270991
 21
48.78991206032504
 31
0.0
  0
LINE
  5
511
330
DA
100
AcDbEntity
  8
Khung Tủ
 62
150
370
13
100
AcDbLine
 10
-9.931278970645494
 20
52.30303050369537
 30
0.0
 11
-8.300355518265844
 21
49.47818822092074
 31
0.0
  0
LINE
  5
512
330
DA
100
AcDbEntity
  8
Khung Tủ
 62
150
370
13
100
AcDbLine
 10
-8.784984736208555
 20
52.91573753704131
 30
0.0
 11
-8.052523075166375
 21
51.43045221864293
 31
0.0
  0
LINE
  5
513
330
DA
100
AcDbEntity
  8
Khung Tủ
 62
150
370
13
100
AcDbLine
 10
-7.601071848563137
 20
53.4521614876138
 30
0.0
 11
-6.967320751660722
 21
51.92215099443263
 31
0.0
  0
LINE
  5
514
330
DA
100
AcDbEntity
  8
Khung Tủ
 62
150
370
13
100
AcDbLine
 10
-6.384610004140981
 20
53.91000530579174
 30
0.0
 11
-5.852283291169428
 21
52.34182137770392
 31
0.0
  0
LINE
  5
515
330
DA
100
AcDbEntity
  8
Khung Tủ
 62
150
370
13
100
AcDbLine
 10
-2.90896e-11
 20
54.96410868364899
 30
0.0
 11
-2.90896e-11
 21
51.70226177894789
 31
0.0
  0
LINE
  5
516
330
DA
100
AcDbEntity
  8
Khung Tủ
 62
150
370
13
100
AcDbLine
 10
5.140808279567878
 20
54.28730843398068
 30
0.0
 11
4.296580178313902
 21
51.1366062673477
 31
0.0
  0
LINE
  5
517
330
DA
100
AcDbEntity
  8
Khung Tủ
 62
150
370
13
100
AcDbLine
 10
9.93127897055821
 20
52.30303050369537
 30
0.0
 11
8.300355518091251
 21
49.47818822092074
 31
0.0
  0
LINE
  5
518
330
DA
100
AcDbEntity
  8
Khung Tủ
 62
150
370
13
100
AcDbLine
 10
-9.931278970645494
 20
52.30303050369537
 30
0.0
 11
-8.300355518265844
 21
49.47818822092074
 31
0.0
  0
LINE
  5
519
330
DA
100
AcDbEntity
  8
Khung Tủ
 62
150
370
13
100
AcDbLine
 10
-14.04494941188021
 20
49.14650015444192
 30
0.0
 11
-11.73847534632658
 21
46.8400260889465
 31
0.0
  0
LINE
  5
51A
330
DA
100
AcDbEntity
  8
Khung Tủ
 62
150
370
13
100
AcDbLine
 10
-5.140808279742472
 20
54.28730843398068
 30
0.0
 11
-4.296580178546705
 21
51.1366062673477
 31
0.0
  0
ARC
  5
51B
330
DA
100
AcDbEntity
  8
Khung Tủ
 62
150
370
13
100
AcDbCircle
 10
-2.90896e-11
 20
35.1015507425908
 30
0.0
 40
24.94960832855544
100
AcDbArc
 50
47.19635934258687
 51
48.79434486549258
  0
LINE
  5
51C
330
DA
100
AcDbEntity
  8
Khung Tủ
 62
150
370
13
100
AcDbLine
 10
16.95295759686269
 20
53.40674630184356
 30
0.0
 11
14.58339550634264
 21
50.84817814589758
 31
0.0
  0
LINE
  5
51D
330
DA
100
AcDbEntity
  8
Khung Tủ
 62
150
370
13
100
AcDbLine
 10
16.43589681459707
 20
53.87238587705349
 30
0.0
 11
14.13860574932187
 21
51.24873398100305
 31
0.0
  0
ARC
  5
51E
330
DA
100
AcDbEntity
  8
Khung Tủ
 62
150
370
13
100
AcDbCircle
 10
-2.90896e-11
 20
35.1015507425908
 30
0.0
 40
21.4623320977283
100
AcDbArc
 50
47.19635934258687
 51
48.79434486549258
  0
ARC
  5
51F
330
DA
100
AcDbEntity
  8
Khung Tủ
 62
150
370
13
100
AcDbCircle
 10
-2.90896e-11
 20
35.1015507425908
 30
0.0
 40
24.94960832855544
100
AcDbArc
 50
52.65090479701951
 51
54.24889032090918
  0
ARC
  5
520
330
DA
100
AcDbEntity
  8
Khung Tủ
 62
150
370
13
100
AcDbCircle
 10
-2.90896e-11
 20
35.1015507425908
 30
0.0
 40
21.4623320977283
100
AcDbArc
 50
25.37817752342492
 51
26.9761630490639
  0
LINE
  5
521
330
DA
100
AcDbEntity
  8
Khung Tủ
 62
150
370
13
100
AcDbLine
 10
22.23497423387016
 20
46.41918638626509
 30
0.0
 11
19.12712996965274
 21
44.8372889371966
 31
0.0
  0
LINE
  5
522
330
DA
100
AcDbEntity
  8
Khung Tủ
 62
150
370
13
100
AcDbLine
 10
22.54193613564712
 20
45.79472945611621
 30
0.0
 11
19.39118695160141
 21
44.30011409115093
 31
0.0
  0
ARC
  5
523
330
DA
100
AcDbEntity
  8
Khung Tủ
 62
150
370
13
100
AcDbCircle
 10
-2.90896e-11
 20
35.1015507425908
 30
0.0
 40
24.94960832855544
100
AcDbArc
 50
25.37817752342492
 51
26.9761630490639
  0
ARC
  5
524
330
DA
100
AcDbEntity
  8
Khung Tủ
 62
150
370
13
100
AcDbCircle
 10
-2.90896e-11
 20
35.1015507425908
 30
0.0
 40
21.4623320977283
100
AcDbArc
 50
30.83272297868618
 51
32.43070850320399
  0
LINE
  5
525
330
DA
100
AcDbEntity
  8
Khung Tủ
 62
150
370
13
100
AcDbLine
 10
21.05848288509879
 20
48.48150792940566
 30
0.0
 11
18.11508009277168
 21
46.61135405553785
 31
0.0
  0
LINE
  5
526
330
DA
100
AcDbEntity
  8
Khung Tủ
 62
150
370
13
100
AcDbLine
 10
21.42341324462905
 20
47.88905717247678
 30
0.0
 11
18.42900311961421
 21
46.1017117906739
 31
0.0
  0
ARC
  5
527
330
DA
100
AcDbEntity
  8
Khung Tủ
 62
150
370
13
100
AcDbCircle
 10
-2.90896e-11
 20
35.1015507425908
 30
0.0
 40
24.94960832855544
100
AcDbArc
 50
30.83272297868618
 51
32.43070850320399
  0
ARC
  5
528
330
DA
100
AcDbEntity
  8
Khung Tủ
 62
150
370
13
100
AcDbCircle
 10
-2.90896e-11
 20
35.1015507425908
 30
0.0
 40
21.4623320977283
100
AcDbArc
 50
36.28726843070115
 51
37.88525395706843
  0
LINE
  5
529
330
DA
100
AcDbEntity
  8
Khung Tủ
 62
150
370
13
100
AcDbLine
 10
19.69128265432664
 20
50.42265850836691
 30
0.0
 11
16.93897724527051
 21
48.28118461275869
 31
0.0
  0
LINE
  5
52A
330
DA
100
AcDbEntity
  8
Khung Tủ
 62
150
370
13
100
AcDbLine
 10
20.11087660570047
 20
49.86757925043628
 30
0.0
 11
17.29992338173906
 21
47.80369032839359
 31
0.0
  0
ARC
  5
52B
330
DA
100
AcDbEntity
  8
Khung Tủ
 62
150
370
13
100
AcDbCircle
 10
-2.90896e-11
 20
35.1015507425908
 30
0.0
 40
24.94960832855544
100
AcDbArc
 50
36.28726843070115
 51
37.88525395706843
  0
ARC
  5
52C
330
DA
100
AcDbEntity
  8
Khung Tủ
 62
150
370
13
100
AcDbCircle
 10
-2.90896e-11
 20
35.1015507425908
 30
0.0
 40
21.4623320977283
100
AcDbArc
 50
41.74181388657748
 51
43.33979941016498
  0
LINE
  5
52D
330
DA
100
AcDbEntity
  8
Khung Tủ
 62
150
370
13
100
AcDbLine
 10
18.14575511860312
 20
52.22505876286584
 30
0.0
 11
15.60947239689994
 21
49.8316583646955
 31
0.0
  0
ARC
  5
52E
330
DA
100
AcDbEntity
  8
Khung Tủ
 62
150
370
13
100
AcDbCircle
 10
-2.90896e-11
 20
35.1015507425908
 30
0.0
 40
24.94960832855544
100
AcDbArc
 50
41.74181388657748
 51
43.33979941016498
  0
LINE
  5
52F
330
DA
100
AcDbEntity
  8
Khung Tủ
 62
150
370
13
100
AcDbLine
 10
18.61621275401558
 20
51.71237788758287
 30
0.0
 11
16.01417285864591
 21
49.39063632294699
 31
0.0
  0
LINE
  5
530
330
DA
100
AcDbEntity
  8
Khung Tủ
 62
150
370
13
100
AcDbLine
 10
18.88577949159662
 20
53.98733023427474
 30
0.0
 11
14.88211111485725
 21
49.98366185759357
 31
0.0
  0
LINE
  5
531
330
DA
100
AcDbEntity
  8
Khung Tủ
 62
150
370
13
100
AcDbLine
 10
18.88577949159662
 20
53.98733023427474
 30
0.0
 11
14.88211111485725
 21
49.98366185759357
 31
0.0
  0
LINE
  5
532
330
DA
100
AcDbEntity
  8
Khung Tủ
 62
150
370
13
100
AcDbLine
 10
16.51511335052783
 20
46.13659668630851
 30
0.0
 11
15.13814028559136
 21
45.21653269925434
 31
0.0
  0
LINE
  5
533
330
DA
100
AcDbEntity
  8
Khung Tủ
 62
150
370
13
100
AcDbLine
 10
15.75802668923279
 20
47.19310989858047
 30
0.0
 11
14.44417689307011
 21
46.18495749183046
 31
0.0
  0
LINE
  5
534
330
DA
100
AcDbEntity
  8
Khung Tủ
 62
7
370
13
100
AcDbLine
 10
14.50163711345522
 20
-2.817526209211901
 30
0.0
 11
15.11167465767357
 21
-2.817526209211901
 31
0.0
  0
LINE
  5
535
330
DA
100
AcDbEntity
  8
Khung Tủ
 62
7
370
13
100
AcDbLine
 10
16.90442007395904
 20
-2.817526209211901
 30
0.0
 11
17.55179663363378
 21
-2.817526209211901
 31
0.0
  0
LINE
  5
536
330
DA
100
AcDbEntity
  8
Khung Tủ
 62
7
370
13
100
AcDbLine
 10
19.34454204991925
 20
-2.817526209211901
 30
0.0
 11
19.86464093532413
 21
-2.817526209211901
 31
0.0
  0
LINE
  5
537
330
DA
100
AcDbEntity
  8
Khung Tủ
 62
7
370
13
100
AcDbLine
 10
21.78466402587947
 20
-2.817526209211901
 30
0.0
 11
22.4320405855542
 21
-2.817526209211901
 31
0.0
  0
LINE
  5
538
330
DA
100
AcDbEntity
  8
Khung Tủ
 62
7
370
13
100
AcDbLine
 10
15.11167465767357
 20
-2.817526209211901
 30
0.0
 11
15.11167465767357
 21
-2.034080157565878
 31
0.0
  0
LINE
  5
539
330
DA
100
AcDbEntity
  8
Khung Tủ
 62
7
370
13
100
AcDbLine
 10
15.11167465767357
 20
-2.034080157565878
 30
0.0
 11
16.90442007395904
 21
-2.034080157565878
 31
0.0
  0
LINE
  5
53A
330
DA
100
AcDbEntity
  8
Khung Tủ
 62
7
370
13
100
AcDbLine
 10
16.90442007395904
 20
-2.034080157565878
 30
0.0
 11
16.90442007395904
 21
-2.817526209211901
 31
0.0
  0
LINE
  5
53B
330
DA
100
AcDbEntity
  8
Khung Tủ
 62
7
370
13
100
AcDbLine
 10
17.55179663363378
 20
-2.817526209211901
 30
0.0
 11
17.55179663363378
 21
-2.034080157565878
 31
0.0
  0
LINE
  5
53C
330
DA
100
AcDbEntity
  8
Khung Tủ
 62
7
370
13
100
AcDbLine
 10
17.55179663363378
 20
-2.034080157565878
 30
0.0
 11
19.34454204991925
 21
-2.034080157565878
 31
0.0
  0
LINE
  5
53D
330
DA
100
AcDbEntity
  8
Khung Tủ
 62
7
370
13
100
AcDbLine
 10
19.34454204991925
 20
-2.034080157565878
 30
0.0
 11
19.34454204991925
 21
-2.817526209211901
 31
0.0
  0
LINE
  5
53E
330
DA
100
AcDbEntity
  8
Khung Tủ
 62
7
370
13
100
AcDbLine
 10
21.4637922932161
 20
-2.034080157565878
 30
0.0
 11
21.78466402587947
 21
-2.034080157565878
 31
0.0
  0
LINE
  5
53F
330
DA
100
AcDbEntity
  8
Khung Tủ
 62
7
370
13
100
AcDbLine
 10
21.78466402587947
 20
-2.034080157565878
 30
0.0
 11
21.78466402587947
 21
-2.817526209211901
 31
0.0
  0
LINE
  5
540
330
DA
100
AcDbEntity
  8
Khung Tủ
 62
7
370
13
100
AcDbLine
 10
22.4320405855542
 20
-2.817526209211901
 30
0.0
 11
22.4320405855542
 21
-2.034080157565878
 31
0.0
  0
LINE
  5
541
330
DA
100
AcDbEntity
  8
Khung Tủ
 62
7
370
13
100
AcDbLine
 10
22.4320405855542
 20
-2.034080157565878
 30
0.0
 11
22.81290972541319
 21
-2.034080157565878
 31
0.0
  0
LINE
  5
542
330
DA
100
AcDbEntity
  8
Khung Tủ
 62
7
370
13
100
AcDbLine
 10
14.50163711345522
 20
-3.567526209211901
 30
0.0
 11
15.11167465767357
 21
-3.567526209211901
 31
0.0
  0
LINE
  5
543
330
DA
100
AcDbEntity
  8
Khung Tủ
 62
7
370
13
100
AcDbLine
 10
16.90442007395904
 20
-3.567526209211901
 30
0.0
 11
17.55179663363378
 21
-3.567526209211901
 31
0.0
  0
LINE
  5
544
330
DA
100
AcDbEntity
  8
Khung Tủ
 62
7
370
13
100
AcDbLine
 10
19.34454204991925
 20
-3.567526209211901
 30
0.0
 11
19.82450878433883
 21
-3.567526209211901
 31
0.0
  0
LINE
  5
545
330
DA
100
AcDbEntity
  8
Khung Tủ
 62
7
370
13
100
AcDbLine
 10
21.78466402587947
 20
-3.567526209211901
 30
0.0
 11
22.4320405855542
 21
-3.567526209211901
 31
0.0
  0
LINE
  5
546
330
DA
100
AcDbEntity
  8
Khung Tủ
 62
7
370
13
100
AcDbLine
 10
15.11167465767357
 20
-3.567526209211901
 30
0.0
 11
15.11167465767357
 21
-4.350972260799718
 31
0.0
  0
LINE
  5
547
330
DA
100
AcDbEntity
  8
Khung Tủ
 62
7
370
13
100
AcDbLine
 10
15.11167465767357
 20
-4.350972260799718
 30
0.0
 11
16.90442007395904
 21
-4.350972260799718
 31
0.0
  0
LINE
  5
548
330
DA
100
AcDbEntity
  8
Khung Tủ
 62
7
370
13
100
AcDbLine
 10
16.90442007395904
 20
-4.350972260799718
 30
0.0
 11
16.90442007395904
 21
-3.567526209211901
 31
0.0
  0
LINE
  5
549
330
DA
100
AcDbEntity
  8
Khung Tủ
 62
7
370
13
100
AcDbLine
 10
17.55179663363378
 20
-3.567526209211901
 30
0.0
 11
17.55179663363378
 21
-4.350972260799718
 31
0.0
  0
LINE
  5
54A
330
DA
100
AcDbEntity
  8
Khung Tủ
 62
7
370
13
100
AcDbLine
 10
17.55179663363378
 20
-4.350972260799718
 30
0.0
 11
19.34454204991925
 21
-4.350972260799718
 31
0.0
  0
LINE
  5
54B
330
DA
100
AcDbEntity
  8
Khung Tủ
 62
7
370
13
100
AcDbLine
 10
19.34454204991925
 20
-4.350972260799718
 30
0.0
 11
19.34454204991925
 21
-3.567526209211901
 31
0.0
  0
LINE
  5
54C
330
DA
100
AcDbEntity
  8
Khung Tủ
 62
7
370
13
100
AcDbLine
 10
21.58618899964495
 20
-4.350972260799718
 30
0.0
 11
21.78466402587947
 21
-4.350972260799718
 31
0.0
  0
LINE
  5
54D
330
DA
100
AcDbEntity
  8
Khung Tủ
 62
7
370
13
100
AcDbLine
 10
21.78466402587947
 20
-4.350972260799718
 30
0.0
 11
21.78466402587947
 21
-3.567526209211901
 31
0.0
  0
LINE
  5
54E
330
DA
100
AcDbEntity
  8
Khung Tủ
 62
7
370
13
100
AcDbLine
 10
22.4320405855542
 20
-3.567526209211901
 30
0.0
 11
22.4320405855542
 21
-4.350972260799718
 31
0.0
  0
LINE
  5
54F
330
DA
100
AcDbEntity
  8
Khung Tủ
 62
7
370
13
100
AcDbLine
 10
22.4320405855542
 20
-4.350972260799718
 30
0.0
 11
22.6889339069603
 21
-4.350972260799718
 31
0.0
  0
LINE
  5
550
330
DA
100
AcDbEntity
  8
Khung Tủ
 62
30
370
13
420
16292126
100
AcDbLine
 10
19.55795739282621
 20
-8.548907433913083
 30
0.0
 11
19.94598590146052
 21
-1.297330479123157
 31
0.0
  0
LINE
  5
551
330
DA
100
AcDbEntity
  8
Khung Tủ
 62
30
370
13
420
16292126
100
AcDbLine
 10
21.80795739282621
 20
-8.548907433913083
 30
0.0
 11
21.42487130337395
 21
-1.297330479181365
 31
0.0
  0
LINE
  5
552
330
DA
100
AcDbEntity
  8
Khung Tủ
 62
30
370
13
420
16292126
100
AcDbLine
 10
19.55795739282621
 20
-8.548907433913083
 30
0.0
 11
21.80795739282621
 21
-8.548907433913083
 31
0.0
  0
LINE
  5
553
330
DA
100
AcDbEntity
  8
Khung Tủ
 62
30
370
13
420
16292126
100
AcDbLine
 10
19.94598590146052
 20
-1.297330479123157
 30
0.0
 11
20.68295739282621
 21
-0.5927480205865514
 31
0.0
  0
LINE
  5
554
330
DA
100
AcDbEntity
  8
Khung Tủ
 62
30
370
13
420
16292126
100
AcDbLine
 10
20.68295739282621
 20
-0.5927480205865514
 30
0.0
 11
21.42487130337395
 21
-1.297330479181365
 31
0.0
  0
LINE
  5
555
330
DA
100
AcDbEntity
  8
Khung Tủ
 62
7
370
13
100
AcDbLine
 10
22.46430434921058
 20
-8.548907433913083
 30
0.0
 11
22.85233285784489
 21
-1.297330479123157
 31
0.0
  0
LINE
  5
556
330
DA
100
AcDbEntity
  8
Khung Tủ
 62
7
370
13
100
AcDbLine
 10
24.71430434921058
 20
-8.548907433913083
 30
0.0
 11
24.33121825975832
 21
-1.297330479181365
 31
0.0
  0
LINE
  5
557
330
DA
100
AcDbEntity
  8
Khung Tủ
 62
7
370
13
100
AcDbLine
 10
22.46430434921058
 20
-8.548907433913083
 30
0.0
 11
24.71430434921058
 21
-8.548907433913083
 31
0.0
  0
LINE
  5
558
330
DA
100
AcDbEntity
  8
Khung Tủ
 62
7
370
13
100
AcDbLine
 10
22.85233285784489
 20
-1.297330479123157
 30
0.0
 11
23.58930434921058
 21
-0.5927480205865514
 31
0.0
  0
LINE
  5
559
330
DA
100
AcDbEntity
  8
Khung Tủ
 62
7
370
13
100
AcDbLine
 10
23.58930434921058
 20
-0.5927480205865514
 30
0.0
 11
24.33121825975832
 21
-1.297330479181365
 31
0.0
  0
LINE
  5
55A
330
DA
100
AcDbEntity
  8
Khung Tủ
 62
7
370
13
100
AcDbLine
 10
24.37013924960047
 20
-2.034080157565878
 30
0.0
 11
25.33929809799884
 21
-2.034080157565878
 31
0.0
  0
LINE
  5
55B
330
DA
100
AcDbEntity
  8
Khung Tủ
 62
7
370
13
100
AcDbLine
 10
24.49253595602931
 20
-4.350972260799718
 30
0.0
 11
25.33929809799884
 21
-4.350972260799718
 31
0.0
  0
LINE
  5
55C
330
DA
100
AcDbEntity
  8
Khung Tủ
 62
7
370
13
100
AcDbLine
 10
9.098677828093074
 20
0.1581169585259694
 30
0.0
 11
25.33929809799884
 21
0.1581169585259694
 31
0.0
  0
LINE
  5
55D
330
DA
100
AcDbEntity
  8
Khung Tủ
 62
7
370
13
100
AcDbLine
 10
25.33929809799884
 20
0.1581169585259694
 30
0.0
 11
25.33929809799884
 21
-9.100226391616271
 31
0.0
  0
LINE
  5
55E
330
DA
100
AcDbEntity
  8
Khung Tủ
 62
7
370
13
100
AcDbLine
 10
25.33929809799884
 20
-9.100226391616271
 30
0.0
 11
9.098677828093074
 21
-9.100226391616271
 31
0.0
  0
LINE
  5
55F
330
DA
100
AcDbEntity
  8
Khung Tủ
 62
7
370
13
100
AcDbLine
 10
9.098677828093074
 20
-9.100226391616271
 30
0.0
 11
9.098677828093074
 21
0.1581169585259694
 31
0.0
  0
HATCH
  5
560
330
DA
100
AcDbEntity
  8
Khung Tủ
 62
7
370
13
100
AcDbHatch
 10
0.0
 20
0.0
 30
0.0
210
0.0
220
0.0
230
1.0
  2
SOLID
 70
1
 71
0
 91
1
 92
7
 72
0
 73
1
 93
4
 10
23.82325934208347
 20
74.08219168709172
 10
23.37311934764148
 20
74.08219168709172
 10
23.37311934764148
 20
72.55008637993876
 10
23.82325934208347
 20
72.55008637993876
 97
0
 75
0
 76
1
 47
0.0003751169373957
 98
1
 10
23.64320038500591
 20
73.49637871429138
450
0
451
0
460
0.0
461
0.0
452
0
462
0.0
453
0
470

  0
LWPOLYLINE
  5
561
330
DA
100
AcDbEntity
  8
Khung Tủ
 62
7
370
13
100
AcDbPolyline
 90
4
 70
1
 10
23.37311934764148
 20
72.55008637993876
 10
23.37311934764148
 20
74.08219168709172
 10
23.82325934208347
 20
74.08219168709172
 10
23.82325934208347
 20
72.55008637993876
  0
LWPOLYLINE
  5
562
330
DA
100
AcDbEntity
  8
Khung Tủ
 62
7
370
13
100
AcDbPolyline
 90
2
 70
0
 43
0.192
 10
21.44067447507405
 20
73.31613903351524
 10
19.95597874742816
 20
73.31613903351524
  0
LWPOLYLINE
  5
563
330
DA
100
AcDbEntity
  8
Khung Tủ
 62
7
370
13
100
AcDbPolyline
 90
2
 70
0
 43
0.192
 10
23.59818934489158
 20
75.47365390330367
 10
23.59818934489158
 20
76.95834963106597
  0
CIRCLE
  5
564
330
DA
100
AcDbEntity
  8
Khung Tủ
 62
7
370
13
100
AcDbCircle
 10
23.59818934489158
 20
73.31613903351524
 30
0.0
 40
1.68589599658253
  0
CIRCLE
  5
565
330
DA
100
AcDbEntity
  8
Khung Tủ
 62
7
370
13
100
AcDbCircle
 10
23.59818934489158
 20
73.31613903351524
 30
0.0
 40
1.98589599658253
  0
LINE
  5
566
330
DA
100
AcDbEntity
  8
busbar support
370
13
 48
0.6
100
AcDbLine
 10
-31.99999999999999
 20
-37.71054378883866
 30
0.0
 11
32.0
 21
-37.71054378883866
 31
0.0
  0
ARC
  5
567
330
DA
100
AcDbEntity
  8
busbar support
370
13
 48
0.6
100
AcDbCircle
 10
32.0
 20
-33.71054378883866
 30
0.0
 40
4.0
100
AcDbArc
 50
270.0
 51
0.0
  0
LINE
  5
568
330
DA
100
AcDbEntity
  8
busbar support
370
13
 48
0.6
100
AcDbLine
 10
36.0
 20
-33.71054378883866
 30
0.0
 11
36.0
 21
81.28945621116134
 31
0.0
  0
ARC
  5
569
330
DA
100
AcDbEntity
  8
busbar support
370
13
 48
0.6
100
AcDbCircle
 10
32.0
 20
81.28945621116134
 30
0.0
 40
4.0
100
AcDbArc
 50
0.0
 51
90.0
  0
LINE
  5
56A
330
DA
100
AcDbEntity
  8
busbar support
370
13
 48
0.6
100
AcDbLine
 10
32.0
 20
85.28945621116134
 30
0.0
 11
-31.99999999999999
 21
85.28945621116134
 31
0.0
  0
ARC
  5
56B
330
DA
100
AcDbEntity
  8
busbar support
370
13
 48
0.6
100
AcDbCircle
 10
-31.99999999999999
 20
81.28945621116134
 30
0.0
 40
4.0
100
AcDbArc
 50
90.0
 51
180.0
  0
LINE
  5
56C
330
DA
100
AcDbEntity
  8
busbar support
370
13
 48
0.6
100
AcDbLine
 10
-35.99999999999999
 20
81.28945621116134
 30
0.0
 11
-35.99999999999999
 21
-33.71054378883866
 31
0.0
  0
ARC
  5
56D
330
DA
100
AcDbEntity
  8
busbar support
370
13
 48
0.6
100
AcDbCircle
 10
-31.99999999999999
 20
-33.71054378883866
 30
0.0
 40
4.0
100
AcDbArc
 50
180.0
 51
270.0
  0
LINE
  5
56E
330
DA
100
AcDbEntity
  8
busbar support
370
13
 48
0.6
100
AcDbLine
 10
30.25
 20
-35.71054378883867
 30
0.0
 11
32.0
 21
-35.71054378883867
 31
0.0
  0
ARC
  5
56F
330
DA
100
AcDbEntity
  8
busbar support
370
13
 48
0.6
100
AcDbCircle
 10
32.0
 20
-33.71054378883866
 30
0.0
 40
2.0
100
AcDbArc
 50
270.0
 51
0.0
  0
LINE
  5
570
330
DA
100
AcDbEntity
  8
busbar support
370
13
 48
0.6
100
AcDbLine
 10
34.0
 20
-33.71054378883866
 30
0.0
 11
34.0
 21
81.28945621116134
 31
0.0
  0
ARC
  5
571
330
DA
100
AcDbEntity
  8
busbar support
370
13
 48
0.6
100
AcDbCircle
 10
32.0
 20
81.28945621116134
 30
0.0
 40
2.0
100
AcDbArc
 50
0.0
 51
90.0
  0
LINE
  5
572
330
DA
100
AcDbEntity
  8
busbar support
370
13
 48
0.6
100
AcDbLine
 10
32.0
 20
83.28945621116134
 30
0.0
 11
-31.99999999999999
 21
83.28945621116134
 31
0.0
  0
ARC
  5
573
330
DA
100
AcDbEntity
  8
busbar support
370
13
 48
0.6
100
AcDbCircle
 10
-31.99999999999999
 20
81.28945621116134
 30
0.0
 40
2.0
100
AcDbArc
 50
90.0
 51
180.0
  0
LINE
  5
574
330
DA
100
AcDbEntity
  8
busbar support
370
13
 48
0.6
100
AcDbLine
 10
-33.99999999999999
 20
81.28945621116134
 30
0.0
 11
-33.99999999999999
 21
-33.71054378883866
 31
0.0
  0
ARC
  5
575
330
DA
100
AcDbEntity
  8
busbar support
370
13
 48
0.6
100
AcDbCircle
 10
-31.99999999999999
 20
-33.71054378883866
 30
0.0
 40
2.0
100
AcDbArc
 50
180.0
 51
270.0
  0
LINE
  5
576
330
DA
100
AcDbEntity
  8
busbar support
370
13
 48
0.6
100
AcDbLine
 10
-31.99999999999999
 20
-35.71054378883867
 30
0.0
 11
-30.24999999999999
 21
-35.71054378883867
 31
0.0
  0
ARC
  5
577
330
DA
100
AcDbEntity
  8
busbar support
370
13
 48
0.6
100
AcDbCircle
 10
-2.90896e-11
 20
35.1015507425908
 30
0.0
 40
31.9147708286182
100
AcDbArc
 50
72.72362328272963
 51
62.14800548795863
  0
ARC
  5
578
330
DA
100
AcDbEntity
  8
busbar support
370
13
 48
0.6
100
AcDbCircle
 10
-2.90896e-11
 20
35.1015507425908
 30
0.0
 40
32.9147708286182
100
AcDbArc
 50
230.3106226322372
 51
253.307359660745
  0
CIRCLE
  5
579
330
DA
100
AcDbEntity
  8
busbar support
370
13
 48
0.6
100
AcDbCircle
 10
1.42e-14
 20
73.69813897534902
 30
0.0
 40
3.230348110664633
  0
TEXT
  5
57A
330
DA
100
AcDbEntity
  8
TEXT
  6
Continuous
370
13
100
AcDbText
 10
-30.81943578003921
 20
76.16698920373153
 30
0.0
 40
4.115999999999996
  1
Panasonic
 41
0.7
 72
1
 11
-19.29463578003923
 21
76.16698920373153
 31
0.0
100
AcDbText
  0
TEXT
  5
57B
330
DA
100
AcDbEntity
  8
TEXT
  6
Continuous
370
13
100
AcDbText
 10
-29.09014863011938
 20
71.86670326699084
 30
0.0
 40
2.743999999999997
  1
TB118K
 41
0.7
 72
1
 11
-24.28814863011938
 21
71.86670326699084
 31
0.0
100
AcDbText
  0
LINE
  5
57C
330
DA
100
AcDbEntity
  8
busbar support
370
13
 48
0.6
100
AcDbLine
 10
-33.99999999999999
 20
-17.06539699267898
 30
0.0
 11
34.0
 21
-17.06539699267898
 31
0.0
  0
LINE
  5
57D
330
DA
100
AcDbEntity
  8
Khung Tủ
 62
7
370
13
100
AcDbLine
 10
12.0988541529514
 20
-2.817526209211901
 30
0.0
 11
12.70889169716975
 21
-2.817526209211901
 31
0.0
  0
LINE
  5
57E
330
DA
100
AcDbEntity
  8
Khung Tủ
 62
7
370
13
100
AcDbLine
 10
12.70889169716975
 20
-2.817526209211901
 30
0.0
 11
12.70889169716975
 21
-2.034080157565878
 31
0.0
  0
LINE
  5
57F
330
DA
100
AcDbEntity
  8
Khung Tủ
 62
7
370
13
100
AcDbLine
 10
12.70889169716975
 20
-2.034080157565878
 30
0.0
 11
14.50163711345522
 21
-2.034080157565878
 31
0.0
  0
LINE
  5
580
330
DA
100
AcDbEntity
  8
Khung Tủ
 62
7
370
13
100
AcDbLine
 10
14.50163711345522
 20
-2.034080157565878
 30
0.0
 11
14.50163711345522
 21
-2.817526209211901
 31
0.0
  0
LINE
  5
581
330
DA
100
AcDbEntity
  8
Khung Tủ
 62
7
370
13
100
AcDbLine
 10
12.0988541529514
 20
-3.567526209211901
 30
0.0
 11
12.70889169716975
 21
-3.567526209211901
 31
0.0
  0
LINE
  5
582
330
DA
100
AcDbEntity
  8
Khung Tủ
 62
7
370
13
100
AcDbLine
 10
12.70889169716975
 20
-3.567526209211901
 30
0.0
 11
12.70889169716975
 21
-4.350972260799718
 31
0.0
  0
LINE
  5
583
330
DA
100
AcDbEntity
  8
Khung Tủ
 62
7
370
13
100
AcDbLine
 10
12.70889169716975
 20
-4.350972260799718
 30
0.0
 11
14.50163711345522
 21
-4.350972260799718
 31
0.0
  0
LINE
  5
584
330
DA
100
AcDbEntity
  8
Khung Tủ
 62
7
370
13
100
AcDbLine
 10
14.50163711345522
 20
-4.350972260799718
 30
0.0
 11
14.50163711345522
 21
-3.567526209211901
 31
0.0
  0
LINE
  5
585
330
DA
100
AcDbEntity
  8
Khung Tủ
 62
7
370
13
100
AcDbLine
 10
9.696071192447574
 20
-2.817526209211901
 30
0.0
 11
10.30610873666593
 21
-2.817526209211901
 31
0.0
  0
LINE
  5
586
330
DA
100
AcDbEntity
  8
Khung Tủ
 62
7
370
13
100
AcDbLine
 10
10.30610873666593
 20
-2.817526209211901
 30
0.0
 11
10.30610873666593
 21
-2.034080157565878
 31
0.0
  0
LINE
  5
587
330
DA
100
AcDbEntity
  8
Khung Tủ
 62
7
370
13
100
AcDbLine
 10
10.30610873666593
 20
-2.034080157565878
 30
0.0
 11
12.0988541529514
 21
-2.034080157565878
 31
0.0
  0
LINE
  5
588
330
DA
100
AcDbEntity
  8
Khung Tủ
 62
7
370
13
100
AcDbLine
 10
12.0988541529514
 20
-2.034080157565878
 30
0.0
 11
12.0988541529514
 21
-2.817526209211901
 31
0.0
  0
LINE
  5
589
330
DA
100
AcDbEntity
  8
Khung Tủ
 62
7
370
13
100
AcDbLine
 10
9.696071192447574
 20
-3.567526209211901
 30
0.0
 11
10.30610873666593
 21
-3.567526209211901
 31
0.0
  0
LINE
  5
58A
330
DA
100
AcDbEntity
  8
Khung Tủ
 62
7
370
13
100
AcDbLine
 10
10.30610873666593
 20
-3.567526209211901
 30
0.0
 11
10.30610873666593
 21
-4.350972260799718
 31
0.0
  0
LINE
  5
58B
330
DA
100
AcDbEntity
  8
Khung Tủ
 62
7
370
13
100
AcDbLine
 10
10.30610873666593
 20
-4.350972260799718
 30
0.0
 11
12.0988541529514
 21
-4.350972260799718
 31
0.0
  0
LINE
  5
58C
330
DA
100
AcDbEntity
  8
Khung Tủ
 62
7
370
13
100
AcDbLine
 10
12.0988541529514
 20
-4.350972260799718
 30
0.0
 11
12.0988541529514
 21
-3.567526209211901
 31
0.0
  0
LINE
  5
58D
330
DA
100
AcDbEntity
  8
Khung Tủ
 62
7
370
13
100
AcDbLine
 10
9.098677828093074
 20
-2.034080157565878
 30
0.0
 11
9.696071192447574
 21
-2.034080157565878
 31
0.0
  0
LINE
  5
58E
330
DA
100
AcDbEntity
  8
Khung Tủ
 62
7
370
13
100
AcDbLine
 10
9.696071192447574
 20
-2.034080157565878
 30
0.0
 11
9.696071192447574
 21
-2.817526209211901
 31
0.0
  0
LINE
  5
58F
330
DA
100
AcDbEntity
  8
Khung Tủ
 62
7
370
13
100
AcDbLine
 10
9.098677828093074
 20
-4.350972260799718
 30
0.0
 11
9.696071192447574
 21
-4.350972260799718
 31
0.0
  0
LINE
  5
590
330
DA
100
AcDbEntity
  8
Khung Tủ
 62
7
370
13
100
AcDbLine
 10
9.696071192447574
 20
-4.350972260799718
 30
0.0
 11
9.696071192447574
 21
-3.567526209211901
 31
0.0
  0
LINE
  5
591
330
DA
100
AcDbEntity
  8
busbar support
370
13
 48
0.6
100
AcDbLine
 10
7.939686286437805
 20
-13.53901346707436
 30
0.0
 11
7.939686286437805
 21
-12.62028141507482
 31
0.0
  0
LINE
  5
592
330
DA
100
AcDbEntity
  8
busbar support
370
13
 48
0.6
100
AcDbLine
 10
7.939686286437805
 20
-12.62028141507482
 30
0.0
 11
17.91307584187598
 21
-12.62028141507482
 31
0.0
  0
LINE
  5
593
330
DA
100
AcDbEntity
  8
busbar support
370
13
 48
0.6
100
AcDbLine
 10
17.91307584187598
 20
-12.62028141507482
 30
0.0
 11
17.91307584187598
 21
-13.40608107576565
 31
0.0
  0
TEXT
  5
594
330
DA
100
AcDbEntity
  8
TEXT
  6
Continuous
370
13
100
AcDbText
 10
7.312410131559745
 20
-16.01193702193279
 30
0.0
 40
1.756159999999999
  1
L1
 41
0.7
 72
1
 11
8.131951464893078
 21
-16.01193702193279
 31
0.0
100
AcDbText
  0
TEXT
  5
595
330
DA
100
AcDbEntity
  8
TEXT
  6
Continuous
370
13
100
AcDbText
 10
17.08091435366458
 20
-15.87900463062408
 30
0.0
 40
1.756159999999999
  1
L2
 41
0.7
 72
1
 11
18.10534102033125
 21
-15.87900463062408
 31
0.0
100
AcDbText
  0
LINE
  5
596
330
DA
100
AcDbEntity
  8
busbar support
370
13
 48
0.6
100
AcDbLine
 10
-32.15200237842508
 20
9.77304313397315
 30
0.0
 11
-21.02020078449276
 21
9.773043133944046
 31
0.0
  0
LINE
  5
597
330
DA
100
AcDbEntity
  8
busbar support
370
13
 48
0.6
100
AcDbLine
 10
-9.454355987953006
 20
3.573828155101981
 30
0.0
 11
-9.454355987923904
 21
-9.0379443497369
 31
0.0
  0
LINE
  5
598
330
DA
100
AcDbEntity
  8
busbar support
370
13
 48
0.6
100
AcDbLine
 10
-32.15200237842508
 20
-9.0379443497369
 30
0.0
 11
-9.454355987923904
 21
-9.0379443497369
 31
0.0
  0
LINE
  5
599
330
DA
100
AcDbEntity
  8
busbar support
370
13
 48
0.6
100
AcDbLine
 10
-20.26898920195525
 20
4.225950510604778
 30
0.0
 11
-20.26898920195525
 21
-6.539635893234045
 31
0.0
  0
LINE
  5
59A
330
DA
100
AcDbEntity
  8
busbar support
370
13
 48
0.6
100
AcDbLine
 10
-18.93814584452774
 20
4.225950510604778
 30
0.0
 11
-18.93814584452774
 21
-6.539635893234045
 31
0.0
  0
LINE
  5
59B
330
DA
100
AcDbEntity
  8
busbar support
370
13
 48
0.6
100
AcDbLine
 10
-16.22442224380209
 20
4.225950510604778
 30
0.0
 11
-16.22442224380209
 21
-6.539635893234045
 31
0.0
  0
LINE
  5
59C
330
DA
100
AcDbEntity
  8
busbar support
370
13
 48
0.6
100
AcDbLine
 10
-23.23496160717331
 20
-1.141942639733425
 30
0.0
 11
-21.683351761254
 21
-1.629456373120884
 31
0.0
  0
LINE
  5
59D
330
DA
100
AcDbEntity
  8
busbar support
370
13
 48
0.6
100
AcDbLine
 10
-23.23496160717331
 20
-1.141942639733425
 30
0.0
 11
-21.683351761254
 21
-0.6544289063459665
 31
0.0
  0
LINE
  5
59E
330
DA
100
AcDbEntity
  8
busbar support
370
13
 48
0.6
100
AcDbLine
 10
-21.683351761254
 20
-0.6544289063459665
 30
0.0
 11
-21.683351761254
 21
-1.629456373120884
 31
0.0
  0
LINE
  5
59F
330
DA
100
AcDbEntity
  8
busbar support
370
13
 48
0.6
100
AcDbLine
 10
-7.939686286437776
 20
-13.53901346707436
 30
0.0
 11
-7.939686286437776
 21
-12.62028141507482
 31
0.0
  0
LINE
  5
5A0
330
DA
100
AcDbEntity
  8
busbar support
370
13
 48
0.6
100
AcDbLine
 10
-7.939686286437776
 20
-12.62028141507482
 30
0.0
 11
-17.91307584187596
 21
-12.62028141507482
 31
0.0
  0
LINE
  5
5A1
330
DA
100
AcDbEntity
  8
busbar support
370
13
 48
0.6
100
AcDbLine
 10
-17.91307584187596
 20
-12.62028141507482
 30
0.0
 11
-17.91307584187596
 21
-13.40608107576565
 31
0.0
  0
TEXT
  5
5A2
330
DA
100
AcDbEntity
  8
TEXT
  6
Continuous
370
13
100
AcDbText
 10
-8.927574202501813
 20
-16.01193702193279
 30
0.0
 40
1.756159999999999
  1
S2
 41
0.7
 72
1
 11
-7.903147535835145
 21
-16.01193702193279
 31
0.0
100
AcDbText
  0
TEXT
  5
5A3
330
DA
100
AcDbEntity
  8
TEXT
  6
Continuous
370
13
100
AcDbText
 10
-18.96201806990123
 20
-15.87900463062408
 30
0.0
 40
1.756159999999999
  1
S1
 41
0.7
 72
1
 11
-18.1424767365679
 21
-15.87900463062408
 31
0.0
100
AcDbText
  0
TEXT
  5
5A4
330
DA
100
AcDbEntity
  8
TEXT
  6
Continuous
370
13
100
AcDbText
 10
-15.2511685929868
 20
-11.89248599704308
 30
0.0
 40
1.404927999999999
  1
POWER
 41
0.7
 72
1
 11
-12.7925445929868
 21
-11.89248599704308
 31
0.0
100
AcDbText
  0
TEXT
  5
5A5
330
DA
100
AcDbEntity
  8
TEXT
  6
Continuous
370
13
100
AcDbText
 10
11.25722660202272
 20
-11.89248599704308
 30
0.0
 40
1.404927999999999
  1
LOAD
 41
0.7
 72
1
 11
13.06021753535606
 21
-11.89248599704308
 31
0.0
100
AcDbText
  0
LWPOLYLINE
  5
5A6
330
DA
100
AcDbEntity
  8
Khung Tủ
 62
7
370
13
100
AcDbPolyline
 90
2
 70
0
 43
0.192
 10
23.59818934489158
 20
76.86213501328882
 10
19.95597874745726
 20
76.86213501299778
  0
TEXT
  5
5A7
330
DA
100
AcDbEntity
  8
TEXT
  6
Continuous
370
13
100
AcDbText
 10
14.02346257345328
 20
76.84732043048994
 30
0.0
 40
2.469599999999998
  1
OFF
 41
0.7
 72
1
 11
16.32842257345328
 21
76.84732043048994
 31
0.0
100
AcDbText
  0
TEXT
  5
5A8
330
DA
100
AcDbEntity
  8
TEXT
  6
Continuous
370
13
100
AcDbText
 10
14.30149696135949
 20
71.96443393030484
 30
0.0
 40
2.469599999999998
  1
ON
 41
0.7
 72
1
 11
15.74209696135949
 21
71.96443393030484
 31
0.0
100
AcDbText
  0
ARC
  5
5A9
330
DA
100
AcDbEntity
  8
busbar support
370
13
 48
0.6
100
AcDbCircle
 10
12.2462774058222
 20
64.57325389566529
 30
0.0
 40
2.944358656939582
100
AcDbArc
 50
160.0797188338154
 51
334.791909936025
  0
LINE
  5
5AA
330
DA
100
AcDbEntity
  8
Khung Tủ
 62
150
370
13
100
AcDbLine
 10
11.91659411403817
 20
41.98159956214647
 30
0.0
 11
13.00053367408691
 21
42.60741235890589
 31
0.0
  0
LINE
  5
5AB
330
DA
100
AcDbEntity
  8
Khung Tủ
 62
150
370
13
100
AcDbLine
 10
-13.00053367420331
 20
42.60741235890589
 30
0.0
 11
-11.91659411409635
 21
41.98159956208826
 31
0.0
  0
LINE
  5
5AC
330
DA
100
AcDbEntity
  8
Khung Tủ
 62
150
370
13
100
AcDbLine
 10
11.28641110518948
 20
25.20363385164808
 30
0.0
 11
10.34538915980376
 21
26.02888794887974
 31
0.0
  0
LINE
  5
5AD
330
DA
100
AcDbEntity
  8
Khung Tủ
 62
150
370
13
100
AcDbLine
 10
9.729858350357986
 20
25.37169239214552
 30
0.0
 11
10.61489129508847
 21
24.48665944747324
 31
0.0
  0
LINE
  5
5AE
330
DA
100
AcDbEntity
  8
Khung Tủ
 62
150
370
13
100
AcDbLine
 10
8.340066574397511
 20
22.61975904628332
 30
0.0
 11
7.644700651697363
 21
23.66044769329881
 31
0.0
  0
LINE
  5
5AF
330
DA
100
AcDbEntity
  8
Khung Tủ
 62
150
370
13
100
AcDbLine
 10
9.138558086997376
 20
23.19194997240254
 30
0.0
 11
8.37661670200761
 21
24.18493131785351
 31
0.0
  0
LINE
  5
5B0
330
DA
100
AcDbEntity
  8
Khung Tủ
 62
150
370
13
100
AcDbLine
 10
9.897916890855427
 20
23.81513963737223
 30
0.0
 11
9.072662793623763
 21
24.75616158269975
 31
0.0
  0
LINE
  5
5B1
330
DA
100
AcDbEntity
  8
Khung Tủ
 62
150
370
13
100
AcDbLine
 10
4.825360289076357
 20
20.88649771791813
 30
0.0
 11
4.42303842765979
 21
22.0716997032722
 31
0.0
  0
LINE
  5
5B2
330
DA
100
AcDbEntity
  8
Khung Tủ
 62
150
370
13
100
AcDbLine
 10
5.744737772387466
 20
21.23252690017387
 30
0.0
 11
5.265761394170127
 21
22.38887816840713
 31
0.0
  0
LINE
  5
5B3
330
DA
100
AcDbEntity
  8
Khung Tủ
 62
150
370
13
100
AcDbLine
 10
6.639515406510341
 20
21.63794537178171
 30
0.0
 11
6.085935562034151
 21
22.76049424921791
 31
0.0
  0
LINE
  5
5B4
330
DA
100
AcDbEntity
  8
Khung Tủ
 62
150
370
13
100
AcDbLine
 10
0.9818136744434156
 20
20.12196876165388
 30
0.0
 11
0.899953444080907
 21
21.3709145287138
 31
0.0
  0
LINE
  5
5B5
330
DA
100
AcDbEntity
  8
Khung Tủ
 62
150
370
13
100
AcDbLine
 10
1.959423072112272
 20
20.21825488311868
 30
0.0
 11
1.796053149388185
 21
21.45917264626758
 31
0.0
  0
LINE
  5
5B6
330
DA
100
AcDbEntity
  8
Khung Tủ
 62
150
370
13
100
AcDbLine
 10
2.9286419193959
 20
20.37827356245532
 30
0.0
 11
2.684461879311143
 21
21.60584952121997
 31
0.0
  0
LINE
  5
5B7
330
DA
100
AcDbEntity
  8
Khung Tủ
 62
150
370
13
100
AcDbLine
 10
-2.928641919454079
 20
20.37827356245532
 30
0.0
 11
-2.68446187942753
 21
21.60584952121997
 31
0.0
  0
LINE
  5
5B8
330
DA
100
AcDbEntity
  8
Khung Tủ
 62
150
370
13
100
AcDbLine
 10
-1.959423072286867
 20
20.21825488311868
 30
0.0
 11
-1.796053149446365
 21
21.45917264626758
 31
0.0
  0
LINE
  5
5B9
330
DA
100
AcDbEntity
  8
Khung Tủ
 62
150
370
13
100
AcDbLine
 10
-0.9818136745598025
 20
20.12196876165388
 30
0.0
 11
-0.899953444197294
 21
21.3709145287138
 31
0.0
  0
LINE
  5
5BA
330
DA
100
AcDbEntity
  8
Khung Tủ
 62
150
370
13
100
AcDbLine
 10
-6.63951540656852
 20
21.63794537178171
 30
0.0
 11
-6.085935562150538
 21
22.76049424921791
 31
0.0
  0
LINE
  5
5BB
330
DA
100
AcDbEntity
  8
Khung Tủ
 62
150
370
13
100
AcDbLine
 10
-5.744737772445645
 20
21.23252690017387
 30
0.0
 11
-5.265761394228306
 21
22.38887816840713
 31
0.0
  0
LINE
  5
5BC
330
DA
100
AcDbEntity
  8
Khung Tủ
 62
150
370
13
100
AcDbLine
 10
-4.825360289192744
 20
20.88649771791813
 30
0.0
 11
-4.423038427717969
 21
22.0716997032722
 31
0.0
  0
LINE
  5
5BD
330
DA
100
AcDbEntity
  8
Khung Tủ
 62
150
370
13
100
AcDbLine
 10
-9.897916890913606
 20
23.81513963737223
 30
0.0
 11
-9.072662793798356
 21
24.75616158269975
 31
0.0
  0
LINE
  5
5BE
330
DA
100
AcDbEntity
  8
Khung Tủ
 62
150
370
13
100
AcDbLine
 10
-9.138558087055557
 20
23.19194997240254
 30
0.0
 11
-8.376616702123997
 21
24.18493131785351
 31
0.0
  0
LINE
  5
5BF
330
DA
100
AcDbEntity
  8
Khung Tủ
 62
150
370
13
100
AcDbLine
 10
-8.34006657445569
 20
22.61975904628332
 30
0.0
 11
-7.644700651755542
 21
23.66044769329881
 31
0.0
  0
LINE
  5
5C0
330
DA
100
AcDbEntity
  8
Khung Tủ
 62
150
370
13
100
AcDbLine
 10
-12.48179169633657
 20
26.761484168106
 30
0.0
 11
-11.44110304932108
 21
27.45685009080614
 31
0.0
  0
LINE
  5
5C1
330
DA
100
AcDbEntity
  8
Khung Tủ
 62
150
370
13
100
AcDbLine
 10
-11.90960077021735
 20
25.96299265550613
 30
0.0
 11
-10.91661942482459
 21
26.72493404043769
 31
0.0
  0
LINE
  5
5C2
330
DA
100
AcDbEntity
  8
Khung Tủ
 62
150
370
13
100
AcDbLine
 10
-11.28641110524766
 20
25.20363385164808
 30
0.0
 11
-10.34538915992014
 21
26.02888794887974
 31
0.0
  0
LINE
  5
5C3
330
DA
100
AcDbEntity
  8
Khung Tủ
 62
150
370
13
100
AcDbLine
 10
-14.21505302464355
 20
30.27619045336894
 30
0.0
 11
-13.02985103923127
 21
30.67851231496013
 31
0.0
  0
LINE
  5
5C4
330
DA
100
AcDbEntity
  8
Khung Tủ
 62
150
370
13
100
AcDbLine
 10
-13.86902384244602
 20
29.35681297011604
 30
0.0
 11
-12.71267257421276
 21
29.83578934839158
 31
0.0
  0
LINE
  5
5C5
330
DA
100
AcDbEntity
  8
Khung Tủ
 62
150
370
13
100
AcDbLine
 10
-13.46360537089639
 20
28.46203533605137
 30
0.0
 11
-12.34105649346018
 21
29.01561518046936
 31
0.0
  0
LINE
  5
5C6
330
DA
100
AcDbEntity
  8
Khung Tủ
 62
150
370
13
100
AcDbLine
 10
-14.97958198102422
 20
34.11973706800188
 30
0.0
 11
-13.73063621384789
 21
34.20159729848081
 31
0.0
  0
LINE
  5
5C7
330
DA
100
AcDbEntity
  8
Khung Tủ
 62
150
370
13
100
AcDbLine
 10
-14.88329585950121
 20
33.14212767033303
 30
0.0
 11
-13.64237809629411
 21
33.30549759311532
 31
0.0
  0
LINE
  5
5C8
330
DA
100
AcDbEntity
  8
Khung Tủ
 62
150
370
13
100
AcDbLine
 10
-14.72327718016457
 20
32.1729088230494
 30
0.0
 11
-13.49570122139992
 21
32.41708886319236
 31
0.0
  0
LINE
  5
5C9
330
DA
100
AcDbEntity
  8
Khung Tủ
 62
150
370
13
100
AcDbLine
 10
-14.72327718016457
 20
38.030192662074
 30
0.0
 11
-13.49570122139992
 21
37.78601262193104
 31
0.0
  0
LINE
  5
5CA
330
DA
100
AcDbEntity
  8
Khung Tủ
 62
150
370
13
100
AcDbLine
 10
-14.88329585950121
 20
37.06097381479037
 30
0.0
 11
-13.64237809629411
 21
36.89760389200808
 31
0.0
  0
LINE
  5
5CB
330
DA
100
AcDbEntity
  8
Khung Tủ
 62
150
370
13
100
AcDbLine
 10
-14.97958198102422
 20
36.08336441712152
 30
0.0
 11
-13.73063621384789
 21
36.0015041867008
 31
0.0
  0
LINE
  5
5CC
330
DA
100
AcDbEntity
  8
Khung Tủ
 62
150
370
13
100
AcDbLine
 10
-13.46360537089639
 20
41.74106614907202
 30
0.0
 11
-12.34105649346018
 21
41.18748630465404
 31
0.0
  0
LINE
  5
5CD
330
DA
100
AcDbEntity
  8
Khung Tủ
 62
150
370
13
100
AcDbLine
 10
-13.86902384244602
 20
40.84628851494914
 30
0.0
 11
-12.71267257421276
 21
40.36731213679002
 31
0.0
  0
LINE
  5
5CE
330
DA
100
AcDbEntity
  8
Khung Tủ
 62
150
370
13
100
AcDbLine
 10
-14.21505302464355
 20
39.92691103175446
 30
0.0
 11
-13.02985103923127
 21
39.52458917022148
 31
0.0
  0
LINE
  5
5CF
330
DA
100
AcDbEntity
  8
Khung Tủ
 62
150
370
13
100
AcDbLine
 10
1.42e-14
 20
21.34145310345036
 30
0.0
 11
1.42e-14
 21
20.08982750987332
 31
0.0
  0
LINE
  5
5D0
330
DA
100
AcDbEntity
  8
Khung Tủ
 62
150
370
13
100
AcDbLine
 10
3.561375331424656
 20
21.81031706072088
 30
0.0
 11
3.88531987241005
 21
20.601339575005
 31
0.0
  0
LINE
  5
5D1
330
DA
100
AcDbEntity
  8
Khung Tủ
 62
150
370
13
100
AcDbLine
 10
6.880048819526578
 20
23.18495662852354
 30
0.0
 11
7.505861616402413
 21
22.10101706847479
 31
0.0
  0
LINE
  5
5D2
330
DA
100
AcDbEntity
  8
Khung Tủ
 62
150
370
13
100
AcDbLine
 10
-6.880048819584757
 20
23.18495662852354
 30
0.0
 11
-7.505861616402384
 21
22.10101706847479
 31
0.0
  0
LINE
  5
5D3
330
DA
100
AcDbEntity
  8
Khung Tủ
 62
150
370
13
100
AcDbLine
 10
-3.561375331541043
 20
21.81031706072088
 30
0.0
 11
-3.885319872526437
 21
20.601339575005
 31
0.0
  0
LINE
  5
5D4
330
DA
100
AcDbEntity
  8
Khung Tủ
 62
150
370
13
100
AcDbLine
 10
-10.61489129514665
 20
24.48665944747324
 30
0.0
 11
-9.729858350416166
 21
25.37169239214552
 31
0.0
  0
LINE
  5
5D5
330
DA
100
AcDbEntity
  8
Khung Tủ
 62
150
370
13
100
AcDbLine
 10
-13.00053367420331
 20
27.59568912621751
 30
0.0
 11
-11.91659411403815
 21
28.22150192303514
 31
0.0
  0
LINE
  5
5D6
330
DA
100
AcDbEntity
  8
Khung Tủ
 62
150
370
13
100
AcDbLine
 10
-15.01172323274657
 20
35.10155074261991
 30
0.0
 11
-13.76009763911132
 21
35.10155074261991
 31
0.0
  0
LINE
  5
5D7
330
DA
100
AcDbEntity
  8
Khung Tủ
 62
150
370
13
100
AcDbLine
 10
-14.50021116761489
 20
38.98687061502995
 30
0.0
 11
-13.29123368189901
 21
38.66292607410276
 31
0.0
  0
LINE
  5
5D8
330
DA
100
AcDbEntity
  8
Khung Tủ
 62
150
370
13
100
AcDbLine
 10
-14.50021116761489
 20
31.21623087015166
 30
0.0
 11
-13.29123368189901
 21
31.54017541107885
 31
0.0
  0
LINE
  5
5D9
330
DA
100
AcDbEntity
  8
Khung Tủ
 62
150
370
13
100
AcDbLine
 10
14.21505302452715
 20
39.92691103175446
 30
0.0
 11
13.02985103923129
 21
39.52458917022148
 31
0.0
  0
LINE
  5
5DA
330
DA
100
AcDbEntity
  8
Khung Tủ
 62
150
370
13
100
AcDbLine
 10
13.86902384238783
 20
40.84628851494914
 30
0.0
 11
12.71267257415457
 21
40.36731213679002
 31
0.0
  0
LINE
  5
5DB
330
DA
100
AcDbEntity
  8
Khung Tủ
 62
150
370
13
100
AcDbLine
 10
13.46360537083819
 20
41.74106614907202
 30
0.0
 11
12.3410564933438
 21
41.18748630465404
 31
0.0
  0
LINE
  5
5DC
330
DA
100
AcDbEntity
  8
Khung Tủ
 62
150
370
13
100
AcDbLine
 10
14.97958198090782
 20
36.08336441712152
 30
0.0
 11
13.73063621373148
 21
36.0015041867008
 31
0.0
  0
LINE
  5
5DD
330
DA
100
AcDbEntity
  8
Khung Tủ
 62
150
370
13
100
AcDbLine
 10
14.88329585932661
 20
37.06097381479037
 30
0.0
 11
13.64237809623591
 21
36.89760389200808
 31
0.0
  0
LINE
  5
5DE
330
DA
100
AcDbEntity
  8
Khung Tủ
 62
150
370
13
100
AcDbLine
 10
14.72327718010638
 20
38.030192662074
 30
0.0
 11
13.49570122134173
 21
37.78601262193104
 31
0.0
  0
LINE
  5
5DF
330
DA
100
AcDbEntity
  8
Khung Tủ
 62
150
370
13
100
AcDbLine
 10
14.72327718010638
 20
32.1729088230494
 30
0.0
 11
13.49570122134173
 21
32.41708886319236
 31
0.0
  0
LINE
  5
5E0
330
DA
100
AcDbEntity
  8
Khung Tủ
 62
150
370
13
100
AcDbLine
 10
14.88329585932661
 20
33.14212767033303
 30
0.0
 11
13.64237809623591
 21
33.30549759311532
 31
0.0
  0
LINE
  5
5E1
330
DA
100
AcDbEntity
  8
Khung Tủ
 62
150
370
13
100
AcDbLine
 10
14.97958198090782
 20
34.11973706800188
 30
0.0
 11
13.73063621373148
 21
34.20159729848081
 31
0.0
  0
LINE
  5
5E2
330
DA
100
AcDbEntity
  8
Khung Tủ
 62
150
370
13
100
AcDbLine
 10
13.46360537083819
 20
28.46203533605137
 30
0.0
 11
12.3410564933438
 21
29.01561518046936
 31
0.0
  0
LINE
  5
5E3
330
DA
100
AcDbEntity
  8
Khung Tủ
 62
150
370
13
100
AcDbLine
 10
13.86902384238783
 20
29.35681297011604
 30
0.0
 11
12.71267257415457
 21
29.83578934839158
 31
0.0
  0
LINE
  5
5E4
330
DA
100
AcDbEntity
  8
Khung Tủ
 62
150
370
13
100
AcDbLine
 10
14.21505302452715
 20
30.27619045336894
 30
0.0
 11
13.02985103923129
 21
30.67851231496013
 31
0.0
  0
LINE
  5
5E5
330
DA
100
AcDbEntity
  8
Khung Tủ
 62
150
370
13
100
AcDbLine
 10
11.90960077015917
 20
25.96299265550613
 30
0.0
 11
10.9166194247082
 21
26.72493404043769
 31
0.0
  0
LINE
  5
5E6
330
DA
100
AcDbEntity
  8
Khung Tủ
 62
150
370
13
100
AcDbLine
 10
12.48179169627838
 20
26.761484168106
 30
0.0
 11
11.4411030492629
 21
27.45685009080614
 31
0.0
  0
LINE
  5
5E7
330
DA
100
AcDbEntity
  8
Khung Tủ
 62
150
370
13
100
AcDbLine
 10
11.91659411403817
 20
28.22150192297693
 30
0.0
 11
13.00053367408691
 21
27.59568912621751
 31
0.0
  0
LINE
  5
5E8
330
DA
100
AcDbEntity
  8
Khung Tủ
 62
150
370
13
100
AcDbLine
 10
13.29123368189903
 20
31.54017541113706
 30
0.0
 11
14.50021116749849
 21
31.21623087015166
 31
0.0
  0
LINE
  5
5E9
330
DA
100
AcDbEntity
  8
Khung Tủ
 62
150
370
13
100
AcDbLine
 10
13.76009763911133
 20
35.10155074261991
 30
0.0
 11
15.01172323263017
 21
35.10155074261991
 31
0.0
  0
LINE
  5
5EA
330
DA
100
AcDbEntity
  8
Khung Tủ
 62
150
370
13
100
AcDbLine
 10
13.29123368189903
 20
38.66292607410276
 30
0.0
 11
14.50021116749849
 21
38.98687061502995
 31
0.0
  0
LINE
  5
5EB
330
DA
100
AcDbEntity
  8
Khung Tủ
 62
150
370
13
100
AcDbLine
 10
11.28641110518948
 20
44.99946763347532
 30
0.0
 11
10.34538915980376
 21
44.17421353624365
 31
0.0
  0
LINE
  5
5EC
330
DA
100
AcDbEntity
  8
Khung Tủ
 62
150
370
13
100
AcDbLine
 10
9.729858350357986
 20
44.83140909303608
 30
0.0
 11
10.61489129508847
 21
45.71644203770836
 31
0.0
  0
LINE
  5
5ED
330
DA
100
AcDbEntity
  8
Khung Tủ
 62
150
370
13
100
AcDbLine
 10
-0.9818136745598025
 20
50.08113272352773
 30
0.0
 11
-0.899953444197294
 21
48.8321869564096
 31
0.0
  0
LINE
  5
5EE
330
DA
100
AcDbEntity
  8
Khung Tủ
 62
150
370
13
100
AcDbLine
 10
-1.959423072286867
 20
49.98484660200472
 30
0.0
 11
-1.796053149446365
 21
48.74392883891403
 31
0.0
  0
LINE
  5
5EF
330
DA
100
AcDbEntity
  8
Khung Tủ
 62
150
370
13
100
AcDbLine
 10
-2.928641919454079
 20
49.82482792266807
 30
0.0
 11
-2.68446187942753
 21
48.59725196396164
 31
0.0
  0
LINE
  5
5F0
330
DA
100
AcDbEntity
  8
Khung Tủ
 62
150
370
13
100
AcDbLine
 10
2.9286419193959
 20
49.82482792266807
 30
0.0
 11
2.684461879311143
 21
48.59725196396164
 31
0.0
  0
LINE
  5
5F1
330
DA
100
AcDbEntity
  8
Khung Tủ
 62
150
370
13
100
AcDbLine
 10
1.959423072112272
 20
49.98484660200472
 30
0.0
 11
1.796053149388185
 21
48.74392883891403
 31
0.0
  0
LINE
  5
5F2
330
DA
100
AcDbEntity
  8
Khung Tủ
 62
150
370
13
100
AcDbLine
 10
0.9818136744434156
 20
50.08113272352773
 30
0.0
 11
0.899953444080907
 21
48.8321869564096
 31
0.0
  0
LINE
  5
5F3
330
DA
100
AcDbEntity
  8
Khung Tủ
 62
150
370
13
100
AcDbLine
 10
6.639515406510341
 20
48.5651561133999
 30
0.0
 11
6.085935562034151
 21
47.44260723590548
 31
0.0
  0
LINE
  5
5F4
330
DA
100
AcDbEntity
  8
Khung Tủ
 62
150
370
13
100
AcDbLine
 10
5.744737772387466
 20
48.97057458494953
 30
0.0
 11
5.265761394170127
 21
47.81422331665805
 31
0.0
  0
LINE
  5
5F5
330
DA
100
AcDbEntity
  8
Khung Tủ
 62
150
370
13
100
AcDbLine
 10
4.825360289076357
 20
49.31660376726347
 30
0.0
 11
4.42303842765979
 21
48.13140178185119
 31
0.0
  0
LINE
  5
5F6
330
DA
100
AcDbEntity
  8
Khung Tủ
 62
150
370
13
100
AcDbLine
 10
9.897916890855427
 20
46.38796184780938
 30
0.0
 11
9.072662793623763
 21
45.44693990242365
 31
0.0
  0
LINE
  5
5F7
330
DA
100
AcDbEntity
  8
Khung Tủ
 62
150
370
13
100
AcDbLine
 10
9.138558086997376
 20
47.01115151277906
 30
0.0
 11
8.37661670200761
 21
46.01817016726989
 31
0.0
  0
LINE
  5
5F8
330
DA
100
AcDbEntity
  8
Khung Tủ
 62
150
370
13
100
AcDbLine
 10
8.340066574397511
 20
47.58334243889828
 30
0.0
 11
7.644700651697363
 21
46.54265379176638
 31
0.0
  0
LINE
  5
5F9
330
DA
100
AcDbEntity
  8
Khung Tủ
 62
150
370
13
100
AcDbLine
 10
-11.28641110524766
 20
44.99946763347532
 30
0.0
 11
-10.34538915992014
 21
44.17421353624365
 31
0.0
  0
LINE
  5
5FA
330
DA
100
AcDbEntity
  8
Khung Tủ
 62
150
370
13
100
AcDbLine
 10
-11.90960077021735
 20
44.24010882961726
 30
0.0
 11
-10.91661942482459
 21
43.47816744468571
 31
0.0
  0
LINE
  5
5FB
330
DA
100
AcDbEntity
  8
Khung Tủ
 62
150
370
13
100
AcDbLine
 10
-12.48179169633657
 20
43.4416173170174
 30
0.0
 11
-11.44110304932108
 21
42.74625139431726
 31
0.0
  0
LINE
  5
5FC
330
DA
100
AcDbEntity
  8
Khung Tủ
 62
150
370
13
100
AcDbLine
 10
-8.34006657445569
 20
47.58334243889828
 30
0.0
 11
-7.644700651755542
 21
46.54265379176638
 31
0.0
  0
LINE
  5
5FD
330
DA
100
AcDbEntity
  8
Khung Tủ
 62
150
370
13
100
AcDbLine
 10
-9.138558087055557
 20
47.01115151277906
 30
0.0
 11
-8.376616702123997
 21
46.01817016726989
 31
0.0
  0
LINE
  5
5FE
330
DA
100
AcDbEntity
  8
Khung Tủ
 62
150
370
13
100
AcDbLine
 10
-9.897916890913606
 20
46.38796184780938
 30
0.0
 11
-9.072662793798356
 21
45.44693990242365
 31
0.0
  0
LINE
  5
5FF
330
DA
100
AcDbEntity
  8
Khung Tủ
 62
150
370
13
100
AcDbLine
 10
-7.505861616402384
 20
48.10208441664861
 30
0.0
 11
-6.880048819642965
 21
47.01814485654165
 31
0.0
  0
LINE
  5
600
330
DA
100
AcDbEntity
  8
Khung Tủ
 62
150
370
13
100
AcDbLine
 10
-6.63951540656852
 20
48.5651561133999
 30
0.0
 11
-6.085935562150538
 21
47.44260723590548
 31
0.0
  0
LINE
  5
601
330
DA
100
AcDbEntity
  8
Khung Tủ
 62
150
370
13
100
AcDbLine
 10
-5.744737772445645
 20
48.97057458494953
 30
0.0
 11
-5.265761394228306
 21
47.81422331665805
 31
0.0
  0
LINE
  5
602
330
DA
100
AcDbEntity
  8
Khung Tủ
 62
150
370
13
100
AcDbLine
 10
-4.825360289192744
 20
49.31660376726347
 30
0.0
 11
-4.423038427717969
 21
48.13140178185119
 31
0.0
  0
LINE
  5
603
330
DA
100
AcDbEntity
  8
Khung Tủ
 62
150
370
13
100
AcDbLine
 10
1.42e-14
 20
50.11327397530829
 30
0.0
 11
1.42e-14
 21
48.86164838167303
 31
0.0
  0
LINE
  5
604
330
DA
100
AcDbEntity
  8
Khung Tủ
 62
150
370
13
100
AcDbLine
 10
3.88531987241005
 20
49.60176191011839
 30
0.0
 11
3.561375331424656
 21
48.39278442446072
 31
0.0
  0
LINE
  5
605
330
DA
100
AcDbEntity
  8
Khung Tủ
 62
150
370
13
100
AcDbLine
 10
7.505861616402413
 20
48.10208441664861
 30
0.0
 11
6.880048819526578
 21
47.01814485659986
 31
0.0
  0
LINE
  5
606
330
DA
100
AcDbEntity
  8
Khung Tủ
 62
150
370
13
100
AcDbLine
 10
-7.505861616402384
 20
48.10208441664861
 30
0.0
 11
-6.880048819642965
 21
47.01814485654165
 31
0.0
  0
LINE
  5
607
330
DA
100
AcDbEntity
  8
Khung Tủ
 62
150
370
13
100
AcDbLine
 10
-10.61489129514665
 20
45.71644203770836
 30
0.0
 11
-9.729858350416166
 21
44.83140909303608
 31
0.0
  0
LINE
  5
608
330
DA
100
AcDbEntity
  8
Khung Tủ
 62
150
370
13
100
AcDbLine
 10
-3.885319872526437
 20
49.60176191011839
 30
0.0
 11
-3.561375331541043
 21
48.39278442446072
 31
0.0
  0
LINE
  5
609
330
DA
100
AcDbEntity
  8
Khung Tủ
 62
150
370
13
100
AcDbLine
 10
12.48179169627838
 20
43.4416173170174
 30
0.0
 11
11.4411030492629
 21
42.74625139431726
 31
0.0
  0
LINE
  5
60A
330
DA
100
AcDbEntity
  8
Khung Tủ
 62
150
370
13
100
AcDbLine
 10
11.90960077015917
 20
44.24010882961726
 30
0.0
 11
10.9166194247082
 21
43.47816744468571
 31
0.0
  0
CIRCLE
  5
60B
330
DA
100
AcDbEntity
  8
busbar support
 62
150
370
13
 48
0.6
100
AcDbCircle
 10
1.42e-14
 20
35.10155074261991
 30
0.0
 40
13.76009763911683
  0
CIRCLE
  5
60C
330
DA
100
AcDbEntity
  8
busbar support
370
13
 48
0.6
100
AcDbCircle
 10
3.523055593977929
 20
-5.303074060371837
 30
0.0
 40
1.471071629375571
  0
TEXT
  5
60D
330
DA
100
AcDbEntity
  8
TEXT
  6
Continuous
370
13
100
AcDbText
 10
-3.937490900695704
 20
-5.666658110494719
 30
0.0
 40
1.404927999999999
  1
POWER
 41
0.7
 72
1
 11
-1.478866900695706
 21
-5.666658110494719
 31
0.0
100
AcDbText
  0
LINE
  5
60E
330
DA
100
AcDbEntity
  8
0
 62
2
100
AcDbLine
 10
-15.63565891471806
 20
-33.46054378883139
 30
0.0
 11
-6.364341085296459
 21
-33.46054378883139
 31
0.0
  0
LINE
  5
60F
330
DA
100
AcDbEntity
  8
0
 62
2
100
AcDbLine
 10
-6.364341085296459
 20
-21.96054378884594
 30
0.0
 11
-15.63565891471806
 21
-21.96054378884594
 31
0.0
  0
LINE
  5
610
330
DA
100
AcDbEntity
  8
0
 62
2
100
AcDbLine
 10
-16.74999999999998
 20
-23.07488487411331
 30
0.0
 11
-16.74999999999998
 21
-32.34620270355674
 31
0.0
  0
ARC
  5
611
330
DA
100
AcDbEntity
  8
0
 62
2
100
AcDbCircle
 10
-15.63565891471806
 20
-32.34620270355674
 30
0.0
 40
1.114341085269756
100
AcDbArc
 50
180.0
 51
270.0
  0
LINE
  5
612
330
DA
100
AcDbEntity
  8
0
 62
2
100
AcDbLine
 10
-10.19767441862494
 20
-33.46054378883139
 30
0.0
 11
-10.19767441862494
 21
-31.27594969834183
 31
0.0
  0
LINE
  5
613
330
DA
100
AcDbEntity
  8
0
 62
2
100
AcDbLine
 10
-11.80232558140413
 20
-33.46054378883139
 30
0.0
 11
-11.80232558140413
 21
-31.27594969834183
 31
0.0
  0
ARC
  5
614
330
DA
100
AcDbEntity
  8
0
 62
2
100
AcDbCircle
 10
-15.63565891471806
 20
-23.07488487411331
 30
0.0
 40
1.114341085269756
100
AcDbArc
 50
90.0
 51
180.0
  0
LINE
  5
615
330
DA
100
AcDbEntity
  8
0
 62
2
100
AcDbLine
 10
-16.74999999999998
 20
-28.51286937023553
 30
0.0
 11
-14.56540590951043
 21
-28.51286937023553
 31
0.0
  0
LINE
  5
616
330
DA
100
AcDbEntity
  8
0
 62
2
100
AcDbLine
 10
-16.74999999999998
 20
-26.90821820744179
 30
0.0
 11
-14.56540590951043
 21
-26.90821820744179
 31
0.0
  0
LINE
  5
617
330
DA
100
AcDbEntity
  8
0
 62
2
100
AcDbLine
 10
-10.19767441862494
 20
-21.96054378884594
 30
0.0
 11
-10.19767441862494
 21
-24.14513787933549
 31
0.0
  0
LINE
  5
618
330
DA
100
AcDbEntity
  8
0
 62
2
100
AcDbLine
 10
-11.80232558140413
 20
-21.96054378884594
 30
0.0
 11
-11.80232558140413
 21
-24.14513787933549
 31
0.0
  0
LINE
  5
619
330
DA
100
AcDbEntity
  8
0
 62
2
100
AcDbLine
 10
-5.249999999999985
 20
-32.34620270355674
 30
0.0
 11
-5.249999999999985
 21
-23.07488487411331
 31
0.0
  0
ARC
  5
61A
330
DA
100
AcDbEntity
  8
0
 62
2
100
AcDbCircle
 10
-6.364341085296459
 20
-32.34620270355674
 30
0.0
 40
1.114341085269756
100
AcDbArc
 50
270.0
 51
0.0
  0
ARC
  5
61B
330
DA
100
AcDbEntity
  8
0
 62
2
100
AcDbCircle
 10
-6.364341085296459
 20
-23.07488487411331
 30
0.0
 40
1.114341085269756
100
AcDbArc
 50
0.0
 51
90.0
  0
LINE
  5
61C
330
DA
100
AcDbEntity
  8
0
 62
2
100
AcDbLine
 10
-5.249999999999985
 20
-26.90821820744179
 30
0.0
 11
-7.434594090504091
 21
-26.90821820744179
 31
0.0
  0
LINE
  5
61D
330
DA
100
AcDbEntity
  8
0
 62
2
100
AcDbLine
 10
-5.249999999999985
 20
-28.51286937023553
 30
0.0
 11
-7.434594090504091
 21
-28.51286937023553
 31
0.0
  0
CIRCLE
  5
61E
330
DA
100
AcDbEntity
  8
0
 48
5.0
100
AcDbCircle
 10
-10.99999999999998
 20
-27.71054378883866
 30
0.0
 40
3.654565040894124
  0
LINE
  5
61F
330
DA
100
AcDbEntity
  8
0
 48
5.0
100
AcDbLine
 10
-12.48589643462036
 20
-29.84248215155105
 30
0.0
 11
-10.99999999999998
 21
-28.87341925940575
 31
0.0
  0
LINE
  5
620
330
DA
100
AcDbEntity
  8
0
 48
5.0
100
AcDbLine
 10
-9.837124529440175
 20
-27.71054378884594
 30
0.0
 11
-8.8680616373167
 21
-26.22464735422556
 31
0.0
  0
LINE
  5
621
330
DA
100
AcDbEntity
  8
0
 48
5.0
100
AcDbLine
 10
-10.99999999999998
 20
-26.54766831827885
 30
0.0
 11
-9.514103565394166
 21
-25.57860542613355
 31
0.0
  0
LINE
  5
622
330
DA
100
AcDbEntity
  8
0
 48
5.0
100
AcDbLine
 10
-12.16287547057435
 20
-27.71054378883866
 30
0.0
 11
-13.13193836271237
 21
-29.19644022345176
 31
0.0
  0
LINE
  5
623
330
DA
100
AcDbEntity
  8
0
 48
5.0
100
AcDbLine
 10
-13.13193836271237
 20
-29.19644022345176
 30
0.0
 11
-12.48589643462036
 21
-29.84248215155105
 31
0.0
  0
LINE
  5
624
330
DA
100
AcDbEntity
  8
0
 48
5.0
100
AcDbLine
 10
-9.837124529440175
 20
-27.71054378884594
 30
0.0
 11
-8.8680616373167
 21
-26.22464735422556
 31
0.0
  0
LINE
  5
625
330
DA
100
AcDbEntity
  8
0
 48
5.0
100
AcDbLine
 10
-8.8680616373167
 20
-26.22464735422556
 30
0.0
 11
-9.514103565394166
 21
-25.57860542613355
 31
0.0
  0
LINE
  5
626
330
DA
100
AcDbEntity
  8
0
 48
5.0
100
AcDbLine
 10
-12.16287547057435
 20
-27.71054378883866
 30
0.0
 11
-14.09934420279749
 21
-25.77407505663007
 31
0.0
  0
LINE
  5
627
330
DA
100
AcDbEntity
  8
0
 48
5.0
100
AcDbLine
 10
-10.99999999999998
 20
-26.54766831827885
 30
0.0
 11
-12.93646873223768
 21
-24.61119958606298
 31
0.0
  0
LINE
  5
628
330
DA
100
AcDbEntity
  8
0
 48
5.0
100
AcDbLine
 10
-12.93753118510357
 20
-24.61186365935293
 30
0.0
 11
-10.99999999999998
 21
-26.54766831827885
 31
0.0
  0
LINE
  5
629
330
DA
100
AcDbEntity
  8
0
 48
5.0
100
AcDbLine
 10
-9.837124529440175
 20
-27.71054378884594
 30
0.0
 11
-7.905445599753861
 21
-29.65465764918929
 31
0.0
  0
LINE
  5
62A
330
DA
100
AcDbEntity
  8
0
 48
5.0
100
AcDbLine
 10
-12.16287547057435
 20
-27.71054378883866
 30
0.0
 11
-12.16287547057435
 21
-27.71054378883866
 31
0.0
  0
LINE
  5
62B
330
DA
100
AcDbEntity
  8
0
 48
5.0
100
AcDbLine
 10
-10.99999999999998
 20
-28.87341925940575
 30
0.0
 11
-9.06353126779139
 21
-30.80988799162162
 31
0.0
  0
LINE
  5
62C
330
DA
100
AcDbEntity
  8
0
 62
2
100
AcDbLine
 10
-28.63565891471806
 20
-33.46054378883139
 30
0.0
 11
-19.36434108529646
 21
-33.46054378883139
 31
0.0
  0
LINE
  5
62D
330
DA
100
AcDbEntity
  8
0
 62
2
100
AcDbLine
 10
-19.36434108529646
 20
-21.96054378884594
 30
0.0
 11
-28.63565891471806
 21
-21.96054378884594
 31
0.0
  0
LINE
  5
62E
330
DA
100
AcDbEntity
  8
0
 62
2
100
AcDbLine
 10
-18.24999999999998
 20
-32.34620270355674
 30
0.0
 11
-18.24999999999998
 21
-23.07488487411331
 31
0.0
  0
ARC
  5
62F
330
DA
100
AcDbEntity
  8
0
 62
2
100
AcDbCircle
 10
-19.36434108529646
 20
-32.34620270355674
 30
0.0
 40
1.114341085269756
100
AcDbArc
 50
270.0
 51
0.0
  0
ARC
  5
630
330
DA
100
AcDbEntity
  8
0
 62
2
100
AcDbCircle
 10
-19.36434108529646
 20
-23.07488487411331
 30
0.0
 40
1.114341085269756
100
AcDbArc
 50
0.0
 51
90.0
  0
LINE
  5
631
330
DA
100
AcDbEntity
  8
0
 62
2
100
AcDbLine
 10
-18.24999999999998
 20
-26.90821820744179
 30
0.0
 11
-20.43459409050409
 21
-26.90821820744179
 31
0.0
  0
LINE
  5
632
330
DA
100
AcDbEntity
  8
0
 62
2
100
AcDbLine
 10
-18.24999999999998
 20
-28.51286937023553
 30
0.0
 11
-20.43459409050409
 21
-28.51286937023553
 31
0.0
  0
CIRCLE
  5
633
330
DA
100
AcDbEntity
  8
0
 48
5.0
100
AcDbCircle
 10
-23.99999999999999
 20
-27.71054378883866
 30
0.0
 40
3.654565040894124
  0
LINE
  5
634
330
DA
100
AcDbEntity
  8
0
 48
5.0
100
AcDbLine
 10
-22.83712452944017
 20
-27.71054378884594
 30
0.0
 11
-21.8680616373167
 21
-26.22464735422556
 31
0.0
  0
LINE
  5
635
330
DA
100
AcDbEntity
  8
0
 48
5.0
100
AcDbLine
 10
-23.99999999999999
 20
-26.54766831827885
 30
0.0
 11
-22.51410356539417
 21
-25.57860542613355
 31
0.0
  0
LINE
  5
636
330
DA
100
AcDbEntity
  8
0
 48
5.0
100
AcDbLine
 10
-22.83712452944017
 20
-27.71054378884594
 30
0.0
 11
-21.8680616373167
 21
-26.22464735422556
 31
0.0
  0
LINE
  5
637
330
DA
100
AcDbEntity
  8
0
 48
5.0
100
AcDbLine
 10
-21.8680616373167
 20
-26.22464735422556
 30
0.0
 11
-22.51410356539417
 21
-25.57860542613355
 31
0.0
  0
LINE
  5
638
330
DA
100
AcDbEntity
  8
0
 48
5.0
100
AcDbLine
 10
-22.83712452944017
 20
-27.71054378884594
 30
0.0
 11
-20.90544559975386
 21
-29.65465764918929
 31
0.0
  0
LINE
  5
639
330
DA
100
AcDbEntity
  8
0
 48
5.0
100
AcDbLine
 10
-23.99999999999999
 20
-28.87341925940575
 30
0.0
 11
-22.06353126779139
 21
-30.80988799162162
 31
0.0
  0
LWPOLYLINE
  5
63A
330
DA
100
AcDbEntity
  8
0
100
AcDbPolyline
 90
4
 70
1
 10
-30.24999999999999
 20
-21.96054378884594
 10
30.25
 20
-21.96054378884594
 10
30.25
 20
-37.71054378883866
 10
-30.24999999999999
 20
-37.71054378883866
  0
LWPOLYLINE
  5
63B
330
DA
100
AcDbEntity
  8
0
100
AcDbPolyline
 90
4
 70
1
 10
-16.99999985068278
 20
-37.71054379393911
 10
-17.99999985068278
 20
-37.71054379393911
 10
-17.99999985068278
 20
-21.96054379394638
 10
-16.99999985068278
 20
-21.96054379394638
  0
LINE
  5
63C
330
DA
100
AcDbEntity
  8
0
 62
2
100
AcDbLine
 10
15.63565891471808
 20
-33.46054378883139
 30
0.0
 11
6.364341085296487
 21
-33.46054378883139
 31
0.0
  0
LINE
  5
63D
330
DA
100
AcDbEntity
  8
0
 62
2
100
AcDbLine
 10
6.364341085296487
 20
-21.96054378884594
 30
0.0
 11
15.63565891471808
 21
-21.96054378884594
 31
0.0
  0
LINE
  5
63E
330
DA
100
AcDbEntity
  8
0
 62
2
100
AcDbLine
 10
16.75
 20
-23.07488487411331
 30
0.0
 11
16.75
 21
-32.34620270355674
 31
0.0
  0
ARC
  5
63F
330
DA
100
AcDbEntity
  8
0
 62
2
100
AcDbCircle
 10
15.63565891471808
 20
-32.34620270355674
 30
0.0
 40
1.114341085269756
100
AcDbArc
 50
270.0
 51
0.0
  0
LINE
  5
640
330
DA
100
AcDbEntity
  8
0
 62
2
100
AcDbLine
 10
10.19767441862497
 20
-33.46054378883139
 30
0.0
 11
10.19767441862497
 21
-31.27594969834183
 31
0.0
  0
LINE
  5
641
330
DA
100
AcDbEntity
  8
0
 62
2
100
AcDbLine
 10
11.80232558140416
 20
-33.46054378883139
 30
0.0
 11
11.80232558140416
 21
-31.27594969834183
 31
0.0
  0
ARC
  5
642
330
DA
100
AcDbEntity
  8
0
 62
2
100
AcDbCircle
 10
15.63565891471808
 20
-23.07488487411331
 30
0.0
 40
1.114341085269756
100
AcDbArc
 50
0.0
 51
90.0
  0
LINE
  5
643
330
DA
100
AcDbEntity
  8
0
 62
2
100
AcDbLine
 10
16.75
 20
-28.51286937023553
 30
0.0
 11
14.56540590951044
 21
-28.51286937023553
 31
0.0
  0
LINE
  5
644
330
DA
100
AcDbEntity
  8
0
 62
2
100
AcDbLine
 10
16.75
 20
-26.90821820744179
 30
0.0
 11
14.56540590951044
 21
-26.90821820744179
 31
0.0
  0
LINE
  5
645
330
DA
100
AcDbEntity
  8
0
 62
2
100
AcDbLine
 10
10.19767441862497
 20
-21.96054378884594
 30
0.0
 11
10.19767441862497
 21
-24.14513787933549
 31
0.0
  0
LINE
  5
646
330
DA
100
AcDbEntity
  8
0
 62
2
100
AcDbLine
 10
11.80232558140416
 20
-21.96054378884594
 30
0.0
 11
11.80232558140416
 21
-24.14513787933549
 31
0.0
  0
LINE
  5
647
330
DA
100
AcDbEntity
  8
0
 62
2
100
AcDbLine
 10
5.250000000000014
 20
-32.34620270355674
 30
0.0
 11
5.250000000000014
 21
-23.07488487411331
 31
0.0
  0
ARC
  5
648
330
DA
100
AcDbEntity
  8
0
 62
2
100
AcDbCircle
 10
6.364341085296487
 20
-32.34620270355674
 30
0.0
 40
1.114341085269756
100
AcDbArc
 50
180.0
 51
270.0
  0
ARC
  5
649
330
DA
100
AcDbEntity
  8
0
 62
2
100
AcDbCircle
 10
6.364341085296487
 20
-23.07488487411331
 30
0.0
 40
1.114341085269756
100
AcDbArc
 50
90.0
 51
180.0
  0
LINE
  5
64A
330
DA
100
AcDbEntity
  8
0
 62
2
100
AcDbLine
 10
5.250000000000014
 20
-26.90821820744179
 30
0.0
 11
7.43459409050412
 21
-26.90821820744179
 31
0.0
  0
LINE
  5
64B
330
DA
100
AcDbEntity
  8
0
 62
2
100
AcDbLine
 10
5.250000000000014
 20
-28.51286937023553
 30
0.0
 11
7.43459409050412
 21
-28.51286937023553
 31
0.0
  0
CIRCLE
  5
64C
330
DA
100
AcDbEntity
  8
0
 48
5.0
100
AcDbCircle
 10
11.00000000000001
 20
-27.71054378883866
 30
0.0
 40
3.654565040894124
  0
LINE
  5
64D
330
DA
100
AcDbEntity
  8
0
 48
5.0
100
AcDbLine
 10
12.48589643462037
 20
-29.84248215155105
 30
0.0
 11
11.00000000000001
 21
-28.87341925940575
 31
0.0
  0
LINE
  5
64E
330
DA
100
AcDbEntity
  8
0
 48
5.0
100
AcDbLine
 10
9.837124529440201
 20
-27.71054378884594
 30
0.0
 11
8.868061637316728
 21
-26.22464735422556
 31
0.0
  0
LINE
  5
64F
330
DA
100
AcDbEntity
  8
0
 48
5.0
100
AcDbLine
 10
11.00000000000001
 20
-26.54766831827885
 30
0.0
 11
9.514103565394194
 21
-25.57860542613355
 31
0.0
  0
LINE
  5
650
330
DA
100
AcDbEntity
  8
0
 48
5.0
100
AcDbLine
 10
12.16287547057438
 20
-27.71054378883866
 30
0.0
 11
13.13193836271239
 21
-29.19644022345176
 31
0.0
  0
LINE
  5
651
330
DA
100
AcDbEntity
  8
0
 48
5.0
100
AcDbLine
 10
13.13193836271239
 20
-29.19644022345176
 30
0.0
 11
12.48589643462037
 21
-29.84248215155105
 31
0.0
  0
LINE
  5
652
330
DA
100
AcDbEntity
  8
0
 48
5.0
100
AcDbLine
 10
9.837124529440201
 20
-27.71054378884594
 30
0.0
 11
8.868061637316728
 21
-26.22464735422556
 31
0.0
  0
LINE
  5
653
330
DA
100
AcDbEntity
  8
0
 48
5.0
100
AcDbLine
 10
8.868061637316728
 20
-26.22464735422556
 30
0.0
 11
9.514103565394194
 21
-25.57860542613355
 31
0.0
  0
LINE
  5
654
330
DA
100
AcDbEntity
  8
0
 48
5.0
100
AcDbLine
 10
12.16287547057438
 20
-27.71054378883866
 30
0.0
 11
14.09934420279751
 21
-25.77407505663007
 31
0.0
  0
LINE
  5
655
330
DA
100
AcDbEntity
  8
0
 48
5.0
100
AcDbLine
 10
11.00000000000001
 20
-26.54766831827885
 30
0.0
 11
12.9364687322377
 21
-24.61119958606298
 31
0.0
  0
LINE
  5
656
330
DA
100
AcDbEntity
  8
0
 48
5.0
100
AcDbLine
 10
12.93753118510358
 20
-24.61186365935293
 30
0.0
 11
11.00000000000001
 21
-26.54766831827885
 31
0.0
  0
LINE
  5
657
330
DA
100
AcDbEntity
  8
0
 48
5.0
100
AcDbLine
 10
9.837124529440201
 20
-27.71054378884594
 30
0.0
 11
7.905445599753889
 21
-29.65465764918929
 31
0.0
  0
LINE
  5
658
330
DA
100
AcDbEntity
  8
0
 48
5.0
100
AcDbLine
 10
12.16287547057438
 20
-27.71054378883866
 30
0.0
 11
12.16287547057438
 21
-27.71054378883866
 31
0.0
  0
LINE
  5
659
330
DA
100
AcDbEntity
  8
0
 48
5.0
100
AcDbLine
 10
11.00000000000001
 20
-28.87341925940575
 30
0.0
 11
9.063531267791419
 21
-30.80988799162162
 31
0.0
  0
LINE
  5
65A
330
DA
100
AcDbEntity
  8
0
 62
2
100
AcDbLine
 10
28.63565891471808
 20
-33.46054378883139
 30
0.0
 11
19.36434108529647
 21
-33.46054378883139
 31
0.0
  0
LINE
  5
65B
330
DA
100
AcDbEntity
  8
0
 62
2
100
AcDbLine
 10
19.36434108529647
 20
-21.96054378884594
 30
0.0
 11
28.63565891471808
 21
-21.96054378884594
 31
0.0
  0
LINE
  5
65C
330
DA
100
AcDbEntity
  8
0
 62
2
100
AcDbLine
 10
29.75
 20
-23.07488487411331
 30
0.0
 11
29.75
 21
-32.34620270355674
 31
0.0
  0
ARC
  5
65D
330
DA
100
AcDbEntity
  8
0
 62
2
100
AcDbCircle
 10
28.63565891471808
 20
-32.34620270355674
 30
0.0
 40
1.114341085269756
100
AcDbArc
 50
270.0
 51
0.0
  0
LINE
  5
65E
330
DA
100
AcDbEntity
  8
0
 62
2
100
AcDbLine
 10
23.19767441862496
 20
-33.46054378883139
 30
0.0
 11
23.19767441862496
 21
-31.27594969834183
 31
0.0
  0
LINE
  5
65F
330
DA
100
AcDbEntity
  8
0
 62
2
100
AcDbLine
 10
24.80232558140415
 20
-33.46054378883139
 30
0.0
 11
24.80232558140415
 21
-31.27594969834183
 31
0.0
  0
ARC
  5
660
330
DA
100
AcDbEntity
  8
0
 62
2
100
AcDbCircle
 10
28.63565891471808
 20
-23.07488487411331
 30
0.0
 40
1.114341085269756
100
AcDbArc
 50
0.0
 51
90.0
  0
LINE
  5
661
330
DA
100
AcDbEntity
  8
0
 62
2
100
AcDbLine
 10
29.75
 20
-28.51286937023553
 30
0.0
 11
27.56540590951045
 21
-28.51286937023553
 31
0.0
  0
LINE
  5
662
330
DA
100
AcDbEntity
  8
0
 62
2
100
AcDbLine
 10
29.75
 20
-26.90821820744179
 30
0.0
 11
27.56540590951045
 21
-26.90821820744179
 31
0.0
  0
LINE
  5
663
330
DA
100
AcDbEntity
  8
0
 62
2
100
AcDbLine
 10
23.19767441862496
 20
-21.96054378884594
 30
0.0
 11
23.19767441862496
 21
-24.14513787933549
 31
0.0
  0
LINE
  5
664
330
DA
100
AcDbEntity
  8
0
 62
2
100
AcDbLine
 10
24.80232558140415
 20
-21.96054378884594
 30
0.0
 11
24.80232558140415
 21
-24.14513787933549
 31
0.0
  0
LINE
  5
665
330
DA
100
AcDbEntity
  8
0
 62
2
100
AcDbLine
 10
18.25
 20
-32.34620270355674
 30
0.0
 11
18.25
 21
-23.07488487411331
 31
0.0
  0
ARC
  5
666
330
DA
100
AcDbEntity
  8
0
 62
2
100
AcDbCircle
 10
19.36434108529647
 20
-32.34620270355674
 30
0.0
 40
1.114341085269756
100
AcDbArc
 50
180.0
 51
270.0
  0
ARC
  5
667
330
DA
100
AcDbEntity
  8
0
 62
2
100
AcDbCircle
 10
19.36434108529647
 20
-23.07488487411331
 30
0.0
 40
1.114341085269756
100
AcDbArc
 50
90.0
 51
180.0
  0
LINE
  5
668
330
DA
100
AcDbEntity
  8
0
 62
2
100
AcDbLine
 10
18.25
 20
-26.90821820744179
 30
0.0
 11
20.43459409050411
 21
-26.90821820744179
 31
0.0
  0
LINE
  5
669
330
DA
100
AcDbEntity
  8
0
 62
2
100
AcDbLine
 10
18.25
 20
-28.51286937023553
 30
0.0
 11
20.43459409050411
 21
-28.51286937023553
 31
0.0
  0
CIRCLE
  5
66A
330
DA
100
AcDbEntity
  8
0
 48
5.0
100
AcDbCircle
 10
24.0
 20
-27.71054378883866
 30
0.0
 40
3.654565040894124
  0
LINE
  5
66B
330
DA
100
AcDbEntity
  8
0
 48
5.0
100
AcDbLine
 10
25.48589643462037
 20
-29.84248215155105
 30
0.0
 11
24.0
 21
-28.87341925940575
 31
0.0
  0
LINE
  5
66C
330
DA
100
AcDbEntity
  8
0
 48
5.0
100
AcDbLine
 10
22.83712452944019
 20
-27.71054378884594
 30
0.0
 11
21.86806163731672
 21
-26.22464735422556
 31
0.0
  0
LINE
  5
66D
330
DA
100
AcDbEntity
  8
0
 48
5.0
100
AcDbLine
 10
24.0
 20
-26.54766831827885
 30
0.0
 11
22.51410356539418
 21
-25.57860542613355
 31
0.0
  0
LINE
  5
66E
330
DA
100
AcDbEntity
  8
0
 48
5.0
100
AcDbLine
 10
25.16287547057436
 20
-27.71054378883866
 30
0.0
 11
26.13193836271239
 21
-29.19644022345176
 31
0.0
  0
LINE
  5
66F
330
DA
100
AcDbEntity
  8
0
 48
5.0
100
AcDbLine
 10
26.13193836271239
 20
-29.19644022345176
 30
0.0
 11
25.48589643462037
 21
-29.84248215155105
 31
0.0
  0
LINE
  5
670
330
DA
100
AcDbEntity
  8
0
 48
5.0
100
AcDbLine
 10
22.83712452944019
 20
-27.71054378884594
 30
0.0
 11
21.86806163731672
 21
-26.22464735422556
 31
0.0
  0
LINE
  5
671
330
DA
100
AcDbEntity
  8
0
 48
5.0
100
AcDbLine
 10
21.86806163731672
 20
-26.22464735422556
 30
0.0
 11
22.51410356539418
 21
-25.57860542613355
 31
0.0
  0
LINE
  5
672
330
DA
100
AcDbEntity
  8
0
 48
5.0
100
AcDbLine
 10
25.16287547057436
 20
-27.71054378883866
 30
0.0
 11
27.09934420279751
 21
-25.77407505663007
 31
0.0
  0
LINE
  5
673
330
DA
100
AcDbEntity
  8
0
 48
5.0
100
AcDbLine
 10
24.0
 20
-26.54766831827885
 30
0.0
 11
25.9364687322377
 21
-24.61119958606298
 31
0.0
  0
LINE
  5
674
330
DA
100
AcDbEntity
  8
0
 48
5.0
100
AcDbLine
 10
25.93753118510358
 20
-24.61186365935293
 30
0.0
 11
24.0
 21
-26.54766831827885
 31
0.0
  0
LINE
  5
675
330
DA
100
AcDbEntity
  8
0
 48
5.0
100
AcDbLine
 10
22.83712452944019
 20
-27.71054378884594
 30
0.0
 11
20.90544559975388
 21
-29.65465764918929
 31
0.0
  0
LINE
  5
676
330
DA
100
AcDbEntity
  8
0
 48
5.0
100
AcDbLine
 10
25.16287547057436
 20
-27.71054378883866
 30
0.0
 11
25.16287547057436
 21
-27.71054378883866
 31
0.0
  0
LINE
  5
677
330
DA
100
AcDbEntity
  8
0
 48
5.0
100
AcDbLine
 10
24.0
 20
-28.87341925940575
 30
0.0
 11
22.0635312677914
 21
-30.80988799162162
 31
0.0
  0
LWPOLYLINE
  5
678
330
DA
100
AcDbEntity
  8
0
100
AcDbPolyline
 90
4
 70
1
 10
16.9999998506828
 20
-37.71054379393911
 10
17.9999998506828
 20
-37.71054379393911
 10
17.9999998506828
 20
-21.96054379394638
 10
16.9999998506828
 20
-21.96054379394638
  0
LWPOLYLINE
  5
679
330
DA
100
AcDbEntity
  8
0
100
AcDbPolyline
 90
4
 70
1
 10
-4.999999850682783
 20
-37.71054379393911
 10
4.999999850682812
 20
-37.71054379393911
 10
4.999999850682812
 20
-21.96054379394638
 10
-4.999999850682783
 20
-21.96054379394638
  0
CIRCLE
  5
67A
330
DA
100
AcDbEntity
  8
0
 62
5
100
AcDbCircle
 10
1.42e-14
 20
73.69813897534902
 30
0.0
 40
2.1
  0
CIRCLE
  5
67B
330
DA
100
AcDbEntity
  8
busbar support
370
13
 48
0.6
100
AcDbCircle
 10
1.42e-14
 20
-27.30186102465097
 30
0.0
 40
3.230348110664633
  0
CIRCLE
  5
67C
330
DA
100
AcDbEntity
  8
0
 62
5
100
AcDbCircle
 10
1.42e-14
 20
-27.30186102465097
 30
0.0
 40
2.1
  0
LWPOLYLINE
  5
67D
330
DA
100
AcDbEntity
  8
0
 60
1
100
AcDbPolyline
 90
4
 70
1
 10
50.00000000000001
 20
85.28945621116134
 10
1.42e-14
 20
85.28945621116134
 10
1.42e-14
 20
-25.71054378883867
 10
50.00000000000001
 20
-25.71054378883867
  0
LWPOLYLINE
  5
67E
330
DA
100
AcDbEntity
  8
0
 60
1
100
AcDbPolyline
 90
4
 70
1
 38
3.653616e-10
 10
52.90634695638437
 20
11.38954277148866
 10
50.00000000000001
 20
11.38954277148866
 10
50.00000000000001
 20
9.433383358162132
 10
52.90634695638437
 20
9.433383358162132
  0
LWPOLYLINE
  5
67F
330
DA
100
AcDbEntity
  8
0
 60
1
100
AcDbPolyline
 90
4
 70
1
 10
41.37047354687822
 20
85.28945621116134
 10
40.00000000000001
 20
85.28945621116134
 10
40.00000000000001
 20
-25.71054378883867
 10
41.37047354687822
 20
-25.71054378883867
  0
TEXT
  5
680
330
DA
100
AcDbEntity
  8
TEXT
  6
Continuous
370
13
 60
1
100
AcDbText
 10
6.050466335204083
 20
28.0143480339392
 30
0.0
 40
6.173999999999994
  1
Camsco
 41
0.7
 72
1
 11
18.29556633520407
 21
28.0143480339392
 31
0.0
100
AcDbText
  0
LWPOLYLINE
  5
681
330
DA
100
AcDbEntity
  8
0
 60
1
100
AcDbPolyline
 90
4
 70
1
 10
50.0
 20
83.28945621117587
 10
0.0
 20
83.28945621117587
 10
0.0
 20
-35.71054378882412
 10
50.0
 20
-35.71054378882412
  0
LWPOLYLINE
  5
682
330
DA
100
AcDbEntity
  8
0
 60
1
100
AcDbPolyline
 90
4
 70
1
 10
50.0
 20
75.30203503011569
 10
55.0
 20
75.30203503011569
 10
55.0
 20
71.3302430369439
 10
50.0
 20
71.3302430369439
  0
LWPOLYLINE
  5
683
330
DA
100
AcDbEntity
  8
Khung Tủ
 62
30
370
13
 60
1
420
16292126
100
AcDbPolyline
 90
4
 70
1
 10
52.90634695638437
 20
-0.5927480205865621
 10
50.0
 20
-0.5927480205865621
 10
50.0
 20
-8.548907433913094
 10
52.90634695638437
 20
-8.548907433913094
  0
LWPOLYLINE
  5
684
330
DA
100
AcDbEntity
  8
0
 60
1
100
AcDbPolyline
 90
4
 70
1
 10
41.3704735468782
 20
85.28945621116134
 10
40.0
 20
85.28945621116134
 10
40.0
 20
-37.71054379393912
 10
41.3704735468782
 20
-37.71054379393912
  0
TEXT
  5
685
330
DA
100
AcDbEntity
  8
TEXT
  6
Continuous
370
13
 60
1
100
AcDbText
 10
3.856190479162933
 20
26.01434803395374
 30
0.0
 40
6.173999999999994
  1
Panasonic
 41
0.7
 72
1
 11
21.14339047916292
 21
26.01434803395374
 31
0.0
100
AcDbText
  0
TEXT
  5
686
330
DA
100
AcDbEntity
  8
TEXT
  6
Continuous
370
13
 60
1
100
AcDbText
 10
21.76734800144321
 20
19.5639191288427
 30
0.0
 40
4.115999999999996
  1
TB118K
 41
0.7
 72
1
 11
28.9703480014432
 21
19.5639191288427
 31
0.0
100
AcDbText
  0
ENDBLK
  5
DC
330
DA
100
AcDbEntity
  8
0
100
AcDbBlockEnd
  0
BLOCK
  5
688
330
687
100
AcDbEntity
  8
0
100
AcDbBlockBegin
  2
*U1904
 70
1
 10
0.0
 20
0.0
 30
0.0
  3
*U1904
  1

  0
LWPOLYLINE
  5
68A
330
687
100
AcDbEntity
  8
0
100
AcDbPolyline
 90
8
 70
1
 10
-26.50000000000728
 20
0.0
 10
26.50000000000728
 20
0.0
 42
0.4142135623730951
 10
27.50000000000728
 20
1.0
 10
27.50000000000728
 20
98.0
 42
0.4142135623730951
 10
26.50000000000728
 20
99.0
 10
-26.49999999999272
 20
99.0
 42
0.4142135623730951
 10
-27.49999999999273
 20
98.0
 10
-27.50000000000728
 20
1.0
 42
0.4142135623730951
  0
LWPOLYLINE
  5
68B
330
687
100
AcDbEntity
  8
0
 62
253
100
AcDbPolyline
 90
4
 70
1
 10
-24.77105598702474
 20
94.56158644511743
 42
0.9999999999999998
 10
-22.64973564346292
 20
96.68290678867926
 10
-23.35684242465504
 20
97.39001356987139
 42
0.9999999999999998
 10
-25.47816276821686
 20
95.26869322630957
  0
LWPOLYLINE
  5
68C
330
687
100
AcDbEntity
  8
0
100
AcDbPolyline
 90
6
 70
1
 10
-19.49999999999272
 20
99.0
 10
-19.49999999999272
 20
99.0
 10
-26.49999999999272
 20
99.0
 42
0.4142135623730951
 10
-27.49999999999273
 20
98.0
 10
-27.49999999999273
 20
91.0
 10
-27.49999999999273
 20
91.0
 42
0.4142135623730951
  0
LWPOLYLINE
  5
68D
330
687
100
AcDbEntity
  8
0
 62
253
100
AcDbPolyline
 90
4
 70
1
 10
24.77105598703929
 20
94.56158644511743
 42
-0.9999999999999998
 10
22.64973564347747
 20
96.68290678867926
 10
23.35684242466959
 20
97.39001356987139
 42
-0.9999999999999998
 10
25.47816276823141
 20
95.26869322630957
  0
LWPOLYLINE
  5
68E
330
687
100
AcDbEntity
  8
0
100
AcDbPolyline
 90
6
 70
1
 10
19.50000000000727
 20
99.0
 10
19.50000000000727
 20
99.0
 10
26.50000000000728
 20
99.0
 42
-0.4142135623730951
 10
27.50000000000728
 20
98.0
 10
27.50000000000728
 20
91.0
 10
27.50000000000728
 20
91.0
 42
-0.4142135623730951
  0
LWPOLYLINE
  5
68F
330
687
100
AcDbEntity
  8
0
100
AcDbPolyline
 90
8
 70
1
 10
-16.49999999999272
 20
64.0
 10
16.50000000000727
 20
64.0
 42
0.4142135623730951
 10
17.50000000000727
 20
65.0
 10
17.50000000000727
 20
78.0
 42
0.4142135623730951
 10
16.50000000000727
 20
79.0
 10
-16.49999999999272
 20
79.0
 42
0.4142135623730951
 10
-17.49999999999272
 20
78.0
 10
-17.49999999999272
 20
65.0
 42
0.4142135623730951
  0
LWPOLYLINE
  5
690
330
687
100
AcDbEntity
  8
0
100
AcDbPolyline
 90
4
 70
0
 10
-1.153599871198821
 20
73.8806587630097
 42
-0.1730033431015782
 10
-0.9764013991443788
 20
73.94386231122189
 10
0.664782011495845
 20
73.94386231122189
 42
-0.1730033431015092
 10
0.8419804835357354
 20
73.8806587630097
  0
LWPOLYLINE
  5
691
330
687
100
AcDbEntity
  8
0
100
AcDbPolyline
 90
3
 70
0
 10
0.8815784632824943
 20
73.84106078326295
 42
-0.1730033431016178
 10
0.9447820114946807
 20
73.66386231122306
 10
0.9447820114946807
 20
71.54300641814189
  0
LWPOLYLINE
  5
692
330
687
100
AcDbEntity
  8
0
100
AcDbPolyline
 90
4
 70
0
 10
0.8419804835357354
 20
69.16290581485373
 42
-0.173003343101521
 10
0.664782011495845
 20
69.09970226664154
 10
-0.9764013991443788
 20
69.09970226664154
 42
-0.1600535475041646
 10
-1.142452754698751
 20
69.15425394147314
 42
-0.1600535475041646
  0
LWPOLYLINE
  5
693
330
687
100
AcDbEntity
  8
0
100
AcDbPolyline
 90
3
 70
0
 10
-1.20184972431889
 20
69.213650911086
 42
-0.1600535475041259
 10
-1.256401399143214
 20
69.37970226664038
 10
-1.256401399143214
 20
71.5
  0
LWPOLYLINE
  5
694
330
687
100
AcDbEntity
  8
0
100
AcDbPolyline
 90
4
 70
0
 10
0.362382011495356
 20
69.64290226664161
 42
-0.1622776601682571
 10
0.2447820114975912
 20
69.60370226664234
 10
-0.5564013991606771
 20
69.60370226664234
 42
-0.1433289715803103
 10
-0.6620764715844416
 20
69.63463022458745
 42
-0.1433289715803103
  0
LWPOLYLINE
  5
695
330
687
100
AcDbEntity
  8
0
100
AcDbPolyline
 90
3
 70
0
 10
-0.7214734412045801
 20
69.69402719420759
 42
-0.1433289715802567
 10
-0.7524013991569518
 20
69.79970226663863
 10
-0.7524013991569518
 20
71.20856223044393
  0
LWPOLYLINE
  5
696
330
687
100
AcDbEntity
  8
0
100
AcDbPolyline
 90
4
 70
0
 10
-0.6737738348820131
 20
73.40083272669288
 42
-0.1619055040018182
 10
-0.5564013991606771
 20
73.43986231122835
 10
0.2447820114975912
 20
73.43986231122835
 42
-0.1619055040018182
 10
0.3621544472189271
 20
73.40083272669288
  0
LWPOLYLINE
  5
697
330
687
100
AcDbEntity
  8
0
100
AcDbPolyline
 90
3
 70
0
 10
0.4017524269656861
 20
73.36123474694614
 42
-0.1619055040017489
 10
0.4407820114938659
 20
73.2438623112248
 10
0.4407820114938659
 20
71.83492134188418
  0
LINE
  5
698
330
687
100
AcDbEntity
  8
0
100
AcDbLine
 10
-0.6737738348820131
 20
73.40083272669288
 30
0.0
 11
-1.154592308004794
 21
73.88165119983023
 31
0.0
  0
LINE
  5
699
330
687
100
AcDbEntity
  8
0
100
AcDbLine
 10
0.4017524269656861
 20
73.36123474694614
 30
0.0
 11
0.8825709000884671
 21
73.84205322008347
 31
0.0
  0
LINE
  5
69A
330
687
100
AcDbEntity
  8
0
100
AcDbLine
 10
0.3621544472189271
 20
73.40083272669288
 30
0.0
 11
0.8429729203562601
 21
73.88165119983023
 31
0.0
  0
LINE
  5
69B
330
687
100
AcDbEntity
  8
0
100
AcDbLine
 10
-0.6620764715844416
 20
69.63463022458745
 30
0.0
 11
-1.142452754698751
 21
69.15425394147314
 31
0.0
  0
LINE
  5
69C
330
687
100
AcDbEntity
  8
0
100
AcDbLine
 10
-0.7214734412045801
 20
69.69402719420759
 30
0.0
 11
-1.20184972431889
 21
69.213650911086
 31
0.0
  0
LINE
  5
69D
330
687
100
AcDbEntity
  8
0
100
AcDbLine
 10
0.362382011495356
 20
69.64290226664161
 30
0.0
 11
0.8429729203562601
 21
69.1619133780332
 31
0.0
  0
LWPOLYLINE
  5
69E
330
687
100
AcDbEntity
  8
0
100
AcDbPolyline
 90
2
 70
0
 10
0.4407820114938659
 20
71.26978228893131
 10
-0.7524013991569518
 20
71.26978228893131
  0
LWPOLYLINE
  5
69F
330
687
100
AcDbEntity
  8
0
100
AcDbPolyline
 90
2
 70
0
 10
-0.7524013991569518
 20
71.77378228893213
 10
0.4407820114938659
 20
71.77378228893213
  0
LINE
  5
6A0
330
687
100
AcDbEntity
  8
0
100
AcDbLine
 10
-0.7524013991569518
 20
71.77378228893213
 30
0.0
 11
-1.16202692544175
 21
71.52178228893172
 31
0.0
  0
LINE
  5
6A1
330
687
100
AcDbEntity
  8
0
100
AcDbLine
 10
-1.16202692544175
 20
71.52178228893172
 30
0.0
 11
-0.7524013991569518
 21
71.26978228893131
 31
0.0
  0
LINE
  5
6A2
330
687
100
AcDbEntity
  8
0
100
AcDbLine
 10
-1.256401399143214
 20
71.5
 30
0.0
 11
-0.7524013991569518
 21
71.20856223044393
 31
0.0
  0
LINE
  5
6A3
330
687
100
AcDbEntity
  8
0
100
AcDbLine
 10
0.4407820114938659
 20
71.77378228893213
 30
0.0
 11
0.8504075377786648
 21
71.52178228893172
 31
0.0
  0
LINE
  5
6A4
330
687
100
AcDbEntity
  8
0
100
AcDbLine
 10
0.8504075377786648
 20
71.52178228893172
 30
0.0
 11
0.4407820114938659
 21
71.26978228893131
 31
0.0
  0
LINE
  5
6A5
330
687
100
AcDbEntity
  8
0
100
AcDbLine
 10
0.4407820114938659
 20
71.83492134188418
 30
0.0
 11
0.9447820114946807
 21
71.54300641814189
 31
0.0
  0
LWPOLYLINE
  5
6A6
330
687
100
AcDbEntity
  8
0
100
AcDbPolyline
 90
3
 70
0
 10
1.635732299873779
 20
71.54300641814189
 10
1.635732299873779
 20
73.66386231122306
 42
-0.1730033431015677
 10
1.698935848085966
 20
73.84106078326295
 42
-0.1730033431015677
  0
LWPOLYLINE
  5
6A7
330
687
100
AcDbEntity
  8
0
100
AcDbPolyline
 90
4
 70
0
 10
1.738533827832725
 20
73.8806587630097
 42
-0.1730033431015782
 10
1.915732299887167
 20
73.94386231122189
 10
3.556915710512839
 20
73.94386231122189
 42
-0.1730033431015092
 10
3.734114182567282
 20
73.8806587630097
  0
LWPOLYLINE
  5
6A8
330
687
100
AcDbEntity
  8
0
100
AcDbPolyline
 90
3
 70
0
 10
3.773712162314041
 20
73.84106078326295
 42
-0.1730033431016178
 10
3.836915710526227
 20
73.66386231122306
 10
3.836915710526227
 20
71.54300641814189
  0
LWPOLYLINE
  5
6A9
330
687
100
AcDbEntity
  8
0
100
AcDbPolyline
 90
3
 70
0
 10
3.836915710526227
 20
71.5
 10
3.836915710526227
 20
69.37970226664038
 42
-0.1730033431016471
 10
3.773712162314041
 20
69.20250379460049
 42
-0.1730033431016471
  0
LWPOLYLINE
  5
6AA
330
687
100
AcDbEntity
  8
0
100
AcDbPolyline
 90
4
 70
0
 10
3.734114182567282
 20
69.16290581485373
 42
-0.173003343101521
 10
3.556915710512839
 20
69.09970226664154
 10
1.915732299887167
 20
69.09970226664154
 42
-0.1600535475041646
 10
1.749680944318242
 20
69.15425394147314
 42
-0.1600535475041646
  0
LWPOLYLINE
  5
6AB
330
687
100
AcDbEntity
  8
0
100
AcDbPolyline
 90
3
 70
0
 10
1.690283974712656
 20
69.213650911086
 42
-0.1600535475041259
 10
1.635732299873779
 20
69.37970226664038
 10
1.635732299873779
 20
71.5
  0
LWPOLYLINE
  5
6AC
330
687
100
AcDbEntity
  8
0
100
AcDbPolyline
 90
3
 70
0
 10
3.332915710525412
 20
71.20856223044393
 10
3.332915710525412
 20
69.79970226663863
 42
-0.1616783592796193
 10
3.293989986246742
 20
69.68246885883127
 42
-0.1616783592796193
  0
LWPOLYLINE
  5
6AD
330
687
100
AcDbEntity
  8
0
100
AcDbPolyline
 90
4
 70
0
 10
3.254515710526902
 20
69.64290226664161
 42
-0.1622776601682571
 10
3.136915710529137
 20
69.60370226664234
 10
2.335732299870869
 20
69.60370226664234
 42
-0.1433289715803103
 10
2.230057227447105
 20
69.63463022458745
 42
-0.1433289715803103
  0
LWPOLYLINE
  5
6AE
330
687
100
AcDbEntity
  8
0
100
AcDbPolyline
 90
3
 70
0
 10
2.170660257826966
 20
69.69402719420759
 42
-0.1433289715802567
 10
2.139732299874594
 20
69.79970226663863
 10
2.139732299874594
 20
71.20856223044393
  0
LWPOLYLINE
  5
6AF
330
687
100
AcDbEntity
  8
0
100
AcDbPolyline
 90
3
 70
0
 10
2.139732299874594
 20
71.83492134188418
 10
2.139732299874594
 20
73.2438623112248
 42
-0.1619055040017489
 10
2.178761884402774
 20
73.36123474694614
 42
-0.1619055040017489
  0
LWPOLYLINE
  5
6B0
330
687
100
AcDbEntity
  8
0
100
AcDbPolyline
 90
4
 70
0
 10
2.218359864149533
 20
73.40083272669288
 42
-0.1619055040018182
 10
2.335732299870869
 20
73.43986231122835
 10
3.136915710529137
 20
73.43986231122835
 42
-0.1619055040018182
 10
3.254288146250473
 20
73.40083272669288
  0
LWPOLYLINE
  5
6B1
330
687
100
AcDbEntity
  8
0
100
AcDbPolyline
 90
3
 70
0
 10
3.293886125997232
 20
73.36123474694614
 42
-0.1619055040017489
 10
3.332915710525412
 20
73.2438623112248
 10
3.332915710525412
 20
71.83492134188418
  0
LINE
  5
6B2
330
687
100
AcDbEntity
  8
0
100
AcDbLine
 10
2.178761884402774
 20
73.36123474694614
 30
0.0
 11
1.697943411279993
 21
73.84205322008347
 31
0.0
  0
LINE
  5
6B3
330
687
100
AcDbEntity
  8
0
100
AcDbLine
 10
2.218359864149533
 20
73.40083272669288
 30
0.0
 11
1.737541391026752
 21
73.88165119983023
 31
0.0
  0
LINE
  5
6B4
330
687
100
AcDbEntity
  8
0
100
AcDbLine
 10
3.293886125997232
 20
73.36123474694614
 30
0.0
 11
3.774704599120013
 21
73.84205322008347
 31
0.0
  0
LINE
  5
6B5
330
687
100
AcDbEntity
  8
0
100
AcDbLine
 10
3.254288146250473
 20
73.40083272669288
 30
0.0
 11
3.735106619373254
 21
73.88165119983023
 31
0.0
  0
LINE
  5
6B6
330
687
100
AcDbEntity
  8
0
100
AcDbLine
 10
2.230057227447105
 20
69.63463022458745
 30
0.0
 11
1.749680944318242
 21
69.15425394147314
 31
0.0
  0
LINE
  5
6B7
330
687
100
AcDbEntity
  8
0
100
AcDbLine
 10
2.170660257826966
 20
69.69402719420759
 30
0.0
 11
1.690283974712656
 21
69.213650911086
 31
0.0
  0
LINE
  5
6B8
330
687
100
AcDbEntity
  8
0
100
AcDbLine
 10
3.254515710526902
 20
69.64290226664161
 30
0.0
 11
3.735106619373254
 21
69.1619133780332
 31
0.0
  0
LINE
  5
6B9
330
687
100
AcDbEntity
  8
0
100
AcDbLine
 10
3.293989986246742
 20
69.68246885883127
 30
0.0
 11
3.774704599120013
 21
69.20151135777996
 31
0.0
  0
LINE
  5
6BA
330
687
100
AcDbEntity
  8
0
100
AcDbLine
 10
2.139732299874594
 20
71.83492134188418
 30
0.0
 11
1.635732299873779
 21
71.54300641814189
 31
0.0
  0
LINE
  5
6BB
330
687
100
AcDbEntity
  8
0
100
AcDbLine
 10
1.635732299873779
 20
71.5
 30
0.0
 11
2.139732299874594
 21
71.20856223044393
 31
0.0
  0
LINE
  5
6BC
330
687
100
AcDbEntity
  8
0
100
AcDbLine
 10
3.332915710525412
 20
71.83492134188418
 30
0.0
 11
3.836915710526227
 21
71.54300641814189
 31
0.0
  0
LINE
  5
6BD
330
687
100
AcDbEntity
  8
0
100
AcDbLine
 10
3.836915710526227
 20
71.5
 30
0.0
 11
3.332915710525412
 21
71.20856223044393
 31
0.0
  0
LWPOLYLINE
  5
6BE
330
687
100
AcDbEntity
  8
0
100
AcDbPolyline
 90
2
 70
0
 10
0.2407820114967762
 20
71.26978228893131
 10
-0.5524013991598622
 20
71.26978228893131
  0
LWPOLYLINE
  5
6BF
330
687
100
AcDbEntity
  8
0
100
AcDbPolyline
 90
2
 70
0
 10
-0.5524013991598622
 20
71.77378228893213
 10
0.2407820114967762
 20
71.77378228893213
  0
LWPOLYLINE
  5
6C0
330
687
100
AcDbEntity
  8
0
100
AcDbPolyline
 90
4
 70
0
 10
5.846400128801178
 20
73.8806587630097
 42
-0.1730033431015782
 10
6.023598600855621
 20
73.94386231122189
 10
7.664782011495844
 20
73.94386231122189
 42
-0.1730033431015092
 10
7.841980483535735
 20
73.8806587630097
  0
LWPOLYLINE
  5
6C1
330
687
100
AcDbEntity
  8
0
100
AcDbPolyline
 90
3
 70
0
 10
7.881578463282494
 20
73.84106078326295
 42
-0.1730033431016178
 10
7.94478201149468
 20
73.66386231122306
 10
7.94478201149468
 20
71.54300641814189
  0
LWPOLYLINE
  5
6C2
330
687
100
AcDbEntity
  8
0
100
AcDbPolyline
 90
4
 70
0
 10
7.841980483535735
 20
69.16290581485373
 42
-0.173003343101521
 10
7.664782011495844
 20
69.09970226664154
 10
6.023598600855621
 20
69.09970226664154
 42
-0.1600535475041646
 10
5.857547245301248
 20
69.15425394147314
 42
-0.1600535475041646
  0
LWPOLYLINE
  5
6C3
330
687
100
AcDbEntity
  8
0
100
AcDbPolyline
 90
3
 70
0
 10
5.798150275681109
 20
69.213650911086
 42
-0.1600535475041259
 10
5.743598600856785
 20
69.37970226664038
 10
5.743598600856785
 20
71.5
  0
LWPOLYLINE
  5
6C4
330
687
100
AcDbEntity
  8
0
100
AcDbPolyline
 90
4
 70
0
 10
7.362382011495355
 20
69.64290226664161
 42
-0.1622776601682571
 10
7.244782011497591
 20
69.60370226664234
 10
6.443598600839322
 20
69.60370226664234
 42
-0.1433289715803103
 10
6.337923528415558
 20
69.63463022458745
 42
-0.1433289715803103
  0
LWPOLYLINE
  5
6C5
330
687
100
AcDbEntity
  8
0
100
AcDbPolyline
 90
3
 70
0
 10
6.278526558795419
 20
69.69402719420759
 42
-0.1433289715802567
 10
6.247598600843048
 20
69.79970226663863
 10
6.247598600843048
 20
71.20856223044393
  0
LWPOLYLINE
  5
6C6
330
687
100
AcDbEntity
  8
0
100
AcDbPolyline
 90
4
 70
0
 10
6.326226165117986
 20
73.40083272669288
 42
-0.1619055040018182
 10
6.443598600839322
 20
73.43986231122835
 10
7.244782011497591
 20
73.43986231122835
 42
-0.1619055040018182
 10
7.362154447218927
 20
73.40083272669288
  0
LWPOLYLINE
  5
6C7
330
687
100
AcDbEntity
  8
0
100
AcDbPolyline
 90
3
 70
0
 10
7.401752426965686
 20
73.36123474694614
 42
-0.1619055040017489
 10
7.440782011493865
 20
73.2438623112248
 10
7.440782011493865
 20
71.83492134188418
  0
LINE
  5
6C8
330
687
100
AcDbEntity
  8
0
100
AcDbLine
 10
6.326226165117986
 20
73.40083272669288
 30
0.0
 11
5.845407691995205
 21
73.88165119983023
 31
0.0
  0
LINE
  5
6C9
330
687
100
AcDbEntity
  8
0
100
AcDbLine
 10
7.401752426965686
 20
73.36123474694614
 30
0.0
 11
7.882570900088467
 21
73.84205322008347
 31
0.0
  0
LINE
  5
6CA
330
687
100
AcDbEntity
  8
0
100
AcDbLine
 10
7.362154447218927
 20
73.40083272669288
 30
0.0
 11
7.84297292035626
 21
73.88165119983023
 31
0.0
  0
LINE
  5
6CB
330
687
100
AcDbEntity
  8
0
100
AcDbLine
 10
6.337923528415558
 20
69.63463022458745
 30
0.0
 11
5.857547245301248
 21
69.15425394147314
 31
0.0
  0
LINE
  5
6CC
330
687
100
AcDbEntity
  8
0
100
AcDbLine
 10
6.278526558795419
 20
69.69402719420759
 30
0.0
 11
5.798150275681109
 21
69.213650911086
 31
0.0
  0
LINE
  5
6CD
330
687
100
AcDbEntity
  8
0
100
AcDbLine
 10
7.362382011495355
 20
69.64290226664161
 30
0.0
 11
7.84297292035626
 21
69.1619133780332
 31
0.0
  0
LWPOLYLINE
  5
6CE
330
687
100
AcDbEntity
  8
0
100
AcDbPolyline
 90
2
 70
0
 10
7.440782011493865
 20
71.26978228893131
 10
6.247598600843048
 20
71.26978228893131
  0
LWPOLYLINE
  5
6CF
330
687
100
AcDbEntity
  8
0
100
AcDbPolyline
 90
2
 70
0
 10
6.247598600843048
 20
71.77378228893213
 10
7.440782011493865
 20
71.77378228893213
  0
LINE
  5
6D0
330
687
100
AcDbEntity
  8
0
100
AcDbLine
 10
6.247598600843048
 20
71.77378228893213
 30
0.0
 11
5.837973074558249
 21
71.52178228893172
 31
0.0
  0
LINE
  5
6D1
330
687
100
AcDbEntity
  8
0
100
AcDbLine
 10
5.837973074558249
 20
71.52178228893172
 30
0.0
 11
6.247598600843048
 21
71.26978228893131
 31
0.0
  0
LINE
  5
6D2
330
687
100
AcDbEntity
  8
0
100
AcDbLine
 10
5.743598600856785
 20
71.5
 30
0.0
 11
6.247598600843048
 21
71.20856223044393
 31
0.0
  0
LINE
  5
6D3
330
687
100
AcDbEntity
  8
0
100
AcDbLine
 10
7.440782011493865
 20
71.77378228893213
 30
0.0
 11
7.850407537778664
 21
71.52178228893172
 31
0.0
  0
LINE
  5
6D4
330
687
100
AcDbEntity
  8
0
100
AcDbLine
 10
7.850407537778664
 20
71.52178228893172
 30
0.0
 11
7.440782011493865
 21
71.26978228893131
 31
0.0
  0
LINE
  5
6D5
330
687
100
AcDbEntity
  8
0
100
AcDbLine
 10
7.440782011493865
 20
71.83492134188418
 30
0.0
 11
7.94478201149468
 21
71.54300641814189
 31
0.0
  0
LWPOLYLINE
  5
6D6
330
687
100
AcDbEntity
  8
0
100
AcDbPolyline
 90
3
 70
0
 10
8.635732299873778
 20
71.54300641814189
 10
8.635732299873778
 20
73.66386231122306
 42
-0.1730033431015677
 10
8.698935848085966
 20
73.84106078326295
 42
-0.1730033431015677
  0
LWPOLYLINE
  5
6D7
330
687
100
AcDbEntity
  8
0
100
AcDbPolyline
 90
4
 70
0
 10
8.738533827832725
 20
73.8806587630097
 42
-0.1730033431015782
 10
8.915732299887168
 20
73.94386231122189
 10
10.55691571051284
 20
73.94386231122189
 42
-0.1730033431015092
 10
10.73411418256728
 20
73.8806587630097
  0
LWPOLYLINE
  5
6D8
330
687
100
AcDbEntity
  8
0
100
AcDbPolyline
 90
3
 70
0
 10
10.77371216231404
 20
73.84106078326295
 42
-0.1730033431016178
 10
10.83691571052622
 20
73.66386231122306
 10
10.83691571052622
 20
71.54300641814189
  0
LWPOLYLINE
  5
6D9
330
687
100
AcDbEntity
  8
0
100
AcDbPolyline
 90
3
 70
0
 10
10.83691571052622
 20
71.5
 10
10.83691571052622
 20
69.37970226664038
 42
-0.1730033431016471
 10
10.77371216231404
 20
69.20250379460049
 42
-0.1730033431016471
  0
LWPOLYLINE
  5
6DA
330
687
100
AcDbEntity
  8
0
100
AcDbPolyline
 90
4
 70
0
 10
10.73411418256728
 20
69.16290581485373
 42
-0.173003343101521
 10
10.55691571051284
 20
69.09970226664154
 10
8.915732299887168
 20
69.09970226664154
 42
-0.1600535475041646
 10
8.749680944318243
 20
69.15425394147314
 42
-0.1600535475041646
  0
LWPOLYLINE
  5
6DB
330
687
100
AcDbEntity
  8
0
100
AcDbPolyline
 90
3
 70
0
 10
8.690283974712656
 20
69.213650911086
 42
-0.1600535475041259
 10
8.635732299873778
 20
69.37970226664038
 10
8.635732299873778
 20
71.5
  0
LWPOLYLINE
  5
6DC
330
687
100
AcDbEntity
  8
0
100
AcDbPolyline
 90
3
 70
0
 10
10.33291571052541
 20
71.20856223044393
 10
10.33291571052541
 20
69.79970226663863
 42
-0.1616783592796193
 10
10.29398998624674
 20
69.68246885883127
 42
-0.1616783592796193
  0
LWPOLYLINE
  5
6DD
330
687
100
AcDbEntity
  8
0
100
AcDbPolyline
 90
4
 70
0
 10
10.2545157105269
 20
69.64290226664161
 42
-0.1622776601682571
 10
10.13691571052913
 20
69.60370226664234
 10
9.33573229987087
 20
69.60370226664234
 42
-0.1433289715803103
 10
9.230057227447105
 20
69.63463022458745
 42
-0.1433289715803103
  0
LWPOLYLINE
  5
6DE
330
687
100
AcDbEntity
  8
0
100
AcDbPolyline
 90
3
 70
0
 10
9.170660257826967
 20
69.69402719420759
 42
-0.1433289715802567
 10
9.139732299874593
 20
69.79970226663863
 10
9.139732299874593
 20
71.20856223044393
  0
LWPOLYLINE
  5
6DF
330
687
100
AcDbEntity
  8
0
100
AcDbPolyline
 90
3
 70
0
 10
9.139732299874593
 20
71.83492134188418
 10
9.139732299874593
 20
73.2438623112248
 42
-0.1619055040017489
 10
9.178761884402775
 20
73.36123474694614
 42
-0.1619055040017489
  0
LWPOLYLINE
  5
6E0
330
687
100
AcDbEntity
  8
0
100
AcDbPolyline
 90
4
 70
0
 10
9.218359864149534
 20
73.40083272669288
 42
-0.1619055040018182
 10
9.33573229987087
 20
73.43986231122835
 10
10.13691571052913
 20
73.43986231122835
 42
-0.1619055040018182
 10
10.25428814625047
 20
73.40083272669288
  0
LWPOLYLINE
  5
6E1
330
687
100
AcDbEntity
  8
0
100
AcDbPolyline
 90
3
 70
0
 10
10.29388612599723
 20
73.36123474694614
 42
-0.1619055040017489
 10
10.33291571052541
 20
73.2438623112248
 10
10.33291571052541
 20
71.83492134188418
  0
LINE
  5
6E2
330
687
100
AcDbEntity
  8
0
100
AcDbLine
 10
9.178761884402775
 20
73.36123474694614
 30
0.0
 11
8.697943411279994
 21
73.84205322008347
 31
0.0
  0
LINE
  5
6E3
330
687
100
AcDbEntity
  8
0
100
AcDbLine
 10
9.218359864149534
 20
73.40083272669288
 30
0.0
 11
8.737541391026753
 21
73.88165119983023
 31
0.0
  0
LINE
  5
6E4
330
687
100
AcDbEntity
  8
0
100
AcDbLine
 10
10.29388612599723
 20
73.36123474694614
 30
0.0
 11
10.77470459912001
 21
73.84205322008347
 31
0.0
  0
LINE
  5
6E5
330
687
100
AcDbEntity
  8
0
100
AcDbLine
 10
10.25428814625047
 20
73.40083272669288
 30
0.0
 11
10.73510661937325
 21
73.88165119983023
 31
0.0
  0
LINE
  5
6E6
330
687
100
AcDbEntity
  8
0
100
AcDbLine
 10
9.230057227447105
 20
69.63463022458745
 30
0.0
 11
8.749680944318243
 21
69.15425394147314
 31
0.0
  0
LINE
  5
6E7
330
687
100
AcDbEntity
  8
0
100
AcDbLine
 10
9.170660257826967
 20
69.69402719420759
 30
0.0
 11
8.690283974712656
 21
69.213650911086
 31
0.0
  0
LINE
  5
6E8
330
687
100
AcDbEntity
  8
0
100
AcDbLine
 10
10.2545157105269
 20
69.64290226664161
 30
0.0
 11
10.73510661937325
 21
69.1619133780332
 31
0.0
  0
LINE
  5
6E9
330
687
100
AcDbEntity
  8
0
100
AcDbLine
 10
10.29398998624674
 20
69.68246885883127
 30
0.0
 11
10.77470459912001
 21
69.20151135777996
 31
0.0
  0
LINE
  5
6EA
330
687
100
AcDbEntity
  8
0
100
AcDbLine
 10
9.139732299874593
 20
71.83492134188418
 30
0.0
 11
8.635732299873778
 21
71.54300641814189
 31
0.0
  0
LINE
  5
6EB
330
687
100
AcDbEntity
  8
0
100
AcDbLine
 10
8.635732299873778
 20
71.5
 30
0.0
 11
9.139732299874593
 21
71.20856223044393
 31
0.0
  0
LINE
  5
6EC
330
687
100
AcDbEntity
  8
0
100
AcDbLine
 10
10.33291571052541
 20
71.83492134188418
 30
0.0
 11
10.83691571052622
 21
71.54300641814189
 31
0.0
  0
LINE
  5
6ED
330
687
100
AcDbEntity
  8
0
100
AcDbLine
 10
10.83691571052622
 20
71.5
 30
0.0
 11
10.33291571052541
 21
71.20856223044393
 31
0.0
  0
LWPOLYLINE
  5
6EE
330
687
100
AcDbEntity
  8
0
100
AcDbPolyline
 90
2
 70
0
 10
7.240782011496776
 20
71.26978228893131
 10
6.447598600840137
 20
71.26978228893131
  0
LWPOLYLINE
  5
6EF
330
687
100
AcDbEntity
  8
0
100
AcDbPolyline
 90
2
 70
0
 10
6.447598600840137
 20
71.77378228893213
 10
7.240782011496776
 20
71.77378228893213
  0
LWPOLYLINE
  5
6F0
330
687
100
AcDbEntity
  8
0
100
AcDbPolyline
 90
4
 70
0
 10
12.78994339844939
 20
70.53058430122474
 42
-0.1730033431015782
 10
12.84310294007446
 20
70.5495453656913
 10
13.33545796326507
 20
70.5495453656913
 42
-0.1730033431015092
 10
13.38861750487558
 20
70.53058430122474
  0
LWPOLYLINE
  5
6F1
330
687
100
AcDbEntity
  8
0
100
AcDbPolyline
 90
3
 70
0
 10
13.40049689880834
 20
70.51870490729925
 42
-0.1730033431016178
 10
13.41945796326763
 20
70.46554536568874
 10
13.41945796326763
 20
69.82928859776439
  0
LWPOLYLINE
  5
6F2
330
687
100
AcDbEntity
  8
0
100
AcDbPolyline
 90
4
 70
0
 10
13.38861750487558
 20
69.11525841677938
 42
-0.173003343101521
 10
13.33545796326507
 20
69.09629735231283
 10
12.84310294007446
 20
69.09629735231283
 42
-0.1600535475041646
 10
12.79328753340087
 20
69.1126628547645
 42
-0.1600535475041646
  0
LWPOLYLINE
  5
6F3
330
687
100
AcDbEntity
  8
0
100
AcDbPolyline
 90
3
 70
0
 10
12.77546844252356
 20
69.13048194564908
 42
-0.1600535475041259
 10
12.7591029400719
 20
69.18029735231539
 10
12.7591029400719
 20
69.81638667232619
  0
LWPOLYLINE
  5
6F4
330
687
100
AcDbEntity
  8
0
100
AcDbPolyline
 90
4
 70
0
 10
13.24473796325765
 20
69.2592573523143
 42
-0.1622776601682571
 10
13.20945796326123
 20
69.24749735231308
 10
12.96910294006375
 20
69.24749735231308
 42
-0.1433289715803103
 10
12.93740041834098
 20
69.25677573969733
 42
-0.1433289715803103
  0
LWPOLYLINE
  5
6F5
330
687
100
AcDbEntity
  8
0
100
AcDbPolyline
 90
3
 70
0
 10
12.91958132744912
 20
69.2745948305892
 42
-0.1433289715802567
 10
12.91030294006487
 20
69.30629735231196
 10
12.91030294006487
 20
69.72895534145209
  0
LWPOLYLINE
  5
6F6
330
687
100
AcDbEntity
  8
0
100
AcDbPolyline
 90
4
 70
0
 10
12.93389120934444
 20
70.38663649032969
 42
-0.1619055040018182
 10
12.96910294006375
 20
70.39834536569106
 10
13.20945796326123
 20
70.39834536569106
 42
-0.1619055040018182
 10
13.24466969398054
 20
70.38663649032969
  0
LWPOLYLINE
  5
6F7
330
687
100
AcDbEntity
  8
0
100
AcDbPolyline
 90
3
 70
0
 10
13.2565490879133
 20
70.37475709640421
 42
-0.1619055040017489
 10
13.26825796326011
 20
70.33954536569217
 10
13.26825796326011
 20
69.91686307488999
  0
LINE
  5
6F8
330
687
100
AcDbEntity
  8
0
100
AcDbLine
 10
12.93389120934444
 20
70.38663649032969
 30
0.0
 11
12.78964566741342
 21
70.53088203227526
 31
0.0
  0
LINE
  5
6F9
330
687
100
AcDbEntity
  8
0
100
AcDbLine
 10
13.2565490879133
 20
70.37475709640421
 30
0.0
 11
13.40079462984431
 21
70.51900263834978
 31
0.0
  0
LINE
  5
6FA
330
687
100
AcDbEntity
  8
0
100
AcDbLine
 10
13.24466969398054
 20
70.38663649032969
 30
0.0
 11
13.3889152359261
 21
70.53088203227526
 31
0.0
  0
LINE
  5
6FB
330
687
100
AcDbEntity
  8
0
100
AcDbLine
 10
12.93740041834098
 20
69.25677573969733
 30
0.0
 11
12.79328753340087
 21
69.1126628547645
 31
0.0
  0
LINE
  5
6FC
330
687
100
AcDbEntity
  8
0
100
AcDbLine
 10
12.91958132744912
 20
69.2745948305892
 30
0.0
 11
12.77546844252356
 21
69.13048194564908
 31
0.0
  0
LINE
  5
6FD
330
687
100
AcDbEntity
  8
0
100
AcDbLine
 10
13.24473796325765
 20
69.2592573523143
 30
0.0
 11
13.3889152359261
 21
69.11496068572887
 31
0.0
  0
LWPOLYLINE
  5
6FE
330
687
100
AcDbEntity
  8
0
100
AcDbPolyline
 90
2
 70
0
 10
13.26825796326011
 20
69.74732135900558
 10
12.91030294006487
 20
69.74732135900558
  0
LWPOLYLINE
  5
6FF
330
687
100
AcDbEntity
  8
0
100
AcDbPolyline
 90
2
 70
0
 10
12.91030294006487
 20
69.89852135899855
 10
13.26825796326011
 20
69.89852135899855
  0
LINE
  5
700
330
687
100
AcDbEntity
  8
0
100
AcDbLine
 10
12.91030294006487
 20
69.89852135899855
 30
0.0
 11
12.78741528218233
 21
69.82292135900207
 31
0.0
  0
LINE
  5
701
330
687
100
AcDbEntity
  8
0
100
AcDbLine
 10
12.78741528218233
 20
69.82292135900207
 30
0.0
 11
12.91030294006487
 21
69.74732135900558
 31
0.0
  0
LINE
  5
702
330
687
100
AcDbEntity
  8
0
100
AcDbLine
 10
12.7591029400719
 20
69.81638667232619
 30
0.0
 11
12.91030294006487
 21
69.72895534145209
 31
0.0
  0
LINE
  5
703
330
687
100
AcDbEntity
  8
0
100
AcDbLine
 10
13.26825796326011
 20
69.89852135899855
 30
0.0
 11
13.39114562114264
 21
69.82292135900207
 31
0.0
  0
LINE
  5
704
330
687
100
AcDbEntity
  8
0
100
AcDbLine
 10
13.39114562114264
 20
69.82292135900207
 30
0.0
 11
13.26825796326011
 21
69.74732135900558
 31
0.0
  0
LINE
  5
705
330
687
100
AcDbEntity
  8
0
100
AcDbLine
 10
13.26825796326011
 20
69.91686307488999
 30
0.0
 11
13.41945796326763
 21
69.82928859776439
 31
0.0
  0
LWPOLYLINE
  5
706
330
687
100
AcDbEntity
  8
0
100
AcDbPolyline
 90
3
 70
0
 10
13.62674304977554
 20
69.82928859776439
 10
13.62674304977554
 20
70.46554536568874
 42
-0.1730033431015677
 10
13.64570411423483
 20
70.51870490729925
 42
-0.1730033431015677
  0
LWPOLYLINE
  5
707
330
687
100
AcDbEntity
  8
0
100
AcDbPolyline
 90
4
 70
0
 10
13.65758350816759
 20
70.53058430122474
 42
-0.1730033431015782
 10
13.7107430497781
 20
70.5495453656913
 10
14.20309807296871
 20
70.5495453656913
 42
-0.1730033431015092
 10
14.25625761459378
 20
70.53058430122474
  0
LWPOLYLINE
  5
708
330
687
100
AcDbEntity
  8
0
100
AcDbPolyline
 90
3
 70
0
 10
14.26813700851198
 20
70.51870490729925
 42
-0.1730033431016178
 10
14.28709807297127
 20
70.46554536568874
 10
14.28709807297127
 20
69.82928859776439
  0
LWPOLYLINE
  5
709
330
687
100
AcDbEntity
  8
0
100
AcDbPolyline
 90
3
 70
0
 10
14.28709807297127
 20
69.81638667232619
 10
14.28709807297127
 20
69.18029735231539
 42
-0.1730033431016471
 10
14.26813700851198
 20
69.12713781070488
 42
-0.1730033431016471
  0
LWPOLYLINE
  5
70A
330
687
100
AcDbEntity
  8
0
100
AcDbPolyline
 90
4
 70
0
 10
14.25625761459378
 20
69.11525841677938
 42
-0.173003343101521
 10
14.20309807296871
 20
69.09629735231283
 10
13.7107430497781
 20
69.09629735231283
 42
-0.1600535475041646
 10
13.66092764310451
 20
69.1126628547645
 42
-0.1600535475041646
  0
LWPOLYLINE
  5
70B
330
687
100
AcDbEntity
  8
0
100
AcDbPolyline
 90
3
 70
0
 10
13.6431085522272
 20
69.13048194564908
 42
-0.1600535475041259
 10
13.62674304977554
 20
69.18029735231539
 10
13.62674304977554
 20
69.81638667232619
  0
LWPOLYLINE
  5
70C
330
687
100
AcDbEntity
  8
0
100
AcDbPolyline
 90
3
 70
0
 10
14.13589807297831
 20
69.72895534145209
 10
14.13589807297831
 20
69.30629735231196
 42
-0.1616783592796193
 10
14.12422035568306
 20
69.27112732997193
 42
-0.1616783592796193
  0
LWPOLYLINE
  5
70D
330
687
100
AcDbEntity
  8
0
100
AcDbPolyline
 90
4
 70
0
 10
14.11237807297584
 20
69.2592573523143
 42
-0.1622776601682571
 10
14.07709807297942
 20
69.24749735231308
 10
13.83674304978194
 20
69.24749735231308
 42
-0.1433289715803103
 10
13.80504052804463
 20
69.25677573969733
 42
-0.1433289715803103
  0
LWPOLYLINE
  5
70E
330
687
100
AcDbEntity
  8
0
100
AcDbPolyline
 90
3
 70
0
 10
13.78722143716732
 20
69.2745948305892
 42
-0.1433289715802567
 10
13.77794304978306
 20
69.30629735231196
 10
13.77794304978306
 20
69.72895534145209
  0
LWPOLYLINE
  5
70F
330
687
100
AcDbEntity
  8
0
100
AcDbPolyline
 90
3
 70
0
 10
13.77794304978306
 20
69.91686307488999
 10
13.77794304978306
 20
70.33954536569217
 42
-0.1619055040017489
 10
13.78965192512987
 20
70.37475709640421
 42
-0.1619055040017489
  0
LWPOLYLINE
  5
710
330
687
100
AcDbEntity
  8
0
100
AcDbPolyline
 90
4
 70
0
 10
13.80153131906263
 20
70.38663649032969
 42
-0.1619055040018182
 10
13.83674304978194
 20
70.39834536569106
 10
14.07709807297942
 20
70.39834536569106
 42
-0.1619055040018182
 10
14.11230980369873
 20
70.38663649032969
  0
LWPOLYLINE
  5
711
330
687
100
AcDbEntity
  8
0
100
AcDbPolyline
 90
3
 70
0
 10
14.12418919761694
 20
70.37475709640421
 42
-0.1619055040017489
 10
14.13589807297831
 20
70.33954536569217
 10
14.13589807297831
 20
69.91686307488999
  0
LINE
  5
712
330
687
100
AcDbEntity
  8
0
100
AcDbLine
 10
13.78965192512987
 20
70.37475709640421
 30
0.0
 11
13.64540638319886
 21
70.51900263834978
 31
0.0
  0
LINE
  5
713
330
687
100
AcDbEntity
  8
0
100
AcDbLine
 10
13.80153131906263
 20
70.38663649032969
 30
0.0
 11
13.65728577713162
 21
70.53088203227526
 31
0.0
  0
LINE
  5
714
330
687
100
AcDbEntity
  8
0
100
AcDbLine
 10
14.12418919761694
 20
70.37475709640421
 30
0.0
 11
14.26843473954795
 21
70.51900263834978
 31
0.0
  0
LINE
  5
715
330
687
100
AcDbEntity
  8
0
100
AcDbLine
 10
14.11230980369873
 20
70.38663649032969
 30
0.0
 11
14.25655534562975
 21
70.53088203227526
 31
0.0
  0
LINE
  5
716
330
687
100
AcDbEntity
  8
0
100
AcDbLine
 10
13.80504052804463
 20
69.25677573969733
 30
0.0
 11
13.66092764310451
 21
69.1126628547645
 31
0.0
  0
LINE
  5
717
330
687
100
AcDbEntity
  8
0
100
AcDbLine
 10
13.78722143716732
 20
69.2745948305892
 30
0.0
 11
13.6431085522272
 21
69.13048194564908
 31
0.0
  0
LINE
  5
718
330
687
100
AcDbEntity
  8
0
100
AcDbLine
 10
14.11237807297584
 20
69.2592573523143
 30
0.0
 11
14.25655534562975
 21
69.11496068572887
 31
0.0
  0
LINE
  5
719
330
687
100
AcDbEntity
  8
0
100
AcDbLine
 10
14.12422035568306
 20
69.27112732997193
 30
0.0
 11
14.26843473954795
 21
69.12684007965434
 31
0.0
  0
LINE
  5
71A
330
687
100
AcDbEntity
  8
0
100
AcDbLine
 10
13.77794304978306
 20
69.91686307488999
 30
0.0
 11
13.62674304977554
 21
69.82928859776439
 31
0.0
  0
LINE
  5
71B
330
687
100
AcDbEntity
  8
0
100
AcDbLine
 10
13.62674304977554
 20
69.81638667232619
 30
0.0
 11
13.77794304978306
 21
69.72895534145209
 31
0.0
  0
LINE
  5
71C
330
687
100
AcDbEntity
  8
0
100
AcDbLine
 10
14.13589807297831
 20
69.91686307488999
 30
0.0
 11
14.28709807297127
 21
69.82928859776439
 31
0.0
  0
LINE
  5
71D
330
687
100
AcDbEntity
  8
0
100
AcDbLine
 10
14.28709807297127
 20
69.81638667232619
 30
0.0
 11
14.13589807297831
 21
69.72895534145209
 31
0.0
  0
LWPOLYLINE
  5
71E
330
687
100
AcDbEntity
  8
0
100
AcDbPolyline
 90
2
 70
0
 10
13.20825796326244
 20
69.74732135900558
 10
12.97030294006254
 20
69.74732135900558
  0
LWPOLYLINE
  5
71F
330
687
100
AcDbEntity
  8
0
100
AcDbPolyline
 90
2
 70
0
 10
12.97030294006254
 20
69.89852135899855
 10
13.20825796326244
 20
69.89852135899855
  0
LWPOLYLINE
  5
720
330
687
100
AcDbEntity
  8
0
100
AcDbPolyline
 90
4
 70
1
 10
4.73808093721891
 20
71.92178228893317
 10
4.938080937216
 20
71.92178228893317
 10
4.938080937216
 20
72.12178228893026
 10
4.73808093721891
 20
72.12178228893026
  0
LWPOLYLINE
  5
721
330
687
100
AcDbEntity
  8
0
100
AcDbPolyline
 90
4
 70
1
 10
4.73808093721891
 20
70.92178228893317
 10
4.938080937216
 20
70.92178228893317
 10
4.938080937216
 20
71.12178228893026
 10
4.73808093721891
 20
71.12178228893026
  0
LWPOLYLINE
  5
722
330
687
100
AcDbEntity
  8
0
100
AcDbPolyline
 90
4
 70
1
 10
4.73808093721891
 20
70.92178228893317
 10
4.938080937216
 20
70.92178228893317
 10
4.938080937216
 20
71.12178228893026
 10
4.73808093721891
 20
71.12178228893026
  0
LWPOLYLINE
  5
723
330
687
100
AcDbEntity
  8
0
100
AcDbPolyline
 90
4
 70
0
 10
-14.14815375493344
 20
70.53058430122474
 42
-0.1730033431015782
 10
-14.09499421330838
 20
70.5495453656913
 10
-13.60263919011777
 20
70.5495453656913
 42
-0.1730033431015092
 10
-13.54947964850726
 20
70.53058430122474
  0
LWPOLYLINE
  5
724
330
687
100
AcDbEntity
  8
0
100
AcDbPolyline
 90
3
 70
0
 10
-13.5376002545745
 20
70.51870490729925
 42
-0.1730033431016178
 10
-13.51863919011521
 20
70.46554536568874
 10
-13.51863919011521
 20
69.82928859776439
  0
LWPOLYLINE
  5
725
330
687
100
AcDbEntity
  8
0
100
AcDbPolyline
 90
4
 70
0
 10
-13.54947964850726
 20
69.11525841677938
 42
-0.173003343101521
 10
-13.60263919011777
 20
69.09629735231283
 10
-14.09499421330838
 20
69.09629735231283
 42
-0.1600535475041646
 10
-14.14480961998197
 20
69.1126628547645
 42
-0.1600535475041646
  0
LWPOLYLINE
  5
726
330
687
100
AcDbEntity
  8
0
100
AcDbPolyline
 90
3
 70
0
 10
-14.16262871085928
 20
69.13048194564908
 42
-0.1600535475041259
 10
-14.17899421331094
 20
69.18029735231539
 10
-14.17899421331094
 20
69.81638667232619
  0
LWPOLYLINE
  5
727
330
687
100
AcDbEntity
  8
0
100
AcDbPolyline
 90
4
 70
0
 10
-13.69335919012519
 20
69.2592573523143
 42
-0.1622776601682571
 10
-13.72863919012161
 20
69.24749735231308
 10
-13.96899421331909
 20
69.24749735231308
 42
-0.1433289715803103
 10
-14.00069673504185
 20
69.25677573969733
 42
-0.1433289715803103
  0
LWPOLYLINE
  5
728
330
687
100
AcDbEntity
  8
0
100
AcDbPolyline
 90
3
 70
0
 10
-14.01851582593372
 20
69.2745948305892
 42
-0.1433289715802567
 10
-14.02779421331797
 20
69.30629735231196
 10
-14.02779421331797
 20
69.72895534145209
  0
LWPOLYLINE
  5
729
330
687
100
AcDbEntity
  8
0
100
AcDbPolyline
 90
4
 70
0
 10
-14.0042059440384
 20
70.38663649032969
 42
-0.1619055040018182
 10
-13.96899421331909
 20
70.39834536569106
 10
-13.72863919012161
 20
70.39834536569106
 42
-0.1619055040018182
 10
-13.6934274594023
 20
70.38663649032969
  0
LWPOLYLINE
  5
72A
330
687
100
AcDbEntity
  8
0
100
AcDbPolyline
 90
3
 70
0
 10
-13.68154806546954
 20
70.37475709640421
 42
-0.1619055040017489
 10
-13.66983919012273
 20
70.33954536569217
 10
-13.66983919012273
 20
69.91686307488999
  0
LINE
  5
72B
330
687
100
AcDbEntity
  8
0
100
AcDbLine
 10
-14.0042059440384
 20
70.38663649032969
 30
0.0
 11
-14.14845148596941
 21
70.53088203227526
 31
0.0
  0
LINE
  5
72C
330
687
100
AcDbEntity
  8
0
100
AcDbLine
 10
-13.68154806546954
 20
70.37475709640421
 30
0.0
 11
-13.53730252353853
 21
70.51900263834978
 31
0.0
  0
LINE
  5
72D
330
687
100
AcDbEntity
  8
0
100
AcDbLine
 10
-13.6934274594023
 20
70.38663649032969
 30
0.0
 11
-13.54918191745673
 21
70.53088203227526
 31
0.0
  0
LINE
  5
72E
330
687
100
AcDbEntity
  8
0
100
AcDbLine
 10
-14.00069673504185
 20
69.25677573969733
 30
0.0
 11
-14.14480961998197
 21
69.1126628547645
 31
0.0
  0
LINE
  5
72F
330
687
100
AcDbEntity
  8
0
100
AcDbLine
 10
-14.01851582593372
 20
69.2745948305892
 30
0.0
 11
-14.16262871085928
 21
69.13048194564908
 31
0.0
  0
LINE
  5
730
330
687
100
AcDbEntity
  8
0
100
AcDbLine
 10
-13.69335919012519
 20
69.2592573523143
 30
0.0
 11
-13.54918191745673
 21
69.11496068572887
 31
0.0
  0
LWPOLYLINE
  5
731
330
687
100
AcDbEntity
  8
0
100
AcDbPolyline
 90
2
 70
0
 10
-13.66983919012273
 20
69.74732135900558
 10
-14.02779421331797
 20
69.74732135900558
  0
LWPOLYLINE
  5
732
330
687
100
AcDbEntity
  8
0
100
AcDbPolyline
 90
2
 70
0
 10
-14.02779421331797
 20
69.89852135899855
 10
-13.66983919012273
 20
69.89852135899855
  0
LINE
  5
733
330
687
100
AcDbEntity
  8
0
100
AcDbLine
 10
-14.02779421331797
 20
69.89852135899855
 30
0.0
 11
-14.1506818712005
 21
69.82292135900207
 31
0.0
  0
LINE
  5
734
330
687
100
AcDbEntity
  8
0
100
AcDbLine
 10
-14.1506818712005
 20
69.82292135900207
 30
0.0
 11
-14.02779421331797
 21
69.74732135900558
 31
0.0
  0
LINE
  5
735
330
687
100
AcDbEntity
  8
0
100
AcDbLine
 10
-14.17899421331094
 20
69.81638667232619
 30
0.0
 11
-14.02779421331797
 21
69.72895534145209
 31
0.0
  0
LINE
  5
736
330
687
100
AcDbEntity
  8
0
100
AcDbLine
 10
-13.66983919012273
 20
69.89852135899855
 30
0.0
 11
-13.5469515322402
 21
69.82292135900207
 31
0.0
  0
LINE
  5
737
330
687
100
AcDbEntity
  8
0
100
AcDbLine
 10
-13.5469515322402
 20
69.82292135900207
 30
0.0
 11
-13.66983919012273
 21
69.74732135900558
 31
0.0
  0
LINE
  5
738
330
687
100
AcDbEntity
  8
0
100
AcDbLine
 10
-13.66983919012273
 20
69.91686307488999
 30
0.0
 11
-13.51863919011521
 21
69.82928859776439
 31
0.0
  0
LWPOLYLINE
  5
739
330
687
100
AcDbEntity
  8
0
100
AcDbPolyline
 90
2
 70
0
 10
-13.7298391901204
 20
69.74732135900558
 10
-13.9677942133203
 20
69.74732135900558
  0
LWPOLYLINE
  5
73A
330
687
100
AcDbEntity
  8
0
100
AcDbPolyline
 90
2
 70
0
 10
-13.9677942133203
 20
69.89852135899855
 10
-13.7298391901204
 20
69.89852135899855
  0
LWPOLYLINE
  5
73B
330
687
100
AcDbEntity
  8
0
100
AcDbPolyline
 90
3
 70
0
 10
-13.53500469259597
 20
69.13048194564908
 42
0.1600535475041259
 10
-13.51863919014431
 20
69.18029735231539
 10
-13.51863919014431
 20
69.81638667232619
  0
LWPOLYLINE
  5
73C
330
687
100
AcDbEntity
  8
0
100
AcDbPolyline
 90
3
 70
0
 10
-13.67911757752154
 20
69.2745948305892
 42
0.1433289715802567
 10
-13.66983919013728
 20
69.30629735231196
 10
-13.66983919013728
 20
69.72895534145209
  0
LINE
  5
73D
330
687
100
AcDbEntity
  8
0
100
AcDbLine
 10
-13.67911757752154
 20
69.2745948305892
 30
0.0
 11
-13.53500469259597
 21
69.13048194564908
 31
0.0
  0
LINE
  5
73E
330
687
100
AcDbEntity
  8
0
100
AcDbLine
 10
-13.51863919014431
 20
69.81638667232619
 30
0.0
 11
-13.66983919013728
 21
69.72895534145209
 31
0.0
  0
HATCH
  5
73F
330
687
100
AcDbEntity
  8
0
 62
8
370
9
100
AcDbHatch
 10
0.0
 20
0.0
 30
0.0
210
0.0
220
0.0
230
1.0
  2
SOLID
 70
1
 71
0
 91
1
 92
1
 93
1
 72
3
 10
-11.13516718160099
 20
53.45054611175874
 11
-2.287801390537393
 21
2.883290647911398
 40
0.5371900826072277
 50
0.0
 51
360.0
 73
0
 97
1
330
6EA0A
 75
0
 76
1
 98
1
 10
-28158.80112192168
 20
50544.82951753125
450
0
451
0
460
0.0
461
0.0
452
0
462
0.0
453
2
463
0
 63
5
421
255
463
1
 63
51
421
16777113
470
LINEAR
  0
ELLIPSE
  5
740
330
687
100
AcDbEntity
  8
0
 62
253
370
9
100
AcDbEllipse
 10
-11.13516718160099
 20
53.45054611175874
 30
0.0
 11
-2.287801390537393
 21
2.883290647911397
 31
0.0
210
0.0
220
0.0
230
-0.9999999999999998
 40
0.537190082607228
 41
0.0
 42
6.283185307179584
  0
HATCH
  5
741
330
687
100
AcDbEntity
  8
0
 62
8
370
9
100
AcDbHatch
 10
0.0
 20
0.0
 30
0.0
210
0.0
220
0.0
230
1.0
  2
SOLID
 70
1
 71
0
 91
1
 92
1
 93
1
 72
3
 10
-0.1351671816009912
 20
53.45054611175874
 11
-2.287801390537393
 21
2.883290647911398
 40
0.5371900826072277
 50
0.0
 51
360.0
 73
0
 97
1
330
6EA0C
 75
0
 76
1
 98
1
 10
-28147.80112192167
 20
50544.82951753125
450
0
451
0
460
0.0
461
0.0
452
0
462
0.0
453
2
463
0
 63
5
421
255
463
1
 63
51
421
16777113
470
LINEAR
  0
ELLIPSE
  5
742
330
687
100
AcDbEntity
  8
0
 62
253
370
9
100
AcDbEllipse
 10
-0.1351671816009912
 20
53.45054611175874
 30
0.0
 11
-2.287801390537393
 21
2.883290647911397
 31
0.0
210
0.0
220
0.0
230
-0.9999999999999998
 40
0.537190082607228
 41
0.0
 42
6.283185307179584
  0
HATCH
  5
743
330
687
100
AcDbEntity
  8
0
 62
8
370
9
100
AcDbHatch
 10
0.0
 20
0.0
 30
0.0
210
0.0
220
0.0
230
1.0
  2
SOLID
 70
1
 71
0
 91
1
 92
1
 93
1
 72
3
 10
10.86483281839901
 20
53.45054611175874
 11
-2.287801390537393
 21
2.883290647911398
 40
0.5371900826072277
 50
0.0
 51
360.0
 73
0
 97
1
330
6EA0E
 75
0
 76
1
 98
1
 10
-28136.80112192167
 20
50544.82951753125
450
0
451
0
460
0.0
461
0.0
452
0
462
0.0
453
2
463
0
 63
5
421
255
463
1
 63
51
421
16777113
470
LINEAR
  0
ELLIPSE
  5
744
330
687
100
AcDbEntity
  8
0
 62
253
370
9
100
AcDbEllipse
 10
10.86483281839901
 20
53.45054611175874
 30
0.0
 11
-2.287801390537393
 21
2.883290647911397
 31
0.0
210
0.0
220
0.0
230
-0.9999999999999998
 40
0.537190082607228
 41
0.0
 42
6.283185307179584
  0
HATCH
  5
745
330
687
100
AcDbEntity
  8
0
 62
8
370
9
100
AcDbHatch
 10
0.0
 20
0.0
 30
0.0
210
0.0
220
0.0
230
1.0
  2
SOLID
 70
1
 71
0
 91
1
 92
1
 93
1
 72
3
 10
-5.635167181600991
 20
42.45054611175874
 11
-2.287801390537393
 21
2.883290647911398
 40
0.5371900826072277
 50
0.0
 51
360.0
 73
0
 97
1
330
6EA10
 75
0
 76
1
 98
1
 10
-28153.30112192167
 20
50533.82951753125
450
0
451
0
460
0.0
461
0.0
452
0
462
0.0
453
2
463
0
 63
5
421
255
463
1
 63
51
421
16777113
470
LINEAR
  0
ELLIPSE
  5
746
330
687
100
AcDbEntity
  8
0
 62
253
370
9
100
AcDbEllipse
 10
-5.635167181600991
 20
42.45054611175874
 30
0.0
 11
-2.287801390537393
 21
2.883290647911397
 31
0.0
210
0.0
220
0.0
230
-0.9999999999999998
 40
0.537190082607228
 41
0.0
 42
6.283185307179584
  0
HATCH
  5
747
330
687
100
AcDbEntity
  8
0
 62
8
370
9
100
AcDbHatch
 10
0.0
 20
0.0
 30
0.0
210
0.0
220
0.0
230
1.0
  2
SOLID
 70
1
 71
0
 91
1
 92
1
 93
1
 72
3
 10
5.364832818399008
 20
42.45054611175874
 11
-2.287801390537393
 21
2.883290647911398
 40
0.5371900826072277
 50
0.0
 51
360.0
 73
0
 97
1
330
6EA12
 75
0
 76
1
 98
1
 10
-28142.30112192167
 20
50533.82951753125
450
0
451
0
460
0.0
461
0.0
452
0
462
0.0
453
2
463
0
 63
5
421
255
463
1
 63
51
421
16777113
470
LINEAR
  0
ELLIPSE
  5
748
330
687
100
AcDbEntity
  8
0
 62
253
370
9
100
AcDbEllipse
 10
5.364832818399008
 20
42.45054611175874
 30
0.0
 11
-2.287801390537393
 21
2.883290647911397
 31
0.0
210
0.0
220
0.0
230
-0.9999999999999998
 40
0.537190082607228
 41
0.0
 42
6.283185307179584
  0
HATCH
  5
749
330
687
100
AcDbEntity
  8
0
 62
8
370
9
100
AcDbHatch
 10
0.0
 20
0.0
 30
0.0
210
0.0
220
0.0
230
1.0
  2
SOLID
 70
1
 71
0
 91
1
 92
1
 93
1
 72
3
 10
16.36483281839901
 20
42.45054611175874
 11
-2.287801390537393
 21
2.883290647911398
 40
0.5371900826072277
 50
0.0
 51
360.0
 73
0
 97
1
330
6EA14
 75
0
 76
1
 98
1
 10
-28131.30112192167
 20
50533.82951753125
450
0
451
0
460
0.0
461
0.0
452
0
462
0.0
453
2
463
0
 63
5
421
255
463
1
 63
51
421
16777113
470
LINEAR
  0
ELLIPSE
  5
74A
330
687
100
AcDbEntity
  8
0
 62
253
370
9
100
AcDbEllipse
 10
16.36483281839901
 20
42.45054611175874
 30
0.0
 11
-2.287801390537393
 21
2.883290647911397
 31
0.0
210
0.0
220
0.0
230
-0.9999999999999998
 40
0.537190082607228
 41
0.0
 42
6.283185307179584
  0
HATCH
  5
74B
330
687
100
AcDbEntity
  8
0
 62
1
100
AcDbHatch
 10
0.0
 20
0.0
 30
0.0
210
0.0
220
0.0
230
1.0
  2
SOLID
 70
1
 71
0
 91
1
 92
1
 93
1
 72
2
 10
-15.9737291892161
 20
42.16062305297237
 40
2.5
 50
0.0
 51
360.0
 73
1
 97
1
330
6EA16
 75
0
 76
1
 98
1
 10
-90309.05991025838
 20
-37926.70901437701
450
1
451
0
460
0.0
461
0.0
452
1
462
0.5899999737739563
453
2
463
0
 63
1
421
16124173
463
1
 63
240
421
16266552
470
INVCYLINDER
  0
CIRCLE
  5
74C
330
687
100
AcDbEntity
  8
0
 62
1
100
AcDbCircle
 10
-15.9737291892161
 20
42.16062305297237
 30
0.0
 40
2.5
  0
LINE
  5
74D
330
687
100
AcDbEntity
  8
0
100
AcDbLine
 10
-27.50000000000728
 20
15.0
 30
0.0
 11
-24.50000000000728
 21
15.0
 31
0.0
  0
LINE
  5
74E
330
687
100
AcDbEntity
  8
0
100
AcDbLine
 10
-19.50000000000727
 20
15.0
 30
0.0
 11
-14.50000000000727
 21
15.0
 31
0.0
  0
LINE
  5
74F
330
687
100
AcDbEntity
  8
0
100
AcDbLine
 10
-9.500000000007274
 20
15.0
 30
0.0
 11
-4.499999999992724
 21
15.0
 31
0.0
  0
LINE
  5
750
330
687
100
AcDbEntity
  8
0
100
AcDbLine
 10
4.500000000007275
 20
15.0
 30
0.0
 11
9.500000000021828
 21
15.0
 31
0.0
  0
LINE
  5
751
330
687
100
AcDbEntity
  8
0
100
AcDbLine
 10
14.50000000002183
 20
15.0
 30
0.0
 11
19.50000000002183
 21
15.0
 31
0.0
  0
LINE
  5
752
330
687
100
AcDbEntity
  8
0
100
AcDbLine
 10
24.50000000002183
 20
15.0
 30
0.0
 11
27.50000000000728
 21
15.0
 31
0.0
  0
ARC
  5
753
330
687
100
AcDbEntity
  8
0
100
AcDbCircle
 10
-22.00000000000728
 20
12.37499999999272
 30
0.0
 40
3.625000000005268
100
AcDbArc
 50
46.39718102771147
 51
133.6028189722885
  0
ARC
  5
754
330
687
100
AcDbEntity
  8
0
100
AcDbCircle
 10
-12.00000000000727
 20
12.37499999999272
 30
0.0
 40
3.625000000005268
100
AcDbArc
 50
46.39718102771147
 51
133.6028189722885
  0
ARC
  5
755
330
687
100
AcDbEntity
  8
0
100
AcDbCircle
 10
7.276e-12
 20
12.2326088209229
 30
0.0
 40
5.282845250244768
100
AcDbArc
 50
31.59051037459742
 51
148.4094896254026
  0
ARC
  5
756
330
687
100
AcDbEntity
  8
0
100
AcDbCircle
 10
22.00000000002183
 20
12.37499999999272
 30
0.0
 40
3.625000000005268
100
AcDbArc
 50
46.39718102771147
 51
133.6028189722885
  0
ARC
  5
757
330
687
100
AcDbEntity
  8
0
100
AcDbCircle
 10
12.00000000002183
 20
12.37499999999272
 30
0.0
 40
3.625000000005268
100
AcDbArc
 50
46.39718102771147
 51
133.6028189722885
  0
MTEXT
  5
758
330
687
100
AcDbEntity
  8
0
 62
253
370
9
100
AcDbMText
 10
-12.82421972980228
 20
59.43324161259079
 30
0.0
 40
1.3824
 41
6.91124644296778
 46
100.0000000000031
 71
5
 72
5
  1
D+
  7
ARIAL
  0
MTEXT
  5
759
330
687
100
AcDbEntity
  8
0
 62
253
370
9
100
AcDbMText
 10
-1.82421972980228
 20
59.43324161259079
 30
0.0
 40
1.3824
 41
6.91124644296778
 46
100.0000000000031
 71
5
 72
5
  1
H+
  7
ARIAL
  0
MTEXT
  5
75A
330
687
100
AcDbEntity
  8
0
 62
253
370
9
100
AcDbMText
 10
9.17578027019772
 20
59.43324161259079
 30
0.0
 40
1.3824
 41
6.91124644296778
 46
100.0000000000031
 71
5
 72
5
  1
M+
  7
ARIAL
  0
MTEXT
  5
75B
330
687
100
AcDbEntity
  8
0
 62
253
370
9
100
AcDbMText
 10
-14.04996314469463
 20
36.74418215135665
 30
0.0
 40
1.3824
 41
6.91124644296778
 46
100.0000000000031
 71
5
 72
5
  1
MANUAL
  7
ARIAL
  0
MTEXT
  5
75C
330
687
100
AcDbEntity
  8
0
 62
253
370
9
100
AcDbMText
 10
-1.82421972980228
 20
36.74418215135665
 30
0.0
 40
1.3824
 41
6.91124644296778
 46
100.0000000000031
 71
5
 72
5
  1
P
  7
ARIAL
  0
LWPOLYLINE
  5
75D
330
687
100
AcDbEntity
  8
0
 62
253
100
AcDbPolyline
 90
6
 70
0
 10
-20.81872862218734
 20
37.61361555621261
 10
-20.36342751602206
 20
38.14842854852031
 42
0.4142135623730951
 10
-20.39358587499737
 20
38.50920891575515
 10
-20.43158001111442
 20
38.54134105498815
 42
0.4142135623730951
 10
-20.79236037833471
 20
38.51118269599101
 10
-21.37122185520275
 20
37.8302677118918
  0
LWPOLYLINE
  5
75E
330
687
100
AcDbEntity
  8
0
 62
253
100
AcDbPolyline
 90
6
 70
0
 10
-20.40048328837293
 20
37.23822411092988
 10
-19.67356618744816
 20
38.09420510888595
 42
0.4142135623730951
 10
-19.70372454643802
 20
38.45498547612806
 10
-19.74171868254052
 20
38.48711761535378
 42
0.4142135623730951
 10
-20.10249904977536
 20
38.45695925635664
 10
-20.81872862218734
 20
37.61361555621261
  0
LWPOLYLINE
  5
75F
330
687
100
AcDbEntity
  8
0
 62
253
100
AcDbPolyline
 90
6
 70
0
 10
-20.12138035322278
 20
36.69830595317035
 10
-19.06284442598553
 20
37.94995489588473
 42
0.4142135623730951
 10
-19.09300278497539
 20
38.31073526312684
 10
-19.13099692106334
 20
38.34286740234529
 42
0.4142135623730951
 10
-19.49177728829818
 20
38.31270904334088
 10
-20.40048328837293
 20
37.23822411092988
  0
LWPOLYLINE
  5
760
330
687
100
AcDbEntity
  8
0
 62
253
100
AcDbPolyline
 90
6
 70
0
 10
-21.06613783767534
 20
34.88838879641844
 10
-18.02651772958779
 20
38.47735766476399
 42
0.4142135623730951
 10
-18.05064441679133
 20
38.76598195856786
 10
-18.08103972565004
 20
38.79168766993098
 42
0.4142135623730951
 10
-18.3696640194612
 20
38.767560982742
 10
-20.12138035322278
 20
36.69830595317035
  0
ARC
  5
761
330
687
100
AcDbEntity
  8
0
 62
253
100
AcDbCircle
 10
-19.1666497360784
 20
34.90554837122181
 30
0.0
 40
3.662529378748325
100
AcDbArc
 50
127.0079711449461
 51
149.0453814361202
  0
CIRCLE
  5
762
330
687
100
AcDbEntity
  8
0
 62
8
100
AcDbCircle
 10
6.761419514405133
 20
36.59057276934618
 30
0.0
 40
1.039619337381199
  0
LINE
  5
763
330
687
100
AcDbEntity
  8
0
 62
8
100
AcDbLine
 10
6.761419514405133
 20
36.59057276934618
 30
0.0
 11
6.761419514405133
 21
37.63019210672792
 31
0.0
  0
LINE
  5
764
330
687
100
AcDbEntity
  8
0
 62
8
100
AcDbLine
 10
6.761419514405133
 20
37.63019210672792
 30
0.0
 11
6.761419514405133
 21
36.59057276934618
 31
0.0
  0
LINE
  5
765
330
687
100
AcDbEntity
  8
0
 62
8
100
AcDbLine
 10
6.761419514405133
 20
36.59057276934618
 30
0.0
 11
7.801038851779594
 21
36.59057276934618
 31
0.0
  0
MTEXT
  5
766
330
687
100
AcDbEntity
  8
0
 62
253
370
9
100
AcDbMText
 10
20.17578027019772
 20
36.74418215135665
 30
0.0
 40
1.3824
 41
6.91124644296778
 46
100.0000000000031
 71
5
 72
5
  1
C/R
  7
ARIAL
  0
MTEXT
  5
767
330
687
100
AcDbEntity
  8
0
 62
253
370
9
100
AcDbMText
 10
6.326920129569771
 20
65.84436621738132
 30
0.0
 40
0.8294400000000001
 41
4.146747865780668
 46
100.0000000000031
 71
5
 72
5
  1
AUTO
  7
ARIAL
  0
CIRCLE
  5
768
330
687
100
AcDbEntity
  8
0
100
AcDbCircle
 10
-21.94811936740734
 20
11.19999921321869
 30
0.0
 40
3.0
  0
CIRCLE
  5
769
330
687
100
AcDbEntity
  8
0
100
AcDbCircle
 10
7.276e-12
 20
11.19999921321869
 30
0.0
 40
3.0
  0
CIRCLE
  5
76A
330
687
100
AcDbEntity
  8
0
100
AcDbCircle
 10
-12.00000000000727
 20
11.19999921321869
 30
0.0
 40
3.0
  0
LINE
  5
76B
330
687
100
AcDbEntity
  8
0
100
AcDbLine
 10
-20.49855046596349
 20
9.750430311774833
 30
0.0
 11
-23.3976882688512
 21
12.64956811466254
 31
0.0
  0
LINE
  5
76C
330
687
100
AcDbEntity
  8
0
100
AcDbLine
 10
-20.49855046596349
 20
12.64956811466254
 30
0.0
 11
-23.3976882688512
 21
9.750430311774833
 31
0.0
  0
LINE
  5
76D
330
687
100
AcDbEntity
  8
0
100
AcDbLine
 10
-10.55043109856342
 20
12.64956811466254
 30
0.0
 11
-13.44956890145113
 21
9.750430311774833
 31
0.0
  0
LINE
  5
76E
330
687
100
AcDbEntity
  8
0
100
AcDbLine
 10
-10.55043109856342
 20
9.750430311774833
 30
0.0
 11
-13.44956890145113
 21
12.64956811466254
 31
0.0
  0
CIRCLE
  5
76F
330
687
100
AcDbEntity
  8
0
100
AcDbCircle
 10
21.9481193674219
 20
11.19999921321869
 30
0.0
 40
3.0
  0
CIRCLE
  5
770
330
687
100
AcDbEntity
  8
0
100
AcDbCircle
 10
12.00000000002183
 20
11.19999921321869
 30
0.0
 40
3.0
  0
LINE
  5
771
330
687
100
AcDbEntity
  8
0
100
AcDbLine
 10
20.49855046597804
 20
9.750430311774833
 30
0.0
 11
23.39768826886575
 21
12.64956811466254
 31
0.0
  0
LINE
  5
772
330
687
100
AcDbEntity
  8
0
100
AcDbLine
 10
20.49855046597804
 20
12.64956811466254
 30
0.0
 11
23.39768826886575
 21
9.750430311774833
 31
0.0
  0
LINE
  5
773
330
687
100
AcDbEntity
  8
0
100
AcDbLine
 10
10.55043109857797
 20
12.64956811466254
 30
0.0
 11
13.44956890146568
 21
9.750430311774833
 31
0.0
  0
LINE
  5
774
330
687
100
AcDbEntity
  8
0
100
AcDbLine
 10
10.55043109857797
 20
9.750430311774833
 30
0.0
 11
13.44956890146568
 21
12.64956811466254
 31
0.0
  0
LWPOLYLINE
  5
775
330
687
100
AcDbEntity
  8
0
100
AcDbPolyline
 90
8
 70
1
 10
14.8151895743722
 20
1.975322131605935
 10
19.2660868848543
 20
1.975322131605935
 42
0.4142135623707369
 10
19.56608688485721
 20
2.275322131608845
 10
19.56608688487176
 20
3.782766712341981
 42
0.4142135623733969
 10
19.26608688486885
 20
4.082766712344891
 10
14.8151895743722
 20
4.082766712344891
 42
0.4142135623727891
 10
14.51518957436929
 20
3.782766712341981
 10
14.51518957436929
 20
2.275322131608845
 42
0.4142135623730951
  0
MTEXT
  5
776
330
687
100
AcDbEntity
  8
0
100
AcDbMText
 10
15.3299286002948
 20
3.830948053313477
 30
0.0
 40
1.25
 41
1.976740411773789
 46
0.0
 71
1
 72
5
  1
{\Ftxt1|c0;Load}
  0
LINE
  5
777
330
687
100
AcDbEntity
  8
0
100
AcDbLine
 10
19.56608688485721
 20
3.029044421971775
 30
0.0
 11
22.54963527961081
 21
3.029044421971775
 31
0.0
  0
LINE
  5
778
330
687
100
AcDbEntity
  8
0
100
AcDbLine
 10
22.54963527961081
 20
3.029044421971775
 30
0.0
 11
22.54963527961081
 21
6.991021676949458
 31
0.0
  0
LINE
  5
779
330
687
100
AcDbEntity
  8
0
100
AcDbLine
 10
14.51518957436929
 20
3.029044421971775
 30
0.0
 11
11.53164117961569
 21
3.029044421971775
 31
0.0
  0
LINE
  5
77A
330
687
100
AcDbEntity
  8
0
100
AcDbLine
 10
11.53164117961569
 20
3.029044421971775
 30
0.0
 11
11.53164117961569
 21
6.96688505338534
 31
0.0
  0
CIRCLE
  5
77B
330
687
100
AcDbEntity
  8
0
100
AcDbCircle
 10
-17.12140771328268
 20
3.868033059719891
 30
0.0
 40
2.7
  0
ARC
  5
77C
330
687
100
AcDbEntity
  8
0
100
AcDbCircle
 10
-18.13158383280824
 20
4.679459966362628
 30
0.0
 40
1.145193167255512
100
AcDbArc
 50
196.4690447137775
 51
322.4649354945352
  0
ARC
  5
77D
330
687
100
AcDbEntity
  8
0
100
AcDbCircle
 10
-16.31535182246443
 20
3.284049329347908
 30
0.0
 40
1.145193167255512
100
AcDbArc
 50
16.46904471336581
 51
142.4649354945352
  0
LINE
  5
77E
330
687
100
AcDbEntity
  8
0
100
AcDbLine
 10
-19.82140771327977
 20
3.868033059719891
 30
0.0
 11
-22.28977357030817
 21
3.868033059719891
 31
0.0
  0
LINE
  5
77F
330
687
100
AcDbEntity
  8
0
100
AcDbLine
 10
-22.28977357030817
 20
3.868033059719891
 30
0.0
 11
-22.28977357030817
 21
7.361981763737276
 31
0.0
  0
LINE
  5
780
330
687
100
AcDbEntity
  8
0
100
AcDbLine
 10
-14.42140771328559
 20
3.868033059719891
 30
0.0
 11
-11.95304185624263
 21
3.868033059719891
 31
0.0
  0
LINE
  5
781
330
687
100
AcDbEntity
  8
0
100
AcDbLine
 10
-11.95304185624263
 20
3.868033059719891
 30
0.0
 11
-11.95304185624263
 21
7.361981763737276
 31
0.0
  0
HATCH
  5
782
330
687
100
AcDbEntity
  8
0
 62
8
370
9
100
AcDbHatch
 10
0.0
 20
0.0
 30
0.0
210
0.0
220
0.0
230
1.0
  2
SOLID
 70
1
 71
0
 91
1
 92
1
 93
1
 72
2
 10
18.60352956681891
 20
51.77067741360224
 40
0.5
 50
0.0
 51
360.0
 73
1
 97
1
330
6EA4D
 75
0
 76
1
 98
1
 10
-90309.05991025838
 20
-37926.70901437701
450
0
451
0
460
0.0
461
0.0
452
1
462
0.5899999737739563
453
2
463
0
 63
9
421
12632256
463
1
 63
252
421
9868950
470
INVCYLINDER
  0
CIRCLE
  5
783
330
687
100
AcDbEntity
  8
0
 62
8
370
9
100
AcDbCircle
 10
18.60352956681891
 20
51.77067741360224
 30
0.0
 40
0.5
  0
HATCH
  5
784
330
687
100
AcDbEntity
  8
0
 62
1
100
AcDbHatch
 10
0.0
 20
0.0
 30
0.0
210
0.0
220
0.0
230
1.0
  2
SOLID
 70
1
 71
0
 91
1
 92
1
 93
1
 72
2
 10
18.60352956681891
 20
60.73918904091988
 40
0.5
 50
0.0
 51
360.0
 73
1
 97
1
330
6EA4F
 75
0
 76
1
 98
1
 10
-90309.05991025838
 20
-37926.70901437701
450
1
451
0
460
0.0
461
0.0
452
1
462
0.5899999737739563
453
2
463
0
 63
13
421
16536663
463
1
 63
240
421
16527668
470
INVCYLINDER
  0
CIRCLE
  5
785
330
687
100
AcDbEntity
  8
0
 62
1
100
AcDbCircle
 10
18.60352956681891
 20
60.73918904091988
 30
0.0
 40
0.5
  0
MTEXT
  5
786
330
687
100
AcDbEntity
  8
0
 62
253
370
9
100
AcDbMText
 10
19.2577674508866
 20
56.62090306898608
 30
0.0
 40
0.6912000000000001
 41
3.45562322148389
 46
100.0000000000031
 71
5
 72
5
  1
C
  7
ARIAL
  0
MTEXT
  5
787
330
687
100
AcDbEntity
  8
0
 62
253
370
9
100
AcDbMText
 10
1.688018750523042
 20
89.63551896257559
 30
0.0
 40
2.48832
 41
33.72683625294764
 46
100.0000000000031
 71
5
 72
5
  1
Electron timer
  7
ARIAL
  0
LWPOLYLINE
  5
788
330
687
100
AcDbEntity
  8
0
 62
253
100
AcDbPolyline
 90
8
 70
1
 10
4.456980852024571
 20
65.16703239631897
 10
7.998938106633431
 20
65.1670323963117
 42
0.4142135623730951
 10
8.298938106636342
 20
65.46703239631461
 10
8.298938106636342
 20
66.25638034073927
 42
0.4142135623730951
 10
7.998938106633431
 20
66.55638034074218
 10
4.456980852024571
 20
66.55638034074218
 42
0.4142135623730951
 10
4.156980852021661
 20
66.25638034073927
 10
4.156980852021661
 20
65.46703239632188
 42
0.4142135623725405
  0
LWPOLYLINE
  5
789
330
687
100
AcDbEntity
  8
0
 60
1
100
AcDbPolyline
 90
3
 70
0
 10
7.276e-12
 20
39.0
 10
7.276e-12
 20
0.0
 10
32.00000000000728
 20
0.0
  0
LWPOLYLINE
  5
78A
330
687
100
AcDbEntity
  8
0
 60
1
100
AcDbPolyline
 90
7
 70
0
 10
33.00000000000728
 20
15.0
 10
42.00000000000727
 20
15.0
 42
0.4142135623730951
 10
43.00000000000728
 20
16.0
 10
43.00000000002182
 20
98.0
 42
0.4142135623730951
 10
42.00000000002183
 20
99.0
 10
7.276e-12
 20
99.0
 10
7.276e-12
 20
74.0
  0
LWPOLYLINE
  5
78B
330
687
100
AcDbEntity
  8
0
 60
1
100
AcDbPolyline
 90
5
 70
1
 10
7.276e-12
 20
0.0
 10
32.00000000000728
 20
0.0
 42
0.4142135623730951
 10
33.00000000000728
 20
1.0
 10
33.00000000000728
 20
15.0
 10
7.276e-12
 20
15.0
  0
LWPOLYLINE
  5
78C
330
687
100
AcDbEntity
  8
0
 60
1
100
AcDbPolyline
 90
2
 70
0
 10
7.276e-12
 20
82.0
 10
7.276e-12
 20
74.0
  0
LWPOLYLINE
  5
78D
330
687
100
AcDbEntity
  8
0
 60
1
100
AcDbPolyline
 90
5
 70
0
 10
7.276e-12
 20
82.0
 10
7.276e-12
 20
74.0
 10
3.500000000007275
 20
74.0
 10
3.500000000007275
 20
82.0
 10
2.000000000007275
 20
82.0
  0
LWPOLYLINE
  5
78E
330
687
100
AcDbEntity
  8
0
 60
1
100
AcDbPolyline
 90
4
 70
1
 10
3.500000000007275
 20
39.0
 10
3.500000000007275
 20
31.0
 10
7.276e-12
 20
31.0
 10
7.276e-12
 20
39.0
  0
LINE
  5
78F
330
687
100
AcDbEntity
  8
0
 60
1
100
AcDbLine
 10
3.500000000007275
 20
74.0
 30
0.0
 11
3.500000000007275
 21
39.0
 31
0.0
  0
LWPOLYLINE
  5
790
330
687
100
AcDbEntity
  8
0
 60
1
100
AcDbPolyline
 90
4
 70
0
 10
2.000000000007275
 20
82.0
 10
2.000000000007275
 20
84.0
 10
7.276e-12
 20
84.0
 10
7.276e-12
 20
80.0
  0
LINE
  5
791
330
687
100
AcDbEntity
  8
0
 60
1
100
AcDbLine
 10
2.000000000007275
 20
82.0
 30
0.0
 11
7.276e-12
 21
82.0
 31
0.0
  0
LINE
  5
792
330
687
100
AcDbEntity
  8
0
 60
1
100
AcDbLine
 10
2.458568107780592
 20
39.0
 30
0.0
 11
2.458568107780592
 21
41.74022103042807
 31
0.0
  0
LINE
  5
793
330
687
100
AcDbEntity
  8
0
 60
1
100
AcDbLine
 10
2.458568107780592
 20
41.74022103042807
 30
0.0
 11
1.575848980493901
 21
41.74022103042807
 31
0.0
  0
LINE
  5
794
330
687
100
AcDbEntity
  8
0
 60
1
100
AcDbLine
 10
1.575848980493901
 20
41.74022103042807
 30
0.0
 11
7.276e-12
 21
39.0
 31
0.0
  0
LINE
  5
795
330
687
100
AcDbEntity
  8
0
 60
1
100
AcDbLine
 10
2.458568107780592
 20
74.0
 30
0.0
 11
2.108141921555215
 21
71.25977896957193
 31
0.0
  0
LINE
  5
796
330
687
100
AcDbEntity
  8
0
 60
1
100
AcDbLine
 10
2.108141921555215
 20
71.25977896957193
 30
0.0
 11
1.225422794268524
 21
71.25977896957193
 31
0.0
  0
LINE
  5
797
330
687
100
AcDbEntity
  8
0
 60
1
100
AcDbLine
 10
1.225422794268524
 20
71.25977896957193
 30
0.0
 11
7.276e-12
 21
74.0
 31
0.0
  0
LINE
  5
798
330
687
100
AcDbEntity
  8
0
 60
1
100
AcDbLine
 10
25.446149494157
 20
99.0
 30
0.0
 11
25.446149494157
 21
0.0
 31
0.0
  0
HATCH
  5
799
330
687
100
AcDbEntity
  8
0
 62
8
370
9
 60
1
100
AcDbHatch
 10
0.0
 20
0.0
 30
0.0
210
0.0
220
0.0
230
1.0
  2
SOLID
 70
1
 71
0
 91
1
 92
1
 93
6
 72
1
 10
43.00000000000728
 20
50.31661775016982
 11
44.70000000000436
 21
50.31661775016982
 72
2
 10
44.70000000000399
 20
50.6166177501731
 40
0.3000000000032799
 50
270.0000000000705
 51
359.9999999999294
 73
1
 72
1
 10
45.00000000000727
 20
50.61661775017274
 11
45.00000000002183
 21
56.22676115677314
 72
2
 10
44.70000000001891
 20
56.22676115677314
 40
0.3000000000029104
 50
0.0
 51
90.0
 73
1
 72
1
 10
44.70000000001891
 20
56.52676115677604
 11
43.00000000000728
 21
56.52676115677604
 72
1
 10
43.00000000000728
 20
56.52676115677604
 11
43.00000000000728
 21
50.31661775016982
 97
1
330
6EA64
 75
0
 76
1
 98
1
 10
-90356.53868434581
 20
-37926.70901437701
450
0
451
0
460
0.0
461
0.0
452
1
462
0.5899999737739563
453
2
463
0
 63
9
421
12632256
463
1
 63
252
421
9868950
470
INVCYLINDER
  0
LWPOLYLINE
  5
79A
330
687
100
AcDbEntity
  8
0
 62
8
370
9
 60
1
100
AcDbPolyline
 90
6
 70
1
 10
43.00000000000728
 20
50.31661775016982
 10
44.70000000000436
 20
50.31661775016982
 42
0.4142135623723739
 10
45.00000000000727
 20
50.61661775017274
 10
45.00000000002183
 20
56.22676115677314
 42
0.4142135623730951
 10
44.70000000001891
 20
56.52676115677604
 10
43.00000000000728
 20
56.52676115677604
  0
HATCH
  5
79B
330
687
100
AcDbEntity
  8
0
 62
1
 60
1
100
AcDbHatch
 10
0.0
 20
0.0
 30
0.0
210
0.0
220
0.0
230
1.0
  2
SOLID
 70
1
 71
0
 91
1
 92
1
 93
6
 72
1
 10
43.00000000000728
 20
39.31661775016983
 11
44.70000000000436
 21
39.31661775016983
 72
2
 10
44.70000000000399
 20
39.61661775017311
 40
0.3000000000032799
 50
270.0000000000705
 51
359.9999999999294
 73
1
 72
1
 10
45.00000000000727
 20
39.61661775017274
 11
45.00000000002183
 21
45.22676115677313
 72
2
 10
44.70000000001891
 20
45.22676115677313
 40
0.3000000000029104
 50
0.0
 51
90.0
 73
1
 72
1
 10
44.70000000001891
 20
45.52676115677605
 11
43.00000000000728
 21
45.52676115677605
 72
1
 10
43.00000000000728
 20
45.52676115677605
 11
43.00000000000728
 21
39.31661775016983
 97
1
330
6EA66
 75
0
 76
1
 98
1
 10
-90356.53868434581
 20
-37937.709014377
450
1
451
0
460
0.0
461
0.0
452
1
462
0.5899999737739563
453
2
463
0
 63
1
421
16124173
463
1
 63
240
421
16266552
470
INVCYLINDER
  0
LWPOLYLINE
  5
79C
330
687
100
AcDbEntity
  8
0
 62
1
 60
1
100
AcDbPolyline
 90
6
 70
1
 10
43.00000000000728
 20
39.31661775016983
 10
44.70000000000436
 20
39.31661775016983
 42
0.4142135623723739
 10
45.00000000000727
 20
39.61661775017274
 10
45.00000000002183
 20
45.22676115677313
 42
0.4142135623730951
 10
44.70000000001891
 20
45.52676115677605
 10
43.00000000000728
 20
45.52676115677605
  0
ENDBLK
  5
689
330
687
100
AcDbEntity
  8
0
100
AcDbBlockEnd
  0
BLOCK
  5
79E
330
79D
100
AcDbEntity
  8
0
100
AcDbBlockBegin
  2
*U1909
 70
1
 10
0.0
 20
0.0
 30
0.0
  3
*U1909
  1

  0
LWPOLYLINE
  5
7A0
330
79D
100
AcDbEntity
  8
0
100
AcDbPolyline
 90
8
 70
1
 10
-36.00000000000728
 20
0.0
 10
36.00000000000728
 20
0.0
 42
0.4142135623730951
 10
37.00000000000728
 20
1.0
 10
37.00000000000728
 20
119.0
 42
0.4142135623730951
 10
36.00000000000728
 20
120.0
 10
-35.99999999999273
 20
120.0
 42
0.4142135623730951
 10
-36.99999999999273
 20
119.0
 10
-37.00000000000728
 20
1.0
 42
0.4142135623730951
  0
LWPOLYLINE
  5
7A1
330
79D
100
AcDbEntity
  8
0
100
AcDbPolyline
 90
8
 70
1
 10
-20.99999999999273
 20
71.8520980590913
 10
21.00000000000727
 20
71.8520980590913
 42
0.4142135623730951
 10
22.00000000000728
 20
72.8520980590913
 10
22.00000000000728
 20
85.8520980590913
 42
0.4142135623730951
 10
21.00000000000727
 20
86.8520980590913
 10
-20.99999999999273
 20
86.8520980590913
 42
0.4142135623730951
 10
-21.99999999999272
 20
85.8520980590913
 10
-21.99999999999272
 20
72.8520980590913
 42
0.4142135623730951
  0
LWPOLYLINE
  5
7A2
330
79D
100
AcDbEntity
  8
0
100
AcDbPolyline
 90
4
 70
0
 10
3.346400128801178
 20
81.73275682210102
 42
-0.1730033431015782
 10
3.523598600855621
 20
81.7959603703132
 10
5.164782011495844
 20
81.7959603703132
 42
-0.1730033431015092
 10
5.341980483535735
 20
81.73275682210102
  0
LWPOLYLINE
  5
7A3
330
79D
100
AcDbEntity
  8
0
100
AcDbPolyline
 90
3
 70
0
 10
5.381578463282494
 20
81.69315884235425
 42
-0.1730033431016178
 10
5.44478201149468
 20
81.51596037031437
 10
5.44478201149468
 20
79.39510447723319
  0
LWPOLYLINE
  5
7A4
330
79D
100
AcDbEntity
  8
0
100
AcDbPolyline
 90
4
 70
0
 10
5.341980483535735
 20
77.01500387394503
 42
-0.173003343101521
 10
5.164782011495844
 20
76.95180032573285
 10
3.523598600855621
 20
76.95180032573285
 42
-0.1600535475041646
 10
3.357547245301248
 20
77.00635200056445
 42
-0.1600535475041646
  0
LWPOLYLINE
  5
7A5
330
79D
100
AcDbEntity
  8
0
100
AcDbPolyline
 90
3
 70
0
 10
3.298150275681109
 20
77.06574897017731
 42
-0.1600535475041259
 10
3.243598600856785
 20
77.23180032573168
 10
3.243598600856785
 20
79.3520980590913
  0
LWPOLYLINE
  5
7A6
330
79D
100
AcDbEntity
  8
0
100
AcDbPolyline
 90
4
 70
0
 10
4.862382011495355
 20
77.4950003257329
 42
-0.1622776601682571
 10
4.744782011497591
 20
77.45580032573366
 10
3.943598600839322
 20
77.45580032573366
 42
-0.1433289715803103
 10
3.837923528415558
 20
77.48672828367876
 42
-0.1433289715803103
  0
LWPOLYLINE
  5
7A7
330
79D
100
AcDbEntity
  8
0
100
AcDbPolyline
 90
3
 70
0
 10
3.778526558795419
 20
77.5461252532989
 42
-0.1433289715802567
 10
3.747598600843048
 20
77.65180032572994
 10
3.747598600843048
 20
79.06066028953524
  0
LWPOLYLINE
  5
7A8
330
79D
100
AcDbEntity
  8
0
100
AcDbPolyline
 90
4
 70
0
 10
3.826226165117986
 20
81.25293078578422
 42
-0.1619055040018182
 10
3.943598600839322
 20
81.29196037031964
 10
4.744782011497591
 20
81.29196037031964
 42
-0.1619055040018182
 10
4.862154447218927
 20
81.25293078578422
  0
LWPOLYLINE
  5
7A9
330
79D
100
AcDbEntity
  8
0
100
AcDbPolyline
 90
3
 70
0
 10
4.901752426965686
 20
81.21333280603744
 42
-0.1619055040017489
 10
4.940782011493865
 20
81.0959603703161
 10
4.940782011493865
 20
79.68701940097549
  0
LINE
  5
7AA
330
79D
100
AcDbEntity
  8
0
100
AcDbLine
 10
3.826226165117986
 20
81.25293078578422
 30
0.0
 11
3.345407691995205
 21
81.73374925892153
 31
0.0
  0
LINE
  5
7AB
330
79D
100
AcDbEntity
  8
0
100
AcDbLine
 10
4.901752426965686
 20
81.21333280603744
 30
0.0
 11
5.382570900088467
 21
81.69415127917478
 31
0.0
  0
LINE
  5
7AC
330
79D
100
AcDbEntity
  8
0
100
AcDbLine
 10
4.862154447218927
 20
81.25293078578422
 30
0.0
 11
5.34297292035626
 21
81.73374925892153
 31
0.0
  0
LINE
  5
7AD
330
79D
100
AcDbEntity
  8
0
100
AcDbLine
 10
3.837923528415558
 20
77.48672828367876
 30
0.0
 11
3.357547245301248
 21
77.00635200056445
 31
0.0
  0
LINE
  5
7AE
330
79D
100
AcDbEntity
  8
0
100
AcDbLine
 10
3.778526558795419
 20
77.5461252532989
 30
0.0
 11
3.298150275681109
 21
77.06574897017731
 31
0.0
  0
LINE
  5
7AF
330
79D
100
AcDbEntity
  8
0
100
AcDbLine
 10
4.862382011495355
 20
77.4950003257329
 30
0.0
 11
5.34297292035626
 21
77.01401143712451
 31
0.0
  0
LWPOLYLINE
  5
7B0
330
79D
100
AcDbEntity
  8
0
100
AcDbPolyline
 90
2
 70
0
 10
4.940782011493865
 20
79.12188034802261
 10
3.747598600843048
 20
79.12188034802261
  0
LWPOLYLINE
  5
7B1
330
79D
100
AcDbEntity
  8
0
100
AcDbPolyline
 90
2
 70
0
 10
3.747598600843048
 20
79.62588034802343
 10
4.940782011493865
 20
79.62588034802343
  0
LINE
  5
7B2
330
79D
100
AcDbEntity
  8
0
100
AcDbLine
 10
3.747598600843048
 20
79.62588034802343
 30
0.0
 11
3.337973074558249
 21
79.37388034802302
 31
0.0
  0
LINE
  5
7B3
330
79D
100
AcDbEntity
  8
0
100
AcDbLine
 10
3.337973074558249
 20
79.37388034802302
 30
0.0
 11
3.747598600843048
 21
79.12188034802261
 31
0.0
  0
LINE
  5
7B4
330
79D
100
AcDbEntity
  8
0
100
AcDbLine
 10
3.243598600856785
 20
79.3520980590913
 30
0.0
 11
3.747598600843048
 21
79.06066028953524
 31
0.0
  0
LINE
  5
7B5
330
79D
100
AcDbEntity
  8
0
100
AcDbLine
 10
4.940782011493865
 20
79.62588034802343
 30
0.0
 11
5.350407537778664
 21
79.37388034802302
 31
0.0
  0
LINE
  5
7B6
330
79D
100
AcDbEntity
  8
0
100
AcDbLine
 10
5.350407537778664
 20
79.37388034802302
 30
0.0
 11
4.940782011493865
 21
79.12188034802261
 31
0.0
  0
LINE
  5
7B7
330
79D
100
AcDbEntity
  8
0
100
AcDbLine
 10
4.940782011493865
 20
79.68701940097549
 30
0.0
 11
5.44478201149468
 21
79.39510447723319
 31
0.0
  0
LWPOLYLINE
  5
7B8
330
79D
100
AcDbEntity
  8
0
100
AcDbPolyline
 90
3
 70
0
 10
6.135732299873779
 20
79.39510447723319
 10
6.135732299873779
 20
81.51596037031437
 42
-0.1730033431015677
 10
6.198935848085966
 20
81.69315884235425
 42
-0.1730033431015677
  0
LWPOLYLINE
  5
7B9
330
79D
100
AcDbEntity
  8
0
100
AcDbPolyline
 90
4
 70
0
 10
6.238533827832725
 20
81.73275682210102
 42
-0.1730033431015782
 10
6.415732299887167
 20
81.7959603703132
 10
8.05691571051284
 20
81.7959603703132
 42
-0.1730033431015092
 10
8.234114182567282
 20
81.73275682210102
  0
LWPOLYLINE
  5
7BA
330
79D
100
AcDbEntity
  8
0
100
AcDbPolyline
 90
3
 70
0
 10
8.273712162314041
 20
81.69315884235425
 42
-0.1730033431016178
 10
8.336915710526227
 20
81.51596037031437
 10
8.336915710526227
 20
79.39510447723319
  0
LWPOLYLINE
  5
7BB
330
79D
100
AcDbEntity
  8
0
100
AcDbPolyline
 90
3
 70
0
 10
8.336915710526227
 20
79.3520980590913
 10
8.336915710526227
 20
77.23180032573168
 42
-0.1730033431016471
 10
8.273712162314041
 20
77.05460185369179
 42
-0.1730033431016471
  0
LWPOLYLINE
  5
7BC
330
79D
100
AcDbEntity
  8
0
100
AcDbPolyline
 90
4
 70
0
 10
8.234114182567282
 20
77.01500387394503
 42
-0.173003343101521
 10
8.05691571051284
 20
76.95180032573285
 10
6.415732299887167
 20
76.95180032573285
 42
-0.1600535475041646
 10
6.249680944318242
 20
77.00635200056445
 42
-0.1600535475041646
  0
LWPOLYLINE
  5
7BD
330
79D
100
AcDbEntity
  8
0
100
AcDbPolyline
 90
3
 70
0
 10
6.190283974712656
 20
77.06574897017731
 42
-0.1600535475041259
 10
6.135732299873779
 20
77.23180032573168
 10
6.135732299873779
 20
79.3520980590913
  0
LWPOLYLINE
  5
7BE
330
79D
100
AcDbEntity
  8
0
100
AcDbPolyline
 90
3
 70
0
 10
7.832915710525412
 20
79.06066028953524
 10
7.832915710525412
 20
77.65180032572994
 42
-0.1616783592796193
 10
7.793989986246742
 20
77.53456691792258
 42
-0.1616783592796193
  0
LWPOLYLINE
  5
7BF
330
79D
100
AcDbEntity
  8
0
100
AcDbPolyline
 90
4
 70
0
 10
7.754515710526902
 20
77.4950003257329
 42
-0.1622776601682571
 10
7.636915710529137
 20
77.45580032573366
 10
6.835732299870869
 20
77.45580032573366
 42
-0.1433289715803103
 10
6.730057227447105
 20
77.48672828367876
 42
-0.1433289715803103
  0
LWPOLYLINE
  5
7C0
330
79D
100
AcDbEntity
  8
0
100
AcDbPolyline
 90
3
 70
0
 10
6.670660257826966
 20
77.5461252532989
 42
-0.1433289715802567
 10
6.639732299874594
 20
77.65180032572994
 10
6.639732299874594
 20
79.06066028953524
  0
LWPOLYLINE
  5
7C1
330
79D
100
AcDbEntity
  8
0
100
AcDbPolyline
 90
3
 70
0
 10
6.639732299874594
 20
79.68701940097549
 10
6.639732299874594
 20
81.0959603703161
 42
-0.1619055040017489
 10
6.678761884402774
 20
81.21333280603744
 42
-0.1619055040017489
  0
LWPOLYLINE
  5
7C2
330
79D
100
AcDbEntity
  8
0
100
AcDbPolyline
 90
4
 70
0
 10
6.718359864149533
 20
81.25293078578422
 42
-0.1619055040018182
 10
6.835732299870869
 20
81.29196037031964
 10
7.636915710529137
 20
81.29196037031964
 42
-0.1619055040018182
 10
7.754288146250473
 20
81.25293078578422
  0
LWPOLYLINE
  5
7C3
330
79D
100
AcDbEntity
  8
0
100
AcDbPolyline
 90
3
 70
0
 10
7.793886125997232
 20
81.21333280603744
 42
-0.1619055040017489
 10
7.832915710525412
 20
81.0959603703161
 10
7.832915710525412
 20
79.68701940097549
  0
LINE
  5
7C4
330
79D
100
AcDbEntity
  8
0
100
AcDbLine
 10
6.678761884402774
 20
81.21333280603744
 30
0.0
 11
6.197943411279993
 21
81.69415127917478
 31
0.0
  0
LINE
  5
7C5
330
79D
100
AcDbEntity
  8
0
100
AcDbLine
 10
6.718359864149533
 20
81.25293078578422
 30
0.0
 11
6.237541391026752
 21
81.73374925892153
 31
0.0
  0
LINE
  5
7C6
330
79D
100
AcDbEntity
  8
0
100
AcDbLine
 10
7.793886125997232
 20
81.21333280603744
 30
0.0
 11
8.274704599120014
 21
81.69415127917478
 31
0.0
  0
LINE
  5
7C7
330
79D
100
AcDbEntity
  8
0
100
AcDbLine
 10
7.754288146250473
 20
81.25293078578422
 30
0.0
 11
8.235106619373253
 21
81.73374925892153
 31
0.0
  0
LINE
  5
7C8
330
79D
100
AcDbEntity
  8
0
100
AcDbLine
 10
6.730057227447105
 20
77.48672828367876
 30
0.0
 11
6.249680944318242
 21
77.00635200056445
 31
0.0
  0
LINE
  5
7C9
330
79D
100
AcDbEntity
  8
0
100
AcDbLine
 10
6.670660257826966
 20
77.5461252532989
 30
0.0
 11
6.190283974712656
 21
77.06574897017731
 31
0.0
  0
LINE
  5
7CA
330
79D
100
AcDbEntity
  8
0
100
AcDbLine
 10
7.754515710526902
 20
77.4950003257329
 30
0.0
 11
8.235106619373253
 21
77.01401143712451
 31
0.0
  0
LINE
  5
7CB
330
79D
100
AcDbEntity
  8
0
100
AcDbLine
 10
7.793989986246742
 20
77.53456691792258
 30
0.0
 11
8.274704599120014
 21
77.05360941687127
 31
0.0
  0
LINE
  5
7CC
330
79D
100
AcDbEntity
  8
0
100
AcDbLine
 10
6.639732299874594
 20
79.68701940097549
 30
0.0
 11
6.135732299873779
 21
79.39510447723319
 31
0.0
  0
LINE
  5
7CD
330
79D
100
AcDbEntity
  8
0
100
AcDbLine
 10
6.135732299873779
 20
79.3520980590913
 30
0.0
 11
6.639732299874594
 21
79.06066028953524
 31
0.0
  0
LINE
  5
7CE
330
79D
100
AcDbEntity
  8
0
100
AcDbLine
 10
7.832915710525412
 20
79.68701940097549
 30
0.0
 11
8.336915710526227
 21
79.39510447723319
 31
0.0
  0
LINE
  5
7CF
330
79D
100
AcDbEntity
  8
0
100
AcDbLine
 10
8.336915710526227
 20
79.3520980590913
 30
0.0
 11
7.832915710525412
 21
79.06066028953524
 31
0.0
  0
LWPOLYLINE
  5
7D0
330
79D
100
AcDbEntity
  8
0
100
AcDbPolyline
 90
2
 70
0
 10
4.740782011496776
 20
79.12188034802261
 10
3.947598600840137
 20
79.12188034802261
  0
LWPOLYLINE
  5
7D1
330
79D
100
AcDbEntity
  8
0
100
AcDbPolyline
 90
2
 70
0
 10
3.947598600840137
 20
79.62588034802343
 10
4.740782011496776
 20
79.62588034802343
  0
LWPOLYLINE
  5
7D2
330
79D
100
AcDbEntity
  8
0
100
AcDbPolyline
 90
4
 70
0
 10
10.34640012880118
 20
81.73275682210102
 42
-0.1730033431015782
 10
10.52359860085562
 20
81.7959603703132
 10
12.16478201149584
 20
81.7959603703132
 42
-0.1730033431015092
 10
12.34198048353573
 20
81.73275682210102
  0
LWPOLYLINE
  5
7D3
330
79D
100
AcDbEntity
  8
0
100
AcDbPolyline
 90
3
 70
0
 10
12.38157846328249
 20
81.69315884235425
 42
-0.1730033431016178
 10
12.44478201149468
 20
81.51596037031437
 10
12.44478201149468
 20
79.39510447723319
  0
LWPOLYLINE
  5
7D4
330
79D
100
AcDbEntity
  8
0
100
AcDbPolyline
 90
4
 70
0
 10
12.34198048353573
 20
77.01500387394503
 42
-0.173003343101521
 10
12.16478201149584
 20
76.95180032573285
 10
10.52359860085562
 20
76.95180032573285
 42
-0.1600535475041646
 10
10.35754724530125
 20
77.00635200056445
 42
-0.1600535475041646
  0
LWPOLYLINE
  5
7D5
330
79D
100
AcDbEntity
  8
0
100
AcDbPolyline
 90
3
 70
0
 10
10.29815027568111
 20
77.06574897017731
 42
-0.1600535475041259
 10
10.24359860085678
 20
77.23180032573168
 10
10.24359860085678
 20
79.3520980590913
  0
LWPOLYLINE
  5
7D6
330
79D
100
AcDbEntity
  8
0
100
AcDbPolyline
 90
4
 70
0
 10
11.86238201149535
 20
77.4950003257329
 42
-0.1622776601682571
 10
11.74478201149759
 20
77.45580032573366
 10
10.94359860083932
 20
77.45580032573366
 42
-0.1433289715803103
 10
10.83792352841556
 20
77.48672828367876
 42
-0.1433289715803103
  0
LWPOLYLINE
  5
7D7
330
79D
100
AcDbEntity
  8
0
100
AcDbPolyline
 90
3
 70
0
 10
10.77852655879542
 20
77.5461252532989
 42
-0.1433289715802567
 10
10.74759860084305
 20
77.65180032572994
 10
10.74759860084305
 20
79.06066028953524
  0
LWPOLYLINE
  5
7D8
330
79D
100
AcDbEntity
  8
0
100
AcDbPolyline
 90
4
 70
0
 10
10.82622616511798
 20
81.25293078578422
 42
-0.1619055040018182
 10
10.94359860083932
 20
81.29196037031964
 10
11.74478201149759
 20
81.29196037031964
 42
-0.1619055040018182
 10
11.86215444721892
 20
81.25293078578422
  0
LWPOLYLINE
  5
7D9
330
79D
100
AcDbEntity
  8
0
100
AcDbPolyline
 90
3
 70
0
 10
11.90175242696568
 20
81.21333280603744
 42
-0.1619055040017489
 10
11.94078201149386
 20
81.0959603703161
 10
11.94078201149386
 20
79.68701940097549
  0
LINE
  5
7DA
330
79D
100
AcDbEntity
  8
0
100
AcDbLine
 10
10.82622616511798
 20
81.25293078578422
 30
0.0
 11
10.3454076919952
 21
81.73374925892153
 31
0.0
  0
LINE
  5
7DB
330
79D
100
AcDbEntity
  8
0
100
AcDbLine
 10
11.90175242696568
 20
81.21333280603744
 30
0.0
 11
12.38257090008846
 21
81.69415127917478
 31
0.0
  0
LINE
  5
7DC
330
79D
100
AcDbEntity
  8
0
100
AcDbLine
 10
11.86215444721892
 20
81.25293078578422
 30
0.0
 11
12.34297292035626
 21
81.73374925892153
 31
0.0
  0
LINE
  5
7DD
330
79D
100
AcDbEntity
  8
0
100
AcDbLine
 10
10.83792352841556
 20
77.48672828367876
 30
0.0
 11
10.35754724530125
 21
77.00635200056445
 31
0.0
  0
LINE
  5
7DE
330
79D
100
AcDbEntity
  8
0
100
AcDbLine
 10
10.77852655879542
 20
77.5461252532989
 30
0.0
 11
10.29815027568111
 21
77.06574897017731
 31
0.0
  0
LINE
  5
7DF
330
79D
100
AcDbEntity
  8
0
100
AcDbLine
 10
11.86238201149535
 20
77.4950003257329
 30
0.0
 11
12.34297292035626
 21
77.01401143712451
 31
0.0
  0
LWPOLYLINE
  5
7E0
330
79D
100
AcDbEntity
  8
0
100
AcDbPolyline
 90
2
 70
0
 10
11.94078201149386
 20
79.12188034802261
 10
10.74759860084305
 20
79.12188034802261
  0
LWPOLYLINE
  5
7E1
330
79D
100
AcDbEntity
  8
0
100
AcDbPolyline
 90
2
 70
0
 10
10.74759860084305
 20
79.62588034802343
 10
11.94078201149386
 20
79.62588034802343
  0
LINE
  5
7E2
330
79D
100
AcDbEntity
  8
0
100
AcDbLine
 10
10.74759860084305
 20
79.62588034802343
 30
0.0
 11
10.33797307455825
 21
79.37388034802302
 31
0.0
  0
LINE
  5
7E3
330
79D
100
AcDbEntity
  8
0
100
AcDbLine
 10
10.33797307455825
 20
79.37388034802302
 30
0.0
 11
10.74759860084305
 21
79.12188034802261
 31
0.0
  0
LINE
  5
7E4
330
79D
100
AcDbEntity
  8
0
100
AcDbLine
 10
10.24359860085678
 20
79.3520980590913
 30
0.0
 11
10.74759860084305
 21
79.06066028953524
 31
0.0
  0
LINE
  5
7E5
330
79D
100
AcDbEntity
  8
0
100
AcDbLine
 10
11.94078201149386
 20
79.62588034802343
 30
0.0
 11
12.35040753777866
 21
79.37388034802302
 31
0.0
  0
LINE
  5
7E6
330
79D
100
AcDbEntity
  8
0
100
AcDbLine
 10
12.35040753777866
 20
79.37388034802302
 30
0.0
 11
11.94078201149386
 21
79.12188034802261
 31
0.0
  0
LINE
  5
7E7
330
79D
100
AcDbEntity
  8
0
100
AcDbLine
 10
11.94078201149386
 20
79.68701940097549
 30
0.0
 11
12.44478201149468
 21
79.39510447723319
 31
0.0
  0
LWPOLYLINE
  5
7E8
330
79D
100
AcDbEntity
  8
0
100
AcDbPolyline
 90
3
 70
0
 10
13.13573229987378
 20
79.39510447723319
 10
13.13573229987378
 20
81.51596037031437
 42
-0.1730033431015677
 10
13.19893584808596
 20
81.69315884235425
 42
-0.1730033431015677
  0
LWPOLYLINE
  5
7E9
330
79D
100
AcDbEntity
  8
0
100
AcDbPolyline
 90
4
 70
0
 10
13.23853382783272
 20
81.73275682210102
 42
-0.1730033431015782
 10
13.41573229988717
 20
81.7959603703132
 10
15.05691571051284
 20
81.7959603703132
 42
-0.1730033431015092
 10
15.23411418256728
 20
81.73275682210102
  0
LWPOLYLINE
  5
7EA
330
79D
100
AcDbEntity
  8
0
100
AcDbPolyline
 90
3
 70
0
 10
15.27371216231404
 20
81.69315884235425
 42
-0.1730033431016178
 10
15.33691571052623
 20
81.51596037031437
 10
15.33691571052623
 20
79.39510447723319
  0
LWPOLYLINE
  5
7EB
330
79D
100
AcDbEntity
  8
0
100
AcDbPolyline
 90
3
 70
0
 10
15.33691571052623
 20
79.3520980590913
 10
15.33691571052623
 20
77.23180032573168
 42
-0.1730033431016471
 10
15.27371216231404
 20
77.05460185369179
 42
-0.1730033431016471
  0
LWPOLYLINE
  5
7EC
330
79D
100
AcDbEntity
  8
0
100
AcDbPolyline
 90
4
 70
0
 10
15.23411418256728
 20
77.01500387394503
 42
-0.173003343101521
 10
15.05691571051284
 20
76.95180032573285
 10
13.41573229988717
 20
76.95180032573285
 42
-0.1600535475041646
 10
13.24968094431824
 20
77.00635200056445
 42
-0.1600535475041646
  0
LWPOLYLINE
  5
7ED
330
79D
100
AcDbEntity
  8
0
100
AcDbPolyline
 90
3
 70
0
 10
13.19028397471265
 20
77.06574897017731
 42
-0.1600535475041259
 10
13.13573229987378
 20
77.23180032573168
 10
13.13573229987378
 20
79.3520980590913
  0
LWPOLYLINE
  5
7EE
330
79D
100
AcDbEntity
  8
0
100
AcDbPolyline
 90
3
 70
0
 10
14.83291571052541
 20
79.06066028953524
 10
14.83291571052541
 20
77.65180032572994
 42
-0.1616783592796193
 10
14.79398998624674
 20
77.53456691792258
 42
-0.1616783592796193
  0
LWPOLYLINE
  5
7EF
330
79D
100
AcDbEntity
  8
0
100
AcDbPolyline
 90
4
 70
0
 10
14.7545157105269
 20
77.4950003257329
 42
-0.1622776601682571
 10
14.63691571052914
 20
77.45580032573366
 10
13.83573229987087
 20
77.45580032573366
 42
-0.1433289715803103
 10
13.7300572274471
 20
77.48672828367876
 42
-0.1433289715803103
  0
LWPOLYLINE
  5
7F0
330
79D
100
AcDbEntity
  8
0
100
AcDbPolyline
 90
3
 70
0
 10
13.67066025782696
 20
77.5461252532989
 42
-0.1433289715802567
 10
13.63973229987459
 20
77.65180032572994
 10
13.63973229987459
 20
79.06066028953524
  0
LWPOLYLINE
  5
7F1
330
79D
100
AcDbEntity
  8
0
100
AcDbPolyline
 90
3
 70
0
 10
13.63973229987459
 20
79.68701940097549
 10
13.63973229987459
 20
81.0959603703161
 42
-0.1619055040017489
 10
13.67876188440277
 20
81.21333280603744
 42
-0.1619055040017489
  0
LWPOLYLINE
  5
7F2
330
79D
100
AcDbEntity
  8
0
100
AcDbPolyline
 90
4
 70
0
 10
13.71835986414953
 20
81.25293078578422
 42
-0.1619055040018182
 10
13.83573229987087
 20
81.29196037031964
 10
14.63691571052914
 20
81.29196037031964
 42
-0.1619055040018182
 10
14.75428814625047
 20
81.25293078578422
  0
LWPOLYLINE
  5
7F3
330
79D
100
AcDbEntity
  8
0
100
AcDbPolyline
 90
3
 70
0
 10
14.79388612599723
 20
81.21333280603744
 42
-0.1619055040017489
 10
14.83291571052541
 20
81.0959603703161
 10
14.83291571052541
 20
79.68701940097549
  0
LINE
  5
7F4
330
79D
100
AcDbEntity
  8
0
100
AcDbLine
 10
13.67876188440277
 20
81.21333280603744
 30
0.0
 11
13.19794341127999
 21
81.69415127917478
 31
0.0
  0
LINE
  5
7F5
330
79D
100
AcDbEntity
  8
0
100
AcDbLine
 10
13.71835986414953
 20
81.25293078578422
 30
0.0
 11
13.23754139102675
 21
81.73374925892153
 31
0.0
  0
LINE
  5
7F6
330
79D
100
AcDbEntity
  8
0
100
AcDbLine
 10
14.79388612599723
 20
81.21333280603744
 30
0.0
 11
15.27470459912001
 21
81.69415127917478
 31
0.0
  0
LINE
  5
7F7
330
79D
100
AcDbEntity
  8
0
100
AcDbLine
 10
14.75428814625047
 20
81.25293078578422
 30
0.0
 11
15.23510661937325
 21
81.73374925892153
 31
0.0
  0
LINE
  5
7F8
330
79D
100
AcDbEntity
  8
0
100
AcDbLine
 10
13.7300572274471
 20
77.48672828367876
 30
0.0
 11
13.24968094431824
 21
77.00635200056445
 31
0.0
  0
LINE
  5
7F9
330
79D
100
AcDbEntity
  8
0
100
AcDbLine
 10
13.67066025782696
 20
77.5461252532989
 30
0.0
 11
13.19028397471265
 21
77.06574897017731
 31
0.0
  0
LINE
  5
7FA
330
79D
100
AcDbEntity
  8
0
100
AcDbLine
 10
14.7545157105269
 20
77.4950003257329
 30
0.0
 11
15.23510661937325
 21
77.01401143712451
 31
0.0
  0
LINE
  5
7FB
330
79D
100
AcDbEntity
  8
0
100
AcDbLine
 10
14.79398998624674
 20
77.53456691792258
 30
0.0
 11
15.27470459912001
 21
77.05360941687127
 31
0.0
  0
LINE
  5
7FC
330
79D
100
AcDbEntity
  8
0
100
AcDbLine
 10
13.63973229987459
 20
79.68701940097549
 30
0.0
 11
13.13573229987378
 21
79.39510447723319
 31
0.0
  0
LINE
  5
7FD
330
79D
100
AcDbEntity
  8
0
100
AcDbLine
 10
13.13573229987378
 20
79.3520980590913
 30
0.0
 11
13.63973229987459
 21
79.06066028953524
 31
0.0
  0
LINE
  5
7FE
330
79D
100
AcDbEntity
  8
0
100
AcDbLine
 10
14.83291571052541
 20
79.68701940097549
 30
0.0
 11
15.33691571052623
 21
79.39510447723319
 31
0.0
  0
LINE
  5
7FF
330
79D
100
AcDbEntity
  8
0
100
AcDbLine
 10
15.33691571052623
 20
79.3520980590913
 30
0.0
 11
14.83291571052541
 21
79.06066028953524
 31
0.0
  0
LWPOLYLINE
  5
800
330
79D
100
AcDbEntity
  8
0
100
AcDbPolyline
 90
2
 70
0
 10
11.74078201149677
 20
79.12188034802261
 10
10.94759860084014
 20
79.12188034802261
  0
LWPOLYLINE
  5
801
330
79D
100
AcDbEntity
  8
0
100
AcDbPolyline
 90
2
 70
0
 10
10.94759860084014
 20
79.62588034802343
 10
11.74078201149677
 20
79.62588034802343
  0
LWPOLYLINE
  5
802
330
79D
100
AcDbEntity
  8
0
100
AcDbPolyline
 90
4
 70
0
 10
17.28994339844939
 20
78.38268236031604
 42
-0.1730033431015782
 10
17.34310294007446
 20
78.4016434247826
 10
17.83545796326507
 20
78.4016434247826
 42
-0.1730033431015092
 10
17.88861750487558
 20
78.38268236031604
  0
LWPOLYLINE
  5
803
330
79D
100
AcDbEntity
  8
0
100
AcDbPolyline
 90
3
 70
0
 10
17.90049689880834
 20
78.37080296639056
 42
-0.1730033431016178
 10
17.91945796326763
 20
78.31764342478004
 10
17.91945796326763
 20
77.6813866568557
  0
LWPOLYLINE
  5
804
330
79D
100
AcDbEntity
  8
0
100
AcDbPolyline
 90
4
 70
0
 10
17.88861750487558
 20
76.9673564758707
 42
-0.173003343101521
 10
17.83545796326507
 20
76.94839541140414
 10
17.34310294007446
 20
76.94839541140414
 42
-0.1600535475041646
 10
17.29328753340087
 20
76.9647609138558
 42
-0.1600535475041646
  0
LWPOLYLINE
  5
805
330
79D
100
AcDbEntity
  8
0
100
AcDbPolyline
 90
3
 70
0
 10
17.27546844252356
 20
76.98258000474038
 42
-0.1600535475041259
 10
17.2591029400719
 20
77.0323954114067
 10
17.2591029400719
 20
77.6684847314175
  0
LWPOLYLINE
  5
806
330
79D
100
AcDbEntity
  8
0
100
AcDbPolyline
 90
4
 70
0
 10
17.74473796325765
 20
77.11135541140561
 42
-0.1622776601682571
 10
17.70945796326123
 20
77.09959541140438
 10
17.46910294006375
 20
77.09959541140438
 42
-0.1433289715803103
 10
17.43740041834098
 20
77.10887379878864
 42
-0.1433289715803103
  0
LWPOLYLINE
  5
807
330
79D
100
AcDbEntity
  8
0
100
AcDbPolyline
 90
3
 70
0
 10
17.41958132744912
 20
77.1266928896805
 42
-0.1433289715802567
 10
17.41030294006487
 20
77.15839541140326
 10
17.41030294006487
 20
77.5810534005434
  0
LWPOLYLINE
  5
808
330
79D
100
AcDbEntity
  8
0
100
AcDbPolyline
 90
4
 70
0
 10
17.43389120934444
 20
78.238734549421
 42
-0.1619055040018182
 10
17.46910294006375
 20
78.25044342478236
 10
17.70945796326123
 20
78.25044342478236
 42
-0.1619055040018182
 10
17.74466969398054
 20
78.238734549421
  0
LWPOLYLINE
  5
809
330
79D
100
AcDbEntity
  8
0
100
AcDbPolyline
 90
3
 70
0
 10
17.7565490879133
 20
78.22685515549551
 42
-0.1619055040017489
 10
17.76825796326011
 20
78.19164342478348
 10
17.76825796326011
 20
77.76896113398129
  0
LINE
  5
80A
330
79D
100
AcDbEntity
  8
0
100
AcDbLine
 10
17.43389120934444
 20
78.238734549421
 30
0.0
 11
17.28964566741342
 21
78.38298009136656
 31
0.0
  0
LINE
  5
80B
330
79D
100
AcDbEntity
  8
0
100
AcDbLine
 10
17.7565490879133
 20
78.22685515549551
 30
0.0
 11
17.90079462984431
 21
78.37110069744108
 31
0.0
  0
LINE
  5
80C
330
79D
100
AcDbEntity
  8
0
100
AcDbLine
 10
17.74466969398054
 20
78.238734549421
 30
0.0
 11
17.8889152359261
 21
78.38298009136656
 31
0.0
  0
LINE
  5
80D
330
79D
100
AcDbEntity
  8
0
100
AcDbLine
 10
17.43740041834098
 20
77.10887379878864
 30
0.0
 11
17.29328753340087
 21
76.9647609138558
 31
0.0
  0
LINE
  5
80E
330
79D
100
AcDbEntity
  8
0
100
AcDbLine
 10
17.41958132744912
 20
77.1266928896805
 30
0.0
 11
17.27546844252356
 21
76.98258000474038
 31
0.0
  0
LINE
  5
80F
330
79D
100
AcDbEntity
  8
0
100
AcDbLine
 10
17.74473796325765
 20
77.11135541140561
 30
0.0
 11
17.8889152359261
 21
76.96705874482018
 31
0.0
  0
LWPOLYLINE
  5
810
330
79D
100
AcDbEntity
  8
0
100
AcDbPolyline
 90
2
 70
0
 10
17.76825796326011
 20
77.59941941809689
 10
17.41030294006487
 20
77.59941941809689
  0
LWPOLYLINE
  5
811
330
79D
100
AcDbEntity
  8
0
100
AcDbPolyline
 90
2
 70
0
 10
17.41030294006487
 20
77.75061941808985
 10
17.76825796326011
 20
77.75061941808985
  0
LINE
  5
812
330
79D
100
AcDbEntity
  8
0
100
AcDbLine
 10
17.41030294006487
 20
77.75061941808985
 30
0.0
 11
17.28741528218234
 21
77.67501941809337
 31
0.0
  0
LINE
  5
813
330
79D
100
AcDbEntity
  8
0
100
AcDbLine
 10
17.28741528218234
 20
77.67501941809337
 30
0.0
 11
17.41030294006487
 21
77.59941941809689
 31
0.0
  0
LINE
  5
814
330
79D
100
AcDbEntity
  8
0
100
AcDbLine
 10
17.2591029400719
 20
77.6684847314175
 30
0.0
 11
17.41030294006487
 21
77.5810534005434
 31
0.0
  0
LINE
  5
815
330
79D
100
AcDbEntity
  8
0
100
AcDbLine
 10
17.76825796326011
 20
77.75061941808985
 30
0.0
 11
17.89114562114264
 21
77.67501941809337
 31
0.0
  0
LINE
  5
816
330
79D
100
AcDbEntity
  8
0
100
AcDbLine
 10
17.89114562114264
 20
77.67501941809337
 30
0.0
 11
17.76825796326011
 21
77.59941941809689
 31
0.0
  0
LINE
  5
817
330
79D
100
AcDbEntity
  8
0
100
AcDbLine
 10
17.76825796326011
 20
77.76896113398129
 30
0.0
 11
17.91945796326763
 21
77.6813866568557
 31
0.0
  0
LWPOLYLINE
  5
818
330
79D
100
AcDbEntity
  8
0
100
AcDbPolyline
 90
3
 70
0
 10
18.12674304977554
 20
77.6813866568557
 10
18.12674304977554
 20
78.31764342478004
 42
-0.1730033431015677
 10
18.14570411423483
 20
78.37080296639056
 42
-0.1730033431015677
  0
LWPOLYLINE
  5
819
330
79D
100
AcDbEntity
  8
0
100
AcDbPolyline
 90
4
 70
0
 10
18.15758350816759
 20
78.38268236031604
 42
-0.1730033431015782
 10
18.2107430497781
 20
78.4016434247826
 10
18.70309807296871
 20
78.4016434247826
 42
-0.1730033431015092
 10
18.75625761459378
 20
78.38268236031604
  0
LWPOLYLINE
  5
81A
330
79D
100
AcDbEntity
  8
0
100
AcDbPolyline
 90
3
 70
0
 10
18.76813700851198
 20
78.37080296639056
 42
-0.1730033431016178
 10
18.78709807297127
 20
78.31764342478004
 10
18.78709807297127
 20
77.6813866568557
  0
LWPOLYLINE
  5
81B
330
79D
100
AcDbEntity
  8
0
100
AcDbPolyline
 90
3
 70
0
 10
18.78709807297127
 20
77.6684847314175
 10
18.78709807297127
 20
77.0323954114067
 42
-0.1730033431016471
 10
18.76813700851198
 20
76.97923586979618
 42
-0.1730033431016471
  0
LWPOLYLINE
  5
81C
330
79D
100
AcDbEntity
  8
0
100
AcDbPolyline
 90
4
 70
0
 10
18.75625761459378
 20
76.9673564758707
 42
-0.173003343101521
 10
18.70309807296871
 20
76.94839541140414
 10
18.2107430497781
 20
76.94839541140414
 42
-0.1600535475041646
 10
18.16092764310451
 20
76.9647609138558
 42
-0.1600535475041646
  0
LWPOLYLINE
  5
81D
330
79D
100
AcDbEntity
  8
0
100
AcDbPolyline
 90
3
 70
0
 10
18.1431085522272
 20
76.98258000474038
 42
-0.1600535475041259
 10
18.12674304977554
 20
77.0323954114067
 10
18.12674304977554
 20
77.6684847314175
  0
LWPOLYLINE
  5
81E
330
79D
100
AcDbEntity
  8
0
100
AcDbPolyline
 90
3
 70
0
 10
18.63589807297831
 20
77.5810534005434
 10
18.63589807297831
 20
77.15839541140326
 42
-0.1616783592796193
 10
18.62422035568306
 20
77.12322538906324
 42
-0.1616783592796193
  0
LWPOLYLINE
  5
81F
330
79D
100
AcDbEntity
  8
0
100
AcDbPolyline
 90
4
 70
0
 10
18.61237807297584
 20
77.11135541140561
 42
-0.1622776601682571
 10
18.57709807297942
 20
77.09959541140438
 10
18.33674304978194
 20
77.09959541140438
 42
-0.1433289715803103
 10
18.30504052804463
 20
77.10887379878864
 42
-0.1433289715803103
  0
LWPOLYLINE
  5
820
330
79D
100
AcDbEntity
  8
0
100
AcDbPolyline
 90
3
 70
0
 10
18.28722143716731
 20
77.1266928896805
 42
-0.1433289715802567
 10
18.27794304978306
 20
77.15839541140326
 10
18.27794304978306
 20
77.5810534005434
  0
LWPOLYLINE
  5
821
330
79D
100
AcDbEntity
  8
0
100
AcDbPolyline
 90
3
 70
0
 10
18.27794304978306
 20
77.76896113398129
 10
18.27794304978306
 20
78.19164342478348
 42
-0.1619055040017489
 10
18.28965192512987
 20
78.22685515549551
 42
-0.1619055040017489
  0
LWPOLYLINE
  5
822
330
79D
100
AcDbEntity
  8
0
100
AcDbPolyline
 90
4
 70
0
 10
18.30153131906263
 20
78.238734549421
 42
-0.1619055040018182
 10
18.33674304978194
 20
78.25044342478236
 10
18.57709807297942
 20
78.25044342478236
 42
-0.1619055040018182
 10
18.61230980369873
 20
78.238734549421
  0
LWPOLYLINE
  5
823
330
79D
100
AcDbEntity
  8
0
100
AcDbPolyline
 90
3
 70
0
 10
18.62418919761694
 20
78.22685515549551
 42
-0.1619055040017489
 10
18.63589807297831
 20
78.19164342478348
 10
18.63589807297831
 20
77.76896113398129
  0
LINE
  5
824
330
79D
100
AcDbEntity
  8
0
100
AcDbLine
 10
18.28965192512987
 20
78.22685515549551
 30
0.0
 11
18.14540638319886
 21
78.37110069744108
 31
0.0
  0
LINE
  5
825
330
79D
100
AcDbEntity
  8
0
100
AcDbLine
 10
18.30153131906263
 20
78.238734549421
 30
0.0
 11
18.15728577713162
 21
78.38298009136656
 31
0.0
  0
LINE
  5
826
330
79D
100
AcDbEntity
  8
0
100
AcDbLine
 10
18.62418919761694
 20
78.22685515549551
 30
0.0
 11
18.76843473954795
 21
78.37110069744108
 31
0.0
  0
LINE
  5
827
330
79D
100
AcDbEntity
  8
0
100
AcDbLine
 10
18.61230980369873
 20
78.238734549421
 30
0.0
 11
18.75655534562975
 21
78.38298009136656
 31
0.0
  0
LINE
  5
828
330
79D
100
AcDbEntity
  8
0
100
AcDbLine
 10
18.30504052804463
 20
77.10887379878864
 30
0.0
 11
18.16092764310451
 21
76.9647609138558
 31
0.0
  0
LINE
  5
829
330
79D
100
AcDbEntity
  8
0
100
AcDbLine
 10
18.28722143716731
 20
77.1266928896805
 30
0.0
 11
18.1431085522272
 21
76.98258000474038
 31
0.0
  0
LINE
  5
82A
330
79D
100
AcDbEntity
  8
0
100
AcDbLine
 10
18.61237807297584
 20
77.11135541140561
 30
0.0
 11
18.75655534562975
 21
76.96705874482018
 31
0.0
  0
LINE
  5
82B
330
79D
100
AcDbEntity
  8
0
100
AcDbLine
 10
18.62422035568306
 20
77.12322538906324
 30
0.0
 11
18.76843473954795
 21
76.97893813874566
 31
0.0
  0
LINE
  5
82C
330
79D
100
AcDbEntity
  8
0
100
AcDbLine
 10
18.27794304978306
 20
77.76896113398129
 30
0.0
 11
18.12674304977554
 21
77.6813866568557
 31
0.0
  0
LINE
  5
82D
330
79D
100
AcDbEntity
  8
0
100
AcDbLine
 10
18.12674304977554
 20
77.6684847314175
 30
0.0
 11
18.27794304978306
 21
77.5810534005434
 31
0.0
  0
LINE
  5
82E
330
79D
100
AcDbEntity
  8
0
100
AcDbLine
 10
18.63589807297831
 20
77.76896113398129
 30
0.0
 11
18.78709807297127
 21
77.6813866568557
 31
0.0
  0
LINE
  5
82F
330
79D
100
AcDbEntity
  8
0
100
AcDbLine
 10
18.78709807297127
 20
77.6684847314175
 30
0.0
 11
18.63589807297831
 21
77.5810534005434
 31
0.0
  0
LWPOLYLINE
  5
830
330
79D
100
AcDbEntity
  8
0
100
AcDbPolyline
 90
2
 70
0
 10
17.70825796326244
 20
77.59941941809689
 10
17.47030294006254
 20
77.59941941809689
  0
LWPOLYLINE
  5
831
330
79D
100
AcDbEntity
  8
0
100
AcDbPolyline
 90
2
 70
0
 10
17.47030294006254
 20
77.75061941808985
 10
17.70825796326244
 20
77.75061941808985
  0
LWPOLYLINE
  5
832
330
79D
100
AcDbEntity
  8
0
100
AcDbPolyline
 90
4
 70
1
 10
9.23808093721891
 20
79.77388034802448
 10
9.438080937216
 20
79.77388034802448
 10
9.438080937216
 20
79.97388034802157
 10
9.23808093721891
 20
79.97388034802157
  0
LWPOLYLINE
  5
833
330
79D
100
AcDbEntity
  8
0
100
AcDbPolyline
 90
4
 70
1
 10
9.23808093721891
 20
78.77388034802448
 10
9.438080937216
 20
78.77388034802448
 10
9.438080937216
 20
78.97388034802157
 10
9.23808093721891
 20
78.97388034802157
  0
LWPOLYLINE
  5
834
330
79D
100
AcDbEntity
  8
0
100
AcDbPolyline
 90
4
 70
1
 10
9.23808093721891
 20
78.77388034802448
 10
9.438080937216
 20
78.77388034802448
 10
9.438080937216
 20
78.97388034802157
 10
9.23808093721891
 20
78.97388034802157
  0
LWPOLYLINE
  5
835
330
79D
100
AcDbEntity
  8
0
100
AcDbPolyline
 90
4
 70
0
 10
-18.64815375493344
 20
78.38268236031604
 42
-0.1730033431015782
 10
-18.59499421330838
 20
78.4016434247826
 10
-18.10263919011777
 20
78.4016434247826
 42
-0.1730033431015092
 10
-18.04947964850726
 20
78.38268236031604
  0
LWPOLYLINE
  5
836
330
79D
100
AcDbEntity
  8
0
100
AcDbPolyline
 90
3
 70
0
 10
-18.0376002545745
 20
78.37080296639056
 42
-0.1730033431016178
 10
-18.01863919011521
 20
78.31764342478004
 10
-18.01863919011521
 20
77.6813866568557
  0
LWPOLYLINE
  5
837
330
79D
100
AcDbEntity
  8
0
100
AcDbPolyline
 90
4
 70
0
 10
-18.04947964850726
 20
76.9673564758707
 42
-0.173003343101521
 10
-18.10263919011777
 20
76.94839541140414
 10
-18.59499421330838
 20
76.94839541140414
 42
-0.1600535475041646
 10
-18.64480961998197
 20
76.9647609138558
 42
-0.1600535475041646
  0
LWPOLYLINE
  5
838
330
79D
100
AcDbEntity
  8
0
100
AcDbPolyline
 90
3
 70
0
 10
-18.66262871085928
 20
76.98258000474038
 42
-0.1600535475041259
 10
-18.67899421331094
 20
77.0323954114067
 10
-18.67899421331094
 20
77.6684847314175
  0
LWPOLYLINE
  5
839
330
79D
100
AcDbEntity
  8
0
100
AcDbPolyline
 90
4
 70
0
 10
-18.19335919012519
 20
77.11135541140561
 42
-0.1622776601682571
 10
-18.22863919012161
 20
77.09959541140438
 10
-18.46899421331909
 20
77.09959541140438
 42
-0.1433289715803103
 10
-18.50069673504185
 20
77.10887379878864
 42
-0.1433289715803103
  0
LWPOLYLINE
  5
83A
330
79D
100
AcDbEntity
  8
0
100
AcDbPolyline
 90
3
 70
0
 10
-18.51851582593372
 20
77.1266928896805
 42
-0.1433289715802567
 10
-18.52779421331797
 20
77.15839541140326
 10
-18.52779421331797
 20
77.5810534005434
  0
LWPOLYLINE
  5
83B
330
79D
100
AcDbEntity
  8
0
100
AcDbPolyline
 90
4
 70
0
 10
-18.5042059440384
 20
78.238734549421
 42
-0.1619055040018182
 10
-18.46899421331909
 20
78.25044342478236
 10
-18.22863919012161
 20
78.25044342478236
 42
-0.1619055040018182
 10
-18.1934274594023
 20
78.238734549421
  0
LWPOLYLINE
  5
83C
330
79D
100
AcDbEntity
  8
0
100
AcDbPolyline
 90
3
 70
0
 10
-18.18154806546954
 20
78.22685515549551
 42
-0.1619055040017489
 10
-18.16983919012273
 20
78.19164342478348
 10
-18.16983919012273
 20
77.76896113398129
  0
LINE
  5
83D
330
79D
100
AcDbEntity
  8
0
100
AcDbLine
 10
-18.5042059440384
 20
78.238734549421
 30
0.0
 11
-18.64845148596941
 21
78.38298009136656
 31
0.0
  0
LINE
  5
83E
330
79D
100
AcDbEntity
  8
0
100
AcDbLine
 10
-18.18154806546954
 20
78.22685515549551
 30
0.0
 11
-18.03730252353853
 21
78.37110069744108
 31
0.0
  0
LINE
  5
83F
330
79D
100
AcDbEntity
  8
0
100
AcDbLine
 10
-18.1934274594023
 20
78.238734549421
 30
0.0
 11
-18.04918191745673
 21
78.38298009136656
 31
0.0
  0
LINE
  5
840
330
79D
100
AcDbEntity
  8
0
100
AcDbLine
 10
-18.50069673504185
 20
77.10887379878864
 30
0.0
 11
-18.64480961998197
 21
76.9647609138558
 31
0.0
  0
LINE
  5
841
330
79D
100
AcDbEntity
  8
0
100
AcDbLine
 10
-18.51851582593372
 20
77.1266928896805
 30
0.0
 11
-18.66262871085928
 21
76.98258000474038
 31
0.0
  0
LINE
  5
842
330
79D
100
AcDbEntity
  8
0
100
AcDbLine
 10
-18.19335919012519
 20
77.11135541140561
 30
0.0
 11
-18.04918191745673
 21
76.96705874482018
 31
0.0
  0
LWPOLYLINE
  5
843
330
79D
100
AcDbEntity
  8
0
100
AcDbPolyline
 90
2
 70
0
 10
-18.16983919012273
 20
77.59941941809689
 10
-18.52779421331797
 20
77.59941941809689
  0
LWPOLYLINE
  5
844
330
79D
100
AcDbEntity
  8
0
100
AcDbPolyline
 90
2
 70
0
 10
-18.52779421331797
 20
77.75061941808985
 10
-18.16983919012273
 20
77.75061941808985
  0
LINE
  5
845
330
79D
100
AcDbEntity
  8
0
100
AcDbLine
 10
-18.52779421331797
 20
77.75061941808985
 30
0.0
 11
-18.6506818712005
 21
77.67501941809337
 31
0.0
  0
LINE
  5
846
330
79D
100
AcDbEntity
  8
0
100
AcDbLine
 10
-18.6506818712005
 20
77.67501941809337
 30
0.0
 11
-18.52779421331797
 21
77.59941941809689
 31
0.0
  0
LINE
  5
847
330
79D
100
AcDbEntity
  8
0
100
AcDbLine
 10
-18.67899421331094
 20
77.6684847314175
 30
0.0
 11
-18.52779421331797
 21
77.5810534005434
 31
0.0
  0
LINE
  5
848
330
79D
100
AcDbEntity
  8
0
100
AcDbLine
 10
-18.16983919012273
 20
77.75061941808985
 30
0.0
 11
-18.0469515322402
 21
77.67501941809337
 31
0.0
  0
LINE
  5
849
330
79D
100
AcDbEntity
  8
0
100
AcDbLine
 10
-18.0469515322402
 20
77.67501941809337
 30
0.0
 11
-18.16983919012273
 21
77.59941941809689
 31
0.0
  0
LINE
  5
84A
330
79D
100
AcDbEntity
  8
0
100
AcDbLine
 10
-18.16983919012273
 20
77.76896113398129
 30
0.0
 11
-18.01863919011521
 21
77.6813866568557
 31
0.0
  0
LWPOLYLINE
  5
84B
330
79D
100
AcDbEntity
  8
0
100
AcDbPolyline
 90
2
 70
0
 10
-18.2298391901204
 20
77.59941941809689
 10
-18.4677942133203
 20
77.59941941809689
  0
LWPOLYLINE
  5
84C
330
79D
100
AcDbEntity
  8
0
100
AcDbPolyline
 90
2
 70
0
 10
-18.4677942133203
 20
77.75061941808985
 10
-18.2298391901204
 20
77.75061941808985
  0
LWPOLYLINE
  5
84D
330
79D
100
AcDbEntity
  8
0
100
AcDbPolyline
 90
3
 70
0
 10
-18.03500469259597
 20
76.98258000474038
 42
0.1600535475041259
 10
-18.01863919014431
 20
77.0323954114067
 10
-18.01863919014431
 20
77.6684847314175
  0
LWPOLYLINE
  5
84E
330
79D
100
AcDbEntity
  8
0
100
AcDbPolyline
 90
3
 70
0
 10
-18.17911757752154
 20
77.1266928896805
 42
0.1433289715802567
 10
-18.16983919013728
 20
77.15839541140326
 10
-18.16983919013728
 20
77.5810534005434
  0
LINE
  5
84F
330
79D
100
AcDbEntity
  8
0
100
AcDbLine
 10
-18.17911757752154
 20
77.1266928896805
 30
0.0
 11
-18.03500469259597
 21
76.98258000474038
 31
0.0
  0
LINE
  5
850
330
79D
100
AcDbEntity
  8
0
100
AcDbLine
 10
-18.01863919014431
 20
77.6684847314175
 30
0.0
 11
-18.16983919013728
 21
77.5810534005434
 31
0.0
  0
CIRCLE
  5
851
330
79D
100
AcDbEntity
  8
0
100
AcDbCircle
 10
-30.44811936740734
 20
112.095344371005
 30
0.0
 40
3.0
  0
CIRCLE
  5
852
330
79D
100
AcDbEntity
  8
0
100
AcDbCircle
 10
-16.50000000000727
 20
112.095344371005
 30
0.0
 40
3.0
  0
LINE
  5
853
330
79D
100
AcDbEntity
  8
0
100
AcDbLine
 10
-28.99855046596349
 20
110.6457754695611
 30
0.0
 11
-31.8976882688512
 21
113.5449132724488
 31
0.0
  0
LINE
  5
854
330
79D
100
AcDbEntity
  8
0
100
AcDbLine
 10
-28.99855046596349
 20
113.5449132724488
 30
0.0
 11
-31.8976882688512
 21
110.6457754695611
 31
0.0
  0
LINE
  5
855
330
79D
100
AcDbEntity
  8
0
100
AcDbLine
 10
-15.05043109856342
 20
113.5449132724488
 30
0.0
 11
-17.94956890145113
 21
110.6457754695611
 31
0.0
  0
LINE
  5
856
330
79D
100
AcDbEntity
  8
0
100
AcDbLine
 10
-15.05043109856342
 20
110.6457754695611
 30
0.0
 11
-17.94956890145113
 21
113.5449132724488
 31
0.0
  0
CIRCLE
  5
857
330
79D
100
AcDbEntity
  8
0
100
AcDbCircle
 10
30.4481193674219
 20
112.095344371005
 30
0.0
 40
3.0
  0
CIRCLE
  5
858
330
79D
100
AcDbEntity
  8
0
100
AcDbCircle
 10
16.50000000002183
 20
112.095344371005
 30
0.0
 40
3.0
  0
LINE
  5
859
330
79D
100
AcDbEntity
  8
0
100
AcDbLine
 10
28.99855046597804
 20
110.6457754695611
 30
0.0
 11
31.89768826886575
 21
113.5449132724488
 31
0.0
  0
LINE
  5
85A
330
79D
100
AcDbEntity
  8
0
100
AcDbLine
 10
28.99855046597804
 20
113.5449132724488
 30
0.0
 11
31.89768826886575
 21
110.6457754695611
 31
0.0
  0
LINE
  5
85B
330
79D
100
AcDbEntity
  8
0
100
AcDbLine
 10
15.05043109857797
 20
113.5449132724488
 30
0.0
 11
17.94956890146568
 21
110.6457754695611
 31
0.0
  0
LINE
  5
85C
330
79D
100
AcDbEntity
  8
0
100
AcDbLine
 10
15.05043109857797
 20
110.6457754695611
 30
0.0
 11
17.94956890146568
 21
113.5449132724488
 31
0.0
  0
MTEXT
  5
85D
330
79D
100
AcDbEntity
  8
0
 62
5
370
9
100
AcDbMText
 10
-16.03920403410939
 20
91.5116777110577
 30
0.0
 40
2.48832
 41
33.72683625294764
 46
100.0000000000031
 71
5
 72
5
  1
CHINT
  7
ARIAL
  0
CIRCLE
  5
85E
330
79D
100
AcDbEntity
  8
0
100
AcDbCircle
 10
0.4047060053310361
 20
108.0
 30
0.0
 40
4.0
  0
MTEXT
  5
85F
330
79D
100
AcDbEntity
  8
0
 62
253
370
9
100
AcDbMText
 10
7.680161958020789
 20
69.84417404039277
 30
0.0
 40
1.24416
 41
6.220121798671002
 46
100.0000000000031
 71
5
 72
5
  1
AUTO
  7
ARIAL
  0
LWPOLYLINE
  5
860
330
79D
100
AcDbEntity
  8
0
 62
253
100
AcDbPolyline
 90
8
 70
1
 10
4.87525304170299
 20
68.82817330879925
 10
10.18818892361628
 20
68.82817330878834
 42
0.4142135623730951
 10
10.63818892362064
 20
69.2781733087927
 10
10.63818892362064
 20
70.4621952254297
 42
0.4142135623730951
 10
10.18818892361628
 20
70.91219522543406
 10
4.87525304170299
 20
70.91219522543406
 42
0.4142135623730951
 10
4.425253041698624
 20
70.4621952254297
 10
4.425253041698624
 20
69.27817330880362
 42
0.4142135623725405
  0
MTEXT
  5
861
330
79D
100
AcDbEntity
  8
0
 62
253
370
9
100
AcDbMText
 10
-1.735738133203312
 20
69.84417404039277
 30
0.0
 40
1.24416
 41
6.220121798671002
 46
100.0000000000031
 71
5
 72
5
  1
ON
  7
ARIAL
  0
LWPOLYLINE
  5
862
330
79D
100
AcDbEntity
  8
0
 62
253
100
AcDbPolyline
 90
8
 70
1
 10
-4.540647049521112
 20
68.82817330879925
 10
0.772288832392178
 20
68.82817330878834
 42
0.4142135623730951
 10
1.222288832396543
 20
69.2781733087927
 10
1.222288832396543
 20
70.4621952254297
 42
0.4142135623730951
 10
0.772288832392178
 20
70.91219522543406
 10
-4.540647049521112
 20
70.91219522543406
 42
0.4142135623730951
 10
-4.990647049525477
 20
70.4621952254297
 10
-4.990647049525477
 20
69.27817330880362
 42
0.4142135623725405
  0
MTEXT
  5
863
330
79D
100
AcDbEntity
  8
0
 62
253
370
9
100
AcDbMText
 10
17.09606204924535
 20
69.84417404039277
 30
0.0
 40
1.24416
 41
6.220121798671002
 46
100.0000000000031
 71
5
 72
5
  1
OFF
  7
ARIAL
  0
LWPOLYLINE
  5
864
330
79D
100
AcDbEntity
  8
0
 62
253
100
AcDbPolyline
 90
8
 70
1
 10
14.29115313292754
 20
68.82817330879925
 10
19.60408901484084
 20
68.82817330878834
 42
0.4142135623730951
 10
20.0540890148452
 20
69.2781733087927
 10
20.0540890148452
 20
70.4621952254297
 42
0.4142135623730951
 10
19.60408901484084
 20
70.91219522543406
 10
14.29115313292754
 20
70.91219522543406
 42
0.4142135623730951
 10
13.84115313292318
 20
70.4621952254297
 10
13.84115313292318
 20
69.27817330880362
 42
0.4142135623725405
  0
LWPOLYLINE
  5
865
330
79D
100
AcDbEntity
  8
0
 62
253
100
AcDbPolyline
 90
3
 70
0
 10
6.927938017305677
 20
73.11473116835577
 10
7.857824099041863
 20
73.11473116835577
 10
7.39288105817377
 20
72.48410545147567
  0
LINE
  5
866
330
79D
100
AcDbEntity
  8
0
 62
253
100
AcDbLine
 10
6.927938017305677
 20
73.11473116835577
 30
0.0
 11
7.39288105817377
 21
72.48410545147567
 31
0.0
  0
MTEXT
  5
867
330
79D
100
AcDbEntity
  8
0
370
9
100
AcDbMText
 10
-15.57594457591313
 20
59.60627385373005
 30
0.0
 40
1.24416
 41
6.220121798671002
 46
100.0000000000031
 71
5
 72
5
  1
RESET
  7
ARIAL
  0
LWPOLYLINE
  5
868
330
79D
100
AcDbEntity
  8
0
 62
5
100
AcDbPolyline
 90
8
 70
1
 10
-18.38085349223183
 20
55.59027312213652
 10
-13.06791761031968
 20
55.59027312212561
 42
0.4142135623730951
 10
-11.61791761031327
 20
57.04027312212997
 10
-11.61791761031327
 20
60.22429503876697
 42
0.4142135623730951
 10
-13.06791761031763
 20
61.67429503877134
 10
-18.38085349223092
 20
61.67429503877134
 42
0.4142135623730951
 10
-19.83085349223529
 20
60.22429503876697
 10
-19.83085349223529
 20
57.04027312214089
 42
0.414213562372521
  0
LINE
  5
869
330
79D
100
AcDbEntity
  8
0
100
AcDbLine
 10
-18.83085349223529
 20
58.63228408045393
 30
0.0
 11
-12.61791761031327
 21
58.63228408044847
 31
0.0
  0
MTEXT
  5
86A
330
79D
100
AcDbEntity
  8
0
370
9
100
AcDbMText
 10
-15.57594457591313
 20
57.68413876984914
 30
0.0
 40
1.24416
 41
6.220121798671002
 46
100.0000000000031
 71
5
 72
5
  1
RECAL
  7
ARIAL
  0
LWPOLYLINE
  5
86B
330
79D
100
AcDbEntity
  8
0
 62
253
100
AcDbPolyline
 90
4
 70
1
 10
-34.27105598703929
 20
4.438413554882572
 42
-0.9999999999999998
 10
-32.14973564347747
 20
2.317093211320752
 10
-32.8568424246696
 20
1.609986430128628
 42
-0.9999999999999998
 10
-34.97816276823142
 20
3.731306773690448
  0
LWPOLYLINE
  5
86C
330
79D
100
AcDbEntity
  8
0
100
AcDbPolyline
 90
6
 70
1
 10
-29.00000000000728
 20
0.0
 10
-29.00000000000728
 20
0.0
 10
-36.00000000000728
 20
0.0
 42
-0.4142135623730951
 10
-37.00000000000728
 20
1.0
 10
-37.00000000000728
 20
8.0
 10
-37.00000000000728
 20
8.0
 42
-0.4142135623730951
  0
LWPOLYLINE
  5
86D
330
79D
100
AcDbEntity
  8
0
 62
253
100
AcDbPolyline
 90
4
 70
1
 10
34.27105598703906
 20
4.438413554882572
 42
0.9999999999999998
 10
32.14973564347725
 20
2.317093211320752
 10
32.85684242466937
 20
1.609986430128628
 42
0.9999999999999998
 10
34.97816276823119
 20
3.731306773690448
  0
LWPOLYLINE
  5
86E
330
79D
100
AcDbEntity
  8
0
100
AcDbPolyline
 90
6
 70
1
 10
29.00000000000705
 20
0.0
 10
29.00000000000705
 20
0.0
 10
36.00000000000705
 20
0.0
 42
0.4142135623730951
 10
37.00000000000705
 20
1.0
 10
37.00000000000705
 20
8.0
 10
37.00000000000705
 20
8.0
 42
0.4142135623730951
  0
MTEXT
  5
86F
330
79D
100
AcDbEntity
  8
0
370
9
100
AcDbMText
 10
-2.575944575913126
 20
58.62036221353537
 30
0.0
 40
1.24416
 41
6.220121798671002
 46
100.0000000000031
 71
5
 72
5
  1
HOUR
  7
ARIAL
  0
LWPOLYLINE
  5
870
330
79D
100
AcDbEntity
  8
0
 62
5
100
AcDbPolyline
 90
8
 70
1
 10
-5.380853492231835
 20
55.59027312213652
 10
-0.0679176103196824
 20
55.59027312212561
 42
0.4142135623730951
 10
1.382082389686729
 20
57.04027312212997
 10
1.382082389686729
 20
60.22429503876697
 42
0.4142135623730951
 10
-0.067917610317636
 20
61.67429503877134
 10
-5.380853492230926
 20
61.67429503877134
 42
0.4142135623730951
 10
-6.830853492235291
 20
60.22429503876697
 10
-6.830853492235291
 20
57.04027312214089
 42
0.414213562372521
  0
MTEXT
  5
871
330
79D
100
AcDbEntity
  8
0
370
9
100
AcDbMText
 10
10.42405542408687
 20
58.62036221353537
 30
0.0
 40
1.24416
 41
6.220121798671002
 46
100.0000000000031
 71
5
 72
5
  1
MINUTE
  7
ARIAL
  0
LWPOLYLINE
  5
872
330
79D
100
AcDbEntity
  8
0
 62
5
100
AcDbPolyline
 90
8
 70
1
 10
7.619146507768164
 20
55.59027312213652
 10
12.93208238968032
 20
55.59027312212561
 42
0.4142135623730951
 10
14.38208238968673
 20
57.04027312212997
 10
14.38208238968673
 20
60.22429503876697
 42
0.4142135623730951
 10
12.93208238968236
 20
61.67429503877134
 10
7.619146507769073
 20
61.67429503877134
 42
0.4142135623730951
 10
6.169146507764708
 20
60.22429503876697
 10
6.169146507764708
 20
57.04027312214089
 42
0.414213562372521
  0
MTEXT
  5
873
330
79D
100
AcDbEntity
  8
0
370
9
100
AcDbMText
 10
23.42405542408688
 20
58.62036221353537
 30
0.0
 40
1.24416
 41
6.220121798671002
 46
100.0000000000031
 71
5
 72
5
  1
HOUR
  7
ARIAL
  0
LWPOLYLINE
  5
874
330
79D
100
AcDbEntity
  8
0
 62
5
100
AcDbPolyline
 90
8
 70
1
 10
20.61914650776817
 20
55.59027312213652
 10
25.93208238968032
 20
55.59027312212561
 42
0.4142135623730951
 10
27.38208238968673
 20
57.04027312212997
 10
27.38208238968673
 20
60.22429503876697
 42
0.4142135623730951
 10
25.93208238968236
 20
61.67429503877134
 10
20.61914650776907
 20
61.67429503877134
 42
0.4142135623730951
 10
19.16914650776471
 20
60.22429503876697
 10
19.16914650776471
 20
57.04027312214089
 42
0.414213562372521
  0
HATCH
  5
875
330
79D
100
AcDbEntity
  8
0
 62
1
100
AcDbHatch
 10
0.0
 20
0.0
 30
0.0
210
0.0
220
0.0
230
1.0
  2
SOLID
 70
1
 71
0
 91
1
 92
1
 93
1
 72
2
 10
-22.96804625344657
 20
34.77384836470446
 40
0.75
 50
0.0
 51
360.0
 73
1
 97
1
330
78189
 75
0
 76
1
 98
1
 10
-135514.4632059913
 20
-56946.39845676217
450
1
451
0
460
0.0
461
0.0
452
1
462
0.5899999737739563
453
2
463
0
 63
13
421
16536663
463
1
 63
240
421
16527668
470
INVCYLINDER
  0
CIRCLE
  5
876
330
79D
100
AcDbEntity
  8
0
 62
1
100
AcDbCircle
 10
-22.96804625344657
 20
34.77384836470446
 30
0.0
 40
0.75
  0
LWPOLYLINE
  5
877
330
79D
100
AcDbEntity
  8
0
 62
5
100
AcDbPolyline
 90
8
 70
1
 10
-11.88085349223183
 20
43.59027312213652
 10
-6.567917610319682
 20
43.5902731221256
 42
0.4142135623730951
 10
-5.11791761031327
 20
45.04027312212997
 10
-5.11791761031327
 20
48.22429503876697
 42
0.4142135623730951
 10
-6.567917610317635
 20
49.67429503877133
 10
-11.88085349223092
 20
49.67429503877133
 42
0.4142135623730951
 10
-13.33085349223529
 20
48.22429503876697
 10
-13.33085349223529
 20
45.04027312214089
 42
0.414213562372521
  0
MTEXT
  5
878
330
79D
100
AcDbEntity
  8
0
370
9
100
AcDbMText
 10
3.924055424086873
 20
46.62036221353537
 30
0.0
 40
1.24416
 41
6.220121798671002
 46
100.0000000000031
 71
5
 72
5
  1
TIMER
  7
ARIAL
  0
LWPOLYLINE
  5
879
330
79D
100
AcDbEntity
  8
0
 62
5
100
AcDbPolyline
 90
8
 70
1
 10
1.119146507768164
 20
43.59027312213652
 10
6.432082389680317
 20
43.5902731221256
 42
0.4142135623730951
 10
7.882082389686729
 20
45.04027312212997
 10
7.882082389686729
 20
48.22429503876697
 42
0.4142135623730951
 10
6.432082389682364
 20
49.67429503877133
 10
1.119146507769073
 20
49.67429503877133
 42
0.4142135623730951
 10
-0.3308534922352919
 20
48.22429503876697
 10
-0.3308534922352919
 20
45.04027312214089
 42
0.414213562372521
  0
MTEXT
  5
87A
330
79D
100
AcDbEntity
  8
0
370
9
100
AcDbMText
 10
16.92405542408687
 20
46.62036221353537
 30
0.0
 40
1.24416
 41
6.220121798671002
 46
100.0000000000031
 71
5
 72
5
  1
CLOCK
  7
ARIAL
  0
LWPOLYLINE
  5
87B
330
79D
100
AcDbEntity
  8
0
 62
5
100
AcDbPolyline
 90
8
 70
1
 10
14.11914650776816
 20
43.59027312213652
 10
19.43208238968032
 20
43.5902731221256
 42
0.4142135623730951
 10
20.88208238968673
 20
45.04027312212997
 10
20.88208238968673
 20
48.22429503876697
 42
0.4142135623730951
 10
19.43208238968236
 20
49.67429503877133
 10
14.11914650776907
 20
49.67429503877133
 42
0.4142135623730951
 10
12.66914650776471
 20
48.22429503876697
 10
12.66914650776471
 20
45.04027312214089
 42
0.414213562372521
  0
MTEXT
  5
87C
330
79D
100
AcDbEntity
  8
0
370
9
100
AcDbMText
 10
-9.075944575913127
 20
47.60627385373005
 30
0.0
 40
1.24416
 41
6.220121798671002
 46
100.0000000000031
 71
5
 72
5
  1
AUTO
  7
ARIAL
  0
LINE
  5
87D
330
79D
100
AcDbEntity
  8
0
100
AcDbLine
 10
-12.33085349223529
 20
46.63228408045393
 30
0.0
 11
-6.11791761031327
 21
46.63228408044846
 31
0.0
  0
MTEXT
  5
87E
330
79D
100
AcDbEntity
  8
0
370
9
100
AcDbMText
 10
-9.075944575913127
 20
45.68413876984914
 30
0.0
 40
1.24416
 41
6.220121798671002
 46
100.0000000000031
 71
5
 72
5
  1
MANU
  7
ARIAL
  0
MTEXT
  5
87F
330
79D
100
AcDbEntity
  8
0
 62
253
370
9
100
AcDbMText
 10
-15.79821805096822
 20
34.91468223954098
 30
0.0
 40
1.86624
 41
9.330182698006503
 46
100.0000000000031
 71
5
 72
5
  1
POWER
  7
ARIAL
  0
HATCH
  5
880
330
79D
100
AcDbEntity
  8
0
 62
1
100
AcDbHatch
 10
0.0
 20
0.0
 30
0.0
210
0.0
220
0.0
230
1.0
  2
SOLID
 70
1
 71
0
 91
1
 92
1
 93
1
 72
2
 10
-5.028951671494496
 20
34.77384836470446
 40
0.75
 50
0.0
 51
360.0
 73
1
 97
1
330
78194
 75
0
 76
1
 98
1
 10
-135496.5241114093
 20
-56946.39845676217
450
1
451
0
460
0.0
461
0.0
452
1
462
0.5899999737739563
453
2
463
0
 63
13
421
16536663
463
1
 63
240
421
16527668
470
INVCYLINDER
  0
CIRCLE
  5
881
330
79D
100
AcDbEntity
  8
0
 62
1
100
AcDbCircle
 10
-5.028951671494496
 20
34.77384836470446
 30
0.0
 40
0.75
  0
MTEXT
  5
882
330
79D
100
AcDbEntity
  8
0
 62
253
370
9
100
AcDbMText
 10
-1.17480409020186
 20
34.91468223954098
 30
0.0
 40
1.86624
 41
9.330182698006503
 46
100.0000000000031
 71
5
 72
5
  1
ON
  7
ARIAL
  0
LWPOLYLINE
  5
883
330
79D
100
AcDbEntity
  8
0
100
AcDbPolyline
 90
4
 70
1
 10
-22.5
 20
20.0
 10
-22.5
 20
0.0
 10
22.5
 20
0.0
 10
22.5
 20
20.0
  0
LWPOLYLINE
  5
884
330
79D
100
AcDbEntity
  8
0
100
AcDbPolyline
 90
4
 70
1
 10
-2.485362001027851
 20
18.58065950517323
 10
2.485362001027851
 20
18.58065950517323
 10
2.485362001027851
 20
20.0
 10
-2.485362001027851
 20
20.0
  0
LINE
  5
885
330
79D
100
AcDbEntity
  8
0
100
AcDbLine
 10
-1.985362001027851
 20
14.82707000752896
 30
0.0
 11
1.985362001027851
 21
14.82707000752896
 31
0.0
  0
LINE
  5
886
330
79D
100
AcDbEntity
  8
0
100
AcDbLine
 10
-2.485362001027851
 20
16.82707000752896
 30
0.0
 11
2.485362001027851
 21
16.82707000752896
 31
0.0
  0
LINE
  5
887
330
79D
100
AcDbEntity
  8
0
100
AcDbLine
 10
-1.485362001027851
 20
12.82707000752896
 30
0.0
 11
1.485362001027851
 21
12.82707000752896
 31
0.0
  0
MTEXT
  5
888
330
79D
100
AcDbEntity
  8
0
 62
253
370
9
100
AcDbMText
 10
22.53463711156201
 20
33.87411111200572
 30
0.0
 40
2.48832
 41
12.440243597342
 46
100.0000000000031
 71
5
 72
5
  1
KG316T
  7
ARIAL
  0
LINE
  5
889
330
79D
100
AcDbEntity
  8
0
100
AcDbLine
 10
-36.99999999999568
 20
95.1571807344212
 30
0.0
 11
37.00000000000728
 21
95.1571807344212
 31
0.0
  0
LWPOLYLINE
  5
88A
330
79D
100
AcDbEntity
  8
0
 62
5
100
AcDbPolyline
 90
4
 70
1
 10
-8.345994346209864
 20
90.19589646173927
 10
22.04629631945477
 20
90.19589646173927
 10
22.04629631945477
 20
91.51823726526754
 10
-8.345994346209864
 20
91.51823726526754
  0
MTEXT
  5
88B
330
79D
100
AcDbEntity
  8
0
 62
253
370
9
100
AcDbMText
 10
-30.42544628425503
 20
117.5895714677015
 30
0.0
 40
2.48832
 41
12.440243597342
 46
100.0000000000031
 71
5
 72
5
  1
N
  7
ARIAL
  0
MTEXT
  5
88C
330
79D
100
AcDbEntity
  8
0
 62
253
370
9
100
AcDbMText
 10
-16.47732691685496
 20
117.5895714677015
 30
0.0
 40
2.48832
 41
12.440243597342
 46
100.0000000000031
 71
5
 72
5
  1
L
  7
ARIAL
  0
MTEXT
  5
88D
330
79D
100
AcDbEntity
  8
0
 62
253
370
9
100
AcDbMText
 10
16.52267308317414
 20
117.5895714677015
 30
0.0
 40
2.48832
 41
12.440243597342
 46
100.0000000000031
 71
5
 72
5
  1
N
  7
ARIAL
  0
MTEXT
  5
88E
330
79D
100
AcDbEntity
  8
0
 62
253
370
9
100
AcDbMText
 10
30.47079245057421
 20
117.5895714677015
 30
0.0
 40
2.48832
 41
12.440243597342
 46
100.0000000000031
 71
5
 72
5
  1
L
  7
ARIAL
  0
MTEXT
  5
88F
330
79D
100
AcDbEntity
  8
0
100
AcDbMText
 10
21.3253203143272
 20
110.938846386796
 30
0.0
 40
2.0
 41
3.162784658838063
 46
0.0
 71
1
 72
5
  1
{\Ftxt1|c0;Load}
  0
MTEXT
  5
890
330
79D
100
AcDbEntity
  8
0
100
AcDbMText
 10
-26.7385290304469
 20
111.0567401301575
 30
0.0
 40
2.0
 41
3.162784658838063
 46
0.0
 71
1
 72
5
  1
{\Ftxt1|c0;Sourcl}
  0
LWPOLYLINE
  5
891
330
79D
100
AcDbEntity
  8
0
 60
1
100
AcDbPolyline
 90
3
 70
0
 10
-15.99999999999272
 20
46.0
 10
-15.99999999999272
 20
120.0
 10
16.00000000000727
 20
120.0
  0
LWPOLYLINE
  5
892
330
79D
100
AcDbEntity
  8
0
 60
1
100
AcDbPolyline
 90
7
 70
0
 10
17.00000000000727
 20
95.15718073442133
 10
26.00000000000728
 20
95.15718073442133
 42
-0.4142135623730951
 10
27.00000000000728
 20
94.15718073442135
 10
27.00000000002183
 20
1.000000000000005
 42
-0.4142135623730951
 10
26.00000000002183
 20
5.3e-15
 10
-15.99999999999272
 20
5.3e-15
 10
-15.99999999999272
 20
46.0
  0
LWPOLYLINE
  5
893
330
79D
100
AcDbEntity
  8
0
 60
1
100
AcDbPolyline
 90
5
 70
1
 10
-15.99999999999272
 20
120.0
 10
16.00000000000727
 20
120.0
 42
-0.4142135623730951
 10
17.00000000000727
 20
119.0
 10
17.00000000000727
 20
95.15718073442133
 10
-15.99999999999272
 20
95.15718073442133
  0
LINE
  5
894
330
79D
100
AcDbEntity
  8
0
 60
1
100
AcDbLine
 10
9.446149494156998
 20
5.3e-15
 30
0.0
 11
9.446149494156998
 21
120.0
 31
0.0
  0
ENDBLK
  5
79F
330
79D
100
AcDbEntity
  8
0
100
AcDbBlockEnd
  0
ENDSEC
  0
SECTION
  2
ENTITIES
  0
INSERT
  5
2F
330
17
100
AcDbEntity
  8
0
100
AcDbBlockReference
  2
H5F-KB
 10
528.4036423012694
 20
226.06732283303973
 30
0.0
  0
TEXT
  5
31
330
17
100
AcDbEntity
  8
0
100
AcDbText
 10
403.6548196941094
 20
376.20622697926956
 30
0.0
 40
25.0
  1
TIMER 24H H5F-KB
  7
Tahoma (Input Text)
 11
403.6548196941094
 21
388.70622697926956
 31
0.0
100
AcDbText
 73
2
  0
INSERT
  5
32
330
17
100
AcDbEntity
  8
0
100
AcDbBlockReference
  2
*U1884
 10
186.84650661130036
 20
246.4645688704004
 30
-3.653616e-10
  0
INSERT
  5
34
330
17
100
AcDbEntity
  8
0
100
AcDbBlockReference
  2
*U1904
 10
846.0625657660694
 20
227.93820259216045
 30
0.0
  0
INSERT
  5
36
330
17
100
AcDbEntity
  8
0
100
AcDbBlockReference
  2
*U1909
 10
1105.7128195587793
 20
227.78421597435045
 30
0.0
  0
TEXT
  5
38
330
17
100
AcDbEntity
  8
0
100
AcDbText
 10
1047.5560979888596
 20
376.20622697926956
 30
0.0
 40
25.0
  1
KG316T
  7
Tahoma (Input Text)
 11
1047.5560979888596
 21
388.70622697926956
 31
0.0
100
AcDbText
 73
2
  0
ENDSEC
  0
SECTION
  2
OBJECTS
  0
DICTIONARY
  5
A
330
0
100
AcDbDictionary
281
1
  3
ACAD_COLOR
350
B
  3
ACAD_GROUP
350
C
  3
ACAD_LAYOUT
350
D
  3
ACAD_MATERIAL
350
E
  3
ACAD_MLEADERSTYLE
350
F
  3
ACAD_MLINESTYLE
350
10
  3
ACAD_PLOTSETTINGS
350
11
  3
ACAD_PLOTSTYLENAME
350
12
  3
ACAD_SCALELIST
350
14
  3
ACAD_TABLESTYLE
350
15
  3
ACAD_VISUALSTYLE
350
16
  3
EZDXF_META
350
2D
  0
DICTIONARY
  5
B
330
A
100
AcDbDictionary
281
1
  0
DICTIONARY
  5
C
330
A
100
AcDbDictionary
281
1
  0
DICTIONARY
  5
D
330
A
100
AcDbDictionary
281
1
  3
Model
350
1A
  3
Layout1
350
1E
  0
DICTIONARY
  5
E
330
A
100
AcDbDictionary
281
1
  3
ByBlock
350
1F
  3
ByLayer
350
20
  3
Global
350
21
  0
DICTIONARY
  5
F
330
A
100
AcDbDictionary
281
1
  3
Standard
350
2C
  0
DICTIONARY
  5
10
330
A
100
AcDbDictionary
281
1
  3
Standard
350
22
  0
DICTIONARY
  5
11
330
A
100
AcDbDictionary
281
1
  0
ACDBDICTIONARYWDFLT
  5
12
330
A
100
AcDbDictionary
281
1
  3
Normal
350
13
100
AcDbDictionaryWithDefault
340
13
  0
ACDBPLACEHOLDER
  5
13
330
12
  0
DICTIONARY
  5
14
330
A
100
AcDbDictionary
281
1
  0
DICTIONARY
  5
15
330
A
100
AcDbDictionary
281
1
  0
DICTIONARY
  5
16
330
A
100
AcDbDictionary
281
1
  0
LAYOUT
  5
1A
330
D
100
AcDbPlotSettings
  1

  4
A3
  6

 40
7.5
 41
20.0
 42
7.5
 43
20.0
 44
420.0
 45
297.0
 46
0.0
 47
0.0
 48
0.0
 49
0.0
140
0.0
141
0.0
142
1.0
143
1.0
 70
1024
 72
1
 73
0
 74
5
  7

 75
16
 76
0
 77
2
 78
300
147
1.0
148
0.0
149
0.0
100
AcDbLayout
  1
Model
 70
1
 71
0
 10
0.0
 20
0.0
 11
420.0
 21
297.0
 12
0.0
 22
0.0
 32
0.0
 14
1e+20
 24
1e+20
 34
1e+20
 15
-1e+20
 25
-1e+20
 35
-1e+20
146
0.0
 13
0.0
 23
0.0
 33
0.0
 16
1.0
 26
0.0
 36
0.0
 17
0.0
 27
1.0
 37
0.0
 76
1
330
17
  0
LAYOUT
  5
1E
330
D
100
AcDbPlotSettings
  1

  4
A3
  6

 40
7.5
 41
20.0
 42
7.5
 43
20.0
 44
420.0
 45
297.0
 46
0.0
 47
0.0
 48
0.0
 49
0.0
140
0.0
141
0.0
142
1.0
143
1.0
 70
0
 72
1
 73
0
 74
5
  7

 75
16
 76
0
 77
2
 78
300
147
1.0
148
0.0
149
0.0
100
AcDbLayout
  1
Layout1
 70
1
 71
1
 10
0.0
 20
0.0
 11
420.0
 21
297.0
 12
0.0
 22
0.0
 32
0.0
 14
1e+20
 24
1e+20
 34
1e+20
 15
-1e+20
 25
-1e+20
 35
-1e+20
146
0.0
 13
0.0
 23
0.0
 33
0.0
 16
1.0
 26
0.0
 36
0.0
 17
0.0
 27
1.0
 37
0.0
 76
1
330
1B
  0
MATERIAL
  5
1F
102
{ACAD_REACTORS
330
E
102
}
330
E
100
AcDbMaterial
  1
ByBlock
  2

 70
0
 40
1.0
 71
1
 41
1.0
 91
-1023410177
 42
1.0
 72
1
  3

 73
1
 74
1
 75
1
 44
0.5
 73
0
 45
1.0
 46
1.0
 77
1
  4

 78
1
 79
1
170
1
 48
1.0
171
1
  6

172
1
173
1
174
1
140
1.0
141
1.0
175
1
  7

176
1
177
1
178
1
143
1.0
179
1
  8

270
1
271
1
272
1
145
1.0
146
1.0
273
1
  9

274
1
275
1
276
1
 42
1.0
 72
1
  3

 73
1
 74
1
 75
1
 94
63
  0
MATERIAL
  5
20
102
{ACAD_REACTORS
330
E
102
}
330
E
100
AcDbMaterial
  1
ByLayer
  2

 70
0
 40
1.0
 71
1
 41
1.0
 91
-1023410177
 42
1.0
 72
1
  3

 73
1
 74
1
 75
1
 44
0.5
 73
0
 45
1.0
 46
1.0
 77
1
  4

 78
1
 79
1
170
1
 48
1.0
171
1
  6

172
1
173
1
174
1
140
1.0
141
1.0
175
1
  7

176
1
177
1
178
1
143
1.0
179
1
  8

270
1
271
1
272
1
145
1.0
146
1.0
273
1
  9

274
1
275
1
276
1
 42
1.0
 72
1
  3

 73
1
 74
1
 75
1
 94
63
  0
MATERIAL
  5
21
102
{ACAD_REACTORS
330
E
102
}
330
E
100
AcDbMaterial
  1
Global
  2

 70
0
 40
1.0
 71
1
 41
1.0
 91
-1023410177
 42
1.0
 72
1
  3

 73
1
 74
1
 75
1
 44
0.5
 73
0
 45
1.0
 46
1.0
 77
1
  4

 78
1
 79
1
170
1
 48
1.0
171
1
  6

172
1
173
1
174
1
140
1.0
141
1.0
175
1
  7

176
1
177
1
178
1
143
1.0
179
1
  8

270
1
271
1
272
1
145
1.0
146
1.0
273
1
  9

274
1
275
1
276
1
 42
1.0
 72
1
  3

 73
1
 74
1
 75
1
 94
63
  0
MLINESTYLE
  5
22
102
{ACAD_REACTORS
330
10
102
}
330
10
100
AcDbMlineStyle
  2
Standard
 70
0
  3

 62
256
 51
90.0
 52
90.0
 71
2
 49
0.5
 62
256
  6
BYLAYER
 49
-0.5
 62
256
  6
BYLAYER
  0
MLEADERSTYLE
  5
2C
102
{ACAD_REACTORS
330
F
102
}
330
F
100
AcDbMLeaderStyle
179
2
170
2
171
1
172
0
 90
2
 40
0.0
 41
0.0
173
1
 91
-1056964608
 92
-2
290
1
 42
2.0
291
1
 43
8.0
  3
Standard
 44
4.0
300

342
29
174
1
175
1
176
0
178
1
 93
-1056964608
 45
4.0
292
0
297
0
 46
4.0
 94
-1056964608
 47
1.0
 49
1.0
140
1.0
294
1
141
0.0
177
0
142
1.0
295
0
296
0
143
3.75
271
0
272
9
273
9
  0
DICTIONARY
  5
2D
330
A
100
AcDbDictionary
280
1
281
1
  3
CREATED_BY_EZDXF
350
2E
  3
WRITTEN_BY_EZDXF
350
89D
  0
DICTIONARYVAR
  5
2E
330
2D
100
DictionaryVariables
280
0
  1
1.4.4 @ 2026-09-23T14:03:35.555222+00:00
  0
DICTIONARYVAR
  5
89D
330
2D
100
DictionaryVariables
280
0
  1
1.4.4 @ 2026-09-23T14:03:36.074322+00:00
  0
ENDSEC
  0
EOF
