  0
SECTION
  2
HEADER
  9
$ACADVER
  1
AC1032
  9
$ACADMAINTVER
 90
4
  9
$DWGCODEPAGE
  3
ANSI_1252
  9
$LASTSAVEDBY
  1
ezdxf
  9
$REQUIREDVERSIONS
160
0
  9
$INSBASE
 10
0.0
 20
0.0
 30
0.0
  9
$EXTMIN
 10
1e+20
 20
1e+20
 30
1e+20
  9
$EXTMAX
 10
-1e+20
 20
-1e+20
 30
-1e+20
  9
$LIMMIN
 10
0.0
 20
0.0
  9
$LIMMAX
 10
420.0
 20
297.0
  9
$ORTHOMODE
 70
0
  9
$REGENMODE
 70
1
  9
$FILLMODE
 70
1
  9
$QTEXTMODE
 70
0
  9
$MIRRTEXT
 70
1
  9
$LTSCALE
 40
1.0
  9
$ATTMODE
 70
1
  9
$TEXTSIZE
 40
2.5
  9
$TRACEWID
 40
1.0
  9
$TEXTSTYLE
  7
Standard
  9
$CLAYER
  8
0
  9
$CELTYPE
  6
ByLayer
  9
$CECOLOR
 62
256
  9
$CELTSCALE
 40
1.0
  9
$DISPSILH
 70
0
  9
$DIMSCALE
 40
1.0
  9
$DIMASZ
 40
2.5
  9
$DIMEXO
 40
0.625
  9
$DIMDLI
 40
3.75
  9
$DIMRND
 40
0.0
  9
$DIMDLE
 40
0.0
  9
$DIMEXE
 40
1.25
  9
$DIMTP
 40
0.0
  9
$DIMTM
 40
0.0
  9
$DIMTXT
 40
2.5
  9
$DIMCEN
 40
2.5
  9
$DIMTSZ
 40
0.0
  9
$DIMTOL
 70
0
  9
$DIMLIM
 70
0
  9
$DIMTIH
 70
0
  9
$DIMTOH
 70
0
  9
$DIMSE1
 70
0
  9
$DIMSE2
 70
0
  9
$DIMTAD
 70
1
  9
$DIMZIN
 70
8
  9
$DIMBLK
  1

  9
$DIMASO
 70
1
  9
$DIMSHO
 70
1
  9
$DIMPOST
  1

  9
$DIMAPOST
  1

  9
$DIMALT
 70
0
  9
$DIMALTD
 70
3
  9
$DIMALTF
 40
0.03937007874
  9
$DIMLFAC
 40
1.0
  9
$DIMTOFL
 70
1
  9
$DIMTVP
 40
0.0
  9
$DIMTIX
 70
0
  9
$DIMSOXD
 70
0
  9
$DIMSAH
 70
0
  9
$DIMBLK1
  1

  9
$DIMBLK2
  1

  9
$DIMSTYLE
  2
ISO-25
  9
$DIMCLRD
 70
0
  9
$DIMCLRE
 70
0
  9
$DIMCLRT
 70
0
  9
$DIMTFAC
 40
1.0
  9
$DIMGAP
 40
0.625
  9
$DIMJUST
 70
0
  9
$DIMSD1
 70
0
  9
$DIMSD2
 70
0
  9
$DIMTOLJ
 70
0
  9
$DIMTZIN
 70
8
  9
$DIMALTZ
 70
0
  9
$DIMALTTZ
 70
0
  9
$DIMUPT
 70
0
  9
$DIMDEC
 70
2
  9
$DIMTDEC
 70
2
  9
$DIMALTU
 70
2
  9
$DIMALTTD
 70
3
  9
$DIMTXSTY
  7
Standard
  9
$DIMAUNIT
 70
0
  9
$DIMADEC
 70
0
  9
$DIMALTRND
 40
0.0
  9
$DIMAZIN
 70
0
  9
$DIMDSEP
 70
44
  9
$DIMATFIT
 70
3
  9
$DIMFRAC
 70
0
  9
$DIMLDRBLK
  1

  9
$DIMLUNIT
 70
2
  9
$DIMLWD
 70
-2
  9
$DIMLWE
 70
-2
  9
$DIMTMOVE
 70
0
  9
$DIMFXL
 40
1.0
  9
$DIMFXLON
 70
0
  9
$DIMJOGANG
 40
0.785398163397
  9
$DIMTFILL
 70
0
  9
$DIMTFILLCLR
 70
0
  9
$DIMARCSYM
 70
0
  9
$DIMLTYPE
  6

  9
$DIMLTEX1
  6

  9
$DIMLTEX2
  6

  9
$DIMTXTDIRECTION
 70
0
  9
$LUNITS
 70
2
  9
$LUPREC
 70
4
  9
$SKETCHINC
 40
1.0
  9
$FILLETRAD
 40
10.0
  9
$AUNITS
 70
0
  9
$AUPREC
 70
2
  9
$MENU
  1
.
  9
$ELEVATION
 40
0.0
  9
$PELEVATION
 40
0.0
  9
$THICKNESS
 40
0.0
  9
$LIMCHECK
 70
0
  9
$CHAMFERA
 40
0.0
  9
$CHAMFERB
 40
0.0
  9
$CHAMFERC
 40
0.0
  9
$CHAMFERD
 40
0.0
  9
$SKPOLY
 70
0
  9
$TDCREATE
 40
2461307.8774305554
  9
$TDUCREATE
 40
2458532.153996898
  9
$TDUPDATE
 40
2461307.8774421294
  9
$TDUUPDATE
 40
2458532.1544311
  9
$TDINDWG
 40
0.0
  9
$TDUSRTIMER
 40
0.0
  9
$USRTIMER
 70
1
  9
$ANGBASE
 50
0.0
  9
$ANGDIR
 70
0
  9
$PDMODE
 70
0
  9
$PDSIZE
 40
0.0
  9
$PLINEWID
 40
0.0
  9
$SPLFRAME
 70
0
  9
$SPLINETYPE
 70
6
  9
$SPLINESEGS
 70
8
  9
$HANDSEED
  5
A5D
  9
$SURFTAB1
 70
6
  9
$SURFTAB2
 70
6
  9
$SURFTYPE
 70
6
  9
$SURFU
 70
6
  9
$SURFV
 70
6
  9
$UCSBASE
  2

  9
$UCSNAME
  2

  9
$UCSORG
 10
0.0
 20
0.0
 30
0.0
  9
$UCSXDIR
 10
1.0
 20
0.0
 30
0.0
  9
$UCSYDIR
 10
0.0
 20
1.0
 30
0.0
  9
$UCSORTHOREF
  2

  9
$UCSORTHOVIEW
 70
0
  9
$UCSORGTOP
 10
0.0
 20
0.0
 30
0.0
  9
$UCSORGBOTTOM
 10
0.0
 20
0.0
 30
0.0
  9
$UCSORGLEFT
 10
0.0
 20
0.0
 30
0.0
  9
$UCSORGRIGHT
 10
0.0
 20
0.0
 30
0.0
  9
$UCSORGFRONT
 10
0.0
 20
0.0
 30
0.0
  9
$UCSORGBACK
 10
0.0
 20
0.0
 30
0.0
  9
$PUCSBASE
  2

  9
$PUCSNAME
  2

  9
$PUCSORG
 10
0.0
 20
0.0
 30
0.0
  9
$PUCSXDIR
 10
1.0
 20
0.0
 30
0.0
  9
$PUCSYDIR
 10
0.0
 20
1.0
 30
0.0
  9
$PUCSORTHOREF
  2

  9
$PUCSORTHOVIEW
 70
0
  9
$PUCSORGTOP
 10
0.0
 20
0.0
 30
0.0
  9
$PUCSORGBOTTOM
 10
0.0
 20
0.0
 30
0.0
  9
$PUCSORGLEFT
 10
0.0
 20
0.0
 30
0.0
  9
$PUCSORGRIGHT
 10
0.0
 20
0.0
 30
0.0
  9
$PUCSORGFRONT
 10
0.0
 20
0.0
 30
0.0
  9
$PUCSORGBACK
 10
0.0
 20
0.0
 30
0.0
  9
$USERI1
 70
0
  9
$USERI2
 70
0
  9
$USERI3
 70
0
  9
$USERI4
 70
0
  9
$USERI5
 70
0
  9
$USERR1
 40
0.0
  9
$USERR2
 40
0.0
  9
$USERR3
 40
0.0
  9
$USERR4
 40
0.0
  9
$USERR5
 40
0.0
  9
$WORLDVIEW
 70
1
  9
$SHADEDGE
 70
3
  9
$SHADEDIF
 70
70
  9
$TILEMODE
 70
1
  9
$MAXACTVP
 70
64
  9
$PINSBASE
 10
0.0
 20
0.0
 30
0.0
  9
$PLIMCHECK
 70
0
  9
$PEXTMIN
 10
1e+20
 20
1e+20
 30
1e+20
  9
$PEXTMAX
 10
-1e+20
 20
-1e+20
 30
-1e+20
  9
$PLIMMIN
 10
0.0
 20
0.0
  9
$PLIMMAX
 10
420.0
 20
297.0
  9
$UNITMODE
 70
0
  9
$VISRETAIN
 70
1
  9
$PLINEGEN
 70
0
  9
$PSLTSCALE
 70
1
  9
$TREEDEPTH
 70
3020
  9
$CMLSTYLE
  2
Standard
  9
$CMLJUST
 70
0
  9
$CMLSCALE
 40
20.0
  9
$PROXYGRAPHICS
 70
1
  9
$MEASUREMENT
 70
1
  9
$CELWEIGHT
370
-1
  9
$ENDCAPS
280
0
  9
$JOINSTYLE
280
0
  9
$LWDISPLAY
290
0
  9
$INSUNITS
 70
4
  9
$HYPERLINKBASE
  1

  9
$STYLESHEET
  1

  9
$XEDIT
290
1
  9
$CEPSNTYPE
380
0
  9
$PSTYLEMODE
290
1
  9
$FINGERPRINTGUID
  2
{550653ED-2D0F-4E96-A13A-FDFAA586645A}
  9
$VERSIONGUID
  2
{CFF518C2-A946-4C9D-A4F8-1F29004D2AE2}
  9
$EXTNAMES
290
1
  9
$PSVPSCALE
 40
0.0
  9
$OLESTARTUP
290
0
  9
$SORTENTS
280
127
  9
$INDEXCTL
280
0
  9
$HIDETEXT
280
1
  9
$XCLIPFRAME
280
1
  9
$HALOGAP
280
0
  9
$OBSCOLOR
 70
257
  9
$OBSLTYPE
280
0
  9
$INTERSECTIONDISPLAY
280
0
  9
$INTERSECTIONCOLOR
 70
257
  9
$DIMASSOC
280
2
  9
$PROJECTNAME
  1

  9
$CAMERADISPLAY
290
0
  9
$LENSLENGTH
 40
50.0
  9
$CAMERAHEIGHT
 40
0.0
  9
$STEPSPERSEC
 40
24.0
  9
$STEPSIZE
 40
100.0
  9
$3DDWFPREC
 40
2.0
  9
$PSOLWIDTH
 40
0.005
  9
$PSOLHEIGHT
 40
0.08
  9
$LOFTANG1
 40
1.570796326795
  9
$LOFTANG2
 40
1.570796326795
  9
$LOFTMAG1
 40
0.0
  9
$LOFTMAG2
 40
0.0
  9
$LOFTPARAM
 70
7
  9
$LOFTNORMALS
280
1
  9
$LATITUDE
 40
37.795
  9
$LONGITUDE
 40
-122.394
  9
$NORTHDIRECTION
 40
0.0
  9
$TIMEZONE
 70
-8000
  9
$LIGHTGLYPHDISPLAY
280
1
  9
$TILEMODELIGHTSYNCH
280
1
  9
$CMATERIAL
347
20
  9
$SOLIDHIST
280
0
  9
$SHOWHIST
280
1
  9
$DWFFRAME
280
2
  9
$DGNFRAME
280
2
  9
$REALWORLDSCALE
290
1
  9
$INTERFERECOLOR
 62
256
  9
$CSHADOW
280
0
  9
$SHADOWPLANELOCATION
 40
0.0
  0
ENDSEC
  0
SECTION
  2
CLASSES
  0
CLASS
  1
ACDBDICTIONARYWDFLT
  2
AcDbDictionaryWithDefault
  3
ObjectDBX Classes
 90
0
 91
0
280
0
281
0
  0
CLASS
  1
SUN
  2
AcDbSun
  3
SCENEOE
 90
1153
 91
0
280
0
281
0
  0
CLASS
  1
VISUALSTYLE
  2
AcDbVisualStyle
  3
ObjectDBX Classes
 90
4095
 91
0
280
0
281
0
  0
CLASS
  1
MATERIAL
  2
AcDbMaterial
  3
ObjectDBX Classes
 90
1153
 91
0
280
0
281
0
  0
CLASS
  1
SCALE
  2
AcDbScale
  3
ObjectDBX Classes
 90
1153
 91
0
280
0
281
0
  0
CLASS
  1
TABLESTYLE
  2
AcDbTableStyle
  3
ObjectDBX Classes
 90
4095
 91
0
280
0
281
0
  0
CLASS
  1
MLEADERSTYLE
  2
AcDbMLeaderStyle
  3
ACDB_MLEADERSTYLE_CLASS
 90
4095
 91
0
280
0
281
0
  0
CLASS
  1
DICTIONARYVAR
  2
AcDbDictionaryVar
  3
ObjectDBX Classes
 90
0
 91
0
280
0
281
0
  0
CLASS
  1
CELLSTYLEMAP
  2
AcDbCellStyleMap
  3
ObjectDBX Classes
 90
1152
 91
0
280
0
281
0
  0
CLASS
  1
MENTALRAYRENDERSETTINGS
  2
AcDbMentalRayRenderSettings
  3
SCENEOE
 90
1024
 91
0
280
0
281
0
  0
CLASS
  1
ACDBDETAILVIEWSTYLE
  2
AcDbDetailViewStyle
  3
ObjectDBX Classes
 90
1025
 91
0
280
0
281
0
  0
CLASS
  1
ACDBSECTIONVIEWSTYLE
  2
AcDbSectionViewStyle
  3
ObjectDBX Classes
 90
1025
 91
0
280
0
281
0
  0
CLASS
  1
RASTERVARIABLES
  2
AcDbRasterVariables
  3
ISM
 90
0
 91
0
280
0
281
0
  0
CLASS
  1
LAYOUT
  2
AcDbLayout
  3
ObjectDBX Classes
 90
0
 91
0
280
0
281
0
  0
CLASS
  1
ACDBPLACEHOLDER
  2
AcDbPlaceHolder
  3
ObjectDBX Classes
 90
0
 91
0
280
0
281
0
  0
ENDSEC
  0
SECTION
  2
TABLES
  0
TABLE
  2
VPORT
  5
8
330
0
100
AcDbSymbolTable
 70
1
  0
VPORT
  5
23
330
8
100
AcDbSymbolTableRecord
100
AcDbViewportTableRecord
  2
*Active
 70
0
 10
0.0
 20
0.0
 11
1.0
 21
1.0
 12
0.0
 22
0.0
 13
0.0
 23
0.0
 14
0.5
 24
0.5
 15
0.5
 25
0.5
 16
0.0
 26
0.0
 36
1.0
 17
0.0
 27
0.0
 37
0.0
 40
1000.0
 41
1.34
 42
50.0
 43
0.0
 44
0.0
 50
0.0
 51
0.0
 71
0
 72
1000
 73
1
 74
3
 75
0
 76
0
 77
0
 78
0
281
0
 65
0
146
0.0
  0
ENDTAB
  0
TABLE
  2
LTYPE
  5
2
330
0
100
AcDbSymbolTable
 70
4
  0
LTYPE
  5
24
330
2
100
AcDbSymbolTableRecord
100
AcDbLinetypeTableRecord
  2
ByBlock
 70
0
  3

 72
65
 73
0
 40
0.0
  0
LTYPE
  5
25
330
2
100
AcDbSymbolTableRecord
100
AcDbLinetypeTableRecord
  2
ByLayer
 70
0
  3

 72
65
 73
0
 40
0.0
  0
LTYPE
  5
26
330
2
100
AcDbSymbolTableRecord
100
AcDbLinetypeTableRecord
  2
Continuous
 70
0
  3

 72
65
 73
0
 40
0.0
  0
LTYPE
  5
A58
330
2
100
AcDbSymbolTableRecord
100
AcDbLinetypeTableRecord
  2
ASVLTYPE
 70
0
  3
__ __ __ __ __ __ __ __ __ __ __ __ __ __ __ __ __ __ __ __ __
 72
65
 73
2
 40
0.75
 49
0.5
 74
0
 49
-0.25
 74
0
  0
ENDTAB
  0
TABLE
  2
LAYER
  5
1
330
0
100
AcDbSymbolTable
 70
2
  0
LAYER
  5
27
330
1
100
AcDbSymbolTableRecord
100
AcDbLayerTableRecord
  2
0
 70
0
 62
7
  6
Continuous
370
-3
390
13
347
21
  0
LAYER
  5
28
330
1
100
AcDbSymbolTableRecord
100
AcDbLayerTableRecord
  2
Defpoints
 70
0
 62
7
  6
Continuous
290
0
370
-3
390
13
347
21
  0
ENDTAB
  0
TABLE
  2
STYLE
  5
5
330
0
100
AcDbSymbolTable
 70
2
  0
STYLE
  5
29
330
5
100
AcDbSymbolTableRecord
100
AcDbTextStyleTableRecord
  2
Standard
 70
0
 40
0.0
 41
1.0
 50
0.0
 71
0
 42
2.5
  3
txt
  4

  0
STYLE
  5
A59
330
5
100
AcDbSymbolTableRecord
100
AcDbTextStyleTableRecord
  2
THIÊN1
 70
0
 40
0.0
 41
1.0
 50
0.0
 71
0
 42
9.0
  3
times.ttf
  4

  0
ENDTAB
  0
TABLE
  2
VIEW
  5
7
330
0
100
AcDbSymbolTable
 70
0
  0
ENDTAB
  0
TABLE
  2
UCS
  5
6
330
0
100
AcDbSymbolTable
 70
0
  0
ENDTAB
  0
TABLE
  2
APPID
  5
3
330
0
100
AcDbSymbolTable
 70
3
  0
APPID
  5
2A
330
3
100
AcDbSymbolTableRecord
100
AcDbRegAppTableRecord
  2
ACAD
 70
0
  0
APPID
  5
A5A
330
3
100
AcDbSymbolTableRecord
100
AcDbRegAppTableRecord
  2
HATCHBACKGROUNDCOLOR
 70
0
  0
APPID
  5
A5B
330
3
100
AcDbSymbolTableRecord
100
AcDbRegAppTableRecord
  2
EZDXF
 70
0
  0
ENDTAB
  0
TABLE
  2
DIMSTYLE
  5
4
330
0
100
AcDbSymbolTable
 70
1
100
AcDbDimStyleTable
  0
DIMSTYLE
105
2B
330
4
100
AcDbSymbolTableRecord
100
AcDbDimStyleTableRecord
  2
Standard
 70
0
 40
1.0
 41
2.5
 42
0.625
 43
3.75
 44
1.25
 45
0.0
 46
0.0
 47
0.0
 48
0.0
 49
2.5
140
2.5
141
2.5
142
0.0
143
0.03937007874
144
1.0
145
0.0
146
1.0
147
0.625
148
0.0
 69
0
 70
0
 71
0
 72
0
 73
0
 74
0
 75
0
 76
0
 77
1
 78
8
 79
3
170
0
171
3
172
1
173
0
174
0
175
0
176
0
177
0
178
0
179
2
271
2
272
2
273
2
274
3
275
0
276
0
277
2
278
44
279
0
280
0
281
0
282
0
283
0
284
8
285
0
286
0
288
0
289
3
290
0
371
-2
372
-2
  0
ENDTAB
  0
TABLE
  2
BLOCK_RECORD
  5
9
330
0
100
AcDbSymbolTable
 70
7
  0
BLOCK_RECORD
  5
17
330
9
100
AcDbSymbolTableRecord
100
AcDbBlockTableRecord
  2
*Model_Space
340
1A
 70
0
280
1
281
0
  0
BLOCK_RECORD
  5
1B
330
9
100
AcDbSymbolTableRecord
100
AcDbBlockTableRecord
  2
*Paper_Space
340
1E
 70
0
280
1
281
0
  0
BLOCK_RECORD
  5
3E
330
9
100
AcDbSymbolTableRecord
100
AcDbBlockTableRecord
  2
*U1912
340
0
 70
0
280
1
281
0
  0
BLOCK_RECORD
  5
240
330
9
100
AcDbSymbolTableRecord
100
AcDbBlockTableRecord
  2
*U407
340
0
 70
0
280
1
281
0
  0
BLOCK_RECORD
  5
44A
330
9
100
AcDbSymbolTableRecord
100
AcDbBlockTableRecord
  2
*U1911
340
0
 70
0
280
1
281
0
  0
BLOCK_RECORD
  5
650
330
9
100
AcDbSymbolTableRecord
100
AcDbBlockTableRecord
  2
*U410
340
0
 70
0
280
1
281
0
  0
BLOCK_RECORD
  5
854
330
9
100
AcDbSymbolTableRecord
100
AcDbBlockTableRecord
  2
*U412
340
0
 70
0
280
1
281
0
  0
ENDTAB
  0
ENDSEC
  0
SECTION
  2
BLOCKS
  0
BLOCK
  5
18
330
17
100
AcDbEntity
  8
0
100
AcDbBlockBegin
  2
*Model_Space
 70
0
 10
0.0
 20
0.0
 30
0.0
  3
*Model_Space
  1

  0
ENDBLK
  5
19
330
17
100
AcDbEntity
  8
0
100
AcDbBlockEnd
  0
BLOCK
  5
1C
330
1B
100
AcDbEntity
  8
0
100
AcDbBlockBegin
  2
*Paper_Space
 70
0
 10
0.0
 20
0.0
 30
0.0
  3
*Paper_Space
  1

  0
ENDBLK
  5
1D
330
1B
100
AcDbEntity
  8
0
100
AcDbBlockEnd
  0
BLOCK
  5
3F
330
3E
100
AcDbEntity
  8
0
100
AcDbBlockBegin
  2
*U1912
 70
1
 10
0.0
 20
0.0
 30
0.0
  3
*U1912
  1

  0
LINE
  5
41
330
3E
100
AcDbEntity
  8
0
 62
54
 60
1
100
AcDbLine
 10
99.99941624220808
 20
7.838098786334739
 30
0.0
 11
99.99941624220808
 21
-4.698964628027169
 31
0.0
  0
LINE
  5
42
330
3E
100
AcDbEntity
  8
0
 62
54
 60
1
100
AcDbLine
 10
9.999416242208097
 20
7.838098786334739
 30
0.0
 11
9.999416242208097
 21
-4.698964628027169
 31
0.0
  0
LWPOLYLINE
  5
43
330
3E
100
AcDbEntity
  8
0
 62
54
 60
1
100
AcDbPolyline
 90
4
 70
0
 10
90.0
 20
2.0
 10
110.0
 20
2.0
 10
110.0
 20
0.0
 10
88.0
 20
0.0
  0
LWPOLYLINE
  5
44
330
3E
100
AcDbEntity
  8
0
 62
54
 60
1
100
AcDbPolyline
 90
4
 70
0
 10
22.0
 20
0.0
 10
0.0
 20
0.0
 10
0.0
 20
2.0
 10
20.0
 20
2.0
  0
LINE
  5
45
330
3E
100
AcDbEntity
  8
0
 62
54
 60
1
100
AcDbLine
 10
90.0
 20
2.0
 30
0.0
 11
90.0
 21
7.0
 31
0.0
  0
LINE
  5
46
330
3E
100
AcDbEntity
  8
0
 62
54
 60
1
100
AcDbLine
 10
88.0
 20
0.0
 30
0.0
 11
88.0
 21
5.000000000007275
 31
0.0
  0
LINE
  5
47
330
3E
100
AcDbEntity
  8
0
 62
54
 60
1
100
AcDbLine
 10
20.0
 20
2.0
 30
0.0
 11
20.0
 21
7.0
 31
0.0
  0
LINE
  5
48
330
3E
100
AcDbEntity
  8
0
 62
54
 60
1
100
AcDbLine
 10
22.0
 20
0.0
 30
0.0
 11
22.0
 21
5.000000000007275
 31
0.0
  0
LINE
  5
49
330
3E
100
AcDbEntity
  8
0
 62
85
 60
1
100
AcDbLine
 10
20.0
 20
7.0
 30
0.0
 11
90.0
 21
7.0
 31
0.0
  0
LINE
  5
4A
330
3E
100
AcDbEntity
  8
0
 62
54
 60
1
100
AcDbLine
 10
22.0
 20
5.000000000007275
 30
0.0
 11
88.0
 21
5.0
 31
0.0
  0
LINE
  5
4B
330
3E
100
AcDbEntity
  8
0
 60
1
100
AcDbLine
 10
25.00000000002911
 20
108.0
 30
0.0
 11
25.00000000002911
 21
119.0
 31
0.0
  0
ARC
  5
4C
330
3E
100
AcDbEntity
  8
0
 60
1
100
AcDbCircle
 10
26.00000000002911
 20
119.0
 30
0.0
 40
1.0
100
AcDbArc
 50
90.0
 51
180.0
  0
LINE
  5
4D
330
3E
100
AcDbEntity
  8
0
 60
1
100
AcDbLine
 10
26.00000000002911
 20
120.0
 30
0.0
 11
44.50000000001455
 21
120.0
 31
0.0
  0
LINE
  5
4E
330
3E
100
AcDbEntity
  8
0
 60
1
100
AcDbLine
 10
65.50000000001455
 20
120.0
 30
0.0
 11
84.00000000001455
 21
120.0
 31
0.0
  0
LINE
  5
4F
330
3E
100
AcDbEntity
  8
0
 60
1
100
AcDbLine
 10
46.0
 20
114.9999999999927
 30
0.0
 11
64.00000000001455
 21
115.0
 31
0.0
  0
LINE
  5
50
330
3E
100
AcDbEntity
  8
0
 60
1
100
AcDbLine
 10
44.95000000001164
 20
118.4999999999927
 30
0.0
 11
65.05000000001746
 21
118.5000000000073
 31
0.0
  0
LINE
  5
51
330
3E
100
AcDbEntity
  8
0
 60
1
100
AcDbLine
 10
85.00000000001454
 20
119.0
 30
0.0
 11
85.00000000004366
 21
108.0
 31
0.0
  0
ARC
  5
52
330
3E
100
AcDbEntity
  8
0
 60
1
100
AcDbCircle
 10
84.00000000001455
 20
119.0
 30
0.0
 40
1.0
100
AcDbArc
 50
0.0
 51
90.0
  0
LINE
  5
53
330
3E
100
AcDbEntity
  8
0
 60
1
100
AcDbLine
 10
25.00000000001455
 20
108.0
 30
0.0
 11
85.00000000001454
 21
108.0
 31
0.0
  0
LINE
  5
54
330
3E
100
AcDbEntity
  8
0
 60
1
100
AcDbLine
 10
64.00000000001455
 20
115.0
 30
0.0
 11
65.50000000001455
 21
120.0
 31
0.0
  0
LINE
  5
55
330
3E
100
AcDbEntity
  8
0
 60
1
100
AcDbLine
 10
46.00000000001455
 20
115.0
 30
0.0
 11
44.50000000001455
 21
120.0
 31
0.0
  0
MTEXT
  5
56
330
3E
100
AcDbEntity
  8
0
 60
1
100
AcDbMText
 10
33.52338713085919
 20
28.56859001751582
 30
0.0
 40
3.0
 41
120.4355076892025
 46
17.49999999974773
 71
5
 72
5
  1
GELEC {\H0.6667x;EMIC}
  7
THIÊN1
  0
CIRCLE
  5
57
330
3E
100
AcDbEntity
  8
0
 62
1
 60
1
100
AcDbCircle
 10
55.00000000001455
 20
56.0
 30
0.0
 40
19.0
  0
ARC
  5
58
330
3E
100
AcDbEntity
  8
0
 62
1
 60
1
100
AcDbCircle
 10
55.00000000001455
 20
56.0
 30
0.0
 40
44.0
100
AcDbArc
 50
348.5926148311856
 51
191.4073851688144
  0
LINE
  5
59
330
3E
100
AcDbEntity
  8
0
 62
1
 60
1
100
AcDbLine
 10
90.0
 20
7.0
 30
0.0
 11
98.13081033073831
 21
47.29751758315251
 31
0.0
  0
LINE
  5
5A
330
3E
100
AcDbEntity
  8
0
 62
1
 60
1
100
AcDbLine
 10
20.0
 20
7.0
 30
0.0
 11
11.86918966929079
 21
47.29751758318161
 31
0.0
  0
CIRCLE
  5
5B
330
3E
100
AcDbEntity
  8
0
 60
1
100
AcDbCircle
 10
83.98806977196362
 20
23.74749471042742
 30
0.0
 40
2.0
  0
LINE
  5
5C
330
3E
100
AcDbEntity
  8
0
 60
1
100
AcDbLine
 10
85.98806977196364
 20
23.74749471042742
 30
0.0
 11
81.98806977196364
 21
23.74749471042742
 31
0.0
  0
LWPOLYLINE
  5
5D
330
3E
100
AcDbEntity
  8
0
370
9
 60
1
100
AcDbPolyline
 90
6
 70
1
 10
28.00000000001455
 20
108.0
 10
37.00000000001455
 20
108.0
 10
37.00000000001455
 20
112.5
 42
0.4142135623730951
 10
32.50000000001455
 20
117.0
 10
32.50000000001455
 20
117.0
 42
0.4142135623730951
 10
28.00000000001455
 20
112.5
  0
LWPOLYLINE
  5
5E
330
3E
100
AcDbEntity
  8
0
370
9
 60
1
100
AcDbPolyline
 90
6
 70
1
 10
73.0000000000291
 20
108.0000000000436
 10
82.0000000000291
 20
108.0000000000436
 10
82.0000000000291
 20
112.5000000000436
 42
0.4142135623730951
 10
77.5000000000291
 20
117.0000000000436
 10
77.5000000000291
 20
117.0000000000436
 42
0.4142135623730951
 10
73.0000000000291
 20
112.5000000000436
  0
MTEXT
  5
5F
330
3E
100
AcDbEntity
  8
0
 62
1
 60
1
100
AcDbMText
 10
55.0
 20
86.27654038276522
 30
0.0
 40
3.0
 41
120.4355076892025
 46
17.49999999974773
 71
5
 72
5
  1
50~250A\PEMIC
  7
THIÊN1
  0
LWPOLYLINE
  5
60
330
3E
100
AcDbEntity
  8
0
 62
251
370
9
 60
1
100
AcDbPolyline
 90
4
 70
1
 10
20.0
 20
7.0
 10
90.0
 20
7.0
 10
90.0
 20
32.0
 10
20.0
 20
32.0
  0
LWPOLYLINE
  5
61
330
3E
100
AcDbEntity
  8
0
 62
251
370
9
 60
1
100
AcDbPolyline
 90
8
 70
1
 10
21.5
 20
7.5
 10
88.49999999999999
 20
7.5
 42
0.4142135623732804
 10
89.50000000000001
 20
8.5
 10
89.49999999998543
 20
30.5
 42
0.4142135623730951
 10
88.49999999998543
 20
31.5
 10
21.49999999998545
 20
31.5
 42
0.4142135623730951
 10
20.49999999998545
 20
30.5
 10
20.5
 20
8.5
 42
0.4142135623729098
  0
MTEXT
  5
62
330
3E
100
AcDbEntity
  8
0
 62
1
 60
1
100
AcDbMText
 10
32.56161371136841
 20
103.6607138504696
 30
0.0
 40
3.599999999999999
 41
144.522609227043
 46
17.49999999974773
 71
5
 72
5
  1
S1
  7
THIÊN1
  0
MTEXT
  5
63
330
3E
100
AcDbEntity
  8
0
 62
1
 60
1
100
AcDbMText
 10
77.56161371138296
 20
103.6607138505132
 30
0.0
 40
3.599999999999999
 41
144.522609227043
 46
17.49999999974773
 71
5
 72
5
  1
S2
  7
THIÊN1
  0
MTEXT
  5
64
330
3E
100
AcDbEntity
  8
0
 60
1
100
AcDbMText
 10
75.47270263094104
 20
27.82269929262839
 30
0.0
 40
1.199999999999999
 41
72.26130461352147
 46
17.49999999974773
 71
5
 72
5
  1
BIẾN DÒNG HẠ THẾ -CT0.6
  7
THIÊN1
  0
LWPOLYLINE
  5
65
330
3E
100
AcDbEntity
  8
0
 62
251
370
9
 60
1
100
AcDbPolyline
 90
4
 70
1
 10
26.76420770038385
 20
10.27901371042389
 10
70.83241464944149
 20
10.27901371042389
 10
70.83241464944149
 20
25.07692095485982
 10
26.76420770038385
 20
25.07692095485982
  0
MTEXT
  5
66
330
3E
100
AcDbEntity
  8
0
 60
1
100
AcDbMText
 10
49.80806118620967
 20
8.852475328312721
 30
0.0
 40
0.9
 41
54.19597846014112
 46
17.49999999974773
 71
5
 72
5
  1
Sản xuất tại Công ty cổ phần Thiết bị điện GELEX
  7
THIÊN1
  0
LINE
  5
67
330
3E
100
AcDbEntity
  8
0
 62
251
370
9
 60
1
100
AcDbLine
 10
26.76420770038385
 20
17.67796733263821
 30
0.0
 11
70.83241464944149
 21
17.67796733263821
 31
0.0
  0
LINE
  5
68
330
3E
100
AcDbEntity
  8
0
 62
251
370
9
 60
1
100
AcDbLine
 10
26.76420770038385
 20
21.03856198609719
 30
0.0
 11
70.83241464944149
 21
21.03856198609719
 31
0.0
  0
LINE
  5
69
330
3E
100
AcDbEntity
  8
0
 62
251
370
9
 60
1
100
AcDbLine
 10
46.86533705373586
 20
25.07692095485982
 30
0.0
 11
46.86533705373586
 21
17.67796733263821
 31
0.0
  0
LINE
  5
6A
330
3E
100
AcDbEntity
  8
0
 62
251
370
9
 60
1
100
AcDbLine
 10
58.84887585158868
 20
25.07692095485982
 30
0.0
 11
58.84887585158868
 21
17.67796733263821
 31
0.0
  0
LINE
  5
6B
330
3E
100
AcDbEntity
  8
0
370
9
 60
1
100
AcDbLine
 10
33.19319826336869
 20
16.22565257871611
 30
0.0
 11
33.19319826336869
 21
14.2256525787161
 31
0.0
  0
LINE
  5
6C
330
3E
100
AcDbEntity
  8
0
370
9
 60
1
100
AcDbLine
 10
33.19319826336869
 20
16.22565257871611
 30
0.0
 11
33.19319826336869
 21
14.2256525787161
 31
0.0
  0
LWPOLYLINE
  5
6D
330
3E
100
AcDbEntity
  8
0
370
9
 60
1
100
AcDbPolyline
 90
4
 70
1
 10
33.34113844865351
 20
14.2256525787161
 10
33.5411384486506
 20
14.2256525787161
 10
33.5411384486506
 20
16.22565257871611
 10
33.34113844865351
 20
16.22565257871611
  0
LINE
  5
6E
330
3E
100
AcDbEntity
  8
0
370
9
 60
1
100
AcDbLine
 10
33.44113844865933
 20
16.22565257871611
 30
0.0
 11
33.44113844865933
 21
14.2256525787161
 31
0.0
  0
LINE
  5
6F
330
3E
100
AcDbEntity
  8
0
370
9
 60
1
100
AcDbLine
 10
33.38290884088201
 20
16.22565257871611
 30
0.0
 11
33.38290884088201
 21
14.2256525787161
 31
0.0
  0
LINE
  5
70
330
3E
100
AcDbEntity
  8
0
370
9
 60
1
100
AcDbLine
 10
33.50027147690707
 20
16.22565257871611
 30
0.0
 11
33.50027147690707
 21
14.2256525787161
 31
0.0
  0
LINE
  5
71
330
3E
100
AcDbEntity
  8
0
370
9
 60
1
100
AcDbLine
 10
33.41267531456833
 20
16.22565257871611
 30
0.0
 11
33.41267531456833
 21
14.2256525787161
 31
0.0
  0
LINE
  5
72
330
3E
100
AcDbEntity
  8
0
370
9
 60
1
100
AcDbLine
 10
33.46985614276491
 20
16.22565257871611
 30
0.0
 11
33.46985614276491
 21
14.2256525787161
 31
0.0
  0
LINE
  5
73
330
3E
100
AcDbEntity
  8
0
370
9
 60
1
100
AcDbLine
 10
33.52160276459472
 20
14.2256525787161
 30
0.0
 11
33.52160276459472
 21
16.22565257871611
 31
0.0
  0
LINE
  5
74
330
3E
100
AcDbEntity
  8
0
370
9
 60
1
100
AcDbLine
 10
33.36222641366476
 20
16.22565257871611
 30
0.0
 11
33.36222641366476
 21
14.2256525787161
 31
0.0
  0
LINE
  5
75
330
3E
100
AcDbEntity
  8
0
370
9
 60
1
100
AcDbLine
 10
33.9931982633716
 20
16.22565257871611
 30
0.0
 11
33.9931982633716
 21
14.2256525787161
 31
0.0
  0
LINE
  5
76
330
3E
100
AcDbEntity
  8
0
370
9
 60
1
100
AcDbLine
 10
33.9931982633716
 20
16.22565257871611
 30
0.0
 11
33.9931982633716
 21
14.2256525787161
 31
0.0
  0
LWPOLYLINE
  5
77
330
3E
100
AcDbEntity
  8
0
370
9
 60
1
100
AcDbPolyline
 90
4
 70
1
 10
34.14113844865642
 20
14.2256525787161
 10
34.34113844865351
 20
14.2256525787161
 10
34.34113844865351
 20
16.22565257871611
 10
34.14113844865642
 20
16.22565257871611
  0
LINE
  5
78
330
3E
100
AcDbEntity
  8
0
370
9
 60
1
100
AcDbLine
 10
34.24113844866224
 20
16.22565257871611
 30
0.0
 11
34.24113844866224
 21
14.2256525787161
 31
0.0
  0
LINE
  5
79
330
3E
100
AcDbEntity
  8
0
370
9
 60
1
100
AcDbLine
 10
34.18290884088492
 20
16.22565257871611
 30
0.0
 11
34.18290884088492
 21
14.2256525787161
 31
0.0
  0
LINE
  5
7A
330
3E
100
AcDbEntity
  8
0
370
9
 60
1
100
AcDbLine
 10
34.30027147690998
 20
16.22565257871611
 30
0.0
 11
34.30027147690998
 21
14.2256525787161
 31
0.0
  0
LINE
  5
7B
330
3E
100
AcDbEntity
  8
0
370
9
 60
1
100
AcDbLine
 10
34.21267531457124
 20
16.22565257871611
 30
0.0
 11
34.21267531457124
 21
14.2256525787161
 31
0.0
  0
LINE
  5
7C
330
3E
100
AcDbEntity
  8
0
370
9
 60
1
100
AcDbLine
 10
34.26985614276782
 20
16.22565257871611
 30
0.0
 11
34.26985614276782
 21
14.2256525787161
 31
0.0
  0
LINE
  5
7D
330
3E
100
AcDbEntity
  8
0
370
9
 60
1
100
AcDbLine
 10
34.32160276459763
 20
14.2256525787161
 30
0.0
 11
34.32160276459763
 21
16.22565257871611
 31
0.0
  0
LINE
  5
7E
330
3E
100
AcDbEntity
  8
0
370
9
 60
1
100
AcDbLine
 10
34.16222641366767
 20
16.22565257871611
 30
0.0
 11
34.16222641366767
 21
14.2256525787161
 31
0.0
  0
LINE
  5
7F
330
3E
100
AcDbEntity
  8
0
370
9
 60
1
100
AcDbLine
 10
34.79319826337451
 20
16.22565257871611
 30
0.0
 11
34.79319826337451
 21
14.2256525787161
 31
0.0
  0
LINE
  5
80
330
3E
100
AcDbEntity
  8
0
370
9
 60
1
100
AcDbLine
 10
34.79319826337451
 20
16.22565257871611
 30
0.0
 11
34.79319826337451
 21
14.2256525787161
 31
0.0
  0
LWPOLYLINE
  5
81
330
3E
100
AcDbEntity
  8
0
370
9
 60
1
100
AcDbPolyline
 90
4
 70
1
 10
34.94113844865933
 20
14.2256525787161
 10
35.14113844865642
 20
14.2256525787161
 10
35.14113844865642
 20
16.22565257871611
 10
34.94113844865933
 20
16.22565257871611
  0
LINE
  5
82
330
3E
100
AcDbEntity
  8
0
370
9
 60
1
100
AcDbLine
 10
35.04113844866515
 20
16.22565257871611
 30
0.0
 11
35.04113844866515
 21
14.2256525787161
 31
0.0
  0
LINE
  5
83
330
3E
100
AcDbEntity
  8
0
370
9
 60
1
100
AcDbLine
 10
34.98290884088783
 20
16.22565257871611
 30
0.0
 11
34.98290884088783
 21
14.2256525787161
 31
0.0
  0
LINE
  5
84
330
3E
100
AcDbEntity
  8
0
370
9
 60
1
100
AcDbLine
 10
35.10027147691289
 20
16.22565257871611
 30
0.0
 11
35.10027147691289
 21
14.2256525787161
 31
0.0
  0
LINE
  5
85
330
3E
100
AcDbEntity
  8
0
370
9
 60
1
100
AcDbLine
 10
35.01267531457415
 20
16.22565257871611
 30
0.0
 11
35.01267531457415
 21
14.2256525787161
 31
0.0
  0
LINE
  5
86
330
3E
100
AcDbEntity
  8
0
370
9
 60
1
100
AcDbLine
 10
35.06985614277073
 20
16.22565257871611
 30
0.0
 11
35.06985614277073
 21
14.2256525787161
 31
0.0
  0
LINE
  5
87
330
3E
100
AcDbEntity
  8
0
370
9
 60
1
100
AcDbLine
 10
35.12160276460054
 20
14.2256525787161
 30
0.0
 11
35.12160276460054
 21
16.22565257871611
 31
0.0
  0
LINE
  5
88
330
3E
100
AcDbEntity
  8
0
370
9
 60
1
100
AcDbLine
 10
34.96222641367058
 20
16.22565257871611
 30
0.0
 11
34.96222641367058
 21
14.2256525787161
 31
0.0
  0
LINE
  5
89
330
3E
100
AcDbEntity
  8
0
370
9
 60
1
100
AcDbLine
 10
35.59319826336287
 20
16.22565257871611
 30
0.0
 11
35.59319826336287
 21
14.2256525787161
 31
0.0
  0
LINE
  5
8A
330
3E
100
AcDbEntity
  8
0
370
9
 60
1
100
AcDbLine
 10
35.59319826336287
 20
16.22565257871611
 30
0.0
 11
35.59319826336287
 21
14.2256525787161
 31
0.0
  0
LWPOLYLINE
  5
8B
330
3E
100
AcDbEntity
  8
0
370
9
 60
1
100
AcDbPolyline
 90
4
 70
1
 10
35.74113844864769
 20
14.2256525787161
 10
35.94113844864478
 20
14.2256525787161
 10
35.94113844864478
 20
16.22565257871611
 10
35.74113844864769
 20
16.22565257871611
  0
LINE
  5
8C
330
3E
100
AcDbEntity
  8
0
370
9
 60
1
100
AcDbLine
 10
35.84113844865351
 20
16.22565257871611
 30
0.0
 11
35.84113844865351
 21
14.2256525787161
 31
0.0
  0
LINE
  5
8D
330
3E
100
AcDbEntity
  8
0
370
9
 60
1
100
AcDbLine
 10
35.78290884087619
 20
16.22565257871611
 30
0.0
 11
35.78290884087619
 21
14.2256525787161
 31
0.0
  0
LINE
  5
8E
330
3E
100
AcDbEntity
  8
0
370
9
 60
1
100
AcDbLine
 10
35.90027147690125
 20
16.22565257871611
 30
0.0
 11
35.90027147690125
 21
14.2256525787161
 31
0.0
  0
LINE
  5
8F
330
3E
100
AcDbEntity
  8
0
370
9
 60
1
100
AcDbLine
 10
35.81267531456251
 20
16.22565257871611
 30
0.0
 11
35.81267531456251
 21
14.2256525787161
 31
0.0
  0
LINE
  5
90
330
3E
100
AcDbEntity
  8
0
370
9
 60
1
100
AcDbLine
 10
35.86985614275909
 20
16.22565257871611
 30
0.0
 11
35.86985614275909
 21
14.2256525787161
 31
0.0
  0
LINE
  5
91
330
3E
100
AcDbEntity
  8
0
370
9
 60
1
100
AcDbLine
 10
35.9216027645889
 20
14.2256525787161
 30
0.0
 11
35.9216027645889
 21
16.22565257871611
 31
0.0
  0
LINE
  5
92
330
3E
100
AcDbEntity
  8
0
370
9
 60
1
100
AcDbLine
 10
35.76222641365894
 20
16.22565257871611
 30
0.0
 11
35.76222641365894
 21
14.2256525787161
 31
0.0
  0
LINE
  5
93
330
3E
100
AcDbEntity
  8
0
370
9
 60
1
100
AcDbLine
 10
36.39319826336578
 20
16.22565257871611
 30
0.0
 11
36.39319826336578
 21
14.2256525787161
 31
0.0
  0
LINE
  5
94
330
3E
100
AcDbEntity
  8
0
370
9
 60
1
100
AcDbLine
 10
36.39319826336578
 20
16.22565257871611
 30
0.0
 11
36.39319826336578
 21
14.2256525787161
 31
0.0
  0
LWPOLYLINE
  5
95
330
3E
100
AcDbEntity
  8
0
370
9
 60
1
100
AcDbPolyline
 90
4
 70
1
 10
36.5411384486506
 20
14.2256525787161
 10
36.74113844864769
 20
14.2256525787161
 10
36.74113844864769
 20
16.22565257871611
 10
36.5411384486506
 20
16.22565257871611
  0
LINE
  5
96
330
3E
100
AcDbEntity
  8
0
370
9
 60
1
100
AcDbLine
 10
36.64113844865642
 20
16.22565257871611
 30
0.0
 11
36.64113844865642
 21
14.2256525787161
 31
0.0
  0
LINE
  5
97
330
3E
100
AcDbEntity
  8
0
370
9
 60
1
100
AcDbLine
 10
36.5829088408791
 20
16.22565257871611
 30
0.0
 11
36.5829088408791
 21
14.2256525787161
 31
0.0
  0
LINE
  5
98
330
3E
100
AcDbEntity
  8
0
370
9
 60
1
100
AcDbLine
 10
36.70027147690416
 20
16.22565257871611
 30
0.0
 11
36.70027147690416
 21
14.2256525787161
 31
0.0
  0
LINE
  5
99
330
3E
100
AcDbEntity
  8
0
370
9
 60
1
100
AcDbLine
 10
36.61267531456542
 20
16.22565257871611
 30
0.0
 11
36.61267531456542
 21
14.2256525787161
 31
0.0
  0
LINE
  5
9A
330
3E
100
AcDbEntity
  8
0
370
9
 60
1
100
AcDbLine
 10
36.669856142762
 20
16.22565257871611
 30
0.0
 11
36.669856142762
 21
14.2256525787161
 31
0.0
  0
LINE
  5
9B
330
3E
100
AcDbEntity
  8
0
370
9
 60
1
100
AcDbLine
 10
36.72160276459181
 20
14.2256525787161
 30
0.0
 11
36.72160276459181
 21
16.22565257871611
 31
0.0
  0
LINE
  5
9C
330
3E
100
AcDbEntity
  8
0
370
9
 60
1
100
AcDbLine
 10
36.56222641366185
 20
16.22565257871611
 30
0.0
 11
36.56222641366185
 21
14.2256525787161
 31
0.0
  0
LINE
  5
9D
330
3E
100
AcDbEntity
  8
0
370
9
 60
1
100
AcDbLine
 10
37.19319826336869
 20
16.22565257871611
 30
0.0
 11
37.19319826336869
 21
14.2256525787161
 31
0.0
  0
LINE
  5
9E
330
3E
100
AcDbEntity
  8
0
370
9
 60
1
100
AcDbLine
 10
37.19319826336869
 20
16.22565257871611
 30
0.0
 11
37.19319826336869
 21
14.2256525787161
 31
0.0
  0
LWPOLYLINE
  5
9F
330
3E
100
AcDbEntity
  8
0
370
9
 60
1
100
AcDbPolyline
 90
4
 70
1
 10
37.34113844865351
 20
14.2256525787161
 10
37.5411384486506
 20
14.2256525787161
 10
37.5411384486506
 20
16.22565257871611
 10
37.34113844865351
 20
16.22565257871611
  0
LINE
  5
A0
330
3E
100
AcDbEntity
  8
0
370
9
 60
1
100
AcDbLine
 10
37.44113844865933
 20
16.22565257871611
 30
0.0
 11
37.44113844865933
 21
14.2256525787161
 31
0.0
  0
LINE
  5
A1
330
3E
100
AcDbEntity
  8
0
370
9
 60
1
100
AcDbLine
 10
37.38290884088201
 20
16.22565257871611
 30
0.0
 11
37.38290884088201
 21
14.2256525787161
 31
0.0
  0
LINE
  5
A2
330
3E
100
AcDbEntity
  8
0
370
9
 60
1
100
AcDbLine
 10
37.50027147690707
 20
16.22565257871611
 30
0.0
 11
37.50027147690707
 21
14.2256525787161
 31
0.0
  0
LINE
  5
A3
330
3E
100
AcDbEntity
  8
0
370
9
 60
1
100
AcDbLine
 10
37.41267531456833
 20
16.22565257871611
 30
0.0
 11
37.41267531456833
 21
14.2256525787161
 31
0.0
  0
LINE
  5
A4
330
3E
100
AcDbEntity
  8
0
370
9
 60
1
100
AcDbLine
 10
37.46985614276491
 20
16.22565257871611
 30
0.0
 11
37.46985614276491
 21
14.2256525787161
 31
0.0
  0
LINE
  5
A5
330
3E
100
AcDbEntity
  8
0
370
9
 60
1
100
AcDbLine
 10
37.52160276459472
 20
14.2256525787161
 30
0.0
 11
37.52160276459472
 21
16.22565257871611
 31
0.0
  0
LINE
  5
A6
330
3E
100
AcDbEntity
  8
0
370
9
 60
1
100
AcDbLine
 10
37.36222641366476
 20
16.22565257871611
 30
0.0
 11
37.36222641366476
 21
14.2256525787161
 31
0.0
  0
LINE
  5
A7
330
3E
100
AcDbEntity
  8
0
370
9
 60
1
100
AcDbLine
 10
37.9931982633716
 20
16.22565257871611
 30
0.0
 11
37.9931982633716
 21
14.2256525787161
 31
0.0
  0
LINE
  5
A8
330
3E
100
AcDbEntity
  8
0
370
9
 60
1
100
AcDbLine
 10
37.9931982633716
 20
16.22565257871611
 30
0.0
 11
37.9931982633716
 21
14.2256525787161
 31
0.0
  0
LWPOLYLINE
  5
A9
330
3E
100
AcDbEntity
  8
0
370
9
 60
1
100
AcDbPolyline
 90
4
 70
1
 10
38.14113844865642
 20
14.2256525787161
 10
38.34113844865351
 20
14.2256525787161
 10
38.34113844865351
 20
16.22565257871611
 10
38.14113844865642
 20
16.22565257871611
  0
LINE
  5
AA
330
3E
100
AcDbEntity
  8
0
370
9
 60
1
100
AcDbLine
 10
38.24113844866224
 20
16.22565257871611
 30
0.0
 11
38.24113844866224
 21
14.2256525787161
 31
0.0
  0
LINE
  5
AB
330
3E
100
AcDbEntity
  8
0
370
9
 60
1
100
AcDbLine
 10
38.18290884088492
 20
16.22565257871611
 30
0.0
 11
38.18290884088492
 21
14.2256525787161
 31
0.0
  0
LINE
  5
AC
330
3E
100
AcDbEntity
  8
0
370
9
 60
1
100
AcDbLine
 10
38.30027147690998
 20
16.22565257871611
 30
0.0
 11
38.30027147690998
 21
14.2256525787161
 31
0.0
  0
LINE
  5
AD
330
3E
100
AcDbEntity
  8
0
370
9
 60
1
100
AcDbLine
 10
38.21267531457124
 20
16.22565257871611
 30
0.0
 11
38.21267531457124
 21
14.2256525787161
 31
0.0
  0
LINE
  5
AE
330
3E
100
AcDbEntity
  8
0
370
9
 60
1
100
AcDbLine
 10
38.26985614276782
 20
16.22565257871611
 30
0.0
 11
38.26985614276782
 21
14.2256525787161
 31
0.0
  0
LINE
  5
AF
330
3E
100
AcDbEntity
  8
0
370
9
 60
1
100
AcDbLine
 10
38.32160276459763
 20
14.2256525787161
 30
0.0
 11
38.32160276459763
 21
16.22565257871611
 31
0.0
  0
LINE
  5
B0
330
3E
100
AcDbEntity
  8
0
370
9
 60
1
100
AcDbLine
 10
38.16222641366767
 20
16.22565257871611
 30
0.0
 11
38.16222641366767
 21
14.2256525787161
 31
0.0
  0
LINE
  5
B1
330
3E
100
AcDbEntity
  8
0
370
9
 60
1
100
AcDbLine
 10
38.79319826337451
 20
16.22565257871611
 30
0.0
 11
38.79319826337451
 21
14.2256525787161
 31
0.0
  0
LINE
  5
B2
330
3E
100
AcDbEntity
  8
0
370
9
 60
1
100
AcDbLine
 10
38.79319826337451
 20
16.22565257871611
 30
0.0
 11
38.79319826337451
 21
14.2256525787161
 31
0.0
  0
LWPOLYLINE
  5
B3
330
3E
100
AcDbEntity
  8
0
370
9
 60
1
100
AcDbPolyline
 90
4
 70
1
 10
38.94113844865933
 20
14.2256525787161
 10
39.14113844865642
 20
14.2256525787161
 10
39.14113844865642
 20
16.22565257871611
 10
38.94113844865933
 20
16.22565257871611
  0
LINE
  5
B4
330
3E
100
AcDbEntity
  8
0
370
9
 60
1
100
AcDbLine
 10
39.04113844866515
 20
16.22565257871611
 30
0.0
 11
39.04113844866515
 21
14.2256525787161
 31
0.0
  0
LINE
  5
B5
330
3E
100
AcDbEntity
  8
0
370
9
 60
1
100
AcDbLine
 10
38.98290884088783
 20
16.22565257871611
 30
0.0
 11
38.98290884088783
 21
14.2256525787161
 31
0.0
  0
LINE
  5
B6
330
3E
100
AcDbEntity
  8
0
370
9
 60
1
100
AcDbLine
 10
39.1002714769129
 20
16.22565257871611
 30
0.0
 11
39.1002714769129
 21
14.2256525787161
 31
0.0
  0
LINE
  5
B7
330
3E
100
AcDbEntity
  8
0
370
9
 60
1
100
AcDbLine
 10
39.01267531457416
 20
16.22565257871611
 30
0.0
 11
39.01267531457416
 21
14.2256525787161
 31
0.0
  0
LINE
  5
B8
330
3E
100
AcDbEntity
  8
0
370
9
 60
1
100
AcDbLine
 10
39.06985614277073
 20
16.22565257871611
 30
0.0
 11
39.06985614277073
 21
14.2256525787161
 31
0.0
  0
LINE
  5
B9
330
3E
100
AcDbEntity
  8
0
370
9
 60
1
100
AcDbLine
 10
39.12160276460054
 20
14.2256525787161
 30
0.0
 11
39.12160276460054
 21
16.22565257871611
 31
0.0
  0
LINE
  5
BA
330
3E
100
AcDbEntity
  8
0
370
9
 60
1
100
AcDbLine
 10
38.96222641367058
 20
16.22565257871611
 30
0.0
 11
38.96222641367058
 21
14.2256525787161
 31
0.0
  0
LINE
  5
BB
330
3E
100
AcDbEntity
  8
0
370
9
 60
1
100
AcDbLine
 10
39.59319826336287
 20
16.22565257871611
 30
0.0
 11
39.59319826336287
 21
14.2256525787161
 31
0.0
  0
LINE
  5
BC
330
3E
100
AcDbEntity
  8
0
370
9
 60
1
100
AcDbLine
 10
39.59319826336287
 20
16.22565257871611
 30
0.0
 11
39.59319826336287
 21
14.2256525787161
 31
0.0
  0
LWPOLYLINE
  5
BD
330
3E
100
AcDbEntity
  8
0
370
9
 60
1
100
AcDbPolyline
 90
4
 70
1
 10
39.74113844864769
 20
14.2256525787161
 10
39.94113844864478
 20
14.2256525787161
 10
39.94113844864478
 20
16.22565257871611
 10
39.74113844864769
 20
16.22565257871611
  0
LINE
  5
BE
330
3E
100
AcDbEntity
  8
0
370
9
 60
1
100
AcDbLine
 10
39.84113844865351
 20
16.22565257871611
 30
0.0
 11
39.84113844865351
 21
14.2256525787161
 31
0.0
  0
LINE
  5
BF
330
3E
100
AcDbEntity
  8
0
370
9
 60
1
100
AcDbLine
 10
39.78290884087619
 20
16.22565257871611
 30
0.0
 11
39.78290884087619
 21
14.2256525787161
 31
0.0
  0
LINE
  5
C0
330
3E
100
AcDbEntity
  8
0
370
9
 60
1
100
AcDbLine
 10
39.90027147690125
 20
16.22565257871611
 30
0.0
 11
39.90027147690125
 21
14.2256525787161
 31
0.0
  0
LINE
  5
C1
330
3E
100
AcDbEntity
  8
0
370
9
 60
1
100
AcDbLine
 10
39.81267531456251
 20
16.22565257871611
 30
0.0
 11
39.81267531456251
 21
14.2256525787161
 31
0.0
  0
LINE
  5
C2
330
3E
100
AcDbEntity
  8
0
370
9
 60
1
100
AcDbLine
 10
39.86985614275909
 20
16.22565257871611
 30
0.0
 11
39.86985614275909
 21
14.2256525787161
 31
0.0
  0
LINE
  5
C3
330
3E
100
AcDbEntity
  8
0
370
9
 60
1
100
AcDbLine
 10
39.9216027645889
 20
14.2256525787161
 30
0.0
 11
39.9216027645889
 21
16.22565257871611
 31
0.0
  0
LINE
  5
C4
330
3E
100
AcDbEntity
  8
0
370
9
 60
1
100
AcDbLine
 10
39.76222641365894
 20
16.22565257871611
 30
0.0
 11
39.76222641365894
 21
14.2256525787161
 31
0.0
  0
LINE
  5
C5
330
3E
100
AcDbEntity
  8
0
370
9
 60
1
100
AcDbLine
 10
40.39319826336577
 20
16.22565257871611
 30
0.0
 11
40.39319826336577
 21
14.2256525787161
 31
0.0
  0
LINE
  5
C6
330
3E
100
AcDbEntity
  8
0
370
9
 60
1
100
AcDbLine
 10
40.39319826336577
 20
16.22565257871611
 30
0.0
 11
40.39319826336577
 21
14.2256525787161
 31
0.0
  0
LWPOLYLINE
  5
C7
330
3E
100
AcDbEntity
  8
0
370
9
 60
1
100
AcDbPolyline
 90
4
 70
1
 10
40.54113844865059
 20
14.2256525787161
 10
40.74113844864768
 20
14.2256525787161
 10
40.74113844864768
 20
16.22565257871611
 10
40.54113844865059
 20
16.22565257871611
  0
LINE
  5
C8
330
3E
100
AcDbEntity
  8
0
370
9
 60
1
100
AcDbLine
 10
40.64113844865642
 20
16.22565257871611
 30
0.0
 11
40.64113844865642
 21
14.2256525787161
 31
0.0
  0
LINE
  5
C9
330
3E
100
AcDbEntity
  8
0
370
9
 60
1
100
AcDbLine
 10
40.58290884087909
 20
16.22565257871611
 30
0.0
 11
40.58290884087909
 21
14.2256525787161
 31
0.0
  0
LINE
  5
CA
330
3E
100
AcDbEntity
  8
0
370
9
 60
1
100
AcDbLine
 10
40.70027147690416
 20
16.22565257871611
 30
0.0
 11
40.70027147690416
 21
14.2256525787161
 31
0.0
  0
LINE
  5
CB
330
3E
100
AcDbEntity
  8
0
370
9
 60
1
100
AcDbLine
 10
40.61267531456542
 20
16.22565257871611
 30
0.0
 11
40.61267531456542
 21
14.2256525787161
 31
0.0
  0
LINE
  5
CC
330
3E
100
AcDbEntity
  8
0
370
9
 60
1
100
AcDbLine
 10
40.669856142762
 20
16.22565257871611
 30
0.0
 11
40.669856142762
 21
14.2256525787161
 31
0.0
  0
LINE
  5
CD
330
3E
100
AcDbEntity
  8
0
370
9
 60
1
100
AcDbLine
 10
40.72160276459181
 20
14.2256525787161
 30
0.0
 11
40.72160276459181
 21
16.22565257871611
 31
0.0
  0
LINE
  5
CE
330
3E
100
AcDbEntity
  8
0
370
9
 60
1
100
AcDbLine
 10
40.56222641366185
 20
16.22565257871611
 30
0.0
 11
40.56222641366185
 21
14.2256525787161
 31
0.0
  0
LINE
  5
CF
330
3E
100
AcDbEntity
  8
0
370
9
 60
1
100
AcDbLine
 10
41.19319826336869
 20
16.22565257871611
 30
0.0
 11
41.19319826336869
 21
14.2256525787161
 31
0.0
  0
LINE
  5
D0
330
3E
100
AcDbEntity
  8
0
370
9
 60
1
100
AcDbLine
 10
41.19319826336869
 20
16.22565257871611
 30
0.0
 11
41.19319826336869
 21
14.2256525787161
 31
0.0
  0
LWPOLYLINE
  5
D1
330
3E
100
AcDbEntity
  8
0
370
9
 60
1
100
AcDbPolyline
 90
4
 70
1
 10
41.34113844865351
 20
14.2256525787161
 10
41.5411384486506
 20
14.2256525787161
 10
41.5411384486506
 20
16.22565257871611
 10
41.34113844865351
 20
16.22565257871611
  0
LINE
  5
D2
330
3E
100
AcDbEntity
  8
0
370
9
 60
1
100
AcDbLine
 10
41.44113844865933
 20
16.22565257871611
 30
0.0
 11
41.44113844865933
 21
14.2256525787161
 31
0.0
  0
LINE
  5
D3
330
3E
100
AcDbEntity
  8
0
370
9
 60
1
100
AcDbLine
 10
41.38290884088201
 20
16.22565257871611
 30
0.0
 11
41.38290884088201
 21
14.2256525787161
 31
0.0
  0
LINE
  5
D4
330
3E
100
AcDbEntity
  8
0
370
9
 60
1
100
AcDbLine
 10
41.50027147690707
 20
16.22565257871611
 30
0.0
 11
41.50027147690707
 21
14.2256525787161
 31
0.0
  0
LINE
  5
D5
330
3E
100
AcDbEntity
  8
0
370
9
 60
1
100
AcDbLine
 10
41.41267531456833
 20
16.22565257871611
 30
0.0
 11
41.41267531456833
 21
14.2256525787161
 31
0.0
  0
LINE
  5
D6
330
3E
100
AcDbEntity
  8
0
370
9
 60
1
100
AcDbLine
 10
41.4698561427649
 20
16.22565257871611
 30
0.0
 11
41.4698561427649
 21
14.2256525787161
 31
0.0
  0
LINE
  5
D7
330
3E
100
AcDbEntity
  8
0
370
9
 60
1
100
AcDbLine
 10
41.52160276459471
 20
14.2256525787161
 30
0.0
 11
41.52160276459471
 21
16.22565257871611
 31
0.0
  0
LINE
  5
D8
330
3E
100
AcDbEntity
  8
0
370
9
 60
1
100
AcDbLine
 10
41.36222641366475
 20
16.22565257871611
 30
0.0
 11
41.36222641366475
 21
14.2256525787161
 31
0.0
  0
LINE
  5
D9
330
3E
100
AcDbEntity
  8
0
370
9
 60
1
100
AcDbLine
 10
41.99319826337159
 20
16.22565257871611
 30
0.0
 11
41.99319826337159
 21
14.2256525787161
 31
0.0
  0
LINE
  5
DA
330
3E
100
AcDbEntity
  8
0
370
9
 60
1
100
AcDbLine
 10
41.99319826337159
 20
16.22565257871611
 30
0.0
 11
41.99319826337159
 21
14.2256525787161
 31
0.0
  0
LWPOLYLINE
  5
DB
330
3E
100
AcDbEntity
  8
0
370
9
 60
1
100
AcDbPolyline
 90
4
 70
1
 10
42.14113844865642
 20
14.2256525787161
 10
42.3411384486535
 20
14.2256525787161
 10
42.3411384486535
 20
16.22565257871611
 10
42.14113844865642
 20
16.22565257871611
  0
LINE
  5
DC
330
3E
100
AcDbEntity
  8
0
370
9
 60
1
100
AcDbLine
 10
42.24113844866224
 20
16.22565257871611
 30
0.0
 11
42.24113844866224
 21
14.2256525787161
 31
0.0
  0
LINE
  5
DD
330
3E
100
AcDbEntity
  8
0
370
9
 60
1
100
AcDbLine
 10
42.18290884088491
 20
16.22565257871611
 30
0.0
 11
42.18290884088491
 21
14.2256525787161
 31
0.0
  0
LINE
  5
DE
330
3E
100
AcDbEntity
  8
0
370
9
 60
1
100
AcDbLine
 10
42.30027147690998
 20
16.22565257871611
 30
0.0
 11
42.30027147690998
 21
14.2256525787161
 31
0.0
  0
LINE
  5
DF
330
3E
100
AcDbEntity
  8
0
370
9
 60
1
100
AcDbLine
 10
42.21267531457124
 20
16.22565257871611
 30
0.0
 11
42.21267531457124
 21
14.2256525787161
 31
0.0
  0
LINE
  5
E0
330
3E
100
AcDbEntity
  8
0
370
9
 60
1
100
AcDbLine
 10
42.26985614276782
 20
16.22565257871611
 30
0.0
 11
42.26985614276782
 21
14.2256525787161
 31
0.0
  0
LINE
  5
E1
330
3E
100
AcDbEntity
  8
0
370
9
 60
1
100
AcDbLine
 10
42.32160276459763
 20
14.2256525787161
 30
0.0
 11
42.32160276459763
 21
16.22565257871611
 31
0.0
  0
LINE
  5
E2
330
3E
100
AcDbEntity
  8
0
370
9
 60
1
100
AcDbLine
 10
42.16222641366766
 20
16.22565257871611
 30
0.0
 11
42.16222641366766
 21
14.2256525787161
 31
0.0
  0
LINE
  5
E3
330
3E
100
AcDbEntity
  8
0
370
9
 60
1
100
AcDbLine
 10
42.79319826337451
 20
16.22565257871611
 30
0.0
 11
42.79319826337451
 21
14.2256525787161
 31
0.0
  0
LINE
  5
E4
330
3E
100
AcDbEntity
  8
0
370
9
 60
1
100
AcDbLine
 10
42.79319826337451
 20
16.22565257871611
 30
0.0
 11
42.79319826337451
 21
14.2256525787161
 31
0.0
  0
LWPOLYLINE
  5
E5
330
3E
100
AcDbEntity
  8
0
370
9
 60
1
100
AcDbPolyline
 90
4
 70
1
 10
42.94113844865933
 20
14.2256525787161
 10
43.14113844865642
 20
14.2256525787161
 10
43.14113844865642
 20
16.22565257871611
 10
42.94113844865933
 20
16.22565257871611
  0
LINE
  5
E6
330
3E
100
AcDbEntity
  8
0
370
9
 60
1
100
AcDbLine
 10
43.04113844866515
 20
16.22565257871611
 30
0.0
 11
43.04113844866515
 21
14.2256525787161
 31
0.0
  0
LINE
  5
E7
330
3E
100
AcDbEntity
  8
0
370
9
 60
1
100
AcDbLine
 10
42.98290884088783
 20
16.22565257871611
 30
0.0
 11
42.98290884088783
 21
14.2256525787161
 31
0.0
  0
LINE
  5
E8
330
3E
100
AcDbEntity
  8
0
370
9
 60
1
100
AcDbLine
 10
43.10027147691289
 20
16.22565257871611
 30
0.0
 11
43.10027147691289
 21
14.2256525787161
 31
0.0
  0
LINE
  5
E9
330
3E
100
AcDbEntity
  8
0
370
9
 60
1
100
AcDbLine
 10
43.01267531457415
 20
16.22565257871611
 30
0.0
 11
43.01267531457415
 21
14.2256525787161
 31
0.0
  0
LINE
  5
EA
330
3E
100
AcDbEntity
  8
0
370
9
 60
1
100
AcDbLine
 10
43.06985614277073
 20
16.22565257871611
 30
0.0
 11
43.06985614277073
 21
14.2256525787161
 31
0.0
  0
LINE
  5
EB
330
3E
100
AcDbEntity
  8
0
370
9
 60
1
100
AcDbLine
 10
43.12160276460054
 20
14.2256525787161
 30
0.0
 11
43.12160276460054
 21
16.22565257871611
 31
0.0
  0
LINE
  5
EC
330
3E
100
AcDbEntity
  8
0
370
9
 60
1
100
AcDbLine
 10
42.96222641367058
 20
16.22565257871611
 30
0.0
 11
42.96222641367058
 21
14.2256525787161
 31
0.0
  0
LINE
  5
ED
330
3E
100
AcDbEntity
  8
0
370
9
 60
1
100
AcDbLine
 10
43.59319826336286
 20
16.22565257871611
 30
0.0
 11
43.59319826336286
 21
14.2256525787161
 31
0.0
  0
LINE
  5
EE
330
3E
100
AcDbEntity
  8
0
370
9
 60
1
100
AcDbLine
 10
43.59319826336286
 20
16.22565257871611
 30
0.0
 11
43.59319826336286
 21
14.2256525787161
 31
0.0
  0
LWPOLYLINE
  5
EF
330
3E
100
AcDbEntity
  8
0
370
9
 60
1
100
AcDbPolyline
 90
4
 70
1
 10
43.74113844864768
 20
14.2256525787161
 10
43.94113844864477
 20
14.2256525787161
 10
43.94113844864477
 20
16.22565257871611
 10
43.74113844864768
 20
16.22565257871611
  0
LINE
  5
F0
330
3E
100
AcDbEntity
  8
0
370
9
 60
1
100
AcDbLine
 10
43.84113844865351
 20
16.22565257871611
 30
0.0
 11
43.84113844865351
 21
14.2256525787161
 31
0.0
  0
LINE
  5
F1
330
3E
100
AcDbEntity
  8
0
370
9
 60
1
100
AcDbLine
 10
43.78290884087618
 20
16.22565257871611
 30
0.0
 11
43.78290884087618
 21
14.2256525787161
 31
0.0
  0
LINE
  5
F2
330
3E
100
AcDbEntity
  8
0
370
9
 60
1
100
AcDbLine
 10
43.90027147690125
 20
16.22565257871611
 30
0.0
 11
43.90027147690125
 21
14.2256525787161
 31
0.0
  0
LINE
  5
F3
330
3E
100
AcDbEntity
  8
0
370
9
 60
1
100
AcDbLine
 10
43.81267531456251
 20
16.22565257871611
 30
0.0
 11
43.81267531456251
 21
14.2256525787161
 31
0.0
  0
LINE
  5
F4
330
3E
100
AcDbEntity
  8
0
370
9
 60
1
100
AcDbLine
 10
43.86985614275909
 20
16.22565257871611
 30
0.0
 11
43.86985614275909
 21
14.2256525787161
 31
0.0
  0
LINE
  5
F5
330
3E
100
AcDbEntity
  8
0
370
9
 60
1
100
AcDbLine
 10
43.9216027645889
 20
14.2256525787161
 30
0.0
 11
43.9216027645889
 21
16.22565257871611
 31
0.0
  0
LINE
  5
F6
330
3E
100
AcDbEntity
  8
0
370
9
 60
1
100
AcDbLine
 10
43.76222641365894
 20
16.22565257871611
 30
0.0
 11
43.76222641365894
 21
14.2256525787161
 31
0.0
  0
LINE
  5
F7
330
3E
100
AcDbEntity
  8
0
370
9
 60
1
100
AcDbLine
 10
44.39319826336578
 20
16.22565257871611
 30
0.0
 11
44.39319826336578
 21
14.2256525787161
 31
0.0
  0
LINE
  5
F8
330
3E
100
AcDbEntity
  8
0
370
9
 60
1
100
AcDbLine
 10
44.39319826336578
 20
16.22565257871611
 30
0.0
 11
44.39319826336578
 21
14.2256525787161
 31
0.0
  0
LWPOLYLINE
  5
F9
330
3E
100
AcDbEntity
  8
0
370
9
 60
1
100
AcDbPolyline
 90
4
 70
1
 10
44.5411384486506
 20
14.2256525787161
 10
44.74113844864769
 20
14.2256525787161
 10
44.74113844864769
 20
16.22565257871611
 10
44.5411384486506
 20
16.22565257871611
  0
LINE
  5
FA
330
3E
100
AcDbEntity
  8
0
370
9
 60
1
100
AcDbLine
 10
44.64113844865642
 20
16.22565257871611
 30
0.0
 11
44.64113844865642
 21
14.2256525787161
 31
0.0
  0
LINE
  5
FB
330
3E
100
AcDbEntity
  8
0
370
9
 60
1
100
AcDbLine
 10
44.5829088408791
 20
16.22565257871611
 30
0.0
 11
44.5829088408791
 21
14.2256525787161
 31
0.0
  0
LINE
  5
FC
330
3E
100
AcDbEntity
  8
0
370
9
 60
1
100
AcDbLine
 10
44.70027147690416
 20
16.22565257871611
 30
0.0
 11
44.70027147690416
 21
14.2256525787161
 31
0.0
  0
LINE
  5
FD
330
3E
100
AcDbEntity
  8
0
370
9
 60
1
100
AcDbLine
 10
44.61267531456542
 20
16.22565257871611
 30
0.0
 11
44.61267531456542
 21
14.2256525787161
 31
0.0
  0
LINE
  5
FE
330
3E
100
AcDbEntity
  8
0
370
9
 60
1
100
AcDbLine
 10
44.66985614276199
 20
16.22565257871611
 30
0.0
 11
44.66985614276199
 21
14.2256525787161
 31
0.0
  0
LINE
  5
FF
330
3E
100
AcDbEntity
  8
0
370
9
 60
1
100
AcDbLine
 10
44.7216027645918
 20
14.2256525787161
 30
0.0
 11
44.7216027645918
 21
16.22565257871611
 31
0.0
  0
LINE
  5
100
330
3E
100
AcDbEntity
  8
0
370
9
 60
1
100
AcDbLine
 10
44.56222641366184
 20
16.22565257871611
 30
0.0
 11
44.56222641366184
 21
14.2256525787161
 31
0.0
  0
LINE
  5
101
330
3E
100
AcDbEntity
  8
0
370
9
 60
1
100
AcDbLine
 10
45.19319826336868
 20
16.22565257871611
 30
0.0
 11
45.19319826336868
 21
14.2256525787161
 31
0.0
  0
LINE
  5
102
330
3E
100
AcDbEntity
  8
0
370
9
 60
1
100
AcDbLine
 10
45.19319826336868
 20
16.22565257871611
 30
0.0
 11
45.19319826336868
 21
14.2256525787161
 31
0.0
  0
LWPOLYLINE
  5
103
330
3E
100
AcDbEntity
  8
0
370
9
 60
1
100
AcDbPolyline
 90
4
 70
1
 10
45.34113844865351
 20
14.2256525787161
 10
45.54113844865059
 20
14.2256525787161
 10
45.54113844865059
 20
16.22565257871611
 10
45.34113844865351
 20
16.22565257871611
  0
LINE
  5
104
330
3E
100
AcDbEntity
  8
0
370
9
 60
1
100
AcDbLine
 10
45.44113844865933
 20
16.22565257871611
 30
0.0
 11
45.44113844865933
 21
14.2256525787161
 31
0.0
  0
LINE
  5
105
330
3E
100
AcDbEntity
  8
0
370
9
 60
1
100
AcDbLine
 10
45.382908840882
 20
16.22565257871611
 30
0.0
 11
45.382908840882
 21
14.2256525787161
 31
0.0
  0
LINE
  5
106
330
3E
100
AcDbEntity
  8
0
370
9
 60
1
100
AcDbLine
 10
45.50027147690707
 20
16.22565257871611
 30
0.0
 11
45.50027147690707
 21
14.2256525787161
 31
0.0
  0
LINE
  5
107
330
3E
100
AcDbEntity
  8
0
370
9
 60
1
100
AcDbLine
 10
45.41267531456833
 20
16.22565257871611
 30
0.0
 11
45.41267531456833
 21
14.2256525787161
 31
0.0
  0
LINE
  5
108
330
3E
100
AcDbEntity
  8
0
370
9
 60
1
100
AcDbLine
 10
45.46985614276491
 20
16.22565257871611
 30
0.0
 11
45.46985614276491
 21
14.2256525787161
 31
0.0
  0
LINE
  5
109
330
3E
100
AcDbEntity
  8
0
370
9
 60
1
100
AcDbLine
 10
45.52160276459471
 20
14.2256525787161
 30
0.0
 11
45.52160276459471
 21
16.22565257871611
 31
0.0
  0
LINE
  5
10A
330
3E
100
AcDbEntity
  8
0
370
9
 60
1
100
AcDbLine
 10
45.36222641366475
 20
16.22565257871611
 30
0.0
 11
45.36222641366475
 21
14.2256525787161
 31
0.0
  0
LINE
  5
10B
330
3E
100
AcDbEntity
  8
0
370
9
 60
1
100
AcDbLine
 10
45.99319826337159
 20
16.22565257871611
 30
0.0
 11
45.99319826337159
 21
14.2256525787161
 31
0.0
  0
LINE
  5
10C
330
3E
100
AcDbEntity
  8
0
370
9
 60
1
100
AcDbLine
 10
45.99319826337159
 20
16.22565257871611
 30
0.0
 11
45.99319826337159
 21
14.2256525787161
 31
0.0
  0
LWPOLYLINE
  5
10D
330
3E
100
AcDbEntity
  8
0
370
9
 60
1
100
AcDbPolyline
 90
4
 70
1
 10
46.14113844865642
 20
14.2256525787161
 10
46.34113844865351
 20
14.2256525787161
 10
46.34113844865351
 20
16.22565257871611
 10
46.14113844865642
 20
16.22565257871611
  0
LINE
  5
10E
330
3E
100
AcDbEntity
  8
0
370
9
 60
1
100
AcDbLine
 10
46.24113844866224
 20
16.22565257871611
 30
0.0
 11
46.24113844866224
 21
14.2256525787161
 31
0.0
  0
LINE
  5
10F
330
3E
100
AcDbEntity
  8
0
370
9
 60
1
100
AcDbLine
 10
46.18290884088492
 20
16.22565257871611
 30
0.0
 11
46.18290884088492
 21
14.2256525787161
 31
0.0
  0
LINE
  5
110
330
3E
100
AcDbEntity
  8
0
370
9
 60
1
100
AcDbLine
 10
46.30027147690998
 20
16.22565257871611
 30
0.0
 11
46.30027147690998
 21
14.2256525787161
 31
0.0
  0
LINE
  5
111
330
3E
100
AcDbEntity
  8
0
370
9
 60
1
100
AcDbLine
 10
46.21267531457124
 20
16.22565257871611
 30
0.0
 11
46.21267531457124
 21
14.2256525787161
 31
0.0
  0
LINE
  5
112
330
3E
100
AcDbEntity
  8
0
370
9
 60
1
100
AcDbLine
 10
46.26985614276782
 20
16.22565257871611
 30
0.0
 11
46.26985614276782
 21
14.2256525787161
 31
0.0
  0
LINE
  5
113
330
3E
100
AcDbEntity
  8
0
370
9
 60
1
100
AcDbLine
 10
46.32160276459763
 20
14.2256525787161
 30
0.0
 11
46.32160276459763
 21
16.22565257871611
 31
0.0
  0
LINE
  5
114
330
3E
100
AcDbEntity
  8
0
370
9
 60
1
100
AcDbLine
 10
46.16222641366767
 20
16.22565257871611
 30
0.0
 11
46.16222641366767
 21
14.2256525787161
 31
0.0
  0
LINE
  5
115
330
3E
100
AcDbEntity
  8
0
370
9
 60
1
100
AcDbLine
 10
46.7931982633745
 20
16.22565257871611
 30
0.0
 11
46.7931982633745
 21
14.2256525787161
 31
0.0
  0
LINE
  5
116
330
3E
100
AcDbEntity
  8
0
370
9
 60
1
100
AcDbLine
 10
46.7931982633745
 20
16.22565257871611
 30
0.0
 11
46.7931982633745
 21
14.2256525787161
 31
0.0
  0
LWPOLYLINE
  5
117
330
3E
100
AcDbEntity
  8
0
370
9
 60
1
100
AcDbPolyline
 90
4
 70
1
 10
46.94113844865933
 20
14.2256525787161
 10
47.14113844865642
 20
14.2256525787161
 10
47.14113844865642
 20
16.22565257871611
 10
46.94113844865933
 20
16.22565257871611
  0
LINE
  5
118
330
3E
100
AcDbEntity
  8
0
370
9
 60
1
100
AcDbLine
 10
47.04113844866514
 20
16.22565257871611
 30
0.0
 11
47.04113844866514
 21
14.2256525787161
 31
0.0
  0
LINE
  5
119
330
3E
100
AcDbEntity
  8
0
370
9
 60
1
100
AcDbLine
 10
46.98290884088783
 20
16.22565257871611
 30
0.0
 11
46.98290884088783
 21
14.2256525787161
 31
0.0
  0
LINE
  5
11A
330
3E
100
AcDbEntity
  8
0
370
9
 60
1
100
AcDbLine
 10
47.10027147691289
 20
16.22565257871611
 30
0.0
 11
47.10027147691289
 21
14.2256525787161
 31
0.0
  0
LINE
  5
11B
330
3E
100
AcDbEntity
  8
0
370
9
 60
1
100
AcDbLine
 10
47.01267531457415
 20
16.22565257871611
 30
0.0
 11
47.01267531457415
 21
14.2256525787161
 31
0.0
  0
LINE
  5
11C
330
3E
100
AcDbEntity
  8
0
370
9
 60
1
100
AcDbLine
 10
47.06985614277073
 20
16.22565257871611
 30
0.0
 11
47.06985614277073
 21
14.2256525787161
 31
0.0
  0
LINE
  5
11D
330
3E
100
AcDbEntity
  8
0
370
9
 60
1
100
AcDbLine
 10
47.12160276460053
 20
14.2256525787161
 30
0.0
 11
47.12160276460053
 21
16.22565257871611
 31
0.0
  0
LINE
  5
11E
330
3E
100
AcDbEntity
  8
0
370
9
 60
1
100
AcDbLine
 10
46.96222641367057
 20
16.22565257871611
 30
0.0
 11
46.96222641367057
 21
14.2256525787161
 31
0.0
  0
LINE
  5
11F
330
3E
100
AcDbEntity
  8
0
370
9
 60
1
100
AcDbLine
 10
47.59319826336287
 20
16.22565257871611
 30
0.0
 11
47.59319826336287
 21
14.2256525787161
 31
0.0
  0
LINE
  5
120
330
3E
100
AcDbEntity
  8
0
370
9
 60
1
100
AcDbLine
 10
47.59319826336287
 20
16.22565257871611
 30
0.0
 11
47.59319826336287
 21
14.2256525787161
 31
0.0
  0
LWPOLYLINE
  5
121
330
3E
100
AcDbEntity
  8
0
370
9
 60
1
100
AcDbPolyline
 90
4
 70
1
 10
47.74113844864769
 20
14.2256525787161
 10
47.94113844864478
 20
14.2256525787161
 10
47.94113844864478
 20
16.22565257871611
 10
47.74113844864769
 20
16.22565257871611
  0
LINE
  5
122
330
3E
100
AcDbEntity
  8
0
370
9
 60
1
100
AcDbLine
 10
47.84113844865351
 20
16.22565257871611
 30
0.0
 11
47.84113844865351
 21
14.2256525787161
 31
0.0
  0
LINE
  5
123
330
3E
100
AcDbEntity
  8
0
370
9
 60
1
100
AcDbLine
 10
47.78290884087619
 20
16.22565257871611
 30
0.0
 11
47.78290884087619
 21
14.2256525787161
 31
0.0
  0
LINE
  5
124
330
3E
100
AcDbEntity
  8
0
370
9
 60
1
100
AcDbLine
 10
47.90027147690125
 20
16.22565257871611
 30
0.0
 11
47.90027147690125
 21
14.2256525787161
 31
0.0
  0
LINE
  5
125
330
3E
100
AcDbEntity
  8
0
370
9
 60
1
100
AcDbLine
 10
47.81267531456251
 20
16.22565257871611
 30
0.0
 11
47.81267531456251
 21
14.2256525787161
 31
0.0
  0
LINE
  5
126
330
3E
100
AcDbEntity
  8
0
370
9
 60
1
100
AcDbLine
 10
47.86985614275908
 20
16.22565257871611
 30
0.0
 11
47.86985614275908
 21
14.2256525787161
 31
0.0
  0
LINE
  5
127
330
3E
100
AcDbEntity
  8
0
370
9
 60
1
100
AcDbLine
 10
47.92160276458889
 20
14.2256525787161
 30
0.0
 11
47.92160276458889
 21
16.22565257871611
 31
0.0
  0
LINE
  5
128
330
3E
100
AcDbEntity
  8
0
370
9
 60
1
100
AcDbLine
 10
47.76222641365893
 20
16.22565257871611
 30
0.0
 11
47.76222641365893
 21
14.2256525787161
 31
0.0
  0
LINE
  5
129
330
3E
100
AcDbEntity
  8
0
370
9
 60
1
100
AcDbLine
 10
48.39319826336577
 20
16.22565257871611
 30
0.0
 11
48.39319826336577
 21
14.2256525787161
 31
0.0
  0
LINE
  5
12A
330
3E
100
AcDbEntity
  8
0
370
9
 60
1
100
AcDbLine
 10
48.39319826336577
 20
16.22565257871611
 30
0.0
 11
48.39319826336577
 21
14.2256525787161
 31
0.0
  0
LWPOLYLINE
  5
12B
330
3E
100
AcDbEntity
  8
0
370
9
 60
1
100
AcDbPolyline
 90
4
 70
1
 10
48.5411384486506
 20
14.2256525787161
 10
48.74113844864769
 20
14.2256525787161
 10
48.74113844864769
 20
16.22565257871611
 10
48.5411384486506
 20
16.22565257871611
  0
LINE
  5
12C
330
3E
100
AcDbEntity
  8
0
370
9
 60
1
100
AcDbLine
 10
48.64113844865642
 20
16.22565257871611
 30
0.0
 11
48.64113844865642
 21
14.2256525787161
 31
0.0
  0
LINE
  5
12D
330
3E
100
AcDbEntity
  8
0
370
9
 60
1
100
AcDbLine
 10
48.5829088408791
 20
16.22565257871611
 30
0.0
 11
48.5829088408791
 21
14.2256525787161
 31
0.0
  0
LINE
  5
12E
330
3E
100
AcDbEntity
  8
0
370
9
 60
1
100
AcDbLine
 10
48.70027147690416
 20
16.22565257871611
 30
0.0
 11
48.70027147690416
 21
14.2256525787161
 31
0.0
  0
LINE
  5
12F
330
3E
100
AcDbEntity
  8
0
370
9
 60
1
100
AcDbLine
 10
48.61267531456542
 20
16.22565257871611
 30
0.0
 11
48.61267531456542
 21
14.2256525787161
 31
0.0
  0
LINE
  5
130
330
3E
100
AcDbEntity
  8
0
370
9
 60
1
100
AcDbLine
 10
48.669856142762
 20
16.22565257871611
 30
0.0
 11
48.669856142762
 21
14.2256525787161
 31
0.0
  0
LINE
  5
131
330
3E
100
AcDbEntity
  8
0
370
9
 60
1
100
AcDbLine
 10
48.7216027645918
 20
14.2256525787161
 30
0.0
 11
48.7216027645918
 21
16.22565257871611
 31
0.0
  0
LINE
  5
132
330
3E
100
AcDbEntity
  8
0
370
9
 60
1
100
AcDbLine
 10
48.56222641366184
 20
16.22565257871611
 30
0.0
 11
48.56222641366184
 21
14.2256525787161
 31
0.0
  0
LINE
  5
133
330
3E
100
AcDbEntity
  8
0
370
9
 60
1
100
AcDbLine
 10
49.19319826336868
 20
16.22565257871611
 30
0.0
 11
49.19319826336868
 21
14.2256525787161
 31
0.0
  0
LINE
  5
134
330
3E
100
AcDbEntity
  8
0
370
9
 60
1
100
AcDbLine
 10
49.19319826336868
 20
16.22565257871611
 30
0.0
 11
49.19319826336868
 21
14.2256525787161
 31
0.0
  0
LWPOLYLINE
  5
135
330
3E
100
AcDbEntity
  8
0
370
9
 60
1
100
AcDbPolyline
 90
4
 70
1
 10
49.3411384486535
 20
14.2256525787161
 10
49.5411384486506
 20
14.2256525787161
 10
49.5411384486506
 20
16.22565257871611
 10
49.3411384486535
 20
16.22565257871611
  0
LINE
  5
136
330
3E
100
AcDbEntity
  8
0
370
9
 60
1
100
AcDbLine
 10
49.44113844865933
 20
16.22565257871611
 30
0.0
 11
49.44113844865933
 21
14.2256525787161
 31
0.0
  0
LINE
  5
137
330
3E
100
AcDbEntity
  8
0
370
9
 60
1
100
AcDbLine
 10
49.38290884088201
 20
16.22565257871611
 30
0.0
 11
49.38290884088201
 21
14.2256525787161
 31
0.0
  0
LINE
  5
138
330
3E
100
AcDbEntity
  8
0
370
9
 60
1
100
AcDbLine
 10
49.50027147690708
 20
16.22565257871611
 30
0.0
 11
49.50027147690708
 21
14.2256525787161
 31
0.0
  0
LINE
  5
139
330
3E
100
AcDbEntity
  8
0
370
9
 60
1
100
AcDbLine
 10
49.41267531456833
 20
16.22565257871611
 30
0.0
 11
49.41267531456833
 21
14.2256525787161
 31
0.0
  0
LINE
  5
13A
330
3E
100
AcDbEntity
  8
0
370
9
 60
1
100
AcDbLine
 10
49.46985614276491
 20
16.22565257871611
 30
0.0
 11
49.46985614276491
 21
14.2256525787161
 31
0.0
  0
LINE
  5
13B
330
3E
100
AcDbEntity
  8
0
370
9
 60
1
100
AcDbLine
 10
49.52160276459472
 20
14.2256525787161
 30
0.0
 11
49.52160276459472
 21
16.22565257871611
 31
0.0
  0
LINE
  5
13C
330
3E
100
AcDbEntity
  8
0
370
9
 60
1
100
AcDbLine
 10
49.36222641366476
 20
16.22565257871611
 30
0.0
 11
49.36222641366476
 21
14.2256525787161
 31
0.0
  0
LINE
  5
13D
330
3E
100
AcDbEntity
  8
0
370
9
 60
1
100
AcDbLine
 10
49.9931982633716
 20
16.22565257871611
 30
0.0
 11
49.9931982633716
 21
14.2256525787161
 31
0.0
  0
LINE
  5
13E
330
3E
100
AcDbEntity
  8
0
370
9
 60
1
100
AcDbLine
 10
49.9931982633716
 20
16.22565257871611
 30
0.0
 11
49.9931982633716
 21
14.2256525787161
 31
0.0
  0
LWPOLYLINE
  5
13F
330
3E
100
AcDbEntity
  8
0
370
9
 60
1
100
AcDbPolyline
 90
4
 70
1
 10
50.14113844865642
 20
14.2256525787161
 10
50.34113844865351
 20
14.2256525787161
 10
50.34113844865351
 20
16.22565257871611
 10
50.14113844865642
 20
16.22565257871611
  0
LINE
  5
140
330
3E
100
AcDbEntity
  8
0
370
9
 60
1
100
AcDbLine
 10
50.24113844866224
 20
16.22565257871611
 30
0.0
 11
50.24113844866224
 21
14.2256525787161
 31
0.0
  0
LINE
  5
141
330
3E
100
AcDbEntity
  8
0
370
9
 60
1
100
AcDbLine
 10
50.18290884088492
 20
16.22565257871611
 30
0.0
 11
50.18290884088492
 21
14.2256525787161
 31
0.0
  0
LINE
  5
142
330
3E
100
AcDbEntity
  8
0
370
9
 60
1
100
AcDbLine
 10
50.30027147690998
 20
16.22565257871611
 30
0.0
 11
50.30027147690998
 21
14.2256525787161
 31
0.0
  0
LINE
  5
143
330
3E
100
AcDbEntity
  8
0
370
9
 60
1
100
AcDbLine
 10
50.21267531457124
 20
16.22565257871611
 30
0.0
 11
50.21267531457124
 21
14.2256525787161
 31
0.0
  0
LINE
  5
144
330
3E
100
AcDbEntity
  8
0
370
9
 60
1
100
AcDbLine
 10
50.26985614276782
 20
16.22565257871611
 30
0.0
 11
50.26985614276782
 21
14.2256525787161
 31
0.0
  0
LINE
  5
145
330
3E
100
AcDbEntity
  8
0
370
9
 60
1
100
AcDbLine
 10
50.32160276459762
 20
14.2256525787161
 30
0.0
 11
50.32160276459762
 21
16.22565257871611
 31
0.0
  0
LINE
  5
146
330
3E
100
AcDbEntity
  8
0
370
9
 60
1
100
AcDbLine
 10
50.16222641366766
 20
16.22565257871611
 30
0.0
 11
50.16222641366766
 21
14.2256525787161
 31
0.0
  0
LINE
  5
147
330
3E
100
AcDbEntity
  8
0
370
9
 60
1
100
AcDbLine
 10
50.7931982633745
 20
16.22565257871611
 30
0.0
 11
50.7931982633745
 21
14.2256525787161
 31
0.0
  0
LINE
  5
148
330
3E
100
AcDbEntity
  8
0
370
9
 60
1
100
AcDbLine
 10
50.7931982633745
 20
16.22565257871611
 30
0.0
 11
50.7931982633745
 21
14.2256525787161
 31
0.0
  0
LWPOLYLINE
  5
149
330
3E
100
AcDbEntity
  8
0
370
9
 60
1
100
AcDbPolyline
 90
4
 70
1
 10
50.94113844865933
 20
14.2256525787161
 10
51.14113844865642
 20
14.2256525787161
 10
51.14113844865642
 20
16.22565257871611
 10
50.94113844865933
 20
16.22565257871611
  0
LINE
  5
14A
330
3E
100
AcDbEntity
  8
0
370
9
 60
1
100
AcDbLine
 10
51.04113844866515
 20
16.22565257871611
 30
0.0
 11
51.04113844866515
 21
14.2256525787161
 31
0.0
  0
LINE
  5
14B
330
3E
100
AcDbEntity
  8
0
370
9
 60
1
100
AcDbLine
 10
50.98290884088783
 20
16.22565257871611
 30
0.0
 11
50.98290884088783
 21
14.2256525787161
 31
0.0
  0
LINE
  5
14C
330
3E
100
AcDbEntity
  8
0
370
9
 60
1
100
AcDbLine
 10
51.10027147691289
 20
16.22565257871611
 30
0.0
 11
51.10027147691289
 21
14.2256525787161
 31
0.0
  0
LINE
  5
14D
330
3E
100
AcDbEntity
  8
0
370
9
 60
1
100
AcDbLine
 10
51.01267531457415
 20
16.22565257871611
 30
0.0
 11
51.01267531457415
 21
14.2256525787161
 31
0.0
  0
LINE
  5
14E
330
3E
100
AcDbEntity
  8
0
370
9
 60
1
100
AcDbLine
 10
51.06985614277073
 20
16.22565257871611
 30
0.0
 11
51.06985614277073
 21
14.2256525787161
 31
0.0
  0
LINE
  5
14F
330
3E
100
AcDbEntity
  8
0
370
9
 60
1
100
AcDbLine
 10
51.12160276460054
 20
14.2256525787161
 30
0.0
 11
51.12160276460054
 21
16.22565257871611
 31
0.0
  0
LINE
  5
150
330
3E
100
AcDbEntity
  8
0
370
9
 60
1
100
AcDbLine
 10
50.96222641367058
 20
16.22565257871611
 30
0.0
 11
50.96222641367058
 21
14.2256525787161
 31
0.0
  0
LINE
  5
151
330
3E
100
AcDbEntity
  8
0
370
9
 60
1
100
AcDbLine
 10
51.59319826336286
 20
16.22565257871611
 30
0.0
 11
51.59319826336286
 21
14.2256525787161
 31
0.0
  0
LINE
  5
152
330
3E
100
AcDbEntity
  8
0
370
9
 60
1
100
AcDbLine
 10
51.59319826336286
 20
16.22565257871611
 30
0.0
 11
51.59319826336286
 21
14.2256525787161
 31
0.0
  0
LWPOLYLINE
  5
153
330
3E
100
AcDbEntity
  8
0
370
9
 60
1
100
AcDbPolyline
 90
4
 70
1
 10
51.74113844864769
 20
14.2256525787161
 10
51.94113844864478
 20
14.2256525787161
 10
51.94113844864478
 20
16.22565257871611
 10
51.74113844864769
 20
16.22565257871611
  0
LINE
  5
154
330
3E
100
AcDbEntity
  8
0
370
9
 60
1
100
AcDbLine
 10
51.8411384486535
 20
16.22565257871611
 30
0.0
 11
51.8411384486535
 21
14.2256525787161
 31
0.0
  0
LINE
  5
155
330
3E
100
AcDbEntity
  8
0
370
9
 60
1
100
AcDbLine
 10
51.78290884087619
 20
16.22565257871611
 30
0.0
 11
51.78290884087619
 21
14.2256525787161
 31
0.0
  0
LINE
  5
156
330
3E
100
AcDbEntity
  8
0
370
9
 60
1
100
AcDbLine
 10
51.90027147690125
 20
16.22565257871611
 30
0.0
 11
51.90027147690125
 21
14.2256525787161
 31
0.0
  0
LINE
  5
157
330
3E
100
AcDbEntity
  8
0
370
9
 60
1
100
AcDbLine
 10
51.81267531456251
 20
16.22565257871611
 30
0.0
 11
51.81267531456251
 21
14.2256525787161
 31
0.0
  0
LINE
  5
158
330
3E
100
AcDbEntity
  8
0
370
9
 60
1
100
AcDbLine
 10
51.86985614275909
 20
16.22565257871611
 30
0.0
 11
51.86985614275909
 21
14.2256525787161
 31
0.0
  0
LINE
  5
159
330
3E
100
AcDbEntity
  8
0
370
9
 60
1
100
AcDbLine
 10
51.92160276458889
 20
14.2256525787161
 30
0.0
 11
51.92160276458889
 21
16.22565257871611
 31
0.0
  0
LINE
  5
15A
330
3E
100
AcDbEntity
  8
0
370
9
 60
1
100
AcDbLine
 10
51.76222641365893
 20
16.22565257871611
 30
0.0
 11
51.76222641365893
 21
14.2256525787161
 31
0.0
  0
LINE
  5
15B
330
3E
100
AcDbEntity
  8
0
370
9
 60
1
100
AcDbLine
 10
52.39319826336577
 20
16.22565257871611
 30
0.0
 11
52.39319826336577
 21
14.2256525787161
 31
0.0
  0
LINE
  5
15C
330
3E
100
AcDbEntity
  8
0
370
9
 60
1
100
AcDbLine
 10
52.39319826336577
 20
16.22565257871611
 30
0.0
 11
52.39319826336577
 21
14.2256525787161
 31
0.0
  0
LWPOLYLINE
  5
15D
330
3E
100
AcDbEntity
  8
0
370
9
 60
1
100
AcDbPolyline
 90
4
 70
1
 10
52.54113844865059
 20
14.2256525787161
 10
52.74113844864769
 20
14.2256525787161
 10
52.74113844864769
 20
16.22565257871611
 10
52.54113844865059
 20
16.22565257871611
  0
LINE
  5
15E
330
3E
100
AcDbEntity
  8
0
370
9
 60
1
100
AcDbLine
 10
52.64113844865642
 20
16.22565257871611
 30
0.0
 11
52.64113844865642
 21
14.2256525787161
 31
0.0
  0
LINE
  5
15F
330
3E
100
AcDbEntity
  8
0
370
9
 60
1
100
AcDbLine
 10
52.5829088408791
 20
16.22565257871611
 30
0.0
 11
52.5829088408791
 21
14.2256525787161
 31
0.0
  0
LINE
  5
160
330
3E
100
AcDbEntity
  8
0
370
9
 60
1
100
AcDbLine
 10
52.70027147690417
 20
16.22565257871611
 30
0.0
 11
52.70027147690417
 21
14.2256525787161
 31
0.0
  0
LINE
  5
161
330
3E
100
AcDbEntity
  8
0
370
9
 60
1
100
AcDbLine
 10
52.61267531456542
 20
16.22565257871611
 30
0.0
 11
52.61267531456542
 21
14.2256525787161
 31
0.0
  0
LINE
  5
162
330
3E
100
AcDbEntity
  8
0
370
9
 60
1
100
AcDbLine
 10
52.669856142762
 20
16.22565257871611
 30
0.0
 11
52.669856142762
 21
14.2256525787161
 31
0.0
  0
LINE
  5
163
330
3E
100
AcDbEntity
  8
0
370
9
 60
1
100
AcDbLine
 10
52.72160276459181
 20
14.2256525787161
 30
0.0
 11
52.72160276459181
 21
16.22565257871611
 31
0.0
  0
LINE
  5
164
330
3E
100
AcDbEntity
  8
0
370
9
 60
1
100
AcDbLine
 10
52.56222641366185
 20
16.22565257871611
 30
0.0
 11
52.56222641366185
 21
14.2256525787161
 31
0.0
  0
LINE
  5
165
330
3E
100
AcDbEntity
  8
0
370
9
 60
1
100
AcDbLine
 10
53.19319826336869
 20
16.22565257871611
 30
0.0
 11
53.19319826336869
 21
14.2256525787161
 31
0.0
  0
LINE
  5
166
330
3E
100
AcDbEntity
  8
0
370
9
 60
1
100
AcDbLine
 10
53.19319826336869
 20
16.22565257871611
 30
0.0
 11
53.19319826336869
 21
14.2256525787161
 31
0.0
  0
LWPOLYLINE
  5
167
330
3E
100
AcDbEntity
  8
0
370
9
 60
1
100
AcDbPolyline
 90
4
 70
1
 10
53.34113844865351
 20
14.2256525787161
 10
53.5411384486506
 20
14.2256525787161
 10
53.5411384486506
 20
16.22565257871611
 10
53.34113844865351
 20
16.22565257871611
  0
LINE
  5
168
330
3E
100
AcDbEntity
  8
0
370
9
 60
1
100
AcDbLine
 10
53.44113844865933
 20
16.22565257871611
 30
0.0
 11
53.44113844865933
 21
14.2256525787161
 31
0.0
  0
LINE
  5
169
330
3E
100
AcDbEntity
  8
0
370
9
 60
1
100
AcDbLine
 10
53.38290884088201
 20
16.22565257871611
 30
0.0
 11
53.38290884088201
 21
14.2256525787161
 31
0.0
  0
LINE
  5
16A
330
3E
100
AcDbEntity
  8
0
370
9
 60
1
100
AcDbLine
 10
53.50027147690707
 20
16.22565257871611
 30
0.0
 11
53.50027147690707
 21
14.2256525787161
 31
0.0
  0
LINE
  5
16B
330
3E
100
AcDbEntity
  8
0
370
9
 60
1
100
AcDbLine
 10
53.41267531456833
 20
16.22565257871611
 30
0.0
 11
53.41267531456833
 21
14.2256525787161
 31
0.0
  0
LINE
  5
16C
330
3E
100
AcDbEntity
  8
0
370
9
 60
1
100
AcDbLine
 10
53.46985614276491
 20
16.22565257871611
 30
0.0
 11
53.46985614276491
 21
14.2256525787161
 31
0.0
  0
LINE
  5
16D
330
3E
100
AcDbEntity
  8
0
370
9
 60
1
100
AcDbLine
 10
53.52160276459471
 20
14.2256525787161
 30
0.0
 11
53.52160276459471
 21
16.22565257871611
 31
0.0
  0
LINE
  5
16E
330
3E
100
AcDbEntity
  8
0
370
9
 60
1
100
AcDbLine
 10
53.36222641366475
 20
16.22565257871611
 30
0.0
 11
53.36222641366475
 21
14.2256525787161
 31
0.0
  0
LINE
  5
16F
330
3E
100
AcDbEntity
  8
0
370
9
 60
1
100
AcDbLine
 10
53.99319826337159
 20
16.22565257871611
 30
0.0
 11
53.99319826337159
 21
14.2256525787161
 31
0.0
  0
LINE
  5
170
330
3E
100
AcDbEntity
  8
0
370
9
 60
1
100
AcDbLine
 10
53.99319826337159
 20
16.22565257871611
 30
0.0
 11
53.99319826337159
 21
14.2256525787161
 31
0.0
  0
LWPOLYLINE
  5
171
330
3E
100
AcDbEntity
  8
0
370
9
 60
1
100
AcDbPolyline
 90
4
 70
1
 10
54.14113844865642
 20
14.2256525787161
 10
54.3411384486535
 20
14.2256525787161
 10
54.3411384486535
 20
16.22565257871611
 10
54.14113844865642
 20
16.22565257871611
  0
LINE
  5
172
330
3E
100
AcDbEntity
  8
0
370
9
 60
1
100
AcDbLine
 10
54.24113844866224
 20
16.22565257871611
 30
0.0
 11
54.24113844866224
 21
14.2256525787161
 31
0.0
  0
LINE
  5
173
330
3E
100
AcDbEntity
  8
0
370
9
 60
1
100
AcDbLine
 10
54.18290884088492
 20
16.22565257871611
 30
0.0
 11
54.18290884088492
 21
14.2256525787161
 31
0.0
  0
LINE
  5
174
330
3E
100
AcDbEntity
  8
0
370
9
 60
1
100
AcDbLine
 10
54.30027147690998
 20
16.22565257871611
 30
0.0
 11
54.30027147690998
 21
14.2256525787161
 31
0.0
  0
LINE
  5
175
330
3E
100
AcDbEntity
  8
0
370
9
 60
1
100
AcDbLine
 10
54.21267531457124
 20
16.22565257871611
 30
0.0
 11
54.21267531457124
 21
14.2256525787161
 31
0.0
  0
LINE
  5
176
330
3E
100
AcDbEntity
  8
0
370
9
 60
1
100
AcDbLine
 10
54.26985614276782
 20
16.22565257871611
 30
0.0
 11
54.26985614276782
 21
14.2256525787161
 31
0.0
  0
LINE
  5
177
330
3E
100
AcDbEntity
  8
0
370
9
 60
1
100
AcDbLine
 10
54.32160276459763
 20
14.2256525787161
 30
0.0
 11
54.32160276459763
 21
16.22565257871611
 31
0.0
  0
LINE
  5
178
330
3E
100
AcDbEntity
  8
0
370
9
 60
1
100
AcDbLine
 10
54.16222641366767
 20
16.22565257871611
 30
0.0
 11
54.16222641366767
 21
14.2256525787161
 31
0.0
  0
LINE
  5
179
330
3E
100
AcDbEntity
  8
0
370
9
 60
1
100
AcDbLine
 10
54.79319826337451
 20
16.22565257871611
 30
0.0
 11
54.79319826337451
 21
14.2256525787161
 31
0.0
  0
LINE
  5
17A
330
3E
100
AcDbEntity
  8
0
370
9
 60
1
100
AcDbLine
 10
54.79319826337451
 20
16.22565257871611
 30
0.0
 11
54.79319826337451
 21
14.2256525787161
 31
0.0
  0
LWPOLYLINE
  5
17B
330
3E
100
AcDbEntity
  8
0
370
9
 60
1
100
AcDbPolyline
 90
4
 70
1
 10
54.94113844865933
 20
14.2256525787161
 10
55.14113844865642
 20
14.2256525787161
 10
55.14113844865642
 20
16.22565257871611
 10
54.94113844865933
 20
16.22565257871611
  0
LINE
  5
17C
330
3E
100
AcDbEntity
  8
0
370
9
 60
1
100
AcDbLine
 10
55.04113844866515
 20
16.22565257871611
 30
0.0
 11
55.04113844866515
 21
14.2256525787161
 31
0.0
  0
LINE
  5
17D
330
3E
100
AcDbEntity
  8
0
370
9
 60
1
100
AcDbLine
 10
54.98290884088783
 20
16.22565257871611
 30
0.0
 11
54.98290884088783
 21
14.2256525787161
 31
0.0
  0
LINE
  5
17E
330
3E
100
AcDbEntity
  8
0
370
9
 60
1
100
AcDbLine
 10
55.10027147691289
 20
16.22565257871611
 30
0.0
 11
55.10027147691289
 21
14.2256525787161
 31
0.0
  0
LINE
  5
17F
330
3E
100
AcDbEntity
  8
0
370
9
 60
1
100
AcDbLine
 10
55.01267531457415
 20
16.22565257871611
 30
0.0
 11
55.01267531457415
 21
14.2256525787161
 31
0.0
  0
LINE
  5
180
330
3E
100
AcDbEntity
  8
0
370
9
 60
1
100
AcDbLine
 10
55.06985614277073
 20
16.22565257871611
 30
0.0
 11
55.06985614277073
 21
14.2256525787161
 31
0.0
  0
LINE
  5
181
330
3E
100
AcDbEntity
  8
0
370
9
 60
1
100
AcDbLine
 10
55.12160276460054
 20
14.2256525787161
 30
0.0
 11
55.12160276460054
 21
16.22565257871611
 31
0.0
  0
LINE
  5
182
330
3E
100
AcDbEntity
  8
0
370
9
 60
1
100
AcDbLine
 10
54.96222641367058
 20
16.22565257871611
 30
0.0
 11
54.96222641367058
 21
14.2256525787161
 31
0.0
  0
LINE
  5
183
330
3E
100
AcDbEntity
  8
0
370
9
 60
1
100
AcDbLine
 10
55.59319826336286
 20
16.22565257871611
 30
0.0
 11
55.59319826336286
 21
14.2256525787161
 31
0.0
  0
LINE
  5
184
330
3E
100
AcDbEntity
  8
0
370
9
 60
1
100
AcDbLine
 10
55.59319826336286
 20
16.22565257871611
 30
0.0
 11
55.59319826336286
 21
14.2256525787161
 31
0.0
  0
LWPOLYLINE
  5
185
330
3E
100
AcDbEntity
  8
0
370
9
 60
1
100
AcDbPolyline
 90
4
 70
1
 10
55.74113844864768
 20
14.2256525787161
 10
55.94113844864478
 20
14.2256525787161
 10
55.94113844864478
 20
16.22565257871611
 10
55.74113844864768
 20
16.22565257871611
  0
LINE
  5
186
330
3E
100
AcDbEntity
  8
0
370
9
 60
1
100
AcDbLine
 10
55.84113844865351
 20
16.22565257871611
 30
0.0
 11
55.84113844865351
 21
14.2256525787161
 31
0.0
  0
LINE
  5
187
330
3E
100
AcDbEntity
  8
0
370
9
 60
1
100
AcDbLine
 10
55.78290884087619
 20
16.22565257871611
 30
0.0
 11
55.78290884087619
 21
14.2256525787161
 31
0.0
  0
LINE
  5
188
330
3E
100
AcDbEntity
  8
0
370
9
 60
1
100
AcDbLine
 10
55.90027147690125
 20
16.22565257871611
 30
0.0
 11
55.90027147690125
 21
14.2256525787161
 31
0.0
  0
LINE
  5
189
330
3E
100
AcDbEntity
  8
0
370
9
 60
1
100
AcDbLine
 10
55.81267531456251
 20
16.22565257871611
 30
0.0
 11
55.81267531456251
 21
14.2256525787161
 31
0.0
  0
LINE
  5
18A
330
3E
100
AcDbEntity
  8
0
370
9
 60
1
100
AcDbLine
 10
55.86985614275909
 20
16.22565257871611
 30
0.0
 11
55.86985614275909
 21
14.2256525787161
 31
0.0
  0
LINE
  5
18B
330
3E
100
AcDbEntity
  8
0
370
9
 60
1
100
AcDbLine
 10
55.9216027645889
 20
14.2256525787161
 30
0.0
 11
55.9216027645889
 21
16.22565257871611
 31
0.0
  0
LINE
  5
18C
330
3E
100
AcDbEntity
  8
0
370
9
 60
1
100
AcDbLine
 10
55.76222641365894
 20
16.22565257871611
 30
0.0
 11
55.76222641365894
 21
14.2256525787161
 31
0.0
  0
LINE
  5
18D
330
3E
100
AcDbEntity
  8
0
370
9
 60
1
100
AcDbLine
 10
56.39319826336578
 20
16.22565257871611
 30
0.0
 11
56.39319826336578
 21
14.2256525787161
 31
0.0
  0
LINE
  5
18E
330
3E
100
AcDbEntity
  8
0
370
9
 60
1
100
AcDbLine
 10
56.39319826336578
 20
16.22565257871611
 30
0.0
 11
56.39319826336578
 21
14.2256525787161
 31
0.0
  0
LWPOLYLINE
  5
18F
330
3E
100
AcDbEntity
  8
0
370
9
 60
1
100
AcDbPolyline
 90
4
 70
1
 10
56.5411384486506
 20
14.2256525787161
 10
56.74113844864769
 20
14.2256525787161
 10
56.74113844864769
 20
16.22565257871611
 10
56.5411384486506
 20
16.22565257871611
  0
LINE
  5
190
330
3E
100
AcDbEntity
  8
0
370
9
 60
1
100
AcDbLine
 10
56.64113844865642
 20
16.22565257871611
 30
0.0
 11
56.64113844865642
 21
14.2256525787161
 31
0.0
  0
LINE
  5
191
330
3E
100
AcDbEntity
  8
0
370
9
 60
1
100
AcDbLine
 10
56.5829088408791
 20
16.22565257871611
 30
0.0
 11
56.5829088408791
 21
14.2256525787161
 31
0.0
  0
LINE
  5
192
330
3E
100
AcDbEntity
  8
0
370
9
 60
1
100
AcDbLine
 10
56.70027147690416
 20
16.22565257871611
 30
0.0
 11
56.70027147690416
 21
14.2256525787161
 31
0.0
  0
LINE
  5
193
330
3E
100
AcDbEntity
  8
0
370
9
 60
1
100
AcDbLine
 10
56.61267531456542
 20
16.22565257871611
 30
0.0
 11
56.61267531456542
 21
14.2256525787161
 31
0.0
  0
LINE
  5
194
330
3E
100
AcDbEntity
  8
0
370
9
 60
1
100
AcDbLine
 10
56.669856142762
 20
16.22565257871611
 30
0.0
 11
56.669856142762
 21
14.2256525787161
 31
0.0
  0
LINE
  5
195
330
3E
100
AcDbEntity
  8
0
370
9
 60
1
100
AcDbLine
 10
56.7216027645918
 20
14.2256525787161
 30
0.0
 11
56.7216027645918
 21
16.22565257871611
 31
0.0
  0
LINE
  5
196
330
3E
100
AcDbEntity
  8
0
370
9
 60
1
100
AcDbLine
 10
56.56222641366184
 20
16.22565257871611
 30
0.0
 11
56.56222641366184
 21
14.2256525787161
 31
0.0
  0
LINE
  5
197
330
3E
100
AcDbEntity
  8
0
370
9
 60
1
100
AcDbLine
 10
57.19319826336868
 20
16.22565257871611
 30
0.0
 11
57.19319826336868
 21
14.2256525787161
 31
0.0
  0
LINE
  5
198
330
3E
100
AcDbEntity
  8
0
370
9
 60
1
100
AcDbLine
 10
57.19319826336868
 20
16.22565257871611
 30
0.0
 11
57.19319826336868
 21
14.2256525787161
 31
0.0
  0
LWPOLYLINE
  5
199
330
3E
100
AcDbEntity
  8
0
370
9
 60
1
100
AcDbPolyline
 90
4
 70
1
 10
57.34113844865351
 20
14.2256525787161
 10
57.54113844865059
 20
14.2256525787161
 10
57.54113844865059
 20
16.22565257871611
 10
57.34113844865351
 20
16.22565257871611
  0
LINE
  5
19A
330
3E
100
AcDbEntity
  8
0
370
9
 60
1
100
AcDbLine
 10
57.44113844865933
 20
16.22565257871611
 30
0.0
 11
57.44113844865933
 21
14.2256525787161
 31
0.0
  0
LINE
  5
19B
330
3E
100
AcDbEntity
  8
0
370
9
 60
1
100
AcDbLine
 10
57.382908840882
 20
16.22565257871611
 30
0.0
 11
57.382908840882
 21
14.2256525787161
 31
0.0
  0
LINE
  5
19C
330
3E
100
AcDbEntity
  8
0
370
9
 60
1
100
AcDbLine
 10
57.50027147690707
 20
16.22565257871611
 30
0.0
 11
57.50027147690707
 21
14.2256525787161
 31
0.0
  0
LINE
  5
19D
330
3E
100
AcDbEntity
  8
0
370
9
 60
1
100
AcDbLine
 10
57.41267531456833
 20
16.22565257871611
 30
0.0
 11
57.41267531456833
 21
14.2256525787161
 31
0.0
  0
LINE
  5
19E
330
3E
100
AcDbEntity
  8
0
370
9
 60
1
100
AcDbLine
 10
57.46985614276491
 20
16.22565257871611
 30
0.0
 11
57.46985614276491
 21
14.2256525787161
 31
0.0
  0
LINE
  5
19F
330
3E
100
AcDbEntity
  8
0
370
9
 60
1
100
AcDbLine
 10
57.52160276459472
 20
14.2256525787161
 30
0.0
 11
57.52160276459472
 21
16.22565257871611
 31
0.0
  0
LINE
  5
1A0
330
3E
100
AcDbEntity
  8
0
370
9
 60
1
100
AcDbLine
 10
57.36222641366476
 20
16.22565257871611
 30
0.0
 11
57.36222641366476
 21
14.2256525787161
 31
0.0
  0
LINE
  5
1A1
330
3E
100
AcDbEntity
  8
0
370
9
 60
1
100
AcDbLine
 10
57.9931982633716
 20
16.22565257871611
 30
0.0
 11
57.9931982633716
 21
14.2256525787161
 31
0.0
  0
LINE
  5
1A2
330
3E
100
AcDbEntity
  8
0
370
9
 60
1
100
AcDbLine
 10
57.9931982633716
 20
16.22565257871611
 30
0.0
 11
57.9931982633716
 21
14.2256525787161
 31
0.0
  0
LWPOLYLINE
  5
1A3
330
3E
100
AcDbEntity
  8
0
370
9
 60
1
100
AcDbPolyline
 90
4
 70
1
 10
58.14113844865642
 20
14.2256525787161
 10
58.34113844865351
 20
14.2256525787161
 10
58.34113844865351
 20
16.22565257871611
 10
58.14113844865642
 20
16.22565257871611
  0
LINE
  5
1A4
330
3E
100
AcDbEntity
  8
0
370
9
 60
1
100
AcDbLine
 10
58.24113844866224
 20
16.22565257871611
 30
0.0
 11
58.24113844866224
 21
14.2256525787161
 31
0.0
  0
LINE
  5
1A5
330
3E
100
AcDbEntity
  8
0
370
9
 60
1
100
AcDbLine
 10
58.18290884088492
 20
16.22565257871611
 30
0.0
 11
58.18290884088492
 21
14.2256525787161
 31
0.0
  0
LINE
  5
1A6
330
3E
100
AcDbEntity
  8
0
370
9
 60
1
100
AcDbLine
 10
58.30027147690998
 20
16.22565257871611
 30
0.0
 11
58.30027147690998
 21
14.2256525787161
 31
0.0
  0
LINE
  5
1A7
330
3E
100
AcDbEntity
  8
0
370
9
 60
1
100
AcDbLine
 10
58.21267531457124
 20
16.22565257871611
 30
0.0
 11
58.21267531457124
 21
14.2256525787161
 31
0.0
  0
LINE
  5
1A8
330
3E
100
AcDbEntity
  8
0
370
9
 60
1
100
AcDbLine
 10
58.26985614276782
 20
16.22565257871611
 30
0.0
 11
58.26985614276782
 21
14.2256525787161
 31
0.0
  0
LINE
  5
1A9
330
3E
100
AcDbEntity
  8
0
370
9
 60
1
100
AcDbLine
 10
58.32160276459763
 20
14.2256525787161
 30
0.0
 11
58.32160276459763
 21
16.22565257871611
 31
0.0
  0
LINE
  5
1AA
330
3E
100
AcDbEntity
  8
0
370
9
 60
1
100
AcDbLine
 10
58.16222641366767
 20
16.22565257871611
 30
0.0
 11
58.16222641366767
 21
14.2256525787161
 31
0.0
  0
LINE
  5
1AB
330
3E
100
AcDbEntity
  8
0
370
9
 60
1
100
AcDbLine
 10
58.7931982633745
 20
16.22565257871611
 30
0.0
 11
58.7931982633745
 21
14.2256525787161
 31
0.0
  0
LINE
  5
1AC
330
3E
100
AcDbEntity
  8
0
370
9
 60
1
100
AcDbLine
 10
58.7931982633745
 20
16.22565257871611
 30
0.0
 11
58.7931982633745
 21
14.2256525787161
 31
0.0
  0
LWPOLYLINE
  5
1AD
330
3E
100
AcDbEntity
  8
0
370
9
 60
1
100
AcDbPolyline
 90
4
 70
1
 10
58.94113844865933
 20
14.2256525787161
 10
59.14113844865642
 20
14.2256525787161
 10
59.14113844865642
 20
16.22565257871611
 10
58.94113844865933
 20
16.22565257871611
  0
LINE
  5
1AE
330
3E
100
AcDbEntity
  8
0
370
9
 60
1
100
AcDbLine
 10
59.04113844866515
 20
16.22565257871611
 30
0.0
 11
59.04113844866515
 21
14.2256525787161
 31
0.0
  0
LINE
  5
1AF
330
3E
100
AcDbEntity
  8
0
370
9
 60
1
100
AcDbLine
 10
58.98290884088783
 20
16.22565257871611
 30
0.0
 11
58.98290884088783
 21
14.2256525787161
 31
0.0
  0
LINE
  5
1B0
330
3E
100
AcDbEntity
  8
0
370
9
 60
1
100
AcDbLine
 10
59.10027147691289
 20
16.22565257871611
 30
0.0
 11
59.10027147691289
 21
14.2256525787161
 31
0.0
  0
LINE
  5
1B1
330
3E
100
AcDbEntity
  8
0
370
9
 60
1
100
AcDbLine
 10
59.01267531457415
 20
16.22565257871611
 30
0.0
 11
59.01267531457415
 21
14.2256525787161
 31
0.0
  0
LINE
  5
1B2
330
3E
100
AcDbEntity
  8
0
370
9
 60
1
100
AcDbLine
 10
59.06985614277073
 20
16.22565257871611
 30
0.0
 11
59.06985614277073
 21
14.2256525787161
 31
0.0
  0
LINE
  5
1B3
330
3E
100
AcDbEntity
  8
0
370
9
 60
1
100
AcDbLine
 10
59.12160276460054
 20
14.2256525787161
 30
0.0
 11
59.12160276460054
 21
16.22565257871611
 31
0.0
  0
LINE
  5
1B4
330
3E
100
AcDbEntity
  8
0
370
9
 60
1
100
AcDbLine
 10
58.96222641367057
 20
16.22565257871611
 30
0.0
 11
58.96222641367057
 21
14.2256525787161
 31
0.0
  0
LINE
  5
1B5
330
3E
100
AcDbEntity
  8
0
370
9
 60
1
100
AcDbLine
 10
59.59319826336287
 20
16.22565257871611
 30
0.0
 11
59.59319826336287
 21
14.2256525787161
 31
0.0
  0
LINE
  5
1B6
330
3E
100
AcDbEntity
  8
0
370
9
 60
1
100
AcDbLine
 10
59.59319826336287
 20
16.22565257871611
 30
0.0
 11
59.59319826336287
 21
14.2256525787161
 31
0.0
  0
LWPOLYLINE
  5
1B7
330
3E
100
AcDbEntity
  8
0
370
9
 60
1
100
AcDbPolyline
 90
4
 70
1
 10
59.74113844864769
 20
14.2256525787161
 10
59.94113844864478
 20
14.2256525787161
 10
59.94113844864478
 20
16.22565257871611
 10
59.74113844864769
 20
16.22565257871611
  0
LINE
  5
1B8
330
3E
100
AcDbEntity
  8
0
370
9
 60
1
100
AcDbLine
 10
59.84113844865351
 20
16.22565257871611
 30
0.0
 11
59.84113844865351
 21
14.2256525787161
 31
0.0
  0
LINE
  5
1B9
330
3E
100
AcDbEntity
  8
0
370
9
 60
1
100
AcDbLine
 10
59.78290884087619
 20
16.22565257871611
 30
0.0
 11
59.78290884087619
 21
14.2256525787161
 31
0.0
  0
LINE
  5
1BA
330
3E
100
AcDbEntity
  8
0
370
9
 60
1
100
AcDbLine
 10
59.90027147690125
 20
16.22565257871611
 30
0.0
 11
59.90027147690125
 21
14.2256525787161
 31
0.0
  0
LINE
  5
1BB
330
3E
100
AcDbEntity
  8
0
370
9
 60
1
100
AcDbLine
 10
59.81267531456251
 20
16.22565257871611
 30
0.0
 11
59.81267531456251
 21
14.2256525787161
 31
0.0
  0
LINE
  5
1BC
330
3E
100
AcDbEntity
  8
0
370
9
 60
1
100
AcDbLine
 10
59.86985614275909
 20
16.22565257871611
 30
0.0
 11
59.86985614275909
 21
14.2256525787161
 31
0.0
  0
LINE
  5
1BD
330
3E
100
AcDbEntity
  8
0
370
9
 60
1
100
AcDbLine
 10
59.92160276458889
 20
14.2256525787161
 30
0.0
 11
59.92160276458889
 21
16.22565257871611
 31
0.0
  0
LINE
  5
1BE
330
3E
100
AcDbEntity
  8
0
370
9
 60
1
100
AcDbLine
 10
59.76222641365893
 20
16.22565257871611
 30
0.0
 11
59.76222641365893
 21
14.2256525787161
 31
0.0
  0
LINE
  5
1BF
330
3E
100
AcDbEntity
  8
0
370
9
 60
1
100
AcDbLine
 10
60.39319826336577
 20
16.22565257871611
 30
0.0
 11
60.39319826336577
 21
14.2256525787161
 31
0.0
  0
LINE
  5
1C0
330
3E
100
AcDbEntity
  8
0
370
9
 60
1
100
AcDbLine
 10
60.39319826336577
 20
16.22565257871611
 30
0.0
 11
60.39319826336577
 21
14.2256525787161
 31
0.0
  0
LWPOLYLINE
  5
1C1
330
3E
100
AcDbEntity
  8
0
370
9
 60
1
100
AcDbPolyline
 90
4
 70
1
 10
60.5411384486506
 20
14.2256525787161
 10
60.74113844864768
 20
14.2256525787161
 10
60.74113844864768
 20
16.22565257871611
 10
60.5411384486506
 20
16.22565257871611
  0
LINE
  5
1C2
330
3E
100
AcDbEntity
  8
0
370
9
 60
1
100
AcDbLine
 10
60.64113844865642
 20
16.22565257871611
 30
0.0
 11
60.64113844865642
 21
14.2256525787161
 31
0.0
  0
LINE
  5
1C3
330
3E
100
AcDbEntity
  8
0
370
9
 60
1
100
AcDbLine
 10
60.58290884087909
 20
16.22565257871611
 30
0.0
 11
60.58290884087909
 21
14.2256525787161
 31
0.0
  0
LINE
  5
1C4
330
3E
100
AcDbEntity
  8
0
370
9
 60
1
100
AcDbLine
 10
60.70027147690416
 20
16.22565257871611
 30
0.0
 11
60.70027147690416
 21
14.2256525787161
 31
0.0
  0
LINE
  5
1C5
330
3E
100
AcDbEntity
  8
0
370
9
 60
1
100
AcDbLine
 10
60.61267531456542
 20
16.22565257871611
 30
0.0
 11
60.61267531456542
 21
14.2256525787161
 31
0.0
  0
LINE
  5
1C6
330
3E
100
AcDbEntity
  8
0
370
9
 60
1
100
AcDbLine
 10
60.669856142762
 20
16.22565257871611
 30
0.0
 11
60.669856142762
 21
14.2256525787161
 31
0.0
  0
LINE
  5
1C7
330
3E
100
AcDbEntity
  8
0
370
9
 60
1
100
AcDbLine
 10
60.72160276459181
 20
14.2256525787161
 30
0.0
 11
60.72160276459181
 21
16.22565257871611
 31
0.0
  0
LINE
  5
1C8
330
3E
100
AcDbEntity
  8
0
370
9
 60
1
100
AcDbLine
 10
60.56222641366185
 20
16.22565257871611
 30
0.0
 11
60.56222641366185
 21
14.2256525787161
 31
0.0
  0
LINE
  5
1C9
330
3E
100
AcDbEntity
  8
0
370
9
 60
1
100
AcDbLine
 10
61.19319826336869
 20
16.22565257871611
 30
0.0
 11
61.19319826336869
 21
14.2256525787161
 31
0.0
  0
LINE
  5
1CA
330
3E
100
AcDbEntity
  8
0
370
9
 60
1
100
AcDbLine
 10
61.19319826336869
 20
16.22565257871611
 30
0.0
 11
61.19319826336869
 21
14.2256525787161
 31
0.0
  0
LWPOLYLINE
  5
1CB
330
3E
100
AcDbEntity
  8
0
370
9
 60
1
100
AcDbPolyline
 90
4
 70
1
 10
61.34113844865351
 20
14.2256525787161
 10
61.5411384486506
 20
14.2256525787161
 10
61.5411384486506
 20
16.22565257871611
 10
61.34113844865351
 20
16.22565257871611
  0
LINE
  5
1CC
330
3E
100
AcDbEntity
  8
0
370
9
 60
1
100
AcDbLine
 10
61.44113844865933
 20
16.22565257871611
 30
0.0
 11
61.44113844865933
 21
14.2256525787161
 31
0.0
  0
LINE
  5
1CD
330
3E
100
AcDbEntity
  8
0
370
9
 60
1
100
AcDbLine
 10
61.38290884088201
 20
16.22565257871611
 30
0.0
 11
61.38290884088201
 21
14.2256525787161
 31
0.0
  0
LINE
  5
1CE
330
3E
100
AcDbEntity
  8
0
370
9
 60
1
100
AcDbLine
 10
61.50027147690707
 20
16.22565257871611
 30
0.0
 11
61.50027147690707
 21
14.2256525787161
 31
0.0
  0
LINE
  5
1CF
330
3E
100
AcDbEntity
  8
0
370
9
 60
1
100
AcDbLine
 10
61.41267531456833
 20
16.22565257871611
 30
0.0
 11
61.41267531456833
 21
14.2256525787161
 31
0.0
  0
LINE
  5
1D0
330
3E
100
AcDbEntity
  8
0
370
9
 60
1
100
AcDbLine
 10
61.46985614276491
 20
16.22565257871611
 30
0.0
 11
61.46985614276491
 21
14.2256525787161
 31
0.0
  0
LINE
  5
1D1
330
3E
100
AcDbEntity
  8
0
370
9
 60
1
100
AcDbLine
 10
61.52160276459472
 20
14.2256525787161
 30
0.0
 11
61.52160276459472
 21
16.22565257871611
 31
0.0
  0
LINE
  5
1D2
330
3E
100
AcDbEntity
  8
0
370
9
 60
1
100
AcDbLine
 10
61.36222641366476
 20
16.22565257871611
 30
0.0
 11
61.36222641366476
 21
14.2256525787161
 31
0.0
  0
LINE
  5
1D3
330
3E
100
AcDbEntity
  8
0
370
9
 60
1
100
AcDbLine
 10
61.99319826337159
 20
16.22565257871611
 30
0.0
 11
61.99319826337159
 21
14.2256525787161
 31
0.0
  0
LINE
  5
1D4
330
3E
100
AcDbEntity
  8
0
370
9
 60
1
100
AcDbLine
 10
61.99319826337159
 20
16.22565257871611
 30
0.0
 11
61.99319826337159
 21
14.2256525787161
 31
0.0
  0
LWPOLYLINE
  5
1D5
330
3E
100
AcDbEntity
  8
0
370
9
 60
1
100
AcDbPolyline
 90
4
 70
1
 10
62.14113844865642
 20
14.2256525787161
 10
62.34113844865351
 20
14.2256525787161
 10
62.34113844865351
 20
16.22565257871611
 10
62.14113844865642
 20
16.22565257871611
  0
LINE
  5
1D6
330
3E
100
AcDbEntity
  8
0
370
9
 60
1
100
AcDbLine
 10
62.24113844866224
 20
16.22565257871611
 30
0.0
 11
62.24113844866224
 21
14.2256525787161
 31
0.0
  0
LINE
  5
1D7
330
3E
100
AcDbEntity
  8
0
370
9
 60
1
100
AcDbLine
 10
62.18290884088492
 20
16.22565257871611
 30
0.0
 11
62.18290884088492
 21
14.2256525787161
 31
0.0
  0
LINE
  5
1D8
330
3E
100
AcDbEntity
  8
0
370
9
 60
1
100
AcDbLine
 10
62.30027147690998
 20
16.22565257871611
 30
0.0
 11
62.30027147690998
 21
14.2256525787161
 31
0.0
  0
LINE
  5
1D9
330
3E
100
AcDbEntity
  8
0
370
9
 60
1
100
AcDbLine
 10
62.21267531457124
 20
16.22565257871611
 30
0.0
 11
62.21267531457124
 21
14.2256525787161
 31
0.0
  0
LINE
  5
1DA
330
3E
100
AcDbEntity
  8
0
370
9
 60
1
100
AcDbLine
 10
62.26985614276782
 20
16.22565257871611
 30
0.0
 11
62.26985614276782
 21
14.2256525787161
 31
0.0
  0
LINE
  5
1DB
330
3E
100
AcDbEntity
  8
0
370
9
 60
1
100
AcDbLine
 10
62.32160276459763
 20
14.2256525787161
 30
0.0
 11
62.32160276459763
 21
16.22565257871611
 31
0.0
  0
LINE
  5
1DC
330
3E
100
AcDbEntity
  8
0
370
9
 60
1
100
AcDbLine
 10
62.16222641366766
 20
16.22565257871611
 30
0.0
 11
62.16222641366766
 21
14.2256525787161
 31
0.0
  0
LINE
  5
1DD
330
3E
100
AcDbEntity
  8
0
370
9
 60
1
100
AcDbLine
 10
62.79319826337451
 20
16.22565257871611
 30
0.0
 11
62.79319826337451
 21
14.2256525787161
 31
0.0
  0
LINE
  5
1DE
330
3E
100
AcDbEntity
  8
0
370
9
 60
1
100
AcDbLine
 10
62.79319826337451
 20
16.22565257871611
 30
0.0
 11
62.79319826337451
 21
14.2256525787161
 31
0.0
  0
LWPOLYLINE
  5
1DF
330
3E
100
AcDbEntity
  8
0
370
9
 60
1
100
AcDbPolyline
 90
4
 70
1
 10
62.94113844865933
 20
14.2256525787161
 10
63.14113844865642
 20
14.2256525787161
 10
63.14113844865642
 20
16.22565257871611
 10
62.94113844865933
 20
16.22565257871611
  0
LINE
  5
1E0
330
3E
100
AcDbEntity
  8
0
370
9
 60
1
100
AcDbLine
 10
63.04113844866515
 20
16.22565257871611
 30
0.0
 11
63.04113844866515
 21
14.2256525787161
 31
0.0
  0
LINE
  5
1E1
330
3E
100
AcDbEntity
  8
0
370
9
 60
1
100
AcDbLine
 10
62.98290884088783
 20
16.22565257871611
 30
0.0
 11
62.98290884088783
 21
14.2256525787161
 31
0.0
  0
LINE
  5
1E2
330
3E
100
AcDbEntity
  8
0
370
9
 60
1
100
AcDbLine
 10
63.1002714769129
 20
16.22565257871611
 30
0.0
 11
63.1002714769129
 21
14.2256525787161
 31
0.0
  0
LINE
  5
1E3
330
3E
100
AcDbEntity
  8
0
370
9
 60
1
100
AcDbLine
 10
63.01267531457416
 20
16.22565257871611
 30
0.0
 11
63.01267531457416
 21
14.2256525787161
 31
0.0
  0
LINE
  5
1E4
330
3E
100
AcDbEntity
  8
0
370
9
 60
1
100
AcDbLine
 10
63.06985614277073
 20
16.22565257871611
 30
0.0
 11
63.06985614277073
 21
14.2256525787161
 31
0.0
  0
LINE
  5
1E5
330
3E
100
AcDbEntity
  8
0
370
9
 60
1
100
AcDbLine
 10
63.12160276460054
 20
14.2256525787161
 30
0.0
 11
63.12160276460054
 21
16.22565257871611
 31
0.0
  0
LINE
  5
1E6
330
3E
100
AcDbEntity
  8
0
370
9
 60
1
100
AcDbLine
 10
62.96222641367058
 20
16.22565257871611
 30
0.0
 11
62.96222641367058
 21
14.2256525787161
 31
0.0
  0
LINE
  5
1E7
330
3E
100
AcDbEntity
  8
0
370
9
 60
1
100
AcDbLine
 10
63.59319826336286
 20
16.22565257871611
 30
0.0
 11
63.59319826336286
 21
14.2256525787161
 31
0.0
  0
LINE
  5
1E8
330
3E
100
AcDbEntity
  8
0
370
9
 60
1
100
AcDbLine
 10
63.59319826336286
 20
16.22565257871611
 30
0.0
 11
63.59319826336286
 21
14.2256525787161
 31
0.0
  0
LWPOLYLINE
  5
1E9
330
3E
100
AcDbEntity
  8
0
370
9
 60
1
100
AcDbPolyline
 90
4
 70
1
 10
63.74113844864769
 20
14.2256525787161
 10
63.94113844864477
 20
14.2256525787161
 10
63.94113844864477
 20
16.22565257871611
 10
63.74113844864769
 20
16.22565257871611
  0
LINE
  5
1EA
330
3E
100
AcDbEntity
  8
0
370
9
 60
1
100
AcDbLine
 10
63.84113844865351
 20
16.22565257871611
 30
0.0
 11
63.84113844865351
 21
14.2256525787161
 31
0.0
  0
LINE
  5
1EB
330
3E
100
AcDbEntity
  8
0
370
9
 60
1
100
AcDbLine
 10
63.78290884087618
 20
16.22565257871611
 30
0.0
 11
63.78290884087618
 21
14.2256525787161
 31
0.0
  0
LINE
  5
1EC
330
3E
100
AcDbEntity
  8
0
370
9
 60
1
100
AcDbLine
 10
63.90027147690125
 20
16.22565257871611
 30
0.0
 11
63.90027147690125
 21
14.2256525787161
 31
0.0
  0
LINE
  5
1ED
330
3E
100
AcDbEntity
  8
0
370
9
 60
1
100
AcDbLine
 10
63.81267531456251
 20
16.22565257871611
 30
0.0
 11
63.81267531456251
 21
14.2256525787161
 31
0.0
  0
LINE
  5
1EE
330
3E
100
AcDbEntity
  8
0
370
9
 60
1
100
AcDbLine
 10
63.86985614275909
 20
16.22565257871611
 30
0.0
 11
63.86985614275909
 21
14.2256525787161
 31
0.0
  0
LINE
  5
1EF
330
3E
100
AcDbEntity
  8
0
370
9
 60
1
100
AcDbLine
 10
63.9216027645889
 20
14.2256525787161
 30
0.0
 11
63.9216027645889
 21
16.22565257871611
 31
0.0
  0
LINE
  5
1F0
330
3E
100
AcDbEntity
  8
0
370
9
 60
1
100
AcDbLine
 10
63.76222641365894
 20
16.22565257871611
 30
0.0
 11
63.76222641365894
 21
14.2256525787161
 31
0.0
  0
LINE
  5
1F1
330
3E
100
AcDbEntity
  8
0
370
9
 60
1
100
AcDbLine
 10
64.39319826336578
 20
16.22565257871611
 30
0.0
 11
64.39319826336578
 21
14.2256525787161
 31
0.0
  0
LINE
  5
1F2
330
3E
100
AcDbEntity
  8
0
370
9
 60
1
100
AcDbLine
 10
64.39319826336578
 20
16.22565257871611
 30
0.0
 11
64.39319826336578
 21
14.2256525787161
 31
0.0
  0
LWPOLYLINE
  5
1F3
330
3E
100
AcDbEntity
  8
0
370
9
 60
1
100
AcDbPolyline
 90
4
 70
1
 10
64.5411384486506
 20
14.2256525787161
 10
64.74113844864769
 20
14.2256525787161
 10
64.74113844864769
 20
16.22565257871611
 10
64.5411384486506
 20
16.22565257871611
  0
LINE
  5
1F4
330
3E
100
AcDbEntity
  8
0
370
9
 60
1
100
AcDbLine
 10
64.64113844865642
 20
16.22565257871611
 30
0.0
 11
64.64113844865642
 21
14.2256525787161
 31
0.0
  0
LINE
  5
1F5
330
3E
100
AcDbEntity
  8
0
370
9
 60
1
100
AcDbLine
 10
64.5829088408791
 20
16.22565257871611
 30
0.0
 11
64.5829088408791
 21
14.2256525787161
 31
0.0
  0
LINE
  5
1F6
330
3E
100
AcDbEntity
  8
0
370
9
 60
1
100
AcDbLine
 10
64.70027147690416
 20
16.22565257871611
 30
0.0
 11
64.70027147690416
 21
14.2256525787161
 31
0.0
  0
LINE
  5
1F7
330
3E
100
AcDbEntity
  8
0
370
9
 60
1
100
AcDbLine
 10
64.61267531456542
 20
16.22565257871611
 30
0.0
 11
64.61267531456542
 21
14.2256525787161
 31
0.0
  0
LINE
  5
1F8
330
3E
100
AcDbEntity
  8
0
370
9
 60
1
100
AcDbLine
 10
64.669856142762
 20
16.22565257871611
 30
0.0
 11
64.669856142762
 21
14.2256525787161
 31
0.0
  0
LINE
  5
1F9
330
3E
100
AcDbEntity
  8
0
370
9
 60
1
100
AcDbLine
 10
64.72160276459181
 20
14.2256525787161
 30
0.0
 11
64.72160276459181
 21
16.22565257871611
 31
0.0
  0
LINE
  5
1FA
330
3E
100
AcDbEntity
  8
0
370
9
 60
1
100
AcDbLine
 10
64.56222641366185
 20
16.22565257871611
 30
0.0
 11
64.56222641366185
 21
14.2256525787161
 31
0.0
  0
MTEXT
  5
1FB
330
3E
100
AcDbEntity
  8
0
 60
1
100
AcDbMText
 10
36.28923595680681
 20
23.20375092211179
 30
0.0
 40
1.799999999999999
 41
72.26130461352147
 46
17.49999999974773
 71
5
 72
5
  1
S1-S2: 250/5A
  7
THIÊN1
  0
MTEXT
  5
1FC
330
3E
100
AcDbEntity
  8
0
 60
1
100
AcDbMText
 10
36.28923595680681
 20
19.30132661064999
 30
0.0
 40
1.799999999999999
 41
72.26130461352147
 46
17.49999999974773
 71
5
 72
5
  1
S: 5A
  7
THIÊN1
  0
MTEXT
  5
1FD
330
3E
100
AcDbEntity
  8
0
 60
1
100
AcDbMText
 10
52.43864288274199
 20
19.30132661064999
 30
0.0
 40
1.799999999999999
 41
72.26130461352147
 46
17.49999999974773
 71
5
 72
5
  1
Cấp 0,5
  7
THIÊN1
  0
MTEXT
  5
1FE
330
3E
100
AcDbEntity
  8
0
 60
1
100
AcDbMText
 10
52.43864288274199
 20
23.33968557941262
 30
0.0
 40
1.799999999999999
 41
72.26130461352147
 46
17.49999999974773
 71
5
 72
5
  1
600V
  7
THIÊN1
  0
MTEXT
  5
1FF
330
3E
100
AcDbEntity
  8
0
 60
1
100
AcDbMText
 10
64.72154967614915
 20
23.33968557941262
 30
0.0
 40
1.799999999999999
 41
72.26130461352147
 46
17.49999999974773
 71
5
 72
5
  1
50Hz
  7
THIÊN1
  0
MTEXT
  5
200
330
3E
100
AcDbEntity
  8
0
 60
1
100
AcDbMText
 10
64.72154967614915
 20
19.30132661064999
 30
0.0
 40
1.799999999999999
 41
72.26130461352147
 46
17.49999999974773
 71
5
 72
5
  1
2021
  7
THIÊN1
  0
MTEXT
  5
201
330
3E
100
AcDbEntity
  8
0
 62
1
 60
1
100
AcDbMText
 10
88.107618417489
 20
56.76054475205456
 30
0.0
 40
6.0
 41
240.871015378405
 46
17.49999999974773
 71
5
 72
5
  1
P1
  7
THIÊN1
  0
LINE
  5
202
330
3E
100
AcDbEntity
  8
0
 62
1
370
9
 60
1
100
AcDbLine
 10
85.00000000001454
 20
108.0
 30
0.0
 11
85.00000000001454
 21
88.18695387885965
 31
0.0
  0
LINE
  5
203
330
3E
100
AcDbEntity
  8
0
 62
1
370
9
 60
1
100
AcDbLine
 10
25.00000000001455
 20
108.0
 30
0.0
 11
25.00000000001455
 21
88.18695387885965
 31
0.0
  0
LWPOLYLINE
  5
204
330
3E
100
AcDbEntity
  8
0
 60
1
100
AcDbPolyline
 90
4
 70
0
 10
84.48854253221361
 20
12.21641381472727
 10
86.08854253221944
 20
12.21641381472727
 10
86.08854253221944
 20
12.05641381472378
 10
84.32854253222467
 20
12.05641381472378
  0
LWPOLYLINE
  5
205
330
3E
100
AcDbEntity
  8
0
 60
1
100
AcDbPolyline
 90
4
 70
0
 10
79.04854253221129
 20
12.05641381472378
 10
77.28854253221652
 20
12.05641381472378
 10
77.28854253221652
 20
12.21641381472727
 10
78.88854253222235
 20
12.21641381472727
  0
LINE
  5
206
330
3E
100
AcDbEntity
  8
0
 60
1
100
AcDbLine
 10
84.48854253221361
 20
12.21641381472727
 30
0.0
 11
84.48854253221361
 21
12.61641381472873
 31
0.0
  0
LINE
  5
207
330
3E
100
AcDbEntity
  8
0
 60
1
100
AcDbLine
 10
84.32854253222467
 20
12.05641381472378
 30
0.0
 11
84.32854253222467
 21
12.45641381472524
 31
0.0
  0
LINE
  5
208
330
3E
100
AcDbEntity
  8
0
 60
1
100
AcDbLine
 10
78.88854253222235
 20
12.21641381472727
 30
0.0
 11
78.88854253222235
 21
12.61641381472873
 31
0.0
  0
LINE
  5
209
330
3E
100
AcDbEntity
  8
0
 60
1
100
AcDbLine
 10
79.04854253221129
 20
12.05641381472378
 30
0.0
 11
79.04854253221129
 21
12.45641381472524
 31
0.0
  0
LINE
  5
20A
330
3E
100
AcDbEntity
  8
0
 60
1
100
AcDbLine
 10
79.04854253221129
 20
12.45641381472524
 30
0.0
 11
84.32854253222467
 21
12.45641381472524
 31
0.0
  0
CIRCLE
  5
20B
330
3E
100
AcDbEntity
  8
0
 60
1
100
AcDbCircle
 10
81.6885425322107
 20
16.53641381472698
 30
0.0
 40
1.52
  0
ARC
  5
20C
330
3E
100
AcDbEntity
  8
0
 60
1
100
AcDbCircle
 10
81.6885425322107
 20
16.53641381472698
 30
0.0
 40
3.52
100
AcDbArc
 50
348.5926148324158
 51
191.4073851675841
  0
LINE
  5
20D
330
3E
100
AcDbEntity
  8
0
 60
1
100
AcDbLine
 10
84.48854253221361
 20
12.61641381472873
 30
0.0
 11
85.13900735868081
 21
15.84021522138209
 31
0.0
  0
LINE
  5
20E
330
3E
100
AcDbEntity
  8
0
 60
1
100
AcDbLine
 10
78.88854253222235
 20
12.61641381472873
 30
0.0
 11
78.23807770575513
 21
15.84021522138209
 31
0.0
  0
MTEXT
  5
20F
330
3E
100
AcDbEntity
  8
0
 60
1
100
AcDbMText
 10
81.6424036292301
 20
18.92959067875927
 30
0.0
 40
0.4800000000000001
 41
19.2696812302724
 46
17.49999999974773
 71
5
 72
5
  1
P1
  7
THIÊN1
  0
LINE
  5
210
330
3E
100
AcDbEntity
  8
0
 60
1
100
AcDbLine
 10
78.88854253222235
 20
12.61641381472873
 30
0.0
 11
84.48854253221361
 21
12.61641381472873
 31
0.0
  0
LINE
  5
211
330
3E
100
AcDbEntity
  8
0
 60
1
100
AcDbLine
 10
78.27521818492096
 20
20.33049527688854
 30
0.0
 11
79.37675167592533
 21
19.19084841305448
 31
0.0
  0
LINE
  5
212
330
3E
100
AcDbEntity
  8
0
 60
1
100
AcDbLine
 10
80.7710678614676
 20
17.74828848998004
 30
0.0
 11
85.44610622065375
 21
12.91149247076828
 31
0.0
  0
LINE
  5
213
330
3E
100
AcDbEntity
  8
0
 60
1
100
AcDbLine
 10
78.05485413598944
 20
20.55848398474336
 30
0.0
 11
78.43281535498681
 21
20.50535095309897
 31
0.0
  0
LINE
  5
214
330
3E
100
AcDbEntity
  8
0
 60
1
100
AcDbLine
 10
78.43281535498681
 20
20.50535095309897
 30
0.0
 11
78.27521818492096
 21
20.33049527690309
 31
0.0
  0
LINE
  5
215
330
3E
100
AcDbEntity
  8
0
 60
1
100
AcDbLine
 10
78.05485413598944
 20
20.55848398475064
 30
0.0
 11
78.09510499118187
 21
20.17893468522379
 31
0.0
  0
LINE
  5
216
330
3E
100
AcDbEntity
  8
0
 60
1
100
AcDbLine
 10
78.09510499118187
 20
20.17893468522379
 30
0.0
 11
78.27521818492096
 21
20.33049527691037
 31
0.0
  0
CIRCLE
  5
217
330
3E
100
AcDbEntity
  8
0
 60
1
100
AcDbCircle
 10
85.5573032254324
 20
12.79644801792165
 30
0.0
 40
0.16
  0
MTEXT
  5
218
330
3E
100
AcDbEntity
  8
0
 60
1
100
AcDbMText
 10
81.56704341075965
 20
9.550583780852321
 30
0.0
 40
1.199999999999999
 41
72.26130461352147
 46
17.49999999974773
 71
5
 72
5
  1
\pi-3.6,l3.6,t3.6;W =1
  7
THIÊN1
  0
MTEXT
  5
219
330
3E
100
AcDbEntity
  8
0
 60
1
100
AcDbMText
 10
81.30952691494895
 20
9.037964663693854
 30
0.0
 40
0.36
 41
21.67839138405645
 46
17.49999999974773
 71
5
 72
5
  1
1
  7
THIÊN1
  0
LWPOLYLINE
  5
21A
330
3E
100
AcDbEntity
  8
0
 62
1
370
9
 60
1
100
AcDbPolyline
 90
6
 70
0
 10
90.90982856461778
 20
11.50924706015212
 10
92.4559514370194
 20
11.50924706015212
 42
0.4142135623730951
 10
93.4559514370194
 20
12.50924706015212
 10
93.45595143700483
 20
12.83283335736632
 42
0.4142135623730951
 10
92.45595143700484
 20
13.83283335736632
 10
91.37865743058501
 20
13.83283335736632
  0
CIRCLE
  5
21B
330
3E
100
AcDbEntity
  8
0
 62
1
370
9
 60
1
100
AcDbCircle
 10
92.27064558841812
 20
12.67104020876286
 30
0.0
 40
0.5
  0
LWPOLYLINE
  5
21C
330
3E
100
AcDbEntity
  8
0
 62
1
 60
1
100
AcDbPolyline
 90
4
 70
1
 10
11.00000000001456
 20
118.5
 10
99.00000000001455
 20
118.5
 10
99.00000000001455
 20
70.5
 10
11.00000000001456
 20
70.5
  0
LINE
  5
21D
330
3E
100
AcDbEntity
  8
0
  6
ASVLTYPE
 62
1
 48
10.0
 60
1
100
AcDbLine
 10
36.00000000001455
 20
118.5
 30
0.0
 11
36.00000000001455
 21
70.5
 31
0.0
  0
LINE
  5
21E
330
3E
100
AcDbEntity
  8
0
  6
ASVLTYPE
 62
1
 48
10.0
 60
1
100
AcDbLine
 10
74.00000000001455
 20
118.5
 30
0.0
 11
74.00000000001455
 21
70.5
 31
0.0
  0
LWPOLYLINE
  5
21F
330
3E
100
AcDbEntity
  8
0
 60
1
100
AcDbPolyline
 90
8
 70
1
 10
26.00000000001455
 20
110.5
 10
84.00000000001455
 20
110.5
 42
-0.4142135623730951
 10
85.00000000001454
 20
109.5
 10
85.00000000001454
 20
79.5
 42
-0.4142135623730951
 10
84.00000000001455
 20
78.5
 10
26.00000000001455
 20
78.5
 42
-0.4142135623730951
 10
25.00000000001455
 20
79.5
 10
25.00000000001455
 20
109.5
 42
-0.4142135623730951
  0
LINE
  5
220
330
3E
100
AcDbEntity
  8
0
 60
1
100
AcDbLine
 10
65.50000000001455
 20
110.5
 30
0.0
 11
65.50000000001455
 21
78.5
 31
0.0
  0
LINE
  5
221
330
3E
100
AcDbEntity
  8
0
 60
1
100
AcDbLine
 10
44.50000000001455
 20
110.5
 30
0.0
 11
44.50000000001455
 21
78.5
 31
0.0
  0
CIRCLE
  5
222
330
3E
100
AcDbEntity
  8
0
 60
1
100
AcDbCircle
 10
55.00000000001455
 20
94.50000000000001
 30
0.0
 40
2.5
  0
LINE
  5
223
330
3E
100
AcDbEntity
  8
0
 60
1
100
AcDbLine
 10
54.50000000001455
 20
96.94948974278668
 30
0.0
 11
54.5
 21
92.0505102572206
 31
0.0
  0
LINE
  5
224
330
3E
100
AcDbEntity
  8
0
 60
1
100
AcDbLine
 10
55.50000000001455
 20
96.94948974278668
 30
0.0
 11
55.50000000001455
 21
92.0505102572133
 31
0.0
  0
LWPOLYLINE
  5
225
330
3E
100
AcDbEntity
  8
0
 62
54
 60
1
100
AcDbPolyline
 90
8
 70
0
 10
110.0000000000145
 20
90.5
 10
110.0000000000291
 20
71.5
 42
-0.4142135623730951
 10
109.0000000000291
 20
70.5
 10
99.00000000001455
 20
70.5
 10
99.00000000001455
 20
118.5
 10
109.0000000000291
 20
118.5
 42
-0.4142135623730951
 10
110.0000000000291
 20
117.5
 10
110.0000000000145
 20
98.50000000000001
  0
LWPOLYLINE
  5
226
330
3E
100
AcDbEntity
  8
0
 62
54
 60
1
100
AcDbPolyline
 90
8
 70
0
 10
1.4559e-11
 20
90.5
 10
2.91109e-11
 20
71.5
 42
0.4142135623730951
 10
1.00000000002911
 20
70.5
 10
11.00000000001456
 20
70.5
 10
11.00000000001456
 20
118.5
 10
1.00000000002911
 20
118.5
 42
0.4142135623730951
 10
2.91109e-11
 20
117.5
 10
1.4559e-11
 20
98.50000000000001
  0
LINE
  5
227
330
3E
100
AcDbEntity
  8
0
 62
54
 60
1
100
AcDbLine
 10
110.0000000000145
 20
98.50000000000001
 30
0.0
 11
99.00000000001455
 21
98.50000000000001
 31
0.0
  0
LINE
  5
228
330
3E
100
AcDbEntity
  8
0
 62
54
 60
1
100
AcDbLine
 10
110.0000000000145
 20
90.5
 30
0.0
 11
99.00000000001455
 21
90.5
 31
0.0
  0
LINE
  5
229
330
3E
100
AcDbEntity
  8
0
 62
54
 60
1
100
AcDbLine
 10
1.4559e-11
 20
98.50000000000001
 30
0.0
 11
11.00000000001456
 21
98.50000000000001
 31
0.0
  0
LINE
  5
22A
330
3E
100
AcDbEntity
  8
0
 62
54
 60
1
100
AcDbLine
 10
1.4559e-11
 20
90.5
 30
0.0
 11
11.00000000001456
 21
90.5
 31
0.0
  0
LWPOLYLINE
  5
22B
330
3E
100
AcDbEntity
  8
0
 62
8
 60
1
100
AcDbPolyline
 90
4
 70
1
 10
85.98806977196364
 20
70.50000000000728
 10
85.98806977196364
 20
65.50000000000728
 10
81.98806977196364
 20
65.50000000000728
 10
81.98806977196364
 20
70.50000000000728
  0
MTEXT
  5
22C
330
3E
100
AcDbEntity
  8
0
 62
1
 60
1
100
AcDbMText
 10
55.00000388533226
 20
94.58554803556035
 30
0.0
 40
3.0
 41
120.4355076892025
 46
17.49999999974773
 71
5
 72
5
  1
50~250A\P\P\P\PEMIC
  7
THIÊN1
  0
LINE
  5
22D
330
3E
100
AcDbEntity
  8
0
370
9
 60
1
100
AcDbLine
 10
44.50000000001455
 20
99.72445872690152
 30
0.0
 11
65.50000000001455
 21
99.72445872690152
 31
0.0
  0
LINE
  5
22E
330
3E
100
AcDbEntity
  8
0
370
9
 60
1
100
AcDbLine
 10
44.50000000001455
 20
89.27554127309122
 30
0.0
 11
65.50000000001455
 21
89.27554127309122
 31
0.0
  0
LWPOLYLINE
  5
22F
330
3E
100
AcDbEntity
  8
0
 62
1
100
AcDbPolyline
 90
4
 70
0
 10
101.9999979471758
 20
78.49999999999997
 10
101.9999979471758
 20
71.49999999999997
 42
-0.4142135623730951
 10
100.9999979471758
 20
70.49999999999997
 10
9.000002052853217
 20
70.5
  0
LWPOLYLINE
  5
230
330
3E
100
AcDbEntity
  8
0
 62
1
100
AcDbPolyline
 90
4
 70
0
 10
9.000002052853233
 20
118.5
 10
100.9999979471758
 20
118.5
 42
-0.4142135623730951
 10
101.9999979471758
 20
117.5
 10
101.9999979471758
 20
110.4999999999999
  0
LINE
  5
231
330
3E
100
AcDbEntity
  8
0
 62
54
100
AcDbLine
 10
4.000002052853233
 20
118.5
 30
0.0
 11
4.000002052853218
 21
70.5
 31
0.0
  0
LINE
  5
232
330
3E
100
AcDbEntity
  8
0
  6
ASVLTYPE
 62
1
 48
10.0
100
AcDbLine
 10
38.99999794717587
 20
118.5
 30
0.0
 11
38.99999794717587
 21
70.5
 31
0.0
  0
LINE
  5
233
330
3E
100
AcDbEntity
  8
0
  6
ASVLTYPE
 62
1
 48
10.0
100
AcDbLine
 10
76.99999794717587
 20
118.5
 30
0.0
 11
76.99999794717584
 21
70.49999999999997
 31
0.0
  0
LWPOLYLINE
  5
234
330
3E
100
AcDbEntity
  8
0
 62
1
100
AcDbPolyline
 90
4
 70
0
 10
110.0000108951499
 20
78.49999999999997
 10
90.1869518260064
 20
78.49999999999997
 10
90.1869518260064
 20
110.4999999999999
 10
110.0000108951499
 20
110.4999999999999
  0
LINE
  5
235
330
3E
100
AcDbEntity
  8
0
370
9
100
AcDbLine
 10
110.0000108951499
 20
78.49999999999997
 30
0.0
 11
110.0000108951499
 21
110.4999999999999
 31
0.0
  0
LWPOLYLINE
  5
236
330
3E
100
AcDbEntity
  8
0
370
9
100
AcDbPolyline
 90
6
 70
1
 10
110.0000108951935
 20
98.99999999999999
 10
110.0000108951935
 20
89.99999999999999
 10
114.5000108951935
 20
89.99999999999999
 42
0.4142135623730951
 10
119.0000108951935
 20
94.49999999999997
 10
119.0000108951935
 20
94.49999999999997
 42
0.4142135623730951
 10
114.5000108951935
 20
98.99999999999999
  0
LINE
  5
237
330
3E
100
AcDbEntity
  8
0
370
9
100
AcDbLine
 10
110.0000108951499
 20
110.4999999999999
 30
0.0
 11
120.9999979471758
 21
110.4999999999999
 31
0.0
  0
ARC
  5
238
330
3E
100
AcDbEntity
  8
0
370
9
100
AcDbCircle
 10
120.9999979471758
 20
109.4999999999999
 30
0.0
 40
1.0
100
AcDbArc
 50
0.0
 51
90.0
  0
LINE
  5
239
330
3E
100
AcDbEntity
  8
0
370
9
100
AcDbLine
 10
120.9999979471758
 20
78.49999999999997
 30
0.0
 11
110.0000108951499
 21
78.49999999999997
 31
0.0
  0
ARC
  5
23A
330
3E
100
AcDbEntity
  8
0
370
9
100
AcDbCircle
 10
120.9999979471758
 20
79.49999999999997
 30
0.0
 40
1.0
100
AcDbArc
 50
270.0
 51
0.0
  0
LINE
  5
23B
330
3E
100
AcDbEntity
  8
0
370
9
100
AcDbLine
 10
121.9999979471758
 20
109.4999999999999
 30
0.0
 11
121.9999979471758
 21
79.49999999999997
 31
0.0
  0
MTEXT
  5
23C
330
3E
100
AcDbEntity
  8
0
 62
1
100
AcDbMText
 10
100.6538161327189
 20
94.42229895971829
 30
0.0
 40
3.0
 41
120.4355076892025
 46
17.49999999974773
 71
5
 72
5
  1
50~250A\PEMIC
  7
THIÊN1
 11
-2e-16
 21
-1.0
 31
0.0
  0
LWPOLYLINE
  5
23D
330
3E
100
AcDbEntity
  8
0
 62
54
100
AcDbPolyline
 90
4
 70
1
 10
9.000002052853233
 20
118.5
 10
9.000002052853217
 20
70.5
 10
2.000002052853218
 20
70.5
 10
2.000002052853233
 20
118.5
  0
LWPOLYLINE
  5
23E
330
3E
100
AcDbEntity
  8
0
 62
1
100
AcDbPolyline
 90
4
 70
1
 10
27.7475056055773
 20
118.5
 10
27.7475056055773
 20
123.5
 10
23.7475056055773
 20
123.5
 10
23.7475056055773
 20
118.5
  0
MTEXT
  5
23F
330
3E
100
AcDbEntity
  8
0
 60
1
100
AcDbMText
 10
46.92670134227351
 20
12.2663020711639
 30
0.0
 40
1.799999999999999
 41
72.26130461352147
 46
17.49999999974773
 71
5
 72
5
  1
Số: 2122126868
  7
THIÊN1
  0
ENDBLK
  5
40
330
3E
100
AcDbEntity
  8
0
100
AcDbBlockEnd
  0
BLOCK
  5
241
330
240
100
AcDbEntity
  8
0
100
AcDbBlockBegin
  2
*U407
 70
1
 10
0.0
 20
0.0
 30
0.0
  3
*U407
  1

  0
LINE
  5
243
330
240
100
AcDbEntity
  8
0
 62
54
100
AcDbLine
 10
44.99941624220809
 20
-82.16190121366526
 30
0.0
 11
44.99941624220809
 21
-94.69896462802717
 31
0.0
  0
LINE
  5
244
330
240
100
AcDbEntity
  8
0
 62
54
100
AcDbLine
 10
-45.0005837577919
 20
-82.16190121366526
 30
0.0
 11
-45.0005837577919
 21
-94.69896462802717
 31
0.0
  0
LWPOLYLINE
  5
245
330
240
100
AcDbEntity
  8
0
 62
54
100
AcDbPolyline
 90
4
 70
0
 10
35.0
 20
-88.0
 10
55.0
 20
-88.0
 10
55.0
 20
-90.0
 10
33.0
 20
-90.0
  0
LWPOLYLINE
  5
246
330
240
100
AcDbEntity
  8
0
 62
54
100
AcDbPolyline
 90
4
 70
0
 10
-33.0
 20
-90.0
 10
-55.0
 20
-90.0
 10
-55.0
 20
-88.0
 10
-35.0
 20
-88.0
  0
LINE
  5
247
330
240
100
AcDbEntity
  8
0
 62
54
100
AcDbLine
 10
35.0
 20
-88.0
 30
0.0
 11
35.0
 21
-83.0
 31
0.0
  0
LINE
  5
248
330
240
100
AcDbEntity
  8
0
 62
54
100
AcDbLine
 10
33.0
 20
-90.0
 30
0.0
 11
33.0
 21
-84.99999999999272
 31
0.0
  0
LINE
  5
249
330
240
100
AcDbEntity
  8
0
 62
54
100
AcDbLine
 10
-35.0
 20
-88.0
 30
0.0
 11
-35.0
 21
-83.0
 31
0.0
  0
LINE
  5
24A
330
240
100
AcDbEntity
  8
0
 62
54
100
AcDbLine
 10
-33.0
 20
-90.0
 30
0.0
 11
-33.0
 21
-84.99999999999272
 31
0.0
  0
LINE
  5
24B
330
240
100
AcDbEntity
  8
0
 62
85
100
AcDbLine
 10
-35.0
 20
-83.0
 30
0.0
 11
35.0
 21
-83.0
 31
0.0
  0
LINE
  5
24C
330
240
100
AcDbEntity
  8
0
 62
54
100
AcDbLine
 10
-33.0
 20
-84.99999999999272
 30
0.0
 11
33.0
 21
-85.0
 31
0.0
  0
CIRCLE
  5
24D
330
240
100
AcDbEntity
  8
0
 62
1
370
9
100
AcDbCircle
 10
0.0
 20
-25.0
 30
0.0
 40
25.0
  0
ARC
  5
24E
330
240
100
AcDbEntity
  8
0
 62
1
370
9
100
AcDbCircle
 10
0.0
 20
-25.0
 30
0.0
 40
50.0
100
AcDbArc
 50
343.5396040511261
 51
196.4603959488739
  0
LINE
  5
24F
330
240
100
AcDbEntity
  8
0
 62
1
370
9
100
AcDbLine
 10
-29.99999999998545
 20
15.81304612112581
 30
0.0
 11
-30.0
 21
34.81304612111853
 31
0.0
  0
LINE
  5
250
330
240
100
AcDbEntity
  8
0
 62
85
100
AcDbLine
 10
-8.999999999985448
 20
41.81304612111126
 30
0.0
 11
9.000000000029104
 21
41.81304612111853
 31
0.0
  0
LINE
  5
251
330
240
100
AcDbEntity
  8
0
 62
85
100
AcDbLine
 10
-10.0499999999738
 20
45.31304612111125
 30
0.0
 11
10.05000000003201
 21
45.3130461211258
 31
0.0
  0
LINE
  5
252
330
240
100
AcDbEntity
  8
0
 62
1
370
9
100
AcDbLine
 10
30.00000000004366
 20
34.81304612111853
 30
0.0
 11
30.00000000005821
 21
15.8130461210967
 31
0.0
  0
LINE
  5
253
330
240
100
AcDbEntity
  8
0
 62
85
100
AcDbLine
 10
9.000000000029104
 20
41.81304612111853
 30
0.0
 11
10.5000000000291
 21
46.81304612111853
 31
0.0
  0
LINE
  5
254
330
240
100
AcDbEntity
  8
0
 62
85
100
AcDbLine
 10
-8.999999999970896
 20
41.81304612111853
 30
0.0
 11
-10.49999999997089
 21
46.81304612111853
 31
0.0
  0
LINE
  5
255
330
240
100
AcDbEntity
  8
0
 62
1
370
9
100
AcDbLine
 10
35.0
 20
-83.0
 30
0.0
 11
47.95079115961562
 21
-39.16762602436938
 31
0.0
  0
LINE
  5
256
330
240
100
AcDbEntity
  8
0
 62
1
370
9
100
AcDbLine
 10
-35.0
 20
-83.0
 30
0.0
 11
-47.95079115961562
 21
-39.16762602436938
 31
0.0
  0
LINE
  5
257
330
240
100
AcDbEntity
  8
0
 62
85
100
AcDbLine
 10
-35.0
 20
-83.0
 30
0.0
 11
35.0
 21
-83.0
 31
0.0
  0
MTEXT
  5
258
330
240
100
AcDbEntity
  8
0
100
AcDbMText
 10
-21.47661286914081
 20
-61.43140998248418
 30
0.0
 40
3.0
 41
120.4355076892025
 46
17.49999999974773
 71
5
 72
5
  1
GELEC {\H0.6667x;EMIC}
  7
THIÊN1
  0
CIRCLE
  5
259
330
240
100
AcDbEntity
  8
0
100
AcDbCircle
 10
28.98806977196364
 20
-66.25250528957258
 30
0.0
 40
2.0
  0
LINE
  5
25A
330
240
100
AcDbEntity
  8
0
100
AcDbLine
 10
30.98806977196364
 20
-66.25250528957258
 30
0.0
 11
26.98806977196364
 21
-66.25250528957258
 31
0.0
  0
LWPOLYLINE
  5
25B
330
240
100
AcDbEntity
  8
0
 62
251
370
9
100
AcDbPolyline
 90
4
 70
1
 10
-35.0
 20
-83.0
 10
35.0
 20
-83.0
 10
35.0
 20
-58.0
 10
-35.0
 20
-58.0
  0
LWPOLYLINE
  5
25C
330
240
100
AcDbEntity
  8
0
 62
251
370
9
100
AcDbPolyline
 90
8
 70
1
 10
-33.5
 20
-82.5
 10
33.5
 20
-82.5
 42
0.4142135623732804
 10
34.5
 20
-81.5
 10
34.49999999998545
 20
-59.5
 42
0.4142135623730951
 10
33.49999999998545
 20
-58.5
 10
-33.50000000001455
 20
-58.5
 42
0.4142135623730951
 10
-34.50000000001455
 20
-59.5
 10
-34.5
 20
-81.5
 42
0.4142135623729098
  0
MTEXT
  5
25D
330
240
100
AcDbEntity
  8
0
100
AcDbMText
 10
20.47270263094106
 20
-62.17730070737161
 30
0.0
 40
1.199999999999999
 41
72.26130461352147
 46
17.49999999974773
 71
5
 72
5
  1
BIẾN DÒNG HẠ THẾ -CT0.6
  7
THIÊN1
  0
LWPOLYLINE
  5
25E
330
240
100
AcDbEntity
  8
0
 62
251
370
9
100
AcDbPolyline
 90
4
 70
1
 10
-28.23579229961615
 20
-79.7209862895761
 10
15.83241464944149
 20
-79.7209862895761
 10
15.83241464944149
 20
-64.92307904514018
 10
-28.23579229961615
 20
-64.92307904514018
  0
MTEXT
  5
25F
330
240
100
AcDbEntity
  8
0
100
AcDbMText
 10
-5.191938813790329
 20
-81.14752467168726
 30
0.0
 40
0.9
 41
54.19597846014112
 46
17.49999999974773
 71
5
 72
5
  1
Sản xuất tại Công ty cổ phần Thiết bị điện GELEX
  7
THIÊN1
  0
LINE
  5
260
330
240
100
AcDbEntity
  8
0
 62
251
370
9
100
AcDbLine
 10
-28.23579229961615
 20
-72.32203266736178
 30
0.0
 11
15.83241464944149
 21
-72.32203266736178
 31
0.0
  0
LINE
  5
261
330
240
100
AcDbEntity
  8
0
 62
251
370
9
100
AcDbLine
 10
-28.23579229961615
 20
-68.9614380139028
 30
0.0
 11
15.83241464944149
 21
-68.9614380139028
 31
0.0
  0
LINE
  5
262
330
240
100
AcDbEntity
  8
0
 62
251
370
9
100
AcDbLine
 10
-8.134662946264143
 20
-64.92307904514018
 30
0.0
 11
-8.134662946264143
 21
-72.32203266736178
 31
0.0
  0
LINE
  5
263
330
240
100
AcDbEntity
  8
0
 62
251
370
9
100
AcDbLine
 10
3.848875851588672
 20
-64.92307904514018
 30
0.0
 11
3.848875851588672
 21
-72.32203266736178
 31
0.0
  0
LINE
  5
264
330
240
100
AcDbEntity
  8
0
370
9
100
AcDbLine
 10
-21.80680173663132
 20
-73.77434742128389
 30
0.0
 11
-21.80680173663132
 21
-75.77434742128389
 31
0.0
  0
LINE
  5
265
330
240
100
AcDbEntity
  8
0
370
9
100
AcDbLine
 10
-21.80680173663132
 20
-73.77434742128389
 30
0.0
 11
-21.80680173663132
 21
-75.77434742128389
 31
0.0
  0
LWPOLYLINE
  5
266
330
240
100
AcDbEntity
  8
0
370
9
100
AcDbPolyline
 90
4
 70
1
 10
-21.65886155134649
 20
-75.77434742128389
 10
-21.4588615513494
 20
-75.77434742128389
 10
-21.4588615513494
 20
-73.77434742128389
 10
-21.65886155134649
 20
-73.77434742128389
  0
LINE
  5
267
330
240
100
AcDbEntity
  8
0
370
9
100
AcDbLine
 10
-21.55886155134067
 20
-73.77434742128389
 30
0.0
 11
-21.55886155134067
 21
-75.77434742128389
 31
0.0
  0
LINE
  5
268
330
240
100
AcDbEntity
  8
0
370
9
100
AcDbLine
 10
-21.61709115911799
 20
-73.77434742128389
 30
0.0
 11
-21.61709115911799
 21
-75.77434742128389
 31
0.0
  0
LINE
  5
269
330
240
100
AcDbEntity
  8
0
370
9
100
AcDbLine
 10
-21.49972852309293
 20
-73.77434742128389
 30
0.0
 11
-21.49972852309293
 21
-75.77434742128389
 31
0.0
  0
LINE
  5
26A
330
240
100
AcDbEntity
  8
0
370
9
100
AcDbLine
 10
-21.58732468543167
 20
-73.77434742128389
 30
0.0
 11
-21.58732468543167
 21
-75.77434742128389
 31
0.0
  0
LINE
  5
26B
330
240
100
AcDbEntity
  8
0
370
9
100
AcDbLine
 10
-21.53014385723509
 20
-73.77434742128389
 30
0.0
 11
-21.53014385723509
 21
-75.77434742128389
 31
0.0
  0
LINE
  5
26C
330
240
100
AcDbEntity
  8
0
370
9
100
AcDbLine
 10
-21.47839723540528
 20
-75.77434742128389
 30
0.0
 11
-21.47839723540528
 21
-73.77434742128389
 31
0.0
  0
LINE
  5
26D
330
240
100
AcDbEntity
  8
0
370
9
100
AcDbLine
 10
-21.63777358633524
 20
-73.77434742128389
 30
0.0
 11
-21.63777358633524
 21
-75.77434742128389
 31
0.0
  0
LINE
  5
26E
330
240
100
AcDbEntity
  8
0
370
9
100
AcDbLine
 10
-21.00680173662841
 20
-73.77434742128389
 30
0.0
 11
-21.00680173662841
 21
-75.77434742128389
 31
0.0
  0
LINE
  5
26F
330
240
100
AcDbEntity
  8
0
370
9
100
AcDbLine
 10
-21.00680173662841
 20
-73.77434742128389
 30
0.0
 11
-21.00680173662841
 21
-75.77434742128389
 31
0.0
  0
LWPOLYLINE
  5
270
330
240
100
AcDbEntity
  8
0
370
9
100
AcDbPolyline
 90
4
 70
1
 10
-20.85886155134358
 20
-75.77434742128389
 10
-20.65886155134649
 20
-75.77434742128389
 10
-20.65886155134649
 20
-73.77434742128389
 10
-20.85886155134358
 20
-73.77434742128389
  0
LINE
  5
271
330
240
100
AcDbEntity
  8
0
370
9
100
AcDbLine
 10
-20.75886155133776
 20
-73.77434742128389
 30
0.0
 11
-20.75886155133776
 21
-75.77434742128389
 31
0.0
  0
LINE
  5
272
330
240
100
AcDbEntity
  8
0
370
9
100
AcDbLine
 10
-20.81709115911508
 20
-73.77434742128389
 30
0.0
 11
-20.81709115911508
 21
-75.77434742128389
 31
0.0
  0
LINE
  5
273
330
240
100
AcDbEntity
  8
0
370
9
100
AcDbLine
 10
-20.69972852309001
 20
-73.77434742128389
 30
0.0
 11
-20.69972852309001
 21
-75.77434742128389
 31
0.0
  0
LINE
  5
274
330
240
100
AcDbEntity
  8
0
370
9
100
AcDbLine
 10
-20.78732468542876
 20
-73.77434742128389
 30
0.0
 11
-20.78732468542876
 21
-75.77434742128389
 31
0.0
  0
LINE
  5
275
330
240
100
AcDbEntity
  8
0
370
9
100
AcDbLine
 10
-20.73014385723218
 20
-73.77434742128389
 30
0.0
 11
-20.73014385723218
 21
-75.77434742128389
 31
0.0
  0
LINE
  5
276
330
240
100
AcDbEntity
  8
0
370
9
100
AcDbLine
 10
-20.67839723540237
 20
-75.77434742128389
 30
0.0
 11
-20.67839723540237
 21
-73.77434742128389
 31
0.0
  0
LINE
  5
277
330
240
100
AcDbEntity
  8
0
370
9
100
AcDbLine
 10
-20.83777358633233
 20
-73.77434742128389
 30
0.0
 11
-20.83777358633233
 21
-75.77434742128389
 31
0.0
  0
LINE
  5
278
330
240
100
AcDbEntity
  8
0
370
9
100
AcDbLine
 10
-20.20680173662549
 20
-73.77434742128389
 30
0.0
 11
-20.20680173662549
 21
-75.77434742128389
 31
0.0
  0
LINE
  5
279
330
240
100
AcDbEntity
  8
0
370
9
100
AcDbLine
 10
-20.20680173662549
 20
-73.77434742128389
 30
0.0
 11
-20.20680173662549
 21
-75.77434742128389
 31
0.0
  0
LWPOLYLINE
  5
27A
330
240
100
AcDbEntity
  8
0
370
9
100
AcDbPolyline
 90
4
 70
1
 10
-20.05886155134067
 20
-75.77434742128389
 10
-19.85886155134358
 20
-75.77434742128389
 10
-19.85886155134358
 20
-73.77434742128389
 10
-20.05886155134067
 20
-73.77434742128389
  0
LINE
  5
27B
330
240
100
AcDbEntity
  8
0
370
9
100
AcDbLine
 10
-19.95886155133485
 20
-73.77434742128389
 30
0.0
 11
-19.95886155133485
 21
-75.77434742128389
 31
0.0
  0
LINE
  5
27C
330
240
100
AcDbEntity
  8
0
370
9
100
AcDbLine
 10
-20.01709115911217
 20
-73.77434742128389
 30
0.0
 11
-20.01709115911217
 21
-75.77434742128389
 31
0.0
  0
LINE
  5
27D
330
240
100
AcDbEntity
  8
0
370
9
100
AcDbLine
 10
-19.8997285230871
 20
-73.77434742128389
 30
0.0
 11
-19.8997285230871
 21
-75.77434742128389
 31
0.0
  0
LINE
  5
27E
330
240
100
AcDbEntity
  8
0
370
9
100
AcDbLine
 10
-19.98732468542584
 20
-73.77434742128389
 30
0.0
 11
-19.98732468542584
 21
-75.77434742128389
 31
0.0
  0
LINE
  5
27F
330
240
100
AcDbEntity
  8
0
370
9
100
AcDbLine
 10
-19.93014385722927
 20
-73.77434742128389
 30
0.0
 11
-19.93014385722927
 21
-75.77434742128389
 31
0.0
  0
LINE
  5
280
330
240
100
AcDbEntity
  8
0
370
9
100
AcDbLine
 10
-19.87839723539946
 20
-75.77434742128389
 30
0.0
 11
-19.87839723539946
 21
-73.77434742128389
 31
0.0
  0
LINE
  5
281
330
240
100
AcDbEntity
  8
0
370
9
100
AcDbLine
 10
-20.03777358632942
 20
-73.77434742128389
 30
0.0
 11
-20.03777358632942
 21
-75.77434742128389
 31
0.0
  0
LINE
  5
282
330
240
100
AcDbEntity
  8
0
370
9
100
AcDbLine
 10
-19.40680173663713
 20
-73.77434742128389
 30
0.0
 11
-19.40680173663713
 21
-75.77434742128389
 31
0.0
  0
LINE
  5
283
330
240
100
AcDbEntity
  8
0
370
9
100
AcDbLine
 10
-19.40680173663713
 20
-73.77434742128389
 30
0.0
 11
-19.40680173663713
 21
-75.77434742128389
 31
0.0
  0
LWPOLYLINE
  5
284
330
240
100
AcDbEntity
  8
0
370
9
100
AcDbPolyline
 90
4
 70
1
 10
-19.25886155135231
 20
-75.77434742128389
 10
-19.05886155135522
 20
-75.77434742128389
 10
-19.05886155135522
 20
-73.77434742128389
 10
-19.25886155135231
 20
-73.77434742128389
  0
LINE
  5
285
330
240
100
AcDbEntity
  8
0
370
9
100
AcDbLine
 10
-19.15886155134649
 20
-73.77434742128389
 30
0.0
 11
-19.15886155134649
 21
-75.77434742128389
 31
0.0
  0
LINE
  5
286
330
240
100
AcDbEntity
  8
0
370
9
100
AcDbLine
 10
-19.21709115912381
 20
-73.77434742128389
 30
0.0
 11
-19.21709115912381
 21
-75.77434742128389
 31
0.0
  0
LINE
  5
287
330
240
100
AcDbEntity
  8
0
370
9
100
AcDbLine
 10
-19.09972852309875
 20
-73.77434742128389
 30
0.0
 11
-19.09972852309875
 21
-75.77434742128389
 31
0.0
  0
LINE
  5
288
330
240
100
AcDbEntity
  8
0
370
9
100
AcDbLine
 10
-19.18732468543749
 20
-73.77434742128389
 30
0.0
 11
-19.18732468543749
 21
-75.77434742128389
 31
0.0
  0
LINE
  5
289
330
240
100
AcDbEntity
  8
0
370
9
100
AcDbLine
 10
-19.13014385724091
 20
-73.77434742128389
 30
0.0
 11
-19.13014385724091
 21
-75.77434742128389
 31
0.0
  0
LINE
  5
28A
330
240
100
AcDbEntity
  8
0
370
9
100
AcDbLine
 10
-19.0783972354111
 20
-75.77434742128389
 30
0.0
 11
-19.0783972354111
 21
-73.77434742128389
 31
0.0
  0
LINE
  5
28B
330
240
100
AcDbEntity
  8
0
370
9
100
AcDbLine
 10
-19.23777358634106
 20
-73.77434742128389
 30
0.0
 11
-19.23777358634106
 21
-75.77434742128389
 31
0.0
  0
LINE
  5
28C
330
240
100
AcDbEntity
  8
0
370
9
100
AcDbLine
 10
-18.60680173663422
 20
-73.77434742128389
 30
0.0
 11
-18.60680173663422
 21
-75.77434742128389
 31
0.0
  0
LINE
  5
28D
330
240
100
AcDbEntity
  8
0
370
9
100
AcDbLine
 10
-18.60680173663422
 20
-73.77434742128389
 30
0.0
 11
-18.60680173663422
 21
-75.77434742128389
 31
0.0
  0
LWPOLYLINE
  5
28E
330
240
100
AcDbEntity
  8
0
370
9
100
AcDbPolyline
 90
4
 70
1
 10
-18.4588615513494
 20
-75.77434742128389
 10
-18.25886155135231
 20
-75.77434742128389
 10
-18.25886155135231
 20
-73.77434742128389
 10
-18.4588615513494
 20
-73.77434742128389
  0
LINE
  5
28F
330
240
100
AcDbEntity
  8
0
370
9
100
AcDbLine
 10
-18.35886155134358
 20
-73.77434742128389
 30
0.0
 11
-18.35886155134358
 21
-75.77434742128389
 31
0.0
  0
LINE
  5
290
330
240
100
AcDbEntity
  8
0
370
9
100
AcDbLine
 10
-18.4170911591209
 20
-73.77434742128389
 30
0.0
 11
-18.4170911591209
 21
-75.77434742128389
 31
0.0
  0
LINE
  5
291
330
240
100
AcDbEntity
  8
0
370
9
100
AcDbLine
 10
-18.29972852309584
 20
-73.77434742128389
 30
0.0
 11
-18.29972852309584
 21
-75.77434742128389
 31
0.0
  0
LINE
  5
292
330
240
100
AcDbEntity
  8
0
370
9
100
AcDbLine
 10
-18.38732468543458
 20
-73.77434742128389
 30
0.0
 11
-18.38732468543458
 21
-75.77434742128389
 31
0.0
  0
LINE
  5
293
330
240
100
AcDbEntity
  8
0
370
9
100
AcDbLine
 10
-18.330143857238
 20
-73.77434742128389
 30
0.0
 11
-18.330143857238
 21
-75.77434742128389
 31
0.0
  0
LINE
  5
294
330
240
100
AcDbEntity
  8
0
370
9
100
AcDbLine
 10
-18.27839723540819
 20
-75.77434742128389
 30
0.0
 11
-18.27839723540819
 21
-73.77434742128389
 31
0.0
  0
LINE
  5
295
330
240
100
AcDbEntity
  8
0
370
9
100
AcDbLine
 10
-18.43777358633815
 20
-73.77434742128389
 30
0.0
 11
-18.43777358633815
 21
-75.77434742128389
 31
0.0
  0
LINE
  5
296
330
240
100
AcDbEntity
  8
0
370
9
100
AcDbLine
 10
-17.80680173663131
 20
-73.77434742128389
 30
0.0
 11
-17.80680173663131
 21
-75.77434742128389
 31
0.0
  0
LINE
  5
297
330
240
100
AcDbEntity
  8
0
370
9
100
AcDbLine
 10
-17.80680173663131
 20
-73.77434742128389
 30
0.0
 11
-17.80680173663131
 21
-75.77434742128389
 31
0.0
  0
LWPOLYLINE
  5
298
330
240
100
AcDbEntity
  8
0
370
9
100
AcDbPolyline
 90
4
 70
1
 10
-17.65886155134649
 20
-75.77434742128389
 10
-17.4588615513494
 20
-75.77434742128389
 10
-17.4588615513494
 20
-73.77434742128389
 10
-17.65886155134649
 20
-73.77434742128389
  0
LINE
  5
299
330
240
100
AcDbEntity
  8
0
370
9
100
AcDbLine
 10
-17.55886155134067
 20
-73.77434742128389
 30
0.0
 11
-17.55886155134067
 21
-75.77434742128389
 31
0.0
  0
LINE
  5
29A
330
240
100
AcDbEntity
  8
0
370
9
100
AcDbLine
 10
-17.61709115911799
 20
-73.77434742128389
 30
0.0
 11
-17.61709115911799
 21
-75.77434742128389
 31
0.0
  0
LINE
  5
29B
330
240
100
AcDbEntity
  8
0
370
9
100
AcDbLine
 10
-17.49972852309293
 20
-73.77434742128389
 30
0.0
 11
-17.49972852309293
 21
-75.77434742128389
 31
0.0
  0
LINE
  5
29C
330
240
100
AcDbEntity
  8
0
370
9
100
AcDbLine
 10
-17.58732468543167
 20
-73.77434742128389
 30
0.0
 11
-17.58732468543167
 21
-75.77434742128389
 31
0.0
  0
LINE
  5
29D
330
240
100
AcDbEntity
  8
0
370
9
100
AcDbLine
 10
-17.53014385723509
 20
-73.77434742128389
 30
0.0
 11
-17.53014385723509
 21
-75.77434742128389
 31
0.0
  0
LINE
  5
29E
330
240
100
AcDbEntity
  8
0
370
9
100
AcDbLine
 10
-17.47839723540528
 20
-75.77434742128389
 30
0.0
 11
-17.47839723540528
 21
-73.77434742128389
 31
0.0
  0
LINE
  5
29F
330
240
100
AcDbEntity
  8
0
370
9
100
AcDbLine
 10
-17.63777358633524
 20
-73.77434742128389
 30
0.0
 11
-17.63777358633524
 21
-75.77434742128389
 31
0.0
  0
LINE
  5
2A0
330
240
100
AcDbEntity
  8
0
370
9
100
AcDbLine
 10
-17.0068017366284
 20
-73.77434742128389
 30
0.0
 11
-17.0068017366284
 21
-75.77434742128389
 31
0.0
  0
LINE
  5
2A1
330
240
100
AcDbEntity
  8
0
370
9
100
AcDbLine
 10
-17.0068017366284
 20
-73.77434742128389
 30
0.0
 11
-17.0068017366284
 21
-75.77434742128389
 31
0.0
  0
LWPOLYLINE
  5
2A2
330
240
100
AcDbEntity
  8
0
370
9
100
AcDbPolyline
 90
4
 70
1
 10
-16.85886155134358
 20
-75.77434742128389
 10
-16.65886155134649
 20
-75.77434742128389
 10
-16.65886155134649
 20
-73.77434742128389
 10
-16.85886155134358
 20
-73.77434742128389
  0
LINE
  5
2A3
330
240
100
AcDbEntity
  8
0
370
9
100
AcDbLine
 10
-16.75886155133776
 20
-73.77434742128389
 30
0.0
 11
-16.75886155133776
 21
-75.77434742128389
 31
0.0
  0
LINE
  5
2A4
330
240
100
AcDbEntity
  8
0
370
9
100
AcDbLine
 10
-16.81709115911508
 20
-73.77434742128389
 30
0.0
 11
-16.81709115911508
 21
-75.77434742128389
 31
0.0
  0
LINE
  5
2A5
330
240
100
AcDbEntity
  8
0
370
9
100
AcDbLine
 10
-16.69972852309001
 20
-73.77434742128389
 30
0.0
 11
-16.69972852309001
 21
-75.77434742128389
 31
0.0
  0
LINE
  5
2A6
330
240
100
AcDbEntity
  8
0
370
9
100
AcDbLine
 10
-16.78732468542875
 20
-73.77434742128389
 30
0.0
 11
-16.78732468542875
 21
-75.77434742128389
 31
0.0
  0
LINE
  5
2A7
330
240
100
AcDbEntity
  8
0
370
9
100
AcDbLine
 10
-16.73014385723218
 20
-73.77434742128389
 30
0.0
 11
-16.73014385723218
 21
-75.77434742128389
 31
0.0
  0
LINE
  5
2A8
330
240
100
AcDbEntity
  8
0
370
9
100
AcDbLine
 10
-16.67839723540237
 20
-75.77434742128389
 30
0.0
 11
-16.67839723540237
 21
-73.77434742128389
 31
0.0
  0
LINE
  5
2A9
330
240
100
AcDbEntity
  8
0
370
9
100
AcDbLine
 10
-16.83777358633233
 20
-73.77434742128389
 30
0.0
 11
-16.83777358633233
 21
-75.77434742128389
 31
0.0
  0
LINE
  5
2AA
330
240
100
AcDbEntity
  8
0
370
9
100
AcDbLine
 10
-16.20680173662549
 20
-73.77434742128389
 30
0.0
 11
-16.20680173662549
 21
-75.77434742128389
 31
0.0
  0
LINE
  5
2AB
330
240
100
AcDbEntity
  8
0
370
9
100
AcDbLine
 10
-16.20680173662549
 20
-73.77434742128389
 30
0.0
 11
-16.20680173662549
 21
-75.77434742128389
 31
0.0
  0
LWPOLYLINE
  5
2AC
330
240
100
AcDbEntity
  8
0
370
9
100
AcDbPolyline
 90
4
 70
1
 10
-16.05886155134067
 20
-75.77434742128389
 10
-15.85886155134358
 20
-75.77434742128389
 10
-15.85886155134358
 20
-73.77434742128389
 10
-16.05886155134067
 20
-73.77434742128389
  0
LINE
  5
2AD
330
240
100
AcDbEntity
  8
0
370
9
100
AcDbLine
 10
-15.95886155133485
 20
-73.77434742128389
 30
0.0
 11
-15.95886155133485
 21
-75.77434742128389
 31
0.0
  0
LINE
  5
2AE
330
240
100
AcDbEntity
  8
0
370
9
100
AcDbLine
 10
-16.01709115911217
 20
-73.77434742128389
 30
0.0
 11
-16.01709115911217
 21
-75.77434742128389
 31
0.0
  0
LINE
  5
2AF
330
240
100
AcDbEntity
  8
0
370
9
100
AcDbLine
 10
-15.8997285230871
 20
-73.77434742128389
 30
0.0
 11
-15.8997285230871
 21
-75.77434742128389
 31
0.0
  0
LINE
  5
2B0
330
240
100
AcDbEntity
  8
0
370
9
100
AcDbLine
 10
-15.98732468542585
 20
-73.77434742128389
 30
0.0
 11
-15.98732468542585
 21
-75.77434742128389
 31
0.0
  0
LINE
  5
2B1
330
240
100
AcDbEntity
  8
0
370
9
100
AcDbLine
 10
-15.93014385722927
 20
-73.77434742128389
 30
0.0
 11
-15.93014385722927
 21
-75.77434742128389
 31
0.0
  0
LINE
  5
2B2
330
240
100
AcDbEntity
  8
0
370
9
100
AcDbLine
 10
-15.87839723539946
 20
-75.77434742128389
 30
0.0
 11
-15.87839723539946
 21
-73.77434742128389
 31
0.0
  0
LINE
  5
2B3
330
240
100
AcDbEntity
  8
0
370
9
100
AcDbLine
 10
-16.03777358632942
 20
-73.77434742128389
 30
0.0
 11
-16.03777358632942
 21
-75.77434742128389
 31
0.0
  0
LINE
  5
2B4
330
240
100
AcDbEntity
  8
0
370
9
100
AcDbLine
 10
-15.40680173663713
 20
-73.77434742128389
 30
0.0
 11
-15.40680173663713
 21
-75.77434742128389
 31
0.0
  0
LINE
  5
2B5
330
240
100
AcDbEntity
  8
0
370
9
100
AcDbLine
 10
-15.40680173663713
 20
-73.77434742128389
 30
0.0
 11
-15.40680173663713
 21
-75.77434742128389
 31
0.0
  0
LWPOLYLINE
  5
2B6
330
240
100
AcDbEntity
  8
0
370
9
100
AcDbPolyline
 90
4
 70
1
 10
-15.25886155135231
 20
-75.77434742128389
 10
-15.05886155135522
 20
-75.77434742128389
 10
-15.05886155135522
 20
-73.77434742128389
 10
-15.25886155135231
 20
-73.77434742128389
  0
LINE
  5
2B7
330
240
100
AcDbEntity
  8
0
370
9
100
AcDbLine
 10
-15.15886155134649
 20
-73.77434742128389
 30
0.0
 11
-15.15886155134649
 21
-75.77434742128389
 31
0.0
  0
LINE
  5
2B8
330
240
100
AcDbEntity
  8
0
370
9
100
AcDbLine
 10
-15.21709115912381
 20
-73.77434742128389
 30
0.0
 11
-15.21709115912381
 21
-75.77434742128389
 31
0.0
  0
LINE
  5
2B9
330
240
100
AcDbEntity
  8
0
370
9
100
AcDbLine
 10
-15.09972852309874
 20
-73.77434742128389
 30
0.0
 11
-15.09972852309874
 21
-75.77434742128389
 31
0.0
  0
LINE
  5
2BA
330
240
100
AcDbEntity
  8
0
370
9
100
AcDbLine
 10
-15.18732468543749
 20
-73.77434742128389
 30
0.0
 11
-15.18732468543749
 21
-75.77434742128389
 31
0.0
  0
LINE
  5
2BB
330
240
100
AcDbEntity
  8
0
370
9
100
AcDbLine
 10
-15.13014385724091
 20
-73.77434742128389
 30
0.0
 11
-15.13014385724091
 21
-75.77434742128389
 31
0.0
  0
LINE
  5
2BC
330
240
100
AcDbEntity
  8
0
370
9
100
AcDbLine
 10
-15.0783972354111
 20
-75.77434742128389
 30
0.0
 11
-15.0783972354111
 21
-73.77434742128389
 31
0.0
  0
LINE
  5
2BD
330
240
100
AcDbEntity
  8
0
370
9
100
AcDbLine
 10
-15.23777358634106
 20
-73.77434742128389
 30
0.0
 11
-15.23777358634106
 21
-75.77434742128389
 31
0.0
  0
LINE
  5
2BE
330
240
100
AcDbEntity
  8
0
370
9
100
AcDbLine
 10
-14.60680173663422
 20
-73.77434742128389
 30
0.0
 11
-14.60680173663422
 21
-75.77434742128389
 31
0.0
  0
LINE
  5
2BF
330
240
100
AcDbEntity
  8
0
370
9
100
AcDbLine
 10
-14.60680173663422
 20
-73.77434742128389
 30
0.0
 11
-14.60680173663422
 21
-75.77434742128389
 31
0.0
  0
LWPOLYLINE
  5
2C0
330
240
100
AcDbEntity
  8
0
370
9
100
AcDbPolyline
 90
4
 70
1
 10
-14.4588615513494
 20
-75.77434742128389
 10
-14.25886155135231
 20
-75.77434742128389
 10
-14.25886155135231
 20
-73.77434742128389
 10
-14.4588615513494
 20
-73.77434742128389
  0
LINE
  5
2C1
330
240
100
AcDbEntity
  8
0
370
9
100
AcDbLine
 10
-14.35886155134358
 20
-73.77434742128389
 30
0.0
 11
-14.35886155134358
 21
-75.77434742128389
 31
0.0
  0
LINE
  5
2C2
330
240
100
AcDbEntity
  8
0
370
9
100
AcDbLine
 10
-14.4170911591209
 20
-73.77434742128389
 30
0.0
 11
-14.4170911591209
 21
-75.77434742128389
 31
0.0
  0
LINE
  5
2C3
330
240
100
AcDbEntity
  8
0
370
9
100
AcDbLine
 10
-14.29972852309584
 20
-73.77434742128389
 30
0.0
 11
-14.29972852309584
 21
-75.77434742128389
 31
0.0
  0
LINE
  5
2C4
330
240
100
AcDbEntity
  8
0
370
9
100
AcDbLine
 10
-14.38732468543458
 20
-73.77434742128389
 30
0.0
 11
-14.38732468543458
 21
-75.77434742128389
 31
0.0
  0
LINE
  5
2C5
330
240
100
AcDbEntity
  8
0
370
9
100
AcDbLine
 10
-14.330143857238
 20
-73.77434742128389
 30
0.0
 11
-14.330143857238
 21
-75.77434742128389
 31
0.0
  0
LINE
  5
2C6
330
240
100
AcDbEntity
  8
0
370
9
100
AcDbLine
 10
-14.27839723540819
 20
-75.77434742128389
 30
0.0
 11
-14.27839723540819
 21
-73.77434742128389
 31
0.0
  0
LINE
  5
2C7
330
240
100
AcDbEntity
  8
0
370
9
100
AcDbLine
 10
-14.43777358633815
 20
-73.77434742128389
 30
0.0
 11
-14.43777358633815
 21
-75.77434742128389
 31
0.0
  0
LINE
  5
2C8
330
240
100
AcDbEntity
  8
0
370
9
100
AcDbLine
 10
-13.80680173663131
 20
-73.77434742128389
 30
0.0
 11
-13.80680173663131
 21
-75.77434742128389
 31
0.0
  0
LINE
  5
2C9
330
240
100
AcDbEntity
  8
0
370
9
100
AcDbLine
 10
-13.80680173663131
 20
-73.77434742128389
 30
0.0
 11
-13.80680173663131
 21
-75.77434742128389
 31
0.0
  0
LWPOLYLINE
  5
2CA
330
240
100
AcDbEntity
  8
0
370
9
100
AcDbPolyline
 90
4
 70
1
 10
-13.65886155134649
 20
-75.77434742128389
 10
-13.4588615513494
 20
-75.77434742128389
 10
-13.4588615513494
 20
-73.77434742128389
 10
-13.65886155134649
 20
-73.77434742128389
  0
LINE
  5
2CB
330
240
100
AcDbEntity
  8
0
370
9
100
AcDbLine
 10
-13.55886155134067
 20
-73.77434742128389
 30
0.0
 11
-13.55886155134067
 21
-75.77434742128389
 31
0.0
  0
LINE
  5
2CC
330
240
100
AcDbEntity
  8
0
370
9
100
AcDbLine
 10
-13.61709115911799
 20
-73.77434742128389
 30
0.0
 11
-13.61709115911799
 21
-75.77434742128389
 31
0.0
  0
LINE
  5
2CD
330
240
100
AcDbEntity
  8
0
370
9
100
AcDbLine
 10
-13.49972852309292
 20
-73.77434742128389
 30
0.0
 11
-13.49972852309292
 21
-75.77434742128389
 31
0.0
  0
LINE
  5
2CE
330
240
100
AcDbEntity
  8
0
370
9
100
AcDbLine
 10
-13.58732468543166
 20
-73.77434742128389
 30
0.0
 11
-13.58732468543166
 21
-75.77434742128389
 31
0.0
  0
LINE
  5
2CF
330
240
100
AcDbEntity
  8
0
370
9
100
AcDbLine
 10
-13.53014385723509
 20
-73.77434742128389
 30
0.0
 11
-13.53014385723509
 21
-75.77434742128389
 31
0.0
  0
LINE
  5
2D0
330
240
100
AcDbEntity
  8
0
370
9
100
AcDbLine
 10
-13.47839723540528
 20
-75.77434742128389
 30
0.0
 11
-13.47839723540528
 21
-73.77434742128389
 31
0.0
  0
LINE
  5
2D1
330
240
100
AcDbEntity
  8
0
370
9
100
AcDbLine
 10
-13.63777358633524
 20
-73.77434742128389
 30
0.0
 11
-13.63777358633524
 21
-75.77434742128389
 31
0.0
  0
LINE
  5
2D2
330
240
100
AcDbEntity
  8
0
370
9
100
AcDbLine
 10
-13.0068017366284
 20
-73.77434742128389
 30
0.0
 11
-13.0068017366284
 21
-75.77434742128389
 31
0.0
  0
LINE
  5
2D3
330
240
100
AcDbEntity
  8
0
370
9
100
AcDbLine
 10
-13.0068017366284
 20
-73.77434742128389
 30
0.0
 11
-13.0068017366284
 21
-75.77434742128389
 31
0.0
  0
LWPOLYLINE
  5
2D4
330
240
100
AcDbEntity
  8
0
370
9
100
AcDbPolyline
 90
4
 70
1
 10
-12.85886155134358
 20
-75.77434742128389
 10
-12.65886155134649
 20
-75.77434742128389
 10
-12.65886155134649
 20
-73.77434742128389
 10
-12.85886155134358
 20
-73.77434742128389
  0
LINE
  5
2D5
330
240
100
AcDbEntity
  8
0
370
9
100
AcDbLine
 10
-12.75886155133776
 20
-73.77434742128389
 30
0.0
 11
-12.75886155133776
 21
-75.77434742128389
 31
0.0
  0
LINE
  5
2D6
330
240
100
AcDbEntity
  8
0
370
9
100
AcDbLine
 10
-12.81709115911508
 20
-73.77434742128389
 30
0.0
 11
-12.81709115911508
 21
-75.77434742128389
 31
0.0
  0
LINE
  5
2D7
330
240
100
AcDbEntity
  8
0
370
9
100
AcDbLine
 10
-12.69972852309001
 20
-73.77434742128389
 30
0.0
 11
-12.69972852309001
 21
-75.77434742128389
 31
0.0
  0
LINE
  5
2D8
330
240
100
AcDbEntity
  8
0
370
9
100
AcDbLine
 10
-12.78732468542876
 20
-73.77434742128389
 30
0.0
 11
-12.78732468542876
 21
-75.77434742128389
 31
0.0
  0
LINE
  5
2D9
330
240
100
AcDbEntity
  8
0
370
9
100
AcDbLine
 10
-12.73014385723218
 20
-73.77434742128389
 30
0.0
 11
-12.73014385723218
 21
-75.77434742128389
 31
0.0
  0
LINE
  5
2DA
330
240
100
AcDbEntity
  8
0
370
9
100
AcDbLine
 10
-12.67839723540237
 20
-75.77434742128389
 30
0.0
 11
-12.67839723540237
 21
-73.77434742128389
 31
0.0
  0
LINE
  5
2DB
330
240
100
AcDbEntity
  8
0
370
9
100
AcDbLine
 10
-12.83777358633233
 20
-73.77434742128389
 30
0.0
 11
-12.83777358633233
 21
-75.77434742128389
 31
0.0
  0
LINE
  5
2DC
330
240
100
AcDbEntity
  8
0
370
9
100
AcDbLine
 10
-12.20680173662549
 20
-73.77434742128389
 30
0.0
 11
-12.20680173662549
 21
-75.77434742128389
 31
0.0
  0
LINE
  5
2DD
330
240
100
AcDbEntity
  8
0
370
9
100
AcDbLine
 10
-12.20680173662549
 20
-73.77434742128389
 30
0.0
 11
-12.20680173662549
 21
-75.77434742128389
 31
0.0
  0
LWPOLYLINE
  5
2DE
330
240
100
AcDbEntity
  8
0
370
9
100
AcDbPolyline
 90
4
 70
1
 10
-12.05886155134067
 20
-75.77434742128389
 10
-11.85886155134358
 20
-75.77434742128389
 10
-11.85886155134358
 20
-73.77434742128389
 10
-12.05886155134067
 20
-73.77434742128389
  0
LINE
  5
2DF
330
240
100
AcDbEntity
  8
0
370
9
100
AcDbLine
 10
-11.95886155133485
 20
-73.77434742128389
 30
0.0
 11
-11.95886155133485
 21
-75.77434742128389
 31
0.0
  0
LINE
  5
2E0
330
240
100
AcDbEntity
  8
0
370
9
100
AcDbLine
 10
-12.01709115911217
 20
-73.77434742128389
 30
0.0
 11
-12.01709115911217
 21
-75.77434742128389
 31
0.0
  0
LINE
  5
2E1
330
240
100
AcDbEntity
  8
0
370
9
100
AcDbLine
 10
-11.8997285230871
 20
-73.77434742128389
 30
0.0
 11
-11.8997285230871
 21
-75.77434742128389
 31
0.0
  0
LINE
  5
2E2
330
240
100
AcDbEntity
  8
0
370
9
100
AcDbLine
 10
-11.98732468542584
 20
-73.77434742128389
 30
0.0
 11
-11.98732468542584
 21
-75.77434742128389
 31
0.0
  0
LINE
  5
2E3
330
240
100
AcDbEntity
  8
0
370
9
100
AcDbLine
 10
-11.93014385722927
 20
-73.77434742128389
 30
0.0
 11
-11.93014385722927
 21
-75.77434742128389
 31
0.0
  0
LINE
  5
2E4
330
240
100
AcDbEntity
  8
0
370
9
100
AcDbLine
 10
-11.87839723539946
 20
-75.77434742128389
 30
0.0
 11
-11.87839723539946
 21
-73.77434742128389
 31
0.0
  0
LINE
  5
2E5
330
240
100
AcDbEntity
  8
0
370
9
100
AcDbLine
 10
-12.03777358632942
 20
-73.77434742128389
 30
0.0
 11
-12.03777358632942
 21
-75.77434742128389
 31
0.0
  0
LINE
  5
2E6
330
240
100
AcDbEntity
  8
0
370
9
100
AcDbLine
 10
-11.40680173663713
 20
-73.77434742128389
 30
0.0
 11
-11.40680173663713
 21
-75.77434742128389
 31
0.0
  0
LINE
  5
2E7
330
240
100
AcDbEntity
  8
0
370
9
100
AcDbLine
 10
-11.40680173663713
 20
-73.77434742128389
 30
0.0
 11
-11.40680173663713
 21
-75.77434742128389
 31
0.0
  0
LWPOLYLINE
  5
2E8
330
240
100
AcDbEntity
  8
0
370
9
100
AcDbPolyline
 90
4
 70
1
 10
-11.25886155135231
 20
-75.77434742128389
 10
-11.05886155135522
 20
-75.77434742128389
 10
-11.05886155135522
 20
-73.77434742128389
 10
-11.25886155135231
 20
-73.77434742128389
  0
LINE
  5
2E9
330
240
100
AcDbEntity
  8
0
370
9
100
AcDbLine
 10
-11.15886155134649
 20
-73.77434742128389
 30
0.0
 11
-11.15886155134649
 21
-75.77434742128389
 31
0.0
  0
LINE
  5
2EA
330
240
100
AcDbEntity
  8
0
370
9
100
AcDbLine
 10
-11.21709115912381
 20
-73.77434742128389
 30
0.0
 11
-11.21709115912381
 21
-75.77434742128389
 31
0.0
  0
LINE
  5
2EB
330
240
100
AcDbEntity
  8
0
370
9
100
AcDbLine
 10
-11.09972852309875
 20
-73.77434742128389
 30
0.0
 11
-11.09972852309875
 21
-75.77434742128389
 31
0.0
  0
LINE
  5
2EC
330
240
100
AcDbEntity
  8
0
370
9
100
AcDbLine
 10
-11.18732468543749
 20
-73.77434742128389
 30
0.0
 11
-11.18732468543749
 21
-75.77434742128389
 31
0.0
  0
LINE
  5
2ED
330
240
100
AcDbEntity
  8
0
370
9
100
AcDbLine
 10
-11.13014385724091
 20
-73.77434742128389
 30
0.0
 11
-11.13014385724091
 21
-75.77434742128389
 31
0.0
  0
LINE
  5
2EE
330
240
100
AcDbEntity
  8
0
370
9
100
AcDbLine
 10
-11.0783972354111
 20
-75.77434742128389
 30
0.0
 11
-11.0783972354111
 21
-73.77434742128389
 31
0.0
  0
LINE
  5
2EF
330
240
100
AcDbEntity
  8
0
370
9
100
AcDbLine
 10
-11.23777358634106
 20
-73.77434742128389
 30
0.0
 11
-11.23777358634106
 21
-75.77434742128389
 31
0.0
  0
LINE
  5
2F0
330
240
100
AcDbEntity
  8
0
370
9
100
AcDbLine
 10
-10.60680173663422
 20
-73.77434742128389
 30
0.0
 11
-10.60680173663422
 21
-75.77434742128389
 31
0.0
  0
LINE
  5
2F1
330
240
100
AcDbEntity
  8
0
370
9
100
AcDbLine
 10
-10.60680173663422
 20
-73.77434742128389
 30
0.0
 11
-10.60680173663422
 21
-75.77434742128389
 31
0.0
  0
LWPOLYLINE
  5
2F2
330
240
100
AcDbEntity
  8
0
370
9
100
AcDbPolyline
 90
4
 70
1
 10
-10.4588615513494
 20
-75.77434742128389
 10
-10.25886155135231
 20
-75.77434742128389
 10
-10.25886155135231
 20
-73.77434742128389
 10
-10.4588615513494
 20
-73.77434742128389
  0
LINE
  5
2F3
330
240
100
AcDbEntity
  8
0
370
9
100
AcDbLine
 10
-10.35886155134358
 20
-73.77434742128389
 30
0.0
 11
-10.35886155134358
 21
-75.77434742128389
 31
0.0
  0
LINE
  5
2F4
330
240
100
AcDbEntity
  8
0
370
9
100
AcDbLine
 10
-10.4170911591209
 20
-73.77434742128389
 30
0.0
 11
-10.4170911591209
 21
-75.77434742128389
 31
0.0
  0
LINE
  5
2F5
330
240
100
AcDbEntity
  8
0
370
9
100
AcDbLine
 10
-10.29972852309583
 20
-73.77434742128389
 30
0.0
 11
-10.29972852309583
 21
-75.77434742128389
 31
0.0
  0
LINE
  5
2F6
330
240
100
AcDbEntity
  8
0
370
9
100
AcDbLine
 10
-10.38732468543458
 20
-73.77434742128389
 30
0.0
 11
-10.38732468543458
 21
-75.77434742128389
 31
0.0
  0
LINE
  5
2F7
330
240
100
AcDbEntity
  8
0
370
9
100
AcDbLine
 10
-10.330143857238
 20
-73.77434742128389
 30
0.0
 11
-10.330143857238
 21
-75.77434742128389
 31
0.0
  0
LINE
  5
2F8
330
240
100
AcDbEntity
  8
0
370
9
100
AcDbLine
 10
-10.27839723540819
 20
-75.77434742128389
 30
0.0
 11
-10.27839723540819
 21
-73.77434742128389
 31
0.0
  0
LINE
  5
2F9
330
240
100
AcDbEntity
  8
0
370
9
100
AcDbLine
 10
-10.43777358633815
 20
-73.77434742128389
 30
0.0
 11
-10.43777358633815
 21
-75.77434742128389
 31
0.0
  0
LINE
  5
2FA
330
240
100
AcDbEntity
  8
0
370
9
100
AcDbLine
 10
-9.806801736631314
 20
-73.77434742128389
 30
0.0
 11
-9.806801736631314
 21
-75.77434742128389
 31
0.0
  0
LINE
  5
2FB
330
240
100
AcDbEntity
  8
0
370
9
100
AcDbLine
 10
-9.806801736631314
 20
-73.77434742128389
 30
0.0
 11
-9.806801736631314
 21
-75.77434742128389
 31
0.0
  0
LWPOLYLINE
  5
2FC
330
240
100
AcDbEntity
  8
0
370
9
100
AcDbPolyline
 90
4
 70
1
 10
-9.65886155134649
 20
-75.77434742128389
 10
-9.4588615513494
 20
-75.77434742128389
 10
-9.4588615513494
 20
-73.77434742128389
 10
-9.65886155134649
 20
-73.77434742128389
  0
LINE
  5
2FD
330
240
100
AcDbEntity
  8
0
370
9
100
AcDbLine
 10
-9.55886155134067
 20
-73.77434742128389
 30
0.0
 11
-9.55886155134067
 21
-75.77434742128389
 31
0.0
  0
LINE
  5
2FE
330
240
100
AcDbEntity
  8
0
370
9
100
AcDbLine
 10
-9.61709115911799
 20
-73.77434742128389
 30
0.0
 11
-9.61709115911799
 21
-75.77434742128389
 31
0.0
  0
LINE
  5
2FF
330
240
100
AcDbEntity
  8
0
370
9
100
AcDbLine
 10
-9.499728523092926
 20
-73.77434742128389
 30
0.0
 11
-9.499728523092926
 21
-75.77434742128389
 31
0.0
  0
LINE
  5
300
330
240
100
AcDbEntity
  8
0
370
9
100
AcDbLine
 10
-9.587324685431668
 20
-73.77434742128389
 30
0.0
 11
-9.587324685431668
 21
-75.77434742128389
 31
0.0
  0
LINE
  5
301
330
240
100
AcDbEntity
  8
0
370
9
100
AcDbLine
 10
-9.530143857235087
 20
-73.77434742128389
 30
0.0
 11
-9.530143857235087
 21
-75.77434742128389
 31
0.0
  0
LINE
  5
302
330
240
100
AcDbEntity
  8
0
370
9
100
AcDbLine
 10
-9.478397235405282
 20
-75.77434742128389
 30
0.0
 11
-9.478397235405282
 21
-73.77434742128389
 31
0.0
  0
LINE
  5
303
330
240
100
AcDbEntity
  8
0
370
9
100
AcDbLine
 10
-9.637773586335243
 20
-73.77434742128389
 30
0.0
 11
-9.637773586335243
 21
-75.77434742128389
 31
0.0
  0
LINE
  5
304
330
240
100
AcDbEntity
  8
0
370
9
100
AcDbLine
 10
-9.006801736628404
 20
-73.77434742128389
 30
0.0
 11
-9.006801736628404
 21
-75.77434742128389
 31
0.0
  0
LINE
  5
305
330
240
100
AcDbEntity
  8
0
370
9
100
AcDbLine
 10
-9.006801736628404
 20
-73.77434742128389
 30
0.0
 11
-9.006801736628404
 21
-75.77434742128389
 31
0.0
  0
LWPOLYLINE
  5
306
330
240
100
AcDbEntity
  8
0
370
9
100
AcDbPolyline
 90
4
 70
1
 10
-8.85886155134358
 20
-75.77434742128389
 10
-8.65886155134649
 20
-75.77434742128389
 10
-8.65886155134649
 20
-73.77434742128389
 10
-8.85886155134358
 20
-73.77434742128389
  0
LINE
  5
307
330
240
100
AcDbEntity
  8
0
370
9
100
AcDbLine
 10
-8.758861551337759
 20
-73.77434742128389
 30
0.0
 11
-8.758861551337759
 21
-75.77434742128389
 31
0.0
  0
LINE
  5
308
330
240
100
AcDbEntity
  8
0
370
9
100
AcDbLine
 10
-8.81709115911508
 20
-73.77434742128389
 30
0.0
 11
-8.81709115911508
 21
-75.77434742128389
 31
0.0
  0
LINE
  5
309
330
240
100
AcDbEntity
  8
0
370
9
100
AcDbLine
 10
-8.699728523090016
 20
-73.77434742128389
 30
0.0
 11
-8.699728523090016
 21
-75.77434742128389
 31
0.0
  0
LINE
  5
30A
330
240
100
AcDbEntity
  8
0
370
9
100
AcDbLine
 10
-8.787324685428757
 20
-73.77434742128389
 30
0.0
 11
-8.787324685428757
 21
-75.77434742128389
 31
0.0
  0
LINE
  5
30B
330
240
100
AcDbEntity
  8
0
370
9
100
AcDbLine
 10
-8.730143857232179
 20
-73.77434742128389
 30
0.0
 11
-8.730143857232179
 21
-75.77434742128389
 31
0.0
  0
LINE
  5
30C
330
240
100
AcDbEntity
  8
0
370
9
100
AcDbLine
 10
-8.678397235402372
 20
-75.77434742128389
 30
0.0
 11
-8.678397235402372
 21
-73.77434742128389
 31
0.0
  0
LINE
  5
30D
330
240
100
AcDbEntity
  8
0
370
9
100
AcDbLine
 10
-8.837773586332332
 20
-73.77434742128389
 30
0.0
 11
-8.837773586332332
 21
-75.77434742128389
 31
0.0
  0
LINE
  5
30E
330
240
100
AcDbEntity
  8
0
370
9
100
AcDbLine
 10
-8.206801736625494
 20
-73.77434742128389
 30
0.0
 11
-8.206801736625494
 21
-75.77434742128389
 31
0.0
  0
LINE
  5
30F
330
240
100
AcDbEntity
  8
0
370
9
100
AcDbLine
 10
-8.206801736625494
 20
-73.77434742128389
 30
0.0
 11
-8.206801736625494
 21
-75.77434742128389
 31
0.0
  0
LWPOLYLINE
  5
310
330
240
100
AcDbEntity
  8
0
370
9
100
AcDbPolyline
 90
4
 70
1
 10
-8.05886155134067
 20
-75.77434742128389
 10
-7.858861551343579
 20
-75.77434742128389
 10
-7.858861551343579
 20
-73.77434742128389
 10
-8.05886155134067
 20
-73.77434742128389
  0
LINE
  5
311
330
240
100
AcDbEntity
  8
0
370
9
100
AcDbLine
 10
-7.958861551334848
 20
-73.77434742128389
 30
0.0
 11
-7.958861551334848
 21
-75.77434742128389
 31
0.0
  0
LINE
  5
312
330
240
100
AcDbEntity
  8
0
370
9
100
AcDbLine
 10
-8.01709115911217
 20
-73.77434742128389
 30
0.0
 11
-8.01709115911217
 21
-75.77434742128389
 31
0.0
  0
LINE
  5
313
330
240
100
AcDbEntity
  8
0
370
9
100
AcDbLine
 10
-7.899728523087105
 20
-73.77434742128389
 30
0.0
 11
-7.899728523087105
 21
-75.77434742128389
 31
0.0
  0
LINE
  5
314
330
240
100
AcDbEntity
  8
0
370
9
100
AcDbLine
 10
-7.987324685425846
 20
-73.77434742128389
 30
0.0
 11
-7.987324685425846
 21
-75.77434742128389
 31
0.0
  0
LINE
  5
315
330
240
100
AcDbEntity
  8
0
370
9
100
AcDbLine
 10
-7.930143857229268
 20
-73.77434742128389
 30
0.0
 11
-7.930143857229268
 21
-75.77434742128389
 31
0.0
  0
LINE
  5
316
330
240
100
AcDbEntity
  8
0
370
9
100
AcDbLine
 10
-7.878397235399461
 20
-75.77434742128389
 30
0.0
 11
-7.878397235399461
 21
-73.77434742128389
 31
0.0
  0
LINE
  5
317
330
240
100
AcDbEntity
  8
0
370
9
100
AcDbLine
 10
-8.03777358632942
 20
-73.77434742128389
 30
0.0
 11
-8.03777358632942
 21
-75.77434742128389
 31
0.0
  0
LINE
  5
318
330
240
100
AcDbEntity
  8
0
370
9
100
AcDbLine
 10
-7.406801736637135
 20
-73.77434742128389
 30
0.0
 11
-7.406801736637135
 21
-75.77434742128389
 31
0.0
  0
LINE
  5
319
330
240
100
AcDbEntity
  8
0
370
9
100
AcDbLine
 10
-7.406801736637135
 20
-73.77434742128389
 30
0.0
 11
-7.406801736637135
 21
-75.77434742128389
 31
0.0
  0
LWPOLYLINE
  5
31A
330
240
100
AcDbEntity
  8
0
370
9
100
AcDbPolyline
 90
4
 70
1
 10
-7.25886155135231
 20
-75.77434742128389
 10
-7.058861551355221
 20
-75.77434742128389
 10
-7.058861551355221
 20
-73.77434742128389
 10
-7.25886155135231
 20
-73.77434742128389
  0
LINE
  5
31B
330
240
100
AcDbEntity
  8
0
370
9
100
AcDbLine
 10
-7.15886155134649
 20
-73.77434742128389
 30
0.0
 11
-7.15886155134649
 21
-75.77434742128389
 31
0.0
  0
LINE
  5
31C
330
240
100
AcDbEntity
  8
0
370
9
100
AcDbLine
 10
-7.21709115912381
 20
-73.77434742128389
 30
0.0
 11
-7.21709115912381
 21
-75.77434742128389
 31
0.0
  0
LINE
  5
31D
330
240
100
AcDbEntity
  8
0
370
9
100
AcDbLine
 10
-7.099728523098747
 20
-73.77434742128389
 30
0.0
 11
-7.099728523098747
 21
-75.77434742128389
 31
0.0
  0
LINE
  5
31E
330
240
100
AcDbEntity
  8
0
370
9
100
AcDbLine
 10
-7.187324685437488
 20
-73.77434742128389
 30
0.0
 11
-7.187324685437488
 21
-75.77434742128389
 31
0.0
  0
LINE
  5
31F
330
240
100
AcDbEntity
  8
0
370
9
100
AcDbLine
 10
-7.130143857240909
 20
-73.77434742128389
 30
0.0
 11
-7.130143857240909
 21
-75.77434742128389
 31
0.0
  0
LINE
  5
320
330
240
100
AcDbEntity
  8
0
370
9
100
AcDbLine
 10
-7.078397235411102
 20
-75.77434742128389
 30
0.0
 11
-7.078397235411102
 21
-73.77434742128389
 31
0.0
  0
LINE
  5
321
330
240
100
AcDbEntity
  8
0
370
9
100
AcDbLine
 10
-7.237773586341063
 20
-73.77434742128389
 30
0.0
 11
-7.237773586341063
 21
-75.77434742128389
 31
0.0
  0
LINE
  5
322
330
240
100
AcDbEntity
  8
0
370
9
100
AcDbLine
 10
-6.606801736634224
 20
-73.77434742128389
 30
0.0
 11
-6.606801736634224
 21
-75.77434742128389
 31
0.0
  0
LINE
  5
323
330
240
100
AcDbEntity
  8
0
370
9
100
AcDbLine
 10
-6.606801736634224
 20
-73.77434742128389
 30
0.0
 11
-6.606801736634224
 21
-75.77434742128389
 31
0.0
  0
LWPOLYLINE
  5
324
330
240
100
AcDbEntity
  8
0
370
9
100
AcDbPolyline
 90
4
 70
1
 10
-6.4588615513494
 20
-75.77434742128389
 10
-6.25886155135231
 20
-75.77434742128389
 10
-6.25886155135231
 20
-73.77434742128389
 10
-6.4588615513494
 20
-73.77434742128389
  0
LINE
  5
325
330
240
100
AcDbEntity
  8
0
370
9
100
AcDbLine
 10
-6.358861551343579
 20
-73.77434742128389
 30
0.0
 11
-6.358861551343579
 21
-75.77434742128389
 31
0.0
  0
LINE
  5
326
330
240
100
AcDbEntity
  8
0
370
9
100
AcDbLine
 10
-6.4170911591209
 20
-73.77434742128389
 30
0.0
 11
-6.4170911591209
 21
-75.77434742128389
 31
0.0
  0
LINE
  5
327
330
240
100
AcDbEntity
  8
0
370
9
100
AcDbLine
 10
-6.299728523095836
 20
-73.77434742128389
 30
0.0
 11
-6.299728523095836
 21
-75.77434742128389
 31
0.0
  0
LINE
  5
328
330
240
100
AcDbEntity
  8
0
370
9
100
AcDbLine
 10
-6.387324685434577
 20
-73.77434742128389
 30
0.0
 11
-6.387324685434577
 21
-75.77434742128389
 31
0.0
  0
LINE
  5
329
330
240
100
AcDbEntity
  8
0
370
9
100
AcDbLine
 10
-6.330143857237999
 20
-73.77434742128389
 30
0.0
 11
-6.330143857237999
 21
-75.77434742128389
 31
0.0
  0
LINE
  5
32A
330
240
100
AcDbEntity
  8
0
370
9
100
AcDbLine
 10
-6.278397235408192
 20
-75.77434742128389
 30
0.0
 11
-6.278397235408192
 21
-73.77434742128389
 31
0.0
  0
LINE
  5
32B
330
240
100
AcDbEntity
  8
0
370
9
100
AcDbLine
 10
-6.437773586338153
 20
-73.77434742128389
 30
0.0
 11
-6.437773586338153
 21
-75.77434742128389
 31
0.0
  0
LINE
  5
32C
330
240
100
AcDbEntity
  8
0
370
9
100
AcDbLine
 10
-5.806801736631314
 20
-73.77434742128389
 30
0.0
 11
-5.806801736631314
 21
-75.77434742128389
 31
0.0
  0
LINE
  5
32D
330
240
100
AcDbEntity
  8
0
370
9
100
AcDbLine
 10
-5.806801736631314
 20
-73.77434742128389
 30
0.0
 11
-5.806801736631314
 21
-75.77434742128389
 31
0.0
  0
LWPOLYLINE
  5
32E
330
240
100
AcDbEntity
  8
0
370
9
100
AcDbPolyline
 90
4
 70
1
 10
-5.65886155134649
 20
-75.77434742128389
 10
-5.4588615513494
 20
-75.77434742128389
 10
-5.4588615513494
 20
-73.77434742128389
 10
-5.65886155134649
 20
-73.77434742128389
  0
LINE
  5
32F
330
240
100
AcDbEntity
  8
0
370
9
100
AcDbLine
 10
-5.558861551340669
 20
-73.77434742128389
 30
0.0
 11
-5.558861551340669
 21
-75.77434742128389
 31
0.0
  0
LINE
  5
330
330
240
100
AcDbEntity
  8
0
370
9
100
AcDbLine
 10
-5.61709115911799
 20
-73.77434742128389
 30
0.0
 11
-5.61709115911799
 21
-75.77434742128389
 31
0.0
  0
LINE
  5
331
330
240
100
AcDbEntity
  8
0
370
9
100
AcDbLine
 10
-5.499728523092926
 20
-73.77434742128389
 30
0.0
 11
-5.499728523092926
 21
-75.77434742128389
 31
0.0
  0
LINE
  5
332
330
240
100
AcDbEntity
  8
0
370
9
100
AcDbLine
 10
-5.587324685431667
 20
-73.77434742128389
 30
0.0
 11
-5.587324685431667
 21
-75.77434742128389
 31
0.0
  0
LINE
  5
333
330
240
100
AcDbEntity
  8
0
370
9
100
AcDbLine
 10
-5.530143857235088
 20
-73.77434742128389
 30
0.0
 11
-5.530143857235088
 21
-75.77434742128389
 31
0.0
  0
LINE
  5
334
330
240
100
AcDbEntity
  8
0
370
9
100
AcDbLine
 10
-5.478397235405282
 20
-75.77434742128389
 30
0.0
 11
-5.478397235405282
 21
-73.77434742128389
 31
0.0
  0
LINE
  5
335
330
240
100
AcDbEntity
  8
0
370
9
100
AcDbLine
 10
-5.637773586335242
 20
-73.77434742128389
 30
0.0
 11
-5.637773586335242
 21
-75.77434742128389
 31
0.0
  0
LINE
  5
336
330
240
100
AcDbEntity
  8
0
370
9
100
AcDbLine
 10
-5.006801736628403
 20
-73.77434742128389
 30
0.0
 11
-5.006801736628403
 21
-75.77434742128389
 31
0.0
  0
LINE
  5
337
330
240
100
AcDbEntity
  8
0
370
9
100
AcDbLine
 10
-5.006801736628403
 20
-73.77434742128389
 30
0.0
 11
-5.006801736628403
 21
-75.77434742128389
 31
0.0
  0
LWPOLYLINE
  5
338
330
240
100
AcDbEntity
  8
0
370
9
100
AcDbPolyline
 90
4
 70
1
 10
-4.858861551343579
 20
-75.77434742128389
 10
-4.65886155134649
 20
-75.77434742128389
 10
-4.65886155134649
 20
-73.77434742128389
 10
-4.858861551343579
 20
-73.77434742128389
  0
LINE
  5
339
330
240
100
AcDbEntity
  8
0
370
9
100
AcDbLine
 10
-4.758861551337759
 20
-73.77434742128389
 30
0.0
 11
-4.758861551337759
 21
-75.77434742128389
 31
0.0
  0
LINE
  5
33A
330
240
100
AcDbEntity
  8
0
370
9
100
AcDbLine
 10
-4.817091159115079
 20
-73.77434742128389
 30
0.0
 11
-4.817091159115079
 21
-75.77434742128389
 31
0.0
  0
LINE
  5
33B
330
240
100
AcDbEntity
  8
0
370
9
100
AcDbLine
 10
-4.699728523090016
 20
-73.77434742128389
 30
0.0
 11
-4.699728523090016
 21
-75.77434742128389
 31
0.0
  0
LINE
  5
33C
330
240
100
AcDbEntity
  8
0
370
9
100
AcDbLine
 10
-4.787324685428757
 20
-73.77434742128389
 30
0.0
 11
-4.787324685428757
 21
-75.77434742128389
 31
0.0
  0
LINE
  5
33D
330
240
100
AcDbEntity
  8
0
370
9
100
AcDbLine
 10
-4.730143857232178
 20
-73.77434742128389
 30
0.0
 11
-4.730143857232178
 21
-75.77434742128389
 31
0.0
  0
LINE
  5
33E
330
240
100
AcDbEntity
  8
0
370
9
100
AcDbLine
 10
-4.678397235402371
 20
-75.77434742128389
 30
0.0
 11
-4.678397235402371
 21
-73.77434742128389
 31
0.0
  0
LINE
  5
33F
330
240
100
AcDbEntity
  8
0
370
9
100
AcDbLine
 10
-4.837773586332332
 20
-73.77434742128389
 30
0.0
 11
-4.837773586332332
 21
-75.77434742128389
 31
0.0
  0
LINE
  5
340
330
240
100
AcDbEntity
  8
0
370
9
100
AcDbLine
 10
-4.206801736625493
 20
-73.77434742128389
 30
0.0
 11
-4.206801736625493
 21
-75.77434742128389
 31
0.0
  0
LINE
  5
341
330
240
100
AcDbEntity
  8
0
370
9
100
AcDbLine
 10
-4.206801736625493
 20
-73.77434742128389
 30
0.0
 11
-4.206801736625493
 21
-75.77434742128389
 31
0.0
  0
LWPOLYLINE
  5
342
330
240
100
AcDbEntity
  8
0
370
9
100
AcDbPolyline
 90
4
 70
1
 10
-4.058861551340669
 20
-75.77434742128389
 10
-3.858861551343579
 20
-75.77434742128389
 10
-3.858861551343579
 20
-73.77434742128389
 10
-4.058861551340669
 20
-73.77434742128389
  0
LINE
  5
343
330
240
100
AcDbEntity
  8
0
370
9
100
AcDbLine
 10
-3.958861551334848
 20
-73.77434742128389
 30
0.0
 11
-3.958861551334848
 21
-75.77434742128389
 31
0.0
  0
LINE
  5
344
330
240
100
AcDbEntity
  8
0
370
9
100
AcDbLine
 10
-4.017091159112169
 20
-73.77434742128389
 30
0.0
 11
-4.017091159112169
 21
-75.77434742128389
 31
0.0
  0
LINE
  5
345
330
240
100
AcDbEntity
  8
0
370
9
100
AcDbLine
 10
-3.899728523087105
 20
-73.77434742128389
 30
0.0
 11
-3.899728523087105
 21
-75.77434742128389
 31
0.0
  0
LINE
  5
346
330
240
100
AcDbEntity
  8
0
370
9
100
AcDbLine
 10
-3.987324685425846
 20
-73.77434742128389
 30
0.0
 11
-3.987324685425846
 21
-75.77434742128389
 31
0.0
  0
LINE
  5
347
330
240
100
AcDbEntity
  8
0
370
9
100
AcDbLine
 10
-3.930143857229268
 20
-73.77434742128389
 30
0.0
 11
-3.930143857229268
 21
-75.77434742128389
 31
0.0
  0
LINE
  5
348
330
240
100
AcDbEntity
  8
0
370
9
100
AcDbLine
 10
-3.878397235399461
 20
-75.77434742128389
 30
0.0
 11
-3.878397235399461
 21
-73.77434742128389
 31
0.0
  0
LINE
  5
349
330
240
100
AcDbEntity
  8
0
370
9
100
AcDbLine
 10
-4.037773586329421
 20
-73.77434742128389
 30
0.0
 11
-4.037773586329421
 21
-75.77434742128389
 31
0.0
  0
LINE
  5
34A
330
240
100
AcDbEntity
  8
0
370
9
100
AcDbLine
 10
-3.406801736637135
 20
-73.77434742128389
 30
0.0
 11
-3.406801736637135
 21
-75.77434742128389
 31
0.0
  0
LINE
  5
34B
330
240
100
AcDbEntity
  8
0
370
9
100
AcDbLine
 10
-3.406801736637135
 20
-73.77434742128389
 30
0.0
 11
-3.406801736637135
 21
-75.77434742128389
 31
0.0
  0
LWPOLYLINE
  5
34C
330
240
100
AcDbEntity
  8
0
370
9
100
AcDbPolyline
 90
4
 70
1
 10
-3.25886155135231
 20
-75.77434742128389
 10
-3.058861551355221
 20
-75.77434742128389
 10
-3.058861551355221
 20
-73.77434742128389
 10
-3.25886155135231
 20
-73.77434742128389
  0
LINE
  5
34D
330
240
100
AcDbEntity
  8
0
370
9
100
AcDbLine
 10
-3.15886155134649
 20
-73.77434742128389
 30
0.0
 11
-3.15886155134649
 21
-75.77434742128389
 31
0.0
  0
LINE
  5
34E
330
240
100
AcDbEntity
  8
0
370
9
100
AcDbLine
 10
-3.21709115912381
 20
-73.77434742128389
 30
0.0
 11
-3.21709115912381
 21
-75.77434742128389
 31
0.0
  0
LINE
  5
34F
330
240
100
AcDbEntity
  8
0
370
9
100
AcDbLine
 10
-3.099728523098747
 20
-73.77434742128389
 30
0.0
 11
-3.099728523098747
 21
-75.77434742128389
 31
0.0
  0
LINE
  5
350
330
240
100
AcDbEntity
  8
0
370
9
100
AcDbLine
 10
-3.187324685437488
 20
-73.77434742128389
 30
0.0
 11
-3.187324685437488
 21
-75.77434742128389
 31
0.0
  0
LINE
  5
351
330
240
100
AcDbEntity
  8
0
370
9
100
AcDbLine
 10
-3.130143857240909
 20
-73.77434742128389
 30
0.0
 11
-3.130143857240909
 21
-75.77434742128389
 31
0.0
  0
LINE
  5
352
330
240
100
AcDbEntity
  8
0
370
9
100
AcDbLine
 10
-3.078397235411102
 20
-75.77434742128389
 30
0.0
 11
-3.078397235411102
 21
-73.77434742128389
 31
0.0
  0
LINE
  5
353
330
240
100
AcDbEntity
  8
0
370
9
100
AcDbLine
 10
-3.237773586341063
 20
-73.77434742128389
 30
0.0
 11
-3.237773586341063
 21
-75.77434742128389
 31
0.0
  0
LINE
  5
354
330
240
100
AcDbEntity
  8
0
370
9
100
AcDbLine
 10
-2.606801736634224
 20
-73.77434742128389
 30
0.0
 11
-2.606801736634224
 21
-75.77434742128389
 31
0.0
  0
LINE
  5
355
330
240
100
AcDbEntity
  8
0
370
9
100
AcDbLine
 10
-2.606801736634224
 20
-73.77434742128389
 30
0.0
 11
-2.606801736634224
 21
-75.77434742128389
 31
0.0
  0
LWPOLYLINE
  5
356
330
240
100
AcDbEntity
  8
0
370
9
100
AcDbPolyline
 90
4
 70
1
 10
-2.4588615513494
 20
-75.77434742128389
 10
-2.25886155135231
 20
-75.77434742128389
 10
-2.25886155135231
 20
-73.77434742128389
 10
-2.4588615513494
 20
-73.77434742128389
  0
LINE
  5
357
330
240
100
AcDbEntity
  8
0
370
9
100
AcDbLine
 10
-2.358861551343579
 20
-73.77434742128389
 30
0.0
 11
-2.358861551343579
 21
-75.77434742128389
 31
0.0
  0
LINE
  5
358
330
240
100
AcDbEntity
  8
0
370
9
100
AcDbLine
 10
-2.4170911591209
 20
-73.77434742128389
 30
0.0
 11
-2.4170911591209
 21
-75.77434742128389
 31
0.0
  0
LINE
  5
359
330
240
100
AcDbEntity
  8
0
370
9
100
AcDbLine
 10
-2.299728523095836
 20
-73.77434742128389
 30
0.0
 11
-2.299728523095836
 21
-75.77434742128389
 31
0.0
  0
LINE
  5
35A
330
240
100
AcDbEntity
  8
0
370
9
100
AcDbLine
 10
-2.387324685434577
 20
-73.77434742128389
 30
0.0
 11
-2.387324685434577
 21
-75.77434742128389
 31
0.0
  0
LINE
  5
35B
330
240
100
AcDbEntity
  8
0
370
9
100
AcDbLine
 10
-2.330143857237999
 20
-73.77434742128389
 30
0.0
 11
-2.330143857237999
 21
-75.77434742128389
 31
0.0
  0
LINE
  5
35C
330
240
100
AcDbEntity
  8
0
370
9
100
AcDbLine
 10
-2.278397235408192
 20
-75.77434742128389
 30
0.0
 11
-2.278397235408192
 21
-73.77434742128389
 31
0.0
  0
LINE
  5
35D
330
240
100
AcDbEntity
  8
0
370
9
100
AcDbLine
 10
-2.437773586338153
 20
-73.77434742128389
 30
0.0
 11
-2.437773586338153
 21
-75.77434742128389
 31
0.0
  0
LINE
  5
35E
330
240
100
AcDbEntity
  8
0
370
9
100
AcDbLine
 10
-1.806801736631314
 20
-73.77434742128389
 30
0.0
 11
-1.806801736631314
 21
-75.77434742128389
 31
0.0
  0
LINE
  5
35F
330
240
100
AcDbEntity
  8
0
370
9
100
AcDbLine
 10
-1.806801736631314
 20
-73.77434742128389
 30
0.0
 11
-1.806801736631314
 21
-75.77434742128389
 31
0.0
  0
LWPOLYLINE
  5
360
330
240
100
AcDbEntity
  8
0
370
9
100
AcDbPolyline
 90
4
 70
1
 10
-1.65886155134649
 20
-75.77434742128389
 10
-1.4588615513494
 20
-75.77434742128389
 10
-1.4588615513494
 20
-73.77434742128389
 10
-1.65886155134649
 20
-73.77434742128389
  0
LINE
  5
361
330
240
100
AcDbEntity
  8
0
370
9
100
AcDbLine
 10
-1.558861551340669
 20
-73.77434742128389
 30
0.0
 11
-1.558861551340669
 21
-75.77434742128389
 31
0.0
  0
LINE
  5
362
330
240
100
AcDbEntity
  8
0
370
9
100
AcDbLine
 10
-1.61709115911799
 20
-73.77434742128389
 30
0.0
 11
-1.61709115911799
 21
-75.77434742128389
 31
0.0
  0
LINE
  5
363
330
240
100
AcDbEntity
  8
0
370
9
100
AcDbLine
 10
-1.499728523092926
 20
-73.77434742128389
 30
0.0
 11
-1.499728523092926
 21
-75.77434742128389
 31
0.0
  0
LINE
  5
364
330
240
100
AcDbEntity
  8
0
370
9
100
AcDbLine
 10
-1.587324685431667
 20
-73.77434742128389
 30
0.0
 11
-1.587324685431667
 21
-75.77434742128389
 31
0.0
  0
LINE
  5
365
330
240
100
AcDbEntity
  8
0
370
9
100
AcDbLine
 10
-1.530143857235088
 20
-73.77434742128389
 30
0.0
 11
-1.530143857235088
 21
-75.77434742128389
 31
0.0
  0
LINE
  5
366
330
240
100
AcDbEntity
  8
0
370
9
100
AcDbLine
 10
-1.478397235405282
 20
-75.77434742128389
 30
0.0
 11
-1.478397235405282
 21
-73.77434742128389
 31
0.0
  0
LINE
  5
367
330
240
100
AcDbEntity
  8
0
370
9
100
AcDbLine
 10
-1.637773586335242
 20
-73.77434742128389
 30
0.0
 11
-1.637773586335242
 21
-75.77434742128389
 31
0.0
  0
LINE
  5
368
330
240
100
AcDbEntity
  8
0
370
9
100
AcDbLine
 10
-1.006801736628403
 20
-73.77434742128389
 30
0.0
 11
-1.006801736628403
 21
-75.77434742128389
 31
0.0
  0
LINE
  5
369
330
240
100
AcDbEntity
  8
0
370
9
100
AcDbLine
 10
-1.006801736628403
 20
-73.77434742128389
 30
0.0
 11
-1.006801736628403
 21
-75.77434742128389
 31
0.0
  0
LWPOLYLINE
  5
36A
330
240
100
AcDbEntity
  8
0
370
9
100
AcDbPolyline
 90
4
 70
1
 10
-0.8588615513435797
 20
-75.77434742128389
 10
-0.6588615513464902
 20
-75.77434742128389
 10
-0.6588615513464902
 20
-73.77434742128389
 10
-0.8588615513435797
 20
-73.77434742128389
  0
LINE
  5
36B
330
240
100
AcDbEntity
  8
0
370
9
100
AcDbLine
 10
-0.758861551337759
 20
-73.77434742128389
 30
0.0
 11
-0.758861551337759
 21
-75.77434742128389
 31
0.0
  0
LINE
  5
36C
330
240
100
AcDbEntity
  8
0
370
9
100
AcDbLine
 10
-0.8170911591150797
 20
-73.77434742128389
 30
0.0
 11
-0.8170911591150797
 21
-75.77434742128389
 31
0.0
  0
LINE
  5
36D
330
240
100
AcDbEntity
  8
0
370
9
100
AcDbLine
 10
-0.6997285230900161
 20
-73.77434742128389
 30
0.0
 11
-0.6997285230900161
 21
-75.77434742128389
 31
0.0
  0
LINE
  5
36E
330
240
100
AcDbEntity
  8
0
370
9
100
AcDbLine
 10
-0.7873246854287573
 20
-73.77434742128389
 30
0.0
 11
-0.7873246854287573
 21
-75.77434742128389
 31
0.0
  0
LINE
  5
36F
330
240
100
AcDbEntity
  8
0
370
9
100
AcDbLine
 10
-0.7301438572321786
 20
-73.77434742128389
 30
0.0
 11
-0.7301438572321786
 21
-75.77434742128389
 31
0.0
  0
LINE
  5
370
330
240
100
AcDbEntity
  8
0
370
9
100
AcDbLine
 10
-0.6783972354023718
 20
-75.77434742128389
 30
0.0
 11
-0.6783972354023718
 21
-73.77434742128389
 31
0.0
  0
LINE
  5
371
330
240
100
AcDbEntity
  8
0
370
9
100
AcDbLine
 10
-0.8377735863323323
 20
-73.77434742128389
 30
0.0
 11
-0.8377735863323323
 21
-75.77434742128389
 31
0.0
  0
LINE
  5
372
330
240
100
AcDbEntity
  8
0
370
9
100
AcDbLine
 10
-0.2068017366254935
 20
-73.77434742128389
 30
0.0
 11
-0.2068017366254935
 21
-75.77434742128389
 31
0.0
  0
LINE
  5
373
330
240
100
AcDbEntity
  8
0
370
9
100
AcDbLine
 10
-0.2068017366254935
 20
-73.77434742128389
 30
0.0
 11
-0.2068017366254935
 21
-75.77434742128389
 31
0.0
  0
LWPOLYLINE
  5
374
330
240
100
AcDbEntity
  8
0
370
9
100
AcDbPolyline
 90
4
 70
1
 10
-0.0588615513406694
 20
-75.77434742128389
 10
0.1411384486564202
 20
-75.77434742128389
 10
0.1411384486564202
 20
-73.77434742128389
 10
-0.0588615513406694
 20
-73.77434742128389
  0
LINE
  5
375
330
240
100
AcDbEntity
  8
0
370
9
100
AcDbLine
 10
0.0411384486651514
 20
-73.77434742128389
 30
0.0
 11
0.0411384486651514
 21
-75.77434742128389
 31
0.0
  0
LINE
  5
376
330
240
100
AcDbEntity
  8
0
370
9
100
AcDbLine
 10
-0.0170911591121694
 20
-73.77434742128389
 30
0.0
 11
-0.0170911591121694
 21
-75.77434742128389
 31
0.0
  0
LINE
  5
377
330
240
100
AcDbEntity
  8
0
370
9
100
AcDbLine
 10
0.1002714769128943
 20
-73.77434742128389
 30
0.0
 11
0.1002714769128943
 21
-75.77434742128389
 31
0.0
  0
LINE
  5
378
330
240
100
AcDbEntity
  8
0
370
9
100
AcDbLine
 10
0.0126753145741532
 20
-73.77434742128389
 30
0.0
 11
0.0126753145741532
 21
-75.77434742128389
 31
0.0
  0
LINE
  5
379
330
240
100
AcDbEntity
  8
0
370
9
100
AcDbLine
 10
0.0698561427707318
 20
-73.77434742128389
 30
0.0
 11
0.0698561427707318
 21
-75.77434742128389
 31
0.0
  0
LINE
  5
37A
330
240
100
AcDbEntity
  8
0
370
9
100
AcDbLine
 10
0.1216027646005386
 20
-75.77434742128389
 30
0.0
 11
0.1216027646005386
 21
-73.77434742128389
 31
0.0
  0
LINE
  5
37B
330
240
100
AcDbEntity
  8
0
370
9
100
AcDbLine
 10
-0.037773586329422
 20
-73.77434742128389
 30
0.0
 11
-0.037773586329422
 21
-75.77434742128389
 31
0.0
  0
LINE
  5
37C
330
240
100
AcDbEntity
  8
0
370
9
100
AcDbLine
 10
0.593198263362865
 20
-73.77434742128389
 30
0.0
 11
0.593198263362865
 21
-75.77434742128389
 31
0.0
  0
LINE
  5
37D
330
240
100
AcDbEntity
  8
0
370
9
100
AcDbLine
 10
0.593198263362865
 20
-73.77434742128389
 30
0.0
 11
0.593198263362865
 21
-75.77434742128389
 31
0.0
  0
LWPOLYLINE
  5
37E
330
240
100
AcDbEntity
  8
0
370
9
100
AcDbPolyline
 90
4
 70
1
 10
0.7411384486476891
 20
-75.77434742128389
 10
0.9411384486447786
 20
-75.77434742128389
 10
0.9411384486447786
 20
-73.77434742128389
 10
0.7411384486476891
 20
-73.77434742128389
  0
LINE
  5
37F
330
240
100
AcDbEntity
  8
0
370
9
100
AcDbLine
 10
0.8411384486535098
 20
-73.77434742128389
 30
0.0
 11
0.8411384486535098
 21
-75.77434742128389
 31
0.0
  0
LINE
  5
380
330
240
100
AcDbEntity
  8
0
370
9
100
AcDbLine
 10
0.7829088408761891
 20
-73.77434742128389
 30
0.0
 11
0.7829088408761891
 21
-75.77434742128389
 31
0.0
  0
LINE
  5
381
330
240
100
AcDbEntity
  8
0
370
9
100
AcDbLine
 10
0.9002714769012528
 20
-73.77434742128389
 30
0.0
 11
0.9002714769012528
 21
-75.77434742128389
 31
0.0
  0
LINE
  5
382
330
240
100
AcDbEntity
  8
0
370
9
100
AcDbLine
 10
0.8126753145625116
 20
-73.77434742128389
 30
0.0
 11
0.8126753145625116
 21
-75.77434742128389
 31
0.0
  0
LINE
  5
383
330
240
100
AcDbEntity
  8
0
370
9
100
AcDbLine
 10
0.8698561427590902
 20
-73.77434742128389
 30
0.0
 11
0.8698561427590902
 21
-75.77434742128389
 31
0.0
  0
LINE
  5
384
330
240
100
AcDbEntity
  8
0
370
9
100
AcDbLine
 10
0.9216027645888971
 20
-75.77434742128389
 30
0.0
 11
0.9216027645888971
 21
-73.77434742128389
 31
0.0
  0
LINE
  5
385
330
240
100
AcDbEntity
  8
0
370
9
100
AcDbLine
 10
0.7622264136589365
 20
-73.77434742128389
 30
0.0
 11
0.7622264136589365
 21
-75.77434742128389
 31
0.0
  0
LINE
  5
386
330
240
100
AcDbEntity
  8
0
370
9
100
AcDbLine
 10
1.393198263365775
 20
-73.77434742128389
 30
0.0
 11
1.393198263365775
 21
-75.77434742128389
 31
0.0
  0
LINE
  5
387
330
240
100
AcDbEntity
  8
0
370
9
100
AcDbLine
 10
1.393198263365775
 20
-73.77434742128389
 30
0.0
 11
1.393198263365775
 21
-75.77434742128389
 31
0.0
  0
LWPOLYLINE
  5
388
330
240
100
AcDbEntity
  8
0
370
9
100
AcDbPolyline
 90
4
 70
1
 10
1.541138448650599
 20
-75.77434742128389
 10
1.741138448647689
 20
-75.77434742128389
 10
1.741138448647689
 20
-73.77434742128389
 10
1.541138448650599
 20
-73.77434742128389
  0
LINE
  5
389
330
240
100
AcDbEntity
  8
0
370
9
100
AcDbLine
 10
1.64113844865642
 20
-73.77434742128389
 30
0.0
 11
1.64113844865642
 21
-75.77434742128389
 31
0.0
  0
LINE
  5
38A
330
240
100
AcDbEntity
  8
0
370
9
100
AcDbLine
 10
1.582908840879099
 20
-73.77434742128389
 30
0.0
 11
1.582908840879099
 21
-75.77434742128389
 31
0.0
  0
LINE
  5
38B
330
240
100
AcDbEntity
  8
0
370
9
100
AcDbLine
 10
1.700271476904163
 20
-73.77434742128389
 30
0.0
 11
1.700271476904163
 21
-75.77434742128389
 31
0.0
  0
LINE
  5
38C
330
240
100
AcDbEntity
  8
0
370
9
100
AcDbLine
 10
1.612675314565422
 20
-73.77434742128389
 30
0.0
 11
1.612675314565422
 21
-75.77434742128389
 31
0.0
  0
LINE
  5
38D
330
240
100
AcDbEntity
  8
0
370
9
100
AcDbLine
 10
1.669856142762
 20
-73.77434742128389
 30
0.0
 11
1.669856142762
 21
-75.77434742128389
 31
0.0
  0
LINE
  5
38E
330
240
100
AcDbEntity
  8
0
370
9
100
AcDbLine
 10
1.721602764591807
 20
-75.77434742128389
 30
0.0
 11
1.721602764591807
 21
-73.77434742128389
 31
0.0
  0
LINE
  5
38F
330
240
100
AcDbEntity
  8
0
370
9
100
AcDbLine
 10
1.562226413661846
 20
-73.77434742128389
 30
0.0
 11
1.562226413661846
 21
-75.77434742128389
 31
0.0
  0
LINE
  5
390
330
240
100
AcDbEntity
  8
0
370
9
100
AcDbLine
 10
2.193198263368685
 20
-73.77434742128389
 30
0.0
 11
2.193198263368685
 21
-75.77434742128389
 31
0.0
  0
LINE
  5
391
330
240
100
AcDbEntity
  8
0
370
9
100
AcDbLine
 10
2.193198263368685
 20
-73.77434742128389
 30
0.0
 11
2.193198263368685
 21
-75.77434742128389
 31
0.0
  0
LWPOLYLINE
  5
392
330
240
100
AcDbEntity
  8
0
370
9
100
AcDbPolyline
 90
4
 70
1
 10
2.341138448653509
 20
-75.77434742128389
 10
2.541138448650599
 20
-75.77434742128389
 10
2.541138448650599
 20
-73.77434742128389
 10
2.341138448653509
 20
-73.77434742128389
  0
LINE
  5
393
330
240
100
AcDbEntity
  8
0
370
9
100
AcDbLine
 10
2.44113844865933
 20
-73.77434742128389
 30
0.0
 11
2.44113844865933
 21
-75.77434742128389
 31
0.0
  0
LINE
  5
394
330
240
100
AcDbEntity
  8
0
370
9
100
AcDbLine
 10
2.382908840882009
 20
-73.77434742128389
 30
0.0
 11
2.382908840882009
 21
-75.77434742128389
 31
0.0
  0
LINE
  5
395
330
240
100
AcDbEntity
  8
0
370
9
100
AcDbLine
 10
2.500271476907073
 20
-73.77434742128389
 30
0.0
 11
2.500271476907073
 21
-75.77434742128389
 31
0.0
  0
LINE
  5
396
330
240
100
AcDbEntity
  8
0
370
9
100
AcDbLine
 10
2.412675314568332
 20
-73.77434742128389
 30
0.0
 11
2.412675314568332
 21
-75.77434742128389
 31
0.0
  0
LINE
  5
397
330
240
100
AcDbEntity
  8
0
370
9
100
AcDbLine
 10
2.469856142764911
 20
-73.77434742128389
 30
0.0
 11
2.469856142764911
 21
-75.77434742128389
 31
0.0
  0
LINE
  5
398
330
240
100
AcDbEntity
  8
0
370
9
100
AcDbLine
 10
2.521602764594717
 20
-75.77434742128389
 30
0.0
 11
2.521602764594717
 21
-73.77434742128389
 31
0.0
  0
LINE
  5
399
330
240
100
AcDbEntity
  8
0
370
9
100
AcDbLine
 10
2.362226413664757
 20
-73.77434742128389
 30
0.0
 11
2.362226413664757
 21
-75.77434742128389
 31
0.0
  0
LINE
  5
39A
330
240
100
AcDbEntity
  8
0
370
9
100
AcDbLine
 10
2.993198263371596
 20
-73.77434742128389
 30
0.0
 11
2.993198263371596
 21
-75.77434742128389
 31
0.0
  0
LINE
  5
39B
330
240
100
AcDbEntity
  8
0
370
9
100
AcDbLine
 10
2.993198263371596
 20
-73.77434742128389
 30
0.0
 11
2.993198263371596
 21
-75.77434742128389
 31
0.0
  0
LWPOLYLINE
  5
39C
330
240
100
AcDbEntity
  8
0
370
9
100
AcDbPolyline
 90
4
 70
1
 10
3.14113844865642
 20
-75.77434742128389
 10
3.341138448653509
 20
-75.77434742128389
 10
3.341138448653509
 20
-73.77434742128389
 10
3.14113844865642
 20
-73.77434742128389
  0
LINE
  5
39D
330
240
100
AcDbEntity
  8
0
370
9
100
AcDbLine
 10
3.24113844866224
 20
-73.77434742128389
 30
0.0
 11
3.24113844866224
 21
-75.77434742128389
 31
0.0
  0
LINE
  5
39E
330
240
100
AcDbEntity
  8
0
370
9
100
AcDbLine
 10
3.18290884088492
 20
-73.77434742128389
 30
0.0
 11
3.18290884088492
 21
-75.77434742128389
 31
0.0
  0
LINE
  5
39F
330
240
100
AcDbEntity
  8
0
370
9
100
AcDbLine
 10
3.300271476909983
 20
-73.77434742128389
 30
0.0
 11
3.300271476909983
 21
-75.77434742128389
 31
0.0
  0
LINE
  5
3A0
330
240
100
AcDbEntity
  8
0
370
9
100
AcDbLine
 10
3.212675314571242
 20
-73.77434742128389
 30
0.0
 11
3.212675314571242
 21
-75.77434742128389
 31
0.0
  0
LINE
  5
3A1
330
240
100
AcDbEntity
  8
0
370
9
100
AcDbLine
 10
3.269856142767821
 20
-73.77434742128389
 30
0.0
 11
3.269856142767821
 21
-75.77434742128389
 31
0.0
  0
LINE
  5
3A2
330
240
100
AcDbEntity
  8
0
370
9
100
AcDbLine
 10
3.321602764597628
 20
-75.77434742128389
 30
0.0
 11
3.321602764597628
 21
-73.77434742128389
 31
0.0
  0
LINE
  5
3A3
330
240
100
AcDbEntity
  8
0
370
9
100
AcDbLine
 10
3.162226413667667
 20
-73.77434742128389
 30
0.0
 11
3.162226413667667
 21
-75.77434742128389
 31
0.0
  0
LINE
  5
3A4
330
240
100
AcDbEntity
  8
0
370
9
100
AcDbLine
 10
3.793198263374506
 20
-73.77434742128389
 30
0.0
 11
3.793198263374506
 21
-75.77434742128389
 31
0.0
  0
LINE
  5
3A5
330
240
100
AcDbEntity
  8
0
370
9
100
AcDbLine
 10
3.793198263374506
 20
-73.77434742128389
 30
0.0
 11
3.793198263374506
 21
-75.77434742128389
 31
0.0
  0
LWPOLYLINE
  5
3A6
330
240
100
AcDbEntity
  8
0
370
9
100
AcDbPolyline
 90
4
 70
1
 10
3.94113844865933
 20
-75.77434742128389
 10
4.14113844865642
 20
-75.77434742128389
 10
4.14113844865642
 20
-73.77434742128389
 10
3.94113844865933
 20
-73.77434742128389
  0
LINE
  5
3A7
330
240
100
AcDbEntity
  8
0
370
9
100
AcDbLine
 10
4.041138448665151
 20
-73.77434742128389
 30
0.0
 11
4.041138448665151
 21
-75.77434742128389
 31
0.0
  0
LINE
  5
3A8
330
240
100
AcDbEntity
  8
0
370
9
100
AcDbLine
 10
3.98290884088783
 20
-73.77434742128389
 30
0.0
 11
3.98290884088783
 21
-75.77434742128389
 31
0.0
  0
LINE
  5
3A9
330
240
100
AcDbEntity
  8
0
370
9
100
AcDbLine
 10
4.100271476912894
 20
-73.77434742128389
 30
0.0
 11
4.100271476912894
 21
-75.77434742128389
 31
0.0
  0
LINE
  5
3AA
330
240
100
AcDbEntity
  8
0
370
9
100
AcDbLine
 10
4.012675314574153
 20
-73.77434742128389
 30
0.0
 11
4.012675314574153
 21
-75.77434742128389
 31
0.0
  0
LINE
  5
3AB
330
240
100
AcDbEntity
  8
0
370
9
100
AcDbLine
 10
4.069856142770731
 20
-73.77434742128389
 30
0.0
 11
4.069856142770731
 21
-75.77434742128389
 31
0.0
  0
LINE
  5
3AC
330
240
100
AcDbEntity
  8
0
370
9
100
AcDbLine
 10
4.121602764600538
 20
-75.77434742128389
 30
0.0
 11
4.121602764600538
 21
-73.77434742128389
 31
0.0
  0
LINE
  5
3AD
330
240
100
AcDbEntity
  8
0
370
9
100
AcDbLine
 10
3.962226413670578
 20
-73.77434742128389
 30
0.0
 11
3.962226413670578
 21
-75.77434742128389
 31
0.0
  0
LINE
  5
3AE
330
240
100
AcDbEntity
  8
0
370
9
100
AcDbLine
 10
4.593198263362864
 20
-73.77434742128389
 30
0.0
 11
4.593198263362864
 21
-75.77434742128389
 31
0.0
  0
LINE
  5
3AF
330
240
100
AcDbEntity
  8
0
370
9
100
AcDbLine
 10
4.593198263362864
 20
-73.77434742128389
 30
0.0
 11
4.593198263362864
 21
-75.77434742128389
 31
0.0
  0
LWPOLYLINE
  5
3B0
330
240
100
AcDbEntity
  8
0
370
9
100
AcDbPolyline
 90
4
 70
1
 10
4.741138448647689
 20
-75.77434742128389
 10
4.941138448644778
 20
-75.77434742128389
 10
4.941138448644778
 20
-73.77434742128389
 10
4.741138448647689
 20
-73.77434742128389
  0
LINE
  5
3B1
330
240
100
AcDbEntity
  8
0
370
9
100
AcDbLine
 10
4.841138448653509
 20
-73.77434742128389
 30
0.0
 11
4.841138448653509
 21
-75.77434742128389
 31
0.0
  0
LINE
  5
3B2
330
240
100
AcDbEntity
  8
0
370
9
100
AcDbLine
 10
4.782908840876189
 20
-73.77434742128389
 30
0.0
 11
4.782908840876189
 21
-75.77434742128389
 31
0.0
  0
LINE
  5
3B3
330
240
100
AcDbEntity
  8
0
370
9
100
AcDbLine
 10
4.900271476901252
 20
-73.77434742128389
 30
0.0
 11
4.900271476901252
 21
-75.77434742128389
 31
0.0
  0
LINE
  5
3B4
330
240
100
AcDbEntity
  8
0
370
9
100
AcDbLine
 10
4.812675314562511
 20
-73.77434742128389
 30
0.0
 11
4.812675314562511
 21
-75.77434742128389
 31
0.0
  0
LINE
  5
3B5
330
240
100
AcDbEntity
  8
0
370
9
100
AcDbLine
 10
4.86985614275909
 20
-73.77434742128389
 30
0.0
 11
4.86985614275909
 21
-75.77434742128389
 31
0.0
  0
LINE
  5
3B6
330
240
100
AcDbEntity
  8
0
370
9
100
AcDbLine
 10
4.921602764588897
 20
-75.77434742128389
 30
0.0
 11
4.921602764588897
 21
-73.77434742128389
 31
0.0
  0
LINE
  5
3B7
330
240
100
AcDbEntity
  8
0
370
9
100
AcDbLine
 10
4.762226413658936
 20
-73.77434742128389
 30
0.0
 11
4.762226413658936
 21
-75.77434742128389
 31
0.0
  0
LINE
  5
3B8
330
240
100
AcDbEntity
  8
0
370
9
100
AcDbLine
 10
5.393198263365775
 20
-73.77434742128389
 30
0.0
 11
5.393198263365775
 21
-75.77434742128389
 31
0.0
  0
LINE
  5
3B9
330
240
100
AcDbEntity
  8
0
370
9
100
AcDbLine
 10
5.393198263365775
 20
-73.77434742128389
 30
0.0
 11
5.393198263365775
 21
-75.77434742128389
 31
0.0
  0
LWPOLYLINE
  5
3BA
330
240
100
AcDbEntity
  8
0
370
9
100
AcDbPolyline
 90
4
 70
1
 10
5.541138448650599
 20
-75.77434742128389
 10
5.741138448647689
 20
-75.77434742128389
 10
5.741138448647689
 20
-73.77434742128389
 10
5.541138448650599
 20
-73.77434742128389
  0
LINE
  5
3BB
330
240
100
AcDbEntity
  8
0
370
9
100
AcDbLine
 10
5.64113844865642
 20
-73.77434742128389
 30
0.0
 11
5.64113844865642
 21
-75.77434742128389
 31
0.0
  0
LINE
  5
3BC
330
240
100
AcDbEntity
  8
0
370
9
100
AcDbLine
 10
5.582908840879099
 20
-73.77434742128389
 30
0.0
 11
5.582908840879099
 21
-75.77434742128389
 31
0.0
  0
LINE
  5
3BD
330
240
100
AcDbEntity
  8
0
370
9
100
AcDbLine
 10
5.700271476904163
 20
-73.77434742128389
 30
0.0
 11
5.700271476904163
 21
-75.77434742128389
 31
0.0
  0
LINE
  5
3BE
330
240
100
AcDbEntity
  8
0
370
9
100
AcDbLine
 10
5.612675314565422
 20
-73.77434742128389
 30
0.0
 11
5.612675314565422
 21
-75.77434742128389
 31
0.0
  0
LINE
  5
3BF
330
240
100
AcDbEntity
  8
0
370
9
100
AcDbLine
 10
5.669856142762
 20
-73.77434742128389
 30
0.0
 11
5.669856142762
 21
-75.77434742128389
 31
0.0
  0
LINE
  5
3C0
330
240
100
AcDbEntity
  8
0
370
9
100
AcDbLine
 10
5.721602764591807
 20
-75.77434742128389
 30
0.0
 11
5.721602764591807
 21
-73.77434742128389
 31
0.0
  0
LINE
  5
3C1
330
240
100
AcDbEntity
  8
0
370
9
100
AcDbLine
 10
5.562226413661846
 20
-73.77434742128389
 30
0.0
 11
5.562226413661846
 21
-75.77434742128389
 31
0.0
  0
LINE
  5
3C2
330
240
100
AcDbEntity
  8
0
370
9
100
AcDbLine
 10
6.193198263368685
 20
-73.77434742128389
 30
0.0
 11
6.193198263368685
 21
-75.77434742128389
 31
0.0
  0
LINE
  5
3C3
330
240
100
AcDbEntity
  8
0
370
9
100
AcDbLine
 10
6.193198263368685
 20
-73.77434742128389
 30
0.0
 11
6.193198263368685
 21
-75.77434742128389
 31
0.0
  0
LWPOLYLINE
  5
3C4
330
240
100
AcDbEntity
  8
0
370
9
100
AcDbPolyline
 90
4
 70
1
 10
6.341138448653509
 20
-75.77434742128389
 10
6.541138448650599
 20
-75.77434742128389
 10
6.541138448650599
 20
-73.77434742128389
 10
6.341138448653509
 20
-73.77434742128389
  0
LINE
  5
3C5
330
240
100
AcDbEntity
  8
0
370
9
100
AcDbLine
 10
6.44113844865933
 20
-73.77434742128389
 30
0.0
 11
6.44113844865933
 21
-75.77434742128389
 31
0.0
  0
LINE
  5
3C6
330
240
100
AcDbEntity
  8
0
370
9
100
AcDbLine
 10
6.382908840882009
 20
-73.77434742128389
 30
0.0
 11
6.382908840882009
 21
-75.77434742128389
 31
0.0
  0
LINE
  5
3C7
330
240
100
AcDbEntity
  8
0
370
9
100
AcDbLine
 10
6.500271476907073
 20
-73.77434742128389
 30
0.0
 11
6.500271476907073
 21
-75.77434742128389
 31
0.0
  0
LINE
  5
3C8
330
240
100
AcDbEntity
  8
0
370
9
100
AcDbLine
 10
6.412675314568332
 20
-73.77434742128389
 30
0.0
 11
6.412675314568332
 21
-75.77434742128389
 31
0.0
  0
LINE
  5
3C9
330
240
100
AcDbEntity
  8
0
370
9
100
AcDbLine
 10
6.469856142764911
 20
-73.77434742128389
 30
0.0
 11
6.469856142764911
 21
-75.77434742128389
 31
0.0
  0
LINE
  5
3CA
330
240
100
AcDbEntity
  8
0
370
9
100
AcDbLine
 10
6.521602764594717
 20
-75.77434742128389
 30
0.0
 11
6.521602764594717
 21
-73.77434742128389
 31
0.0
  0
LINE
  5
3CB
330
240
100
AcDbEntity
  8
0
370
9
100
AcDbLine
 10
6.362226413664757
 20
-73.77434742128389
 30
0.0
 11
6.362226413664757
 21
-75.77434742128389
 31
0.0
  0
LINE
  5
3CC
330
240
100
AcDbEntity
  8
0
370
9
100
AcDbLine
 10
6.993198263371596
 20
-73.77434742128389
 30
0.0
 11
6.993198263371596
 21
-75.77434742128389
 31
0.0
  0
LINE
  5
3CD
330
240
100
AcDbEntity
  8
0
370
9
100
AcDbLine
 10
6.993198263371596
 20
-73.77434742128389
 30
0.0
 11
6.993198263371596
 21
-75.77434742128389
 31
0.0
  0
LWPOLYLINE
  5
3CE
330
240
100
AcDbEntity
  8
0
370
9
100
AcDbPolyline
 90
4
 70
1
 10
7.14113844865642
 20
-75.77434742128389
 10
7.341138448653509
 20
-75.77434742128389
 10
7.341138448653509
 20
-73.77434742128389
 10
7.14113844865642
 20
-73.77434742128389
  0
LINE
  5
3CF
330
240
100
AcDbEntity
  8
0
370
9
100
AcDbLine
 10
7.24113844866224
 20
-73.77434742128389
 30
0.0
 11
7.24113844866224
 21
-75.77434742128389
 31
0.0
  0
LINE
  5
3D0
330
240
100
AcDbEntity
  8
0
370
9
100
AcDbLine
 10
7.18290884088492
 20
-73.77434742128389
 30
0.0
 11
7.18290884088492
 21
-75.77434742128389
 31
0.0
  0
LINE
  5
3D1
330
240
100
AcDbEntity
  8
0
370
9
100
AcDbLine
 10
7.300271476909983
 20
-73.77434742128389
 30
0.0
 11
7.300271476909983
 21
-75.77434742128389
 31
0.0
  0
LINE
  5
3D2
330
240
100
AcDbEntity
  8
0
370
9
100
AcDbLine
 10
7.212675314571242
 20
-73.77434742128389
 30
0.0
 11
7.212675314571242
 21
-75.77434742128389
 31
0.0
  0
LINE
  5
3D3
330
240
100
AcDbEntity
  8
0
370
9
100
AcDbLine
 10
7.269856142767821
 20
-73.77434742128389
 30
0.0
 11
7.269856142767821
 21
-75.77434742128389
 31
0.0
  0
LINE
  5
3D4
330
240
100
AcDbEntity
  8
0
370
9
100
AcDbLine
 10
7.321602764597628
 20
-75.77434742128389
 30
0.0
 11
7.321602764597628
 21
-73.77434742128389
 31
0.0
  0
LINE
  5
3D5
330
240
100
AcDbEntity
  8
0
370
9
100
AcDbLine
 10
7.162226413667667
 20
-73.77434742128389
 30
0.0
 11
7.162226413667667
 21
-75.77434742128389
 31
0.0
  0
LINE
  5
3D6
330
240
100
AcDbEntity
  8
0
370
9
100
AcDbLine
 10
7.793198263374506
 20
-73.77434742128389
 30
0.0
 11
7.793198263374506
 21
-75.77434742128389
 31
0.0
  0
LINE
  5
3D7
330
240
100
AcDbEntity
  8
0
370
9
100
AcDbLine
 10
7.793198263374506
 20
-73.77434742128389
 30
0.0
 11
7.793198263374506
 21
-75.77434742128389
 31
0.0
  0
LWPOLYLINE
  5
3D8
330
240
100
AcDbEntity
  8
0
370
9
100
AcDbPolyline
 90
4
 70
1
 10
7.94113844865933
 20
-75.77434742128389
 10
8.14113844865642
 20
-75.77434742128389
 10
8.14113844865642
 20
-73.77434742128389
 10
7.94113844865933
 20
-73.77434742128389
  0
LINE
  5
3D9
330
240
100
AcDbEntity
  8
0
370
9
100
AcDbLine
 10
8.041138448665151
 20
-73.77434742128389
 30
0.0
 11
8.041138448665151
 21
-75.77434742128389
 31
0.0
  0
LINE
  5
3DA
330
240
100
AcDbEntity
  8
0
370
9
100
AcDbLine
 10
7.98290884088783
 20
-73.77434742128389
 30
0.0
 11
7.98290884088783
 21
-75.77434742128389
 31
0.0
  0
LINE
  5
3DB
330
240
100
AcDbEntity
  8
0
370
9
100
AcDbLine
 10
8.100271476912894
 20
-73.77434742128389
 30
0.0
 11
8.100271476912894
 21
-75.77434742128389
 31
0.0
  0
LINE
  5
3DC
330
240
100
AcDbEntity
  8
0
370
9
100
AcDbLine
 10
8.012675314574153
 20
-73.77434742128389
 30
0.0
 11
8.012675314574153
 21
-75.77434742128389
 31
0.0
  0
LINE
  5
3DD
330
240
100
AcDbEntity
  8
0
370
9
100
AcDbLine
 10
8.069856142770732
 20
-73.77434742128389
 30
0.0
 11
8.069856142770732
 21
-75.77434742128389
 31
0.0
  0
LINE
  5
3DE
330
240
100
AcDbEntity
  8
0
370
9
100
AcDbLine
 10
8.121602764600539
 20
-75.77434742128389
 30
0.0
 11
8.121602764600539
 21
-73.77434742128389
 31
0.0
  0
LINE
  5
3DF
330
240
100
AcDbEntity
  8
0
370
9
100
AcDbLine
 10
7.962226413670578
 20
-73.77434742128389
 30
0.0
 11
7.962226413670578
 21
-75.77434742128389
 31
0.0
  0
LINE
  5
3E0
330
240
100
AcDbEntity
  8
0
370
9
100
AcDbLine
 10
8.593198263362863
 20
-73.77434742128389
 30
0.0
 11
8.593198263362863
 21
-75.77434742128389
 31
0.0
  0
LINE
  5
3E1
330
240
100
AcDbEntity
  8
0
370
9
100
AcDbLine
 10
8.593198263362863
 20
-73.77434742128389
 30
0.0
 11
8.593198263362863
 21
-75.77434742128389
 31
0.0
  0
LWPOLYLINE
  5
3E2
330
240
100
AcDbEntity
  8
0
370
9
100
AcDbPolyline
 90
4
 70
1
 10
8.741138448647689
 20
-75.77434742128389
 10
8.941138448644779
 20
-75.77434742128389
 10
8.941138448644779
 20
-73.77434742128389
 10
8.741138448647689
 20
-73.77434742128389
  0
LINE
  5
3E3
330
240
100
AcDbEntity
  8
0
370
9
100
AcDbLine
 10
8.84113844865351
 20
-73.77434742128389
 30
0.0
 11
8.84113844865351
 21
-75.77434742128389
 31
0.0
  0
LINE
  5
3E4
330
240
100
AcDbEntity
  8
0
370
9
100
AcDbLine
 10
8.782908840876189
 20
-73.77434742128389
 30
0.0
 11
8.782908840876189
 21
-75.77434742128389
 31
0.0
  0
LINE
  5
3E5
330
240
100
AcDbEntity
  8
0
370
9
100
AcDbLine
 10
8.900271476901253
 20
-73.77434742128389
 30
0.0
 11
8.900271476901253
 21
-75.77434742128389
 31
0.0
  0
LINE
  5
3E6
330
240
100
AcDbEntity
  8
0
370
9
100
AcDbLine
 10
8.812675314562512
 20
-73.77434742128389
 30
0.0
 11
8.812675314562512
 21
-75.77434742128389
 31
0.0
  0
LINE
  5
3E7
330
240
100
AcDbEntity
  8
0
370
9
100
AcDbLine
 10
8.86985614275909
 20
-73.77434742128389
 30
0.0
 11
8.86985614275909
 21
-75.77434742128389
 31
0.0
  0
LINE
  5
3E8
330
240
100
AcDbEntity
  8
0
370
9
100
AcDbLine
 10
8.921602764588897
 20
-75.77434742128389
 30
0.0
 11
8.921602764588897
 21
-73.77434742128389
 31
0.0
  0
LINE
  5
3E9
330
240
100
AcDbEntity
  8
0
370
9
100
AcDbLine
 10
8.762226413658937
 20
-73.77434742128389
 30
0.0
 11
8.762226413658937
 21
-75.77434742128389
 31
0.0
  0
LINE
  5
3EA
330
240
100
AcDbEntity
  8
0
370
9
100
AcDbLine
 10
9.393198263365775
 20
-73.77434742128389
 30
0.0
 11
9.393198263365775
 21
-75.77434742128389
 31
0.0
  0
LINE
  5
3EB
330
240
100
AcDbEntity
  8
0
370
9
100
AcDbLine
 10
9.393198263365775
 20
-73.77434742128389
 30
0.0
 11
9.393198263365775
 21
-75.77434742128389
 31
0.0
  0
LWPOLYLINE
  5
3EC
330
240
100
AcDbEntity
  8
0
370
9
100
AcDbPolyline
 90
4
 70
1
 10
9.5411384486506
 20
-75.77434742128389
 10
9.741138448647689
 20
-75.77434742128389
 10
9.741138448647689
 20
-73.77434742128389
 10
9.5411384486506
 20
-73.77434742128389
  0
LINE
  5
3ED
330
240
100
AcDbEntity
  8
0
370
9
100
AcDbLine
 10
9.64113844865642
 20
-73.77434742128389
 30
0.0
 11
9.64113844865642
 21
-75.77434742128389
 31
0.0
  0
LINE
  5
3EE
330
240
100
AcDbEntity
  8
0
370
9
100
AcDbLine
 10
9.5829088408791
 20
-73.77434742128389
 30
0.0
 11
9.5829088408791
 21
-75.77434742128389
 31
0.0
  0
LINE
  5
3EF
330
240
100
AcDbEntity
  8
0
370
9
100
AcDbLine
 10
9.700271476904163
 20
-73.77434742128389
 30
0.0
 11
9.700271476904163
 21
-75.77434742128389
 31
0.0
  0
LINE
  5
3F0
330
240
100
AcDbEntity
  8
0
370
9
100
AcDbLine
 10
9.612675314565422
 20
-73.77434742128389
 30
0.0
 11
9.612675314565422
 21
-75.77434742128389
 31
0.0
  0
LINE
  5
3F1
330
240
100
AcDbEntity
  8
0
370
9
100
AcDbLine
 10
9.669856142762
 20
-73.77434742128389
 30
0.0
 11
9.669856142762
 21
-75.77434742128389
 31
0.0
  0
LINE
  5
3F2
330
240
100
AcDbEntity
  8
0
370
9
100
AcDbLine
 10
9.721602764591807
 20
-75.77434742128389
 30
0.0
 11
9.721602764591807
 21
-73.77434742128389
 31
0.0
  0
LINE
  5
3F3
330
240
100
AcDbEntity
  8
0
370
9
100
AcDbLine
 10
9.562226413661845
 20
-73.77434742128389
 30
0.0
 11
9.562226413661845
 21
-75.77434742128389
 31
0.0
  0
MTEXT
  5
3F4
330
240
100
AcDbEntity
  8
0
100
AcDbMText
 10
-18.71076404319319
 20
-66.7962490778882
 30
0.0
 40
1.799999999999999
 41
72.26130461352147
 46
17.49999999974773
 71
5
 72
5
  1
S1-S2: 400/5A
  7
THIÊN1
  0
MTEXT
  5
3F5
330
240
100
AcDbEntity
  8
0
100
AcDbMText
 10
-18.71076404319319
 20
-70.69867338935
 30
0.0
 40
1.799999999999999
 41
72.26130461352147
 46
17.49999999974773
 71
5
 72
5
  1
S: 5A
  7
THIÊN1
  0
MTEXT
  5
3F6
330
240
100
AcDbEntity
  8
0
100
AcDbMText
 10
-2.561357117258012
 20
-70.69867338935
 30
0.0
 40
1.799999999999999
 41
72.26130461352147
 46
17.49999999974773
 71
5
 72
5
  1
Cấp 0,5
  7
THIÊN1
  0
MTEXT
  5
3F7
330
240
100
AcDbEntity
  8
0
100
AcDbMText
 10
-2.561357117258012
 20
-66.66031442058738
 30
0.0
 40
1.799999999999999
 41
72.26130461352147
 46
17.49999999974773
 71
5
 72
5
  1
600V
  7
THIÊN1
  0
MTEXT
  5
3F8
330
240
100
AcDbEntity
  8
0
100
AcDbMText
 10
9.721549676149152
 20
-66.66031442058738
 30
0.0
 40
1.799999999999999
 41
72.26130461352147
 46
17.49999999974773
 71
5
 72
5
  1
50Hz
  7
THIÊN1
  0
MTEXT
  5
3F9
330
240
100
AcDbEntity
  8
0
100
AcDbMText
 10
9.721549676149152
 20
-70.69867338935
 30
0.0
 40
1.799999999999999
 41
72.26130461352147
 46
17.49999999974773
 71
5
 72
5
  1
2021
  7
THIÊN1
  0
LWPOLYLINE
  5
3FA
330
240
100
AcDbEntity
  8
0
100
AcDbPolyline
 90
4
 70
0
 10
29.48854253221361
 20
-77.78358618527272
 10
31.08854253221944
 20
-77.78358618527272
 10
31.08854253221944
 20
-77.9435861852762
 10
29.32854253222468
 20
-77.9435861852762
  0
LWPOLYLINE
  5
3FB
330
240
100
AcDbEntity
  8
0
100
AcDbPolyline
 90
4
 70
0
 10
24.04854253221129
 20
-77.9435861852762
 10
22.28854253221653
 20
-77.9435861852762
 10
22.28854253221653
 20
-77.78358618527272
 10
23.88854253222234
 20
-77.78358618527272
  0
LINE
  5
3FC
330
240
100
AcDbEntity
  8
0
100
AcDbLine
 10
29.48854253221361
 20
-77.78358618527272
 30
0.0
 11
29.48854253221361
 21
-77.38358618527127
 31
0.0
  0
LINE
  5
3FD
330
240
100
AcDbEntity
  8
0
100
AcDbLine
 10
29.32854253222468
 20
-77.9435861852762
 30
0.0
 11
29.32854253222468
 21
-77.54358618527476
 31
0.0
  0
LINE
  5
3FE
330
240
100
AcDbEntity
  8
0
100
AcDbLine
 10
23.88854253222234
 20
-77.78358618527272
 30
0.0
 11
23.88854253222234
 21
-77.38358618527127
 31
0.0
  0
LINE
  5
3FF
330
240
100
AcDbEntity
  8
0
100
AcDbLine
 10
24.04854253221129
 20
-77.9435861852762
 30
0.0
 11
24.04854253221129
 21
-77.54358618527476
 31
0.0
  0
LINE
  5
400
330
240
100
AcDbEntity
  8
0
100
AcDbLine
 10
24.04854253221129
 20
-77.54358618527476
 30
0.0
 11
29.32854253222468
 21
-77.54358618527476
 31
0.0
  0
CIRCLE
  5
401
330
240
100
AcDbEntity
  8
0
100
AcDbCircle
 10
26.6885425322107
 20
-73.46358618527302
 30
0.0
 40
1.52
  0
ARC
  5
402
330
240
100
AcDbEntity
  8
0
100
AcDbCircle
 10
26.6885425322107
 20
-73.46358618527302
 30
0.0
 40
3.52
100
AcDbArc
 50
348.5926148324158
 51
191.4073851675841
  0
LINE
  5
403
330
240
100
AcDbEntity
  8
0
100
AcDbLine
 10
29.48854253221361
 20
-77.38358618527127
 30
0.0
 11
30.13900735868083
 21
-74.1597847786179
 31
0.0
  0
LINE
  5
404
330
240
100
AcDbEntity
  8
0
100
AcDbLine
 10
23.88854253222234
 20
-77.38358618527127
 30
0.0
 11
23.23807770575513
 21
-74.1597847786179
 31
0.0
  0
MTEXT
  5
405
330
240
100
AcDbEntity
  8
0
100
AcDbMText
 10
26.6424036292301
 20
-71.07040932124073
 30
0.0
 40
0.4800000000000001
 41
19.2696812302724
 46
17.49999999974773
 71
5
 72
5
  1
P1
  7
THIÊN1
  0
LINE
  5
406
330
240
100
AcDbEntity
  8
0
100
AcDbLine
 10
23.88854253222234
 20
-77.38358618527127
 30
0.0
 11
29.48854253221361
 21
-77.38358618527127
 31
0.0
  0
LINE
  5
407
330
240
100
AcDbEntity
  8
0
100
AcDbLine
 10
23.27521818492096
 20
-69.66950472311146
 30
0.0
 11
24.37675167592534
 21
-70.8091515869455
 31
0.0
  0
LINE
  5
408
330
240
100
AcDbEntity
  8
0
100
AcDbLine
 10
25.7710678614676
 20
-72.25171151001996
 30
0.0
 11
30.44610622065375
 21
-77.08850752923172
 31
0.0
  0
LINE
  5
409
330
240
100
AcDbEntity
  8
0
100
AcDbLine
 10
23.05485413598944
 20
-69.44151601525664
 30
0.0
 11
23.43281535498682
 21
-69.49464904690103
 31
0.0
  0
LINE
  5
40A
330
240
100
AcDbEntity
  8
0
100
AcDbLine
 10
23.43281535498682
 20
-69.49464904690103
 30
0.0
 11
23.27521818492096
 21
-69.6695047230969
 31
0.0
  0
LINE
  5
40B
330
240
100
AcDbEntity
  8
0
100
AcDbLine
 10
23.05485413598944
 20
-69.44151601524936
 30
0.0
 11
23.09510499118187
 21
-69.8210653147762
 31
0.0
  0
LINE
  5
40C
330
240
100
AcDbEntity
  8
0
100
AcDbLine
 10
23.09510499118187
 20
-69.8210653147762
 30
0.0
 11
23.27521818492096
 21
-69.66950472308963
 31
0.0
  0
CIRCLE
  5
40D
330
240
100
AcDbEntity
  8
0
100
AcDbCircle
 10
30.55730322543241
 20
-77.20355198207835
 30
0.0
 40
0.16
  0
MTEXT
  5
40E
330
240
100
AcDbEntity
  8
0
100
AcDbMText
 10
26.56704341075965
 20
-80.44941621914768
 30
0.0
 40
1.199999999999999
 41
72.26130461352147
 46
17.49999999974773
 71
5
 72
5
  1
\pi-3.6,l3.6,t3.6;W =1
  7
THIÊN1
  0
MTEXT
  5
40F
330
240
100
AcDbEntity
  8
0
100
AcDbMText
 10
26.30952691494895
 20
-80.96203533630614
 30
0.0
 40
0.36
 41
21.67839138405645
 46
17.49999999974773
 71
5
 72
5
  1
1
  7
THIÊN1
  0
LWPOLYLINE
  5
410
330
240
100
AcDbEntity
  8
0
 62
1
370
9
100
AcDbPolyline
 90
6
 70
0
 10
36.33259170387464
 20
-78.48980002832104
 10
38.09613510066993
 20
-78.49075293984788
 42
0.4142135623730951
 10
39.09613510066993
 20
-77.49075293984788
 10
39.09613510065538
 20
-77.16716664263367
 42
0.4142135623730951
 10
38.09613510065537
 20
-76.16716664263367
 10
37.01884109423554
 20
-76.16716664263367
  0
CIRCLE
  5
411
330
240
100
AcDbEntity
  8
0
 62
1
370
9
100
AcDbCircle
 10
37.91082925206865
 20
-77.32895979123714
 30
0.0
 40
0.5
  0
LINE
  5
412
330
240
100
AcDbEntity
  8
0
100
AcDbLine
 10
-29.99999999998545
 20
34.81304612111853
 30
0.0
 11
-29.99999999998545
 21
45.81304612111853
 31
0.0
  0
ARC
  5
413
330
240
100
AcDbEntity
  8
0
100
AcDbCircle
 10
-28.99999999998545
 20
45.81304612111853
 30
0.0
 40
1.0
100
AcDbArc
 50
90.0
 51
180.0
  0
LINE
  5
414
330
240
100
AcDbEntity
  8
0
100
AcDbLine
 10
-28.99999999995634
 20
46.81304612111853
 30
0.0
 11
-10.49999999997089
 21
46.81304612111853
 31
0.0
  0
LINE
  5
415
330
240
100
AcDbEntity
  8
0
100
AcDbLine
 10
10.5000000000291
 20
46.81304612111853
 30
0.0
 11
29.0000000000291
 21
46.81304612111853
 31
0.0
  0
LINE
  5
416
330
240
100
AcDbEntity
  8
0
100
AcDbLine
 10
-8.999999999985448
 20
41.81304612111126
 30
0.0
 11
9.000000000029104
 21
41.81304612111853
 31
0.0
  0
LINE
  5
417
330
240
100
AcDbEntity
  8
0
100
AcDbLine
 10
-10.0499999999738
 20
45.31304612111125
 30
0.0
 11
10.05000000003201
 21
45.3130461211258
 31
0.0
  0
LINE
  5
418
330
240
100
AcDbEntity
  8
0
100
AcDbLine
 10
30.00000000002911
 20
45.81304612111853
 30
0.0
 11
30.00000000005821
 21
34.81304612111853
 31
0.0
  0
ARC
  5
419
330
240
100
AcDbEntity
  8
0
100
AcDbCircle
 10
29.0000000000291
 20
45.81304612111853
 30
0.0
 40
1.0
100
AcDbArc
 50
0.0
 51
90.0
  0
LINE
  5
41A
330
240
100
AcDbEntity
  8
0
100
AcDbLine
 10
9.000000000029104
 20
41.81304612111853
 30
0.0
 11
10.5000000000291
 21
46.81304612111853
 31
0.0
  0
LINE
  5
41B
330
240
100
AcDbEntity
  8
0
100
AcDbLine
 10
-8.999999999970896
 20
41.81304612111853
 30
0.0
 11
-10.49999999997089
 21
46.81304612111853
 31
0.0
  0
LWPOLYLINE
  5
41C
330
240
100
AcDbEntity
  8
0
370
9
100
AcDbPolyline
 90
6
 70
1
 10
-26.9999999999709
 20
34.81304612111853
 10
-17.99999999997089
 20
34.81304612111853
 10
-17.99999999997089
 20
39.31304612111853
 42
0.4142135623730951
 10
-22.4999999999709
 20
43.81304612111853
 10
-22.4999999999709
 20
43.81304612111853
 42
0.4142135623730951
 10
-26.9999999999709
 20
39.31304612111853
  0
LWPOLYLINE
  5
41D
330
240
100
AcDbEntity
  8
0
370
9
100
AcDbPolyline
 90
6
 70
1
 10
18.00000000004365
 20
34.81304612116219
 10
27.00000000004366
 20
34.81304612116219
 10
27.00000000004366
 20
39.31304612116219
 42
0.4142135623730951
 10
22.50000000004366
 20
43.81304612116219
 10
22.50000000004366
 20
43.81304612116219
 42
0.4142135623730951
 10
18.00000000004365
 20
39.31304612116219
  0
MTEXT
  5
41E
330
240
100
AcDbEntity
  8
0
 62
1
100
AcDbMText
 10
-1.45519e-11
 20
12.27654038276523
 30
0.0
 40
3.0
 41
120.4355076892025
 46
17.49999999974773
 71
5
 72
5
  1
300~600A\PEMIC
  7
THIÊN1
  0
MTEXT
  5
41F
330
240
100
AcDbEntity
  8
0
 62
1
100
AcDbMText
 10
-22.43838628861704
 20
30.47375997158815
 30
0.0
 40
3.599999999999999
 41
144.522609227043
 46
17.49999999974773
 71
5
 72
5
  1
S1
  7
THIÊN1
  0
MTEXT
  5
420
330
240
100
AcDbEntity
  8
0
 62
1
100
AcDbMText
 10
22.56161371139751
 20
30.47375997163181
 30
0.0
 40
3.599999999999999
 41
144.522609227043
 46
17.49999999974773
 71
5
 72
5
  1
S2
  7
THIÊN1
  0
LINE
  5
421
330
240
100
AcDbEntity
  8
0
 62
1
370
9
100
AcDbLine
 10
30.00000000002911
 20
34.81304612111853
 30
0.0
 11
30.00000000002911
 21
14.99999999997817
 31
0.0
  0
LINE
  5
422
330
240
100
AcDbEntity
  8
0
 62
1
370
9
100
AcDbLine
 10
-30.0
 20
34.81304612111853
 30
0.0
 11
-30.00488494501042
 21
14.97580480627948
 31
0.0
  0
MTEXT
  5
423
330
240
100
AcDbEntity
  8
0
 62
1
100
AcDbMText
 10
38.06411710839893
 20
-21.02367649680673
 30
0.0
 40
6.0
 41
240.871015378405
 46
17.49999999974773
 71
5
 72
5
  1
P1
  7
THIÊN1
  0
MTEXT
  5
424
330
240
100
AcDbEntity
  8
0
100
AcDbMText
 10
-7.328534930027672
 20
-77.91080634080572
 30
0.0
 40
1.799999999999999
 41
72.26130461352147
 46
17.49999999974773
 71
5
 72
5
  1
Số: 2122126868
  7
THIÊN1
  0
LINE
  5
425
330
240
100
AcDbEntity
  8
0
370
9
100
AcDbLine
 10
-29.99999999998545
 20
34.81304618021386
 30
0.0
 11
30.00000000005821
 21
34.81304618037393
 31
0.0
  0
LWPOLYLINE
  5
426
330
240
100
AcDbEntity
  8
0
 62
1
370
9
 60
1
100
AcDbPolyline
 90
4
 70
1
 10
-49.9999999999709
 20
45.31304612111853
 10
50.0000000000291
 20
45.31304612111853
 10
50.0000000000291
 20
5.313046121118532
 10
-49.9999999999709
 20
5.313046121118532
  0
LWPOLYLINE
  5
427
330
240
100
AcDbEntity
  8
0
 62
54
 60
1
100
AcDbPolyline
 90
6
 70
0
 10
55.0000000000291
 20
21.31304612111853
 10
55.0000000000291
 20
5.313046121118532
 10
50.0000000000291
 20
5.313046121118532
 10
50.0000000000291
 20
45.31304612111853
 10
55.0000000000291
 20
45.31304612111853
 10
55.0000000000291
 20
29.31304612111853
  0
LWPOLYLINE
  5
428
330
240
100
AcDbEntity
  8
0
 62
54
 60
1
100
AcDbPolyline
 90
6
 70
0
 10
-54.9999999999709
 20
21.31304612111853
 10
-54.9999999999709
 20
5.313046121118532
 10
-49.9999999999709
 20
5.313046121118532
 10
-49.9999999999709
 20
45.31304612111853
 10
-54.9999999999709
 20
45.31304612111853
 10
-54.9999999999709
 20
29.31304612111853
  0
LINE
  5
429
330
240
100
AcDbEntity
  8
0
 62
54
 60
1
100
AcDbLine
 10
55.0000000000291
 20
29.31304612111853
 30
0.0
 11
50.0000000000291
 21
29.31304612111853
 31
0.0
  0
LINE
  5
42A
330
240
100
AcDbEntity
  8
0
 62
54
 60
1
100
AcDbLine
 10
55.0000000000291
 20
21.31304612111853
 30
0.0
 11
50.0000000000291
 21
21.31304612111853
 31
0.0
  0
LINE
  5
42B
330
240
100
AcDbEntity
  8
0
 62
54
 60
1
100
AcDbLine
 10
-54.9999999999709
 20
29.31304612111853
 30
0.0
 11
-49.9999999999709
 21
29.31304612111853
 31
0.0
  0
LINE
  5
42C
330
240
100
AcDbEntity
  8
0
 62
54
 60
1
100
AcDbLine
 10
-54.9999999999709
 20
21.31304612111853
 30
0.0
 11
-49.9999999999709
 21
21.31304612111853
 31
0.0
  0
LWPOLYLINE
  5
42D
330
240
100
AcDbEntity
  8
0
 62
8
370
9
 60
1
100
AcDbPolyline
 90
4
 70
1
 10
30.98806977199274
 20
5.313046121111261
 10
30.98806977199274
 20
0.3130461211112617
 10
26.98806977199274
 20
0.3130461211112617
 10
26.98806977199274
 20
5.313046121111261
  0
LINE
  5
42E
330
240
100
AcDbEntity
  8
0
  6
ASVLTYPE
 62
1
 48
10.0
 60
1
100
AcDbLine
 10
-18.99999999997089
 20
45.31304612111853
 30
0.0
 11
-18.99999999997089
 21
5.313046121118532
 31
0.0
  0
LINE
  5
42F
330
240
100
AcDbEntity
  8
0
  6
ASVLTYPE
 62
1
 48
10.0
 60
1
100
AcDbLine
 10
19.0000000000291
 20
45.31304612111853
 30
0.0
 11
19.0000000000291
 21
5.313046121118532
 31
0.0
  0
LWPOLYLINE
  5
430
330
240
100
AcDbEntity
  8
0
 60
1
100
AcDbPolyline
 90
8
 70
1
 10
-28.9999999999709
 20
41.31304612111853
 10
29.0000000000291
 20
41.31304612111853
 42
-0.4142135623730951
 10
30.00000000002911
 20
40.31304612111853
 10
30.00000000002911
 20
10.31304612111853
 42
-0.4142135623730951
 10
29.0000000000291
 20
9.313046121118532
 10
-28.9999999999709
 20
9.313046121118532
 42
-0.4142135623730951
 10
-29.9999999999709
 20
10.31304612111853
 10
-29.9999999999709
 20
40.31304612111853
 42
-0.4142135623730951
  0
LINE
  5
431
330
240
100
AcDbEntity
  8
0
 60
1
100
AcDbLine
 10
10.5000000000291
 20
41.31304612111853
 30
0.0
 11
10.5000000000291
 21
9.313046121118532
 31
0.0
  0
LINE
  5
432
330
240
100
AcDbEntity
  8
0
 60
1
100
AcDbLine
 10
-10.49999999997089
 20
41.31304612111853
 30
0.0
 11
-10.49999999997089
 21
9.313046121118532
 31
0.0
  0
CIRCLE
  5
433
330
240
100
AcDbEntity
  8
0
 60
1
100
AcDbCircle
 10
2.91038e-11
 20
25.31304612111853
 30
0.0
 40
2.5
  0
LINE
  5
434
330
240
100
AcDbEntity
  8
0
 60
1
100
AcDbLine
 10
-0.4999999999708962
 20
27.76253586390521
 30
0.0
 11
-0.4999999999854481
 21
22.86355637833913
 31
0.0
  0
LINE
  5
435
330
240
100
AcDbEntity
  8
0
 60
1
100
AcDbLine
 10
0.5000000000291039
 20
27.76253586390521
 30
0.0
 11
0.5000000000291039
 21
22.86355637833185
 31
0.0
  0
MTEXT
  5
436
330
240
100
AcDbEntity
  8
0
 62
1
 60
1
100
AcDbMText
 10
3.8853468141e-06
 20
25.39859415667888
 30
0.0
 40
3.0
 41
120.4355076892025
 46
17.49999999974773
 71
5
 72
5
  1
300~600A\P\P\P\PEMIC
  7
THIÊN1
  0
LINE
  5
437
330
240
100
AcDbEntity
  8
0
370
9
 60
1
100
AcDbLine
 10
-10.49999999997089
 20
30.53750484802004
 30
0.0
 11
10.5000000000291
 21
30.53750484802004
 31
0.0
  0
LINE
  5
438
330
240
100
AcDbEntity
  8
0
370
9
 60
1
100
AcDbLine
 10
-10.49999999997089
 20
20.08858739420976
 30
0.0
 11
10.5000000000291
 21
20.08858739420976
 31
0.0
  0
LWPOLYLINE
  5
439
330
240
100
AcDbEntity
  8
0
 62
1
370
9
 60
1
100
AcDbPolyline
 90
6
 70
0
 10
57.5000000000291
 20
9.313046121118518
 10
57.5000000000291
 20
5.313046121118517
 10
-57.49999999997092
 20
5.313046121118532
 10
-57.4999999999709
 20
45.31304612111853
 10
57.5000000000291
 20
45.31304612111852
 10
57.5000000000291
 20
41.31304612111851
  0
LINE
  5
43A
330
240
100
AcDbEntity
  8
0
 62
85
 60
1
100
AcDbLine
 10
-55.4999999999709
 20
45.31304612111853
 30
0.0
 11
-55.49999999997092
 21
5.313046121118532
 31
0.0
  0
LINE
  5
43B
330
240
100
AcDbEntity
  8
0
 62
85
 60
1
100
AcDbLine
 10
-50.4999999999709
 20
45.31304612111853
 30
0.0
 11
-50.49999999997092
 21
5.313046121118532
 31
0.0
  0
LINE
  5
43C
330
240
100
AcDbEntity
  8
0
 62
1
370
9
 60
1
100
AcDbLine
 10
-17.49999999997089
 20
45.31304612111853
 30
0.0
 11
-17.49999999997092
 21
5.313046121118532
 31
0.0
  0
LINE
  5
43D
330
240
100
AcDbEntity
  8
0
 62
1
370
9
 60
1
100
AcDbLine
 10
32.50000000002911
 20
45.31304612111852
 30
0.0
 11
32.50000000002911
 21
5.313046121118517
 31
0.0
  0
LWPOLYLINE
  5
43E
330
240
100
AcDbEntity
  8
0
 62
8
 60
1
100
AcDbPolyline
 90
4
 70
1
 10
-31.75256775831807
 20
45.31304612111854
 10
-31.75256775831807
 20
50.31304612111854
 10
-35.75256775831807
 20
50.31304612111854
 10
-35.75256775831807
 20
45.31304612111854
  0
LINE
  5
43F
330
240
100
AcDbEntity
  8
0
 62
54
 60
1
100
AcDbLine
 10
-55.50001829386019
 20
45.31304612111853
 30
0.0
 11
-55.50001829386022
 21
5.313046121118532
 31
0.0
  0
LWPOLYLINE
  5
440
330
240
100
AcDbEntity
  8
0
 62
54
 60
1
100
AcDbPolyline
 90
4
 70
1
 10
-50.50001829386019
 20
45.31304612111853
 10
-50.50001829386022
 20
5.313046121118532
 10
-57.50001829386022
 20
5.313046121118532
 10
-57.50001829386019
 20
45.31304612111853
  0
LWPOLYLINE
  5
441
330
240
100
AcDbEntity
  8
0
 62
1
 60
1
100
AcDbPolyline
 90
4
 70
0
 10
67.31305594585865
 20
9.313046121089412
 10
47.49999687671516
 20
9.313046121089412
 10
47.49999687671516
 20
41.31304612108941
 10
67.31305594585865
 20
41.31304612108941
  0
LINE
  5
442
330
240
100
AcDbEntity
  8
0
370
9
 60
1
100
AcDbLine
 10
67.31305594585865
 20
9.313046121089412
 30
0.0
 11
67.31305594585865
 21
41.31304612108941
 31
0.0
  0
LWPOLYLINE
  5
443
330
240
100
AcDbEntity
  8
0
370
9
 60
1
100
AcDbPolyline
 90
6
 70
1
 10
67.3130559459023
 20
29.81304612108941
 10
67.3130559459023
 20
20.81304612108942
 10
71.8130559459023
 20
20.81304612108942
 42
0.4142135623730951
 10
76.3130559459023
 20
25.31304612108942
 10
76.3130559459023
 20
25.31304612108942
 42
0.4142135623730951
 10
71.8130559459023
 20
29.81304612108941
  0
LINE
  5
444
330
240
100
AcDbEntity
  8
0
370
9
 60
1
100
AcDbLine
 10
67.31305594585865
 20
41.31304612108941
 30
0.0
 11
78.31304299788462
 21
41.31304612108941
 31
0.0
  0
ARC
  5
445
330
240
100
AcDbEntity
  8
0
370
9
 60
1
100
AcDbCircle
 10
78.31304299788462
 20
40.31304612108941
 30
0.0
 40
1.0
100
AcDbArc
 50
0.0
 51
90.0
  0
LINE
  5
446
330
240
100
AcDbEntity
  8
0
370
9
 60
1
100
AcDbLine
 10
78.31304299788462
 20
9.313046121089412
 30
0.0
 11
67.31305594585865
 21
9.313046121089412
 31
0.0
  0
ARC
  5
447
330
240
100
AcDbEntity
  8
0
370
9
 60
1
100
AcDbCircle
 10
78.31304299788462
 20
10.31304612108941
 30
0.0
 40
1.0
100
AcDbArc
 50
270.0
 51
0.0
  0
LINE
  5
448
330
240
100
AcDbEntity
  8
0
370
9
 60
1
100
AcDbLine
 10
79.31304299788462
 20
40.31304612108941
 30
0.0
 11
79.31304299788462
 21
10.31304612108941
 31
0.0
  0
MTEXT
  5
449
330
240
100
AcDbEntity
  8
0
 62
1
 60
1
100
AcDbMText
 10
57.96686118342768
 20
25.23534508080774
 30
0.0
 40
3.0
 41
120.4355076892025
 46
17.49999999974773
 71
5
 72
5
  1
300~600A\PEMIC
  7
THIÊN1
 11
-2e-16
 21
-1.0
 31
0.0
  0
ENDBLK
  5
242
330
240
100
AcDbEntity
  8
0
100
AcDbBlockEnd
  0
BLOCK
  5
44B
330
44A
100
AcDbEntity
  8
0
100
AcDbBlockBegin
  2
*U1911
 70
1
 10
0.0
 20
0.0
 30
0.0
  3
*U1911
  1

  0
LINE
  5
44D
330
44A
100
AcDbEntity
  8
0
 62
54
100
AcDbLine
 10
49.99941624220809
 20
-143.6619012136652
 30
0.0
 11
49.99941624220809
 21
-156.1989646280272
 31
0.0
  0
LINE
  5
44E
330
44A
100
AcDbEntity
  8
0
 62
54
100
AcDbLine
 10
-50.0005837577919
 20
-143.6619012136652
 30
0.0
 11
-50.0005837577919
 21
-156.1989646280272
 31
0.0
  0
CIRCLE
  5
44F
330
44A
100
AcDbEntity
  8
0
 62
1
370
9
100
AcDbCircle
 10
0.0
 20
-67.5
 30
0.0
 40
40.0
  0
ARC
  5
450
330
44A
100
AcDbEntity
  8
0
 62
1
370
9
100
AcDbCircle
 10
0.0
 20
-67.5
 30
0.0
 40
67.5
100
AcDbArc
 50
306.341203094223
 51
233.658796905777
  0
LWPOLYLINE
  5
451
330
44A
100
AcDbEntity
  8
0
 62
54
100
AcDbPolyline
 90
4
 70
0
 10
40.0
 20
-149.5
 10
60.0
 20
-149.5
 10
60.0
 20
-151.5
 10
38.0
 20
-151.5
  0
LWPOLYLINE
  5
452
330
44A
100
AcDbEntity
  8
0
 62
54
100
AcDbPolyline
 90
4
 70
0
 10
-38.0
 20
-151.5
 10
-60.0
 20
-151.5
 10
-60.0
 20
-149.5
 10
-40.0
 20
-149.5
  0
LINE
  5
453
330
44A
100
AcDbEntity
  8
0
 62
54
100
AcDbLine
 10
40.0
 20
-149.5
 30
0.0
 11
40.0
 21
-144.5
 31
0.0
  0
LINE
  5
454
330
44A
100
AcDbEntity
  8
0
 62
54
100
AcDbLine
 10
38.0
 20
-151.5
 30
0.0
 11
38.0
 21
-146.4999999999927
 31
0.0
  0
LINE
  5
455
330
44A
100
AcDbEntity
  8
0
 62
54
100
AcDbLine
 10
-40.0
 20
-149.5
 30
0.0
 11
-40.0
 21
-144.5
 31
0.0
  0
LINE
  5
456
330
44A
100
AcDbEntity
  8
0
 62
54
100
AcDbLine
 10
-38.0
 20
-151.5
 30
0.0
 11
-38.0
 21
-146.4999999999927
 31
0.0
  0
LINE
  5
457
330
44A
100
AcDbEntity
  8
0
 62
54
100
AcDbLine
 10
-40.0
 20
-144.5
 30
0.0
 11
40.0
 21
-144.5
 31
0.0
  0
LINE
  5
458
330
44A
100
AcDbEntity
  8
0
 62
54
100
AcDbLine
 10
-38.0
 20
-146.4999999999927
 30
0.0
 11
38.0
 21
-146.5
 31
0.0
  0
LINE
  5
459
330
44A
100
AcDbEntity
  8
0
 62
1
370
9
100
AcDbLine
 10
40.0
 20
-144.5
 30
0.0
 11
40.0
 21
-121.8714079273268
 31
0.0
  0
LINE
  5
45A
330
44A
100
AcDbEntity
  8
0
 62
1
370
9
100
AcDbLine
 10
-40.0
 20
-144.5
 30
0.0
 11
-40.0
 21
-121.8714079273268
 31
0.0
  0
LINE
  5
45B
330
44A
100
AcDbEntity
  8
0
 62
1
370
9
100
AcDbLine
 10
-30.0
 20
-7.03306688775774
 30
0.0
 11
-30.0
 21
8.5
 31
0.0
  0
LINE
  5
45C
330
44A
100
AcDbEntity
  8
0
370
9
100
AcDbLine
 10
-29.0
 20
20.5
 30
0.0
 11
-10.5
 21
20.5
 31
0.0
  0
LINE
  5
45D
330
44A
100
AcDbEntity
  8
0
370
9
100
AcDbLine
 10
10.5
 20
20.5
 30
0.0
 11
29.0
 21
20.5
 31
0.0
  0
LINE
  5
45E
330
44A
100
AcDbEntity
  8
0
370
9
100
AcDbLine
 10
-9.00000000001455
 20
15.49999999999272
 30
0.0
 11
9.0
 21
15.5
 31
0.0
  0
LINE
  5
45F
330
44A
100
AcDbEntity
  8
0
370
9
100
AcDbLine
 10
-10.05000000000291
 20
18.99999999999272
 30
0.0
 11
10.05000000000291
 21
19.00000000000727
 31
0.0
  0
LINE
  5
460
330
44A
100
AcDbEntity
  8
0
 62
1
370
9
100
AcDbLine
 10
30.0
 20
8.5
 30
0.0
 11
30.0
 21
-7.03306688775774
 31
0.0
  0
LINE
  5
461
330
44A
100
AcDbEntity
  8
0
370
9
100
AcDbLine
 10
-30.0
 20
8.5
 30
0.0
 11
30.0
 21
8.5
 31
0.0
  0
LINE
  5
462
330
44A
100
AcDbEntity
  8
0
370
9
100
AcDbLine
 10
9.0
 20
15.5
 30
0.0
 11
10.5
 21
20.5
 31
0.0
  0
LINE
  5
463
330
44A
100
AcDbEntity
  8
0
370
9
100
AcDbLine
 10
-9.0
 20
15.5
 30
0.0
 11
-10.5
 21
20.5
 31
0.0
  0
LINE
  5
464
330
44A
100
AcDbEntity
  8
0
 62
85
100
AcDbLine
 10
-35.0
 20
-144.5
 30
0.0
 11
35.0
 21
-144.5
 31
0.0
  0
LINE
  5
465
330
44A
100
AcDbEntity
  8
0
 62
85
100
AcDbLine
 10
-35.0
 20
-144.5
 30
0.0
 11
35.0
 21
-144.5
 31
0.0
  0
MTEXT
  5
466
330
44A
100
AcDbEntity
  8
0
100
AcDbMText
 10
-21.47661286914081
 20
-122.9314099824842
 30
0.0
 40
3.0
 41
120.4355076892025
 46
17.49999999974773
 71
5
 72
5
  1
GELEC {\H0.6667x;EMIC}
  7
THIÊN1
  0
CIRCLE
  5
467
330
44A
100
AcDbEntity
  8
0
100
AcDbCircle
 10
28.98806977196364
 20
-127.7525052895726
 30
0.0
 40
2.0
  0
LINE
  5
468
330
44A
100
AcDbEntity
  8
0
100
AcDbLine
 10
30.98806977196364
 20
-127.7525052895726
 30
0.0
 11
26.98806977196364
 21
-127.7525052895726
 31
0.0
  0
LWPOLYLINE
  5
469
330
44A
100
AcDbEntity
  8
0
 62
251
370
9
100
AcDbPolyline
 90
4
 70
1
 10
-35.0
 20
-144.5
 10
35.0
 20
-144.5
 10
35.0
 20
-119.5
 10
-35.0
 20
-119.5
  0
LWPOLYLINE
  5
46A
330
44A
100
AcDbEntity
  8
0
 62
251
370
9
100
AcDbPolyline
 90
8
 70
1
 10
-33.5
 20
-144.0
 10
33.5
 20
-144.0
 42
0.4142135623732804
 10
34.5
 20
-143.0
 10
34.49999999998545
 20
-121.0
 42
0.4142135623730951
 10
33.49999999998545
 20
-120.0
 10
-33.50000000001455
 20
-120.0
 42
0.4142135623730951
 10
-34.50000000001455
 20
-121.0
 10
-34.5
 20
-143.0
 42
0.4142135623729098
  0
MTEXT
  5
46B
330
44A
100
AcDbEntity
  8
0
100
AcDbMText
 10
20.47270263094106
 20
-123.6773007073716
 30
0.0
 40
1.199999999999999
 41
72.26130461352147
 46
17.49999999974773
 71
5
 72
5
  1
BIẾN DÒNG HẠ THẾ -CT0.6
  7
THIÊN1
  0
LWPOLYLINE
  5
46C
330
44A
100
AcDbEntity
  8
0
 62
251
370
9
100
AcDbPolyline
 90
4
 70
1
 10
-28.23579229961615
 20
-141.2209862895761
 10
15.83241464944149
 20
-141.2209862895761
 10
15.83241464944149
 20
-126.4230790451402
 10
-28.23579229961615
 20
-126.4230790451402
  0
MTEXT
  5
46D
330
44A
100
AcDbEntity
  8
0
100
AcDbMText
 10
-5.191938813790329
 20
-142.6475246716873
 30
0.0
 40
0.9
 41
54.19597846014112
 46
17.49999999974773
 71
5
 72
5
  1
Sản xuất tại Công ty cổ phần Thiết bị điện GELEX
  7
THIÊN1
  0
LINE
  5
46E
330
44A
100
AcDbEntity
  8
0
 62
251
370
9
100
AcDbLine
 10
-28.23579229961615
 20
-133.8220326673618
 30
0.0
 11
15.83241464944149
 21
-133.8220326673618
 31
0.0
  0
LINE
  5
46F
330
44A
100
AcDbEntity
  8
0
 62
251
370
9
100
AcDbLine
 10
-28.23579229961615
 20
-130.4614380139028
 30
0.0
 11
15.83241464944149
 21
-130.4614380139028
 31
0.0
  0
LINE
  5
470
330
44A
100
AcDbEntity
  8
0
 62
251
370
9
100
AcDbLine
 10
-8.134662946264143
 20
-126.4230790451402
 30
0.0
 11
-8.134662946264143
 21
-133.8220326673618
 31
0.0
  0
LINE
  5
471
330
44A
100
AcDbEntity
  8
0
 62
251
370
9
100
AcDbLine
 10
3.848875851588672
 20
-126.4230790451402
 30
0.0
 11
3.848875851588672
 21
-133.8220326673618
 31
0.0
  0
LINE
  5
472
330
44A
100
AcDbEntity
  8
0
370
9
100
AcDbLine
 10
-21.80680173663132
 20
-135.2743474212839
 30
0.0
 11
-21.80680173663132
 21
-137.2743474212839
 31
0.0
  0
LINE
  5
473
330
44A
100
AcDbEntity
  8
0
370
9
100
AcDbLine
 10
-21.80680173663132
 20
-135.2743474212839
 30
0.0
 11
-21.80680173663132
 21
-137.2743474212839
 31
0.0
  0
LWPOLYLINE
  5
474
330
44A
100
AcDbEntity
  8
0
370
9
100
AcDbPolyline
 90
4
 70
1
 10
-21.65886155134649
 20
-137.2743474212839
 10
-21.4588615513494
 20
-137.2743474212839
 10
-21.4588615513494
 20
-135.2743474212839
 10
-21.65886155134649
 20
-135.2743474212839
  0
LINE
  5
475
330
44A
100
AcDbEntity
  8
0
370
9
100
AcDbLine
 10
-21.55886155134067
 20
-135.2743474212839
 30
0.0
 11
-21.55886155134067
 21
-137.2743474212839
 31
0.0
  0
LINE
  5
476
330
44A
100
AcDbEntity
  8
0
370
9
100
AcDbLine
 10
-21.61709115911799
 20
-135.2743474212839
 30
0.0
 11
-21.61709115911799
 21
-137.2743474212839
 31
0.0
  0
LINE
  5
477
330
44A
100
AcDbEntity
  8
0
370
9
100
AcDbLine
 10
-21.49972852309293
 20
-135.2743474212839
 30
0.0
 11
-21.49972852309293
 21
-137.2743474212839
 31
0.0
  0
LINE
  5
478
330
44A
100
AcDbEntity
  8
0
370
9
100
AcDbLine
 10
-21.58732468543167
 20
-135.2743474212839
 30
0.0
 11
-21.58732468543167
 21
-137.2743474212839
 31
0.0
  0
LINE
  5
479
330
44A
100
AcDbEntity
  8
0
370
9
100
AcDbLine
 10
-21.53014385723509
 20
-135.2743474212839
 30
0.0
 11
-21.53014385723509
 21
-137.2743474212839
 31
0.0
  0
LINE
  5
47A
330
44A
100
AcDbEntity
  8
0
370
9
100
AcDbLine
 10
-21.47839723540528
 20
-137.2743474212839
 30
0.0
 11
-21.47839723540528
 21
-135.2743474212839
 31
0.0
  0
LINE
  5
47B
330
44A
100
AcDbEntity
  8
0
370
9
100
AcDbLine
 10
-21.63777358633524
 20
-135.2743474212839
 30
0.0
 11
-21.63777358633524
 21
-137.2743474212839
 31
0.0
  0
LINE
  5
47C
330
44A
100
AcDbEntity
  8
0
370
9
100
AcDbLine
 10
-21.00680173662841
 20
-135.2743474212839
 30
0.0
 11
-21.00680173662841
 21
-137.2743474212839
 31
0.0
  0
LINE
  5
47D
330
44A
100
AcDbEntity
  8
0
370
9
100
AcDbLine
 10
-21.00680173662841
 20
-135.2743474212839
 30
0.0
 11
-21.00680173662841
 21
-137.2743474212839
 31
0.0
  0
LWPOLYLINE
  5
47E
330
44A
100
AcDbEntity
  8
0
370
9
100
AcDbPolyline
 90
4
 70
1
 10
-20.85886155134358
 20
-137.2743474212839
 10
-20.65886155134649
 20
-137.2743474212839
 10
-20.65886155134649
 20
-135.2743474212839
 10
-20.85886155134358
 20
-135.2743474212839
  0
LINE
  5
47F
330
44A
100
AcDbEntity
  8
0
370
9
100
AcDbLine
 10
-20.75886155133776
 20
-135.2743474212839
 30
0.0
 11
-20.75886155133776
 21
-137.2743474212839
 31
0.0
  0
LINE
  5
480
330
44A
100
AcDbEntity
  8
0
370
9
100
AcDbLine
 10
-20.81709115911508
 20
-135.2743474212839
 30
0.0
 11
-20.81709115911508
 21
-137.2743474212839
 31
0.0
  0
LINE
  5
481
330
44A
100
AcDbEntity
  8
0
370
9
100
AcDbLine
 10
-20.69972852309001
 20
-135.2743474212839
 30
0.0
 11
-20.69972852309001
 21
-137.2743474212839
 31
0.0
  0
LINE
  5
482
330
44A
100
AcDbEntity
  8
0
370
9
100
AcDbLine
 10
-20.78732468542876
 20
-135.2743474212839
 30
0.0
 11
-20.78732468542876
 21
-137.2743474212839
 31
0.0
  0
LINE
  5
483
330
44A
100
AcDbEntity
  8
0
370
9
100
AcDbLine
 10
-20.73014385723218
 20
-135.2743474212839
 30
0.0
 11
-20.73014385723218
 21
-137.2743474212839
 31
0.0
  0
LINE
  5
484
330
44A
100
AcDbEntity
  8
0
370
9
100
AcDbLine
 10
-20.67839723540237
 20
-137.2743474212839
 30
0.0
 11
-20.67839723540237
 21
-135.2743474212839
 31
0.0
  0
LINE
  5
485
330
44A
100
AcDbEntity
  8
0
370
9
100
AcDbLine
 10
-20.83777358633233
 20
-135.2743474212839
 30
0.0
 11
-20.83777358633233
 21
-137.2743474212839
 31
0.0
  0
LINE
  5
486
330
44A
100
AcDbEntity
  8
0
370
9
100
AcDbLine
 10
-20.20680173662549
 20
-135.2743474212839
 30
0.0
 11
-20.20680173662549
 21
-137.2743474212839
 31
0.0
  0
LINE
  5
487
330
44A
100
AcDbEntity
  8
0
370
9
100
AcDbLine
 10
-20.20680173662549
 20
-135.2743474212839
 30
0.0
 11
-20.20680173662549
 21
-137.2743474212839
 31
0.0
  0
LWPOLYLINE
  5
488
330
44A
100
AcDbEntity
  8
0
370
9
100
AcDbPolyline
 90
4
 70
1
 10
-20.05886155134067
 20
-137.2743474212839
 10
-19.85886155134358
 20
-137.2743474212839
 10
-19.85886155134358
 20
-135.2743474212839
 10
-20.05886155134067
 20
-135.2743474212839
  0
LINE
  5
489
330
44A
100
AcDbEntity
  8
0
370
9
100
AcDbLine
 10
-19.95886155133485
 20
-135.2743474212839
 30
0.0
 11
-19.95886155133485
 21
-137.2743474212839
 31
0.0
  0
LINE
  5
48A
330
44A
100
AcDbEntity
  8
0
370
9
100
AcDbLine
 10
-20.01709115911217
 20
-135.2743474212839
 30
0.0
 11
-20.01709115911217
 21
-137.2743474212839
 31
0.0
  0
LINE
  5
48B
330
44A
100
AcDbEntity
  8
0
370
9
100
AcDbLine
 10
-19.8997285230871
 20
-135.2743474212839
 30
0.0
 11
-19.8997285230871
 21
-137.2743474212839
 31
0.0
  0
LINE
  5
48C
330
44A
100
AcDbEntity
  8
0
370
9
100
AcDbLine
 10
-19.98732468542584
 20
-135.2743474212839
 30
0.0
 11
-19.98732468542584
 21
-137.2743474212839
 31
0.0
  0
LINE
  5
48D
330
44A
100
AcDbEntity
  8
0
370
9
100
AcDbLine
 10
-19.93014385722927
 20
-135.2743474212839
 30
0.0
 11
-19.93014385722927
 21
-137.2743474212839
 31
0.0
  0
LINE
  5
48E
330
44A
100
AcDbEntity
  8
0
370
9
100
AcDbLine
 10
-19.87839723539946
 20
-137.2743474212839
 30
0.0
 11
-19.87839723539946
 21
-135.2743474212839
 31
0.0
  0
LINE
  5
48F
330
44A
100
AcDbEntity
  8
0
370
9
100
AcDbLine
 10
-20.03777358632942
 20
-135.2743474212839
 30
0.0
 11
-20.03777358632942
 21
-137.2743474212839
 31
0.0
  0
LINE
  5
490
330
44A
100
AcDbEntity
  8
0
370
9
100
AcDbLine
 10
-19.40680173663713
 20
-135.2743474212839
 30
0.0
 11
-19.40680173663713
 21
-137.2743474212839
 31
0.0
  0
LINE
  5
491
330
44A
100
AcDbEntity
  8
0
370
9
100
AcDbLine
 10
-19.40680173663713
 20
-135.2743474212839
 30
0.0
 11
-19.40680173663713
 21
-137.2743474212839
 31
0.0
  0
LWPOLYLINE
  5
492
330
44A
100
AcDbEntity
  8
0
370
9
100
AcDbPolyline
 90
4
 70
1
 10
-19.25886155135231
 20
-137.2743474212839
 10
-19.05886155135522
 20
-137.2743474212839
 10
-19.05886155135522
 20
-135.2743474212839
 10
-19.25886155135231
 20
-135.2743474212839
  0
LINE
  5
493
330
44A
100
AcDbEntity
  8
0
370
9
100
AcDbLine
 10
-19.15886155134649
 20
-135.2743474212839
 30
0.0
 11
-19.15886155134649
 21
-137.2743474212839
 31
0.0
  0
LINE
  5
494
330
44A
100
AcDbEntity
  8
0
370
9
100
AcDbLine
 10
-19.21709115912381
 20
-135.2743474212839
 30
0.0
 11
-19.21709115912381
 21
-137.2743474212839
 31
0.0
  0
LINE
  5
495
330
44A
100
AcDbEntity
  8
0
370
9
100
AcDbLine
 10
-19.09972852309875
 20
-135.2743474212839
 30
0.0
 11
-19.09972852309875
 21
-137.2743474212839
 31
0.0
  0
LINE
  5
496
330
44A
100
AcDbEntity
  8
0
370
9
100
AcDbLine
 10
-19.18732468543749
 20
-135.2743474212839
 30
0.0
 11
-19.18732468543749
 21
-137.2743474212839
 31
0.0
  0
LINE
  5
497
330
44A
100
AcDbEntity
  8
0
370
9
100
AcDbLine
 10
-19.13014385724091
 20
-135.2743474212839
 30
0.0
 11
-19.13014385724091
 21
-137.2743474212839
 31
0.0
  0
LINE
  5
498
330
44A
100
AcDbEntity
  8
0
370
9
100
AcDbLine
 10
-19.0783972354111
 20
-137.2743474212839
 30
0.0
 11
-19.0783972354111
 21
-135.2743474212839
 31
0.0
  0
LINE
  5
499
330
44A
100
AcDbEntity
  8
0
370
9
100
AcDbLine
 10
-19.23777358634106
 20
-135.2743474212839
 30
0.0
 11
-19.23777358634106
 21
-137.2743474212839
 31
0.0
  0
LINE
  5
49A
330
44A
100
AcDbEntity
  8
0
370
9
100
AcDbLine
 10
-18.60680173663422
 20
-135.2743474212839
 30
0.0
 11
-18.60680173663422
 21
-137.2743474212839
 31
0.0
  0
LINE
  5
49B
330
44A
100
AcDbEntity
  8
0
370
9
100
AcDbLine
 10
-18.60680173663422
 20
-135.2743474212839
 30
0.0
 11
-18.60680173663422
 21
-137.2743474212839
 31
0.0
  0
LWPOLYLINE
  5
49C
330
44A
100
AcDbEntity
  8
0
370
9
100
AcDbPolyline
 90
4
 70
1
 10
-18.4588615513494
 20
-137.2743474212839
 10
-18.25886155135231
 20
-137.2743474212839
 10
-18.25886155135231
 20
-135.2743474212839
 10
-18.4588615513494
 20
-135.2743474212839
  0
LINE
  5
49D
330
44A
100
AcDbEntity
  8
0
370
9
100
AcDbLine
 10
-18.35886155134358
 20
-135.2743474212839
 30
0.0
 11
-18.35886155134358
 21
-137.2743474212839
 31
0.0
  0
LINE
  5
49E
330
44A
100
AcDbEntity
  8
0
370
9
100
AcDbLine
 10
-18.4170911591209
 20
-135.2743474212839
 30
0.0
 11
-18.4170911591209
 21
-137.2743474212839
 31
0.0
  0
LINE
  5
49F
330
44A
100
AcDbEntity
  8
0
370
9
100
AcDbLine
 10
-18.29972852309584
 20
-135.2743474212839
 30
0.0
 11
-18.29972852309584
 21
-137.2743474212839
 31
0.0
  0
LINE
  5
4A0
330
44A
100
AcDbEntity
  8
0
370
9
100
AcDbLine
 10
-18.38732468543458
 20
-135.2743474212839
 30
0.0
 11
-18.38732468543458
 21
-137.2743474212839
 31
0.0
  0
LINE
  5
4A1
330
44A
100
AcDbEntity
  8
0
370
9
100
AcDbLine
 10
-18.330143857238
 20
-135.2743474212839
 30
0.0
 11
-18.330143857238
 21
-137.2743474212839
 31
0.0
  0
LINE
  5
4A2
330
44A
100
AcDbEntity
  8
0
370
9
100
AcDbLine
 10
-18.27839723540819
 20
-137.2743474212839
 30
0.0
 11
-18.27839723540819
 21
-135.2743474212839
 31
0.0
  0
LINE
  5
4A3
330
44A
100
AcDbEntity
  8
0
370
9
100
AcDbLine
 10
-18.43777358633815
 20
-135.2743474212839
 30
0.0
 11
-18.43777358633815
 21
-137.2743474212839
 31
0.0
  0
LINE
  5
4A4
330
44A
100
AcDbEntity
  8
0
370
9
100
AcDbLine
 10
-17.80680173663131
 20
-135.2743474212839
 30
0.0
 11
-17.80680173663131
 21
-137.2743474212839
 31
0.0
  0
LINE
  5
4A5
330
44A
100
AcDbEntity
  8
0
370
9
100
AcDbLine
 10
-17.80680173663131
 20
-135.2743474212839
 30
0.0
 11
-17.80680173663131
 21
-137.2743474212839
 31
0.0
  0
LWPOLYLINE
  5
4A6
330
44A
100
AcDbEntity
  8
0
370
9
100
AcDbPolyline
 90
4
 70
1
 10
-17.65886155134649
 20
-137.2743474212839
 10
-17.4588615513494
 20
-137.2743474212839
 10
-17.4588615513494
 20
-135.2743474212839
 10
-17.65886155134649
 20
-135.2743474212839
  0
LINE
  5
4A7
330
44A
100
AcDbEntity
  8
0
370
9
100
AcDbLine
 10
-17.55886155134067
 20
-135.2743474212839
 30
0.0
 11
-17.55886155134067
 21
-137.2743474212839
 31
0.0
  0
LINE
  5
4A8
330
44A
100
AcDbEntity
  8
0
370
9
100
AcDbLine
 10
-17.61709115911799
 20
-135.2743474212839
 30
0.0
 11
-17.61709115911799
 21
-137.2743474212839
 31
0.0
  0
LINE
  5
4A9
330
44A
100
AcDbEntity
  8
0
370
9
100
AcDbLine
 10
-17.49972852309293
 20
-135.2743474212839
 30
0.0
 11
-17.49972852309293
 21
-137.2743474212839
 31
0.0
  0
LINE
  5
4AA
330
44A
100
AcDbEntity
  8
0
370
9
100
AcDbLine
 10
-17.58732468543167
 20
-135.2743474212839
 30
0.0
 11
-17.58732468543167
 21
-137.2743474212839
 31
0.0
  0
LINE
  5
4AB
330
44A
100
AcDbEntity
  8
0
370
9
100
AcDbLine
 10
-17.53014385723509
 20
-135.2743474212839
 30
0.0
 11
-17.53014385723509
 21
-137.2743474212839
 31
0.0
  0
LINE
  5
4AC
330
44A
100
AcDbEntity
  8
0
370
9
100
AcDbLine
 10
-17.47839723540528
 20
-137.2743474212839
 30
0.0
 11
-17.47839723540528
 21
-135.2743474212839
 31
0.0
  0
LINE
  5
4AD
330
44A
100
AcDbEntity
  8
0
370
9
100
AcDbLine
 10
-17.63777358633524
 20
-135.2743474212839
 30
0.0
 11
-17.63777358633524
 21
-137.2743474212839
 31
0.0
  0
LINE
  5
4AE
330
44A
100
AcDbEntity
  8
0
370
9
100
AcDbLine
 10
-17.0068017366284
 20
-135.2743474212839
 30
0.0
 11
-17.0068017366284
 21
-137.2743474212839
 31
0.0
  0
LINE
  5
4AF
330
44A
100
AcDbEntity
  8
0
370
9
100
AcDbLine
 10
-17.0068017366284
 20
-135.2743474212839
 30
0.0
 11
-17.0068017366284
 21
-137.2743474212839
 31
0.0
  0
LWPOLYLINE
  5
4B0
330
44A
100
AcDbEntity
  8
0
370
9
100
AcDbPolyline
 90
4
 70
1
 10
-16.85886155134358
 20
-137.2743474212839
 10
-16.65886155134649
 20
-137.2743474212839
 10
-16.65886155134649
 20
-135.2743474212839
 10
-16.85886155134358
 20
-135.2743474212839
  0
LINE
  5
4B1
330
44A
100
AcDbEntity
  8
0
370
9
100
AcDbLine
 10
-16.75886155133776
 20
-135.2743474212839
 30
0.0
 11
-16.75886155133776
 21
-137.2743474212839
 31
0.0
  0
LINE
  5
4B2
330
44A
100
AcDbEntity
  8
0
370
9
100
AcDbLine
 10
-16.81709115911508
 20
-135.2743474212839
 30
0.0
 11
-16.81709115911508
 21
-137.2743474212839
 31
0.0
  0
LINE
  5
4B3
330
44A
100
AcDbEntity
  8
0
370
9
100
AcDbLine
 10
-16.69972852309001
 20
-135.2743474212839
 30
0.0
 11
-16.69972852309001
 21
-137.2743474212839
 31
0.0
  0
LINE
  5
4B4
330
44A
100
AcDbEntity
  8
0
370
9
100
AcDbLine
 10
-16.78732468542875
 20
-135.2743474212839
 30
0.0
 11
-16.78732468542875
 21
-137.2743474212839
 31
0.0
  0
LINE
  5
4B5
330
44A
100
AcDbEntity
  8
0
370
9
100
AcDbLine
 10
-16.73014385723218
 20
-135.2743474212839
 30
0.0
 11
-16.73014385723218
 21
-137.2743474212839
 31
0.0
  0
LINE
  5
4B6
330
44A
100
AcDbEntity
  8
0
370
9
100
AcDbLine
 10
-16.67839723540237
 20
-137.2743474212839
 30
0.0
 11
-16.67839723540237
 21
-135.2743474212839
 31
0.0
  0
LINE
  5
4B7
330
44A
100
AcDbEntity
  8
0
370
9
100
AcDbLine
 10
-16.83777358633233
 20
-135.2743474212839
 30
0.0
 11
-16.83777358633233
 21
-137.2743474212839
 31
0.0
  0
LINE
  5
4B8
330
44A
100
AcDbEntity
  8
0
370
9
100
AcDbLine
 10
-16.20680173662549
 20
-135.2743474212839
 30
0.0
 11
-16.20680173662549
 21
-137.2743474212839
 31
0.0
  0
LINE
  5
4B9
330
44A
100
AcDbEntity
  8
0
370
9
100
AcDbLine
 10
-16.20680173662549
 20
-135.2743474212839
 30
0.0
 11
-16.20680173662549
 21
-137.2743474212839
 31
0.0
  0
LWPOLYLINE
  5
4BA
330
44A
100
AcDbEntity
  8
0
370
9
100
AcDbPolyline
 90
4
 70
1
 10
-16.05886155134067
 20
-137.2743474212839
 10
-15.85886155134358
 20
-137.2743474212839
 10
-15.85886155134358
 20
-135.2743474212839
 10
-16.05886155134067
 20
-135.2743474212839
  0
LINE
  5
4BB
330
44A
100
AcDbEntity
  8
0
370
9
100
AcDbLine
 10
-15.95886155133485
 20
-135.2743474212839
 30
0.0
 11
-15.95886155133485
 21
-137.2743474212839
 31
0.0
  0
LINE
  5
4BC
330
44A
100
AcDbEntity
  8
0
370
9
100
AcDbLine
 10
-16.01709115911217
 20
-135.2743474212839
 30
0.0
 11
-16.01709115911217
 21
-137.2743474212839
 31
0.0
  0
LINE
  5
4BD
330
44A
100
AcDbEntity
  8
0
370
9
100
AcDbLine
 10
-15.8997285230871
 20
-135.2743474212839
 30
0.0
 11
-15.8997285230871
 21
-137.2743474212839
 31
0.0
  0
LINE
  5
4BE
330
44A
100
AcDbEntity
  8
0
370
9
100
AcDbLine
 10
-15.98732468542585
 20
-135.2743474212839
 30
0.0
 11
-15.98732468542585
 21
-137.2743474212839
 31
0.0
  0
LINE
  5
4BF
330
44A
100
AcDbEntity
  8
0
370
9
100
AcDbLine
 10
-15.93014385722927
 20
-135.2743474212839
 30
0.0
 11
-15.93014385722927
 21
-137.2743474212839
 31
0.0
  0
LINE
  5
4C0
330
44A
100
AcDbEntity
  8
0
370
9
100
AcDbLine
 10
-15.87839723539946
 20
-137.2743474212839
 30
0.0
 11
-15.87839723539946
 21
-135.2743474212839
 31
0.0
  0
LINE
  5
4C1
330
44A
100
AcDbEntity
  8
0
370
9
100
AcDbLine
 10
-16.03777358632942
 20
-135.2743474212839
 30
0.0
 11
-16.03777358632942
 21
-137.2743474212839
 31
0.0
  0
LINE
  5
4C2
330
44A
100
AcDbEntity
  8
0
370
9
100
AcDbLine
 10
-15.40680173663713
 20
-135.2743474212839
 30
0.0
 11
-15.40680173663713
 21
-137.2743474212839
 31
0.0
  0
LINE
  5
4C3
330
44A
100
AcDbEntity
  8
0
370
9
100
AcDbLine
 10
-15.40680173663713
 20
-135.2743474212839
 30
0.0
 11
-15.40680173663713
 21
-137.2743474212839
 31
0.0
  0
LWPOLYLINE
  5
4C4
330
44A
100
AcDbEntity
  8
0
370
9
100
AcDbPolyline
 90
4
 70
1
 10
-15.25886155135231
 20
-137.2743474212839
 10
-15.05886155135522
 20
-137.2743474212839
 10
-15.05886155135522
 20
-135.2743474212839
 10
-15.25886155135231
 20
-135.2743474212839
  0
LINE
  5
4C5
330
44A
100
AcDbEntity
  8
0
370
9
100
AcDbLine
 10
-15.15886155134649
 20
-135.2743474212839
 30
0.0
 11
-15.15886155134649
 21
-137.2743474212839
 31
0.0
  0
LINE
  5
4C6
330
44A
100
AcDbEntity
  8
0
370
9
100
AcDbLine
 10
-15.21709115912381
 20
-135.2743474212839
 30
0.0
 11
-15.21709115912381
 21
-137.2743474212839
 31
0.0
  0
LINE
  5
4C7
330
44A
100
AcDbEntity
  8
0
370
9
100
AcDbLine
 10
-15.09972852309874
 20
-135.2743474212839
 30
0.0
 11
-15.09972852309874
 21
-137.2743474212839
 31
0.0
  0
LINE
  5
4C8
330
44A
100
AcDbEntity
  8
0
370
9
100
AcDbLine
 10
-15.18732468543749
 20
-135.2743474212839
 30
0.0
 11
-15.18732468543749
 21
-137.2743474212839
 31
0.0
  0
LINE
  5
4C9
330
44A
100
AcDbEntity
  8
0
370
9
100
AcDbLine
 10
-15.13014385724091
 20
-135.2743474212839
 30
0.0
 11
-15.13014385724091
 21
-137.2743474212839
 31
0.0
  0
LINE
  5
4CA
330
44A
100
AcDbEntity
  8
0
370
9
100
AcDbLine
 10
-15.0783972354111
 20
-137.2743474212839
 30
0.0
 11
-15.0783972354111
 21
-135.2743474212839
 31
0.0
  0
LINE
  5
4CB
330
44A
100
AcDbEntity
  8
0
370
9
100
AcDbLine
 10
-15.23777358634106
 20
-135.2743474212839
 30
0.0
 11
-15.23777358634106
 21
-137.2743474212839
 31
0.0
  0
LINE
  5
4CC
330
44A
100
AcDbEntity
  8
0
370
9
100
AcDbLine
 10
-14.60680173663422
 20
-135.2743474212839
 30
0.0
 11
-14.60680173663422
 21
-137.2743474212839
 31
0.0
  0
LINE
  5
4CD
330
44A
100
AcDbEntity
  8
0
370
9
100
AcDbLine
 10
-14.60680173663422
 20
-135.2743474212839
 30
0.0
 11
-14.60680173663422
 21
-137.2743474212839
 31
0.0
  0
LWPOLYLINE
  5
4CE
330
44A
100
AcDbEntity
  8
0
370
9
100
AcDbPolyline
 90
4
 70
1
 10
-14.4588615513494
 20
-137.2743474212839
 10
-14.25886155135231
 20
-137.2743474212839
 10
-14.25886155135231
 20
-135.2743474212839
 10
-14.4588615513494
 20
-135.2743474212839
  0
LINE
  5
4CF
330
44A
100
AcDbEntity
  8
0
370
9
100
AcDbLine
 10
-14.35886155134358
 20
-135.2743474212839
 30
0.0
 11
-14.35886155134358
 21
-137.2743474212839
 31
0.0
  0
LINE
  5
4D0
330
44A
100
AcDbEntity
  8
0
370
9
100
AcDbLine
 10
-14.4170911591209
 20
-135.2743474212839
 30
0.0
 11
-14.4170911591209
 21
-137.2743474212839
 31
0.0
  0
LINE
  5
4D1
330
44A
100
AcDbEntity
  8
0
370
9
100
AcDbLine
 10
-14.29972852309584
 20
-135.2743474212839
 30
0.0
 11
-14.29972852309584
 21
-137.2743474212839
 31
0.0
  0
LINE
  5
4D2
330
44A
100
AcDbEntity
  8
0
370
9
100
AcDbLine
 10
-14.38732468543458
 20
-135.2743474212839
 30
0.0
 11
-14.38732468543458
 21
-137.2743474212839
 31
0.0
  0
LINE
  5
4D3
330
44A
100
AcDbEntity
  8
0
370
9
100
AcDbLine
 10
-14.330143857238
 20
-135.2743474212839
 30
0.0
 11
-14.330143857238
 21
-137.2743474212839
 31
0.0
  0
LINE
  5
4D4
330
44A
100
AcDbEntity
  8
0
370
9
100
AcDbLine
 10
-14.27839723540819
 20
-137.2743474212839
 30
0.0
 11
-14.27839723540819
 21
-135.2743474212839
 31
0.0
  0
LINE
  5
4D5
330
44A
100
AcDbEntity
  8
0
370
9
100
AcDbLine
 10
-14.43777358633815
 20
-135.2743474212839
 30
0.0
 11
-14.43777358633815
 21
-137.2743474212839
 31
0.0
  0
LINE
  5
4D6
330
44A
100
AcDbEntity
  8
0
370
9
100
AcDbLine
 10
-13.80680173663131
 20
-135.2743474212839
 30
0.0
 11
-13.80680173663131
 21
-137.2743474212839
 31
0.0
  0
LINE
  5
4D7
330
44A
100
AcDbEntity
  8
0
370
9
100
AcDbLine
 10
-13.80680173663131
 20
-135.2743474212839
 30
0.0
 11
-13.80680173663131
 21
-137.2743474212839
 31
0.0
  0
LWPOLYLINE
  5
4D8
330
44A
100
AcDbEntity
  8
0
370
9
100
AcDbPolyline
 90
4
 70
1
 10
-13.65886155134649
 20
-137.2743474212839
 10
-13.4588615513494
 20
-137.2743474212839
 10
-13.4588615513494
 20
-135.2743474212839
 10
-13.65886155134649
 20
-135.2743474212839
  0
LINE
  5
4D9
330
44A
100
AcDbEntity
  8
0
370
9
100
AcDbLine
 10
-13.55886155134067
 20
-135.2743474212839
 30
0.0
 11
-13.55886155134067
 21
-137.2743474212839
 31
0.0
  0
LINE
  5
4DA
330
44A
100
AcDbEntity
  8
0
370
9
100
AcDbLine
 10
-13.61709115911799
 20
-135.2743474212839
 30
0.0
 11
-13.61709115911799
 21
-137.2743474212839
 31
0.0
  0
LINE
  5
4DB
330
44A
100
AcDbEntity
  8
0
370
9
100
AcDbLine
 10
-13.49972852309292
 20
-135.2743474212839
 30
0.0
 11
-13.49972852309292
 21
-137.2743474212839
 31
0.0
  0
LINE
  5
4DC
330
44A
100
AcDbEntity
  8
0
370
9
100
AcDbLine
 10
-13.58732468543166
 20
-135.2743474212839
 30
0.0
 11
-13.58732468543166
 21
-137.2743474212839
 31
0.0
  0
LINE
  5
4DD
330
44A
100
AcDbEntity
  8
0
370
9
100
AcDbLine
 10
-13.53014385723509
 20
-135.2743474212839
 30
0.0
 11
-13.53014385723509
 21
-137.2743474212839
 31
0.0
  0
LINE
  5
4DE
330
44A
100
AcDbEntity
  8
0
370
9
100
AcDbLine
 10
-13.47839723540528
 20
-137.2743474212839
 30
0.0
 11
-13.47839723540528
 21
-135.2743474212839
 31
0.0
  0
LINE
  5
4DF
330
44A
100
AcDbEntity
  8
0
370
9
100
AcDbLine
 10
-13.63777358633524
 20
-135.2743474212839
 30
0.0
 11
-13.63777358633524
 21
-137.2743474212839
 31
0.0
  0
LINE
  5
4E0
330
44A
100
AcDbEntity
  8
0
370
9
100
AcDbLine
 10
-13.0068017366284
 20
-135.2743474212839
 30
0.0
 11
-13.0068017366284
 21
-137.2743474212839
 31
0.0
  0
LINE
  5
4E1
330
44A
100
AcDbEntity
  8
0
370
9
100
AcDbLine
 10
-13.0068017366284
 20
-135.2743474212839
 30
0.0
 11
-13.0068017366284
 21
-137.2743474212839
 31
0.0
  0
LWPOLYLINE
  5
4E2
330
44A
100
AcDbEntity
  8
0
370
9
100
AcDbPolyline
 90
4
 70
1
 10
-12.85886155134358
 20
-137.2743474212839
 10
-12.65886155134649
 20
-137.2743474212839
 10
-12.65886155134649
 20
-135.2743474212839
 10
-12.85886155134358
 20
-135.2743474212839
  0
LINE
  5
4E3
330
44A
100
AcDbEntity
  8
0
370
9
100
AcDbLine
 10
-12.75886155133776
 20
-135.2743474212839
 30
0.0
 11
-12.75886155133776
 21
-137.2743474212839
 31
0.0
  0
LINE
  5
4E4
330
44A
100
AcDbEntity
  8
0
370
9
100
AcDbLine
 10
-12.81709115911508
 20
-135.2743474212839
 30
0.0
 11
-12.81709115911508
 21
-137.2743474212839
 31
0.0
  0
LINE
  5
4E5
330
44A
100
AcDbEntity
  8
0
370
9
100
AcDbLine
 10
-12.69972852309001
 20
-135.2743474212839
 30
0.0
 11
-12.69972852309001
 21
-137.2743474212839
 31
0.0
  0
LINE
  5
4E6
330
44A
100
AcDbEntity
  8
0
370
9
100
AcDbLine
 10
-12.78732468542876
 20
-135.2743474212839
 30
0.0
 11
-12.78732468542876
 21
-137.2743474212839
 31
0.0
  0
LINE
  5
4E7
330
44A
100
AcDbEntity
  8
0
370
9
100
AcDbLine
 10
-12.73014385723218
 20
-135.2743474212839
 30
0.0
 11
-12.73014385723218
 21
-137.2743474212839
 31
0.0
  0
LINE
  5
4E8
330
44A
100
AcDbEntity
  8
0
370
9
100
AcDbLine
 10
-12.67839723540237
 20
-137.2743474212839
 30
0.0
 11
-12.67839723540237
 21
-135.2743474212839
 31
0.0
  0
LINE
  5
4E9
330
44A
100
AcDbEntity
  8
0
370
9
100
AcDbLine
 10
-12.83777358633233
 20
-135.2743474212839
 30
0.0
 11
-12.83777358633233
 21
-137.2743474212839
 31
0.0
  0
LINE
  5
4EA
330
44A
100
AcDbEntity
  8
0
370
9
100
AcDbLine
 10
-12.20680173662549
 20
-135.2743474212839
 30
0.0
 11
-12.20680173662549
 21
-137.2743474212839
 31
0.0
  0
LINE
  5
4EB
330
44A
100
AcDbEntity
  8
0
370
9
100
AcDbLine
 10
-12.20680173662549
 20
-135.2743474212839
 30
0.0
 11
-12.20680173662549
 21
-137.2743474212839
 31
0.0
  0
LWPOLYLINE
  5
4EC
330
44A
100
AcDbEntity
  8
0
370
9
100
AcDbPolyline
 90
4
 70
1
 10
-12.05886155134067
 20
-137.2743474212839
 10
-11.85886155134358
 20
-137.2743474212839
 10
-11.85886155134358
 20
-135.2743474212839
 10
-12.05886155134067
 20
-135.2743474212839
  0
LINE
  5
4ED
330
44A
100
AcDbEntity
  8
0
370
9
100
AcDbLine
 10
-11.95886155133485
 20
-135.2743474212839
 30
0.0
 11
-11.95886155133485
 21
-137.2743474212839
 31
0.0
  0
LINE
  5
4EE
330
44A
100
AcDbEntity
  8
0
370
9
100
AcDbLine
 10
-12.01709115911217
 20
-135.2743474212839
 30
0.0
 11
-12.01709115911217
 21
-137.2743474212839
 31
0.0
  0
LINE
  5
4EF
330
44A
100
AcDbEntity
  8
0
370
9
100
AcDbLine
 10
-11.8997285230871
 20
-135.2743474212839
 30
0.0
 11
-11.8997285230871
 21
-137.2743474212839
 31
0.0
  0
LINE
  5
4F0
330
44A
100
AcDbEntity
  8
0
370
9
100
AcDbLine
 10
-11.98732468542584
 20
-135.2743474212839
 30
0.0
 11
-11.98732468542584
 21
-137.2743474212839
 31
0.0
  0
LINE
  5
4F1
330
44A
100
AcDbEntity
  8
0
370
9
100
AcDbLine
 10
-11.93014385722927
 20
-135.2743474212839
 30
0.0
 11
-11.93014385722927
 21
-137.2743474212839
 31
0.0
  0
LINE
  5
4F2
330
44A
100
AcDbEntity
  8
0
370
9
100
AcDbLine
 10
-11.87839723539946
 20
-137.2743474212839
 30
0.0
 11
-11.87839723539946
 21
-135.2743474212839
 31
0.0
  0
LINE
  5
4F3
330
44A
100
AcDbEntity
  8
0
370
9
100
AcDbLine
 10
-12.03777358632942
 20
-135.2743474212839
 30
0.0
 11
-12.03777358632942
 21
-137.2743474212839
 31
0.0
  0
LINE
  5
4F4
330
44A
100
AcDbEntity
  8
0
370
9
100
AcDbLine
 10
-11.40680173663713
 20
-135.2743474212839
 30
0.0
 11
-11.40680173663713
 21
-137.2743474212839
 31
0.0
  0
LINE
  5
4F5
330
44A
100
AcDbEntity
  8
0
370
9
100
AcDbLine
 10
-11.40680173663713
 20
-135.2743474212839
 30
0.0
 11
-11.40680173663713
 21
-137.2743474212839
 31
0.0
  0
LWPOLYLINE
  5
4F6
330
44A
100
AcDbEntity
  8
0
370
9
100
AcDbPolyline
 90
4
 70
1
 10
-11.25886155135231
 20
-137.2743474212839
 10
-11.05886155135522
 20
-137.2743474212839
 10
-11.05886155135522
 20
-135.2743474212839
 10
-11.25886155135231
 20
-135.2743474212839
  0
LINE
  5
4F7
330
44A
100
AcDbEntity
  8
0
370
9
100
AcDbLine
 10
-11.15886155134649
 20
-135.2743474212839
 30
0.0
 11
-11.15886155134649
 21
-137.2743474212839
 31
0.0
  0
LINE
  5
4F8
330
44A
100
AcDbEntity
  8
0
370
9
100
AcDbLine
 10
-11.21709115912381
 20
-135.2743474212839
 30
0.0
 11
-11.21709115912381
 21
-137.2743474212839
 31
0.0
  0
LINE
  5
4F9
330
44A
100
AcDbEntity
  8
0
370
9
100
AcDbLine
 10
-11.09972852309875
 20
-135.2743474212839
 30
0.0
 11
-11.09972852309875
 21
-137.2743474212839
 31
0.0
  0
LINE
  5
4FA
330
44A
100
AcDbEntity
  8
0
370
9
100
AcDbLine
 10
-11.18732468543749
 20
-135.2743474212839
 30
0.0
 11
-11.18732468543749
 21
-137.2743474212839
 31
0.0
  0
LINE
  5
4FB
330
44A
100
AcDbEntity
  8
0
370
9
100
AcDbLine
 10
-11.13014385724091
 20
-135.2743474212839
 30
0.0
 11
-11.13014385724091
 21
-137.2743474212839
 31
0.0
  0
LINE
  5
4FC
330
44A
100
AcDbEntity
  8
0
370
9
100
AcDbLine
 10
-11.0783972354111
 20
-137.2743474212839
 30
0.0
 11
-11.0783972354111
 21
-135.2743474212839
 31
0.0
  0
LINE
  5
4FD
330
44A
100
AcDbEntity
  8
0
370
9
100
AcDbLine
 10
-11.23777358634106
 20
-135.2743474212839
 30
0.0
 11
-11.23777358634106
 21
-137.2743474212839
 31
0.0
  0
LINE
  5
4FE
330
44A
100
AcDbEntity
  8
0
370
9
100
AcDbLine
 10
-10.60680173663422
 20
-135.2743474212839
 30
0.0
 11
-10.60680173663422
 21
-137.2743474212839
 31
0.0
  0
LINE
  5
4FF
330
44A
100
AcDbEntity
  8
0
370
9
100
AcDbLine
 10
-10.60680173663422
 20
-135.2743474212839
 30
0.0
 11
-10.60680173663422
 21
-137.2743474212839
 31
0.0
  0
LWPOLYLINE
  5
500
330
44A
100
AcDbEntity
  8
0
370
9
100
AcDbPolyline
 90
4
 70
1
 10
-10.4588615513494
 20
-137.2743474212839
 10
-10.25886155135231
 20
-137.2743474212839
 10
-10.25886155135231
 20
-135.2743474212839
 10
-10.4588615513494
 20
-135.2743474212839
  0
LINE
  5
501
330
44A
100
AcDbEntity
  8
0
370
9
100
AcDbLine
 10
-10.35886155134358
 20
-135.2743474212839
 30
0.0
 11
-10.35886155134358
 21
-137.2743474212839
 31
0.0
  0
LINE
  5
502
330
44A
100
AcDbEntity
  8
0
370
9
100
AcDbLine
 10
-10.4170911591209
 20
-135.2743474212839
 30
0.0
 11
-10.4170911591209
 21
-137.2743474212839
 31
0.0
  0
LINE
  5
503
330
44A
100
AcDbEntity
  8
0
370
9
100
AcDbLine
 10
-10.29972852309583
 20
-135.2743474212839
 30
0.0
 11
-10.29972852309583
 21
-137.2743474212839
 31
0.0
  0
LINE
  5
504
330
44A
100
AcDbEntity
  8
0
370
9
100
AcDbLine
 10
-10.38732468543458
 20
-135.2743474212839
 30
0.0
 11
-10.38732468543458
 21
-137.2743474212839
 31
0.0
  0
LINE
  5
505
330
44A
100
AcDbEntity
  8
0
370
9
100
AcDbLine
 10
-10.330143857238
 20
-135.2743474212839
 30
0.0
 11
-10.330143857238
 21
-137.2743474212839
 31
0.0
  0
LINE
  5
506
330
44A
100
AcDbEntity
  8
0
370
9
100
AcDbLine
 10
-10.27839723540819
 20
-137.2743474212839
 30
0.0
 11
-10.27839723540819
 21
-135.2743474212839
 31
0.0
  0
LINE
  5
507
330
44A
100
AcDbEntity
  8
0
370
9
100
AcDbLine
 10
-10.43777358633815
 20
-135.2743474212839
 30
0.0
 11
-10.43777358633815
 21
-137.2743474212839
 31
0.0
  0
LINE
  5
508
330
44A
100
AcDbEntity
  8
0
370
9
100
AcDbLine
 10
-9.806801736631314
 20
-135.2743474212839
 30
0.0
 11
-9.806801736631314
 21
-137.2743474212839
 31
0.0
  0
LINE
  5
509
330
44A
100
AcDbEntity
  8
0
370
9
100
AcDbLine
 10
-9.806801736631314
 20
-135.2743474212839
 30
0.0
 11
-9.806801736631314
 21
-137.2743474212839
 31
0.0
  0
LWPOLYLINE
  5
50A
330
44A
100
AcDbEntity
  8
0
370
9
100
AcDbPolyline
 90
4
 70
1
 10
-9.65886155134649
 20
-137.2743474212839
 10
-9.4588615513494
 20
-137.2743474212839
 10
-9.4588615513494
 20
-135.2743474212839
 10
-9.65886155134649
 20
-135.2743474212839
  0
LINE
  5
50B
330
44A
100
AcDbEntity
  8
0
370
9
100
AcDbLine
 10
-9.55886155134067
 20
-135.2743474212839
 30
0.0
 11
-9.55886155134067
 21
-137.2743474212839
 31
0.0
  0
LINE
  5
50C
330
44A
100
AcDbEntity
  8
0
370
9
100
AcDbLine
 10
-9.61709115911799
 20
-135.2743474212839
 30
0.0
 11
-9.61709115911799
 21
-137.2743474212839
 31
0.0
  0
LINE
  5
50D
330
44A
100
AcDbEntity
  8
0
370
9
100
AcDbLine
 10
-9.499728523092926
 20
-135.2743474212839
 30
0.0
 11
-9.499728523092926
 21
-137.2743474212839
 31
0.0
  0
LINE
  5
50E
330
44A
100
AcDbEntity
  8
0
370
9
100
AcDbLine
 10
-9.587324685431668
 20
-135.2743474212839
 30
0.0
 11
-9.587324685431668
 21
-137.2743474212839
 31
0.0
  0
LINE
  5
50F
330
44A
100
AcDbEntity
  8
0
370
9
100
AcDbLine
 10
-9.530143857235087
 20
-135.2743474212839
 30
0.0
 11
-9.530143857235087
 21
-137.2743474212839
 31
0.0
  0
LINE
  5
510
330
44A
100
AcDbEntity
  8
0
370
9
100
AcDbLine
 10
-9.478397235405282
 20
-137.2743474212839
 30
0.0
 11
-9.478397235405282
 21
-135.2743474212839
 31
0.0
  0
LINE
  5
511
330
44A
100
AcDbEntity
  8
0
370
9
100
AcDbLine
 10
-9.637773586335243
 20
-135.2743474212839
 30
0.0
 11
-9.637773586335243
 21
-137.2743474212839
 31
0.0
  0
LINE
  5
512
330
44A
100
AcDbEntity
  8
0
370
9
100
AcDbLine
 10
-9.006801736628404
 20
-135.2743474212839
 30
0.0
 11
-9.006801736628404
 21
-137.2743474212839
 31
0.0
  0
LINE
  5
513
330
44A
100
AcDbEntity
  8
0
370
9
100
AcDbLine
 10
-9.006801736628404
 20
-135.2743474212839
 30
0.0
 11
-9.006801736628404
 21
-137.2743474212839
 31
0.0
  0
LWPOLYLINE
  5
514
330
44A
100
AcDbEntity
  8
0
370
9
100
AcDbPolyline
 90
4
 70
1
 10
-8.85886155134358
 20
-137.2743474212839
 10
-8.65886155134649
 20
-137.2743474212839
 10
-8.65886155134649
 20
-135.2743474212839
 10
-8.85886155134358
 20
-135.2743474212839
  0
LINE
  5
515
330
44A
100
AcDbEntity
  8
0
370
9
100
AcDbLine
 10
-8.758861551337759
 20
-135.2743474212839
 30
0.0
 11
-8.758861551337759
 21
-137.2743474212839
 31
0.0
  0
LINE
  5
516
330
44A
100
AcDbEntity
  8
0
370
9
100
AcDbLine
 10
-8.81709115911508
 20
-135.2743474212839
 30
0.0
 11
-8.81709115911508
 21
-137.2743474212839
 31
0.0
  0
LINE
  5
517
330
44A
100
AcDbEntity
  8
0
370
9
100
AcDbLine
 10
-8.699728523090016
 20
-135.2743474212839
 30
0.0
 11
-8.699728523090016
 21
-137.2743474212839
 31
0.0
  0
LINE
  5
518
330
44A
100
AcDbEntity
  8
0
370
9
100
AcDbLine
 10
-8.787324685428757
 20
-135.2743474212839
 30
0.0
 11
-8.787324685428757
 21
-137.2743474212839
 31
0.0
  0
LINE
  5
519
330
44A
100
AcDbEntity
  8
0
370
9
100
AcDbLine
 10
-8.730143857232179
 20
-135.2743474212839
 30
0.0
 11
-8.730143857232179
 21
-137.2743474212839
 31
0.0
  0
LINE
  5
51A
330
44A
100
AcDbEntity
  8
0
370
9
100
AcDbLine
 10
-8.678397235402372
 20
-137.2743474212839
 30
0.0
 11
-8.678397235402372
 21
-135.2743474212839
 31
0.0
  0
LINE
  5
51B
330
44A
100
AcDbEntity
  8
0
370
9
100
AcDbLine
 10
-8.837773586332332
 20
-135.2743474212839
 30
0.0
 11
-8.837773586332332
 21
-137.2743474212839
 31
0.0
  0
LINE
  5
51C
330
44A
100
AcDbEntity
  8
0
370
9
100
AcDbLine
 10
-8.206801736625494
 20
-135.2743474212839
 30
0.0
 11
-8.206801736625494
 21
-137.2743474212839
 31
0.0
  0
LINE
  5
51D
330
44A
100
AcDbEntity
  8
0
370
9
100
AcDbLine
 10
-8.206801736625494
 20
-135.2743474212839
 30
0.0
 11
-8.206801736625494
 21
-137.2743474212839
 31
0.0
  0
LWPOLYLINE
  5
51E
330
44A
100
AcDbEntity
  8
0
370
9
100
AcDbPolyline
 90
4
 70
1
 10
-8.05886155134067
 20
-137.2743474212839
 10
-7.858861551343579
 20
-137.2743474212839
 10
-7.858861551343579
 20
-135.2743474212839
 10
-8.05886155134067
 20
-135.2743474212839
  0
LINE
  5
51F
330
44A
100
AcDbEntity
  8
0
370
9
100
AcDbLine
 10
-7.958861551334848
 20
-135.2743474212839
 30
0.0
 11
-7.958861551334848
 21
-137.2743474212839
 31
0.0
  0
LINE
  5
520
330
44A
100
AcDbEntity
  8
0
370
9
100
AcDbLine
 10
-8.01709115911217
 20
-135.2743474212839
 30
0.0
 11
-8.01709115911217
 21
-137.2743474212839
 31
0.0
  0
LINE
  5
521
330
44A
100
AcDbEntity
  8
0
370
9
100
AcDbLine
 10
-7.899728523087105
 20
-135.2743474212839
 30
0.0
 11
-7.899728523087105
 21
-137.2743474212839
 31
0.0
  0
LINE
  5
522
330
44A
100
AcDbEntity
  8
0
370
9
100
AcDbLine
 10
-7.987324685425846
 20
-135.2743474212839
 30
0.0
 11
-7.987324685425846
 21
-137.2743474212839
 31
0.0
  0
LINE
  5
523
330
44A
100
AcDbEntity
  8
0
370
9
100
AcDbLine
 10
-7.930143857229268
 20
-135.2743474212839
 30
0.0
 11
-7.930143857229268
 21
-137.2743474212839
 31
0.0
  0
LINE
  5
524
330
44A
100
AcDbEntity
  8
0
370
9
100
AcDbLine
 10
-7.878397235399461
 20
-137.2743474212839
 30
0.0
 11
-7.878397235399461
 21
-135.2743474212839
 31
0.0
  0
LINE
  5
525
330
44A
100
AcDbEntity
  8
0
370
9
100
AcDbLine
 10
-8.03777358632942
 20
-135.2743474212839
 30
0.0
 11
-8.03777358632942
 21
-137.2743474212839
 31
0.0
  0
LINE
  5
526
330
44A
100
AcDbEntity
  8
0
370
9
100
AcDbLine
 10
-7.406801736637135
 20
-135.2743474212839
 30
0.0
 11
-7.406801736637135
 21
-137.2743474212839
 31
0.0
  0
LINE
  5
527
330
44A
100
AcDbEntity
  8
0
370
9
100
AcDbLine
 10
-7.406801736637135
 20
-135.2743474212839
 30
0.0
 11
-7.406801736637135
 21
-137.2743474212839
 31
0.0
  0
LWPOLYLINE
  5
528
330
44A
100
AcDbEntity
  8
0
370
9
100
AcDbPolyline
 90
4
 70
1
 10
-7.25886155135231
 20
-137.2743474212839
 10
-7.058861551355221
 20
-137.2743474212839
 10
-7.058861551355221
 20
-135.2743474212839
 10
-7.25886155135231
 20
-135.2743474212839
  0
LINE
  5
529
330
44A
100
AcDbEntity
  8
0
370
9
100
AcDbLine
 10
-7.15886155134649
 20
-135.2743474212839
 30
0.0
 11
-7.15886155134649
 21
-137.2743474212839
 31
0.0
  0
LINE
  5
52A
330
44A
100
AcDbEntity
  8
0
370
9
100
AcDbLine
 10
-7.21709115912381
 20
-135.2743474212839
 30
0.0
 11
-7.21709115912381
 21
-137.2743474212839
 31
0.0
  0
LINE
  5
52B
330
44A
100
AcDbEntity
  8
0
370
9
100
AcDbLine
 10
-7.099728523098747
 20
-135.2743474212839
 30
0.0
 11
-7.099728523098747
 21
-137.2743474212839
 31
0.0
  0
LINE
  5
52C
330
44A
100
AcDbEntity
  8
0
370
9
100
AcDbLine
 10
-7.187324685437488
 20
-135.2743474212839
 30
0.0
 11
-7.187324685437488
 21
-137.2743474212839
 31
0.0
  0
LINE
  5
52D
330
44A
100
AcDbEntity
  8
0
370
9
100
AcDbLine
 10
-7.130143857240909
 20
-135.2743474212839
 30
0.0
 11
-7.130143857240909
 21
-137.2743474212839
 31
0.0
  0
LINE
  5
52E
330
44A
100
AcDbEntity
  8
0
370
9
100
AcDbLine
 10
-7.078397235411102
 20
-137.2743474212839
 30
0.0
 11
-7.078397235411102
 21
-135.2743474212839
 31
0.0
  0
LINE
  5
52F
330
44A
100
AcDbEntity
  8
0
370
9
100
AcDbLine
 10
-7.237773586341063
 20
-135.2743474212839
 30
0.0
 11
-7.237773586341063
 21
-137.2743474212839
 31
0.0
  0
LINE
  5
530
330
44A
100
AcDbEntity
  8
0
370
9
100
AcDbLine
 10
-6.606801736634224
 20
-135.2743474212839
 30
0.0
 11
-6.606801736634224
 21
-137.2743474212839
 31
0.0
  0
LINE
  5
531
330
44A
100
AcDbEntity
  8
0
370
9
100
AcDbLine
 10
-6.606801736634224
 20
-135.2743474212839
 30
0.0
 11
-6.606801736634224
 21
-137.2743474212839
 31
0.0
  0
LWPOLYLINE
  5
532
330
44A
100
AcDbEntity
  8
0
370
9
100
AcDbPolyline
 90
4
 70
1
 10
-6.4588615513494
 20
-137.2743474212839
 10
-6.25886155135231
 20
-137.2743474212839
 10
-6.25886155135231
 20
-135.2743474212839
 10
-6.4588615513494
 20
-135.2743474212839
  0
LINE
  5
533
330
44A
100
AcDbEntity
  8
0
370
9
100
AcDbLine
 10
-6.358861551343579
 20
-135.2743474212839
 30
0.0
 11
-6.358861551343579
 21
-137.2743474212839
 31
0.0
  0
LINE
  5
534
330
44A
100
AcDbEntity
  8
0
370
9
100
AcDbLine
 10
-6.4170911591209
 20
-135.2743474212839
 30
0.0
 11
-6.4170911591209
 21
-137.2743474212839
 31
0.0
  0
LINE
  5
535
330
44A
100
AcDbEntity
  8
0
370
9
100
AcDbLine
 10
-6.299728523095836
 20
-135.2743474212839
 30
0.0
 11
-6.299728523095836
 21
-137.2743474212839
 31
0.0
  0
LINE
  5
536
330
44A
100
AcDbEntity
  8
0
370
9
100
AcDbLine
 10
-6.387324685434577
 20
-135.2743474212839
 30
0.0
 11
-6.387324685434577
 21
-137.2743474212839
 31
0.0
  0
LINE
  5
537
330
44A
100
AcDbEntity
  8
0
370
9
100
AcDbLine
 10
-6.330143857237999
 20
-135.2743474212839
 30
0.0
 11
-6.330143857237999
 21
-137.2743474212839
 31
0.0
  0
LINE
  5
538
330
44A
100
AcDbEntity
  8
0
370
9
100
AcDbLine
 10
-6.278397235408192
 20
-137.2743474212839
 30
0.0
 11
-6.278397235408192
 21
-135.2743474212839
 31
0.0
  0
LINE
  5
539
330
44A
100
AcDbEntity
  8
0
370
9
100
AcDbLine
 10
-6.437773586338153
 20
-135.2743474212839
 30
0.0
 11
-6.437773586338153
 21
-137.2743474212839
 31
0.0
  0
LINE
  5
53A
330
44A
100
AcDbEntity
  8
0
370
9
100
AcDbLine
 10
-5.806801736631314
 20
-135.2743474212839
 30
0.0
 11
-5.806801736631314
 21
-137.2743474212839
 31
0.0
  0
LINE
  5
53B
330
44A
100
AcDbEntity
  8
0
370
9
100
AcDbLine
 10
-5.806801736631314
 20
-135.2743474212839
 30
0.0
 11
-5.806801736631314
 21
-137.2743474212839
 31
0.0
  0
LWPOLYLINE
  5
53C
330
44A
100
AcDbEntity
  8
0
370
9
100
AcDbPolyline
 90
4
 70
1
 10
-5.65886155134649
 20
-137.2743474212839
 10
-5.4588615513494
 20
-137.2743474212839
 10
-5.4588615513494
 20
-135.2743474212839
 10
-5.65886155134649
 20
-135.2743474212839
  0
LINE
  5
53D
330
44A
100
AcDbEntity
  8
0
370
9
100
AcDbLine
 10
-5.558861551340669
 20
-135.2743474212839
 30
0.0
 11
-5.558861551340669
 21
-137.2743474212839
 31
0.0
  0
LINE
  5
53E
330
44A
100
AcDbEntity
  8
0
370
9
100
AcDbLine
 10
-5.61709115911799
 20
-135.2743474212839
 30
0.0
 11
-5.61709115911799
 21
-137.2743474212839
 31
0.0
  0
LINE
  5
53F
330
44A
100
AcDbEntity
  8
0
370
9
100
AcDbLine
 10
-5.499728523092926
 20
-135.2743474212839
 30
0.0
 11
-5.499728523092926
 21
-137.2743474212839
 31
0.0
  0
LINE
  5
540
330
44A
100
AcDbEntity
  8
0
370
9
100
AcDbLine
 10
-5.587324685431667
 20
-135.2743474212839
 30
0.0
 11
-5.587324685431667
 21
-137.2743474212839
 31
0.0
  0
LINE
  5
541
330
44A
100
AcDbEntity
  8
0
370
9
100
AcDbLine
 10
-5.530143857235088
 20
-135.2743474212839
 30
0.0
 11
-5.530143857235088
 21
-137.2743474212839
 31
0.0
  0
LINE
  5
542
330
44A
100
AcDbEntity
  8
0
370
9
100
AcDbLine
 10
-5.478397235405282
 20
-137.2743474212839
 30
0.0
 11
-5.478397235405282
 21
-135.2743474212839
 31
0.0
  0
LINE
  5
543
330
44A
100
AcDbEntity
  8
0
370
9
100
AcDbLine
 10
-5.637773586335242
 20
-135.2743474212839
 30
0.0
 11
-5.637773586335242
 21
-137.2743474212839
 31
0.0
  0
LINE
  5
544
330
44A
100
AcDbEntity
  8
0
370
9
100
AcDbLine
 10
-5.006801736628403
 20
-135.2743474212839
 30
0.0
 11
-5.006801736628403
 21
-137.2743474212839
 31
0.0
  0
LINE
  5
545
330
44A
100
AcDbEntity
  8
0
370
9
100
AcDbLine
 10
-5.006801736628403
 20
-135.2743474212839
 30
0.0
 11
-5.006801736628403
 21
-137.2743474212839
 31
0.0
  0
LWPOLYLINE
  5
546
330
44A
100
AcDbEntity
  8
0
370
9
100
AcDbPolyline
 90
4
 70
1
 10
-4.858861551343579
 20
-137.2743474212839
 10
-4.65886155134649
 20
-137.2743474212839
 10
-4.65886155134649
 20
-135.2743474212839
 10
-4.858861551343579
 20
-135.2743474212839
  0
LINE
  5
547
330
44A
100
AcDbEntity
  8
0
370
9
100
AcDbLine
 10
-4.758861551337759
 20
-135.2743474212839
 30
0.0
 11
-4.758861551337759
 21
-137.2743474212839
 31
0.0
  0
LINE
  5
548
330
44A
100
AcDbEntity
  8
0
370
9
100
AcDbLine
 10
-4.817091159115079
 20
-135.2743474212839
 30
0.0
 11
-4.817091159115079
 21
-137.2743474212839
 31
0.0
  0
LINE
  5
549
330
44A
100
AcDbEntity
  8
0
370
9
100
AcDbLine
 10
-4.699728523090016
 20
-135.2743474212839
 30
0.0
 11
-4.699728523090016
 21
-137.2743474212839
 31
0.0
  0
LINE
  5
54A
330
44A
100
AcDbEntity
  8
0
370
9
100
AcDbLine
 10
-4.787324685428757
 20
-135.2743474212839
 30
0.0
 11
-4.787324685428757
 21
-137.2743474212839
 31
0.0
  0
LINE
  5
54B
330
44A
100
AcDbEntity
  8
0
370
9
100
AcDbLine
 10
-4.730143857232178
 20
-135.2743474212839
 30
0.0
 11
-4.730143857232178
 21
-137.2743474212839
 31
0.0
  0
LINE
  5
54C
330
44A
100
AcDbEntity
  8
0
370
9
100
AcDbLine
 10
-4.678397235402371
 20
-137.2743474212839
 30
0.0
 11
-4.678397235402371
 21
-135.2743474212839
 31
0.0
  0
LINE
  5
54D
330
44A
100
AcDbEntity
  8
0
370
9
100
AcDbLine
 10
-4.837773586332332
 20
-135.2743474212839
 30
0.0
 11
-4.837773586332332
 21
-137.2743474212839
 31
0.0
  0
LINE
  5
54E
330
44A
100
AcDbEntity
  8
0
370
9
100
AcDbLine
 10
-4.206801736625493
 20
-135.2743474212839
 30
0.0
 11
-4.206801736625493
 21
-137.2743474212839
 31
0.0
  0
LINE
  5
54F
330
44A
100
AcDbEntity
  8
0
370
9
100
AcDbLine
 10
-4.206801736625493
 20
-135.2743474212839
 30
0.0
 11
-4.206801736625493
 21
-137.2743474212839
 31
0.0
  0
LWPOLYLINE
  5
550
330
44A
100
AcDbEntity
  8
0
370
9
100
AcDbPolyline
 90
4
 70
1
 10
-4.058861551340669
 20
-137.2743474212839
 10
-3.858861551343579
 20
-137.2743474212839
 10
-3.858861551343579
 20
-135.2743474212839
 10
-4.058861551340669
 20
-135.2743474212839
  0
LINE
  5
551
330
44A
100
AcDbEntity
  8
0
370
9
100
AcDbLine
 10
-3.958861551334848
 20
-135.2743474212839
 30
0.0
 11
-3.958861551334848
 21
-137.2743474212839
 31
0.0
  0
LINE
  5
552
330
44A
100
AcDbEntity
  8
0
370
9
100
AcDbLine
 10
-4.017091159112169
 20
-135.2743474212839
 30
0.0
 11
-4.017091159112169
 21
-137.2743474212839
 31
0.0
  0
LINE
  5
553
330
44A
100
AcDbEntity
  8
0
370
9
100
AcDbLine
 10
-3.899728523087105
 20
-135.2743474212839
 30
0.0
 11
-3.899728523087105
 21
-137.2743474212839
 31
0.0
  0
LINE
  5
554
330
44A
100
AcDbEntity
  8
0
370
9
100
AcDbLine
 10
-3.987324685425846
 20
-135.2743474212839
 30
0.0
 11
-3.987324685425846
 21
-137.2743474212839
 31
0.0
  0
LINE
  5
555
330
44A
100
AcDbEntity
  8
0
370
9
100
AcDbLine
 10
-3.930143857229268
 20
-135.2743474212839
 30
0.0
 11
-3.930143857229268
 21
-137.2743474212839
 31
0.0
  0
LINE
  5
556
330
44A
100
AcDbEntity
  8
0
370
9
100
AcDbLine
 10
-3.878397235399461
 20
-137.2743474212839
 30
0.0
 11
-3.878397235399461
 21
-135.2743474212839
 31
0.0
  0
LINE
  5
557
330
44A
100
AcDbEntity
  8
0
370
9
100
AcDbLine
 10
-4.037773586329421
 20
-135.2743474212839
 30
0.0
 11
-4.037773586329421
 21
-137.2743474212839
 31
0.0
  0
LINE
  5
558
330
44A
100
AcDbEntity
  8
0
370
9
100
AcDbLine
 10
-3.406801736637135
 20
-135.2743474212839
 30
0.0
 11
-3.406801736637135
 21
-137.2743474212839
 31
0.0
  0
LINE
  5
559
330
44A
100
AcDbEntity
  8
0
370
9
100
AcDbLine
 10
-3.406801736637135
 20
-135.2743474212839
 30
0.0
 11
-3.406801736637135
 21
-137.2743474212839
 31
0.0
  0
LWPOLYLINE
  5
55A
330
44A
100
AcDbEntity
  8
0
370
9
100
AcDbPolyline
 90
4
 70
1
 10
-3.25886155135231
 20
-137.2743474212839
 10
-3.058861551355221
 20
-137.2743474212839
 10
-3.058861551355221
 20
-135.2743474212839
 10
-3.25886155135231
 20
-135.2743474212839
  0
LINE
  5
55B
330
44A
100
AcDbEntity
  8
0
370
9
100
AcDbLine
 10
-3.15886155134649
 20
-135.2743474212839
 30
0.0
 11
-3.15886155134649
 21
-137.2743474212839
 31
0.0
  0
LINE
  5
55C
330
44A
100
AcDbEntity
  8
0
370
9
100
AcDbLine
 10
-3.21709115912381
 20
-135.2743474212839
 30
0.0
 11
-3.21709115912381
 21
-137.2743474212839
 31
0.0
  0
LINE
  5
55D
330
44A
100
AcDbEntity
  8
0
370
9
100
AcDbLine
 10
-3.099728523098747
 20
-135.2743474212839
 30
0.0
 11
-3.099728523098747
 21
-137.2743474212839
 31
0.0
  0
LINE
  5
55E
330
44A
100
AcDbEntity
  8
0
370
9
100
AcDbLine
 10
-3.187324685437488
 20
-135.2743474212839
 30
0.0
 11
-3.187324685437488
 21
-137.2743474212839
 31
0.0
  0
LINE
  5
55F
330
44A
100
AcDbEntity
  8
0
370
9
100
AcDbLine
 10
-3.130143857240909
 20
-135.2743474212839
 30
0.0
 11
-3.130143857240909
 21
-137.2743474212839
 31
0.0
  0
LINE
  5
560
330
44A
100
AcDbEntity
  8
0
370
9
100
AcDbLine
 10
-3.078397235411102
 20
-137.2743474212839
 30
0.0
 11
-3.078397235411102
 21
-135.2743474212839
 31
0.0
  0
LINE
  5
561
330
44A
100
AcDbEntity
  8
0
370
9
100
AcDbLine
 10
-3.237773586341063
 20
-135.2743474212839
 30
0.0
 11
-3.237773586341063
 21
-137.2743474212839
 31
0.0
  0
LINE
  5
562
330
44A
100
AcDbEntity
  8
0
370
9
100
AcDbLine
 10
-2.606801736634224
 20
-135.2743474212839
 30
0.0
 11
-2.606801736634224
 21
-137.2743474212839
 31
0.0
  0
LINE
  5
563
330
44A
100
AcDbEntity
  8
0
370
9
100
AcDbLine
 10
-2.606801736634224
 20
-135.2743474212839
 30
0.0
 11
-2.606801736634224
 21
-137.2743474212839
 31
0.0
  0
LWPOLYLINE
  5
564
330
44A
100
AcDbEntity
  8
0
370
9
100
AcDbPolyline
 90
4
 70
1
 10
-2.4588615513494
 20
-137.2743474212839
 10
-2.25886155135231
 20
-137.2743474212839
 10
-2.25886155135231
 20
-135.2743474212839
 10
-2.4588615513494
 20
-135.2743474212839
  0
LINE
  5
565
330
44A
100
AcDbEntity
  8
0
370
9
100
AcDbLine
 10
-2.358861551343579
 20
-135.2743474212839
 30
0.0
 11
-2.358861551343579
 21
-137.2743474212839
 31
0.0
  0
LINE
  5
566
330
44A
100
AcDbEntity
  8
0
370
9
100
AcDbLine
 10
-2.4170911591209
 20
-135.2743474212839
 30
0.0
 11
-2.4170911591209
 21
-137.2743474212839
 31
0.0
  0
LINE
  5
567
330
44A
100
AcDbEntity
  8
0
370
9
100
AcDbLine
 10
-2.299728523095836
 20
-135.2743474212839
 30
0.0
 11
-2.299728523095836
 21
-137.2743474212839
 31
0.0
  0
LINE
  5
568
330
44A
100
AcDbEntity
  8
0
370
9
100
AcDbLine
 10
-2.387324685434577
 20
-135.2743474212839
 30
0.0
 11
-2.387324685434577
 21
-137.2743474212839
 31
0.0
  0
LINE
  5
569
330
44A
100
AcDbEntity
  8
0
370
9
100
AcDbLine
 10
-2.330143857237999
 20
-135.2743474212839
 30
0.0
 11
-2.330143857237999
 21
-137.2743474212839
 31
0.0
  0
LINE
  5
56A
330
44A
100
AcDbEntity
  8
0
370
9
100
AcDbLine
 10
-2.278397235408192
 20
-137.2743474212839
 30
0.0
 11
-2.278397235408192
 21
-135.2743474212839
 31
0.0
  0
LINE
  5
56B
330
44A
100
AcDbEntity
  8
0
370
9
100
AcDbLine
 10
-2.437773586338153
 20
-135.2743474212839
 30
0.0
 11
-2.437773586338153
 21
-137.2743474212839
 31
0.0
  0
LINE
  5
56C
330
44A
100
AcDbEntity
  8
0
370
9
100
AcDbLine
 10
-1.806801736631314
 20
-135.2743474212839
 30
0.0
 11
-1.806801736631314
 21
-137.2743474212839
 31
0.0
  0
LINE
  5
56D
330
44A
100
AcDbEntity
  8
0
370
9
100
AcDbLine
 10
-1.806801736631314
 20
-135.2743474212839
 30
0.0
 11
-1.806801736631314
 21
-137.2743474212839
 31
0.0
  0
LWPOLYLINE
  5
56E
330
44A
100
AcDbEntity
  8
0
370
9
100
AcDbPolyline
 90
4
 70
1
 10
-1.65886155134649
 20
-137.2743474212839
 10
-1.4588615513494
 20
-137.2743474212839
 10
-1.4588615513494
 20
-135.2743474212839
 10
-1.65886155134649
 20
-135.2743474212839
  0
LINE
  5
56F
330
44A
100
AcDbEntity
  8
0
370
9
100
AcDbLine
 10
-1.558861551340669
 20
-135.2743474212839
 30
0.0
 11
-1.558861551340669
 21
-137.2743474212839
 31
0.0
  0
LINE
  5
570
330
44A
100
AcDbEntity
  8
0
370
9
100
AcDbLine
 10
-1.61709115911799
 20
-135.2743474212839
 30
0.0
 11
-1.61709115911799
 21
-137.2743474212839
 31
0.0
  0
LINE
  5
571
330
44A
100
AcDbEntity
  8
0
370
9
100
AcDbLine
 10
-1.499728523092926
 20
-135.2743474212839
 30
0.0
 11
-1.499728523092926
 21
-137.2743474212839
 31
0.0
  0
LINE
  5
572
330
44A
100
AcDbEntity
  8
0
370
9
100
AcDbLine
 10
-1.587324685431667
 20
-135.2743474212839
 30
0.0
 11
-1.587324685431667
 21
-137.2743474212839
 31
0.0
  0
LINE
  5
573
330
44A
100
AcDbEntity
  8
0
370
9
100
AcDbLine
 10
-1.530143857235088
 20
-135.2743474212839
 30
0.0
 11
-1.530143857235088
 21
-137.2743474212839
 31
0.0
  0
LINE
  5
574
330
44A
100
AcDbEntity
  8
0
370
9
100
AcDbLine
 10
-1.478397235405282
 20
-137.2743474212839
 30
0.0
 11
-1.478397235405282
 21
-135.2743474212839
 31
0.0
  0
LINE
  5
575
330
44A
100
AcDbEntity
  8
0
370
9
100
AcDbLine
 10
-1.637773586335242
 20
-135.2743474212839
 30
0.0
 11
-1.637773586335242
 21
-137.2743474212839
 31
0.0
  0
LINE
  5
576
330
44A
100
AcDbEntity
  8
0
370
9
100
AcDbLine
 10
-1.006801736628403
 20
-135.2743474212839
 30
0.0
 11
-1.006801736628403
 21
-137.2743474212839
 31
0.0
  0
LINE
  5
577
330
44A
100
AcDbEntity
  8
0
370
9
100
AcDbLine
 10
-1.006801736628403
 20
-135.2743474212839
 30
0.0
 11
-1.006801736628403
 21
-137.2743474212839
 31
0.0
  0
LWPOLYLINE
  5
578
330
44A
100
AcDbEntity
  8
0
370
9
100
AcDbPolyline
 90
4
 70
1
 10
-0.8588615513435797
 20
-137.2743474212839
 10
-0.6588615513464902
 20
-137.2743474212839
 10
-0.6588615513464902
 20
-135.2743474212839
 10
-0.8588615513435797
 20
-135.2743474212839
  0
LINE
  5
579
330
44A
100
AcDbEntity
  8
0
370
9
100
AcDbLine
 10
-0.758861551337759
 20
-135.2743474212839
 30
0.0
 11
-0.758861551337759
 21
-137.2743474212839
 31
0.0
  0
LINE
  5
57A
330
44A
100
AcDbEntity
  8
0
370
9
100
AcDbLine
 10
-0.8170911591150797
 20
-135.2743474212839
 30
0.0
 11
-0.8170911591150797
 21
-137.2743474212839
 31
0.0
  0
LINE
  5
57B
330
44A
100
AcDbEntity
  8
0
370
9
100
AcDbLine
 10
-0.6997285230900161
 20
-135.2743474212839
 30
0.0
 11
-0.6997285230900161
 21
-137.2743474212839
 31
0.0
  0
LINE
  5
57C
330
44A
100
AcDbEntity
  8
0
370
9
100
AcDbLine
 10
-0.7873246854287573
 20
-135.2743474212839
 30
0.0
 11
-0.7873246854287573
 21
-137.2743474212839
 31
0.0
  0
LINE
  5
57D
330
44A
100
AcDbEntity
  8
0
370
9
100
AcDbLine
 10
-0.7301438572321786
 20
-135.2743474212839
 30
0.0
 11
-0.7301438572321786
 21
-137.2743474212839
 31
0.0
  0
LINE
  5
57E
330
44A
100
AcDbEntity
  8
0
370
9
100
AcDbLine
 10
-0.6783972354023718
 20
-137.2743474212839
 30
0.0
 11
-0.6783972354023718
 21
-135.2743474212839
 31
0.0
  0
LINE
  5
57F
330
44A
100
AcDbEntity
  8
0
370
9
100
AcDbLine
 10
-0.8377735863323323
 20
-135.2743474212839
 30
0.0
 11
-0.8377735863323323
 21
-137.2743474212839
 31
0.0
  0
LINE
  5
580
330
44A
100
AcDbEntity
  8
0
370
9
100
AcDbLine
 10
-0.2068017366254935
 20
-135.2743474212839
 30
0.0
 11
-0.2068017366254935
 21
-137.2743474212839
 31
0.0
  0
LINE
  5
581
330
44A
100
AcDbEntity
  8
0
370
9
100
AcDbLine
 10
-0.2068017366254935
 20
-135.2743474212839
 30
0.0
 11
-0.2068017366254935
 21
-137.2743474212839
 31
0.0
  0
LWPOLYLINE
  5
582
330
44A
100
AcDbEntity
  8
0
370
9
100
AcDbPolyline
 90
4
 70
1
 10
-0.0588615513406694
 20
-137.2743474212839
 10
0.1411384486564202
 20
-137.2743474212839
 10
0.1411384486564202
 20
-135.2743474212839
 10
-0.0588615513406694
 20
-135.2743474212839
  0
LINE
  5
583
330
44A
100
AcDbEntity
  8
0
370
9
100
AcDbLine
 10
0.0411384486651514
 20
-135.2743474212839
 30
0.0
 11
0.0411384486651514
 21
-137.2743474212839
 31
0.0
  0
LINE
  5
584
330
44A
100
AcDbEntity
  8
0
370
9
100
AcDbLine
 10
-0.0170911591121694
 20
-135.2743474212839
 30
0.0
 11
-0.0170911591121694
 21
-137.2743474212839
 31
0.0
  0
LINE
  5
585
330
44A
100
AcDbEntity
  8
0
370
9
100
AcDbLine
 10
0.1002714769128943
 20
-135.2743474212839
 30
0.0
 11
0.1002714769128943
 21
-137.2743474212839
 31
0.0
  0
LINE
  5
586
330
44A
100
AcDbEntity
  8
0
370
9
100
AcDbLine
 10
0.0126753145741532
 20
-135.2743474212839
 30
0.0
 11
0.0126753145741532
 21
-137.2743474212839
 31
0.0
  0
LINE
  5
587
330
44A
100
AcDbEntity
  8
0
370
9
100
AcDbLine
 10
0.0698561427707318
 20
-135.2743474212839
 30
0.0
 11
0.0698561427707318
 21
-137.2743474212839
 31
0.0
  0
LINE
  5
588
330
44A
100
AcDbEntity
  8
0
370
9
100
AcDbLine
 10
0.1216027646005386
 20
-137.2743474212839
 30
0.0
 11
0.1216027646005386
 21
-135.2743474212839
 31
0.0
  0
LINE
  5
589
330
44A
100
AcDbEntity
  8
0
370
9
100
AcDbLine
 10
-0.037773586329422
 20
-135.2743474212839
 30
0.0
 11
-0.037773586329422
 21
-137.2743474212839
 31
0.0
  0
LINE
  5
58A
330
44A
100
AcDbEntity
  8
0
370
9
100
AcDbLine
 10
0.593198263362865
 20
-135.2743474212839
 30
0.0
 11
0.593198263362865
 21
-137.2743474212839
 31
0.0
  0
LINE
  5
58B
330
44A
100
AcDbEntity
  8
0
370
9
100
AcDbLine
 10
0.593198263362865
 20
-135.2743474212839
 30
0.0
 11
0.593198263362865
 21
-137.2743474212839
 31
0.0
  0
LWPOLYLINE
  5
58C
330
44A
100
AcDbEntity
  8
0
370
9
100
AcDbPolyline
 90
4
 70
1
 10
0.7411384486476891
 20
-137.2743474212839
 10
0.9411384486447786
 20
-137.2743474212839
 10
0.9411384486447786
 20
-135.2743474212839
 10
0.7411384486476891
 20
-135.2743474212839
  0
LINE
  5
58D
330
44A
100
AcDbEntity
  8
0
370
9
100
AcDbLine
 10
0.8411384486535098
 20
-135.2743474212839
 30
0.0
 11
0.8411384486535098
 21
-137.2743474212839
 31
0.0
  0
LINE
  5
58E
330
44A
100
AcDbEntity
  8
0
370
9
100
AcDbLine
 10
0.7829088408761891
 20
-135.2743474212839
 30
0.0
 11
0.7829088408761891
 21
-137.2743474212839
 31
0.0
  0
LINE
  5
58F
330
44A
100
AcDbEntity
  8
0
370
9
100
AcDbLine
 10
0.9002714769012528
 20
-135.2743474212839
 30
0.0
 11
0.9002714769012528
 21
-137.2743474212839
 31
0.0
  0
LINE
  5
590
330
44A
100
AcDbEntity
  8
0
370
9
100
AcDbLine
 10
0.8126753145625116
 20
-135.2743474212839
 30
0.0
 11
0.8126753145625116
 21
-137.2743474212839
 31
0.0
  0
LINE
  5
591
330
44A
100
AcDbEntity
  8
0
370
9
100
AcDbLine
 10
0.8698561427590902
 20
-135.2743474212839
 30
0.0
 11
0.8698561427590902
 21
-137.2743474212839
 31
0.0
  0
LINE
  5
592
330
44A
100
AcDbEntity
  8
0
370
9
100
AcDbLine
 10
0.9216027645888971
 20
-137.2743474212839
 30
0.0
 11
0.9216027645888971
 21
-135.2743474212839
 31
0.0
  0
LINE
  5
593
330
44A
100
AcDbEntity
  8
0
370
9
100
AcDbLine
 10
0.7622264136589365
 20
-135.2743474212839
 30
0.0
 11
0.7622264136589365
 21
-137.2743474212839
 31
0.0
  0
LINE
  5
594
330
44A
100
AcDbEntity
  8
0
370
9
100
AcDbLine
 10
1.393198263365775
 20
-135.2743474212839
 30
0.0
 11
1.393198263365775
 21
-137.2743474212839
 31
0.0
  0
LINE
  5
595
330
44A
100
AcDbEntity
  8
0
370
9
100
AcDbLine
 10
1.393198263365775
 20
-135.2743474212839
 30
0.0
 11
1.393198263365775
 21
-137.2743474212839
 31
0.0
  0
LWPOLYLINE
  5
596
330
44A
100
AcDbEntity
  8
0
370
9
100
AcDbPolyline
 90
4
 70
1
 10
1.541138448650599
 20
-137.2743474212839
 10
1.741138448647689
 20
-137.2743474212839
 10
1.741138448647689
 20
-135.2743474212839
 10
1.541138448650599
 20
-135.2743474212839
  0
LINE
  5
597
330
44A
100
AcDbEntity
  8
0
370
9
100
AcDbLine
 10
1.64113844865642
 20
-135.2743474212839
 30
0.0
 11
1.64113844865642
 21
-137.2743474212839
 31
0.0
  0
LINE
  5
598
330
44A
100
AcDbEntity
  8
0
370
9
100
AcDbLine
 10
1.582908840879099
 20
-135.2743474212839
 30
0.0
 11
1.582908840879099
 21
-137.2743474212839
 31
0.0
  0
LINE
  5
599
330
44A
100
AcDbEntity
  8
0
370
9
100
AcDbLine
 10
1.700271476904163
 20
-135.2743474212839
 30
0.0
 11
1.700271476904163
 21
-137.2743474212839
 31
0.0
  0
LINE
  5
59A
330
44A
100
AcDbEntity
  8
0
370
9
100
AcDbLine
 10
1.612675314565422
 20
-135.2743474212839
 30
0.0
 11
1.612675314565422
 21
-137.2743474212839
 31
0.0
  0
LINE
  5
59B
330
44A
100
AcDbEntity
  8
0
370
9
100
AcDbLine
 10
1.669856142762
 20
-135.2743474212839
 30
0.0
 11
1.669856142762
 21
-137.2743474212839
 31
0.0
  0
LINE
  5
59C
330
44A
100
AcDbEntity
  8
0
370
9
100
AcDbLine
 10
1.721602764591807
 20
-137.2743474212839
 30
0.0
 11
1.721602764591807
 21
-135.2743474212839
 31
0.0
  0
LINE
  5
59D
330
44A
100
AcDbEntity
  8
0
370
9
100
AcDbLine
 10
1.562226413661846
 20
-135.2743474212839
 30
0.0
 11
1.562226413661846
 21
-137.2743474212839
 31
0.0
  0
LINE
  5
59E
330
44A
100
AcDbEntity
  8
0
370
9
100
AcDbLine
 10
2.193198263368685
 20
-135.2743474212839
 30
0.0
 11
2.193198263368685
 21
-137.2743474212839
 31
0.0
  0
LINE
  5
59F
330
44A
100
AcDbEntity
  8
0
370
9
100
AcDbLine
 10
2.193198263368685
 20
-135.2743474212839
 30
0.0
 11
2.193198263368685
 21
-137.2743474212839
 31
0.0
  0
LWPOLYLINE
  5
5A0
330
44A
100
AcDbEntity
  8
0
370
9
100
AcDbPolyline
 90
4
 70
1
 10
2.341138448653509
 20
-137.2743474212839
 10
2.541138448650599
 20
-137.2743474212839
 10
2.541138448650599
 20
-135.2743474212839
 10
2.341138448653509
 20
-135.2743474212839
  0
LINE
  5
5A1
330
44A
100
AcDbEntity
  8
0
370
9
100
AcDbLine
 10
2.44113844865933
 20
-135.2743474212839
 30
0.0
 11
2.44113844865933
 21
-137.2743474212839
 31
0.0
  0
LINE
  5
5A2
330
44A
100
AcDbEntity
  8
0
370
9
100
AcDbLine
 10
2.382908840882009
 20
-135.2743474212839
 30
0.0
 11
2.382908840882009
 21
-137.2743474212839
 31
0.0
  0
LINE
  5
5A3
330
44A
100
AcDbEntity
  8
0
370
9
100
AcDbLine
 10
2.500271476907073
 20
-135.2743474212839
 30
0.0
 11
2.500271476907073
 21
-137.2743474212839
 31
0.0
  0
LINE
  5
5A4
330
44A
100
AcDbEntity
  8
0
370
9
100
AcDbLine
 10
2.412675314568332
 20
-135.2743474212839
 30
0.0
 11
2.412675314568332
 21
-137.2743474212839
 31
0.0
  0
LINE
  5
5A5
330
44A
100
AcDbEntity
  8
0
370
9
100
AcDbLine
 10
2.469856142764911
 20
-135.2743474212839
 30
0.0
 11
2.469856142764911
 21
-137.2743474212839
 31
0.0
  0
LINE
  5
5A6
330
44A
100
AcDbEntity
  8
0
370
9
100
AcDbLine
 10
2.521602764594717
 20
-137.2743474212839
 30
0.0
 11
2.521602764594717
 21
-135.2743474212839
 31
0.0
  0
LINE
  5
5A7
330
44A
100
AcDbEntity
  8
0
370
9
100
AcDbLine
 10
2.362226413664757
 20
-135.2743474212839
 30
0.0
 11
2.362226413664757
 21
-137.2743474212839
 31
0.0
  0
LINE
  5
5A8
330
44A
100
AcDbEntity
  8
0
370
9
100
AcDbLine
 10
2.993198263371596
 20
-135.2743474212839
 30
0.0
 11
2.993198263371596
 21
-137.2743474212839
 31
0.0
  0
LINE
  5
5A9
330
44A
100
AcDbEntity
  8
0
370
9
100
AcDbLine
 10
2.993198263371596
 20
-135.2743474212839
 30
0.0
 11
2.993198263371596
 21
-137.2743474212839
 31
0.0
  0
LWPOLYLINE
  5
5AA
330
44A
100
AcDbEntity
  8
0
370
9
100
AcDbPolyline
 90
4
 70
1
 10
3.14113844865642
 20
-137.2743474212839
 10
3.341138448653509
 20
-137.2743474212839
 10
3.341138448653509
 20
-135.2743474212839
 10
3.14113844865642
 20
-135.2743474212839
  0
LINE
  5
5AB
330
44A
100
AcDbEntity
  8
0
370
9
100
AcDbLine
 10
3.24113844866224
 20
-135.2743474212839
 30
0.0
 11
3.24113844866224
 21
-137.2743474212839
 31
0.0
  0
LINE
  5
5AC
330
44A
100
AcDbEntity
  8
0
370
9
100
AcDbLine
 10
3.18290884088492
 20
-135.2743474212839
 30
0.0
 11
3.18290884088492
 21
-137.2743474212839
 31
0.0
  0
LINE
  5
5AD
330
44A
100
AcDbEntity
  8
0
370
9
100
AcDbLine
 10
3.300271476909983
 20
-135.2743474212839
 30
0.0
 11
3.300271476909983
 21
-137.2743474212839
 31
0.0
  0
LINE
  5
5AE
330
44A
100
AcDbEntity
  8
0
370
9
100
AcDbLine
 10
3.212675314571242
 20
-135.2743474212839
 30
0.0
 11
3.212675314571242
 21
-137.2743474212839
 31
0.0
  0
LINE
  5
5AF
330
44A
100
AcDbEntity
  8
0
370
9
100
AcDbLine
 10
3.269856142767821
 20
-135.2743474212839
 30
0.0
 11
3.269856142767821
 21
-137.2743474212839
 31
0.0
  0
LINE
  5
5B0
330
44A
100
AcDbEntity
  8
0
370
9
100
AcDbLine
 10
3.321602764597628
 20
-137.2743474212839
 30
0.0
 11
3.321602764597628
 21
-135.2743474212839
 31
0.0
  0
LINE
  5
5B1
330
44A
100
AcDbEntity
  8
0
370
9
100
AcDbLine
 10
3.162226413667667
 20
-135.2743474212839
 30
0.0
 11
3.162226413667667
 21
-137.2743474212839
 31
0.0
  0
LINE
  5
5B2
330
44A
100
AcDbEntity
  8
0
370
9
100
AcDbLine
 10
3.793198263374506
 20
-135.2743474212839
 30
0.0
 11
3.793198263374506
 21
-137.2743474212839
 31
0.0
  0
LINE
  5
5B3
330
44A
100
AcDbEntity
  8
0
370
9
100
AcDbLine
 10
3.793198263374506
 20
-135.2743474212839
 30
0.0
 11
3.793198263374506
 21
-137.2743474212839
 31
0.0
  0
LWPOLYLINE
  5
5B4
330
44A
100
AcDbEntity
  8
0
370
9
100
AcDbPolyline
 90
4
 70
1
 10
3.94113844865933
 20
-137.2743474212839
 10
4.14113844865642
 20
-137.2743474212839
 10
4.14113844865642
 20
-135.2743474212839
 10
3.94113844865933
 20
-135.2743474212839
  0
LINE
  5
5B5
330
44A
100
AcDbEntity
  8
0
370
9
100
AcDbLine
 10
4.041138448665151
 20
-135.2743474212839
 30
0.0
 11
4.041138448665151
 21
-137.2743474212839
 31
0.0
  0
LINE
  5
5B6
330
44A
100
AcDbEntity
  8
0
370
9
100
AcDbLine
 10
3.98290884088783
 20
-135.2743474212839
 30
0.0
 11
3.98290884088783
 21
-137.2743474212839
 31
0.0
  0
LINE
  5
5B7
330
44A
100
AcDbEntity
  8
0
370
9
100
AcDbLine
 10
4.100271476912894
 20
-135.2743474212839
 30
0.0
 11
4.100271476912894
 21
-137.2743474212839
 31
0.0
  0
LINE
  5
5B8
330
44A
100
AcDbEntity
  8
0
370
9
100
AcDbLine
 10
4.012675314574153
 20
-135.2743474212839
 30
0.0
 11
4.012675314574153
 21
-137.2743474212839
 31
0.0
  0
LINE
  5
5B9
330
44A
100
AcDbEntity
  8
0
370
9
100
AcDbLine
 10
4.069856142770731
 20
-135.2743474212839
 30
0.0
 11
4.069856142770731
 21
-137.2743474212839
 31
0.0
  0
LINE
  5
5BA
330
44A
100
AcDbEntity
  8
0
370
9
100
AcDbLine
 10
4.121602764600538
 20
-137.2743474212839
 30
0.0
 11
4.121602764600538
 21
-135.2743474212839
 31
0.0
  0
LINE
  5
5BB
330
44A
100
AcDbEntity
  8
0
370
9
100
AcDbLine
 10
3.962226413670578
 20
-135.2743474212839
 30
0.0
 11
3.962226413670578
 21
-137.2743474212839
 31
0.0
  0
LINE
  5
5BC
330
44A
100
AcDbEntity
  8
0
370
9
100
AcDbLine
 10
4.593198263362864
 20
-135.2743474212839
 30
0.0
 11
4.593198263362864
 21
-137.2743474212839
 31
0.0
  0
LINE
  5
5BD
330
44A
100
AcDbEntity
  8
0
370
9
100
AcDbLine
 10
4.593198263362864
 20
-135.2743474212839
 30
0.0
 11
4.593198263362864
 21
-137.2743474212839
 31
0.0
  0
LWPOLYLINE
  5
5BE
330
44A
100
AcDbEntity
  8
0
370
9
100
AcDbPolyline
 90
4
 70
1
 10
4.741138448647689
 20
-137.2743474212839
 10
4.941138448644778
 20
-137.2743474212839
 10
4.941138448644778
 20
-135.2743474212839
 10
4.741138448647689
 20
-135.2743474212839
  0
LINE
  5
5BF
330
44A
100
AcDbEntity
  8
0
370
9
100
AcDbLine
 10
4.841138448653509
 20
-135.2743474212839
 30
0.0
 11
4.841138448653509
 21
-137.2743474212839
 31
0.0
  0
LINE
  5
5C0
330
44A
100
AcDbEntity
  8
0
370
9
100
AcDbLine
 10
4.782908840876189
 20
-135.2743474212839
 30
0.0
 11
4.782908840876189
 21
-137.2743474212839
 31
0.0
  0
LINE
  5
5C1
330
44A
100
AcDbEntity
  8
0
370
9
100
AcDbLine
 10
4.900271476901252
 20
-135.2743474212839
 30
0.0
 11
4.900271476901252
 21
-137.2743474212839
 31
0.0
  0
LINE
  5
5C2
330
44A
100
AcDbEntity
  8
0
370
9
100
AcDbLine
 10
4.812675314562511
 20
-135.2743474212839
 30
0.0
 11
4.812675314562511
 21
-137.2743474212839
 31
0.0
  0
LINE
  5
5C3
330
44A
100
AcDbEntity
  8
0
370
9
100
AcDbLine
 10
4.86985614275909
 20
-135.2743474212839
 30
0.0
 11
4.86985614275909
 21
-137.2743474212839
 31
0.0
  0
LINE
  5
5C4
330
44A
100
AcDbEntity
  8
0
370
9
100
AcDbLine
 10
4.921602764588897
 20
-137.2743474212839
 30
0.0
 11
4.921602764588897
 21
-135.2743474212839
 31
0.0
  0
LINE
  5
5C5
330
44A
100
AcDbEntity
  8
0
370
9
100
AcDbLine
 10
4.762226413658936
 20
-135.2743474212839
 30
0.0
 11
4.762226413658936
 21
-137.2743474212839
 31
0.0
  0
LINE
  5
5C6
330
44A
100
AcDbEntity
  8
0
370
9
100
AcDbLine
 10
5.393198263365775
 20
-135.2743474212839
 30
0.0
 11
5.393198263365775
 21
-137.2743474212839
 31
0.0
  0
LINE
  5
5C7
330
44A
100
AcDbEntity
  8
0
370
9
100
AcDbLine
 10
5.393198263365775
 20
-135.2743474212839
 30
0.0
 11
5.393198263365775
 21
-137.2743474212839
 31
0.0
  0
LWPOLYLINE
  5
5C8
330
44A
100
AcDbEntity
  8
0
370
9
100
AcDbPolyline
 90
4
 70
1
 10
5.541138448650599
 20
-137.2743474212839
 10
5.741138448647689
 20
-137.2743474212839
 10
5.741138448647689
 20
-135.2743474212839
 10
5.541138448650599
 20
-135.2743474212839
  0
LINE
  5
5C9
330
44A
100
AcDbEntity
  8
0
370
9
100
AcDbLine
 10
5.64113844865642
 20
-135.2743474212839
 30
0.0
 11
5.64113844865642
 21
-137.2743474212839
 31
0.0
  0
LINE
  5
5CA
330
44A
100
AcDbEntity
  8
0
370
9
100
AcDbLine
 10
5.582908840879099
 20
-135.2743474212839
 30
0.0
 11
5.582908840879099
 21
-137.2743474212839
 31
0.0
  0
LINE
  5
5CB
330
44A
100
AcDbEntity
  8
0
370
9
100
AcDbLine
 10
5.700271476904163
 20
-135.2743474212839
 30
0.0
 11
5.700271476904163
 21
-137.2743474212839
 31
0.0
  0
LINE
  5
5CC
330
44A
100
AcDbEntity
  8
0
370
9
100
AcDbLine
 10
5.612675314565422
 20
-135.2743474212839
 30
0.0
 11
5.612675314565422
 21
-137.2743474212839
 31
0.0
  0
LINE
  5
5CD
330
44A
100
AcDbEntity
  8
0
370
9
100
AcDbLine
 10
5.669856142762
 20
-135.2743474212839
 30
0.0
 11
5.669856142762
 21
-137.2743474212839
 31
0.0
  0
LINE
  5
5CE
330
44A
100
AcDbEntity
  8
0
370
9
100
AcDbLine
 10
5.721602764591807
 20
-137.2743474212839
 30
0.0
 11
5.721602764591807
 21
-135.2743474212839
 31
0.0
  0
LINE
  5
5CF
330
44A
100
AcDbEntity
  8
0
370
9
100
AcDbLine
 10
5.562226413661846
 20
-135.2743474212839
 30
0.0
 11
5.562226413661846
 21
-137.2743474212839
 31
0.0
  0
LINE
  5
5D0
330
44A
100
AcDbEntity
  8
0
370
9
100
AcDbLine
 10
6.193198263368685
 20
-135.2743474212839
 30
0.0
 11
6.193198263368685
 21
-137.2743474212839
 31
0.0
  0
LINE
  5
5D1
330
44A
100
AcDbEntity
  8
0
370
9
100
AcDbLine
 10
6.193198263368685
 20
-135.2743474212839
 30
0.0
 11
6.193198263368685
 21
-137.2743474212839
 31
0.0
  0
LWPOLYLINE
  5
5D2
330
44A
100
AcDbEntity
  8
0
370
9
100
AcDbPolyline
 90
4
 70
1
 10
6.341138448653509
 20
-137.2743474212839
 10
6.541138448650599
 20
-137.2743474212839
 10
6.541138448650599
 20
-135.2743474212839
 10
6.341138448653509
 20
-135.2743474212839
  0
LINE
  5
5D3
330
44A
100
AcDbEntity
  8
0
370
9
100
AcDbLine
 10
6.44113844865933
 20
-135.2743474212839
 30
0.0
 11
6.44113844865933
 21
-137.2743474212839
 31
0.0
  0
LINE
  5
5D4
330
44A
100
AcDbEntity
  8
0
370
9
100
AcDbLine
 10
6.382908840882009
 20
-135.2743474212839
 30
0.0
 11
6.382908840882009
 21
-137.2743474212839
 31
0.0
  0
LINE
  5
5D5
330
44A
100
AcDbEntity
  8
0
370
9
100
AcDbLine
 10
6.500271476907073
 20
-135.2743474212839
 30
0.0
 11
6.500271476907073
 21
-137.2743474212839
 31
0.0
  0
LINE
  5
5D6
330
44A
100
AcDbEntity
  8
0
370
9
100
AcDbLine
 10
6.412675314568332
 20
-135.2743474212839
 30
0.0
 11
6.412675314568332
 21
-137.2743474212839
 31
0.0
  0
LINE
  5
5D7
330
44A
100
AcDbEntity
  8
0
370
9
100
AcDbLine
 10
6.469856142764911
 20
-135.2743474212839
 30
0.0
 11
6.469856142764911
 21
-137.2743474212839
 31
0.0
  0
LINE
  5
5D8
330
44A
100
AcDbEntity
  8
0
370
9
100
AcDbLine
 10
6.521602764594717
 20
-137.2743474212839
 30
0.0
 11
6.521602764594717
 21
-135.2743474212839
 31
0.0
  0
LINE
  5
5D9
330
44A
100
AcDbEntity
  8
0
370
9
100
AcDbLine
 10
6.362226413664757
 20
-135.2743474212839
 30
0.0
 11
6.362226413664757
 21
-137.2743474212839
 31
0.0
  0
LINE
  5
5DA
330
44A
100
AcDbEntity
  8
0
370
9
100
AcDbLine
 10
6.993198263371596
 20
-135.2743474212839
 30
0.0
 11
6.993198263371596
 21
-137.2743474212839
 31
0.0
  0
LINE
  5
5DB
330
44A
100
AcDbEntity
  8
0
370
9
100
AcDbLine
 10
6.993198263371596
 20
-135.2743474212839
 30
0.0
 11
6.993198263371596
 21
-137.2743474212839
 31
0.0
  0
LWPOLYLINE
  5
5DC
330
44A
100
AcDbEntity
  8
0
370
9
100
AcDbPolyline
 90
4
 70
1
 10
7.14113844865642
 20
-137.2743474212839
 10
7.341138448653509
 20
-137.2743474212839
 10
7.341138448653509
 20
-135.2743474212839
 10
7.14113844865642
 20
-135.2743474212839
  0
LINE
  5
5DD
330
44A
100
AcDbEntity
  8
0
370
9
100
AcDbLine
 10
7.24113844866224
 20
-135.2743474212839
 30
0.0
 11
7.24113844866224
 21
-137.2743474212839
 31
0.0
  0
LINE
  5
5DE
330
44A
100
AcDbEntity
  8
0
370
9
100
AcDbLine
 10
7.18290884088492
 20
-135.2743474212839
 30
0.0
 11
7.18290884088492
 21
-137.2743474212839
 31
0.0
  0
LINE
  5
5DF
330
44A
100
AcDbEntity
  8
0
370
9
100
AcDbLine
 10
7.300271476909983
 20
-135.2743474212839
 30
0.0
 11
7.300271476909983
 21
-137.2743474212839
 31
0.0
  0
LINE
  5
5E0
330
44A
100
AcDbEntity
  8
0
370
9
100
AcDbLine
 10
7.212675314571242
 20
-135.2743474212839
 30
0.0
 11
7.212675314571242
 21
-137.2743474212839
 31
0.0
  0
LINE
  5
5E1
330
44A
100
AcDbEntity
  8
0
370
9
100
AcDbLine
 10
7.269856142767821
 20
-135.2743474212839
 30
0.0
 11
7.269856142767821
 21
-137.2743474212839
 31
0.0
  0
LINE
  5
5E2
330
44A
100
AcDbEntity
  8
0
370
9
100
AcDbLine
 10
7.321602764597628
 20
-137.2743474212839
 30
0.0
 11
7.321602764597628
 21
-135.2743474212839
 31
0.0
  0
LINE
  5
5E3
330
44A
100
AcDbEntity
  8
0
370
9
100
AcDbLine
 10
7.162226413667667
 20
-135.2743474212839
 30
0.0
 11
7.162226413667667
 21
-137.2743474212839
 31
0.0
  0
LINE
  5
5E4
330
44A
100
AcDbEntity
  8
0
370
9
100
AcDbLine
 10
7.793198263374506
 20
-135.2743474212839
 30
0.0
 11
7.793198263374506
 21
-137.2743474212839
 31
0.0
  0
LINE
  5
5E5
330
44A
100
AcDbEntity
  8
0
370
9
100
AcDbLine
 10
7.793198263374506
 20
-135.2743474212839
 30
0.0
 11
7.793198263374506
 21
-137.2743474212839
 31
0.0
  0
LWPOLYLINE
  5
5E6
330
44A
100
AcDbEntity
  8
0
370
9
100
AcDbPolyline
 90
4
 70
1
 10
7.94113844865933
 20
-137.2743474212839
 10
8.14113844865642
 20
-137.2743474212839
 10
8.14113844865642
 20
-135.2743474212839
 10
7.94113844865933
 20
-135.2743474212839
  0
LINE
  5
5E7
330
44A
100
AcDbEntity
  8
0
370
9
100
AcDbLine
 10
8.041138448665151
 20
-135.2743474212839
 30
0.0
 11
8.041138448665151
 21
-137.2743474212839
 31
0.0
  0
LINE
  5
5E8
330
44A
100
AcDbEntity
  8
0
370
9
100
AcDbLine
 10
7.98290884088783
 20
-135.2743474212839
 30
0.0
 11
7.98290884088783
 21
-137.2743474212839
 31
0.0
  0
LINE
  5
5E9
330
44A
100
AcDbEntity
  8
0
370
9
100
AcDbLine
 10
8.100271476912894
 20
-135.2743474212839
 30
0.0
 11
8.100271476912894
 21
-137.2743474212839
 31
0.0
  0
LINE
  5
5EA
330
44A
100
AcDbEntity
  8
0
370
9
100
AcDbLine
 10
8.012675314574153
 20
-135.2743474212839
 30
0.0
 11
8.012675314574153
 21
-137.2743474212839
 31
0.0
  0
LINE
  5
5EB
330
44A
100
AcDbEntity
  8
0
370
9
100
AcDbLine
 10
8.069856142770732
 20
-135.2743474212839
 30
0.0
 11
8.069856142770732
 21
-137.2743474212839
 31
0.0
  0
LINE
  5
5EC
330
44A
100
AcDbEntity
  8
0
370
9
100
AcDbLine
 10
8.121602764600539
 20
-137.2743474212839
 30
0.0
 11
8.121602764600539
 21
-135.2743474212839
 31
0.0
  0
LINE
  5
5ED
330
44A
100
AcDbEntity
  8
0
370
9
100
AcDbLine
 10
7.962226413670578
 20
-135.2743474212839
 30
0.0
 11
7.962226413670578
 21
-137.2743474212839
 31
0.0
  0
LINE
  5
5EE
330
44A
100
AcDbEntity
  8
0
370
9
100
AcDbLine
 10
8.593198263362863
 20
-135.2743474212839
 30
0.0
 11
8.593198263362863
 21
-137.2743474212839
 31
0.0
  0
LINE
  5
5EF
330
44A
100
AcDbEntity
  8
0
370
9
100
AcDbLine
 10
8.593198263362863
 20
-135.2743474212839
 30
0.0
 11
8.593198263362863
 21
-137.2743474212839
 31
0.0
  0
LWPOLYLINE
  5
5F0
330
44A
100
AcDbEntity
  8
0
370
9
100
AcDbPolyline
 90
4
 70
1
 10
8.741138448647689
 20
-137.2743474212839
 10
8.941138448644779
 20
-137.2743474212839
 10
8.941138448644779
 20
-135.2743474212839
 10
8.741138448647689
 20
-135.2743474212839
  0
LINE
  5
5F1
330
44A
100
AcDbEntity
  8
0
370
9
100
AcDbLine
 10
8.84113844865351
 20
-135.2743474212839
 30
0.0
 11
8.84113844865351
 21
-137.2743474212839
 31
0.0
  0
LINE
  5
5F2
330
44A
100
AcDbEntity
  8
0
370
9
100
AcDbLine
 10
8.782908840876189
 20
-135.2743474212839
 30
0.0
 11
8.782908840876189
 21
-137.2743474212839
 31
0.0
  0
LINE
  5
5F3
330
44A
100
AcDbEntity
  8
0
370
9
100
AcDbLine
 10
8.900271476901253
 20
-135.2743474212839
 30
0.0
 11
8.900271476901253
 21
-137.2743474212839
 31
0.0
  0
LINE
  5
5F4
330
44A
100
AcDbEntity
  8
0
370
9
100
AcDbLine
 10
8.812675314562512
 20
-135.2743474212839
 30
0.0
 11
8.812675314562512
 21
-137.2743474212839
 31
0.0
  0
LINE
  5
5F5
330
44A
100
AcDbEntity
  8
0
370
9
100
AcDbLine
 10
8.86985614275909
 20
-135.2743474212839
 30
0.0
 11
8.86985614275909
 21
-137.2743474212839
 31
0.0
  0
LINE
  5
5F6
330
44A
100
AcDbEntity
  8
0
370
9
100
AcDbLine
 10
8.921602764588897
 20
-137.2743474212839
 30
0.0
 11
8.921602764588897
 21
-135.2743474212839
 31
0.0
  0
LINE
  5
5F7
330
44A
100
AcDbEntity
  8
0
370
9
100
AcDbLine
 10
8.762226413658937
 20
-135.2743474212839
 30
0.0
 11
8.762226413658937
 21
-137.2743474212839
 31
0.0
  0
LINE
  5
5F8
330
44A
100
AcDbEntity
  8
0
370
9
100
AcDbLine
 10
9.393198263365775
 20
-135.2743474212839
 30
0.0
 11
9.393198263365775
 21
-137.2743474212839
 31
0.0
  0
LINE
  5
5F9
330
44A
100
AcDbEntity
  8
0
370
9
100
AcDbLine
 10
9.393198263365775
 20
-135.2743474212839
 30
0.0
 11
9.393198263365775
 21
-137.2743474212839
 31
0.0
  0
LWPOLYLINE
  5
5FA
330
44A
100
AcDbEntity
  8
0
370
9
100
AcDbPolyline
 90
4
 70
1
 10
9.5411384486506
 20
-137.2743474212839
 10
9.741138448647689
 20
-137.2743474212839
 10
9.741138448647689
 20
-135.2743474212839
 10
9.5411384486506
 20
-135.2743474212839
  0
LINE
  5
5FB
330
44A
100
AcDbEntity
  8
0
370
9
100
AcDbLine
 10
9.64113844865642
 20
-135.2743474212839
 30
0.0
 11
9.64113844865642
 21
-137.2743474212839
 31
0.0
  0
LINE
  5
5FC
330
44A
100
AcDbEntity
  8
0
370
9
100
AcDbLine
 10
9.5829088408791
 20
-135.2743474212839
 30
0.0
 11
9.5829088408791
 21
-137.2743474212839
 31
0.0
  0
LINE
  5
5FD
330
44A
100
AcDbEntity
  8
0
370
9
100
AcDbLine
 10
9.700271476904163
 20
-135.2743474212839
 30
0.0
 11
9.700271476904163
 21
-137.2743474212839
 31
0.0
  0
LINE
  5
5FE
330
44A
100
AcDbEntity
  8
0
370
9
100
AcDbLine
 10
9.612675314565422
 20
-135.2743474212839
 30
0.0
 11
9.612675314565422
 21
-137.2743474212839
 31
0.0
  0
LINE
  5
5FF
330
44A
100
AcDbEntity
  8
0
370
9
100
AcDbLine
 10
9.669856142762
 20
-135.2743474212839
 30
0.0
 11
9.669856142762
 21
-137.2743474212839
 31
0.0
  0
LINE
  5
600
330
44A
100
AcDbEntity
  8
0
370
9
100
AcDbLine
 10
9.721602764591807
 20
-137.2743474212839
 30
0.0
 11
9.721602764591807
 21
-135.2743474212839
 31
0.0
  0
LINE
  5
601
330
44A
100
AcDbEntity
  8
0
370
9
100
AcDbLine
 10
9.562226413661845
 20
-135.2743474212839
 30
0.0
 11
9.562226413661845
 21
-137.2743474212839
 31
0.0
  0
MTEXT
  5
602
330
44A
100
AcDbEntity
  8
0
100
AcDbMText
 10
-18.71076404319319
 20
-128.2962490778882
 30
0.0
 40
1.799999999999999
 41
72.26130461352147
 46
17.49999999974773
 71
5
 72
5
  1
S1-S2: 1200/5A
  7
THIÊN1
  0
MTEXT
  5
603
330
44A
100
AcDbEntity
  8
0
100
AcDbMText
 10
-18.71076404319319
 20
-132.19867338935
 30
0.0
 40
1.799999999999999
 41
72.26130461352147
 46
17.49999999974773
 71
5
 72
5
  1
S: 5A
  7
THIÊN1
  0
MTEXT
  5
604
330
44A
100
AcDbEntity
  8
0
100
AcDbMText
 10
-2.561357117258012
 20
-132.19867338935
 30
0.0
 40
1.799999999999999
 41
72.26130461352147
 46
17.49999999974773
 71
5
 72
5
  1
Cấp 0,5
  7
THIÊN1
  0
MTEXT
  5
605
330
44A
100
AcDbEntity
  8
0
100
AcDbMText
 10
-2.561357117258012
 20
-128.1603144205874
 30
0.0
 40
1.799999999999999
 41
72.26130461352147
 46
17.49999999974773
 71
5
 72
5
  1
600V
  7
THIÊN1
  0
MTEXT
  5
606
330
44A
100
AcDbEntity
  8
0
100
AcDbMText
 10
9.721549676149152
 20
-128.1603144205874
 30
0.0
 40
1.799999999999999
 41
72.26130461352147
 46
17.49999999974773
 71
5
 72
5
  1
50Hz
  7
THIÊN1
  0
MTEXT
  5
607
330
44A
100
AcDbEntity
  8
0
100
AcDbMText
 10
9.721549676149152
 20
-132.19867338935
 30
0.0
 40
1.799999999999999
 41
72.26130461352147
 46
17.49999999974773
 71
5
 72
5
  1
2021
  7
THIÊN1
  0
LWPOLYLINE
  5
608
330
44A
100
AcDbEntity
  8
0
100
AcDbPolyline
 90
4
 70
0
 10
29.48854253221361
 20
-139.2835861852727
 10
31.08854253221944
 20
-139.2835861852727
 10
31.08854253221944
 20
-139.4435861852762
 10
29.32854253222468
 20
-139.4435861852762
  0
LWPOLYLINE
  5
609
330
44A
100
AcDbEntity
  8
0
100
AcDbPolyline
 90
4
 70
0
 10
24.04854253221129
 20
-139.4435861852762
 10
22.28854253221653
 20
-139.4435861852762
 10
22.28854253221653
 20
-139.2835861852727
 10
23.88854253222234
 20
-139.2835861852727
  0
LINE
  5
60A
330
44A
100
AcDbEntity
  8
0
100
AcDbLine
 10
29.48854253221361
 20
-139.2835861852727
 30
0.0
 11
29.48854253221361
 21
-138.8835861852713
 31
0.0
  0
LINE
  5
60B
330
44A
100
AcDbEntity
  8
0
100
AcDbLine
 10
29.32854253222468
 20
-139.4435861852762
 30
0.0
 11
29.32854253222468
 21
-139.0435861852747
 31
0.0
  0
LINE
  5
60C
330
44A
100
AcDbEntity
  8
0
100
AcDbLine
 10
23.88854253222234
 20
-139.2835861852727
 30
0.0
 11
23.88854253222234
 21
-138.8835861852713
 31
0.0
  0
LINE
  5
60D
330
44A
100
AcDbEntity
  8
0
100
AcDbLine
 10
24.04854253221129
 20
-139.4435861852762
 30
0.0
 11
24.04854253221129
 21
-139.0435861852747
 31
0.0
  0
LINE
  5
60E
330
44A
100
AcDbEntity
  8
0
100
AcDbLine
 10
24.04854253221129
 20
-139.0435861852747
 30
0.0
 11
29.32854253222468
 21
-139.0435861852747
 31
0.0
  0
CIRCLE
  5
60F
330
44A
100
AcDbEntity
  8
0
100
AcDbCircle
 10
26.6885425322107
 20
-134.963586185273
 30
0.0
 40
1.52
  0
ARC
  5
610
330
44A
100
AcDbEntity
  8
0
100
AcDbCircle
 10
26.6885425322107
 20
-134.963586185273
 30
0.0
 40
3.52
100
AcDbArc
 50
348.5926148324158
 51
191.4073851675841
  0
LINE
  5
611
330
44A
100
AcDbEntity
  8
0
100
AcDbLine
 10
29.48854253221361
 20
-138.8835861852713
 30
0.0
 11
30.13900735868083
 21
-135.6597847786179
 31
0.0
  0
LINE
  5
612
330
44A
100
AcDbEntity
  8
0
100
AcDbLine
 10
23.88854253222234
 20
-138.8835861852713
 30
0.0
 11
23.23807770575513
 21
-135.6597847786179
 31
0.0
  0
MTEXT
  5
613
330
44A
100
AcDbEntity
  8
0
100
AcDbMText
 10
26.6424036292301
 20
-132.5704093212407
 30
0.0
 40
0.4800000000000001
 41
19.2696812302724
 46
17.49999999974773
 71
5
 72
5
  1
P1
  7
THIÊN1
  0
LINE
  5
614
330
44A
100
AcDbEntity
  8
0
100
AcDbLine
 10
23.88854253222234
 20
-138.8835861852713
 30
0.0
 11
29.48854253221361
 21
-138.8835861852713
 31
0.0
  0
LINE
  5
615
330
44A
100
AcDbEntity
  8
0
100
AcDbLine
 10
23.27521818492096
 20
-131.1695047231114
 30
0.0
 11
24.37675167592534
 21
-132.3091515869455
 31
0.0
  0
LINE
  5
616
330
44A
100
AcDbEntity
  8
0
100
AcDbLine
 10
25.7710678614676
 20
-133.7517115100199
 30
0.0
 11
30.44610622065375
 21
-138.5885075292317
 31
0.0
  0
LINE
  5
617
330
44A
100
AcDbEntity
  8
0
100
AcDbLine
 10
23.05485413598944
 20
-130.9415160152566
 30
0.0
 11
23.43281535498682
 21
-130.994649046901
 31
0.0
  0
LINE
  5
618
330
44A
100
AcDbEntity
  8
0
100
AcDbLine
 10
23.43281535498682
 20
-130.994649046901
 30
0.0
 11
23.27521818492096
 21
-131.1695047230969
 31
0.0
  0
LINE
  5
619
330
44A
100
AcDbEntity
  8
0
100
AcDbLine
 10
23.05485413598944
 20
-130.9415160152493
 30
0.0
 11
23.09510499118187
 21
-131.3210653147762
 31
0.0
  0
LINE
  5
61A
330
44A
100
AcDbEntity
  8
0
100
AcDbLine
 10
23.09510499118187
 20
-131.3210653147762
 30
0.0
 11
23.27521818492096
 21
-131.1695047230896
 31
0.0
  0
CIRCLE
  5
61B
330
44A
100
AcDbEntity
  8
0
100
AcDbCircle
 10
30.55730322543241
 20
-138.7035519820783
 30
0.0
 40
0.16
  0
MTEXT
  5
61C
330
44A
100
AcDbEntity
  8
0
100
AcDbMText
 10
26.56704341075965
 20
-141.9494162191476
 30
0.0
 40
1.199999999999999
 41
72.26130461352147
 46
17.49999999974773
 71
5
 72
5
  1
\pi-3.6,l3.6,t3.6;W =1
  7
THIÊN1
  0
MTEXT
  5
61D
330
44A
100
AcDbEntity
  8
0
100
AcDbMText
 10
26.30952691494895
 20
-142.4620353363061
 30
0.0
 40
0.36
 41
21.67839138405645
 46
17.49999999974773
 71
5
 72
5
  1
1
  7
THIÊN1
  0
MTEXT
  5
61E
330
44A
100
AcDbEntity
  8
0
100
AcDbMText
 10
-7.328534930027672
 20
-139.4108063408057
 30
0.0
 40
1.799999999999999
 41
72.26130461352147
 46
17.49999999974773
 71
5
 72
5
  1
Số: 2122126868
  7
THIÊN1
  0
MTEXT
  5
61F
330
44A
100
AcDbEntity
  8
0
 62
1
100
AcDbMText
 10
0.5469651506573427
 20
-12.72107016348309
 30
0.0
 40
3.0
 41
120.4355076892025
 46
17.49999999974773
 71
5
 72
5
  1
800~1200A\PEMIC
  7
THIÊN1
  0
MTEXT
  5
620
330
44A
100
AcDbEntity
  8
0
 62
1
100
AcDbMText
 10
52.8587078020646
 20
-65.47581411268038
 30
0.0
 40
6.0
 41
240.871015378405
 46
17.49999999974773
 71
5
 72
5
  1
P1
  7
THIÊN1
  0
LINE
  5
621
330
44A
100
AcDbEntity
  8
0
370
9
100
AcDbLine
 10
30.0
 20
19.5
 30
0.0
 11
30.0
 21
8.5
 31
0.0
  0
ARC
  5
622
330
44A
100
AcDbEntity
  8
0
370
9
100
AcDbCircle
 10
29.0
 20
19.5
 30
0.0
 40
1.0
100
AcDbArc
 50
0.0
 51
90.0
  0
LINE
  5
623
330
44A
100
AcDbEntity
  8
0
370
9
100
AcDbLine
 10
-30.0
 20
19.5
 30
0.0
 11
-30.0
 21
8.5
 31
0.0
  0
ARC
  5
624
330
44A
100
AcDbEntity
  8
0
370
9
100
AcDbCircle
 10
-29.0
 20
19.5
 30
0.0
 40
1.0
100
AcDbArc
 50
90.0
 51
180.0
  0
LWPOLYLINE
  5
625
330
44A
100
AcDbEntity
  8
0
 62
1
370
9
 60
1
100
AcDbPolyline
 90
8
 70
1
 10
-66.49999999999271
 20
19.0
 10
66.49999999999272
 20
19.0
 42
-0.4142135623729858
 10
67.49999999999272
 20
18.0
 10
67.50000000000728
 20
-20.0
 42
-0.4142135623730951
 10
66.50000000000728
 20
-21.0
 10
-66.49999999999271
 20
-21.0
 42
-0.4142135623732043
 10
-67.49999999999271
 20
-20.0
 10
-67.49999999999271
 20
18.0
 42
-0.4142135623730951
  0
LINE
  5
626
330
44A
100
AcDbEntity
  8
0
 62
1
370
9
 60
1
100
AcDbLine
 10
-40.00000000000727
 20
19.0
 30
0.0
 11
-40.00000000000727
 21
-21.0
 31
0.0
  0
LINE
  5
627
330
44A
100
AcDbEntity
  8
0
 62
1
370
9
 60
1
100
AcDbLine
 10
39.99999999999274
 20
19.0
 30
0.0
 11
39.99999999999274
 21
-21.0
 31
0.0
  0
LINE
  5
628
330
44A
100
AcDbEntity
  8
0
 62
8
370
9
 60
1
100
AcDbLine
 10
35.98806977195638
 20
-20.99999999999273
 30
0.0
 11
35.98806977195638
 21
-25.99999999999273
 31
0.0
  0
LINE
  5
629
330
44A
100
AcDbEntity
  8
0
 62
8
370
9
 60
1
100
AcDbLine
 10
35.98806977195638
 20
-25.99999999999273
 30
0.0
 11
31.98806977195638
 21
-25.99999999999273
 31
0.0
  0
LINE
  5
62A
330
44A
100
AcDbEntity
  8
0
 62
8
370
9
 60
1
100
AcDbLine
 10
31.98806977195638
 20
-25.99999999999273
 30
0.0
 11
31.98806977195638
 21
-20.99999999999273
 31
0.0
  0
LINE
  5
62B
330
44A
100
AcDbEntity
  8
0
 62
8
370
9
 60
1
100
AcDbLine
 10
31.98806977195638
 20
-20.99999999999273
 30
0.0
 11
35.98806977195638
 21
-20.99999999999273
 31
0.0
  0
LWPOLYLINE
  5
62C
330
44A
100
AcDbEntity
  8
0
370
9
 60
1
100
AcDbPolyline
 90
8
 70
1
 10
-29.00000000000727
 20
15.0
 10
28.99999999999274
 20
15.0
 42
-0.4142135623730951
 10
29.99999999999274
 20
14.0
 10
29.99999999999274
 20
-16.0
 42
-0.4142135623730951
 10
28.99999999999274
 20
-17.0
 10
-29.00000000000727
 20
-17.0
 42
-0.4142135623730951
 10
-30.00000000000727
 20
-16.0
 10
-30.00000000000727
 20
14.0
 42
-0.4142135623730951
  0
LINE
  5
62D
330
44A
100
AcDbEntity
  8
0
370
9
 60
1
100
AcDbLine
 10
10.49999999999274
 20
15.0
 30
0.0
 11
10.49999999999274
 21
-17.0
 31
0.0
  0
LINE
  5
62E
330
44A
100
AcDbEntity
  8
0
370
9
 60
1
100
AcDbLine
 10
-10.50000000000726
 20
15.0
 30
0.0
 11
-10.50000000000726
 21
-17.0
 31
0.0
  0
CIRCLE
  5
62F
330
44A
100
AcDbEntity
  8
0
370
9
 60
1
100
AcDbCircle
 10
-7.2617e-12
 20
-1.0
 30
0.0
 40
2.5
  0
LINE
  5
630
330
44A
100
AcDbEntity
  8
0
370
9
 60
1
100
AcDbLine
 10
-0.5000000000072617
 20
1.449489742786681
 30
0.0
 11
-0.5000000000218137
 21
-3.449489742779405
 31
0.0
  0
LINE
  5
631
330
44A
100
AcDbEntity
  8
0
370
9
 60
1
100
AcDbLine
 10
0.4999999999927383
 20
1.449489742786681
 30
0.0
 11
0.4999999999927383
 21
-3.449489742786681
 31
0.0
  0
MTEXT
  5
632
330
44A
100
AcDbEntity
  8
0
 62
1
370
9
 60
1
100
AcDbMText
 10
0.1284039177472636
 20
-0.218198580929311
 30
0.0
 40
2.849999999999999
 41
114.4137323047423
 46
17.49999999974773
 71
5
 72
5
  1
800~1200A\P\P\P\PEMIC
  7
THIÊN1
  0
LINE
  5
633
330
44A
100
AcDbEntity
  8
0
370
9
 60
1
100
AcDbLine
 10
-10.50000000000726
 20
4.224458726901502
 30
0.0
 11
10.49999999999274
 21
4.224458726901502
 31
0.0
  0
LINE
  5
634
330
44A
100
AcDbEntity
  8
0
370
9
 60
1
100
AcDbLine
 10
-10.50000000000726
 20
-6.224458726908778
 30
0.0
 11
10.49999999999274
 21
-6.224458726908778
 31
0.0
  0
LINE
  5
635
330
44A
100
AcDbEntity
  8
0
 62
8
370
9
 60
1
100
AcDbLine
 10
-56.33850911055196
 20
-1.0
 30
0.0
 11
-44.36907827563845
 21
-1.0
 31
0.0
  0
LINE
  5
636
330
44A
100
AcDbEntity
  8
0
 62
8
370
9
 60
1
100
AcDbLine
 10
-50.00058375779917
 20
6.526587002437736
 30
0.0
 11
-50.00058375779917
 21
-8.526587002437736
 31
0.0
  0
CIRCLE
  5
637
330
44A
100
AcDbEntity
  8
0
 62
8
370
9
 60
1
100
AcDbCircle
 10
-50.00058375779917
 20
-1.0
 30
0.0
 40
4.0
  0
LINE
  5
638
330
44A
100
AcDbEntity
  8
0
 62
8
370
9
 60
1
100
AcDbLine
 10
43.66149088944804
 20
-1.0
 30
0.0
 11
55.63092172436154
 21
-1.0
 31
0.0
  0
LINE
  5
639
330
44A
100
AcDbEntity
  8
0
 62
8
370
9
 60
1
100
AcDbLine
 10
49.99941624220082
 20
6.526587002437736
 30
0.0
 11
49.99941624220082
 21
-8.526587002437736
 31
0.0
  0
CIRCLE
  5
63A
330
44A
100
AcDbEntity
  8
0
 62
8
370
9
 60
1
100
AcDbCircle
 10
49.99941624220082
 20
-1.0
 30
0.0
 40
4.0
  0
LWPOLYLINE
  5
63B
330
44A
100
AcDbEntity
  8
0
 62
1
370
9
 60
1
100
AcDbPolyline
 90
6
 70
0
 10
75.75
 20
-16.99999999999998
 10
75.75
 20
-20.99999999999999
 10
-75.75
 20
-20.99999999999996
 10
-75.75
 20
19.00000000000001
 10
75.75
 20
18.99999999999998
 10
75.75
 20
14.99999999999998
  0
LINE
  5
63C
330
44A
100
AcDbEntity
  8
0
 62
1
370
9
 60
1
100
AcDbLine
 10
-73.75
 20
19.00000000000001
 30
0.0
 11
-73.75
 21
-20.99999999999996
 31
0.0
  0
LINE
  5
63D
330
44A
100
AcDbEntity
  8
0
 62
1
370
9
 60
1
100
AcDbLine
 10
-68.75
 20
19.00000000000001
 30
0.0
 11
-68.75
 21
-20.99999999999996
 31
0.0
  0
LINE
  5
63E
330
44A
100
AcDbEntity
  8
0
 62
1
370
9
 60
1
100
AcDbLine
 10
-46.12140792733407
 20
19.00000000000001
 30
0.0
 11
-46.12140792733407
 21
-20.99999999999996
 31
0.0
  0
LINE
  5
63F
330
44A
100
AcDbEntity
  8
0
 62
1
370
9
 60
1
100
AcDbLine
 10
-31.75
 20
19.00000000000001
 30
0.0
 11
-31.75
 21
-20.99999999999996
 31
0.0
  0
LINE
  5
640
330
44A
100
AcDbEntity
  8
0
 62
1
370
9
 60
1
100
AcDbLine
 10
48.25
 20
18.99999999999999
 30
0.0
 11
48.25
 21
-20.99999999999998
 31
0.0
  0
LWPOLYLINE
  5
641
330
44A
100
AcDbEntity
  8
0
 62
1
370
9
 60
1
100
AcDbPolyline
 90
4
 70
1
 10
84.25001294797401
 20
14.99999999999998
 10
84.25001294797401
 20
-16.99999999999998
 10
68.71693311224226
 20
-16.99999999999998
 10
68.71693311224226
 20
14.99999999999999
  0
LWPOLYLINE
  5
642
330
44A
100
AcDbEntity
  8
0
 62
8
370
9
 60
1
100
AcDbPolyline
 90
4
 70
1
 10
-49.96557438012678
 20
-20.99999999999996
 10
-49.96557438012678
 20
-25.99999999999996
 10
-53.96557438012678
 20
-25.99999999999996
 10
-53.96557438012678
 20
-20.99999999999996
  0
LINE
  5
643
330
44A
100
AcDbEntity
  8
0
 62
85
 60
1
100
AcDbLine
 10
-73.7499817061107
 20
19.00000000000001
 30
0.0
 11
-73.7499817061107
 21
-20.99999999999996
 31
0.0
  0
LINE
  5
644
330
44A
100
AcDbEntity
  8
0
 62
85
 60
1
100
AcDbLine
 10
-68.7499817061107
 20
19.00000000000001
 30
0.0
 11
-68.7499817061107
 21
-20.99999999999996
 31
0.0
  0
LINE
  5
645
330
44A
100
AcDbEntity
  8
0
 62
54
 60
1
100
AcDbLine
 10
-73.75
 20
19.00000000000001
 30
0.0
 11
-73.75
 21
-20.99999999999996
 31
0.0
  0
LWPOLYLINE
  5
646
330
44A
100
AcDbEntity
  8
0
 62
54
 60
1
100
AcDbPolyline
 90
4
 70
1
 10
-68.75
 20
19.00000000000001
 10
-68.75
 20
-20.99999999999996
 10
-75.75
 20
-20.99999999999996
 10
-75.75
 20
19.00000000000001
  0
LWPOLYLINE
  5
647
330
44A
100
AcDbEntity
  8
0
 62
1
 60
1
100
AcDbPolyline
 90
4
 70
0
 10
88.52999218138577
 20
-16.99999999999998
 10
68.71693311224226
 20
-16.99999999999998
 10
68.71693311224226
 20
14.99999999999999
 10
88.52999218138577
 20
14.99999999999998
  0
LINE
  5
648
330
44A
100
AcDbEntity
  8
0
370
9
 60
1
100
AcDbLine
 10
84.25001294797401
 20
-16.99999999999998
 30
0.0
 11
84.25001294797401
 21
14.99999999999998
 31
0.0
  0
LWPOLYLINE
  5
649
330
44A
100
AcDbEntity
  8
0
370
9
 60
1
100
AcDbPolyline
 90
6
 70
1
 10
84.25001294801768
 20
3.499999999999985
 10
84.25001294801768
 20
-5.499999999999987
 10
88.75001294801768
 20
-5.499999999999987
 42
0.4142135623730951
 10
93.25001294801768
 20
-0.9999999999999875
 10
93.25001294801768
 20
-0.9999999999999875
 42
0.4142135623730951
 10
88.75001294801768
 20
3.499999999999984
  0
LINE
  5
64A
330
44A
100
AcDbEntity
  8
0
370
9
 60
1
100
AcDbLine
 10
84.25001294797401
 20
14.99999999999998
 30
0.0
 11
95.25
 21
14.99999999999998
 31
0.0
  0
ARC
  5
64B
330
44A
100
AcDbEntity
  8
0
370
9
 60
1
100
AcDbCircle
 10
95.25
 20
13.99999999999998
 30
0.0
 40
1.0
100
AcDbArc
 50
0.0
 51
90.0
  0
LINE
  5
64C
330
44A
100
AcDbEntity
  8
0
370
9
 60
1
100
AcDbLine
 10
95.25
 20
-16.99999999999998
 30
0.0
 11
84.25001294797401
 21
-16.99999999999998
 31
0.0
  0
ARC
  5
64D
330
44A
100
AcDbEntity
  8
0
370
9
 60
1
100
AcDbCircle
 10
95.25
 20
-15.99999999999998
 30
0.0
 40
1.0
100
AcDbArc
 50
270.0
 51
0.0
  0
LINE
  5
64E
330
44A
100
AcDbEntity
  8
0
370
9
 60
1
100
AcDbLine
 10
96.25
 20
13.99999999999998
 30
0.0
 11
96.25
 21
-15.99999999999998
 31
0.0
  0
MTEXT
  5
64F
330
44A
100
AcDbEntity
  8
0
 62
1
 60
1
100
AcDbMText
 10
75.2239985196502
 20
-1.077701040281665
 30
0.0
 40
3.0
 41
120.4355076892025
 46
17.49999999974773
 71
5
 72
5
  1
800~1200A\PEMIC
  7
THIÊN1
 11
-2e-16
 21
-1.0
 31
0.0
  0
ENDBLK
  5
44C
330
44A
100
AcDbEntity
  8
0
100
AcDbBlockEnd
  0
BLOCK
  5
651
330
650
100
AcDbEntity
  8
0
100
AcDbBlockBegin
  2
*U410
 70
1
 10
0.0
 20
0.0
 30
0.0
  3
*U410
  1

  0
LINE
  5
653
330
650
100
AcDbEntity
  8
0
 62
54
100
AcDbLine
 10
64.99941624220808
 20
-187.1619012136653
 30
0.0
 11
64.99941624220808
 21
-199.6989646280271
 31
0.0
  0
LINE
  5
654
330
650
100
AcDbEntity
  8
0
 62
54
100
AcDbLine
 10
-65.0005837577919
 20
-187.1619012136653
 30
0.0
 11
-65.0005837577919
 21
-199.6989646280271
 31
0.0
  0
LWPOLYLINE
  5
655
330
650
100
AcDbEntity
  8
0
 62
54
100
AcDbPolyline
 90
4
 70
0
 10
50.0
 20
-193.0
 10
75.0
 20
-193.0
 10
75.0
 20
-195.0
 10
48.0
 20
-195.0
  0
LWPOLYLINE
  5
656
330
650
100
AcDbEntity
  8
0
 62
54
100
AcDbPolyline
 90
4
 70
0
 10
-48.0
 20
-195.0
 10
-75.0
 20
-195.0
 10
-75.0
 20
-193.0
 10
-50.0
 20
-193.0
  0
LINE
  5
657
330
650
100
AcDbEntity
  8
0
 62
54
100
AcDbLine
 10
50.0
 20
-193.0
 30
0.0
 11
50.0
 21
-188.0
 31
0.0
  0
LINE
  5
658
330
650
100
AcDbEntity
  8
0
 62
54
100
AcDbLine
 10
48.0
 20
-195.0
 30
0.0
 11
48.0
 21
-189.9999999999927
 31
0.0
  0
LINE
  5
659
330
650
100
AcDbEntity
  8
0
 62
54
100
AcDbLine
 10
-50.0
 20
-193.0
 30
0.0
 11
-50.0
 21
-188.0
 31
0.0
  0
LINE
  5
65A
330
650
100
AcDbEntity
  8
0
 62
54
100
AcDbLine
 10
-48.0
 20
-195.0
 30
0.0
 11
-48.0
 21
-189.9999999999927
 31
0.0
  0
LINE
  5
65B
330
650
100
AcDbEntity
  8
0
 62
54
100
AcDbLine
 10
-50.0
 20
-188.0
 30
0.0
 11
50.0
 21
-188.0
 31
0.0
  0
LINE
  5
65C
330
650
100
AcDbEntity
  8
0
 62
54
100
AcDbLine
 10
-48.0
 20
-189.9999999999927
 30
0.0
 11
48.0
 21
-190.0
 31
0.0
  0
LINE
  5
65D
330
650
100
AcDbEntity
  8
0
 62
1
370
9
100
AcDbLine
 10
-30.00000000001455
 20
-5.147186257614521
 30
0.0
 11
-30.0
 21
8.0
 31
0.0
  0
LINE
  5
65E
330
650
100
AcDbEntity
  8
0
370
9
100
AcDbLine
 10
-29.0
 20
20.0
 30
0.0
 11
-10.5
 21
20.0
 31
0.0
  0
LINE
  5
65F
330
650
100
AcDbEntity
  8
0
370
9
100
AcDbLine
 10
10.5
 20
20.0
 30
0.0
 11
29.0
 21
20.0
 31
0.0
  0
LINE
  5
660
330
650
100
AcDbEntity
  8
0
370
9
100
AcDbLine
 10
-9.00000000001455
 20
14.99999999999272
 30
0.0
 11
9.0
 21
15.0
 31
0.0
  0
LINE
  5
661
330
650
100
AcDbEntity
  8
0
370
9
100
AcDbLine
 10
-10.05000000000291
 20
18.49999999999272
 30
0.0
 11
10.05000000000291
 21
18.50000000000727
 31
0.0
  0
LINE
  5
662
330
650
100
AcDbEntity
  8
0
 62
1
370
9
100
AcDbLine
 10
30.0
 20
8.0
 30
0.0
 11
29.99999999998545
 21
-5.147186257614521
 31
0.0
  0
LINE
  5
663
330
650
100
AcDbEntity
  8
0
370
9
100
AcDbLine
 10
-30.0
 20
8.0
 30
0.0
 11
30.0
 21
8.0
 31
0.0
  0
LINE
  5
664
330
650
100
AcDbEntity
  8
0
370
9
100
AcDbLine
 10
9.0
 20
15.0
 30
0.0
 11
10.5
 21
20.0
 31
0.0
  0
LINE
  5
665
330
650
100
AcDbEntity
  8
0
370
9
100
AcDbLine
 10
-9.0
 20
15.0
 30
0.0
 11
-10.5
 21
20.0
 31
0.0
  0
CIRCLE
  5
666
330
650
100
AcDbEntity
  8
0
 62
1
370
9
100
AcDbCircle
 10
0.0
 20
-90.0
 30
0.0
 40
55.0
  0
ARC
  5
667
330
650
100
AcDbEntity
  8
0
 62
1
370
9
100
AcDbCircle
 10
0.0
 20
-90.0
 30
0.0
 40
90.0
100
AcDbArc
 50
303.7489885963798
 51
236.2510114036202
  0
LINE
  5
668
330
650
100
AcDbEntity
  8
0
 62
1
370
9
100
AcDbLine
 10
50.0
 20
-188.0
 30
0.0
 11
50.0
 21
-164.8331477354804
 31
0.0
  0
LINE
  5
669
330
650
100
AcDbEntity
  8
0
 62
1
370
9
100
AcDbLine
 10
-50.0
 20
-188.0
 30
0.0
 11
-50.0
 21
-164.8331477354804
 31
0.0
  0
LINE
  5
66A
330
650
100
AcDbEntity
  8
0
370
9
100
AcDbLine
 10
-30.0
 20
19.0
 30
0.0
 11
-30.0
 21
8.0
 31
0.0
  0
ARC
  5
66B
330
650
100
AcDbEntity
  8
0
370
9
100
AcDbCircle
 10
-29.0
 20
19.0
 30
0.0
 40
1.0
100
AcDbArc
 50
90.0
 51
180.0
  0
LINE
  5
66C
330
650
100
AcDbEntity
  8
0
370
9
100
AcDbLine
 10
30.0
 20
19.0
 30
0.0
 11
30.0
 21
8.0
 31
0.0
  0
ARC
  5
66D
330
650
100
AcDbEntity
  8
0
370
9
100
AcDbCircle
 10
29.0
 20
19.0
 30
0.0
 40
1.0
100
AcDbArc
 50
0.0
 51
90.0
  0
LINE
  5
66E
330
650
100
AcDbEntity
  8
0
 62
54
100
AcDbLine
 10
-35.0
 20
-188.0
 30
0.0
 11
35.0
 21
-188.0
 31
0.0
  0
LINE
  5
66F
330
650
100
AcDbEntity
  8
0
 62
54
100
AcDbLine
 10
-35.0
 20
-188.0
 30
0.0
 11
35.0
 21
-188.0
 31
0.0
  0
MTEXT
  5
670
330
650
100
AcDbEntity
  8
0
100
AcDbMText
 10
-21.47661286914081
 20
-166.4314099824841
 30
0.0
 40
3.0
 41
120.4355076892025
 46
17.49999999974773
 71
5
 72
5
  1
GELEC {\H0.6667x;EMIC}
  7
THIÊN1
  0
CIRCLE
  5
671
330
650
100
AcDbEntity
  8
0
100
AcDbCircle
 10
28.98806977196364
 20
-171.2525052895726
 30
0.0
 40
2.0
  0
LINE
  5
672
330
650
100
AcDbEntity
  8
0
100
AcDbLine
 10
30.98806977196364
 20
-171.2525052895726
 30
0.0
 11
26.98806977196364
 21
-171.2525052895726
 31
0.0
  0
LWPOLYLINE
  5
673
330
650
100
AcDbEntity
  8
0
 62
251
370
9
100
AcDbPolyline
 90
4
 70
1
 10
-35.0
 20
-188.0
 10
35.0
 20
-188.0
 10
35.0
 20
-163.0
 10
-35.0
 20
-163.0
  0
LWPOLYLINE
  5
674
330
650
100
AcDbEntity
  8
0
 62
251
370
9
100
AcDbPolyline
 90
8
 70
1
 10
-33.5
 20
-187.5
 10
33.5
 20
-187.5
 42
0.4142135623732804
 10
34.5
 20
-186.5
 10
34.49999999998545
 20
-164.5
 42
0.4142135623730951
 10
33.49999999998545
 20
-163.5
 10
-33.50000000001455
 20
-163.5
 42
0.4142135623730951
 10
-34.50000000001455
 20
-164.5
 10
-34.5
 20
-186.5
 42
0.4142135623729098
  0
MTEXT
  5
675
330
650
100
AcDbEntity
  8
0
100
AcDbMText
 10
20.47270263094106
 20
-167.1773007073716
 30
0.0
 40
1.199999999999999
 41
72.26130461352147
 46
17.49999999974773
 71
5
 72
5
  1
BIẾN DÒNG HẠ THẾ -CT0.6
  7
THIÊN1
  0
LWPOLYLINE
  5
676
330
650
100
AcDbEntity
  8
0
 62
251
370
9
100
AcDbPolyline
 90
4
 70
1
 10
-28.23579229961615
 20
-184.7209862895761
 10
15.83241464944149
 20
-184.7209862895761
 10
15.83241464944149
 20
-169.9230790451402
 10
-28.23579229961615
 20
-169.9230790451402
  0
MTEXT
  5
677
330
650
100
AcDbEntity
  8
0
100
AcDbMText
 10
-5.191938813790329
 20
-186.1475246716873
 30
0.0
 40
0.9
 41
54.19597846014112
 46
17.49999999974773
 71
5
 72
5
  1
Sản xuất tại Công ty cổ phần Thiết bị điện GELEX
  7
THIÊN1
  0
LINE
  5
678
330
650
100
AcDbEntity
  8
0
 62
251
370
9
100
AcDbLine
 10
-28.23579229961615
 20
-177.3220326673618
 30
0.0
 11
15.83241464944149
 21
-177.3220326673618
 31
0.0
  0
LINE
  5
679
330
650
100
AcDbEntity
  8
0
 62
251
370
9
100
AcDbLine
 10
-28.23579229961615
 20
-173.9614380139028
 30
0.0
 11
15.83241464944149
 21
-173.9614380139028
 31
0.0
  0
LINE
  5
67A
330
650
100
AcDbEntity
  8
0
 62
251
370
9
100
AcDbLine
 10
-8.134662946264143
 20
-169.9230790451402
 30
0.0
 11
-8.134662946264143
 21
-177.3220326673618
 31
0.0
  0
LINE
  5
67B
330
650
100
AcDbEntity
  8
0
 62
251
370
9
100
AcDbLine
 10
3.848875851588672
 20
-169.9230790451402
 30
0.0
 11
3.848875851588672
 21
-177.3220326673618
 31
0.0
  0
LINE
  5
67C
330
650
100
AcDbEntity
  8
0
370
9
100
AcDbLine
 10
-21.80680173663132
 20
-178.7743474212839
 30
0.0
 11
-21.80680173663132
 21
-180.7743474212839
 31
0.0
  0
LINE
  5
67D
330
650
100
AcDbEntity
  8
0
370
9
100
AcDbLine
 10
-21.80680173663132
 20
-178.7743474212839
 30
0.0
 11
-21.80680173663132
 21
-180.7743474212839
 31
0.0
  0
LWPOLYLINE
  5
67E
330
650
100
AcDbEntity
  8
0
370
9
100
AcDbPolyline
 90
4
 70
1
 10
-21.65886155134649
 20
-180.7743474212839
 10
-21.4588615513494
 20
-180.7743474212839
 10
-21.4588615513494
 20
-178.7743474212839
 10
-21.65886155134649
 20
-178.7743474212839
  0
LINE
  5
67F
330
650
100
AcDbEntity
  8
0
370
9
100
AcDbLine
 10
-21.55886155134067
 20
-178.7743474212839
 30
0.0
 11
-21.55886155134067
 21
-180.7743474212839
 31
0.0
  0
LINE
  5
680
330
650
100
AcDbEntity
  8
0
370
9
100
AcDbLine
 10
-21.61709115911799
 20
-178.7743474212839
 30
0.0
 11
-21.61709115911799
 21
-180.7743474212839
 31
0.0
  0
LINE
  5
681
330
650
100
AcDbEntity
  8
0
370
9
100
AcDbLine
 10
-21.49972852309293
 20
-178.7743474212839
 30
0.0
 11
-21.49972852309293
 21
-180.7743474212839
 31
0.0
  0
LINE
  5
682
330
650
100
AcDbEntity
  8
0
370
9
100
AcDbLine
 10
-21.58732468543167
 20
-178.7743474212839
 30
0.0
 11
-21.58732468543167
 21
-180.7743474212839
 31
0.0
  0
LINE
  5
683
330
650
100
AcDbEntity
  8
0
370
9
100
AcDbLine
 10
-21.53014385723509
 20
-178.7743474212839
 30
0.0
 11
-21.53014385723509
 21
-180.7743474212839
 31
0.0
  0
LINE
  5
684
330
650
100
AcDbEntity
  8
0
370
9
100
AcDbLine
 10
-21.47839723540528
 20
-180.7743474212839
 30
0.0
 11
-21.47839723540528
 21
-178.7743474212839
 31
0.0
  0
LINE
  5
685
330
650
100
AcDbEntity
  8
0
370
9
100
AcDbLine
 10
-21.63777358633524
 20
-178.7743474212839
 30
0.0
 11
-21.63777358633524
 21
-180.7743474212839
 31
0.0
  0
LINE
  5
686
330
650
100
AcDbEntity
  8
0
370
9
100
AcDbLine
 10
-21.00680173662841
 20
-178.7743474212839
 30
0.0
 11
-21.00680173662841
 21
-180.7743474212839
 31
0.0
  0
LINE
  5
687
330
650
100
AcDbEntity
  8
0
370
9
100
AcDbLine
 10
-21.00680173662841
 20
-178.7743474212839
 30
0.0
 11
-21.00680173662841
 21
-180.7743474212839
 31
0.0
  0
LWPOLYLINE
  5
688
330
650
100
AcDbEntity
  8
0
370
9
100
AcDbPolyline
 90
4
 70
1
 10
-20.85886155134358
 20
-180.7743474212839
 10
-20.65886155134649
 20
-180.7743474212839
 10
-20.65886155134649
 20
-178.7743474212839
 10
-20.85886155134358
 20
-178.7743474212839
  0
LINE
  5
689
330
650
100
AcDbEntity
  8
0
370
9
100
AcDbLine
 10
-20.75886155133776
 20
-178.7743474212839
 30
0.0
 11
-20.75886155133776
 21
-180.7743474212839
 31
0.0
  0
LINE
  5
68A
330
650
100
AcDbEntity
  8
0
370
9
100
AcDbLine
 10
-20.81709115911508
 20
-178.7743474212839
 30
0.0
 11
-20.81709115911508
 21
-180.7743474212839
 31
0.0
  0
LINE
  5
68B
330
650
100
AcDbEntity
  8
0
370
9
100
AcDbLine
 10
-20.69972852309001
 20
-178.7743474212839
 30
0.0
 11
-20.69972852309001
 21
-180.7743474212839
 31
0.0
  0
LINE
  5
68C
330
650
100
AcDbEntity
  8
0
370
9
100
AcDbLine
 10
-20.78732468542876
 20
-178.7743474212839
 30
0.0
 11
-20.78732468542876
 21
-180.7743474212839
 31
0.0
  0
LINE
  5
68D
330
650
100
AcDbEntity
  8
0
370
9
100
AcDbLine
 10
-20.73014385723218
 20
-178.7743474212839
 30
0.0
 11
-20.73014385723218
 21
-180.7743474212839
 31
0.0
  0
LINE
  5
68E
330
650
100
AcDbEntity
  8
0
370
9
100
AcDbLine
 10
-20.67839723540237
 20
-180.7743474212839
 30
0.0
 11
-20.67839723540237
 21
-178.7743474212839
 31
0.0
  0
LINE
  5
68F
330
650
100
AcDbEntity
  8
0
370
9
100
AcDbLine
 10
-20.83777358633233
 20
-178.7743474212839
 30
0.0
 11
-20.83777358633233
 21
-180.7743474212839
 31
0.0
  0
LINE
  5
690
330
650
100
AcDbEntity
  8
0
370
9
100
AcDbLine
 10
-20.20680173662549
 20
-178.7743474212839
 30
0.0
 11
-20.20680173662549
 21
-180.7743474212839
 31
0.0
  0
LINE
  5
691
330
650
100
AcDbEntity
  8
0
370
9
100
AcDbLine
 10
-20.20680173662549
 20
-178.7743474212839
 30
0.0
 11
-20.20680173662549
 21
-180.7743474212839
 31
0.0
  0
LWPOLYLINE
  5
692
330
650
100
AcDbEntity
  8
0
370
9
100
AcDbPolyline
 90
4
 70
1
 10
-20.05886155134067
 20
-180.7743474212839
 10
-19.85886155134358
 20
-180.7743474212839
 10
-19.85886155134358
 20
-178.7743474212839
 10
-20.05886155134067
 20
-178.7743474212839
  0
LINE
  5
693
330
650
100
AcDbEntity
  8
0
370
9
100
AcDbLine
 10
-19.95886155133485
 20
-178.7743474212839
 30
0.0
 11
-19.95886155133485
 21
-180.7743474212839
 31
0.0
  0
LINE
  5
694
330
650
100
AcDbEntity
  8
0
370
9
100
AcDbLine
 10
-20.01709115911217
 20
-178.7743474212839
 30
0.0
 11
-20.01709115911217
 21
-180.7743474212839
 31
0.0
  0
LINE
  5
695
330
650
100
AcDbEntity
  8
0
370
9
100
AcDbLine
 10
-19.8997285230871
 20
-178.7743474212839
 30
0.0
 11
-19.8997285230871
 21
-180.7743474212839
 31
0.0
  0
LINE
  5
696
330
650
100
AcDbEntity
  8
0
370
9
100
AcDbLine
 10
-19.98732468542584
 20
-178.7743474212839
 30
0.0
 11
-19.98732468542584
 21
-180.7743474212839
 31
0.0
  0
LINE
  5
697
330
650
100
AcDbEntity
  8
0
370
9
100
AcDbLine
 10
-19.93014385722927
 20
-178.7743474212839
 30
0.0
 11
-19.93014385722927
 21
-180.7743474212839
 31
0.0
  0
LINE
  5
698
330
650
100
AcDbEntity
  8
0
370
9
100
AcDbLine
 10
-19.87839723539946
 20
-180.7743474212839
 30
0.0
 11
-19.87839723539946
 21
-178.7743474212839
 31
0.0
  0
LINE
  5
699
330
650
100
AcDbEntity
  8
0
370
9
100
AcDbLine
 10
-20.03777358632942
 20
-178.7743474212839
 30
0.0
 11
-20.03777358632942
 21
-180.7743474212839
 31
0.0
  0
LINE
  5
69A
330
650
100
AcDbEntity
  8
0
370
9
100
AcDbLine
 10
-19.40680173663713
 20
-178.7743474212839
 30
0.0
 11
-19.40680173663713
 21
-180.7743474212839
 31
0.0
  0
LINE
  5
69B
330
650
100
AcDbEntity
  8
0
370
9
100
AcDbLine
 10
-19.40680173663713
 20
-178.7743474212839
 30
0.0
 11
-19.40680173663713
 21
-180.7743474212839
 31
0.0
  0
LWPOLYLINE
  5
69C
330
650
100
AcDbEntity
  8
0
370
9
100
AcDbPolyline
 90
4
 70
1
 10
-19.25886155135231
 20
-180.7743474212839
 10
-19.05886155135522
 20
-180.7743474212839
 10
-19.05886155135522
 20
-178.7743474212839
 10
-19.25886155135231
 20
-178.7743474212839
  0
LINE
  5
69D
330
650
100
AcDbEntity
  8
0
370
9
100
AcDbLine
 10
-19.15886155134649
 20
-178.7743474212839
 30
0.0
 11
-19.15886155134649
 21
-180.7743474212839
 31
0.0
  0
LINE
  5
69E
330
650
100
AcDbEntity
  8
0
370
9
100
AcDbLine
 10
-19.21709115912381
 20
-178.7743474212839
 30
0.0
 11
-19.21709115912381
 21
-180.7743474212839
 31
0.0
  0
LINE
  5
69F
330
650
100
AcDbEntity
  8
0
370
9
100
AcDbLine
 10
-19.09972852309875
 20
-178.7743474212839
 30
0.0
 11
-19.09972852309875
 21
-180.7743474212839
 31
0.0
  0
LINE
  5
6A0
330
650
100
AcDbEntity
  8
0
370
9
100
AcDbLine
 10
-19.18732468543749
 20
-178.7743474212839
 30
0.0
 11
-19.18732468543749
 21
-180.7743474212839
 31
0.0
  0
LINE
  5
6A1
330
650
100
AcDbEntity
  8
0
370
9
100
AcDbLine
 10
-19.13014385724091
 20
-178.7743474212839
 30
0.0
 11
-19.13014385724091
 21
-180.7743474212839
 31
0.0
  0
LINE
  5
6A2
330
650
100
AcDbEntity
  8
0
370
9
100
AcDbLine
 10
-19.0783972354111
 20
-180.7743474212839
 30
0.0
 11
-19.0783972354111
 21
-178.7743474212839
 31
0.0
  0
LINE
  5
6A3
330
650
100
AcDbEntity
  8
0
370
9
100
AcDbLine
 10
-19.23777358634106
 20
-178.7743474212839
 30
0.0
 11
-19.23777358634106
 21
-180.7743474212839
 31
0.0
  0
LINE
  5
6A4
330
650
100
AcDbEntity
  8
0
370
9
100
AcDbLine
 10
-18.60680173663422
 20
-178.7743474212839
 30
0.0
 11
-18.60680173663422
 21
-180.7743474212839
 31
0.0
  0
LINE
  5
6A5
330
650
100
AcDbEntity
  8
0
370
9
100
AcDbLine
 10
-18.60680173663422
 20
-178.7743474212839
 30
0.0
 11
-18.60680173663422
 21
-180.7743474212839
 31
0.0
  0
LWPOLYLINE
  5
6A6
330
650
100
AcDbEntity
  8
0
370
9
100
AcDbPolyline
 90
4
 70
1
 10
-18.4588615513494
 20
-180.7743474212839
 10
-18.25886155135231
 20
-180.7743474212839
 10
-18.25886155135231
 20
-178.7743474212839
 10
-18.4588615513494
 20
-178.7743474212839
  0
LINE
  5
6A7
330
650
100
AcDbEntity
  8
0
370
9
100
AcDbLine
 10
-18.35886155134358
 20
-178.7743474212839
 30
0.0
 11
-18.35886155134358
 21
-180.7743474212839
 31
0.0
  0
LINE
  5
6A8
330
650
100
AcDbEntity
  8
0
370
9
100
AcDbLine
 10
-18.4170911591209
 20
-178.7743474212839
 30
0.0
 11
-18.4170911591209
 21
-180.7743474212839
 31
0.0
  0
LINE
  5
6A9
330
650
100
AcDbEntity
  8
0
370
9
100
AcDbLine
 10
-18.29972852309584
 20
-178.7743474212839
 30
0.0
 11
-18.29972852309584
 21
-180.7743474212839
 31
0.0
  0
LINE
  5
6AA
330
650
100
AcDbEntity
  8
0
370
9
100
AcDbLine
 10
-18.38732468543458
 20
-178.7743474212839
 30
0.0
 11
-18.38732468543458
 21
-180.7743474212839
 31
0.0
  0
LINE
  5
6AB
330
650
100
AcDbEntity
  8
0
370
9
100
AcDbLine
 10
-18.330143857238
 20
-178.7743474212839
 30
0.0
 11
-18.330143857238
 21
-180.7743474212839
 31
0.0
  0
LINE
  5
6AC
330
650
100
AcDbEntity
  8
0
370
9
100
AcDbLine
 10
-18.27839723540819
 20
-180.7743474212839
 30
0.0
 11
-18.27839723540819
 21
-178.7743474212839
 31
0.0
  0
LINE
  5
6AD
330
650
100
AcDbEntity
  8
0
370
9
100
AcDbLine
 10
-18.43777358633815
 20
-178.7743474212839
 30
0.0
 11
-18.43777358633815
 21
-180.7743474212839
 31
0.0
  0
LINE
  5
6AE
330
650
100
AcDbEntity
  8
0
370
9
100
AcDbLine
 10
-17.80680173663131
 20
-178.7743474212839
 30
0.0
 11
-17.80680173663131
 21
-180.7743474212839
 31
0.0
  0
LINE
  5
6AF
330
650
100
AcDbEntity
  8
0
370
9
100
AcDbLine
 10
-17.80680173663131
 20
-178.7743474212839
 30
0.0
 11
-17.80680173663131
 21
-180.7743474212839
 31
0.0
  0
LWPOLYLINE
  5
6B0
330
650
100
AcDbEntity
  8
0
370
9
100
AcDbPolyline
 90
4
 70
1
 10
-17.65886155134649
 20
-180.7743474212839
 10
-17.4588615513494
 20
-180.7743474212839
 10
-17.4588615513494
 20
-178.7743474212839
 10
-17.65886155134649
 20
-178.7743474212839
  0
LINE
  5
6B1
330
650
100
AcDbEntity
  8
0
370
9
100
AcDbLine
 10
-17.55886155134067
 20
-178.7743474212839
 30
0.0
 11
-17.55886155134067
 21
-180.7743474212839
 31
0.0
  0
LINE
  5
6B2
330
650
100
AcDbEntity
  8
0
370
9
100
AcDbLine
 10
-17.61709115911799
 20
-178.7743474212839
 30
0.0
 11
-17.61709115911799
 21
-180.7743474212839
 31
0.0
  0
LINE
  5
6B3
330
650
100
AcDbEntity
  8
0
370
9
100
AcDbLine
 10
-17.49972852309293
 20
-178.7743474212839
 30
0.0
 11
-17.49972852309293
 21
-180.7743474212839
 31
0.0
  0
LINE
  5
6B4
330
650
100
AcDbEntity
  8
0
370
9
100
AcDbLine
 10
-17.58732468543167
 20
-178.7743474212839
 30
0.0
 11
-17.58732468543167
 21
-180.7743474212839
 31
0.0
  0
LINE
  5
6B5
330
650
100
AcDbEntity
  8
0
370
9
100
AcDbLine
 10
-17.53014385723509
 20
-178.7743474212839
 30
0.0
 11
-17.53014385723509
 21
-180.7743474212839
 31
0.0
  0
LINE
  5
6B6
330
650
100
AcDbEntity
  8
0
370
9
100
AcDbLine
 10
-17.47839723540528
 20
-180.7743474212839
 30
0.0
 11
-17.47839723540528
 21
-178.7743474212839
 31
0.0
  0
LINE
  5
6B7
330
650
100
AcDbEntity
  8
0
370
9
100
AcDbLine
 10
-17.63777358633524
 20
-178.7743474212839
 30
0.0
 11
-17.63777358633524
 21
-180.7743474212839
 31
0.0
  0
LINE
  5
6B8
330
650
100
AcDbEntity
  8
0
370
9
100
AcDbLine
 10
-17.0068017366284
 20
-178.7743474212839
 30
0.0
 11
-17.0068017366284
 21
-180.7743474212839
 31
0.0
  0
LINE
  5
6B9
330
650
100
AcDbEntity
  8
0
370
9
100
AcDbLine
 10
-17.0068017366284
 20
-178.7743474212839
 30
0.0
 11
-17.0068017366284
 21
-180.7743474212839
 31
0.0
  0
LWPOLYLINE
  5
6BA
330
650
100
AcDbEntity
  8
0
370
9
100
AcDbPolyline
 90
4
 70
1
 10
-16.85886155134358
 20
-180.7743474212839
 10
-16.65886155134649
 20
-180.7743474212839
 10
-16.65886155134649
 20
-178.7743474212839
 10
-16.85886155134358
 20
-178.7743474212839
  0
LINE
  5
6BB
330
650
100
AcDbEntity
  8
0
370
9
100
AcDbLine
 10
-16.75886155133776
 20
-178.7743474212839
 30
0.0
 11
-16.75886155133776
 21
-180.7743474212839
 31
0.0
  0
LINE
  5
6BC
330
650
100
AcDbEntity
  8
0
370
9
100
AcDbLine
 10
-16.81709115911508
 20
-178.7743474212839
 30
0.0
 11
-16.81709115911508
 21
-180.7743474212839
 31
0.0
  0
LINE
  5
6BD
330
650
100
AcDbEntity
  8
0
370
9
100
AcDbLine
 10
-16.69972852309001
 20
-178.7743474212839
 30
0.0
 11
-16.69972852309001
 21
-180.7743474212839
 31
0.0
  0
LINE
  5
6BE
330
650
100
AcDbEntity
  8
0
370
9
100
AcDbLine
 10
-16.78732468542875
 20
-178.7743474212839
 30
0.0
 11
-16.78732468542875
 21
-180.7743474212839
 31
0.0
  0
LINE
  5
6BF
330
650
100
AcDbEntity
  8
0
370
9
100
AcDbLine
 10
-16.73014385723218
 20
-178.7743474212839
 30
0.0
 11
-16.73014385723218
 21
-180.7743474212839
 31
0.0
  0
LINE
  5
6C0
330
650
100
AcDbEntity
  8
0
370
9
100
AcDbLine
 10
-16.67839723540237
 20
-180.7743474212839
 30
0.0
 11
-16.67839723540237
 21
-178.7743474212839
 31
0.0
  0
LINE
  5
6C1
330
650
100
AcDbEntity
  8
0
370
9
100
AcDbLine
 10
-16.83777358633233
 20
-178.7743474212839
 30
0.0
 11
-16.83777358633233
 21
-180.7743474212839
 31
0.0
  0
LINE
  5
6C2
330
650
100
AcDbEntity
  8
0
370
9
100
AcDbLine
 10
-16.20680173662549
 20
-178.7743474212839
 30
0.0
 11
-16.20680173662549
 21
-180.7743474212839
 31
0.0
  0
LINE
  5
6C3
330
650
100
AcDbEntity
  8
0
370
9
100
AcDbLine
 10
-16.20680173662549
 20
-178.7743474212839
 30
0.0
 11
-16.20680173662549
 21
-180.7743474212839
 31
0.0
  0
LWPOLYLINE
  5
6C4
330
650
100
AcDbEntity
  8
0
370
9
100
AcDbPolyline
 90
4
 70
1
 10
-16.05886155134067
 20
-180.7743474212839
 10
-15.85886155134358
 20
-180.7743474212839
 10
-15.85886155134358
 20
-178.7743474212839
 10
-16.05886155134067
 20
-178.7743474212839
  0
LINE
  5
6C5
330
650
100
AcDbEntity
  8
0
370
9
100
AcDbLine
 10
-15.95886155133485
 20
-178.7743474212839
 30
0.0
 11
-15.95886155133485
 21
-180.7743474212839
 31
0.0
  0
LINE
  5
6C6
330
650
100
AcDbEntity
  8
0
370
9
100
AcDbLine
 10
-16.01709115911217
 20
-178.7743474212839
 30
0.0
 11
-16.01709115911217
 21
-180.7743474212839
 31
0.0
  0
LINE
  5
6C7
330
650
100
AcDbEntity
  8
0
370
9
100
AcDbLine
 10
-15.8997285230871
 20
-178.7743474212839
 30
0.0
 11
-15.8997285230871
 21
-180.7743474212839
 31
0.0
  0
LINE
  5
6C8
330
650
100
AcDbEntity
  8
0
370
9
100
AcDbLine
 10
-15.98732468542585
 20
-178.7743474212839
 30
0.0
 11
-15.98732468542585
 21
-180.7743474212839
 31
0.0
  0
LINE
  5
6C9
330
650
100
AcDbEntity
  8
0
370
9
100
AcDbLine
 10
-15.93014385722927
 20
-178.7743474212839
 30
0.0
 11
-15.93014385722927
 21
-180.7743474212839
 31
0.0
  0
LINE
  5
6CA
330
650
100
AcDbEntity
  8
0
370
9
100
AcDbLine
 10
-15.87839723539946
 20
-180.7743474212839
 30
0.0
 11
-15.87839723539946
 21
-178.7743474212839
 31
0.0
  0
LINE
  5
6CB
330
650
100
AcDbEntity
  8
0
370
9
100
AcDbLine
 10
-16.03777358632942
 20
-178.7743474212839
 30
0.0
 11
-16.03777358632942
 21
-180.7743474212839
 31
0.0
  0
LINE
  5
6CC
330
650
100
AcDbEntity
  8
0
370
9
100
AcDbLine
 10
-15.40680173663713
 20
-178.7743474212839
 30
0.0
 11
-15.40680173663713
 21
-180.7743474212839
 31
0.0
  0
LINE
  5
6CD
330
650
100
AcDbEntity
  8
0
370
9
100
AcDbLine
 10
-15.40680173663713
 20
-178.7743474212839
 30
0.0
 11
-15.40680173663713
 21
-180.7743474212839
 31
0.0
  0
LWPOLYLINE
  5
6CE
330
650
100
AcDbEntity
  8
0
370
9
100
AcDbPolyline
 90
4
 70
1
 10
-15.25886155135231
 20
-180.7743474212839
 10
-15.05886155135522
 20
-180.7743474212839
 10
-15.05886155135522
 20
-178.7743474212839
 10
-15.25886155135231
 20
-178.7743474212839
  0
LINE
  5
6CF
330
650
100
AcDbEntity
  8
0
370
9
100
AcDbLine
 10
-15.15886155134649
 20
-178.7743474212839
 30
0.0
 11
-15.15886155134649
 21
-180.7743474212839
 31
0.0
  0
LINE
  5
6D0
330
650
100
AcDbEntity
  8
0
370
9
100
AcDbLine
 10
-15.21709115912381
 20
-178.7743474212839
 30
0.0
 11
-15.21709115912381
 21
-180.7743474212839
 31
0.0
  0
LINE
  5
6D1
330
650
100
AcDbEntity
  8
0
370
9
100
AcDbLine
 10
-15.09972852309874
 20
-178.7743474212839
 30
0.0
 11
-15.09972852309874
 21
-180.7743474212839
 31
0.0
  0
LINE
  5
6D2
330
650
100
AcDbEntity
  8
0
370
9
100
AcDbLine
 10
-15.18732468543749
 20
-178.7743474212839
 30
0.0
 11
-15.18732468543749
 21
-180.7743474212839
 31
0.0
  0
LINE
  5
6D3
330
650
100
AcDbEntity
  8
0
370
9
100
AcDbLine
 10
-15.13014385724091
 20
-178.7743474212839
 30
0.0
 11
-15.13014385724091
 21
-180.7743474212839
 31
0.0
  0
LINE
  5
6D4
330
650
100
AcDbEntity
  8
0
370
9
100
AcDbLine
 10
-15.0783972354111
 20
-180.7743474212839
 30
0.0
 11
-15.0783972354111
 21
-178.7743474212839
 31
0.0
  0
LINE
  5
6D5
330
650
100
AcDbEntity
  8
0
370
9
100
AcDbLine
 10
-15.23777358634106
 20
-178.7743474212839
 30
0.0
 11
-15.23777358634106
 21
-180.7743474212839
 31
0.0
  0
LINE
  5
6D6
330
650
100
AcDbEntity
  8
0
370
9
100
AcDbLine
 10
-14.60680173663422
 20
-178.7743474212839
 30
0.0
 11
-14.60680173663422
 21
-180.7743474212839
 31
0.0
  0
LINE
  5
6D7
330
650
100
AcDbEntity
  8
0
370
9
100
AcDbLine
 10
-14.60680173663422
 20
-178.7743474212839
 30
0.0
 11
-14.60680173663422
 21
-180.7743474212839
 31
0.0
  0
LWPOLYLINE
  5
6D8
330
650
100
AcDbEntity
  8
0
370
9
100
AcDbPolyline
 90
4
 70
1
 10
-14.4588615513494
 20
-180.7743474212839
 10
-14.25886155135231
 20
-180.7743474212839
 10
-14.25886155135231
 20
-178.7743474212839
 10
-14.4588615513494
 20
-178.7743474212839
  0
LINE
  5
6D9
330
650
100
AcDbEntity
  8
0
370
9
100
AcDbLine
 10
-14.35886155134358
 20
-178.7743474212839
 30
0.0
 11
-14.35886155134358
 21
-180.7743474212839
 31
0.0
  0
LINE
  5
6DA
330
650
100
AcDbEntity
  8
0
370
9
100
AcDbLine
 10
-14.4170911591209
 20
-178.7743474212839
 30
0.0
 11
-14.4170911591209
 21
-180.7743474212839
 31
0.0
  0
LINE
  5
6DB
330
650
100
AcDbEntity
  8
0
370
9
100
AcDbLine
 10
-14.29972852309584
 20
-178.7743474212839
 30
0.0
 11
-14.29972852309584
 21
-180.7743474212839
 31
0.0
  0
LINE
  5
6DC
330
650
100
AcDbEntity
  8
0
370
9
100
AcDbLine
 10
-14.38732468543458
 20
-178.7743474212839
 30
0.0
 11
-14.38732468543458
 21
-180.7743474212839
 31
0.0
  0
LINE
  5
6DD
330
650
100
AcDbEntity
  8
0
370
9
100
AcDbLine
 10
-14.330143857238
 20
-178.7743474212839
 30
0.0
 11
-14.330143857238
 21
-180.7743474212839
 31
0.0
  0
LINE
  5
6DE
330
650
100
AcDbEntity
  8
0
370
9
100
AcDbLine
 10
-14.27839723540819
 20
-180.7743474212839
 30
0.0
 11
-14.27839723540819
 21
-178.7743474212839
 31
0.0
  0
LINE
  5
6DF
330
650
100
AcDbEntity
  8
0
370
9
100
AcDbLine
 10
-14.43777358633815
 20
-178.7743474212839
 30
0.0
 11
-14.43777358633815
 21
-180.7743474212839
 31
0.0
  0
LINE
  5
6E0
330
650
100
AcDbEntity
  8
0
370
9
100
AcDbLine
 10
-13.80680173663131
 20
-178.7743474212839
 30
0.0
 11
-13.80680173663131
 21
-180.7743474212839
 31
0.0
  0
LINE
  5
6E1
330
650
100
AcDbEntity
  8
0
370
9
100
AcDbLine
 10
-13.80680173663131
 20
-178.7743474212839
 30
0.0
 11
-13.80680173663131
 21
-180.7743474212839
 31
0.0
  0
LWPOLYLINE
  5
6E2
330
650
100
AcDbEntity
  8
0
370
9
100
AcDbPolyline
 90
4
 70
1
 10
-13.65886155134649
 20
-180.7743474212839
 10
-13.4588615513494
 20
-180.7743474212839
 10
-13.4588615513494
 20
-178.7743474212839
 10
-13.65886155134649
 20
-178.7743474212839
  0
LINE
  5
6E3
330
650
100
AcDbEntity
  8
0
370
9
100
AcDbLine
 10
-13.55886155134067
 20
-178.7743474212839
 30
0.0
 11
-13.55886155134067
 21
-180.7743474212839
 31
0.0
  0
LINE
  5
6E4
330
650
100
AcDbEntity
  8
0
370
9
100
AcDbLine
 10
-13.61709115911799
 20
-178.7743474212839
 30
0.0
 11
-13.61709115911799
 21
-180.7743474212839
 31
0.0
  0
LINE
  5
6E5
330
650
100
AcDbEntity
  8
0
370
9
100
AcDbLine
 10
-13.49972852309292
 20
-178.7743474212839
 30
0.0
 11
-13.49972852309292
 21
-180.7743474212839
 31
0.0
  0
LINE
  5
6E6
330
650
100
AcDbEntity
  8
0
370
9
100
AcDbLine
 10
-13.58732468543166
 20
-178.7743474212839
 30
0.0
 11
-13.58732468543166
 21
-180.7743474212839
 31
0.0
  0
LINE
  5
6E7
330
650
100
AcDbEntity
  8
0
370
9
100
AcDbLine
 10
-13.53014385723509
 20
-178.7743474212839
 30
0.0
 11
-13.53014385723509
 21
-180.7743474212839
 31
0.0
  0
LINE
  5
6E8
330
650
100
AcDbEntity
  8
0
370
9
100
AcDbLine
 10
-13.47839723540528
 20
-180.7743474212839
 30
0.0
 11
-13.47839723540528
 21
-178.7743474212839
 31
0.0
  0
LINE
  5
6E9
330
650
100
AcDbEntity
  8
0
370
9
100
AcDbLine
 10
-13.63777358633524
 20
-178.7743474212839
 30
0.0
 11
-13.63777358633524
 21
-180.7743474212839
 31
0.0
  0
LINE
  5
6EA
330
650
100
AcDbEntity
  8
0
370
9
100
AcDbLine
 10
-13.0068017366284
 20
-178.7743474212839
 30
0.0
 11
-13.0068017366284
 21
-180.7743474212839
 31
0.0
  0
LINE
  5
6EB
330
650
100
AcDbEntity
  8
0
370
9
100
AcDbLine
 10
-13.0068017366284
 20
-178.7743474212839
 30
0.0
 11
-13.0068017366284
 21
-180.7743474212839
 31
0.0
  0
LWPOLYLINE
  5
6EC
330
650
100
AcDbEntity
  8
0
370
9
100
AcDbPolyline
 90
4
 70
1
 10
-12.85886155134358
 20
-180.7743474212839
 10
-12.65886155134649
 20
-180.7743474212839
 10
-12.65886155134649
 20
-178.7743474212839
 10
-12.85886155134358
 20
-178.7743474212839
  0
LINE
  5
6ED
330
650
100
AcDbEntity
  8
0
370
9
100
AcDbLine
 10
-12.75886155133776
 20
-178.7743474212839
 30
0.0
 11
-12.75886155133776
 21
-180.7743474212839
 31
0.0
  0
LINE
  5
6EE
330
650
100
AcDbEntity
  8
0
370
9
100
AcDbLine
 10
-12.81709115911508
 20
-178.7743474212839
 30
0.0
 11
-12.81709115911508
 21
-180.7743474212839
 31
0.0
  0
LINE
  5
6EF
330
650
100
AcDbEntity
  8
0
370
9
100
AcDbLine
 10
-12.69972852309001
 20
-178.7743474212839
 30
0.0
 11
-12.69972852309001
 21
-180.7743474212839
 31
0.0
  0
LINE
  5
6F0
330
650
100
AcDbEntity
  8
0
370
9
100
AcDbLine
 10
-12.78732468542876
 20
-178.7743474212839
 30
0.0
 11
-12.78732468542876
 21
-180.7743474212839
 31
0.0
  0
LINE
  5
6F1
330
650
100
AcDbEntity
  8
0
370
9
100
AcDbLine
 10
-12.73014385723218
 20
-178.7743474212839
 30
0.0
 11
-12.73014385723218
 21
-180.7743474212839
 31
0.0
  0
LINE
  5
6F2
330
650
100
AcDbEntity
  8
0
370
9
100
AcDbLine
 10
-12.67839723540237
 20
-180.7743474212839
 30
0.0
 11
-12.67839723540237
 21
-178.7743474212839
 31
0.0
  0
LINE
  5
6F3
330
650
100
AcDbEntity
  8
0
370
9
100
AcDbLine
 10
-12.83777358633233
 20
-178.7743474212839
 30
0.0
 11
-12.83777358633233
 21
-180.7743474212839
 31
0.0
  0
LINE
  5
6F4
330
650
100
AcDbEntity
  8
0
370
9
100
AcDbLine
 10
-12.20680173662549
 20
-178.7743474212839
 30
0.0
 11
-12.20680173662549
 21
-180.7743474212839
 31
0.0
  0
LINE
  5
6F5
330
650
100
AcDbEntity
  8
0
370
9
100
AcDbLine
 10
-12.20680173662549
 20
-178.7743474212839
 30
0.0
 11
-12.20680173662549
 21
-180.7743474212839
 31
0.0
  0
LWPOLYLINE
  5
6F6
330
650
100
AcDbEntity
  8
0
370
9
100
AcDbPolyline
 90
4
 70
1
 10
-12.05886155134067
 20
-180.7743474212839
 10
-11.85886155134358
 20
-180.7743474212839
 10
-11.85886155134358
 20
-178.7743474212839
 10
-12.05886155134067
 20
-178.7743474212839
  0
LINE
  5
6F7
330
650
100
AcDbEntity
  8
0
370
9
100
AcDbLine
 10
-11.95886155133485
 20
-178.7743474212839
 30
0.0
 11
-11.95886155133485
 21
-180.7743474212839
 31
0.0
  0
LINE
  5
6F8
330
650
100
AcDbEntity
  8
0
370
9
100
AcDbLine
 10
-12.01709115911217
 20
-178.7743474212839
 30
0.0
 11
-12.01709115911217
 21
-180.7743474212839
 31
0.0
  0
LINE
  5
6F9
330
650
100
AcDbEntity
  8
0
370
9
100
AcDbLine
 10
-11.8997285230871
 20
-178.7743474212839
 30
0.0
 11
-11.8997285230871
 21
-180.7743474212839
 31
0.0
  0
LINE
  5
6FA
330
650
100
AcDbEntity
  8
0
370
9
100
AcDbLine
 10
-11.98732468542584
 20
-178.7743474212839
 30
0.0
 11
-11.98732468542584
 21
-180.7743474212839
 31
0.0
  0
LINE
  5
6FB
330
650
100
AcDbEntity
  8
0
370
9
100
AcDbLine
 10
-11.93014385722927
 20
-178.7743474212839
 30
0.0
 11
-11.93014385722927
 21
-180.7743474212839
 31
0.0
  0
LINE
  5
6FC
330
650
100
AcDbEntity
  8
0
370
9
100
AcDbLine
 10
-11.87839723539946
 20
-180.7743474212839
 30
0.0
 11
-11.87839723539946
 21
-178.7743474212839
 31
0.0
  0
LINE
  5
6FD
330
650
100
AcDbEntity
  8
0
370
9
100
AcDbLine
 10
-12.03777358632942
 20
-178.7743474212839
 30
0.0
 11
-12.03777358632942
 21
-180.7743474212839
 31
0.0
  0
LINE
  5
6FE
330
650
100
AcDbEntity
  8
0
370
9
100
AcDbLine
 10
-11.40680173663713
 20
-178.7743474212839
 30
0.0
 11
-11.40680173663713
 21
-180.7743474212839
 31
0.0
  0
LINE
  5
6FF
330
650
100
AcDbEntity
  8
0
370
9
100
AcDbLine
 10
-11.40680173663713
 20
-178.7743474212839
 30
0.0
 11
-11.40680173663713
 21
-180.7743474212839
 31
0.0
  0
LWPOLYLINE
  5
700
330
650
100
AcDbEntity
  8
0
370
9
100
AcDbPolyline
 90
4
 70
1
 10
-11.25886155135231
 20
-180.7743474212839
 10
-11.05886155135522
 20
-180.7743474212839
 10
-11.05886155135522
 20
-178.7743474212839
 10
-11.25886155135231
 20
-178.7743474212839
  0
LINE
  5
701
330
650
100
AcDbEntity
  8
0
370
9
100
AcDbLine
 10
-11.15886155134649
 20
-178.7743474212839
 30
0.0
 11
-11.15886155134649
 21
-180.7743474212839
 31
0.0
  0
LINE
  5
702
330
650
100
AcDbEntity
  8
0
370
9
100
AcDbLine
 10
-11.21709115912381
 20
-178.7743474212839
 30
0.0
 11
-11.21709115912381
 21
-180.7743474212839
 31
0.0
  0
LINE
  5
703
330
650
100
AcDbEntity
  8
0
370
9
100
AcDbLine
 10
-11.09972852309875
 20
-178.7743474212839
 30
0.0
 11
-11.09972852309875
 21
-180.7743474212839
 31
0.0
  0
LINE
  5
704
330
650
100
AcDbEntity
  8
0
370
9
100
AcDbLine
 10
-11.18732468543749
 20
-178.7743474212839
 30
0.0
 11
-11.18732468543749
 21
-180.7743474212839
 31
0.0
  0
LINE
  5
705
330
650
100
AcDbEntity
  8
0
370
9
100
AcDbLine
 10
-11.13014385724091
 20
-178.7743474212839
 30
0.0
 11
-11.13014385724091
 21
-180.7743474212839
 31
0.0
  0
LINE
  5
706
330
650
100
AcDbEntity
  8
0
370
9
100
AcDbLine
 10
-11.0783972354111
 20
-180.7743474212839
 30
0.0
 11
-11.0783972354111
 21
-178.7743474212839
 31
0.0
  0
LINE
  5
707
330
650
100
AcDbEntity
  8
0
370
9
100
AcDbLine
 10
-11.23777358634106
 20
-178.7743474212839
 30
0.0
 11
-11.23777358634106
 21
-180.7743474212839
 31
0.0
  0
LINE
  5
708
330
650
100
AcDbEntity
  8
0
370
9
100
AcDbLine
 10
-10.60680173663422
 20
-178.7743474212839
 30
0.0
 11
-10.60680173663422
 21
-180.7743474212839
 31
0.0
  0
LINE
  5
709
330
650
100
AcDbEntity
  8
0
370
9
100
AcDbLine
 10
-10.60680173663422
 20
-178.7743474212839
 30
0.0
 11
-10.60680173663422
 21
-180.7743474212839
 31
0.0
  0
LWPOLYLINE
  5
70A
330
650
100
AcDbEntity
  8
0
370
9
100
AcDbPolyline
 90
4
 70
1
 10
-10.4588615513494
 20
-180.7743474212839
 10
-10.25886155135231
 20
-180.7743474212839
 10
-10.25886155135231
 20
-178.7743474212839
 10
-10.4588615513494
 20
-178.7743474212839
  0
LINE
  5
70B
330
650
100
AcDbEntity
  8
0
370
9
100
AcDbLine
 10
-10.35886155134358
 20
-178.7743474212839
 30
0.0
 11
-10.35886155134358
 21
-180.7743474212839
 31
0.0
  0
LINE
  5
70C
330
650
100
AcDbEntity
  8
0
370
9
100
AcDbLine
 10
-10.4170911591209
 20
-178.7743474212839
 30
0.0
 11
-10.4170911591209
 21
-180.7743474212839
 31
0.0
  0
LINE
  5
70D
330
650
100
AcDbEntity
  8
0
370
9
100
AcDbLine
 10
-10.29972852309583
 20
-178.7743474212839
 30
0.0
 11
-10.29972852309583
 21
-180.7743474212839
 31
0.0
  0
LINE
  5
70E
330
650
100
AcDbEntity
  8
0
370
9
100
AcDbLine
 10
-10.38732468543458
 20
-178.7743474212839
 30
0.0
 11
-10.38732468543458
 21
-180.7743474212839
 31
0.0
  0
LINE
  5
70F
330
650
100
AcDbEntity
  8
0
370
9
100
AcDbLine
 10
-10.330143857238
 20
-178.7743474212839
 30
0.0
 11
-10.330143857238
 21
-180.7743474212839
 31
0.0
  0
LINE
  5
710
330
650
100
AcDbEntity
  8
0
370
9
100
AcDbLine
 10
-10.27839723540819
 20
-180.7743474212839
 30
0.0
 11
-10.27839723540819
 21
-178.7743474212839
 31
0.0
  0
LINE
  5
711
330
650
100
AcDbEntity
  8
0
370
9
100
AcDbLine
 10
-10.43777358633815
 20
-178.7743474212839
 30
0.0
 11
-10.43777358633815
 21
-180.7743474212839
 31
0.0
  0
LINE
  5
712
330
650
100
AcDbEntity
  8
0
370
9
100
AcDbLine
 10
-9.806801736631314
 20
-178.7743474212839
 30
0.0
 11
-9.806801736631314
 21
-180.7743474212839
 31
0.0
  0
LINE
  5
713
330
650
100
AcDbEntity
  8
0
370
9
100
AcDbLine
 10
-9.806801736631314
 20
-178.7743474212839
 30
0.0
 11
-9.806801736631314
 21
-180.7743474212839
 31
0.0
  0
LWPOLYLINE
  5
714
330
650
100
AcDbEntity
  8
0
370
9
100
AcDbPolyline
 90
4
 70
1
 10
-9.65886155134649
 20
-180.7743474212839
 10
-9.4588615513494
 20
-180.7743474212839
 10
-9.4588615513494
 20
-178.7743474212839
 10
-9.65886155134649
 20
-178.7743474212839
  0
LINE
  5
715
330
650
100
AcDbEntity
  8
0
370
9
100
AcDbLine
 10
-9.55886155134067
 20
-178.7743474212839
 30
0.0
 11
-9.55886155134067
 21
-180.7743474212839
 31
0.0
  0
LINE
  5
716
330
650
100
AcDbEntity
  8
0
370
9
100
AcDbLine
 10
-9.61709115911799
 20
-178.7743474212839
 30
0.0
 11
-9.61709115911799
 21
-180.7743474212839
 31
0.0
  0
LINE
  5
717
330
650
100
AcDbEntity
  8
0
370
9
100
AcDbLine
 10
-9.499728523092926
 20
-178.7743474212839
 30
0.0
 11
-9.499728523092926
 21
-180.7743474212839
 31
0.0
  0
LINE
  5
718
330
650
100
AcDbEntity
  8
0
370
9
100
AcDbLine
 10
-9.587324685431668
 20
-178.7743474212839
 30
0.0
 11
-9.587324685431668
 21
-180.7743474212839
 31
0.0
  0
LINE
  5
719
330
650
100
AcDbEntity
  8
0
370
9
100
AcDbLine
 10
-9.530143857235087
 20
-178.7743474212839
 30
0.0
 11
-9.530143857235087
 21
-180.7743474212839
 31
0.0
  0
LINE
  5
71A
330
650
100
AcDbEntity
  8
0
370
9
100
AcDbLine
 10
-9.478397235405282
 20
-180.7743474212839
 30
0.0
 11
-9.478397235405282
 21
-178.7743474212839
 31
0.0
  0
LINE
  5
71B
330
650
100
AcDbEntity
  8
0
370
9
100
AcDbLine
 10
-9.637773586335243
 20
-178.7743474212839
 30
0.0
 11
-9.637773586335243
 21
-180.7743474212839
 31
0.0
  0
LINE
  5
71C
330
650
100
AcDbEntity
  8
0
370
9
100
AcDbLine
 10
-9.006801736628404
 20
-178.7743474212839
 30
0.0
 11
-9.006801736628404
 21
-180.7743474212839
 31
0.0
  0
LINE
  5
71D
330
650
100
AcDbEntity
  8
0
370
9
100
AcDbLine
 10
-9.006801736628404
 20
-178.7743474212839
 30
0.0
 11
-9.006801736628404
 21
-180.7743474212839
 31
0.0
  0
LWPOLYLINE
  5
71E
330
650
100
AcDbEntity
  8
0
370
9
100
AcDbPolyline
 90
4
 70
1
 10
-8.85886155134358
 20
-180.7743474212839
 10
-8.65886155134649
 20
-180.7743474212839
 10
-8.65886155134649
 20
-178.7743474212839
 10
-8.85886155134358
 20
-178.7743474212839
  0
LINE
  5
71F
330
650
100
AcDbEntity
  8
0
370
9
100
AcDbLine
 10
-8.758861551337759
 20
-178.7743474212839
 30
0.0
 11
-8.758861551337759
 21
-180.7743474212839
 31
0.0
  0
LINE
  5
720
330
650
100
AcDbEntity
  8
0
370
9
100
AcDbLine
 10
-8.81709115911508
 20
-178.7743474212839
 30
0.0
 11
-8.81709115911508
 21
-180.7743474212839
 31
0.0
  0
LINE
  5
721
330
650
100
AcDbEntity
  8
0
370
9
100
AcDbLine
 10
-8.699728523090016
 20
-178.7743474212839
 30
0.0
 11
-8.699728523090016
 21
-180.7743474212839
 31
0.0
  0
LINE
  5
722
330
650
100
AcDbEntity
  8
0
370
9
100
AcDbLine
 10
-8.787324685428757
 20
-178.7743474212839
 30
0.0
 11
-8.787324685428757
 21
-180.7743474212839
 31
0.0
  0
LINE
  5
723
330
650
100
AcDbEntity
  8
0
370
9
100
AcDbLine
 10
-8.730143857232179
 20
-178.7743474212839
 30
0.0
 11
-8.730143857232179
 21
-180.7743474212839
 31
0.0
  0
LINE
  5
724
330
650
100
AcDbEntity
  8
0
370
9
100
AcDbLine
 10
-8.678397235402372
 20
-180.7743474212839
 30
0.0
 11
-8.678397235402372
 21
-178.7743474212839
 31
0.0
  0
LINE
  5
725
330
650
100
AcDbEntity
  8
0
370
9
100
AcDbLine
 10
-8.837773586332332
 20
-178.7743474212839
 30
0.0
 11
-8.837773586332332
 21
-180.7743474212839
 31
0.0
  0
LINE
  5
726
330
650
100
AcDbEntity
  8
0
370
9
100
AcDbLine
 10
-8.206801736625494
 20
-178.7743474212839
 30
0.0
 11
-8.206801736625494
 21
-180.7743474212839
 31
0.0
  0
LINE
  5
727
330
650
100
AcDbEntity
  8
0
370
9
100
AcDbLine
 10
-8.206801736625494
 20
-178.7743474212839
 30
0.0
 11
-8.206801736625494
 21
-180.7743474212839
 31
0.0
  0
LWPOLYLINE
  5
728
330
650
100
AcDbEntity
  8
0
370
9
100
AcDbPolyline
 90
4
 70
1
 10
-8.05886155134067
 20
-180.7743474212839
 10
-7.858861551343579
 20
-180.7743474212839
 10
-7.858861551343579
 20
-178.7743474212839
 10
-8.05886155134067
 20
-178.7743474212839
  0
LINE
  5
729
330
650
100
AcDbEntity
  8
0
370
9
100
AcDbLine
 10
-7.958861551334848
 20
-178.7743474212839
 30
0.0
 11
-7.958861551334848
 21
-180.7743474212839
 31
0.0
  0
LINE
  5
72A
330
650
100
AcDbEntity
  8
0
370
9
100
AcDbLine
 10
-8.01709115911217
 20
-178.7743474212839
 30
0.0
 11
-8.01709115911217
 21
-180.7743474212839
 31
0.0
  0
LINE
  5
72B
330
650
100
AcDbEntity
  8
0
370
9
100
AcDbLine
 10
-7.899728523087105
 20
-178.7743474212839
 30
0.0
 11
-7.899728523087105
 21
-180.7743474212839
 31
0.0
  0
LINE
  5
72C
330
650
100
AcDbEntity
  8
0
370
9
100
AcDbLine
 10
-7.987324685425846
 20
-178.7743474212839
 30
0.0
 11
-7.987324685425846
 21
-180.7743474212839
 31
0.0
  0
LINE
  5
72D
330
650
100
AcDbEntity
  8
0
370
9
100
AcDbLine
 10
-7.930143857229268
 20
-178.7743474212839
 30
0.0
 11
-7.930143857229268
 21
-180.7743474212839
 31
0.0
  0
LINE
  5
72E
330
650
100
AcDbEntity
  8
0
370
9
100
AcDbLine
 10
-7.878397235399461
 20
-180.7743474212839
 30
0.0
 11
-7.878397235399461
 21
-178.7743474212839
 31
0.0
  0
LINE
  5
72F
330
650
100
AcDbEntity
  8
0
370
9
100
AcDbLine
 10
-8.03777358632942
 20
-178.7743474212839
 30
0.0
 11
-8.03777358632942
 21
-180.7743474212839
 31
0.0
  0
LINE
  5
730
330
650
100
AcDbEntity
  8
0
370
9
100
AcDbLine
 10
-7.406801736637135
 20
-178.7743474212839
 30
0.0
 11
-7.406801736637135
 21
-180.7743474212839
 31
0.0
  0
LINE
  5
731
330
650
100
AcDbEntity
  8
0
370
9
100
AcDbLine
 10
-7.406801736637135
 20
-178.7743474212839
 30
0.0
 11
-7.406801736637135
 21
-180.7743474212839
 31
0.0
  0
LWPOLYLINE
  5
732
330
650
100
AcDbEntity
  8
0
370
9
100
AcDbPolyline
 90
4
 70
1
 10
-7.25886155135231
 20
-180.7743474212839
 10
-7.058861551355221
 20
-180.7743474212839
 10
-7.058861551355221
 20
-178.7743474212839
 10
-7.25886155135231
 20
-178.7743474212839
  0
LINE
  5
733
330
650
100
AcDbEntity
  8
0
370
9
100
AcDbLine
 10
-7.15886155134649
 20
-178.7743474212839
 30
0.0
 11
-7.15886155134649
 21
-180.7743474212839
 31
0.0
  0
LINE
  5
734
330
650
100
AcDbEntity
  8
0
370
9
100
AcDbLine
 10
-7.21709115912381
 20
-178.7743474212839
 30
0.0
 11
-7.21709115912381
 21
-180.7743474212839
 31
0.0
  0
LINE
  5
735
330
650
100
AcDbEntity
  8
0
370
9
100
AcDbLine
 10
-7.099728523098747
 20
-178.7743474212839
 30
0.0
 11
-7.099728523098747
 21
-180.7743474212839
 31
0.0
  0
LINE
  5
736
330
650
100
AcDbEntity
  8
0
370
9
100
AcDbLine
 10
-7.187324685437488
 20
-178.7743474212839
 30
0.0
 11
-7.187324685437488
 21
-180.7743474212839
 31
0.0
  0
LINE
  5
737
330
650
100
AcDbEntity
  8
0
370
9
100
AcDbLine
 10
-7.130143857240909
 20
-178.7743474212839
 30
0.0
 11
-7.130143857240909
 21
-180.7743474212839
 31
0.0
  0
LINE
  5
738
330
650
100
AcDbEntity
  8
0
370
9
100
AcDbLine
 10
-7.078397235411102
 20
-180.7743474212839
 30
0.0
 11
-7.078397235411102
 21
-178.7743474212839
 31
0.0
  0
LINE
  5
739
330
650
100
AcDbEntity
  8
0
370
9
100
AcDbLine
 10
-7.237773586341063
 20
-178.7743474212839
 30
0.0
 11
-7.237773586341063
 21
-180.7743474212839
 31
0.0
  0
LINE
  5
73A
330
650
100
AcDbEntity
  8
0
370
9
100
AcDbLine
 10
-6.606801736634224
 20
-178.7743474212839
 30
0.0
 11
-6.606801736634224
 21
-180.7743474212839
 31
0.0
  0
LINE
  5
73B
330
650
100
AcDbEntity
  8
0
370
9
100
AcDbLine
 10
-6.606801736634224
 20
-178.7743474212839
 30
0.0
 11
-6.606801736634224
 21
-180.7743474212839
 31
0.0
  0
LWPOLYLINE
  5
73C
330
650
100
AcDbEntity
  8
0
370
9
100
AcDbPolyline
 90
4
 70
1
 10
-6.4588615513494
 20
-180.7743474212839
 10
-6.25886155135231
 20
-180.7743474212839
 10
-6.25886155135231
 20
-178.7743474212839
 10
-6.4588615513494
 20
-178.7743474212839
  0
LINE
  5
73D
330
650
100
AcDbEntity
  8
0
370
9
100
AcDbLine
 10
-6.358861551343579
 20
-178.7743474212839
 30
0.0
 11
-6.358861551343579
 21
-180.7743474212839
 31
0.0
  0
LINE
  5
73E
330
650
100
AcDbEntity
  8
0
370
9
100
AcDbLine
 10
-6.4170911591209
 20
-178.7743474212839
 30
0.0
 11
-6.4170911591209
 21
-180.7743474212839
 31
0.0
  0
LINE
  5
73F
330
650
100
AcDbEntity
  8
0
370
9
100
AcDbLine
 10
-6.299728523095836
 20
-178.7743474212839
 30
0.0
 11
-6.299728523095836
 21
-180.7743474212839
 31
0.0
  0
LINE
  5
740
330
650
100
AcDbEntity
  8
0
370
9
100
AcDbLine
 10
-6.387324685434577
 20
-178.7743474212839
 30
0.0
 11
-6.387324685434577
 21
-180.7743474212839
 31
0.0
  0
LINE
  5
741
330
650
100
AcDbEntity
  8
0
370
9
100
AcDbLine
 10
-6.330143857237999
 20
-178.7743474212839
 30
0.0
 11
-6.330143857237999
 21
-180.7743474212839
 31
0.0
  0
LINE
  5
742
330
650
100
AcDbEntity
  8
0
370
9
100
AcDbLine
 10
-6.278397235408192
 20
-180.7743474212839
 30
0.0
 11
-6.278397235408192
 21
-178.7743474212839
 31
0.0
  0
LINE
  5
743
330
650
100
AcDbEntity
  8
0
370
9
100
AcDbLine
 10
-6.437773586338153
 20
-178.7743474212839
 30
0.0
 11
-6.437773586338153
 21
-180.7743474212839
 31
0.0
  0
LINE
  5
744
330
650
100
AcDbEntity
  8
0
370
9
100
AcDbLine
 10
-5.806801736631314
 20
-178.7743474212839
 30
0.0
 11
-5.806801736631314
 21
-180.7743474212839
 31
0.0
  0
LINE
  5
745
330
650
100
AcDbEntity
  8
0
370
9
100
AcDbLine
 10
-5.806801736631314
 20
-178.7743474212839
 30
0.0
 11
-5.806801736631314
 21
-180.7743474212839
 31
0.0
  0
LWPOLYLINE
  5
746
330
650
100
AcDbEntity
  8
0
370
9
100
AcDbPolyline
 90
4
 70
1
 10
-5.65886155134649
 20
-180.7743474212839
 10
-5.4588615513494
 20
-180.7743474212839
 10
-5.4588615513494
 20
-178.7743474212839
 10
-5.65886155134649
 20
-178.7743474212839
  0
LINE
  5
747
330
650
100
AcDbEntity
  8
0
370
9
100
AcDbLine
 10
-5.558861551340669
 20
-178.7743474212839
 30
0.0
 11
-5.558861551340669
 21
-180.7743474212839
 31
0.0
  0
LINE
  5
748
330
650
100
AcDbEntity
  8
0
370
9
100
AcDbLine
 10
-5.61709115911799
 20
-178.7743474212839
 30
0.0
 11
-5.61709115911799
 21
-180.7743474212839
 31
0.0
  0
LINE
  5
749
330
650
100
AcDbEntity
  8
0
370
9
100
AcDbLine
 10
-5.499728523092926
 20
-178.7743474212839
 30
0.0
 11
-5.499728523092926
 21
-180.7743474212839
 31
0.0
  0
LINE
  5
74A
330
650
100
AcDbEntity
  8
0
370
9
100
AcDbLine
 10
-5.587324685431667
 20
-178.7743474212839
 30
0.0
 11
-5.587324685431667
 21
-180.7743474212839
 31
0.0
  0
LINE
  5
74B
330
650
100
AcDbEntity
  8
0
370
9
100
AcDbLine
 10
-5.530143857235088
 20
-178.7743474212839
 30
0.0
 11
-5.530143857235088
 21
-180.7743474212839
 31
0.0
  0
LINE
  5
74C
330
650
100
AcDbEntity
  8
0
370
9
100
AcDbLine
 10
-5.478397235405282
 20
-180.7743474212839
 30
0.0
 11
-5.478397235405282
 21
-178.7743474212839
 31
0.0
  0
LINE
  5
74D
330
650
100
AcDbEntity
  8
0
370
9
100
AcDbLine
 10
-5.637773586335242
 20
-178.7743474212839
 30
0.0
 11
-5.637773586335242
 21
-180.7743474212839
 31
0.0
  0
LINE
  5
74E
330
650
100
AcDbEntity
  8
0
370
9
100
AcDbLine
 10
-5.006801736628403
 20
-178.7743474212839
 30
0.0
 11
-5.006801736628403
 21
-180.7743474212839
 31
0.0
  0
LINE
  5
74F
330
650
100
AcDbEntity
  8
0
370
9
100
AcDbLine
 10
-5.006801736628403
 20
-178.7743474212839
 30
0.0
 11
-5.006801736628403
 21
-180.7743474212839
 31
0.0
  0
LWPOLYLINE
  5
750
330
650
100
AcDbEntity
  8
0
370
9
100
AcDbPolyline
 90
4
 70
1
 10
-4.858861551343579
 20
-180.7743474212839
 10
-4.65886155134649
 20
-180.7743474212839
 10
-4.65886155134649
 20
-178.7743474212839
 10
-4.858861551343579
 20
-178.7743474212839
  0
LINE
  5
751
330
650
100
AcDbEntity
  8
0
370
9
100
AcDbLine
 10
-4.758861551337759
 20
-178.7743474212839
 30
0.0
 11
-4.758861551337759
 21
-180.7743474212839
 31
0.0
  0
LINE
  5
752
330
650
100
AcDbEntity
  8
0
370
9
100
AcDbLine
 10
-4.817091159115079
 20
-178.7743474212839
 30
0.0
 11
-4.817091159115079
 21
-180.7743474212839
 31
0.0
  0
LINE
  5
753
330
650
100
AcDbEntity
  8
0
370
9
100
AcDbLine
 10
-4.699728523090016
 20
-178.7743474212839
 30
0.0
 11
-4.699728523090016
 21
-180.7743474212839
 31
0.0
  0
LINE
  5
754
330
650
100
AcDbEntity
  8
0
370
9
100
AcDbLine
 10
-4.787324685428757
 20
-178.7743474212839
 30
0.0
 11
-4.787324685428757
 21
-180.7743474212839
 31
0.0
  0
LINE
  5
755
330
650
100
AcDbEntity
  8
0
370
9
100
AcDbLine
 10
-4.730143857232178
 20
-178.7743474212839
 30
0.0
 11
-4.730143857232178
 21
-180.7743474212839
 31
0.0
  0
LINE
  5
756
330
650
100
AcDbEntity
  8
0
370
9
100
AcDbLine
 10
-4.678397235402371
 20
-180.7743474212839
 30
0.0
 11
-4.678397235402371
 21
-178.7743474212839
 31
0.0
  0
LINE
  5
757
330
650
100
AcDbEntity
  8
0
370
9
100
AcDbLine
 10
-4.837773586332332
 20
-178.7743474212839
 30
0.0
 11
-4.837773586332332
 21
-180.7743474212839
 31
0.0
  0
LINE
  5
758
330
650
100
AcDbEntity
  8
0
370
9
100
AcDbLine
 10
-4.206801736625493
 20
-178.7743474212839
 30
0.0
 11
-4.206801736625493
 21
-180.7743474212839
 31
0.0
  0
LINE
  5
759
330
650
100
AcDbEntity
  8
0
370
9
100
AcDbLine
 10
-4.206801736625493
 20
-178.7743474212839
 30
0.0
 11
-4.206801736625493
 21
-180.7743474212839
 31
0.0
  0
LWPOLYLINE
  5
75A
330
650
100
AcDbEntity
  8
0
370
9
100
AcDbPolyline
 90
4
 70
1
 10
-4.058861551340669
 20
-180.7743474212839
 10
-3.858861551343579
 20
-180.7743474212839
 10
-3.858861551343579
 20
-178.7743474212839
 10
-4.058861551340669
 20
-178.7743474212839
  0
LINE
  5
75B
330
650
100
AcDbEntity
  8
0
370
9
100
AcDbLine
 10
-3.958861551334848
 20
-178.7743474212839
 30
0.0
 11
-3.958861551334848
 21
-180.7743474212839
 31
0.0
  0
LINE
  5
75C
330
650
100
AcDbEntity
  8
0
370
9
100
AcDbLine
 10
-4.017091159112169
 20
-178.7743474212839
 30
0.0
 11
-4.017091159112169
 21
-180.7743474212839
 31
0.0
  0
LINE
  5
75D
330
650
100
AcDbEntity
  8
0
370
9
100
AcDbLine
 10
-3.899728523087105
 20
-178.7743474212839
 30
0.0
 11
-3.899728523087105
 21
-180.7743474212839
 31
0.0
  0
LINE
  5
75E
330
650
100
AcDbEntity
  8
0
370
9
100
AcDbLine
 10
-3.987324685425846
 20
-178.7743474212839
 30
0.0
 11
-3.987324685425846
 21
-180.7743474212839
 31
0.0
  0
LINE
  5
75F
330
650
100
AcDbEntity
  8
0
370
9
100
AcDbLine
 10
-3.930143857229268
 20
-178.7743474212839
 30
0.0
 11
-3.930143857229268
 21
-180.7743474212839
 31
0.0
  0
LINE
  5
760
330
650
100
AcDbEntity
  8
0
370
9
100
AcDbLine
 10
-3.878397235399461
 20
-180.7743474212839
 30
0.0
 11
-3.878397235399461
 21
-178.7743474212839
 31
0.0
  0
LINE
  5
761
330
650
100
AcDbEntity
  8
0
370
9
100
AcDbLine
 10
-4.037773586329421
 20
-178.7743474212839
 30
0.0
 11
-4.037773586329421
 21
-180.7743474212839
 31
0.0
  0
LINE
  5
762
330
650
100
AcDbEntity
  8
0
370
9
100
AcDbLine
 10
-3.406801736637135
 20
-178.7743474212839
 30
0.0
 11
-3.406801736637135
 21
-180.7743474212839
 31
0.0
  0
LINE
  5
763
330
650
100
AcDbEntity
  8
0
370
9
100
AcDbLine
 10
-3.406801736637135
 20
-178.7743474212839
 30
0.0
 11
-3.406801736637135
 21
-180.7743474212839
 31
0.0
  0
LWPOLYLINE
  5
764
330
650
100
AcDbEntity
  8
0
370
9
100
AcDbPolyline
 90
4
 70
1
 10
-3.25886155135231
 20
-180.7743474212839
 10
-3.058861551355221
 20
-180.7743474212839
 10
-3.058861551355221
 20
-178.7743474212839
 10
-3.25886155135231
 20
-178.7743474212839
  0
LINE
  5
765
330
650
100
AcDbEntity
  8
0
370
9
100
AcDbLine
 10
-3.15886155134649
 20
-178.7743474212839
 30
0.0
 11
-3.15886155134649
 21
-180.7743474212839
 31
0.0
  0
LINE
  5
766
330
650
100
AcDbEntity
  8
0
370
9
100
AcDbLine
 10
-3.21709115912381
 20
-178.7743474212839
 30
0.0
 11
-3.21709115912381
 21
-180.7743474212839
 31
0.0
  0
LINE
  5
767
330
650
100
AcDbEntity
  8
0
370
9
100
AcDbLine
 10
-3.099728523098747
 20
-178.7743474212839
 30
0.0
 11
-3.099728523098747
 21
-180.7743474212839
 31
0.0
  0
LINE
  5
768
330
650
100
AcDbEntity
  8
0
370
9
100
AcDbLine
 10
-3.187324685437488
 20
-178.7743474212839
 30
0.0
 11
-3.187324685437488
 21
-180.7743474212839
 31
0.0
  0
LINE
  5
769
330
650
100
AcDbEntity
  8
0
370
9
100
AcDbLine
 10
-3.130143857240909
 20
-178.7743474212839
 30
0.0
 11
-3.130143857240909
 21
-180.7743474212839
 31
0.0
  0
LINE
  5
76A
330
650
100
AcDbEntity
  8
0
370
9
100
AcDbLine
 10
-3.078397235411102
 20
-180.7743474212839
 30
0.0
 11
-3.078397235411102
 21
-178.7743474212839
 31
0.0
  0
LINE
  5
76B
330
650
100
AcDbEntity
  8
0
370
9
100
AcDbLine
 10
-3.237773586341063
 20
-178.7743474212839
 30
0.0
 11
-3.237773586341063
 21
-180.7743474212839
 31
0.0
  0
LINE
  5
76C
330
650
100
AcDbEntity
  8
0
370
9
100
AcDbLine
 10
-2.606801736634224
 20
-178.7743474212839
 30
0.0
 11
-2.606801736634224
 21
-180.7743474212839
 31
0.0
  0
LINE
  5
76D
330
650
100
AcDbEntity
  8
0
370
9
100
AcDbLine
 10
-2.606801736634224
 20
-178.7743474212839
 30
0.0
 11
-2.606801736634224
 21
-180.7743474212839
 31
0.0
  0
LWPOLYLINE
  5
76E
330
650
100
AcDbEntity
  8
0
370
9
100
AcDbPolyline
 90
4
 70
1
 10
-2.4588615513494
 20
-180.7743474212839
 10
-2.25886155135231
 20
-180.7743474212839
 10
-2.25886155135231
 20
-178.7743474212839
 10
-2.4588615513494
 20
-178.7743474212839
  0
LINE
  5
76F
330
650
100
AcDbEntity
  8
0
370
9
100
AcDbLine
 10
-2.358861551343579
 20
-178.7743474212839
 30
0.0
 11
-2.358861551343579
 21
-180.7743474212839
 31
0.0
  0
LINE
  5
770
330
650
100
AcDbEntity
  8
0
370
9
100
AcDbLine
 10
-2.4170911591209
 20
-178.7743474212839
 30
0.0
 11
-2.4170911591209
 21
-180.7743474212839
 31
0.0
  0
LINE
  5
771
330
650
100
AcDbEntity
  8
0
370
9
100
AcDbLine
 10
-2.299728523095836
 20
-178.7743474212839
 30
0.0
 11
-2.299728523095836
 21
-180.7743474212839
 31
0.0
  0
LINE
  5
772
330
650
100
AcDbEntity
  8
0
370
9
100
AcDbLine
 10
-2.387324685434577
 20
-178.7743474212839
 30
0.0
 11
-2.387324685434577
 21
-180.7743474212839
 31
0.0
  0
LINE
  5
773
330
650
100
AcDbEntity
  8
0
370
9
100
AcDbLine
 10
-2.330143857237999
 20
-178.7743474212839
 30
0.0
 11
-2.330143857237999
 21
-180.7743474212839
 31
0.0
  0
LINE
  5
774
330
650
100
AcDbEntity
  8
0
370
9
100
AcDbLine
 10
-2.278397235408192
 20
-180.7743474212839
 30
0.0
 11
-2.278397235408192
 21
-178.7743474212839
 31
0.0
  0
LINE
  5
775
330
650
100
AcDbEntity
  8
0
370
9
100
AcDbLine
 10
-2.437773586338153
 20
-178.7743474212839
 30
0.0
 11
-2.437773586338153
 21
-180.7743474212839
 31
0.0
  0
LINE
  5
776
330
650
100
AcDbEntity
  8
0
370
9
100
AcDbLine
 10
-1.806801736631314
 20
-178.7743474212839
 30
0.0
 11
-1.806801736631314
 21
-180.7743474212839
 31
0.0
  0
LINE
  5
777
330
650
100
AcDbEntity
  8
0
370
9
100
AcDbLine
 10
-1.806801736631314
 20
-178.7743474212839
 30
0.0
 11
-1.806801736631314
 21
-180.7743474212839
 31
0.0
  0
LWPOLYLINE
  5
778
330
650
100
AcDbEntity
  8
0
370
9
100
AcDbPolyline
 90
4
 70
1
 10
-1.65886155134649
 20
-180.7743474212839
 10
-1.4588615513494
 20
-180.7743474212839
 10
-1.4588615513494
 20
-178.7743474212839
 10
-1.65886155134649
 20
-178.7743474212839
  0
LINE
  5
779
330
650
100
AcDbEntity
  8
0
370
9
100
AcDbLine
 10
-1.558861551340669
 20
-178.7743474212839
 30
0.0
 11
-1.558861551340669
 21
-180.7743474212839
 31
0.0
  0
LINE
  5
77A
330
650
100
AcDbEntity
  8
0
370
9
100
AcDbLine
 10
-1.61709115911799
 20
-178.7743474212839
 30
0.0
 11
-1.61709115911799
 21
-180.7743474212839
 31
0.0
  0
LINE
  5
77B
330
650
100
AcDbEntity
  8
0
370
9
100
AcDbLine
 10
-1.499728523092926
 20
-178.7743474212839
 30
0.0
 11
-1.499728523092926
 21
-180.7743474212839
 31
0.0
  0
LINE
  5
77C
330
650
100
AcDbEntity
  8
0
370
9
100
AcDbLine
 10
-1.587324685431667
 20
-178.7743474212839
 30
0.0
 11
-1.587324685431667
 21
-180.7743474212839
 31
0.0
  0
LINE
  5
77D
330
650
100
AcDbEntity
  8
0
370
9
100
AcDbLine
 10
-1.530143857235088
 20
-178.7743474212839
 30
0.0
 11
-1.530143857235088
 21
-180.7743474212839
 31
0.0
  0
LINE
  5
77E
330
650
100
AcDbEntity
  8
0
370
9
100
AcDbLine
 10
-1.478397235405282
 20
-180.7743474212839
 30
0.0
 11
-1.478397235405282
 21
-178.7743474212839
 31
0.0
  0
LINE
  5
77F
330
650
100
AcDbEntity
  8
0
370
9
100
AcDbLine
 10
-1.637773586335242
 20
-178.7743474212839
 30
0.0
 11
-1.637773586335242
 21
-180.7743474212839
 31
0.0
  0
LINE
  5
780
330
650
100
AcDbEntity
  8
0
370
9
100
AcDbLine
 10
-1.006801736628403
 20
-178.7743474212839
 30
0.0
 11
-1.006801736628403
 21
-180.7743474212839
 31
0.0
  0
LINE
  5
781
330
650
100
AcDbEntity
  8
0
370
9
100
AcDbLine
 10
-1.006801736628403
 20
-178.7743474212839
 30
0.0
 11
-1.006801736628403
 21
-180.7743474212839
 31
0.0
  0
LWPOLYLINE
  5
782
330
650
100
AcDbEntity
  8
0
370
9
100
AcDbPolyline
 90
4
 70
1
 10
-0.8588615513435797
 20
-180.7743474212839
 10
-0.6588615513464902
 20
-180.7743474212839
 10
-0.6588615513464902
 20
-178.7743474212839
 10
-0.8588615513435797
 20
-178.7743474212839
  0
LINE
  5
783
330
650
100
AcDbEntity
  8
0
370
9
100
AcDbLine
 10
-0.758861551337759
 20
-178.7743474212839
 30
0.0
 11
-0.758861551337759
 21
-180.7743474212839
 31
0.0
  0
LINE
  5
784
330
650
100
AcDbEntity
  8
0
370
9
100
AcDbLine
 10
-0.8170911591150797
 20
-178.7743474212839
 30
0.0
 11
-0.8170911591150797
 21
-180.7743474212839
 31
0.0
  0
LINE
  5
785
330
650
100
AcDbEntity
  8
0
370
9
100
AcDbLine
 10
-0.6997285230900161
 20
-178.7743474212839
 30
0.0
 11
-0.6997285230900161
 21
-180.7743474212839
 31
0.0
  0
LINE
  5
786
330
650
100
AcDbEntity
  8
0
370
9
100
AcDbLine
 10
-0.7873246854287573
 20
-178.7743474212839
 30
0.0
 11
-0.7873246854287573
 21
-180.7743474212839
 31
0.0
  0
LINE
  5
787
330
650
100
AcDbEntity
  8
0
370
9
100
AcDbLine
 10
-0.7301438572321786
 20
-178.7743474212839
 30
0.0
 11
-0.7301438572321786
 21
-180.7743474212839
 31
0.0
  0
LINE
  5
788
330
650
100
AcDbEntity
  8
0
370
9
100
AcDbLine
 10
-0.6783972354023718
 20
-180.7743474212839
 30
0.0
 11
-0.6783972354023718
 21
-178.7743474212839
 31
0.0
  0
LINE
  5
789
330
650
100
AcDbEntity
  8
0
370
9
100
AcDbLine
 10
-0.8377735863323323
 20
-178.7743474212839
 30
0.0
 11
-0.8377735863323323
 21
-180.7743474212839
 31
0.0
  0
LINE
  5
78A
330
650
100
AcDbEntity
  8
0
370
9
100
AcDbLine
 10
-0.2068017366254935
 20
-178.7743474212839
 30
0.0
 11
-0.2068017366254935
 21
-180.7743474212839
 31
0.0
  0
LINE
  5
78B
330
650
100
AcDbEntity
  8
0
370
9
100
AcDbLine
 10
-0.2068017366254935
 20
-178.7743474212839
 30
0.0
 11
-0.2068017366254935
 21
-180.7743474212839
 31
0.0
  0
LWPOLYLINE
  5
78C
330
650
100
AcDbEntity
  8
0
370
9
100
AcDbPolyline
 90
4
 70
1
 10
-0.0588615513406694
 20
-180.7743474212839
 10
0.1411384486564202
 20
-180.7743474212839
 10
0.1411384486564202
 20
-178.7743474212839
 10
-0.0588615513406694
 20
-178.7743474212839
  0
LINE
  5
78D
330
650
100
AcDbEntity
  8
0
370
9
100
AcDbLine
 10
0.0411384486651514
 20
-178.7743474212839
 30
0.0
 11
0.0411384486651514
 21
-180.7743474212839
 31
0.0
  0
LINE
  5
78E
330
650
100
AcDbEntity
  8
0
370
9
100
AcDbLine
 10
-0.0170911591121694
 20
-178.7743474212839
 30
0.0
 11
-0.0170911591121694
 21
-180.7743474212839
 31
0.0
  0
LINE
  5
78F
330
650
100
AcDbEntity
  8
0
370
9
100
AcDbLine
 10
0.1002714769128943
 20
-178.7743474212839
 30
0.0
 11
0.1002714769128943
 21
-180.7743474212839
 31
0.0
  0
LINE
  5
790
330
650
100
AcDbEntity
  8
0
370
9
100
AcDbLine
 10
0.0126753145741532
 20
-178.7743474212839
 30
0.0
 11
0.0126753145741532
 21
-180.7743474212839
 31
0.0
  0
LINE
  5
791
330
650
100
AcDbEntity
  8
0
370
9
100
AcDbLine
 10
0.0698561427707318
 20
-178.7743474212839
 30
0.0
 11
0.0698561427707318
 21
-180.7743474212839
 31
0.0
  0
LINE
  5
792
330
650
100
AcDbEntity
  8
0
370
9
100
AcDbLine
 10
0.1216027646005386
 20
-180.7743474212839
 30
0.0
 11
0.1216027646005386
 21
-178.7743474212839
 31
0.0
  0
LINE
  5
793
330
650
100
AcDbEntity
  8
0
370
9
100
AcDbLine
 10
-0.037773586329422
 20
-178.7743474212839
 30
0.0
 11
-0.037773586329422
 21
-180.7743474212839
 31
0.0
  0
LINE
  5
794
330
650
100
AcDbEntity
  8
0
370
9
100
AcDbLine
 10
0.593198263362865
 20
-178.7743474212839
 30
0.0
 11
0.593198263362865
 21
-180.7743474212839
 31
0.0
  0
LINE
  5
795
330
650
100
AcDbEntity
  8
0
370
9
100
AcDbLine
 10
0.593198263362865
 20
-178.7743474212839
 30
0.0
 11
0.593198263362865
 21
-180.7743474212839
 31
0.0
  0
LWPOLYLINE
  5
796
330
650
100
AcDbEntity
  8
0
370
9
100
AcDbPolyline
 90
4
 70
1
 10
0.7411384486476891
 20
-180.7743474212839
 10
0.9411384486447786
 20
-180.7743474212839
 10
0.9411384486447786
 20
-178.7743474212839
 10
0.7411384486476891
 20
-178.7743474212839
  0
LINE
  5
797
330
650
100
AcDbEntity
  8
0
370
9
100
AcDbLine
 10
0.8411384486535098
 20
-178.7743474212839
 30
0.0
 11
0.8411384486535098
 21
-180.7743474212839
 31
0.0
  0
LINE
  5
798
330
650
100
AcDbEntity
  8
0
370
9
100
AcDbLine
 10
0.7829088408761891
 20
-178.7743474212839
 30
0.0
 11
0.7829088408761891
 21
-180.7743474212839
 31
0.0
  0
LINE
  5
799
330
650
100
AcDbEntity
  8
0
370
9
100
AcDbLine
 10
0.9002714769012528
 20
-178.7743474212839
 30
0.0
 11
0.9002714769012528
 21
-180.7743474212839
 31
0.0
  0
LINE
  5
79A
330
650
100
AcDbEntity
  8
0
370
9
100
AcDbLine
 10
0.8126753145625116
 20
-178.7743474212839
 30
0.0
 11
0.8126753145625116
 21
-180.7743474212839
 31
0.0
  0
LINE
  5
79B
330
650
100
AcDbEntity
  8
0
370
9
100
AcDbLine
 10
0.8698561427590902
 20
-178.7743474212839
 30
0.0
 11
0.8698561427590902
 21
-180.7743474212839
 31
0.0
  0
LINE
  5
79C
330
650
100
AcDbEntity
  8
0
370
9
100
AcDbLine
 10
0.9216027645888971
 20
-180.7743474212839
 30
0.0
 11
0.9216027645888971
 21
-178.7743474212839
 31
0.0
  0
LINE
  5
79D
330
650
100
AcDbEntity
  8
0
370
9
100
AcDbLine
 10
0.7622264136589365
 20
-178.7743474212839
 30
0.0
 11
0.7622264136589365
 21
-180.7743474212839
 31
0.0
  0
LINE
  5
79E
330
650
100
AcDbEntity
  8
0
370
9
100
AcDbLine
 10
1.393198263365775
 20
-178.7743474212839
 30
0.0
 11
1.393198263365775
 21
-180.7743474212839
 31
0.0
  0
LINE
  5
79F
330
650
100
AcDbEntity
  8
0
370
9
100
AcDbLine
 10
1.393198263365775
 20
-178.7743474212839
 30
0.0
 11
1.393198263365775
 21
-180.7743474212839
 31
0.0
  0
LWPOLYLINE
  5
7A0
330
650
100
AcDbEntity
  8
0
370
9
100
AcDbPolyline
 90
4
 70
1
 10
1.541138448650599
 20
-180.7743474212839
 10
1.741138448647689
 20
-180.7743474212839
 10
1.741138448647689
 20
-178.7743474212839
 10
1.541138448650599
 20
-178.7743474212839
  0
LINE
  5
7A1
330
650
100
AcDbEntity
  8
0
370
9
100
AcDbLine
 10
1.64113844865642
 20
-178.7743474212839
 30
0.0
 11
1.64113844865642
 21
-180.7743474212839
 31
0.0
  0
LINE
  5
7A2
330
650
100
AcDbEntity
  8
0
370
9
100
AcDbLine
 10
1.582908840879099
 20
-178.7743474212839
 30
0.0
 11
1.582908840879099
 21
-180.7743474212839
 31
0.0
  0
LINE
  5
7A3
330
650
100
AcDbEntity
  8
0
370
9
100
AcDbLine
 10
1.700271476904163
 20
-178.7743474212839
 30
0.0
 11
1.700271476904163
 21
-180.7743474212839
 31
0.0
  0
LINE
  5
7A4
330
650
100
AcDbEntity
  8
0
370
9
100
AcDbLine
 10
1.612675314565422
 20
-178.7743474212839
 30
0.0
 11
1.612675314565422
 21
-180.7743474212839
 31
0.0
  0
LINE
  5
7A5
330
650
100
AcDbEntity
  8
0
370
9
100
AcDbLine
 10
1.669856142762
 20
-178.7743474212839
 30
0.0
 11
1.669856142762
 21
-180.7743474212839
 31
0.0
  0
LINE
  5
7A6
330
650
100
AcDbEntity
  8
0
370
9
100
AcDbLine
 10
1.721602764591807
 20
-180.7743474212839
 30
0.0
 11
1.721602764591807
 21
-178.7743474212839
 31
0.0
  0
LINE
  5
7A7
330
650
100
AcDbEntity
  8
0
370
9
100
AcDbLine
 10
1.562226413661846
 20
-178.7743474212839
 30
0.0
 11
1.562226413661846
 21
-180.7743474212839
 31
0.0
  0
LINE
  5
7A8
330
650
100
AcDbEntity
  8
0
370
9
100
AcDbLine
 10
2.193198263368685
 20
-178.7743474212839
 30
0.0
 11
2.193198263368685
 21
-180.7743474212839
 31
0.0
  0
LINE
  5
7A9
330
650
100
AcDbEntity
  8
0
370
9
100
AcDbLine
 10
2.193198263368685
 20
-178.7743474212839
 30
0.0
 11
2.193198263368685
 21
-180.7743474212839
 31
0.0
  0
LWPOLYLINE
  5
7AA
330
650
100
AcDbEntity
  8
0
370
9
100
AcDbPolyline
 90
4
 70
1
 10
2.341138448653509
 20
-180.7743474212839
 10
2.541138448650599
 20
-180.7743474212839
 10
2.541138448650599
 20
-178.7743474212839
 10
2.341138448653509
 20
-178.7743474212839
  0
LINE
  5
7AB
330
650
100
AcDbEntity
  8
0
370
9
100
AcDbLine
 10
2.44113844865933
 20
-178.7743474212839
 30
0.0
 11
2.44113844865933
 21
-180.7743474212839
 31
0.0
  0
LINE
  5
7AC
330
650
100
AcDbEntity
  8
0
370
9
100
AcDbLine
 10
2.382908840882009
 20
-178.7743474212839
 30
0.0
 11
2.382908840882009
 21
-180.7743474212839
 31
0.0
  0
LINE
  5
7AD
330
650
100
AcDbEntity
  8
0
370
9
100
AcDbLine
 10
2.500271476907073
 20
-178.7743474212839
 30
0.0
 11
2.500271476907073
 21
-180.7743474212839
 31
0.0
  0
LINE
  5
7AE
330
650
100
AcDbEntity
  8
0
370
9
100
AcDbLine
 10
2.412675314568332
 20
-178.7743474212839
 30
0.0
 11
2.412675314568332
 21
-180.7743474212839
 31
0.0
  0
LINE
  5
7AF
330
650
100
AcDbEntity
  8
0
370
9
100
AcDbLine
 10
2.469856142764911
 20
-178.7743474212839
 30
0.0
 11
2.469856142764911
 21
-180.7743474212839
 31
0.0
  0
LINE
  5
7B0
330
650
100
AcDbEntity
  8
0
370
9
100
AcDbLine
 10
2.521602764594717
 20
-180.7743474212839
 30
0.0
 11
2.521602764594717
 21
-178.7743474212839
 31
0.0
  0
LINE
  5
7B1
330
650
100
AcDbEntity
  8
0
370
9
100
AcDbLine
 10
2.362226413664757
 20
-178.7743474212839
 30
0.0
 11
2.362226413664757
 21
-180.7743474212839
 31
0.0
  0
LINE
  5
7B2
330
650
100
AcDbEntity
  8
0
370
9
100
AcDbLine
 10
2.993198263371596
 20
-178.7743474212839
 30
0.0
 11
2.993198263371596
 21
-180.7743474212839
 31
0.0
  0
LINE
  5
7B3
330
650
100
AcDbEntity
  8
0
370
9
100
AcDbLine
 10
2.993198263371596
 20
-178.7743474212839
 30
0.0
 11
2.993198263371596
 21
-180.7743474212839
 31
0.0
  0
LWPOLYLINE
  5
7B4
330
650
100
AcDbEntity
  8
0
370
9
100
AcDbPolyline
 90
4
 70
1
 10
3.14113844865642
 20
-180.7743474212839
 10
3.341138448653509
 20
-180.7743474212839
 10
3.341138448653509
 20
-178.7743474212839
 10
3.14113844865642
 20
-178.7743474212839
  0
LINE
  5
7B5
330
650
100
AcDbEntity
  8
0
370
9
100
AcDbLine
 10
3.24113844866224
 20
-178.7743474212839
 30
0.0
 11
3.24113844866224
 21
-180.7743474212839
 31
0.0
  0
LINE
  5
7B6
330
650
100
AcDbEntity
  8
0
370
9
100
AcDbLine
 10
3.18290884088492
 20
-178.7743474212839
 30
0.0
 11
3.18290884088492
 21
-180.7743474212839
 31
0.0
  0
LINE
  5
7B7
330
650
100
AcDbEntity
  8
0
370
9
100
AcDbLine
 10
3.300271476909983
 20
-178.7743474212839
 30
0.0
 11
3.300271476909983
 21
-180.7743474212839
 31
0.0
  0
LINE
  5
7B8
330
650
100
AcDbEntity
  8
0
370
9
100
AcDbLine
 10
3.212675314571242
 20
-178.7743474212839
 30
0.0
 11
3.212675314571242
 21
-180.7743474212839
 31
0.0
  0
LINE
  5
7B9
330
650
100
AcDbEntity
  8
0
370
9
100
AcDbLine
 10
3.269856142767821
 20
-178.7743474212839
 30
0.0
 11
3.269856142767821
 21
-180.7743474212839
 31
0.0
  0
LINE
  5
7BA
330
650
100
AcDbEntity
  8
0
370
9
100
AcDbLine
 10
3.321602764597628
 20
-180.7743474212839
 30
0.0
 11
3.321602764597628
 21
-178.7743474212839
 31
0.0
  0
LINE
  5
7BB
330
650
100
AcDbEntity
  8
0
370
9
100
AcDbLine
 10
3.162226413667667
 20
-178.7743474212839
 30
0.0
 11
3.162226413667667
 21
-180.7743474212839
 31
0.0
  0
LINE
  5
7BC
330
650
100
AcDbEntity
  8
0
370
9
100
AcDbLine
 10
3.793198263374506
 20
-178.7743474212839
 30
0.0
 11
3.793198263374506
 21
-180.7743474212839
 31
0.0
  0
LINE
  5
7BD
330
650
100
AcDbEntity
  8
0
370
9
100
AcDbLine
 10
3.793198263374506
 20
-178.7743474212839
 30
0.0
 11
3.793198263374506
 21
-180.7743474212839
 31
0.0
  0
LWPOLYLINE
  5
7BE
330
650
100
AcDbEntity
  8
0
370
9
100
AcDbPolyline
 90
4
 70
1
 10
3.94113844865933
 20
-180.7743474212839
 10
4.14113844865642
 20
-180.7743474212839
 10
4.14113844865642
 20
-178.7743474212839
 10
3.94113844865933
 20
-178.7743474212839
  0
LINE
  5
7BF
330
650
100
AcDbEntity
  8
0
370
9
100
AcDbLine
 10
4.041138448665151
 20
-178.7743474212839
 30
0.0
 11
4.041138448665151
 21
-180.7743474212839
 31
0.0
  0
LINE
  5
7C0
330
650
100
AcDbEntity
  8
0
370
9
100
AcDbLine
 10
3.98290884088783
 20
-178.7743474212839
 30
0.0
 11
3.98290884088783
 21
-180.7743474212839
 31
0.0
  0
LINE
  5
7C1
330
650
100
AcDbEntity
  8
0
370
9
100
AcDbLine
 10
4.100271476912894
 20
-178.7743474212839
 30
0.0
 11
4.100271476912894
 21
-180.7743474212839
 31
0.0
  0
LINE
  5
7C2
330
650
100
AcDbEntity
  8
0
370
9
100
AcDbLine
 10
4.012675314574153
 20
-178.7743474212839
 30
0.0
 11
4.012675314574153
 21
-180.7743474212839
 31
0.0
  0
LINE
  5
7C3
330
650
100
AcDbEntity
  8
0
370
9
100
AcDbLine
 10
4.069856142770731
 20
-178.7743474212839
 30
0.0
 11
4.069856142770731
 21
-180.7743474212839
 31
0.0
  0
LINE
  5
7C4
330
650
100
AcDbEntity
  8
0
370
9
100
AcDbLine
 10
4.121602764600538
 20
-180.7743474212839
 30
0.0
 11
4.121602764600538
 21
-178.7743474212839
 31
0.0
  0
LINE
  5
7C5
330
650
100
AcDbEntity
  8
0
370
9
100
AcDbLine
 10
3.962226413670578
 20
-178.7743474212839
 30
0.0
 11
3.962226413670578
 21
-180.7743474212839
 31
0.0
  0
LINE
  5
7C6
330
650
100
AcDbEntity
  8
0
370
9
100
AcDbLine
 10
4.593198263362864
 20
-178.7743474212839
 30
0.0
 11
4.593198263362864
 21
-180.7743474212839
 31
0.0
  0
LINE
  5
7C7
330
650
100
AcDbEntity
  8
0
370
9
100
AcDbLine
 10
4.593198263362864
 20
-178.7743474212839
 30
0.0
 11
4.593198263362864
 21
-180.7743474212839
 31
0.0
  0
LWPOLYLINE
  5
7C8
330
650
100
AcDbEntity
  8
0
370
9
100
AcDbPolyline
 90
4
 70
1
 10
4.741138448647689
 20
-180.7743474212839
 10
4.941138448644778
 20
-180.7743474212839
 10
4.941138448644778
 20
-178.7743474212839
 10
4.741138448647689
 20
-178.7743474212839
  0
LINE
  5
7C9
330
650
100
AcDbEntity
  8
0
370
9
100
AcDbLine
 10
4.841138448653509
 20
-178.7743474212839
 30
0.0
 11
4.841138448653509
 21
-180.7743474212839
 31
0.0
  0
LINE
  5
7CA
330
650
100
AcDbEntity
  8
0
370
9
100
AcDbLine
 10
4.782908840876189
 20
-178.7743474212839
 30
0.0
 11
4.782908840876189
 21
-180.7743474212839
 31
0.0
  0
LINE
  5
7CB
330
650
100
AcDbEntity
  8
0
370
9
100
AcDbLine
 10
4.900271476901252
 20
-178.7743474212839
 30
0.0
 11
4.900271476901252
 21
-180.7743474212839
 31
0.0
  0
LINE
  5
7CC
330
650
100
AcDbEntity
  8
0
370
9
100
AcDbLine
 10
4.812675314562511
 20
-178.7743474212839
 30
0.0
 11
4.812675314562511
 21
-180.7743474212839
 31
0.0
  0
LINE
  5
7CD
330
650
100
AcDbEntity
  8
0
370
9
100
AcDbLine
 10
4.86985614275909
 20
-178.7743474212839
 30
0.0
 11
4.86985614275909
 21
-180.7743474212839
 31
0.0
  0
LINE
  5
7CE
330
650
100
AcDbEntity
  8
0
370
9
100
AcDbLine
 10
4.921602764588897
 20
-180.7743474212839
 30
0.0
 11
4.921602764588897
 21
-178.7743474212839
 31
0.0
  0
LINE
  5
7CF
330
650
100
AcDbEntity
  8
0
370
9
100
AcDbLine
 10
4.762226413658936
 20
-178.7743474212839
 30
0.0
 11
4.762226413658936
 21
-180.7743474212839
 31
0.0
  0
LINE
  5
7D0
330
650
100
AcDbEntity
  8
0
370
9
100
AcDbLine
 10
5.393198263365775
 20
-178.7743474212839
 30
0.0
 11
5.393198263365775
 21
-180.7743474212839
 31
0.0
  0
LINE
  5
7D1
330
650
100
AcDbEntity
  8
0
370
9
100
AcDbLine
 10
5.393198263365775
 20
-178.7743474212839
 30
0.0
 11
5.393198263365775
 21
-180.7743474212839
 31
0.0
  0
LWPOLYLINE
  5
7D2
330
650
100
AcDbEntity
  8
0
370
9
100
AcDbPolyline
 90
4
 70
1
 10
5.541138448650599
 20
-180.7743474212839
 10
5.741138448647689
 20
-180.7743474212839
 10
5.741138448647689
 20
-178.7743474212839
 10
5.541138448650599
 20
-178.7743474212839
  0
LINE
  5
7D3
330
650
100
AcDbEntity
  8
0
370
9
100
AcDbLine
 10
5.64113844865642
 20
-178.7743474212839
 30
0.0
 11
5.64113844865642
 21
-180.7743474212839
 31
0.0
  0
LINE
  5
7D4
330
650
100
AcDbEntity
  8
0
370
9
100
AcDbLine
 10
5.582908840879099
 20
-178.7743474212839
 30
0.0
 11
5.582908840879099
 21
-180.7743474212839
 31
0.0
  0
LINE
  5
7D5
330
650
100
AcDbEntity
  8
0
370
9
100
AcDbLine
 10
5.700271476904163
 20
-178.7743474212839
 30
0.0
 11
5.700271476904163
 21
-180.7743474212839
 31
0.0
  0
LINE
  5
7D6
330
650
100
AcDbEntity
  8
0
370
9
100
AcDbLine
 10
5.612675314565422
 20
-178.7743474212839
 30
0.0
 11
5.612675314565422
 21
-180.7743474212839
 31
0.0
  0
LINE
  5
7D7
330
650
100
AcDbEntity
  8
0
370
9
100
AcDbLine
 10
5.669856142762
 20
-178.7743474212839
 30
0.0
 11
5.669856142762
 21
-180.7743474212839
 31
0.0
  0
LINE
  5
7D8
330
650
100
AcDbEntity
  8
0
370
9
100
AcDbLine
 10
5.721602764591807
 20
-180.7743474212839
 30
0.0
 11
5.721602764591807
 21
-178.7743474212839
 31
0.0
  0
LINE
  5
7D9
330
650
100
AcDbEntity
  8
0
370
9
100
AcDbLine
 10
5.562226413661846
 20
-178.7743474212839
 30
0.0
 11
5.562226413661846
 21
-180.7743474212839
 31
0.0
  0
LINE
  5
7DA
330
650
100
AcDbEntity
  8
0
370
9
100
AcDbLine
 10
6.193198263368685
 20
-178.7743474212839
 30
0.0
 11
6.193198263368685
 21
-180.7743474212839
 31
0.0
  0
LINE
  5
7DB
330
650
100
AcDbEntity
  8
0
370
9
100
AcDbLine
 10
6.193198263368685
 20
-178.7743474212839
 30
0.0
 11
6.193198263368685
 21
-180.7743474212839
 31
0.0
  0
LWPOLYLINE
  5
7DC
330
650
100
AcDbEntity
  8
0
370
9
100
AcDbPolyline
 90
4
 70
1
 10
6.341138448653509
 20
-180.7743474212839
 10
6.541138448650599
 20
-180.7743474212839
 10
6.541138448650599
 20
-178.7743474212839
 10
6.341138448653509
 20
-178.7743474212839
  0
LINE
  5
7DD
330
650
100
AcDbEntity
  8
0
370
9
100
AcDbLine
 10
6.44113844865933
 20
-178.7743474212839
 30
0.0
 11
6.44113844865933
 21
-180.7743474212839
 31
0.0
  0
LINE
  5
7DE
330
650
100
AcDbEntity
  8
0
370
9
100
AcDbLine
 10
6.382908840882009
 20
-178.7743474212839
 30
0.0
 11
6.382908840882009
 21
-180.7743474212839
 31
0.0
  0
LINE
  5
7DF
330
650
100
AcDbEntity
  8
0
370
9
100
AcDbLine
 10
6.500271476907073
 20
-178.7743474212839
 30
0.0
 11
6.500271476907073
 21
-180.7743474212839
 31
0.0
  0
LINE
  5
7E0
330
650
100
AcDbEntity
  8
0
370
9
100
AcDbLine
 10
6.412675314568332
 20
-178.7743474212839
 30
0.0
 11
6.412675314568332
 21
-180.7743474212839
 31
0.0
  0
LINE
  5
7E1
330
650
100
AcDbEntity
  8
0
370
9
100
AcDbLine
 10
6.469856142764911
 20
-178.7743474212839
 30
0.0
 11
6.469856142764911
 21
-180.7743474212839
 31
0.0
  0
LINE
  5
7E2
330
650
100
AcDbEntity
  8
0
370
9
100
AcDbLine
 10
6.521602764594717
 20
-180.7743474212839
 30
0.0
 11
6.521602764594717
 21
-178.7743474212839
 31
0.0
  0
LINE
  5
7E3
330
650
100
AcDbEntity
  8
0
370
9
100
AcDbLine
 10
6.362226413664757
 20
-178.7743474212839
 30
0.0
 11
6.362226413664757
 21
-180.7743474212839
 31
0.0
  0
LINE
  5
7E4
330
650
100
AcDbEntity
  8
0
370
9
100
AcDbLine
 10
6.993198263371596
 20
-178.7743474212839
 30
0.0
 11
6.993198263371596
 21
-180.7743474212839
 31
0.0
  0
LINE
  5
7E5
330
650
100
AcDbEntity
  8
0
370
9
100
AcDbLine
 10
6.993198263371596
 20
-178.7743474212839
 30
0.0
 11
6.993198263371596
 21
-180.7743474212839
 31
0.0
  0
LWPOLYLINE
  5
7E6
330
650
100
AcDbEntity
  8
0
370
9
100
AcDbPolyline
 90
4
 70
1
 10
7.14113844865642
 20
-180.7743474212839
 10
7.341138448653509
 20
-180.7743474212839
 10
7.341138448653509
 20
-178.7743474212839
 10
7.14113844865642
 20
-178.7743474212839
  0
LINE
  5
7E7
330
650
100
AcDbEntity
  8
0
370
9
100
AcDbLine
 10
7.24113844866224
 20
-178.7743474212839
 30
0.0
 11
7.24113844866224
 21
-180.7743474212839
 31
0.0
  0
LINE
  5
7E8
330
650
100
AcDbEntity
  8
0
370
9
100
AcDbLine
 10
7.18290884088492
 20
-178.7743474212839
 30
0.0
 11
7.18290884088492
 21
-180.7743474212839
 31
0.0
  0
LINE
  5
7E9
330
650
100
AcDbEntity
  8
0
370
9
100
AcDbLine
 10
7.300271476909983
 20
-178.7743474212839
 30
0.0
 11
7.300271476909983
 21
-180.7743474212839
 31
0.0
  0
LINE
  5
7EA
330
650
100
AcDbEntity
  8
0
370
9
100
AcDbLine
 10
7.212675314571242
 20
-178.7743474212839
 30
0.0
 11
7.212675314571242
 21
-180.7743474212839
 31
0.0
  0
LINE
  5
7EB
330
650
100
AcDbEntity
  8
0
370
9
100
AcDbLine
 10
7.269856142767821
 20
-178.7743474212839
 30
0.0
 11
7.269856142767821
 21
-180.7743474212839
 31
0.0
  0
LINE
  5
7EC
330
650
100
AcDbEntity
  8
0
370
9
100
AcDbLine
 10
7.321602764597628
 20
-180.7743474212839
 30
0.0
 11
7.321602764597628
 21
-178.7743474212839
 31
0.0
  0
LINE
  5
7ED
330
650
100
AcDbEntity
  8
0
370
9
100
AcDbLine
 10
7.162226413667667
 20
-178.7743474212839
 30
0.0
 11
7.162226413667667
 21
-180.7743474212839
 31
0.0
  0
LINE
  5
7EE
330
650
100
AcDbEntity
  8
0
370
9
100
AcDbLine
 10
7.793198263374506
 20
-178.7743474212839
 30
0.0
 11
7.793198263374506
 21
-180.7743474212839
 31
0.0
  0
LINE
  5
7EF
330
650
100
AcDbEntity
  8
0
370
9
100
AcDbLine
 10
7.793198263374506
 20
-178.7743474212839
 30
0.0
 11
7.793198263374506
 21
-180.7743474212839
 31
0.0
  0
LWPOLYLINE
  5
7F0
330
650
100
AcDbEntity
  8
0
370
9
100
AcDbPolyline
 90
4
 70
1
 10
7.94113844865933
 20
-180.7743474212839
 10
8.14113844865642
 20
-180.7743474212839
 10
8.14113844865642
 20
-178.7743474212839
 10
7.94113844865933
 20
-178.7743474212839
  0
LINE
  5
7F1
330
650
100
AcDbEntity
  8
0
370
9
100
AcDbLine
 10
8.041138448665151
 20
-178.7743474212839
 30
0.0
 11
8.041138448665151
 21
-180.7743474212839
 31
0.0
  0
LINE
  5
7F2
330
650
100
AcDbEntity
  8
0
370
9
100
AcDbLine
 10
7.98290884088783
 20
-178.7743474212839
 30
0.0
 11
7.98290884088783
 21
-180.7743474212839
 31
0.0
  0
LINE
  5
7F3
330
650
100
AcDbEntity
  8
0
370
9
100
AcDbLine
 10
8.100271476912894
 20
-178.7743474212839
 30
0.0
 11
8.100271476912894
 21
-180.7743474212839
 31
0.0
  0
LINE
  5
7F4
330
650
100
AcDbEntity
  8
0
370
9
100
AcDbLine
 10
8.012675314574153
 20
-178.7743474212839
 30
0.0
 11
8.012675314574153
 21
-180.7743474212839
 31
0.0
  0
LINE
  5
7F5
330
650
100
AcDbEntity
  8
0
370
9
100
AcDbLine
 10
8.069856142770732
 20
-178.7743474212839
 30
0.0
 11
8.069856142770732
 21
-180.7743474212839
 31
0.0
  0
LINE
  5
7F6
330
650
100
AcDbEntity
  8
0
370
9
100
AcDbLine
 10
8.121602764600539
 20
-180.7743474212839
 30
0.0
 11
8.121602764600539
 21
-178.7743474212839
 31
0.0
  0
LINE
  5
7F7
330
650
100
AcDbEntity
  8
0
370
9
100
AcDbLine
 10
7.962226413670578
 20
-178.7743474212839
 30
0.0
 11
7.962226413670578
 21
-180.7743474212839
 31
0.0
  0
LINE
  5
7F8
330
650
100
AcDbEntity
  8
0
370
9
100
AcDbLine
 10
8.593198263362863
 20
-178.7743474212839
 30
0.0
 11
8.593198263362863
 21
-180.7743474212839
 31
0.0
  0
LINE
  5
7F9
330
650
100
AcDbEntity
  8
0
370
9
100
AcDbLine
 10
8.593198263362863
 20
-178.7743474212839
 30
0.0
 11
8.593198263362863
 21
-180.7743474212839
 31
0.0
  0
LWPOLYLINE
  5
7FA
330
650
100
AcDbEntity
  8
0
370
9
100
AcDbPolyline
 90
4
 70
1
 10
8.741138448647689
 20
-180.7743474212839
 10
8.941138448644779
 20
-180.7743474212839
 10
8.941138448644779
 20
-178.7743474212839
 10
8.741138448647689
 20
-178.7743474212839
  0
LINE
  5
7FB
330
650
100
AcDbEntity
  8
0
370
9
100
AcDbLine
 10
8.84113844865351
 20
-178.7743474212839
 30
0.0
 11
8.84113844865351
 21
-180.7743474212839
 31
0.0
  0
LINE
  5
7FC
330
650
100
AcDbEntity
  8
0
370
9
100
AcDbLine
 10
8.782908840876189
 20
-178.7743474212839
 30
0.0
 11
8.782908840876189
 21
-180.7743474212839
 31
0.0
  0
LINE
  5
7FD
330
650
100
AcDbEntity
  8
0
370
9
100
AcDbLine
 10
8.900271476901253
 20
-178.7743474212839
 30
0.0
 11
8.900271476901253
 21
-180.7743474212839
 31
0.0
  0
LINE
  5
7FE
330
650
100
AcDbEntity
  8
0
370
9
100
AcDbLine
 10
8.812675314562512
 20
-178.7743474212839
 30
0.0
 11
8.812675314562512
 21
-180.7743474212839
 31
0.0
  0
LINE
  5
7FF
330
650
100
AcDbEntity
  8
0
370
9
100
AcDbLine
 10
8.86985614275909
 20
-178.7743474212839
 30
0.0
 11
8.86985614275909
 21
-180.7743474212839
 31
0.0
  0
LINE
  5
800
330
650
100
AcDbEntity
  8
0
370
9
100
AcDbLine
 10
8.921602764588897
 20
-180.7743474212839
 30
0.0
 11
8.921602764588897
 21
-178.7743474212839
 31
0.0
  0
LINE
  5
801
330
650
100
AcDbEntity
  8
0
370
9
100
AcDbLine
 10
8.762226413658937
 20
-178.7743474212839
 30
0.0
 11
8.762226413658937
 21
-180.7743474212839
 31
0.0
  0
LINE
  5
802
330
650
100
AcDbEntity
  8
0
370
9
100
AcDbLine
 10
9.393198263365775
 20
-178.7743474212839
 30
0.0
 11
9.393198263365775
 21
-180.7743474212839
 31
0.0
  0
LINE
  5
803
330
650
100
AcDbEntity
  8
0
370
9
100
AcDbLine
 10
9.393198263365775
 20
-178.7743474212839
 30
0.0
 11
9.393198263365775
 21
-180.7743474212839
 31
0.0
  0
LWPOLYLINE
  5
804
330
650
100
AcDbEntity
  8
0
370
9
100
AcDbPolyline
 90
4
 70
1
 10
9.5411384486506
 20
-180.7743474212839
 10
9.741138448647689
 20
-180.7743474212839
 10
9.741138448647689
 20
-178.7743474212839
 10
9.5411384486506
 20
-178.7743474212839
  0
LINE
  5
805
330
650
100
AcDbEntity
  8
0
370
9
100
AcDbLine
 10
9.64113844865642
 20
-178.7743474212839
 30
0.0
 11
9.64113844865642
 21
-180.7743474212839
 31
0.0
  0
LINE
  5
806
330
650
100
AcDbEntity
  8
0
370
9
100
AcDbLine
 10
9.5829088408791
 20
-178.7743474212839
 30
0.0
 11
9.5829088408791
 21
-180.7743474212839
 31
0.0
  0
LINE
  5
807
330
650
100
AcDbEntity
  8
0
370
9
100
AcDbLine
 10
9.700271476904163
 20
-178.7743474212839
 30
0.0
 11
9.700271476904163
 21
-180.7743474212839
 31
0.0
  0
LINE
  5
808
330
650
100
AcDbEntity
  8
0
370
9
100
AcDbLine
 10
9.612675314565422
 20
-178.7743474212839
 30
0.0
 11
9.612675314565422
 21
-180.7743474212839
 31
0.0
  0
LINE
  5
809
330
650
100
AcDbEntity
  8
0
370
9
100
AcDbLine
 10
9.669856142762
 20
-178.7743474212839
 30
0.0
 11
9.669856142762
 21
-180.7743474212839
 31
0.0
  0
LINE
  5
80A
330
650
100
AcDbEntity
  8
0
370
9
100
AcDbLine
 10
9.721602764591807
 20
-180.7743474212839
 30
0.0
 11
9.721602764591807
 21
-178.7743474212839
 31
0.0
  0
LINE
  5
80B
330
650
100
AcDbEntity
  8
0
370
9
100
AcDbLine
 10
9.562226413661845
 20
-178.7743474212839
 30
0.0
 11
9.562226413661845
 21
-180.7743474212839
 31
0.0
  0
MTEXT
  5
80C
330
650
100
AcDbEntity
  8
0
100
AcDbMText
 10
-18.71076404319319
 20
-171.7962490778882
 30
0.0
 40
1.799999999999999
 41
72.26130461352147
 46
17.49999999974773
 71
5
 72
5
  1
S1-S2: 2500/5A
  7
THIÊN1
  0
MTEXT
  5
80D
330
650
100
AcDbEntity
  8
0
100
AcDbMText
 10
-18.71076404319319
 20
-175.69867338935
 30
0.0
 40
1.799999999999999
 41
72.26130461352147
 46
17.49999999974773
 71
5
 72
5
  1
S: 5A
  7
THIÊN1
  0
MTEXT
  5
80E
330
650
100
AcDbEntity
  8
0
100
AcDbMText
 10
-2.561357117258012
 20
-175.69867338935
 30
0.0
 40
1.799999999999999
 41
72.26130461352147
 46
17.49999999974773
 71
5
 72
5
  1
Cấp 0,5
  7
THIÊN1
  0
MTEXT
  5
80F
330
650
100
AcDbEntity
  8
0
100
AcDbMText
 10
-2.561357117258012
 20
-171.6603144205874
 30
0.0
 40
1.799999999999999
 41
72.26130461352147
 46
17.49999999974773
 71
5
 72
5
  1
600V
  7
THIÊN1
  0
MTEXT
  5
810
330
650
100
AcDbEntity
  8
0
100
AcDbMText
 10
9.721549676149152
 20
-171.6603144205874
 30
0.0
 40
1.799999999999999
 41
72.26130461352147
 46
17.49999999974773
 71
5
 72
5
  1
50Hz
  7
THIÊN1
  0
MTEXT
  5
811
330
650
100
AcDbEntity
  8
0
100
AcDbMText
 10
9.721549676149152
 20
-175.69867338935
 30
0.0
 40
1.799999999999999
 41
72.26130461352147
 46
17.49999999974773
 71
5
 72
5
  1
2021
  7
THIÊN1
  0
LWPOLYLINE
  5
812
330
650
100
AcDbEntity
  8
0
100
AcDbPolyline
 90
4
 70
0
 10
29.48854253221361
 20
-182.7835861852727
 10
31.08854253221944
 20
-182.7835861852727
 10
31.08854253221944
 20
-182.9435861852762
 10
29.32854253222468
 20
-182.9435861852762
  0
LWPOLYLINE
  5
813
330
650
100
AcDbEntity
  8
0
100
AcDbPolyline
 90
4
 70
0
 10
24.04854253221129
 20
-182.9435861852762
 10
22.28854253221653
 20
-182.9435861852762
 10
22.28854253221653
 20
-182.7835861852727
 10
23.88854253222234
 20
-182.7835861852727
  0
LINE
  5
814
330
650
100
AcDbEntity
  8
0
100
AcDbLine
 10
29.48854253221361
 20
-182.7835861852727
 30
0.0
 11
29.48854253221361
 21
-182.3835861852712
 31
0.0
  0
LINE
  5
815
330
650
100
AcDbEntity
  8
0
100
AcDbLine
 10
29.32854253222468
 20
-182.9435861852762
 30
0.0
 11
29.32854253222468
 21
-182.5435861852747
 31
0.0
  0
LINE
  5
816
330
650
100
AcDbEntity
  8
0
100
AcDbLine
 10
23.88854253222234
 20
-182.7835861852727
 30
0.0
 11
23.88854253222234
 21
-182.3835861852712
 31
0.0
  0
LINE
  5
817
330
650
100
AcDbEntity
  8
0
100
AcDbLine
 10
24.04854253221129
 20
-182.9435861852762
 30
0.0
 11
24.04854253221129
 21
-182.5435861852747
 31
0.0
  0
LINE
  5
818
330
650
100
AcDbEntity
  8
0
100
AcDbLine
 10
24.04854253221129
 20
-182.5435861852747
 30
0.0
 11
29.32854253222468
 21
-182.5435861852747
 31
0.0
  0
CIRCLE
  5
819
330
650
100
AcDbEntity
  8
0
100
AcDbCircle
 10
26.6885425322107
 20
-178.463586185273
 30
0.0
 40
1.52
  0
ARC
  5
81A
330
650
100
AcDbEntity
  8
0
100
AcDbCircle
 10
26.6885425322107
 20
-178.463586185273
 30
0.0
 40
3.52
100
AcDbArc
 50
348.5926148324158
 51
191.4073851675841
  0
LINE
  5
81B
330
650
100
AcDbEntity
  8
0
100
AcDbLine
 10
29.48854253221361
 20
-182.3835861852712
 30
0.0
 11
30.13900735868083
 21
-179.1597847786179
 31
0.0
  0
LINE
  5
81C
330
650
100
AcDbEntity
  8
0
100
AcDbLine
 10
23.88854253222234
 20
-182.3835861852712
 30
0.0
 11
23.23807770575513
 21
-179.1597847786179
 31
0.0
  0
MTEXT
  5
81D
330
650
100
AcDbEntity
  8
0
100
AcDbMText
 10
26.6424036292301
 20
-176.0704093212407
 30
0.0
 40
0.4800000000000001
 41
19.2696812302724
 46
17.49999999974773
 71
5
 72
5
  1
P1
  7
THIÊN1
  0
LINE
  5
81E
330
650
100
AcDbEntity
  8
0
100
AcDbLine
 10
23.88854253222234
 20
-182.3835861852712
 30
0.0
 11
29.48854253221361
 21
-182.3835861852712
 31
0.0
  0
LINE
  5
81F
330
650
100
AcDbEntity
  8
0
100
AcDbLine
 10
23.27521818492096
 20
-174.6695047231114
 30
0.0
 11
24.37675167592534
 21
-175.8091515869455
 31
0.0
  0
LINE
  5
820
330
650
100
AcDbEntity
  8
0
100
AcDbLine
 10
25.7710678614676
 20
-177.2517115100199
 30
0.0
 11
30.44610622065375
 21
-182.0885075292317
 31
0.0
  0
LINE
  5
821
330
650
100
AcDbEntity
  8
0
100
AcDbLine
 10
23.05485413598944
 20
-174.4415160152566
 30
0.0
 11
23.43281535498682
 21
-174.494649046901
 31
0.0
  0
LINE
  5
822
330
650
100
AcDbEntity
  8
0
100
AcDbLine
 10
23.43281535498682
 20
-174.494649046901
 30
0.0
 11
23.27521818492096
 21
-174.6695047230969
 31
0.0
  0
LINE
  5
823
330
650
100
AcDbEntity
  8
0
100
AcDbLine
 10
23.05485413598944
 20
-174.4415160152493
 30
0.0
 11
23.09510499118187
 21
-174.8210653147762
 31
0.0
  0
LINE
  5
824
330
650
100
AcDbEntity
  8
0
100
AcDbLine
 10
23.09510499118187
 20
-174.8210653147762
 30
0.0
 11
23.27521818492096
 21
-174.6695047230896
 31
0.0
  0
CIRCLE
  5
825
330
650
100
AcDbEntity
  8
0
100
AcDbCircle
 10
30.55730322543241
 20
-182.2035519820783
 30
0.0
 40
0.16
  0
MTEXT
  5
826
330
650
100
AcDbEntity
  8
0
100
AcDbMText
 10
26.56704341075965
 20
-185.4494162191477
 30
0.0
 40
1.199999999999999
 41
72.26130461352147
 46
17.49999999974773
 71
5
 72
5
  1
\pi-3.6,l3.6,t3.6;W =1
  7
THIÊN1
  0
MTEXT
  5
827
330
650
100
AcDbEntity
  8
0
100
AcDbMText
 10
26.30952691494895
 20
-185.9620353363061
 30
0.0
 40
0.36
 41
21.67839138405645
 46
17.49999999974773
 71
5
 72
5
  1
1
  7
THIÊN1
  0
MTEXT
  5
828
330
650
100
AcDbEntity
  8
0
100
AcDbMText
 10
-7.328534930027672
 20
-182.9108063408057
 30
0.0
 40
1.799999999999999
 41
72.26130461352147
 46
17.49999999974773
 71
5
 72
5
  1
Số: 2122126868
  7
THIÊN1
  0
MTEXT
  5
829
330
650
100
AcDbEntity
  8
0
 62
1
100
AcDbMText
 10
0.5469651506573427
 20
-13.22107016348309
 30
0.0
 40
3.0
 41
120.4355076892025
 46
17.49999999974773
 71
5
 72
5
  1
1500~2500A\PEMIC
  7
THIÊN1
  0
MTEXT
  5
82A
330
650
100
AcDbEntity
  8
0
 62
1
100
AcDbMText
 10
73.91037363813666
 20
-90.47039338628383
 30
0.0
 40
6.0
 41
240.871015378405
 46
17.49999999974773
 71
5
 72
5
  1
P1
  7
THIÊN1
  0
LWPOLYLINE
  5
82B
330
650
100
AcDbEntity
  8
0
 62
1
370
9
 60
1
100
AcDbPolyline
 90
8
 70
1
 10
-89.0
 20
18.5
 10
89.0
 20
18.5
 42
-0.4142135623730951
 10
90.0
 20
17.5
 10
89.9999999999709
 20
-20.5
 42
-0.4142135623729858
 10
88.9999999999709
 20
-21.5
 10
-89.0000000000291
 20
-21.5
 42
-0.4142135623732043
 10
-90.0000000000291
 20
-20.5
 10
-90.0
 20
17.5
 42
-0.4142135623730951
  0
LINE
  5
82C
330
650
100
AcDbEntity
  8
0
 62
1
370
9
 60
1
100
AcDbLine
 10
-55.00000000001455
 20
18.5
 30
0.0
 11
-55.00000000001455
 21
-21.5
 31
0.0
  0
LINE
  5
82D
330
650
100
AcDbEntity
  8
0
 62
1
370
9
 60
1
100
AcDbLine
 10
54.99999999998545
 20
18.5
 30
0.0
 11
54.99999999998545
 21
-21.5
 31
0.0
  0
LINE
  5
82E
330
650
100
AcDbEntity
  8
0
 62
8
370
9
 60
1
100
AcDbLine
 10
-71.33850911055924
 20
-1.5
 30
0.0
 11
-59.36907827564573
 21
-1.5
 31
0.0
  0
LINE
  5
82F
330
650
100
AcDbEntity
  8
0
 62
8
370
9
 60
1
100
AcDbLine
 10
-65.00058375780645
 20
6.026587002437736
 30
0.0
 11
-65.00058375780645
 21
-9.026587002437736
 31
0.0
  0
CIRCLE
  5
830
330
650
100
AcDbEntity
  8
0
 62
8
370
9
 60
1
100
AcDbCircle
 10
-65.00058375780645
 20
-1.5
 30
0.0
 40
4.0
  0
LINE
  5
831
330
650
100
AcDbEntity
  8
0
 62
8
370
9
 60
1
100
AcDbLine
 10
71.33850911053014
 20
-1.5
 30
0.0
 11
59.36907827561663
 21
-1.5
 31
0.0
  0
LINE
  5
832
330
650
100
AcDbEntity
  8
0
 62
8
370
9
 60
1
100
AcDbLine
 10
65.00058375777735
 20
6.026587002437736
 30
0.0
 11
65.00058375777735
 21
-9.026587002437736
 31
0.0
  0
CIRCLE
  5
833
330
650
100
AcDbEntity
  8
0
 62
8
370
9
 60
1
100
AcDbCircle
 10
65.00058375777735
 20
-1.5
 30
0.0
 40
4.0
  0
LWPOLYLINE
  5
834
330
650
100
AcDbEntity
  8
0
370
9
 60
1
100
AcDbPolyline
 90
8
 70
1
 10
-29.00000000001455
 20
14.5
 10
28.99999999998545
 20
14.5
 42
-0.4142135623730951
 10
29.99999999998545
 20
13.5
 10
29.99999999998545
 20
-16.5
 42
-0.4142135623730951
 10
28.99999999998545
 20
-17.5
 10
-29.00000000001455
 20
-17.5
 42
-0.4142135623730951
 10
-30.00000000001455
 20
-16.5
 10
-30.00000000001455
 20
13.5
 42
-0.4142135623730951
  0
LINE
  5
835
330
650
100
AcDbEntity
  8
0
370
9
 60
1
100
AcDbLine
 10
10.49999999998544
 20
14.5
 30
0.0
 11
10.49999999998544
 21
-17.5
 31
0.0
  0
LINE
  5
836
330
650
100
AcDbEntity
  8
0
370
9
 60
1
100
AcDbLine
 10
-10.50000000001455
 20
14.5
 30
0.0
 11
-10.50000000001455
 21
-17.5
 31
0.0
  0
CIRCLE
  5
837
330
650
100
AcDbEntity
  8
0
370
9
 60
1
100
AcDbCircle
 10
-1.45519e-11
 20
-1.5
 30
0.0
 40
2.5
  0
LINE
  5
838
330
650
100
AcDbEntity
  8
0
370
9
 60
1
100
AcDbLine
 10
-0.500000000014552
 20
0.9494897427866817
 30
0.0
 11
-0.5000000000291039
 21
-3.949489742779405
 31
0.0
  0
LINE
  5
839
330
650
100
AcDbEntity
  8
0
370
9
 60
1
100
AcDbLine
 10
0.4999999999854481
 20
0.9494897427866817
 30
0.0
 11
0.4999999999854481
 21
-3.949489742786681
 31
0.0
  0
MTEXT
  5
83A
330
650
100
AcDbEntity
  8
0
 62
1
370
9
 60
1
100
AcDbMText
 10
0.0286221726564691
 20
-2.257661339834157
 30
0.0
 40
2.564999999999999
 41
102.9723590742681
 46
17.49999999974773
 71
5
 72
5
  1
1500~2500A\P\P\P\PEMIC
  7
THIÊN1
  0
LINE
  5
83B
330
650
100
AcDbEntity
  8
0
370
9
 60
1
100
AcDbLine
 10
-10.50000000001455
 20
3.724458726901502
 30
0.0
 11
10.49999999998544
 21
3.724458726901502
 31
0.0
  0
LINE
  5
83C
330
650
100
AcDbEntity
  8
0
370
9
 60
1
100
AcDbLine
 10
-10.50000000001455
 20
-6.724458726908778
 30
0.0
 11
10.49999999998544
 21
-6.724458726908778
 31
0.0
  0
LWPOLYLINE
  5
83D
330
650
100
AcDbEntity
  8
0
 62
8
370
9
 60
1
100
AcDbPolyline
 90
4
 70
1
 10
45.98806977194908
 20
-21.49999999998545
 10
45.98806977194908
 20
-26.49999999998545
 10
41.98806977194908
 20
-26.49999999998545
 10
41.98806977194908
 20
-21.49999999998545
  0
LWPOLYLINE
  5
83E
330
650
100
AcDbEntity
  8
0
 62
1
370
9
 60
1
100
AcDbPolyline
 90
6
 70
0
 10
97.5
 20
-17.50000000000001
 10
97.5
 20
-21.50000000000002
 10
-97.5
 20
-21.49999999999997
 10
-97.5
 20
18.50000000000003
 10
97.5
 20
18.49999999999998
 10
97.5
 20
14.49999999999998
  0
LINE
  5
83F
330
650
100
AcDbEntity
  8
0
 62
54
 60
1
100
AcDbLine
 10
-95.5
 20
18.50000000000003
 30
0.0
 11
-95.5
 21
-21.49999999999997
 31
0.0
  0
LINE
  5
840
330
650
100
AcDbEntity
  8
0
 62
54
 60
1
100
AcDbLine
 10
-90.5
 20
18.50000000000003
 30
0.0
 11
-90.5
 21
-21.49999999999997
 31
0.0
  0
LINE
  5
841
330
650
100
AcDbEntity
  8
0
 62
1
370
9
 60
1
100
AcDbLine
 10
-67.33314773548773
 20
18.50000000000003
 30
0.0
 11
-67.33314773548773
 21
-21.49999999999997
 31
0.0
  0
LINE
  5
842
330
650
100
AcDbEntity
  8
0
 62
1
370
9
 60
1
100
AcDbLine
 10
-47.5
 20
18.50000000000001
 30
0.0
 11
-47.5
 21
-21.49999999999999
 31
0.0
  0
LINE
  5
843
330
650
100
AcDbEntity
  8
0
 62
1
370
9
 60
1
100
AcDbLine
 10
62.5
 20
18.5
 30
0.0
 11
62.5
 21
-21.5
 31
0.0
  0
LWPOLYLINE
  5
844
330
650
100
AcDbEntity
  8
0
 62
8
370
9
 60
1
100
AcDbPolyline
 90
4
 70
1
 10
-71.71557438012678
 20
-21.49999999999997
 10
-71.71557438012678
 20
-26.49999999999997
 10
-75.71557438012678
 20
-26.49999999999997
 10
-75.71557438012678
 20
-21.49999999999997
  0
LWPOLYLINE
  5
845
330
650
100
AcDbEntity
  8
0
 62
1
 60
1
100
AcDbPolyline
 90
4
 70
0
 10
112.1658728115289
 20
-17.50000000000001
 10
92.35281374238548
 20
-17.5
 10
92.35281374238548
 20
14.5
 10
112.1658728115289
 20
14.49999999999998
  0
LINE
  5
846
330
650
100
AcDbEntity
  8
0
370
9
 60
1
100
AcDbLine
 10
105.500012947974
 20
-17.50000000000001
 30
0.0
 11
105.500012947974
 21
14.49999999999998
 31
0.0
  0
LWPOLYLINE
  5
847
330
650
100
AcDbEntity
  8
0
370
9
 60
1
100
AcDbPolyline
 90
6
 70
1
 10
105.5000129480177
 20
2.999999999999985
 10
105.5000129480177
 20
-6.000000000000014
 10
110.0000129480177
 20
-6.000000000000014
 42
0.4142135623730951
 10
114.5000129480177
 20
-1.500000000000014
 10
114.5000129480177
 20
-1.500000000000014
 42
0.4142135623730951
 10
110.0000129480177
 20
2.999999999999985
  0
LINE
  5
848
330
650
100
AcDbEntity
  8
0
370
9
 60
1
100
AcDbLine
 10
105.500012947974
 20
14.49999999999998
 30
0.0
 11
116.5
 21
14.49999999999998
 31
0.0
  0
ARC
  5
849
330
650
100
AcDbEntity
  8
0
370
9
 60
1
100
AcDbCircle
 10
116.5
 20
13.49999999999998
 30
0.0
 40
1.0
100
AcDbArc
 50
0.0
 51
90.0
  0
LINE
  5
84A
330
650
100
AcDbEntity
  8
0
370
9
 60
1
100
AcDbLine
 10
116.5
 20
-17.50000000000001
 30
0.0
 11
105.500012947974
 21
-17.50000000000001
 31
0.0
  0
ARC
  5
84B
330
650
100
AcDbEntity
  8
0
370
9
 60
1
100
AcDbCircle
 10
116.5
 20
-16.50000000000001
 30
0.0
 40
1.0
100
AcDbArc
 50
270.0
 51
0.0
  0
LINE
  5
84C
330
650
100
AcDbEntity
  8
0
370
9
 60
1
100
AcDbLine
 10
117.5
 20
13.49999999999998
 30
0.0
 11
117.5
 21
-16.50000000000001
 31
0.0
  0
MTEXT
  5
84D
330
650
100
AcDbEntity
  8
0
 62
1
 60
1
100
AcDbMText
 10
98.85987914979341
 20
-1.577701040281695
 30
0.0
 40
3.0
 41
120.4355076892025
 46
17.49999999974773
 71
5
 72
5
  1
1500~2500A\PEMIC
  7
THIÊN1
 11
-2e-16
 21
-1.0
 31
0.0
  0
LINE
  5
84E
330
650
100
AcDbEntity
  8
0
 62
1
370
9
 60
1
100
AcDbLine
 10
-95.5
 20
18.50000000000003
 30
0.0
 11
-95.5
 21
-21.49999999999997
 31
0.0
  0
LINE
  5
84F
330
650
100
AcDbEntity
  8
0
 62
1
370
9
 60
1
100
AcDbLine
 10
-90.5
 20
18.50000000000003
 30
0.0
 11
-90.5
 21
-21.49999999999997
 31
0.0
  0
LINE
  5
850
330
650
100
AcDbEntity
  8
0
 62
85
 60
1
100
AcDbLine
 10
-95.4999817061107
 20
18.50000000000003
 30
0.0
 11
-95.4999817061107
 21
-21.49999999999997
 31
0.0
  0
LINE
  5
851
330
650
100
AcDbEntity
  8
0
 62
85
 60
1
100
AcDbLine
 10
-90.4999817061107
 20
18.50000000000003
 30
0.0
 11
-90.4999817061107
 21
-21.49999999999997
 31
0.0
  0
LINE
  5
852
330
650
100
AcDbEntity
  8
0
 62
54
 60
1
100
AcDbLine
 10
-95.5
 20
18.50000000000003
 30
0.0
 11
-95.5
 21
-21.49999999999997
 31
0.0
  0
LWPOLYLINE
  5
853
330
650
100
AcDbEntity
  8
0
 62
54
 60
1
100
AcDbPolyline
 90
4
 70
1
 10
-90.5
 20
18.50000000000003
 10
-90.5
 20
-21.49999999999997
 10
-97.5
 20
-21.49999999999997
 10
-97.5
 20
18.50000000000003
  0
ENDBLK
  5
652
330
650
100
AcDbEntity
  8
0
100
AcDbBlockEnd
  0
BLOCK
  5
855
330
854
100
AcDbEntity
  8
0
100
AcDbBlockBegin
  2
*U412
 70
1
 10
0.0
 20
0.0
 30
0.0
  3
*U412
  1

  0
LINE
  5
857
330
854
100
AcDbEntity
  8
0
 62
54
100
AcDbLine
 10
84.99941624220808
 20
-210.6619012136651
 30
0.0
 11
84.99941624220808
 21
-223.1989646280271
 31
0.0
  0
LINE
  5
858
330
854
100
AcDbEntity
  8
0
 62
54
100
AcDbLine
 10
-85.0005837577919
 20
-210.6619012136651
 30
0.0
 11
-85.0005837577919
 21
-223.1989646280271
 31
0.0
  0
LWPOLYLINE
  5
859
330
854
100
AcDbEntity
  8
0
 62
54
100
AcDbPolyline
 90
4
 70
0
 10
70.0
 20
-216.4999999999999
 10
95.0
 20
-216.4999999999999
 10
95.0
 20
-218.4999999999999
 10
68.0
 20
-218.4999999999999
  0
LWPOLYLINE
  5
85A
330
854
100
AcDbEntity
  8
0
 62
54
100
AcDbPolyline
 90
4
 70
0
 10
-68.0
 20
-218.4999999999999
 10
-95.0
 20
-218.4999999999999
 10
-95.0
 20
-216.4999999999999
 10
-70.0
 20
-216.4999999999999
  0
LINE
  5
85B
330
854
100
AcDbEntity
  8
0
 62
54
100
AcDbLine
 10
70.0
 20
-216.4999999999999
 30
0.0
 11
70.0
 21
-211.4999999999999
 31
0.0
  0
LINE
  5
85C
330
854
100
AcDbEntity
  8
0
 62
54
100
AcDbLine
 10
68.0
 20
-218.4999999999999
 30
0.0
 11
68.0
 21
-213.4999999999926
 31
0.0
  0
LINE
  5
85D
330
854
100
AcDbEntity
  8
0
 62
54
100
AcDbLine
 10
-70.0
 20
-216.4999999999999
 30
0.0
 11
-70.0
 21
-211.4999999999999
 31
0.0
  0
LINE
  5
85E
330
854
100
AcDbEntity
  8
0
 62
54
100
AcDbLine
 10
-68.0
 20
-218.4999999999999
 30
0.0
 11
-68.0
 21
-213.4999999999926
 31
0.0
  0
LINE
  5
85F
330
854
100
AcDbEntity
  8
0
 62
54
100
AcDbLine
 10
-70.0
 20
-211.4999999999999
 30
0.0
 11
70.0
 21
-211.4999999999999
 31
0.0
  0
LINE
  5
860
330
854
100
AcDbEntity
  8
0
 62
54
100
AcDbLine
 10
-68.0
 20
-213.4999999999926
 30
0.0
 11
68.0
 21
-213.4999999999999
 31
0.0
  0
LINE
  5
861
330
854
100
AcDbEntity
  8
0
 62
1
370
9
100
AcDbLine
 10
-30.00000000002911
 20
-4.488521080442296
 30
0.0
 11
-30.00000000001455
 21
11.5
 31
0.0
  0
LINE
  5
862
330
854
100
AcDbEntity
  8
0
370
9
100
AcDbLine
 10
-29.0
 20
23.5
 30
0.0
 11
-10.5
 21
23.5
 31
0.0
  0
LINE
  5
863
330
854
100
AcDbEntity
  8
0
370
9
100
AcDbLine
 10
10.5
 20
23.5
 30
0.0
 11
29.0
 21
23.5
 31
0.0
  0
LINE
  5
864
330
854
100
AcDbEntity
  8
0
370
9
100
AcDbLine
 10
-9.00000000001455
 20
18.49999999999272
 30
0.0
 11
9.0
 21
18.5
 31
0.0
  0
LINE
  5
865
330
854
100
AcDbEntity
  8
0
370
9
100
AcDbLine
 10
-10.05000000000291
 20
21.99999999999272
 30
0.0
 11
10.05000000000291
 21
22.00000000000728
 31
0.0
  0
LINE
  5
866
330
854
100
AcDbEntity
  8
0
 62
1
370
9
100
AcDbLine
 10
30.0
 20
11.5
 30
0.0
 11
29.99999999998545
 21
-4.488521080427744
 31
0.0
  0
LINE
  5
867
330
854
100
AcDbEntity
  8
0
370
9
100
AcDbLine
 10
-30.0
 20
11.5
 30
0.0
 11
30.0
 21
11.5
 31
0.0
  0
LINE
  5
868
330
854
100
AcDbEntity
  8
0
370
9
100
AcDbLine
 10
9.0
 20
18.5
 30
0.0
 11
10.5
 21
23.5
 31
0.0
  0
LINE
  5
869
330
854
100
AcDbEntity
  8
0
370
9
100
AcDbLine
 10
-9.0
 20
18.5
 30
0.0
 11
-10.5
 21
23.5
 31
0.0
  0
CIRCLE
  5
86A
330
854
100
AcDbEntity
  8
0
 62
1
370
9
100
AcDbCircle
 10
0.0
 20
-102.4999999999999
 30
0.0
 40
62.5
  0
ARC
  5
86B
330
854
100
AcDbEntity
  8
0
 62
1
370
9
100
AcDbCircle
 10
0.0
 20
-102.4999999999999
 30
0.0
 40
102.5
100
AcDbArc
 50
313.0727813464381
 51
226.9272186535618
  0
LINE
  5
86C
330
854
100
AcDbEntity
  8
0
 62
1
370
9
100
AcDbLine
 10
70.0
 20
-211.4999999999999
 30
0.0
 11
70.00000000001455
 21
-177.3748956593552
 31
0.0
  0
LINE
  5
86D
330
854
100
AcDbEntity
  8
0
 62
1
370
9
100
AcDbLine
 10
-70.0
 20
-211.4999999999999
 30
0.0
 11
-70.0
 21
-177.3748956593625
 31
0.0
  0
LINE
  5
86E
330
854
100
AcDbEntity
  8
0
 62
54
100
AcDbLine
 10
-35.0
 20
-211.4999939780754
 30
0.0
 11
35.0
 21
-211.4999939780754
 31
0.0
  0
LINE
  5
86F
330
854
100
AcDbEntity
  8
0
 62
54
100
AcDbLine
 10
-35.0
 20
-211.4999939780754
 30
0.0
 11
35.0
 21
-211.4999939780754
 31
0.0
  0
MTEXT
  5
870
330
854
100
AcDbEntity
  8
0
100
AcDbMText
 10
-21.47661286914081
 20
-189.9314039605595
 30
0.0
 40
3.0
 41
120.4355076892025
 46
17.49999999974773
 71
5
 72
5
  1
GELEC {\H0.6667x;EMIC}
  7
THIÊN1
  0
CIRCLE
  5
871
330
854
100
AcDbEntity
  8
0
100
AcDbCircle
 10
28.98806977196364
 20
-194.7524992676479
 30
0.0
 40
2.0
  0
LINE
  5
872
330
854
100
AcDbEntity
  8
0
100
AcDbLine
 10
30.98806977196364
 20
-194.7524992676479
 30
0.0
 11
26.98806977196364
 21
-194.7524992676479
 31
0.0
  0
LWPOLYLINE
  5
873
330
854
100
AcDbEntity
  8
0
 62
251
370
9
100
AcDbPolyline
 90
4
 70
1
 10
-35.0
 20
-211.4999939780754
 10
35.0
 20
-211.4999939780754
 10
35.0
 20
-186.4999939780754
 10
-35.0
 20
-186.4999939780754
  0
LWPOLYLINE
  5
874
330
854
100
AcDbEntity
  8
0
 62
251
370
9
100
AcDbPolyline
 90
8
 70
1
 10
-33.5
 20
-210.9999939780754
 10
33.5
 20
-210.9999939780754
 42
0.4142135623732804
 10
34.5
 20
-209.9999939780754
 10
34.49999999998545
 20
-187.9999939780754
 42
0.4142135623730951
 10
33.49999999998545
 20
-186.9999939780754
 10
-33.50000000001455
 20
-186.9999939780754
 42
0.4142135623730951
 10
-34.50000000001455
 20
-187.9999939780754
 10
-34.5
 20
-209.9999939780754
 42
0.4142135623729098
  0
MTEXT
  5
875
330
854
100
AcDbEntity
  8
0
100
AcDbMText
 10
20.47270263094106
 20
-190.677294685447
 30
0.0
 40
1.199999999999999
 41
72.26130461352147
 46
17.49999999974773
 71
5
 72
5
  1
BIẾN DÒNG HẠ THẾ -CT0.6
  7
THIÊN1
  0
LWPOLYLINE
  5
876
330
854
100
AcDbEntity
  8
0
 62
251
370
9
100
AcDbPolyline
 90
4
 70
1
 10
-28.23579229961615
 20
-208.2209802676515
 10
15.83241464944149
 20
-208.2209802676515
 10
15.83241464944149
 20
-193.4230730232155
 10
-28.23579229961615
 20
-193.4230730232155
  0
MTEXT
  5
877
330
854
100
AcDbEntity
  8
0
100
AcDbMText
 10
-5.191938813790329
 20
-209.6475186497627
 30
0.0
 40
0.9
 41
54.19597846014112
 46
17.49999999974773
 71
5
 72
5
  1
Sản xuất tại Công ty cổ phần Thiết bị điện GELEX
  7
THIÊN1
  0
LINE
  5
878
330
854
100
AcDbEntity
  8
0
 62
251
370
9
100
AcDbLine
 10
-28.23579229961615
 20
-200.8220266454372
 30
0.0
 11
15.83241464944149
 21
-200.8220266454372
 31
0.0
  0
LINE
  5
879
330
854
100
AcDbEntity
  8
0
 62
251
370
9
100
AcDbLine
 10
-28.23579229961615
 20
-197.4614319919782
 30
0.0
 11
15.83241464944149
 21
-197.4614319919782
 31
0.0
  0
LINE
  5
87A
330
854
100
AcDbEntity
  8
0
 62
251
370
9
100
AcDbLine
 10
-8.134662946264143
 20
-193.4230730232155
 30
0.0
 11
-8.134662946264143
 21
-200.8220266454372
 31
0.0
  0
LINE
  5
87B
330
854
100
AcDbEntity
  8
0
 62
251
370
9
100
AcDbLine
 10
3.848875851588672
 20
-193.4230730232155
 30
0.0
 11
3.848875851588672
 21
-200.8220266454372
 31
0.0
  0
LINE
  5
87C
330
854
100
AcDbEntity
  8
0
370
9
100
AcDbLine
 10
-21.80680173663132
 20
-202.2743413993593
 30
0.0
 11
-21.80680173663132
 21
-204.2743413993593
 31
0.0
  0
LINE
  5
87D
330
854
100
AcDbEntity
  8
0
370
9
100
AcDbLine
 10
-21.80680173663132
 20
-202.2743413993593
 30
0.0
 11
-21.80680173663132
 21
-204.2743413993593
 31
0.0
  0
LWPOLYLINE
  5
87E
330
854
100
AcDbEntity
  8
0
370
9
100
AcDbPolyline
 90
4
 70
1
 10
-21.65886155134649
 20
-204.2743413993593
 10
-21.4588615513494
 20
-204.2743413993593
 10
-21.4588615513494
 20
-202.2743413993593
 10
-21.65886155134649
 20
-202.2743413993593
  0
LINE
  5
87F
330
854
100
AcDbEntity
  8
0
370
9
100
AcDbLine
 10
-21.55886155134067
 20
-202.2743413993593
 30
0.0
 11
-21.55886155134067
 21
-204.2743413993593
 31
0.0
  0
LINE
  5
880
330
854
100
AcDbEntity
  8
0
370
9
100
AcDbLine
 10
-21.61709115911799
 20
-202.2743413993593
 30
0.0
 11
-21.61709115911799
 21
-204.2743413993593
 31
0.0
  0
LINE
  5
881
330
854
100
AcDbEntity
  8
0
370
9
100
AcDbLine
 10
-21.49972852309293
 20
-202.2743413993593
 30
0.0
 11
-21.49972852309293
 21
-204.2743413993593
 31
0.0
  0
LINE
  5
882
330
854
100
AcDbEntity
  8
0
370
9
100
AcDbLine
 10
-21.58732468543167
 20
-202.2743413993593
 30
0.0
 11
-21.58732468543167
 21
-204.2743413993593
 31
0.0
  0
LINE
  5
883
330
854
100
AcDbEntity
  8
0
370
9
100
AcDbLine
 10
-21.53014385723509
 20
-202.2743413993593
 30
0.0
 11
-21.53014385723509
 21
-204.2743413993593
 31
0.0
  0
LINE
  5
884
330
854
100
AcDbEntity
  8
0
370
9
100
AcDbLine
 10
-21.47839723540528
 20
-204.2743413993593
 30
0.0
 11
-21.47839723540528
 21
-202.2743413993593
 31
0.0
  0
LINE
  5
885
330
854
100
AcDbEntity
  8
0
370
9
100
AcDbLine
 10
-21.63777358633524
 20
-202.2743413993593
 30
0.0
 11
-21.63777358633524
 21
-204.2743413993593
 31
0.0
  0
LINE
  5
886
330
854
100
AcDbEntity
  8
0
370
9
100
AcDbLine
 10
-21.00680173662841
 20
-202.2743413993593
 30
0.0
 11
-21.00680173662841
 21
-204.2743413993593
 31
0.0
  0
LINE
  5
887
330
854
100
AcDbEntity
  8
0
370
9
100
AcDbLine
 10
-21.00680173662841
 20
-202.2743413993593
 30
0.0
 11
-21.00680173662841
 21
-204.2743413993593
 31
0.0
  0
LWPOLYLINE
  5
888
330
854
100
AcDbEntity
  8
0
370
9
100
AcDbPolyline
 90
4
 70
1
 10
-20.85886155134358
 20
-204.2743413993593
 10
-20.65886155134649
 20
-204.2743413993593
 10
-20.65886155134649
 20
-202.2743413993593
 10
-20.85886155134358
 20
-202.2743413993593
  0
LINE
  5
889
330
854
100
AcDbEntity
  8
0
370
9
100
AcDbLine
 10
-20.75886155133776
 20
-202.2743413993593
 30
0.0
 11
-20.75886155133776
 21
-204.2743413993593
 31
0.0
  0
LINE
  5
88A
330
854
100
AcDbEntity
  8
0
370
9
100
AcDbLine
 10
-20.81709115911508
 20
-202.2743413993593
 30
0.0
 11
-20.81709115911508
 21
-204.2743413993593
 31
0.0
  0
LINE
  5
88B
330
854
100
AcDbEntity
  8
0
370
9
100
AcDbLine
 10
-20.69972852309001
 20
-202.2743413993593
 30
0.0
 11
-20.69972852309001
 21
-204.2743413993593
 31
0.0
  0
LINE
  5
88C
330
854
100
AcDbEntity
  8
0
370
9
100
AcDbLine
 10
-20.78732468542876
 20
-202.2743413993593
 30
0.0
 11
-20.78732468542876
 21
-204.2743413993593
 31
0.0
  0
LINE
  5
88D
330
854
100
AcDbEntity
  8
0
370
9
100
AcDbLine
 10
-20.73014385723218
 20
-202.2743413993593
 30
0.0
 11
-20.73014385723218
 21
-204.2743413993593
 31
0.0
  0
LINE
  5
88E
330
854
100
AcDbEntity
  8
0
370
9
100
AcDbLine
 10
-20.67839723540237
 20
-204.2743413993593
 30
0.0
 11
-20.67839723540237
 21
-202.2743413993593
 31
0.0
  0
LINE
  5
88F
330
854
100
AcDbEntity
  8
0
370
9
100
AcDbLine
 10
-20.83777358633233
 20
-202.2743413993593
 30
0.0
 11
-20.83777358633233
 21
-204.2743413993593
 31
0.0
  0
LINE
  5
890
330
854
100
AcDbEntity
  8
0
370
9
100
AcDbLine
 10
-20.20680173662549
 20
-202.2743413993593
 30
0.0
 11
-20.20680173662549
 21
-204.2743413993593
 31
0.0
  0
LINE
  5
891
330
854
100
AcDbEntity
  8
0
370
9
100
AcDbLine
 10
-20.20680173662549
 20
-202.2743413993593
 30
0.0
 11
-20.20680173662549
 21
-204.2743413993593
 31
0.0
  0
LWPOLYLINE
  5
892
330
854
100
AcDbEntity
  8
0
370
9
100
AcDbPolyline
 90
4
 70
1
 10
-20.05886155134067
 20
-204.2743413993593
 10
-19.85886155134358
 20
-204.2743413993593
 10
-19.85886155134358
 20
-202.2743413993593
 10
-20.05886155134067
 20
-202.2743413993593
  0
LINE
  5
893
330
854
100
AcDbEntity
  8
0
370
9
100
AcDbLine
 10
-19.95886155133485
 20
-202.2743413993593
 30
0.0
 11
-19.95886155133485
 21
-204.2743413993593
 31
0.0
  0
LINE
  5
894
330
854
100
AcDbEntity
  8
0
370
9
100
AcDbLine
 10
-20.01709115911217
 20
-202.2743413993593
 30
0.0
 11
-20.01709115911217
 21
-204.2743413993593
 31
0.0
  0
LINE
  5
895
330
854
100
AcDbEntity
  8
0
370
9
100
AcDbLine
 10
-19.8997285230871
 20
-202.2743413993593
 30
0.0
 11
-19.8997285230871
 21
-204.2743413993593
 31
0.0
  0
LINE
  5
896
330
854
100
AcDbEntity
  8
0
370
9
100
AcDbLine
 10
-19.98732468542584
 20
-202.2743413993593
 30
0.0
 11
-19.98732468542584
 21
-204.2743413993593
 31
0.0
  0
LINE
  5
897
330
854
100
AcDbEntity
  8
0
370
9
100
AcDbLine
 10
-19.93014385722927
 20
-202.2743413993593
 30
0.0
 11
-19.93014385722927
 21
-204.2743413993593
 31
0.0
  0
LINE
  5
898
330
854
100
AcDbEntity
  8
0
370
9
100
AcDbLine
 10
-19.87839723539946
 20
-204.2743413993593
 30
0.0
 11
-19.87839723539946
 21
-202.2743413993593
 31
0.0
  0
LINE
  5
899
330
854
100
AcDbEntity
  8
0
370
9
100
AcDbLine
 10
-20.03777358632942
 20
-202.2743413993593
 30
0.0
 11
-20.03777358632942
 21
-204.2743413993593
 31
0.0
  0
LINE
  5
89A
330
854
100
AcDbEntity
  8
0
370
9
100
AcDbLine
 10
-19.40680173663713
 20
-202.2743413993593
 30
0.0
 11
-19.40680173663713
 21
-204.2743413993593
 31
0.0
  0
LINE
  5
89B
330
854
100
AcDbEntity
  8
0
370
9
100
AcDbLine
 10
-19.40680173663713
 20
-202.2743413993593
 30
0.0
 11
-19.40680173663713
 21
-204.2743413993593
 31
0.0
  0
LWPOLYLINE
  5
89C
330
854
100
AcDbEntity
  8
0
370
9
100
AcDbPolyline
 90
4
 70
1
 10
-19.25886155135231
 20
-204.2743413993593
 10
-19.05886155135522
 20
-204.2743413993593
 10
-19.05886155135522
 20
-202.2743413993593
 10
-19.25886155135231
 20
-202.2743413993593
  0
LINE
  5
89D
330
854
100
AcDbEntity
  8
0
370
9
100
AcDbLine
 10
-19.15886155134649
 20
-202.2743413993593
 30
0.0
 11
-19.15886155134649
 21
-204.2743413993593
 31
0.0
  0
LINE
  5
89E
330
854
100
AcDbEntity
  8
0
370
9
100
AcDbLine
 10
-19.21709115912381
 20
-202.2743413993593
 30
0.0
 11
-19.21709115912381
 21
-204.2743413993593
 31
0.0
  0
LINE
  5
89F
330
854
100
AcDbEntity
  8
0
370
9
100
AcDbLine
 10
-19.09972852309875
 20
-202.2743413993593
 30
0.0
 11
-19.09972852309875
 21
-204.2743413993593
 31
0.0
  0
LINE
  5
8A0
330
854
100
AcDbEntity
  8
0
370
9
100
AcDbLine
 10
-19.18732468543749
 20
-202.2743413993593
 30
0.0
 11
-19.18732468543749
 21
-204.2743413993593
 31
0.0
  0
LINE
  5
8A1
330
854
100
AcDbEntity
  8
0
370
9
100
AcDbLine
 10
-19.13014385724091
 20
-202.2743413993593
 30
0.0
 11
-19.13014385724091
 21
-204.2743413993593
 31
0.0
  0
LINE
  5
8A2
330
854
100
AcDbEntity
  8
0
370
9
100
AcDbLine
 10
-19.0783972354111
 20
-204.2743413993593
 30
0.0
 11
-19.0783972354111
 21
-202.2743413993593
 31
0.0
  0
LINE
  5
8A3
330
854
100
AcDbEntity
  8
0
370
9
100
AcDbLine
 10
-19.23777358634106
 20
-202.2743413993593
 30
0.0
 11
-19.23777358634106
 21
-204.2743413993593
 31
0.0
  0
LINE
  5
8A4
330
854
100
AcDbEntity
  8
0
370
9
100
AcDbLine
 10
-18.60680173663422
 20
-202.2743413993593
 30
0.0
 11
-18.60680173663422
 21
-204.2743413993593
 31
0.0
  0
LINE
  5
8A5
330
854
100
AcDbEntity
  8
0
370
9
100
AcDbLine
 10
-18.60680173663422
 20
-202.2743413993593
 30
0.0
 11
-18.60680173663422
 21
-204.2743413993593
 31
0.0
  0
LWPOLYLINE
  5
8A6
330
854
100
AcDbEntity
  8
0
370
9
100
AcDbPolyline
 90
4
 70
1
 10
-18.4588615513494
 20
-204.2743413993593
 10
-18.25886155135231
 20
-204.2743413993593
 10
-18.25886155135231
 20
-202.2743413993593
 10
-18.4588615513494
 20
-202.2743413993593
  0
LINE
  5
8A7
330
854
100
AcDbEntity
  8
0
370
9
100
AcDbLine
 10
-18.35886155134358
 20
-202.2743413993593
 30
0.0
 11
-18.35886155134358
 21
-204.2743413993593
 31
0.0
  0
LINE
  5
8A8
330
854
100
AcDbEntity
  8
0
370
9
100
AcDbLine
 10
-18.4170911591209
 20
-202.2743413993593
 30
0.0
 11
-18.4170911591209
 21
-204.2743413993593
 31
0.0
  0
LINE
  5
8A9
330
854
100
AcDbEntity
  8
0
370
9
100
AcDbLine
 10
-18.29972852309584
 20
-202.2743413993593
 30
0.0
 11
-18.29972852309584
 21
-204.2743413993593
 31
0.0
  0
LINE
  5
8AA
330
854
100
AcDbEntity
  8
0
370
9
100
AcDbLine
 10
-18.38732468543458
 20
-202.2743413993593
 30
0.0
 11
-18.38732468543458
 21
-204.2743413993593
 31
0.0
  0
LINE
  5
8AB
330
854
100
AcDbEntity
  8
0
370
9
100
AcDbLine
 10
-18.330143857238
 20
-202.2743413993593
 30
0.0
 11
-18.330143857238
 21
-204.2743413993593
 31
0.0
  0
LINE
  5
8AC
330
854
100
AcDbEntity
  8
0
370
9
100
AcDbLine
 10
-18.27839723540819
 20
-204.2743413993593
 30
0.0
 11
-18.27839723540819
 21
-202.2743413993593
 31
0.0
  0
LINE
  5
8AD
330
854
100
AcDbEntity
  8
0
370
9
100
AcDbLine
 10
-18.43777358633815
 20
-202.2743413993593
 30
0.0
 11
-18.43777358633815
 21
-204.2743413993593
 31
0.0
  0
LINE
  5
8AE
330
854
100
AcDbEntity
  8
0
370
9
100
AcDbLine
 10
-17.80680173663131
 20
-202.2743413993593
 30
0.0
 11
-17.80680173663131
 21
-204.2743413993593
 31
0.0
  0
LINE
  5
8AF
330
854
100
AcDbEntity
  8
0
370
9
100
AcDbLine
 10
-17.80680173663131
 20
-202.2743413993593
 30
0.0
 11
-17.80680173663131
 21
-204.2743413993593
 31
0.0
  0
LWPOLYLINE
  5
8B0
330
854
100
AcDbEntity
  8
0
370
9
100
AcDbPolyline
 90
4
 70
1
 10
-17.65886155134649
 20
-204.2743413993593
 10
-17.4588615513494
 20
-204.2743413993593
 10
-17.4588615513494
 20
-202.2743413993593
 10
-17.65886155134649
 20
-202.2743413993593
  0
LINE
  5
8B1
330
854
100
AcDbEntity
  8
0
370
9
100
AcDbLine
 10
-17.55886155134067
 20
-202.2743413993593
 30
0.0
 11
-17.55886155134067
 21
-204.2743413993593
 31
0.0
  0
LINE
  5
8B2
330
854
100
AcDbEntity
  8
0
370
9
100
AcDbLine
 10
-17.61709115911799
 20
-202.2743413993593
 30
0.0
 11
-17.61709115911799
 21
-204.2743413993593
 31
0.0
  0
LINE
  5
8B3
330
854
100
AcDbEntity
  8
0
370
9
100
AcDbLine
 10
-17.49972852309293
 20
-202.2743413993593
 30
0.0
 11
-17.49972852309293
 21
-204.2743413993593
 31
0.0
  0
LINE
  5
8B4
330
854
100
AcDbEntity
  8
0
370
9
100
AcDbLine
 10
-17.58732468543167
 20
-202.2743413993593
 30
0.0
 11
-17.58732468543167
 21
-204.2743413993593
 31
0.0
  0
LINE
  5
8B5
330
854
100
AcDbEntity
  8
0
370
9
100
AcDbLine
 10
-17.53014385723509
 20
-202.2743413993593
 30
0.0
 11
-17.53014385723509
 21
-204.2743413993593
 31
0.0
  0
LINE
  5
8B6
330
854
100
AcDbEntity
  8
0
370
9
100
AcDbLine
 10
-17.47839723540528
 20
-204.2743413993593
 30
0.0
 11
-17.47839723540528
 21
-202.2743413993593
 31
0.0
  0
LINE
  5
8B7
330
854
100
AcDbEntity
  8
0
370
9
100
AcDbLine
 10
-17.63777358633524
 20
-202.2743413993593
 30
0.0
 11
-17.63777358633524
 21
-204.2743413993593
 31
0.0
  0
LINE
  5
8B8
330
854
100
AcDbEntity
  8
0
370
9
100
AcDbLine
 10
-17.0068017366284
 20
-202.2743413993593
 30
0.0
 11
-17.0068017366284
 21
-204.2743413993593
 31
0.0
  0
LINE
  5
8B9
330
854
100
AcDbEntity
  8
0
370
9
100
AcDbLine
 10
-17.0068017366284
 20
-202.2743413993593
 30
0.0
 11
-17.0068017366284
 21
-204.2743413993593
 31
0.0
  0
LWPOLYLINE
  5
8BA
330
854
100
AcDbEntity
  8
0
370
9
100
AcDbPolyline
 90
4
 70
1
 10
-16.85886155134358
 20
-204.2743413993593
 10
-16.65886155134649
 20
-204.2743413993593
 10
-16.65886155134649
 20
-202.2743413993593
 10
-16.85886155134358
 20
-202.2743413993593
  0
LINE
  5
8BB
330
854
100
AcDbEntity
  8
0
370
9
100
AcDbLine
 10
-16.75886155133776
 20
-202.2743413993593
 30
0.0
 11
-16.75886155133776
 21
-204.2743413993593
 31
0.0
  0
LINE
  5
8BC
330
854
100
AcDbEntity
  8
0
370
9
100
AcDbLine
 10
-16.81709115911508
 20
-202.2743413993593
 30
0.0
 11
-16.81709115911508
 21
-204.2743413993593
 31
0.0
  0
LINE
  5
8BD
330
854
100
AcDbEntity
  8
0
370
9
100
AcDbLine
 10
-16.69972852309001
 20
-202.2743413993593
 30
0.0
 11
-16.69972852309001
 21
-204.2743413993593
 31
0.0
  0
LINE
  5
8BE
330
854
100
AcDbEntity
  8
0
370
9
100
AcDbLine
 10
-16.78732468542875
 20
-202.2743413993593
 30
0.0
 11
-16.78732468542875
 21
-204.2743413993593
 31
0.0
  0
LINE
  5
8BF
330
854
100
AcDbEntity
  8
0
370
9
100
AcDbLine
 10
-16.73014385723218
 20
-202.2743413993593
 30
0.0
 11
-16.73014385723218
 21
-204.2743413993593
 31
0.0
  0
LINE
  5
8C0
330
854
100
AcDbEntity
  8
0
370
9
100
AcDbLine
 10
-16.67839723540237
 20
-204.2743413993593
 30
0.0
 11
-16.67839723540237
 21
-202.2743413993593
 31
0.0
  0
LINE
  5
8C1
330
854
100
AcDbEntity
  8
0
370
9
100
AcDbLine
 10
-16.83777358633233
 20
-202.2743413993593
 30
0.0
 11
-16.83777358633233
 21
-204.2743413993593
 31
0.0
  0
LINE
  5
8C2
330
854
100
AcDbEntity
  8
0
370
9
100
AcDbLine
 10
-16.20680173662549
 20
-202.2743413993593
 30
0.0
 11
-16.20680173662549
 21
-204.2743413993593
 31
0.0
  0
LINE
  5
8C3
330
854
100
AcDbEntity
  8
0
370
9
100
AcDbLine
 10
-16.20680173662549
 20
-202.2743413993593
 30
0.0
 11
-16.20680173662549
 21
-204.2743413993593
 31
0.0
  0
LWPOLYLINE
  5
8C4
330
854
100
AcDbEntity
  8
0
370
9
100
AcDbPolyline
 90
4
 70
1
 10
-16.05886155134067
 20
-204.2743413993593
 10
-15.85886155134358
 20
-204.2743413993593
 10
-15.85886155134358
 20
-202.2743413993593
 10
-16.05886155134067
 20
-202.2743413993593
  0
LINE
  5
8C5
330
854
100
AcDbEntity
  8
0
370
9
100
AcDbLine
 10
-15.95886155133485
 20
-202.2743413993593
 30
0.0
 11
-15.95886155133485
 21
-204.2743413993593
 31
0.0
  0
LINE
  5
8C6
330
854
100
AcDbEntity
  8
0
370
9
100
AcDbLine
 10
-16.01709115911217
 20
-202.2743413993593
 30
0.0
 11
-16.01709115911217
 21
-204.2743413993593
 31
0.0
  0
LINE
  5
8C7
330
854
100
AcDbEntity
  8
0
370
9
100
AcDbLine
 10
-15.8997285230871
 20
-202.2743413993593
 30
0.0
 11
-15.8997285230871
 21
-204.2743413993593
 31
0.0
  0
LINE
  5
8C8
330
854
100
AcDbEntity
  8
0
370
9
100
AcDbLine
 10
-15.98732468542585
 20
-202.2743413993593
 30
0.0
 11
-15.98732468542585
 21
-204.2743413993593
 31
0.0
  0
LINE
  5
8C9
330
854
100
AcDbEntity
  8
0
370
9
100
AcDbLine
 10
-15.93014385722927
 20
-202.2743413993593
 30
0.0
 11
-15.93014385722927
 21
-204.2743413993593
 31
0.0
  0
LINE
  5
8CA
330
854
100
AcDbEntity
  8
0
370
9
100
AcDbLine
 10
-15.87839723539946
 20
-204.2743413993593
 30
0.0
 11
-15.87839723539946
 21
-202.2743413993593
 31
0.0
  0
LINE
  5
8CB
330
854
100
AcDbEntity
  8
0
370
9
100
AcDbLine
 10
-16.03777358632942
 20
-202.2743413993593
 30
0.0
 11
-16.03777358632942
 21
-204.2743413993593
 31
0.0
  0
LINE
  5
8CC
330
854
100
AcDbEntity
  8
0
370
9
100
AcDbLine
 10
-15.40680173663713
 20
-202.2743413993593
 30
0.0
 11
-15.40680173663713
 21
-204.2743413993593
 31
0.0
  0
LINE
  5
8CD
330
854
100
AcDbEntity
  8
0
370
9
100
AcDbLine
 10
-15.40680173663713
 20
-202.2743413993593
 30
0.0
 11
-15.40680173663713
 21
-204.2743413993593
 31
0.0
  0
LWPOLYLINE
  5
8CE
330
854
100
AcDbEntity
  8
0
370
9
100
AcDbPolyline
 90
4
 70
1
 10
-15.25886155135231
 20
-204.2743413993593
 10
-15.05886155135522
 20
-204.2743413993593
 10
-15.05886155135522
 20
-202.2743413993593
 10
-15.25886155135231
 20
-202.2743413993593
  0
LINE
  5
8CF
330
854
100
AcDbEntity
  8
0
370
9
100
AcDbLine
 10
-15.15886155134649
 20
-202.2743413993593
 30
0.0
 11
-15.15886155134649
 21
-204.2743413993593
 31
0.0
  0
LINE
  5
8D0
330
854
100
AcDbEntity
  8
0
370
9
100
AcDbLine
 10
-15.21709115912381
 20
-202.2743413993593
 30
0.0
 11
-15.21709115912381
 21
-204.2743413993593
 31
0.0
  0
LINE
  5
8D1
330
854
100
AcDbEntity
  8
0
370
9
100
AcDbLine
 10
-15.09972852309874
 20
-202.2743413993593
 30
0.0
 11
-15.09972852309874
 21
-204.2743413993593
 31
0.0
  0
LINE
  5
8D2
330
854
100
AcDbEntity
  8
0
370
9
100
AcDbLine
 10
-15.18732468543749
 20
-202.2743413993593
 30
0.0
 11
-15.18732468543749
 21
-204.2743413993593
 31
0.0
  0
LINE
  5
8D3
330
854
100
AcDbEntity
  8
0
370
9
100
AcDbLine
 10
-15.13014385724091
 20
-202.2743413993593
 30
0.0
 11
-15.13014385724091
 21
-204.2743413993593
 31
0.0
  0
LINE
  5
8D4
330
854
100
AcDbEntity
  8
0
370
9
100
AcDbLine
 10
-15.0783972354111
 20
-204.2743413993593
 30
0.0
 11
-15.0783972354111
 21
-202.2743413993593
 31
0.0
  0
LINE
  5
8D5
330
854
100
AcDbEntity
  8
0
370
9
100
AcDbLine
 10
-15.23777358634106
 20
-202.2743413993593
 30
0.0
 11
-15.23777358634106
 21
-204.2743413993593
 31
0.0
  0
LINE
  5
8D6
330
854
100
AcDbEntity
  8
0
370
9
100
AcDbLine
 10
-14.60680173663422
 20
-202.2743413993593
 30
0.0
 11
-14.60680173663422
 21
-204.2743413993593
 31
0.0
  0
LINE
  5
8D7
330
854
100
AcDbEntity
  8
0
370
9
100
AcDbLine
 10
-14.60680173663422
 20
-202.2743413993593
 30
0.0
 11
-14.60680173663422
 21
-204.2743413993593
 31
0.0
  0
LWPOLYLINE
  5
8D8
330
854
100
AcDbEntity
  8
0
370
9
100
AcDbPolyline
 90
4
 70
1
 10
-14.4588615513494
 20
-204.2743413993593
 10
-14.25886155135231
 20
-204.2743413993593
 10
-14.25886155135231
 20
-202.2743413993593
 10
-14.4588615513494
 20
-202.2743413993593
  0
LINE
  5
8D9
330
854
100
AcDbEntity
  8
0
370
9
100
AcDbLine
 10
-14.35886155134358
 20
-202.2743413993593
 30
0.0
 11
-14.35886155134358
 21
-204.2743413993593
 31
0.0
  0
LINE
  5
8DA
330
854
100
AcDbEntity
  8
0
370
9
100
AcDbLine
 10
-14.4170911591209
 20
-202.2743413993593
 30
0.0
 11
-14.4170911591209
 21
-204.2743413993593
 31
0.0
  0
LINE
  5
8DB
330
854
100
AcDbEntity
  8
0
370
9
100
AcDbLine
 10
-14.29972852309584
 20
-202.2743413993593
 30
0.0
 11
-14.29972852309584
 21
-204.2743413993593
 31
0.0
  0
LINE
  5
8DC
330
854
100
AcDbEntity
  8
0
370
9
100
AcDbLine
 10
-14.38732468543458
 20
-202.2743413993593
 30
0.0
 11
-14.38732468543458
 21
-204.2743413993593
 31
0.0
  0
LINE
  5
8DD
330
854
100
AcDbEntity
  8
0
370
9
100
AcDbLine
 10
-14.330143857238
 20
-202.2743413993593
 30
0.0
 11
-14.330143857238
 21
-204.2743413993593
 31
0.0
  0
LINE
  5
8DE
330
854
100
AcDbEntity
  8
0
370
9
100
AcDbLine
 10
-14.27839723540819
 20
-204.2743413993593
 30
0.0
 11
-14.27839723540819
 21
-202.2743413993593
 31
0.0
  0
LINE
  5
8DF
330
854
100
AcDbEntity
  8
0
370
9
100
AcDbLine
 10
-14.43777358633815
 20
-202.2743413993593
 30
0.0
 11
-14.43777358633815
 21
-204.2743413993593
 31
0.0
  0
LINE
  5
8E0
330
854
100
AcDbEntity
  8
0
370
9
100
AcDbLine
 10
-13.80680173663131
 20
-202.2743413993593
 30
0.0
 11
-13.80680173663131
 21
-204.2743413993593
 31
0.0
  0
LINE
  5
8E1
330
854
100
AcDbEntity
  8
0
370
9
100
AcDbLine
 10
-13.80680173663131
 20
-202.2743413993593
 30
0.0
 11
-13.80680173663131
 21
-204.2743413993593
 31
0.0
  0
LWPOLYLINE
  5
8E2
330
854
100
AcDbEntity
  8
0
370
9
100
AcDbPolyline
 90
4
 70
1
 10
-13.65886155134649
 20
-204.2743413993593
 10
-13.4588615513494
 20
-204.2743413993593
 10
-13.4588615513494
 20
-202.2743413993593
 10
-13.65886155134649
 20
-202.2743413993593
  0
LINE
  5
8E3
330
854
100
AcDbEntity
  8
0
370
9
100
AcDbLine
 10
-13.55886155134067
 20
-202.2743413993593
 30
0.0
 11
-13.55886155134067
 21
-204.2743413993593
 31
0.0
  0
LINE
  5
8E4
330
854
100
AcDbEntity
  8
0
370
9
100
AcDbLine
 10
-13.61709115911799
 20
-202.2743413993593
 30
0.0
 11
-13.61709115911799
 21
-204.2743413993593
 31
0.0
  0
LINE
  5
8E5
330
854
100
AcDbEntity
  8
0
370
9
100
AcDbLine
 10
-13.49972852309292
 20
-202.2743413993593
 30
0.0
 11
-13.49972852309292
 21
-204.2743413993593
 31
0.0
  0
LINE
  5
8E6
330
854
100
AcDbEntity
  8
0
370
9
100
AcDbLine
 10
-13.58732468543166
 20
-202.2743413993593
 30
0.0
 11
-13.58732468543166
 21
-204.2743413993593
 31
0.0
  0
LINE
  5
8E7
330
854
100
AcDbEntity
  8
0
370
9
100
AcDbLine
 10
-13.53014385723509
 20
-202.2743413993593
 30
0.0
 11
-13.53014385723509
 21
-204.2743413993593
 31
0.0
  0
LINE
  5
8E8
330
854
100
AcDbEntity
  8
0
370
9
100
AcDbLine
 10
-13.47839723540528
 20
-204.2743413993593
 30
0.0
 11
-13.47839723540528
 21
-202.2743413993593
 31
0.0
  0
LINE
  5
8E9
330
854
100
AcDbEntity
  8
0
370
9
100
AcDbLine
 10
-13.63777358633524
 20
-202.2743413993593
 30
0.0
 11
-13.63777358633524
 21
-204.2743413993593
 31
0.0
  0
LINE
  5
8EA
330
854
100
AcDbEntity
  8
0
370
9
100
AcDbLine
 10
-13.0068017366284
 20
-202.2743413993593
 30
0.0
 11
-13.0068017366284
 21
-204.2743413993593
 31
0.0
  0
LINE
  5
8EB
330
854
100
AcDbEntity
  8
0
370
9
100
AcDbLine
 10
-13.0068017366284
 20
-202.2743413993593
 30
0.0
 11
-13.0068017366284
 21
-204.2743413993593
 31
0.0
  0
LWPOLYLINE
  5
8EC
330
854
100
AcDbEntity
  8
0
370
9
100
AcDbPolyline
 90
4
 70
1
 10
-12.85886155134358
 20
-204.2743413993593
 10
-12.65886155134649
 20
-204.2743413993593
 10
-12.65886155134649
 20
-202.2743413993593
 10
-12.85886155134358
 20
-202.2743413993593
  0
LINE
  5
8ED
330
854
100
AcDbEntity
  8
0
370
9
100
AcDbLine
 10
-12.75886155133776
 20
-202.2743413993593
 30
0.0
 11
-12.75886155133776
 21
-204.2743413993593
 31
0.0
  0
LINE
  5
8EE
330
854
100
AcDbEntity
  8
0
370
9
100
AcDbLine
 10
-12.81709115911508
 20
-202.2743413993593
 30
0.0
 11
-12.81709115911508
 21
-204.2743413993593
 31
0.0
  0
LINE
  5
8EF
330
854
100
AcDbEntity
  8
0
370
9
100
AcDbLine
 10
-12.69972852309001
 20
-202.2743413993593
 30
0.0
 11
-12.69972852309001
 21
-204.2743413993593
 31
0.0
  0
LINE
  5
8F0
330
854
100
AcDbEntity
  8
0
370
9
100
AcDbLine
 10
-12.78732468542876
 20
-202.2743413993593
 30
0.0
 11
-12.78732468542876
 21
-204.2743413993593
 31
0.0
  0
LINE
  5
8F1
330
854
100
AcDbEntity
  8
0
370
9
100
AcDbLine
 10
-12.73014385723218
 20
-202.2743413993593
 30
0.0
 11
-12.73014385723218
 21
-204.2743413993593
 31
0.0
  0
LINE
  5
8F2
330
854
100
AcDbEntity
  8
0
370
9
100
AcDbLine
 10
-12.67839723540237
 20
-204.2743413993593
 30
0.0
 11
-12.67839723540237
 21
-202.2743413993593
 31
0.0
  0
LINE
  5
8F3
330
854
100
AcDbEntity
  8
0
370
9
100
AcDbLine
 10
-12.83777358633233
 20
-202.2743413993593
 30
0.0
 11
-12.83777358633233
 21
-204.2743413993593
 31
0.0
  0
LINE
  5
8F4
330
854
100
AcDbEntity
  8
0
370
9
100
AcDbLine
 10
-12.20680173662549
 20
-202.2743413993593
 30
0.0
 11
-12.20680173662549
 21
-204.2743413993593
 31
0.0
  0
LINE
  5
8F5
330
854
100
AcDbEntity
  8
0
370
9
100
AcDbLine
 10
-12.20680173662549
 20
-202.2743413993593
 30
0.0
 11
-12.20680173662549
 21
-204.2743413993593
 31
0.0
  0
LWPOLYLINE
  5
8F6
330
854
100
AcDbEntity
  8
0
370
9
100
AcDbPolyline
 90
4
 70
1
 10
-12.05886155134067
 20
-204.2743413993593
 10
-11.85886155134358
 20
-204.2743413993593
 10
-11.85886155134358
 20
-202.2743413993593
 10
-12.05886155134067
 20
-202.2743413993593
  0
LINE
  5
8F7
330
854
100
AcDbEntity
  8
0
370
9
100
AcDbLine
 10
-11.95886155133485
 20
-202.2743413993593
 30
0.0
 11
-11.95886155133485
 21
-204.2743413993593
 31
0.0
  0
LINE
  5
8F8
330
854
100
AcDbEntity
  8
0
370
9
100
AcDbLine
 10
-12.01709115911217
 20
-202.2743413993593
 30
0.0
 11
-12.01709115911217
 21
-204.2743413993593
 31
0.0
  0
LINE
  5
8F9
330
854
100
AcDbEntity
  8
0
370
9
100
AcDbLine
 10
-11.8997285230871
 20
-202.2743413993593
 30
0.0
 11
-11.8997285230871
 21
-204.2743413993593
 31
0.0
  0
LINE
  5
8FA
330
854
100
AcDbEntity
  8
0
370
9
100
AcDbLine
 10
-11.98732468542584
 20
-202.2743413993593
 30
0.0
 11
-11.98732468542584
 21
-204.2743413993593
 31
0.0
  0
LINE
  5
8FB
330
854
100
AcDbEntity
  8
0
370
9
100
AcDbLine
 10
-11.93014385722927
 20
-202.2743413993593
 30
0.0
 11
-11.93014385722927
 21
-204.2743413993593
 31
0.0
  0
LINE
  5
8FC
330
854
100
AcDbEntity
  8
0
370
9
100
AcDbLine
 10
-11.87839723539946
 20
-204.2743413993593
 30
0.0
 11
-11.87839723539946
 21
-202.2743413993593
 31
0.0
  0
LINE
  5
8FD
330
854
100
AcDbEntity
  8
0
370
9
100
AcDbLine
 10
-12.03777358632942
 20
-202.2743413993593
 30
0.0
 11
-12.03777358632942
 21
-204.2743413993593
 31
0.0
  0
LINE
  5
8FE
330
854
100
AcDbEntity
  8
0
370
9
100
AcDbLine
 10
-11.40680173663713
 20
-202.2743413993593
 30
0.0
 11
-11.40680173663713
 21
-204.2743413993593
 31
0.0
  0
LINE
  5
8FF
330
854
100
AcDbEntity
  8
0
370
9
100
AcDbLine
 10
-11.40680173663713
 20
-202.2743413993593
 30
0.0
 11
-11.40680173663713
 21
-204.2743413993593
 31
0.0
  0
LWPOLYLINE
  5
900
330
854
100
AcDbEntity
  8
0
370
9
100
AcDbPolyline
 90
4
 70
1
 10
-11.25886155135231
 20
-204.2743413993593
 10
-11.05886155135522
 20
-204.2743413993593
 10
-11.05886155135522
 20
-202.2743413993593
 10
-11.25886155135231
 20
-202.2743413993593
  0
LINE
  5
901
330
854
100
AcDbEntity
  8
0
370
9
100
AcDbLine
 10
-11.15886155134649
 20
-202.2743413993593
 30
0.0
 11
-11.15886155134649
 21
-204.2743413993593
 31
0.0
  0
LINE
  5
902
330
854
100
AcDbEntity
  8
0
370
9
100
AcDbLine
 10
-11.21709115912381
 20
-202.2743413993593
 30
0.0
 11
-11.21709115912381
 21
-204.2743413993593
 31
0.0
  0
LINE
  5
903
330
854
100
AcDbEntity
  8
0
370
9
100
AcDbLine
 10
-11.09972852309875
 20
-202.2743413993593
 30
0.0
 11
-11.09972852309875
 21
-204.2743413993593
 31
0.0
  0
LINE
  5
904
330
854
100
AcDbEntity
  8
0
370
9
100
AcDbLine
 10
-11.18732468543749
 20
-202.2743413993593
 30
0.0
 11
-11.18732468543749
 21
-204.2743413993593
 31
0.0
  0
LINE
  5
905
330
854
100
AcDbEntity
  8
0
370
9
100
AcDbLine
 10
-11.13014385724091
 20
-202.2743413993593
 30
0.0
 11
-11.13014385724091
 21
-204.2743413993593
 31
0.0
  0
LINE
  5
906
330
854
100
AcDbEntity
  8
0
370
9
100
AcDbLine
 10
-11.0783972354111
 20
-204.2743413993593
 30
0.0
 11
-11.0783972354111
 21
-202.2743413993593
 31
0.0
  0
LINE
  5
907
330
854
100
AcDbEntity
  8
0
370
9
100
AcDbLine
 10
-11.23777358634106
 20
-202.2743413993593
 30
0.0
 11
-11.23777358634106
 21
-204.2743413993593
 31
0.0
  0
LINE
  5
908
330
854
100
AcDbEntity
  8
0
370
9
100
AcDbLine
 10
-10.60680173663422
 20
-202.2743413993593
 30
0.0
 11
-10.60680173663422
 21
-204.2743413993593
 31
0.0
  0
LINE
  5
909
330
854
100
AcDbEntity
  8
0
370
9
100
AcDbLine
 10
-10.60680173663422
 20
-202.2743413993593
 30
0.0
 11
-10.60680173663422
 21
-204.2743413993593
 31
0.0
  0
LWPOLYLINE
  5
90A
330
854
100
AcDbEntity
  8
0
370
9
100
AcDbPolyline
 90
4
 70
1
 10
-10.4588615513494
 20
-204.2743413993593
 10
-10.25886155135231
 20
-204.2743413993593
 10
-10.25886155135231
 20
-202.2743413993593
 10
-10.4588615513494
 20
-202.2743413993593
  0
LINE
  5
90B
330
854
100
AcDbEntity
  8
0
370
9
100
AcDbLine
 10
-10.35886155134358
 20
-202.2743413993593
 30
0.0
 11
-10.35886155134358
 21
-204.2743413993593
 31
0.0
  0
LINE
  5
90C
330
854
100
AcDbEntity
  8
0
370
9
100
AcDbLine
 10
-10.4170911591209
 20
-202.2743413993593
 30
0.0
 11
-10.4170911591209
 21
-204.2743413993593
 31
0.0
  0
LINE
  5
90D
330
854
100
AcDbEntity
  8
0
370
9
100
AcDbLine
 10
-10.29972852309583
 20
-202.2743413993593
 30
0.0
 11
-10.29972852309583
 21
-204.2743413993593
 31
0.0
  0
LINE
  5
90E
330
854
100
AcDbEntity
  8
0
370
9
100
AcDbLine
 10
-10.38732468543458
 20
-202.2743413993593
 30
0.0
 11
-10.38732468543458
 21
-204.2743413993593
 31
0.0
  0
LINE
  5
90F
330
854
100
AcDbEntity
  8
0
370
9
100
AcDbLine
 10
-10.330143857238
 20
-202.2743413993593
 30
0.0
 11
-10.330143857238
 21
-204.2743413993593
 31
0.0
  0
LINE
  5
910
330
854
100
AcDbEntity
  8
0
370
9
100
AcDbLine
 10
-10.27839723540819
 20
-204.2743413993593
 30
0.0
 11
-10.27839723540819
 21
-202.2743413993593
 31
0.0
  0
LINE
  5
911
330
854
100
AcDbEntity
  8
0
370
9
100
AcDbLine
 10
-10.43777358633815
 20
-202.2743413993593
 30
0.0
 11
-10.43777358633815
 21
-204.2743413993593
 31
0.0
  0
LINE
  5
912
330
854
100
AcDbEntity
  8
0
370
9
100
AcDbLine
 10
-9.806801736631314
 20
-202.2743413993593
 30
0.0
 11
-9.806801736631314
 21
-204.2743413993593
 31
0.0
  0
LINE
  5
913
330
854
100
AcDbEntity
  8
0
370
9
100
AcDbLine
 10
-9.806801736631314
 20
-202.2743413993593
 30
0.0
 11
-9.806801736631314
 21
-204.2743413993593
 31
0.0
  0
LWPOLYLINE
  5
914
330
854
100
AcDbEntity
  8
0
370
9
100
AcDbPolyline
 90
4
 70
1
 10
-9.65886155134649
 20
-204.2743413993593
 10
-9.4588615513494
 20
-204.2743413993593
 10
-9.4588615513494
 20
-202.2743413993593
 10
-9.65886155134649
 20
-202.2743413993593
  0
LINE
  5
915
330
854
100
AcDbEntity
  8
0
370
9
100
AcDbLine
 10
-9.55886155134067
 20
-202.2743413993593
 30
0.0
 11
-9.55886155134067
 21
-204.2743413993593
 31
0.0
  0
LINE
  5
916
330
854
100
AcDbEntity
  8
0
370
9
100
AcDbLine
 10
-9.61709115911799
 20
-202.2743413993593
 30
0.0
 11
-9.61709115911799
 21
-204.2743413993593
 31
0.0
  0
LINE
  5
917
330
854
100
AcDbEntity
  8
0
370
9
100
AcDbLine
 10
-9.499728523092926
 20
-202.2743413993593
 30
0.0
 11
-9.499728523092926
 21
-204.2743413993593
 31
0.0
  0
LINE
  5
918
330
854
100
AcDbEntity
  8
0
370
9
100
AcDbLine
 10
-9.587324685431668
 20
-202.2743413993593
 30
0.0
 11
-9.587324685431668
 21
-204.2743413993593
 31
0.0
  0
LINE
  5
919
330
854
100
AcDbEntity
  8
0
370
9
100
AcDbLine
 10
-9.530143857235087
 20
-202.2743413993593
 30
0.0
 11
-9.530143857235087
 21
-204.2743413993593
 31
0.0
  0
LINE
  5
91A
330
854
100
AcDbEntity
  8
0
370
9
100
AcDbLine
 10
-9.478397235405282
 20
-204.2743413993593
 30
0.0
 11
-9.478397235405282
 21
-202.2743413993593
 31
0.0
  0
LINE
  5
91B
330
854
100
AcDbEntity
  8
0
370
9
100
AcDbLine
 10
-9.637773586335243
 20
-202.2743413993593
 30
0.0
 11
-9.637773586335243
 21
-204.2743413993593
 31
0.0
  0
LINE
  5
91C
330
854
100
AcDbEntity
  8
0
370
9
100
AcDbLine
 10
-9.006801736628404
 20
-202.2743413993593
 30
0.0
 11
-9.006801736628404
 21
-204.2743413993593
 31
0.0
  0
LINE
  5
91D
330
854
100
AcDbEntity
  8
0
370
9
100
AcDbLine
 10
-9.006801736628404
 20
-202.2743413993593
 30
0.0
 11
-9.006801736628404
 21
-204.2743413993593
 31
0.0
  0
LWPOLYLINE
  5
91E
330
854
100
AcDbEntity
  8
0
370
9
100
AcDbPolyline
 90
4
 70
1
 10
-8.85886155134358
 20
-204.2743413993593
 10
-8.65886155134649
 20
-204.2743413993593
 10
-8.65886155134649
 20
-202.2743413993593
 10
-8.85886155134358
 20
-202.2743413993593
  0
LINE
  5
91F
330
854
100
AcDbEntity
  8
0
370
9
100
AcDbLine
 10
-8.758861551337759
 20
-202.2743413993593
 30
0.0
 11
-8.758861551337759
 21
-204.2743413993593
 31
0.0
  0
LINE
  5
920
330
854
100
AcDbEntity
  8
0
370
9
100
AcDbLine
 10
-8.81709115911508
 20
-202.2743413993593
 30
0.0
 11
-8.81709115911508
 21
-204.2743413993593
 31
0.0
  0
LINE
  5
921
330
854
100
AcDbEntity
  8
0
370
9
100
AcDbLine
 10
-8.699728523090016
 20
-202.2743413993593
 30
0.0
 11
-8.699728523090016
 21
-204.2743413993593
 31
0.0
  0
LINE
  5
922
330
854
100
AcDbEntity
  8
0
370
9
100
AcDbLine
 10
-8.787324685428757
 20
-202.2743413993593
 30
0.0
 11
-8.787324685428757
 21
-204.2743413993593
 31
0.0
  0
LINE
  5
923
330
854
100
AcDbEntity
  8
0
370
9
100
AcDbLine
 10
-8.730143857232179
 20
-202.2743413993593
 30
0.0
 11
-8.730143857232179
 21
-204.2743413993593
 31
0.0
  0
LINE
  5
924
330
854
100
AcDbEntity
  8
0
370
9
100
AcDbLine
 10
-8.678397235402372
 20
-204.2743413993593
 30
0.0
 11
-8.678397235402372
 21
-202.2743413993593
 31
0.0
  0
LINE
  5
925
330
854
100
AcDbEntity
  8
0
370
9
100
AcDbLine
 10
-8.837773586332332
 20
-202.2743413993593
 30
0.0
 11
-8.837773586332332
 21
-204.2743413993593
 31
0.0
  0
LINE
  5
926
330
854
100
AcDbEntity
  8
0
370
9
100
AcDbLine
 10
-8.206801736625494
 20
-202.2743413993593
 30
0.0
 11
-8.206801736625494
 21
-204.2743413993593
 31
0.0
  0
LINE
  5
927
330
854
100
AcDbEntity
  8
0
370
9
100
AcDbLine
 10
-8.206801736625494
 20
-202.2743413993593
 30
0.0
 11
-8.206801736625494
 21
-204.2743413993593
 31
0.0
  0
LWPOLYLINE
  5
928
330
854
100
AcDbEntity
  8
0
370
9
100
AcDbPolyline
 90
4
 70
1
 10
-8.05886155134067
 20
-204.2743413993593
 10
-7.858861551343579
 20
-204.2743413993593
 10
-7.858861551343579
 20
-202.2743413993593
 10
-8.05886155134067
 20
-202.2743413993593
  0
LINE
  5
929
330
854
100
AcDbEntity
  8
0
370
9
100
AcDbLine
 10
-7.958861551334848
 20
-202.2743413993593
 30
0.0
 11
-7.958861551334848
 21
-204.2743413993593
 31
0.0
  0
LINE
  5
92A
330
854
100
AcDbEntity
  8
0
370
9
100
AcDbLine
 10
-8.01709115911217
 20
-202.2743413993593
 30
0.0
 11
-8.01709115911217
 21
-204.2743413993593
 31
0.0
  0
LINE
  5
92B
330
854
100
AcDbEntity
  8
0
370
9
100
AcDbLine
 10
-7.899728523087105
 20
-202.2743413993593
 30
0.0
 11
-7.899728523087105
 21
-204.2743413993593
 31
0.0
  0
LINE
  5
92C
330
854
100
AcDbEntity
  8
0
370
9
100
AcDbLine
 10
-7.987324685425846
 20
-202.2743413993593
 30
0.0
 11
-7.987324685425846
 21
-204.2743413993593
 31
0.0
  0
LINE
  5
92D
330
854
100
AcDbEntity
  8
0
370
9
100
AcDbLine
 10
-7.930143857229268
 20
-202.2743413993593
 30
0.0
 11
-7.930143857229268
 21
-204.2743413993593
 31
0.0
  0
LINE
  5
92E
330
854
100
AcDbEntity
  8
0
370
9
100
AcDbLine
 10
-7.878397235399461
 20
-204.2743413993593
 30
0.0
 11
-7.878397235399461
 21
-202.2743413993593
 31
0.0
  0
LINE
  5
92F
330
854
100
AcDbEntity
  8
0
370
9
100
AcDbLine
 10
-8.03777358632942
 20
-202.2743413993593
 30
0.0
 11
-8.03777358632942
 21
-204.2743413993593
 31
0.0
  0
LINE
  5
930
330
854
100
AcDbEntity
  8
0
370
9
100
AcDbLine
 10
-7.406801736637135
 20
-202.2743413993593
 30
0.0
 11
-7.406801736637135
 21
-204.2743413993593
 31
0.0
  0
LINE
  5
931
330
854
100
AcDbEntity
  8
0
370
9
100
AcDbLine
 10
-7.406801736637135
 20
-202.2743413993593
 30
0.0
 11
-7.406801736637135
 21
-204.2743413993593
 31
0.0
  0
LWPOLYLINE
  5
932
330
854
100
AcDbEntity
  8
0
370
9
100
AcDbPolyline
 90
4
 70
1
 10
-7.25886155135231
 20
-204.2743413993593
 10
-7.058861551355221
 20
-204.2743413993593
 10
-7.058861551355221
 20
-202.2743413993593
 10
-7.25886155135231
 20
-202.2743413993593
  0
LINE
  5
933
330
854
100
AcDbEntity
  8
0
370
9
100
AcDbLine
 10
-7.15886155134649
 20
-202.2743413993593
 30
0.0
 11
-7.15886155134649
 21
-204.2743413993593
 31
0.0
  0
LINE
  5
934
330
854
100
AcDbEntity
  8
0
370
9
100
AcDbLine
 10
-7.21709115912381
 20
-202.2743413993593
 30
0.0
 11
-7.21709115912381
 21
-204.2743413993593
 31
0.0
  0
LINE
  5
935
330
854
100
AcDbEntity
  8
0
370
9
100
AcDbLine
 10
-7.099728523098747
 20
-202.2743413993593
 30
0.0
 11
-7.099728523098747
 21
-204.2743413993593
 31
0.0
  0
LINE
  5
936
330
854
100
AcDbEntity
  8
0
370
9
100
AcDbLine
 10
-7.187324685437488
 20
-202.2743413993593
 30
0.0
 11
-7.187324685437488
 21
-204.2743413993593
 31
0.0
  0
LINE
  5
937
330
854
100
AcDbEntity
  8
0
370
9
100
AcDbLine
 10
-7.130143857240909
 20
-202.2743413993593
 30
0.0
 11
-7.130143857240909
 21
-204.2743413993593
 31
0.0
  0
LINE
  5
938
330
854
100
AcDbEntity
  8
0
370
9
100
AcDbLine
 10
-7.078397235411102
 20
-204.2743413993593
 30
0.0
 11
-7.078397235411102
 21
-202.2743413993593
 31
0.0
  0
LINE
  5
939
330
854
100
AcDbEntity
  8
0
370
9
100
AcDbLine
 10
-7.237773586341063
 20
-202.2743413993593
 30
0.0
 11
-7.237773586341063
 21
-204.2743413993593
 31
0.0
  0
LINE
  5
93A
330
854
100
AcDbEntity
  8
0
370
9
100
AcDbLine
 10
-6.606801736634224
 20
-202.2743413993593
 30
0.0
 11
-6.606801736634224
 21
-204.2743413993593
 31
0.0
  0
LINE
  5
93B
330
854
100
AcDbEntity
  8
0
370
9
100
AcDbLine
 10
-6.606801736634224
 20
-202.2743413993593
 30
0.0
 11
-6.606801736634224
 21
-204.2743413993593
 31
0.0
  0
LWPOLYLINE
  5
93C
330
854
100
AcDbEntity
  8
0
370
9
100
AcDbPolyline
 90
4
 70
1
 10
-6.4588615513494
 20
-204.2743413993593
 10
-6.25886155135231
 20
-204.2743413993593
 10
-6.25886155135231
 20
-202.2743413993593
 10
-6.4588615513494
 20
-202.2743413993593
  0
LINE
  5
93D
330
854
100
AcDbEntity
  8
0
370
9
100
AcDbLine
 10
-6.358861551343579
 20
-202.2743413993593
 30
0.0
 11
-6.358861551343579
 21
-204.2743413993593
 31
0.0
  0
LINE
  5
93E
330
854
100
AcDbEntity
  8
0
370
9
100
AcDbLine
 10
-6.4170911591209
 20
-202.2743413993593
 30
0.0
 11
-6.4170911591209
 21
-204.2743413993593
 31
0.0
  0
LINE
  5
93F
330
854
100
AcDbEntity
  8
0
370
9
100
AcDbLine
 10
-6.299728523095836
 20
-202.2743413993593
 30
0.0
 11
-6.299728523095836
 21
-204.2743413993593
 31
0.0
  0
LINE
  5
940
330
854
100
AcDbEntity
  8
0
370
9
100
AcDbLine
 10
-6.387324685434577
 20
-202.2743413993593
 30
0.0
 11
-6.387324685434577
 21
-204.2743413993593
 31
0.0
  0
LINE
  5
941
330
854
100
AcDbEntity
  8
0
370
9
100
AcDbLine
 10
-6.330143857237999
 20
-202.2743413993593
 30
0.0
 11
-6.330143857237999
 21
-204.2743413993593
 31
0.0
  0
LINE
  5
942
330
854
100
AcDbEntity
  8
0
370
9
100
AcDbLine
 10
-6.278397235408192
 20
-204.2743413993593
 30
0.0
 11
-6.278397235408192
 21
-202.2743413993593
 31
0.0
  0
LINE
  5
943
330
854
100
AcDbEntity
  8
0
370
9
100
AcDbLine
 10
-6.437773586338153
 20
-202.2743413993593
 30
0.0
 11
-6.437773586338153
 21
-204.2743413993593
 31
0.0
  0
LINE
  5
944
330
854
100
AcDbEntity
  8
0
370
9
100
AcDbLine
 10
-5.806801736631314
 20
-202.2743413993593
 30
0.0
 11
-5.806801736631314
 21
-204.2743413993593
 31
0.0
  0
LINE
  5
945
330
854
100
AcDbEntity
  8
0
370
9
100
AcDbLine
 10
-5.806801736631314
 20
-202.2743413993593
 30
0.0
 11
-5.806801736631314
 21
-204.2743413993593
 31
0.0
  0
LWPOLYLINE
  5
946
330
854
100
AcDbEntity
  8
0
370
9
100
AcDbPolyline
 90
4
 70
1
 10
-5.65886155134649
 20
-204.2743413993593
 10
-5.4588615513494
 20
-204.2743413993593
 10
-5.4588615513494
 20
-202.2743413993593
 10
-5.65886155134649
 20
-202.2743413993593
  0
LINE
  5
947
330
854
100
AcDbEntity
  8
0
370
9
100
AcDbLine
 10
-5.558861551340669
 20
-202.2743413993593
 30
0.0
 11
-5.558861551340669
 21
-204.2743413993593
 31
0.0
  0
LINE
  5
948
330
854
100
AcDbEntity
  8
0
370
9
100
AcDbLine
 10
-5.61709115911799
 20
-202.2743413993593
 30
0.0
 11
-5.61709115911799
 21
-204.2743413993593
 31
0.0
  0
LINE
  5
949
330
854
100
AcDbEntity
  8
0
370
9
100
AcDbLine
 10
-5.499728523092926
 20
-202.2743413993593
 30
0.0
 11
-5.499728523092926
 21
-204.2743413993593
 31
0.0
  0
LINE
  5
94A
330
854
100
AcDbEntity
  8
0
370
9
100
AcDbLine
 10
-5.587324685431667
 20
-202.2743413993593
 30
0.0
 11
-5.587324685431667
 21
-204.2743413993593
 31
0.0
  0
LINE
  5
94B
330
854
100
AcDbEntity
  8
0
370
9
100
AcDbLine
 10
-5.530143857235088
 20
-202.2743413993593
 30
0.0
 11
-5.530143857235088
 21
-204.2743413993593
 31
0.0
  0
LINE
  5
94C
330
854
100
AcDbEntity
  8
0
370
9
100
AcDbLine
 10
-5.478397235405282
 20
-204.2743413993593
 30
0.0
 11
-5.478397235405282
 21
-202.2743413993593
 31
0.0
  0
LINE
  5
94D
330
854
100
AcDbEntity
  8
0
370
9
100
AcDbLine
 10
-5.637773586335242
 20
-202.2743413993593
 30
0.0
 11
-5.637773586335242
 21
-204.2743413993593
 31
0.0
  0
LINE
  5
94E
330
854
100
AcDbEntity
  8
0
370
9
100
AcDbLine
 10
-5.006801736628403
 20
-202.2743413993593
 30
0.0
 11
-5.006801736628403
 21
-204.2743413993593
 31
0.0
  0
LINE
  5
94F
330
854
100
AcDbEntity
  8
0
370
9
100
AcDbLine
 10
-5.006801736628403
 20
-202.2743413993593
 30
0.0
 11
-5.006801736628403
 21
-204.2743413993593
 31
0.0
  0
LWPOLYLINE
  5
950
330
854
100
AcDbEntity
  8
0
370
9
100
AcDbPolyline
 90
4
 70
1
 10
-4.858861551343579
 20
-204.2743413993593
 10
-4.65886155134649
 20
-204.2743413993593
 10
-4.65886155134649
 20
-202.2743413993593
 10
-4.858861551343579
 20
-202.2743413993593
  0
LINE
  5
951
330
854
100
AcDbEntity
  8
0
370
9
100
AcDbLine
 10
-4.758861551337759
 20
-202.2743413993593
 30
0.0
 11
-4.758861551337759
 21
-204.2743413993593
 31
0.0
  0
LINE
  5
952
330
854
100
AcDbEntity
  8
0
370
9
100
AcDbLine
 10
-4.817091159115079
 20
-202.2743413993593
 30
0.0
 11
-4.817091159115079
 21
-204.2743413993593
 31
0.0
  0
LINE
  5
953
330
854
100
AcDbEntity
  8
0
370
9
100
AcDbLine
 10
-4.699728523090016
 20
-202.2743413993593
 30
0.0
 11
-4.699728523090016
 21
-204.2743413993593
 31
0.0
  0
LINE
  5
954
330
854
100
AcDbEntity
  8
0
370
9
100
AcDbLine
 10
-4.787324685428757
 20
-202.2743413993593
 30
0.0
 11
-4.787324685428757
 21
-204.2743413993593
 31
0.0
  0
LINE
  5
955
330
854
100
AcDbEntity
  8
0
370
9
100
AcDbLine
 10
-4.730143857232178
 20
-202.2743413993593
 30
0.0
 11
-4.730143857232178
 21
-204.2743413993593
 31
0.0
  0
LINE
  5
956
330
854
100
AcDbEntity
  8
0
370
9
100
AcDbLine
 10
-4.678397235402371
 20
-204.2743413993593
 30
0.0
 11
-4.678397235402371
 21
-202.2743413993593
 31
0.0
  0
LINE
  5
957
330
854
100
AcDbEntity
  8
0
370
9
100
AcDbLine
 10
-4.837773586332332
 20
-202.2743413993593
 30
0.0
 11
-4.837773586332332
 21
-204.2743413993593
 31
0.0
  0
LINE
  5
958
330
854
100
AcDbEntity
  8
0
370
9
100
AcDbLine
 10
-4.206801736625493
 20
-202.2743413993593
 30
0.0
 11
-4.206801736625493
 21
-204.2743413993593
 31
0.0
  0
LINE
  5
959
330
854
100
AcDbEntity
  8
0
370
9
100
AcDbLine
 10
-4.206801736625493
 20
-202.2743413993593
 30
0.0
 11
-4.206801736625493
 21
-204.2743413993593
 31
0.0
  0
LWPOLYLINE
  5
95A
330
854
100
AcDbEntity
  8
0
370
9
100
AcDbPolyline
 90
4
 70
1
 10
-4.058861551340669
 20
-204.2743413993593
 10
-3.858861551343579
 20
-204.2743413993593
 10
-3.858861551343579
 20
-202.2743413993593
 10
-4.058861551340669
 20
-202.2743413993593
  0
LINE
  5
95B
330
854
100
AcDbEntity
  8
0
370
9
100
AcDbLine
 10
-3.958861551334848
 20
-202.2743413993593
 30
0.0
 11
-3.958861551334848
 21
-204.2743413993593
 31
0.0
  0
LINE
  5
95C
330
854
100
AcDbEntity
  8
0
370
9
100
AcDbLine
 10
-4.017091159112169
 20
-202.2743413993593
 30
0.0
 11
-4.017091159112169
 21
-204.2743413993593
 31
0.0
  0
LINE
  5
95D
330
854
100
AcDbEntity
  8
0
370
9
100
AcDbLine
 10
-3.899728523087105
 20
-202.2743413993593
 30
0.0
 11
-3.899728523087105
 21
-204.2743413993593
 31
0.0
  0
LINE
  5
95E
330
854
100
AcDbEntity
  8
0
370
9
100
AcDbLine
 10
-3.987324685425846
 20
-202.2743413993593
 30
0.0
 11
-3.987324685425846
 21
-204.2743413993593
 31
0.0
  0
LINE
  5
95F
330
854
100
AcDbEntity
  8
0
370
9
100
AcDbLine
 10
-3.930143857229268
 20
-202.2743413993593
 30
0.0
 11
-3.930143857229268
 21
-204.2743413993593
 31
0.0
  0
LINE
  5
960
330
854
100
AcDbEntity
  8
0
370
9
100
AcDbLine
 10
-3.878397235399461
 20
-204.2743413993593
 30
0.0
 11
-3.878397235399461
 21
-202.2743413993593
 31
0.0
  0
LINE
  5
961
330
854
100
AcDbEntity
  8
0
370
9
100
AcDbLine
 10
-4.037773586329421
 20
-202.2743413993593
 30
0.0
 11
-4.037773586329421
 21
-204.2743413993593
 31
0.0
  0
LINE
  5
962
330
854
100
AcDbEntity
  8
0
370
9
100
AcDbLine
 10
-3.406801736637135
 20
-202.2743413993593
 30
0.0
 11
-3.406801736637135
 21
-204.2743413993593
 31
0.0
  0
LINE
  5
963
330
854
100
AcDbEntity
  8
0
370
9
100
AcDbLine
 10
-3.406801736637135
 20
-202.2743413993593
 30
0.0
 11
-3.406801736637135
 21
-204.2743413993593
 31
0.0
  0
LWPOLYLINE
  5
964
330
854
100
AcDbEntity
  8
0
370
9
100
AcDbPolyline
 90
4
 70
1
 10
-3.25886155135231
 20
-204.2743413993593
 10
-3.058861551355221
 20
-204.2743413993593
 10
-3.058861551355221
 20
-202.2743413993593
 10
-3.25886155135231
 20
-202.2743413993593
  0
LINE
  5
965
330
854
100
AcDbEntity
  8
0
370
9
100
AcDbLine
 10
-3.15886155134649
 20
-202.2743413993593
 30
0.0
 11
-3.15886155134649
 21
-204.2743413993593
 31
0.0
  0
LINE
  5
966
330
854
100
AcDbEntity
  8
0
370
9
100
AcDbLine
 10
-3.21709115912381
 20
-202.2743413993593
 30
0.0
 11
-3.21709115912381
 21
-204.2743413993593
 31
0.0
  0
LINE
  5
967
330
854
100
AcDbEntity
  8
0
370
9
100
AcDbLine
 10
-3.099728523098747
 20
-202.2743413993593
 30
0.0
 11
-3.099728523098747
 21
-204.2743413993593
 31
0.0
  0
LINE
  5
968
330
854
100
AcDbEntity
  8
0
370
9
100
AcDbLine
 10
-3.187324685437488
 20
-202.2743413993593
 30
0.0
 11
-3.187324685437488
 21
-204.2743413993593
 31
0.0
  0
LINE
  5
969
330
854
100
AcDbEntity
  8
0
370
9
100
AcDbLine
 10
-3.130143857240909
 20
-202.2743413993593
 30
0.0
 11
-3.130143857240909
 21
-204.2743413993593
 31
0.0
  0
LINE
  5
96A
330
854
100
AcDbEntity
  8
0
370
9
100
AcDbLine
 10
-3.078397235411102
 20
-204.2743413993593
 30
0.0
 11
-3.078397235411102
 21
-202.2743413993593
 31
0.0
  0
LINE
  5
96B
330
854
100
AcDbEntity
  8
0
370
9
100
AcDbLine
 10
-3.237773586341063
 20
-202.2743413993593
 30
0.0
 11
-3.237773586341063
 21
-204.2743413993593
 31
0.0
  0
LINE
  5
96C
330
854
100
AcDbEntity
  8
0
370
9
100
AcDbLine
 10
-2.606801736634224
 20
-202.2743413993593
 30
0.0
 11
-2.606801736634224
 21
-204.2743413993593
 31
0.0
  0
LINE
  5
96D
330
854
100
AcDbEntity
  8
0
370
9
100
AcDbLine
 10
-2.606801736634224
 20
-202.2743413993593
 30
0.0
 11
-2.606801736634224
 21
-204.2743413993593
 31
0.0
  0
LWPOLYLINE
  5
96E
330
854
100
AcDbEntity
  8
0
370
9
100
AcDbPolyline
 90
4
 70
1
 10
-2.4588615513494
 20
-204.2743413993593
 10
-2.25886155135231
 20
-204.2743413993593
 10
-2.25886155135231
 20
-202.2743413993593
 10
-2.4588615513494
 20
-202.2743413993593
  0
LINE
  5
96F
330
854
100
AcDbEntity
  8
0
370
9
100
AcDbLine
 10
-2.358861551343579
 20
-202.2743413993593
 30
0.0
 11
-2.358861551343579
 21
-204.2743413993593
 31
0.0
  0
LINE
  5
970
330
854
100
AcDbEntity
  8
0
370
9
100
AcDbLine
 10
-2.4170911591209
 20
-202.2743413993593
 30
0.0
 11
-2.4170911591209
 21
-204.2743413993593
 31
0.0
  0
LINE
  5
971
330
854
100
AcDbEntity
  8
0
370
9
100
AcDbLine
 10
-2.299728523095836
 20
-202.2743413993593
 30
0.0
 11
-2.299728523095836
 21
-204.2743413993593
 31
0.0
  0
LINE
  5
972
330
854
100
AcDbEntity
  8
0
370
9
100
AcDbLine
 10
-2.387324685434577
 20
-202.2743413993593
 30
0.0
 11
-2.387324685434577
 21
-204.2743413993593
 31
0.0
  0
LINE
  5
973
330
854
100
AcDbEntity
  8
0
370
9
100
AcDbLine
 10
-2.330143857237999
 20
-202.2743413993593
 30
0.0
 11
-2.330143857237999
 21
-204.2743413993593
 31
0.0
  0
LINE
  5
974
330
854
100
AcDbEntity
  8
0
370
9
100
AcDbLine
 10
-2.278397235408192
 20
-204.2743413993593
 30
0.0
 11
-2.278397235408192
 21
-202.2743413993593
 31
0.0
  0
LINE
  5
975
330
854
100
AcDbEntity
  8
0
370
9
100
AcDbLine
 10
-2.437773586338153
 20
-202.2743413993593
 30
0.0
 11
-2.437773586338153
 21
-204.2743413993593
 31
0.0
  0
LINE
  5
976
330
854
100
AcDbEntity
  8
0
370
9
100
AcDbLine
 10
-1.806801736631314
 20
-202.2743413993593
 30
0.0
 11
-1.806801736631314
 21
-204.2743413993593
 31
0.0
  0
LINE
  5
977
330
854
100
AcDbEntity
  8
0
370
9
100
AcDbLine
 10
-1.806801736631314
 20
-202.2743413993593
 30
0.0
 11
-1.806801736631314
 21
-204.2743413993593
 31
0.0
  0
LWPOLYLINE
  5
978
330
854
100
AcDbEntity
  8
0
370
9
100
AcDbPolyline
 90
4
 70
1
 10
-1.65886155134649
 20
-204.2743413993593
 10
-1.4588615513494
 20
-204.2743413993593
 10
-1.4588615513494
 20
-202.2743413993593
 10
-1.65886155134649
 20
-202.2743413993593
  0
LINE
  5
979
330
854
100
AcDbEntity
  8
0
370
9
100
AcDbLine
 10
-1.558861551340669
 20
-202.2743413993593
 30
0.0
 11
-1.558861551340669
 21
-204.2743413993593
 31
0.0
  0
LINE
  5
97A
330
854
100
AcDbEntity
  8
0
370
9
100
AcDbLine
 10
-1.61709115911799
 20
-202.2743413993593
 30
0.0
 11
-1.61709115911799
 21
-204.2743413993593
 31
0.0
  0
LINE
  5
97B
330
854
100
AcDbEntity
  8
0
370
9
100
AcDbLine
 10
-1.499728523092926
 20
-202.2743413993593
 30
0.0
 11
-1.499728523092926
 21
-204.2743413993593
 31
0.0
  0
LINE
  5
97C
330
854
100
AcDbEntity
  8
0
370
9
100
AcDbLine
 10
-1.587324685431667
 20
-202.2743413993593
 30
0.0
 11
-1.587324685431667
 21
-204.2743413993593
 31
0.0
  0
LINE
  5
97D
330
854
100
AcDbEntity
  8
0
370
9
100
AcDbLine
 10
-1.530143857235088
 20
-202.2743413993593
 30
0.0
 11
-1.530143857235088
 21
-204.2743413993593
 31
0.0
  0
LINE
  5
97E
330
854
100
AcDbEntity
  8
0
370
9
100
AcDbLine
 10
-1.478397235405282
 20
-204.2743413993593
 30
0.0
 11
-1.478397235405282
 21
-202.2743413993593
 31
0.0
  0
LINE
  5
97F
330
854
100
AcDbEntity
  8
0
370
9
100
AcDbLine
 10
-1.637773586335242
 20
-202.2743413993593
 30
0.0
 11
-1.637773586335242
 21
-204.2743413993593
 31
0.0
  0
LINE
  5
980
330
854
100
AcDbEntity
  8
0
370
9
100
AcDbLine
 10
-1.006801736628403
 20
-202.2743413993593
 30
0.0
 11
-1.006801736628403
 21
-204.2743413993593
 31
0.0
  0
LINE
  5
981
330
854
100
AcDbEntity
  8
0
370
9
100
AcDbLine
 10
-1.006801736628403
 20
-202.2743413993593
 30
0.0
 11
-1.006801736628403
 21
-204.2743413993593
 31
0.0
  0
LWPOLYLINE
  5
982
330
854
100
AcDbEntity
  8
0
370
9
100
AcDbPolyline
 90
4
 70
1
 10
-0.8588615513435797
 20
-204.2743413993593
 10
-0.6588615513464902
 20
-204.2743413993593
 10
-0.6588615513464902
 20
-202.2743413993593
 10
-0.8588615513435797
 20
-202.2743413993593
  0
LINE
  5
983
330
854
100
AcDbEntity
  8
0
370
9
100
AcDbLine
 10
-0.758861551337759
 20
-202.2743413993593
 30
0.0
 11
-0.758861551337759
 21
-204.2743413993593
 31
0.0
  0
LINE
  5
984
330
854
100
AcDbEntity
  8
0
370
9
100
AcDbLine
 10
-0.8170911591150797
 20
-202.2743413993593
 30
0.0
 11
-0.8170911591150797
 21
-204.2743413993593
 31
0.0
  0
LINE
  5
985
330
854
100
AcDbEntity
  8
0
370
9
100
AcDbLine
 10
-0.6997285230900161
 20
-202.2743413993593
 30
0.0
 11
-0.6997285230900161
 21
-204.2743413993593
 31
0.0
  0
LINE
  5
986
330
854
100
AcDbEntity
  8
0
370
9
100
AcDbLine
 10
-0.7873246854287573
 20
-202.2743413993593
 30
0.0
 11
-0.7873246854287573
 21
-204.2743413993593
 31
0.0
  0
LINE
  5
987
330
854
100
AcDbEntity
  8
0
370
9
100
AcDbLine
 10
-0.7301438572321786
 20
-202.2743413993593
 30
0.0
 11
-0.7301438572321786
 21
-204.2743413993593
 31
0.0
  0
LINE
  5
988
330
854
100
AcDbEntity
  8
0
370
9
100
AcDbLine
 10
-0.6783972354023718
 20
-204.2743413993593
 30
0.0
 11
-0.6783972354023718
 21
-202.2743413993593
 31
0.0
  0
LINE
  5
989
330
854
100
AcDbEntity
  8
0
370
9
100
AcDbLine
 10
-0.8377735863323323
 20
-202.2743413993593
 30
0.0
 11
-0.8377735863323323
 21
-204.2743413993593
 31
0.0
  0
LINE
  5
98A
330
854
100
AcDbEntity
  8
0
370
9
100
AcDbLine
 10
-0.2068017366254935
 20
-202.2743413993593
 30
0.0
 11
-0.2068017366254935
 21
-204.2743413993593
 31
0.0
  0
LINE
  5
98B
330
854
100
AcDbEntity
  8
0
370
9
100
AcDbLine
 10
-0.2068017366254935
 20
-202.2743413993593
 30
0.0
 11
-0.2068017366254935
 21
-204.2743413993593
 31
0.0
  0
LWPOLYLINE
  5
98C
330
854
100
AcDbEntity
  8
0
370
9
100
AcDbPolyline
 90
4
 70
1
 10
-0.0588615513406694
 20
-204.2743413993593
 10
0.1411384486564202
 20
-204.2743413993593
 10
0.1411384486564202
 20
-202.2743413993593
 10
-0.0588615513406694
 20
-202.2743413993593
  0
LINE
  5
98D
330
854
100
AcDbEntity
  8
0
370
9
100
AcDbLine
 10
0.0411384486651514
 20
-202.2743413993593
 30
0.0
 11
0.0411384486651514
 21
-204.2743413993593
 31
0.0
  0
LINE
  5
98E
330
854
100
AcDbEntity
  8
0
370
9
100
AcDbLine
 10
-0.0170911591121694
 20
-202.2743413993593
 30
0.0
 11
-0.0170911591121694
 21
-204.2743413993593
 31
0.0
  0
LINE
  5
98F
330
854
100
AcDbEntity
  8
0
370
9
100
AcDbLine
 10
0.1002714769128943
 20
-202.2743413993593
 30
0.0
 11
0.1002714769128943
 21
-204.2743413993593
 31
0.0
  0
LINE
  5
990
330
854
100
AcDbEntity
  8
0
370
9
100
AcDbLine
 10
0.0126753145741532
 20
-202.2743413993593
 30
0.0
 11
0.0126753145741532
 21
-204.2743413993593
 31
0.0
  0
LINE
  5
991
330
854
100
AcDbEntity
  8
0
370
9
100
AcDbLine
 10
0.0698561427707318
 20
-202.2743413993593
 30
0.0
 11
0.0698561427707318
 21
-204.2743413993593
 31
0.0
  0
LINE
  5
992
330
854
100
AcDbEntity
  8
0
370
9
100
AcDbLine
 10
0.1216027646005386
 20
-204.2743413993593
 30
0.0
 11
0.1216027646005386
 21
-202.2743413993593
 31
0.0
  0
LINE
  5
993
330
854
100
AcDbEntity
  8
0
370
9
100
AcDbLine
 10
-0.037773586329422
 20
-202.2743413993593
 30
0.0
 11
-0.037773586329422
 21
-204.2743413993593
 31
0.0
  0
LINE
  5
994
330
854
100
AcDbEntity
  8
0
370
9
100
AcDbLine
 10
0.593198263362865
 20
-202.2743413993593
 30
0.0
 11
0.593198263362865
 21
-204.2743413993593
 31
0.0
  0
LINE
  5
995
330
854
100
AcDbEntity
  8
0
370
9
100
AcDbLine
 10
0.593198263362865
 20
-202.2743413993593
 30
0.0
 11
0.593198263362865
 21
-204.2743413993593
 31
0.0
  0
LWPOLYLINE
  5
996
330
854
100
AcDbEntity
  8
0
370
9
100
AcDbPolyline
 90
4
 70
1
 10
0.7411384486476891
 20
-204.2743413993593
 10
0.9411384486447786
 20
-204.2743413993593
 10
0.9411384486447786
 20
-202.2743413993593
 10
0.7411384486476891
 20
-202.2743413993593
  0
LINE
  5
997
330
854
100
AcDbEntity
  8
0
370
9
100
AcDbLine
 10
0.8411384486535098
 20
-202.2743413993593
 30
0.0
 11
0.8411384486535098
 21
-204.2743413993593
 31
0.0
  0
LINE
  5
998
330
854
100
AcDbEntity
  8
0
370
9
100
AcDbLine
 10
0.7829088408761891
 20
-202.2743413993593
 30
0.0
 11
0.7829088408761891
 21
-204.2743413993593
 31
0.0
  0
LINE
  5
999
330
854
100
AcDbEntity
  8
0
370
9
100
AcDbLine
 10
0.9002714769012528
 20
-202.2743413993593
 30
0.0
 11
0.9002714769012528
 21
-204.2743413993593
 31
0.0
  0
LINE
  5
99A
330
854
100
AcDbEntity
  8
0
370
9
100
AcDbLine
 10
0.8126753145625116
 20
-202.2743413993593
 30
0.0
 11
0.8126753145625116
 21
-204.2743413993593
 31
0.0
  0
LINE
  5
99B
330
854
100
AcDbEntity
  8
0
370
9
100
AcDbLine
 10
0.8698561427590902
 20
-202.2743413993593
 30
0.0
 11
0.8698561427590902
 21
-204.2743413993593
 31
0.0
  0
LINE
  5
99C
330
854
100
AcDbEntity
  8
0
370
9
100
AcDbLine
 10
0.9216027645888971
 20
-204.2743413993593
 30
0.0
 11
0.9216027645888971
 21
-202.2743413993593
 31
0.0
  0
LINE
  5
99D
330
854
100
AcDbEntity
  8
0
370
9
100
AcDbLine
 10
0.7622264136589365
 20
-202.2743413993593
 30
0.0
 11
0.7622264136589365
 21
-204.2743413993593
 31
0.0
  0
LINE
  5
99E
330
854
100
AcDbEntity
  8
0
370
9
100
AcDbLine
 10
1.393198263365775
 20
-202.2743413993593
 30
0.0
 11
1.393198263365775
 21
-204.2743413993593
 31
0.0
  0
LINE
  5
99F
330
854
100
AcDbEntity
  8
0
370
9
100
AcDbLine
 10
1.393198263365775
 20
-202.2743413993593
 30
0.0
 11
1.393198263365775
 21
-204.2743413993593
 31
0.0
  0
LWPOLYLINE
  5
9A0
330
854
100
AcDbEntity
  8
0
370
9
100
AcDbPolyline
 90
4
 70
1
 10
1.541138448650599
 20
-204.2743413993593
 10
1.741138448647689
 20
-204.2743413993593
 10
1.741138448647689
 20
-202.2743413993593
 10
1.541138448650599
 20
-202.2743413993593
  0
LINE
  5
9A1
330
854
100
AcDbEntity
  8
0
370
9
100
AcDbLine
 10
1.64113844865642
 20
-202.2743413993593
 30
0.0
 11
1.64113844865642
 21
-204.2743413993593
 31
0.0
  0
LINE
  5
9A2
330
854
100
AcDbEntity
  8
0
370
9
100
AcDbLine
 10
1.582908840879099
 20
-202.2743413993593
 30
0.0
 11
1.582908840879099
 21
-204.2743413993593
 31
0.0
  0
LINE
  5
9A3
330
854
100
AcDbEntity
  8
0
370
9
100
AcDbLine
 10
1.700271476904163
 20
-202.2743413993593
 30
0.0
 11
1.700271476904163
 21
-204.2743413993593
 31
0.0
  0
LINE
  5
9A4
330
854
100
AcDbEntity
  8
0
370
9
100
AcDbLine
 10
1.612675314565422
 20
-202.2743413993593
 30
0.0
 11
1.612675314565422
 21
-204.2743413993593
 31
0.0
  0
LINE
  5
9A5
330
854
100
AcDbEntity
  8
0
370
9
100
AcDbLine
 10
1.669856142762
 20
-202.2743413993593
 30
0.0
 11
1.669856142762
 21
-204.2743413993593
 31
0.0
  0
LINE
  5
9A6
330
854
100
AcDbEntity
  8
0
370
9
100
AcDbLine
 10
1.721602764591807
 20
-204.2743413993593
 30
0.0
 11
1.721602764591807
 21
-202.2743413993593
 31
0.0
  0
LINE
  5
9A7
330
854
100
AcDbEntity
  8
0
370
9
100
AcDbLine
 10
1.562226413661846
 20
-202.2743413993593
 30
0.0
 11
1.562226413661846
 21
-204.2743413993593
 31
0.0
  0
LINE
  5
9A8
330
854
100
AcDbEntity
  8
0
370
9
100
AcDbLine
 10
2.193198263368685
 20
-202.2743413993593
 30
0.0
 11
2.193198263368685
 21
-204.2743413993593
 31
0.0
  0
LINE
  5
9A9
330
854
100
AcDbEntity
  8
0
370
9
100
AcDbLine
 10
2.193198263368685
 20
-202.2743413993593
 30
0.0
 11
2.193198263368685
 21
-204.2743413993593
 31
0.0
  0
LWPOLYLINE
  5
9AA
330
854
100
AcDbEntity
  8
0
370
9
100
AcDbPolyline
 90
4
 70
1
 10
2.341138448653509
 20
-204.2743413993593
 10
2.541138448650599
 20
-204.2743413993593
 10
2.541138448650599
 20
-202.2743413993593
 10
2.341138448653509
 20
-202.2743413993593
  0
LINE
  5
9AB
330
854
100
AcDbEntity
  8
0
370
9
100
AcDbLine
 10
2.44113844865933
 20
-202.2743413993593
 30
0.0
 11
2.44113844865933
 21
-204.2743413993593
 31
0.0
  0
LINE
  5
9AC
330
854
100
AcDbEntity
  8
0
370
9
100
AcDbLine
 10
2.382908840882009
 20
-202.2743413993593
 30
0.0
 11
2.382908840882009
 21
-204.2743413993593
 31
0.0
  0
LINE
  5
9AD
330
854
100
AcDbEntity
  8
0
370
9
100
AcDbLine
 10
2.500271476907073
 20
-202.2743413993593
 30
0.0
 11
2.500271476907073
 21
-204.2743413993593
 31
0.0
  0
LINE
  5
9AE
330
854
100
AcDbEntity
  8
0
370
9
100
AcDbLine
 10
2.412675314568332
 20
-202.2743413993593
 30
0.0
 11
2.412675314568332
 21
-204.2743413993593
 31
0.0
  0
LINE
  5
9AF
330
854
100
AcDbEntity
  8
0
370
9
100
AcDbLine
 10
2.469856142764911
 20
-202.2743413993593
 30
0.0
 11
2.469856142764911
 21
-204.2743413993593
 31
0.0
  0
LINE
  5
9B0
330
854
100
AcDbEntity
  8
0
370
9
100
AcDbLine
 10
2.521602764594717
 20
-204.2743413993593
 30
0.0
 11
2.521602764594717
 21
-202.2743413993593
 31
0.0
  0
LINE
  5
9B1
330
854
100
AcDbEntity
  8
0
370
9
100
AcDbLine
 10
2.362226413664757
 20
-202.2743413993593
 30
0.0
 11
2.362226413664757
 21
-204.2743413993593
 31
0.0
  0
LINE
  5
9B2
330
854
100
AcDbEntity
  8
0
370
9
100
AcDbLine
 10
2.993198263371596
 20
-202.2743413993593
 30
0.0
 11
2.993198263371596
 21
-204.2743413993593
 31
0.0
  0
LINE
  5
9B3
330
854
100
AcDbEntity
  8
0
370
9
100
AcDbLine
 10
2.993198263371596
 20
-202.2743413993593
 30
0.0
 11
2.993198263371596
 21
-204.2743413993593
 31
0.0
  0
LWPOLYLINE
  5
9B4
330
854
100
AcDbEntity
  8
0
370
9
100
AcDbPolyline
 90
4
 70
1
 10
3.14113844865642
 20
-204.2743413993593
 10
3.341138448653509
 20
-204.2743413993593
 10
3.341138448653509
 20
-202.2743413993593
 10
3.14113844865642
 20
-202.2743413993593
  0
LINE
  5
9B5
330
854
100
AcDbEntity
  8
0
370
9
100
AcDbLine
 10
3.24113844866224
 20
-202.2743413993593
 30
0.0
 11
3.24113844866224
 21
-204.2743413993593
 31
0.0
  0
LINE
  5
9B6
330
854
100
AcDbEntity
  8
0
370
9
100
AcDbLine
 10
3.18290884088492
 20
-202.2743413993593
 30
0.0
 11
3.18290884088492
 21
-204.2743413993593
 31
0.0
  0
LINE
  5
9B7
330
854
100
AcDbEntity
  8
0
370
9
100
AcDbLine
 10
3.300271476909983
 20
-202.2743413993593
 30
0.0
 11
3.300271476909983
 21
-204.2743413993593
 31
0.0
  0
LINE
  5
9B8
330
854
100
AcDbEntity
  8
0
370
9
100
AcDbLine
 10
3.212675314571242
 20
-202.2743413993593
 30
0.0
 11
3.212675314571242
 21
-204.2743413993593
 31
0.0
  0
LINE
  5
9B9
330
854
100
AcDbEntity
  8
0
370
9
100
AcDbLine
 10
3.269856142767821
 20
-202.2743413993593
 30
0.0
 11
3.269856142767821
 21
-204.2743413993593
 31
0.0
  0
LINE
  5
9BA
330
854
100
AcDbEntity
  8
0
370
9
100
AcDbLine
 10
3.321602764597628
 20
-204.2743413993593
 30
0.0
 11
3.321602764597628
 21
-202.2743413993593
 31
0.0
  0
LINE
  5
9BB
330
854
100
AcDbEntity
  8
0
370
9
100
AcDbLine
 10
3.162226413667667
 20
-202.2743413993593
 30
0.0
 11
3.162226413667667
 21
-204.2743413993593
 31
0.0
  0
LINE
  5
9BC
330
854
100
AcDbEntity
  8
0
370
9
100
AcDbLine
 10
3.793198263374506
 20
-202.2743413993593
 30
0.0
 11
3.793198263374506
 21
-204.2743413993593
 31
0.0
  0
LINE
  5
9BD
330
854
100
AcDbEntity
  8
0
370
9
100
AcDbLine
 10
3.793198263374506
 20
-202.2743413993593
 30
0.0
 11
3.793198263374506
 21
-204.2743413993593
 31
0.0
  0
LWPOLYLINE
  5
9BE
330
854
100
AcDbEntity
  8
0
370
9
100
AcDbPolyline
 90
4
 70
1
 10
3.94113844865933
 20
-204.2743413993593
 10
4.14113844865642
 20
-204.2743413993593
 10
4.14113844865642
 20
-202.2743413993593
 10
3.94113844865933
 20
-202.2743413993593
  0
LINE
  5
9BF
330
854
100
AcDbEntity
  8
0
370
9
100
AcDbLine
 10
4.041138448665151
 20
-202.2743413993593
 30
0.0
 11
4.041138448665151
 21
-204.2743413993593
 31
0.0
  0
LINE
  5
9C0
330
854
100
AcDbEntity
  8
0
370
9
100
AcDbLine
 10
3.98290884088783
 20
-202.2743413993593
 30
0.0
 11
3.98290884088783
 21
-204.2743413993593
 31
0.0
  0
LINE
  5
9C1
330
854
100
AcDbEntity
  8
0
370
9
100
AcDbLine
 10
4.100271476912894
 20
-202.2743413993593
 30
0.0
 11
4.100271476912894
 21
-204.2743413993593
 31
0.0
  0
LINE
  5
9C2
330
854
100
AcDbEntity
  8
0
370
9
100
AcDbLine
 10
4.012675314574153
 20
-202.2743413993593
 30
0.0
 11
4.012675314574153
 21
-204.2743413993593
 31
0.0
  0
LINE
  5
9C3
330
854
100
AcDbEntity
  8
0
370
9
100
AcDbLine
 10
4.069856142770731
 20
-202.2743413993593
 30
0.0
 11
4.069856142770731
 21
-204.2743413993593
 31
0.0
  0
LINE
  5
9C4
330
854
100
AcDbEntity
  8
0
370
9
100
AcDbLine
 10
4.121602764600538
 20
-204.2743413993593
 30
0.0
 11
4.121602764600538
 21
-202.2743413993593
 31
0.0
  0
LINE
  5
9C5
330
854
100
AcDbEntity
  8
0
370
9
100
AcDbLine
 10
3.962226413670578
 20
-202.2743413993593
 30
0.0
 11
3.962226413670578
 21
-204.2743413993593
 31
0.0
  0
LINE
  5
9C6
330
854
100
AcDbEntity
  8
0
370
9
100
AcDbLine
 10
4.593198263362864
 20
-202.2743413993593
 30
0.0
 11
4.593198263362864
 21
-204.2743413993593
 31
0.0
  0
LINE
  5
9C7
330
854
100
AcDbEntity
  8
0
370
9
100
AcDbLine
 10
4.593198263362864
 20
-202.2743413993593
 30
0.0
 11
4.593198263362864
 21
-204.2743413993593
 31
0.0
  0
LWPOLYLINE
  5
9C8
330
854
100
AcDbEntity
  8
0
370
9
100
AcDbPolyline
 90
4
 70
1
 10
4.741138448647689
 20
-204.2743413993593
 10
4.941138448644778
 20
-204.2743413993593
 10
4.941138448644778
 20
-202.2743413993593
 10
4.741138448647689
 20
-202.2743413993593
  0
LINE
  5
9C9
330
854
100
AcDbEntity
  8
0
370
9
100
AcDbLine
 10
4.841138448653509
 20
-202.2743413993593
 30
0.0
 11
4.841138448653509
 21
-204.2743413993593
 31
0.0
  0
LINE
  5
9CA
330
854
100
AcDbEntity
  8
0
370
9
100
AcDbLine
 10
4.782908840876189
 20
-202.2743413993593
 30
0.0
 11
4.782908840876189
 21
-204.2743413993593
 31
0.0
  0
LINE
  5
9CB
330
854
100
AcDbEntity
  8
0
370
9
100
AcDbLine
 10
4.900271476901252
 20
-202.2743413993593
 30
0.0
 11
4.900271476901252
 21
-204.2743413993593
 31
0.0
  0
LINE
  5
9CC
330
854
100
AcDbEntity
  8
0
370
9
100
AcDbLine
 10
4.812675314562511
 20
-202.2743413993593
 30
0.0
 11
4.812675314562511
 21
-204.2743413993593
 31
0.0
  0
LINE
  5
9CD
330
854
100
AcDbEntity
  8
0
370
9
100
AcDbLine
 10
4.86985614275909
 20
-202.2743413993593
 30
0.0
 11
4.86985614275909
 21
-204.2743413993593
 31
0.0
  0
LINE
  5
9CE
330
854
100
AcDbEntity
  8
0
370
9
100
AcDbLine
 10
4.921602764588897
 20
-204.2743413993593
 30
0.0
 11
4.921602764588897
 21
-202.2743413993593
 31
0.0
  0
LINE
  5
9CF
330
854
100
AcDbEntity
  8
0
370
9
100
AcDbLine
 10
4.762226413658936
 20
-202.2743413993593
 30
0.0
 11
4.762226413658936
 21
-204.2743413993593
 31
0.0
  0
LINE
  5
9D0
330
854
100
AcDbEntity
  8
0
370
9
100
AcDbLine
 10
5.393198263365775
 20
-202.2743413993593
 30
0.0
 11
5.393198263365775
 21
-204.2743413993593
 31
0.0
  0
LINE
  5
9D1
330
854
100
AcDbEntity
  8
0
370
9
100
AcDbLine
 10
5.393198263365775
 20
-202.2743413993593
 30
0.0
 11
5.393198263365775
 21
-204.2743413993593
 31
0.0
  0
LWPOLYLINE
  5
9D2
330
854
100
AcDbEntity
  8
0
370
9
100
AcDbPolyline
 90
4
 70
1
 10
5.541138448650599
 20
-204.2743413993593
 10
5.741138448647689
 20
-204.2743413993593
 10
5.741138448647689
 20
-202.2743413993593
 10
5.541138448650599
 20
-202.2743413993593
  0
LINE
  5
9D3
330
854
100
AcDbEntity
  8
0
370
9
100
AcDbLine
 10
5.64113844865642
 20
-202.2743413993593
 30
0.0
 11
5.64113844865642
 21
-204.2743413993593
 31
0.0
  0
LINE
  5
9D4
330
854
100
AcDbEntity
  8
0
370
9
100
AcDbLine
 10
5.582908840879099
 20
-202.2743413993593
 30
0.0
 11
5.582908840879099
 21
-204.2743413993593
 31
0.0
  0
LINE
  5
9D5
330
854
100
AcDbEntity
  8
0
370
9
100
AcDbLine
 10
5.700271476904163
 20
-202.2743413993593
 30
0.0
 11
5.700271476904163
 21
-204.2743413993593
 31
0.0
  0
LINE
  5
9D6
330
854
100
AcDbEntity
  8
0
370
9
100
AcDbLine
 10
5.612675314565422
 20
-202.2743413993593
 30
0.0
 11
5.612675314565422
 21
-204.2743413993593
 31
0.0
  0
LINE
  5
9D7
330
854
100
AcDbEntity
  8
0
370
9
100
AcDbLine
 10
5.669856142762
 20
-202.2743413993593
 30
0.0
 11
5.669856142762
 21
-204.2743413993593
 31
0.0
  0
LINE
  5
9D8
330
854
100
AcDbEntity
  8
0
370
9
100
AcDbLine
 10
5.721602764591807
 20
-204.2743413993593
 30
0.0
 11
5.721602764591807
 21
-202.2743413993593
 31
0.0
  0
LINE
  5
9D9
330
854
100
AcDbEntity
  8
0
370
9
100
AcDbLine
 10
5.562226413661846
 20
-202.2743413993593
 30
0.0
 11
5.562226413661846
 21
-204.2743413993593
 31
0.0
  0
LINE
  5
9DA
330
854
100
AcDbEntity
  8
0
370
9
100
AcDbLine
 10
6.193198263368685
 20
-202.2743413993593
 30
0.0
 11
6.193198263368685
 21
-204.2743413993593
 31
0.0
  0
LINE
  5
9DB
330
854
100
AcDbEntity
  8
0
370
9
100
AcDbLine
 10
6.193198263368685
 20
-202.2743413993593
 30
0.0
 11
6.193198263368685
 21
-204.2743413993593
 31
0.0
  0
LWPOLYLINE
  5
9DC
330
854
100
AcDbEntity
  8
0
370
9
100
AcDbPolyline
 90
4
 70
1
 10
6.341138448653509
 20
-204.2743413993593
 10
6.541138448650599
 20
-204.2743413993593
 10
6.541138448650599
 20
-202.2743413993593
 10
6.341138448653509
 20
-202.2743413993593
  0
LINE
  5
9DD
330
854
100
AcDbEntity
  8
0
370
9
100
AcDbLine
 10
6.44113844865933
 20
-202.2743413993593
 30
0.0
 11
6.44113844865933
 21
-204.2743413993593
 31
0.0
  0
LINE
  5
9DE
330
854
100
AcDbEntity
  8
0
370
9
100
AcDbLine
 10
6.382908840882009
 20
-202.2743413993593
 30
0.0
 11
6.382908840882009
 21
-204.2743413993593
 31
0.0
  0
LINE
  5
9DF
330
854
100
AcDbEntity
  8
0
370
9
100
AcDbLine
 10
6.500271476907073
 20
-202.2743413993593
 30
0.0
 11
6.500271476907073
 21
-204.2743413993593
 31
0.0
  0
LINE
  5
9E0
330
854
100
AcDbEntity
  8
0
370
9
100
AcDbLine
 10
6.412675314568332
 20
-202.2743413993593
 30
0.0
 11
6.412675314568332
 21
-204.2743413993593
 31
0.0
  0
LINE
  5
9E1
330
854
100
AcDbEntity
  8
0
370
9
100
AcDbLine
 10
6.469856142764911
 20
-202.2743413993593
 30
0.0
 11
6.469856142764911
 21
-204.2743413993593
 31
0.0
  0
LINE
  5
9E2
330
854
100
AcDbEntity
  8
0
370
9
100
AcDbLine
 10
6.521602764594717
 20
-204.2743413993593
 30
0.0
 11
6.521602764594717
 21
-202.2743413993593
 31
0.0
  0
LINE
  5
9E3
330
854
100
AcDbEntity
  8
0
370
9
100
AcDbLine
 10
6.362226413664757
 20
-202.2743413993593
 30
0.0
 11
6.362226413664757
 21
-204.2743413993593
 31
0.0
  0
LINE
  5
9E4
330
854
100
AcDbEntity
  8
0
370
9
100
AcDbLine
 10
6.993198263371596
 20
-202.2743413993593
 30
0.0
 11
6.993198263371596
 21
-204.2743413993593
 31
0.0
  0
LINE
  5
9E5
330
854
100
AcDbEntity
  8
0
370
9
100
AcDbLine
 10
6.993198263371596
 20
-202.2743413993593
 30
0.0
 11
6.993198263371596
 21
-204.2743413993593
 31
0.0
  0
LWPOLYLINE
  5
9E6
330
854
100
AcDbEntity
  8
0
370
9
100
AcDbPolyline
 90
4
 70
1
 10
7.14113844865642
 20
-204.2743413993593
 10
7.341138448653509
 20
-204.2743413993593
 10
7.341138448653509
 20
-202.2743413993593
 10
7.14113844865642
 20
-202.2743413993593
  0
LINE
  5
9E7
330
854
100
AcDbEntity
  8
0
370
9
100
AcDbLine
 10
7.24113844866224
 20
-202.2743413993593
 30
0.0
 11
7.24113844866224
 21
-204.2743413993593
 31
0.0
  0
LINE
  5
9E8
330
854
100
AcDbEntity
  8
0
370
9
100
AcDbLine
 10
7.18290884088492
 20
-202.2743413993593
 30
0.0
 11
7.18290884088492
 21
-204.2743413993593
 31
0.0
  0
LINE
  5
9E9
330
854
100
AcDbEntity
  8
0
370
9
100
AcDbLine
 10
7.300271476909983
 20
-202.2743413993593
 30
0.0
 11
7.300271476909983
 21
-204.2743413993593
 31
0.0
  0
LINE
  5
9EA
330
854
100
AcDbEntity
  8
0
370
9
100
AcDbLine
 10
7.212675314571242
 20
-202.2743413993593
 30
0.0
 11
7.212675314571242
 21
-204.2743413993593
 31
0.0
  0
LINE
  5
9EB
330
854
100
AcDbEntity
  8
0
370
9
100
AcDbLine
 10
7.269856142767821
 20
-202.2743413993593
 30
0.0
 11
7.269856142767821
 21
-204.2743413993593
 31
0.0
  0
LINE
  5
9EC
330
854
100
AcDbEntity
  8
0
370
9
100
AcDbLine
 10
7.321602764597628
 20
-204.2743413993593
 30
0.0
 11
7.321602764597628
 21
-202.2743413993593
 31
0.0
  0
LINE
  5
9ED
330
854
100
AcDbEntity
  8
0
370
9
100
AcDbLine
 10
7.162226413667667
 20
-202.2743413993593
 30
0.0
 11
7.162226413667667
 21
-204.2743413993593
 31
0.0
  0
LINE
  5
9EE
330
854
100
AcDbEntity
  8
0
370
9
100
AcDbLine
 10
7.793198263374506
 20
-202.2743413993593
 30
0.0
 11
7.793198263374506
 21
-204.2743413993593
 31
0.0
  0
LINE
  5
9EF
330
854
100
AcDbEntity
  8
0
370
9
100
AcDbLine
 10
7.793198263374506
 20
-202.2743413993593
 30
0.0
 11
7.793198263374506
 21
-204.2743413993593
 31
0.0
  0
LWPOLYLINE
  5
9F0
330
854
100
AcDbEntity
  8
0
370
9
100
AcDbPolyline
 90
4
 70
1
 10
7.94113844865933
 20
-204.2743413993593
 10
8.14113844865642
 20
-204.2743413993593
 10
8.14113844865642
 20
-202.2743413993593
 10
7.94113844865933
 20
-202.2743413993593
  0
LINE
  5
9F1
330
854
100
AcDbEntity
  8
0
370
9
100
AcDbLine
 10
8.041138448665151
 20
-202.2743413993593
 30
0.0
 11
8.041138448665151
 21
-204.2743413993593
 31
0.0
  0
LINE
  5
9F2
330
854
100
AcDbEntity
  8
0
370
9
100
AcDbLine
 10
7.98290884088783
 20
-202.2743413993593
 30
0.0
 11
7.98290884088783
 21
-204.2743413993593
 31
0.0
  0
LINE
  5
9F3
330
854
100
AcDbEntity
  8
0
370
9
100
AcDbLine
 10
8.100271476912894
 20
-202.2743413993593
 30
0.0
 11
8.100271476912894
 21
-204.2743413993593
 31
0.0
  0
LINE
  5
9F4
330
854
100
AcDbEntity
  8
0
370
9
100
AcDbLine
 10
8.012675314574153
 20
-202.2743413993593
 30
0.0
 11
8.012675314574153
 21
-204.2743413993593
 31
0.0
  0
LINE
  5
9F5
330
854
100
AcDbEntity
  8
0
370
9
100
AcDbLine
 10
8.069856142770732
 20
-202.2743413993593
 30
0.0
 11
8.069856142770732
 21
-204.2743413993593
 31
0.0
  0
LINE
  5
9F6
330
854
100
AcDbEntity
  8
0
370
9
100
AcDbLine
 10
8.121602764600539
 20
-204.2743413993593
 30
0.0
 11
8.121602764600539
 21
-202.2743413993593
 31
0.0
  0
LINE
  5
9F7
330
854
100
AcDbEntity
  8
0
370
9
100
AcDbLine
 10
7.962226413670578
 20
-202.2743413993593
 30
0.0
 11
7.962226413670578
 21
-204.2743413993593
 31
0.0
  0
LINE
  5
9F8
330
854
100
AcDbEntity
  8
0
370
9
100
AcDbLine
 10
8.593198263362863
 20
-202.2743413993593
 30
0.0
 11
8.593198263362863
 21
-204.2743413993593
 31
0.0
  0
LINE
  5
9F9
330
854
100
AcDbEntity
  8
0
370
9
100
AcDbLine
 10
8.593198263362863
 20
-202.2743413993593
 30
0.0
 11
8.593198263362863
 21
-204.2743413993593
 31
0.0
  0
LWPOLYLINE
  5
9FA
330
854
100
AcDbEntity
  8
0
370
9
100
AcDbPolyline
 90
4
 70
1
 10
8.741138448647689
 20
-204.2743413993593
 10
8.941138448644779
 20
-204.2743413993593
 10
8.941138448644779
 20
-202.2743413993593
 10
8.741138448647689
 20
-202.2743413993593
  0
LINE
  5
9FB
330
854
100
AcDbEntity
  8
0
370
9
100
AcDbLine
 10
8.84113844865351
 20
-202.2743413993593
 30
0.0
 11
8.84113844865351
 21
-204.2743413993593
 31
0.0
  0
LINE
  5
9FC
330
854
100
AcDbEntity
  8
0
370
9
100
AcDbLine
 10
8.782908840876189
 20
-202.2743413993593
 30
0.0
 11
8.782908840876189
 21
-204.2743413993593
 31
0.0
  0
LINE
  5
9FD
330
854
100
AcDbEntity
  8
0
370
9
100
AcDbLine
 10
8.900271476901253
 20
-202.2743413993593
 30
0.0
 11
8.900271476901253
 21
-204.2743413993593
 31
0.0
  0
LINE
  5
9FE
330
854
100
AcDbEntity
  8
0
370
9
100
AcDbLine
 10
8.812675314562512
 20
-202.2743413993593
 30
0.0
 11
8.812675314562512
 21
-204.2743413993593
 31
0.0
  0
LINE
  5
9FF
330
854
100
AcDbEntity
  8
0
370
9
100
AcDbLine
 10
8.86985614275909
 20
-202.2743413993593
 30
0.0
 11
8.86985614275909
 21
-204.2743413993593
 31
0.0
  0
LINE
  5
A00
330
854
100
AcDbEntity
  8
0
370
9
100
AcDbLine
 10
8.921602764588897
 20
-204.2743413993593
 30
0.0
 11
8.921602764588897
 21
-202.2743413993593
 31
0.0
  0
LINE
  5
A01
330
854
100
AcDbEntity
  8
0
370
9
100
AcDbLine
 10
8.762226413658937
 20
-202.2743413993593
 30
0.0
 11
8.762226413658937
 21
-204.2743413993593
 31
0.0
  0
LINE
  5
A02
330
854
100
AcDbEntity
  8
0
370
9
100
AcDbLine
 10
9.393198263365775
 20
-202.2743413993593
 30
0.0
 11
9.393198263365775
 21
-204.2743413993593
 31
0.0
  0
LINE
  5
A03
330
854
100
AcDbEntity
  8
0
370
9
100
AcDbLine
 10
9.393198263365775
 20
-202.2743413993593
 30
0.0
 11
9.393198263365775
 21
-204.2743413993593
 31
0.0
  0
LWPOLYLINE
  5
A04
330
854
100
AcDbEntity
  8
0
370
9
100
AcDbPolyline
 90
4
 70
1
 10
9.5411384486506
 20
-204.2743413993593
 10
9.741138448647689
 20
-204.2743413993593
 10
9.741138448647689
 20
-202.2743413993593
 10
9.5411384486506
 20
-202.2743413993593
  0
LINE
  5
A05
330
854
100
AcDbEntity
  8
0
370
9
100
AcDbLine
 10
9.64113844865642
 20
-202.2743413993593
 30
0.0
 11
9.64113844865642
 21
-204.2743413993593
 31
0.0
  0
LINE
  5
A06
330
854
100
AcDbEntity
  8
0
370
9
100
AcDbLine
 10
9.5829088408791
 20
-202.2743413993593
 30
0.0
 11
9.5829088408791
 21
-204.2743413993593
 31
0.0
  0
LINE
  5
A07
330
854
100
AcDbEntity
  8
0
370
9
100
AcDbLine
 10
9.700271476904163
 20
-202.2743413993593
 30
0.0
 11
9.700271476904163
 21
-204.2743413993593
 31
0.0
  0
LINE
  5
A08
330
854
100
AcDbEntity
  8
0
370
9
100
AcDbLine
 10
9.612675314565422
 20
-202.2743413993593
 30
0.0
 11
9.612675314565422
 21
-204.2743413993593
 31
0.0
  0
LINE
  5
A09
330
854
100
AcDbEntity
  8
0
370
9
100
AcDbLine
 10
9.669856142762
 20
-202.2743413993593
 30
0.0
 11
9.669856142762
 21
-204.2743413993593
 31
0.0
  0
LINE
  5
A0A
330
854
100
AcDbEntity
  8
0
370
9
100
AcDbLine
 10
9.721602764591807
 20
-204.2743413993593
 30
0.0
 11
9.721602764591807
 21
-202.2743413993593
 31
0.0
  0
LINE
  5
A0B
330
854
100
AcDbEntity
  8
0
370
9
100
AcDbLine
 10
9.562226413661845
 20
-202.2743413993593
 30
0.0
 11
9.562226413661845
 21
-204.2743413993593
 31
0.0
  0
MTEXT
  5
A0C
330
854
100
AcDbEntity
  8
0
100
AcDbMText
 10
-18.71076404319319
 20
-195.2962430559636
 30
0.0
 40
1.799999999999999
 41
72.26130461352147
 46
17.49999999974773
 71
5
 72
5
  1
S1-S2: 5000/5A
  7
THIÊN1
  0
MTEXT
  5
A0D
330
854
100
AcDbEntity
  8
0
100
AcDbMText
 10
-18.71076404319319
 20
-199.1986673674254
 30
0.0
 40
1.799999999999999
 41
72.26130461352147
 46
17.49999999974773
 71
5
 72
5
  1
S: 5A
  7
THIÊN1
  0
MTEXT
  5
A0E
330
854
100
AcDbEntity
  8
0
100
AcDbMText
 10
-2.561357117258012
 20
-199.1986673674254
 30
0.0
 40
1.799999999999999
 41
72.26130461352147
 46
17.49999999974773
 71
5
 72
5
  1
Cấp 0,5
  7
THIÊN1
  0
MTEXT
  5
A0F
330
854
100
AcDbEntity
  8
0
100
AcDbMText
 10
-2.561357117258012
 20
-195.1603083986628
 30
0.0
 40
1.799999999999999
 41
72.26130461352147
 46
17.49999999974773
 71
5
 72
5
  1
600V
  7
THIÊN1
  0
MTEXT
  5
A10
330
854
100
AcDbEntity
  8
0
100
AcDbMText
 10
9.721549676149152
 20
-195.1603083986628
 30
0.0
 40
1.799999999999999
 41
72.26130461352147
 46
17.49999999974773
 71
5
 72
5
  1
50Hz
  7
THIÊN1
  0
MTEXT
  5
A11
330
854
100
AcDbEntity
  8
0
100
AcDbMText
 10
9.721549676149152
 20
-199.1986673674254
 30
0.0
 40
1.799999999999999
 41
72.26130461352147
 46
17.49999999974773
 71
5
 72
5
  1
2021
  7
THIÊN1
  0
LWPOLYLINE
  5
A12
330
854
100
AcDbEntity
  8
0
100
AcDbPolyline
 90
4
 70
0
 10
29.48854253221361
 20
-206.2835801633481
 10
31.08854253221944
 20
-206.2835801633481
 10
31.08854253221944
 20
-206.4435801633516
 10
29.32854253222468
 20
-206.4435801633516
  0
LWPOLYLINE
  5
A13
330
854
100
AcDbEntity
  8
0
100
AcDbPolyline
 90
4
 70
0
 10
24.04854253221129
 20
-206.4435801633516
 10
22.28854253221653
 20
-206.4435801633516
 10
22.28854253221653
 20
-206.2835801633481
 10
23.88854253222234
 20
-206.2835801633481
  0
LINE
  5
A14
330
854
100
AcDbEntity
  8
0
100
AcDbLine
 10
29.48854253221361
 20
-206.2835801633481
 30
0.0
 11
29.48854253221361
 21
-205.8835801633466
 31
0.0
  0
LINE
  5
A15
330
854
100
AcDbEntity
  8
0
100
AcDbLine
 10
29.32854253222468
 20
-206.4435801633516
 30
0.0
 11
29.32854253222468
 21
-206.0435801633502
 31
0.0
  0
LINE
  5
A16
330
854
100
AcDbEntity
  8
0
100
AcDbLine
 10
23.88854253222234
 20
-206.2835801633481
 30
0.0
 11
23.88854253222234
 21
-205.8835801633466
 31
0.0
  0
LINE
  5
A17
330
854
100
AcDbEntity
  8
0
100
AcDbLine
 10
24.04854253221129
 20
-206.4435801633516
 30
0.0
 11
24.04854253221129
 21
-206.0435801633502
 31
0.0
  0
LINE
  5
A18
330
854
100
AcDbEntity
  8
0
100
AcDbLine
 10
24.04854253221129
 20
-206.0435801633502
 30
0.0
 11
29.32854253222468
 21
-206.0435801633502
 31
0.0
  0
CIRCLE
  5
A19
330
854
100
AcDbEntity
  8
0
100
AcDbCircle
 10
26.6885425322107
 20
-201.9635801633484
 30
0.0
 40
1.52
  0
ARC
  5
A1A
330
854
100
AcDbEntity
  8
0
100
AcDbCircle
 10
26.6885425322107
 20
-201.9635801633484
 30
0.0
 40
3.52
100
AcDbArc
 50
348.5926148324158
 51
191.4073851675841
  0
LINE
  5
A1B
330
854
100
AcDbEntity
  8
0
100
AcDbLine
 10
29.48854253221361
 20
-205.8835801633466
 30
0.0
 11
30.13900735868083
 21
-202.6597787566933
 31
0.0
  0
LINE
  5
A1C
330
854
100
AcDbEntity
  8
0
100
AcDbLine
 10
23.88854253222234
 20
-205.8835801633466
 30
0.0
 11
23.23807770575513
 21
-202.6597787566933
 31
0.0
  0
MTEXT
  5
A1D
330
854
100
AcDbEntity
  8
0
100
AcDbMText
 10
26.6424036292301
 20
-199.5704032993161
 30
0.0
 40
0.4800000000000001
 41
19.2696812302724
 46
17.49999999974773
 71
5
 72
5
  1
P1
  7
THIÊN1
  0
LINE
  5
A1E
330
854
100
AcDbEntity
  8
0
100
AcDbLine
 10
23.88854253222234
 20
-205.8835801633466
 30
0.0
 11
29.48854253221361
 21
-205.8835801633466
 31
0.0
  0
LINE
  5
A1F
330
854
100
AcDbEntity
  8
0
100
AcDbLine
 10
23.27521818492096
 20
-198.1694987011868
 30
0.0
 11
24.37675167592534
 21
-199.3091455650209
 31
0.0
  0
LINE
  5
A20
330
854
100
AcDbEntity
  8
0
100
AcDbLine
 10
25.7710678614676
 20
-200.7517054880953
 30
0.0
 11
30.44610622065375
 21
-205.5885015073071
 31
0.0
  0
LINE
  5
A21
330
854
100
AcDbEntity
  8
0
100
AcDbLine
 10
23.05485413598944
 20
-197.941509993332
 30
0.0
 11
23.43281535498682
 21
-197.9946430249764
 31
0.0
  0
LINE
  5
A22
330
854
100
AcDbEntity
  8
0
100
AcDbLine
 10
23.43281535498682
 20
-197.9946430249764
 30
0.0
 11
23.27521818492096
 21
-198.1694987011723
 31
0.0
  0
LINE
  5
A23
330
854
100
AcDbEntity
  8
0
100
AcDbLine
 10
23.05485413598944
 20
-197.9415099933247
 30
0.0
 11
23.09510499118187
 21
-198.3210592928516
 31
0.0
  0
LINE
  5
A24
330
854
100
AcDbEntity
  8
0
100
AcDbLine
 10
23.09510499118187
 20
-198.3210592928516
 30
0.0
 11
23.27521818492096
 21
-198.169498701165
 31
0.0
  0
CIRCLE
  5
A25
330
854
100
AcDbEntity
  8
0
100
AcDbCircle
 10
30.55730322543241
 20
-205.7035459601538
 30
0.0
 40
0.16
  0
MTEXT
  5
A26
330
854
100
AcDbEntity
  8
0
100
AcDbMText
 10
26.56704341075965
 20
-208.9494101972231
 30
0.0
 40
1.199999999999999
 41
72.26130461352147
 46
17.49999999974773
 71
5
 72
5
  1
\pi-3.6,l3.6,t3.6;W =1
  7
THIÊN1
  0
MTEXT
  5
A27
330
854
100
AcDbEntity
  8
0
100
AcDbMText
 10
26.30952691494895
 20
-209.4620293143815
 30
0.0
 40
0.36
 41
21.67839138405645
 46
17.49999999974773
 71
5
 72
5
  1
1
  7
THIÊN1
  0
MTEXT
  5
A28
330
854
100
AcDbEntity
  8
0
100
AcDbMText
 10
-7.328534930027672
 20
-206.4108003188811
 30
0.0
 40
1.799999999999999
 41
72.26130461352147
 46
17.49999999974773
 71
5
 72
5
  1
Số: 2122126868
  7
THIÊN1
  0
LINE
  5
A29
330
854
100
AcDbEntity
  8
0
370
9
100
AcDbLine
 10
-30.0
 20
22.5
 30
0.0
 11
-30.0
 21
11.5
 31
0.0
  0
ARC
  5
A2A
330
854
100
AcDbEntity
  8
0
370
9
100
AcDbCircle
 10
-29.0
 20
22.5
 30
0.0
 40
1.0
100
AcDbArc
 50
90.0
 51
180.0
  0
LINE
  5
A2B
330
854
100
AcDbEntity
  8
0
370
9
100
AcDbLine
 10
30.0
 20
22.5
 30
0.0
 11
30.0
 21
11.5
 31
0.0
  0
ARC
  5
A2C
330
854
100
AcDbEntity
  8
0
370
9
100
AcDbCircle
 10
29.0
 20
22.5
 30
0.0
 40
1.0
100
AcDbArc
 50
0.0
 51
90.0
  0
MTEXT
  5
A2D
330
854
100
AcDbEntity
  8
0
 62
1
100
AcDbMText
 10
0.5469651506573427
 20
-18.46400029021595
 30
0.0
 40
3.0
 41
120.4355076892025
 46
17.49999999974773
 71
5
 72
5
  1
3000~5000A\PEMIC
  7
THIÊN1
  0
MTEXT
  5
A2E
330
854
100
AcDbEntity
  8
0
 62
1
100
AcDbMText
 10
81.04584129259455
 20
-102.299358755139
 30
0.0
 40
6.0
 41
240.871015378405
 46
17.49999999974773
 71
5
 72
5
  1
P1
  7
THIÊN1
  0
LWPOLYLINE
  5
A2F
330
854
100
AcDbEntity
  8
0
 62
1
370
9
 60
1
100
AcDbPolyline
 90
8
 70
1
 10
-101.5
 20
22.0
 10
101.5
 20
22.0
 42
-0.4142135623730951
 10
102.5
 20
21.0
 10
102.5
 20
-25.0
 42
-0.4142135623730951
 10
101.5
 20
-26.0
 10
-101.5
 20
-26.0
 42
-0.4142135623730951
 10
-102.5
 20
-25.0
 10
-102.5
 20
21.0
 42
-0.4142135623730951
  0
LINE
  5
A30
330
854
100
AcDbEntity
  8
0
 62
1
370
9
 60
1
100
AcDbLine
 10
-62.5
 20
22.0
 30
0.0
 11
-62.5
 21
-26.0
 31
0.0
  0
LINE
  5
A31
330
854
100
AcDbEntity
  8
0
 62
1
370
9
 60
1
100
AcDbLine
 10
62.5
 20
22.0
 30
0.0
 11
62.5
 21
-26.0
 31
0.0
  0
LWPOLYLINE
  5
A32
330
854
100
AcDbEntity
  8
0
 62
8
370
9
 60
1
100
AcDbPolyline
 90
4
 70
1
 10
65.98806977196364
 20
-26.0
 10
65.98806977196364
 20
-31.0
 10
61.98806977196364
 20
-31.0
 10
61.98806977196364
 20
-26.0
  0
LWPOLYLINE
  5
A33
330
854
100
AcDbEntity
  8
0
370
9
 60
1
100
AcDbPolyline
 90
8
 70
1
 10
-29.0
 20
14.0
 10
29.0
 20
14.0
 42
-0.4142135623730951
 10
30.0
 20
13.0
 10
30.0
 20
-17.0
 42
-0.4142135623730951
 10
29.0
 20
-18.0
 10
-29.0
 20
-18.0
 42
-0.4142135623730951
 10
-30.0
 20
-17.0
 10
-30.0
 20
13.0
 42
-0.4142135623730951
  0
LINE
  5
A34
330
854
100
AcDbEntity
  8
0
370
9
 60
1
100
AcDbLine
 10
10.5
 20
14.0
 30
0.0
 11
10.5
 21
-18.0
 31
0.0
  0
LINE
  5
A35
330
854
100
AcDbEntity
  8
0
370
9
 60
1
100
AcDbLine
 10
-10.5
 20
14.0
 30
0.0
 11
-10.5
 21
-18.0
 31
0.0
  0
CIRCLE
  5
A36
330
854
100
AcDbEntity
  8
0
370
9
 60
1
100
AcDbCircle
 10
0.0
 20
-2.0
 30
0.0
 40
2.5
  0
LINE
  5
A37
330
854
100
AcDbEntity
  8
0
370
9
 60
1
100
AcDbLine
 10
-0.5
 20
0.4494897427866818
 30
0.0
 11
-0.500000000014552
 21
-4.449489742779405
 31
0.0
  0
LINE
  5
A38
330
854
100
AcDbEntity
  8
0
370
9
 60
1
100
AcDbLine
 10
0.5
 20
0.4494897427866818
 30
0.0
 11
0.5
 21
-4.449489742786681
 31
0.0
  0
MTEXT
  5
A39
330
854
100
AcDbEntity
  8
0
 62
1
370
9
 60
1
100
AcDbMText
 10
-0.1150921554508386
 20
-1.21819858092931
 30
0.0
 40
2.564999999999999
 41
102.9723590742681
 46
17.49999999974773
 71
5
 72
5
  1
3000~5000A\P\P\P\PEMIC
  7
THIÊN1
  0
LINE
  5
A3A
330
854
100
AcDbEntity
  8
0
370
9
 60
1
100
AcDbLine
 10
-10.5
 20
3.224458726901502
 30
0.0
 11
10.5
 21
3.224458726901502
 31
0.0
  0
LINE
  5
A3B
330
854
100
AcDbEntity
  8
0
370
9
 60
1
100
AcDbLine
 10
-10.5
 20
-7.224458726908778
 30
0.0
 11
10.5
 21
-7.224458726908778
 31
0.0
  0
LINE
  5
A3C
330
854
100
AcDbEntity
  8
0
 62
8
370
9
 60
1
100
AcDbLine
 10
-91.33850911054469
 20
-2.0
 30
0.0
 11
-79.36907827563118
 21
-2.0
 31
0.0
  0
LINE
  5
A3D
330
854
100
AcDbEntity
  8
0
 62
8
370
9
 60
1
100
AcDbLine
 10
-85.0005837577919
 20
5.526587002437736
 30
0.0
 11
-85.0005837577919
 21
-9.526587002437736
 31
0.0
  0
CIRCLE
  5
A3E
330
854
100
AcDbEntity
  8
0
 62
8
370
9
 60
1
100
AcDbCircle
 10
-85.0005837577919
 20
-2.0
 30
0.0
 40
4.0
  0
LINE
  5
A3F
330
854
100
AcDbEntity
  8
0
 62
8
370
9
 60
1
100
AcDbLine
 10
91.33850911053015
 20
-2.0
 30
0.0
 11
79.36907827561663
 21
-2.0
 31
0.0
  0
LINE
  5
A40
330
854
100
AcDbEntity
  8
0
 62
8
370
9
 60
1
100
AcDbLine
 10
85.00058375777735
 20
5.526587002437736
 30
0.0
 11
85.00058375777735
 21
-9.526587002437736
 31
0.0
  0
CIRCLE
  5
A41
330
854
100
AcDbEntity
  8
0
 62
8
370
9
 60
1
100
AcDbCircle
 10
85.00058375777735
 20
-2.0
 30
0.0
 40
3.999999999999999
  0
LWPOLYLINE
  5
A42
330
854
100
AcDbEntity
  8
0
 62
1
370
9
 60
1
100
AcDbPolyline
 90
6
 70
0
 10
111.0
 20
-18.00000000000005
 10
111.0
 20
-26.00000000000005
 10
-111.0
 20
-26.00000000000001
 10
-111.0
 20
22.00000000000002
 10
111.0
 20
21.99999999999998
 10
111.0
 20
13.99999999999998
  0
LINE
  5
A43
330
854
100
AcDbEntity
  8
0
 62
54
 60
1
100
AcDbLine
 10
-109.0
 20
22.00000000000002
 30
0.0
 11
-109.0
 21
-26.00000000000001
 31
0.0
  0
LINE
  5
A44
330
854
100
AcDbEntity
  8
0
 62
54
 60
1
100
AcDbLine
 10
-104.0
 20
22.00000000000002
 30
0.0
 11
-104.0
 21
-26.00000000000001
 31
0.0
  0
LINE
  5
A45
330
854
100
AcDbEntity
  8
0
 62
1
370
9
 60
1
100
AcDbLine
 10
-69.87489565935539
 20
22.00000000000001
 30
0.0
 11
-69.87489565935539
 21
-26.00000000000001
 31
0.0
  0
LINE
  5
A46
330
854
100
AcDbEntity
  8
0
 62
1
370
9
 60
1
100
AcDbLine
 10
-57.5
 20
22.00000000000001
 30
0.0
 11
-57.5
 21
-26.00000000000002
 31
0.0
  0
LINE
  5
A47
330
854
100
AcDbEntity
  8
0
 62
1
370
9
 60
1
100
AcDbLine
 10
67.5
 20
21.99999999999999
 30
0.0
 11
67.5
 21
-26.00000000000004
 31
0.0
  0
LWPOLYLINE
  5
A48
330
854
100
AcDbEntity
  8
0
 62
8
370
9
 60
1
100
AcDbPolyline
 90
4
 70
1
 10
-85.21557438012678
 20
-26.00000000000001
 10
-85.21557438012678
 20
-31.00000000000001
 10
-89.21557438012678
 20
-31.00000000000001
 10
-89.21557438012678
 20
-26.00000000000001
  0
LWPOLYLINE
  5
A49
330
854
100
AcDbEntity
  8
0
 62
1
 60
1
100
AcDbPolyline
 90
4
 70
0
 10
122.8245379887158
 20
-18.00000000000005
 10
103.0114789195722
 20
-18.00000000000005
 10
103.0114789195722
 20
13.99999999999998
 10
122.8245379887158
 20
13.99999999999998
  0
LINE
  5
A4A
330
854
100
AcDbEntity
  8
0
370
9
 60
1
100
AcDbLine
 10
119.0000129479741
 20
-18.00000000000005
 30
0.0
 11
119.0000129479741
 21
13.99999999999998
 31
0.0
  0
LWPOLYLINE
  5
A4B
330
854
100
AcDbEntity
  8
0
370
9
 60
1
100
AcDbPolyline
 90
6
 70
1
 10
119.0000129480177
 20
2.499999999999978
 10
119.0000129480177
 20
-6.500000000000049
 10
123.5000129480177
 20
-6.500000000000049
 42
0.4142135623730951
 10
128.0000129480177
 20
-2.000000000000024
 10
128.0000129480177
 20
-2.000000000000024
 42
0.4142135623730951
 10
123.5000129480177
 20
2.499999999999978
  0
LINE
  5
A4C
330
854
100
AcDbEntity
  8
0
370
9
 60
1
100
AcDbLine
 10
119.0000129479741
 20
13.99999999999998
 30
0.0
 11
130.0
 21
13.99999999999998
 31
0.0
  0
ARC
  5
A4D
330
854
100
AcDbEntity
  8
0
370
9
 60
1
100
AcDbCircle
 10
130.0
 20
12.99999999999998
 30
0.0
 40
1.0
100
AcDbArc
 50
0.0
 51
90.0
  0
LINE
  5
A4E
330
854
100
AcDbEntity
  8
0
370
9
 60
1
100
AcDbLine
 10
130.0
 20
-18.00000000000005
 30
0.0
 11
119.0000129479741
 21
-18.00000000000005
 31
0.0
  0
ARC
  5
A4F
330
854
100
AcDbEntity
  8
0
370
9
 60
1
100
AcDbCircle
 10
130.0
 20
-17.00000000000005
 30
0.0
 40
1.0
100
AcDbArc
 50
270.0
 51
0.0
  0
LINE
  5
A50
330
854
100
AcDbEntity
  8
0
370
9
 60
1
100
AcDbLine
 10
131.0
 20
12.99999999999998
 30
0.0
 11
131.0
 21
-17.00000000000005
 31
0.0
  0
MTEXT
  5
A51
330
854
100
AcDbEntity
  8
0
 62
1
 60
1
100
AcDbMText
 10
109.5185443269802
 20
-2.077701040281702
 30
0.0
 40
3.0
 41
120.4355076892025
 46
17.49999999974773
 71
5
 72
5
  1
3000~5000A\PEMIC
  7
THIÊN1
 11
-2e-16
 21
-1.0
 31
0.0
  0
LINE
  5
A52
330
854
100
AcDbEntity
  8
0
 62
1
370
9
 60
1
100
AcDbLine
 10
-109.0
 20
22.00000000000002
 30
0.0
 11
-109.0
 21
-26.00000000000001
 31
0.0
  0
LINE
  5
A53
330
854
100
AcDbEntity
  8
0
 62
1
370
9
 60
1
100
AcDbLine
 10
-104.0
 20
22.00000000000002
 30
0.0
 11
-104.0
 21
-26.00000000000001
 31
0.0
  0
LINE
  5
A54
330
854
100
AcDbEntity
  8
0
 62
85
 60
1
100
AcDbLine
 10
-108.9999817061107
 20
22.00000000000002
 30
0.0
 11
-108.9999817061107
 21
-26.00000000000001
 31
0.0
  0
LINE
  5
A55
330
854
100
AcDbEntity
  8
0
 62
85
 60
1
100
AcDbLine
 10
-103.9999817061107
 20
22.00000000000002
 30
0.0
 11
-103.9999817061107
 21
-26.00000000000001
 31
0.0
  0
LINE
  5
A56
330
854
100
AcDbEntity
  8
0
 62
54
 60
1
100
AcDbLine
 10
-109.0
 20
22.00000000000002
 30
0.0
 11
-109.0
 21
-26.00000000000001
 31
0.0
  0
LWPOLYLINE
  5
A57
330
854
100
AcDbEntity
  8
0
 62
54
 60
1
100
AcDbPolyline
 90
4
 70
1
 10
-104.0
 20
22.00000000000002
 10
-104.0
 20
-26.00000000000001
 10
-111.0
 20
-26.00000000000001
 10
-111.0
 20
22.00000000000002
  0
ENDBLK
  5
856
330
854
100
AcDbEntity
  8
0
100
AcDbBlockEnd
  0
ENDSEC
  0
SECTION
  2
ENTITIES
  0
MTEXT
  5
2F
330
17
100
AcDbEntity
  8
0
 62
7
100
AcDbMText
 10
714.4314489084652
 20
407.939841378633
 30
0.0
 40
20.0
 41
0.0
 46
0.0
 71
5
 72
5
  1
{\fArial|b0|i0|c0|p34;EM4H05}
  0
MTEXT
  5
30
330
17
100
AcDbEntity
  8
0
 62
7
100
AcDbMText
 10
453.6185758180511
 20
407.939841378633
 30
0.0
 40
20.0
 41
0.0
 46
0.0
 71
5
 72
5
  1
{\fArial|b0|i0|c0|p34;EM4H04}
  0
MTEXT
  5
31
330
17
100
AcDbEntity
  8
0
 62
7
100
AcDbMText
 10
188.02317008803925
 20
407.939841378633
 30
0.0
 40
20.0
 41
0.0
 46
0.0
 71
5
 72
5
  1
{\fArial|b0|i0|c0|p34;EM4H03}
  0
MTEXT
  5
32
330
17
100
AcDbEntity
  8
0
 62
7
100
AcDbMText
 10
1027.18867671155
 20
408.7754596378236
 30
0.0
 40
20.0
 41
0.0
 46
0.0
 71
5
 72
5
  1
{\fArial|b0|i0|c0|p34;EM4H06}
  0
MTEXT
  5
33
330
17
100
AcDbEntity
  8
0
 62
7
100
AcDbMText
 10
1346.6356981587162
 20
415.30105550548615
 30
0.0
 40
20.0
 41
0.0
 46
0.0
 71
5
 72
5
  1
{\fArial|b0|i0|c0|p34;EM4H07}
  0
INSERT
  5
34
330
17
100
AcDbEntity
  8
0
100
AcDbBlockReference
  2
*U1912
 10
129.53377859873513
 20
143.13855168391456
 30
0.0
  0
INSERT
  5
36
330
17
100
AcDbEntity
  8
0
100
AcDbBlockReference
  2
*U407
 10
448.92850128132
 20
233.13855168391456
 30
0.0
  0
INSERT
  5
38
330
17
100
AcDbEntity
  8
0
100
AcDbBlockReference
  2
*U1911
 10
718.8035413790351
 20
294.63855168391456
 30
0.0
  0
INSERT
  5
3A
330
17
100
AcDbEntity
  8
0
100
AcDbBlockReference
  2
*U410
 10
1023.9123586633652
 20
338.13855168391456
 30
0.0
  0
INSERT
  5
3C
330
17
100
AcDbEntity
  8
0
100
AcDbBlockReference
  2
*U412
 10
1354.76171570878
 20
361.63855168391456
 30
0.0
  0
ENDSEC
  0
SECTION
  2
OBJECTS
  0
DICTIONARY
  5
A
330
0
100
AcDbDictionary
281
1
  3
ACAD_COLOR
350
B
  3
ACAD_GROUP
350
C
  3
ACAD_LAYOUT
350
D
  3
ACAD_MATERIAL
350
E
  3
ACAD_MLEADERSTYLE
350
F
  3
ACAD_MLINESTYLE
350
10
  3
ACAD_PLOTSETTINGS
350
11
  3
ACAD_PLOTSTYLENAME
350
12
  3
ACAD_SCALELIST
350
14
  3
ACAD_TABLESTYLE
350
15
  3
ACAD_VISUALSTYLE
350
16
  3
EZDXF_META
350
2D
  0
DICTIONARY
  5
B
330
A
100
AcDbDictionary
281
1
  0
DICTIONARY
  5
C
330
A
100
AcDbDictionary
281
1
  0
DICTIONARY
  5
D
330
A
100
AcDbDictionary
281
1
  3
Model
350
1A
  3
Layout1
350
1E
  0
DICTIONARY
  5
E
330
A
100
AcDbDictionary
281
1
  3
ByBlock
350
1F
  3
ByLayer
350
20
  3
Global
350
21
  0
DICTIONARY
  5
F
330
A
100
AcDbDictionary
281
1
  3
Standard
350
2C
  0
DICTIONARY
  5
10
330
A
100
AcDbDictionary
281
1
  3
Standard
350
22
  0
DICTIONARY
  5
11
330
A
100
AcDbDictionary
281
1
  0
ACDBDICTIONARYWDFLT
  5
12
330
A
100
AcDbDictionary
281
1
  3
Normal
350
13
100
AcDbDictionaryWithDefault
340
13
  0
ACDBPLACEHOLDER
  5
13
330
12
  0
DICTIONARY
  5
14
330
A
100
AcDbDictionary
281
1
  0
DICTIONARY
  5
15
330
A
100
AcDbDictionary
281
1
  0
DICTIONARY
  5
16
330
A
100
AcDbDictionary
281
1
  0
LAYOUT
  5
1A
330
D
100
AcDbPlotSettings
  1

  4
A3
  6

 40
7.5
 41
20.0
 42
7.5
 43
20.0
 44
420.0
 45
297.0
 46
0.0
 47
0.0
 48
0.0
 49
0.0
140
0.0
141
0.0
142
1.0
143
1.0
 70
1024
 72
1
 73
0
 74
5
  7

 75
16
 76
0
 77
2
 78
300
147
1.0
148
0.0
149
0.0
100
AcDbLayout
  1
Model
 70
1
 71
0
 10
0.0
 20
0.0
 11
420.0
 21
297.0
 12
0.0
 22
0.0
 32
0.0
 14
1e+20
 24
1e+20
 34
1e+20
 15
-1e+20
 25
-1e+20
 35
-1e+20
146
0.0
 13
0.0
 23
0.0
 33
0.0
 16
1.0
 26
0.0
 36
0.0
 17
0.0
 27
1.0
 37
0.0
 76
1
330
17
  0
LAYOUT
  5
1E
330
D
100
AcDbPlotSettings
  1

  4
A3
  6

 40
7.5
 41
20.0
 42
7.5
 43
20.0
 44
420.0
 45
297.0
 46
0.0
 47
0.0
 48
0.0
 49
0.0
140
0.0
141
0.0
142
1.0
143
1.0
 70
0
 72
1
 73
0
 74
5
  7

 75
16
 76
0
 77
2
 78
300
147
1.0
148
0.0
149
0.0
100
AcDbLayout
  1
Layout1
 70
1
 71
1
 10
0.0
 20
0.0
 11
420.0
 21
297.0
 12
0.0
 22
0.0
 32
0.0
 14
1e+20
 24
1e+20
 34
1e+20
 15
-1e+20
 25
-1e+20
 35
-1e+20
146
0.0
 13
0.0
 23
0.0
 33
0.0
 16
1.0
 26
0.0
 36
0.0
 17
0.0
 27
1.0
 37
0.0
 76
1
330
1B
  0
MATERIAL
  5
1F
102
{ACAD_REACTORS
330
E
102
}
330
E
100
AcDbMaterial
  1
ByBlock
  2

 70
0
 40
1.0
 71
1
 41
1.0
 91
-1023410177
 42
1.0
 72
1
  3

 73
1
 74
1
 75
1
 44
0.5
 73
0
 45
1.0
 46
1.0
 77
1
  4

 78
1
 79
1
170
1
 48
1.0
171
1
  6

172
1
173
1
174
1
140
1.0
141
1.0
175
1
  7

176
1
177
1
178
1
143
1.0
179
1
  8

270
1
271
1
272
1
145
1.0
146
1.0
273
1
  9

274
1
275
1
276
1
 42
1.0
 72
1
  3

 73
1
 74
1
 75
1
 94
63
  0
MATERIAL
  5
20
102
{ACAD_REACTORS
330
E
102
}
330
E
100
AcDbMaterial
  1
ByLayer
  2

 70
0
 40
1.0
 71
1
 41
1.0
 91
-1023410177
 42
1.0
 72
1
  3

 73
1
 74
1
 75
1
 44
0.5
 73
0
 45
1.0
 46
1.0
 77
1
  4

 78
1
 79
1
170
1
 48
1.0
171
1
  6

172
1
173
1
174
1
140
1.0
141
1.0
175
1
  7

176
1
177
1
178
1
143
1.0
179
1
  8

270
1
271
1
272
1
145
1.0
146
1.0
273
1
  9

274
1
275
1
276
1
 42
1.0
 72
1
  3

 73
1
 74
1
 75
1
 94
63
  0
MATERIAL
  5
21
102
{ACAD_REACTORS
330
E
102
}
330
E
100
AcDbMaterial
  1
Global
  2

 70
0
 40
1.0
 71
1
 41
1.0
 91
-1023410177
 42
1.0
 72
1
  3

 73
1
 74
1
 75
1
 44
0.5
 73
0
 45
1.0
 46
1.0
 77
1
  4

 78
1
 79
1
170
1
 48
1.0
171
1
  6

172
1
173
1
174
1
140
1.0
141
1.0
175
1
  7

176
1
177
1
178
1
143
1.0
179
1
  8

270
1
271
1
272
1
145
1.0
146
1.0
273
1
  9

274
1
275
1
276
1
 42
1.0
 72
1
  3

 73
1
 74
1
 75
1
 94
63
  0
MLINESTYLE
  5
22
102
{ACAD_REACTORS
330
10
102
}
330
10
100
AcDbMlineStyle
  2
Standard
 70
0
  3

 62
256
 51
90.0
 52
90.0
 71
2
 49
0.5
 62
256
  6
BYLAYER
 49
-0.5
 62
256
  6
BYLAYER
  0
MLEADERSTYLE
  5
2C
102
{ACAD_REACTORS
330
F
102
}
330
F
100
AcDbMLeaderStyle
179
2
170
2
171
1
172
0
 90
2
 40
0.0
 41
0.0
173
1
 91
-1056964608
 92
-2
290
1
 42
2.0
291
1
 43
8.0
  3
Standard
 44
4.0
300

342
29
174
1
175
1
176
0
178
1
 93
-1056964608
 45
4.0
292
0
297
0
 46
4.0
 94
-1056964608
 47
1.0
 49
1.0
140
1.0
294
1
141
0.0
177
0
142
1.0
295
0
296
0
143
3.75
271
0
272
9
273
9
  0
DICTIONARY
  5
2D
330
A
100
AcDbDictionary
280
1
281
1
  3
CREATED_BY_EZDXF
350
2E
  3
WRITTEN_BY_EZDXF
350
A5C
  0
DICTIONARYVAR
  5
2E
330
2D
100
DictionaryVariables
280
0
  1
1.4.4 @ 2026-09-23T14:03:30.907929+00:00
  0
DICTIONARYVAR
  5
A5C
330
2D
100
DictionaryVariables
280
0
  1
1.4.4 @ 2026-09-23T14:03:31.561529+00:00
  0
ENDSEC
  0
EOF
