  0
SECTION
  2
HEADER
  9
$ACADVER
  1
AC1032
  9
$ACADMAINTVER
 90
4
  9
$DWGCODEPAGE
  3
ANSI_1252
  9
$LASTSAVEDBY
  1
ezdxf
  9
$REQUIREDVERSIONS
160
0
  9
$INSBASE
 10
0.0
 20
0.0
 30
0.0
  9
$EXTMIN
 10
1e+20
 20
1e+20
 30
1e+20
  9
$EXTMAX
 10
-1e+20
 20
-1e+20
 30
-1e+20
  9
$LIMMIN
 10
0.0
 20
0.0
  9
$LIMMAX
 10
420.0
 20
297.0
  9
$ORTHOMODE
 70
0
  9
$REGENMODE
 70
1
  9
$FILLMODE
 70
1
  9
$QTEXTMODE
 70
0
  9
$MIRRTEXT
 70
1
  9
$LTSCALE
 40
1.0
  9
$ATTMODE
 70
1
  9
$TEXTSIZE
 40
2.5
  9
$TRACEWID
 40
1.0
  9
$TEXTSTYLE
  7
Standard
  9
$CLAYER
  8
0
  9
$CELTYPE
  6
ByLayer
  9
$CECOLOR
 62
256
  9
$CELTSCALE
 40
1.0
  9
$DISPSILH
 70
0
  9
$DIMSCALE
 40
1.0
  9
$DIMASZ
 40
2.5
  9
$DIMEXO
 40
0.625
  9
$DIMDLI
 40
3.75
  9
$DIMRND
 40
0.0
  9
$DIMDLE
 40
0.0
  9
$DIMEXE
 40
1.25
  9
$DIMTP
 40
0.0
  9
$DIMTM
 40
0.0
  9
$DIMTXT
 40
2.5
  9
$DIMCEN
 40
2.5
  9
$DIMTSZ
 40
0.0
  9
$DIMTOL
 70
0
  9
$DIMLIM
 70
0
  9
$DIMTIH
 70
0
  9
$DIMTOH
 70
0
  9
$DIMSE1
 70
0
  9
$DIMSE2
 70
0
  9
$DIMTAD
 70
1
  9
$DIMZIN
 70
8
  9
$DIMBLK
  1

  9
$DIMASO
 70
1
  9
$DIMSHO
 70
1
  9
$DIMPOST
  1

  9
$DIMAPOST
  1

  9
$DIMALT
 70
0
  9
$DIMALTD
 70
3
  9
$DIMALTF
 40
0.03937007874
  9
$DIMLFAC
 40
1.0
  9
$DIMTOFL
 70
1
  9
$DIMTVP
 40
0.0
  9
$DIMTIX
 70
0
  9
$DIMSOXD
 70
0
  9
$DIMSAH
 70
0
  9
$DIMBLK1
  1

  9
$DIMBLK2
  1

  9
$DIMSTYLE
  2
ISO-25
  9
$DIMCLRD
 70
0
  9
$DIMCLRE
 70
0
  9
$DIMCLRT
 70
0
  9
$DIMTFAC
 40
1.0
  9
$DIMGAP
 40
0.625
  9
$DIMJUST
 70
0
  9
$DIMSD1
 70
0
  9
$DIMSD2
 70
0
  9
$DIMTOLJ
 70
0
  9
$DIMTZIN
 70
8
  9
$DIMALTZ
 70
0
  9
$DIMALTTZ
 70
0
  9
$DIMUPT
 70
0
  9
$DIMDEC
 70
2
  9
$DIMTDEC
 70
2
  9
$DIMALTU
 70
2
  9
$DIMALTTD
 70
3
  9
$DIMTXSTY
  7
Standard
  9
$DIMAUNIT
 70
0
  9
$DIMADEC
 70
0
  9
$DIMALTRND
 40
0.0
  9
$DIMAZIN
 70
0
  9
$DIMDSEP
 70
44
  9
$DIMATFIT
 70
3
  9
$DIMFRAC
 70
0
  9
$DIMLDRBLK
  1

  9
$DIMLUNIT
 70
2
  9
$DIMLWD
 70
-2
  9
$DIMLWE
 70
-2
  9
$DIMTMOVE
 70
0
  9
$DIMFXL
 40
1.0
  9
$DIMFXLON
 70
0
  9
$DIMJOGANG
 40
0.785398163397
  9
$DIMTFILL
 70
0
  9
$DIMTFILLCLR
 70
0
  9
$DIMARCSYM
 70
0
  9
$DIMLTYPE
  6

  9
$DIMLTEX1
  6

  9
$DIMLTEX2
  6

  9
$DIMTXTDIRECTION
 70
0
  9
$LUNITS
 70
2
  9
$LUPREC
 70
4
  9
$SKETCHINC
 40
1.0
  9
$FILLETRAD
 40
10.0
  9
$AUNITS
 70
0
  9
$AUPREC
 70
2
  9
$MENU
  1
.
  9
$ELEVATION
 40
0.0
  9
$PELEVATION
 40
0.0
  9
$THICKNESS
 40
0.0
  9
$LIMCHECK
 70
0
  9
$CHAMFERA
 40
0.0
  9
$CHAMFERB
 40
0.0
  9
$CHAMFERC
 40
0.0
  9
$CHAMFERD
 40
0.0
  9
$SKPOLY
 70
0
  9
$TDCREATE
 40
2461308.568460648
  9
$TDUCREATE
 40
2458532.153996898
  9
$TDUPDATE
 40
2461308.568460648
  9
$TDUUPDATE
 40
2458532.1544311
  9
$TDINDWG
 40
0.0
  9
$TDUSRTIMER
 40
0.0
  9
$USRTIMER
 70
1
  9
$ANGBASE
 50
0.0
  9
$ANGDIR
 70
0
  9
$PDMODE
 70
0
  9
$PDSIZE
 40
0.0
  9
$PLINEWID
 40
0.0
  9
$SPLFRAME
 70
0
  9
$SPLINETYPE
 70
6
  9
$SPLINESEGS
 70
8
  9
$HANDSEED
  5
41B
  9
$SURFTAB1
 70
6
  9
$SURFTAB2
 70
6
  9
$SURFTYPE
 70
6
  9
$SURFU
 70
6
  9
$SURFV
 70
6
  9
$UCSBASE
  2

  9
$UCSNAME
  2

  9
$UCSORG
 10
0.0
 20
0.0
 30
0.0
  9
$UCSXDIR
 10
1.0
 20
0.0
 30
0.0
  9
$UCSYDIR
 10
0.0
 20
1.0
 30
0.0
  9
$UCSORTHOREF
  2

  9
$UCSORTHOVIEW
 70
0
  9
$UCSORGTOP
 10
0.0
 20
0.0
 30
0.0
  9
$UCSORGBOTTOM
 10
0.0
 20
0.0
 30
0.0
  9
$UCSORGLEFT
 10
0.0
 20
0.0
 30
0.0
  9
$UCSORGRIGHT
 10
0.0
 20
0.0
 30
0.0
  9
$UCSORGFRONT
 10
0.0
 20
0.0
 30
0.0
  9
$UCSORGBACK
 10
0.0
 20
0.0
 30
0.0
  9
$PUCSBASE
  2

  9
$PUCSNAME
  2

  9
$PUCSORG
 10
0.0
 20
0.0
 30
0.0
  9
$PUCSXDIR
 10
1.0
 20
0.0
 30
0.0
  9
$PUCSYDIR
 10
0.0
 20
1.0
 30
0.0
  9
$PUCSORTHOREF
  2

  9
$PUCSORTHOVIEW
 70
0
  9
$PUCSORGTOP
 10
0.0
 20
0.0
 30
0.0
  9
$PUCSORGBOTTOM
 10
0.0
 20
0.0
 30
0.0
  9
$PUCSORGLEFT
 10
0.0
 20
0.0
 30
0.0
  9
$PUCSORGRIGHT
 10
0.0
 20
0.0
 30
0.0
  9
$PUCSORGFRONT
 10
0.0
 20
0.0
 30
0.0
  9
$PUCSORGBACK
 10
0.0
 20
0.0
 30
0.0
  9
$USERI1
 70
0
  9
$USERI2
 70
0
  9
$USERI3
 70
0
  9
$USERI4
 70
0
  9
$USERI5
 70
0
  9
$USERR1
 40
0.0
  9
$USERR2
 40
0.0
  9
$USERR3
 40
0.0
  9
$USERR4
 40
0.0
  9
$USERR5
 40
0.0
  9
$WORLDVIEW
 70
1
  9
$SHADEDGE
 70
3
  9
$SHADEDIF
 70
70
  9
$TILEMODE
 70
1
  9
$MAXACTVP
 70
64
  9
$PINSBASE
 10
0.0
 20
0.0
 30
0.0
  9
$PLIMCHECK
 70
0
  9
$PEXTMIN
 10
1e+20
 20
1e+20
 30
1e+20
  9
$PEXTMAX
 10
-1e+20
 20
-1e+20
 30
-1e+20
  9
$PLIMMIN
 10
0.0
 20
0.0
  9
$PLIMMAX
 10
420.0
 20
297.0
  9
$UNITMODE
 70
0
  9
$VISRETAIN
 70
1
  9
$PLINEGEN
 70
0
  9
$PSLTSCALE
 70
1
  9
$TREEDEPTH
 70
3020
  9
$CMLSTYLE
  2
Standard
  9
$CMLJUST
 70
0
  9
$CMLSCALE
 40
20.0
  9
$PROXYGRAPHICS
 70
1
  9
$MEASUREMENT
 70
1
  9
$CELWEIGHT
370
-1
  9
$ENDCAPS
280
0
  9
$JOINSTYLE
280
0
  9
$LWDISPLAY
290
0
  9
$INSUNITS
 70
4
  9
$HYPERLINKBASE
  1

  9
$STYLESHEET
  1

  9
$XEDIT
290
1
  9
$CEPSNTYPE
380
0
  9
$PSTYLEMODE
290
1
  9
$FINGERPRINTGUID
  2
{5637741A-C4B5-4B80-BB0C-1F94058F477C}
  9
$VERSIONGUID
  2
{A2A4EAF5-B7DF-462B-9D5C-FA85F5F61AB2}
  9
$EXTNAMES
290
1
  9
$PSVPSCALE
 40
0.0
  9
$OLESTARTUP
290
0
  9
$SORTENTS
280
127
  9
$INDEXCTL
280
0
  9
$HIDETEXT
280
1
  9
$XCLIPFRAME
280
1
  9
$HALOGAP
280
0
  9
$OBSCOLOR
 70
257
  9
$OBSLTYPE
280
0
  9
$INTERSECTIONDISPLAY
280
0
  9
$INTERSECTIONCOLOR
 70
257
  9
$DIMASSOC
280
2
  9
$PROJECTNAME
  1

  9
$CAMERADISPLAY
290
0
  9
$LENSLENGTH
 40
50.0
  9
$CAMERAHEIGHT
 40
0.0
  9
$STEPSPERSEC
 40
24.0
  9
$STEPSIZE
 40
100.0
  9
$3DDWFPREC
 40
2.0
  9
$PSOLWIDTH
 40
0.005
  9
$PSOLHEIGHT
 40
0.08
  9
$LOFTANG1
 40
1.570796326795
  9
$LOFTANG2
 40
1.570796326795
  9
$LOFTMAG1
 40
0.0
  9
$LOFTMAG2
 40
0.0
  9
$LOFTPARAM
 70
7
  9
$LOFTNORMALS
280
1
  9
$LATITUDE
 40
37.795
  9
$LONGITUDE
 40
-122.394
  9
$NORTHDIRECTION
 40
0.0
  9
$TIMEZONE
 70
-8000
  9
$LIGHTGLYPHDISPLAY
280
1
  9
$TILEMODELIGHTSYNCH
280
1
  9
$CMATERIAL
347
20
  9
$SOLIDHIST
280
0
  9
$SHOWHIST
280
1
  9
$DWFFRAME
280
2
  9
$DGNFRAME
280
2
  9
$REALWORLDSCALE
290
1
  9
$INTERFERECOLOR
 62
256
  9
$CSHADOW
280
0
  9
$SHADOWPLANELOCATION
 40
0.0
  0
ENDSEC
  0
SECTION
  2
CLASSES
  0
CLASS
  1
ACDBDICTIONARYWDFLT
  2
AcDbDictionaryWithDefault
  3
ObjectDBX Classes
 90
0
 91
0
280
0
281
0
  0
CLASS
  1
SUN
  2
AcDbSun
  3
SCENEOE
 90
1153
 91
0
280
0
281
0
  0
CLASS
  1
VISUALSTYLE
  2
AcDbVisualStyle
  3
ObjectDBX Classes
 90
4095
 91
0
280
0
281
0
  0
CLASS
  1
MATERIAL
  2
AcDbMaterial
  3
ObjectDBX Classes
 90
1153
 91
0
280
0
281
0
  0
CLASS
  1
SCALE
  2
AcDbScale
  3
ObjectDBX Classes
 90
1153
 91
0
280
0
281
0
  0
CLASS
  1
TABLESTYLE
  2
AcDbTableStyle
  3
ObjectDBX Classes
 90
4095
 91
0
280
0
281
0
  0
CLASS
  1
MLEADERSTYLE
  2
AcDbMLeaderStyle
  3
ACDB_MLEADERSTYLE_CLASS
 90
4095
 91
0
280
0
281
0
  0
CLASS
  1
DICTIONARYVAR
  2
AcDbDictionaryVar
  3
ObjectDBX Classes
 90
0
 91
0
280
0
281
0
  0
CLASS
  1
CELLSTYLEMAP
  2
AcDbCellStyleMap
  3
ObjectDBX Classes
 90
1152
 91
0
280
0
281
0
  0
CLASS
  1
MENTALRAYRENDERSETTINGS
  2
AcDbMentalRayRenderSettings
  3
SCENEOE
 90
1024
 91
0
280
0
281
0
  0
CLASS
  1
ACDBDETAILVIEWSTYLE
  2
AcDbDetailViewStyle
  3
ObjectDBX Classes
 90
1025
 91
0
280
0
281
0
  0
CLASS
  1
ACDBSECTIONVIEWSTYLE
  2
AcDbSectionViewStyle
  3
ObjectDBX Classes
 90
1025
 91
0
280
0
281
0
  0
CLASS
  1
RASTERVARIABLES
  2
AcDbRasterVariables
  3
ISM
 90
0
 91
0
280
0
281
0
  0
CLASS
  1
ACDBPLACEHOLDER
  2
AcDbPlaceHolder
  3
ObjectDBX Classes
 90
0
 91
0
280
0
281
0
  0
CLASS
  1
LAYOUT
  2
AcDbLayout
  3
ObjectDBX Classes
 90
0
 91
0
280
0
281
0
  0
ENDSEC
  0
SECTION
  2
TABLES
  0
TABLE
  2
VPORT
  5
8
330
0
100
AcDbSymbolTable
 70
1
  0
VPORT
  5
23
330
8
100
AcDbSymbolTableRecord
100
AcDbViewportTableRecord
  2
*Active
 70
0
 10
0.0
 20
0.0
 11
1.0
 21
1.0
 12
0.0
 22
0.0
 13
0.0
 23
0.0
 14
0.5
 24
0.5
 15
0.5
 25
0.5
 16
0.0
 26
0.0
 36
1.0
 17
0.0
 27
0.0
 37
0.0
 40
1000.0
 41
1.34
 42
50.0
 43
0.0
 44
0.0
 50
0.0
 51
0.0
 71
0
 72
1000
 73
1
 74
3
 75
0
 76
0
 77
0
 78
0
281
0
 65
0
146
0.0
  0
ENDTAB
  0
TABLE
  2
LTYPE
  5
2
330
0
100
AcDbSymbolTable
 70
3
  0
LTYPE
  5
24
330
2
100
AcDbSymbolTableRecord
100
AcDbLinetypeTableRecord
  2
ByBlock
 70
0
  3

 72
65
 73
0
 40
0.0
  0
LTYPE
  5
25
330
2
100
AcDbSymbolTableRecord
100
AcDbLinetypeTableRecord
  2
ByLayer
 70
0
  3

 72
65
 73
0
 40
0.0
  0
LTYPE
  5
26
330
2
100
AcDbSymbolTableRecord
100
AcDbLinetypeTableRecord
  2
Continuous
 70
0
  3

 72
65
 73
0
 40
0.0
  0
ENDTAB
  0
TABLE
  2
LAYER
  5
1
330
0
100
AcDbSymbolTable
 70
4
  0
LAYER
  5
27
330
1
100
AcDbSymbolTableRecord
100
AcDbLayerTableRecord
  2
0
 70
0
 62
7
  6
Continuous
370
-3
390
13
347
21
  0
LAYER
  5
28
330
1
100
AcDbSymbolTableRecord
100
AcDbLayerTableRecord
  2
Defpoints
 70
0
 62
7
  6
Continuous
290
0
370
-3
390
13
347
21
  0
LAYER
  5
1B4
330
1
100
AcDbSymbolTableRecord
100
AcDbLayerTableRecord
  2
CNC
 70
0
 62
7
  6
Continuous
370
-3
390
13
347
21
  0
LAYER
  5
1B5
330
1
100
AcDbSymbolTableRecord
100
AcDbLayerTableRecord
  2
DIM
 70
0
 62
253
  6
Continuous
370
-3
390
13
347
21
  0
ENDTAB
  0
TABLE
  2
STYLE
  5
5
330
0
100
AcDbSymbolTable
 70
3
  0
STYLE
  5
29
330
5
100
AcDbSymbolTableRecord
100
AcDbTextStyleTableRecord
  2
Standard
 70
0
 40
0.0
 41
1.0
 50
0.0
 71
0
 42
2.5
  3
txt
  4

  0
STYLE
  5
1B6
330
5
100
AcDbSymbolTableRecord
100
AcDbTextStyleTableRecord
  2
Tahoma (Input Text)
 70
0
 40
0.0
 41
1.0
 50
0.0
 71
0
 42
25.0
  3
tahoma.ttf
  4

  0
STYLE
  5
1B7
330
5
100
AcDbSymbolTableRecord
100
AcDbTextStyleTableRecord
  2
Arial
 70
0
 40
0.0
 41
1.0
 50
0.0
 71
0
 42
0.2
  3
arial.ttf
  4

  0
ENDTAB
  0
TABLE
  2
VIEW
  5
7
330
0
100
AcDbSymbolTable
 70
0
  0
ENDTAB
  0
TABLE
  2
UCS
  5
6
330
0
100
AcDbSymbolTable
 70
0
  0
ENDTAB
  0
TABLE
  2
APPID
  5
3
330
0
100
AcDbSymbolTable
 70
3
  0
APPID
  5
2A
330
3
100
AcDbSymbolTableRecord
100
AcDbRegAppTableRecord
  2
ACAD
 70
0
  0
APPID
  5
1BC
330
3
100
AcDbSymbolTableRecord
100
AcDbRegAppTableRecord
  2
HATCHBACKGROUNDCOLOR
 70
0
  0
APPID
  5
1BD
330
3
100
AcDbSymbolTableRecord
100
AcDbRegAppTableRecord
  2
EZDXF
 70
0
  0
ENDTAB
  0
TABLE
  2
DIMSTYLE
  5
4
330
0
100
AcDbSymbolTable
 70
3
100
AcDbDimStyleTable
  0
DIMSTYLE
105
2B
330
4
100
AcDbSymbolTableRecord
100
AcDbDimStyleTableRecord
  2
Standard
 70
0
 40
1.0
 41
2.5
 42
0.625
 43
3.75
 44
1.25
 45
0.0
 46
0.0
 47
0.0
 48
0.0
 49
2.5
140
2.5
141
2.5
142
0.0
143
0.03937007874
144
1.0
145
0.0
146
1.0
147
0.625
148
0.0
 69
0
 70
0
 71
0
 72
0
 73
0
 74
0
 75
0
 76
0
 77
1
 78
8
 79
3
170
0
171
3
172
1
173
0
174
0
175
0
176
0
177
0
178
0
179
2
271
2
272
2
273
2
274
3
275
0
276
0
277
2
278
44
279
0
280
0
281
0
282
0
283
0
284
8
285
0
286
0
288
0
289
3
290
0
371
-2
372
-2
  0
DIMSTYLE
105
1B2
330
4
100
AcDbSymbolTableRecord
100
AcDbDimStyleTableRecord
  2
Dim-25
 70
0
 40
1.0
 41
8.0
 42
15.0
 43
3.75
 44
10.0
 45
0.0
 46
0.0
 47
0.0
 48
0.0
 49
2.5
140
25.0
141
10.0
142
0.0
143
0.03937007874016
144
1.0
145
0.0
146
1.0
147
10.0
148
0.0
 69
0
 70
0
 71
0
 72
0
 73
0
 74
0
 75
0
 76
0
 77
1
 78
8
 79
3
170
0
171
3
172
1
173
0
174
0
175
0
176
5
177
5
178
3
179
2
271
0
272
0
273
2
274
3
275
0
276
0
277
2
278
44
279
0
280
0
281
0
282
0
283
0
284
8
285
0
286
0
288
0
289
3
290
0
340
29
341
3A
342
3A
345
25
346
25
347
25
371
9
372
9
  0
DIMSTYLE
105
1B3
330
4
100
AcDbSymbolTableRecord
100
AcDbDimStyleTableRecord
  2
CNC
 70
0
 40
1.0
 41
5.0
 42
15.0
 43
3.75
 44
5.0
 45
0.0
 46
0.0
 47
0.0
 48
0.0
 49
2.5
140
50.0
141
10.0
142
0.0
143
0.03937007874016
144
1.0
145
0.0
146
1.0
147
10.0
148
0.0
 69
0
 70
0
 71
0
 72
0
 73
0
 74
0
 75
0
 76
0
 77
1
 78
8
 79
3
170
0
171
3
172
1
173
0
174
0
175
0
176
5
177
5
178
3
179
2
271
0
272
0
273
2
274
3
275
0
276
0
277
2
278
44
279
0
280
0
281
0
282
0
283
0
284
8
285
0
286
0
288
0
289
3
290
0
340
29
341
1B8
342
C0
345
25
346
25
347
25
371
9
372
9
  0
ENDTAB
  0
TABLE
  2
BLOCK_RECORD
  5
9
330
0
100
AcDbSymbolTable
 70
50
  0
BLOCK_RECORD
  5
17
330
9
100
AcDbSymbolTableRecord
100
AcDbBlockTableRecord
  2
*Model_Space
340
1A
 70
0
280
1
281
0
  0
BLOCK_RECORD
  5
1B
330
9
100
AcDbSymbolTableRecord
100
AcDbBlockTableRecord
  2
*Paper_Space
340
1E
 70
0
280
1
281
0
  0
BLOCK_RECORD
  5
3A
330
9
100
AcDbSymbolTableRecord
100
AcDbBlockTableRecord
  2
_Oblique
340
0
 70
0
280
1
281
0
  0
BLOCK_RECORD
  5
C0
330
9
100
AcDbSymbolTableRecord
100
AcDbBlockTableRecord
  2
_Open30
340
0
 70
0
280
1
281
0
  0
BLOCK_RECORD
  5
183
330
9
100
AcDbSymbolTableRecord
100
AcDbBlockTableRecord
  2
f3daunguoc
340
0
 70
0
280
1
281
0
  0
BLOCK_RECORD
  5
187
330
9
100
AcDbSymbolTableRecord
100
AcDbBlockTableRecord
  2
ovan8.5x20
340
0
 70
0
280
1
281
0
  0
BLOCK_RECORD
  5
18E
330
9
100
AcDbSymbolTableRecord
100
AcDbBlockTableRecord
  2
khungtenAsean2
340
0
 70
0
280
1
281
0
  0
BLOCK_RECORD
  5
1B8
330
9
100
AcDbSymbolTableRecord
100
AcDbBlockTableRecord
  2
_ArchTick
340
0
 70
0
280
1
281
0
  0
BLOCK_RECORD
  5
20C
330
9
100
AcDbSymbolTableRecord
100
AcDbBlockTableRecord
  2
*D1
340
0
 70
0
280
1
281
0
  0
BLOCK_RECORD
  5
218
330
9
100
AcDbSymbolTableRecord
100
AcDbBlockTableRecord
  2
*D2
340
0
 70
0
280
1
281
0
  0
BLOCK_RECORD
  5
224
330
9
100
AcDbSymbolTableRecord
100
AcDbBlockTableRecord
  2
*D3
340
0
 70
0
280
1
281
0
  0
BLOCK_RECORD
  5
230
330
9
100
AcDbSymbolTableRecord
100
AcDbBlockTableRecord
  2
*D4
340
0
 70
0
280
1
281
0
  0
BLOCK_RECORD
  5
23E
330
9
100
AcDbSymbolTableRecord
100
AcDbBlockTableRecord
  2
*D5
340
0
 70
0
280
1
281
0
  0
BLOCK_RECORD
  5
24A
330
9
100
AcDbSymbolTableRecord
100
AcDbBlockTableRecord
  2
*D6
340
0
 70
0
280
1
281
0
  0
BLOCK_RECORD
  5
256
330
9
100
AcDbSymbolTableRecord
100
AcDbBlockTableRecord
  2
*D7
340
0
 70
0
280
1
281
0
  0
BLOCK_RECORD
  5
264
330
9
100
AcDbSymbolTableRecord
100
AcDbBlockTableRecord
  2
*D8
340
0
 70
0
280
1
281
0
  0
BLOCK_RECORD
  5
270
330
9
100
AcDbSymbolTableRecord
100
AcDbBlockTableRecord
  2
*D9
340
0
 70
0
280
1
281
0
  0
BLOCK_RECORD
  5
27E
330
9
100
AcDbSymbolTableRecord
100
AcDbBlockTableRecord
  2
*D10
340
0
 70
0
280
1
281
0
  0
BLOCK_RECORD
  5
28B
330
9
100
AcDbSymbolTableRecord
100
AcDbBlockTableRecord
  2
*D11
340
0
 70
0
280
1
281
0
  0
BLOCK_RECORD
  5
297
330
9
100
AcDbSymbolTableRecord
100
AcDbBlockTableRecord
  2
*D12
340
0
 70
0
280
1
281
0
  0
BLOCK_RECORD
  5
2A3
330
9
100
AcDbSymbolTableRecord
100
AcDbBlockTableRecord
  2
*D13
340
0
 70
0
280
1
281
0
  0
BLOCK_RECORD
  5
2AF
330
9
100
AcDbSymbolTableRecord
100
AcDbBlockTableRecord
  2
*D14
340
0
 70
0
280
1
281
0
  0
BLOCK_RECORD
  5
2BF
330
9
100
AcDbSymbolTableRecord
100
AcDbBlockTableRecord
  2
*D15
340
0
 70
0
280
1
281
0
  0
BLOCK_RECORD
  5
2CB
330
9
100
AcDbSymbolTableRecord
100
AcDbBlockTableRecord
  2
*D16
340
0
 70
0
280
1
281
0
  0
BLOCK_RECORD
  5
2D7
330
9
100
AcDbSymbolTableRecord
100
AcDbBlockTableRecord
  2
*D17
340
0
 70
0
280
1
281
0
  0
BLOCK_RECORD
  5
2E3
330
9
100
AcDbSymbolTableRecord
100
AcDbBlockTableRecord
  2
*D18
340
0
 70
0
280
1
281
0
  0
BLOCK_RECORD
  5
2F1
330
9
100
AcDbSymbolTableRecord
100
AcDbBlockTableRecord
  2
*D19
340
0
 70
0
280
1
281
0
  0
BLOCK_RECORD
  5
2FD
330
9
100
AcDbSymbolTableRecord
100
AcDbBlockTableRecord
  2
*D20
340
0
 70
0
280
1
281
0
  0
BLOCK_RECORD
  5
309
330
9
100
AcDbSymbolTableRecord
100
AcDbBlockTableRecord
  2
*D21
340
0
 70
0
280
1
281
0
  0
BLOCK_RECORD
  5
315
330
9
100
AcDbSymbolTableRecord
100
AcDbBlockTableRecord
  2
*D22
340
0
 70
0
280
1
281
0
  0
BLOCK_RECORD
  5
321
330
9
100
AcDbSymbolTableRecord
100
AcDbBlockTableRecord
  2
*D23
340
0
 70
0
280
1
281
0
  0
BLOCK_RECORD
  5
32F
330
9
100
AcDbSymbolTableRecord
100
AcDbBlockTableRecord
  2
*D24
340
0
 70
0
280
1
281
0
  0
BLOCK_RECORD
  5
33B
330
9
100
AcDbSymbolTableRecord
100
AcDbBlockTableRecord
  2
*D25
340
0
 70
0
280
1
281
0
  0
BLOCK_RECORD
  5
348
330
9
100
AcDbSymbolTableRecord
100
AcDbBlockTableRecord
  2
*D26
340
0
 70
0
280
1
281
0
  0
BLOCK_RECORD
  5
354
330
9
100
AcDbSymbolTableRecord
100
AcDbBlockTableRecord
  2
*D27
340
0
 70
0
280
1
281
0
  0
BLOCK_RECORD
  5
360
330
9
100
AcDbSymbolTableRecord
100
AcDbBlockTableRecord
  2
*D28
340
0
 70
0
280
1
281
0
  0
BLOCK_RECORD
  5
36C
330
9
100
AcDbSymbolTableRecord
100
AcDbBlockTableRecord
  2
*D29
340
0
 70
0
280
1
281
0
  0
BLOCK_RECORD
  5
378
330
9
100
AcDbSymbolTableRecord
100
AcDbBlockTableRecord
  2
*D30
340
0
 70
0
280
1
281
0
  0
BLOCK_RECORD
  5
384
330
9
100
AcDbSymbolTableRecord
100
AcDbBlockTableRecord
  2
*D31
340
0
 70
0
280
1
281
0
  0
BLOCK_RECORD
  5
390
330
9
100
AcDbSymbolTableRecord
100
AcDbBlockTableRecord
  2
*D32
340
0
 70
0
280
1
281
0
  0
BLOCK_RECORD
  5
39C
330
9
100
AcDbSymbolTableRecord
100
AcDbBlockTableRecord
  2
*D33
340
0
 70
0
280
1
281
0
  0
BLOCK_RECORD
  5
3A9
330
9
100
AcDbSymbolTableRecord
100
AcDbBlockTableRecord
  2
*D34
340
0
 70
0
280
1
281
0
  0
BLOCK_RECORD
  5
3B6
330
9
100
AcDbSymbolTableRecord
100
AcDbBlockTableRecord
  2
*D35
340
0
 70
0
280
1
281
0
  0
BLOCK_RECORD
  5
3C2
330
9
100
AcDbSymbolTableRecord
100
AcDbBlockTableRecord
  2
*D36
340
0
 70
0
280
1
281
0
  0
BLOCK_RECORD
  5
3CE
330
9
100
AcDbSymbolTableRecord
100
AcDbBlockTableRecord
  2
*D37
340
0
 70
0
280
1
281
0
  0
BLOCK_RECORD
  5
3DB
330
9
100
AcDbSymbolTableRecord
100
AcDbBlockTableRecord
  2
*D38
340
0
 70
0
280
1
281
0
  0
BLOCK_RECORD
  5
3E7
330
9
100
AcDbSymbolTableRecord
100
AcDbBlockTableRecord
  2
*D39
340
0
 70
0
280
1
281
0
  0
BLOCK_RECORD
  5
3F3
330
9
100
AcDbSymbolTableRecord
100
AcDbBlockTableRecord
  2
*D40
340
0
 70
0
280
1
281
0
  0
BLOCK_RECORD
  5
3FF
330
9
100
AcDbSymbolTableRecord
100
AcDbBlockTableRecord
  2
*D41
340
0
 70
0
280
1
281
0
  0
BLOCK_RECORD
  5
40D
330
9
100
AcDbSymbolTableRecord
100
AcDbBlockTableRecord
  2
*D42
340
0
 70
0
280
1
281
0
  0
ENDTAB
  0
ENDSEC
  0
SECTION
  2
BLOCKS
  0
BLOCK
  5
18
330
17
100
AcDbEntity
  8
0
100
AcDbBlockBegin
  2
*Model_Space
 70
0
 10
0.0
 20
0.0
 30
0.0
  3
*Model_Space
  1

  0
ENDBLK
  5
19
330
17
100
AcDbEntity
  8
0
100
AcDbBlockEnd
  0
BLOCK
  5
1C
330
1B
100
AcDbEntity
  8
0
100
AcDbBlockBegin
  2
*Paper_Space
 70
0
 10
0.0
 20
0.0
 30
0.0
  3
*Paper_Space
  1

  0
ENDBLK
  5
1D
330
1B
100
AcDbEntity
  8
0
100
AcDbBlockEnd
  0
BLOCK
  5
3B
330
3A
100
AcDbEntity
  8
0
100
AcDbBlockBegin
  2
_Oblique
 70
0
 10
0.0
 20
0.0
 30
0.0
  3
_Oblique
  1

  0
LINE
  5
3D
330
3A
100
AcDbEntity
  8
0
  6
ByBlock
 62
0
370
-2
100
AcDbLine
 10
-0.5
 20
-0.5
 30
0.0
 11
0.5
 21
0.5
 31
0.0
  0
ENDBLK
  5
3C
330
3A
100
AcDbEntity
  8
0
100
AcDbBlockEnd
  0
BLOCK
  5
C1
330
C0
100
AcDbEntity
  8
0
100
AcDbBlockBegin
  2
_Open30
 70
0
 10
0.0
 20
0.0
 30
0.0
  3
_Open30
  1

  0
LINE
  5
C3
330
C0
100
AcDbEntity
  8
0
  6
ByBlock
 62
0
370
-2
100
AcDbLine
 10
-1.0
 20
0.26794919
 30
0.0
 11
0.0
 21
0.0
 31
0.0
  0
LINE
  5
C4
330
C0
100
AcDbEntity
  8
0
  6
ByBlock
 62
0
370
-2
100
AcDbLine
 10
0.0
 20
0.0
 30
0.0
 11
-1.0
 21
-0.26794919
 31
0.0
  0
LINE
  5
C5
330
C0
100
AcDbEntity
  8
0
  6
ByBlock
 62
0
370
-2
100
AcDbLine
 10
0.0
 20
0.0
 30
0.0
 11
-1.0
 21
0.0
 31
0.0
  0
ENDBLK
  5
C2
330
C0
100
AcDbEntity
  8
0
100
AcDbBlockEnd
  0
BLOCK
  5
184
330
183
100
AcDbEntity
  8
0
100
AcDbBlockBegin
  2
f3daunguoc
 70
0
 10
0.0
 20
0.0
 30
0.0
  3
f3daunguoc
  1

  0
CIRCLE
  5
186
330
183
100
AcDbEntity
  8
CNC
 62
2
370
-3
100
AcDbCircle
 10
0.0
 20
0.0
 30
0.0
 40
1.5
  0
ENDBLK
  5
185
330
183
100
AcDbEntity
  8
0
100
AcDbBlockEnd
  0
BLOCK
  5
188
330
187
100
AcDbEntity
  8
0
100
AcDbBlockBegin
  2
ovan8.5x20
 70
0
 10
0.0
 20
0.0
 30
0.0
  3
ovan8.5x20
  1

  0
ARC
  5
18A
330
187
100
AcDbEntity
  8
CNC
 62
2
370
-3
100
AcDbCircle
 10
-5.750000000007275
 20
0.0
 30
0.0
 40
4.25
100
AcDbArc
 50
90.0
 51
270.0
  0
ARC
  5
18B
330
187
100
AcDbEntity
  8
CNC
 62
2
370
-3
100
AcDbCircle
 10
5.749999999992724
 20
0.0
 30
0.0
 40
4.25
100
AcDbArc
 50
270.0
 51
90.0
  0
LINE
  5
18C
330
187
100
AcDbEntity
  8
CNC
 62
2
370
-3
100
AcDbLine
 10
5.749999999992724
 20
4.25
 30
0.0
 11
-5.750000000007275
 21
4.25
 31
0.0
  0
LINE
  5
18D
330
187
100
AcDbEntity
  8
CNC
 62
2
370
-3
100
AcDbLine
 10
-5.750000000007275
 20
-4.25
 30
0.0
 11
5.749999999992724
 21
-4.25
 31
0.0
  0
ENDBLK
  5
189
330
187
100
AcDbEntity
  8
0
100
AcDbBlockEnd
  0
BLOCK
  5
18F
330
18E
100
AcDbEntity
  8
0
100
AcDbBlockBegin
  2
khungtenAsean2
 70
2
 10
0.0
 20
0.0
 30
0.0
  3
khungtenAsean2
  1

  0
LWPOLYLINE
  5
191
330
18E
100
AcDbEntity
  8
0
 62
7
100
AcDbPolyline
 90
4
 70
1
 10
0.0
 20
0.0
 10
2970.000000000422
 20
0.0
 10
2970.000000000422
 20
-2100.00000000032
 10
0.0
 20
-2100.00000000032
  0
LINE
  5
192
330
18E
100
AcDbEntity
  8
0
 62
7
100
AcDbLine
 10
2020.0
 20
-2040.00000000032
 30
0.0
 11
0.0
 21
-2040.00000000032
 31
0.0
  0
LINE
  5
193
330
18E
100
AcDbEntity
  8
0
 62
7
100
AcDbLine
 10
2970.000000000422
 20
-1980.00000000032
 30
0.0
 11
0.0
 21
-1980.00000000032
 31
0.0
  0
LINE
  5
194
330
18E
100
AcDbEntity
  8
0
 62
7
100
AcDbLine
 10
320.0
 20
-1980.00000000032
 30
0.0
 11
320.0
 21
-2100.00000000032
 31
0.0
  0
LINE
  5
195
330
18E
100
AcDbEntity
  8
0
 62
7
100
AcDbLine
 10
890.0
 20
-1980.00000000032
 30
0.0
 11
890.0
 21
-2100.00000000032
 31
0.0
  0
LINE
  5
196
330
18E
100
AcDbEntity
  8
0
 62
7
100
AcDbLine
 10
1680.0
 20
-1980.00000000032
 30
0.0
 11
1680.0
 21
-2100.00000000032
 31
0.0
  0
LINE
  5
197
330
18E
100
AcDbEntity
  8
0
 62
7
100
AcDbLine
 10
2020.0
 20
-1980.00000000032
 30
0.0
 11
2020.0
 21
-2100.00000000032
 31
0.0
  0
LINE
  5
198
330
18E
100
AcDbEntity
  8
0
 62
7
100
AcDbLine
 10
2860.000000000422
 20
-1980.00000000032
 30
0.0
 11
2860.000000000422
 21
-2100.00000000032
 31
0.0
  0
MTEXT
  5
199
330
18E
100
AcDbEntity
  8
0
 62
2
100
AcDbMText
 10
0.0
 20
-2010.00000000032
 30
0.0
 40
20.0
 41
917.6339389950801
 46
60.00000000000113
 71
4
 72
5
  1
  Thiết kế :
  7
Arial
  0
MTEXT
  5
19A
330
18E
100
AcDbEntity
  8
0
 62
2
100
AcDbMText
 10
0.0
 20
-2070.00000000032
 30
0.0
 40
20.0
 41
917.6339389950801
 46
60.00000000000113
 71
4
 72
5
  1
  CNC :
  7
Arial
  0
MTEXT
  5
19B
330
18E
100
AcDbEntity
  8
0
 62
2
100
AcDbMText
 10
320.0
 20
-2010.00000000032
 30
0.0
 40
20.0
 41
917.6339389950801
 46
60.00000000000113
 71
4
 72
5
  1
  Khách hàng :
  7
Arial
  0
MTEXT
  5
19C
330
18E
100
AcDbEntity
  8
0
 62
2
100
AcDbMText
 10
320.0
 20
-2070.00000000032
 30
0.0
 40
20.0
 41
917.6339389950801
 46
60.00000000000113
 71
4
 72
5
  1
  Giao hàng :
  7
Arial
  0
MTEXT
  5
19D
330
18E
100
AcDbEntity
  8
0
 62
2
100
AcDbMText
 10
890.0
 20
-2010.00000000032
 30
0.0
 40
20.0
 41
917.6339389950801
 46
60.00000000000113
 71
4
 72
5
  1
  Tên sản phẩm :
  7
Arial
  0
MTEXT
  5
19E
330
18E
100
AcDbEntity
  8
0
 62
2
100
AcDbMText
 10
890.0
 20
-2070.00000000032
 30
0.0
 40
20.0
 41
917.6339389950801
 46
60.00000000000113
 71
4
 72
5
  1
  Kích thước :
  7
Arial
  0
MTEXT
  5
19F
330
18E
100
AcDbEntity
  8
0
 62
2
100
AcDbMText
 10
1680.0
 20
-2010.00000000032
 30
0.0
 40
20.0
 41
917.6339389950801
 46
60.00000000000113
 71
4
 72
5
  1
  Số lượng :
  7
Arial
  0
MTEXT
  5
1A0
330
18E
100
AcDbEntity
  8
0
 62
2
100
AcDbMText
 10
1680.0
 20
-2070.00000000032
 30
0.0
 40
20.0
 41
917.6339389950801
 46
60.00000000000113
 71
4
 72
5
  1
  Loại tôn :
  7
Arial
  0
MTEXT
  5
1A1
330
18E
100
AcDbEntity
  8
0
 62
2
100
AcDbMText
 10
2074.15528161102
 20
-2040.00000000032
 30
0.0
 40
20.0
 41
108.3105632220314
 46
120.0000000000011
 71
5
 72
5
  1
Thông\Ptin :
  7
Arial
  0
MTEXT
  5
1A2
330
18E
100
AcDbEntity
  8
0
 62
2
100
AcDbMText
 10
2915.000000000422
 20
-2010.00000000032
 30
0.0
 40
20.0
 41
110.0000000000065
 46
60.00000000000113
 71
5
 72
5
  1
Tờ
  7
Arial
  0
LINE
  5
1A3
330
18E
100
AcDbEntity
  8
0
 62
7
100
AcDbLine
 10
2128.310563222025
 20
-2005.00000000032
 30
0.0
 11
2128.310563222025
 21
-2075.00000000032
 31
0.0
  0
MTEXT
  5
1A4
330
18E
100
AcDbEntity
  8
0
 62
2
100
AcDbMText
 10
1382.285678836575
 20
-2070.00000000032
 30
0.0
 40
20.0
 41
917.6339389950801
 46
60.00000000000113
 71
4
 72
5
  1
mm
  7
Arial
  0
MTEXT
  5
1A5
330
18E
100
AcDbEntity
  8
0
 62
2
100
AcDbMText
 10
1947.610064813329
 20
-2010.00000000032
 30
0.0
 40
20.0
 41
917.6339389950801
 46
60.00000000000113
 71
4
 72
5
  1
cái
  7
Arial
  0
MTEXT
  5
1A6
330
18E
100
AcDbEntity
  8
0
 62
2
100
AcDbMText
 10
1936.880410494836
 20
-2070.00000000032
 30
0.0
 40
20.0
 41
917.6339389950801
 46
60.00000000000113
 71
4
 72
5
  1
mm
  7
Arial
  0
ATTDEF
  5
1A7
330
18E
100
AcDbEntity
  8
0
 62
1
100
AcDbText
 10
2883.764212945627
 20
-2067.347800104843
 30
0.0
 40
25.0
  1
......
  7
Tahoma (Input Text)
 72
1
 11
2914.993225705868
 21
-2067.347800104843
 31
0.0
100
AcDbAttributeDefinition
  3
Số trang
  2
#11
 70
8
 71
1
 72
0
 11
2914.993225705868
 21
-2067.347800104843
 31
0.0
  0
ATTDEF
  5
1A8
330
18E
100
AcDbEntity
  8
0
 62
1
100
AcDbText
 10
2146.716977487464
 20
-2021.275211692002
 30
0.0
 40
25.0
  1
......
  7
Tahoma (Input Text)
100
AcDbAttributeDefinition
  3
Thông tin 1
  2
#09
 70
8
 71
1
 72
0
  0
ATTDEF
  5
1A9
330
18E
100
AcDbEntity
  8
0
 62
1
100
AcDbText
 10
2146.716977487464
 20
-2081.275211692002
 30
0.0
 40
25.0
  1
......
  7
Tahoma (Input Text)
100
AcDbAttributeDefinition
  3
Thông tin 2
  2
#10
 70
8
 71
1
 72
0
  0
ATTDEF
  5
1AA
330
18E
100
AcDbEntity
  8
0
 62
1
100
AcDbText
 10
1817.447765733334
 20
-2081.275211692002
 30
0.0
 40
25.0
  1
......
  7
Tahoma (Input Text)
100
AcDbAttributeDefinition
  3
Loại tôn
  2
#08
 70
8
 71
1
 72
0
  0
ATTDEF
  5
1AB
330
18E
100
AcDbEntity
  8
0
 62
1
100
AcDbText
 10
1834.68151032555
 20
-2021.275211692002
 30
0.0
 40
25.0
  1
......
  7
Tahoma (Input Text)
100
AcDbAttributeDefinition
  3
Số lượng
  2
#07
 70
8
 71
1
 72
0
  0
ATTDEF
  5
1AC
330
18E
100
AcDbEntity
  8
0
 62
1
100
AcDbText
 10
1065.330889143646
 20
-2081.275211692002
 30
0.0
 40
25.0
  1
......
  7
Tahoma (Input Text)
100
AcDbAttributeDefinition
  3
Kích thước
  2
#06
 70
8
 71
1
 72
0
  0
ATTDEF
  5
1AD
330
18E
100
AcDbEntity
  8
0
 62
1
100
AcDbText
 10
1106.628177122154
 20
-2021.275211692002
 30
0.0
 40
25.0
  1
......
  7
Tahoma (Input Text)
100
AcDbAttributeDefinition
  3
Tên s.phẩm
  2
#05
 70
8
 71
1
 72
0
  0
ATTDEF
  5
1AE
330
18E
100
AcDbEntity
  8
0
 62
1
100
AcDbText
 10
486.1050270054984
 20
-2081.275211692002
 30
0.0
 40
25.0
  1
......
  7
Tahoma (Input Text)
100
AcDbAttributeDefinition
  3
Giao hàng
  2
#04
 70
8
 71
1
 72
0
  0
ATTDEF
  5
1AF
330
18E
100
AcDbEntity
  8
0
 62
1
100
AcDbText
 10
506.5707489467022
 20
-2019.301600489707
 30
0.0
 40
25.0
  1
......
  7
Tahoma (Input Text)
100
AcDbAttributeDefinition
  3
Khách hàng
  2
#03
 70
8
 71
1
 72
0
  0
ATTDEF
  5
1B0
330
18E
100
AcDbEntity
  8
0
 62
1
100
AcDbText
 10
98.45672450316488
 20
-2081.275211692002
 30
0.0
 40
25.0
  1
......
  7
Tahoma (Input Text)
100
AcDbAttributeDefinition
  3
CNC
  2
#02
 70
8
 71
1
 72
0
  0
ATTDEF
  5
1B1
330
18E
100
AcDbEntity
  8
0
 62
1
100
AcDbText
 10
137.0535078375105
 20
-2021.275211692002
 30
0.0
 40
25.0
  1
......
  7
Tahoma (Input Text)
100
AcDbAttributeDefinition
  3
Thiết kế
  2
#01
 70
8
 71
1
 72
0
  0
ENDBLK
  5
190
330
18E
100
AcDbEntity
  8
0
100
AcDbBlockEnd
  0
BLOCK
  5
1B9
330
1B8
100
AcDbEntity
  8
0
100
AcDbBlockBegin
  2
_ArchTick
 70
0
 10
0.0
 20
0.0
 30
0.0
  3
_ArchTick
  1

  0
LWPOLYLINE
  5
1BB
330
1B8
100
AcDbEntity
  8
0
 62
0
100
AcDbPolyline
 90
2
 70
0
 43
0.15
 10
-0.5
 20
-0.5
 10
0.5
 20
0.5
  0
ENDBLK
  5
1BA
330
1B8
100
AcDbEntity
  8
0
100
AcDbBlockEnd
  0
BLOCK
  5
20D
330
20C
100
AcDbEntity
  8
0
100
AcDbBlockBegin
  2
*D1
 70
1
 10
0.0
 20
0.0
 30
0.0
  3
*D1
  1

  0
LINE
  5
20F
330
20C
100
AcDbEntity
  8
DIM
 62
5
370
9
440
16777216
100
AcDbLine
 10
491.36333848589857
 20
2048.2078768243227
 30
0.0
 11
491.36333848589857
 21
2075.342663891075
 31
0.0
  0
LINE
  5
210
330
20C
100
AcDbEntity
  8
DIM
 62
5
370
9
440
16777216
100
AcDbLine
 10
1088.3633384860004
 20
2048.2078768243227
 30
0.0
 11
1088.3633384860004
 21
2075.342663891075
 31
0.0
  0
LINE
  5
211
330
20C
100
AcDbEntity
  8
DIM
 62
5
370
9
440
16777216
100
AcDbLine
 10
491.36333848589857
 20
2065.342663891075
 30
0.0
 11
1088.3633384860004
 21
2065.342663891075
 31
0.0
  0
LINE
  5
212
330
20C
100
AcDbEntity
  8
0
  6
ByBlock
 62
0
370
-2
100
AcDbLine
 10
495.36333848589857
 20
2069.342663891075
 30
0.0
 11
487.36333848589857
 21
2061.342663891075
 31
0.0
  0
LINE
  5
213
330
20C
100
AcDbEntity
  8
0
  6
ByBlock
 62
0
370
-2
100
AcDbLine
 10
1084.3633384860004
 20
2061.342663891075
 30
0.0
 11
1092.3633384860004
 21
2069.342663891075
 31
0.0
  0
MTEXT
  5
214
330
20C
100
AcDbEntity
  8
DIM
 62
3
440
16777216
100
AcDbMText
 10
789.8633384860004
 20
2088.1069885841134
 30
0.0
 40
25.0
 41
0.0
 46
0.0
 71
5
  1
597
  0
POINT
  5
215
330
20C
100
AcDbEntity
  8
Defpoints
 62
0
440
16777216
100
AcDbPoint
 10
491.36333848589857
 20
2033.2078768243227
 30
0.0
  0
POINT
  5
216
330
20C
100
AcDbEntity
  8
Defpoints
 62
0
440
16777216
100
AcDbPoint
 10
1088.3633384860004
 20
2033.2078768243227
 30
0.0
  0
POINT
  5
217
330
20C
100
AcDbEntity
  8
Defpoints
 62
0
440
16777216
100
AcDbPoint
 10
1088.3633384860004
 20
2065.342663891075
 30
0.0
  0
ENDBLK
  5
20E
330
20C
100
AcDbEntity
  8
0
100
AcDbBlockEnd
  0
BLOCK
  5
219
330
218
100
AcDbEntity
  8
0
100
AcDbBlockBegin
  2
*D2
 70
1
 10
0.0
 20
0.0
 30
0.0
  3
*D2
  1

  0
LINE
  5
21B
330
218
100
AcDbEntity
  8
DIM
 62
5
370
9
440
16777216
100
AcDbLine
 10
1088.3633384860004
 20
2048.2078768243227
 30
0.0
 11
1088.3633384860004
 21
2075.342663891075
 31
0.0
  0
LINE
  5
21C
330
218
100
AcDbEntity
  8
DIM
 62
5
370
9
440
16777216
100
AcDbLine
 10
1358.3633384860004
 20
2048.2078768243227
 30
0.0
 11
1358.3633384860004
 21
2075.342663891075
 31
0.0
  0
LINE
  5
21D
330
218
100
AcDbEntity
  8
DIM
 62
5
370
9
440
16777216
100
AcDbLine
 10
1088.3633384860004
 20
2065.342663891075
 30
0.0
 11
1358.3633384860004
 21
2065.342663891075
 31
0.0
  0
LINE
  5
21E
330
218
100
AcDbEntity
  8
0
  6
ByBlock
 62
0
370
-2
100
AcDbLine
 10
1092.3633384860004
 20
2069.342663891075
 30
0.0
 11
1084.3633384860004
 21
2061.342663891075
 31
0.0
  0
LINE
  5
21F
330
218
100
AcDbEntity
  8
0
  6
ByBlock
 62
0
370
-2
100
AcDbLine
 10
1354.3633384860004
 20
2061.342663891075
 30
0.0
 11
1362.3633384860004
 21
2069.342663891075
 31
0.0
  0
MTEXT
  5
220
330
218
100
AcDbEntity
  8
DIM
 62
3
440
16777216
100
AcDbMText
 10
1222.8633384860004
 20
2088.1069885841134
 30
0.0
 40
25.0
 41
0.0
 46
0.0
 71
5
  1
270
  0
POINT
  5
221
330
218
100
AcDbEntity
  8
Defpoints
 62
0
440
16777216
100
AcDbPoint
 10
1088.3633384860004
 20
2033.2078768243227
 30
0.0
  0
POINT
  5
222
330
218
100
AcDbEntity
  8
Defpoints
 62
0
440
16777216
100
AcDbPoint
 10
1358.3633384860004
 20
2033.2078768243227
 30
0.0
  0
POINT
  5
223
330
218
100
AcDbEntity
  8
Defpoints
 62
0
440
16777216
100
AcDbPoint
 10
1358.3633384860004
 20
2065.342663891075
 30
0.0
  0
ENDBLK
  5
21A
330
218
100
AcDbEntity
  8
0
100
AcDbBlockEnd
  0
BLOCK
  5
225
330
224
100
AcDbEntity
  8
0
100
AcDbBlockBegin
  2
*D3
 70
1
 10
0.0
 20
0.0
 30
0.0
  3
*D3
  1

  0
LINE
  5
227
330
224
100
AcDbEntity
  8
DIM
 62
5
370
9
440
16777216
100
AcDbLine
 10
1358.3633384860004
 20
2048.2078768243227
 30
0.0
 11
1358.3633384860004
 21
2075.342663891075
 31
0.0
  0
LINE
  5
228
330
224
100
AcDbEntity
  8
DIM
 62
5
370
9
440
16777216
100
AcDbLine
 10
1388.3633384858986
 20
2018.2078768243227
 30
0.0
 11
1388.3633384858986
 21
2075.342663891075
 31
0.0
  0
LINE
  5
229
330
224
100
AcDbEntity
  8
DIM
 62
5
370
9
440
16777216
100
AcDbLine
 10
1358.3633384860004
 20
2065.342663891075
 30
0.0
 11
1388.3633384858986
 21
2065.342663891075
 31
0.0
  0
LINE
  5
22A
330
224
100
AcDbEntity
  8
0
  6
ByBlock
 62
0
370
-2
100
AcDbLine
 10
1362.3633384860004
 20
2069.342663891075
 30
0.0
 11
1354.3633384860004
 21
2061.342663891075
 31
0.0
  0
LINE
  5
22B
330
224
100
AcDbEntity
  8
0
  6
ByBlock
 62
0
370
-2
100
AcDbLine
 10
1384.3633384858986
 20
2061.342663891075
 30
0.0
 11
1392.3633384858986
 21
2069.342663891075
 31
0.0
  0
MTEXT
  5
22C
330
224
100
AcDbEntity
  8
DIM
 62
3
440
16777216
100
AcDbMText
 10
1373.3633384858986
 20
2088.1155151871208
 30
0.0
 40
25.0
 41
0.0
 46
0.0
 71
5
  1
30
  0
POINT
  5
22D
330
224
100
AcDbEntity
  8
Defpoints
 62
0
440
16777216
100
AcDbPoint
 10
1358.3633384860004
 20
2033.2078768243227
 30
0.0
  0
POINT
  5
22E
330
224
100
AcDbEntity
  8
Defpoints
 62
0
440
16777216
100
AcDbPoint
 10
1388.3633384858986
 20
2003.2078768243227
 30
0.0
  0
POINT
  5
22F
330
224
100
AcDbEntity
  8
Defpoints
 62
0
440
16777216
100
AcDbPoint
 10
1388.3633384858986
 20
2065.342663891075
 30
0.0
  0
ENDBLK
  5
226
330
224
100
AcDbEntity
  8
0
100
AcDbBlockEnd
  0
BLOCK
  5
231
330
230
100
AcDbEntity
  8
0
100
AcDbBlockBegin
  2
*D4
 70
1
 10
0.0
 20
0.0
 30
0.0
  3
*D4
  1

  0
LINE
  5
233
330
230
100
AcDbEntity
  8
DIM
 62
5
370
9
440
16777216
100
AcDbLine
 10
1388.3633384858986
 20
2018.2078768243227
 30
0.0
 11
1388.3633384858986
 21
2075.342663891075
 31
0.0
  0
LINE
  5
234
330
230
100
AcDbEntity
  8
DIM
 62
5
370
9
440
16777216
100
AcDbLine
 10
1400.3633384860004
 20
2018.2078768243227
 30
0.0
 11
1400.3633384860004
 21
2075.342663891075
 31
0.0
  0
LINE
  5
235
330
230
100
AcDbEntity
  8
DIM
 62
5
370
9
440
16777216
100
AcDbLine
 10
1388.3633384858986
 20
2065.342663891075
 30
0.0
 11
1380.3633384858986
 21
2065.342663891075
 31
0.0
  0
LINE
  5
236
330
230
100
AcDbEntity
  8
DIM
 62
5
370
9
440
16777216
100
AcDbLine
 10
1400.3633384860004
 20
2065.342663891075
 30
0.0
 11
1469.5659305732988
 21
2065.342663891075
 31
0.0
  0
LINE
  5
237
330
230
100
AcDbEntity
  8
DIM
 62
5
370
9
440
16777216
100
AcDbLine
 10
1388.3633384858986
 20
2065.342663891075
 30
0.0
 11
1400.3633384860004
 21
2065.342663891075
 31
0.0
  0
LINE
  5
238
330
230
100
AcDbEntity
  8
0
  6
ByBlock
 62
0
370
-2
100
AcDbLine
 10
1384.3633384858986
 20
2061.342663891075
 30
0.0
 11
1392.3633384858986
 21
2069.342663891075
 31
0.0
  0
LINE
  5
239
330
230
100
AcDbEntity
  8
0
  6
ByBlock
 62
0
370
-2
100
AcDbLine
 10
1404.3633384860004
 20
2069.342663891075
 30
0.0
 11
1396.3633384860004
 21
2061.342663891075
 31
0.0
  0
MTEXT
  5
23A
330
230
100
AcDbEntity
  8
DIM
 62
3
440
16777216
100
AcDbMText
 10
1442.964634529606
 20
2087.89382350909
 30
0.0
 40
25.0
 41
0.0
 46
0.0
 71
5
  1
12
  0
POINT
  5
23B
330
230
100
AcDbEntity
  8
Defpoints
 62
0
440
16777216
100
AcDbPoint
 10
1388.3633384858986
 20
2003.2078768243227
 30
0.0
  0
POINT
  5
23C
330
230
100
AcDbEntity
  8
Defpoints
 62
0
440
16777216
100
AcDbPoint
 10
1400.3633384860004
 20
2003.2078768243227
 30
0.0
  0
POINT
  5
23D
330
230
100
AcDbEntity
  8
Defpoints
 62
0
440
16777216
100
AcDbPoint
 10
1400.3633384860004
 20
2065.342663891075
 30
0.0
  0
ENDBLK
  5
232
330
230
100
AcDbEntity
  8
0
100
AcDbBlockEnd
  0
BLOCK
  5
23F
330
23E
100
AcDbEntity
  8
0
100
AcDbBlockBegin
  2
*D5
 70
1
 10
0.0
 20
0.0
 30
0.0
  3
*D5
  1

  0
LINE
  5
241
330
23E
100
AcDbEntity
  8
DIM
 62
5
370
9
440
16777216
100
AcDbLine
 10
491.36333848589857
 20
2048.2078768243227
 30
0.0
 11
491.36333848589857
 21
2075.342663891075
 31
0.0
  0
LINE
  5
242
330
23E
100
AcDbEntity
  8
DIM
 62
5
370
9
440
16777216
100
AcDbLine
 10
221.36333848589857
 20
2048.2078768243227
 30
0.0
 11
221.36333848589857
 21
2075.342663891075
 31
0.0
  0
LINE
  5
243
330
23E
100
AcDbEntity
  8
DIM
 62
5
370
9
440
16777216
100
AcDbLine
 10
491.36333848589857
 20
2065.342663891075
 30
0.0
 11
221.36333848589857
 21
2065.342663891075
 31
0.0
  0
LINE
  5
244
330
23E
100
AcDbEntity
  8
0
  6
ByBlock
 62
0
370
-2
100
AcDbLine
 10
487.36333848589857
 20
2061.342663891075
 30
0.0
 11
495.36333848589857
 21
2069.342663891075
 31
0.0
  0
LINE
  5
245
330
23E
100
AcDbEntity
  8
0
  6
ByBlock
 62
0
370
-2
100
AcDbLine
 10
225.36333848589857
 20
2069.342663891075
 30
0.0
 11
217.36333848589857
 21
2061.342663891075
 31
0.0
  0
MTEXT
  5
246
330
23E
100
AcDbEntity
  8
DIM
 62
3
440
16777216
100
AcDbMText
 10
377.36333848589857
 20
2088.1069885841134
 30
0.0
 40
25.0
 41
0.0
 46
0.0
 71
5
  1
270
  0
POINT
  5
247
330
23E
100
AcDbEntity
  8
Defpoints
 62
0
440
16777216
100
AcDbPoint
 10
491.36333848589857
 20
2033.2078768243227
 30
0.0
  0
POINT
  5
248
330
23E
100
AcDbEntity
  8
Defpoints
 62
0
440
16777216
100
AcDbPoint
 10
221.36333848589857
 20
2033.2078768243227
 30
0.0
  0
POINT
  5
249
330
23E
100
AcDbEntity
  8
Defpoints
 62
0
440
16777216
100
AcDbPoint
 10
221.36333848589857
 20
2065.342663891075
 30
0.0
  0
ENDBLK
  5
240
330
23E
100
AcDbEntity
  8
0
100
AcDbBlockEnd
  0
BLOCK
  5
24B
330
24A
100
AcDbEntity
  8
0
100
AcDbBlockBegin
  2
*D6
 70
1
 10
0.0
 20
0.0
 30
0.0
  3
*D6
  1

  0
LINE
  5
24D
330
24A
100
AcDbEntity
  8
DIM
 62
5
370
9
440
16777216
100
AcDbLine
 10
221.36333848589857
 20
2048.2078768243227
 30
0.0
 11
221.36333848589857
 21
2075.342663891075
 31
0.0
  0
LINE
  5
24E
330
24A
100
AcDbEntity
  8
DIM
 62
5
370
9
440
16777216
100
AcDbLine
 10
191.36333848589857
 20
2018.2078768243227
 30
0.0
 11
191.36333848589857
 21
2075.342663891075
 31
0.0
  0
LINE
  5
24F
330
24A
100
AcDbEntity
  8
DIM
 62
5
370
9
440
16777216
100
AcDbLine
 10
221.36333848589857
 20
2065.342663891075
 30
0.0
 11
191.36333848589857
 21
2065.342663891075
 31
0.0
  0
LINE
  5
250
330
24A
100
AcDbEntity
  8
0
  6
ByBlock
 62
0
370
-2
100
AcDbLine
 10
217.36333848589857
 20
2061.342663891075
 30
0.0
 11
225.36333848589857
 21
2069.342663891075
 31
0.0
  0
LINE
  5
251
330
24A
100
AcDbEntity
  8
0
  6
ByBlock
 62
0
370
-2
100
AcDbLine
 10
195.36333848589857
 20
2069.342663891075
 30
0.0
 11
187.36333848589857
 21
2061.342663891075
 31
0.0
  0
MTEXT
  5
252
330
24A
100
AcDbEntity
  8
DIM
 62
3
440
16777216
100
AcDbMText
 10
206.36333848600043
 20
2088.1155151871208
 30
0.0
 40
25.0
 41
0.0
 46
0.0
 71
5
  1
30
  0
POINT
  5
253
330
24A
100
AcDbEntity
  8
Defpoints
 62
0
440
16777216
100
AcDbPoint
 10
221.36333848589857
 20
2033.2078768243227
 30
0.0
  0
POINT
  5
254
330
24A
100
AcDbEntity
  8
Defpoints
 62
0
440
16777216
100
AcDbPoint
 10
191.36333848589857
 20
2003.2078768243227
 30
0.0
  0
POINT
  5
255
330
24A
100
AcDbEntity
  8
Defpoints
 62
0
440
16777216
100
AcDbPoint
 10
191.36333848589857
 20
2065.342663891075
 30
0.0
  0
ENDBLK
  5
24C
330
24A
100
AcDbEntity
  8
0
100
AcDbBlockEnd
  0
BLOCK
  5
257
330
256
100
AcDbEntity
  8
0
100
AcDbBlockBegin
  2
*D7
 70
1
 10
0.0
 20
0.0
 30
0.0
  3
*D7
  1

  0
LINE
  5
259
330
256
100
AcDbEntity
  8
DIM
 62
5
370
9
440
16777216
100
AcDbLine
 10
191.36333848589857
 20
2018.2078768243227
 30
0.0
 11
191.36333848589857
 21
2075.342663891075
 31
0.0
  0
LINE
  5
25A
330
256
100
AcDbEntity
  8
DIM
 62
5
370
9
440
16777216
100
AcDbLine
 10
179.36333848589857
 20
2018.2078768243227
 30
0.0
 11
179.36333848589857
 21
2075.342663891075
 31
0.0
  0
LINE
  5
25B
330
256
100
AcDbEntity
  8
DIM
 62
5
370
9
440
16777216
100
AcDbLine
 10
191.36333848589857
 20
2065.342663891075
 30
0.0
 11
199.36333848600043
 21
2065.342663891075
 31
0.0
  0
LINE
  5
25C
330
256
100
AcDbEntity
  8
DIM
 62
5
370
9
440
16777216
100
AcDbLine
 10
179.36333848589857
 20
2065.342663891075
 30
0.0
 11
110.16074639860017
 21
2065.342663891075
 31
0.0
  0
LINE
  5
25D
330
256
100
AcDbEntity
  8
DIM
 62
5
370
9
440
16777216
100
AcDbLine
 10
191.36333848589857
 20
2065.342663891075
 30
0.0
 11
179.36333848589857
 21
2065.342663891075
 31
0.0
  0
LINE
  5
25E
330
256
100
AcDbEntity
  8
0
  6
ByBlock
 62
0
370
-2
100
AcDbLine
 10
195.36333848589857
 20
2069.342663891075
 30
0.0
 11
187.36333848589857
 21
2061.342663891075
 31
0.0
  0
LINE
  5
25F
330
256
100
AcDbEntity
  8
0
  6
ByBlock
 62
0
370
-2
100
AcDbLine
 10
175.36333848589857
 20
2061.342663891075
 30
0.0
 11
183.36333848589857
 21
2069.342663891075
 31
0.0
  0
MTEXT
  5
260
330
256
100
AcDbEntity
  8
DIM
 62
3
440
16777216
100
AcDbMText
 10
136.76204244230757
 20
2087.89382350909
 30
0.0
 40
25.0
 41
0.0
 46
0.0
 71
5
  1
12
  0
POINT
  5
261
330
256
100
AcDbEntity
  8
Defpoints
 62
0
440
16777216
100
AcDbPoint
 10
191.36333848589857
 20
2003.2078768243227
 30
0.0
  0
POINT
  5
262
330
256
100
AcDbEntity
  8
Defpoints
 62
0
440
16777216
100
AcDbPoint
 10
179.36333848589857
 20
2003.2078768243227
 30
0.0
  0
POINT
  5
263
330
256
100
AcDbEntity
  8
Defpoints
 62
0
440
16777216
100
AcDbPoint
 10
179.36333848589857
 20
2065.342663891075
 30
0.0
  0
ENDBLK
  5
258
330
256
100
AcDbEntity
  8
0
100
AcDbBlockEnd
  0
BLOCK
  5
265
330
264
100
AcDbEntity
  8
0
100
AcDbBlockBegin
  2
*D8
 70
1
 10
0.0
 20
0.0
 30
0.0
  3
*D8
  1

  0
LINE
  5
267
330
264
100
AcDbEntity
  8
DIM
 62
5
370
9
440
16777216
100
AcDbLine
 10
179.36333848589857
 20
1250.6078768243024
 30
0.0
 11
179.36333848589857
 21
1175.8358045761415
 31
0.0
  0
LINE
  5
268
330
264
100
AcDbEntity
  8
DIM
 62
5
370
9
440
16777216
100
AcDbLine
 10
1400.3633384860004
 20
1250.6078768243024
 30
0.0
 11
1400.3633384860004
 21
1175.8358045761415
 31
0.0
  0
LINE
  5
269
330
264
100
AcDbEntity
  8
DIM
 62
5
370
9
440
16777216
100
AcDbLine
 10
179.36333848589857
 20
1185.8358045761415
 30
0.0
 11
1400.3633384860004
 21
1185.8358045761415
 31
0.0
  0
LINE
  5
26A
330
264
100
AcDbEntity
  8
0
  6
ByBlock
 62
0
370
-2
100
AcDbLine
 10
183.36333848589857
 20
1189.8358045761415
 30
0.0
 11
175.36333848589857
 21
1181.8358045761415
 31
0.0
  0
LINE
  5
26B
330
264
100
AcDbEntity
  8
0
  6
ByBlock
 62
0
370
-2
100
AcDbLine
 10
1396.3633384860004
 20
1181.8358045761415
 30
0.0
 11
1404.3633384860004
 21
1189.8358045761415
 31
0.0
  0
MTEXT
  5
26C
330
264
100
AcDbEntity
  8
DIM
 62
3
440
16777216
100
AcDbMText
 10
789.8633384860004
 20
1208.3869641941565
 30
0.0
 40
25.0
 41
0.0
 46
0.0
 71
5
  1
1221
  0
POINT
  5
26D
330
264
100
AcDbEntity
  8
Defpoints
 62
0
440
16777216
100
AcDbPoint
 10
179.36333848589857
 20
1265.6078768243024
 30
0.0
  0
POINT
  5
26E
330
264
100
AcDbEntity
  8
Defpoints
 62
0
440
16777216
100
AcDbPoint
 10
1400.3633384860004
 20
1265.6078768243024
 30
0.0
  0
POINT
  5
26F
330
264
100
AcDbEntity
  8
Defpoints
 62
0
440
16777216
100
AcDbPoint
 10
1400.3633384860004
 20
1185.8358045761415
 30
0.0
  0
ENDBLK
  5
266
330
264
100
AcDbEntity
  8
0
100
AcDbBlockEnd
  0
BLOCK
  5
271
330
270
100
AcDbEntity
  8
0
100
AcDbBlockBegin
  2
*D9
 70
1
 10
0.0
 20
0.0
 30
0.0
  3
*D9
  1

  0
LINE
  5
273
330
270
100
AcDbEntity
  8
DIM
 62
5
370
9
 48
3.0
440
16777216
100
AcDbLine
 10
1615.632119580201
 20
2048.2078768243227
 30
0.0
 11
1615.632119580201
 21
2098.40855773323
 31
0.0
  0
LINE
  5
274
330
270
100
AcDbEntity
  8
DIM
 62
5
370
9
 48
3.0
440
16777216
100
AcDbLine
 10
1603.6321195800992
 20
2036.2078768243082
 30
0.0
 11
1603.6321195800992
 21
2098.40855773323
 31
0.0
  0
LINE
  5
275
330
270
100
AcDbEntity
  8
DIM
 62
5
370
9
 48
3.0
440
16777216
100
AcDbLine
 10
1615.632119580201
 20
2088.40855773323
 30
0.0
 11
1623.632119580201
 21
2088.40855773323
 31
0.0
  0
LINE
  5
276
330
270
100
AcDbEntity
  8
DIM
 62
5
370
9
 48
3.0
440
16777216
100
AcDbLine
 10
1603.6321195800992
 20
2088.40855773323
 30
0.0
 11
1534.4295274928008
 21
2088.40855773323
 31
0.0
  0
LINE
  5
277
330
270
100
AcDbEntity
  8
DIM
 62
5
370
9
 48
3.0
440
16777216
100
AcDbLine
 10
1615.632119580201
 20
2088.40855773323
 30
0.0
 11
1603.6321195800992
 21
2088.40855773323
 31
0.0
  0
LINE
  5
278
330
270
100
AcDbEntity
  8
0
  6
ByBlock
 62
0
370
-2
100
AcDbLine
 10
1619.632119580201
 20
2092.40855773323
 30
0.0
 11
1611.632119580201
 21
2084.40855773323
 31
0.0
  0
LINE
  5
279
330
270
100
AcDbEntity
  8
0
  6
ByBlock
 62
0
370
-2
100
AcDbLine
 10
1599.6321195800992
 20
2084.40855773323
 30
0.0
 11
1607.6321195800992
 21
2092.40855773323
 31
0.0
  0
MTEXT
  5
27A
330
270
100
AcDbEntity
  8
DIM
 62
3
 48
3.0
440
16777216
100
AcDbMText
 10
1561.0308235365083
 20
2110.9597173512448
 30
0.0
 40
25.0
 41
0.0
 46
0.0
 71
5
  1
12
  0
POINT
  5
27B
330
270
100
AcDbEntity
  8
Defpoints
 62
0
 48
3.0
440
16777216
100
AcDbPoint
 10
1615.632119580201
 20
2033.2078768243227
 30
0.0
  0
POINT
  5
27C
330
270
100
AcDbEntity
  8
Defpoints
 62
0
 48
3.0
440
16777216
100
AcDbPoint
 10
1603.6321195800992
 20
2021.2078768243082
 30
0.0
  0
POINT
  5
27D
330
270
100
AcDbEntity
  8
Defpoints
 62
0
 48
3.0
440
16777216
100
AcDbPoint
 10
1603.6321195800992
 20
2088.40855773323
 30
0.0
  0
ENDBLK
  5
272
330
270
100
AcDbEntity
  8
0
100
AcDbBlockEnd
  0
BLOCK
  5
27F
330
27E
100
AcDbEntity
  8
0
100
AcDbBlockBegin
  2
*D10
 70
1
 10
0.0
 20
0.0
 30
0.0
  3
*D10
  1

  0
LINE
  5
281
330
27E
100
AcDbEntity
  8
DIM
 62
5
370
9
 48
3.0
440
16777216
100
AcDbLine
 10
1638.632119580201
 20
2071.2078768243227
 30
0.0
 11
1638.632119580201
 21
2149.7099814278336
 31
0.0
  0
LINE
  5
282
330
27E
100
AcDbEntity
  8
DIM
 62
5
370
9
 48
3.0
440
16777216
100
AcDbLine
 10
1615.632119580201
 20
2048.2078768243227
 30
0.0
 11
1615.632119580201
 21
2149.7099814278336
 31
0.0
  0
LINE
  5
283
330
27E
100
AcDbEntity
  8
DIM
 62
5
370
9
 48
3.0
440
16777216
100
AcDbLine
 10
1638.632119580201
 20
2139.7099814278336
 30
0.0
 11
1615.632119580201
 21
2139.7099814278336
 31
0.0
  0
LINE
  5
284
330
27E
100
AcDbEntity
  8
DIM
 62
5
370
9
 48
3.0
440
16777216
100
AcDbLine
 10
1615.632119580201
 20
2139.7099814278336
 30
0.0
 11
1551.3940568243997
 21
2139.7099814278336
 31
0.0
  0
LINE
  5
285
330
27E
100
AcDbEntity
  8
0
  6
ByBlock
 62
0
370
-2
100
AcDbLine
 10
1634.632119580201
 20
2135.7099814278336
 30
0.0
 11
1642.632119580201
 21
2143.7099814278336
 31
0.0
  0
LINE
  5
286
330
27E
100
AcDbEntity
  8
0
  6
ByBlock
 62
0
370
-2
100
AcDbLine
 10
1619.632119580201
 20
2143.7099814278336
 30
0.0
 11
1611.632119580201
 21
2135.7099814278336
 31
0.0
  0
MTEXT
  5
287
330
27E
100
AcDbEntity
  8
DIM
 62
3
 48
3.0
440
16777216
100
AcDbMText
 10
1579.5130882023077
 20
2162.48283272385
 30
0.0
 40
25.0
 41
0.0
 46
0.0
 71
5
  1
23
  0
POINT
  5
288
330
27E
100
AcDbEntity
  8
Defpoints
 62
0
 48
3.0
440
16777216
100
AcDbPoint
 10
1638.632119580201
 20
2056.2078768243227
 30
0.0
  0
POINT
  5
289
330
27E
100
AcDbEntity
  8
Defpoints
 62
0
 48
3.0
440
16777216
100
AcDbPoint
 10
1615.632119580201
 20
2033.2078768243227
 30
0.0
  0
POINT
  5
28A
330
27E
100
AcDbEntity
  8
Defpoints
 62
0
 48
3.0
440
16777216
100
AcDbPoint
 10
1615.632119580201
 20
2139.7099814278336
 30
0.0
  0
ENDBLK
  5
280
330
27E
100
AcDbEntity
  8
0
100
AcDbBlockEnd
  0
BLOCK
  5
28C
330
28B
100
AcDbEntity
  8
0
100
AcDbBlockBegin
  2
*D11
 70
1
 10
0.0
 20
0.0
 30
0.0
  3
*D11
  1

  0
LINE
  5
28E
330
28B
100
AcDbEntity
  8
DIM
 62
5
370
9
 48
3.0
440
16777216
100
AcDbLine
 10
1638.632119580201
 20
2071.2078768243227
 30
0.0
 11
1638.632119580201
 21
2149.7099814278336
 31
0.0
  0
LINE
  5
28F
330
28B
100
AcDbEntity
  8
DIM
 62
5
370
9
 48
3.0
440
16777216
100
AcDbLine
 10
2235.632119580201
 20
2071.2078768243227
 30
0.0
 11
2235.632119580201
 21
2149.7099814278336
 31
0.0
  0
LINE
  5
290
330
28B
100
AcDbEntity
  8
DIM
 62
5
370
9
 48
3.0
440
16777216
100
AcDbLine
 10
1638.632119580201
 20
2139.7099814278336
 30
0.0
 11
2235.632119580201
 21
2139.7099814278336
 31
0.0
  0
LINE
  5
291
330
28B
100
AcDbEntity
  8
0
  6
ByBlock
 62
0
370
-2
100
AcDbLine
 10
1642.632119580201
 20
2143.7099814278336
 30
0.0
 11
1634.632119580201
 21
2135.7099814278336
 31
0.0
  0
LINE
  5
292
330
28B
100
AcDbEntity
  8
0
  6
ByBlock
 62
0
370
-2
100
AcDbLine
 10
2231.632119580201
 20
2135.7099814278336
 30
0.0
 11
2239.632119580201
 21
2143.7099814278336
 31
0.0
  0
MTEXT
  5
293
330
28B
100
AcDbEntity
  8
DIM
 62
3
 48
3.0
440
16777216
100
AcDbMText
 10
1937.132119580201
 20
2162.4743061208574
 30
0.0
 40
25.0
 41
0.0
 46
0.0
 71
5
  1
597
  0
POINT
  5
294
330
28B
100
AcDbEntity
  8
Defpoints
 62
0
 48
3.0
440
16777216
100
AcDbPoint
 10
1638.632119580201
 20
2056.2078768243227
 30
0.0
  0
POINT
  5
295
330
28B
100
AcDbEntity
  8
Defpoints
 62
0
 48
3.0
440
16777216
100
AcDbPoint
 10
2235.632119580201
 20
2056.2078768243227
 30
0.0
  0
POINT
  5
296
330
28B
100
AcDbEntity
  8
Defpoints
 62
0
 48
3.0
440
16777216
100
AcDbPoint
 10
2235.632119580201
 20
2139.7099814278336
 30
0.0
  0
ENDBLK
  5
28D
330
28B
100
AcDbEntity
  8
0
100
AcDbBlockEnd
  0
BLOCK
  5
298
330
297
100
AcDbEntity
  8
0
100
AcDbBlockBegin
  2
*D12
 70
1
 10
0.0
 20
0.0
 30
0.0
  3
*D12
  1

  0
LINE
  5
29A
330
297
100
AcDbEntity
  8
DIM
 62
5
370
9
 48
3.0
440
16777216
100
AcDbLine
 10
2238.632119580201
 20
2068.2078768242645
 30
0.0
 11
2405.1632375894987
 21
2068.2078768242645
 31
0.0
  0
LINE
  5
29B
330
297
100
AcDbEntity
  8
DIM
 62
5
370
9
 48
3.0
440
16777216
100
AcDbLine
 10
2238.632119580201
 20
1201.6078768242733
 30
0.0
 11
2405.1632375894987
 21
1201.6078768242733
 31
0.0
  0
LINE
  5
29C
330
297
100
AcDbEntity
  8
DIM
 62
5
370
9
 48
3.0
440
16777216
100
AcDbLine
 10
2395.1632375894987
 20
2068.2078768242645
 30
0.0
 11
2395.1632375894987
 21
1201.6078768242733
 31
0.0
  0
LINE
  5
29D
330
297
100
AcDbEntity
  8
0
  6
ByBlock
 62
0
370
-2
100
AcDbLine
 10
2399.1632375894987
 20
2064.2078768242645
 30
0.0
 11
2391.1632375894987
 21
2072.2078768242645
 31
0.0
  0
LINE
  5
29E
330
297
100
AcDbEntity
  8
0
  6
ByBlock
 62
0
370
-2
100
AcDbLine
 10
2391.1632375894987
 20
1205.6078768242733
 30
0.0
 11
2399.1632375894987
 21
1197.6078768242733
 31
0.0
  0
MTEXT
  5
29F
330
297
100
AcDbEntity
  8
DIM
 62
3
 48
3.0
440
16777216
100
AcDbMText
 10
2372.398912896402
 20
1634.9078768242325
 30
0.0
 40
25.0
 41
0.0
 46
0.0
 71
5
  1
867
 11
1e-16
 21
1.0
 31
0.0
  0
POINT
  5
2A0
330
297
100
AcDbEntity
  8
Defpoints
 62
0
 48
3.0
440
16777216
100
AcDbPoint
 10
2223.632119580201
 20
2068.2078768242645
 30
0.0
  0
POINT
  5
2A1
330
297
100
AcDbEntity
  8
Defpoints
 62
0
 48
3.0
440
16777216
100
AcDbPoint
 10
2223.632119580201
 20
1201.6078768242733
 30
0.0
  0
POINT
  5
2A2
330
297
100
AcDbEntity
  8
Defpoints
 62
0
 48
3.0
440
16777216
100
AcDbPoint
 10
2395.1632375894987
 20
1201.6078768242733
 30
0.0
  0
ENDBLK
  5
299
330
297
100
AcDbEntity
  8
0
100
AcDbBlockEnd
  0
BLOCK
  5
2A4
330
2A3
100
AcDbEntity
  8
0
100
AcDbBlockBegin
  2
*D13
 70
1
 10
0.0
 20
0.0
 30
0.0
  3
*D13
  1

  0
LINE
  5
2A6
330
2A3
100
AcDbEntity
  8
DIM
 62
5
370
9
 48
3.0
440
16777216
100
AcDbLine
 10
2273.632119580201
 20
1236.6078768242733
 30
0.0
 11
2342.146332882403
 21
1236.6078768242733
 31
0.0
  0
LINE
  5
2A7
330
2A3
100
AcDbEntity
  8
DIM
 62
5
370
9
 48
3.0
440
16777216
100
AcDbLine
 10
2273.632119580201
 20
2033.207876824279
 30
0.0
 11
2342.146332882403
 21
2033.207876824279
 31
0.0
  0
LINE
  5
2A8
330
2A3
100
AcDbEntity
  8
DIM
 62
5
370
9
 48
3.0
440
16777216
100
AcDbLine
 10
2332.146332882403
 20
1236.6078768242733
 30
0.0
 11
2332.146332882403
 21
2033.207876824279
 31
0.0
  0
LINE
  5
2A9
330
2A3
100
AcDbEntity
  8
0
  6
ByBlock
 62
0
370
-2
100
AcDbLine
 10
2328.146332882403
 20
1240.6078768242733
 30
0.0
 11
2336.146332882403
 21
1232.6078768242733
 31
0.0
  0
LINE
  5
2AA
330
2A3
100
AcDbEntity
  8
0
  6
ByBlock
 62
0
370
-2
100
AcDbLine
 10
2336.146332882403
 20
2029.207876824279
 30
0.0
 11
2328.146332882403
 21
2037.207876824279
 31
0.0
  0
MTEXT
  5
2AB
330
2A3
100
AcDbEntity
  8
DIM
 62
3
 48
3.0
440
16777216
100
AcDbMText
 10
2309.3820081893064
 20
1634.9078768242616
 30
0.0
 40
25.0
 41
0.0
 46
0.0
 71
5
  1
797
 11
1e-16
 21
1.0
 31
0.0
  0
POINT
  5
2AC
330
2A3
100
AcDbEntity
  8
Defpoints
 62
0
 48
3.0
440
16777216
100
AcDbPoint
 10
2258.632119580201
 20
1236.6078768242733
 30
0.0
  0
POINT
  5
2AD
330
2A3
100
AcDbEntity
  8
Defpoints
 62
0
 48
3.0
440
16777216
100
AcDbPoint
 10
2258.632119580201
 20
2033.207876824279
 30
0.0
  0
POINT
  5
2AE
330
2A3
100
AcDbEntity
  8
Defpoints
 62
0
 48
3.0
440
16777216
100
AcDbPoint
 10
2332.146332882403
 20
2033.207876824279
 30
0.0
  0
ENDBLK
  5
2A5
330
2A3
100
AcDbEntity
  8
0
100
AcDbBlockEnd
  0
BLOCK
  5
2B0
330
2AF
100
AcDbEntity
  8
0
100
AcDbBlockBegin
  2
*D14
 70
1
 10
0.0
 20
0.0
 30
0.0
  3
*D14
  1

  0
LINE
  5
2B2
330
2AF
100
AcDbEntity
  8
0
 62
5
370
9
 48
3.0
440
16777216
100
AcDbLine
 10
206.36333848600043
 20
2033.207876824279
 30
0.0
 11
91.23950408110977
 21
2033.207876824279
 31
0.0
  0
LINE
  5
2B3
330
2AF
100
AcDbEntity
  8
0
 62
5
370
9
 48
3.0
440
16777216
100
AcDbLine
 10
206.36333848600043
 20
1235.6078768242733
 30
0.0
 11
91.23950408110977
 21
1235.6078768242733
 31
0.0
  0
LINE
  5
2B4
330
2AF
100
AcDbEntity
  8
0
 62
5
370
9
 48
3.0
440
16777216
100
AcDbLine
 10
96.23950408110977
 20
2028.207876824279
 30
0.0
 11
96.23950408110977
 21
1240.6078768242733
 31
0.0
  0
LINE
  5
2B5
330
2AF
100
AcDbEntity
  8
0
  6
ByBlock
 62
0
370
-2
100
AcDbLine
 10
94.89975813111232
 20
2028.207876824279
 30
0.0
 11
96.23950408110977
 21
2033.207876824279
 31
0.0
  0
LINE
  5
2B6
330
2AF
100
AcDbEntity
  8
0
  6
ByBlock
 62
0
370
-2
100
AcDbLine
 10
96.23950408110977
 20
2033.207876824279
 30
0.0
 11
97.57925003110722
 21
2028.207876824279
 31
0.0
  0
LINE
  5
2B7
330
2AF
100
AcDbEntity
  8
0
  6
ByBlock
 62
0
370
-2
100
AcDbLine
 10
96.23950408110977
 20
2033.207876824279
 30
0.0
 11
96.23950408110977
 21
2028.207876824279
 31
0.0
  0
LINE
  5
2B8
330
2AF
100
AcDbEntity
  8
0
  6
ByBlock
 62
0
370
-2
100
AcDbLine
 10
97.57925003110722
 20
1240.6078768242733
 30
0.0
 11
96.23950408110977
 21
1235.6078768242733
 31
0.0
  0
LINE
  5
2B9
330
2AF
100
AcDbEntity
  8
0
  6
ByBlock
 62
0
370
-2
100
AcDbLine
 10
96.23950408110977
 20
1235.6078768242733
 30
0.0
 11
94.89975813111232
 21
1240.6078768242733
 31
0.0
  0
LINE
  5
2BA
330
2AF
100
AcDbEntity
  8
0
  6
ByBlock
 62
0
370
-2
100
AcDbLine
 10
96.23950408110977
 20
1235.6078768242733
 30
0.0
 11
96.23950408110977
 21
1240.6078768242733
 31
0.0
  0
MTEXT
  5
2BB
330
2AF
100
AcDbEntity
  8
0
 62
3
 48
3.0
440
16777216
100
AcDbMText
 10
60.710854695003945
 20
1634.4078768242616
 30
0.0
 40
50.0
 41
0.0
 46
0.0
 71
5
  1
798
 11
1e-16
 21
1.0
 31
0.0
  0
POINT
  5
2BC
330
2AF
100
AcDbEntity
  8
Defpoints
 62
0
 48
3.0
440
16777216
100
AcDbPoint
 10
221.36333848600043
 20
2033.207876824279
 30
0.0
  0
POINT
  5
2BD
330
2AF
100
AcDbEntity
  8
Defpoints
 62
0
 48
3.0
440
16777216
100
AcDbPoint
 10
221.36333848600043
 20
1235.6078768242733
 30
0.0
  0
POINT
  5
2BE
330
2AF
100
AcDbEntity
  8
Defpoints
 62
0
 48
3.0
440
16777216
100
AcDbPoint
 10
96.23950408110977
 20
1235.6078768242733
 30
0.0
  0
ENDBLK
  5
2B1
330
2AF
100
AcDbEntity
  8
0
100
AcDbBlockEnd
  0
BLOCK
  5
2C0
330
2BF
100
AcDbEntity
  8
0
100
AcDbBlockBegin
  2
*D15
 70
1
 10
0.0
 20
0.0
 30
0.0
  3
*D15
  1

  0
LINE
  5
2C2
330
2BF
100
AcDbEntity
  8
DIM
 62
5
370
9
440
16777216
100
AcDbLine
 10
771.6784332036041
 20
700.5868263503944
 30
0.0
 11
771.6784332036041
 21
584.9392086106236
 31
0.0
  0
LINE
  5
2C3
330
2BF
100
AcDbEntity
  8
DIM
 62
5
370
9
440
16777216
100
AcDbLine
 10
172.07843320359825
 20
700.5868263503944
 30
0.0
 11
172.07843320359825
 21
584.9392086106236
 31
0.0
  0
LINE
  5
2C4
330
2BF
100
AcDbEntity
  8
DIM
 62
5
370
9
440
16777216
100
AcDbLine
 10
771.6784332036041
 20
594.9392086106236
 30
0.0
 11
172.07843320359825
 21
594.9392086106236
 31
0.0
  0
LINE
  5
2C5
330
2BF
100
AcDbEntity
  8
0
  6
ByBlock
 62
0
370
-2
100
AcDbLine
 10
767.6784332036041
 20
590.9392086106236
 30
0.0
 11
775.6784332036041
 21
598.9392086106236
 31
0.0
  0
LINE
  5
2C6
330
2BF
100
AcDbEntity
  8
0
  6
ByBlock
 62
0
370
-2
100
AcDbLine
 10
176.07843320359825
 20
598.9392086106236
 30
0.0
 11
168.07843320359825
 21
590.9392086106236
 31
0.0
  0
MTEXT
  5
2C7
330
2BF
100
AcDbEntity
  8
DIM
 62
3
440
16777216
100
AcDbMText
 10
471.87843320360116
 20
617.703533303662
 30
0.0
 40
25.0
 41
0.0
 46
0.0
 71
5
  1
600
  0
POINT
  5
2C8
330
2BF
100
AcDbEntity
  8
Defpoints
 62
0
440
16777216
100
AcDbPoint
 10
771.6784332036041
 20
715.5868263503944
 30
0.0
  0
POINT
  5
2C9
330
2BF
100
AcDbEntity
  8
Defpoints
 62
0
440
16777216
100
AcDbPoint
 10
172.07843320359825
 20
715.5868263503944
 30
0.0
  0
POINT
  5
2CA
330
2BF
100
AcDbEntity
  8
Defpoints
 62
0
440
16777216
100
AcDbPoint
 10
172.07843320359825
 20
594.9392086106236
 30
0.0
  0
ENDBLK
  5
2C1
330
2BF
100
AcDbEntity
  8
0
100
AcDbBlockEnd
  0
BLOCK
  5
2CC
330
2CB
100
AcDbEntity
  8
0
100
AcDbBlockBegin
  2
*D16
 70
1
 10
0.0
 20
0.0
 30
0.0
  3
*D16
  1

  0
LINE
  5
2CE
330
2CB
100
AcDbEntity
  8
DIM
 62
5
370
9
440
16777216
100
AcDbLine
 10
786.6784332037059
 20
983.5868263503507
 30
0.0
 11
846.6886315302982
 21
983.5868263503507
 31
0.0
  0
LINE
  5
2CF
330
2CB
100
AcDbEntity
  8
DIM
 62
5
370
9
440
16777216
100
AcDbLine
 10
786.6784332037059
 20
715.5868263503653
 30
0.0
 11
846.6886315302982
 21
715.5868263503653
 31
0.0
  0
LINE
  5
2D0
330
2CB
100
AcDbEntity
  8
DIM
 62
5
370
9
440
16777216
100
AcDbLine
 10
836.6886315302982
 20
983.5868263503507
 30
0.0
 11
836.6886315302982
 21
715.5868263503653
 31
0.0
  0
LINE
  5
2D1
330
2CB
100
AcDbEntity
  8
0
  6
ByBlock
 62
0
370
-2
100
AcDbLine
 10
840.6886315302982
 20
979.5868263503507
 30
0.0
 11
832.6886315302982
 21
987.5868263503507
 31
0.0
  0
LINE
  5
2D2
330
2CB
100
AcDbEntity
  8
0
  6
ByBlock
 62
0
370
-2
100
AcDbLine
 10
832.6886315302982
 20
719.5868263503653
 30
0.0
 11
840.6886315302982
 21
711.5868263503653
 31
0.0
  0
MTEXT
  5
2D3
330
2CB
100
AcDbEntity
  8
DIM
 62
3
440
16777216
100
AcDbMText
 10
813.9243068372016
 20
847.5868263503944
 30
0.0
 40
25.0
 41
0.0
 46
0.0
 71
5
  1
268
 11
1e-16
 21
1.0
 31
0.0
  0
POINT
  5
2D4
330
2CB
100
AcDbEntity
  8
Defpoints
 62
0
440
16777216
100
AcDbPoint
 10
771.6784332037059
 20
983.5868263503507
 30
0.0
  0
POINT
  5
2D5
330
2CB
100
AcDbEntity
  8
Defpoints
 62
0
440
16777216
100
AcDbPoint
 10
771.6784332037059
 20
715.5868263503653
 30
0.0
  0
POINT
  5
2D6
330
2CB
100
AcDbEntity
  8
Defpoints
 62
0
440
16777216
100
AcDbPoint
 10
836.6886315302982
 20
715.5868263503653
 30
0.0
  0
ENDBLK
  5
2CD
330
2CB
100
AcDbEntity
  8
0
100
AcDbBlockEnd
  0
BLOCK
  5
2D8
330
2D7
100
AcDbEntity
  8
0
100
AcDbBlockBegin
  2
*D17
 70
1
 10
0.0
 20
0.0
 30
0.0
  3
*D17
  1

  0
LINE
  5
2DA
330
2D7
100
AcDbEntity
  8
DIM
 62
5
370
9
440
16777216
100
AcDbLine
 10
786.6784332037059
 20
715.5868263503653
 30
0.0
 11
846.6886315302982
 21
715.5868263503653
 31
0.0
  0
LINE
  5
2DB
330
2D7
100
AcDbEntity
  8
DIM
 62
5
370
9
440
16777216
100
AcDbLine
 10
756.6784332037059
 20
685.5868263503653
 30
0.0
 11
846.6886315302982
 21
685.5868263503653
 31
0.0
  0
LINE
  5
2DC
330
2D7
100
AcDbEntity
  8
DIM
 62
5
370
9
440
16777216
100
AcDbLine
 10
836.6886315302982
 20
715.5868263503653
 30
0.0
 11
836.6886315302982
 21
685.5868263503653
 31
0.0
  0
LINE
  5
2DD
330
2D7
100
AcDbEntity
  8
0
  6
ByBlock
 62
0
370
-2
100
AcDbLine
 10
840.6886315302982
 20
711.5868263503653
 30
0.0
 11
832.6886315302982
 21
719.5868263503653
 31
0.0
  0
LINE
  5
2DE
330
2D7
100
AcDbEntity
  8
0
  6
ByBlock
 62
0
370
-2
100
AcDbLine
 10
832.6886315302982
 20
689.5868263503653
 30
0.0
 11
840.6886315302982
 21
681.5868263503653
 31
0.0
  0
MTEXT
  5
2DF
330
2D7
100
AcDbEntity
  8
DIM
 62
3
440
16777216
100
AcDbMText
 10
813.9157802342088
 20
700.5868263503507
 30
0.0
 40
25.0
 41
0.0
 46
0.0
 71
5
  1
30
 11
1e-16
 21
1.0
 31
0.0
  0
POINT
  5
2E0
330
2D7
100
AcDbEntity
  8
Defpoints
 62
0
440
16777216
100
AcDbPoint
 10
771.6784332037059
 20
715.5868263503653
 30
0.0
  0
POINT
  5
2E1
330
2D7
100
AcDbEntity
  8
Defpoints
 62
0
440
16777216
100
AcDbPoint
 10
741.6784332037059
 20
685.5868263503653
 30
0.0
  0
POINT
  5
2E2
330
2D7
100
AcDbEntity
  8
Defpoints
 62
0
440
16777216
100
AcDbPoint
 10
836.6886315302982
 20
685.5868263503653
 30
0.0
  0
ENDBLK
  5
2D9
330
2D7
100
AcDbEntity
  8
0
100
AcDbBlockEnd
  0
BLOCK
  5
2E4
330
2E3
100
AcDbEntity
  8
0
100
AcDbBlockBegin
  2
*D18
 70
1
 10
0.0
 20
0.0
 30
0.0
  3
*D18
  1

  0
LINE
  5
2E6
330
2E3
100
AcDbEntity
  8
DIM
 62
5
370
9
440
16777216
100
AcDbLine
 10
756.6784332037059
 20
685.5868263503653
 30
0.0
 11
846.6886315302982
 21
685.5868263503653
 31
0.0
  0
LINE
  5
2E7
330
2E3
100
AcDbEntity
  8
DIM
 62
5
370
9
440
16777216
100
AcDbLine
 10
756.6784332037059
 20
673.5868263503799
 30
0.0
 11
846.6886315302982
 21
673.5868263503799
 31
0.0
  0
LINE
  5
2E8
330
2E3
100
AcDbEntity
  8
DIM
 62
5
370
9
440
16777216
100
AcDbLine
 10
836.6886315302982
 20
685.5868263503653
 30
0.0
 11
836.6886315302982
 21
693.5868263503653
 31
0.0
  0
LINE
  5
2E9
330
2E3
100
AcDbEntity
  8
DIM
 62
5
370
9
440
16777216
100
AcDbLine
 10
836.6886315302982
 20
673.5868263503799
 30
0.0
 11
836.6886315302982
 21
604.3842342630523
 31
0.0
  0
LINE
  5
2EA
330
2E3
100
AcDbEntity
  8
DIM
 62
5
370
9
440
16777216
100
AcDbLine
 10
836.6886315302982
 20
685.5868263503653
 30
0.0
 11
836.6886315302982
 21
673.5868263503799
 31
0.0
  0
LINE
  5
2EB
330
2E3
100
AcDbEntity
  8
0
  6
ByBlock
 62
0
370
-2
100
AcDbLine
 10
832.6886315302982
 20
689.5868263503653
 30
0.0
 11
840.6886315302982
 21
681.5868263503653
 31
0.0
  0
LINE
  5
2EC
330
2E3
100
AcDbEntity
  8
0
  6
ByBlock
 62
0
370
-2
100
AcDbLine
 10
840.6886315302982
 20
669.5868263503799
 30
0.0
 11
832.6886315302982
 21
677.5868263503799
 31
0.0
  0
MTEXT
  5
2ED
330
2E3
100
AcDbEntity
  8
DIM
 62
3
440
16777216
100
AcDbMText
 10
814.1374719122978
 20
630.9855303067015
 30
0.0
 40
25.0
 41
0.0
 46
0.0
 71
5
  1
12
 11
1e-16
 21
1.0
 31
0.0
  0
POINT
  5
2EE
330
2E3
100
AcDbEntity
  8
Defpoints
 62
0
440
16777216
100
AcDbPoint
 10
741.6784332037059
 20
685.5868263503653
 30
0.0
  0
POINT
  5
2EF
330
2E3
100
AcDbEntity
  8
Defpoints
 62
0
440
16777216
100
AcDbPoint
 10
741.6784332037059
 20
673.5868263503799
 30
0.0
  0
POINT
  5
2F0
330
2E3
100
AcDbEntity
  8
Defpoints
 62
0
440
16777216
100
AcDbPoint
 10
836.6886315302982
 20
673.5868263503799
 30
0.0
  0
ENDBLK
  5
2E5
330
2E3
100
AcDbEntity
  8
0
100
AcDbBlockEnd
  0
BLOCK
  5
2F2
330
2F1
100
AcDbEntity
  8
0
100
AcDbBlockBegin
  2
*D19
 70
1
 10
0.0
 20
0.0
 30
0.0
  3
*D19
  1

  0
LINE
  5
2F4
330
2F1
100
AcDbEntity
  8
DIM
 62
5
370
9
 48
3.0
440
16777216
100
AcDbLine
 10
161.07843320370011
 20
993.5868263503799
 30
0.0
 11
100.44434006040683
 21
993.5868263503799
 31
0.0
  0
LINE
  5
2F5
330
2F1
100
AcDbEntity
  8
DIM
 62
5
370
9
 48
3.0
440
16777216
100
AcDbLine
 10
187.07843320370011
 20
673.5868263503799
 30
0.0
 11
100.44434006040683
 21
673.5868263503799
 31
0.0
  0
LINE
  5
2F6
330
2F1
100
AcDbEntity
  8
DIM
 62
5
370
9
 48
3.0
440
16777216
100
AcDbLine
 10
110.44434006030497
 20
993.5868263503799
 30
0.0
 11
110.44434006030497
 21
673.5868263503799
 31
0.0
  0
LINE
  5
2F7
330
2F1
100
AcDbEntity
  8
0
  6
ByBlock
 62
0
370
-2
100
AcDbLine
 10
114.44434006030497
 20
989.5868263503799
 30
0.0
 11
106.44434006030497
 21
997.5868263503799
 31
0.0
  0
LINE
  5
2F8
330
2F1
100
AcDbEntity
  8
0
  6
ByBlock
 62
0
370
-2
100
AcDbLine
 10
106.44434006030497
 20
677.5868263503799
 30
0.0
 11
114.44434006030497
 21
669.5868263503799
 31
0.0
  0
MTEXT
  5
2F9
330
2F1
100
AcDbEntity
  8
DIM
 62
3
 48
3.0
440
16777216
100
AcDbMText
 10
87.67148876430292
 20
833.5868263503507
 30
0.0
 40
25.0
 41
0.0
 46
0.0
 71
5
  1
320
 11
1e-16
 21
1.0
 31
0.0
  0
POINT
  5
2FA
330
2F1
100
AcDbEntity
  8
Defpoints
 62
0
 48
3.0
440
16777216
100
AcDbPoint
 10
176.07843320370011
 20
993.5868263503799
 30
0.0
  0
POINT
  5
2FB
330
2F1
100
AcDbEntity
  8
Defpoints
 62
0
 48
3.0
440
16777216
100
AcDbPoint
 10
202.07843320370011
 20
673.5868263503799
 30
0.0
  0
POINT
  5
2FC
330
2F1
100
AcDbEntity
  8
Defpoints
 62
0
 48
3.0
440
16777216
100
AcDbPoint
 10
110.44434006030497
 20
673.5868263503799
 30
0.0
  0
ENDBLK
  5
2F3
330
2F1
100
AcDbEntity
  8
0
100
AcDbBlockEnd
  0
BLOCK
  5
2FE
330
2FD
100
AcDbEntity
  8
0
100
AcDbBlockBegin
  2
*D20
 70
1
 10
0.0
 20
0.0
 30
0.0
  3
*D20
  1

  0
LINE
  5
300
330
2FD
100
AcDbEntity
  8
DIM
 62
5
370
9
440
16777216
100
AcDbLine
 10
1614.188817545306
 20
704.5868263503944
 30
0.0
 11
1614.188817545306
 21
588.9392086106236
 31
0.0
  0
LINE
  5
301
330
2FD
100
AcDbEntity
  8
DIM
 62
5
370
9
440
16777216
100
AcDbLine
 10
1014.5888175453001
 20
704.5868263503944
 30
0.0
 11
1014.5888175453001
 21
588.9392086106236
 31
0.0
  0
LINE
  5
302
330
2FD
100
AcDbEntity
  8
DIM
 62
5
370
9
440
16777216
100
AcDbLine
 10
1614.188817545306
 20
598.9392086106236
 30
0.0
 11
1014.5888175453001
 21
598.9392086106236
 31
0.0
  0
LINE
  5
303
330
2FD
100
AcDbEntity
  8
0
  6
ByBlock
 62
0
370
-2
100
AcDbLine
 10
1610.188817545306
 20
594.9392086106236
 30
0.0
 11
1618.188817545306
 21
602.9392086106236
 31
0.0
  0
LINE
  5
304
330
2FD
100
AcDbEntity
  8
0
  6
ByBlock
 62
0
370
-2
100
AcDbLine
 10
1018.5888175453001
 20
602.9392086106236
 30
0.0
 11
1010.5888175453001
 21
594.9392086106236
 31
0.0
  0
MTEXT
  5
305
330
2FD
100
AcDbEntity
  8
DIM
 62
3
440
16777216
100
AcDbMText
 10
1314.388817545303
 20
621.703533303662
 30
0.0
 40
25.0
 41
0.0
 46
0.0
 71
5
  1
600
  0
POINT
  5
306
330
2FD
100
AcDbEntity
  8
Defpoints
 62
0
440
16777216
100
AcDbPoint
 10
1614.188817545306
 20
719.5868263503944
 30
0.0
  0
POINT
  5
307
330
2FD
100
AcDbEntity
  8
Defpoints
 62
0
440
16777216
100
AcDbPoint
 10
1014.5888175453001
 20
719.5868263503944
 30
0.0
  0
POINT
  5
308
330
2FD
100
AcDbEntity
  8
Defpoints
 62
0
440
16777216
100
AcDbPoint
 10
1014.5888175453001
 20
598.9392086106236
 30
0.0
  0
ENDBLK
  5
2FF
330
2FD
100
AcDbEntity
  8
0
100
AcDbBlockEnd
  0
BLOCK
  5
30A
330
309
100
AcDbEntity
  8
0
100
AcDbBlockBegin
  2
*D21
 70
1
 10
0.0
 20
0.0
 30
0.0
  3
*D21
  1

  0
LINE
  5
30C
330
309
100
AcDbEntity
  8
DIM
 62
5
370
9
440
16777216
100
AcDbLine
 10
1629.1888175454078
 20
987.5868263503653
 30
0.0
 11
1689.199015872
 21
987.5868263503653
 31
0.0
  0
LINE
  5
30D
330
309
100
AcDbEntity
  8
DIM
 62
5
370
9
440
16777216
100
AcDbLine
 10
1629.1888175454078
 20
719.5868263503799
 30
0.0
 11
1689.199015872
 21
719.5868263503799
 31
0.0
  0
LINE
  5
30E
330
309
100
AcDbEntity
  8
DIM
 62
5
370
9
440
16777216
100
AcDbLine
 10
1679.199015872
 20
987.5868263503653
 30
0.0
 11
1679.199015872
 21
719.5868263503799
 31
0.0
  0
LINE
  5
30F
330
309
100
AcDbEntity
  8
0
  6
ByBlock
 62
0
370
-2
100
AcDbLine
 10
1683.199015872
 20
983.5868263503653
 30
0.0
 11
1675.199015872
 21
991.5868263503653
 31
0.0
  0
LINE
  5
310
330
309
100
AcDbEntity
  8
0
  6
ByBlock
 62
0
370
-2
100
AcDbLine
 10
1675.199015872
 20
723.5868263503799
 30
0.0
 11
1683.199015872
 21
715.5868263503799
 31
0.0
  0
MTEXT
  5
311
330
309
100
AcDbEntity
  8
DIM
 62
3
440
16777216
100
AcDbMText
 10
1656.4346911789034
 20
855.5868263503944
 30
0.0
 40
25.0
 41
0.0
 46
0.0
 71
5
  1
268
 11
1e-16
 21
1.0
 31
0.0
  0
POINT
  5
312
330
309
100
AcDbEntity
  8
Defpoints
 62
0
440
16777216
100
AcDbPoint
 10
1614.1888175454078
 20
987.5868263503653
 30
0.0
  0
POINT
  5
313
330
309
100
AcDbEntity
  8
Defpoints
 62
0
440
16777216
100
AcDbPoint
 10
1614.1888175454078
 20
719.5868263503799
 30
0.0
  0
POINT
  5
314
330
309
100
AcDbEntity
  8
Defpoints
 62
0
440
16777216
100
AcDbPoint
 10
1679.199015872
 20
719.5868263503799
 30
0.0
  0
ENDBLK
  5
30B
330
309
100
AcDbEntity
  8
0
100
AcDbBlockEnd
  0
BLOCK
  5
316
330
315
100
AcDbEntity
  8
0
100
AcDbBlockBegin
  2
*D22
 70
1
 10
0.0
 20
0.0
 30
0.0
  3
*D22
  1

  0
LINE
  5
318
330
315
100
AcDbEntity
  8
DIM
 62
5
370
9
440
16777216
100
AcDbLine
 10
1629.1888175454078
 20
719.5868263503799
 30
0.0
 11
1689.199015872
 21
719.5868263503799
 31
0.0
  0
LINE
  5
319
330
315
100
AcDbEntity
  8
DIM
 62
5
370
9
440
16777216
100
AcDbLine
 10
1599.1888175454078
 20
689.5868263503799
 30
0.0
 11
1689.199015872
 21
689.5868263503799
 31
0.0
  0
LINE
  5
31A
330
315
100
AcDbEntity
  8
DIM
 62
5
370
9
440
16777216
100
AcDbLine
 10
1679.199015872
 20
719.5868263503799
 30
0.0
 11
1679.199015872
 21
689.5868263503799
 31
0.0
  0
LINE
  5
31B
330
315
100
AcDbEntity
  8
0
  6
ByBlock
 62
0
370
-2
100
AcDbLine
 10
1683.199015872
 20
715.5868263503799
 30
0.0
 11
1675.199015872
 21
723.5868263503799
 31
0.0
  0
LINE
  5
31C
330
315
100
AcDbEntity
  8
0
  6
ByBlock
 62
0
370
-2
100
AcDbLine
 10
1675.199015872
 20
693.5868263503799
 30
0.0
 11
1683.199015872
 21
685.5868263503799
 31
0.0
  0
MTEXT
  5
31D
330
315
100
AcDbEntity
  8
DIM
 62
3
440
16777216
100
AcDbMText
 10
1656.4261645759107
 20
704.5868263503507
 30
0.0
 40
25.0
 41
0.0
 46
0.0
 71
5
  1
30
 11
1e-16
 21
1.0
 31
0.0
  0
POINT
  5
31E
330
315
100
AcDbEntity
  8
Defpoints
 62
0
440
16777216
100
AcDbPoint
 10
1614.1888175454078
 20
719.5868263503799
 30
0.0
  0
POINT
  5
31F
330
315
100
AcDbEntity
  8
Defpoints
 62
0
440
16777216
100
AcDbPoint
 10
1584.1888175454078
 20
689.5868263503799
 30
0.0
  0
POINT
  5
320
330
315
100
AcDbEntity
  8
Defpoints
 62
0
440
16777216
100
AcDbPoint
 10
1679.199015872
 20
689.5868263503799
 30
0.0
  0
ENDBLK
  5
317
330
315
100
AcDbEntity
  8
0
100
AcDbBlockEnd
  0
BLOCK
  5
322
330
321
100
AcDbEntity
  8
0
100
AcDbBlockBegin
  2
*D23
 70
1
 10
0.0
 20
0.0
 30
0.0
  3
*D23
  1

  0
LINE
  5
324
330
321
100
AcDbEntity
  8
DIM
 62
5
370
9
440
16777216
100
AcDbLine
 10
1599.1888175454078
 20
689.5868263503799
 30
0.0
 11
1689.199015872
 21
689.5868263503799
 31
0.0
  0
LINE
  5
325
330
321
100
AcDbEntity
  8
DIM
 62
5
370
9
440
16777216
100
AcDbLine
 10
1599.1888175454078
 20
677.5868263503653
 30
0.0
 11
1689.199015872
 21
677.5868263503653
 31
0.0
  0
LINE
  5
326
330
321
100
AcDbEntity
  8
DIM
 62
5
370
9
440
16777216
100
AcDbLine
 10
1679.1990158721019
 20
689.5868263503799
 30
0.0
 11
1679.1990158721019
 21
697.5868263503653
 31
0.0
  0
LINE
  5
327
330
321
100
AcDbEntity
  8
DIM
 62
5
370
9
440
16777216
100
AcDbLine
 10
1679.1990158721019
 20
677.5868263503653
 30
0.0
 11
1679.1990158721019
 21
608.3842342630523
 31
0.0
  0
LINE
  5
328
330
321
100
AcDbEntity
  8
DIM
 62
5
370
9
440
16777216
100
AcDbLine
 10
1679.1990158721019
 20
689.5868263503799
 30
0.0
 11
1679.1990158721019
 21
677.5868263503653
 31
0.0
  0
LINE
  5
329
330
321
100
AcDbEntity
  8
0
  6
ByBlock
 62
0
370
-2
100
AcDbLine
 10
1675.1990158721019
 20
693.5868263503799
 30
0.0
 11
1683.1990158721019
 21
685.5868263503799
 31
0.0
  0
LINE
  5
32A
330
321
100
AcDbEntity
  8
0
  6
ByBlock
 62
0
370
-2
100
AcDbLine
 10
1683.1990158721019
 20
673.5868263503653
 30
0.0
 11
1675.1990158721019
 21
681.5868263503653
 31
0.0
  0
MTEXT
  5
32B
330
321
100
AcDbEntity
  8
DIM
 62
3
440
16777216
100
AcDbMText
 10
1656.6478562539996
 20
634.9855303067015
 30
0.0
 40
25.0
 41
0.0
 46
0.0
 71
5
  1
12
 11
1e-16
 21
1.0
 31
0.0
  0
POINT
  5
32C
330
321
100
AcDbEntity
  8
Defpoints
 62
0
440
16777216
100
AcDbPoint
 10
1584.1888175454078
 20
689.5868263503799
 30
0.0
  0
POINT
  5
32D
330
321
100
AcDbEntity
  8
Defpoints
 62
0
440
16777216
100
AcDbPoint
 10
1584.1888175454078
 20
677.5868263503653
 30
0.0
  0
POINT
  5
32E
330
321
100
AcDbEntity
  8
Defpoints
 62
0
440
16777216
100
AcDbPoint
 10
1679.1990158721019
 20
677.5868263503653
 30
0.0
  0
ENDBLK
  5
323
330
321
100
AcDbEntity
  8
0
100
AcDbBlockEnd
  0
BLOCK
  5
330
330
32F
100
AcDbEntity
  8
0
100
AcDbBlockBegin
  2
*D24
 70
1
 10
0.0
 20
0.0
 30
0.0
  3
*D24
  1

  0
LINE
  5
332
330
32F
100
AcDbEntity
  8
DIM
 62
5
370
9
 48
3.0
440
16777216
100
AcDbLine
 10
1003.588817545402
 20
997.5868263503653
 30
0.0
 11
942.9547244021087
 21
997.5868263503653
 31
0.0
  0
LINE
  5
333
330
32F
100
AcDbEntity
  8
DIM
 62
5
370
9
 48
3.0
440
16777216
100
AcDbLine
 10
1029.588817545402
 20
677.5868263503653
 30
0.0
 11
942.9547244021087
 21
677.5868263503653
 31
0.0
  0
LINE
  5
334
330
32F
100
AcDbEntity
  8
DIM
 62
5
370
9
 48
3.0
440
16777216
100
AcDbLine
 10
952.9547244021087
 20
997.5868263503653
 30
0.0
 11
952.9547244021087
 21
677.5868263503653
 31
0.0
  0
LINE
  5
335
330
32F
100
AcDbEntity
  8
0
  6
ByBlock
 62
0
370
-2
100
AcDbLine
 10
956.9547244021087
 20
993.5868263503653
 30
0.0
 11
948.9547244021087
 21
1001.5868263503653
 31
0.0
  0
LINE
  5
336
330
32F
100
AcDbEntity
  8
0
  6
ByBlock
 62
0
370
-2
100
AcDbLine
 10
948.9547244021087
 20
681.5868263503653
 30
0.0
 11
956.9547244021087
 21
673.5868263503653
 31
0.0
  0
MTEXT
  5
337
330
32F
100
AcDbEntity
  8
DIM
 62
3
 48
3.0
440
16777216
100
AcDbMText
 10
930.1818731060048
 20
837.5868263503507
 30
0.0
 40
25.0
 41
0.0
 46
0.0
 71
5
  1
320
 11
1e-16
 21
1.0
 31
0.0
  0
POINT
  5
338
330
32F
100
AcDbEntity
  8
Defpoints
 62
0
 48
3.0
440
16777216
100
AcDbPoint
 10
1018.588817545402
 20
997.5868263503653
 30
0.0
  0
POINT
  5
339
330
32F
100
AcDbEntity
  8
Defpoints
 62
0
 48
3.0
440
16777216
100
AcDbPoint
 10
1044.588817545402
 20
677.5868263503653
 30
0.0
  0
POINT
  5
33A
330
32F
100
AcDbEntity
  8
Defpoints
 62
0
 48
3.0
440
16777216
100
AcDbPoint
 10
952.9547244021087
 20
677.5868263503653
 30
0.0
  0
ENDBLK
  5
331
330
32F
100
AcDbEntity
  8
0
100
AcDbBlockEnd
  0
BLOCK
  5
33C
330
33B
100
AcDbEntity
  8
0
100
AcDbBlockBegin
  2
*D25
 70
1
 10
0.0
 20
0.0
 30
0.0
  3
*D25
  1

  0
LINE
  5
33E
330
33B
100
AcDbEntity
  8
0
 62
5
370
9
 48
3.0
440
16777216
100
AcDbLine
 10
3164.8519751605054
 20
2032.007876824311
 30
0.0
 11
3164.8519751605054
 21
2106.5858598228806
 31
0.0
  0
LINE
  5
33F
330
33B
100
AcDbEntity
  8
0
 62
5
370
9
 48
3.0
440
16777216
100
AcDbLine
 10
3184.8519751605054
 20
2012.007876824311
 30
0.0
 11
3184.8519751605054
 21
2106.5858598228806
 31
0.0
  0
LINE
  5
340
330
33B
100
AcDbEntity
  8
0
 62
5
370
9
 48
3.0
440
16777216
100
AcDbLine
 10
3164.8519751605054
 20
2096.5858598228806
 30
0.0
 11
3184.8519751605054
 21
2096.5858598228806
 31
0.0
  0
LINE
  5
341
330
33B
100
AcDbEntity
  8
0
 62
5
370
9
 48
3.0
440
16777216
100
AcDbLine
 10
3184.8519751605054
 20
2096.5858598228806
 30
0.0
 11
3249.004771886306
 21
2096.5858598228806
 31
0.0
  0
LINE
  5
342
330
33B
100
AcDbEntity
  8
0
  6
ByBlock
 62
0
370
-2
100
AcDbLine
 10
3168.8519751605054
 20
2100.5858598228806
 30
0.0
 11
3160.8519751605054
 21
2092.5858598228806
 31
0.0
  0
LINE
  5
343
330
33B
100
AcDbEntity
  8
0
  6
ByBlock
 62
0
370
-2
100
AcDbLine
 10
3180.8519751605054
 20
2092.5858598228806
 30
0.0
 11
3188.8519751605054
 21
2100.5858598228806
 31
0.0
  0
MTEXT
  5
344
330
33B
100
AcDbEntity
  8
0
 62
3
 48
3.0
440
16777216
100
AcDbMText
 10
3220.928373523304
 20
2119.350184515919
 30
0.0
 40
25.0
 41
0.0
 46
0.0
 71
5
  1
20
  0
POINT
  5
345
330
33B
100
AcDbEntity
  8
Defpoints
 62
0
 48
3.0
440
16777216
100
AcDbPoint
 10
3164.8519751605054
 20
2017.007876824311
 30
0.0
  0
POINT
  5
346
330
33B
100
AcDbEntity
  8
Defpoints
 62
0
 48
3.0
440
16777216
100
AcDbPoint
 10
3184.8519751605054
 20
1997.007876824311
 30
0.0
  0
POINT
  5
347
330
33B
100
AcDbEntity
  8
Defpoints
 62
0
 48
3.0
440
16777216
100
AcDbPoint
 10
3184.8519751605054
 20
2096.5858598228806
 30
0.0
  0
ENDBLK
  5
33D
330
33B
100
AcDbEntity
  8
0
100
AcDbBlockEnd
  0
BLOCK
  5
349
330
348
100
AcDbEntity
  8
0
100
AcDbBlockBegin
  2
*D26
 70
1
 10
0.0
 20
0.0
 30
0.0
  3
*D26
  1

  0
LINE
  5
34B
330
348
100
AcDbEntity
  8
0
 62
5
370
9
 48
3.0
440
16777216
100
AcDbLine
 10
3164.8519751605054
 20
2032.007876824311
 30
0.0
 11
3164.8519751605054
 21
2105.246113872883
 31
0.0
  0
LINE
  5
34C
330
348
100
AcDbEntity
  8
0
 62
5
370
9
 48
3.0
440
16777216
100
AcDbLine
 10
2639.6519751604064
 20
2032.007876824311
 30
0.0
 11
2639.6519751604064
 21
2105.246113872883
 31
0.0
  0
LINE
  5
34D
330
348
100
AcDbEntity
  8
0
 62
5
370
9
 48
3.0
440
16777216
100
AcDbLine
 10
3164.8519751605054
 20
2095.246113872883
 30
0.0
 11
2639.6519751604064
 21
2095.246113872883
 31
0.0
  0
LINE
  5
34E
330
348
100
AcDbEntity
  8
0
  6
ByBlock
 62
0
370
-2
100
AcDbLine
 10
3160.8519751605054
 20
2091.246113872883
 30
0.0
 11
3168.8519751605054
 21
2099.246113872883
 31
0.0
  0
LINE
  5
34F
330
348
100
AcDbEntity
  8
0
  6
ByBlock
 62
0
370
-2
100
AcDbLine
 10
2643.6519751604064
 20
2099.246113872883
 30
0.0
 11
2635.6519751604064
 21
2091.246113872883
 31
0.0
  0
MTEXT
  5
350
330
348
100
AcDbEntity
  8
0
 62
3
 48
3.0
440
16777216
100
AcDbMText
 10
2902.2519751604996
 20
2118.0104385659215
 30
0.0
 40
25.0
 41
0.0
 46
0.0
 71
5
  1
525
  0
POINT
  5
351
330
348
100
AcDbEntity
  8
Defpoints
 62
0
 48
3.0
440
16777216
100
AcDbPoint
 10
3164.8519751605054
 20
2017.007876824311
 30
0.0
  0
POINT
  5
352
330
348
100
AcDbEntity
  8
Defpoints
 62
0
 48
3.0
440
16777216
100
AcDbPoint
 10
2639.6519751604064
 20
2017.007876824311
 30
0.0
  0
POINT
  5
353
330
348
100
AcDbEntity
  8
Defpoints
 62
0
 48
3.0
440
16777216
100
AcDbPoint
 10
2639.6519751604064
 20
2095.246113872883
 30
0.0
  0
ENDBLK
  5
34A
330
348
100
AcDbEntity
  8
0
100
AcDbBlockEnd
  0
BLOCK
  5
355
330
354
100
AcDbEntity
  8
0
100
AcDbBlockBegin
  2
*D27
 70
1
 10
0.0
 20
0.0
 30
0.0
  3
*D27
  1

  0
LINE
  5
357
330
354
100
AcDbEntity
  8
0
 62
5
370
9
 48
3.0
440
16777216
100
AcDbLine
 10
2624.6519751605083
 20
2017.007876824282
 30
0.0
 11
2530.027181647907
 21
2017.007876824282
 31
0.0
  0
LINE
  5
358
330
354
100
AcDbEntity
  8
0
 62
5
370
9
 48
3.0
440
16777216
100
AcDbLine
 10
2624.6519751605083
 20
1251.8078768242704
 30
0.0
 11
2530.027181647907
 21
1251.8078768242704
 31
0.0
  0
LINE
  5
359
330
354
100
AcDbEntity
  8
0
 62
5
370
9
 48
3.0
440
16777216
100
AcDbLine
 10
2540.027181647907
 20
2017.007876824282
 30
0.0
 11
2540.027181647907
 21
1251.8078768242704
 31
0.0
  0
LINE
  5
35A
330
354
100
AcDbEntity
  8
0
  6
ByBlock
 62
0
370
-2
100
AcDbLine
 10
2544.027181647907
 20
2013.007876824282
 30
0.0
 11
2536.027181647907
 21
2021.007876824282
 31
0.0
  0
LINE
  5
35B
330
354
100
AcDbEntity
  8
0
  6
ByBlock
 62
0
370
-2
100
AcDbLine
 10
2536.027181647907
 20
1255.8078768242704
 30
0.0
 11
2544.027181647907
 21
1247.8078768242704
 31
0.0
  0
MTEXT
  5
35C
330
354
100
AcDbEntity
  8
0
 62
3
 48
3.0
440
16777216
100
AcDbMText
 10
2517.2628569548106
 20
1634.4078768242616
 30
0.0
 40
25.0
 41
0.0
 46
0.0
 71
5
  1
765
 11
1e-16
 21
1.0
 31
0.0
  0
POINT
  5
35D
330
354
100
AcDbEntity
  8
Defpoints
 62
0
 48
3.0
440
16777216
100
AcDbPoint
 10
2639.6519751605083
 20
2017.007876824282
 30
0.0
  0
POINT
  5
35E
330
354
100
AcDbEntity
  8
Defpoints
 62
0
 48
3.0
440
16777216
100
AcDbPoint
 10
2639.6519751605083
 20
1251.8078768242704
 30
0.0
  0
POINT
  5
35F
330
354
100
AcDbEntity
  8
Defpoints
 62
0
 48
3.0
440
16777216
100
AcDbPoint
 10
2540.027181647907
 20
1251.8078768242704
 30
0.0
  0
ENDBLK
  5
356
330
354
100
AcDbEntity
  8
0
100
AcDbBlockEnd
  0
BLOCK
  5
361
330
360
100
AcDbEntity
  8
0
100
AcDbBlockBegin
  2
*D28
 70
1
 10
0.0
 20
0.0
 30
0.0
  3
*D28
  1

  0
LINE
  5
363
330
360
100
AcDbEntity
  8
0
 62
5
370
9
 48
3.0
440
16777216
100
AcDbLine
 10
2604.6519751605083
 20
1271.8078768242704
 30
0.0
 11
2578.9919982259016
 21
1271.8078768242704
 31
0.0
  0
LINE
  5
364
330
360
100
AcDbEntity
  8
0
 62
5
370
9
 48
3.0
440
16777216
100
AcDbLine
 10
2604.6519751605083
 20
1997.007876824282
 30
0.0
 11
2578.9919982259016
 21
1997.007876824282
 31
0.0
  0
LINE
  5
365
330
360
100
AcDbEntity
  8
0
 62
5
370
9
 48
3.0
440
16777216
100
AcDbLine
 10
2588.9919982259016
 20
1271.8078768242704
 30
0.0
 11
2588.9919982259016
 21
1997.007876824282
 31
0.0
  0
LINE
  5
366
330
360
100
AcDbEntity
  8
0
  6
ByBlock
 62
0
370
-2
100
AcDbLine
 10
2584.9919982259016
 20
1275.8078768242704
 30
0.0
 11
2592.9919982259016
 21
1267.8078768242704
 31
0.0
  0
LINE
  5
367
330
360
100
AcDbEntity
  8
0
  6
ByBlock
 62
0
370
-2
100
AcDbLine
 10
2592.9919982259016
 20
1993.007876824282
 30
0.0
 11
2584.9919982259016
 21
2001.007876824282
 31
0.0
  0
MTEXT
  5
368
330
360
100
AcDbEntity
  8
0
 62
3
 48
3.0
440
16777216
100
AcDbMText
 10
2566.227673532805
 20
1634.4078768242616
 30
0.0
 40
25.0
 41
0.0
 46
0.0
 71
5
  1
725
 11
1e-16
 21
1.0
 31
0.0
  0
POINT
  5
369
330
360
100
AcDbEntity
  8
Defpoints
 62
0
 48
3.0
440
16777216
100
AcDbPoint
 10
2619.6519751605083
 20
1271.8078768242704
 30
0.0
  0
POINT
  5
36A
330
360
100
AcDbEntity
  8
Defpoints
 62
0
 48
3.0
440
16777216
100
AcDbPoint
 10
2619.6519751605083
 20
1997.007876824282
 30
0.0
  0
POINT
  5
36B
330
360
100
AcDbEntity
  8
Defpoints
 62
0
 48
3.0
440
16777216
100
AcDbPoint
 10
2588.9919982259016
 20
1997.007876824282
 30
0.0
  0
ENDBLK
  5
362
330
360
100
AcDbEntity
  8
0
100
AcDbBlockEnd
  0
BLOCK
  5
36D
330
36C
100
AcDbEntity
  8
0
100
AcDbBlockBegin
  2
*D29
 70
1
 10
0.0
 20
0.0
 30
0.0
  3
*D29
  1

  0
LINE
  5
36F
330
36C
100
AcDbEntity
  8
0
 62
5
370
9
 48
3.0
440
16777216
100
AcDbLine
 10
2619.6519751605083
 20
1256.807876824314
 30
0.0
 11
2619.6519751605083
 21
1197.8019521978713
 31
0.0
  0
LINE
  5
370
330
36C
100
AcDbEntity
  8
0
 62
5
370
9
 48
3.0
440
16777216
100
AcDbLine
 10
3184.8519751605054
 20
1256.807876824314
 30
0.0
 11
3184.8519751605054
 21
1197.8019521978713
 31
0.0
  0
LINE
  5
371
330
36C
100
AcDbEntity
  8
0
 62
5
370
9
 48
3.0
440
16777216
100
AcDbLine
 10
2619.6519751605083
 20
1207.8019521978713
 30
0.0
 11
3184.8519751605054
 21
1207.8019521978713
 31
0.0
  0
LINE
  5
372
330
36C
100
AcDbEntity
  8
0
  6
ByBlock
 62
0
370
-2
100
AcDbLine
 10
2623.6519751605083
 20
1211.8019521978713
 30
0.0
 11
2615.6519751605083
 21
1203.8019521978713
 31
0.0
  0
LINE
  5
373
330
36C
100
AcDbEntity
  8
0
  6
ByBlock
 62
0
370
-2
100
AcDbLine
 10
3180.8519751605054
 20
1203.8019521978713
 30
0.0
 11
3188.8519751605054
 21
1211.8019521978713
 31
0.0
  0
MTEXT
  5
374
330
36C
100
AcDbEntity
  8
0
 62
3
 48
3.0
440
16777216
100
AcDbMText
 10
2902.2519751604996
 20
1230.5662768909096
 30
0.0
 40
25.0
 41
0.0
 46
0.0
 71
5
  1
565
  0
POINT
  5
375
330
36C
100
AcDbEntity
  8
Defpoints
 62
0
 48
3.0
440
16777216
100
AcDbPoint
 10
2619.6519751605083
 20
1271.807876824314
 30
0.0
  0
POINT
  5
376
330
36C
100
AcDbEntity
  8
Defpoints
 62
0
 48
3.0
440
16777216
100
AcDbPoint
 10
3184.8519751605054
 20
1271.807876824314
 30
0.0
  0
POINT
  5
377
330
36C
100
AcDbEntity
  8
Defpoints
 62
0
 48
3.0
440
16777216
100
AcDbPoint
 10
3184.8519751605054
 20
1207.8019521978713
 30
0.0
  0
ENDBLK
  5
36E
330
36C
100
AcDbEntity
  8
0
100
AcDbBlockEnd
  0
BLOCK
  5
379
330
378
100
AcDbEntity
  8
0
100
AcDbBlockBegin
  2
*D30
 70
1
 10
0.0
 20
0.0
 30
0.0
  3
*D30
  1

  0
LINE
  5
37B
330
378
100
AcDbEntity
  8
DIM
 62
5
370
9
440
16777216
100
AcDbLine
 10
2217.155016684206
 20
923.5259750297118
 30
0.0
 11
2315.006977048004
 21
923.5259750297118
 31
0.0
  0
LINE
  5
37C
330
378
100
AcDbEntity
  8
DIM
 62
5
370
9
440
16777216
100
AcDbLine
 10
2217.155016684206
 20
723.5259750297264
 30
0.0
 11
2315.006977048004
 21
723.5259750297264
 31
0.0
  0
LINE
  5
37D
330
378
100
AcDbEntity
  8
DIM
 62
5
370
9
440
16777216
100
AcDbLine
 10
2305.006977048004
 20
923.5259750297118
 30
0.0
 11
2305.006977048004
 21
723.5259750297264
 31
0.0
  0
LINE
  5
37E
330
378
100
AcDbEntity
  8
0
  6
ByBlock
 62
0
370
-2
100
AcDbLine
 10
2309.006977048004
 20
919.5259750297118
 30
0.0
 11
2301.006977048004
 21
927.5259750297118
 31
0.0
  0
LINE
  5
37F
330
378
100
AcDbEntity
  8
0
  6
ByBlock
 62
0
370
-2
100
AcDbLine
 10
2301.006977048004
 20
727.5259750297264
 30
0.0
 11
2309.006977048004
 21
719.5259750297264
 31
0.0
  0
MTEXT
  5
380
330
378
100
AcDbEntity
  8
DIM
 62
3
440
16777216
100
AcDbMText
 10
2282.2426523549075
 20
823.5259750297118
 30
0.0
 40
25.0
 41
0.0
 46
0.0
 71
5
  1
200
 11
1e-16
 21
1.0
 31
0.0
  0
POINT
  5
381
330
378
100
AcDbEntity
  8
Defpoints
 62
0
440
16777216
100
AcDbPoint
 10
2202.1550166841043
 20
923.5259750297118
 30
0.0
  0
POINT
  5
382
330
378
100
AcDbEntity
  8
Defpoints
 62
0
440
16777216
100
AcDbPoint
 10
2202.1550166841043
 20
723.5259750297264
 30
0.0
  0
POINT
  5
383
330
378
100
AcDbEntity
  8
Defpoints
 62
0
440
16777216
100
AcDbPoint
 10
2305.006977048004
 20
723.5259750297264
 30
0.0
  0
ENDBLK
  5
37A
330
378
100
AcDbEntity
  8
0
100
AcDbBlockEnd
  0
BLOCK
  5
385
330
384
100
AcDbEntity
  8
0
100
AcDbBlockBegin
  2
*D31
 70
1
 10
0.0
 20
0.0
 30
0.0
  3
*D31
  1

  0
LINE
  5
387
330
384
100
AcDbEntity
  8
DIM
 62
5
370
9
440
16777216
100
AcDbLine
 10
1882.1550166841043
 20
758.525975029741
 30
0.0
 11
1882.1550166841043
 21
645.7593630035117
 31
0.0
  0
LINE
  5
388
330
384
100
AcDbEntity
  8
DIM
 62
5
370
9
440
16777216
100
AcDbLine
 10
2252.1550166841043
 20
758.525975029741
 30
0.0
 11
2252.1550166841043
 21
645.7593630035117
 31
0.0
  0
LINE
  5
389
330
384
100
AcDbEntity
  8
DIM
 62
5
370
9
440
16777216
100
AcDbLine
 10
1882.1550166841043
 20
655.7593630035117
 30
0.0
 11
2252.1550166841043
 21
655.7593630035117
 31
0.0
  0
LINE
  5
38A
330
384
100
AcDbEntity
  8
0
  6
ByBlock
 62
0
370
-2
100
AcDbLine
 10
1886.1550166841043
 20
659.7593630035117
 30
0.0
 11
1878.1550166841043
 21
651.7593630035117
 31
0.0
  0
LINE
  5
38B
330
384
100
AcDbEntity
  8
0
  6
ByBlock
 62
0
370
-2
100
AcDbLine
 10
2248.1550166841043
 20
651.7593630035117
 30
0.0
 11
2256.1550166841043
 21
659.7593630035117
 31
0.0
  0
MTEXT
  5
38C
330
384
100
AcDbEntity
  8
DIM
 62
3
440
16777216
100
AcDbMText
 10
2067.1550166841043
 20
678.5322142995428
 30
0.0
 40
25.0
 41
0.0
 46
0.0
 71
5
  1
370
  0
POINT
  5
38D
330
384
100
AcDbEntity
  8
Defpoints
 62
0
440
16777216
100
AcDbPoint
 10
1882.1550166841043
 20
773.525975029741
 30
0.0
  0
POINT
  5
38E
330
384
100
AcDbEntity
  8
Defpoints
 62
0
440
16777216
100
AcDbPoint
 10
2252.1550166841043
 20
773.525975029741
 30
0.0
  0
POINT
  5
38F
330
384
100
AcDbEntity
  8
Defpoints
 62
0
440
16777216
100
AcDbPoint
 10
2252.1550166841043
 20
655.7593630035117
 30
0.0
  0
ENDBLK
  5
386
330
384
100
AcDbEntity
  8
0
100
AcDbBlockEnd
  0
BLOCK
  5
391
330
390
100
AcDbEntity
  8
0
100
AcDbBlockBegin
  2
*D32
 70
1
 10
0.0
 20
0.0
 30
0.0
  3
*D32
  1

  0
LINE
  5
393
330
390
100
AcDbEntity
  8
DIM
 62
5
370
9
440
16777216
100
AcDbLine
 10
1867.1550166841043
 20
873.5259750297264
 30
0.0
 11
1827.2183538084064
 21
873.5259750297264
 31
0.0
  0
LINE
  5
394
330
390
100
AcDbEntity
  8
DIM
 62
5
370
9
440
16777216
100
AcDbLine
 10
1867.1550166841043
 20
773.5259750297264
 30
0.0
 11
1827.2183538084064
 21
773.5259750297264
 31
0.0
  0
LINE
  5
395
330
390
100
AcDbEntity
  8
DIM
 62
5
370
9
440
16777216
100
AcDbLine
 10
1837.2183538084064
 20
873.5259750297264
 30
0.0
 11
1837.2183538084064
 21
773.5259750297264
 31
0.0
  0
LINE
  5
396
330
390
100
AcDbEntity
  8
0
  6
ByBlock
 62
0
370
-2
100
AcDbLine
 10
1841.2183538084064
 20
869.5259750297264
 30
0.0
 11
1833.2183538084064
 21
877.5259750297264
 31
0.0
  0
LINE
  5
397
330
390
100
AcDbEntity
  8
0
  6
ByBlock
 62
0
370
-2
100
AcDbLine
 10
1833.2183538084064
 20
777.5259750297264
 30
0.0
 11
1841.2183538084064
 21
769.5259750297264
 31
0.0
  0
MTEXT
  5
398
330
390
100
AcDbEntity
  8
DIM
 62
3
440
16777216
100
AcDbMText
 10
1814.4540291153098
 20
823.5259750297118
 30
0.0
 40
25.0
 41
0.0
 46
0.0
 71
5
  1
100
 11
1e-16
 21
1.0
 31
0.0
  0
POINT
  5
399
330
390
100
AcDbEntity
  8
Defpoints
 62
0
440
16777216
100
AcDbPoint
 10
1882.1550166842062
 20
873.5259750297264
 30
0.0
  0
POINT
  5
39A
330
390
100
AcDbEntity
  8
Defpoints
 62
0
440
16777216
100
AcDbPoint
 10
1882.1550166842062
 20
773.5259750297264
 30
0.0
  0
POINT
  5
39B
330
390
100
AcDbEntity
  8
Defpoints
 62
0
440
16777216
100
AcDbPoint
 10
1837.2183538084064
 20
773.5259750297264
 30
0.0
  0
ENDBLK
  5
392
330
390
100
AcDbEntity
  8
0
100
AcDbBlockEnd
  0
BLOCK
  5
39D
330
39C
100
AcDbEntity
  8
0
100
AcDbBlockBegin
  2
*D33
 70
1
 10
0.0
 20
0.0
 30
0.0
  3
*D33
  1

  0
LINE
  5
39F
330
39C
100
AcDbEntity
  8
DIM
 62
5
370
9
440
16777216
100
AcDbLine
 10
1867.1550166841043
 20
873.5259750297264
 30
0.0
 11
1827.2183538083045
 21
873.5259750297264
 31
0.0
  0
LINE
  5
3A0
330
39C
100
AcDbEntity
  8
DIM
 62
5
370
9
440
16777216
100
AcDbLine
 10
1917.1550166842062
 20
923.5259750297118
 30
0.0
 11
1827.2183538083045
 21
923.5259750297118
 31
0.0
  0
LINE
  5
3A1
330
39C
100
AcDbEntity
  8
DIM
 62
5
370
9
440
16777216
100
AcDbLine
 10
1837.2183538083045
 20
873.5259750297264
 30
0.0
 11
1837.2183538083045
 21
923.5259750297118
 31
0.0
  0
LINE
  5
3A2
330
39C
100
AcDbEntity
  8
DIM
 62
5
370
9
440
16777216
100
AcDbLine
 10
1837.2183538083045
 20
923.5259750297118
 30
0.0
 11
1837.2183538083045
 21
987.2524416054512
 31
0.0
  0
LINE
  5
3A3
330
39C
100
AcDbEntity
  8
0
  6
ByBlock
 62
0
370
-2
100
AcDbLine
 10
1833.2183538083045
 20
877.5259750297264
 30
0.0
 11
1841.2183538083045
 21
869.5259750297264
 31
0.0
  0
LINE
  5
3A4
330
39C
100
AcDbEntity
  8
0
  6
ByBlock
 62
0
370
-2
100
AcDbLine
 10
1841.2183538083045
 20
919.5259750297118
 30
0.0
 11
1833.2183538083045
 21
927.5259750297118
 31
0.0
  0
MTEXT
  5
3A5
330
39C
100
AcDbEntity
  8
DIM
 62
3
440
16777216
100
AcDbMText
 10
1814.4540291153098
 20
959.3892083175888
 30
0.0
 40
25.0
 41
0.0
 46
0.0
 71
5
  1
50
 11
1e-16
 21
1.0
 31
0.0
  0
POINT
  5
3A6
330
39C
100
AcDbEntity
  8
Defpoints
 62
0
440
16777216
100
AcDbPoint
 10
1882.1550166842062
 20
873.5259750297264
 30
0.0
  0
POINT
  5
3A7
330
39C
100
AcDbEntity
  8
Defpoints
 62
0
440
16777216
100
AcDbPoint
 10
1932.1550166841043
 20
923.5259750297118
 30
0.0
  0
POINT
  5
3A8
330
39C
100
AcDbEntity
  8
Defpoints
 62
0
440
16777216
100
AcDbPoint
 10
1837.2183538083045
 20
923.5259750297118
 30
0.0
  0
ENDBLK
  5
39E
330
39C
100
AcDbEntity
  8
0
100
AcDbBlockEnd
  0
BLOCK
  5
3AA
330
3A9
100
AcDbEntity
  8
0
100
AcDbBlockBegin
  2
*D34
 70
1
 10
0.0
 20
0.0
 30
0.0
  3
*D34
  1

  0
LINE
  5
3AC
330
3A9
100
AcDbEntity
  8
DIM
 62
5
370
9
440
16777216
100
AcDbLine
 10
1867.1550166841043
 20
773.5259750297264
 30
0.0
 11
1827.2183538083045
 21
773.5259750297264
 31
0.0
  0
LINE
  5
3AD
330
3A9
100
AcDbEntity
  8
DIM
 62
5
370
9
440
16777216
100
AcDbLine
 10
1917.1550166842062
 20
723.5259750297264
 30
0.0
 11
1827.2183538083045
 21
723.5259750297264
 31
0.0
  0
LINE
  5
3AE
330
3A9
100
AcDbEntity
  8
DIM
 62
5
370
9
440
16777216
100
AcDbLine
 10
1837.2183538083045
 20
773.5259750297264
 30
0.0
 11
1837.2183538083045
 21
723.5259750297264
 31
0.0
  0
LINE
  5
3AF
330
3A9
100
AcDbEntity
  8
DIM
 62
5
370
9
440
16777216
100
AcDbLine
 10
1837.2183538083045
 20
723.5259750297264
 30
0.0
 11
1837.2183538083045
 21
659.7995084540162
 31
0.0
  0
LINE
  5
3B0
330
3A9
100
AcDbEntity
  8
0
  6
ByBlock
 62
0
370
-2
100
AcDbLine
 10
1841.2183538083045
 20
769.5259750297264
 30
0.0
 11
1833.2183538083045
 21
777.5259750297264
 31
0.0
  0
LINE
  5
3B1
330
3A9
100
AcDbEntity
  8
0
  6
ByBlock
 62
0
370
-2
100
AcDbLine
 10
1833.2183538083045
 20
727.5259750297264
 30
0.0
 11
1841.2183538083045
 21
719.5259750297264
 31
0.0
  0
MTEXT
  5
3B2
330
3A9
100
AcDbEntity
  8
DIM
 62
3
440
16777216
100
AcDbMText
 10
1814.4540291153098
 20
687.6627417418495
 30
0.0
 40
25.0
 41
0.0
 46
0.0
 71
5
  1
50
 11
1e-16
 21
1.0
 31
0.0
  0
POINT
  5
3B3
330
3A9
100
AcDbEntity
  8
Defpoints
 62
0
440
16777216
100
AcDbPoint
 10
1882.1550166842062
 20
773.5259750297264
 30
0.0
  0
POINT
  5
3B4
330
3A9
100
AcDbEntity
  8
Defpoints
 62
0
440
16777216
100
AcDbPoint
 10
1932.1550166841043
 20
723.5259750297264
 30
0.0
  0
POINT
  5
3B5
330
3A9
100
AcDbEntity
  8
Defpoints
 62
0
440
16777216
100
AcDbPoint
 10
1837.2183538083045
 20
723.5259750297264
 30
0.0
  0
ENDBLK
  5
3AB
330
3A9
100
AcDbEntity
  8
0
100
AcDbBlockEnd
  0
BLOCK
  5
3B7
330
3B6
100
AcDbEntity
  8
0
100
AcDbBlockBegin
  2
*D35
 70
1
 10
0.0
 20
0.0
 30
0.0
  3
*D35
  1

  0
LINE
  5
3B9
330
3B6
100
AcDbEntity
  8
DIM
 62
5
370
9
440
16777216
100
AcDbLine
 10
2468.6062960419076
 20
780.5584745324304
 30
0.0
 11
2468.6062960419076
 21
665.2759831978037
 31
0.0
  0
LINE
  5
3BA
330
3B6
100
AcDbEntity
  8
DIM
 62
5
370
9
440
16777216
100
AcDbLine
 10
3065.6062960419076
 20
780.5584745324304
 30
0.0
 11
3065.6062960419076
 21
665.2759831978037
 31
0.0
  0
LINE
  5
3BB
330
3B6
100
AcDbEntity
  8
DIM
 62
5
370
9
440
16777216
100
AcDbLine
 10
2468.6062960419076
 20
675.2759831978037
 30
0.0
 11
3065.6062960419076
 21
675.2759831978037
 31
0.0
  0
LINE
  5
3BC
330
3B6
100
AcDbEntity
  8
0
  6
ByBlock
 62
0
370
-2
100
AcDbLine
 10
2472.6062960419076
 20
679.2759831978037
 30
0.0
 11
2464.6062960419076
 21
671.2759831978037
 31
0.0
  0
LINE
  5
3BD
330
3B6
100
AcDbEntity
  8
0
  6
ByBlock
 62
0
370
-2
100
AcDbLine
 10
3061.6062960419076
 20
671.2759831978037
 30
0.0
 11
3069.6062960419076
 21
679.2759831978037
 31
0.0
  0
MTEXT
  5
3BE
330
3B6
100
AcDbEntity
  8
DIM
 62
3
440
16777216
100
AcDbMText
 10
2767.1062960419076
 20
698.0403078908421
 30
0.0
 40
25.0
 41
0.0
 46
0.0
 71
5
  1
597
  0
POINT
  5
3BF
330
3B6
100
AcDbEntity
  8
Defpoints
 62
0
440
16777216
100
AcDbPoint
 10
2468.6062960419076
 20
795.5584745324304
 30
0.0
  0
POINT
  5
3C0
330
3B6
100
AcDbEntity
  8
Defpoints
 62
0
440
16777216
100
AcDbPoint
 10
3065.6062960419076
 20
795.5584745324304
 30
0.0
  0
POINT
  5
3C1
330
3B6
100
AcDbEntity
  8
Defpoints
 62
0
440
16777216
100
AcDbPoint
 10
3065.6062960419076
 20
675.2759831978037
 30
0.0
  0
ENDBLK
  5
3B8
330
3B6
100
AcDbEntity
  8
0
100
AcDbBlockEnd
  0
BLOCK
  5
3C3
330
3C2
100
AcDbEntity
  8
0
100
AcDbBlockBegin
  2
*D36
 70
1
 10
0.0
 20
0.0
 30
0.0
  3
*D36
  1

  0
LINE
  5
3C5
330
3C2
100
AcDbEntity
  8
DIM
 62
5
370
9
440
16777216
100
AcDbLine
 10
2453.6062960420095
 20
895.5584745324013
 30
0.0
 11
2413.6696331662097
 21
895.5584745324013
 31
0.0
  0
LINE
  5
3C6
330
3C2
100
AcDbEntity
  8
DIM
 62
5
370
9
440
16777216
100
AcDbLine
 10
2453.6062960420095
 20
795.5584745324013
 30
0.0
 11
2413.6696331662097
 21
795.5584745324013
 31
0.0
  0
LINE
  5
3C7
330
3C2
100
AcDbEntity
  8
DIM
 62
5
370
9
440
16777216
100
AcDbLine
 10
2423.6696331662097
 20
895.5584745324013
 30
0.0
 11
2423.6696331662097
 21
795.5584745324013
 31
0.0
  0
LINE
  5
3C8
330
3C2
100
AcDbEntity
  8
0
  6
ByBlock
 62
0
370
-2
100
AcDbLine
 10
2427.6696331662097
 20
891.5584745324013
 30
0.0
 11
2419.6696331662097
 21
899.5584745324013
 31
0.0
  0
LINE
  5
3C9
330
3C2
100
AcDbEntity
  8
0
  6
ByBlock
 62
0
370
-2
100
AcDbLine
 10
2419.6696331662097
 20
799.5584745324013
 30
0.0
 11
2427.6696331662097
 21
791.5584745324013
 31
0.0
  0
MTEXT
  5
3CA
330
3C2
100
AcDbEntity
  8
DIM
 62
3
440
16777216
100
AcDbMText
 10
2400.9053084730986
 20
845.5584745323868
 30
0.0
 40
25.0
 41
0.0
 46
0.0
 71
5
  1
100
 11
1e-16
 21
1.0
 31
0.0
  0
POINT
  5
3CB
330
3C2
100
AcDbEntity
  8
Defpoints
 62
0
440
16777216
100
AcDbPoint
 10
2468.6062960420095
 20
895.5584745324013
 30
0.0
  0
POINT
  5
3CC
330
3C2
100
AcDbEntity
  8
Defpoints
 62
0
440
16777216
100
AcDbPoint
 10
2468.6062960420095
 20
795.5584745324013
 30
0.0
  0
POINT
  5
3CD
330
3C2
100
AcDbEntity
  8
Defpoints
 62
0
440
16777216
100
AcDbPoint
 10
2423.6696331662097
 20
795.5584745324013
 30
0.0
  0
ENDBLK
  5
3C4
330
3C2
100
AcDbEntity
  8
0
100
AcDbBlockEnd
  0
BLOCK
  5
3CF
330
3CE
100
AcDbEntity
  8
0
100
AcDbBlockBegin
  2
*D37
 70
1
 10
0.0
 20
0.0
 30
0.0
  3
*D37
  1

  0
LINE
  5
3D1
330
3CE
100
AcDbEntity
  8
DIM
 62
5
370
9
440
16777216
100
AcDbLine
 10
2453.6062960420095
 20
795.5584745324013
 30
0.0
 11
2413.669633166108
 21
795.5584745324013
 31
0.0
  0
LINE
  5
3D2
330
3CE
100
AcDbEntity
  8
DIM
 62
5
370
9
440
16777216
100
AcDbLine
 10
2503.6062960420095
 20
745.5584745324013
 30
0.0
 11
2413.669633166108
 21
745.5584745324013
 31
0.0
  0
LINE
  5
3D3
330
3CE
100
AcDbEntity
  8
DIM
 62
5
370
9
440
16777216
100
AcDbLine
 10
2423.669633166108
 20
795.5584745324013
 30
0.0
 11
2423.669633166108
 21
745.5584745324013
 31
0.0
  0
LINE
  5
3D4
330
3CE
100
AcDbEntity
  8
DIM
 62
5
370
9
440
16777216
100
AcDbLine
 10
2423.669633166108
 20
745.5584745324013
 30
0.0
 11
2423.669633166108
 21
681.8320079566911
 31
0.0
  0
LINE
  5
3D5
330
3CE
100
AcDbEntity
  8
0
  6
ByBlock
 62
0
370
-2
100
AcDbLine
 10
2427.669633166108
 20
791.5584745324013
 30
0.0
 11
2419.669633166108
 21
799.5584745324013
 31
0.0
  0
LINE
  5
3D6
330
3CE
100
AcDbEntity
  8
0
  6
ByBlock
 62
0
370
-2
100
AcDbLine
 10
2419.669633166108
 20
749.5584745324013
 30
0.0
 11
2427.669633166108
 21
741.5584745324013
 31
0.0
  0
MTEXT
  5
3D7
330
3CE
100
AcDbEntity
  8
DIM
 62
3
440
16777216
100
AcDbMText
 10
2400.9053084729967
 20
709.6952412445244
 30
0.0
 40
25.0
 41
0.0
 46
0.0
 71
5
  1
50
 11
1e-16
 21
1.0
 31
0.0
  0
POINT
  5
3D8
330
3CE
100
AcDbEntity
  8
Defpoints
 62
0
440
16777216
100
AcDbPoint
 10
2468.6062960420095
 20
795.5584745324013
 30
0.0
  0
POINT
  5
3D9
330
3CE
100
AcDbEntity
  8
Defpoints
 62
0
440
16777216
100
AcDbPoint
 10
2518.6062960420095
 20
745.5584745324013
 30
0.0
  0
POINT
  5
3DA
330
3CE
100
AcDbEntity
  8
Defpoints
 62
0
440
16777216
100
AcDbPoint
 10
2423.669633166108
 20
745.5584745324013
 30
0.0
  0
ENDBLK
  5
3D0
330
3CE
100
AcDbEntity
  8
0
100
AcDbBlockEnd
  0
BLOCK
  5
3DC
330
3DB
100
AcDbEntity
  8
0
100
AcDbBlockBegin
  2
*D38
 70
1
 10
0.0
 20
0.0
 30
0.0
  3
*D38
  1

  0
LINE
  5
3DE
330
3DB
100
AcDbEntity
  8
DIM
 62
5
370
9
 48
3.0
440
16777216
100
AcDbLine
 10
3030.6062960420095
 20
745.5584745324013
 30
0.0
 11
3179.937904227001
 21
745.5584745324013
 31
0.0
  0
LINE
  5
3DF
330
3DB
100
AcDbEntity
  8
DIM
 62
5
370
9
 48
3.0
440
16777216
100
AcDbLine
 10
3030.6062960420095
 20
945.5584745324013
 30
0.0
 11
3179.937904227001
 21
945.5584745324013
 31
0.0
  0
LINE
  5
3E0
330
3DB
100
AcDbEntity
  8
DIM
 62
5
370
9
 48
3.0
440
16777216
100
AcDbLine
 10
3169.937904227001
 20
745.5584745324013
 30
0.0
 11
3169.937904227001
 21
945.5584745324013
 31
0.0
  0
LINE
  5
3E1
330
3DB
100
AcDbEntity
  8
0
  6
ByBlock
 62
0
370
-2
100
AcDbLine
 10
3165.937904227001
 20
749.5584745324013
 30
0.0
 11
3173.937904227001
 21
741.5584745324013
 31
0.0
  0
LINE
  5
3E2
330
3DB
100
AcDbEntity
  8
0
  6
ByBlock
 62
0
370
-2
100
AcDbLine
 10
3173.937904227001
 20
941.5584745324013
 30
0.0
 11
3165.937904227001
 21
949.5584745324013
 31
0.0
  0
MTEXT
  5
3E3
330
3DB
100
AcDbEntity
  8
DIM
 62
3
 48
3.0
440
16777216
100
AcDbMText
 10
3147.1735795339046
 20
845.5584745323868
 30
0.0
 40
25.0
 41
0.0
 46
0.0
 71
5
  1
200
 11
1e-16
 21
1.0
 31
0.0
  0
POINT
  5
3E4
330
3DB
100
AcDbEntity
  8
Defpoints
 62
0
 48
3.0
440
16777216
100
AcDbPoint
 10
3015.6062960420095
 20
745.5584745324013
 30
0.0
  0
POINT
  5
3E5
330
3DB
100
AcDbEntity
  8
Defpoints
 62
0
 48
3.0
440
16777216
100
AcDbPoint
 10
3015.6062960420095
 20
945.5584745324013
 30
0.0
  0
POINT
  5
3E6
330
3DB
100
AcDbEntity
  8
Defpoints
 62
0
 48
3.0
440
16777216
100
AcDbPoint
 10
3169.937904227001
 20
945.5584745324013
 30
0.0
  0
ENDBLK
  5
3DD
330
3DB
100
AcDbEntity
  8
0
100
AcDbBlockEnd
  0
BLOCK
  5
3E8
330
3E7
100
AcDbEntity
  8
0
100
AcDbBlockBegin
  2
*D39
 70
1
 10
0.0
 20
0.0
 30
0.0
  3
*D39
  1

  0
LINE
  5
3EA
330
3E7
100
AcDbEntity
  8
0
 62
5
370
9
 48
3.0
440
16777216
100
AcDbLine
 10
2590.5955940123094
 20
420.3072955786047
 30
0.0
 11
2590.5955940123094
 21
459.7391730974923
 31
0.0
  0
LINE
  5
3EB
330
3E7
100
AcDbEntity
  8
0
 62
5
370
9
 48
3.0
440
16777216
100
AcDbLine
 10
2920.5955940123094
 20
420.3072955786047
 30
0.0
 11
2920.5955940123094
 21
459.7391730974923
 31
0.0
  0
LINE
  5
3EC
330
3E7
100
AcDbEntity
  8
0
 62
5
370
9
 48
3.0
440
16777216
100
AcDbLine
 10
2590.5955940123094
 20
449.7391730974923
 30
0.0
 11
2920.5955940123094
 21
449.7391730974923
 31
0.0
  0
LINE
  5
3ED
330
3E7
100
AcDbEntity
  8
0
  6
ByBlock
 62
0
370
-2
100
AcDbLine
 10
2594.5955940123094
 20
453.7391730974923
 30
0.0
 11
2586.5955940123094
 21
445.7391730974923
 31
0.0
  0
LINE
  5
3EE
330
3E7
100
AcDbEntity
  8
0
  6
ByBlock
 62
0
370
-2
100
AcDbLine
 10
2916.5955940123094
 20
445.7391730974923
 30
0.0
 11
2924.5955940123094
 21
453.7391730974923
 31
0.0
  0
MTEXT
  5
3EF
330
3E7
100
AcDbEntity
  8
0
 62
3
 48
3.0
440
16777216
100
AcDbMText
 10
2755.5955940123094
 20
472.512024393538
 30
0.0
 40
25.0
 41
0.0
 46
0.0
 71
5
  1
330
  0
POINT
  5
3F0
330
3E7
100
AcDbEntity
  8
Defpoints
 62
0
 48
3.0
440
16777216
100
AcDbPoint
 10
2590.5955940123094
 20
405.3072955786047
 30
0.0
  0
POINT
  5
3F1
330
3E7
100
AcDbEntity
  8
Defpoints
 62
0
 48
3.0
440
16777216
100
AcDbPoint
 10
2920.5955940123094
 20
405.3072955786047
 30
0.0
  0
POINT
  5
3F2
330
3E7
100
AcDbEntity
  8
Defpoints
 62
0
 48
3.0
440
16777216
100
AcDbPoint
 10
2920.5955940123094
 20
449.7391730974923
 30
0.0
  0
ENDBLK
  5
3E9
330
3E7
100
AcDbEntity
  8
0
100
AcDbBlockEnd
  0
BLOCK
  5
3F4
330
3F3
100
AcDbEntity
  8
0
100
AcDbBlockBegin
  2
*D40
 70
1
 10
0.0
 20
0.0
 30
0.0
  3
*D40
  1

  0
LINE
  5
3F6
330
3F3
100
AcDbEntity
  8
0
 62
5
370
9
 48
3.0
440
16777216
100
AcDbLine
 10
2575.5955940123968
 20
405.30729557859013
 30
0.0
 11
2536.29779141341
 21
405.30729557859013
 31
0.0
  0
LINE
  5
3F7
330
3F3
100
AcDbEntity
  8
0
 62
5
370
9
 48
3.0
440
16777216
100
AcDbLine
 10
2575.5955940123968
 20
285.3072955785756
 30
0.0
 11
2536.29779141341
 21
285.3072955785756
 31
0.0
  0
LINE
  5
3F8
330
3F3
100
AcDbEntity
  8
0
 62
5
370
9
 48
3.0
440
16777216
100
AcDbLine
 10
2546.297791413497
 20
405.30729557859013
 30
0.0
 11
2546.297791413497
 21
285.3072955785756
 31
0.0
  0
LINE
  5
3F9
330
3F3
100
AcDbEntity
  8
0
  6
ByBlock
 62
0
370
-2
100
AcDbLine
 10
2550.297791413497
 20
401.30729557859013
 30
0.0
 11
2542.297791413497
 21
409.30729557859013
 31
0.0
  0
LINE
  5
3FA
330
3F3
100
AcDbEntity
  8
0
  6
ByBlock
 62
0
370
-2
100
AcDbLine
 10
2542.297791413497
 20
289.3072955785756
 30
0.0
 11
2550.297791413497
 21
281.3072955785756
 31
0.0
  0
MTEXT
  5
3FB
330
3F3
100
AcDbEntity
  8
0
 62
3
 48
3.0
440
16777216
100
AcDbMText
 10
2523.5334667204006
 20
345.307295578561
 30
0.0
 40
25.0
 41
0.0
 46
0.0
 71
5
  1
120
 11
1e-16
 21
1.0
 31
0.0
  0
POINT
  5
3FC
330
3F3
100
AcDbEntity
  8
Defpoints
 62
0
 48
3.0
440
16777216
100
AcDbPoint
 10
2590.5955940123968
 20
405.30729557859013
 30
0.0
  0
POINT
  5
3FD
330
3F3
100
AcDbEntity
  8
Defpoints
 62
0
 48
3.0
440
16777216
100
AcDbPoint
 10
2590.5955940123968
 20
285.3072955785756
 30
0.0
  0
POINT
  5
3FE
330
3F3
100
AcDbEntity
  8
Defpoints
 62
0
 48
3.0
440
16777216
100
AcDbPoint
 10
2546.297791413497
 20
285.3072955785756
 30
0.0
  0
ENDBLK
  5
3F5
330
3F3
100
AcDbEntity
  8
0
100
AcDbBlockEnd
  0
BLOCK
  5
400
330
3FF
100
AcDbEntity
  8
0
100
AcDbBlockBegin
  2
*D41
 70
1
 10
0.0
 20
0.0
 30
0.0
  3
*D41
  1

  0
LINE
  5
402
330
3FF
100
AcDbEntity
  8
0
 62
5
370
9
 48
3.0
440
16777216
100
AcDbLine
 10
786.6784332037059
 20
983.5868263503507
 30
0.0
 11
846.6886315302982
 21
983.5868263503507
 31
0.0
  0
LINE
  5
403
330
3FF
100
AcDbEntity
  8
0
 62
5
370
9
 48
3.0
440
16777216
100
AcDbLine
 10
782.6784332037059
 20
993.5868263503799
 30
0.0
 11
846.6886315302982
 21
993.5868263503799
 31
0.0
  0
LINE
  5
404
330
3FF
100
AcDbEntity
  8
0
 62
5
370
9
 48
3.0
440
16777216
100
AcDbLine
 10
836.6886315302982
 20
983.5868263503507
 30
0.0
 11
836.6886315302982
 21
975.5868263503653
 31
0.0
  0
LINE
  5
405
330
3FF
100
AcDbEntity
  8
0
 62
5
370
9
 48
3.0
440
16777216
100
AcDbLine
 10
836.6886315302982
 20
993.5868263503799
 30
0.0
 11
836.6886315302982
 21
1062.9599504977086
 31
0.0
  0
LINE
  5
406
330
3FF
100
AcDbEntity
  8
0
 62
5
370
9
 48
3.0
440
16777216
100
AcDbLine
 10
836.6886315302982
 20
983.5868263503507
 30
0.0
 11
836.6886315302982
 21
993.5868263503799
 31
0.0
  0
LINE
  5
407
330
3FF
100
AcDbEntity
  8
0
  6
ByBlock
 62
0
370
-2
100
AcDbLine
 10
840.6886315302982
 20
979.5868263503507
 30
0.0
 11
832.6886315302982
 21
987.5868263503507
 31
0.0
  0
LINE
  5
408
330
3FF
100
AcDbEntity
  8
0
  6
ByBlock
 62
0
370
-2
100
AcDbLine
 10
832.6886315302982
 20
997.5868263503799
 30
0.0
 11
840.6886315302982
 21
989.5868263503799
 31
0.0
  0
MTEXT
  5
409
330
3FF
100
AcDbEntity
  8
0
 62
3
 48
3.0
440
16777216
100
AcDbMText
 10
813.9243068372016
 20
1036.2733884240006
 30
0.0
 40
25.0
 41
0.0
 46
0.0
 71
5
  1
10
 11
1e-16
 21
1.0
 31
0.0
  0
POINT
  5
40A
330
3FF
100
AcDbEntity
  8
Defpoints
 62
0
 48
3.0
440
16777216
100
AcDbPoint
 10
771.6784332037059
 20
983.5868263503507
 30
0.0
  0
POINT
  5
40B
330
3FF
100
AcDbEntity
  8
Defpoints
 62
0
 48
3.0
440
16777216
100
AcDbPoint
 10
767.6784332037059
 20
993.5868263503799
 30
0.0
  0
POINT
  5
40C
330
3FF
100
AcDbEntity
  8
Defpoints
 62
0
 48
3.0
440
16777216
100
AcDbPoint
 10
836.6886315302982
 20
993.5868263503799
 30
0.0
  0
ENDBLK
  5
401
330
3FF
100
AcDbEntity
  8
0
100
AcDbBlockEnd
  0
BLOCK
  5
40E
330
40D
100
AcDbEntity
  8
0
100
AcDbBlockBegin
  2
*D42
 70
1
 10
0.0
 20
0.0
 30
0.0
  3
*D42
  1

  0
LINE
  5
410
330
40D
100
AcDbEntity
  8
0
 62
5
370
9
 48
3.0
440
16777216
100
AcDbLine
 10
1629.1888175454078
 20
987.5868263503653
 30
0.0
 11
1689.199015872
 21
987.5868263503653
 31
0.0
  0
LINE
  5
411
330
40D
100
AcDbEntity
  8
0
 62
5
370
9
 48
3.0
440
16777216
100
AcDbLine
 10
1625.1888175454078
 20
997.5868263503653
 30
0.0
 11
1689.199015872
 21
997.5868263503653
 31
0.0
  0
LINE
  5
412
330
40D
100
AcDbEntity
  8
0
 62
5
370
9
 48
3.0
440
16777216
100
AcDbLine
 10
1679.199015872
 20
987.5868263503653
 30
0.0
 11
1679.199015872
 21
979.5868263503653
 31
0.0
  0
LINE
  5
413
330
40D
100
AcDbEntity
  8
0
 62
5
370
9
 48
3.0
440
16777216
100
AcDbLine
 10
1679.199015872
 20
997.5868263503653
 30
0.0
 11
1679.199015872
 21
1066.9599504977086
 31
0.0
  0
LINE
  5
414
330
40D
100
AcDbEntity
  8
0
 62
5
370
9
 48
3.0
440
16777216
100
AcDbLine
 10
1679.199015872
 20
987.5868263503653
 30
0.0
 11
1679.199015872
 21
997.5868263503653
 31
0.0
  0
LINE
  5
415
330
40D
100
AcDbEntity
  8
0
  6
ByBlock
 62
0
370
-2
100
AcDbLine
 10
1683.199015872
 20
983.5868263503653
 30
0.0
 11
1675.199015872
 21
991.5868263503653
 31
0.0
  0
LINE
  5
416
330
40D
100
AcDbEntity
  8
0
  6
ByBlock
 62
0
370
-2
100
AcDbLine
 10
1675.199015872
 20
1001.5868263503653
 30
0.0
 11
1683.199015872
 21
993.5868263503653
 31
0.0
  0
MTEXT
  5
417
330
40D
100
AcDbEntity
  8
0
 62
3
 48
3.0
440
16777216
100
AcDbMText
 10
1656.4346911789034
 20
1040.2733884240151
 30
0.0
 40
25.0
 41
0.0
 46
0.0
 71
5
  1
10
 11
1e-16
 21
1.0
 31
0.0
  0
POINT
  5
418
330
40D
100
AcDbEntity
  8
Defpoints
 62
0
 48
3.0
440
16777216
100
AcDbPoint
 10
1614.1888175454078
 20
987.5868263503653
 30
0.0
  0
POINT
  5
419
330
40D
100
AcDbEntity
  8
Defpoints
 62
0
 48
3.0
440
16777216
100
AcDbPoint
 10
1610.1888175454078
 20
997.5868263503653
 30
0.0
  0
POINT
  5
41A
330
40D
100
AcDbEntity
  8
Defpoints
 62
0
 48
3.0
440
16777216
100
AcDbPoint
 10
1679.199015872
 20
997.5868263503653
 30
0.0
  0
ENDBLK
  5
40F
330
40D
100
AcDbEntity
  8
0
100
AcDbBlockEnd
  0
ENDSEC
  0
SECTION
  2
ENTITIES
  0
LWPOLYLINE
  5
2F
330
17
100
AcDbEntity
  8
0
 62
7
100
AcDbPolyline
 90
4
 70
0
 10
1388.3633384858986
 20
2003.2078768243227
 10
1400.3633384860004
 20
2003.2078768243227
 10
1400.3633384860004
 20
1265.6078768243024
 10
1388.3633384858986
 20
1265.6078768243024
  0
LWPOLYLINE
  5
30
330
17
100
AcDbEntity
  8
0
 62
7
100
AcDbPolyline
 90
2
 70
0
 10
1358.3633384860004
 20
1235.6078768243024
 10
221.36333848589857
 20
1235.6078768243024
  0
LWPOLYLINE
  5
31
330
17
100
AcDbEntity
  8
0
 62
7
100
AcDbPolyline
 90
4
 70
0
 10
191.36333848589857
 20
1265.6078768243024
 10
179.36333848589857
 20
1265.6078768243024
 10
179.36333848589857
 20
2003.2078768243227
 10
191.36333848589857
 20
2003.2078768243227
  0
LWPOLYLINE
  5
32
330
17
100
AcDbEntity
  8
0
 62
7
100
AcDbPolyline
 90
2
 70
0
 10
221.36333848589857
 20
2033.2078768243227
 10
1358.3633384860004
 20
2033.2078768243227
  0
LINE
  5
33
330
17
100
AcDbEntity
  8
0
 62
7
100
AcDbLine
 10
1388.3633384858986
 20
2003.2078768243227
 30
0.0
 11
1388.3633384858986
 21
1265.6078768243024
 31
0.0
  0
LINE
  5
34
330
17
100
AcDbEntity
  8
0
 62
7
100
AcDbLine
 10
1358.3633384860004
 20
2033.2078768243227
 30
0.0
 11
1358.3633384860004
 21
1235.6078768243024
 31
0.0
  0
LINE
  5
35
330
17
100
AcDbEntity
  8
0
 62
7
100
AcDbLine
 10
1088.3633384860004
 20
2033.2078768243227
 30
0.0
 11
1088.3633384860004
 21
1235.6078768243024
 31
0.0
  0
LINE
  5
36
330
17
100
AcDbEntity
  8
0
 62
7
100
AcDbLine
 10
191.36333848589857
 20
2003.2078768243227
 30
0.0
 11
191.36333848589857
 21
1265.6078768243024
 31
0.0
  0
LINE
  5
37
330
17
100
AcDbEntity
  8
0
 62
7
100
AcDbLine
 10
221.36333848589857
 20
2033.2078768243227
 30
0.0
 11
221.36333848589857
 21
1235.6078768243024
 31
0.0
  0
LINE
  5
38
330
17
100
AcDbEntity
  8
0
 62
7
100
AcDbLine
 10
491.36333848589857
 20
2033.2078768243227
 30
0.0
 11
491.36333848589857
 21
1235.6078768243024
 31
0.0
  0
DIMENSION
  5
39
330
17
100
AcDbEntity
  8
DIM
 62
7
100
AcDbDimension
280
0
  2
*D1
  3
Dim-25
 10
1088.3633384860004
 20
2065.342663891075
 30
0.0
 11
789.8633384860004
 21
2088.1069885841134
 31
0.0
 70
32
 71
5
 42
597.0
 73
0
 74
0
 75
0
100
AcDbAlignedDimension
 13
491.36333848589857
 23
2033.2078768243227
 33
0.0
 14
1088.3633384860004
 24
2033.2078768243227
 34
0.0
 50
0.0
100
AcDbRotatedDimension
  0
DIMENSION
  5
3E
330
17
100
AcDbEntity
  8
DIM
 62
7
100
AcDbDimension
280
0
  2
*D2
  3
Dim-25
 10
1358.3633384860004
 20
2065.342663891075
 30
0.0
 11
1222.8633384860004
 21
2065.342663891075
 31
0.0
 70
160
 71
5
 42
270.0
 73
0
 74
0
 75
0
100
AcDbAlignedDimension
 13
1088.3633384860004
 23
2033.2078768243227
 33
0.0
 14
1358.3633384860004
 24
2033.2078768243227
 34
0.0
 50
0.0
100
AcDbRotatedDimension
  0
DIMENSION
  5
3F
330
17
100
AcDbEntity
  8
DIM
 62
7
100
AcDbDimension
280
0
  2
*D3
  3
Dim-25
 10
1388.3633384858986
 20
2065.342663891075
 30
0.0
 11
1373.3633384858986
 21
2065.342663891075
 31
0.0
 70
160
 71
5
 42
30.0
 73
0
 74
0
 75
0
100
AcDbAlignedDimension
 13
1358.3633384860004
 23
2033.2078768243227
 33
0.0
 14
1388.3633384858986
 24
2003.2078768243227
 34
0.0
 50
0.0
100
AcDbRotatedDimension
  0
DIMENSION
  5
40
330
17
100
AcDbEntity
  8
DIM
 62
7
100
AcDbDimension
280
0
  2
*D4
  3
Dim-25
 10
1400.3633384860004
 20
2065.342663891075
 30
0.0
 11
1442.964634529606
 21
2087.89382350909
 31
0.0
 70
32
 71
5
 42
12.0
 73
0
 74
0
 75
0
100
AcDbAlignedDimension
 13
1388.3633384858986
 23
2003.2078768243227
 33
0.0
 14
1400.3633384860004
 24
2003.2078768243227
 34
0.0
 50
0.0
100
AcDbRotatedDimension
  0
DIMENSION
  5
41
330
17
100
AcDbEntity
  8
DIM
 62
7
100
AcDbDimension
280
0
  2
*D5
  3
Dim-25
 10
221.36333848589857
 20
2065.342663891075
 30
0.0
 11
377.36333848589857
 21
2065.342663891075
 31
0.0
 70
160
 71
5
 42
270.0
 73
0
 74
0
 75
0
100
AcDbAlignedDimension
 13
491.36333848589857
 23
2033.2078768243227
 33
0.0
 14
221.36333848589857
 24
2033.2078768243227
 34
0.0
 50
180.0
100
AcDbRotatedDimension
  0
DIMENSION
  5
42
330
17
100
AcDbEntity
  8
DIM
 62
7
100
AcDbDimension
280
0
  2
*D6
  3
Dim-25
 10
191.36333848589857
 20
2065.342663891075
 30
0.0
 11
206.36333848600043
 21
2065.342663891075
 31
0.0
 70
160
 71
5
 42
30.0
 73
0
 74
0
 75
0
100
AcDbAlignedDimension
 13
221.36333848589857
 23
2033.2078768243227
 33
0.0
 14
191.36333848589857
 24
2003.2078768243227
 34
0.0
 50
180.0
100
AcDbRotatedDimension
  0
DIMENSION
  5
43
330
17
100
AcDbEntity
  8
DIM
 62
7
100
AcDbDimension
280
0
  2
*D7
  3
Dim-25
 10
179.36333848589857
 20
2065.342663891075
 30
0.0
 11
136.76204244230757
 21
2087.89382350909
 31
0.0
 70
32
 71
5
 42
12.0
 73
0
 74
0
 75
0
100
AcDbAlignedDimension
 13
191.36333848589857
 23
2003.2078768243227
 33
0.0
 14
179.36333848589857
 24
2003.2078768243227
 34
0.0
 50
180.0
100
AcDbRotatedDimension
  0
LINE
  5
44
330
17
100
AcDbEntity
  8
0
 62
7
100
AcDbLine
 10
191.36333848589857
 20
2003.2078768243227
 30
0.0
 11
221.36333848589857
 21
2033.2078768243227
 31
0.0
  0
LINE
  5
45
330
17
100
AcDbEntity
  8
0
 62
7
100
AcDbLine
 10
191.36333848589857
 20
1265.6078768243024
 30
0.0
 11
221.36333848589857
 21
1235.6078768243024
 31
0.0
  0
LINE
  5
46
330
17
100
AcDbEntity
  8
0
 62
7
100
AcDbLine
 10
1358.3633384860004
 20
1235.6078768243024
 30
0.0
 11
1388.3633384858986
 21
1265.6078768243024
 31
0.0
  0
LINE
  5
47
330
17
100
AcDbEntity
  8
0
 62
7
100
AcDbLine
 10
1358.3633384860004
 20
2033.2078768243227
 30
0.0
 11
1388.3633384858986
 21
2003.2078768243227
 31
0.0
  0
DIMENSION
  5
48
330
17
100
AcDbEntity
  8
DIM
 62
7
100
AcDbDimension
280
0
  2
*D8
  3
Dim-25
 10
1400.3633384860004
 20
1185.8358045761415
 30
0.0
 11
789.8633384860004
 21
1208.3869641941565
 31
0.0
 70
32
 71
5
 42
1221.0
 73
0
 74
0
 75
0
100
AcDbAlignedDimension
 13
179.36333848589857
 23
1265.6078768243024
 33
0.0
 14
1400.3633384860004
 24
1265.6078768243024
 34
0.0
 50
0.0
100
AcDbRotatedDimension
  0
INSERT
  5
49
330
17
100
AcDbEntity
  8
0
370
-3
100
AcDbBlockReference
  2
f3daunguoc
 10
221.36333848589857
 20
2018.2078768243227
 30
0.0
 41
-1.0
 50
180.0
  0
INSERT
  5
4B
330
17
100
AcDbEntity
  8
0
370
-3
100
AcDbBlockReference
  2
f3daunguoc
 10
191.36333848589857
 20
1988.2078768243227
 30
0.0
 41
-1.0
 50
180.0
  0
INSERT
  5
4D
330
17
100
AcDbEntity
  8
0
370
-3
100
AcDbBlockReference
  2
f3daunguoc
 10
491.36333848589857
 20
2018.2078768243227
 30
0.0
 41
-1.0
 50
180.0
  0
INSERT
  5
4F
330
17
100
AcDbEntity
  8
0
370
-3
100
AcDbBlockReference
  2
f3daunguoc
 10
1088.3633384860004
 20
2018.2078768243227
 30
0.0
 41
-1.0
 50
180.0
  0
INSERT
  5
51
330
17
100
AcDbEntity
  8
0
370
-3
100
AcDbBlockReference
  2
f3daunguoc
 10
1358.3633384860004
 20
2018.2078768243227
 30
0.0
 41
-1.0
 50
180.0
  0
INSERT
  5
53
330
17
100
AcDbEntity
  8
0
370
-3
100
AcDbBlockReference
  2
f3daunguoc
 10
1388.3633384858986
 20
1988.2078768243227
 30
0.0
 41
-1.0
 50
180.0
  0
INSERT
  5
55
330
17
100
AcDbEntity
  8
0
370
-3
100
AcDbBlockReference
  2
f3daunguoc
 10
221.36333848589857
 20
1250.6078768243024
 30
0.0
  0
INSERT
  5
57
330
17
100
AcDbEntity
  8
0
370
-3
100
AcDbBlockReference
  2
f3daunguoc
 10
191.36333848589857
 20
1280.6078768243024
 30
0.0
  0
INSERT
  5
59
330
17
100
AcDbEntity
  8
0
370
-3
100
AcDbBlockReference
  2
f3daunguoc
 10
491.36333848589857
 20
1250.6078768243024
 30
0.0
  0
INSERT
  5
5B
330
17
100
AcDbEntity
  8
0
370
-3
100
AcDbBlockReference
  2
f3daunguoc
 10
1088.3633384860004
 20
1250.6078768243024
 30
0.0
  0
INSERT
  5
5D
330
17
100
AcDbEntity
  8
0
370
-3
100
AcDbBlockReference
  2
f3daunguoc
 10
1358.3633384860004
 20
1250.6078768243024
 30
0.0
  0
INSERT
  5
5F
330
17
100
AcDbEntity
  8
0
370
-3
100
AcDbBlockReference
  2
f3daunguoc
 10
1388.3633384858986
 20
1280.6078768243024
 30
0.0
  0
MTEXT
  5
61
330
17
100
AcDbEntity
  8
0
 62
2
100
AcDbMText
 10
1959.9750452055014
 20
1120.363769420117
 30
0.0
 40
25.0
 41
775.0000000000146
 46
100.0000000000031
 71
5
 72
5
  1
{\fTahoma|b0|i0|c0|p34;Cánh ngoài : 1 tấm}
  0
LWPOLYLINE
  5
62
330
17
100
AcDbEntity
  8
0
 62
7
100
AcDbPolyline
 90
4
 70
1
 10
2235.632119580201
 20
2033.2078768243227
 10
1638.632119580201
 20
2033.2078768243227
 10
1638.632119580201
 20
1236.6078768243024
 10
2235.632119580201
 20
1236.6078768243024
  0
LWPOLYLINE
  5
63
330
17
100
AcDbEntity
  8
0
 62
7
100
AcDbPolyline
 90
2
 70
0
 10
1603.6321195800992
 20
1912.9078768243198
 10
1603.632119580201
 20
1355.9078768242907
  0
LWPOLYLINE
  5
64
330
17
100
AcDbEntity
  8
0
 62
7
100
AcDbPolyline
 90
25
 70
0
 10
1603.632119580201
 20
1355.9078768242907
 10
1618.632119580201
 20
1355.9078768242907
 10
1618.632119580201
 20
1312.9078768242907
 10
1603.632119580201
 20
1312.9078768242907
 10
1603.632119580201
 20
1248.6078768242733
 10
1615.632119580201
 20
1236.6078768243024
 10
1638.632119580201
 20
1236.6078768243024
 10
1638.632119580201
 20
1213.6078768243024
 10
1650.632119580201
 20
1201.6078768243024
 10
2223.632119580201
 20
1201.6078768243024
 10
2235.632119580201
 20
1213.6078768243024
 10
2235.632119580201
 20
1236.6078768243024
 10
2258.632119580201
 20
1236.6078768243024
 10
2270.632119580201
 20
1248.6078768243024
 10
2270.632119580201
 20
2021.2078768243082
 10
2258.632119580201
 20
2033.2078768243227
 10
2235.632119580201
 20
2033.2078768243227
 10
2235.632119580201
 20
2056.2078768243227
 10
2223.632119580201
 20
2068.2078768242936
 10
1650.632119580201
 20
2068.207876824308
 10
1638.632119580201
 20
2056.2078768243227
 10
1638.632119580201
 20
2033.2078768243227
 10
1615.632119580201
 20
2033.2078768243227
 10
1603.6321195800992
 20
2021.2078768243082
 10
1603.6321195800992
 20
1955.9078768243344
  0
LWPOLYLINE
  5
65
330
17
100
AcDbEntity
  8
0
 62
7
100
AcDbPolyline
 90
2
 70
0
 10
1615.632119580201
 20
2033.2078768243227
 10
1615.632119580201
 20
1955.9078768243344
  0
LWPOLYLINE
  5
66
330
17
100
AcDbEntity
  8
0
 62
7
100
AcDbPolyline
 90
2
 70
0
 10
1615.632119580201
 20
1912.9078768243198
 10
1615.632119580201
 20
1355.9078768242907
  0
LWPOLYLINE
  5
67
330
17
100
AcDbEntity
  8
0
 62
7
100
AcDbPolyline
 90
2
 70
0
 10
1615.632119580201
 20
1312.9078768242907
 10
1615.632119580201
 20
1236.6078768243024
  0
LWPOLYLINE
  5
68
330
17
100
AcDbEntity
  8
0
 62
7
100
AcDbPolyline
 90
2
 70
0
 10
1638.632119580201
 20
1213.6078768243024
 10
2235.632119580201
 20
1213.6078768243024
  0
LWPOLYLINE
  5
69
330
17
100
AcDbEntity
  8
0
 62
7
100
AcDbPolyline
 90
2
 70
0
 10
2258.632119580201
 20
1236.6078768243024
 10
2258.632119580201
 20
2033.2078768243227
  0
LWPOLYLINE
  5
6A
330
17
100
AcDbEntity
  8
0
 62
7
100
AcDbPolyline
 90
2
 70
0
 10
2235.632119580201
 20
2056.2078768243227
 10
1638.632119580201
 20
2056.2078768243227
  0
LWPOLYLINE
  5
6B
330
17
100
AcDbEntity
  8
0
 62
2
100
AcDbPolyline
 90
4
 70
0
 10
1603.632119580201
 20
1912.9078768243198
 10
1618.632119580201
 20
1912.9078768243198
 10
1618.632119580201
 20
1955.9078768243344
 10
1603.632119580201
 20
1955.9078768243344
  0
CIRCLE
  5
6C
330
17
100
AcDbEntity
  8
0
 62
2
100
AcDbCircle
 10
1659.232119580207
 20
1940.4078768243344
 30
0.0
 40
5.0
  0
CIRCLE
  5
6D
330
17
100
AcDbEntity
  8
0
 62
2
100
AcDbCircle
 10
1659.232119580207
 20
1928.4078768243198
 30
0.0
 40
5.0
  0
CIRCLE
  5
6E
330
17
100
AcDbEntity
  8
0
 62
2
100
AcDbCircle
 10
1659.232119580207
 20
1328.4078768242907
 30
0.0
 40
5.0
  0
CIRCLE
  5
6F
330
17
100
AcDbEntity
  8
0
 62
2
100
AcDbCircle
 10
1659.232119580207
 20
1340.4078768242907
 30
0.0
 40
5.0
  0
INSERT
  5
70
330
17
100
AcDbEntity
  8
0
370
-3
100
AcDbBlockReference
  2
f3daunguoc
 10
2220.632119580201
 20
2033.2078768243227
 30
0.0
 50
180.0
  0
INSERT
  5
72
330
17
100
AcDbEntity
  8
0
370
-3
100
AcDbBlockReference
  2
f3daunguoc
 10
2235.632119580201
 20
2018.2078768243227
 30
0.0
 50
180.0
  0
INSERT
  5
74
330
17
100
AcDbEntity
  8
0
370
-3
100
AcDbBlockReference
  2
f3daunguoc
 10
2220.632119580201
 20
2056.2078768243227
 30
0.0
 50
180.0
  0
INSERT
  5
76
330
17
100
AcDbEntity
  8
0
370
-3
100
AcDbBlockReference
  2
f3daunguoc
 10
2258.632119580201
 20
2018.2078768243227
 30
0.0
 50
180.0
  0
INSERT
  5
78
330
17
100
AcDbEntity
  8
0
370
-3
100
AcDbBlockReference
  2
f3daunguoc
 10
2170.632119580201
 20
2033.2078768243227
 30
0.0
 50
180.0
  0
INSERT
  5
7A
330
17
100
AcDbEntity
  8
0
370
-3
100
AcDbBlockReference
  2
f3daunguoc
 10
2170.632119580201
 20
2056.2078768243227
 30
0.0
 50
180.0
  0
INSERT
  5
7C
330
17
100
AcDbEntity
  8
0
370
-3
100
AcDbBlockReference
  2
f3daunguoc
 10
1653.632119580201
 20
2033.2078768243227
 30
0.0
 41
-1.0
 50
180.0
  0
INSERT
  5
7E
330
17
100
AcDbEntity
  8
0
370
-3
100
AcDbBlockReference
  2
f3daunguoc
 10
1638.632119580201
 20
2018.2078768243227
 30
0.0
 41
-1.0
 50
180.0
  0
INSERT
  5
80
330
17
100
AcDbEntity
  8
0
370
-3
100
AcDbBlockReference
  2
f3daunguoc
 10
1653.632119580201
 20
2056.2078768243227
 30
0.0
 41
-1.0
 50
180.0
  0
INSERT
  5
82
330
17
100
AcDbEntity
  8
0
370
-3
100
AcDbBlockReference
  2
f3daunguoc
 10
1615.632119580201
 20
2018.2078768243227
 30
0.0
 41
-1.0
 50
180.0
  0
INSERT
  5
84
330
17
100
AcDbEntity
  8
0
370
-3
100
AcDbBlockReference
  2
f3daunguoc
 10
1703.632119580201
 20
2033.2078768243227
 30
0.0
 41
-1.0
 50
180.0
  0
INSERT
  5
86
330
17
100
AcDbEntity
  8
0
370
-3
100
AcDbBlockReference
  2
f3daunguoc
 10
1703.632119580201
 20
2056.2078768243227
 30
0.0
 41
-1.0
 50
180.0
  0
INSERT
  5
88
330
17
100
AcDbEntity
  8
0
370
-3
100
AcDbBlockReference
  2
f3daunguoc
 10
2220.632119580201
 20
1236.6078768243024
 30
0.0
 41
-1.0
  0
INSERT
  5
8A
330
17
100
AcDbEntity
  8
0
370
-3
100
AcDbBlockReference
  2
f3daunguoc
 10
2235.632119580201
 20
1251.6078768243024
 30
0.0
 41
-1.0
  0
INSERT
  5
8C
330
17
100
AcDbEntity
  8
0
370
-3
100
AcDbBlockReference
  2
f3daunguoc
 10
2220.632119580201
 20
1213.6078768243024
 30
0.0
 41
-1.0
  0
INSERT
  5
8E
330
17
100
AcDbEntity
  8
0
370
-3
100
AcDbBlockReference
  2
f3daunguoc
 10
2258.632119580201
 20
1251.6078768243024
 30
0.0
 41
-1.0
  0
INSERT
  5
90
330
17
100
AcDbEntity
  8
0
370
-3
100
AcDbBlockReference
  2
f3daunguoc
 10
2170.632119580201
 20
1236.6078768243024
 30
0.0
 41
-1.0
  0
INSERT
  5
92
330
17
100
AcDbEntity
  8
0
370
-3
100
AcDbBlockReference
  2
f3daunguoc
 10
2170.632119580201
 20
1213.6078768243024
 30
0.0
 41
-1.0
  0
INSERT
  5
94
330
17
100
AcDbEntity
  8
0
370
-3
100
AcDbBlockReference
  2
f3daunguoc
 10
1653.632119580201
 20
1236.6078768243024
 30
0.0
  0
INSERT
  5
96
330
17
100
AcDbEntity
  8
0
370
-3
100
AcDbBlockReference
  2
f3daunguoc
 10
1638.632119580201
 20
1251.6078768243024
 30
0.0
  0
INSERT
  5
98
330
17
100
AcDbEntity
  8
0
370
-3
100
AcDbBlockReference
  2
f3daunguoc
 10
1653.632119580201
 20
1213.6078768243024
 30
0.0
  0
INSERT
  5
9A
330
17
100
AcDbEntity
  8
0
370
-3
100
AcDbBlockReference
  2
f3daunguoc
 10
1615.632119580201
 20
1251.6078768243024
 30
0.0
  0
INSERT
  5
9C
330
17
100
AcDbEntity
  8
0
370
-3
100
AcDbBlockReference
  2
f3daunguoc
 10
1703.632119580201
 20
1236.6078768243024
 30
0.0
  0
INSERT
  5
9E
330
17
100
AcDbEntity
  8
0
370
-3
100
AcDbBlockReference
  2
f3daunguoc
 10
1703.632119580201
 20
1213.6078768243024
 30
0.0
  0
DIMENSION
  5
A0
330
17
100
AcDbEntity
  8
DIM
 62
7
 48
3.0
100
AcDbDimension
280
0
  2
*D9
  3
Dim-25
 10
1603.6321195800992
 20
2088.40855773323
 30
0.0
 11
1561.0308235365083
 21
2110.9597173512448
 31
0.0
 70
32
 71
5
 42
12.0000000000291
 73
0
 74
0
 75
0
100
AcDbAlignedDimension
 13
1615.632119580201
 23
2033.2078768243227
 33
0.0
 14
1603.6321195800992
 24
2021.2078768243082
 34
0.0
 50
180.0
100
AcDbRotatedDimension
  0
DIMENSION
  5
A1
330
17
100
AcDbEntity
  8
DIM
 62
7
 48
3.0
100
AcDbDimension
280
0
  2
*D10
  3
Dim-25
 10
1615.632119580201
 20
2139.7099814278336
 30
0.0
 11
1579.5130882023077
 21
2162.48283272385
 31
0.0
 70
32
 71
5
 42
23.0
 73
0
 74
0
 75
0
100
AcDbAlignedDimension
 13
1638.632119580201
 23
2056.2078768243227
 33
0.0
 14
1615.632119580201
 24
2033.2078768243227
 34
0.0
 50
180.0
100
AcDbRotatedDimension
  0
DIMENSION
  5
A2
330
17
100
AcDbEntity
  8
DIM
 62
7
 48
3.0
100
AcDbDimension
280
0
  2
*D11
  3
Dim-25
 10
2235.632119580201
 20
2139.7099814278336
 30
0.0
 11
1937.132119580201
 21
2162.4743061208574
 31
0.0
 70
32
 71
5
 42
597.0
 73
0
 74
0
 75
0
100
AcDbAlignedDimension
 13
1638.632119580201
 23
2056.2078768243227
 33
0.0
 14
2235.632119580201
 24
2056.2078768243227
 34
0.0
 50
180.0
100
AcDbRotatedDimension
  0
DIMENSION
  5
A3
330
17
100
AcDbEntity
  8
DIM
 62
7
 48
3.0
100
AcDbDimension
280
0
  2
*D12
  3
Dim-25
 10
2395.1632375894987
 20
1201.6078768242733
 30
0.0
 11
2372.398912896402
 21
1634.9078768242325
 31
0.0
 70
32
 71
5
 42
866.5999999999913
 73
0
 74
0
 75
0
100
AcDbAlignedDimension
 13
2223.632119580201
 23
2068.2078768242936
 33
0.0
 14
2223.632119580201
 24
1201.6078768243024
 34
0.0
 50
90.0
100
AcDbRotatedDimension
  0
DIMENSION
  5
A4
330
17
100
AcDbEntity
  8
DIM
 62
7
 48
3.0
100
AcDbDimension
280
0
  2
*D13
  3
Dim-25
 10
2332.146332882403
 20
2033.207876824279
 30
0.0
 11
2309.3820081893064
 21
1634.9078768242616
 31
0.0
 70
32
 71
5
 42
796.6000000000058
 73
0
 74
0
 75
0
100
AcDbAlignedDimension
 13
2258.632119580201
 23
1236.6078768243024
 33
0.0
 14
2258.632119580201
 24
2033.2078768243227
 34
0.0
 50
90.0
100
AcDbRotatedDimension
  0
LWPOLYLINE
  5
A5
330
17
100
AcDbEntity
  8
0
 62
2
100
AcDbPolyline
 90
4
 70
1
 10
1376.9633384860063
 20
1951.4078768242907
 10
1363.9633384860063
 20
1951.4078768242907
 10
1363.9633384860063
 20
1942.4078768242907
 10
1376.9633384860063
 20
1942.4078768242907
  0
LWPOLYLINE
  5
A6
330
17
100
AcDbEntity
  8
0
 62
2
100
AcDbPolyline
 90
4
 70
1
 10
1376.9633384860063
 20
1926.4078768243344
 10
1363.9633384860063
 20
1926.4078768243344
 10
1363.9633384860063
 20
1917.4078768243344
 10
1376.9633384860063
 20
1917.4078768243344
  0
LWPOLYLINE
  5
A7
330
17
100
AcDbEntity
  8
0
 62
2
100
AcDbPolyline
 90
4
 70
1
 10
1376.9633384860063
 20
1317.4078768242907
 10
1363.9633384860063
 20
1317.4078768242907
 10
1363.9633384860063
 20
1326.4078768242907
 10
1376.9633384860063
 20
1326.4078768242907
  0
LWPOLYLINE
  5
A8
330
17
100
AcDbEntity
  8
0
 62
2
100
AcDbPolyline
 90
4
 70
1
 10
1376.9633384860063
 20
1342.4078768242907
 10
1363.9633384860063
 20
1342.4078768242907
 10
1363.9633384860063
 20
1351.4078768242907
 10
1376.9633384860063
 20
1351.4078768242907
  0
CIRCLE
  5
A9
330
17
100
AcDbEntity
  8
0
 62
2
 48
3.0
100
AcDbCircle
 10
1187.1633384859015
 20
1834.4078768243053
 30
0.0
 40
60.0
  0
LWPOLYLINE
  5
AA
330
17
100
AcDbEntity
  8
0
 62
2
100
AcDbPolyline
 90
6
 70
1
 10
1131.6633384859015
 20
1439.6078768243024
 10
1195.6633384859015
 20
1439.6078768243024
 42
-0.4142135623730951
 10
1203.6633384860033
 20
1431.6078768243024
 10
1203.6633384860033
 20
1428.6078768243024
 10
1123.6633384859015
 20
1428.6078768243024
 10
1123.6633384859015
 20
1431.6078768243024
 42
-0.4142135623730951
  0
LWPOLYLINE
  5
AB
330
17
100
AcDbEntity
  8
0
 62
2
100
AcDbPolyline
 90
6
 70
1
 10
1131.6633384859015
 20
1408.6078768243024
 10
1195.6633384859015
 20
1408.6078768243024
 42
-0.4142135623730951
 10
1203.6633384860033
 20
1400.6078768243024
 10
1203.6633384860033
 20
1397.6078768243024
 10
1123.6633384859015
 20
1397.6078768243024
 10
1123.6633384859015
 20
1400.6078768243024
 42
-0.4142135623730951
  0
LWPOLYLINE
  5
AC
330
17
100
AcDbEntity
  8
0
 62
2
100
AcDbPolyline
 90
6
 70
1
 10
1131.6633384859015
 20
1377.6078768243024
 10
1195.6633384859015
 20
1377.6078768243024
 42
-0.4142135623730951
 10
1203.6633384860033
 20
1369.6078768243024
 10
1203.6633384860033
 20
1366.6078768243024
 10
1123.6633384859015
 20
1366.6078768243024
 10
1123.6633384859015
 20
1369.6078768243024
 42
-0.4142135623730951
  0
LWPOLYLINE
  5
AD
330
17
100
AcDbEntity
  8
0
 62
2
100
AcDbPolyline
 90
6
 70
1
 10
1131.6633384859015
 20
1346.6078768243024
 10
1195.6633384859015
 20
1346.6078768243024
 42
-0.4142135623730951
 10
1203.6633384860033
 20
1338.6078768243024
 10
1203.6633384860033
 20
1335.6078768243024
 10
1123.6633384859015
 20
1335.6078768243024
 10
1123.6633384859015
 20
1338.6078768243024
 42
-0.4142135623730951
  0
LWPOLYLINE
  5
AE
330
17
100
AcDbEntity
  8
0
 62
2
100
AcDbPolyline
 90
6
 70
1
 10
1315.6633384860033
 20
1439.6078768243024
 10
1251.6633384860033
 20
1439.6078768243024
 42
0.4142135623730951
 10
1243.6633384860033
 20
1431.6078768243024
 10
1243.6633384860033
 20
1428.6078768243024
 10
1323.6633384860033
 20
1428.6078768243024
 10
1323.6633384860033
 20
1431.6078768243024
 42
0.4142135623730951
  0
LWPOLYLINE
  5
AF
330
17
100
AcDbEntity
  8
0
 62
2
100
AcDbPolyline
 90
6
 70
1
 10
1315.6633384860033
 20
1408.6078768243024
 10
1251.6633384860033
 20
1408.6078768243024
 42
0.4142135623730951
 10
1243.6633384860033
 20
1400.6078768243024
 10
1243.6633384860033
 20
1397.6078768243024
 10
1323.6633384860033
 20
1397.6078768243024
 10
1323.6633384860033
 20
1400.6078768243024
 42
0.4142135623730951
  0
LWPOLYLINE
  5
B0
330
17
100
AcDbEntity
  8
0
 62
2
100
AcDbPolyline
 90
6
 70
1
 10
1315.6633384860033
 20
1377.6078768243024
 10
1251.6633384860033
 20
1377.6078768243024
 42
0.4142135623730951
 10
1243.6633384860033
 20
1369.6078768243024
 10
1243.6633384860033
 20
1366.6078768243024
 10
1323.6633384860033
 20
1366.6078768243024
 10
1323.6633384860033
 20
1369.6078768243024
 42
0.4142135623730951
  0
LWPOLYLINE
  5
B1
330
17
100
AcDbEntity
  8
0
 62
2
100
AcDbPolyline
 90
6
 70
1
 10
1315.6633384860033
 20
1346.6078768243024
 10
1251.6633384860033
 20
1346.6078768243024
 42
0.4142135623730951
 10
1243.6633384860033
 20
1338.6078768243024
 10
1243.6633384860033
 20
1335.6078768243024
 10
1323.6633384860033
 20
1335.6078768243024
 10
1323.6633384860033
 20
1338.6078768243024
 42
0.4142135623730951
  0
CIRCLE
  5
B2
330
17
100
AcDbEntity
  8
0
 62
2
 48
3.0
100
AcDbCircle
 10
392.5633384859975
 20
1834.4078768243053
 30
0.0
 40
60.0
  0
LWPOLYLINE
  5
B3
330
17
100
AcDbEntity
  8
0
 62
2
100
AcDbPolyline
 90
6
 70
1
 10
448.0633384859975
 20
1439.6078768243024
 10
384.0633384859102
 20
1439.6078768243024
 42
0.4142135623730951
 10
376.0633384859975
 20
1431.6078768243024
 10
376.0633384859975
 20
1428.6078768243024
 10
456.0633384859975
 20
1428.6078768243024
 10
456.0633384859975
 20
1431.6078768243024
 42
0.4142135623730951
  0
LWPOLYLINE
  5
B4
330
17
100
AcDbEntity
  8
0
 62
2
100
AcDbPolyline
 90
6
 70
1
 10
448.0633384859975
 20
1408.6078768243024
 10
384.0633384859102
 20
1408.6078768243024
 42
0.4142135623730951
 10
376.0633384859975
 20
1400.6078768243024
 10
376.0633384859975
 20
1397.6078768243024
 10
456.0633384859975
 20
1397.6078768243024
 10
456.0633384859975
 20
1400.6078768243024
 42
0.4142135623730951
  0
LWPOLYLINE
  5
B5
330
17
100
AcDbEntity
  8
0
 62
2
100
AcDbPolyline
 90
6
 70
1
 10
448.0633384859975
 20
1377.6078768243024
 10
384.0633384859102
 20
1377.6078768243024
 42
0.4142135623730951
 10
376.0633384859975
 20
1369.6078768243024
 10
376.0633384859975
 20
1366.6078768243024
 10
456.0633384859975
 20
1366.6078768243024
 10
456.0633384859975
 20
1369.6078768243024
 42
0.4142135623730951
  0
LWPOLYLINE
  5
B6
330
17
100
AcDbEntity
  8
0
 62
2
100
AcDbPolyline
 90
6
 70
1
 10
448.0633384859975
 20
1346.6078768243024
 10
384.0633384859102
 20
1346.6078768243024
 42
0.4142135623730951
 10
376.0633384859975
 20
1338.6078768243024
 10
376.0633384859975
 20
1335.6078768243024
 10
456.0633384859975
 20
1335.6078768243024
 10
456.0633384859975
 20
1338.6078768243024
 42
0.4142135623730951
  0
LWPOLYLINE
  5
B7
330
17
100
AcDbEntity
  8
0
 62
2
100
AcDbPolyline
 90
6
 70
1
 10
264.0633384859102
 20
1439.6078768243024
 10
328.0633384859102
 20
1439.6078768243024
 42
-0.4142135623730951
 10
336.0633384859102
 20
1431.6078768243024
 10
336.0633384859102
 20
1428.6078768243024
 10
256.0633384859102
 20
1428.6078768243024
 10
256.0633384859102
 20
1431.6078768243024
 42
-0.4142135623730951
  0
LWPOLYLINE
  5
B8
330
17
100
AcDbEntity
  8
0
 62
2
100
AcDbPolyline
 90
6
 70
1
 10
264.0633384859102
 20
1408.6078768243024
 10
328.0633384859102
 20
1408.6078768243024
 42
-0.4142135623730951
 10
336.0633384859102
 20
1400.6078768243024
 10
336.0633384859102
 20
1397.6078768243024
 10
256.0633384859102
 20
1397.6078768243024
 10
256.0633384859102
 20
1400.6078768243024
 42
-0.4142135623730951
  0
LWPOLYLINE
  5
B9
330
17
100
AcDbEntity
  8
0
 62
2
100
AcDbPolyline
 90
6
 70
1
 10
264.0633384859102
 20
1377.6078768243024
 10
328.0633384859102
 20
1377.6078768243024
 42
-0.4142135623730951
 10
336.0633384859102
 20
1369.6078768243024
 10
336.0633384859102
 20
1366.6078768243024
 10
256.0633384859102
 20
1366.6078768243024
 10
256.0633384859102
 20
1369.6078768243024
 42
-0.4142135623730951
  0
LWPOLYLINE
  5
BA
330
17
100
AcDbEntity
  8
0
 62
2
100
AcDbPolyline
 90
6
 70
1
 10
264.0633384859102
 20
1346.6078768243024
 10
328.0633384859102
 20
1346.6078768243024
 42
-0.4142135623730951
 10
336.0633384859102
 20
1338.6078768243024
 10
336.0633384859102
 20
1335.6078768243024
 10
256.0633384859102
 20
1335.6078768243024
 10
256.0633384859102
 20
1338.6078768243024
 42
-0.4142135623730951
  0
CIRCLE
  5
BB
330
17
100
AcDbEntity
  8
0
 62
2
 48
3.0
100
AcDbCircle
 10
542.2633384859073
 20
1980.807876824314
 30
0.0
 40
2.0
  0
CIRCLE
  5
BC
330
17
100
AcDbEntity
  8
0
 62
2
 48
3.0
100
AcDbCircle
 10
1037.4633384860063
 20
1980.807876824314
 30
0.0
 40
2.0
  0
CIRCLE
  5
BD
330
17
100
AcDbEntity
  8
0
 62
2
 48
3.0
100
AcDbCircle
 10
542.2633384859073
 20
1285.6078768243024
 30
0.0
 40
2.0
  0
CIRCLE
  5
BE
330
17
100
AcDbEntity
  8
0
 62
2
 48
3.0
100
AcDbCircle
 10
1037.4633384860063
 20
1285.6078768243024
 30
0.0
 40
2.0
  0
DIMENSION
  5
BF
330
17
100
AcDbEntity
  8
0
 48
3.0
100
AcDbDimension
280
0
  2
*D14
  3
CNC
 10
96.23950408110977
 20
1235.6078768242733
 30
0.0
 11
60.710854695003945
 21
1634.4078768242616
 31
0.0
 70
32
 71
5
 42
797.6000000000058
 73
0
 74
0
 75
0
100
AcDbAlignedDimension
 13
221.36333848589857
 23
2033.2078768243227
 33
0.0
 14
221.36333848589857
 24
1235.6078768243024
 34
0.0
 50
90.0
100
AcDbRotatedDimension
  0
LWPOLYLINE
  5
C6
330
17
100
AcDbEntity
  8
0
 62
7
100
AcDbPolyline
 90
4
 70
0
 10
741.6784332036041
 20
685.5868263503944
 10
741.6784332036041
 20
673.5868263503944
 10
202.07843320370011
 20
673.5868263503944
 10
202.07843320370011
 20
685.5868263503944
  0
LWPOLYLINE
  5
C7
330
17
100
AcDbEntity
  8
0
 62
7
100
AcDbPolyline
 90
2
 70
0
 10
172.07843320359825
 20
715.5868263503944
 10
172.07843320359825
 20
983.5868263503944
  0
LWPOLYLINE
  5
C8
330
17
100
AcDbEntity
  8
0
 62
7
100
AcDbPolyline
 90
2
 70
0
 10
176.07843320359825
 20
993.5868263503944
 10
767.6784332037059
 20
993.5868263503944
  0
LWPOLYLINE
  5
C9
330
17
100
AcDbEntity
  8
0
 62
7
100
AcDbPolyline
 90
2
 70
0
 10
771.6784332036041
 20
983.5868263503944
 10
771.6784332036041
 20
715.5868263503944
  0
LINE
  5
CA
330
17
100
AcDbEntity
  8
0
 62
7
100
AcDbLine
 10
741.6784332036041
 20
685.5868263503944
 30
0.0
 11
202.07843320370011
 21
685.5868263503944
 31
0.0
  0
LINE
  5
CB
330
17
100
AcDbEntity
  8
0
 62
7
100
AcDbLine
 10
771.6784332036041
 20
715.5868263503944
 30
0.0
 11
172.07843320359825
 21
715.5868263503944
 31
0.0
  0
LINE
  5
CC
330
17
100
AcDbEntity
  8
0
 62
7
100
AcDbLine
 10
771.6784332036041
 20
983.5868263503944
 30
0.0
 11
172.07843320359825
 21
983.5868263503944
 31
0.0
  0
DIMENSION
  5
CD
330
17
100
AcDbEntity
  8
DIM
 62
7
100
AcDbDimension
280
0
  2
*D15
  3
Dim-25
 10
172.07843320359825
 20
594.9392086106236
 30
0.0
 11
471.87843320360116
 21
594.9392086106236
 31
0.0
 70
160
 71
5
 42
599.6000000000058
 73
0
 74
0
 75
0
100
AcDbAlignedDimension
 13
771.6784332036041
 23
715.5868263503944
 33
0.0
 14
172.07843320359825
 24
715.5868263503944
 34
0.0
 50
0.0
100
AcDbRotatedDimension
  0
DIMENSION
  5
CE
330
17
100
AcDbEntity
  8
DIM
 62
7
100
AcDbDimension
280
0
  2
*D16
  3
Dim-25
 10
836.6886315302982
 20
715.5868263503653
 30
0.0
 11
836.6886315302108
 21
847.5868263503944
 31
0.0
 70
160
 71
5
 42
268.0
 73
0
 74
0
 75
0
100
AcDbAlignedDimension
 13
771.6784332036041
 23
983.5868263503944
 33
0.0
 14
771.6784332036041
 24
715.5868263503944
 34
0.0
 50
-90.00000000000001
100
AcDbRotatedDimension
  0
DIMENSION
  5
CF
330
17
100
AcDbEntity
  8
DIM
 62
7
100
AcDbDimension
280
0
  2
*D17
  3
Dim-25
 10
836.6886315302982
 20
685.5868263503653
 30
0.0
 11
836.6886315302108
 21
700.5868263503507
 31
0.0
 70
160
 71
5
 42
30.0
 73
0
 74
0
 75
0
100
AcDbAlignedDimension
 13
771.6784332036041
 23
715.5868263503944
 33
0.0
 14
741.6784332036041
 24
685.5868263503944
 34
0.0
 50
-90.00000000000001
100
AcDbRotatedDimension
  0
DIMENSION
  5
D0
330
17
100
AcDbEntity
  8
DIM
 62
7
100
AcDbDimension
280
0
  2
*D18
  3
Dim-25
 10
836.6886315302982
 20
673.5868263503799
 30
0.0
 11
814.1374719122978
 21
630.9855303067015
 31
0.0
 70
32
 71
5
 42
12.0
 73
0
 74
0
 75
0
100
AcDbAlignedDimension
 13
741.6784332036041
 23
685.5868263503944
 33
0.0
 14
741.6784332036041
 24
673.5868263503944
 34
0.0
 50
-90.00000000000001
100
AcDbRotatedDimension
  0
LINE
  5
D1
330
17
100
AcDbEntity
  8
0
 62
7
100
AcDbLine
 10
172.07843320359825
 20
715.5868263503944
 30
0.0
 11
202.07843320370011
 21
685.5868263503944
 31
0.0
  0
LINE
  5
D2
330
17
100
AcDbEntity
  8
0
 62
7
100
AcDbLine
 10
771.6784332036041
 20
715.5868263503944
 30
0.0
 11
741.6784332036041
 21
685.5868263503944
 31
0.0
  0
INSERT
  5
D3
330
17
100
AcDbEntity
  8
0
370
-3
100
AcDbBlockReference
  2
f3daunguoc
 10
756.6784332036041
 20
715.5868263503944
 30
0.0
 41
-1.0
 50
90.0
  0
INSERT
  5
D5
330
17
100
AcDbEntity
  8
0
370
-3
100
AcDbBlockReference
  2
f3daunguoc
 10
726.6784332036041
 20
685.5868263503944
 30
0.0
 41
-1.0
 50
90.0
  0
INSERT
  5
D7
330
17
100
AcDbEntity
  8
0
370
-3
100
AcDbBlockReference
  2
f3daunguoc
 10
187.07843320359825
 20
715.5868263503944
 30
0.0
 50
270.0
  0
INSERT
  5
D9
330
17
100
AcDbEntity
  8
0
370
-3
100
AcDbBlockReference
  2
f3daunguoc
 10
217.07843320359825
 20
685.5868263503944
 30
0.0
 50
270.0
  0
DIMENSION
  5
DB
330
17
100
AcDbEntity
  8
DIM
 62
7
 48
3.0
100
AcDbDimension
280
0
  2
*D19
  3
Dim-25
 10
110.44434006030497
 20
673.5868263503799
 30
0.0
 11
87.67148876430292
 21
833.5868263503507
 31
0.0
 70
32
 71
5
 42
320.0
 73
0
 74
0
 75
0
100
AcDbAlignedDimension
 13
176.07843320359825
 23
993.5868263503944
 33
0.0
 14
202.07843320370011
 24
673.5868263503944
 34
0.0
 50
90.0
100
AcDbRotatedDimension
  0
MTEXT
  5
DC
330
17
100
AcDbEntity
  8
0
 62
2
100
AcDbMText
 10
461.66507811790507
 20
520.8023226662481
 30
0.0
 40
25.0
 41
785.0000000000146
 46
100.0000000000031
 71
5
 72
5
  1
NÓC
  0
LWPOLYLINE
  5
DD
330
17
100
AcDbEntity
  8
0
 62
7
100
AcDbPolyline
 90
4
 70
0
 10
1584.188817545306
 20
689.5868263503944
 10
1584.188817545306
 20
677.5868263503944
 10
1044.5888175453001
 20
677.5868263503944
 10
1044.5888175453001
 20
689.5868263503944
  0
LWPOLYLINE
  5
DE
330
17
100
AcDbEntity
  8
0
 62
7
100
AcDbPolyline
 90
2
 70
0
 10
1014.5888175453001
 20
719.5868263503944
 10
1014.5888175453001
 20
987.5868263503944
  0
LWPOLYLINE
  5
DF
330
17
100
AcDbEntity
  8
0
 62
7
100
AcDbPolyline
 90
2
 70
0
 10
1018.5888175453001
 20
997.5868263503944
 10
1610.188817545306
 20
997.5868263503944
  0
LWPOLYLINE
  5
E0
330
17
100
AcDbEntity
  8
0
 62
7
100
AcDbPolyline
 90
2
 70
0
 10
1614.188817545306
 20
987.5868263503944
 10
1614.188817545306
 20
719.5868263503944
  0
LINE
  5
E1
330
17
100
AcDbEntity
  8
0
 62
7
100
AcDbLine
 10
1584.188817545306
 20
689.5868263503944
 30
0.0
 11
1044.5888175453001
 21
689.5868263503944
 31
0.0
  0
LINE
  5
E2
330
17
100
AcDbEntity
  8
0
 62
7
100
AcDbLine
 10
1614.188817545306
 20
719.5868263503944
 30
0.0
 11
1014.5888175453001
 21
719.5868263503944
 31
0.0
  0
LINE
  5
E3
330
17
100
AcDbEntity
  8
0
 62
7
100
AcDbLine
 10
1614.188817545306
 20
987.5868263503944
 30
0.0
 11
1014.5888175453001
 21
987.5868263503944
 31
0.0
  0
DIMENSION
  5
E4
330
17
100
AcDbEntity
  8
DIM
 62
7
100
AcDbDimension
280
0
  2
*D20
  3
Dim-25
 10
1014.5888175453001
 20
598.9392086106236
 30
0.0
 11
1314.388817545303
 21
598.9392086106236
 31
0.0
 70
160
 71
5
 42
599.6000000000058
 73
0
 74
0
 75
0
100
AcDbAlignedDimension
 13
1614.188817545306
 23
719.5868263503944
 33
0.0
 14
1014.5888175453001
 24
719.5868263503944
 34
0.0
 50
0.0
100
AcDbRotatedDimension
  0
DIMENSION
  5
E5
330
17
100
AcDbEntity
  8
DIM
 62
7
100
AcDbDimension
280
0
  2
*D21
  3
Dim-25
 10
1679.199015872
 20
719.5868263503799
 30
0.0
 11
1679.1990158718982
 21
855.5868263503944
 31
0.0
 70
160
 71
5
 42
268.0
 73
0
 74
0
 75
0
100
AcDbAlignedDimension
 13
1614.188817545306
 23
987.5868263503944
 33
0.0
 14
1614.188817545306
 24
719.5868263503944
 34
0.0
 50
-90.00000000000001
100
AcDbRotatedDimension
  0
DIMENSION
  5
E6
330
17
100
AcDbEntity
  8
DIM
 62
7
100
AcDbDimension
280
0
  2
*D22
  3
Dim-25
 10
1679.199015872
 20
689.5868263503799
 30
0.0
 11
1679.1990158718982
 21
704.5868263503507
 31
0.0
 70
160
 71
5
 42
30.0
 73
0
 74
0
 75
0
100
AcDbAlignedDimension
 13
1614.188817545306
 23
719.5868263503944
 33
0.0
 14
1584.188817545306
 24
689.5868263503944
 34
0.0
 50
-90.00000000000001
100
AcDbRotatedDimension
  0
DIMENSION
  5
E7
330
17
100
AcDbEntity
  8
DIM
 62
7
100
AcDbDimension
280
0
  2
*D23
  3
Dim-25
 10
1679.1990158721019
 20
677.5868263503653
 30
0.0
 11
1656.6478562539996
 21
634.9855303067015
 31
0.0
 70
32
 71
5
 42
12.0
 73
0
 74
0
 75
0
100
AcDbAlignedDimension
 13
1584.188817545306
 23
689.5868263503944
 33
0.0
 14
1584.188817545306
 24
677.5868263503944
 34
0.0
 50
-90.00000000000001
100
AcDbRotatedDimension
  0
LINE
  5
E8
330
17
100
AcDbEntity
  8
0
 62
7
100
AcDbLine
 10
1014.5888175453001
 20
719.5868263503944
 30
0.0
 11
1044.5888175453001
 21
689.5868263503944
 31
0.0
  0
LINE
  5
E9
330
17
100
AcDbEntity
  8
0
 62
7
100
AcDbLine
 10
1614.188817545306
 20
719.5868263503944
 30
0.0
 11
1584.188817545306
 21
689.5868263503944
 31
0.0
  0
INSERT
  5
EA
330
17
100
AcDbEntity
  8
0
370
-3
100
AcDbBlockReference
  2
f3daunguoc
 10
1599.188817545306
 20
719.5868263503944
 30
0.0
 41
-1.0
 50
90.0
  0
INSERT
  5
EC
330
17
100
AcDbEntity
  8
0
370
-3
100
AcDbBlockReference
  2
f3daunguoc
 10
1569.188817545306
 20
689.5868263503944
 30
0.0
 41
-1.0
 50
90.0
  0
INSERT
  5
EE
330
17
100
AcDbEntity
  8
0
370
-3
100
AcDbBlockReference
  2
f3daunguoc
 10
1029.5888175453001
 20
719.5868263503944
 30
0.0
 50
270.0
  0
INSERT
  5
F0
330
17
100
AcDbEntity
  8
0
370
-3
100
AcDbBlockReference
  2
f3daunguoc
 10
1059.5888175453001
 20
689.5868263503944
 30
0.0
 50
270.0
  0
LWPOLYLINE
  5
F2
330
17
100
AcDbEntity
  8
0
 62
2
100
AcDbPolyline
 90
4
 70
1
 10
1169.5888175453001
 20
927.586826350409
 10
1459.5888175453001
 20
927.586826350409
 10
1459.5888175453001
 20
827.5868263503944
 10
1169.5888175453001
 20
827.5868263503944
  0
LWPOLYLINE
  5
F3
330
17
100
AcDbEntity
  8
0
 62
2
100
AcDbPolyline
 90
4
 70
1
 10
1464.3388175453001
 20
873.0868263503944
 10
1473.3388175453001
 20
873.0868263503944
 10
1473.3388175453001
 20
882.086826350409
 10
1464.3388175453001
 20
882.086826350409
  0
LWPOLYLINE
  5
F4
330
17
100
AcDbEntity
  8
0
 62
2
100
AcDbPolyline
 90
4
 70
1
 10
1164.8388175453001
 20
873.0868263503944
 10
1155.8388175453001
 20
873.0868263503944
 10
1155.8388175453001
 20
882.086826350409
 10
1164.8388175453001
 20
882.086826350409
  0
DIMENSION
  5
F5
330
17
100
AcDbEntity
  8
DIM
 62
7
 48
3.0
100
AcDbDimension
280
0
  2
*D24
  3
Dim-25
 10
952.9547244021087
 20
677.5868263503653
 30
0.0
 11
930.1818731060048
 21
837.5868263503507
 31
0.0
 70
32
 71
5
 42
320.0
 73
0
 74
0
 75
0
100
AcDbAlignedDimension
 13
1018.5888175453001
 23
997.5868263503944
 33
0.0
 14
1044.5888175453001
 24
677.5868263503944
 34
0.0
 50
90.0
100
AcDbRotatedDimension
  0
MTEXT
  5
F6
330
17
100
AcDbEntity
  8
0
 62
2
100
AcDbMText
 10
1304.175462459607
 20
524.8023226662335
 30
0.0
 40
25.0
 41
785.0000000000146
 46
100.0000000000031
 71
5
 72
5
  1
ĐÁY
  0
LINE
  5
F7
330
17
100
AcDbEntity
  8
0
 48
3.0
100
AcDbLine
 10
176.07843320359825
 20
993.5868263503944
 30
0.0
 11
176.07843320359825
 21
983.5868263503944
 31
0.0
  0
LINE
  5
F8
330
17
100
AcDbEntity
  8
0
 48
3.0
100
AcDbLine
 10
767.6784332037059
 20
993.5868263503944
 30
0.0
 11
767.6784332036041
 21
983.5868263503944
 31
0.0
  0
LINE
  5
F9
330
17
100
AcDbEntity
  8
0
 48
3.0
100
AcDbLine
 10
1018.5888175453001
 20
997.5868263503944
 30
0.0
 11
1018.5888175453001
 21
987.5868263503944
 31
0.0
  0
LINE
  5
FA
330
17
100
AcDbEntity
  8
0
 48
3.0
100
AcDbLine
 10
1610.188817545306
 20
997.5868263503944
 30
0.0
 11
1610.188817545306
 21
987.5868263503944
 31
0.0
  0
INSERT
  5
FB
330
17
100
AcDbEntity
  8
0
370
-3
100
AcDbBlockReference
  2
f3daunguoc
 10
1599.1888175454078
 20
987.5868263503944
 30
0.0
 41
-1.0
 50
90.0
  0
INSERT
  5
FD
330
17
100
AcDbEntity
  8
0
370
-3
100
AcDbBlockReference
  2
f3daunguoc
 10
1029.588817545402
 20
987.5868263503944
 30
0.0
 50
270.0
  0
MTEXT
  5
FF
330
17
100
AcDbEntity
  8
0
 62
2
100
AcDbMText
 10
790.9422694278037
 20
1136.2442068043747
 30
0.0
 40
25.0
 41
785.0000000000146
 46
100.0000000000031
 71
5
 72
5
  1
Thành quây
  0
LWPOLYLINE
  5
100
330
17
100
AcDbEntity
  8
0
100
AcDbPolyline
 90
4
 70
1
 10
2639.6519751604064
 20
1997.007876824311
 10
3164.8519751605054
 20
1997.007876824311
 10
3164.8519751605054
 20
1271.807876824314
 10
2639.6519751604064
 20
1271.807876824314
  0
LWPOLYLINE
  5
101
330
17
100
AcDbEntity
  8
0
100
AcDbPolyline
 90
2
 70
0
 10
2619.6519751605083
 20
1271.807876824314
 10
2619.6519751605083
 20
1997.007876824311
  0
LWPOLYLINE
  5
102
330
17
100
AcDbEntity
  8
0
100
AcDbPolyline
 90
2
 70
0
 10
2639.6519751604064
 20
2017.007876824311
 10
3164.8519751605054
 20
2017.007876824311
  0
LWPOLYLINE
  5
103
330
17
100
AcDbEntity
  8
0
100
AcDbPolyline
 90
2
 70
0
 10
3184.8519751605054
 20
1997.007876824311
 10
3184.8519751605054
 20
1271.807876824314
  0
LWPOLYLINE
  5
104
330
17
100
AcDbEntity
  8
0
100
AcDbPolyline
 90
2
 70
0
 10
3164.8519751605054
 20
1251.807876824314
 10
2639.6519751604064
 20
1251.807876824314
  0
CIRCLE
  5
105
330
17
100
AcDbEntity
  8
0
 62
2
 48
3.0
100
AcDbCircle
 10
2654.6519751605083
 20
1982.007876824311
 30
0.0
 40
6.5
  0
CIRCLE
  5
106
330
17
100
AcDbEntity
  8
0
 62
2
 48
3.0
100
AcDbCircle
 10
3149.8519751605054
 20
1982.007876824311
 30
0.0
 40
6.5
  0
CIRCLE
  5
107
330
17
100
AcDbEntity
  8
0
 62
2
 48
3.0
100
AcDbCircle
 10
2654.6519751605083
 20
1286.807876824285
 30
0.0
 40
6.5
  0
CIRCLE
  5
108
330
17
100
AcDbEntity
  8
0
 62
2
 48
3.0
100
AcDbCircle
 10
3149.8519751605054
 20
1286.807876824285
 30
0.0
 40
6.5
  0
LWPOLYLINE
  5
109
330
17
100
AcDbEntity
  8
0
 48
3.0
100
AcDbPolyline
 90
3
 70
0
 10
2639.6519751604064
 20
2017.007876824311
 10
2639.6519751604064
 20
1997.007876824311
 10
2619.6519751605083
 20
1997.007876824311
  0
LWPOLYLINE
  5
10A
330
17
100
AcDbEntity
  8
0
 48
3.0
100
AcDbPolyline
 90
3
 70
0
 10
3164.8519751605054
 20
2017.007876824311
 10
3164.8519751605054
 20
1997.007876824311
 10
3184.8519751605054
 20
1997.007876824311
  0
INSERT
  5
10B
330
17
100
AcDbEntity
  8
0
370
-3
100
AcDbBlockReference
  2
f3daunguoc
 10
2654.6519751605083
 20
1997.007876824311
 30
0.0
 41
-1.0
 50
180.0
  0
INSERT
  5
10D
330
17
100
AcDbEntity
  8
0
370
-3
100
AcDbBlockReference
  2
f3daunguoc
 10
2639.6519751604064
 20
1982.007876824311
 30
0.0
 41
-1.0
 50
180.0
  0
INSERT
  5
10F
330
17
100
AcDbEntity
  8
0
370
-3
100
AcDbBlockReference
  2
f3daunguoc
 10
2704.6519751605083
 20
1997.007876824311
 30
0.0
 41
-1.0
 50
180.0
  0
INSERT
  5
111
330
17
100
AcDbEntity
  8
0
370
-3
100
AcDbBlockReference
  2
f3daunguoc
 10
3149.8519751605054
 20
1997.007876824311
 30
0.0
 50
180.0
  0
INSERT
  5
113
330
17
100
AcDbEntity
  8
0
370
-3
100
AcDbBlockReference
  2
f3daunguoc
 10
3164.8519751605054
 20
1982.007876824311
 30
0.0
 50
180.0
  0
INSERT
  5
115
330
17
100
AcDbEntity
  8
0
370
-3
100
AcDbBlockReference
  2
f3daunguoc
 10
3099.8519751605054
 20
1997.007876824311
 30
0.0
 50
180.0
  0
LWPOLYLINE
  5
117
330
17
100
AcDbEntity
  8
0
 48
3.0
100
AcDbPolyline
 90
3
 70
0
 10
2639.6519751604064
 20
1251.807876824314
 10
2639.6519751604064
 20
1271.807876824314
 10
2619.6519751605083
 20
1271.807876824314
  0
LWPOLYLINE
  5
118
330
17
100
AcDbEntity
  8
0
 48
3.0
100
AcDbPolyline
 90
3
 70
0
 10
3164.8519751605054
 20
1251.807876824314
 10
3164.8519751605054
 20
1271.807876824314
 10
3184.8519751605054
 20
1271.807876824314
  0
INSERT
  5
119
330
17
100
AcDbEntity
  8
0
370
-3
100
AcDbBlockReference
  2
f3daunguoc
 10
2654.6519751605083
 20
1271.807876824314
 30
0.0
  0
INSERT
  5
11B
330
17
100
AcDbEntity
  8
0
370
-3
100
AcDbBlockReference
  2
f3daunguoc
 10
2639.6519751604064
 20
1286.807876824285
 30
0.0
  0
INSERT
  5
11D
330
17
100
AcDbEntity
  8
0
370
-3
100
AcDbBlockReference
  2
f3daunguoc
 10
2704.6519751605083
 20
1271.807876824314
 30
0.0
  0
INSERT
  5
11F
330
17
100
AcDbEntity
  8
0
370
-3
100
AcDbBlockReference
  2
f3daunguoc
 10
3149.8519751605054
 20
1271.807876824314
 30
0.0
 41
-1.0
  0
INSERT
  5
121
330
17
100
AcDbEntity
  8
0
370
-3
100
AcDbBlockReference
  2
f3daunguoc
 10
3164.8519751605054
 20
1286.807876824285
 30
0.0
 41
-1.0
  0
INSERT
  5
123
330
17
100
AcDbEntity
  8
0
370
-3
100
AcDbBlockReference
  2
f3daunguoc
 10
3099.8519751605054
 20
1271.807876824314
 30
0.0
 41
-1.0
  0
DIMENSION
  5
125
330
17
100
AcDbEntity
  8
0
 48
3.0
100
AcDbDimension
280
0
  2
*D25
  3
Dim-25
 10
3184.8519751605054
 20
2096.5858598228806
 30
0.0
 11
3220.928373523304
 21
2119.350184515919
 31
0.0
 70
32
 71
5
 42
20.0
 73
0
 74
0
 75
0
100
AcDbAlignedDimension
 13
3164.8519751605054
 23
2017.007876824311
 33
0.0
 14
3184.8519751605054
 24
1997.007876824311
 34
0.0
 50
0.0
100
AcDbRotatedDimension
  0
DIMENSION
  5
126
330
17
100
AcDbEntity
  8
0
 48
3.0
100
AcDbDimension
280
0
  2
*D26
  3
Dim-25
 10
2639.6519751604064
 20
2095.246113872883
 30
0.0
 11
2902.2519751604996
 21
2118.0104385659215
 31
0.0
 70
32
 71
5
 42
525.2000000000116
 73
0
 74
0
 75
0
100
AcDbAlignedDimension
 13
3164.8519751605054
 23
2017.007876824311
 33
0.0
 14
2639.6519751604064
 24
2017.007876824311
 34
0.0
 50
0.0
100
AcDbRotatedDimension
  0
DIMENSION
  5
127
330
17
100
AcDbEntity
  8
0
 48
3.0
100
AcDbDimension
280
0
  2
*D27
  3
Dim-25
 10
2540.027181647907
 20
1251.8078768242704
 30
0.0
 11
2517.2628569548106
 21
1634.4078768242616
 31
0.0
 70
32
 71
5
 42
765.2000000000116
 73
0
 74
0
 75
0
100
AcDbAlignedDimension
 13
2639.6519751604064
 23
2017.007876824311
 33
0.0
 14
2639.6519751604064
 24
1251.807876824314
 34
0.0
 50
90.0
100
AcDbRotatedDimension
  0
DIMENSION
  5
128
330
17
100
AcDbEntity
  8
0
 48
3.0
100
AcDbDimension
280
0
  2
*D28
  3
Dim-25
 10
2588.9919982259016
 20
1997.007876824282
 30
0.0
 11
2566.227673532805
 21
1634.4078768242616
 31
0.0
 70
32
 71
5
 42
725.2000000000116
 73
0
 74
0
 75
0
100
AcDbAlignedDimension
 13
2619.6519751605083
 23
1271.807876824314
 33
0.0
 14
2619.6519751605083
 24
1997.007876824311
 34
0.0
 50
90.0
100
AcDbRotatedDimension
  0
DIMENSION
  5
129
330
17
100
AcDbEntity
  8
0
 48
3.0
100
AcDbDimension
280
0
  2
*D29
  3
Dim-25
 10
3184.8519751605054
 20
1207.8019521978713
 30
0.0
 11
2902.2519751604996
 21
1230.5662768909096
 31
0.0
 70
32
 71
5
 42
565.2000000000116
 73
0
 74
0
 75
0
100
AcDbAlignedDimension
 13
2619.6519751605083
 23
1271.807876824314
 33
0.0
 14
3184.8519751605054
 24
1271.807876824314
 34
0.0
 50
0.0
100
AcDbRotatedDimension
  0
LINE
  5
12A
330
17
100
AcDbEntity
  8
0
 62
7
100
AcDbLine
 10
1932.1550166841043
 20
923.5259750297555
 30
0.0
 11
2202.1550166841043
 21
923.5259750297555
 31
0.0
  0
LINE
  5
12B
330
17
100
AcDbEntity
  8
0
 62
7
100
AcDbLine
 10
1882.1550166841043
 20
873.525975029741
 30
0.0
 11
2252.1550166841043
 21
873.525975029741
 31
0.0
  0
LINE
  5
12C
330
17
100
AcDbEntity
  8
0
 62
7
100
AcDbLine
 10
2252.1550166841043
 20
873.525975029741
 30
0.0
 11
2252.1550166841043
 21
773.525975029741
 31
0.0
  0
LINE
  5
12D
330
17
100
AcDbEntity
  8
0
 62
7
100
AcDbLine
 10
2202.1550166841043
 20
723.5259750297555
 30
0.0
 11
1932.1550166841043
 21
723.5259750297555
 31
0.0
  0
LINE
  5
12E
330
17
100
AcDbEntity
  8
0
 62
7
100
AcDbLine
 10
2252.1550166841043
 20
773.525975029741
 30
0.0
 11
1882.1550166841043
 21
773.525975029741
 31
0.0
  0
LINE
  5
12F
330
17
100
AcDbEntity
  8
0
 62
7
100
AcDbLine
 10
1882.1550166841043
 20
773.525975029741
 30
0.0
 11
1882.1550166841043
 21
873.525975029741
 31
0.0
  0
LINE
  5
130
330
17
100
AcDbEntity
  8
0
 62
7
100
AcDbLine
 10
1882.1550166841043
 20
773.525975029741
 30
0.0
 11
1932.1550166841043
 21
723.5259750297555
 31
0.0
  0
LINE
  5
131
330
17
100
AcDbEntity
  8
0
 62
7
100
AcDbLine
 10
1882.1550166841043
 20
873.525975029741
 30
0.0
 11
1932.1550166841043
 21
923.5259750297555
 31
0.0
  0
LINE
  5
132
330
17
100
AcDbEntity
  8
0
 62
7
100
AcDbLine
 10
2202.1550166841043
 20
923.5259750297555
 30
0.0
 11
2252.1550166841043
 21
873.525975029741
 31
0.0
  0
LINE
  5
133
330
17
100
AcDbEntity
  8
0
 62
7
100
AcDbLine
 10
2252.1550166841043
 20
773.525975029741
 30
0.0
 11
2202.1550166841043
 21
723.5259750297555
 31
0.0
  0
DIMENSION
  5
134
330
17
100
AcDbEntity
  8
DIM
 62
7
100
AcDbDimension
280
0
  2
*D30
  3
Dim-25
 10
2305.006977048004
 20
723.5259750297264
 30
0.0
 11
2282.2426523549075
 21
823.5259750297118
 31
0.0
 70
32
 71
5
 42
200.0
 73
0
 74
0
 75
0
100
AcDbAlignedDimension
 13
2202.1550166841043
 23
923.5259750297555
 33
0.0
 14
2202.1550166841043
 24
723.5259750297555
 34
0.0
 50
90.0
100
AcDbRotatedDimension
  0
DIMENSION
  5
135
330
17
100
AcDbEntity
  8
DIM
 62
7
100
AcDbDimension
280
0
  2
*D31
  3
Dim-25
 10
2252.1550166841043
 20
655.7593630035117
 30
0.0
 11
2067.1550166841043
 21
678.5322142995428
 31
0.0
 70
32
 71
5
 42
370.0
 73
0
 74
0
 75
0
100
AcDbAlignedDimension
 13
1882.1550166841043
 23
773.525975029741
 33
0.0
 14
2252.1550166841043
 24
773.525975029741
 34
0.0
 50
0.0
100
AcDbRotatedDimension
  0
DIMENSION
  5
136
330
17
100
AcDbEntity
  8
DIM
 62
7
100
AcDbDimension
280
0
  2
*D32
  3
Dim-25
 10
1837.2183538084064
 20
773.5259750297264
 30
0.0
 11
1814.4540291153098
 21
823.5259750297118
 31
0.0
 70
32
 71
5
 42
100.0
 73
0
 74
0
 75
0
100
AcDbAlignedDimension
 13
1882.1550166841043
 23
873.525975029741
 33
0.0
 14
1882.1550166841043
 24
773.525975029741
 34
0.0
 50
90.0
100
AcDbRotatedDimension
  0
DIMENSION
  5
137
330
17
100
AcDbEntity
  8
DIM
 62
7
100
AcDbDimension
280
0
  2
*D33
  3
Dim-25
 10
1837.2183538083045
 20
923.5259750297118
 30
0.0
 11
1814.4540291153098
 21
959.3892083175888
 31
0.0
 70
32
 71
5
 42
50.0
 73
0
 74
0
 75
0
100
AcDbAlignedDimension
 13
1882.1550166841043
 23
873.525975029741
 33
0.0
 14
1932.1550166841043
 24
923.5259750297555
 34
0.0
 50
90.0
100
AcDbRotatedDimension
  0
DIMENSION
  5
138
330
17
100
AcDbEntity
  8
DIM
 62
7
100
AcDbDimension
280
0
  2
*D34
  3
Dim-25
 10
1837.2183538083045
 20
723.5259750297264
 30
0.0
 11
1814.4540291153098
 21
687.6627417418495
 31
0.0
 70
32
 71
5
 42
50.0
 73
0
 74
0
 75
0
100
AcDbAlignedDimension
 13
1882.1550166841043
 23
773.525975029741
 33
0.0
 14
1932.1550166841043
 24
723.5259750297555
 34
0.0
 50
90.0
100
AcDbRotatedDimension
  0
LINE
  5
139
330
17
100
AcDbEntity
  8
0
 62
7
100
AcDbLine
 10
2518.6062960419076
 20
945.5584745324304
 30
0.0
 11
3015.6062960419076
 21
945.5584745324304
 31
0.0
  0
LINE
  5
13A
330
17
100
AcDbEntity
  8
0
 62
7
100
AcDbLine
 10
2468.6062960419076
 20
895.5584745324304
 30
0.0
 11
3065.6062960419076
 21
895.5584745324304
 31
0.0
  0
LINE
  5
13B
330
17
100
AcDbEntity
  8
0
 62
7
100
AcDbLine
 10
3065.6062960419076
 20
895.5584745324304
 30
0.0
 11
3065.6062960419076
 21
795.5584745324304
 31
0.0
  0
LINE
  5
13C
330
17
100
AcDbEntity
  8
0
 62
7
100
AcDbLine
 10
3015.6062960419076
 20
745.5584745324304
 30
0.0
 11
2518.6062960419076
 21
745.5584745324304
 31
0.0
  0
LINE
  5
13D
330
17
100
AcDbEntity
  8
0
 62
7
100
AcDbLine
 10
3065.6062960419076
 20
795.5584745324304
 30
0.0
 11
2468.6062960419076
 21
795.5584745324304
 31
0.0
  0
LINE
  5
13E
330
17
100
AcDbEntity
  8
0
 62
7
100
AcDbLine
 10
2468.6062960419076
 20
795.5584745324304
 30
0.0
 11
2468.6062960419076
 21
895.5584745324304
 31
0.0
  0
LINE
  5
13F
330
17
100
AcDbEntity
  8
0
 62
7
100
AcDbLine
 10
2468.6062960419076
 20
795.5584745324304
 30
0.0
 11
2518.6062960419076
 21
745.5584745324304
 31
0.0
  0
LINE
  5
140
330
17
100
AcDbEntity
  8
0
 62
7
100
AcDbLine
 10
2468.6062960419076
 20
895.5584745324304
 30
0.0
 11
2518.6062960419076
 21
945.5584745324304
 31
0.0
  0
LINE
  5
141
330
17
100
AcDbEntity
  8
0
 62
7
100
AcDbLine
 10
3015.6062960419076
 20
945.5584745324304
 30
0.0
 11
3065.6062960419076
 21
895.5584745324304
 31
0.0
  0
LINE
  5
142
330
17
100
AcDbEntity
  8
0
 62
7
100
AcDbLine
 10
3065.6062960419076
 20
795.5584745324304
 30
0.0
 11
3015.6062960419076
 21
745.5584745324304
 31
0.0
  0
DIMENSION
  5
143
330
17
100
AcDbEntity
  8
DIM
 62
7
100
AcDbDimension
280
0
  2
*D35
  3
Dim-25
 10
3065.6062960419076
 20
675.2759831978037
 30
0.0
 11
2767.1062960419076
 21
698.0403078908421
 31
0.0
 70
32
 71
5
 42
597.0
 73
0
 74
0
 75
0
100
AcDbAlignedDimension
 13
2468.6062960419076
 23
795.5584745324304
 33
0.0
 14
3065.6062960419076
 24
795.5584745324304
 34
0.0
 50
0.0
100
AcDbRotatedDimension
  0
DIMENSION
  5
144
330
17
100
AcDbEntity
  8
DIM
 62
7
100
AcDbDimension
280
0
  2
*D36
  3
Dim-25
 10
2423.6696331662097
 20
795.5584745324013
 30
0.0
 11
2400.9053084730986
 21
845.5584745323868
 31
0.0
 70
32
 71
5
 42
100.0
 73
0
 74
0
 75
0
100
AcDbAlignedDimension
 13
2468.6062960419076
 23
895.5584745324304
 33
0.0
 14
2468.6062960419076
 24
795.5584745324304
 34
0.0
 50
90.0
100
AcDbRotatedDimension
  0
DIMENSION
  5
145
330
17
100
AcDbEntity
  8
DIM
 62
7
100
AcDbDimension
280
0
  2
*D37
  3
Dim-25
 10
2423.669633166108
 20
745.5584745324013
 30
0.0
 11
2400.9053084729967
 21
709.6952412445244
 31
0.0
 70
32
 71
5
 42
50.0
 73
0
 74
0
 75
0
100
AcDbAlignedDimension
 13
2468.6062960419076
 23
795.5584745324304
 33
0.0
 14
2518.6062960419076
 24
745.5584745324304
 34
0.0
 50
90.0
100
AcDbRotatedDimension
  0
INSERT
  5
146
330
17
100
AcDbEntity
  8
0
370
-3
100
AcDbBlockReference
  2
f3daunguoc
 10
1897.1550166841043
 20
873.525975029741
 30
0.0
 50
270.0
  0
INSERT
  5
148
330
17
100
AcDbEntity
  8
0
370
-3
100
AcDbBlockReference
  2
f3daunguoc
 10
1897.1550166841043
 20
773.525975029741
 30
0.0
 50
270.0
  0
INSERT
  5
14A
330
17
100
AcDbEntity
  8
0
370
-3
100
AcDbBlockReference
  2
f3daunguoc
 10
2483.6062960419076
 20
895.5584745324304
 30
0.0
 50
270.0
  0
INSERT
  5
14C
330
17
100
AcDbEntity
  8
0
370
-3
100
AcDbBlockReference
  2
f3daunguoc
 10
2483.6062960419076
 20
795.5584745324304
 30
0.0
 50
270.0
  0
INSERT
  5
14E
330
17
100
AcDbEntity
  8
0
370
-3
100
AcDbBlockReference
  2
f3daunguoc
 10
3050.6062960419076
 20
895.5584745324304
 30
0.0
 41
-1.0
 50
90.0
  0
INSERT
  5
150
330
17
100
AcDbEntity
  8
0
370
-3
100
AcDbBlockReference
  2
f3daunguoc
 10
3050.6062960419076
 20
795.5584745324304
 30
0.0
 41
-1.0
 50
90.0
  0
INSERT
  5
152
330
17
100
AcDbEntity
  8
0
370
-3
100
AcDbBlockReference
  2
f3daunguoc
 10
2237.1550166841043
 20
873.525975029741
 30
0.0
 41
-1.0
 50
90.0
  0
INSERT
  5
154
330
17
100
AcDbEntity
  8
0
370
-3
100
AcDbBlockReference
  2
f3daunguoc
 10
2237.1550166841043
 20
773.525975029741
 30
0.0
 41
-1.0
 50
90.0
  0
INSERT
  5
156
330
17
100
AcDbEntity
  8
CNC
370
-3
100
AcDbBlockReference
  2
ovan8.5x20
 10
2567.1062960419076
 20
920.5584745324304
 30
0.0
 50
180.0
  0
INSERT
  5
158
330
17
100
AcDbEntity
  8
CNC
370
-3
100
AcDbBlockReference
  2
ovan8.5x20
 10
2567.1062960419076
 20
770.5584745324304
 30
0.0
 41
-1.0
  0
INSERT
  5
15A
330
17
100
AcDbEntity
  8
CNC
370
-3
100
AcDbBlockReference
  2
ovan8.5x20
 10
2967.1062960419076
 20
920.5584745324304
 30
0.0
 50
180.0
  0
INSERT
  5
15C
330
17
100
AcDbEntity
  8
CNC
370
-3
100
AcDbBlockReference
  2
ovan8.5x20
 10
2967.1062960419076
 20
770.5584745324304
 30
0.0
 41
-1.0
  0
MTEXT
  5
15E
330
17
100
AcDbEntity
  8
0
 62
2
100
AcDbMText
 10
2796.350774238599
 20
605.2568699781114
 30
0.0
 40
25.0
 41
775.0000000000146
 46
647.1644973081675
 71
5
 72
5
  1
Đế  : 2  Bộ
  0
DIMENSION
  5
15F
330
17
100
AcDbEntity
  8
DIM
 62
2
 48
3.0
100
AcDbDimension
280
0
  2
*D38
  3
Dim-25
 10
3169.937904227001
 20
945.5584745324013
 30
0.0
 11
3147.1735795339046
 21
845.5584745323868
 31
0.0
 70
32
 71
5
 42
200.0
 73
0
 74
0
 75
0
100
AcDbAlignedDimension
 13
3015.6062960419076
 23
745.5584745324304
 33
0.0
 14
3015.6062960419076
 24
945.5584745324304
 34
0.0
 50
90.0
100
AcDbRotatedDimension
  0
INSERT
  5
160
330
17
100
AcDbEntity
  8
CNC
370
-3
100
AcDbBlockReference
  2
ovan8.5x20
 10
1114.388817545303
 20
962.5868263503944
 30
0.0
 50
90.0
  0
INSERT
  5
162
330
17
100
AcDbEntity
  8
CNC
370
-3
100
AcDbBlockReference
  2
ovan8.5x20
 10
1514.388817545303
 20
962.5868263503944
 30
0.0
 41
-1.0
 50
270.0
  0
INSERT
  5
164
330
17
100
AcDbEntity
  8
CNC
370
-3
100
AcDbBlockReference
  2
ovan8.5x20
 10
1114.388817545303
 20
744.586826350409
 30
0.0
 41
-1.0
 50
90.0
  0
INSERT
  5
166
330
17
100
AcDbEntity
  8
CNC
370
-3
100
AcDbBlockReference
  2
ovan8.5x20
 10
1514.388817545303
 20
744.586826350409
 30
0.0
 50
270.0
  0
INSERT
  5
168
330
17
100
AcDbEntity
  8
0
370
-3
100
AcDbBlockReference
  2
f3daunguoc
 10
756.6784332036041
 20
983.5868263503944
 30
0.0
 41
-1.0
 50
90.0
  0
INSERT
  5
16A
330
17
100
AcDbEntity
  8
0
370
-3
100
AcDbBlockReference
  2
f3daunguoc
 10
187.07843320359825
 20
983.5868263503944
 30
0.0
 50
270.0
  0
MTEXT
  5
16C
330
17
100
AcDbEntity
  8
0
 62
2
100
AcDbMText
 10
2078.6752090063965
 20
589.4452603721729
 30
0.0
 40
25.0
 41
775.0000000000146
 46
100.0000000000031
 71
5
 72
5
  1
{\fTahoma|b0|i0|c0|p34;Đế : 2 tấm}
  0
LWPOLYLINE
  5
16D
330
17
100
AcDbEntity
  8
0
 62
7
100
AcDbPolyline
 90
4
 70
1
 10
2590.5955940123094
 20
405.3072955786047
 10
2920.5955940123094
 20
405.3072955786047
 10
2920.5955940123094
 20
285.30729557859013
 10
2590.5955940123094
 20
285.30729557859013
  0
CIRCLE
  5
16E
330
17
100
AcDbEntity
  8
0
 62
7
100
AcDbCircle
 10
2909.8455940123094
 20
345.30729557859013
 30
0.0
 40
4.0
  0
CIRCLE
  5
16F
330
17
100
AcDbEntity
  8
0
 62
7
100
AcDbCircle
 10
2601.3455940123094
 20
345.30729557859013
 30
0.0
 40
4.0
  0
INSERT
  5
170
330
17
100
AcDbEntity
  8
0
 62
7
100
AcDbBlockReference
 66
1
  2
khungtenAsean2
 10
0.0
 20
2310.0000000011205
 30
0.0
 41
1.100000000000363
 42
1.100000000000363
 43
1.100000000000363
  0
ATTRIB
  5
171
330
170
100
AcDbEntity
  8
0
 62
1
100
AcDbText
 10
3172.1406342402042
 20
35.917419885779964
 30
0.0
 40
27.5
  1
......
  7
Tahoma (Input Text)
 72
1
 11
3206.49254827651
 21
35.917419885779964
 31
0.0
100
AcDbAttribute
  2
#11
 70
0
 71
1
 72
0
 11
3206.49254827651
 21
35.917419885779964
 31
0.0
  0
ATTRIB
  5
172
330
170
100
AcDbEntity
  8
0
 62
1
100
AcDbText
 10
2361.3886752362014
 20
86.59726713992131
 30
0.0
 40
27.5
  1
SƠN MÀU RAL7032
  7
Tahoma (Input Text)
100
AcDbAttribute
  2
#09
 70
0
 71
1
 72
0
  0
ATTRIB
  5
173
330
170
100
AcDbEntity
  8
0
 62
1
100
AcDbText
 10
2361.3886752362014
 20
20.597267139921314
 30
0.0
 40
27.5
  1

  7
Tahoma (Input Text)
100
AcDbAttribute
  2
#10
 70
0
 71
1
 72
0
  0
ATTRIB
  5
174
330
170
100
AcDbEntity
  8
0
 62
1
100
AcDbText
 10
1999.1925423067005
 20
20.597267139921314
 30
0.0
 40
27.5
  1
1.5
  7
Tahoma (Input Text)
100
AcDbAttribute
  2
#08
 70
0
 71
1
 72
0
  0
ATTRIB
  5
175
330
170
100
AcDbEntity
  8
0
 62
1
100
AcDbText
 10
2018.1496613580966
 20
86.59726713992131
 30
0.0
 40
27.5
  1
1
  7
Tahoma (Input Text)
100
AcDbAttribute
  2
#07
 70
0
 71
1
 72
0
  0
ATTRIB
  5
176
330
170
100
AcDbEntity
  8
0
 62
1
100
AcDbText
 10
1171.8639780579979
 20
20.597267139921314
 30
0.0
 40
27.5
  1
800X600X300
  7
Tahoma (Input Text)
100
AcDbAttribute
  2
#06
 70
0
 71
1
 72
0
  0
ATTRIB
  5
177
330
170
100
AcDbEntity
  8
0
 62
1
100
AcDbText
 10
1217.2909948344022
 20
86.59726713992131
 30
0.0
 40
27.5
  1
Võ tủ
  7
Tahoma (Input Text)
100
AcDbAttribute
  2
#05
 70
0
 71
1
 72
0
  0
ATTRIB
  5
178
330
170
100
AcDbEntity
  8
0
 62
1
100
AcDbText
 10
534.715529706009
 20
20.597267139921314
 30
0.0
 40
27.5
  1
05.08.2022
  7
Tahoma (Input Text)
100
AcDbAttribute
  2
#04
 70
0
 71
1
 72
0
  0
ATTRIB
  5
179
330
170
100
AcDbEntity
  8
0
 62
1
100
AcDbText
 10
557.2278238412982
 20
88.76823946244258
 30
0.0
 40
27.5
  1
ANH HOÀN
  7
Tahoma (Input Text)
100
AcDbAttribute
  2
#03
 70
0
 71
1
 72
0
  0
ATTRIB
  5
17A
330
170
100
AcDbEntity
  8
0
 62
1
100
AcDbText
 10
108.30239695349883
 20
20.597267139921314
 30
0.0
 40
27.5
  1
......
  7
Tahoma (Input Text)
100
AcDbAttribute
  2
#02
 70
0
 71
1
 72
0
  0
ATTRIB
  5
17B
330
170
100
AcDbEntity
  8
0
 62
1
100
AcDbText
 10
150.75885862130963
 20
86.59726713992131
 30
0.0
 40
27.5
  1
PHÚC
  7
Tahoma (Input Text)
100
AcDbAttribute
  2
#01
 70
0
 71
1
 72
0
  0
SEQEND
  5
17C
330
17
100
AcDbEntity
  8
0
 62
7
  0
DIMENSION
  5
17D
330
17
100
AcDbEntity
  8
0
 48
3.0
100
AcDbDimension
280
0
  2
*D39
  3
Dim-25
 10
2920.5955940123094
 20
449.7391730974923
 30
0.0
 11
2755.5955940123094
 21
472.512024393538
 31
0.0
 70
32
 71
5
 42
330.0
 73
0
 74
0
 75
0
100
AcDbAlignedDimension
 13
2590.5955940123094
 23
405.3072955786047
 33
0.0
 14
2920.5955940123094
 24
405.3072955786047
 34
0.0
 50
0.0
100
AcDbRotatedDimension
  0
DIMENSION
  5
17E
330
17
100
AcDbEntity
  8
0
 48
3.0
100
AcDbDimension
280
0
  2
*D40
  3
Dim-25
 10
2546.297791413497
 20
285.3072955785756
 30
0.0
 11
2523.5334667204006
 21
345.307295578561
 31
0.0
 70
32
 71
5
 42
120.0
 73
0
 74
0
 75
0
100
AcDbAlignedDimension
 13
2590.5955940123094
 23
405.3072955786047
 33
0.0
 14
2590.5955940123094
 24
285.30729557859013
 34
0.0
 50
90.0
100
AcDbRotatedDimension
  0
MTEXT
  5
17F
330
17
100
AcDbEntity
  8
0
 62
2
100
AcDbMText
 10
2742.2488186561095
 20
249.61635771715373
 30
0.0
 40
25.0
 41
775.0000000000146
 46
647.1644973081675
 71
5
 72
5
  1
BỊT : 1  tấm
  0
DIMENSION
  5
180
330
17
100
AcDbEntity
  8
0
 48
3.0
100
AcDbDimension
280
0
  2
*D41
  3
Dim-25
 10
836.6886315302982
 20
993.5868263503799
 30
0.0
 11
813.9243068372016
 21
1036.2733884240006
 31
0.0
 70
32
 71
5
 42
10.0
 73
0
 74
0
 75
0
100
AcDbAlignedDimension
 13
771.6784332036041
 23
983.5868263503944
 33
0.0
 14
767.6784332037059
 24
993.5868263503944
 34
0.0
 50
90.0
100
AcDbRotatedDimension
  0
DIMENSION
  5
181
330
17
100
AcDbEntity
  8
0
 48
3.0
100
AcDbDimension
280
0
  2
*D42
  3
Dim-25
 10
1679.199015872
 20
997.5868263503653
 30
0.0
 11
1656.4346911789034
 21
1040.2733884240151
 31
0.0
 70
32
 71
5
 42
10.0
 73
0
 74
0
 75
0
100
AcDbAlignedDimension
 13
1614.188817545306
 23
987.5868263503944
 33
0.0
 14
1610.188817545306
 24
997.5868263503944
 34
0.0
 50
90.0
100
AcDbRotatedDimension
  0
LWPOLYLINE
  5
182
330
17
100
AcDbEntity
  8
0
  6
Continuous
 62
2
100
AcDbPolyline
 90
4
 70
1
 10
2169.732119580207
 20
1682.9078768243053
 10
2145.732119580207
 20
1682.9078768243053
 10
2145.732119580207
 20
1585.9078768242907
 10
2169.732119580207
 20
1585.9078768242907
  0
ENDSEC
  0
SECTION
  2
OBJECTS
  0
DICTIONARY
  5
A
330
0
100
AcDbDictionary
281
1
  3
ACAD_COLOR
350
B
  3
ACAD_GROUP
350
C
  3
ACAD_LAYOUT
350
D
  3
ACAD_MATERIAL
350
E
  3
ACAD_MLEADERSTYLE
350
F
  3
ACAD_MLINESTYLE
350
10
  3
ACAD_PLOTSETTINGS
350
11
  3
ACAD_PLOTSTYLENAME
350
12
  3
ACAD_SCALELIST
350
14
  3
ACAD_TABLESTYLE
350
15
  3
ACAD_VISUALSTYLE
350
16
  3
EZDXF_META
350
2D
  0
DICTIONARY
  5
B
330
A
100
AcDbDictionary
281
1
  0
DICTIONARY
  5
C
330
A
100
AcDbDictionary
281
1
  0
DICTIONARY
  5
D
330
A
100
AcDbDictionary
281
1
  3
Model
350
1A
  3
Layout1
350
1E
  0
DICTIONARY
  5
E
330
A
100
AcDbDictionary
281
1
  3
ByBlock
350
1F
  3
ByLayer
350
20
  3
Global
350
21
  0
DICTIONARY
  5
F
330
A
100
AcDbDictionary
281
1
  3
Standard
350
2C
  0
DICTIONARY
  5
10
330
A
100
AcDbDictionary
281
1
  3
Standard
350
22
  0
DICTIONARY
  5
11
330
A
100
AcDbDictionary
281
1
  0
ACDBDICTIONARYWDFLT
  5
12
330
A
100
AcDbDictionary
281
1
  3
Normal
350
13
100
AcDbDictionaryWithDefault
340
13
  0
ACDBPLACEHOLDER
  5
13
330
12
  0
DICTIONARY
  5
14
330
A
100
AcDbDictionary
281
1
  0
DICTIONARY
  5
15
330
A
100
AcDbDictionary
281
1
  0
DICTIONARY
  5
16
330
A
100
AcDbDictionary
281
1
  0
LAYOUT
  5
1A
330
D
100
AcDbPlotSettings
  1

  4
A3
  6

 40
7.5
 41
20.0
 42
7.5
 43
20.0
 44
420.0
 45
297.0
 46
0.0
 47
0.0
 48
0.0
 49
0.0
140
0.0
141
0.0
142
1.0
143
1.0
 70
1024
 72
1
 73
0
 74
5
  7

 75
16
 76
0
 77
2
 78
300
147
1.0
148
0.0
149
0.0
100
AcDbLayout
  1
Model
 70
1
 71
0
 10
0.0
 20
0.0
 11
420.0
 21
297.0
 12
0.0
 22
0.0
 32
0.0
 14
1e+20
 24
1e+20
 34
1e+20
 15
-1e+20
 25
-1e+20
 35
-1e+20
146
0.0
 13
0.0
 23
0.0
 33
0.0
 16
1.0
 26
0.0
 36
0.0
 17
0.0
 27
1.0
 37
0.0
 76
1
330
17
  0
LAYOUT
  5
1E
330
D
100
AcDbPlotSettings
  1

  4
A3
  6

 40
7.5
 41
20.0
 42
7.5
 43
20.0
 44
420.0
 45
297.0
 46
0.0
 47
0.0
 48
0.0
 49
0.0
140
0.0
141
0.0
142
1.0
143
1.0
 70
0
 72
1
 73
0
 74
5
  7

 75
16
 76
0
 77
2
 78
300
147
1.0
148
0.0
149
0.0
100
AcDbLayout
  1
Layout1
 70
1
 71
1
 10
0.0
 20
0.0
 11
420.0
 21
297.0
 12
0.0
 22
0.0
 32
0.0
 14
1e+20
 24
1e+20
 34
1e+20
 15
-1e+20
 25
-1e+20
 35
-1e+20
146
0.0
 13
0.0
 23
0.0
 33
0.0
 16
1.0
 26
0.0
 36
0.0
 17
0.0
 27
1.0
 37
0.0
 76
1
330
1B
  0
MATERIAL
  5
1F
102
{ACAD_REACTORS
330
E
102
}
330
E
100
AcDbMaterial
  1
ByBlock
  2

 70
0
 40
1.0
 71
1
 41
1.0
 91
-1023410177
 42
1.0
 72
1
  3

 73
1
 74
1
 75
1
 44
0.5
 73
0
 45
1.0
 46
1.0
 77
1
  4

 78
1
 79
1
170
1
 48
1.0
171
1
  6

172
1
173
1
174
1
140
1.0
141
1.0
175
1
  7

176
1
177
1
178
1
143
1.0
179
1
  8

270
1
271
1
272
1
145
1.0
146
1.0
273
1
  9

274
1
275
1
276
1
 42
1.0
 72
1
  3

 73
1
 74
1
 75
1
 94
63
  0
MATERIAL
  5
20
102
{ACAD_REACTORS
330
E
102
}
330
E
100
AcDbMaterial
  1
ByLayer
  2

 70
0
 40
1.0
 71
1
 41
1.0
 91
-1023410177
 42
1.0
 72
1
  3

 73
1
 74
1
 75
1
 44
0.5
 73
0
 45
1.0
 46
1.0
 77
1
  4

 78
1
 79
1
170
1
 48
1.0
171
1
  6

172
1
173
1
174
1
140
1.0
141
1.0
175
1
  7

176
1
177
1
178
1
143
1.0
179
1
  8

270
1
271
1
272
1
145
1.0
146
1.0
273
1
  9

274
1
275
1
276
1
 42
1.0
 72
1
  3

 73
1
 74
1
 75
1
 94
63
  0
MATERIAL
  5
21
102
{ACAD_REACTORS
330
E
102
}
330
E
100
AcDbMaterial
  1
Global
  2

 70
0
 40
1.0
 71
1
 41
1.0
 91
-1023410177
 42
1.0
 72
1
  3

 73
1
 74
1
 75
1
 44
0.5
 73
0
 45
1.0
 46
1.0
 77
1
  4

 78
1
 79
1
170
1
 48
1.0
171
1
  6

172
1
173
1
174
1
140
1.0
141
1.0
175
1
  7

176
1
177
1
178
1
143
1.0
179
1
  8

270
1
271
1
272
1
145
1.0
146
1.0
273
1
  9

274
1
275
1
276
1
 42
1.0
 72
1
  3

 73
1
 74
1
 75
1
 94
63
  0
MLINESTYLE
  5
22
102
{ACAD_REACTORS
330
10
102
}
330
10
100
AcDbMlineStyle
  2
Standard
 70
0
  3

 62
256
 51
90.0
 52
90.0
 71
2
 49
0.5
 62
256
  6
BYLAYER
 49
-0.5
 62
256
  6
BYLAYER
  0
MLEADERSTYLE
  5
2C
102
{ACAD_REACTORS
330
F
102
}
330
F
100
AcDbMLeaderStyle
179
2
170
2
171
1
172
0
 90
2
 40
0.0
 41
0.0
173
1
 91
-1056964608
 92
-2
290
1
 42
2.0
291
1
 43
8.0
  3
Standard
 44
4.0
300

342
29
174
1
175
1
176
0
178
1
 93
-1056964608
 45
4.0
292
0
297
0
 46
4.0
 94
-1056964608
 47
1.0
 49
1.0
140
1.0
294
1
141
0.0
177
0
142
1.0
295
0
296
0
143
3.75
271
0
272
9
273
9
  0
DICTIONARY
  5
2D
330
A
100
AcDbDictionary
280
1
281
1
  3
CREATED_BY_EZDXF
350
2E
  3
WRITTEN_BY_EZDXF
350
1BE
  0
DICTIONARYVAR
  5
2E
330
2D
100
DictionaryVariables
280
0
  1
1.4.4 @ 2026-09-24T06:32:46.285923+00:00
  0
DICTIONARYVAR
  5
1BE
330
2D
100
DictionaryVariables
280
0
  1
1.4.4 @ 2026-09-24T06:38:35.853102+00:00
  0
ENDSEC
  0
EOF
