  0
SECTION
  2
HEADER
  9
$ACADVER
  1
AC1032
  9
$ACADMAINTVER
 90
4
  9
$DWGCODEPAGE
  3
ANSI_1252
  9
$LASTSAVEDBY
  1
ezdxf
  9
$REQUIREDVERSIONS
160
0
  9
$INSBASE
 10
0.0
 20
0.0
 30
0.0
  9
$EXTMIN
 10
1e+20
 20
1e+20
 30
1e+20
  9
$EXTMAX
 10
-1e+20
 20
-1e+20
 30
-1e+20
  9
$LIMMIN
 10
0.0
 20
0.0
  9
$LIMMAX
 10
420.0
 20
297.0
  9
$ORTHOMODE
 70
0
  9
$REGENMODE
 70
1
  9
$FILLMODE
 70
1
  9
$QTEXTMODE
 70
0
  9
$MIRRTEXT
 70
1
  9
$LTSCALE
 40
1.0
  9
$ATTMODE
 70
1
  9
$TEXTSIZE
 40
2.5
  9
$TRACEWID
 40
1.0
  9
$TEXTSTYLE
  7
Standard
  9
$CLAYER
  8
0
  9
$CELTYPE
  6
ByLayer
  9
$CECOLOR
 62
256
  9
$CELTSCALE
 40
1.0
  9
$DISPSILH
 70
0
  9
$DIMSCALE
 40
1.0
  9
$DIMASZ
 40
2.5
  9
$DIMEXO
 40
0.625
  9
$DIMDLI
 40
3.75
  9
$DIMRND
 40
0.0
  9
$DIMDLE
 40
0.0
  9
$DIMEXE
 40
1.25
  9
$DIMTP
 40
0.0
  9
$DIMTM
 40
0.0
  9
$DIMTXT
 40
2.5
  9
$DIMCEN
 40
2.5
  9
$DIMTSZ
 40
0.0
  9
$DIMTOL
 70
0
  9
$DIMLIM
 70
0
  9
$DIMTIH
 70
0
  9
$DIMTOH
 70
0
  9
$DIMSE1
 70
0
  9
$DIMSE2
 70
0
  9
$DIMTAD
 70
1
  9
$DIMZIN
 70
8
  9
$DIMBLK
  1

  9
$DIMASO
 70
1
  9
$DIMSHO
 70
1
  9
$DIMPOST
  1

  9
$DIMAPOST
  1

  9
$DIMALT
 70
0
  9
$DIMALTD
 70
3
  9
$DIMALTF
 40
0.03937007874
  9
$DIMLFAC
 40
1.0
  9
$DIMTOFL
 70
1
  9
$DIMTVP
 40
0.0
  9
$DIMTIX
 70
0
  9
$DIMSOXD
 70
0
  9
$DIMSAH
 70
0
  9
$DIMBLK1
  1

  9
$DIMBLK2
  1

  9
$DIMSTYLE
  2
ISO-25
  9
$DIMCLRD
 70
0
  9
$DIMCLRE
 70
0
  9
$DIMCLRT
 70
0
  9
$DIMTFAC
 40
1.0
  9
$DIMGAP
 40
0.625
  9
$DIMJUST
 70
0
  9
$DIMSD1
 70
0
  9
$DIMSD2
 70
0
  9
$DIMTOLJ
 70
0
  9
$DIMTZIN
 70
8
  9
$DIMALTZ
 70
0
  9
$DIMALTTZ
 70
0
  9
$DIMUPT
 70
0
  9
$DIMDEC
 70
2
  9
$DIMTDEC
 70
2
  9
$DIMALTU
 70
2
  9
$DIMALTTD
 70
3
  9
$DIMTXSTY
  7
Standard
  9
$DIMAUNIT
 70
0
  9
$DIMADEC
 70
0
  9
$DIMALTRND
 40
0.0
  9
$DIMAZIN
 70
0
  9
$DIMDSEP
 70
44
  9
$DIMATFIT
 70
3
  9
$DIMFRAC
 70
0
  9
$DIMLDRBLK
  1

  9
$DIMLUNIT
 70
2
  9
$DIMLWD
 70
-2
  9
$DIMLWE
 70
-2
  9
$DIMTMOVE
 70
0
  9
$DIMFXL
 40
1.0
  9
$DIMFXLON
 70
0
  9
$DIMJOGANG
 40
0.785398163397
  9
$DIMTFILL
 70
0
  9
$DIMTFILLCLR
 70
0
  9
$DIMARCSYM
 70
0
  9
$DIMLTYPE
  6

  9
$DIMLTEX1
  6

  9
$DIMLTEX2
  6

  9
$DIMTXTDIRECTION
 70
0
  9
$LUNITS
 70
2
  9
$LUPREC
 70
4
  9
$SKETCHINC
 40
1.0
  9
$FILLETRAD
 40
10.0
  9
$AUNITS
 70
0
  9
$AUPREC
 70
2
  9
$MENU
  1
.
  9
$ELEVATION
 40
0.0
  9
$PELEVATION
 40
0.0
  9
$THICKNESS
 40
0.0
  9
$LIMCHECK
 70
0
  9
$CHAMFERA
 40
0.0
  9
$CHAMFERB
 40
0.0
  9
$CHAMFERC
 40
0.0
  9
$CHAMFERD
 40
0.0
  9
$SKPOLY
 70
0
  9
$TDCREATE
 40
2461308.5677777776
  9
$TDUCREATE
 40
2458532.153996898
  9
$TDUPDATE
 40
2461308.5677777776
  9
$TDUUPDATE
 40
2458532.1544311
  9
$TDINDWG
 40
0.0
  9
$TDUSRTIMER
 40
0.0
  9
$USRTIMER
 70
1
  9
$ANGBASE
 50
0.0
  9
$ANGDIR
 70
0
  9
$PDMODE
 70
0
  9
$PDSIZE
 40
0.0
  9
$PLINEWID
 40
0.0
  9
$SPLFRAME
 70
0
  9
$SPLINETYPE
 70
6
  9
$SPLINESEGS
 70
8
  9
$HANDSEED
  5
85D
  9
$SURFTAB1
 70
6
  9
$SURFTAB2
 70
6
  9
$SURFTYPE
 70
6
  9
$SURFU
 70
6
  9
$SURFV
 70
6
  9
$UCSBASE
  2

  9
$UCSNAME
  2

  9
$UCSORG
 10
0.0
 20
0.0
 30
0.0
  9
$UCSXDIR
 10
1.0
 20
0.0
 30
0.0
  9
$UCSYDIR
 10
0.0
 20
1.0
 30
0.0
  9
$UCSORTHOREF
  2

  9
$UCSORTHOVIEW
 70
0
  9
$UCSORGTOP
 10
0.0
 20
0.0
 30
0.0
  9
$UCSORGBOTTOM
 10
0.0
 20
0.0
 30
0.0
  9
$UCSORGLEFT
 10
0.0
 20
0.0
 30
0.0
  9
$UCSORGRIGHT
 10
0.0
 20
0.0
 30
0.0
  9
$UCSORGFRONT
 10
0.0
 20
0.0
 30
0.0
  9
$UCSORGBACK
 10
0.0
 20
0.0
 30
0.0
  9
$PUCSBASE
  2

  9
$PUCSNAME
  2

  9
$PUCSORG
 10
0.0
 20
0.0
 30
0.0
  9
$PUCSXDIR
 10
1.0
 20
0.0
 30
0.0
  9
$PUCSYDIR
 10
0.0
 20
1.0
 30
0.0
  9
$PUCSORTHOREF
  2

  9
$PUCSORTHOVIEW
 70
0
  9
$PUCSORGTOP
 10
0.0
 20
0.0
 30
0.0
  9
$PUCSORGBOTTOM
 10
0.0
 20
0.0
 30
0.0
  9
$PUCSORGLEFT
 10
0.0
 20
0.0
 30
0.0
  9
$PUCSORGRIGHT
 10
0.0
 20
0.0
 30
0.0
  9
$PUCSORGFRONT
 10
0.0
 20
0.0
 30
0.0
  9
$PUCSORGBACK
 10
0.0
 20
0.0
 30
0.0
  9
$USERI1
 70
0
  9
$USERI2
 70
0
  9
$USERI3
 70
0
  9
$USERI4
 70
0
  9
$USERI5
 70
0
  9
$USERR1
 40
0.0
  9
$USERR2
 40
0.0
  9
$USERR3
 40
0.0
  9
$USERR4
 40
0.0
  9
$USERR5
 40
0.0
  9
$WORLDVIEW
 70
1
  9
$SHADEDGE
 70
3
  9
$SHADEDIF
 70
70
  9
$TILEMODE
 70
1
  9
$MAXACTVP
 70
64
  9
$PINSBASE
 10
0.0
 20
0.0
 30
0.0
  9
$PLIMCHECK
 70
0
  9
$PEXTMIN
 10
1e+20
 20
1e+20
 30
1e+20
  9
$PEXTMAX
 10
-1e+20
 20
-1e+20
 30
-1e+20
  9
$PLIMMIN
 10
0.0
 20
0.0
  9
$PLIMMAX
 10
420.0
 20
297.0
  9
$UNITMODE
 70
0
  9
$VISRETAIN
 70
1
  9
$PLINEGEN
 70
0
  9
$PSLTSCALE
 70
1
  9
$TREEDEPTH
 70
3020
  9
$CMLSTYLE
  2
Standard
  9
$CMLJUST
 70
0
  9
$CMLSCALE
 40
20.0
  9
$PROXYGRAPHICS
 70
1
  9
$MEASUREMENT
 70
1
  9
$CELWEIGHT
370
-1
  9
$ENDCAPS
280
0
  9
$JOINSTYLE
280
0
  9
$LWDISPLAY
290
0
  9
$INSUNITS
 70
4
  9
$HYPERLINKBASE
  1

  9
$STYLESHEET
  1

  9
$XEDIT
290
1
  9
$CEPSNTYPE
380
0
  9
$PSTYLEMODE
290
1
  9
$FINGERPRINTGUID
  2
{4A6B5E0D-8EFD-4918-970D-49A1822B7CFD}
  9
$VERSIONGUID
  2
{188EB8E3-B6CF-4C1B-8F1F-6A06A4398A46}
  9
$EXTNAMES
290
1
  9
$PSVPSCALE
 40
0.0
  9
$OLESTARTUP
290
0
  9
$SORTENTS
280
127
  9
$INDEXCTL
280
0
  9
$HIDETEXT
280
1
  9
$XCLIPFRAME
280
1
  9
$HALOGAP
280
0
  9
$OBSCOLOR
 70
257
  9
$OBSLTYPE
280
0
  9
$INTERSECTIONDISPLAY
280
0
  9
$INTERSECTIONCOLOR
 70
257
  9
$DIMASSOC
280
2
  9
$PROJECTNAME
  1

  9
$CAMERADISPLAY
290
0
  9
$LENSLENGTH
 40
50.0
  9
$CAMERAHEIGHT
 40
0.0
  9
$STEPSPERSEC
 40
24.0
  9
$STEPSIZE
 40
100.0
  9
$3DDWFPREC
 40
2.0
  9
$PSOLWIDTH
 40
0.005
  9
$PSOLHEIGHT
 40
0.08
  9
$LOFTANG1
 40
1.570796326795
  9
$LOFTANG2
 40
1.570796326795
  9
$LOFTMAG1
 40
0.0
  9
$LOFTMAG2
 40
0.0
  9
$LOFTPARAM
 70
7
  9
$LOFTNORMALS
280
1
  9
$LATITUDE
 40
37.795
  9
$LONGITUDE
 40
-122.394
  9
$NORTHDIRECTION
 40
0.0
  9
$TIMEZONE
 70
-8000
  9
$LIGHTGLYPHDISPLAY
280
1
  9
$TILEMODELIGHTSYNCH
280
1
  9
$CMATERIAL
347
20
  9
$SOLIDHIST
280
0
  9
$SHOWHIST
280
1
  9
$DWFFRAME
280
2
  9
$DGNFRAME
280
2
  9
$REALWORLDSCALE
290
1
  9
$INTERFERECOLOR
 62
256
  9
$CSHADOW
280
0
  9
$SHADOWPLANELOCATION
 40
0.0
  0
ENDSEC
  0
SECTION
  2
CLASSES
  0
CLASS
  1
ACDBDICTIONARYWDFLT
  2
AcDbDictionaryWithDefault
  3
ObjectDBX Classes
 90
0
 91
0
280
0
281
0
  0
CLASS
  1
SUN
  2
AcDbSun
  3
SCENEOE
 90
1153
 91
0
280
0
281
0
  0
CLASS
  1
VISUALSTYLE
  2
AcDbVisualStyle
  3
ObjectDBX Classes
 90
4095
 91
0
280
0
281
0
  0
CLASS
  1
MATERIAL
  2
AcDbMaterial
  3
ObjectDBX Classes
 90
1153
 91
0
280
0
281
0
  0
CLASS
  1
SCALE
  2
AcDbScale
  3
ObjectDBX Classes
 90
1153
 91
0
280
0
281
0
  0
CLASS
  1
TABLESTYLE
  2
AcDbTableStyle
  3
ObjectDBX Classes
 90
4095
 91
0
280
0
281
0
  0
CLASS
  1
MLEADERSTYLE
  2
AcDbMLeaderStyle
  3
ACDB_MLEADERSTYLE_CLASS
 90
4095
 91
0
280
0
281
0
  0
CLASS
  1
DICTIONARYVAR
  2
AcDbDictionaryVar
  3
ObjectDBX Classes
 90
0
 91
0
280
0
281
0
  0
CLASS
  1
CELLSTYLEMAP
  2
AcDbCellStyleMap
  3
ObjectDBX Classes
 90
1152
 91
0
280
0
281
0
  0
CLASS
  1
MENTALRAYRENDERSETTINGS
  2
AcDbMentalRayRenderSettings
  3
SCENEOE
 90
1024
 91
0
280
0
281
0
  0
CLASS
  1
ACDBDETAILVIEWSTYLE
  2
AcDbDetailViewStyle
  3
ObjectDBX Classes
 90
1025
 91
0
280
0
281
0
  0
CLASS
  1
ACDBSECTIONVIEWSTYLE
  2
AcDbSectionViewStyle
  3
ObjectDBX Classes
 90
1025
 91
0
280
0
281
0
  0
CLASS
  1
RASTERVARIABLES
  2
AcDbRasterVariables
  3
ISM
 90
0
 91
0
280
0
281
0
  0
CLASS
  1
ACDBPLACEHOLDER
  2
AcDbPlaceHolder
  3
ObjectDBX Classes
 90
0
 91
0
280
0
281
0
  0
CLASS
  1
LAYOUT
  2
AcDbLayout
  3
ObjectDBX Classes
 90
0
 91
0
280
0
281
0
  0
ENDSEC
  0
SECTION
  2
TABLES
  0
TABLE
  2
VPORT
  5
8
330
0
100
AcDbSymbolTable
 70
1
  0
VPORT
  5
23
330
8
100
AcDbSymbolTableRecord
100
AcDbViewportTableRecord
  2
*Active
 70
0
 10
0.0
 20
0.0
 11
1.0
 21
1.0
 12
0.0
 22
0.0
 13
0.0
 23
0.0
 14
0.5
 24
0.5
 15
0.5
 25
0.5
 16
0.0
 26
0.0
 36
1.0
 17
0.0
 27
0.0
 37
0.0
 40
1000.0
 41
1.34
 42
50.0
 43
0.0
 44
0.0
 50
0.0
 51
0.0
 71
0
 72
1000
 73
1
 74
3
 75
0
 76
0
 77
0
 78
0
281
0
 65
0
146
0.0
  0
ENDTAB
  0
TABLE
  2
LTYPE
  5
2
330
0
100
AcDbSymbolTable
 70
6
  0
LTYPE
  5
24
330
2
100
AcDbSymbolTableRecord
100
AcDbLinetypeTableRecord
  2
ByBlock
 70
0
  3

 72
65
 73
0
 40
0.0
  0
LTYPE
  5
25
330
2
100
AcDbSymbolTableRecord
100
AcDbLinetypeTableRecord
  2
ByLayer
 70
0
  3

 72
65
 73
0
 40
0.0
  0
LTYPE
  5
26
330
2
100
AcDbSymbolTableRecord
100
AcDbLinetypeTableRecord
  2
Continuous
 70
0
  3

 72
65
 73
0
 40
0.0
  0
LTYPE
  5
779
330
2
100
AcDbSymbolTableRecord
100
AcDbLinetypeTableRecord
  2
HIDDEN
 70
0
  3
Hidden __ __ __ __ __ __ __ __ __ __ __ __ __ _
 72
65
 73
2
 40
9.524999999999997
 49
6.349999999999997
 74
0
 49
-3.174999999999998
 74
0
  0
LTYPE
  5
77A
330
2
100
AcDbSymbolTableRecord
100
AcDbLinetypeTableRecord
  2
HIDDEN2
 70
0
  3
Hidden (.5x) _ _ _ _ _ _ _ _ _ _ _ _ _ _ _ _ _
 72
65
 73
2
 40
4.762499999999998
 49
3.174999999999998
 74
0
 49
-1.587499999999999
 74
0
  0
LTYPE
  5
77B
330
2
100
AcDbSymbolTableRecord
100
AcDbLinetypeTableRecord
  2
HIDDENX2
 70
0
  3
Hidden (2x) ____ ____ ____ ____ ____ ____ ____
 72
65
 73
2
 40
19.05
 49
12.7
 74
0
 49
-6.349999999999999
 74
0
  0
ENDTAB
  0
TABLE
  2
LAYER
  5
1
330
0
100
AcDbSymbolTable
 70
10
  0
LAYER
  5
27
330
1
100
AcDbSymbolTableRecord
100
AcDbLayerTableRecord
  2
0
 70
0
 62
7
  6
Continuous
370
-3
390
13
347
21
  0
LAYER
  5
28
330
1
100
AcDbSymbolTableRecord
100
AcDbLayerTableRecord
  2
Defpoints
 70
0
 62
7
  6
Continuous
290
0
370
-3
390
13
347
21
  0
LAYER
  5
771
330
1
100
AcDbSymbolTableRecord
100
AcDbLayerTableRecord
  2
07
 70
0
 62
5
  6
Continuous
370
5
390
13
347
21
  0
LAYER
  5
772
330
1
100
AcDbSymbolTableRecord
100
AcDbLayerTableRecord
  2
HEATER
 70
0
 62
1
  6
Continuous
370
-3
390
13
347
21
  0
LAYER
  5
773
330
1
100
AcDbSymbolTableRecord
100
AcDbLayerTableRecord
  2
DIM
 70
0
 62
253
  6
Continuous
370
-3
390
13
347
21
  0
LAYER
  5
774
330
1
100
AcDbSymbolTableRecord
100
AcDbLayerTableRecord
  2
cover
 70
0
 62
4
  6
Continuous
370
-3
390
13
347
21
  0
LAYER
  5
775
330
1
100
AcDbSymbolTableRecord
100
AcDbLayerTableRecord
  2
01
 70
0
 62
7
  6
HIDDEN2
370
-3
390
13
347
21
  0
LAYER
  5
776
330
1
100
AcDbSymbolTableRecord
100
AcDbLayerTableRecord
  2
FIRE PROTECTION
 70
0
 62
1
  6
Continuous
370
-3
390
13
347
21
  0
LAYER
  5
777
330
1
100
AcDbSymbolTableRecord
100
AcDbLayerTableRecord
  2
Ghi chu
 70
0
 62
7
  6
Continuous
370
-3
390
13
347
21
  0
LAYER
  5
778
330
1
100
AcDbSymbolTableRecord
100
AcDbLayerTableRecord
  2
OBJ1
 70
0
 62
2
  6
Continuous
370
-3
390
13
347
21
  0
ENDTAB
  0
TABLE
  2
STYLE
  5
5
330
0
100
AcDbSymbolTable
 70
6
  0
STYLE
  5
29
330
5
100
AcDbSymbolTableRecord
100
AcDbTextStyleTableRecord
  2
Standard
 70
0
 40
0.0
 41
1.0
 50
0.0
 71
0
 42
2.5
  3
txt
  4

  0
STYLE
  5
77C
330
5
100
AcDbSymbolTableRecord
100
AcDbTextStyleTableRecord
  2
Tahoma (Input Text)
 70
0
 40
0.0
 41
1.0
 50
0.0
 71
0
 42
25.0
  3
tahoma.ttf
  4

  0
STYLE
  5
77D
330
5
100
AcDbSymbolTableRecord
100
AcDbTextStyleTableRecord
  2
ROMANS
 70
0
 40
5.0
 41
1.0
 50
0.0
 71
0
 42
5.0
  3
romans.shx
  4
romansvn.shx
  0
STYLE
  5
77E
330
5
100
AcDbSymbolTableRecord
100
AcDbTextStyleTableRecord
  2
Arial-Black
 70
0
 40
0.0
 41
1.0
 50
0.0
 71
0
 42
2.0
  3

  4

  0
STYLE
  5
77F
330
5
100
AcDbSymbolTableRecord
100
AcDbTextStyleTableRecord
  2
Arial
 70
0
 40
0.0
 41
1.0
 50
0.0
 71
0
 42
0.2
  3
arial.ttf
  4

  0
STYLE
  5
780
330
5
100
AcDbSymbolTableRecord
100
AcDbTextStyleTableRecord
  2
HTXT1
 70
0
 40
3.0
 41
0.8
 50
0.0
 71
0
 42
3.0
  3
romans.shx
  4
extfont.shx
  0
ENDTAB
  0
TABLE
  2
VIEW
  5
7
330
0
100
AcDbSymbolTable
 70
0
  0
ENDTAB
  0
TABLE
  2
UCS
  5
6
330
0
100
AcDbSymbolTable
 70
0
  0
ENDTAB
  0
TABLE
  2
APPID
  5
3
330
0
100
AcDbSymbolTable
 70
3
  0
APPID
  5
2A
330
3
100
AcDbSymbolTableRecord
100
AcDbRegAppTableRecord
  2
ACAD
 70
0
  0
APPID
  5
787
330
3
100
AcDbSymbolTableRecord
100
AcDbRegAppTableRecord
  2
HATCHBACKGROUNDCOLOR
 70
0
  0
APPID
  5
788
330
3
100
AcDbSymbolTableRecord
100
AcDbRegAppTableRecord
  2
EZDXF
 70
0
  0
ENDTAB
  0
TABLE
  2
DIMSTYLE
  5
4
330
0
100
AcDbSymbolTable
 70
2
100
AcDbDimStyleTable
  0
DIMSTYLE
105
2B
330
4
100
AcDbSymbolTableRecord
100
AcDbDimStyleTableRecord
  2
Standard
 70
0
 40
1.0
 41
2.5
 42
0.625
 43
3.75
 44
1.25
 45
0.0
 46
0.0
 47
0.0
 48
0.0
 49
2.5
140
2.5
141
2.5
142
0.0
143
0.03937007874
144
1.0
145
0.0
146
1.0
147
0.625
148
0.0
 69
0
 70
0
 71
0
 72
0
 73
0
 74
0
 75
0
 76
0
 77
1
 78
8
 79
3
170
0
171
3
172
1
173
0
174
0
175
0
176
0
177
0
178
0
179
2
271
2
272
2
273
2
274
3
275
0
276
0
277
2
278
44
279
0
280
0
281
0
282
0
283
0
284
8
285
0
286
0
288
0
289
3
290
0
371
-2
372
-2
  0
DIMSTYLE
105
770
330
4
100
AcDbSymbolTableRecord
100
AcDbDimStyleTableRecord
  2
Dim-33
 70
0
 40
1.0
 41
12.0
 42
25.0
 43
3.75
 44
15.0
 45
0.0
 46
0.0
 47
0.0
 48
0.0
 49
2.5
140
33.0
141
10.0
142
0.0
143
0.03937007874016
144
1.0
145
0.0
146
1.0
147
15.0
148
0.0
 69
0
 70
0
 71
0
 72
0
 73
0
 74
0
 75
0
 76
0
 77
1
 78
8
 79
3
170
0
171
3
172
1
173
0
174
0
175
0
176
5
177
5
178
3
179
2
271
0
272
0
273
2
274
3
275
0
276
0
277
2
278
44
279
0
280
0
281
0
282
0
283
0
284
8
285
0
286
0
288
0
289
3
290
0
340
29
341
781
342
45
345
25
346
25
347
25
371
9
372
9
  0
ENDTAB
  0
TABLE
  2
BLOCK_RECORD
  5
9
330
0
100
AcDbSymbolTable
 70
36
  0
BLOCK_RECORD
  5
17
330
9
100
AcDbSymbolTableRecord
100
AcDbBlockTableRecord
  2
*Model_Space
340
1A
 70
0
280
1
281
0
  0
BLOCK_RECORD
  5
1B
330
9
100
AcDbSymbolTableRecord
100
AcDbBlockTableRecord
  2
*Paper_Space
340
1E
 70
0
280
1
281
0
  0
BLOCK_RECORD
  5
45
330
9
100
AcDbSymbolTableRecord
100
AcDbBlockTableRecord
  2
_Oblique
340
0
 70
0
280
1
281
0
  0
BLOCK_RECORD
  5
1A4
330
9
100
AcDbSymbolTableRecord
100
AcDbBlockTableRecord
  2
KHUNG CHUẨN
340
0
 70
0
280
1
281
0
  0
BLOCK_RECORD
  5
1CC
330
9
100
AcDbSymbolTableRecord
100
AcDbBlockTableRecord
  2
ovan6x9
340
0
 70
0
280
1
281
0
  0
BLOCK_RECORD
  5
1D3
330
9
100
AcDbSymbolTableRecord
100
AcDbBlockTableRecord
  2
HL036-1-1
340
0
 70
0
280
1
281
0
  0
BLOCK_RECORD
  5
1DD
330
9
100
AcDbSymbolTableRecord
100
AcDbBlockTableRecord
  2
MS722
340
0
 70
0
280
1
281
0
  0
BLOCK_RECORD
  5
1E4
330
9
100
AcDbSymbolTableRecord
100
AcDbBlockTableRecord
  2
HL011-1-4
340
0
 70
0
280
1
281
0
  0
BLOCK_RECORD
  5
1F3
330
9
100
AcDbSymbolTableRecord
100
AcDbBlockTableRecord
  2
HL036-1-2
340
0
 70
0
280
1
281
0
  0
BLOCK_RECORD
  5
208
330
9
100
AcDbSymbolTableRecord
100
AcDbBlockTableRecord
  2
MS308-2-1
340
0
 70
0
280
1
281
0
  0
BLOCK_RECORD
  5
219
330
9
100
AcDbSymbolTableRecord
100
AcDbBlockTableRecord
  2
HL011-1-6
340
0
 70
0
280
1
281
0
  0
BLOCK_RECORD
  5
249
330
9
100
AcDbSymbolTableRecord
100
AcDbBlockTableRecord
  2
Den XANH
340
0
 70
0
280
1
281
0
  0
BLOCK_RECORD
  5
256
330
9
100
AcDbSymbolTableRecord
100
AcDbBlockTableRecord
  2
Den DO
340
0
 70
0
280
1
281
0
  0
BLOCK_RECORD
  5
263
330
9
100
AcDbSymbolTableRecord
100
AcDbBlockTableRecord
  2
Den VANG
340
0
 70
0
280
1
281
0
  0
BLOCK_RECORD
  5
270
330
9
100
AcDbSymbolTableRecord
100
AcDbBlockTableRecord
  2
*U5683
340
0
 70
0
280
1
281
0
  0
BLOCK_RECORD
  5
473
330
9
100
AcDbSymbolTableRecord
100
AcDbBlockTableRecord
  2
*U5682
340
0
 70
0
280
1
281
0
  0
BLOCK_RECORD
  5
676
330
9
100
AcDbSymbolTableRecord
100
AcDbBlockTableRecord
  2
Von-nho
340
0
 70
0
280
1
281
0
  0
BLOCK_RECORD
  5
6B4
330
9
100
AcDbSymbolTableRecord
100
AcDbBlockTableRecord
  2
CTĐT-1
340
0
 70
0
280
1
281
0
  0
BLOCK_RECORD
  5
748
330
9
100
AcDbSymbolTableRecord
100
AcDbBlockTableRecord
  2
A$C39866699
340
0
 70
0
280
1
281
0
  0
BLOCK_RECORD
  5
750
330
9
100
AcDbSymbolTableRecord
100
AcDbBlockTableRecord
  2
SDGFGHGHG
340
0
 70
0
280
1
281
0
  0
BLOCK_RECORD
  5
765
330
9
100
AcDbSymbolTableRecord
100
AcDbBlockTableRecord
  2
SĐFHGGH
340
0
 70
0
280
1
281
0
  0
BLOCK_RECORD
  5
781
330
9
100
AcDbSymbolTableRecord
100
AcDbBlockTableRecord
  2
_Open30
340
0
 70
0
280
1
281
0
  0
BLOCK_RECORD
  5
7B5
330
9
100
AcDbSymbolTableRecord
100
AcDbBlockTableRecord
  2
*D1
340
0
 70
0
280
1
281
0
  0
BLOCK_RECORD
  5
7C1
330
9
100
AcDbSymbolTableRecord
100
AcDbBlockTableRecord
  2
*D2
340
0
 70
0
280
1
281
0
  0
BLOCK_RECORD
  5
7CD
330
9
100
AcDbSymbolTableRecord
100
AcDbBlockTableRecord
  2
*D3
340
0
 70
0
280
1
281
0
  0
BLOCK_RECORD
  5
7D9
330
9
100
AcDbSymbolTableRecord
100
AcDbBlockTableRecord
  2
*D4
340
0
 70
0
280
1
281
0
  0
BLOCK_RECORD
  5
7E5
330
9
100
AcDbSymbolTableRecord
100
AcDbBlockTableRecord
  2
*D5
340
0
 70
0
280
1
281
0
  0
BLOCK_RECORD
  5
7F1
330
9
100
AcDbSymbolTableRecord
100
AcDbBlockTableRecord
  2
*D6
340
0
 70
0
280
1
281
0
  0
BLOCK_RECORD
  5
7FD
330
9
100
AcDbSymbolTableRecord
100
AcDbBlockTableRecord
  2
*D7
340
0
 70
0
280
1
281
0
  0
BLOCK_RECORD
  5
809
330
9
100
AcDbSymbolTableRecord
100
AcDbBlockTableRecord
  2
*D8
340
0
 70
0
280
1
281
0
  0
BLOCK_RECORD
  5
815
330
9
100
AcDbSymbolTableRecord
100
AcDbBlockTableRecord
  2
*D9
340
0
 70
0
280
1
281
0
  0
BLOCK_RECORD
  5
821
330
9
100
AcDbSymbolTableRecord
100
AcDbBlockTableRecord
  2
*D10
340
0
 70
0
280
1
281
0
  0
BLOCK_RECORD
  5
82D
330
9
100
AcDbSymbolTableRecord
100
AcDbBlockTableRecord
  2
*D11
340
0
 70
0
280
1
281
0
  0
BLOCK_RECORD
  5
839
330
9
100
AcDbSymbolTableRecord
100
AcDbBlockTableRecord
  2
*D12
340
0
 70
0
280
1
281
0
  0
BLOCK_RECORD
  5
845
330
9
100
AcDbSymbolTableRecord
100
AcDbBlockTableRecord
  2
*D13
340
0
 70
0
280
1
281
0
  0
BLOCK_RECORD
  5
851
330
9
100
AcDbSymbolTableRecord
100
AcDbBlockTableRecord
  2
*D14
340
0
 70
0
280
1
281
0
  0
ENDTAB
  0
ENDSEC
  0
SECTION
  2
BLOCKS
  0
BLOCK
  5
18
330
17
100
AcDbEntity
  8
0
100
AcDbBlockBegin
  2
*Model_Space
 70
0
 10
0.0
 20
0.0
 30
0.0
  3
*Model_Space
  1

  0
ENDBLK
  5
19
330
17
100
AcDbEntity
  8
0
100
AcDbBlockEnd
  0
BLOCK
  5
1C
330
1B
100
AcDbEntity
  8
0
100
AcDbBlockBegin
  2
*Paper_Space
 70
0
 10
0.0
 20
0.0
 30
0.0
  3
*Paper_Space
  1

  0
ENDBLK
  5
1D
330
1B
100
AcDbEntity
  8
0
100
AcDbBlockEnd
  0
BLOCK
  5
46
330
45
100
AcDbEntity
  8
0
100
AcDbBlockBegin
  2
_Oblique
 70
0
 10
0.0
 20
0.0
 30
0.0
  3
_Oblique
  1

  0
LINE
  5
48
330
45
100
AcDbEntity
  8
0
  6
ByBlock
 62
0
370
-2
100
AcDbLine
 10
-0.5
 20
-0.5
 30
0.0
 11
0.5
 21
0.5
 31
0.0
  0
ENDBLK
  5
47
330
45
100
AcDbEntity
  8
0
100
AcDbBlockEnd
  0
BLOCK
  5
1A5
330
1A4
100
AcDbEntity
  8
0
100
AcDbBlockBegin
  2
KHUNG CHUẨN
 70
2
 10
0.0
 20
0.0
 30
0.0
  3
KHUNG CHUẨN
  1

  0
LWPOLYLINE
  5
1A7
330
1A4
100
AcDbEntity
  8
0
 62
7
100
AcDbPolyline
 90
4
 70
1
 10
16919.24922090965
 20
-26555.15926993403
 10
19889.24922091007
 20
-26555.15926993403
 10
19889.24922091007
 20
-28655.15926993435
 10
16919.24922090965
 20
-28655.15926993435
  0
LINE
  5
1A8
330
1A4
100
AcDbEntity
  8
0
 62
7
100
AcDbLine
 10
18939.24922090965
 20
-28595.15926993434
 30
0.0
 11
16919.24922090965
 21
-28595.15926993434
 31
0.0
  0
LINE
  5
1A9
330
1A4
100
AcDbEntity
  8
0
 62
7
100
AcDbLine
 10
19889.24922091007
 20
-28535.15926993435
 30
0.0
 11
16919.24922090965
 21
-28535.15926993435
 31
0.0
  0
LINE
  5
1AA
330
1A4
100
AcDbEntity
  8
0
 62
7
100
AcDbLine
 10
17239.24922090965
 20
-28535.15926993435
 30
0.0
 11
17239.24922090965
 21
-28595.15926993434
 31
0.0
  0
LINE
  5
1AB
330
1A4
100
AcDbEntity
  8
0
 62
7
100
AcDbLine
 10
17809.24922090965
 20
-28535.15926993435
 30
0.0
 11
17809.24922090965
 21
-28655.15926993435
 31
0.0
  0
LINE
  5
1AC
330
1A4
100
AcDbEntity
  8
0
 62
7
100
AcDbLine
 10
18599.24922090965
 20
-28535.15926993435
 30
0.0
 11
18599.24922090965
 21
-28655.15926993435
 31
0.0
  0
LINE
  5
1AD
330
1A4
100
AcDbEntity
  8
0
 62
7
100
AcDbLine
 10
18939.24922090965
 20
-28535.15926993435
 30
0.0
 11
18939.24922090965
 21
-28655.15926993435
 31
0.0
  0
LINE
  5
1AE
330
1A4
100
AcDbEntity
  8
0
 62
7
100
AcDbLine
 10
19779.24922091007
 20
-28535.15926993435
 30
0.0
 11
19779.24922091007
 21
-28655.15926993435
 31
0.0
  0
MTEXT
  5
1AF
330
1A4
100
AcDbEntity
  8
0
 62
2
100
AcDbMText
 10
16919.24922090965
 20
-28565.15926993435
 30
0.0
 40
20.0
 41
917.6339389950801
 46
60.00000000000113
 71
4
 72
5
  1
  Thiết kế :
  7
Arial
  0
MTEXT
  5
1B0
330
1A4
100
AcDbEntity
  8
0
 62
2
100
AcDbMText
 10
16919.24922090965
 20
-28625.15926993435
 30
0.0
 40
20.0
 41
917.6339389950801
 46
60.00000000000113
 71
4
 72
5
  1
  CNC :
  7
Arial
  0
MTEXT
  5
1B1
330
1A4
100
AcDbEntity
  8
0
 62
2
100
AcDbMText
 10
17239.24922090965
 20
-28565.15926993435
 30
0.0
 40
20.0
 41
917.6339389950801
 46
60.00000000000113
 71
4
 72
5
  1
  Khách hàng :
  7
Arial
  0
MTEXT
  5
1B2
330
1A4
100
AcDbEntity
  8
0
 62
2
100
AcDbMText
 10
17466.28942955682
 20
-28625.15926993435
 30
0.0
 40
20.0
 41
556.6509010178333
 46
60.00000000000113
 71
4
 72
5
  1
  Ngày giao:
  7
Arial
  0
MTEXT
  5
1B3
330
1A4
100
AcDbEntity
  8
0
 62
2
100
AcDbMText
 10
17809.24922090965
 20
-28565.15926993435
 30
0.0
 40
20.0
 41
917.6339389950801
 46
60.00000000000113
 71
4
 72
5
  1
  Tên sản phẩm :
  7
Arial
  0
MTEXT
  5
1B4
330
1A4
100
AcDbEntity
  8
0
 62
2
100
AcDbMText
 10
17809.24922090965
 20
-28625.15926993435
 30
0.0
 40
20.0
 41
917.6339389950801
 46
60.00000000000113
 71
4
 72
5
  1
  Kích thước :
  7
Arial
  0
MTEXT
  5
1B5
330
1A4
100
AcDbEntity
  8
0
 62
2
100
AcDbMText
 10
18599.24922090965
 20
-28565.15926993435
 30
0.0
 40
20.0
 41
917.6339389950801
 46
60.00000000000113
 71
4
 72
5
  1
  Số lượng :
  7
Arial
  0
MTEXT
  5
1B6
330
1A4
100
AcDbEntity
  8
0
 62
2
100
AcDbMText
 10
18599.24922090965
 20
-28625.15926993435
 30
0.0
 40
20.0
 41
917.6339389950801
 46
60.00000000000113
 71
4
 72
5
  1
  Loại tôn :
  7
Arial
  0
MTEXT
  5
1B7
330
1A4
100
AcDbEntity
  8
0
 62
2
100
AcDbMText
 10
18993.40450252067
 20
-28595.15926993434
 30
0.0
 40
20.0
 41
108.3105632220314
 46
120.0000000000011
 71
5
 72
5
  1
Thông\Ptin :
  7
Arial
  0
MTEXT
  5
1B8
330
1A4
100
AcDbEntity
  8
0
 62
2
100
AcDbMText
 10
19834.24922091007
 20
-28565.15926993435
 30
0.0
 40
20.0
 41
110.0000000000065
 46
60.00000000000113
 71
5
 72
5
  1
Tờ
  7
Arial
  0
LINE
  5
1B9
330
1A4
100
AcDbEntity
  8
0
 62
7
100
AcDbLine
 10
19047.55978413167
 20
-28560.15926993435
 30
0.0
 11
19047.55978413167
 21
-28630.15926993435
 31
0.0
  0
MTEXT
  5
1BA
330
1A4
100
AcDbEntity
  8
0
 62
2
100
AcDbMText
 10
18548.56684883467
 20
-28625.15926993435
 30
0.0
 40
20.0
 41
73.8305401162098
 46
60.00000000000113
 71
4
 72
5
  1
mm
  7
Arial
  0
MTEXT
  5
1BB
330
1A4
100
AcDbEntity
  8
0
 62
2
100
AcDbMText
 10
18897.93889973559
 20
-28565.15926993435
 30
0.0
 40
20.0
 41
63.51722131864801
 46
60.00000000000113
 71
4
 72
5
  1
cái
  7
Arial
  0
MTEXT
  5
1BC
330
1A4
100
AcDbEntity
  8
0
 62
2
100
AcDbMText
 10
18889.20613294428
 20
-28625.15926993435
 30
0.0
 40
20.0
 41
917.6339389950801
 46
60.00000000000113
 71
4
 72
5
  1
mm
  7
Arial
  0
LINE
  5
1BD
330
1A4
100
AcDbEntity
  8
0
 62
7
100
AcDbLine
 10
17139.24922090965
 20
-28595.15926993434
 30
0.0
 11
17139.24922090965
 21
-28655.15926993435
 31
0.0
  0
MTEXT
  5
1BE
330
1A4
100
AcDbEntity
  8
0
 62
2
100
AcDbMText
 10
17134.01855837237
 20
-28625.15926993435
 30
0.0
 40
20.0
 41
556.6509010178333
 46
60.00000000000113
 71
4
 72
5
  1
  Ngày nhận :
  7
Arial
  0
LINE
  5
1BF
330
1A4
100
AcDbEntity
  8
0
 62
7
100
AcDbLine
 10
17474.24922090965
 20
-28595.15926993434
 30
0.0
 11
17474.24922090965
 21
-28655.15926993435
 31
0.0
  0
ATTDEF
  5
1C0
330
1A4
100
AcDbEntity
  8
0
 62
3
100
AcDbText
 10
18030.57595183183
 20
-28580.1015331953
 30
0.0
 40
20.0
  1
............
  7
Arial
100
AcDbAttributeDefinition
  3
SẢN PHẨM
  2
#03
 70
0
280
1
 71
1
 72
0
  0
ATTDEF
  5
1C1
330
1A4
100
AcDbEntity
  8
0
 62
3
100
AcDbText
 10
18002.0078672091
 20
-28634.73750821321
 30
0.0
 40
20.0
  1

  7
Arial
100
AcDbAttributeDefinition
  3
KÍCH THƯỚC
  2
#07
 70
0
280
1
 71
1
 72
0
  0
ATTDEF
  5
1C2
330
1A4
100
AcDbEntity
  8
0
 62
3
100
AcDbText
 10
18751.69842633112
 20
-28580.1015331953
 30
0.0
 40
20.0
  1

  7
Arial
100
AcDbAttributeDefinition
  3
SỐ LƯỢNG
  2
#08
 70
0
280
1
 71
1
 72
0
  0
ATTDEF
  5
1C3
330
1A4
100
AcDbEntity
  8
0
 62
3
100
AcDbText
 10
18753.84501617292
 20
-28632.59717057646
 30
0.0
 40
20.0
  1

  7
Arial
100
AcDbAttributeDefinition
  3
LOẠI TÔN
  2
#09
 70
0
280
1
 71
1
 72
0
  0
ATTDEF
  5
1C4
330
1A4
100
AcDbEntity
  8
0
 62
3
100
AcDbText
 10
19064.78379112245
 20
-28580.1015331953
 30
0.0
 40
20.0
  1

  7
Arial
100
AcDbAttributeDefinition
  3
CHÚ Ý 1
  2
#10
 70
0
280
1
 71
1
 72
0
  0
ATTDEF
  5
1C5
330
1A4
100
AcDbEntity
  8
0
 62
3
100
AcDbText
 10
19060.29593417999
 20
-28625.68604652386
 30
0.0
 40
20.0
  1

  7
Arial
100
AcDbAttributeDefinition
  3
CHÚ Ý 2
  2
#11
 70
0
280
1
 71
1
 72
0
  0
ATTDEF
  5
1C6
330
1A4
100
AcDbEntity
  8
0
 62
3
100
AcDbText
 10
17431.39468632692
 20
-28580.1015331953
 30
0.0
 40
20.0
  1

  7
Arial
100
AcDbAttributeDefinition
  3
KHÁCH HÀNG
  2
#02
 70
0
280
1
 71
1
 72
0
  0
ATTDEF
  5
1C7
330
1A4
100
AcDbEntity
  8
0
 62
3
100
AcDbText
 10
17308.45246357222
 20
-28633.02044838126
 30
0.0
 40
20.0
  1

  7
Arial
100
AcDbAttributeDefinition
  3
NGÀY NHẬN
  2
#05
 70
0
280
1
 71
1
 72
0
  0
ATTDEF
  5
1C8
330
1A4
100
AcDbEntity
  8
0
 62
3
100
AcDbText
 10
17632.65306459898
 20
-28633.73138801003
 30
0.0
 40
20.0
  1

  7
Arial
100
AcDbAttributeDefinition
  3
NGÀY GIAO
  2
#06
 70
0
280
1
 71
1
 72
0
  0
ATTDEF
  5
1C9
330
1A4
100
AcDbEntity
  8
0
 62
3
100
AcDbText
 10
17055.57441422327
 20
-28580.1015331953
 30
0.0
 40
20.0
  1

  7
Arial
100
AcDbAttributeDefinition
  3
THIẾT KẾ
  2
#01
 70
0
280
1
 71
1
 72
0
  0
ATTDEF
  5
1CA
330
1A4
100
AcDbEntity
  8
0
 62
3
100
AcDbText
 10
17024.76529237577
 20
-28634.61999292788
 30
0.0
 40
20.0
  1

  7
Arial
100
AcDbAttributeDefinition
  3
CNC
  2
#04
 70
0
280
1
 71
1
 72
0
  0
ATTDEF
  5
1CB
330
1A4
100
AcDbEntity
  8
0
 62
3
100
AcDbText
 10
19806.4585301708
 20
-28628.91186895216
 30
0.0
 40
20.0
  1

  7
Arial
100
AcDbAttributeDefinition
  3
TỜ
  2
#12
 70
0
280
1
 71
1
 72
0
  0
ENDBLK
  5
1A6
330
1A4
100
AcDbEntity
  8
0
100
AcDbBlockEnd
  0
BLOCK
  5
1CD
330
1CC
100
AcDbEntity
  8
0
100
AcDbBlockBegin
  2
ovan6x9
 70
0
 10
0.0
 20
0.0
 30
0.0
  3
ovan6x9
  1

  0
ARC
  5
1CF
330
1CC
100
AcDbEntity
  8
0
 62
2
100
AcDbCircle
 10
7.999940003966912
 20
2.999987423216225
 30
0.0
 40
3.0
100
AcDbArc
 50
270.0
 51
90.0
  0
ARC
  5
1D0
330
1CC
100
AcDbEntity
  8
0
 62
2
100
AcDbCircle
 10
1.999940003966912
 20
2.999987423216225
 30
0.0
 40
3.0
100
AcDbArc
 50
90.0
 51
270.0
  0
LINE
  5
1D1
330
1CC
100
AcDbEntity
  8
0
 62
2
100
AcDbLine
 10
1.999940003966912
 20
-1.25767837744e-05
 30
0.0
 11
7.999940003966912
 21
-1.25767837744e-05
 31
0.0
  0
LINE
  5
1D2
330
1CC
100
AcDbEntity
  8
0
 62
2
100
AcDbLine
 10
1.999940003966912
 20
5.999987423216225
 30
0.0
 11
7.999940003966912
 21
5.999987423216225
 31
0.0
  0
ENDBLK
  5
1CE
330
1CC
100
AcDbEntity
  8
0
100
AcDbBlockEnd
  0
BLOCK
  5
1D4
330
1D3
100
AcDbEntity
  8
0
100
AcDbBlockBegin
  2
HL036-1-1
 70
0
 10
0.0
 20
0.0
 30
0.0
  3
HL036-1-1
  1

  0
LWPOLYLINE
  5
1D6
330
1D3
100
AcDbEntity
  8
0
 62
1
100
AcDbPolyline
 90
4
 70
1
 10
-2.5
 20
12.25
 10
17.5
 20
12.25
 10
17.5
 20
36.25
 10
-2.5
 20
36.25
  0
CIRCLE
  5
1D7
330
1D3
100
AcDbEntity
  8
0
 62
1
100
AcDbCircle
 10
3.5
 20
31.75
 30
0.0
 40
2.0
  0
CIRCLE
  5
1D8
330
1D3
100
AcDbEntity
  8
0
 62
1
100
AcDbCircle
 10
3.5
 20
16.75
 30
0.0
 40
2.0
  0
LINE
  5
1D9
330
1D3
100
AcDbEntity
  8
0
 62
1
100
AcDbLine
 10
9.5
 20
36.25
 30
0.0
 11
9.5
 21
12.25
 31
0.0
  0
LWPOLYLINE
  5
1DA
330
1D3
100
AcDbEntity
  8
0
 62
1
100
AcDbPolyline
 90
4
 70
1
 10
0.0
 20
48.5
 10
17.5
 20
48.5
 10
17.5
 20
0.0
 10
0.0
 20
0.0
  0
CIRCLE
  5
1DB
330
1D3
100
AcDbEntity
  8
0
 62
1
100
AcDbCircle
 10
12.70000000018626
 20
16.0
 30
0.0
 40
2.5
  0
CIRCLE
  5
1DC
330
1D3
100
AcDbEntity
  8
0
 62
1
100
AcDbCircle
 10
12.70000000018626
 20
32.5
 30
0.0
 40
2.5
  0
ENDBLK
  5
1D5
330
1D3
100
AcDbEntity
  8
0
100
AcDbBlockEnd
  0
BLOCK
  5
1DE
330
1DD
100
AcDbEntity
  8
0
100
AcDbBlockBegin
  2
MS722
 70
0
 10
0.0
 20
0.0
 30
0.0
  3
MS722
  1

  0
INSERT
  5
1E0
330
1DD
100
AcDbEntity
  8
0
100
AcDbBlockReference
  2
SDGFGHGHG
 10
-860940.444367795
 20
-570770.5213009797
 30
0.0
  0
INSERT
  5
1E2
330
1DD
100
AcDbEntity
  8
0
100
AcDbBlockReference
  2
SĐFHGGH
 10
-860940.444367795
 20
-570705.4118046993
 30
0.0
  0
ENDBLK
  5
1DF
330
1DD
100
AcDbEntity
  8
0
100
AcDbBlockEnd
  0
BLOCK
  5
1E5
330
1E4
100
AcDbEntity
  8
0
100
AcDbBlockBegin
  2
HL011-1-4
 70
0
 10
0.0
 20
0.0
 30
0.0
  3
HL011-1-4
  1

  0
CIRCLE
  5
1E7
330
1E4
100
AcDbEntity
  8
0
 62
1
100
AcDbCircle
 10
26.0
 20
17.5
 30
0.0
 40
3.5
  0
ARC
  5
1E8
330
1E4
100
AcDbEntity
  8
0
 62
1
100
AcDbCircle
 10
26.0
 20
17.5
 30
0.0
 40
6.0
100
AcDbArc
 50
216.8698976456773
 51
90.0
  0
LINE
  5
1E9
330
1E4
100
AcDbEntity
  8
0
 62
1
100
AcDbLine
 10
7.0
 20
23.5
 30
0.0
 11
26.0
 21
23.5
 31
0.0
  0
LINE
  5
1EA
330
1E4
100
AcDbEntity
  8
0
 62
1
100
AcDbLine
 10
11.00000000001455
 20
0.0
 30
0.0
 11
0.0
 21
0.0
 31
0.0
  0
LINE
  5
1EB
330
1E4
100
AcDbEntity
  8
0
 62
1
100
AcDbLine
 10
11.0
 20
0.0
 30
0.0
 11
11.0
 21
19.49999999999272
 31
0.0
  0
LWPOLYLINE
  5
1EC
330
1E4
100
AcDbEntity
  8
0
 62
2
100
AcDbPolyline
 90
4
 70
0
 10
2.5
 20
0.0
 10
2.5
 20
12.0
 10
8.5
 20
12.0
 10
8.5
 20
0.0
  0
LINE
  5
1ED
330
1E4
100
AcDbEntity
  8
0
 62
1
100
AcDbLine
 10
11.0
 20
19.5
 30
0.0
 11
17.0
 21
19.5
 31
0.0
  0
LINE
  5
1EE
330
1E4
100
AcDbEntity
  8
0
 62
1
100
AcDbLine
 10
17.0
 20
19.5
 30
0.0
 11
21.19999999999709
 21
13.90000000000145
 31
0.0
  0
LINE
  5
1EF
330
1E4
100
AcDbEntity
  8
0
 62
1
100
AcDbLine
 10
0.0
 20
0.0
 30
0.0
 11
0.0
 21
10.0
 31
0.0
  0
LINE
  5
1F0
330
1E4
100
AcDbEntity
  8
0
 62
1
100
AcDbLine
 10
7.0
 20
23.5
 30
0.0
 11
0.0
 21
10.0
 31
0.0
  0
LWPOLYLINE
  5
1F1
330
1E4
100
AcDbEntity
  8
0
 62
1
100
AcDbPolyline
 90
4
 70
0
 10
5.703703703708015
 20
21.0
 10
3.0
 20
21.0
 10
3.0
 20
23.5
 10
7.0
 20
23.5
  0
HATCH
  5
1F2
330
1E4
100
AcDbEntity
  8
0
 62
2
100
AcDbHatch
 10
0.0
 20
0.0
 30
0.0
210
0.0
220
0.0
230
1.0
  2
ANSI31
 70
0
 71
0
 91
1
 92
7
 72
0
 73
1
 93
4
 10
2.5
 20
0.0
 10
8.5
 20
0.0
 10
8.5
 20
12.0
 10
2.5
 20
12.0
 97
0
 75
0
 76
1
 52
0.0
 41
0.5
 77
0
 78
1
 53
45.0
 43
0.0
 44
0.0
 45
-1.122532015133643
 46
1.122532015133644
 79
0
 47
0.0382113821138211
 98
1
 10
5.083665481544052
 20
8.387398371310882
  0
ENDBLK
  5
1E6
330
1E4
100
AcDbEntity
  8
0
100
AcDbBlockEnd
  0
BLOCK
  5
1F4
330
1F3
100
AcDbEntity
  8
0
100
AcDbBlockBegin
  2
HL036-1-2
 70
0
 10
0.0
 20
0.0
 30
0.0
  3
HL036-1-2
  1

  0
LINE
  5
1F6
330
1F3
100
AcDbEntity
  8
Ghi chu
 62
1
100
AcDbLine
 10
0.0
 20
0.0
 30
0.0
 11
-15.39999999999418
 21
0.0
 31
0.0
  0
LINE
  5
1F7
330
1F3
100
AcDbEntity
  8
Ghi chu
 62
1
100
AcDbLine
 10
0.0
 20
1.999999999992724
 30
0.0
 11
-13.39999999999418
 21
1.999999999992724
 31
0.0
  0
ARC
  5
1F8
330
1F3
100
AcDbEntity
  8
Ghi chu
 62
1
100
AcDbCircle
 10
-13.39999999999418
 20
3.0
 30
0.0
 40
1.0
100
AcDbArc
 50
180.0
 51
270.0
  0
LINE
  5
1F9
330
1F3
100
AcDbEntity
  8
Ghi chu
 62
1
100
AcDbLine
 10
0.0
 20
0.0
 30
0.0
 11
0.0
 21
1.999999999992724
 31
0.0
  0
ARC
  5
1FA
330
1F3
100
AcDbEntity
  8
Ghi chu
 62
1
100
AcDbCircle
 10
-15.39999999999418
 20
0.999999999992724
 30
0.0
 40
1.0
100
AcDbArc
 50
180.0
 51
270.0
  0
LINE
  5
1FB
330
1F3
100
AcDbEntity
  8
Ghi chu
 62
1
100
AcDbLine
 10
-14.39999999999418
 20
3.0
 30
0.0
 11
-14.39999999999418
 21
11.86544318653614
 31
0.0
  0
ARC
  5
1FC
330
1F3
100
AcDbEntity
  8
Ghi chu
 62
1
100
AcDbCircle
 10
-13.39999999999418
 20
11.86544318653614
 30
0.0
 40
1.0
100
AcDbArc
 50
71.32539173677213
 51
180.0
  0
CIRCLE
  5
1FD
330
1F3
100
AcDbEntity
  8
Ghi chu
 62
1
100
AcDbCircle
 10
-3.0
 20
13.69999999998981
 30
0.0
 40
2.1
  0
CIRCLE
  5
1FE
330
1F3
100
AcDbEntity
  8
Ghi chu
 62
1
100
AcDbCircle
 10
-3.0
 20
13.69999999998981
 30
0.0
 40
4.099999999999998
  0
LINE
  5
1FF
330
1F3
100
AcDbEntity
  8
Ghi chu
 62
1
100
AcDbLine
 10
-13.07980681549816
 20
12.81279545714642
 30
0.0
 11
-4.312792056429316
 21
9.815855690547323
 31
0.0
  0
LINE
  5
200
330
1F3
100
AcDbEntity
  8
Ghi chu
 62
1
100
AcDbLine
 10
-16.39999999999418
 20
0.999999999992724
 30
0.0
 11
-16.39999999999418
 21
14.00401710374717
 31
0.0
  0
ARC
  5
201
330
1F3
100
AcDbEntity
  8
Ghi chu
 62
1
100
AcDbCircle
 10
-15.39999999999418
 20
14.00401710374717
 30
0.0
 40
1.0
100
AcDbArc
 50
102.961620726614
 51
180.0
  0
LINE
  5
202
330
1F3
100
AcDbEntity
  8
Ghi chu
 62
1
100
AcDbLine
 10
-15.6242983273114
 20
14.97853763219609
 30
0.0
 11
-3.919623141991905
 21
17.69553416663257
 31
0.0
  0
LINE
  5
203
330
1F3
100
AcDbEntity
  8
Ghi chu
 62
1
100
AcDbLine
 10
-3.0
 20
17.80000000000291
 30
0.0
 11
-18.89999999999418
 21
17.80000000000291
 31
0.0
  0
LINE
  5
204
330
1F3
100
AcDbEntity
  8
Ghi chu
 62
1
100
AcDbLine
 10
-12.05524834657262
 20
15.80000000000291
 30
0.0
 11
-18.89999999999418
 21
15.80000000000291
 31
0.0
  0
LINE
  5
205
330
1F3
100
AcDbEntity
  8
Ghi chu
 62
1
100
AcDbLine
 10
-18.89999999999418
 20
15.80000000000291
 30
0.0
 11
-18.89999999999418
 21
17.80000000000291
 31
0.0
  0
LINE
  5
206
330
1F3
100
AcDbEntity
  8
Ghi chu
 62
1
100
AcDbLine
 10
-1.199999999999999
 20
1.999999999992724
 30
0.0
 11
-1.199999999999999
 21
0.0
 31
0.0
  0
LINE
  5
207
330
1F3
100
AcDbEntity
  8
Ghi chu
 62
1
100
AcDbLine
 10
-6.199999999999999
 20
1.999999999992724
 30
0.0
 11
-6.199999999999999
 21
0.0
 31
0.0
  0
ENDBLK
  5
1F5
330
1F3
100
AcDbEntity
  8
0
100
AcDbBlockEnd
  0
BLOCK
  5
209
330
208
100
AcDbEntity
  8
0
100
AcDbBlockBegin
  2
MS308-2-1
 70
0
 10
0.0
 20
0.0
 30
0.0
  3
MS308-2-1
  1

  0
ELLIPSE
  5
20B
330
208
100
AcDbEntity
  8
0
 62
1
100
AcDbEllipse
 10
0.0
 20
0.0
 30
0.0
 11
0.0
 21
21.0
 31
0.0
 40
0.8571428571428544
 41
3.972003137538834
 42
8.594367476820336
  0
ARC
  5
20C
330
208
100
AcDbEntity
  8
0
 62
1
100
AcDbCircle
 10
0.0
 20
-95.0
 30
0.0
 40
4.0
100
AcDbArc
 50
180.0
 51
0.0
  0
ARC
  5
20D
330
208
100
AcDbEntity
  8
0
 62
1
100
AcDbCircle
 10
0.0
 20
6.712249977186728
 30
0.0
 40
13.28775002279326
100
AcDbArc
 50
0.0
 51
180.0
  0
LINE
  5
20E
330
208
100
AcDbEntity
  8
0
 62
1
100
AcDbLine
 10
12.28775002280599
 20
6.712249977186728
 30
0.0
 11
12.28775002280599
 21
-6.869241408494416
 31
0.0
  0
LINE
  5
20F
330
208
100
AcDbEntity
  8
0
 62
1
100
AcDbLine
 10
-12.28775002280599
 20
6.712249977186728
 30
0.0
 11
-12.28775002280599
 21
-6.869241408494416
 31
0.0
  0
ARC
  5
210
330
208
100
AcDbEntity
  8
0
 62
1
100
AcDbCircle
 10
0.0
 20
5.937164051661966
 30
0.0
 40
17.74803711493563
100
AcDbArc
 50
226.1840421250448
 51
313.8159578749552
  0
ARC
  5
211
330
208
100
AcDbEntity
  8
0
 62
1
100
AcDbCircle
 10
0.0
 20
6.712249977186728
 30
0.0
 40
12.28775002279326
100
AcDbArc
 50
0.0
 51
180.0
  0
LINE
  5
212
330
208
100
AcDbEntity
  8
0
 62
1
100
AcDbLine
 10
13.28775002279144
 20
-14.16602867902838
 30
0.0
 11
4.0
 21
-95.0
 31
0.0
  0
LINE
  5
213
330
208
100
AcDbEntity
  8
0
 62
1
100
AcDbLine
 10
-4.0
 20
-95.0
 30
0.0
 11
-13.28775002280599
 21
-14.16602867902838
 31
0.0
  0
LINE
  5
214
330
208
100
AcDbEntity
  8
0
 62
1
100
AcDbLine
 10
-13.28775002280599
 20
-14.16602867902838
 30
0.0
 11
-13.28775002280599
 21
6.712249977186728
 31
0.0
  0
LINE
  5
215
330
208
100
AcDbEntity
  8
0
 62
1
100
AcDbLine
 10
13.28775002279144
 20
6.712249977186728
 30
0.0
 11
13.28775002279144
 21
-14.16602867902838
 31
0.0
  0
LWPOLYLINE
  5
216
330
208
100
AcDbEntity
  8
0
 62
1
100
AcDbPolyline
 90
4
 70
0
 10
-15.82815883938747
 20
-10.0
 10
-53.0
 20
-10.0
 10
-53.0
 20
10.0
 10
-15.82815883938747
 20
10.0
  0
LINE
  5
217
330
208
100
AcDbEntity
  8
0
 62
1
100
AcDbLine
 10
-53.0
 20
4.646649645350406
 30
0.0
 11
-46.02962448445032
 21
10.0
 31
0.0
  0
LINE
  5
218
330
208
100
AcDbEntity
  8
0
 62
1
100
AcDbLine
 10
-53.0
 20
-4.646649645350406
 30
0.0
 11
-46.02962448445032
 21
-10.0
 31
0.0
  0
ENDBLK
  5
20A
330
208
100
AcDbEntity
  8
0
100
AcDbBlockEnd
  0
BLOCK
  5
21A
330
219
100
AcDbEntity
  8
0
100
AcDbBlockBegin
  2
HL011-1-6
 70
0
 10
0.0
 20
0.0
 30
0.0
  3
HL011-1-6
  1

  0
LWPOLYLINE
  5
21C
330
219
100
AcDbEntity
  8
0
 62
1
100
AcDbPolyline
 90
2
 70
0
 10
32.0
 20
42.5
 10
32.0
 20
32.5
  0
LWPOLYLINE
  5
21D
330
219
100
AcDbEntity
  8
0
 62
1
100
AcDbPolyline
 90
6
 70
0
 10
32.0
 20
28.0
 10
32.0
 20
21.0
 10
3.0
 20
21.0
 10
3.0
 20
54.0
 10
32.0
 20
54.0
 10
32.0
 20
47.0
  0
LINE
  5
21E
330
219
100
AcDbEntity
  8
0
 62
1
100
AcDbLine
 10
20.0
 20
54.0
 30
0.0
 11
20.0
 21
21.0
 31
0.0
  0
LINE
  5
21F
330
219
100
AcDbEntity
  8
0
 62
1
100
AcDbLine
 10
20.0
 20
47.0
 30
0.0
 11
32.0
 21
47.0
 31
0.0
  0
LINE
  5
220
330
219
100
AcDbEntity
  8
0
 62
1
100
AcDbLine
 10
20.0
 20
28.0
 30
0.0
 11
32.0
 21
28.0
 31
0.0
  0
LINE
  5
221
330
219
100
AcDbEntity
  8
0
 62
1
100
AcDbLine
 10
32.0
 20
42.5
 30
0.0
 11
20.0
 21
42.5
 31
0.0
  0
LINE
  5
222
330
219
100
AcDbEntity
  8
0
 62
1
100
AcDbLine
 10
32.0
 20
32.5
 30
0.0
 11
20.0
 21
32.5
 31
0.0
  0
LWPOLYLINE
  5
223
330
219
100
AcDbEntity
  8
0
 62
1
100
AcDbPolyline
 90
6
 70
0
 10
32.0
 20
19.0
 10
32.0
 20
0.0
 10
0.0
 20
0.0
 10
0.0
 20
75.0
 10
32.0
 20
75.0
 10
32.0
 20
56.0
  0
CIRCLE
  5
224
330
219
100
AcDbEntity
  8
0
 62
1
100
AcDbCircle
 10
5.5
 20
62.5
 30
0.0
 40
3.0
  0
CIRCLE
  5
225
330
219
100
AcDbEntity
  8
0
 62
1
100
AcDbCircle
 10
5.5
 20
37.5
 30
0.0
 40
3.0
  0
CIRCLE
  5
226
330
219
100
AcDbEntity
  8
0
 62
1
100
AcDbCircle
 10
5.5
 20
12.5
 30
0.0
 40
3.0
  0
LINE
  5
227
330
219
100
AcDbEntity
  8
0
 62
1
100
AcDbLine
 10
11.0
 20
56.0
 30
0.0
 11
11.0
 21
54.0
 31
0.0
  0
LINE
  5
228
330
219
100
AcDbEntity
  8
0
 62
1
100
AcDbLine
 10
11.00000000001455
 20
21.0
 30
0.0
 11
11.00000000001455
 21
19.0
 31
0.0
  0
LINE
  5
229
330
219
100
AcDbEntity
  8
0
 62
1
100
AcDbLine
 10
11.0
 20
56.0
 30
0.0
 11
32.0
 21
56.0
 31
0.0
  0
LINE
  5
22A
330
219
100
AcDbEntity
  8
0
 62
1
100
AcDbLine
 10
11.0
 20
19.0
 30
0.0
 11
32.0
 21
19.0
 31
0.0
  0
LWPOLYLINE
  5
22B
330
219
100
AcDbEntity
  8
0
 62
1
100
AcDbPolyline
 90
4
 70
1
 10
10.0
 20
67.0
 10
32.0
 20
67.0
 10
32.0
 20
65.0
 10
10.0
 20
65.0
  0
LWPOLYLINE
  5
22C
330
219
100
AcDbEntity
  8
0
 62
1
100
AcDbPolyline
 90
4
 70
1
 10
10.0
 20
8.0
 10
32.0
 20
8.0
 10
32.0
 20
10.0
 10
10.0
 20
10.0
  0
LINE
  5
22D
330
219
100
AcDbEntity
  8
0
 62
1
100
AcDbLine
 10
29.5
 20
21.0
 30
0.0
 11
29.5
 21
19.0
 31
0.0
  0
LINE
  5
22E
330
219
100
AcDbEntity
  8
0
 62
1
100
AcDbLine
 10
29.5
 20
-3.0
 30
0.0
 11
29.5
 21
-6.0
 31
0.0
  0
LINE
  5
22F
330
219
100
AcDbEntity
  8
0
 62
1
100
AcDbLine
 10
29.5
 20
-6.0
 30
0.0
 11
22.5
 21
-6.0
 31
0.0
  0
LINE
  5
230
330
219
100
AcDbEntity
  8
0
 62
1
100
AcDbLine
 10
22.5
 20
-6.0
 30
0.0
 11
22.5
 21
-3.0
 31
0.0
  0
LINE
  5
231
330
219
100
AcDbEntity
  8
0
 62
1
100
AcDbLine
 10
22.5
 20
19.0
 30
0.0
 11
22.5
 21
21.0
 31
0.0
  0
LINE
  5
232
330
219
100
AcDbEntity
  8
0
 62
1
100
AcDbLine
 10
29.5
 20
-3.0
 30
0.0
 11
28.5
 21
-2.999999999992724
 31
0.0
  0
LINE
  5
233
330
219
100
AcDbEntity
  8
0
 62
1
100
AcDbLine
 10
23.5
 20
-2.999999999992724
 30
0.0
 11
22.5
 21
-3.0
 31
0.0
  0
LINE
  5
234
330
219
100
AcDbEntity
  8
0
 62
1
100
AcDbLine
 10
23.5
 20
0.0
 30
0.0
 11
23.5
 21
-3.0
 31
0.0
  0
LINE
  5
235
330
219
100
AcDbEntity
  8
0
 62
1
100
AcDbLine
 10
28.5
 20
0.0
 30
0.0
 11
28.5
 21
-3.0
 31
0.0
  0
LINE
  5
236
330
219
100
AcDbEntity
  8
0
 62
1
100
AcDbLine
 10
23.5
 20
0.0
 30
0.0
 11
22.5
 21
0.0
 31
0.0
  0
LINE
  5
237
330
219
100
AcDbEntity
  8
0
 62
1
100
AcDbLine
 10
28.5
 20
0.0
 30
0.0
 11
29.5
 21
0.0
 31
0.0
  0
LINE
  5
238
330
219
100
AcDbEntity
  8
0
 62
1
100
AcDbLine
 10
24.0
 20
31.0
 30
0.0
 11
28.0
 21
31.0
 31
0.0
  0
LINE
  5
239
330
219
100
AcDbEntity
  8
0
 62
1
100
AcDbLine
 10
28.90000000000873
 20
28.0
 30
0.0
 11
28.0
 21
31.0
 31
0.0
  0
LINE
  5
23A
330
219
100
AcDbEntity
  8
0
 62
1
100
AcDbLine
 10
23.09999999999127
 20
28.0
 30
0.0
 11
24.0
 21
31.0
 31
0.0
  0
LINE
  5
23B
330
219
100
AcDbEntity
  8
0
 62
1
100
AcDbLine
 10
29.5
 20
54.0
 30
0.0
 11
29.5
 21
56.0
 31
0.0
  0
LINE
  5
23C
330
219
100
AcDbEntity
  8
0
 62
1
100
AcDbLine
 10
29.5
 20
78.0
 30
0.0
 11
29.5
 21
81.0
 31
0.0
  0
LINE
  5
23D
330
219
100
AcDbEntity
  8
0
 62
1
100
AcDbLine
 10
29.5
 20
81.0
 30
0.0
 11
22.5
 21
81.0
 31
0.0
  0
LINE
  5
23E
330
219
100
AcDbEntity
  8
0
 62
1
100
AcDbLine
 10
22.5
 20
81.0
 30
0.0
 11
22.5
 21
78.0
 31
0.0
  0
LINE
  5
23F
330
219
100
AcDbEntity
  8
0
 62
1
100
AcDbLine
 10
22.5
 20
56.0
 30
0.0
 11
22.5
 21
54.0
 31
0.0
  0
LINE
  5
240
330
219
100
AcDbEntity
  8
0
 62
1
100
AcDbLine
 10
29.5
 20
78.0
 30
0.0
 11
28.5
 21
77.99999999999272
 31
0.0
  0
LINE
  5
241
330
219
100
AcDbEntity
  8
0
 62
1
100
AcDbLine
 10
23.5
 20
77.99999999999272
 30
0.0
 11
22.5
 21
78.0
 31
0.0
  0
LINE
  5
242
330
219
100
AcDbEntity
  8
0
 62
1
100
AcDbLine
 10
23.5
 20
75.0
 30
0.0
 11
23.5
 21
78.0
 31
0.0
  0
LINE
  5
243
330
219
100
AcDbEntity
  8
0
 62
1
100
AcDbLine
 10
28.5
 20
75.0
 30
0.0
 11
28.5
 21
78.0
 31
0.0
  0
LINE
  5
244
330
219
100
AcDbEntity
  8
0
 62
1
100
AcDbLine
 10
23.5
 20
75.0
 30
0.0
 11
22.5
 21
75.0
 31
0.0
  0
LINE
  5
245
330
219
100
AcDbEntity
  8
0
 62
1
100
AcDbLine
 10
28.5
 20
75.0
 30
0.0
 11
29.5
 21
75.0
 31
0.0
  0
LINE
  5
246
330
219
100
AcDbEntity
  8
0
 62
1
100
AcDbLine
 10
24.0
 20
44.0
 30
0.0
 11
28.0
 21
44.0
 31
0.0
  0
LINE
  5
247
330
219
100
AcDbEntity
  8
0
 62
1
100
AcDbLine
 10
28.89999999999418
 20
47.0
 30
0.0
 11
28.0
 21
44.0
 31
0.0
  0
LINE
  5
248
330
219
100
AcDbEntity
  8
0
 62
1
100
AcDbLine
 10
23.10000000000582
 20
47.0
 30
0.0
 11
24.0
 21
44.0
 31
0.0
  0
ENDBLK
  5
21B
330
219
100
AcDbEntity
  8
0
100
AcDbBlockEnd
  0
BLOCK
  5
24A
330
249
100
AcDbEntity
  8
0
100
AcDbBlockBegin
  2
Den XANH
 70
2
 10
0.0
 20
0.0
 30
0.0
  3
Den XANH
  1

  0
CIRCLE
  5
24C
330
249
100
AcDbEntity
  8
0
 62
7
100
AcDbCircle
 10
14.99995469494024
 20
14.99998362692713
 30
0.0
 40
15.0
  0
LINE
  5
24D
330
249
100
AcDbEntity
  8
0
 62
7
100
AcDbLine
 10
-4.53050597571e-05
 20
44.99998362692713
 30
0.0
 11
29.99995469494024
 21
44.99998362692713
 31
0.0
  0
LINE
  5
24E
330
249
100
AcDbEntity
  8
0
 62
7
100
AcDbLine
 10
29.99995469494024
 20
14.99998362692713
 30
0.0
 11
29.99995469494024
 21
44.99998362692713
 31
0.0
  0
LINE
  5
24F
330
249
100
AcDbEntity
  8
0
 62
7
100
AcDbLine
 10
-4.53050597571e-05
 20
44.99998362692713
 30
0.0
 11
-4.53050597571e-05
 21
14.99998362692713
 31
0.0
  0
LWPOLYLINE
  5
250
330
249
100
AcDbEntity
  8
0
 62
7
100
AcDbPolyline
 90
4
 70
1
 10
1.999954694940242
 20
42.99998362692713
 10
27.99995469494025
 20
42.99998362692713
 10
27.99995469494025
 20
32.99998362692714
 10
1.999954694940242
 20
32.99998362692714
  0
CIRCLE
  5
251
330
249
100
AcDbEntity
  8
07
  6
Continuous
 62
5
370
5
 48
3.0
100
AcDbCircle
 10
14.99995469494024
 20
14.99998362692713
 30
0.0
 40
11.0
  0
LINE
  5
252
330
249
100
AcDbEntity
  8
07
  6
Continuous
 62
5
370
5
 48
3.0
100
AcDbLine
 10
22.77812928799226
 20
22.77815821997915
 30
0.0
 11
7.221780101888218
 21
7.221809033875111
 31
0.0
  0
ATTDEF
  5
253
330
249
100
AcDbEntity
  8
01
  6
Continuous
 62
2
370
5
100
AcDbText
 10
5.913620722195252
 20
35.96791798923368
 30
0.0
 40
2.400000000139697
  1
R - PHASE
  7
Arial-Black
 41
1.000000000291038
 72
1
 11
15.22630830800335
 21
35.96791798923368
 31
0.0
100
AcDbAttributeDefinition
  3
Ten San Pham
  2
T-SP
 70
0
 71
1
 72
0
 11
15.22630830800335
 21
35.96791798923368
 31
0.0
  0
LINE
  5
254
330
249
100
AcDbEntity
  8
07
  6
Continuous
 62
5
370
5
 48
3.0
100
AcDbLine
 10
7.221780101888221
 20
22.77815821997915
 30
0.0
 11
22.77812928799226
 21
7.221809033875111
 31
0.0
  0
HATCH
  5
255
330
249
100
AcDbEntity
  8
0
 62
5
100
AcDbHatch
 10
0.0
 20
0.0
 30
0.0
210
0.0
220
0.0
230
1.0
  2
SOLID
 70
1
 71
0
 91
2
 92
7
 72
1
 73
1
 93
4
 10
14.99995469494024
 20
14.99998362692713
 42
0.0
 10
22.77812928799226
 20
7.221809033875109
 42
0.198912367379658
 10
25.99995469494024
 20
14.99998362692713
 42
0.198912367379658
 10
22.77812928799226
 20
22.77815821997915
 42
0.0
 97
0
 92
7
 72
1
 73
1
 93
4
 10
14.99995469494024
 20
14.99998362692713
 42
0.0
 10
7.22178010188822
 20
22.77815821997915
 42
0.198912367379658
 10
3.999954694940242
 20
14.99998362692713
 42
0.198912367379658
 10
7.221780101888218
 20
7.221809033875111
 42
0.0
 97
0
 75
0
 76
1
 47
0.0525107572166409
 98
2
 10
18.9324140735632
 20
15.03356113590959
 10
10.16203061267177
 20
14.71849664825233
450
0
451
0
460
0.0
461
0.0
452
1
462
1.0
453
2
463
0
 63
5
421
255
463
1
 63
7
421
16777215
470
LINEAR
  0
ENDBLK
  5
24B
330
249
100
AcDbEntity
  8
0
100
AcDbBlockEnd
  0
BLOCK
  5
257
330
256
100
AcDbEntity
  8
0
100
AcDbBlockBegin
  2
Den DO
 70
2
 10
0.0
 20
0.0
 30
0.0
  3
Den DO
  1

  0
CIRCLE
  5
259
330
256
100
AcDbEntity
  8
0
 62
7
100
AcDbCircle
 10
14.99995469492569
 20
14.99998362692713
 30
0.0
 40
15.0
  0
LINE
  5
25A
330
256
100
AcDbEntity
  8
0
 62
7
100
AcDbLine
 10
-4.5305074309e-05
 20
44.99998362692713
 30
0.0
 11
29.99995469492569
 21
44.99998362692713
 31
0.0
  0
LINE
  5
25B
330
256
100
AcDbEntity
  8
0
 62
7
100
AcDbLine
 10
29.99995469492569
 20
14.99998362692713
 30
0.0
 11
29.99995469492569
 21
44.99998362692713
 31
0.0
  0
LINE
  5
25C
330
256
100
AcDbEntity
  8
0
 62
7
100
AcDbLine
 10
-4.5305074309e-05
 20
44.99998362692713
 30
0.0
 11
-4.5305074309e-05
 21
14.99998362692713
 31
0.0
  0
LWPOLYLINE
  5
25D
330
256
100
AcDbEntity
  8
0
 62
7
100
AcDbPolyline
 90
4
 70
1
 10
1.999954694925691
 20
42.99998362692713
 10
27.99995469492569
 20
42.99998362692713
 10
27.99995469492569
 20
32.99998362692714
 10
1.999954694925691
 20
32.99998362692714
  0
CIRCLE
  5
25E
330
256
100
AcDbEntity
  8
07
  6
Continuous
 62
1
370
5
 48
3.0
100
AcDbCircle
 10
14.99995469492569
 20
14.99998362692713
 30
0.0
 40
11.0
  0
LINE
  5
25F
330
256
100
AcDbEntity
  8
07
  6
Continuous
 62
1
370
5
 48
3.0
100
AcDbLine
 10
22.77812928797771
 20
22.77815821997915
 30
0.0
 11
7.221780101873667
 21
7.22180903387511
 31
0.0
  0
ATTDEF
  5
260
330
256
100
AcDbEntity
  8
01
  6
Continuous
 62
2
370
5
100
AcDbText
 10
5.913620722180702
 20
35.96791798923368
 30
0.0
 40
2.400000000139697
  1
R - PHASE
  7
Arial-Black
 41
1.000000000291038
 72
1
 11
15.2263083079888
 21
35.96791798923368
 31
0.0
100
AcDbAttributeDefinition
  3
Ten San Pham
  2
T-SP
 70
0
 71
1
 72
0
 11
15.2263083079888
 21
35.96791798923368
 31
0.0
  0
LINE
  5
261
330
256
100
AcDbEntity
  8
07
  6
Continuous
 62
1
370
5
 48
3.0
100
AcDbLine
 10
7.221780101873664
 20
22.77815821997915
 30
0.0
 11
22.77812928797771
 21
7.22180903387511
 31
0.0
  0
HATCH
  5
262
330
256
100
AcDbEntity
  8
0
 62
1
100
AcDbHatch
 10
0.0
 20
0.0
 30
0.0
210
0.0
220
0.0
230
1.0
  2
SOLID
 70
1
 71
0
 91
2
 92
7
 72
1
 73
1
 93
4
 10
7.221780101873663
 20
7.221809033875108
 42
0.0
 10
14.99995469492568
 20
14.99998362692713
 42
0.0
 10
7.221780101873665
 20
22.77815821997915
 42
0.198912367379658
 10
3.999954694925689
 20
14.99998362692713
 42
0.198912367379658
 97
3
330
D598
330
D595
330
D596
 92
7
 72
1
 73
1
 93
4
 10
25.99995469492569
 20
14.99998362692713
 42
0.1989123673796581
 10
22.77812928797771
 20
22.77815821997915
 42
0.0
 10
14.99995469492569
 20
14.99998362692713
 42
0.0
 10
22.77812928797771
 20
7.221809033875105
 42
0.198912367379658
 97
3
330
D596
330
D598
330
D595
 75
0
 76
1
 47
0.0656445470910299
 98
2
 10
7.997749462102762
 20
14.8782926211432
 10
18.63348435022064
 20
15.46909361714745
450
0
451
0
460
0.0
461
0.0
452
1
462
1.0
453
2
463
0
 63
5
421
255
463
1
 63
7
421
16777215
470
LINEAR
  0
ENDBLK
  5
258
330
256
100
AcDbEntity
  8
0
100
AcDbBlockEnd
  0
BLOCK
  5
264
330
263
100
AcDbEntity
  8
0
100
AcDbBlockBegin
  2
Den VANG
 70
2
 10
0.0
 20
0.0
 30
0.0
  3
Den VANG
  1

  0
CIRCLE
  5
266
330
263
100
AcDbEntity
  8
0
 62
7
100
AcDbCircle
 10
14.99995469492569
 20
14.99998362692713
 30
0.0
 40
15.0
  0
LINE
  5
267
330
263
100
AcDbEntity
  8
0
 62
7
100
AcDbLine
 10
-4.5305074309e-05
 20
44.99998362692713
 30
0.0
 11
29.99995469492569
 21
44.99998362692713
 31
0.0
  0
LINE
  5
268
330
263
100
AcDbEntity
  8
0
 62
7
100
AcDbLine
 10
29.99995469492569
 20
14.99998362692713
 30
0.0
 11
29.99995469492569
 21
44.99998362692713
 31
0.0
  0
LINE
  5
269
330
263
100
AcDbEntity
  8
0
 62
7
100
AcDbLine
 10
-4.5305074309e-05
 20
44.99998362692713
 30
0.0
 11
-4.5305074309e-05
 21
14.99998362692713
 31
0.0
  0
LWPOLYLINE
  5
26A
330
263
100
AcDbEntity
  8
0
 62
7
100
AcDbPolyline
 90
4
 70
1
 10
1.999954694925691
 20
42.99998362692713
 10
27.99995469492569
 20
42.99998362692713
 10
27.99995469492569
 20
32.99998362692714
 10
1.999954694925691
 20
32.99998362692714
  0
CIRCLE
  5
26B
330
263
100
AcDbEntity
  8
07
  6
Continuous
 62
2
370
5
 48
3.0
100
AcDbCircle
 10
14.99995469492569
 20
14.99998362692713
 30
0.0
 40
11.0
  0
LINE
  5
26C
330
263
100
AcDbEntity
  8
07
  6
Continuous
 62
2
370
5
 48
3.0
100
AcDbLine
 10
22.77812928797771
 20
22.77815821997915
 30
0.0
 11
7.221780101873667
 21
7.22180903387511
 31
0.0
  0
ATTDEF
  5
26D
330
263
100
AcDbEntity
  8
01
  6
Continuous
 62
2
370
5
100
AcDbText
 10
5.913620722180702
 20
35.96791798923368
 30
0.0
 40
2.400000000139697
  1
R - PHASE
  7
Arial-Black
 41
1.000000000291038
 72
1
 11
15.2263083079888
 21
35.96791798923368
 31
0.0
100
AcDbAttributeDefinition
  3
Ten San Pham
  2
T-SP
 70
0
 71
1
 72
0
 11
15.2263083079888
 21
35.96791798923368
 31
0.0
  0
LINE
  5
26E
330
263
100
AcDbEntity
  8
07
  6
Continuous
 62
2
370
5
 48
3.0
100
AcDbLine
 10
7.221780101873666
 20
22.77815821997915
 30
0.0
 11
22.77812928797771
 21
7.22180903387511
 31
0.0
  0
HATCH
  5
26F
330
263
100
AcDbEntity
  8
0
 62
2
100
AcDbHatch
 10
0.0
 20
0.0
 30
0.0
210
0.0
220
0.0
230
1.0
  2
SOLID
 70
1
 71
0
 91
2
 92
7
 72
1
 73
1
 93
4
 10
22.77812928797771
 20
7.221809033875107
 42
0.198912367379658
 10
25.99995469492569
 20
14.99998362692713
 42
0.198912367379658
 10
22.77812928797771
 20
22.77815821997915
 42
0.0
 10
14.99995469492569
 20
14.99998362692713
 42
0.0
 97
3
330
D5A4
330
D5A5
330
D5A7
 92
7
 72
1
 73
1
 93
4
 10
7.221780101873662
 20
7.221809033875109
 42
0.0
 10
14.99995469492569
 20
14.99998362692713
 42
0.0
 10
7.221780101873665
 20
22.77815821997915
 42
0.198912367379658
 10
3.999954694925687
 20
14.99998362692713
 42
0.198912367379658
 97
3
330
D5A4
330
D5A5
330
D5A7
 75
0
 76
1
 47
0.0589378639461505
 98
2
 10
21.62975384444046
 20
14.44012329072172
 10
8.426035661991923
 20
15.02950197730397
450
0
451
0
460
0.0
461
0.0
452
1
462
1.0
453
2
463
0
 63
5
421
255
463
1
 63
7
421
16777215
470
LINEAR
  0
ENDBLK
  5
265
330
263
100
AcDbEntity
  8
0
100
AcDbBlockEnd
  0
BLOCK
  5
271
330
270
100
AcDbEntity
  8
0
100
AcDbBlockBegin
  2
*U5683
 70
1
 10
0.0
 20
0.0
 30
0.0
  3
*U5683
  1

  0
HATCH
  5
273
330
270
100
AcDbEntity
  8
OBJ1
 62
250
370
25
 60
1
420
3355443
100
AcDbHatch
 10
0.0
 20
0.0
 30
0.0
210
0.0
220
0.0
230
1.0
  2
SOLID
 70
1
 71
0
 91
1
 92
7
 72
0
 73
1
 93
4
 10
47.0
 20
0.999999999970896
 10
48.0
 20
2.0
 10
-48.0
 20
1.999999999970895
 10
-47.0
 20
1.0
 97
0
 75
0
 76
1
 47
0.0394779539485171
 98
1
 10
12.98456429003272
 20
1.361469099967507
450
0
451
0
460
0.0
461
0.0
452
0
462
0.0
453
0
470

  0
LINE
  5
274
330
270
100
AcDbEntity
  8
OBJ1
 62
27
370
15
 60
1
100
AcDbLine
 10
-48.0
 20
1.999999999970895
 30
0.0
 11
48.0
 21
1.999999999970895
 31
0.0
  0
HATCH
  5
275
330
270
100
AcDbEntity
  8
OBJ1
 62
250
370
25
 60
1
420
3355443
100
AcDbHatch
 10
0.0
 20
0.0
 30
0.0
210
0.0
220
0.0
230
1.0
  2
SOLID
 70
1
 71
0
 91
1
 92
7
 72
0
 73
1
 93
4
 10
47.0
 20
-93.0
 10
48.0
 20
-94.0
 10
48.0
 20
1.999999999970895
 10
47.0
 20
0.999999999970896
 97
0
 75
0
 76
1
 47
0.1615016306476229
 98
1
 10
47.35821988002863
 20
-30.61842619001982
450
0
451
0
460
0.0
461
0.0
452
0
462
0.0
453
0
470

  0
LINE
  5
276
330
270
100
AcDbEntity
  8
OBJ1
 62
27
370
15
 60
1
100
AcDbLine
 10
48.0
 20
1.999999999970895
 30
0.0
 11
48.0
 21
-94.0000000000291
 31
0.0
  0
HATCH
  5
277
330
270
100
AcDbEntity
  8
OBJ1
 62
250
370
25
 60
1
420
3355443
100
AcDbHatch
 10
0.0
 20
0.0
 30
0.0
210
0.0
220
0.0
230
1.0
  2
SOLID
 70
1
 71
0
 91
1
 92
7
 72
0
 73
1
 93
4
 10
48.0000000000582
 20
-94.0000000000291
 10
47.0
 20
-93.00000000002908
 10
-47.0
 20
-93.00000000002908
 10
-48.0
 20
-94.0000000000291
 97
0
 75
0
 76
1
 47
0.1276886633537987
 98
1
 10
10.66407209000317
 20
-93.5000568900141
450
0
451
0
460
0.0
461
0.0
452
0
462
0.0
453
0
470

  0
LINE
  5
278
330
270
100
AcDbEntity
  8
OBJ1
 62
27
370
15
 60
1
100
AcDbLine
 10
48.0
 20
-94.0000000000291
 30
0.0
 11
-48.0
 21
-94.0000000000291
 31
0.0
  0
HATCH
  5
279
330
270
100
AcDbEntity
  8
OBJ1
 62
250
370
25
 60
1
420
3355443
100
AcDbHatch
 10
0.0
 20
0.0
 30
0.0
210
0.0
220
0.0
230
1.0
  2
SOLID
 70
1
 71
0
 91
1
 92
7
 72
0
 73
1
 93
4
 10
-47.0
 20
1.0
 10
-48.0
 20
2.0
 10
-47.99999999994177
 20
-94.0000000000291
 10
-47.0
 20
-93.00000000002908
 97
0
 75
0
 76
1
 47
0.1615016306476229
 98
1
 10
-47.36335126997436
 20
-36.10942015002365
450
0
451
0
460
0.0
461
0.0
452
0
462
0.0
453
0
470

  0
LINE
  5
27A
330
270
100
AcDbEntity
  8
OBJ1
 62
27
370
15
 60
1
100
AcDbLine
 10
-48.0
 20
-94.0000000000291
 30
0.0
 11
-48.0
 21
1.999999999970895
 31
0.0
  0
HATCH
  5
27B
330
270
100
AcDbEntity
  8
OBJ1
 62
250
370
25
 60
1
420
3355443
100
AcDbHatch
 10
0.0
 20
0.0
 30
0.0
210
0.0
220
0.0
230
1.0
  2
SOLID
 70
1
 71
0
 91
1
 92
7
 72
0
 73
1
 93
4
 10
43.0
 20
-3.000000000029102
 10
44.0
 20
-2.0000000000291
 10
-44.0
 20
-2.0
 10
-43.0
 20
-3.0
 97
0
 75
0
 76
1
 47
0.0394779539485171
 98
1
 10
19.62284507998264
 20
-2.507451890007356
450
0
451
0
460
0.0
461
0.0
452
0
462
0.0
453
0
470

  0
LINE
  5
27C
330
270
100
AcDbEntity
  8
OBJ1
 62
27
370
15
 60
1
100
AcDbLine
 10
-43.0
 20
-3.0
 30
0.0
 11
43.0
 21
-3.000000000029102
 31
0.0
  0
HATCH
  5
27D
330
270
100
AcDbEntity
  8
OBJ1
 62
250
370
25
 60
1
420
3355443
100
AcDbHatch
 10
0.0
 20
0.0
 30
0.0
210
0.0
220
0.0
230
1.0
  2
SOLID
 70
1
 71
0
 91
1
 92
7
 72
0
 73
1
 93
4
 10
46.0
 20
0.0
 10
47.0
 20
0.999999999970896
 10
-47.0
 20
1.0
 10
-46.0
 20
0.0
 97
0
 75
0
 76
1
 47
0.0394779539485171
 98
1
 10
22.62567689002026
 20
0.2955779299663845
450
0
451
0
460
0.0
461
0.0
452
0
462
0.0
453
0
470

  0
LINE
  5
27E
330
270
100
AcDbEntity
  8
OBJ1
 62
27
370
15
 60
1
100
AcDbLine
 10
-47.0
 20
1.0
 30
0.0
 11
47.0
 21
0.999999999970896
 31
0.0
  0
HATCH
  5
27F
330
270
100
AcDbEntity
  8
OBJ1
 62
250
370
25
 60
1
420
3355443
100
AcDbHatch
 10
0.0
 20
0.0
 30
0.0
210
0.0
220
0.0
230
1.0
  2
SOLID
 70
1
 71
0
 91
1
 92
7
 72
0
 73
1
 93
4
 10
45.0
 20
-1.0
 10
46.0
 20
0.0
 10
-46.0
 20
0.0
 10
-45.0
 20
-1.000000000029102
 97
0
 75
0
 76
1
 47
0.0394779539485171
 98
1
 10
22.15163396002026
 20
-0.6124929400102701
450
0
451
0
460
0.0
461
0.0
452
0
462
0.0
453
0
470

  0
LINE
  5
280
330
270
100
AcDbEntity
  8
OBJ1
 62
27
370
15
 60
1
100
AcDbLine
 10
-46.0
 20
0.0
 30
0.0
 11
46.0
 21
0.0
 31
0.0
  0
HATCH
  5
281
330
270
100
AcDbEntity
  8
OBJ1
 62
250
370
25
 60
1
420
3355443
100
AcDbHatch
 10
0.0
 20
0.0
 30
0.0
210
0.0
220
0.0
230
1.0
  2
SOLID
 70
1
 71
0
 91
1
 92
7
 72
0
 73
1
 93
4
 10
44.0
 20
-2.0
 10
45.0
 20
-1.000000000029102
 10
-44.99999999994177
 20
-1.0
 10
-44.0
 20
-2.0
 97
0
 75
0
 76
1
 47
0.0394779539485171
 98
1
 10
18.79301799001405
 20
-1.717978600034256
450
0
451
0
460
0.0
461
0.0
452
0
462
0.0
453
0
470

  0
LINE
  5
282
330
270
100
AcDbEntity
  8
OBJ1
 62
27
370
15
 60
1
100
AcDbLine
 10
-45.0
 20
-1.0
 30
0.0
 11
45.0
 21
-1.0
 31
0.0
  0
LINE
  5
283
330
270
100
AcDbEntity
  8
OBJ1
 62
27
370
15
 60
1
100
AcDbLine
 10
-44.0
 20
-2.0
 30
0.0
 11
44.0
 21
-2.0
 31
0.0
  0
HATCH
  5
284
330
270
100
AcDbEntity
  8
OBJ1
 62
250
370
25
 60
1
420
3355443
100
AcDbHatch
 10
0.0
 20
0.0
 30
0.0
210
0.0
220
0.0
230
1.0
  2
SOLID
 70
1
 71
0
 91
1
 92
7
 72
0
 73
1
 93
4
 10
-43.0
 20
-89.0000000000291
 10
-43.99999999994178
 20
-90.0000000000291
 10
44.0000000000582
 20
-90.0000000000291
 10
43.0
 20
-89.0
 97
0
 75
0
 76
1
 47
0.1276886633537987
 98
1
 10
17.56541143002687
 20
-89.2863106300065
450
0
451
0
460
0.0
461
0.0
452
0
462
0.0
453
0
470

  0
LINE
  5
285
330
270
100
AcDbEntity
  8
OBJ1
 62
27
370
15
 60
1
100
AcDbLine
 10
-43.0
 20
-89.0
 30
0.0
 11
43.0
 21
-89.0
 31
0.0
  0
HATCH
  5
286
330
270
100
AcDbEntity
  8
OBJ1
 62
250
370
25
 60
1
420
3355443
100
AcDbHatch
 10
0.0
 20
0.0
 30
0.0
210
0.0
220
0.0
230
1.0
  2
SOLID
 70
1
 71
0
 91
1
 92
7
 72
0
 73
1
 93
4
 10
-46.0
 20
-92.00000000002908
 10
-47.0
 20
-93.0
 10
47.0
 20
-93.00000000002908
 10
46.0
 20
-92.00000000002908
 97
0
 75
0
 76
1
 47
0.1276886633537987
 98
1
 10
11.17540683998959
 20
-92.47859334002717
450
0
451
0
460
0.0
461
0.0
452
0
462
0.0
453
0
470

  0
LINE
  5
287
330
270
100
AcDbEntity
  8
OBJ1
 62
27
370
15
 60
1
100
AcDbLine
 10
-47.0
 20
-93.0
 30
0.0
 11
47.0
 21
-93.00000000002908
 31
0.0
  0
HATCH
  5
288
330
270
100
AcDbEntity
  8
OBJ1
 62
250
370
25
 60
1
420
3355443
100
AcDbHatch
 10
0.0
 20
0.0
 30
0.0
210
0.0
220
0.0
230
1.0
  2
SOLID
 70
1
 71
0
 91
1
 92
7
 72
0
 73
1
 93
4
 10
-45.0
 20
-91.0
 10
-46.0
 20
-92.0
 10
46.0
 20
-92.00000000002908
 10
45.0
 20
-91.00000000002912
 97
0
 75
0
 76
1
 47
0.1276886633537987
 98
1
 10
11.43107421998866
 20
-91.32942361003371
450
0
451
0
460
0.0
461
0.0
452
0
462
0.0
453
0
470

  0
LINE
  5
289
330
270
100
AcDbEntity
  8
OBJ1
 62
27
370
15
 60
1
100
AcDbLine
 10
-46.0
 20
-92.0
 30
0.0
 11
46.0
 21
-92.00000000002908
 31
0.0
  0
HATCH
  5
28A
330
270
100
AcDbEntity
  8
OBJ1
 62
250
370
25
 60
1
420
3355443
100
AcDbHatch
 10
0.0
 20
0.0
 30
0.0
210
0.0
220
0.0
230
1.0
  2
SOLID
 70
1
 71
0
 91
1
 92
7
 72
0
 73
1
 93
4
 10
45.0
 20
-91.00000000002912
 10
44.0
 20
-90.0000000000291
 10
-44.0
 20
-90.0
 10
-45.0
 20
-91.0
 97
0
 75
0
 76
1
 47
0.1276886633537987
 98
1
 10
19.61007851001341
 20
-90.5631865300238
450
0
451
0
460
0.0
461
0.0
452
0
462
0.0
453
0
470

  0
LINE
  5
28B
330
270
100
AcDbEntity
  8
OBJ1
 62
27
370
15
 60
1
100
AcDbLine
 10
-45.0
 20
-91.0
 30
0.0
 11
45.0
 21
-91.00000000002912
 31
0.0
  0
LINE
  5
28C
330
270
100
AcDbEntity
  8
OBJ1
 62
27
370
15
 60
1
100
AcDbLine
 10
-44.0
 20
-90.0
 30
0.0
 11
44.0
 21
-90.0000000000291
 31
0.0
  0
HATCH
  5
28D
330
270
100
AcDbEntity
  8
OBJ1
 62
250
370
25
 60
1
420
3355443
100
AcDbHatch
 10
0.0
 20
0.0
 30
0.0
210
0.0
220
0.0
230
1.0
  2
SOLID
 70
1
 71
0
 91
1
 92
7
 72
0
 73
1
 93
4
 10
-43.0
 20
-3.000000000058206
 10
-44.0
 20
-2.000000000087311
 10
-44.0
 20
-90.0
 10
-43.0
 20
-89.0
 97
0
 75
0
 76
1
 47
0.1615016306476229
 98
1
 10
-43.4839936000062
 20
-27.3884078800329
450
0
451
0
460
0.0
461
0.0
452
0
462
0.0
453
0
470

  0
LINE
  5
28E
330
270
100
AcDbEntity
  8
OBJ1
 62
27
370
15
 60
1
100
AcDbLine
 10
-43.0
 20
-3.000000000058206
 30
0.0
 11
-43.0
 21
-89.0000000000291
 31
0.0
  0
HATCH
  5
28F
330
270
100
AcDbEntity
  8
OBJ1
 62
250
370
25
 60
1
420
3355443
100
AcDbHatch
 10
0.0
 20
0.0
 30
0.0
210
0.0
220
0.0
230
1.0
  2
SOLID
 70
1
 71
0
 91
1
 92
7
 72
0
 73
1
 93
4
 10
44.0
 20
-2.0000000000291
 10
43.0000000000582
 20
-2.999999999970896
 10
43.0
 20
-89.0
 10
44.0
 20
-90.0000000000291
 97
0
 75
0
 76
1
 47
0.1615016306476229
 98
1
 10
43.80205802002456
 20
-32.71786374002113
450
0
451
0
460
0.0
461
0.0
452
0
462
0.0
453
0
470

  0
LINE
  5
290
330
270
100
AcDbEntity
  8
OBJ1
 62
27
370
15
 60
1
100
AcDbLine
 10
43.0
 20
-3.0
 30
0.0
 11
43.0
 21
-89.0000000000291
 31
0.0
  0
HATCH
  5
291
330
270
100
AcDbEntity
  8
OBJ1
 62
250
370
25
 60
1
420
3355443
100
AcDbHatch
 10
0.0
 20
0.0
 30
0.0
210
0.0
220
0.0
230
1.0
  2
SOLID
 70
1
 71
0
 91
1
 92
7
 72
0
 73
1
 93
4
 10
-45.99999999994177
 20
-2.91038e-11
 10
-47.0
 20
1.0
 10
-47.0
 20
-93.0
 10
-46.0
 20
-92.00000000002908
 97
0
 75
0
 76
1
 47
0.1615016306476229
 98
1
 10
-46.2318299600156
 20
-33.84844450000674
450
0
451
0
460
0.0
461
0.0
452
0
462
0.0
453
0
470

  0
LINE
  5
292
330
270
100
AcDbEntity
  8
OBJ1
 62
27
370
15
 60
1
100
AcDbLine
 10
-47.0
 20
0.9999999999417925
 30
0.0
 11
-47.0
 21
-93.00000000002908
 31
0.0
  0
HATCH
  5
293
330
270
100
AcDbEntity
  8
OBJ1
 62
250
370
25
 60
1
420
3355443
100
AcDbHatch
 10
0.0
 20
0.0
 30
0.0
210
0.0
220
0.0
230
1.0
  2
SOLID
 70
1
 71
0
 91
1
 92
7
 72
0
 73
1
 93
4
 10
-45.0
 20
-1.000000000029102
 10
-46.0
 20
-2.91038e-11
 10
-46.0
 20
-92.0000000000582
 10
-45.0
 20
-91.0
 97
0
 75
0
 76
1
 47
0.1615016306476229
 98
1
 10
-45.10030863998689
 20
-34.97902527003316
450
0
451
0
460
0.0
461
0.0
452
0
462
0.0
453
0
470

  0
LINE
  5
294
330
270
100
AcDbEntity
  8
OBJ1
 62
27
370
15
 60
1
100
AcDbLine
 10
-46.0
 20
-5.82077e-11
 30
0.0
 11
-46.0
 21
-92.00000000002908
 31
0.0
  0
HATCH
  5
295
330
270
100
AcDbEntity
  8
OBJ1
 62
250
370
25
 60
1
420
3355443
100
AcDbHatch
 10
0.0
 20
0.0
 30
0.0
210
0.0
220
0.0
230
1.0
  2
SOLID
 70
1
 71
0
 91
1
 92
7
 72
0
 73
1
 93
4
 10
-44.0
 20
-2.0000000000291
 10
-45.0
 20
-1.000000000029102
 10
-45.0
 20
-91.00000000002912
 10
-44.0
 20
-90.0
 97
0
 75
0
 76
1
 47
0.1615016306476229
 98
1
 10
-44.2923191000009
 20
-30.61842619001982
450
0
451
0
460
0.0
461
0.0
452
0
462
0.0
453
0
470

  0
LINE
  5
296
330
270
100
AcDbEntity
  8
OBJ1
 62
27
370
15
 60
1
100
AcDbLine
 10
-45.0
 20
-1.000000000058204
 30
0.0
 11
-45.0
 21
-91.0
 31
0.0
  0
LINE
  5
297
330
270
100
AcDbEntity
  8
OBJ1
 62
27
370
15
 60
1
100
AcDbLine
 10
-44.0
 20
-2.000000000058204
 30
0.0
 11
-44.0
 21
-90.0000000000291
 31
0.0
  0
HATCH
  5
298
330
270
100
AcDbEntity
  8
OBJ1
 62
250
370
25
 60
1
420
3355443
100
AcDbHatch
 10
0.0
 20
0.0
 30
0.0
210
0.0
220
0.0
230
1.0
  2
SOLID
 70
1
 71
0
 91
1
 92
7
 72
0
 73
1
 93
4
 10
46.0
 20
-92.00000000002908
 10
47.0
 20
-93.0
 10
47.0
 20
0.999999999970896
 10
46.0
 20
-2.91038e-11
 97
0
 75
0
 76
1
 47
0.1615016306476229
 98
1
 10
46.38829646998781
 20
-31.10285458000726
450
0
451
0
460
0.0
461
0.0
452
0
462
0.0
453
0
470

  0
LINE
  5
299
330
270
100
AcDbEntity
  8
OBJ1
 62
27
370
15
 60
1
100
AcDbLine
 10
47.0
 20
1.0
 30
0.0
 11
47.0
 21
-93.00000000002908
 31
0.0
  0
HATCH
  5
29A
330
270
100
AcDbEntity
  8
OBJ1
 62
250
370
25
 60
1
420
3355443
100
AcDbHatch
 10
0.0
 20
0.0
 30
0.0
210
0.0
220
0.0
230
1.0
  2
SOLID
 70
1
 71
0
 91
1
 92
7
 72
0
 73
1
 93
4
 10
45.00000000005822
 20
-91.0
 10
46.0
 20
-91.99999999997087
 10
46.00000000005818
 20
0.0
 10
45.00000000005822
 20
-1.0
 97
0
 75
0
 76
1
 47
0.1615016306476229
 98
1
 10
45.41837307001697
 20
-31.74882107001031
450
0
451
0
460
0.0
461
0.0
452
0
462
0.0
453
0
470

  0
LINE
  5
29B
330
270
100
AcDbEntity
  8
OBJ1
 62
27
370
15
 60
1
100
AcDbLine
 10
46.0
 20
0.0
 30
0.0
 11
46.0
 21
-92.0
 31
0.0
  0
HATCH
  5
29C
330
270
100
AcDbEntity
  8
OBJ1
 62
250
370
25
 60
1
420
3355443
100
AcDbHatch
 10
0.0
 20
0.0
 30
0.0
210
0.0
220
0.0
230
1.0
  2
SOLID
 70
1
 71
0
 91
1
 92
7
 72
0
 73
1
 93
4
 10
45.0
 20
-1.0
 10
44.0
 20
-2.000000000058204
 10
44.0
 20
-90.0000000000291
 10
45.0
 20
-91.0
 97
0
 75
0
 76
1
 47
0.1615016306476229
 98
1
 10
44.61038353003096
 20
-31.58746886003064
450
0
451
0
460
0.0
461
0.0
452
0
462
0.0
453
0
470

  0
LINE
  5
29D
330
270
100
AcDbEntity
  8
OBJ1
 62
27
370
15
 60
1
100
AcDbLine
 10
45.0
 20
-1.0
 30
0.0
 11
45.0
 21
-91.0
 31
0.0
  0
LINE
  5
29E
330
270
100
AcDbEntity
  8
OBJ1
 62
27
370
15
 60
1
100
AcDbLine
 10
44.0
 20
-2.0
 30
0.0
 11
44.0
 21
-90.0000000000291
 31
0.0
  0
LINE
  5
29F
330
270
100
AcDbEntity
  8
OBJ1
 62
27
370
15
 60
1
100
AcDbLine
 10
-43.0
 20
-3.000000000058206
 30
0.0
 11
-48.0
 21
1.999999999970895
 31
0.0
  0
LINE
  5
2A0
330
270
100
AcDbEntity
  8
OBJ1
 62
27
370
15
 60
1
100
AcDbLine
 10
43.0
 20
-3.000000000029102
 30
0.0
 11
48.0
 21
1.999999999970895
 31
0.0
  0
LINE
  5
2A1
330
270
100
AcDbEntity
  8
OBJ1
 62
27
370
15
 60
1
100
AcDbLine
 10
-48.0
 20
-94.0000000000291
 30
0.0
 11
-43.0
 21
-89.0000000000291
 31
0.0
  0
LINE
  5
2A2
330
270
100
AcDbEntity
  8
OBJ1
 62
27
370
15
 60
1
100
AcDbLine
 10
43.0
 20
-89.0000000000291
 30
0.0
 11
48.0
 21
-94.0000000000291
 31
0.0
  0
HATCH
  5
2A3
330
270
100
AcDbEntity
  8
OBJ1
 62
9
370
25
 60
1
420
12763830
100
AcDbHatch
 10
0.0
 20
0.0
 30
0.0
210
0.0
220
0.0
230
1.0
  2
SOLID
 70
1
 71
0
 91
2
 92
7
 72
1
 73
1
 93
9
 10
42.5
 20
-6.000000000058207
 42
0.4142135623765049
 10
40.0
 20
-3.500000000029102
 42
0.0
 10
-40.0
 20
-3.500000000058206
 42
0.4142135623730951
 10
-42.5
 20
-6.000000000058207
 42
0.0
 10
-42.49999999994178
 20
-86.0
 42
0.4142153500525573
 10
-39.99998474115272
 20
-88.49999999995266
 42
-1.525884727e-06
 10
-40.0
 20
-88.49999999999999
 42
0.0
 10
40.0
 20
-88.49999999999999
 42
0.4142135623730951
 10
42.5
 20
-86.0
 42
0.0
 97
0
 92
22
 72
0
 73
1
 93
4
 10
37.5
 20
-83.49999999999999
 10
-37.5
 20
-83.49999999999999
 10
-37.49999999994179
 20
-8.500000000058208
 10
37.5
 20
-8.500000000058208
 97
0
 75
0
 76
1
 47
0.2907889448703623
 98
3
 10
40.96216797002123
 20
-68.95686237001792
 10
40.96216797002123
 20
-68.95686237001792
 10
28.4472331199795
 20
-74.19114274001912
450
0
451
0
460
0.0
461
0.0
452
0
462
0.0
453
0
470

  0
LINE
  5
2A4
330
270
100
AcDbEntity
  8
OBJ1
 62
9
370
15
 60
1
420
12763830
100
AcDbLine
 10
-40.0
 20
-3.500000000058206
 30
0.0
 11
40.0
 21
-3.500000000029102
 31
0.0
  0
LINE
  5
2A5
330
270
100
AcDbEntity
  8
OBJ1
 62
9
370
15
 60
1
420
12763830
100
AcDbLine
 10
42.5
 20
-6.000000000058207
 30
0.0
 11
42.5
 21
-86.0
 31
0.0
  0
LINE
  5
2A6
330
270
100
AcDbEntity
  8
OBJ1
 62
9
370
15
 60
1
420
12763830
100
AcDbLine
 10
-42.5
 20
-6.000000000058207
 30
0.0
 11
-42.49999999994178
 21
-86.0
 31
0.0
  0
LINE
  5
2A7
330
270
100
AcDbEntity
  8
OBJ1
 62
9
370
15
 60
1
420
12763830
100
AcDbLine
 10
-40.0
 20
-88.49999999999999
 30
0.0
 11
40.0
 21
-88.49999999999999
 31
0.0
  0
HATCH
  5
2A8
330
270
100
AcDbEntity
  8
OBJ1
 62
252
370
25
 60
1
420
10395274
100
AcDbHatch
 10
0.0
 20
0.0
 30
0.0
210
0.0
220
0.0
230
1.0
  2
SOLID
 70
1
 71
0
 91
1
 92
7
 72
1
 73
1
 93
8
 10
37.5
 20
-11.0000000000582
 42
0.4142135623730951
 10
35.0
 20
-8.500000000058208
 42
0.0
 10
-35.0
 20
-8.500000000058208
 42
0.4142135623662757
 10
-37.49999999994179
 20
-11.0000000000582
 42
0.0
 10
-37.5
 20
-81.0
 42
0.4142135623730951
 10
-35.0
 20
-83.49999999999999
 42
0.0
 10
35.0
 20
-83.49999999999999
 42
0.4142135623696853
 10
37.5
 20
-81.0000000000291
 42
0.0
 97
0
 75
0
 76
1
 47
0.2930399968653012
 98
2
 10
11.34641170001123
 20
-36.67805654002587
 10
21.6117424099939
 20
-64.51688842001022
450
0
451
0
460
0.0
461
0.0
452
0
462
0.0
453
0
470

  0
LINE
  5
2A9
330
270
100
AcDbEntity
  8
OBJ1
 62
9
370
15
 60
1
420
12763830
100
AcDbLine
 10
-35.0
 20
-8.500000000058208
 30
0.0
 11
35.0
 21
-8.500000000058208
 31
0.0
  0
LINE
  5
2AA
330
270
100
AcDbEntity
  8
OBJ1
 62
9
370
15
 60
1
420
12763830
100
AcDbLine
 10
-37.49999999994179
 20
-11.0000000000582
 30
0.0
 11
-37.5
 21
-81.0
 31
0.0
  0
LINE
  5
2AB
330
270
100
AcDbEntity
  8
OBJ1
 62
9
370
15
 60
1
420
12763830
100
AcDbLine
 10
37.5
 20
-11.0000000000582
 30
0.0
 11
37.5
 21
-81.0000000000291
 31
0.0
  0
LINE
  5
2AC
330
270
100
AcDbEntity
  8
OBJ1
 62
9
370
15
 60
1
420
12763830
100
AcDbLine
 10
-35.0
 20
-83.49999999999999
 30
0.0
 11
35.0
 21
-83.49999999999999
 31
0.0
  0
ARC
  5
2AD
330
270
100
AcDbEntity
  8
OBJ1
 62
9
370
15
 60
1
420
12763830
100
AcDbCircle
 10
-40.0
 20
-6.000000000058207
 30
0.0
 40
2.5
100
AcDbArc
 50
90.0
 51
180.0
  0
ARC
  5
2AE
330
270
100
AcDbEntity
  8
OBJ1
 62
9
370
15
 60
1
420
12763830
100
AcDbCircle
 10
-35.0
 20
-11.0000000000582
 30
0.0
 40
2.5
100
AcDbArc
 50
90.0
 51
180.0
  0
ARC
  5
2AF
330
270
100
AcDbEntity
  8
OBJ1
 62
9
370
15
 60
1
420
12763830
100
AcDbCircle
 10
-40.0
 20
-86.0
 30
0.0
 40
2.5
100
AcDbArc
 50
180.0
 51
270.0
  0
ARC
  5
2B0
330
270
100
AcDbEntity
  8
OBJ1
 62
9
370
15
 60
1
420
12763830
100
AcDbCircle
 10
-35.0
 20
-81.0
 30
0.0
 40
2.5
100
AcDbArc
 50
180.0
 51
270.0
  0
ARC
  5
2B1
330
270
100
AcDbEntity
  8
OBJ1
 62
9
370
15
 60
1
420
12763830
100
AcDbCircle
 10
40.0
 20
-86.0
 30
0.0
 40
2.5
100
AcDbArc
 50
270.0
 51
0.0
  0
ARC
  5
2B2
330
270
100
AcDbEntity
  8
OBJ1
 62
9
370
15
 60
1
420
12763830
100
AcDbCircle
 10
35.0
 20
-81.0000000000291
 30
0.0
 40
2.5
100
AcDbArc
 50
270.0
 51
0.0
  0
ARC
  5
2B3
330
270
100
AcDbEntity
  8
OBJ1
 62
9
370
15
 60
1
420
12763830
100
AcDbCircle
 10
40.0
 20
-6.000000000058207
 30
0.0
 40
2.5
100
AcDbArc
 50
0.0
 51
90.0
  0
ARC
  5
2B4
330
270
100
AcDbEntity
  8
OBJ1
 62
9
370
15
 60
1
420
12763830
100
AcDbCircle
 10
35.0
 20
-11.0000000000582
 30
0.0
 40
2.5
100
AcDbArc
 50
0.0
 51
90.0
  0
HATCH
  5
2B5
330
270
100
AcDbEntity
  8
OBJ1
 62
250
370
25
 60
1
420
2829099
100
AcDbHatch
 10
0.0
 20
0.0
 30
0.0
210
0.0
220
0.0
230
1.0
  2
SOLID
 70
1
 71
0
 91
1
 92
7
 72
1
 73
1
 93
4
 10
13.55572809005389
 20
-67.5
 42
0.0
 10
-21.7536104900064
 20
-67.5
 42
0.0
 10
-23.23251691000769
 20
-68.5000000000291
 42
0.0
 10
13.5
 20
-68.5
 42
-0.0278424447443727
 97
0
 75
0
 76
1
 47
0.0725116146917012
 98
2
 10
-3.97044945997186
 20
-67.96253871000954
 10
-3.97044945997186
 20
-69.05017897000653
450
0
451
0
460
0.0
461
0.0
452
0
462
0.0
453
0
470

  0
HATCH
  5
2B6
330
270
100
AcDbEntity
  8
OBJ1
 62
250
370
25
 60
1
420
2829099
100
AcDbHatch
 10
0.0
 20
0.0
 30
0.0
210
0.0
220
0.0
230
1.0
  2
SOLID
 70
1
 71
0
 91
1
 92
7
 72
1
 73
1
 93
4
 10
13.5
 20
-68.5
 42
0.0
 10
-23.23251690994948
 20
-68.5
 42
0.0
 10
-21.7536104900064
 20
-69.5
 42
0.0
 10
13.55572809005389
 20
-69.5
 42
-0.0278424447447772
 97
0
 75
0
 76
1
 47
0.0725116146917012
 98
2
 10
-3.97044945997186
 20
-67.96253871000954
 10
-3.97044945997186
 20
-69.05017897000653
450
0
451
0
460
0.0
461
0.0
452
0
462
0.0
453
0
470

  0
HATCH
  5
2B7
330
270
100
AcDbEntity
  8
OBJ1
 62
250
370
25
 60
1
420
2829099
100
AcDbHatch
 10
0.0
 20
0.0
 30
0.0
210
0.0
220
0.0
230
1.0
  2
SOLID
 70
1
 71
0
 91
1
 92
7
 72
1
 73
1
 93
5
 10
20.51880285004154
 20
-67.68839377563563
 42
0.0
 10
20.51880285004154
 20
-67.5
 42
0.0
 10
13.55572809005389
 20
-67.5
 42
0.0278424447445749
 10
13.5
 20
-68.5
 42
0.0
 10
19.71303023712244
 20
-68.5
 42
0.0
 97
0
 75
0
 76
1
 47
0.0199577547765378
 98
4
 10
17.09439216001192
 20
-68.19006762001663
 10
16.99360345001332
 20
-68.99738631001675
 10
20.35289134999039
 20
-68.30141552002169
 10
20.21548273001099
 20
-69.07527407002635
450
0
451
0
460
0.0
461
0.0
452
0
462
0.0
453
0
470

  0
HATCH
  5
2B8
330
270
100
AcDbEntity
  8
OBJ1
 62
250
370
25
 60
1
420
2829099
100
AcDbHatch
 10
0.0
 20
0.0
 30
0.0
210
0.0
220
0.0
230
1.0
  2
SOLID
 70
1
 71
0
 91
1
 92
7
 72
0
 73
1
 93
4
 10
20.51880285004154
 20
-68.5
 10
19.71303023712244
 20
-68.5
 10
18.72021797328489
 20
-69.5000000000291
 10
20.51880285004154
 20
-69.5
 97
0
 75
0
 76
1
 47
0.0199577547765378
 98
4
 10
17.09439216001192
 20
-68.19006762001663
 10
16.99360345001332
 20
-68.99738631001675
 10
20.35289134999039
 20
-68.30141552002169
 10
20.21548273001099
 20
-69.07527407002635
450
0
451
0
460
0.0
461
0.0
452
0
462
0.0
453
0
470

  0
HATCH
  5
2B9
330
270
100
AcDbEntity
  8
OBJ1
 62
250
370
25
 60
1
420
2829099
100
AcDbHatch
 10
0.0
 20
0.0
 30
0.0
210
0.0
220
0.0
230
1.0
  2
SOLID
 70
1
 71
0
 91
1
 92
23
 72
0
 73
1
 93
3
 10
19.71303023706423
 20
-68.5
 10
20.51880285004154
 20
-68.5
 10
20.51880285004154
 20
-67.68839377563563
 97
0
 75
0
 76
1
 47
0.0199577547765378
 98
4
 10
17.09439216001192
 20
-68.19006762001663
 10
16.99360345001332
 20
-68.99738631001675
 10
20.35289134999039
 20
-68.30141552002169
 10
20.21548273001099
 20
-69.07527407002635
450
0
451
0
460
0.0
461
0.0
452
0
462
0.0
453
0
470

  0
HATCH
  5
2BA
330
270
100
AcDbEntity
  8
OBJ1
 62
250
370
25
 60
1
420
2829099
100
AcDbHatch
 10
0.0
 20
0.0
 30
0.0
210
0.0
220
0.0
230
1.0
  2
SOLID
 70
1
 71
0
 91
1
 92
7
 72
1
 73
1
 93
4
 10
19.71303023706423
 20
-68.5
 42
0.0
 10
13.5
 20
-68.5
 42
0.0278424447445749
 10
13.55572809005389
 20
-69.5
 42
0.0
 10
18.72021797328489
 20
-69.5
 42
0.0
 97
0
 75
0
 76
1
 47
0.0199577547765378
 98
4
 10
17.09439216001192
 20
-68.19006762001663
 10
16.99360345001332
 20
-68.99738631001675
 10
20.35289134999039
 20
-68.30141552002169
 10
20.21548273001099
 20
-69.07527407002635
450
0
451
0
460
0.0
461
0.0
452
0
462
0.0
453
0
470

  0
HATCH
  5
2BB
330
270
100
AcDbEntity
  8
OBJ1
 62
250
370
30
 60
1
420
3684408
100
AcDbHatch
 10
0.0
 20
0.0
 30
0.0
210
0.0
220
0.0
230
1.0
  2
SOLID
 70
1
 71
0
 91
1
 92
7
 72
1
 73
1
 93
4
 10
24.37288244738011
 20
-67.85389359595139
 42
-0.6427278185515247
 10
21.76146960729966
 20
-70.33840012134169
 42
0.0
 10
26.33391177840531
 20
-73.25186587811912
 42
-0.1088530434462636
 10
27.24561513011577
 20
-72.3379054996185
 42
0.0
 97
0
 75
0
 76
1
 47
0.0418258830421949
 98
7
 10
21.11427407001611
 20
-63.11026154001592
 10
15.96531454002252
 20
-70.59715252002934
 10
19.06322370003909
 20
-70.9735790300183
 10
24.96574687003158
 20
-74.11046664000605
 10
25.63531991001219
 20
-71.39183071002482
 10
27.89601080003194
 20
-70.0534253300284
 10
25.38435599999502
 20
-66.12167364000922
450
0
451
0
460
0.0
461
0.0
452
0
462
0.0
453
0
470

  0
HATCH
  5
2BC
330
270
100
AcDbEntity
  8
OBJ1
 62
250
370
30
 60
1
420
1315860
100
AcDbHatch
 10
0.0
 20
0.0
 30
0.0
210
0.0
220
0.0
230
1.0
  2
SOLID
 70
1
 71
0
 91
1
 92
7
 72
1
 73
1
 93
10
 10
21.19600290030939
 20
-67.00844587391475
 42
-0.0042167664576053
 10
21.22134518559324
 20
-66.98666460669483
 42
0.0
 10
27.39304720627842
 20
-60.94631950388428
 42
0.5574766440334369
 10
13.55572808999568
 20
-67.5
 42
0.0
 10
20.51880285004154
 20
-67.5000000000291
 42
0.0
 10
20.51880285004154
 20
-67.68839377563563
 42
0.0
 10
20.87248144712066
 20
-67.33215462553198
 42
0.0
 10
17.08868079999229
 20
-63.9387716500205
 42
0.0
 10
17.23986387992045
 20
-63.78281025009346
 42
0.0
 10
17.39944601000752
 20
-63.6292654100107
 42
0.0
 97
0
 75
0
 76
1
 47
0.0472005958807691
 98
1
 10
20.89412675000494
 20
-63.78132313000969
450
0
451
0
460
0.0
461
0.0
452
0
462
0.0
453
0
470

  0
HATCH
  5
2BD
330
270
100
AcDbEntity
  8
OBJ1
 62
250
370
30
 60
1
420
1315860
100
AcDbHatch
 10
0.0
 20
0.0
 30
0.0
210
0.0
220
0.0
230
1.0
  2
SOLID
 70
1
 71
0
 91
1
 92
7
 72
1
 73
1
 93
3
 10
13.55572808999568
 20
-69.5
 42
0.1145223432116406
 10
14.91049905348336
 20
-73.33730042300884
 42
0.0
 10
18.72021797328489
 20
-69.5000000000291
 42
0.0
 97
0
 75
0
 76
1
 47
0.0472005958807691
 98
5
 10
15.55568443000083
 20
-70.71983968000859
 10
19.57144283998059
 20
-71.38067733001662
 10
23.06713147001574
 20
-72.70216676002019
 10
26.98814848001348
 20
-69.96457009002916
 10
25.09869602002436
 20
-66.23562399001094
450
0
451
0
460
0.0
461
0.0
452
0
462
0.0
453
0
470

  0
HATCH
  5
2BE
330
270
100
AcDbEntity
  8
OBJ1
 62
250
370
30
 60
1
420
1315860
100
AcDbHatch
 10
0.0
 20
0.0
 30
0.0
210
0.0
220
0.0
230
1.0
  2
SOLID
 70
1
 71
0
 91
1
 92
7
 72
1
 73
1
 93
7
 10
28.78016778122401
 20
-62.05333476598025
 42
0.0494178174529369
 10
27.39304720627842
 20
-60.94631950388428
 42
0.0
 10
21.22134518559324
 20
-66.98666460672393
 42
-0.5270277874007132
 10
24.3728824473219
 20
-67.85389359580586
 42
0.0
 10
24.97557758889161
 20
-68.79463277614559
 42
0.0
 10
27.32459153031232
 20
-66.37876603519544
 42
0.0
 10
26.33788031077711
 20
-64.56037124589784
 42
0.0
 97
0
 75
0
 76
1
 47
0.0472005958807691
 98
5
 10
15.55568443000083
 20
-70.71983968000859
 10
19.57144283998059
 20
-71.38067733001662
 10
23.06713147001574
 20
-72.70216676002019
 10
26.98814848001348
 20
-69.96457009002916
 10
25.09869602002436
 20
-66.23562399001094
450
0
451
0
460
0.0
461
0.0
452
0
462
0.0
453
0
470

  0
HATCH
  5
2BF
330
270
100
AcDbEntity
  8
OBJ1
 62
250
370
30
 60
1
420
1315860
100
AcDbHatch
 10
0.0
 20
0.0
 30
0.0
210
0.0
220
0.0
230
1.0
  2
SOLID
 70
1
 71
0
 91
1
 92
7
 72
1
 73
1
 93
4
 10
24.97557758889161
 20
-68.79463277614559
 42
0.0
 10
27.24561513011577
 20
-72.3379054996185
 42
-0.3059790122550429
 10
30.60205770644825
 20
-72.41875757375963
 42
0.0
 10
27.32459153031232
 20
-66.37876603522454
 42
0.0
 97
0
 75
0
 76
1
 47
0.0472005958807691
 98
5
 10
15.55568443000083
 20
-70.71983968000859
 10
19.57144283998059
 20
-71.38067733001662
 10
23.06713147001574
 20
-72.70216676002019
 10
26.98814848001348
 20
-69.96457009002916
 10
25.09869602002436
 20
-66.23562399001094
450
0
451
0
460
0.0
461
0.0
452
0
462
0.0
453
0
470

  0
HATCH
  5
2C0
330
270
100
AcDbEntity
  8
OBJ1
 62
250
370
30
 60
1
420
1315860
100
AcDbHatch
 10
0.0
 20
0.0
 30
0.0
210
0.0
220
0.0
230
1.0
  2
SOLID
 70
1
 71
0
 91
1
 92
7
 72
1
 73
1
 93
5
 10
20.66026822099229
 20
-73.51189117287869
 42
0.0
 10
26.41875757375965
 20
-76.60205770644825
 42
-0.1557283884280691
 10
25.86396103067091
 20
-74.86396103070001
 42
-0.1427860682761905
 10
26.33391177840531
 20
-73.25186587811912
 42
0.0
 10
22.87440803757636
 20
-71.04754151331142
 42
0.0
 97
0
 75
0
 76
1
 47
0.0472005958807691
 98
5
 10
15.55568443000083
 20
-70.71983968000859
 10
19.57144283998059
 20
-71.38067733001662
 10
23.06713147001574
 20
-72.70216676002019
 10
26.98814848001348
 20
-69.96457009002916
 10
25.09869602002436
 20
-66.23562399001094
450
0
451
0
460
0.0
461
0.0
452
0
462
0.0
453
0
470

  0
HATCH
  5
2C1
330
270
100
AcDbEntity
  8
OBJ1
 62
250
370
30
 60
1
420
1315860
100
AcDbHatch
 10
0.0
 20
0.0
 30
0.0
210
0.0
220
0.0
230
1.0
  2
SOLID
 70
1
 71
0
 91
1
 92
7
 72
1
 73
1
 93
9
 10
22.87440803757636
 20
-71.04754151331142
 42
0.0
 10
21.76146960735787
 20
-70.33840012134169
 42
-0.3062721121387764
 10
20.51880285004154
 20
-68.5
 42
0.0
 10
20.51880285004154
 20
-69.5
 42
0.0
 10
18.72021797328489
 20
-69.5000000000291
 42
0.0
 10
14.91049905348336
 20
-73.33730042300884
 42
0.0578234365606001
 10
16.21983221877599
 20
-74.94666523401973
 42
0.0
 10
18.6621196892811
 20
-72.43962875413126
 42
0.0
 10
20.66026822099229
 20
-73.51189117287869
 42
0.0
 97
0
 75
0
 76
1
 47
0.0472005958807691
 98
5
 10
15.55568443000083
 20
-70.71983968000859
 10
19.57144283998059
 20
-71.38067733001662
 10
23.06713147001574
 20
-72.70216676002019
 10
26.98814848001348
 20
-69.96457009002916
 10
25.09869602002436
 20
-66.23562399001094
450
0
451
0
460
0.0
461
0.0
452
0
462
0.0
453
0
470

  0
ARC
  5
2C2
330
270
100
AcDbEntity
  8
OBJ1
 62
9
370
18
 60
1
420
12763830
100
AcDbCircle
 10
22.5
 20
-68.5
 30
0.0
 40
9.0
100
AcDbArc
 50
45.74952324421419
 51
173.6206297916502
  0
ARC
  5
2C3
330
270
100
AcDbEntity
  8
OBJ1
 62
9
370
18
 60
1
420
12763830
100
AcDbCircle
 10
22.5
 20
-68.5
 30
0.0
 40
9.0
100
AcDbArc
 50
186.3793702083498
 51
225.7495232442142
  0
LINE
  5
2C4
330
270
100
AcDbEntity
  8
OBJ1
 62
9
370
18
 60
1
420
12763830
100
AcDbLine
 10
18.6621196892811
 20
-72.43962875413126
 30
0.0
 11
16.21983221877599
 21
-74.94666523404884
 31
0.0
  0
LINE
  5
2C5
330
270
100
AcDbEntity
  8
OBJ1
 62
9
370
18
 60
1
420
12763830
100
AcDbLine
 10
16.21983221877599
 20
-74.94666523404884
 30
0.0
 11
18.6621196892811
 21
-72.43962875413126
 31
0.0
  0
LINE
  5
2C6
330
270
100
AcDbEntity
  8
OBJ1
 62
9
370
18
 60
1
420
12763830
100
AcDbLine
 10
26.33788031077711
 20
-64.56037124589784
 30
0.0
 11
28.78016778122401
 21
-62.05333476598025
 31
0.0
  0
LINE
  5
2C7
330
270
100
AcDbEntity
  8
OBJ1
 62
9
370
18
 60
1
420
12763830
100
AcDbLine
 10
18.6621196892811
 20
-72.43962875413126
 30
0.0
 11
26.41875757375965
 21
-76.60205770644825
 31
0.0
  0
HATCH
  5
2C8
330
270
100
AcDbEntity
  8
OBJ1
 62
250
370
25
 60
1
420
1644821
100
AcDbHatch
 10
0.0
 20
0.0
 30
0.0
210
0.0
220
0.0
230
1.0
  2
SOLID
 70
1
 71
0
 91
2
 92
7
 72
1
 73
1
 93
2
 10
25.86396103067091
 20
-74.86396103070001
 42
1.0
 10
31.86396103067091
 20
-74.86396103070001
 42
1.0
 97
0
 92
22
 72
1
 73
1
 93
4
 10
30.42813615914202
 20
-76.17920849556687
 42
0.0488725903356158
 10
30.65367290261202
 20
-75.8505973070569
 42
0.0
 10
27.299797405547
 20
-73.54869988546123
 42
0.0489437405019212
 10
27.07397772843251
 20
-73.87781727642869
 42
0.0
 97
0
 75
0
 76
1
 47
0.0356976022179879
 98
2
 10
30.12435734999599
 20
-73.42490566000923
 10
30.12435734999599
 20
-73.42490566000923
450
0
451
0
460
0.0
461
0.0
452
0
462
0.0
453
0
470

  0
CIRCLE
  5
2C9
330
270
100
AcDbEntity
  8
OBJ1
 62
9
370
18
 60
1
420
12763830
100
AcDbCircle
 10
28.86396103067091
 20
-74.86396103070001
 30
0.0
 40
3.0
  0
LINE
  5
2CA
330
270
100
AcDbEntity
  8
OBJ1
 62
9
370
18
 60
1
420
12763830
100
AcDbLine
 10
26.33788031077711
 20
-64.56037124586874
 30
0.0
 11
30.60205770644825
 21
-72.41875757375963
 31
0.0
  0
LINE
  5
2CB
330
270
100
AcDbEntity
  8
OBJ1
 62
250
370
15
 60
1
420
986895
100
AcDbLine
 10
22.5
 20
-15.00009345801663
 30
0.0
 11
22.5
 21
-11.5
 31
0.0
  0
LINE
  5
2CC
330
270
100
AcDbEntity
  8
OBJ1
 62
250
370
15
 60
1
420
986895
100
AcDbLine
 10
-34.5
 20
-68.5
 30
0.0
 11
-31.0
 21
-68.5
 31
0.0
  0
LINE
  5
2CD
330
270
100
AcDbEntity
  8
OBJ1
 62
250
370
15
 60
1
420
986895
100
AcDbLine
 10
-1.322660405712666
 20
-17.39270908563048
 30
0.0
 11
-0.1030153605970554
 21
-20.00924112153007
 31
0.0
  0
LINE
  5
2CE
330
270
100
AcDbEntity
  8
OBJ1
 62
250
370
15
 60
1
420
986895
100
AcDbLine
 10
14.49057736742543
 20
-12.67853463932988
 30
0.0
 11
14.90148589073214
 21
-15.54235104037798
 31
0.0
  0
LINE
  5
2CF
330
270
100
AcDbEntity
  8
OBJ1
 62
250
370
15
 60
1
420
986895
100
AcDbLine
 10
-20.11446658946807
 20
-35.20387457558536
 30
0.0
 11
-18.29497606412042
 21
-36.62550412039855
 31
0.0
  0
LINE
  5
2D0
330
270
100
AcDbEntity
  8
OBJ1
 62
250
370
15
 60
1
420
986895
100
AcDbLine
 10
-20.11446658946807
 20
-35.20387457558536
 30
0.0
 11
-22.41556202108041
 21
-33.40595081314678
 31
0.0
  0
LINE
  5
2D1
330
270
100
AcDbEntity
  8
OBJ1
 62
250
370
15
 60
1
420
986895
100
AcDbLine
 10
-15.81017920729937
 20
-27.29293863553903
 30
0.0
 11
-13.92785961378831
 21
-29.31759267277085
 31
0.0
  0
LINE
  5
2D2
330
270
100
AcDbEntity
  8
OBJ1
 62
250
370
15
 60
1
420
986895
100
AcDbLine
 10
-25.03465197241167
 20
-37.38710089749658
 30
0.0
 11
-22.26382945029763
 21
-39.20068988963612
 31
0.0
  0
LINE
  5
2D3
330
270
100
AcDbEntity
  8
OBJ1
 62
250
370
15
 60
1
420
986895
100
AcDbLine
 10
-19.37285542848985
 20
-30.09054185028072
 30
0.0
 11
-16.92554680316243
 21
-32.33542811992811
 31
0.0
  0
LINE
  5
2D4
330
270
100
AcDbEntity
  8
OBJ1
 62
250
370
15
 60
1
420
986895
100
AcDbLine
 10
-12.77660994121106
 20
-23.96891145204427
 30
0.0
 11
-10.7208231225959
 21
-26.56401412800188
 31
0.0
  0
LINE
  5
2D5
330
270
100
AcDbEntity
  8
OBJ1
 62
250
370
15
 60
1
420
986895
100
AcDbLine
 10
-32.88356233417289
 20
-59.13852953471359
 30
0.0
 11
-30.2517208228237
 21
-59.58338908400037
 31
0.0
  0
LINE
  5
2D6
330
270
100
AcDbEntity
  8
OBJ1
 62
250
370
15
 60
1
420
986895
100
AcDbLine
 10
-32.44295982236508
 20
-54.16137327384785
 30
0.0
 11
-29.26621655927738
 21
-54.99041735887296
 31
0.0
  0
LINE
  5
2D7
330
270
100
AcDbEntity
  8
OBJ1
 62
250
370
18
 60
1
420
986895
100
AcDbLine
 10
-34.39024598407559
 20
-66.00241035077488
 30
0.0
 11
-29.22096012643306
 21
-66.22935179967318
 31
0.0
  0
LINE
  5
2D8
330
270
100
AcDbEntity
  8
OBJ1
 62
250
370
18
 60
1
420
986895
100
AcDbLine
 10
-34.28028198127869
 20
-63.50004218769027
 30
0.0
 11
-30.79377343854867
 21
-63.80705714106444
 31
0.0
  0
LINE
  5
2D9
330
270
100
AcDbEntity
  8
OBJ1
 62
250
370
18
 60
1
420
986895
100
AcDbLine
 10
-33.96204964112258
 20
-61.02037927153286
 30
0.0
 11
-30.53666069998872
 21
-61.47414618739276
 31
0.0
  0
LINE
  5
2DA
330
270
100
AcDbEntity
  8
OBJ1
 62
250
370
18
 60
1
420
986895
100
AcDbLine
 10
-33.70276797947008
 20
-59.00005939792027
 30
0.0
 11
-30.2517208228237
 21
-59.58338908400037
 31
0.0
  0
LINE
  5
2DB
330
270
100
AcDbEntity
  8
OBJ1
 62
250
370
18
 60
1
420
986895
100
AcDbLine
 10
-33.17828581173671
 20
-56.55569476558594
 30
0.0
 11
-29.80987855239073
 21
-57.27829755182028
 31
0.0
  0
LINE
  5
2DC
330
270
100
AcDbEntity
  8
OBJ1
 62
250
370
18
 60
1
420
986895
100
AcDbLine
 10
-32.44295982236508
 20
-54.16137327384785
 30
0.0
 11
-29.26621655927738
 21
-54.99041735887296
 31
0.0
  0
LINE
  5
2DD
330
270
100
AcDbEntity
  8
OBJ1
 62
250
370
18
 60
1
420
986895
100
AcDbLine
 10
-31.91728079452878
 20
-51.71725647998393
 30
0.0
 11
-28.62387660553213
 21
-52.73296981598832
 31
0.0
  0
LINE
  5
2DE
330
270
100
AcDbEntity
  8
OBJ1
 62
250
370
18
 60
1
420
986895
100
AcDbLine
 10
-31.19953171274393
 20
-49.38559983074082
 30
0.0
 11
-27.90219204616733
 21
-50.55929106919212
 31
0.0
  0
LINE
  5
2DF
330
270
100
AcDbEntity
  8
OBJ1
 62
250
370
18
 60
1
420
986895
100
AcDbLine
 10
-34.5
 20
-68.5
 30
0.0
 11
-31.0
 21
-68.5
 31
0.0
  0
LINE
  5
2E0
330
270
100
AcDbEntity
  8
OBJ1
 62
250
370
18
 60
1
420
986895
100
AcDbLine
 10
-20.11446658946807
 20
-35.20387457558536
 30
0.0
 11
-20.11446658946807
 21
-35.20387457558536
 31
0.0
  0
LINE
  5
2E1
330
270
100
AcDbEntity
  8
OBJ1
 62
250
370
18
 60
1
420
986895
100
AcDbLine
 10
-20.11446658946807
 20
-35.20387457558536
 30
0.0
 11
-20.11446658946807
 21
-35.20387457558536
 31
0.0
  0
LINE
  5
2E2
330
270
100
AcDbEntity
  8
OBJ1
 62
250
370
18
 60
1
420
986895
100
AcDbLine
 10
-24.43720982014202
 20
-42.82611571461893
 30
0.0
 11
-27.50786840653745
 21
-41.14651580809732
 31
0.0
  0
LINE
  5
2E3
330
270
100
AcDbEntity
  8
OBJ1
 62
250
370
18
 60
1
420
986895
100
AcDbLine
 10
-26.30839131888933
 20
-46.59130453769464
 30
0.0
 11
-29.50146364816465
 21
-45.15802539529977
 31
0.0
  0
LINE
  5
2E4
330
270
100
AcDbEntity
  8
OBJ1
 62
250
370
18
 60
1
420
986895
100
AcDbLine
 10
-7.379568951262625
 20
-24.12138623968349
 30
0.0
 11
-9.334307106910273
 21
-21.2181124422932
 31
0.0
  0
LINE
  5
2E5
330
270
100
AcDbEntity
  8
OBJ1
 62
250
370
18
 60
1
420
986895
100
AcDbLine
 10
-4.055301651009358
 20
-22.05577587877633
 30
0.0
 11
-5.792564375849906
 21
-19.01736869325396
 31
0.0
  0
LINE
  5
2E6
330
270
100
AcDbEntity
  8
OBJ1
 62
250
370
18
 60
1
420
986895
100
AcDbLine
 10
-0.1030153605970554
 20
-20.00924112155917
 30
0.0
 11
-1.581717300054149
 21
-16.83694848464802
 31
0.0
  0
LINE
  5
2E7
330
270
100
AcDbEntity
  8
OBJ1
 62
250
370
18
 60
1
420
986895
100
AcDbLine
 10
3.38407619501231
 20
-18.53169547521975
 30
0.0
 11
2.133501740463543
 21
-15.26274097361602
 31
0.0
  0
LINE
  5
2E8
330
270
100
AcDbEntity
  8
OBJ1
 62
250
370
18
 60
1
420
986895
100
AcDbLine
 10
10.88707936380524
 20
-16.27557971313945
 30
0.0
 11
10.12735558388522
 21
-12.85902885327232
 31
0.0
  0
LINE
  5
2E9
330
270
100
AcDbEntity
  8
OBJ1
 62
250
370
18
 60
1
420
986895
100
AcDbLine
 10
18.53546725527849
 20
-15.1470949233626
 30
0.0
 11
18.27610529999947
 21
-11.65671795574599
 31
0.0
  0
LINE
  5
2EA
330
270
100
AcDbEntity
  8
OBJ1
 62
250
370
18
 60
1
420
986895
100
AcDbLine
 10
7.089303666900378
 20
-17.26758410412003
 30
0.0
 11
6.081127271230797
 21
-13.91593072775868
 31
0.0
  0
LINE
  5
2EB
330
270
100
AcDbEntity
  8
OBJ1
 62
250
370
18
 60
1
420
986895
100
AcDbLine
 10
14.90148589073214
 20
-15.54235104037798
 30
0.0
 11
14.40438683686079
 21
-12.0778319495439
 31
0.0
  0
LINE
  5
2EC
330
270
100
AcDbEntity
  8
OBJ1
 62
250
370
18
 60
1
420
986895
100
AcDbLine
 10
-13.92785961378831
 20
-29.31759267277085
 30
0.0
 11
-16.31099061656277
 21
-26.75425761396764
 31
0.0
  0
LINE
  5
2ED
330
270
100
AcDbEntity
  8
OBJ1
 62
250
370
18
 60
1
420
986895
100
AcDbLine
 10
22.5
 20
-15.0
 30
0.0
 11
22.40000000002329
 21
-15.0
 31
0.0
  0
HATCH
  5
2EE
330
270
100
AcDbEntity
  8
OBJ1
 62
250
370
18
 60
1
420
986895
100
AcDbHatch
 10
0.0
 20
0.0
 30
0.0
210
0.0
220
0.0
230
1.0
  2
SOLID
 70
1
 71
0
 91
1
 92
7
 72
0
 73
1
 93
5
 10
22.60000000003492
 20
-15.00009345804574
 10
22.40000000002329
 20
-15.00009345801663
 10
22.40000000002329
 20
-18.5
 10
22.5
 20
-18.5
 10
22.60000000003492
 20
-18.5
 97
0
 75
0
 76
1
 47
0.0134809308849911
 98
1
 10
22.56553962000181
 20
-16.75236058002338
450
0
451
0
460
0.0
461
0.0
452
0
462
0.0
453
0
470

  0
LINE
  5
2EF
330
270
100
AcDbEntity
  8
OBJ1
 62
250
370
18
 60
1
420
986895
100
AcDbLine
 10
22.40000000002329
 20
-15.0
 30
0.0
 11
22.40000000002329
 21
-18.5
 31
0.0
  0
LINE
  5
2F0
330
270
100
AcDbEntity
  8
OBJ1
 62
250
370
18
 60
1
420
986895
100
AcDbLine
 10
22.40000000002329
 20
-18.5
 30
0.0
 11
22.5
 21
-18.5
 31
0.0
  0
LINE
  5
2F1
330
270
100
AcDbEntity
  8
OBJ1
 62
250
370
18
 60
1
420
986895
100
AcDbLine
 10
22.5
 20
-18.5
 30
0.0
 11
22.60000000003492
 21
-18.5
 31
0.0
  0
LINE
  5
2F2
330
270
100
AcDbEntity
  8
OBJ1
 62
250
370
18
 60
1
420
986895
100
AcDbLine
 10
22.60000000003492
 20
-18.5
 30
0.0
 11
22.60000000003492
 21
-15.00009345801663
 31
0.0
  0
LINE
  5
2F3
330
270
100
AcDbEntity
  8
OBJ1
 62
250
370
18
 60
1
420
986895
100
AcDbLine
 10
22.60000000003492
 20
-15.00009345801663
 30
0.0
 11
22.40000000002329
 21
-15.00009345801663
 31
0.0
  0
HATCH
  5
2F4
330
270
100
AcDbEntity
  8
OBJ1
 62
250
370
18
 60
1
420
986895
100
AcDbHatch
 10
0.0
 20
0.0
 30
0.0
210
0.0
220
0.0
230
1.0
  2
SOLID
 70
1
 71
0
 91
1
 92
7
 72
0
 73
1
 93
6
 10
-7.289146153838371
 20
-24.07868123156368
 10
-7.379568951204419
 20
-24.12138623965438
 10
-7.452733967220408
 20
-24.18955427056062
 10
-5.497995811514556
 20
-27.09282806798001
 10
-5.424830795556771
 20
-27.02466003710288
 10
-5.334457315271717
 20
-26.98185076171649
 97
0
 75
0
 76
1
 47
0.017037857572275
 98
1
 10
-6.341336019977458
 20
-25.666883960017
450
0
451
0
460
0.0
461
0.0
452
0
462
0.0
453
0
470

  0
LINE
  5
2F5
330
270
100
AcDbEntity
  8
OBJ1
 62
250
370
18
 60
1
420
986895
100
AcDbLine
 10
-7.379568951262625
 20
-24.12138623968349
 30
0.0
 11
-7.289146153896578
 21
-24.07868123156368
 31
0.0
  0
LINE
  5
2F6
330
270
100
AcDbEntity
  8
OBJ1
 62
250
370
18
 60
1
420
986895
100
AcDbLine
 10
-7.379568951262625
 20
-24.12138623968349
 30
0.0
 11
-7.452733967220408
 21
-24.18955427058973
 31
0.0
  0
LINE
  5
2F7
330
270
100
AcDbEntity
  8
OBJ1
 62
250
370
18
 60
1
420
986895
100
AcDbLine
 10
-5.424830795556771
 20
-27.02466003710288
 30
0.0
 11
-5.497995811514556
 21
-27.09282806798001
 31
0.0
  0
LINE
  5
2F8
330
270
100
AcDbEntity
  8
OBJ1
 62
250
370
18
 60
1
420
986895
100
AcDbLine
 10
-5.497995811514556
 20
-27.09282806798001
 30
0.0
 11
-7.452733967220408
 21
-24.18955427058973
 31
0.0
  0
LINE
  5
2F9
330
270
100
AcDbEntity
  8
OBJ1
 62
250
370
18
 60
1
420
986895
100
AcDbLine
 10
-5.424830795556771
 20
-27.02466003710288
 30
0.0
 11
-5.334457315271717
 21
-26.98185076171649
 31
0.0
  0
LINE
  5
2FA
330
270
100
AcDbEntity
  8
OBJ1
 62
250
370
18
 60
1
420
986895
100
AcDbLine
 10
-5.334457315271717
 20
-26.98185076171649
 30
0.0
 11
-7.289146153896578
 21
-24.07868123156368
 31
0.0
  0
LINE
  5
2FB
330
270
100
AcDbEntity
  8
OBJ1
 62
250
370
18
 60
1
420
986895
100
AcDbLine
 10
7.089303666900378
 20
-17.26758410412003
 30
0.0
 11
8.09748006251175
 21
-20.61923748048139
 31
0.0
  0
LINE
  5
2FC
330
270
100
AcDbEntity
  8
OBJ1
 62
250
370
18
 60
1
420
986895
100
AcDbLine
 10
7.587406461650971
 20
-18.92351249218336
 30
0.0
 11
6.081127271230797
 21
-13.91593072775868
 31
0.0
  0
HATCH
  5
2FD
330
270
100
AcDbEntity
  8
OBJ1
 62
250
370
18
 60
1
420
986895
100
AcDbHatch
 10
0.0
 20
0.0
 30
0.0
210
0.0
220
0.0
230
1.0
  2
SOLID
 70
1
 71
0
 91
1
 92
7
 72
0
 73
1
 93
6
 10
-27.85402053926373
 20
-50.47165827895515
 10
-27.90219204616733
 20
-50.55929106925031
 10
-27.91920717951143
 20
-50.6578328635951
 10
-24.62186751293484
 20
-51.83152410207549
 10
-24.60485237964895
 20
-51.7329823076434
 10
-24.55668087268714
 20
-51.64534951746464
 97
0
 75
0
 76
1
 47
0.0170253457698541
 98
1
 10
-25.53318734001368
 20
-51.37542061001295
450
0
451
0
460
0.0
461
0.0
452
0
462
0.0
453
0
470

  0
LINE
  5
2FE
330
270
100
AcDbEntity
  8
OBJ1
 62
250
370
18
 60
1
420
986895
100
AcDbLine
 10
-27.90219204616733
 20
-50.55929106922121
 30
0.0
 11
-27.85402053926373
 21
-50.47165827898425
 31
0.0
  0
LINE
  5
2FF
330
270
100
AcDbEntity
  8
OBJ1
 62
250
370
18
 60
1
420
986895
100
AcDbLine
 10
-27.90219204616733
 20
-50.55929106922121
 30
0.0
 11
-27.91920717951143
 21
-50.6578328635951
 31
0.0
  0
LINE
  5
300
330
270
100
AcDbEntity
  8
OBJ1
 62
250
370
18
 60
1
420
986895
100
AcDbLine
 10
-24.60485237959074
 20
-51.7329823076725
 30
0.0
 11
-24.62186751293484
 21
-51.83152410204638
 31
0.0
  0
LINE
  5
301
330
270
100
AcDbEntity
  8
OBJ1
 62
250
370
18
 60
1
420
986895
100
AcDbLine
 10
-24.60485237959074
 20
-51.7329823076725
 30
0.0
 11
-24.55668087268714
 21
-51.64534951746464
 31
0.0
  0
LINE
  5
302
330
270
100
AcDbEntity
  8
OBJ1
 62
250
370
18
 60
1
420
986895
100
AcDbLine
 10
-24.55668087268714
 20
-51.64534951746464
 30
0.0
 11
-27.85402053926373
 21
-50.47165827898425
 31
0.0
  0
LINE
  5
303
330
270
100
AcDbEntity
  8
OBJ1
 62
250
370
18
 60
1
420
986895
100
AcDbLine
 10
-27.91920717951143
 20
-50.6578328635951
 30
0.0
 11
-24.62186751293484
 21
-51.83152410204638
 31
0.0
  0
HATCH
  5
304
330
270
100
AcDbEntity
  8
OBJ1
 62
250
370
15
 60
1
420
986895
100
AcDbHatch
 10
0.0
 20
0.0
 30
0.0
210
0.0
220
0.0
230
1.0
  2
SOLID
 70
1
 71
0
 91
1
 92
5
 93
4
 72
3
 10
14.01762629533186
 20
-39.94114165002248
 11
-3.241788484679998
 21
8e-16
 40
0.8637207557603191
 50
282.4888764607996
 51
437.5111235392002
 73
1
 72
1
 10
13.40849784994498
 20
-42.69126910658086
 11
13.40849784997408
 21
-42.24513732292688
 72
3
 10
14.01762629533186
 20
-39.94114165002248
 11
-2.741788484679998
 21
7e-16
 40
0.8618645395826035
 50
-75.19101535456309
 51
75.19101535456309
 73
0
 72
1
 10
13.40849785000318
 20
-37.63714597708895
 11
13.40849785000318
 21
-37.19101419343497
 97
0
 75
0
 76
1
 47
0.016930103656502
 98
1
 10
11.73565417993813
 20
-38.25238654244458
450
0
451
0
460
0.0
461
0.0
452
0
462
0.0
453
0
470

  0
ELLIPSE
  5
305
330
270
100
AcDbEntity
  8
OBJ1
 62
250
370
15
 60
1
420
986895
100
AcDbEllipse
 10
14.01762629533186
 20
-39.94114165002248
 30
0.0
 11
-3.241788484679998
 21
8e-16
 31
0.0
 40
0.8637207557603191
 41
4.901411470570119
 42
7.664959143789053
  0
ELLIPSE
  5
306
330
270
100
AcDbEntity
  8
OBJ1
 62
250
370
15
 60
1
420
986895
100
AcDbEllipse
 10
14.01762629533186
 20
-39.94114165002248
 30
0.0
 11
-2.741788484679998
 21
7e-16
 31
0.0
 40
0.8618645395826035
 41
4.936423011782686
 42
7.629947602576486
  0
LINE
  5
307
330
270
100
AcDbEntity
  8
OBJ1
 62
250
370
15
 60
1
420
986895
100
AcDbLine
 10
13.40849785000318
 20
-37.19101419343497
 30
0.0
 11
13.40849785000318
 21
-37.63714597708895
 31
0.0
  0
LINE
  5
308
330
270
100
AcDbEntity
  8
OBJ1
 62
250
370
15
 60
1
420
986895
100
AcDbLine
 10
13.40849785000318
 20
-42.24513732292688
 30
0.0
 11
13.40849785000318
 21
-42.69126910658086
 31
0.0
  0
HATCH
  5
309
330
270
100
AcDbEntity
  8
OBJ1
 62
250
370
15
 60
1
420
986895
100
AcDbHatch
 10
0.0
 20
0.0
 30
0.0
210
0.0
220
0.0
230
1.0
  2
SOLID
 70
1
 71
0
 91
1
 92
5
 93
8
 72
3
 10
18.02906816534232
 20
-39.94114165002248
 11
-3.241788484679998
 21
8e-16
 40
0.8637207557603191
 50
282.4888764607996
 51
437.5111235392002
 73
1
 72
1
 10
17.41993972001364
 20
-42.69126910658086
 11
17.41993972004275
 21
-42.24513732292688
 72
3
 10
18.02906816534232
 20
-39.94114165002248
 11
-2.741788484679998
 21
7e-16
 40
0.8618645395826035
 50
-75.19101535456309
 51
-5.239140731991824
 73
0
 72
1
 10
15.30266683857189
 20
-40.19114165002245
 11
17.41993971998454
 21
-40.19114165002245
 72
1
 10
17.41993972001364
 20
-40.19114165002245
 11
17.41993972004275
 21
-39.69114165000792
 72
1
 10
17.41993972001364
 20
-39.69114164999337
 11
15.30266683854279
 21
-39.69114164999337
 72
3
 10
18.02906816534232
 20
-39.94114165002248
 11
-2.741788484679998
 21
7e-16
 40
0.8618645395826035
 50
5.239140731991824
 51
75.19101535456309
 73
0
 72
1
 10
17.41993972001364
 20
-37.63714597708895
 11
17.41993972004275
 21
-37.19101419342042
 97
0
 75
0
 76
1
 47
0.016930103656502
 98
1
 10
15.72235587995965
 20
-38.26926022244153
450
0
451
0
460
0.0
461
0.0
452
0
462
0.0
453
0
470

  0
ELLIPSE
  5
30A
330
270
100
AcDbEntity
  8
OBJ1
 62
250
370
15
 60
1
420
986895
100
AcDbEllipse
 10
18.02906816534232
 20
-39.94114165002248
 30
0.0
 11
-3.241788484679998
 21
8e-16
 31
0.0
 40
0.8637207557603191
 41
4.901411470570119
 42
7.664959143789053
  0
ELLIPSE
  5
30B
330
270
100
AcDbEntity
  8
OBJ1
 62
250
370
15
 60
1
420
986895
100
AcDbEllipse
 10
18.02906816534232
 20
-39.94114165002248
 30
0.0
 11
-2.741788484679998
 21
7e-16
 31
0.0
 40
0.8618645395826035
 41
4.936423011782686
 42
6.177191486585963
  0
ELLIPSE
  5
30C
330
270
100
AcDbEntity
  8
OBJ1
 62
250
370
15
 60
1
420
986895
100
AcDbEllipse
 10
18.02906816534232
 20
-39.94114165002248
 30
0.0
 11
-2.741788484679998
 21
7e-16
 31
0.0
 40
0.8618645395826035
 41
6.38917912777321
 42
7.629947602576486
  0
LINE
  5
30D
330
270
100
AcDbEntity
  8
OBJ1
 62
250
370
15
 60
1
420
986895
100
AcDbLine
 10
17.41993972001364
 20
-37.19101419343497
 30
0.0
 11
17.41993972001364
 21
-37.63714597708895
 31
0.0
  0
LINE
  5
30E
330
270
100
AcDbEntity
  8
OBJ1
 62
250
370
15
 60
1
420
986895
100
AcDbLine
 10
17.41993972001364
 20
-42.24513732292688
 30
0.0
 11
17.41993972001364
 21
-42.69126910658086
 31
0.0
  0
LINE
  5
30F
330
270
100
AcDbEntity
  8
OBJ1
 62
250
370
15
 60
1
420
986895
100
AcDbLine
 10
17.41993972001364
 20
-39.69114165002248
 30
0.0
 11
15.30266683857189
 21
-39.69114165002248
 31
0.0
  0
LINE
  5
310
330
270
100
AcDbEntity
  8
OBJ1
 62
250
370
15
 60
1
420
986895
100
AcDbLine
 10
17.41993972001364
 20
-40.19114165002245
 30
0.0
 11
15.30266683857189
 21
-40.19114165002245
 31
0.0
  0
LINE
  5
311
330
270
100
AcDbEntity
  8
OBJ1
 62
250
370
15
 60
1
420
986895
100
AcDbLine
 10
17.41993972001364
 20
-39.69114165002248
 30
0.0
 11
17.41993972001364
 21
-40.19114165002245
 31
0.0
  0
HATCH
  5
312
330
270
100
AcDbEntity
  8
OBJ1
 62
18
370
30
 60
1
420
197379
100
AcDbHatch
 10
0.0
 20
0.0
 30
0.0
210
0.0
220
0.0
230
1.0
  2
SOLID
 70
1
 71
0
 91
1
 92
7
 72
1
 73
1
 93
11
 10
24.3728824473219
 20
-67.85389359586406
 42
0.0
 10
23.86980308999773
 20
-67.06864342611516
 42
0.3835460179617169
 10
21.22134518565145
 20
-66.98666460663662
 42
0.0
 10
21.1976198044722
 20
-67.00988502291148
 42
0.0
 10
21.57153271109564
 20
-67.34269162258715
 42
-0.6293609240649536
 10
23.98371634318028
 20
-68.5
 42
-1.0
 10
21.01628365681972
 20
-68.5
 42
-0.1470823766087105
 10
21.26230462756939
 20
-67.68175532264286
 42
0.0
 10
20.88893570535583
 20
-67.34691111114807
 42
0.3762245322461113
 10
21.14573564956663
 20
-69.94606715484406
 42
0.0
 10
21.76146960729966
 20
-70.33840012134169
 42
0.6427278185730673
 97
0
 75
0
 76
1
 47
0.0207888959371373
 98
1
 10
24.1758073400124
 20
-68.3687075600319
450
0
451
0
460
0.0
461
0.0
452
0
462
0.0
453
0
470

  0
HATCH
  5
313
330
270
100
AcDbEntity
  8
OBJ1
 62
250
370
15
 60
1
420
1842204
100
AcDbHatch
 10
0.0
 20
0.0
 30
0.0
210
0.0
220
0.0
230
1.0
  2
SOLID
 70
1
 71
0
 91
1
 92
7
 72
1
 73
1
 93
4
 10
20.88893570535583
 20
-67.34691111114807
 42
0.0
 10
20.87248144712066
 20
-67.33215462550288
 42
0.0
 10
20.51880285004154
 20
-67.68839377560651
 42
0.0
 10
20.51880285004154
 20
-68.5
 42
-0.1565621979539747
 97
0
 75
0
 76
1
 47
0.0042684354460037
 98
1
 10
20.62010299001122
 20
-67.70254808000755
450
0
451
0
460
0.0
461
0.0
452
0
462
0.0
453
0
470

  0
ARC
  5
314
330
270
100
AcDbEntity
  8
OBJ1
 62
27
370
18
 60
1
100
AcDbCircle
 10
22.5
 20
-68.5
 30
0.0
 40
1.981197149987563
100
AcDbArc
 50
144.4075214326413
 51
131.161706654259
  0
LINE
  5
315
330
270
100
AcDbEntity
  8
OBJ1
 62
27
370
18
 60
1
100
AcDbLine
 10
26.33391177840531
 20
-73.25186587811912
 30
0.0
 11
21.76146960741608
 21
-70.33840012139989
 31
0.0
  0
LINE
  5
316
330
270
100
AcDbEntity
  8
OBJ1
 62
27
370
18
 60
1
100
AcDbLine
 10
24.37288244743831
 20
-67.85389359606779
 30
0.0
 11
27.24561513011577
 21
-72.3379054996185
 31
0.0
  0
HATCH
  5
317
330
270
100
AcDbEntity
  8
OBJ1
 62
21
370
25
 60
1
420
14659487
100
AcDbHatch
 10
0.0
 20
0.0
 30
0.0
210
0.0
220
0.0
230
1.0
  2
SOLID
 70
1
 71
0
 91
1
 92
7
 72
1
 73
1
 93
2
 10
23.98371634318028
 20
-68.5
 42
1.0
 10
21.01628365681972
 20
-68.5
 42
1.0
 97
0
 75
0
 76
1
 47
0.0507982752959763
 98
1
 10
22.00381050998112
 20
-68.68044448000728
450
0
451
0
460
0.0
461
0.0
452
0
462
0.0
453
0
470

  0
HATCH
  5
318
330
270
100
AcDbEntity
  8
OBJ1
 62
18
370
30
 60
1
420
197379
100
AcDbHatch
 10
0.0
 20
0.0
 30
0.0
210
0.0
220
0.0
230
1.0
  2
SOLID
 70
1
 71
0
 91
1
 92
7
 72
1
 73
1
 93
5
 10
21.26230462756939
 20
-67.68175532264286
 42
-0.077790078085574
 10
21.57153271109564
 20
-67.34269162258715
 42
0.0
 10
17.39944601000752
 20
-63.6292654100107
 42
0.0
 10
17.23986387980403
 20
-63.78281025000615
 42
0.0
 10
17.08868079999229
 20
-63.93877164999139
 42
0.0
 97
0
 75
0
 76
1
 47
0.0295600269119649
 98
1
 10
20.262853430002
 20
-66.535463970009
450
0
451
0
460
0.0
461
0.0
452
0
462
0.0
453
0
470

  0
CIRCLE
  5
319
330
270
100
AcDbEntity
  8
OBJ1
 62
27
370
18
 60
1
100
AcDbCircle
 10
22.5
 20
-68.5
 30
0.0
 40
1.483716343185935
  0
LINE
  5
31A
330
270
100
AcDbEntity
  8
OBJ1
 62
27
370
18
 60
1
100
AcDbLine
 10
22.87440803757636
 20
-71.04754151334055
 30
0.0
 11
20.66026822099229
 21
-73.51189117287869
 31
0.0
  0
LINE
  5
31B
330
270
100
AcDbEntity
  8
OBJ1
 62
27
370
18
 60
1
100
AcDbLine
 10
24.97557758889161
 20
-68.79463277614559
 30
0.0
 11
27.32459153025411
 21
-66.37876603525365
 31
0.0
  0
LINE
  5
31C
330
270
100
AcDbEntity
  8
OBJ1
 62
27
370
18
 60
1
100
AcDbLine
 10
21.1976198044722
 20
-67.00988502291148
 30
0.0
 11
27.39304720627842
 21
-60.94631950388428
 31
0.0
  0
LINE
  5
31D
330
270
100
AcDbEntity
  8
OBJ1
 62
27
370
18
 60
1
100
AcDbLine
 10
20.87248144712066
 20
-67.33215462550288
 30
0.0
 11
14.91049905348336
 21
-73.33730042303795
 31
0.0
  0
LINE
  5
31E
330
270
100
AcDbEntity
  8
OBJ1
 62
27
370
18
 60
1
100
AcDbLine
 10
17.23986387997866
 20
-63.78281025000615
 30
0.0
 11
17.39944601000752
 21
-63.6292654100107
 31
0.0
  0
LINE
  5
31F
330
270
100
AcDbEntity
  8
OBJ1
 62
27
370
18
 60
1
100
AcDbLine
 10
17.39944601000752
 20
-63.6292654100107
 30
0.0
 11
21.57153271109564
 21
-67.34269162258715
 31
0.0
  0
LINE
  5
320
330
270
100
AcDbEntity
  8
OBJ1
 62
27
370
18
 60
1
100
AcDbLine
 10
17.23986387997866
 20
-63.78281025000615
 30
0.0
 11
17.08868079999229
 21
-63.9387716500205
 31
0.0
  0
LINE
  5
321
330
270
100
AcDbEntity
  8
OBJ1
 62
27
370
18
 60
1
100
AcDbLine
 10
17.08868079999229
 20
-63.9387716500205
 30
0.0
 11
21.26230462756939
 21
-67.68175532264286
 31
0.0
  0
HATCH
  5
322
330
270
100
AcDbEntity
  8
OBJ1
 62
250
370
25
 60
1
420
3092263
100
AcDbHatch
 10
0.0
 20
0.0
 30
0.0
210
0.0
220
0.0
230
1.0
  2
SOLID
 70
1
 71
0
 91
1
 92
7
 72
1
 73
1
 93
4
 10
30.42813615914202
 20
-76.17920849556687
 42
0.0488725903356158
 10
30.65367290261202
 20
-75.8505973070569
 42
0.0
 10
27.299797405547
 20
-73.54869988546123
 42
0.0489437405019212
 10
27.07397772843251
 20
-73.87781727642869
 42
0.0
 97
0
 75
0
 76
1
 47
0.0176495059705093
 98
1
 10
29.20113271998707
 20
-75.10757865002961
450
0
451
0
460
0.0
461
0.0
452
0
462
0.0
453
0
470

  0
ARC
  5
323
330
270
100
AcDbEntity
  8
OBJ1
 62
9
370
18
 60
1
420
12763830
100
AcDbCircle
 10
28.86396103067091
 20
-74.86396103070001
 30
0.0
 40
2.043653524065109
100
AcDbArc
 50
319.9409669240527
 51
331.1328345298812
  0
ARC
  5
324
330
270
100
AcDbEntity
  8
OBJ1
 62
9
370
18
 60
1
420
12763830
100
AcDbCircle
 10
28.86396103067091
 20
-74.86396103070001
 30
0.0
 40
2.043653524065109
100
AcDbArc
 50
139.9404658112726
 51
151.1486009210658
  0
LINE
  5
325
330
270
100
AcDbEntity
  8
OBJ1
 62
9
370
18
 60
1
420
12763830
100
AcDbLine
 10
27.299797405547
 20
-73.54869988546123
 30
0.0
 11
30.65367290261202
 21
-75.8505973070569
 31
0.0
  0
LINE
  5
326
330
270
100
AcDbEntity
  8
OBJ1
 62
9
370
18
 60
1
420
12763830
100
AcDbLine
 10
27.07397772843251
 20
-73.87781727642869
 30
0.0
 11
30.42813615914202
 21
-76.17920849556687
 31
0.0
  0
LINE
  5
327
330
270
100
AcDbEntity
  8
OBJ1
 62
27
370
18
 60
1
100
AcDbLine
 10
20.51880285004154
 20
-68.5
 30
0.0
 11
-23.23251691000769
 21
-68.5
 31
0.0
  0
LINE
  5
328
330
270
100
AcDbEntity
  8
OBJ1
 62
27
370
18
 60
1
100
AcDbLine
 10
20.51880285004154
 20
-68.5
 30
0.0
 11
20.51880285004154
 21
-69.5
 31
0.0
  0
LINE
  5
329
330
270
100
AcDbEntity
  8
OBJ1
 62
27
370
18
 60
1
100
AcDbLine
 10
20.51880285004154
 20
-69.5
 30
0.0
 11
-21.7536104900064
 21
-69.5
 31
0.0
  0
LINE
  5
32A
330
270
100
AcDbEntity
  8
OBJ1
 62
27
370
18
 60
1
100
AcDbLine
 10
-21.7536104900064
 20
-69.5
 30
0.0
 11
-23.23251691000769
 21
-68.5
 31
0.0
  0
LINE
  5
32B
330
270
100
AcDbEntity
  8
OBJ1
 62
27
370
18
 60
1
100
AcDbLine
 10
20.51880285004154
 20
-68.5
 30
0.0
 11
20.51880285004154
 21
-67.5
 31
0.0
  0
LINE
  5
32C
330
270
100
AcDbEntity
  8
OBJ1
 62
27
370
18
 60
1
100
AcDbLine
 10
20.51880285004154
 20
-67.5
 30
0.0
 11
-21.7536104900064
 21
-67.5
 31
0.0
  0
LINE
  5
32D
330
270
100
AcDbEntity
  8
OBJ1
 62
27
370
18
 60
1
100
AcDbLine
 10
-21.7536104900064
 20
-67.5
 30
0.0
 11
-23.23251691000769
 21
-68.5
 31
0.0
  0
LINE
  5
32E
330
270
100
AcDbEntity
  8
OBJ1
 62
27
370
18
 60
1
100
AcDbLine
 10
-23.23251691000769
 20
-68.5
 30
0.0
 11
-26.73431431793142
 21
-68.5
 31
0.0
  0
LINE
  5
32F
330
270
100
AcDbEntity
  8
OBJ1
 62
27
370
18
 60
1
100
AcDbLine
 10
-27.48410204896936
 20
-68.5
 30
0.0
 11
-27.5
 21
-68.5
 31
0.0
  0
CIRCLE
  5
330
330
270
100
AcDbEntity
  8
OBJ1
 62
27
370
25
 60
1
100
AcDbCircle
 10
10.60342384228715
 20
-77.67555788444588
 30
0.0
 40
1.0
  0
CIRCLE
  5
331
330
270
100
AcDbEntity
  8
OBJ1
 62
27
370
25
 60
1
100
AcDbCircle
 10
31.63780897198012
 20
-56.79190215544076
 30
0.0
 40
1.0
  0
CIRCLE
  5
332
330
270
100
AcDbEntity
  8
OBJ1
  6
ByBlock
 62
41
370
15
 60
1
420
15654007
100
AcDbCircle
 10
31.63780897198012
 20
-56.79190215544076
 30
0.0
 40
0.84
  0
LINE
  5
333
330
270
100
AcDbEntity
  8
0
 62
41
370
15
 60
1
420
15654007
100
AcDbLine
 10
32.08304655284155
 20
-56.48589479070506
 30
0.0
 11
31.77703918813496
 21
-56.79190215544076
 31
0.0
  0
LINE
  5
334
330
270
100
AcDbEntity
  8
0
 62
41
370
15
 60
1
420
15654007
100
AcDbLine
 10
31.63780897198012
 20
-56.65267193931504
 30
0.0
 11
31.94381633674493
 21
-56.34666457455022
 31
0.0
  0
LINE
  5
335
330
270
100
AcDbEntity
  8
0
 62
41
370
15
 60
1
420
15654007
100
AcDbLine
 10
31.1925713911187
 20
-57.09790952017645
 30
0.0
 11
31.4985787558835
 21
-56.79190215544076
 31
0.0
  0
LINE
  5
336
330
270
100
AcDbEntity
  8
0
 62
41
370
15
 60
1
420
15654007
100
AcDbLine
 10
31.63780897198012
 20
-56.9311323715665
 30
0.0
 11
31.33180160721531
 21
-57.2371397363313
 31
0.0
  0
LINE
  5
337
330
270
100
AcDbEntity
  8
0
 62
41
370
15
 60
1
420
15654007
100
AcDbLine
 10
31.3318016071571
 20
-56.34666457452111
 30
0.0
 11
31.63780897198012
 21
-56.65267193931504
 31
0.0
  0
LINE
  5
338
330
270
100
AcDbEntity
  8
0
 62
41
370
15
 60
1
420
15654007
100
AcDbLine
 10
31.4985787558835
 20
-56.79190215544076
 30
0.0
 11
31.19257139106049
 21
-56.48589479064686
 31
0.0
  0
LINE
  5
339
330
270
100
AcDbEntity
  8
0
 62
41
370
15
 60
1
420
15654007
100
AcDbLine
 10
31.94381633674493
 20
-57.2371397363313
 30
0.0
 11
31.63780897198012
 21
-56.9311323715665
 31
0.0
  0
LINE
  5
33A
330
270
100
AcDbEntity
  8
0
 62
41
370
15
 60
1
420
15654007
100
AcDbLine
 10
31.77703918813496
 20
-56.79190215544076
 30
0.0
 11
32.08304655289976
 21
-57.09790952020558
 31
0.0
  0
ARC
  5
33B
330
270
100
AcDbEntity
  8
OBJ1
  6
ByBlock
 62
41
370
15
 60
1
420
15654007
100
AcDbCircle
 10
32.01343144476414
 20
-56.41627968262763
 30
0.0
 40
0.0984506299815822
100
AcDbArc
 50
315.0000000004422
 51
135.0000000004422
  0
ARC
  5
33C
330
270
100
AcDbEntity
  8
OBJ1
  6
ByBlock
 62
41
370
15
 60
1
420
15654007
100
AcDbCircle
 10
32.01343144488055
 20
-57.16752462828299
 30
0.0
 40
0.0984506299687705
100
AcDbArc
 50
224.9999999877666
 51
45.00000000899079
  0
ARC
  5
33D
330
270
100
AcDbEntity
  8
OBJ1
  6
ByBlock
 62
41
370
15
 60
1
420
15654007
100
AcDbCircle
 10
31.2621864991379
 20
-57.16752462825389
 30
0.0
 40
0.0984506299713328
100
AcDbArc
 50
135.0000000004422
 51
314.9999999957257
  0
ARC
  5
33E
330
270
100
AcDbEntity
  8
OBJ1
  6
ByBlock
 62
41
370
15
 60
1
420
15654007
100
AcDbCircle
 10
31.2621864991379
 20
-56.41627968256944
 30
0.0
 40
0.0984506299738952
100
AcDbArc
 50
45.00000000427431
 51
224.9999999924831
  0
CIRCLE
  5
33F
330
270
100
AcDbEntity
  8
OBJ1
  6
ByBlock
 62
41
370
15
 60
1
420
15654007
100
AcDbCircle
 10
10.60342384228715
 20
-77.67555788444588
 30
0.0
 40
0.84
  0
LINE
  5
340
330
270
100
AcDbEntity
  8
0
 62
41
370
15
 60
1
420
15654007
100
AcDbLine
 10
11.04866142309038
 20
-77.36955051973928
 30
0.0
 11
10.74265405838378
 21
-77.67555788444588
 31
0.0
  0
LINE
  5
341
330
270
100
AcDbEntity
  8
0
 62
41
370
15
 60
1
420
15654007
100
AcDbLine
 10
10.60342384228715
 20
-77.53632766834924
 30
0.0
 11
10.90943120699376
 21
-77.23032030358445
 31
0.0
  0
LINE
  5
342
330
270
100
AcDbEntity
  8
0
 62
41
370
15
 60
1
420
15654007
100
AcDbLine
 10
10.15818626136752
 20
-77.98156524921068
 30
0.0
 11
10.46419362613232
 21
-77.67555788444588
 31
0.0
  0
LINE
  5
343
330
270
100
AcDbEntity
  8
0
 62
41
370
15
 60
1
420
15654007
100
AcDbLine
 10
10.60342384228715
 20
-77.8147881006007
 30
0.0
 11
10.29741647752234
 21
-78.1207954653655
 31
0.0
  0
LINE
  5
344
330
270
100
AcDbEntity
  8
0
 62
41
370
15
 60
1
420
15654007
100
AcDbLine
 10
10.29741647746414
 20
-77.23032030352623
 30
0.0
 11
10.60342384228715
 21
-77.53632766834924
 31
0.0
  0
LINE
  5
345
330
270
100
AcDbEntity
  8
0
 62
41
370
15
 60
1
420
15654007
100
AcDbLine
 10
10.46419362613232
 20
-77.67555788444588
 30
0.0
 11
10.15818626130931
 21
-77.36955051965195
 31
0.0
  0
LINE
  5
346
330
270
100
AcDbEntity
  8
0
 62
41
370
15
 60
1
420
15654007
100
AcDbLine
 10
10.90943120705196
 20
-78.1207954653655
 30
0.0
 11
10.60342384228715
 21
-77.8147881006007
 31
0.0
  0
LINE
  5
347
330
270
100
AcDbEntity
  8
0
 62
41
370
15
 60
1
420
15654007
100
AcDbLine
 10
10.74265405838378
 20
-77.67555788444588
 30
0.0
 11
11.04866142320679
 21
-77.9815652492398
 31
0.0
  0
ARC
  5
348
330
270
100
AcDbEntity
  8
OBJ1
  6
ByBlock
 62
41
370
15
 60
1
420
15654007
100
AcDbCircle
 10
10.97904631507117
 20
-77.29993541166186
 30
0.0
 40
0.0984506299815822
100
AcDbArc
 50
315.0000000004422
 51
135.0000000004422
  0
ARC
  5
349
330
270
100
AcDbEntity
  8
OBJ1
  6
ByBlock
 62
41
370
15
 60
1
420
15654007
100
AcDbCircle
 10
10.97904631512938
 20
-78.0511803573172
 30
0.0
 40
0.0984506299687705
100
AcDbArc
 50
224.9999999877666
 51
45.00000000899079
  0
ARC
  5
34A
330
270
100
AcDbEntity
  8
OBJ1
  6
ByBlock
 62
41
370
15
 60
1
420
15654007
100
AcDbCircle
 10
10.22780136944493
 20
-78.05118035728809
 30
0.0
 40
0.0984506299713328
100
AcDbArc
 50
135.0000000004422
 51
314.9999999957257
  0
ARC
  5
34B
330
270
100
AcDbEntity
  8
OBJ1
  6
ByBlock
 62
41
370
15
 60
1
420
15654007
100
AcDbCircle
 10
10.22780136938672
 20
-77.29993541160366
 30
0.0
 40
0.0984506299738952
100
AcDbArc
 50
45.00000000427431
 51
224.9999999924831
  0
HATCH
  5
34C
330
270
100
AcDbEntity
  8
OBJ1
 62
250
370
15
 60
1
100
AcDbHatch
 10
0.0
 20
0.0
 30
0.0
210
0.0
220
0.0
230
1.0
  2
SOLID
 70
1
 71
0
 91
1
 92
7
 72
0
 73
1
 93
5
 10
-27.48400201706682
 20
-68.40000000002328
 10
-31.0
 20
-68.40000000002328
 10
-31.0
 20
-68.5
 10
-31.0
 20
-68.60000000000582
 10
-27.48400201706682
 20
-68.60000000000582
 97
0
 75
0
 76
1
 47
0.0040960484896249
 98
1
 10
-29.53028592001647
 20
-68.46484246003092
450
0
451
0
460
0.0
461
0.0
452
0
462
0.0
453
0
470

  0
LINE
  5
34D
330
270
100
AcDbEntity
  8
OBJ1
 62
250
370
15
 60
1
100
AcDbLine
 10
-31.0
 20
-68.5
 30
0.0
 11
-31.0
 21
-68.40000000002328
 31
0.0
  0
LINE
  5
34E
330
270
100
AcDbEntity
  8
OBJ1
 62
250
370
15
 60
1
100
AcDbLine
 10
-31.0
 20
-68.40000000002328
 30
0.0
 11
-27.48400201706682
 21
-68.40000000002328
 31
0.0
  0
LINE
  5
34F
330
270
100
AcDbEntity
  8
OBJ1
 62
250
370
15
 60
1
100
AcDbLine
 10
-27.48400201706682
 20
-68.40000000002328
 30
0.0
 11
-27.48400201706682
 21
-68.60000000000582
 31
0.0
  0
LINE
  5
350
330
270
100
AcDbEntity
  8
OBJ1
 62
250
370
15
 60
1
100
AcDbLine
 10
-27.48400201706682
 20
-68.60000000000582
 30
0.0
 11
-31.0
 21
-68.60000000000582
 31
0.0
  0
LINE
  5
351
330
270
100
AcDbEntity
  8
OBJ1
 62
250
370
15
 60
1
100
AcDbLine
 10
-31.0
 20
-68.60000000000582
 30
0.0
 11
-31.0
 21
-68.5
 31
0.0
  0
MTEXT
  5
352
330
270
100
AcDbEntity
  8
OBJ1
 62
0
370
30
 60
1
100
AcDbMText
 10
-32.41730063996512
 20
-13.93129945002147
 30
0.0
 40
10.0
 41
51.62330835999455
 46
0.0
 71
1
 72
5
  1
{\C250;\c986895;V}
  7
HTXT1
  0
MTEXT
  5
353
330
270
100
AcDbEntity
  8
OBJ1
 62
250
370
20
 60
1
100
AcDbMText
 10
-26.46316445001867
 20
-66.57954570002039
 30
0.0
 40
4.0
 41
11.71462887999951
 46
0.0
 71
1
 72
5
  1
0
  7
HTXT1
  0
ARC
  5
354
330
270
100
AcDbEntity
  8
OBJ1
 62
250
370
18
 60
1
100
AcDbCircle
 10
-24.83279665443115
 20
-90.84676602916443
 30
0.0
 40
18.49999999991149
100
AcDbArc
 50
67.76672820203994
 51
112.23327179796
  0
ARC
  5
355
330
270
100
AcDbEntity
  8
OBJ1
 62
250
370
18
 60
1
100
AcDbCircle
 10
-24.83279665443115
 20
-58.84676602928085
 30
0.0
 40
18.49999999997884
100
AcDbArc
 50
247.7667282020399
 51
292.2332717979601
  0
LINE
  5
356
330
270
100
AcDbEntity
  8
OBJ1
 62
250
370
18
 60
1
100
AcDbLine
 10
-31.83279665443115
 20
-73.72222223971039
 30
0.0
 11
-31.83279665443115
 21
-75.9713098187931
 31
0.0
  0
LINE
  5
357
330
270
100
AcDbEntity
  8
OBJ1
 62
250
370
18
 60
1
100
AcDbLine
 10
-17.83279665448936
 20
-73.72222223971039
 30
0.0
 11
-17.83279665448936
 21
-75.97130981882218
 31
0.0
  0
MTEXT
  5
358
330
270
100
AcDbEntity
  8
OBJ1
 62
250
370
15
 60
1
100
AcDbMText
 10
-33.03853678051382
 20
-80.30000000001748
 30
0.0
 40
2.0
 41
49.18823644431539
 46
0.0
 71
1
 72
5
  1
MODEL
  7
ROMANS
  0
MTEXT
  5
359
330
270
100
AcDbEntity
  8
OBJ1
 62
250
370
18
 60
1
100
AcDbMText
 10
-29.92083774000639
 20
-73.55243464000523
 30
0.0
 40
2.5
 41
17.01935227999638
 46
0.0
 71
1
 72
5
  1
MIZUNO
  7
HTXT1
  0
MTEXT
  5
35A
330
270
100
AcDbEntity
  8
OBJ1
 62
250
370
15
 60
1
100
AcDbMText
 10
-19.91243605001364
 20
-80.30000000001748
 30
0.0
 40
2.0
 41
17.65497829999367
 46
0.0
 71
1
 72
5
  1
-96
  7
HTXT1
  0
MTEXT
  5
35B
330
270
100
AcDbEntity
  8
OBJ1
 62
250
370
15
 60
1
100
AcDbMText
 10
18.44607510667993
 20
-19.54602398234419
 30
0.0
 40
4.0
 41
12.57552960998146
 46
0.0
 71
1
 72
5
  1
500
  7
HTXT1
  0
MTEXT
  5
35C
330
270
100
AcDbEntity
  8
OBJ1
 62
250
370
20
 60
1
100
AcDbMText
 10
4.377541670022765
 20
-22.36630468998919
 30
0.0
 40
4.0
 41
13.94728845999634
 46
0.0
 71
1
 72
5
  1
400
  7
HTXT1
  0
MTEXT
  5
35D
330
270
100
AcDbEntity
  8
OBJ1
 62
250
370
20
 60
1
100
AcDbMText
 10
-15.68772238996461
 20
-37.16773320999346
 30
0.0
 40
4.0
 41
25.26821095999912
 46
0.0
 71
1
 72
5
  1
200
  7
HTXT1
  0
MTEXT
  5
35E
330
270
100
AcDbEntity
  8
OBJ1
 62
250
370
15
 60
1
100
AcDbMText
 10
-5.064967731159413
 20
-28.04429185000481
 30
0.0
 40
4.0
 41
18.48995057781576
 46
0.0
 71
1
 72
5
  1
300
  7
HTXT1
  0
MTEXT
  5
35F
330
270
100
AcDbEntity
  8
OBJ1
 62
250
370
15
 60
1
100
AcDbMText
 10
-23.03757789073279
 20
-50.53278631001012
 30
0.0
 40
4.0
 41
17.77690824741148
 46
0.0
 71
1
 72
5
  1
100
  7
HTXT1
  0
HATCH
  5
360
330
270
100
AcDbEntity
  8
OBJ1
 62
250
370
25
420
3355443
100
AcDbHatch
 10
0.0
 20
0.0
 30
0.0
210
0.0
220
0.0
230
1.0
  2
SOLID
 70
1
 71
0
 91
1
 92
7
 72
0
 73
1
 93
4
 10
47.0
 20
1.0
 10
48.0
 20
2.0
 10
-48.0000000000291
 20
2.0
 10
-47.00000000005821
 20
1.000000000029102
 97
0
 75
0
 76
1
 47
0.0394779539485171
 98
1
 10
12.98456428997451
 20
1.361469099996609
450
0
451
0
460
0.0
461
0.0
452
0
462
0.0
453
0
470

  0
LINE
  5
361
330
270
100
AcDbEntity
  8
OBJ1
 62
27
370
15
100
AcDbLine
 10
-48.0
 20
2.0
 30
0.0
 11
48.0
 21
2.0
 31
0.0
  0
HATCH
  5
362
330
270
100
AcDbEntity
  8
OBJ1
 62
250
370
25
420
3355443
100
AcDbHatch
 10
0.0
 20
0.0
 30
0.0
210
0.0
220
0.0
230
1.0
  2
SOLID
 70
1
 71
0
 91
1
 92
7
 72
0
 73
1
 93
4
 10
46.99999999997089
 20
-92.99999999997087
 10
48.0
 20
-93.9999999999709
 10
48.0
 20
1.999999999970895
 10
47.0
 20
0.999999999970896
 97
0
 75
0
 76
1
 47
0.1615016306476229
 98
1
 10
47.35821987997042
 20
-30.61842618999071
450
0
451
0
460
0.0
461
0.0
452
0
462
0.0
453
0
470

  0
LINE
  5
363
330
270
100
AcDbEntity
  8
OBJ1
 62
27
370
15
100
AcDbLine
 10
48.0
 20
2.0
 30
0.0
 11
48.0
 21
-94.0
 31
0.0
  0
HATCH
  5
364
330
270
100
AcDbEntity
  8
OBJ1
 62
250
370
25
420
3355443
100
AcDbHatch
 10
0.0
 20
0.0
 30
0.0
210
0.0
220
0.0
230
1.0
  2
SOLID
 70
1
 71
0
 91
1
 92
7
 72
0
 73
1
 93
4
 10
47.9999999999709
 20
-94.0
 10
47.0
 20
-93.0
 10
-46.99999999997089
 20
-92.99999999997087
 10
-48.0
 20
-94.0
 97
0
 75
0
 76
1
 47
0.1276886633537987
 98
1
 10
10.66407209000317
 20
-93.50005688998498
450
0
451
0
460
0.0
461
0.0
452
0
462
0.0
453
0
470

  0
LINE
  5
365
330
270
100
AcDbEntity
  8
OBJ1
 62
27
370
15
100
AcDbLine
 10
48.0
 20
-94.0
 30
0.0
 11
-48.0
 21
-94.0
 31
0.0
  0
HATCH
  5
366
330
270
100
AcDbEntity
  8
OBJ1
 62
250
370
25
420
3355443
100
AcDbHatch
 10
0.0
 20
0.0
 30
0.0
210
0.0
220
0.0
230
1.0
  2
SOLID
 70
1
 71
0
 91
1
 92
7
 72
0
 73
1
 93
4
 10
-47.0
 20
1.0
 10
-48.0
 20
2.0
 10
-48.0
 20
-94.0
 10
-47.0
 20
-93.0
 97
0
 75
0
 76
1
 47
0.1615016306476229
 98
1
 10
-47.36335127003258
 20
-36.10942014999455
450
0
451
0
460
0.0
461
0.0
452
0
462
0.0
453
0
470

  0
LINE
  5
367
330
270
100
AcDbEntity
  8
OBJ1
 62
27
370
15
100
AcDbLine
 10
-48.0
 20
-94.0
 30
0.0
 11
-48.0
 21
2.0
 31
0.0
  0
HATCH
  5
368
330
270
100
AcDbEntity
  8
OBJ1
 62
250
370
25
420
3355443
100
AcDbHatch
 10
0.0
 20
0.0
 30
0.0
210
0.0
220
0.0
230
1.0
  2
SOLID
 70
1
 71
0
 91
1
 92
7
 72
0
 73
1
 93
4
 10
43.0
 20
-3.0
 10
44.0
 20
-1.999999999970895
 10
-44.0000000000582
 20
-1.999999999970895
 10
-43.00000000008731
 20
-2.999999999970896
 97
0
 75
0
 76
1
 47
0.0394779539485171
 98
1
 10
19.62284507998264
 20
-2.507451889978256
450
0
451
0
460
0.0
461
0.0
452
0
462
0.0
453
0
470

  0
LINE
  5
369
330
270
100
AcDbEntity
  8
OBJ1
 62
27
370
15
100
AcDbLine
 10
-43.0000000000582
 20
-2.999999999970896
 30
0.0
 11
42.99999999994177
 21
-3.0
 31
0.0
  0
HATCH
  5
36A
330
270
100
AcDbEntity
  8
OBJ1
 62
250
370
25
420
3355443
100
AcDbHatch
 10
0.0
 20
0.0
 30
0.0
210
0.0
220
0.0
230
1.0
  2
SOLID
 70
1
 71
0
 91
1
 92
7
 72
0
 73
1
 93
4
 10
46.00000000005818
 20
2.91038e-11
 10
47.0
 20
1.0
 10
-47.00000000005821
 20
1.000000000029102
 10
-46.00000000005818
 20
2.91038e-11
 97
0
 75
0
 76
1
 47
0.0394779539485171
 98
1
 10
22.62567688996205
 20
0.2955779299954884
450
0
451
0
460
0.0
461
0.0
452
0
462
0.0
453
0
470

  0
LINE
  5
36B
330
270
100
AcDbEntity
  8
OBJ1
 62
27
370
15
100
AcDbLine
 10
-47.00000000005821
 20
1.000000000029102
 30
0.0
 11
47.0
 21
1.0
 31
0.0
  0
HATCH
  5
36C
330
270
100
AcDbEntity
  8
OBJ1
 62
250
370
25
420
3355443
100
AcDbHatch
 10
0.0
 20
0.0
 30
0.0
210
0.0
220
0.0
230
1.0
  2
SOLID
 70
1
 71
0
 91
1
 92
7
 72
0
 73
1
 93
4
 10
45.0000000000291
 20
-0.999999999970896
 10
46.00000000005818
 20
2.91038e-11
 10
-46.00000000005818
 20
2.91038e-11
 10
-45.00000000005822
 20
-0.999999999970896
 97
0
 75
0
 76
1
 47
0.0394779539485171
 98
1
 10
22.15163395996206
 20
-0.6124929399811663
450
0
451
0
460
0.0
461
0.0
452
0
462
0.0
453
0
470

  0
LINE
  5
36D
330
270
100
AcDbEntity
  8
OBJ1
 62
27
370
15
100
AcDbLine
 10
-46.00000000005818
 20
2.91038e-11
 30
0.0
 11
46.0
 21
2.91038e-11
 31
0.0
  0
HATCH
  5
36E
330
270
100
AcDbEntity
  8
OBJ1
 62
250
370
25
420
3355443
100
AcDbHatch
 10
0.0
 20
0.0
 30
0.0
210
0.0
220
0.0
230
1.0
  2
SOLID
 70
1
 71
0
 91
1
 92
7
 72
0
 73
1
 93
4
 10
44.0000000000582
 20
-1.999999999970895
 10
45.00000000008731
 20
-0.999999999970896
 10
-45.0000000000291
 20
-0.999999999970896
 10
-44.0000000000291
 20
-1.999999999970895
 97
0
 75
0
 76
1
 47
0.0394779539485171
 98
1
 10
18.79301798995584
 20
-1.717978600005153
450
0
451
0
460
0.0
461
0.0
452
0
462
0.0
453
0
470

  0
LINE
  5
36F
330
270
100
AcDbEntity
  8
OBJ1
 62
27
370
15
100
AcDbLine
 10
-45.00000000005822
 20
-0.999999999970896
 30
0.0
 11
45.0
 21
-0.999999999970896
 31
0.0
  0
LINE
  5
370
330
270
100
AcDbEntity
  8
OBJ1
 62
27
370
15
100
AcDbLine
 10
-44.0000000000582
 20
-1.999999999970895
 30
0.0
 11
44.0
 21
-1.999999999970895
 31
0.0
  0
HATCH
  5
371
330
270
100
AcDbEntity
  8
OBJ1
 62
250
370
25
420
3355443
100
AcDbHatch
 10
0.0
 20
0.0
 30
0.0
210
0.0
220
0.0
230
1.0
  2
SOLID
 70
1
 71
0
 91
1
 92
7
 72
0
 73
1
 93
4
 10
-42.9999999999709
 20
-88.9999999999709
 10
-43.99999999997089
 20
-89.99999999997092
 10
44.0
 20
-90.0
 10
42.9999999999709
 20
-88.9999999999709
 97
0
 75
0
 76
1
 47
0.1276886633537987
 98
1
 10
17.56541142996866
 20
-89.28631062997736
450
0
451
0
460
0.0
461
0.0
452
0
462
0.0
453
0
470

  0
LINE
  5
372
330
270
100
AcDbEntity
  8
OBJ1
 62
27
370
15
100
AcDbLine
 10
-43.0
 20
-88.9999999999709
 30
0.0
 11
43.0
 21
-88.9999999999709
 31
0.0
  0
HATCH
  5
373
330
270
100
AcDbEntity
  8
OBJ1
 62
250
370
25
420
3355443
100
AcDbHatch
 10
0.0
 20
0.0
 30
0.0
210
0.0
220
0.0
230
1.0
  2
SOLID
 70
1
 71
0
 91
1
 92
7
 72
0
 73
1
 93
4
 10
-45.99999999997089
 20
-91.99999999997087
 10
-46.99999999997089
 20
-92.99999999997087
 10
46.99999999997089
 20
-93.0
 10
45.99999999994177
 20
-92.0
 97
0
 75
0
 76
1
 47
0.1276886633537987
 98
1
 10
11.17540683998959
 20
-92.47859333999806
450
0
451
0
460
0.0
461
0.0
452
0
462
0.0
453
0
470

  0
LINE
  5
374
330
270
100
AcDbEntity
  8
OBJ1
 62
27
370
15
100
AcDbLine
 10
-47.0
 20
-92.99999999997087
 30
0.0
 11
46.99999999994179
 21
-93.0
 31
0.0
  0
HATCH
  5
375
330
270
100
AcDbEntity
  8
OBJ1
 62
250
370
25
420
3355443
100
AcDbHatch
 10
0.0
 20
0.0
 30
0.0
210
0.0
220
0.0
230
1.0
  2
SOLID
 70
1
 71
0
 91
1
 92
7
 72
0
 73
1
 93
4
 10
-44.99999999994177
 20
-90.99999999997085
 10
-45.99999999994177
 20
-91.99999999997087
 10
46.0
 20
-92.0
 10
44.99999999997089
 20
-91.0
 97
0
 75
0
 76
1
 47
0.1276886633537987
 98
1
 10
11.43107421998866
 20
-91.3294236100046
450
0
451
0
460
0.0
461
0.0
452
0
462
0.0
453
0
470

  0
LINE
  5
376
330
270
100
AcDbEntity
  8
OBJ1
 62
27
370
15
100
AcDbLine
 10
-46.0
 20
-91.99999999997087
 30
0.0
 11
45.99999999994177
 21
-92.0
 31
0.0
  0
HATCH
  5
377
330
270
100
AcDbEntity
  8
OBJ1
 62
250
370
25
420
3355443
100
AcDbHatch
 10
0.0
 20
0.0
 30
0.0
210
0.0
220
0.0
230
1.0
  2
SOLID
 70
1
 71
0
 91
1
 92
7
 72
0
 73
1
 93
4
 10
45.0
 20
-91.0
 10
44.0
 20
-90.0
 10
-43.99999999994178
 20
-89.99999999997092
 10
-44.99999999994177
 20
-90.99999999997085
 97
0
 75
0
 76
1
 47
0.1276886633537987
 98
1
 10
19.61007850995519
 20
-90.5631865299947
450
0
451
0
460
0.0
461
0.0
452
0
462
0.0
453
0
470

  0
LINE
  5
378
330
270
100
AcDbEntity
  8
OBJ1
 62
27
370
15
100
AcDbLine
 10
-45.0
 20
-90.99999999997085
 30
0.0
 11
44.99999999994177
 21
-91.0
 31
0.0
  0
LINE
  5
379
330
270
100
AcDbEntity
  8
OBJ1
 62
27
370
15
100
AcDbLine
 10
-44.0
 20
-89.99999999997092
 30
0.0
 11
44.0
 21
-90.0
 31
0.0
  0
HATCH
  5
37A
330
270
100
AcDbEntity
  8
OBJ1
 62
250
370
25
420
3355443
100
AcDbHatch
 10
0.0
 20
0.0
 30
0.0
210
0.0
220
0.0
230
1.0
  2
SOLID
 70
1
 71
0
 91
1
 92
7
 72
0
 73
1
 93
4
 10
-42.9999999999709
 20
-3.000000000029102
 10
-44.0
 20
-1.999999999970895
 10
-44.0
 20
-90.0
 10
-43.0
 20
-89.0
 97
0
 75
0
 76
1
 47
0.1615016306476229
 98
1
 10
-43.4839936000062
 20
-27.3884078800038
450
0
451
0
460
0.0
461
0.0
452
0
462
0.0
453
0
470

  0
LINE
  5
37B
330
270
100
AcDbEntity
  8
OBJ1
 62
27
370
15
100
AcDbLine
 10
-43.0
 20
-3.000000000029102
 30
0.0
 11
-43.0
 21
-89.0
 31
0.0
  0
HATCH
  5
37C
330
270
100
AcDbEntity
  8
OBJ1
 62
250
370
25
420
3355443
100
AcDbHatch
 10
0.0
 20
0.0
 30
0.0
210
0.0
220
0.0
230
1.0
  2
SOLID
 70
1
 71
0
 91
1
 92
7
 72
0
 73
1
 93
4
 10
44.0
 20
-2.0
 10
43.0000000000291
 20
-2.999999999970896
 10
42.9999999999709
 20
-88.99999999994179
 10
44.0
 20
-90.0
 97
0
 75
0
 76
1
 47
0.1615016306476229
 98
1
 10
43.80205801996635
 20
-32.71786373999204
450
0
451
0
460
0.0
461
0.0
452
0
462
0.0
453
0
470

  0
LINE
  5
37D
330
270
100
AcDbEntity
  8
OBJ1
 62
27
370
15
100
AcDbLine
 10
43.0
 20
-2.999999999970896
 30
0.0
 11
42.99999999994177
 21
-89.0
 31
0.0
  0
HATCH
  5
37E
330
270
100
AcDbEntity
  8
OBJ1
 62
250
370
25
420
3355443
100
AcDbHatch
 10
0.0
 20
0.0
 30
0.0
210
0.0
220
0.0
230
1.0
  2
SOLID
 70
1
 71
0
 91
1
 92
7
 72
0
 73
1
 93
4
 10
-45.99999999997089
 20
0.0
 10
-47.0
 20
1.0
 10
-47.0
 20
-93.0
 10
-46.00000000005818
 20
-92.0000000000582
 97
0
 75
0
 76
1
 47
0.1615016306476229
 98
1
 10
-46.2318299600156
 20
-33.84844449997763
450
0
451
0
460
0.0
461
0.0
452
0
462
0.0
453
0
470

  0
LINE
  5
37F
330
270
100
AcDbEntity
  8
OBJ1
 62
27
370
15
100
AcDbLine
 10
-47.0
 20
0.999999999970896
 30
0.0
 11
-47.0
 21
-93.0
 31
0.0
  0
HATCH
  5
380
330
270
100
AcDbEntity
  8
OBJ1
 62
250
370
25
420
3355443
100
AcDbHatch
 10
0.0
 20
0.0
 30
0.0
210
0.0
220
0.0
230
1.0
  2
SOLID
 70
1
 71
0
 91
1
 92
7
 72
0
 73
1
 93
4
 10
-45.0
 20
-1.0
 10
-46.0
 20
0.0
 10
-46.00000000005818
 20
-92.0000000000582
 10
-45.0
 20
-91.0
 97
0
 75
0
 76
1
 47
0.1615016306476229
 98
1
 10
-45.10030864004511
 20
-34.97902527000406
450
0
451
0
460
0.0
461
0.0
452
0
462
0.0
453
0
470

  0
LINE
  5
381
330
270
100
AcDbEntity
  8
OBJ1
 62
27
370
15
100
AcDbLine
 10
-46.0
 20
-2.91038e-11
 30
0.0
 11
-46.00000000005818
 21
-92.0
 31
0.0
  0
HATCH
  5
382
330
270
100
AcDbEntity
  8
OBJ1
 62
250
370
25
420
3355443
100
AcDbHatch
 10
0.0
 20
0.0
 30
0.0
210
0.0
220
0.0
230
1.0
  2
SOLID
 70
1
 71
0
 91
1
 92
7
 72
0
 73
1
 93
4
 10
-44.0000000000291
 20
-2.0
 10
-45.0
 20
-1.000000000029102
 10
-45.0000000000291
 20
-91.00000000002912
 10
-44.0
 20
-90.0
 97
0
 75
0
 76
1
 47
0.1615016306476229
 98
1
 10
-44.2923191000009
 20
-30.61842618999071
450
0
451
0
460
0.0
461
0.0
452
0
462
0.0
453
0
470

  0
LINE
  5
383
330
270
100
AcDbEntity
  8
OBJ1
 62
27
370
15
100
AcDbLine
 10
-45.0
 20
-1.000000000029102
 30
0.0
 11
-45.0
 21
-90.99999999997085
 31
0.0
  0
LINE
  5
384
330
270
100
AcDbEntity
  8
OBJ1
 62
27
370
15
100
AcDbLine
 10
-44.0
 20
-2.0000000000291
 30
0.0
 11
-44.0
 21
-90.0
 31
0.0
  0
HATCH
  5
385
330
270
100
AcDbEntity
  8
OBJ1
 62
250
370
25
420
3355443
100
AcDbHatch
 10
0.0
 20
0.0
 30
0.0
210
0.0
220
0.0
230
1.0
  2
SOLID
 70
1
 71
0
 91
1
 92
7
 72
0
 73
1
 93
4
 10
46.0
 20
-92.0
 10
47.0
 20
-93.0
 10
47.0
 20
1.0
 10
46.0
 20
0.0
 97
0
 75
0
 76
1
 47
0.1615016306476229
 98
1
 10
46.38829646998781
 20
-31.10285457997816
450
0
451
0
460
0.0
461
0.0
452
0
462
0.0
453
0
470

  0
LINE
  5
386
330
270
100
AcDbEntity
  8
OBJ1
 62
27
370
15
100
AcDbLine
 10
47.0
 20
1.000000000029102
 30
0.0
 11
47.0
 21
-93.0
 31
0.0
  0
HATCH
  5
387
330
270
100
AcDbEntity
  8
OBJ1
 62
250
370
25
420
3355443
100
AcDbHatch
 10
0.0
 20
0.0
 30
0.0
210
0.0
220
0.0
230
1.0
  2
SOLID
 70
1
 71
0
 91
1
 92
7
 72
0
 73
1
 93
4
 10
45.0
 20
-90.99999999997085
 10
46.0
 20
-92.0
 10
46.0
 20
0.0
 10
45.0
 20
-1.0
 97
0
 75
0
 76
1
 47
0.1615016306476229
 98
1
 10
45.41837306995875
 20
-31.74882106998121
450
0
451
0
460
0.0
461
0.0
452
0
462
0.0
453
0
470

  0
LINE
  5
388
330
270
100
AcDbEntity
  8
OBJ1
 62
27
370
15
100
AcDbLine
 10
46.0
 20
2.91038e-11
 30
0.0
 11
46.0
 21
-91.99999999997087
 31
0.0
  0
HATCH
  5
389
330
270
100
AcDbEntity
  8
OBJ1
 62
250
370
25
420
3355443
100
AcDbHatch
 10
0.0
 20
0.0
 30
0.0
210
0.0
220
0.0
230
1.0
  2
SOLID
 70
1
 71
0
 91
1
 92
7
 72
0
 73
1
 93
4
 10
45.0
 20
-1.0
 10
44.0
 20
-2.0
 10
44.0
 20
-90.0
 10
45.0
 20
-91.0
 97
0
 75
0
 76
1
 47
0.1615016306476229
 98
1
 10
44.61038352997275
 20
-31.58746886000154
450
0
451
0
460
0.0
461
0.0
452
0
462
0.0
453
0
470

  0
LINE
  5
38A
330
270
100
AcDbEntity
  8
OBJ1
 62
27
370
15
100
AcDbLine
 10
45.0
 20
-0.999999999970896
 30
0.0
 11
45.0
 21
-90.99999999997085
 31
0.0
  0
LINE
  5
38B
330
270
100
AcDbEntity
  8
OBJ1
 62
27
370
15
100
AcDbLine
 10
44.0
 20
-1.999999999970895
 30
0.0
 11
44.0
 21
-90.0
 31
0.0
  0
LINE
  5
38C
330
270
100
AcDbEntity
  8
OBJ1
 62
27
370
15
100
AcDbLine
 10
-43.0
 20
-3.000000000029102
 30
0.0
 11
-48.0
 21
2.0
 31
0.0
  0
LINE
  5
38D
330
270
100
AcDbEntity
  8
OBJ1
 62
27
370
15
100
AcDbLine
 10
43.0
 20
-3.0
 30
0.0
 11
48.0
 21
2.0
 31
0.0
  0
LINE
  5
38E
330
270
100
AcDbEntity
  8
OBJ1
 62
27
370
15
100
AcDbLine
 10
-48.0
 20
-94.0
 30
0.0
 11
-43.0
 21
-89.0
 31
0.0
  0
LINE
  5
38F
330
270
100
AcDbEntity
  8
OBJ1
 62
27
370
15
100
AcDbLine
 10
43.0
 20
-89.0
 30
0.0
 11
48.0
 21
-94.0
 31
0.0
  0
HATCH
  5
390
330
270
100
AcDbEntity
  8
OBJ1
 62
9
370
25
420
12763830
100
AcDbHatch
 10
0.0
 20
0.0
 30
0.0
210
0.0
220
0.0
230
1.0
  2
SOLID
 70
1
 71
0
 91
2
 92
7
 72
1
 73
1
 93
8
 10
42.5
 20
-6.000000000029102
 42
0.4142135623765049
 10
40.0
 20
-3.5
 42
0.0
 10
-40.0
 20
-3.500000000029102
 42
0.4142135623730951
 10
-42.5
 20
-6.000000000029102
 42
0.0
 10
-42.5
 20
-85.9999999999709
 42
0.4142135623730951
 10
-40.0
 20
-88.4999999999709
 42
0.0
 10
40.0
 20
-88.4999999999709
 42
0.4142135623730951
 10
42.5
 20
-85.9999999999709
 42
0.0
 97
0
 92
22
 72
1
 73
1
 93
9
 10
37.5
 20
-11.0000000000291
 42
0.4142135623730951
 10
35.0
 20
-8.500000000029102
 42
0.0
 10
-35.0
 20
-8.500000000029102
 42
0.4142135623730951
 10
-37.5
 20
-11.0000000000291
 42
0.0
 10
-37.5
 20
-80.9999999999709
 42
0.4142135623730951
 10
-35.0
 20
-83.4999999999709
 42
0.0
 10
35.0
 20
-83.4999999999709
 42
2.414213562373094
 10
32.5
 20
-80.9999999999709
 42
1.0
 10
37.5
 20
-81.0
 42
0.0
 97
0
 75
0
 76
1
 47
0.2907889448703623
 98
3
 10
40.96216796996304
 20
-68.95686236998881
 10
40.96216796996304
 20
-68.95686236998881
 10
28.4472331199795
 20
-74.19114273999003
450
0
451
0
460
0.0
461
0.0
452
0
462
0.0
453
0
470

  0
LINE
  5
391
330
270
100
AcDbEntity
  8
OBJ1
 62
9
370
15
420
12763830
100
AcDbLine
 10
-40.0
 20
-3.500000000029102
 30
0.0
 11
40.0
 21
-3.5
 31
0.0
  0
LINE
  5
392
330
270
100
AcDbEntity
  8
OBJ1
 62
9
370
15
420
12763830
100
AcDbLine
 10
42.5
 20
-6.000000000029102
 30
0.0
 11
42.5
 21
-85.9999999999709
 31
0.0
  0
LINE
  5
393
330
270
100
AcDbEntity
  8
OBJ1
 62
9
370
15
420
12763830
100
AcDbLine
 10
-42.5
 20
-6.000000000029102
 30
0.0
 11
-42.5
 21
-85.9999999999709
 31
0.0
  0
LINE
  5
394
330
270
100
AcDbEntity
  8
OBJ1
 62
9
370
15
420
12763830
100
AcDbLine
 10
-40.0
 20
-88.4999999999709
 30
0.0
 11
40.0
 21
-88.4999999999709
 31
0.0
  0
HATCH
  5
395
330
270
100
AcDbEntity
  8
OBJ1
 62
252
370
25
420
10395274
100
AcDbHatch
 10
0.0
 20
0.0
 30
0.0
210
0.0
220
0.0
230
1.0
  2
SOLID
 70
1
 71
0
 91
1
 92
7
 72
1
 73
1
 93
8
 10
37.5
 20
-11.0000000000291
 42
0.4142135623730951
 10
35.0
 20
-8.500000000029102
 42
0.0
 10
-35.0
 20
-8.500000000029102
 42
0.4142135623730951
 10
-37.5
 20
-11.0000000000291
 42
0.0
 10
-37.5
 20
-80.9999999999709
 42
0.4142135623730951
 10
-35.0
 20
-83.4999999999709
 42
0.0
 10
35.0
 20
-83.4999999999709
 42
0.4142135623696853
 10
37.5
 20
-81.0
 42
0.0
 97
0
 75
0
 76
1
 47
0.2930399968653012
 98
2
 10
11.34641169995302
 20
-36.67805653999676
 10
21.6117424099939
 20
-64.51688841998111
450
0
451
0
460
0.0
461
0.0
452
0
462
0.0
453
0
470

  0
LINE
  5
396
330
270
100
AcDbEntity
  8
OBJ1
 62
9
370
15
420
12763830
100
AcDbLine
 10
-35.0
 20
-8.500000000029102
 30
0.0
 11
35.0
 21
-8.500000000029102
 31
0.0
  0
LINE
  5
397
330
270
100
AcDbEntity
  8
OBJ1
 62
9
370
15
420
12763830
100
AcDbLine
 10
-37.5
 20
-11.0000000000291
 30
0.0
 11
-37.5
 21
-80.9999999999709
 31
0.0
  0
LINE
  5
398
330
270
100
AcDbEntity
  8
OBJ1
 62
9
370
15
420
12763830
100
AcDbLine
 10
37.5
 20
-11.0000000000291
 30
0.0
 11
37.5
 21
-81.0
 31
0.0
  0
LINE
  5
399
330
270
100
AcDbEntity
  8
OBJ1
 62
9
370
15
420
12763830
100
AcDbLine
 10
-35.0
 20
-83.4999999999709
 30
0.0
 11
35.0
 21
-83.4999999999709
 31
0.0
  0
ARC
  5
39A
330
270
100
AcDbEntity
  8
OBJ1
 62
9
370
15
420
12763830
100
AcDbCircle
 10
-40.0
 20
-6.000000000029102
 30
0.0
 40
2.5
100
AcDbArc
 50
90.0
 51
180.0
  0
ARC
  5
39B
330
270
100
AcDbEntity
  8
OBJ1
 62
9
370
15
420
12763830
100
AcDbCircle
 10
-35.0
 20
-11.0000000000291
 30
0.0
 40
2.5
100
AcDbArc
 50
90.0
 51
180.0
  0
ARC
  5
39C
330
270
100
AcDbEntity
  8
OBJ1
 62
9
370
15
420
12763830
100
AcDbCircle
 10
-40.0
 20
-85.9999999999709
 30
0.0
 40
2.5
100
AcDbArc
 50
180.0
 51
270.0
  0
ARC
  5
39D
330
270
100
AcDbEntity
  8
OBJ1
 62
9
370
15
420
12763830
100
AcDbCircle
 10
-35.0
 20
-80.9999999999709
 30
0.0
 40
2.5
100
AcDbArc
 50
180.0
 51
270.0
  0
ARC
  5
39E
330
270
100
AcDbEntity
  8
OBJ1
 62
9
370
15
420
12763830
100
AcDbCircle
 10
40.0
 20
-85.9999999999709
 30
0.0
 40
2.5
100
AcDbArc
 50
270.0
 51
0.0
  0
ARC
  5
39F
330
270
100
AcDbEntity
  8
OBJ1
 62
9
370
15
420
12763830
100
AcDbCircle
 10
35.0
 20
-81.0
 30
0.0
 40
2.5
100
AcDbArc
 50
270.0
 51
0.0
  0
ARC
  5
3A0
330
270
100
AcDbEntity
  8
OBJ1
 62
9
370
15
420
12763830
100
AcDbCircle
 10
40.0
 20
-6.000000000029102
 30
0.0
 40
2.5
100
AcDbArc
 50
0.0
 51
90.0
  0
ARC
  5
3A1
330
270
100
AcDbEntity
  8
OBJ1
 62
9
370
15
420
12763830
100
AcDbCircle
 10
35.0
 20
-11.0000000000291
 30
0.0
 40
2.5
100
AcDbArc
 50
0.0
 51
90.0
  0
HATCH
  5
3A2
330
270
100
AcDbEntity
  8
OBJ1
 62
250
370
25
420
2829099
100
AcDbHatch
 10
0.0
 20
0.0
 30
0.0
210
0.0
220
0.0
230
1.0
  2
SOLID
 70
1
 71
0
 91
1
 92
7
 72
1
 73
1
 93
4
 10
13.55572808999568
 20
-67.4999999999709
 42
0.0
 10
-21.7536104900064
 20
-67.4999999999709
 42
0.0
 10
-23.23251691000769
 20
-68.5
 42
0.0
 10
13.5
 20
-68.4999999999709
 42
-0.0278424447443727
 97
0
 75
0
 76
1
 47
0.0725116146917012
 98
2
 10
-3.970449460030066
 20
-67.96253870998044
 10
-3.970449460030066
 20
-69.05017896997742
450
0
451
0
460
0.0
461
0.0
452
0
462
0.0
453
0
470

  0
HATCH
  5
3A3
330
270
100
AcDbEntity
  8
OBJ1
 62
250
370
25
420
2829099
100
AcDbHatch
 10
0.0
 20
0.0
 30
0.0
210
0.0
220
0.0
230
1.0
  2
SOLID
 70
1
 71
0
 91
1
 92
7
 72
1
 73
1
 93
4
 10
13.5
 20
-68.4999999999709
 42
0.0
 10
-23.23251691000769
 20
-68.4999999999709
 42
0.0
 10
-21.7536104900064
 20
-69.4999999999709
 42
0.0
 10
13.55572808999568
 20
-69.4999999999709
 42
-0.0278424447447772
 97
0
 75
0
 76
1
 47
0.0725116146917012
 98
2
 10
-3.970449460030066
 20
-67.96253870998044
 10
-3.970449460030066
 20
-69.05017896997742
450
0
451
0
460
0.0
461
0.0
452
0
462
0.0
453
0
470

  0
HATCH
  5
3A4
330
270
100
AcDbEntity
  8
OBJ1
 62
250
370
25
420
2829099
100
AcDbHatch
 10
0.0
 20
0.0
 30
0.0
210
0.0
220
0.0
230
1.0
  2
SOLID
 70
1
 71
0
 91
1
 92
7
 72
1
 73
1
 93
5
 10
20.51880284998333
 20
-67.68839377560651
 42
0.0
 10
20.51880285004154
 20
-67.4999999999709
 42
0.0
 10
13.55572808999568
 20
-67.4999999999709
 42
0.0278424447445749
 10
13.5
 20
-68.4999999999709
 42
0.0
 10
19.71303023706423
 20
-68.4999999999709
 42
0.0
 97
0
 75
0
 76
1
 47
0.0199577547765378
 98
4
 10
17.09439215995371
 20
-68.19006761998753
 10
16.99360344995511
 20
-68.99738630998763
 10
20.35289134999039
 20
-68.30141551999257
 10
20.21548272995278
 20
-69.07527406999725
450
0
451
0
460
0.0
461
0.0
452
0
462
0.0
453
0
470

  0
HATCH
  5
3A5
330
270
100
AcDbEntity
  8
OBJ1
 62
250
370
25
420
2829099
100
AcDbHatch
 10
0.0
 20
0.0
 30
0.0
210
0.0
220
0.0
230
1.0
  2
SOLID
 70
1
 71
0
 91
1
 92
7
 72
0
 73
1
 93
4
 10
20.51880284998333
 20
-68.4999999999709
 10
19.71303023706423
 20
-68.4999999999709
 10
18.72021797325578
 20
-69.4999999999709
 10
20.51880284998333
 20
-69.4999999999709
 97
0
 75
0
 76
1
 47
0.0199577547765378
 98
4
 10
17.09439215995371
 20
-68.19006761998753
 10
16.99360344995511
 20
-68.99738630998763
 10
20.35289134999039
 20
-68.30141551999257
 10
20.21548272995278
 20
-69.07527406999725
450
0
451
0
460
0.0
461
0.0
452
0
462
0.0
453
0
470

  0
HATCH
  5
3A6
330
270
100
AcDbEntity
  8
OBJ1
 62
250
370
25
420
2829099
100
AcDbHatch
 10
0.0
 20
0.0
 30
0.0
210
0.0
220
0.0
230
1.0
  2
SOLID
 70
1
 71
0
 91
1
 92
23
 72
0
 73
1
 93
3
 10
19.71303023703512
 20
-68.4999999999709
 10
20.51880284998333
 20
-68.4999999999709
 10
20.51880284998333
 20
-67.68839377557742
 97
0
 75
0
 76
1
 47
0.0199577547765378
 98
4
 10
17.09439215995371
 20
-68.19006761998753
 10
16.99360344995511
 20
-68.99738630998763
 10
20.35289134999039
 20
-68.30141551999257
 10
20.21548272995278
 20
-69.07527406999725
450
0
451
0
460
0.0
461
0.0
452
0
462
0.0
453
0
470

  0
HATCH
  5
3A7
330
270
100
AcDbEntity
  8
OBJ1
 62
250
370
25
420
2829099
100
AcDbHatch
 10
0.0
 20
0.0
 30
0.0
210
0.0
220
0.0
230
1.0
  2
SOLID
 70
1
 71
0
 91
1
 92
7
 72
1
 73
1
 93
4
 10
19.71303023706423
 20
-68.4999999999709
 42
0.0
 10
13.5
 20
-68.4999999999709
 42
0.0278424447445749
 10
13.55572808999568
 20
-69.4999999999709
 42
0.0
 10
18.72021797328489
 20
-69.4999999999709
 42
0.0
 97
0
 75
0
 76
1
 47
0.0199577547765378
 98
4
 10
17.09439215995371
 20
-68.19006761998753
 10
16.99360344995511
 20
-68.99738630998763
 10
20.35289134999039
 20
-68.30141551999257
 10
20.21548272995278
 20
-69.07527406999725
450
0
451
0
460
0.0
461
0.0
452
0
462
0.0
453
0
470

  0
HATCH
  5
3A8
330
270
100
AcDbEntity
  8
OBJ1
 62
250
370
30
420
3684408
100
AcDbHatch
 10
0.0
 20
0.0
 30
0.0
210
0.0
220
0.0
230
1.0
  2
SOLID
 70
1
 71
0
 91
1
 92
7
 72
1
 73
1
 93
4
 10
24.37288244740921
 20
-67.85389359598047
 42
-0.6427278185550493
 10
21.76146960718325
 20
-70.33840012122528
 42
0.0
 10
26.33391177837621
 20
-73.25186587809003
 42
-0.1088530434447113
 10
27.24561513005756
 20
-72.33790549958938
 42
0.0
 97
0
 75
0
 76
1
 47
0.0418258830421949
 98
7
 10
21.1142740699579
 20
-63.11026153998682
 10
15.96531453996431
 20
-70.59715252000024
 10
19.06322369998088
 20
-70.97357902998918
 10
24.96574686997337
 20
-74.11046663997693
 10
25.63531990995398
 20
-71.3918307099957
 10
27.89601079997374
 20
-70.0534253299993
 10
25.38435599999502
 20
-66.12167363998014
450
0
451
0
460
0.0
461
0.0
452
0
462
0.0
453
0
470

  0
HATCH
  5
3A9
330
270
100
AcDbEntity
  8
OBJ1
 62
250
370
30
420
1315860
100
AcDbHatch
 10
0.0
 20
0.0
 30
0.0
210
0.0
220
0.0
230
1.0
  2
SOLID
 70
1
 71
0
 91
1
 92
7
 72
1
 73
1
 93
10
 10
21.19600290028029
 20
-67.00844587388565
 42
-0.0042167665158653
 10
21.22134518591338
 20
-66.98666460637467
 42
0.0
 10
27.39304720624932
 20
-60.94631950382609
 42
0.5574766440319135
 10
13.55572809002479
 20
-67.4999999999709
 42
0.0
 10
20.51880284998333
 20
-67.4999999999709
 42
0.0
 10
20.51880284998333
 20
-67.68839377557742
 42
0.0
 10
20.87248144706245
 20
-67.33215462547378
 42
0.0
 10
17.08868080002139
 20
-63.93877164996229
 42
0.0
 10
17.23986387989134
 20
-63.78281024994794
 42
0.0
 10
17.39944600994931
 20
-63.62926540998159
 42
0.0
 97
0
 75
0
 76
1
 47
0.0472005958807691
 98
1
 10
20.89412674994674
 20
-63.78132312998059
450
0
451
0
460
0.0
461
0.0
452
0
462
0.0
453
0
470

  0
HATCH
  5
3AA
330
270
100
AcDbEntity
  8
OBJ1
 62
250
370
30
420
1315860
100
AcDbHatch
 10
0.0
 20
0.0
 30
0.0
210
0.0
220
0.0
230
1.0
  2
SOLID
 70
1
 71
0
 91
1
 92
7
 72
1
 73
1
 93
3
 10
13.55572808999568
 20
-69.4999999999709
 42
0.1145223432113708
 10
14.91049905345426
 20
-73.33730042297975
 42
0.0
 10
18.72021797325578
 20
-69.4999999999709
 42
0.0
 97
0
 75
0
 76
1
 47
0.0472005958807691
 98
5
 10
15.55568443000083
 20
-70.71983967997949
 10
19.57144283998059
 20
-71.38067732998752
 10
23.06713146995754
 20
-72.70216675999106
 10
26.98814847995527
 20
-69.96457009000005
 10
25.09869601996616
 20
-66.23562398998183
450
0
451
0
460
0.0
461
0.0
452
0
462
0.0
453
0
470

  0
HATCH
  5
3AB
330
270
100
AcDbEntity
  8
OBJ1
 62
250
370
30
420
1315860
100
AcDbHatch
 10
0.0
 20
0.0
 30
0.0
210
0.0
220
0.0
230
1.0
  2
SOLID
 70
1
 71
0
 91
1
 92
7
 72
1
 73
1
 93
7
 10
28.78016778122401
 20
-62.05333476595114
 42
0.0494178174533333
 10
27.39304720622022
 20
-60.94631950385519
 42
0.0
 10
21.22134518585517
 20
-66.98666460640379
 42
-0.5270277873931919
 10
24.37288244740921
 20
-67.85389359598047
 42
0.0
 10
24.97557758889161
 20
-68.79463277611647
 42
0.0
 10
27.32459153028321
 20
-66.37876603519544
 42
0.0
 10
26.337880310748
 20
-64.56037124583963
 42
0.0
 97
0
 75
0
 76
1
 47
0.0472005958807691
 98
5
 10
15.55568443000083
 20
-70.71983967997949
 10
19.57144283998059
 20
-71.38067732998752
 10
23.06713146995754
 20
-72.70216675999106
 10
26.98814847995527
 20
-69.96457009000005
 10
25.09869601996616
 20
-66.23562398998183
450
0
451
0
460
0.0
461
0.0
452
0
462
0.0
453
0
470

  0
HATCH
  5
3AC
330
270
100
AcDbEntity
  8
OBJ1
 62
250
370
30
420
1315860
100
AcDbHatch
 10
0.0
 20
0.0
 30
0.0
210
0.0
220
0.0
230
1.0
  2
SOLID
 70
1
 71
0
 91
1
 92
7
 72
1
 73
1
 93
4
 10
24.97557758886251
 20
-68.79463277611647
 42
0.0
 10
27.24561513005756
 20
-72.33790549958938
 42
-0.3059790122533372
 10
30.60205770639004
 20
-72.41875757370144
 42
0.0
 10
27.32459153028321
 20
-66.37876603519544
 42
0.0
 97
0
 75
0
 76
1
 47
0.0472005958807691
 98
5
 10
15.55568443000083
 20
-70.71983967997949
 10
19.57144283998059
 20
-71.38067732998752
 10
23.06713146995754
 20
-72.70216675999106
 10
26.98814847995527
 20
-69.96457009000005
 10
25.09869601996616
 20
-66.23562398998183
450
0
451
0
460
0.0
461
0.0
452
0
462
0.0
453
0
470

  0
HATCH
  5
3AD
330
270
100
AcDbEntity
  8
OBJ1
 62
250
370
30
420
1315860
100
AcDbHatch
 10
0.0
 20
0.0
 30
0.0
210
0.0
220
0.0
230
1.0
  2
SOLID
 70
1
 71
0
 91
1
 92
7
 72
1
 73
1
 93
5
 10
20.66026822093409
 20
-73.51189117284956
 42
0.0
 10
26.41875757373055
 20
-76.60205770639004
 42
-0.1557283884267411
 10
25.86396103067091
 20
-74.8639610306709
 42
-0.1427860682749531
 10
26.33391177837621
 20
-73.25186587809003
 42
0.0
 10
22.87440803754726
 20
-71.04754151328234
 42
0.0
 97
0
 75
0
 76
1
 47
0.0472005958807691
 98
5
 10
15.55568443000083
 20
-70.71983967997949
 10
19.57144283998059
 20
-71.38067732998752
 10
23.06713146995754
 20
-72.70216675999106
 10
26.98814847995527
 20
-69.96457009000005
 10
25.09869601996616
 20
-66.23562398998183
450
0
451
0
460
0.0
461
0.0
452
0
462
0.0
453
0
470

  0
HATCH
  5
3AE
330
270
100
AcDbEntity
  8
OBJ1
 62
250
370
30
420
1315860
100
AcDbHatch
 10
0.0
 20
0.0
 30
0.0
210
0.0
220
0.0
230
1.0
  2
SOLID
 70
1
 71
0
 91
1
 92
7
 72
1
 73
1
 93
9
 10
22.87440803757636
 20
-71.04754151328234
 42
0.0
 10
21.76146960729966
 20
-70.33840012131259
 42
-0.3062721121387764
 10
20.51880284998333
 20
-68.4999999999709
 42
0.0
 10
20.51880284998333
 20
-69.4999999999709
 42
0.0
 10
18.72021797328489
 20
-69.5
 42
0.0
 10
14.91049905348336
 20
-73.33730042297975
 42
0.0578234365606001
 10
16.21983221877599
 20
-74.94666523399064
 42
0.0
 10
18.66211968922289
 20
-72.43962875410216
 42
0.0
 10
20.66026822093409
 20
-73.51189117284956
 42
0.0
 97
0
 75
0
 76
1
 47
0.0472005958807691
 98
5
 10
15.55568443000083
 20
-70.71983967997949
 10
19.57144283998059
 20
-71.38067732998752
 10
23.06713146995754
 20
-72.70216675999106
 10
26.98814847995527
 20
-69.96457009000005
 10
25.09869601996616
 20
-66.23562398998183
450
0
451
0
460
0.0
461
0.0
452
0
462
0.0
453
0
470

  0
ARC
  5
3AF
330
270
100
AcDbEntity
  8
OBJ1
 62
9
370
18
420
12763830
100
AcDbCircle
 10
22.5
 20
-68.4999999999709
 30
0.0
 40
9.0
100
AcDbArc
 50
45.7495232442137
 51
173.6206297916501
  0
ARC
  5
3B0
330
270
100
AcDbEntity
  8
OBJ1
 62
9
370
18
420
12763830
100
AcDbCircle
 10
22.5
 20
-68.4999999999709
 30
0.0
 40
9.0
100
AcDbArc
 50
186.3793702083499
 51
225.7495232442137
  0
LINE
  5
3B1
330
270
100
AcDbEntity
  8
OBJ1
 62
9
370
18
420
12763830
100
AcDbLine
 10
18.66211968922289
 20
-72.43962875410216
 30
0.0
 11
16.21983221877599
 21
-74.94666523401973
 31
0.0
  0
LINE
  5
3B2
330
270
100
AcDbEntity
  8
OBJ1
 62
9
370
18
420
12763830
100
AcDbLine
 10
16.21983221877599
 20
-74.94666523401973
 30
0.0
 11
18.66211968922289
 21
-72.43962875410216
 31
0.0
  0
LINE
  5
3B3
330
270
100
AcDbEntity
  8
OBJ1
 62
9
370
18
420
12763830
100
AcDbLine
 10
26.3378803107189
 20
-64.56037124586874
 30
0.0
 11
28.78016778122401
 21
-62.05333476595114
 31
0.0
  0
LINE
  5
3B4
330
270
100
AcDbEntity
  8
OBJ1
 62
9
370
18
420
12763830
100
AcDbLine
 10
18.66211968922289
 20
-72.43962875410216
 30
0.0
 11
26.41875757375965
 21
-76.60205770641915
 31
0.0
  0
HATCH
  5
3B5
330
270
100
AcDbEntity
  8
OBJ1
 62
250
370
25
420
1644821
100
AcDbHatch
 10
0.0
 20
0.0
 30
0.0
210
0.0
220
0.0
230
1.0
  2
SOLID
 70
1
 71
0
 91
1
 92
7
 72
1
 73
1
 93
2
 10
28.86396103067091
 20
-71.86396103067091
 42
1.0
 10
28.86396103067091
 20
-77.8639610306709
 42
1.0
 97
0
 75
0
 76
1
 47
0.0356976022179879
 98
1
 10
30.12435734999599
 20
-73.42490565998014
450
0
451
0
460
0.0
461
0.0
452
0
462
0.0
453
0
470

  0
CIRCLE
  5
3B6
330
270
100
AcDbEntity
  8
OBJ1
 62
9
370
18
420
12763830
100
AcDbCircle
 10
28.86396103067091
 20
-74.8639610306709
 30
0.0
 40
3.0
  0
LINE
  5
3B7
330
270
100
AcDbEntity
  8
OBJ1
 62
9
370
18
420
12763830
100
AcDbLine
 10
26.3378803107189
 20
-64.56037124583963
 30
0.0
 11
30.60205770639004
 21
-72.41875757373055
 31
0.0
  0
LINE
  5
3B8
330
270
100
AcDbEntity
  8
OBJ1
 62
250
370
15
420
986895
100
AcDbLine
 10
22.5
 20
-15.00009345798753
 30
0.0
 11
22.5
 21
-11.49999999997089
 31
0.0
  0
LINE
  5
3B9
330
270
100
AcDbEntity
  8
OBJ1
 62
250
370
15
420
986895
100
AcDbLine
 10
-34.5
 20
-68.4999999999709
 30
0.0
 11
-31.0
 21
-68.4999999999709
 31
0.0
  0
LINE
  5
3BA
330
270
100
AcDbEntity
  8
OBJ1
 62
250
370
15
420
986895
100
AcDbLine
 10
-1.322660405712666
 20
-17.39270908560138
 30
0.0
 11
-0.1030153605970554
 21
-20.00924112150096
 31
0.0
  0
LINE
  5
3BB
330
270
100
AcDbEntity
  8
OBJ1
 62
250
370
15
420
986895
100
AcDbLine
 10
-20.11446658952627
 20
-35.20387457555626
 30
0.0
 11
-22.41556202113861
 21
-33.40595081311767
 31
0.0
  0
LINE
  5
3BC
330
270
100
AcDbEntity
  8
OBJ1
 62
250
370
15
420
986895
100
AcDbLine
 10
-15.81017920735758
 20
-27.29293863550993
 30
0.0
 11
-13.92785961378831
 21
-29.31759267274174
 31
0.0
  0
LINE
  5
3BD
330
270
100
AcDbEntity
  8
OBJ1
 62
250
370
15
420
986895
100
AcDbLine
 10
-25.03465197246987
 20
-37.38710089746746
 30
0.0
 11
-22.26382945035584
 21
-39.20068988960703
 31
0.0
  0
LINE
  5
3BE
330
270
100
AcDbEntity
  8
OBJ1
 62
250
370
15
420
986895
100
AcDbLine
 10
-19.37285542848985
 20
-30.09054185025161
 30
0.0
 11
-16.92554680322064
 21
-32.33542811989901
 31
0.0
  0
LINE
  5
3BF
330
270
100
AcDbEntity
  8
OBJ1
 62
250
370
15
420
986895
100
AcDbLine
 10
-12.77660994126927
 20
-23.96891145201516
 30
0.0
 11
-10.7208231225959
 21
-26.56401412797277
 31
0.0
  0
LINE
  5
3C0
330
270
100
AcDbEntity
  8
OBJ1
 62
250
370
15
420
986895
100
AcDbLine
 10
-32.8835623342311
 20
-59.13852953468449
 30
0.0
 11
-30.25172082288191
 21
-59.58338908397127
 31
0.0
  0
LINE
  5
3C1
330
270
100
AcDbEntity
  8
OBJ1
 62
250
370
15
420
986895
100
AcDbLine
 10
-32.44295982236508
 20
-54.16137327381875
 30
0.0
 11
-29.26621655927738
 21
-54.99041735884384
 31
0.0
  0
LINE
  5
3C2
330
270
100
AcDbEntity
  8
OBJ1
 62
250
370
18
420
986895
100
AcDbLine
 10
-34.3902459841338
 20
-66.00241035074578
 30
0.0
 11
-29.22096012649126
 21
-66.22935179964406
 31
0.0
  0
LINE
  5
3C3
330
270
100
AcDbEntity
  8
OBJ1
 62
250
370
18
420
986895
100
AcDbLine
 10
-34.28028198133688
 20
-63.50004218766115
 30
0.0
 11
-30.79377343860688
 21
-63.80705714103533
 31
0.0
  0
LINE
  5
3C4
330
270
100
AcDbEntity
  8
OBJ1
 62
250
370
18
420
986895
100
AcDbLine
 10
-33.96204964118079
 20
-61.02037927150377
 30
0.0
 11
-30.53666069998872
 21
-61.47414618736365
 31
0.0
  0
LINE
  5
3C5
330
270
100
AcDbEntity
  8
OBJ1
 62
250
370
18
420
986895
100
AcDbLine
 10
-33.70276797952829
 20
-59.00005939789116
 30
0.0
 11
-30.25172082288191
 21
-59.58338908397127
 31
0.0
  0
LINE
  5
3C6
330
270
100
AcDbEntity
  8
OBJ1
 62
250
370
18
420
986895
100
AcDbLine
 10
-33.17828581173671
 20
-56.55569476555683
 30
0.0
 11
-29.80987855239073
 21
-57.27829755179119
 31
0.0
  0
LINE
  5
3C7
330
270
100
AcDbEntity
  8
OBJ1
 62
250
370
18
420
986895
100
AcDbLine
 10
-32.44295982236508
 20
-54.16137327381875
 30
0.0
 11
-29.26621655927738
 21
-54.99041735884384
 31
0.0
  0
LINE
  5
3C8
330
270
100
AcDbEntity
  8
OBJ1
 62
250
370
18
420
986895
100
AcDbLine
 10
-31.91728079458699
 20
-51.71725647995481
 30
0.0
 11
-28.62387660553213
 21
-52.73296981595922
 31
0.0
  0
LINE
  5
3C9
330
270
100
AcDbEntity
  8
OBJ1
 62
250
370
18
420
986895
100
AcDbLine
 10
-31.19953171280213
 20
-49.38559983071172
 30
0.0
 11
-27.90219204622554
 21
-50.55929106916301
 31
0.0
  0
LINE
  5
3CA
330
270
100
AcDbEntity
  8
OBJ1
 62
250
370
18
420
986895
100
AcDbLine
 10
-34.5
 20
-68.4999999999709
 30
0.0
 11
-31.0
 21
-68.4999999999709
 31
0.0
  0
LINE
  5
3CB
330
270
100
AcDbEntity
  8
OBJ1
 62
250
370
18
420
986895
100
AcDbLine
 10
-20.11446658952627
 20
-35.20387457555626
 30
0.0
 11
-20.11446658952627
 21
-35.20387457555626
 31
0.0
  0
LINE
  5
3CC
330
270
100
AcDbEntity
  8
OBJ1
 62
250
370
18
420
986895
100
AcDbLine
 10
-20.11446658952627
 20
-35.20387457555626
 30
0.0
 11
-20.11446658952627
 21
-35.20387457555626
 31
0.0
  0
LINE
  5
3CD
330
270
100
AcDbEntity
  8
OBJ1
 62
250
370
18
420
986895
100
AcDbLine
 10
-24.43720982020022
 20
-42.82611571458983
 30
0.0
 11
-27.50786840653745
 21
-41.1465158080682
 31
0.0
  0
LINE
  5
3CE
330
270
100
AcDbEntity
  8
OBJ1
 62
250
370
18
420
986895
100
AcDbLine
 10
-26.30839131894755
 20
-46.59130453766556
 30
0.0
 11
-29.50146364822285
 21
-45.15802539527067
 31
0.0
  0
LINE
  5
3CF
330
270
100
AcDbEntity
  8
OBJ1
 62
250
370
18
420
986895
100
AcDbLine
 10
-7.379568951262625
 20
-24.12138623965438
 30
0.0
 11
-9.334307106968481
 21
-21.2181124422641
 31
0.0
  0
LINE
  5
3D0
330
270
100
AcDbEntity
  8
OBJ1
 62
250
370
18
420
986895
100
AcDbLine
 10
-4.055301651067566
 20
-22.05577587874723
 30
0.0
 11
-5.792564375849906
 21
-19.01736869322485
 31
0.0
  0
LINE
  5
3D1
330
270
100
AcDbEntity
  8
OBJ1
 62
250
370
18
420
986895
100
AcDbLine
 10
-0.1030153605970554
 20
-20.00924112153007
 30
0.0
 11
-1.581717300112359
 21
-16.83694848461891
 31
0.0
  0
LINE
  5
3D2
330
270
100
AcDbEntity
  8
OBJ1
 62
250
370
18
420
986895
100
AcDbLine
 10
3.384076194954103
 20
-18.53169547519064
 30
0.0
 11
2.133501740405336
 21
-15.26274097358691
 31
0.0
  0
LINE
  5
3D3
330
270
100
AcDbEntity
  8
OBJ1
 62
250
370
18
420
986895
100
AcDbLine
 10
7.08930366684217
 20
-17.26758410409093
 30
0.0
 11
6.081127271230797
 21
-13.91593072772957
 31
0.0
  0
LINE
  5
3D4
330
270
100
AcDbEntity
  8
OBJ1
 62
250
370
18
420
986895
100
AcDbLine
 10
-13.92785961378831
 20
-29.31759267274174
 30
0.0
 11
-16.31099061656277
 21
-26.75425761393853
 31
0.0
  0
LINE
  5
3D5
330
270
100
AcDbEntity
  8
OBJ1
 62
250
370
18
420
986895
100
AcDbLine
 10
22.5
 20
-14.99999999997089
 30
0.0
 11
22.39999999996507
 21
-14.99999999997089
 31
0.0
  0
HATCH
  5
3D6
330
270
100
AcDbEntity
  8
OBJ1
 62
250
370
18
420
986895
100
AcDbHatch
 10
0.0
 20
0.0
 30
0.0
210
0.0
220
0.0
230
1.0
  2
SOLID
 70
1
 71
0
 91
1
 92
7
 72
0
 73
1
 93
5
 10
22.59999999997672
 20
-15.00009345801663
 10
22.39999999996507
 20
-15.00009345798753
 10
22.40000000002329
 20
-18.49999999997089
 10
22.5
 20
-18.49999999997089
 10
22.59999999997672
 20
-18.49999999997089
 97
0
 75
0
 76
1
 47
0.0134809308849911
 98
1
 10
22.56553962000181
 20
-16.75236057999426
450
0
451
0
460
0.0
461
0.0
452
0
462
0.0
453
0
470

  0
LINE
  5
3D7
330
270
100
AcDbEntity
  8
OBJ1
 62
250
370
18
420
986895
100
AcDbLine
 10
22.39999999996507
 20
-14.99999999997089
 30
0.0
 11
22.40000000002329
 21
-18.49999999997089
 31
0.0
  0
LINE
  5
3D8
330
270
100
AcDbEntity
  8
OBJ1
 62
250
370
18
420
986895
100
AcDbLine
 10
22.40000000002329
 20
-18.49999999997089
 30
0.0
 11
22.5
 21
-18.49999999997089
 31
0.0
  0
LINE
  5
3D9
330
270
100
AcDbEntity
  8
OBJ1
 62
250
370
18
420
986895
100
AcDbLine
 10
22.5
 20
-18.49999999997089
 30
0.0
 11
22.59999999997672
 21
-18.49999999997089
 31
0.0
  0
LINE
  5
3DA
330
270
100
AcDbEntity
  8
OBJ1
 62
250
370
18
420
986895
100
AcDbLine
 10
22.59999999997672
 20
-18.49999999997089
 30
0.0
 11
22.59999999997672
 21
-15.00009345798753
 31
0.0
  0
LINE
  5
3DB
330
270
100
AcDbEntity
  8
OBJ1
 62
250
370
18
420
986895
100
AcDbLine
 10
22.59999999997672
 20
-15.00009345798753
 30
0.0
 11
22.40000000002329
 21
-15.00009345798753
 31
0.0
  0
HATCH
  5
3DC
330
270
100
AcDbEntity
  8
OBJ1
 62
250
370
18
420
986895
100
AcDbHatch
 10
0.0
 20
0.0
 30
0.0
210
0.0
220
0.0
230
1.0
  2
SOLID
 70
1
 71
0
 91
1
 92
7
 72
0
 73
1
 93
6
 10
-7.289146153896578
 20
-24.07868123153458
 10
-7.379568951204419
 20
-24.12138623962528
 10
-7.452733967220408
 20
-24.18955427053152
 10
-5.497995811572764
 20
-27.09282806795091
 10
-5.42483079561498
 20
-27.02466003707377
 10
-5.334457315271717
 20
-26.98185076168738
 97
0
 75
0
 76
1
 47
0.017037857572275
 98
1
 10
-6.341336020035667
 20
-25.6668839599879
450
0
451
0
460
0.0
461
0.0
452
0
462
0.0
453
0
470

  0
LINE
  5
3DD
330
270
100
AcDbEntity
  8
OBJ1
 62
250
370
18
420
986895
100
AcDbLine
 10
-7.379568951262625
 20
-24.12138623965438
 30
0.0
 11
-7.289146153896578
 21
-24.07868123153458
 31
0.0
  0
LINE
  5
3DE
330
270
100
AcDbEntity
  8
OBJ1
 62
250
370
18
420
986895
100
AcDbLine
 10
-7.379568951262625
 20
-24.12138623965438
 30
0.0
 11
-7.452733967278617
 21
-24.18955427056062
 31
0.0
  0
LINE
  5
3DF
330
270
100
AcDbEntity
  8
OBJ1
 62
250
370
18
420
986895
100
AcDbLine
 10
-5.424830795556771
 20
-27.02466003707377
 30
0.0
 11
-5.497995811572764
 21
-27.09282806795091
 31
0.0
  0
LINE
  5
3E0
330
270
100
AcDbEntity
  8
OBJ1
 62
250
370
18
420
986895
100
AcDbLine
 10
-5.497995811572764
 20
-27.09282806795091
 30
0.0
 11
-7.452733967278617
 21
-24.18955427056062
 31
0.0
  0
LINE
  5
3E1
330
270
100
AcDbEntity
  8
OBJ1
 62
250
370
18
420
986895
100
AcDbLine
 10
-5.424830795556771
 20
-27.02466003707377
 30
0.0
 11
-5.334457315271717
 21
-26.98185076168738
 31
0.0
  0
LINE
  5
3E2
330
270
100
AcDbEntity
  8
OBJ1
 62
250
370
18
420
986895
100
AcDbLine
 10
-5.334457315271717
 20
-26.98185076168738
 30
0.0
 11
-7.289146153896578
 21
-24.07868123153458
 31
0.0
  0
HATCH
  5
3E3
330
270
100
AcDbEntity
  8
OBJ1
 62
250
370
15
100
AcDbHatch
 10
0.0
 20
0.0
 30
0.0
210
0.0
220
0.0
230
1.0
  2
SOLID
 70
1
 71
0
 91
1
 92
7
 72
1
 73
1
 93
4
 10
6.081127271230797
 20
-13.91593072770047
 42
0.0
 10
6.167542390845482
 20
-14.20321530284127
 42
-0.0731777841023041
 10
22.5
 20
-11.79999999995925
 42
0.0
 10
22.5
 20
-11.49999999997089
 42
0.0731777841022973
 97
0
 75
0
 76
1
 47
0.0340570823160166
 98
1
 10
16.28265313996235
 20
-12.08821009998792
450
0
451
0
460
0.0
461
0.0
452
0
462
0.0
453
0
470

  0
LINE
  5
3E4
330
270
100
AcDbEntity
  8
OBJ1
 62
250
370
18
420
986895
100
AcDbLine
 10
7.089276746264657
 20
-17.26749460742576
 30
0.0
 11
6.081127271230797
 21
-13.91593072772957
 31
0.0
  0
HATCH
  5
3E5
330
270
100
AcDbEntity
  8
OBJ1
 62
250
370
18
420
986895
100
AcDbHatch
 10
0.0
 20
0.0
 30
0.0
210
0.0
220
0.0
230
1.0
  2
SOLID
 70
1
 71
0
 91
1
 92
7
 72
0
 73
1
 93
6
 10
-27.85402053926373
 20
-50.47165827892603
 10
-27.90219204622554
 20
-50.55929106922121
 10
-27.91920717956964
 20
-50.657832863566
 10
-24.62186751299305
 20
-51.83152410204638
 10
-24.60485237964895
 20
-51.73298230761428
 10
-24.55668087268714
 20
-51.64534951743553
 97
0
 75
0
 76
1
 47
0.0170253457698541
 98
1
 10
-25.53318734001368
 20
-51.37542060998384
450
0
451
0
460
0.0
461
0.0
452
0
462
0.0
453
0
470

  0
LINE
  5
3E6
330
270
100
AcDbEntity
  8
OBJ1
 62
250
370
18
420
986895
100
AcDbLine
 10
-27.90219204622554
 20
-50.55929106919212
 30
0.0
 11
-27.85402053926373
 21
-50.47165827895515
 31
0.0
  0
LINE
  5
3E7
330
270
100
AcDbEntity
  8
OBJ1
 62
250
370
18
420
986895
100
AcDbLine
 10
-27.90219204622554
 20
-50.55929106919212
 30
0.0
 11
-27.91920717951143
 21
-50.657832863566
 31
0.0
  0
LINE
  5
3E8
330
270
100
AcDbEntity
  8
OBJ1
 62
250
370
18
420
986895
100
AcDbLine
 10
-24.60485237964895
 20
-51.7329823076434
 30
0.0
 11
-24.62186751293484
 21
-51.83152410201728
 31
0.0
  0
LINE
  5
3E9
330
270
100
AcDbEntity
  8
OBJ1
 62
250
370
18
420
986895
100
AcDbLine
 10
-24.60485237964895
 20
-51.7329823076434
 30
0.0
 11
-24.55668087268714
 21
-51.64534951743553
 31
0.0
  0
LINE
  5
3EA
330
270
100
AcDbEntity
  8
OBJ1
 62
250
370
18
420
986895
100
AcDbLine
 10
-24.55668087268714
 20
-51.64534951743553
 30
0.0
 11
-27.85402053926373
 21
-50.47165827895515
 31
0.0
  0
LINE
  5
3EB
330
270
100
AcDbEntity
  8
OBJ1
 62
250
370
18
420
986895
100
AcDbLine
 10
-27.91920717951143
 20
-50.657832863566
 30
0.0
 11
-24.62186751293484
 21
-51.83152410201728
 31
0.0
  0
HATCH
  5
3EC
330
270
100
AcDbEntity
  8
OBJ1
 62
250
370
15
420
986895
100
AcDbHatch
 10
0.0
 20
0.0
 30
0.0
210
0.0
220
0.0
230
1.0
  2
SOLID
 70
1
 71
0
 91
1
 92
5
 93
4
 72
3
 10
14.01762629527366
 20
-39.94114164999337
 11
-3.241788484679998
 21
8e-16
 40
0.8637207557603191
 50
282.4888764607996
 51
437.5111235392002
 73
1
 72
1
 10
13.40849784994498
 20
-42.69126910655177
 11
13.40849784997408
 21
-42.24513732289778
 72
3
 10
14.01762629527366
 20
-39.94114164999337
 11
-2.741788484679998
 21
7e-16
 40
0.8618645395826035
 50
-75.19101535456309
 51
75.19101535456309
 73
0
 72
1
 10
13.40849784994498
 20
-37.63714597705984
 11
13.40849784994498
 21
-37.19101419340586
 97
0
 75
0
 76
1
 47
0.016930103656502
 98
1
 10
11.73565417993813
 20
-38.25238654241548
450
0
451
0
460
0.0
461
0.0
452
0
462
0.0
453
0
470

  0
ELLIPSE
  5
3ED
330
270
100
AcDbEntity
  8
OBJ1
 62
250
370
15
420
986895
100
AcDbEllipse
 10
14.01762629527366
 20
-39.94114164999337
 30
0.0
 11
-3.241788484679998
 21
8e-16
 31
0.0
 40
0.8637207557603191
 41
4.901411470570119
 42
7.664959143789053
  0
ELLIPSE
  5
3EE
330
270
100
AcDbEntity
  8
OBJ1
 62
250
370
15
420
986895
100
AcDbEllipse
 10
14.01762629527366
 20
-39.94114164999337
 30
0.0
 11
-2.741788484679998
 21
7e-16
 31
0.0
 40
0.8618645395826035
 41
4.936423011782686
 42
7.629947602576486
  0
LINE
  5
3EF
330
270
100
AcDbEntity
  8
OBJ1
 62
250
370
15
420
986895
100
AcDbLine
 10
13.40849784994498
 20
-37.19101419340586
 30
0.0
 11
13.40849784994498
 21
-37.63714597705984
 31
0.0
  0
LINE
  5
3F0
330
270
100
AcDbEntity
  8
OBJ1
 62
250
370
15
420
986895
100
AcDbLine
 10
13.40849784994498
 20
-42.24513732289778
 30
0.0
 11
13.40849784994498
 21
-42.69126910655177
 31
0.0
  0
HATCH
  5
3F1
330
270
100
AcDbEntity
  8
OBJ1
 62
250
370
15
420
986895
100
AcDbHatch
 10
0.0
 20
0.0
 30
0.0
210
0.0
220
0.0
230
1.0
  2
SOLID
 70
1
 71
0
 91
1
 92
5
 93
8
 72
3
 10
18.02906816528411
 20
-39.94114164999337
 11
-3.241788484679998
 21
8e-16
 40
0.8637207557603191
 50
282.4888764607996
 51
437.5111235392002
 73
1
 72
1
 10
17.41993971995543
 20
-42.69126910655177
 11
17.41993971998454
 21
-42.24513732289778
 72
3
 10
18.02906816528411
 20
-39.94114164999337
 11
-2.741788484679998
 21
7e-16
 40
0.8618645395826035
 50
-75.19101535456309
 51
-5.239140731991824
 73
0
 72
1
 10
15.30266683857189
 20
-40.19114164999336
 11
17.41993972001364
 21
-40.19114164999336
 72
1
 10
17.41993971995543
 20
-40.19114164999336
 11
17.41993971998454
 21
-39.69114164997882
 72
1
 10
17.41993972001364
 20
-39.69114164996426
 11
15.30266683854279
 21
-39.69114164996426
 72
3
 10
18.02906816528411
 20
-39.94114164999337
 11
-2.741788484679998
 21
7e-16
 40
0.8618645395826035
 50
5.239140731991824
 51
75.19101535456309
 73
0
 72
1
 10
17.41993971995543
 20
-37.63714597705984
 11
17.41993971998454
 21
-37.19101419339131
 97
0
 75
0
 76
1
 47
0.016930103656502
 98
1
 10
15.72235587995965
 20
-38.26926022241243
450
0
451
0
460
0.0
461
0.0
452
0
462
0.0
453
0
470

  0
ELLIPSE
  5
3F2
330
270
100
AcDbEntity
  8
OBJ1
 62
250
370
15
420
986895
100
AcDbEllipse
 10
18.02906816528411
 20
-39.94114164999337
 30
0.0
 11
-3.241788484679998
 21
8e-16
 31
0.0
 40
0.8637207557603191
 41
4.901411470570119
 42
7.664959143789053
  0
ELLIPSE
  5
3F3
330
270
100
AcDbEntity
  8
OBJ1
 62
250
370
15
420
986895
100
AcDbEllipse
 10
18.02906816528411
 20
-39.94114164999337
 30
0.0
 11
-2.741788484679998
 21
7e-16
 31
0.0
 40
0.8618645395826035
 41
4.936423011782686
 42
6.177191486585963
  0
ELLIPSE
  5
3F4
330
270
100
AcDbEntity
  8
OBJ1
 62
250
370
15
420
986895
100
AcDbEllipse
 10
18.02906816528411
 20
-39.94114164999337
 30
0.0
 11
-2.741788484679998
 21
7e-16
 31
0.0
 40
0.8618645395826035
 41
6.38917912777321
 42
7.629947602576486
  0
LINE
  5
3F5
330
270
100
AcDbEntity
  8
OBJ1
 62
250
370
15
420
986895
100
AcDbLine
 10
17.41993971995543
 20
-37.19101419340586
 30
0.0
 11
17.41993971995543
 21
-37.63714597705984
 31
0.0
  0
LINE
  5
3F6
330
270
100
AcDbEntity
  8
OBJ1
 62
250
370
15
420
986895
100
AcDbLine
 10
17.41993971995543
 20
-42.24513732289778
 30
0.0
 11
17.41993971995543
 21
-42.69126910655177
 31
0.0
  0
LINE
  5
3F7
330
270
100
AcDbEntity
  8
OBJ1
 62
250
370
15
420
986895
100
AcDbLine
 10
17.41993971995543
 20
-39.69114164999337
 30
0.0
 11
15.30266683851368
 21
-39.69114164999337
 31
0.0
  0
LINE
  5
3F8
330
270
100
AcDbEntity
  8
OBJ1
 62
250
370
15
420
986895
100
AcDbLine
 10
17.41993971995543
 20
-40.19114164999336
 30
0.0
 11
15.30266683851368
 21
-40.19114164999336
 31
0.0
  0
LINE
  5
3F9
330
270
100
AcDbEntity
  8
OBJ1
 62
250
370
15
420
986895
100
AcDbLine
 10
17.41993971995543
 20
-39.69114164999337
 30
0.0
 11
17.41993971995543
 21
-40.19114164999336
 31
0.0
  0
HATCH
  5
3FA
330
270
100
AcDbEntity
  8
OBJ1
 62
18
370
30
420
197379
100
AcDbHatch
 10
0.0
 20
0.0
 30
0.0
210
0.0
220
0.0
230
1.0
  2
SOLID
 70
1
 71
0
 91
1
 92
7
 72
1
 73
1
 93
11
 10
24.3728824473219
 20
-67.85389359583496
 42
0.0
 10
23.86980308999773
 20
-67.06864342608604
 42
0.3835460179617169
 10
21.22134518565145
 20
-66.98666460660752
 42
0.0
 10
21.1976198044722
 20
-67.00988502288237
 42
0.0
 10
21.57153271103743
 20
-67.34269162255805
 42
-0.6293609240649536
 10
23.98371634318028
 20
-68.4999999999709
 42
-1.0
 10
21.01628365681972
 20
-68.4999999999709
 42
-0.1470823766087105
 10
21.26230462751118
 20
-67.68175532261375
 42
0.0
 10
20.88893570535583
 20
-67.34691111111897
 42
0.3762245322461113
 10
21.14573564950843
 20
-69.94606715481495
 42
0.0
 10
21.76146960724145
 20
-70.33840012131259
 42
0.6427278185730673
 97
0
 75
0
 76
1
 47
0.0207888959371373
 98
1
 10
24.17580733995419
 20
-68.36870756000279
450
0
451
0
460
0.0
461
0.0
452
0
462
0.0
453
0
470

  0
HATCH
  5
3FB
330
270
100
AcDbEntity
  8
OBJ1
 62
250
370
15
420
1842204
100
AcDbHatch
 10
0.0
 20
0.0
 30
0.0
210
0.0
220
0.0
230
1.0
  2
SOLID
 70
1
 71
0
 91
1
 92
7
 72
1
 73
1
 93
4
 10
20.88893570535583
 20
-67.34691111111897
 42
0.0
 10
20.87248144706245
 20
-67.33215462547378
 42
0.0
 10
20.51880284998333
 20
-67.68839377557742
 42
0.0
 10
20.51880284998333
 20
-68.4999999999709
 42
-0.1565621979539747
 97
0
 75
0
 76
1
 47
0.0042684354460037
 98
1
 10
20.62010298995301
 20
-67.70254807997844
450
0
451
0
460
0.0
461
0.0
452
0
462
0.0
453
0
470

  0
ARC
  5
3FC
330
270
100
AcDbEntity
  8
OBJ1
 62
27
370
18
100
AcDbCircle
 10
22.5
 20
-68.4999999999709
 30
0.0
 40
1.981197149987563
100
AcDbArc
 50
144.4075214326411
 51
131.1617066542584
  0
LINE
  5
3FD
330
270
100
AcDbEntity
  8
OBJ1
 62
27
370
18
100
AcDbLine
 10
26.3339117783471
 20
-73.25186587809003
 30
0.0
 11
21.76146960741608
 21
-70.3384001213708
 31
0.0
  0
LINE
  5
3FE
330
270
100
AcDbEntity
  8
OBJ1
 62
27
370
18
100
AcDbLine
 10
24.37288244743831
 20
-67.85389359603867
 30
0.0
 11
27.24561513005756
 21
-72.33790549958938
 31
0.0
  0
HATCH
  5
3FF
330
270
100
AcDbEntity
  8
OBJ1
 62
21
370
25
420
14659487
100
AcDbHatch
 10
0.0
 20
0.0
 30
0.0
210
0.0
220
0.0
230
1.0
  2
SOLID
 70
1
 71
0
 91
1
 92
7
 72
1
 73
1
 93
2
 10
23.98371634318028
 20
-68.4999999999709
 42
1.0
 10
21.01628365681972
 20
-68.4999999999709
 42
1.0
 97
0
 75
0
 76
1
 47
0.0507982752959763
 98
1
 10
22.00381050998112
 20
-68.68044447997816
450
0
451
0
460
0.0
461
0.0
452
0
462
0.0
453
0
470

  0
HATCH
  5
400
330
270
100
AcDbEntity
  8
OBJ1
 62
18
370
30
420
197379
100
AcDbHatch
 10
0.0
 20
0.0
 30
0.0
210
0.0
220
0.0
230
1.0
  2
SOLID
 70
1
 71
0
 91
1
 92
7
 72
1
 73
1
 93
5
 10
21.26230462754029
 20
-67.68175532261375
 42
-0.0777900780864964
 10
21.57153271106654
 20
-67.34269162255805
 42
0.0
 10
17.39944600994931
 20
-63.6292654099525
 42
0.0
 10
17.23986388026968
 20
-63.78281024988972
 42
0.0
 10
17.08868080002139
 20
-63.93877164996229
 42
0.0
 97
0
 75
0
 76
1
 47
0.0295600269119649
 98
1
 10
20.26285342994379
 20
-66.5354639699799
450
0
451
0
460
0.0
461
0.0
452
0
462
0.0
453
0
470

  0
CIRCLE
  5
401
330
270
100
AcDbEntity
  8
OBJ1
 62
27
370
18
100
AcDbCircle
 10
22.5
 20
-68.4999999999709
 30
0.0
 40
1.483716343185935
  0
LINE
  5
402
330
270
100
AcDbEntity
  8
OBJ1
 62
27
370
18
100
AcDbLine
 10
22.87440803751815
 20
-71.04754151331142
 30
0.0
 11
20.66026822093409
 21
-73.51189117284956
 31
0.0
  0
LINE
  5
403
330
270
100
AcDbEntity
  8
OBJ1
 62
27
370
18
100
AcDbLine
 10
24.97557758889161
 20
-68.79463277611647
 30
0.0
 11
27.32459153025411
 21
-66.37876603522454
 31
0.0
  0
LINE
  5
404
330
270
100
AcDbEntity
  8
OBJ1
 62
27
370
18
100
AcDbLine
 10
21.1976198044722
 20
-67.00988502288237
 30
0.0
 11
27.39304720622022
 21
-60.94631950385519
 31
0.0
  0
LINE
  5
405
330
270
100
AcDbEntity
  8
OBJ1
 62
27
370
18
100
AcDbLine
 10
20.87248144706245
 20
-67.33215462547378
 30
0.0
 11
14.91049905342515
 21
-73.33730042300884
 31
0.0
  0
LINE
  5
406
330
270
100
AcDbEntity
  8
OBJ1
 62
27
370
18
100
AcDbLine
 10
17.23986387997866
 20
-63.78281024997703
 30
0.0
 11
17.39944600994931
 21
-63.62926540998159
 31
0.0
  0
LINE
  5
407
330
270
100
AcDbEntity
  8
OBJ1
 62
27
370
18
100
AcDbLine
 10
17.39944600994931
 20
-63.62926540998159
 30
0.0
 11
21.57153271103743
 21
-67.34269162255805
 31
0.0
  0
LINE
  5
408
330
270
100
AcDbEntity
  8
OBJ1
 62
27
370
18
100
AcDbLine
 10
17.23986387997866
 20
-63.78281024997703
 30
0.0
 11
17.08868079999229
 21
-63.93877164999139
 31
0.0
  0
LINE
  5
409
330
270
100
AcDbEntity
  8
OBJ1
 62
27
370
18
100
AcDbLine
 10
17.08868079999229
 20
-63.93877164999139
 30
0.0
 11
21.26230462751118
 21
-67.68175532261375
 31
0.0
  0
HATCH
  5
40A
330
270
100
AcDbEntity
  8
OBJ1
 62
250
370
25
420
3092263
100
AcDbHatch
 10
0.0
 20
0.0
 30
0.0
210
0.0
220
0.0
230
1.0
  2
SOLID
 70
1
 71
0
 91
1
 92
7
 72
1
 73
1
 93
4
 10
30.42813615914202
 20
-76.17920849553775
 42
0.0488725903343103
 10
30.65367290261202
 20
-75.85059730702778
 42
0.0
 10
27.29979740548879
 20
-73.54869988543214
 42
0.0489437404981566
 10
27.07397772843251
 20
-73.87781727639957
 42
0.0
 97
0
 75
0
 76
1
 47
0.0176495059705093
 98
1
 10
29.20113271998707
 20
-75.1075786500005
450
0
451
0
460
0.0
461
0.0
452
0
462
0.0
453
0
470

  0
ARC
  5
40B
330
270
100
AcDbEntity
  8
OBJ1
 62
9
370
18
420
12763830
100
AcDbCircle
 10
28.86396103067091
 20
-74.8639610306709
 30
0.0
 40
2.043653524065109
100
AcDbArc
 50
319.9409669240531
 51
331.1328345298811
  0
ARC
  5
40C
330
270
100
AcDbEntity
  8
OBJ1
 62
9
370
18
420
12763830
100
AcDbCircle
 10
28.86396103067091
 20
-74.8639610306709
 30
0.0
 40
2.043653524065109
100
AcDbArc
 50
139.9404658112731
 51
151.1486009210659
  0
LINE
  5
40D
330
270
100
AcDbEntity
  8
OBJ1
 62
9
370
18
420
12763830
100
AcDbLine
 10
27.29979740548879
 20
-73.54869988543214
 30
0.0
 11
30.65367290261202
 21
-75.85059730702778
 31
0.0
  0
LINE
  5
40E
330
270
100
AcDbEntity
  8
OBJ1
 62
9
370
18
420
12763830
100
AcDbLine
 10
27.07397772843251
 20
-73.87781727639957
 30
0.0
 11
30.42813615914202
 21
-76.17920849553775
 31
0.0
  0
LINE
  5
40F
330
270
100
AcDbEntity
  8
OBJ1
 62
27
370
18
100
AcDbLine
 10
20.51880285004154
 20
-68.4999999999709
 30
0.0
 11
-23.23251691000769
 21
-68.4999999999709
 31
0.0
  0
LINE
  5
410
330
270
100
AcDbEntity
  8
OBJ1
 62
27
370
18
100
AcDbLine
 10
20.51880284998333
 20
-68.4999999999709
 30
0.0
 11
20.51880284998333
 21
-69.4999999999709
 31
0.0
  0
LINE
  5
411
330
270
100
AcDbEntity
  8
OBJ1
 62
27
370
18
100
AcDbLine
 10
20.51880284998333
 20
-69.4999999999709
 30
0.0
 11
-21.7536104900064
 21
-69.4999999999709
 31
0.0
  0
LINE
  5
412
330
270
100
AcDbEntity
  8
OBJ1
 62
27
370
18
100
AcDbLine
 10
-21.7536104900064
 20
-69.4999999999709
 30
0.0
 11
-23.23251691000769
 21
-68.4999999999709
 31
0.0
  0
LINE
  5
413
330
270
100
AcDbEntity
  8
OBJ1
 62
27
370
18
100
AcDbLine
 10
20.51880284998333
 20
-68.4999999999709
 30
0.0
 11
20.51880284998333
 21
-67.4999999999709
 31
0.0
  0
LINE
  5
414
330
270
100
AcDbEntity
  8
OBJ1
 62
27
370
18
100
AcDbLine
 10
20.51880284998333
 20
-67.4999999999709
 30
0.0
 11
-21.7536104900064
 21
-67.4999999999709
 31
0.0
  0
LINE
  5
415
330
270
100
AcDbEntity
  8
OBJ1
 62
27
370
18
100
AcDbLine
 10
-21.7536104900064
 20
-67.4999999999709
 30
0.0
 11
-23.23251691000769
 21
-68.4999999999709
 31
0.0
  0
LINE
  5
416
330
270
100
AcDbEntity
  8
OBJ1
 62
27
370
18
100
AcDbLine
 10
-23.23251691000769
 20
-68.4999999999709
 30
0.0
 11
-26.74091818538727
 21
-68.4999999999709
 31
0.0
  0
CIRCLE
  5
417
330
270
100
AcDbEntity
  8
OBJ1
 62
27
370
25
100
AcDbCircle
 10
2.5
 20
-77.67555788441676
 30
0.0
 40
1.0
  0
CIRCLE
  5
418
330
270
100
AcDbEntity
  8
OBJ1
 62
27
370
25
100
AcDbCircle
 10
31.63780897198012
 20
-48.49999999997089
 30
0.0
 40
1.0
  0
CIRCLE
  5
419
330
270
100
AcDbEntity
  8
OBJ1
  6
ByBlock
 62
41
370
15
420
15654007
100
AcDbCircle
 10
31.63780897198012
 20
-48.49999999997089
 30
0.0
 40
0.84
  0
LINE
  5
41A
330
270
100
AcDbEntity
  8
0
 62
41
370
15
420
15654007
100
AcDbLine
 10
32.08304655278335
 20
-48.19399263526429
 30
0.0
 11
31.77703918807674
 21
-48.49999999997089
 31
0.0
  0
LINE
  5
41B
330
270
100
AcDbEntity
  8
0
 62
41
370
15
420
15654007
100
AcDbLine
 10
31.63780897198012
 20
-48.36076978387428
 30
0.0
 11
31.94381633668673
 21
-48.05476241910946
 31
0.0
  0
LINE
  5
41C
330
270
100
AcDbEntity
  8
0
 62
41
370
15
420
15654007
100
AcDbLine
 10
31.19257139106049
 20
-48.80600736473571
 30
0.0
 11
31.49857875582529
 21
-48.49999999997089
 31
0.0
  0
LINE
  5
41D
330
270
100
AcDbEntity
  8
0
 62
41
370
15
420
15654007
100
AcDbLine
 10
31.63780897198012
 20
-48.63923021612571
 30
0.0
 11
31.33180160721531
 21
-48.94523758089054
 31
0.0
  0
LINE
  5
41E
330
270
100
AcDbEntity
  8
0
 62
41
370
15
420
15654007
100
AcDbLine
 10
31.3318016071571
 20
-48.05476241905124
 30
0.0
 11
31.63780897198012
 21
-48.36076978387428
 31
0.0
  0
LINE
  5
41F
330
270
100
AcDbEntity
  8
0
 62
41
370
15
420
15654007
100
AcDbLine
 10
31.49857875582529
 20
-48.49999999997089
 30
0.0
 11
31.19257139100227
 21
-48.19399263517698
 31
0.0
  0
LINE
  5
420
330
270
100
AcDbEntity
  8
0
 62
41
370
15
420
15654007
100
AcDbLine
 10
31.94381633674493
 20
-48.94523758089054
 30
0.0
 11
31.63780897198012
 21
-48.63923021612571
 31
0.0
  0
LINE
  5
421
330
270
100
AcDbEntity
  8
0
 62
41
370
15
420
15654007
100
AcDbLine
 10
31.77703918807674
 20
-48.49999999997089
 30
0.0
 11
32.08304655289976
 21
-48.8060073647648
 31
0.0
  0
ARC
  5
422
330
270
100
AcDbEntity
  8
OBJ1
  6
ByBlock
 62
41
370
15
420
15654007
100
AcDbCircle
 10
32.01343144476414
 20
-48.12437752718688
 30
0.0
 40
0.0984506299815822
100
AcDbArc
 50
315.0000000004423
 51
135.0000000004424
  0
ARC
  5
423
330
270
100
AcDbEntity
  8
OBJ1
  6
ByBlock
 62
41
370
15
420
15654007
100
AcDbCircle
 10
32.01343144482236
 20
-48.87562247284222
 30
0.0
 40
0.0984506299687705
100
AcDbArc
 50
224.9999999877664
 51
45.00000000899055
  0
ARC
  5
424
330
270
100
AcDbEntity
  8
OBJ1
  6
ByBlock
 62
41
370
15
420
15654007
100
AcDbCircle
 10
31.2621864991379
 20
-48.87562247281312
 30
0.0
 40
0.0984506299713328
100
AcDbArc
 50
135.0000000004424
 51
314.9999999957259
  0
ARC
  5
425
330
270
100
AcDbEntity
  8
OBJ1
  6
ByBlock
 62
41
370
15
420
15654007
100
AcDbCircle
 10
31.26218649907969
 20
-48.12437752712867
 30
0.0
 40
0.0984506299738952
100
AcDbArc
 50
45.00000000427408
 51
224.9999999924829
  0
CIRCLE
  5
426
330
270
100
AcDbEntity
  8
OBJ1
  6
ByBlock
 62
41
370
15
420
15654007
100
AcDbCircle
 10
2.5
 20
-77.67555788441676
 30
0.0
 40
0.84
  0
LINE
  5
427
330
270
100
AcDbEntity
  8
0
 62
41
370
15
420
15654007
100
AcDbLine
 10
2.945237580803221
 20
-77.36955051971017
 30
0.0
 11
2.639230216096621
 21
-77.67555788441676
 31
0.0
  0
LINE
  5
428
330
270
100
AcDbEntity
  8
0
 62
41
370
15
420
15654007
100
AcDbLine
 10
2.5
 20
-77.53632766832015
 30
0.0
 11
2.806007364706601
 21
-77.23032030355535
 31
0.0
  0
LINE
  5
429
330
270
100
AcDbEntity
  8
0
 62
41
370
15
420
15654007
100
AcDbLine
 10
2.05476241908036
 20
-77.9815652491816
 30
0.0
 11
2.36076978384517
 21
-77.67555788441676
 31
0.0
  0
LINE
  5
42A
330
270
100
AcDbEntity
  8
0
 62
41
370
15
420
15654007
100
AcDbLine
 10
2.5
 20
-77.81478810057159
 30
0.0
 11
2.193992635235189
 21
-78.12079546533641
 31
0.0
  0
LINE
  5
42B
330
270
100
AcDbEntity
  8
0
 62
41
370
15
420
15654007
100
AcDbLine
 10
2.19399263517698
 20
-77.23032030349712
 30
0.0
 11
2.5
 21
-77.53632766832015
 31
0.0
  0
LINE
  5
42C
330
270
100
AcDbEntity
  8
0
 62
41
370
15
420
15654007
100
AcDbLine
 10
2.36076978384517
 20
-77.67555788441676
 30
0.0
 11
2.054762419022154
 21
-77.36955051962286
 31
0.0
  0
LINE
  5
42D
330
270
100
AcDbEntity
  8
0
 62
41
370
15
420
15654007
100
AcDbLine
 10
2.806007364764809
 20
-78.12079546533641
 30
0.0
 11
2.5
 21
-77.81478810057159
 31
0.0
  0
LINE
  5
42E
330
270
100
AcDbEntity
  8
0
 62
41
370
15
420
15654007
100
AcDbLine
 10
2.639230216096621
 20
-77.67555788441676
 30
0.0
 11
2.945237580919638
 21
-77.98156524921068
 31
0.0
  0
ARC
  5
42F
330
270
100
AcDbEntity
  8
OBJ1
  6
ByBlock
 62
41
370
15
420
15654007
100
AcDbCircle
 10
2.875622472784016
 20
-77.29993541163277
 30
0.0
 40
0.0984506299815822
100
AcDbArc
 50
315.0000000004423
 51
135.0000000004424
  0
ARC
  5
430
330
270
100
AcDbEntity
  8
OBJ1
  6
ByBlock
 62
41
370
15
420
15654007
100
AcDbCircle
 10
2.875622472842223
 20
-78.05118035728809
 30
0.0
 40
0.0984506299687705
100
AcDbArc
 50
224.9999999877664
 51
45.00000000899055
  0
ARC
  5
431
330
270
100
AcDbEntity
  8
OBJ1
  6
ByBlock
 62
41
370
15
420
15654007
100
AcDbCircle
 10
2.124377527157774
 20
-78.051180357259
 30
0.0
 40
0.0984506299713328
100
AcDbArc
 50
135.0000000004424
 51
314.9999999957259
  0
ARC
  5
432
330
270
100
AcDbEntity
  8
OBJ1
  6
ByBlock
 62
41
370
15
420
15654007
100
AcDbCircle
 10
2.124377527099568
 20
-77.29993541157455
 30
0.0
 40
0.0984506299738952
100
AcDbArc
 50
45.00000000427408
 51
224.9999999924829
  0
MTEXT
  5
433
330
270
100
AcDbEntity
  8
OBJ1
 62
0
370
30
100
AcDbMText
 10
-32.42679954005871
 20
-13.82701537999674
 30
0.0
 40
10.0
 41
13.33669885000563
 46
0.0
 71
1
 72
5
  1
{\C250;\c986895;A}
  7
HTXT1
  0
HATCH
  5
434
330
270
100
AcDbEntity
  8
OBJ1
 62
250
370
15
100
AcDbHatch
 10
0.0
 20
0.0
 30
0.0
210
0.0
220
0.0
230
1.0
  2
SOLID
 70
1
 71
0
 91
1
 92
7
 72
1
 73
1
 93
6
 10
-27.48298197053373
 20
-68.39999999999418
 42
0.0
 10
-30.98298216011608
 20
-68.39999999999418
 42
0.0004674378966477
 10
-30.9830756476731
 20
-68.4999999999709
 42
0.0004674378966817
 10
-30.98298216011608
 20
-68.59999999997672
 42
0.0
 10
-27.48298197053373
 20
-68.60000000181026
 42
-0.0005001696217268
 10
-27.48308200453176
 20
-68.4999999999709
 42
-0.0005001696125924
 97
0
 75
0
 76
1
 47
0.0082254252827485
 98
1
 10
-28.76821046002442
 20
-68.49680800997885
450
0
451
0
460
0.0
461
0.0
452
0
462
0.0
453
0
470

  0
HATCH
  5
435
330
270
100
AcDbEntity
  8
OBJ1
 62
250
370
15
100
AcDbHatch
 10
0.0
 20
0.0
 30
0.0
210
0.0
220
0.0
230
1.0
  2
SOLID
 70
1
 71
0
 91
1
 92
7
 72
1
 73
1
 93
5
 10
-19.5711506101652
 20
-35.50303308575531
 42
0.0
 10
-19.64425265497993
 20
-35.5712686413317
 42
0.0
 10
-19.69234341033734
 20
-35.65894577201107
 42
0.0
 10
-16.94697381631703
 20
-37.80399466695963
 42
-0.0009877140198275
 10
-16.82539080345305
 20
-37.64838537730975
 42
0.0
 97
0
 75
0
 76
1
 47
0.0117526707275188
 98
1
 10
-18.68573980999645
 20
-36.35564394999529
450
0
451
0
460
0.0
461
0.0
452
0
462
0.0
453
0
470

  0
LINE
  5
436
330
270
100
AcDbEntity
  8
OBJ1
 62
250
370
15
100
AcDbLine
 10
-31.0
 20
-68.4999999999709
 30
0.0
 11
-31.0
 21
-68.39999999999418
 31
0.0
  0
LINE
  5
437
330
270
100
AcDbEntity
  8
OBJ1
 62
250
370
15
100
AcDbLine
 10
-31.0
 20
-68.39999999999418
 30
0.0
 11
-27.48298197053373
 21
-68.39999999999418
 31
0.0
  0
LINE
  5
438
330
270
100
AcDbEntity
  8
OBJ1
 62
250
370
15
100
AcDbLine
 10
-27.48298197053373
 20
-68.39999999999418
 30
0.0
 11
-27.48298197053373
 21
-68.59999999997672
 31
0.0
  0
LINE
  5
439
330
270
100
AcDbEntity
  8
OBJ1
 62
250
370
15
100
AcDbLine
 10
-31.0
 20
-68.4999999999709
 30
0.0
 11
-31.0
 21
-68.59999999997672
 31
0.0
  0
LINE
  5
43A
330
270
100
AcDbEntity
  8
OBJ1
 62
250
370
15
100
AcDbLine
 10
-31.0
 20
-68.59999999997672
 30
0.0
 11
-27.48298197053373
 21
-68.60000000181026
 31
0.0
  0
LINE
  5
43B
330
270
100
AcDbEntity
  8
OBJ1
 62
250
370
15
100
AcDbLine
 10
-19.64425265497993
 20
-35.5712686413317
 30
0.0
 11
-19.5711506101652
 21
-35.50303308575531
 31
0.0
  0
LINE
  5
43C
330
270
100
AcDbEntity
  8
OBJ1
 62
250
370
15
100
AcDbLine
 10
-16.88628455752041
 20
-37.72616248461418
 30
0.0
 11
-16.81319221941521
 21
-37.65791653154884
 31
0.0
  0
LINE
  5
43D
330
270
100
AcDbEntity
  8
OBJ1
 62
250
370
15
100
AcDbLine
 10
-16.81319221941521
 20
-37.65791653154884
 30
0.0
 11
-19.5711506101652
 21
-35.50303308575531
 31
0.0
  0
LINE
  5
43E
330
270
100
AcDbEntity
  8
OBJ1
 62
250
370
15
100
AcDbLine
 10
-19.64425265497993
 20
-35.5712686413317
 30
0.0
 11
-19.69234341033734
 21
-35.65894577201107
 31
0.0
  0
LINE
  5
43F
330
270
100
AcDbEntity
  8
OBJ1
 62
250
370
15
100
AcDbLine
 10
-16.88628455752041
 20
-37.72616248461418
 30
0.0
 11
-16.93436965683941
 21
-37.81384271741263
 31
0.0
  0
LINE
  5
440
330
270
100
AcDbEntity
  8
OBJ1
 62
250
370
15
100
AcDbLine
 10
-16.93436965683941
 20
-37.81384271741263
 30
0.0
 11
-19.69234341033734
 21
-35.65894577201107
 31
0.0
  0
LINE
  5
441
330
270
100
AcDbEntity
  8
OBJ1
 62
250
370
15
100
AcDbLine
 10
-20.11446658952627
 20
-35.20387457555626
 30
0.0
 11
-19.64425265497993
 21
-35.5712686413608
 31
0.0
  0
ARC
  5
442
330
270
100
AcDbEntity
  8
OBJ1
 62
250
370
15
100
AcDbCircle
 10
22.5
 20
-68.4999999999709
 30
0.0
 40
57.00000000001455
100
AcDbArc
 50
90.0
 51
106.7412721823098
  0
LINE
  5
443
330
270
100
AcDbEntity
  8
OBJ1
 62
250
370
15
100
AcDbLine
 10
22.5
 20
-11.49999999997089
 30
0.0
 11
22.5
 21
-11.79999999995925
 31
0.0
  0
ARC
  5
444
330
270
100
AcDbEntity
  8
OBJ1
 62
250
370
15
100
AcDbCircle
 10
22.5
 20
-68.4999999999709
 30
0.0
 40
56.70000000001164
100
AcDbArc
 50
90.0
 51
106.7412721823098
  0
HATCH
  5
445
330
270
100
AcDbEntity
  8
OBJ1
 62
250
370
15
100
AcDbHatch
 10
0.0
 20
0.0
 30
0.0
210
0.0
220
0.0
230
1.0
  2
SOLID
 70
1
 71
0
 91
1
 92
7
 72
0
 73
1
 93
6
 10
7.188224725425242
 20
-17.25293404702097
 10
7.08930366684217
 20
-17.26758410409093
 10
6.998930186557117
 20
-17.31039337944821
 10
8.007192862161899
 20
-20.66222842654679
 10
8.09748006251175
 20
-20.61923748045229
 10
8.196429180039557
 20
-20.60477815341437
 97
0
 75
0
 76
1
 47
0.016922631216081
 98
1
 10
7.649328799976501
 20
-19.09270854000351
450
0
451
0
460
0.0
461
0.0
452
0
462
0.0
453
0
470

  0
LINE
  5
446
330
270
100
AcDbEntity
  8
OBJ1
 62
250
370
15
100
AcDbLine
 10
7.08930366684217
 20
-17.26758410409093
 30
0.0
 11
7.188224725425242
 21
-17.25293404702097
 31
0.0
  0
LINE
  5
447
330
270
100
AcDbEntity
  8
OBJ1
 62
250
370
15
100
AcDbLine
 10
8.09748006251175
 20
-20.61923748045229
 30
0.0
 11
8.196429180039557
 21
-20.60477815341437
 31
0.0
  0
LINE
  5
448
330
270
100
AcDbEntity
  8
OBJ1
 62
250
370
15
100
AcDbLine
 10
7.08930366684217
 20
-17.26758410409093
 30
0.0
 11
6.998930186557117
 21
-17.31039337947732
 31
0.0
  0
LINE
  5
449
330
270
100
AcDbEntity
  8
OBJ1
 62
250
370
15
100
AcDbLine
 10
8.09748006251175
 20
-20.61923748045229
 30
0.0
 11
8.007192862103691
 21
-20.66222842654679
 31
0.0
  0
LINE
  5
44A
330
270
100
AcDbEntity
  8
OBJ1
 62
250
370
15
100
AcDbLine
 10
8.007192862103691
 20
-20.66222842654679
 30
0.0
 11
6.998930186557117
 21
-17.31039337947732
 31
0.0
  0
LINE
  5
44B
330
270
100
AcDbEntity
  8
OBJ1
 62
250
370
15
100
AcDbLine
 10
7.188224725425242
 20
-17.25293404702097
 30
0.0
 11
8.196429180039557
 21
-20.60477815341437
 31
0.0
  0
ARC
  5
44C
330
270
100
AcDbEntity
  8
OBJ1
 62
250
370
18
100
AcDbCircle
 10
-24.83279665443115
 20
-90.8467660291353
 30
0.0
 40
18.49999999991149
100
AcDbArc
 50
67.7667282020393
 51
112.2332717979607
  0
ARC
  5
44D
330
270
100
AcDbEntity
  8
OBJ1
 62
250
370
18
100
AcDbCircle
 10
-24.83279665443115
 20
-58.84676602925174
 30
0.0
 40
18.49999999997884
100
AcDbArc
 50
247.7667282020393
 51
292.2332717979607
  0
LINE
  5
44E
330
270
100
AcDbEntity
  8
OBJ1
 62
250
370
18
100
AcDbLine
 10
-31.83279665443115
 20
-73.7222222396813
 30
0.0
 11
-31.83279665443115
 21
-75.97130981876398
 31
0.0
  0
LINE
  5
44F
330
270
100
AcDbEntity
  8
OBJ1
 62
250
370
18
100
AcDbLine
 10
-17.83279665448936
 20
-73.7222222396813
 30
0.0
 11
-17.83279665448936
 21
-75.9713098187931
 31
0.0
  0
MTEXT
  5
450
330
270
100
AcDbEntity
  8
OBJ1
 62
250
370
15
100
AcDbMText
 10
-33.03853678051382
 20
-80.29999999998834
 30
0.0
 40
2.0
 41
49.18823644431539
 46
0.0
 71
1
 72
5
  1
MODEL
  7
ROMANS
  0
MTEXT
  5
451
330
270
100
AcDbEntity
  8
OBJ1
 62
250
370
18
100
AcDbMText
 10
-29.92083774000639
 20
-73.55243463997613
 30
0.0
 40
2.5
 41
17.01935227999638
 46
0.0
 71
1
 72
5
  1
MIZUNO
  7
HTXT1
  0
MTEXT
  5
452
330
270
100
AcDbEntity
  8
OBJ1
 62
250
370
15
100
AcDbMText
 10
-19.91243605001364
 20
-80.29999999998834
 30
0.0
 40
2.0
 41
17.65497829999367
 46
0.0
 71
1
 72
5
  1
-96
  7
HTXT1
  0
MTEXT
  5
453
330
270
100
AcDbEntity
  8
OBJ1
 62
250
370
15
100
AcDbMText
 10
7.30726226995466
 20
-79.918647220009
 30
0.0
 40
2.0
 41
29.35058359999676
 46
0.0
 71
1
 72
5
  1
C.T 100/5
  7
HTXT1
  0
MTEXT
  5
454
330
270
100
AcDbEntity
  8
OBJ1
 62
250
370
15
100
AcDbMText
 10
19.87636588996975
 20
-80.29999999998834
 30
0.0
 40
2.0
 41
9.301026130007813
 46
0.0
 71
1
 72
5
  1
A
  7
HTXT1
  0
LINE
  5
455
330
270
100
AcDbEntity
  8
OBJ1
 62
250
370
18
100
AcDbLine
 10
8.990696308494078
 20
-76.41619346788502
 30
0.0
 11
8.990696308494078
 21
-79.52403028769186
 31
0.0
  0
LINE
  5
456
330
270
100
AcDbEntity
  8
OBJ1
 62
250
370
18
100
AcDbLine
 10
8.008712621056471
 20
-77.46684639857267
 30
0.0
 11
9.8043898754986
 21
-77.12904826700105
 31
0.0
  0
LINE
  5
457
330
270
100
AcDbEntity
  8
OBJ1
 62
250
370
25
100
AcDbLine
 10
8.008712621056471
 20
-77.46684639857267
 30
0.0
 11
9.8043898754986
 21
-77.12904826700105
 31
0.0
  0
CIRCLE
  5
458
330
270
100
AcDbEntity
  8
OBJ1
 62
250
370
25
100
AcDbCircle
 10
9.94249751669122
 20
-77.10306781699181
 30
0.0
 40
0.1405300834029164
  0
LINE
  5
459
330
270
100
AcDbEntity
  8
OBJ1
 62
250
370
25
100
AcDbLine
 10
8.008712621056471
 20
-77.46684639857267
 30
0.0
 11
9.66594171145698
 21
-77.71759911917616
 31
0.0
  0
LINE
  5
45A
330
270
100
AcDbEntity
  8
OBJ1
 62
250
370
25
100
AcDbLine
 10
8.008712621056471
 20
-78.02935274250922
 30
0.0
 11
9.66594171145698
 21
-77.71759911917616
 31
0.0
  0
LINE
  5
45B
330
270
100
AcDbEntity
  8
OBJ1
 62
250
370
25
100
AcDbLine
 10
8.008712621056471
 20
-78.02935274250922
 30
0.0
 11
9.66594171145698
 21
-78.28010546308359
 31
0.0
  0
LINE
  5
45C
330
270
100
AcDbEntity
  8
OBJ1
 62
250
370
25
100
AcDbLine
 10
8.008712621114682
 20
-78.59185908641665
 30
0.0
 11
9.66594171145698
 21
-78.28010546308359
 31
0.0
  0
LINE
  5
45D
330
270
100
AcDbEntity
  8
OBJ1
 62
250
370
25
100
AcDbLine
 10
8.008712621114682
 20
-78.59185908641665
 30
0.0
 11
9.8043898754986
 21
-78.8635601803835
 31
0.0
  0
CIRCLE
  5
45E
330
270
100
AcDbEntity
  8
OBJ1
 62
250
370
25
100
AcDbCircle
 10
9.94249751669122
 20
-78.83757973034517
 30
0.0
 40
0.1405300834029164
  0
ARC
  5
45F
330
270
100
AcDbEntity
  8
OBJ1
 62
250
370
25
100
AcDbCircle
 10
11.77414384711301
 20
-78.64010705269175
 30
0.0
 40
0.9057334421040192
100
AcDbArc
 50
29.22821423272562
 51
149.4755573158565
  0
ARC
  5
460
330
270
100
AcDbEntity
  8
OBJ1
 62
250
370
25
100
AcDbCircle
 10
13.12150468729669
 20
-77.33731304950197
 30
0.0
 40
1.025039036322419
100
AcDbArc
 50
237.0887620884948
 51
329.2459705124842
  0
MTEXT
  5
461
330
270
100
AcDbEntity
  8
OBJ1
 62
250
370
25
100
AcDbMText
 10
14.80374967947136
 20
-77.06617254897718
 30
0.0
 40
2.024999999999999
 41
24.52911982651422
 46
0.0
 71
1
 72
5
  1
1.5
  7
HTXT1
  0
LINE
  5
462
330
270
100
AcDbEntity
  8
OBJ1
 62
250
370
25
100
AcDbLine
 10
19.67272292700363
 20
-77.05681609048042
 30
0.0
 11
19.67272292700363
 21
-79.09028350649169
 31
0.0
  0
LINE
  5
463
330
270
100
AcDbEntity
  8
OBJ1
 62
250
370
25
100
AcDbLine
 10
18.9099717119825
 20
-79.09028350649169
 30
0.0
 11
20.36820697644726
 21
-79.09028350649169
 31
0.0
  0
HATCH
  5
464
330
270
100
AcDbEntity
  8
OBJ1
 62
250
370
15
100
AcDbHatch
 10
0.0
 20
0.0
 30
0.0
210
0.0
220
0.0
230
1.0
  2
SOLID
 70
1
 71
0
 91
1
 92
7
 72
0
 73
1
 93
4
 10
-30.5131979220896
 20
-61.3769376586424
 10
-30.54333577456418
 20
-61.57392315554897
 10
-27.06235970836133
 20
-62.02844788285439
 10
-27.03791171655757
 20
-61.84389081876725
 97
0
 75
0
 76
1
 47
0.0063325726455849
 98
1
 10
-28.23168018250726
 20
-61.72132182947826
450
0
451
0
460
0.0
461
0.0
452
0
462
0.0
453
0
470

  0
LINE
  5
465
330
270
100
AcDbEntity
  8
OBJ1
 62
250
370
15
100
AcDbLine
 10
-30.54333577456418
 20
-61.57392315554897
 30
0.0
 11
-27.06235970841954
 21
-62.02844788285439
 31
0.0
  0
LINE
  5
466
330
270
100
AcDbEntity
  8
OBJ1
 62
250
370
15
100
AcDbLine
 10
-27.03791171655757
 20
-61.84389081876725
 30
0.0
 11
-30.5131979220896
 21
-61.3769376586424
 31
0.0
  0
LINE
  5
467
330
270
100
AcDbEntity
  8
OBJ1
 62
250
370
15
100
AcDbLine
 10
-30.5131979220896
 20
-61.3769376586424
 30
0.0
 11
-30.54333577456418
 21
-61.57392315554897
 31
0.0
  0
LINE
  5
468
330
270
100
AcDbEntity
  8
OBJ1
 62
250
370
15
100
AcDbLine
 10
-27.03791171655757
 20
-61.84389081873813
 30
0.0
 11
-27.06235970836133
 21
-62.02844788282527
 31
0.0
  0
MTEXT
  5
469
330
270
100
AcDbEntity
  8
OBJ1
 62
250
370
20
100
AcDbMText
 10
-26.46316445001867
 20
-66.57954569999129
 30
0.0
 40
4.0
 41
11.71462887999951
 46
0.0
 71
1
 72
5
  1
0
  7
HTXT1
  0
MTEXT
  5
46A
330
270
100
AcDbEntity
  8
OBJ1
 62
250
370
15
100
AcDbMText
 10
-25.9725138124777
 20
-59.60357550947811
 30
0.0
 40
4.0
 41
13.37621834999299
 46
0.0
 71
1
 72
5
  1
20
  7
HTXT1
  0
MTEXT
  5
46B
330
270
100
AcDbEntity
  8
OBJ1
 62
250
370
15
100
AcDbMText
 10
18.33747968749958
 20
-19.5976831894659
 30
0.0
 40
4.0
 41
9.708894890005467
 46
0.0
 71
1
 72
5
  1
200
  7
HTXT1
  0
MTEXT
  5
46C
330
270
100
AcDbEntity
  8
OBJ1
 62
250
370
15
100
AcDbMText
 10
5.454539597500115
 20
-22.59008485949016
 30
0.0
 40
4.0
 41
18.93495667001116
 46
0.0
 71
1
 72
5
  1
100
  7
HTXT1
  0
MTEXT
  5
46D
330
270
100
AcDbEntity
  8
OBJ1
 62
250
370
18
100
AcDbMText
 10
-23.8882475157443
 20
-50.5993081278866
 30
0.0
 40
4.0
 41
14.25137410999741
 46
0.0
 71
1
 72
5
  1
40
  7
HTXT1
  0
MTEXT
  5
46E
330
270
100
AcDbEntity
  8
OBJ1
 62
250
370
18
100
AcDbMText
 10
-16.77746091573499
 20
-38.53292168790357
 30
0.0
 40
4.0
 41
9.785907540004695
 46
0.0
 71
1
 72
5
  1
60
  7
HTXT1
  0
MTEXT
  5
46F
330
270
100
AcDbEntity
  8
OBJ1
 62
250
370
18
100
AcDbMText
 10
-6.486330075742444
 20
-28.66083889789297
 30
0.0
 40
4.0
 41
9.530143870011669
 46
0.0
 71
1
 72
5
  1
80
  7
HTXT1
  0
LWPOLYLINE
  5
470
330
270
100
AcDbEntity
  8
cover
  6
HIDDEN
 62
3
 48
100.0
 60
1
100
AcDbPolyline
 90
4
 70
1
 10
-46.0
 20
-92.00000000002908
 10
46.0
 20
-92.00000000002908
 10
46.0
 20
-2.91038e-11
 10
-46.0
 20
-2.91038e-11
  0
LWPOLYLINE
  5
471
330
270
100
AcDbEntity
  8
cover
 62
3
 48
100.0
100
AcDbPolyline
 90
4
 70
1
 10
-46.0
 20
-92.0
 10
46.0
 20
-92.0
 10
46.0
 20
0.0
 10
-46.0
 20
0.0
  0
LWPOLYLINE
  5
472
330
270
100
AcDbEntity
  8
cover
  6
Continuous
 62
3
 48
100.0
 60
1
100
AcDbPolyline
 90
4
 70
1
 10
46.0000000000291
 20
-92.00000000002908
 10
-45.99999999997089
 20
-92.00000000002908
 10
-45.99999999997089
 20
-2.91038e-11
 10
46.0000000000291
 20
-2.91038e-11
  0
ENDBLK
  5
272
330
270
100
AcDbEntity
  8
0
100
AcDbBlockEnd
  0
BLOCK
  5
474
330
473
100
AcDbEntity
  8
0
100
AcDbBlockBegin
  2
*U5682
 70
1
 10
0.0
 20
0.0
 30
0.0
  3
*U5682
  1

  0
HATCH
  5
476
330
473
100
AcDbEntity
  8
OBJ1
 62
250
370
25
420
3355443
100
AcDbHatch
 10
0.0
 20
0.0
 30
0.0
210
0.0
220
0.0
230
1.0
  2
SOLID
 70
1
 71
0
 91
1
 92
7
 72
0
 73
1
 93
4
 10
47.0
 20
0.999999999970896
 10
48.0
 20
2.0
 10
-48.0
 20
1.999999999970895
 10
-47.0
 20
1.0
 97
0
 75
0
 76
1
 47
0.0394779539485171
 98
1
 10
12.98456429003272
 20
1.361469099967507
450
0
451
0
460
0.0
461
0.0
452
0
462
0.0
453
0
470

  0
LINE
  5
477
330
473
100
AcDbEntity
  8
OBJ1
 62
27
370
15
100
AcDbLine
 10
-48.0
 20
1.999999999970895
 30
0.0
 11
48.0
 21
1.999999999970895
 31
0.0
  0
HATCH
  5
478
330
473
100
AcDbEntity
  8
OBJ1
 62
250
370
25
420
3355443
100
AcDbHatch
 10
0.0
 20
0.0
 30
0.0
210
0.0
220
0.0
230
1.0
  2
SOLID
 70
1
 71
0
 91
1
 92
7
 72
0
 73
1
 93
4
 10
47.0
 20
-93.0
 10
48.0
 20
-94.0
 10
48.0
 20
1.999999999970895
 10
47.0
 20
0.999999999970896
 97
0
 75
0
 76
1
 47
0.1615016306476229
 98
1
 10
47.35821988002863
 20
-30.61842619001982
450
0
451
0
460
0.0
461
0.0
452
0
462
0.0
453
0
470

  0
LINE
  5
479
330
473
100
AcDbEntity
  8
OBJ1
 62
27
370
15
100
AcDbLine
 10
48.0
 20
1.999999999970895
 30
0.0
 11
48.0
 21
-94.0000000000291
 31
0.0
  0
HATCH
  5
47A
330
473
100
AcDbEntity
  8
OBJ1
 62
250
370
25
420
3355443
100
AcDbHatch
 10
0.0
 20
0.0
 30
0.0
210
0.0
220
0.0
230
1.0
  2
SOLID
 70
1
 71
0
 91
1
 92
7
 72
0
 73
1
 93
4
 10
48.0000000000582
 20
-94.0000000000291
 10
47.0
 20
-93.00000000002908
 10
-47.0
 20
-93.00000000002908
 10
-48.0
 20
-94.0000000000291
 97
0
 75
0
 76
1
 47
0.1276886633537987
 98
1
 10
10.66407209000317
 20
-93.5000568900141
450
0
451
0
460
0.0
461
0.0
452
0
462
0.0
453
0
470

  0
LINE
  5
47B
330
473
100
AcDbEntity
  8
OBJ1
 62
27
370
15
100
AcDbLine
 10
48.0
 20
-94.0000000000291
 30
0.0
 11
-48.0
 21
-94.0000000000291
 31
0.0
  0
HATCH
  5
47C
330
473
100
AcDbEntity
  8
OBJ1
 62
250
370
25
420
3355443
100
AcDbHatch
 10
0.0
 20
0.0
 30
0.0
210
0.0
220
0.0
230
1.0
  2
SOLID
 70
1
 71
0
 91
1
 92
7
 72
0
 73
1
 93
4
 10
-47.0
 20
1.0
 10
-48.0
 20
2.0
 10
-47.99999999994177
 20
-94.0000000000291
 10
-47.0
 20
-93.00000000002908
 97
0
 75
0
 76
1
 47
0.1615016306476229
 98
1
 10
-47.36335126997436
 20
-36.10942015002365
450
0
451
0
460
0.0
461
0.0
452
0
462
0.0
453
0
470

  0
LINE
  5
47D
330
473
100
AcDbEntity
  8
OBJ1
 62
27
370
15
100
AcDbLine
 10
-48.0
 20
-94.0000000000291
 30
0.0
 11
-48.0
 21
1.999999999970895
 31
0.0
  0
HATCH
  5
47E
330
473
100
AcDbEntity
  8
OBJ1
 62
250
370
25
420
3355443
100
AcDbHatch
 10
0.0
 20
0.0
 30
0.0
210
0.0
220
0.0
230
1.0
  2
SOLID
 70
1
 71
0
 91
1
 92
7
 72
0
 73
1
 93
4
 10
43.0
 20
-3.000000000029102
 10
44.0
 20
-2.0000000000291
 10
-44.0
 20
-2.0
 10
-43.0
 20
-3.0
 97
0
 75
0
 76
1
 47
0.0394779539485171
 98
1
 10
19.62284507998264
 20
-2.507451890007356
450
0
451
0
460
0.0
461
0.0
452
0
462
0.0
453
0
470

  0
LINE
  5
47F
330
473
100
AcDbEntity
  8
OBJ1
 62
27
370
15
100
AcDbLine
 10
-43.0
 20
-3.0
 30
0.0
 11
43.0
 21
-3.000000000029102
 31
0.0
  0
HATCH
  5
480
330
473
100
AcDbEntity
  8
OBJ1
 62
250
370
25
420
3355443
100
AcDbHatch
 10
0.0
 20
0.0
 30
0.0
210
0.0
220
0.0
230
1.0
  2
SOLID
 70
1
 71
0
 91
1
 92
7
 72
0
 73
1
 93
4
 10
46.0
 20
0.0
 10
47.0
 20
0.999999999970896
 10
-47.0
 20
1.0
 10
-46.0
 20
0.0
 97
0
 75
0
 76
1
 47
0.0394779539485171
 98
1
 10
22.62567689002026
 20
0.2955779299663845
450
0
451
0
460
0.0
461
0.0
452
0
462
0.0
453
0
470

  0
LINE
  5
481
330
473
100
AcDbEntity
  8
OBJ1
 62
27
370
15
100
AcDbLine
 10
-47.0
 20
1.0
 30
0.0
 11
47.0
 21
0.999999999970896
 31
0.0
  0
HATCH
  5
482
330
473
100
AcDbEntity
  8
OBJ1
 62
250
370
25
420
3355443
100
AcDbHatch
 10
0.0
 20
0.0
 30
0.0
210
0.0
220
0.0
230
1.0
  2
SOLID
 70
1
 71
0
 91
1
 92
7
 72
0
 73
1
 93
4
 10
45.0
 20
-1.0
 10
46.0
 20
0.0
 10
-46.0
 20
0.0
 10
-45.0
 20
-1.000000000029102
 97
0
 75
0
 76
1
 47
0.0394779539485171
 98
1
 10
22.15163396002026
 20
-0.6124929400102701
450
0
451
0
460
0.0
461
0.0
452
0
462
0.0
453
0
470

  0
LINE
  5
483
330
473
100
AcDbEntity
  8
OBJ1
 62
27
370
15
100
AcDbLine
 10
-46.0
 20
0.0
 30
0.0
 11
46.0
 21
0.0
 31
0.0
  0
HATCH
  5
484
330
473
100
AcDbEntity
  8
OBJ1
 62
250
370
25
420
3355443
100
AcDbHatch
 10
0.0
 20
0.0
 30
0.0
210
0.0
220
0.0
230
1.0
  2
SOLID
 70
1
 71
0
 91
1
 92
7
 72
0
 73
1
 93
4
 10
44.0
 20
-2.0
 10
45.0
 20
-1.000000000029102
 10
-44.99999999994177
 20
-1.0
 10
-44.0
 20
-2.0
 97
0
 75
0
 76
1
 47
0.0394779539485171
 98
1
 10
18.79301799001405
 20
-1.717978600034256
450
0
451
0
460
0.0
461
0.0
452
0
462
0.0
453
0
470

  0
LINE
  5
485
330
473
100
AcDbEntity
  8
OBJ1
 62
27
370
15
100
AcDbLine
 10
-45.0
 20
-1.0
 30
0.0
 11
45.0
 21
-1.0
 31
0.0
  0
LINE
  5
486
330
473
100
AcDbEntity
  8
OBJ1
 62
27
370
15
100
AcDbLine
 10
-44.0
 20
-2.0
 30
0.0
 11
44.0
 21
-2.0
 31
0.0
  0
HATCH
  5
487
330
473
100
AcDbEntity
  8
OBJ1
 62
250
370
25
420
3355443
100
AcDbHatch
 10
0.0
 20
0.0
 30
0.0
210
0.0
220
0.0
230
1.0
  2
SOLID
 70
1
 71
0
 91
1
 92
7
 72
0
 73
1
 93
4
 10
-43.0
 20
-89.0000000000291
 10
-43.99999999994178
 20
-90.0000000000291
 10
44.0000000000582
 20
-90.0000000000291
 10
43.0
 20
-89.0
 97
0
 75
0
 76
1
 47
0.1276886633537987
 98
1
 10
17.56541143002687
 20
-89.2863106300065
450
0
451
0
460
0.0
461
0.0
452
0
462
0.0
453
0
470

  0
LINE
  5
488
330
473
100
AcDbEntity
  8
OBJ1
 62
27
370
15
100
AcDbLine
 10
-43.0
 20
-89.0
 30
0.0
 11
43.0
 21
-89.0
 31
0.0
  0
HATCH
  5
489
330
473
100
AcDbEntity
  8
OBJ1
 62
250
370
25
420
3355443
100
AcDbHatch
 10
0.0
 20
0.0
 30
0.0
210
0.0
220
0.0
230
1.0
  2
SOLID
 70
1
 71
0
 91
1
 92
7
 72
0
 73
1
 93
4
 10
-46.0
 20
-92.00000000002908
 10
-47.0
 20
-93.0
 10
47.0
 20
-93.00000000002908
 10
46.0
 20
-92.00000000002908
 97
0
 75
0
 76
1
 47
0.1276886633537987
 98
1
 10
11.17540683998959
 20
-92.47859334002717
450
0
451
0
460
0.0
461
0.0
452
0
462
0.0
453
0
470

  0
LINE
  5
48A
330
473
100
AcDbEntity
  8
OBJ1
 62
27
370
15
100
AcDbLine
 10
-47.0
 20
-93.0
 30
0.0
 11
47.0
 21
-93.00000000002908
 31
0.0
  0
HATCH
  5
48B
330
473
100
AcDbEntity
  8
OBJ1
 62
250
370
25
420
3355443
100
AcDbHatch
 10
0.0
 20
0.0
 30
0.0
210
0.0
220
0.0
230
1.0
  2
SOLID
 70
1
 71
0
 91
1
 92
7
 72
0
 73
1
 93
4
 10
-45.0
 20
-91.0
 10
-46.0
 20
-92.0
 10
46.0
 20
-92.00000000002908
 10
45.0
 20
-91.00000000002912
 97
0
 75
0
 76
1
 47
0.1276886633537987
 98
1
 10
11.43107421998866
 20
-91.32942361003371
450
0
451
0
460
0.0
461
0.0
452
0
462
0.0
453
0
470

  0
LINE
  5
48C
330
473
100
AcDbEntity
  8
OBJ1
 62
27
370
15
100
AcDbLine
 10
-46.0
 20
-92.0
 30
0.0
 11
46.0
 21
-92.00000000002908
 31
0.0
  0
HATCH
  5
48D
330
473
100
AcDbEntity
  8
OBJ1
 62
250
370
25
420
3355443
100
AcDbHatch
 10
0.0
 20
0.0
 30
0.0
210
0.0
220
0.0
230
1.0
  2
SOLID
 70
1
 71
0
 91
1
 92
7
 72
0
 73
1
 93
4
 10
45.0
 20
-91.00000000002912
 10
44.0
 20
-90.0000000000291
 10
-44.0
 20
-90.0
 10
-45.0
 20
-91.0
 97
0
 75
0
 76
1
 47
0.1276886633537987
 98
1
 10
19.61007851001341
 20
-90.5631865300238
450
0
451
0
460
0.0
461
0.0
452
0
462
0.0
453
0
470

  0
LINE
  5
48E
330
473
100
AcDbEntity
  8
OBJ1
 62
27
370
15
100
AcDbLine
 10
-45.0
 20
-91.0
 30
0.0
 11
45.0
 21
-91.00000000002912
 31
0.0
  0
LINE
  5
48F
330
473
100
AcDbEntity
  8
OBJ1
 62
27
370
15
100
AcDbLine
 10
-44.0
 20
-90.0
 30
0.0
 11
44.0
 21
-90.0000000000291
 31
0.0
  0
HATCH
  5
490
330
473
100
AcDbEntity
  8
OBJ1
 62
250
370
25
420
3355443
100
AcDbHatch
 10
0.0
 20
0.0
 30
0.0
210
0.0
220
0.0
230
1.0
  2
SOLID
 70
1
 71
0
 91
1
 92
7
 72
0
 73
1
 93
4
 10
-43.0
 20
-3.000000000058206
 10
-44.0
 20
-2.000000000087311
 10
-44.0
 20
-90.0
 10
-43.0
 20
-89.0
 97
0
 75
0
 76
1
 47
0.1615016306476229
 98
1
 10
-43.4839936000062
 20
-27.3884078800329
450
0
451
0
460
0.0
461
0.0
452
0
462
0.0
453
0
470

  0
LINE
  5
491
330
473
100
AcDbEntity
  8
OBJ1
 62
27
370
15
100
AcDbLine
 10
-43.0
 20
-3.000000000058206
 30
0.0
 11
-43.0
 21
-89.0000000000291
 31
0.0
  0
HATCH
  5
492
330
473
100
AcDbEntity
  8
OBJ1
 62
250
370
25
420
3355443
100
AcDbHatch
 10
0.0
 20
0.0
 30
0.0
210
0.0
220
0.0
230
1.0
  2
SOLID
 70
1
 71
0
 91
1
 92
7
 72
0
 73
1
 93
4
 10
44.0
 20
-2.0000000000291
 10
43.0000000000582
 20
-2.999999999970896
 10
43.0
 20
-89.0
 10
44.0
 20
-90.0000000000291
 97
0
 75
0
 76
1
 47
0.1615016306476229
 98
1
 10
43.80205802002456
 20
-32.71786374002113
450
0
451
0
460
0.0
461
0.0
452
0
462
0.0
453
0
470

  0
LINE
  5
493
330
473
100
AcDbEntity
  8
OBJ1
 62
27
370
15
100
AcDbLine
 10
43.0
 20
-3.0
 30
0.0
 11
43.0
 21
-89.0000000000291
 31
0.0
  0
HATCH
  5
494
330
473
100
AcDbEntity
  8
OBJ1
 62
250
370
25
420
3355443
100
AcDbHatch
 10
0.0
 20
0.0
 30
0.0
210
0.0
220
0.0
230
1.0
  2
SOLID
 70
1
 71
0
 91
1
 92
7
 72
0
 73
1
 93
4
 10
-45.99999999994177
 20
-2.91038e-11
 10
-47.0
 20
1.0
 10
-47.0
 20
-93.0
 10
-46.0
 20
-92.00000000002908
 97
0
 75
0
 76
1
 47
0.1615016306476229
 98
1
 10
-46.2318299600156
 20
-33.84844450000674
450
0
451
0
460
0.0
461
0.0
452
0
462
0.0
453
0
470

  0
LINE
  5
495
330
473
100
AcDbEntity
  8
OBJ1
 62
27
370
15
100
AcDbLine
 10
-47.0
 20
0.9999999999417925
 30
0.0
 11
-47.0
 21
-93.00000000002908
 31
0.0
  0
HATCH
  5
496
330
473
100
AcDbEntity
  8
OBJ1
 62
250
370
25
420
3355443
100
AcDbHatch
 10
0.0
 20
0.0
 30
0.0
210
0.0
220
0.0
230
1.0
  2
SOLID
 70
1
 71
0
 91
1
 92
7
 72
0
 73
1
 93
4
 10
-45.0
 20
-1.000000000029102
 10
-46.0
 20
-2.91038e-11
 10
-46.0
 20
-92.0000000000582
 10
-45.0
 20
-91.0
 97
0
 75
0
 76
1
 47
0.1615016306476229
 98
1
 10
-45.10030863998689
 20
-34.97902527003316
450
0
451
0
460
0.0
461
0.0
452
0
462
0.0
453
0
470

  0
LINE
  5
497
330
473
100
AcDbEntity
  8
OBJ1
 62
27
370
15
100
AcDbLine
 10
-46.0
 20
-5.82077e-11
 30
0.0
 11
-46.0
 21
-92.00000000002908
 31
0.0
  0
HATCH
  5
498
330
473
100
AcDbEntity
  8
OBJ1
 62
250
370
25
420
3355443
100
AcDbHatch
 10
0.0
 20
0.0
 30
0.0
210
0.0
220
0.0
230
1.0
  2
SOLID
 70
1
 71
0
 91
1
 92
7
 72
0
 73
1
 93
4
 10
-44.0
 20
-2.0000000000291
 10
-45.0
 20
-1.000000000029102
 10
-45.0
 20
-91.00000000002912
 10
-44.0
 20
-90.0
 97
0
 75
0
 76
1
 47
0.1615016306476229
 98
1
 10
-44.2923191000009
 20
-30.61842619001982
450
0
451
0
460
0.0
461
0.0
452
0
462
0.0
453
0
470

  0
LINE
  5
499
330
473
100
AcDbEntity
  8
OBJ1
 62
27
370
15
100
AcDbLine
 10
-45.0
 20
-1.000000000058204
 30
0.0
 11
-45.0
 21
-91.0
 31
0.0
  0
LINE
  5
49A
330
473
100
AcDbEntity
  8
OBJ1
 62
27
370
15
100
AcDbLine
 10
-44.0
 20
-2.000000000058204
 30
0.0
 11
-44.0
 21
-90.0000000000291
 31
0.0
  0
HATCH
  5
49B
330
473
100
AcDbEntity
  8
OBJ1
 62
250
370
25
420
3355443
100
AcDbHatch
 10
0.0
 20
0.0
 30
0.0
210
0.0
220
0.0
230
1.0
  2
SOLID
 70
1
 71
0
 91
1
 92
7
 72
0
 73
1
 93
4
 10
46.0
 20
-92.00000000002908
 10
47.0
 20
-93.0
 10
47.0
 20
0.999999999970896
 10
46.0
 20
-2.91038e-11
 97
0
 75
0
 76
1
 47
0.1615016306476229
 98
1
 10
46.38829646998781
 20
-31.10285458000726
450
0
451
0
460
0.0
461
0.0
452
0
462
0.0
453
0
470

  0
LINE
  5
49C
330
473
100
AcDbEntity
  8
OBJ1
 62
27
370
15
100
AcDbLine
 10
47.0
 20
1.0
 30
0.0
 11
47.0
 21
-93.00000000002908
 31
0.0
  0
HATCH
  5
49D
330
473
100
AcDbEntity
  8
OBJ1
 62
250
370
25
420
3355443
100
AcDbHatch
 10
0.0
 20
0.0
 30
0.0
210
0.0
220
0.0
230
1.0
  2
SOLID
 70
1
 71
0
 91
1
 92
7
 72
0
 73
1
 93
4
 10
45.00000000005822
 20
-91.0
 10
46.0
 20
-91.99999999997087
 10
46.00000000005818
 20
0.0
 10
45.00000000005822
 20
-1.0
 97
0
 75
0
 76
1
 47
0.1615016306476229
 98
1
 10
45.41837307001697
 20
-31.74882107001031
450
0
451
0
460
0.0
461
0.0
452
0
462
0.0
453
0
470

  0
LINE
  5
49E
330
473
100
AcDbEntity
  8
OBJ1
 62
27
370
15
100
AcDbLine
 10
46.0
 20
0.0
 30
0.0
 11
46.0
 21
-92.0
 31
0.0
  0
HATCH
  5
49F
330
473
100
AcDbEntity
  8
OBJ1
 62
250
370
25
420
3355443
100
AcDbHatch
 10
0.0
 20
0.0
 30
0.0
210
0.0
220
0.0
230
1.0
  2
SOLID
 70
1
 71
0
 91
1
 92
7
 72
0
 73
1
 93
4
 10
45.0
 20
-1.0
 10
44.0
 20
-2.000000000058204
 10
44.0
 20
-90.0000000000291
 10
45.0
 20
-91.0
 97
0
 75
0
 76
1
 47
0.1615016306476229
 98
1
 10
44.61038353003096
 20
-31.58746886003064
450
0
451
0
460
0.0
461
0.0
452
0
462
0.0
453
0
470

  0
LINE
  5
4A0
330
473
100
AcDbEntity
  8
OBJ1
 62
27
370
15
100
AcDbLine
 10
45.0
 20
-1.0
 30
0.0
 11
45.0
 21
-91.0
 31
0.0
  0
LINE
  5
4A1
330
473
100
AcDbEntity
  8
OBJ1
 62
27
370
15
100
AcDbLine
 10
44.0
 20
-2.0
 30
0.0
 11
44.0
 21
-90.0000000000291
 31
0.0
  0
LINE
  5
4A2
330
473
100
AcDbEntity
  8
OBJ1
 62
27
370
15
100
AcDbLine
 10
-43.0
 20
-3.000000000058206
 30
0.0
 11
-48.0
 21
1.999999999970895
 31
0.0
  0
LINE
  5
4A3
330
473
100
AcDbEntity
  8
OBJ1
 62
27
370
15
100
AcDbLine
 10
43.0
 20
-3.000000000029102
 30
0.0
 11
48.0
 21
1.999999999970895
 31
0.0
  0
LINE
  5
4A4
330
473
100
AcDbEntity
  8
OBJ1
 62
27
370
15
100
AcDbLine
 10
-48.0
 20
-94.0000000000291
 30
0.0
 11
-43.0
 21
-89.0000000000291
 31
0.0
  0
LINE
  5
4A5
330
473
100
AcDbEntity
  8
OBJ1
 62
27
370
15
100
AcDbLine
 10
43.0
 20
-89.0000000000291
 30
0.0
 11
48.0
 21
-94.0000000000291
 31
0.0
  0
HATCH
  5
4A6
330
473
100
AcDbEntity
  8
OBJ1
 62
9
370
25
420
12763830
100
AcDbHatch
 10
0.0
 20
0.0
 30
0.0
210
0.0
220
0.0
230
1.0
  2
SOLID
 70
1
 71
0
 91
2
 92
7
 72
1
 73
1
 93
9
 10
42.5
 20
-6.000000000058207
 42
0.4142135623765049
 10
40.0
 20
-3.500000000029102
 42
0.0
 10
-40.0
 20
-3.500000000058206
 42
0.4142135623730951
 10
-42.5
 20
-6.000000000058207
 42
0.0
 10
-42.49999999994178
 20
-86.0
 42
0.4142153500525573
 10
-39.99998474115272
 20
-88.49999999995266
 42
-1.525884727e-06
 10
-40.0
 20
-88.49999999999999
 42
0.0
 10
40.0
 20
-88.49999999999999
 42
0.4142135623730951
 10
42.5
 20
-86.0
 42
0.0
 97
0
 92
22
 72
0
 73
1
 93
4
 10
37.5
 20
-83.49999999999999
 10
-37.5
 20
-83.49999999999999
 10
-37.49999999994179
 20
-8.500000000058208
 10
37.5
 20
-8.500000000058208
 97
0
 75
0
 76
1
 47
0.2907889448703623
 98
3
 10
40.96216797002123
 20
-68.95686237001792
 10
40.96216797002123
 20
-68.95686237001792
 10
28.4472331199795
 20
-74.19114274001912
450
0
451
0
460
0.0
461
0.0
452
0
462
0.0
453
0
470

  0
LINE
  5
4A7
330
473
100
AcDbEntity
  8
OBJ1
 62
9
370
15
420
12763830
100
AcDbLine
 10
-40.0
 20
-3.500000000058206
 30
0.0
 11
40.0
 21
-3.500000000029102
 31
0.0
  0
LINE
  5
4A8
330
473
100
AcDbEntity
  8
OBJ1
 62
9
370
15
420
12763830
100
AcDbLine
 10
42.5
 20
-6.000000000058207
 30
0.0
 11
42.5
 21
-86.0
 31
0.0
  0
LINE
  5
4A9
330
473
100
AcDbEntity
  8
OBJ1
 62
9
370
15
420
12763830
100
AcDbLine
 10
-42.5
 20
-6.000000000058207
 30
0.0
 11
-42.49999999994178
 21
-86.0
 31
0.0
  0
LINE
  5
4AA
330
473
100
AcDbEntity
  8
OBJ1
 62
9
370
15
420
12763830
100
AcDbLine
 10
-40.0
 20
-88.49999999999999
 30
0.0
 11
40.0
 21
-88.49999999999999
 31
0.0
  0
HATCH
  5
4AB
330
473
100
AcDbEntity
  8
OBJ1
 62
252
370
25
420
10395274
100
AcDbHatch
 10
0.0
 20
0.0
 30
0.0
210
0.0
220
0.0
230
1.0
  2
SOLID
 70
1
 71
0
 91
1
 92
7
 72
1
 73
1
 93
8
 10
37.5
 20
-11.0000000000582
 42
0.4142135623730951
 10
35.0
 20
-8.500000000058208
 42
0.0
 10
-35.0
 20
-8.500000000058208
 42
0.4142135623662757
 10
-37.49999999994179
 20
-11.0000000000582
 42
0.0
 10
-37.5
 20
-81.0
 42
0.4142135623730951
 10
-35.0
 20
-83.49999999999999
 42
0.0
 10
35.0
 20
-83.49999999999999
 42
0.4142135623696853
 10
37.5
 20
-81.0000000000291
 42
0.0
 97
0
 75
0
 76
1
 47
0.2930399968653012
 98
2
 10
11.34641170001123
 20
-36.67805654002587
 10
21.6117424099939
 20
-64.51688842001022
450
0
451
0
460
0.0
461
0.0
452
0
462
0.0
453
0
470

  0
LINE
  5
4AC
330
473
100
AcDbEntity
  8
OBJ1
 62
9
370
15
420
12763830
100
AcDbLine
 10
-35.0
 20
-8.500000000058208
 30
0.0
 11
35.0
 21
-8.500000000058208
 31
0.0
  0
LINE
  5
4AD
330
473
100
AcDbEntity
  8
OBJ1
 62
9
370
15
420
12763830
100
AcDbLine
 10
-37.49999999994179
 20
-11.0000000000582
 30
0.0
 11
-37.5
 21
-81.0
 31
0.0
  0
LINE
  5
4AE
330
473
100
AcDbEntity
  8
OBJ1
 62
9
370
15
420
12763830
100
AcDbLine
 10
37.5
 20
-11.0000000000582
 30
0.0
 11
37.5
 21
-81.0000000000291
 31
0.0
  0
LINE
  5
4AF
330
473
100
AcDbEntity
  8
OBJ1
 62
9
370
15
420
12763830
100
AcDbLine
 10
-35.0
 20
-83.49999999999999
 30
0.0
 11
35.0
 21
-83.49999999999999
 31
0.0
  0
ARC
  5
4B0
330
473
100
AcDbEntity
  8
OBJ1
 62
9
370
15
420
12763830
100
AcDbCircle
 10
-40.0
 20
-6.000000000058207
 30
0.0
 40
2.5
100
AcDbArc
 50
90.0
 51
180.0
  0
ARC
  5
4B1
330
473
100
AcDbEntity
  8
OBJ1
 62
9
370
15
420
12763830
100
AcDbCircle
 10
-35.0
 20
-11.0000000000582
 30
0.0
 40
2.5
100
AcDbArc
 50
90.0
 51
180.0
  0
ARC
  5
4B2
330
473
100
AcDbEntity
  8
OBJ1
 62
9
370
15
420
12763830
100
AcDbCircle
 10
-40.0
 20
-86.0
 30
0.0
 40
2.5
100
AcDbArc
 50
180.0
 51
270.0
  0
ARC
  5
4B3
330
473
100
AcDbEntity
  8
OBJ1
 62
9
370
15
420
12763830
100
AcDbCircle
 10
-35.0
 20
-81.0
 30
0.0
 40
2.5
100
AcDbArc
 50
180.0
 51
270.0
  0
ARC
  5
4B4
330
473
100
AcDbEntity
  8
OBJ1
 62
9
370
15
420
12763830
100
AcDbCircle
 10
40.0
 20
-86.0
 30
0.0
 40
2.5
100
AcDbArc
 50
270.0
 51
0.0
  0
ARC
  5
4B5
330
473
100
AcDbEntity
  8
OBJ1
 62
9
370
15
420
12763830
100
AcDbCircle
 10
35.0
 20
-81.0000000000291
 30
0.0
 40
2.5
100
AcDbArc
 50
270.0
 51
0.0
  0
ARC
  5
4B6
330
473
100
AcDbEntity
  8
OBJ1
 62
9
370
15
420
12763830
100
AcDbCircle
 10
40.0
 20
-6.000000000058207
 30
0.0
 40
2.5
100
AcDbArc
 50
0.0
 51
90.0
  0
ARC
  5
4B7
330
473
100
AcDbEntity
  8
OBJ1
 62
9
370
15
420
12763830
100
AcDbCircle
 10
35.0
 20
-11.0000000000582
 30
0.0
 40
2.5
100
AcDbArc
 50
0.0
 51
90.0
  0
HATCH
  5
4B8
330
473
100
AcDbEntity
  8
OBJ1
 62
250
370
25
420
2829099
100
AcDbHatch
 10
0.0
 20
0.0
 30
0.0
210
0.0
220
0.0
230
1.0
  2
SOLID
 70
1
 71
0
 91
1
 92
7
 72
1
 73
1
 93
4
 10
13.55572809005389
 20
-67.5
 42
0.0
 10
-21.7536104900064
 20
-67.5
 42
0.0
 10
-23.23251691000769
 20
-68.5000000000291
 42
0.0
 10
13.5
 20
-68.5
 42
-0.0278424447443727
 97
0
 75
0
 76
1
 47
0.0725116146917012
 98
2
 10
-3.97044945997186
 20
-67.96253871000954
 10
-3.97044945997186
 20
-69.05017897000653
450
0
451
0
460
0.0
461
0.0
452
0
462
0.0
453
0
470

  0
HATCH
  5
4B9
330
473
100
AcDbEntity
  8
OBJ1
 62
250
370
25
420
2829099
100
AcDbHatch
 10
0.0
 20
0.0
 30
0.0
210
0.0
220
0.0
230
1.0
  2
SOLID
 70
1
 71
0
 91
1
 92
7
 72
1
 73
1
 93
4
 10
13.5
 20
-68.5
 42
0.0
 10
-23.23251690994948
 20
-68.5
 42
0.0
 10
-21.7536104900064
 20
-69.5
 42
0.0
 10
13.55572809005389
 20
-69.5
 42
-0.0278424447447772
 97
0
 75
0
 76
1
 47
0.0725116146917012
 98
2
 10
-3.97044945997186
 20
-67.96253871000954
 10
-3.97044945997186
 20
-69.05017897000653
450
0
451
0
460
0.0
461
0.0
452
0
462
0.0
453
0
470

  0
HATCH
  5
4BA
330
473
100
AcDbEntity
  8
OBJ1
 62
250
370
25
420
2829099
100
AcDbHatch
 10
0.0
 20
0.0
 30
0.0
210
0.0
220
0.0
230
1.0
  2
SOLID
 70
1
 71
0
 91
1
 92
7
 72
1
 73
1
 93
5
 10
20.51880285004154
 20
-67.68839377563563
 42
0.0
 10
20.51880285004154
 20
-67.5
 42
0.0
 10
13.55572809005389
 20
-67.5
 42
0.0278424447445749
 10
13.5
 20
-68.5
 42
0.0
 10
19.71303023712244
 20
-68.5
 42
0.0
 97
0
 75
0
 76
1
 47
0.0199577547765378
 98
4
 10
17.09439216001192
 20
-68.19006762001663
 10
16.99360345001332
 20
-68.99738631001675
 10
20.35289134999039
 20
-68.30141552002169
 10
20.21548273001099
 20
-69.07527407002635
450
0
451
0
460
0.0
461
0.0
452
0
462
0.0
453
0
470

  0
HATCH
  5
4BB
330
473
100
AcDbEntity
  8
OBJ1
 62
250
370
25
420
2829099
100
AcDbHatch
 10
0.0
 20
0.0
 30
0.0
210
0.0
220
0.0
230
1.0
  2
SOLID
 70
1
 71
0
 91
1
 92
7
 72
0
 73
1
 93
4
 10
20.51880285004154
 20
-68.5
 10
19.71303023712244
 20
-68.5
 10
18.72021797328489
 20
-69.5000000000291
 10
20.51880285004154
 20
-69.5
 97
0
 75
0
 76
1
 47
0.0199577547765378
 98
4
 10
17.09439216001192
 20
-68.19006762001663
 10
16.99360345001332
 20
-68.99738631001675
 10
20.35289134999039
 20
-68.30141552002169
 10
20.21548273001099
 20
-69.07527407002635
450
0
451
0
460
0.0
461
0.0
452
0
462
0.0
453
0
470

  0
HATCH
  5
4BC
330
473
100
AcDbEntity
  8
OBJ1
 62
250
370
25
420
2829099
100
AcDbHatch
 10
0.0
 20
0.0
 30
0.0
210
0.0
220
0.0
230
1.0
  2
SOLID
 70
1
 71
0
 91
1
 92
23
 72
0
 73
1
 93
3
 10
19.71303023706423
 20
-68.5
 10
20.51880285004154
 20
-68.5
 10
20.51880285004154
 20
-67.68839377563563
 97
0
 75
0
 76
1
 47
0.0199577547765378
 98
4
 10
17.09439216001192
 20
-68.19006762001663
 10
16.99360345001332
 20
-68.99738631001675
 10
20.35289134999039
 20
-68.30141552002169
 10
20.21548273001099
 20
-69.07527407002635
450
0
451
0
460
0.0
461
0.0
452
0
462
0.0
453
0
470

  0
HATCH
  5
4BD
330
473
100
AcDbEntity
  8
OBJ1
 62
250
370
25
420
2829099
100
AcDbHatch
 10
0.0
 20
0.0
 30
0.0
210
0.0
220
0.0
230
1.0
  2
SOLID
 70
1
 71
0
 91
1
 92
7
 72
1
 73
1
 93
4
 10
19.71303023706423
 20
-68.5
 42
0.0
 10
13.5
 20
-68.5
 42
0.0278424447445749
 10
13.55572809005389
 20
-69.5
 42
0.0
 10
18.72021797328489
 20
-69.5
 42
0.0
 97
0
 75
0
 76
1
 47
0.0199577547765378
 98
4
 10
17.09439216001192
 20
-68.19006762001663
 10
16.99360345001332
 20
-68.99738631001675
 10
20.35289134999039
 20
-68.30141552002169
 10
20.21548273001099
 20
-69.07527407002635
450
0
451
0
460
0.0
461
0.0
452
0
462
0.0
453
0
470

  0
HATCH
  5
4BE
330
473
100
AcDbEntity
  8
OBJ1
 62
250
370
30
420
3684408
100
AcDbHatch
 10
0.0
 20
0.0
 30
0.0
210
0.0
220
0.0
230
1.0
  2
SOLID
 70
1
 71
0
 91
1
 92
7
 72
1
 73
1
 93
4
 10
24.37288244738011
 20
-67.85389359595139
 42
-0.6427278185515247
 10
21.76146960729966
 20
-70.33840012134169
 42
0.0
 10
26.33391177840531
 20
-73.25186587811912
 42
-0.1088530434462636
 10
27.24561513011577
 20
-72.3379054996185
 42
0.0
 97
0
 75
0
 76
1
 47
0.0418258830421949
 98
7
 10
21.11427407001611
 20
-63.11026154001592
 10
15.96531454002252
 20
-70.59715252002934
 10
19.06322370003909
 20
-70.9735790300183
 10
24.96574687003158
 20
-74.11046664000605
 10
25.63531991001219
 20
-71.39183071002482
 10
27.89601080003194
 20
-70.0534253300284
 10
25.38435599999502
 20
-66.12167364000922
450
0
451
0
460
0.0
461
0.0
452
0
462
0.0
453
0
470

  0
HATCH
  5
4BF
330
473
100
AcDbEntity
  8
OBJ1
 62
250
370
30
420
1315860
100
AcDbHatch
 10
0.0
 20
0.0
 30
0.0
210
0.0
220
0.0
230
1.0
  2
SOLID
 70
1
 71
0
 91
1
 92
7
 72
1
 73
1
 93
10
 10
21.19600290030939
 20
-67.00844587391475
 42
-0.0042167664576053
 10
21.22134518559324
 20
-66.98666460669483
 42
0.0
 10
27.39304720627842
 20
-60.94631950388428
 42
0.5574766440334369
 10
13.55572808999568
 20
-67.5
 42
0.0
 10
20.51880285004154
 20
-67.5000000000291
 42
0.0
 10
20.51880285004154
 20
-67.68839377563563
 42
0.0
 10
20.87248144712066
 20
-67.33215462553198
 42
0.0
 10
17.08868079999229
 20
-63.9387716500205
 42
0.0
 10
17.23986387992045
 20
-63.78281025009346
 42
0.0
 10
17.39944601000752
 20
-63.6292654100107
 42
0.0
 97
0
 75
0
 76
1
 47
0.0472005958807691
 98
1
 10
20.89412675000494
 20
-63.78132313000969
450
0
451
0
460
0.0
461
0.0
452
0
462
0.0
453
0
470

  0
HATCH
  5
4C0
330
473
100
AcDbEntity
  8
OBJ1
 62
250
370
30
420
1315860
100
AcDbHatch
 10
0.0
 20
0.0
 30
0.0
210
0.0
220
0.0
230
1.0
  2
SOLID
 70
1
 71
0
 91
1
 92
7
 72
1
 73
1
 93
3
 10
13.55572808999568
 20
-69.5
 42
0.1145223432116406
 10
14.91049905348336
 20
-73.33730042300884
 42
0.0
 10
18.72021797328489
 20
-69.5000000000291
 42
0.0
 97
0
 75
0
 76
1
 47
0.0472005958807691
 98
5
 10
15.55568443000083
 20
-70.71983968000859
 10
19.57144283998059
 20
-71.38067733001662
 10
23.06713147001574
 20
-72.70216676002019
 10
26.98814848001348
 20
-69.96457009002916
 10
25.09869602002436
 20
-66.23562399001094
450
0
451
0
460
0.0
461
0.0
452
0
462
0.0
453
0
470

  0
HATCH
  5
4C1
330
473
100
AcDbEntity
  8
OBJ1
 62
250
370
30
420
1315860
100
AcDbHatch
 10
0.0
 20
0.0
 30
0.0
210
0.0
220
0.0
230
1.0
  2
SOLID
 70
1
 71
0
 91
1
 92
7
 72
1
 73
1
 93
7
 10
28.78016778122401
 20
-62.05333476598025
 42
0.0494178174529369
 10
27.39304720627842
 20
-60.94631950388428
 42
0.0
 10
21.22134518559324
 20
-66.98666460672393
 42
-0.5270277874007132
 10
24.3728824473219
 20
-67.85389359580586
 42
0.0
 10
24.97557758889161
 20
-68.79463277614559
 42
0.0
 10
27.32459153031232
 20
-66.37876603519544
 42
0.0
 10
26.33788031077711
 20
-64.56037124589784
 42
0.0
 97
0
 75
0
 76
1
 47
0.0472005958807691
 98
5
 10
15.55568443000083
 20
-70.71983968000859
 10
19.57144283998059
 20
-71.38067733001662
 10
23.06713147001574
 20
-72.70216676002019
 10
26.98814848001348
 20
-69.96457009002916
 10
25.09869602002436
 20
-66.23562399001094
450
0
451
0
460
0.0
461
0.0
452
0
462
0.0
453
0
470

  0
HATCH
  5
4C2
330
473
100
AcDbEntity
  8
OBJ1
 62
250
370
30
420
1315860
100
AcDbHatch
 10
0.0
 20
0.0
 30
0.0
210
0.0
220
0.0
230
1.0
  2
SOLID
 70
1
 71
0
 91
1
 92
7
 72
1
 73
1
 93
4
 10
24.97557758889161
 20
-68.79463277614559
 42
0.0
 10
27.24561513011577
 20
-72.3379054996185
 42
-0.3059790122550429
 10
30.60205770644825
 20
-72.41875757375963
 42
0.0
 10
27.32459153031232
 20
-66.37876603522454
 42
0.0
 97
0
 75
0
 76
1
 47
0.0472005958807691
 98
5
 10
15.55568443000083
 20
-70.71983968000859
 10
19.57144283998059
 20
-71.38067733001662
 10
23.06713147001574
 20
-72.70216676002019
 10
26.98814848001348
 20
-69.96457009002916
 10
25.09869602002436
 20
-66.23562399001094
450
0
451
0
460
0.0
461
0.0
452
0
462
0.0
453
0
470

  0
HATCH
  5
4C3
330
473
100
AcDbEntity
  8
OBJ1
 62
250
370
30
420
1315860
100
AcDbHatch
 10
0.0
 20
0.0
 30
0.0
210
0.0
220
0.0
230
1.0
  2
SOLID
 70
1
 71
0
 91
1
 92
7
 72
1
 73
1
 93
5
 10
20.66026822099229
 20
-73.51189117287869
 42
0.0
 10
26.41875757375965
 20
-76.60205770644825
 42
-0.1557283884280691
 10
25.86396103067091
 20
-74.86396103070001
 42
-0.1427860682761905
 10
26.33391177840531
 20
-73.25186587811912
 42
0.0
 10
22.87440803757636
 20
-71.04754151331142
 42
0.0
 97
0
 75
0
 76
1
 47
0.0472005958807691
 98
5
 10
15.55568443000083
 20
-70.71983968000859
 10
19.57144283998059
 20
-71.38067733001662
 10
23.06713147001574
 20
-72.70216676002019
 10
26.98814848001348
 20
-69.96457009002916
 10
25.09869602002436
 20
-66.23562399001094
450
0
451
0
460
0.0
461
0.0
452
0
462
0.0
453
0
470

  0
HATCH
  5
4C4
330
473
100
AcDbEntity
  8
OBJ1
 62
250
370
30
420
1315860
100
AcDbHatch
 10
0.0
 20
0.0
 30
0.0
210
0.0
220
0.0
230
1.0
  2
SOLID
 70
1
 71
0
 91
1
 92
7
 72
1
 73
1
 93
9
 10
22.87440803757636
 20
-71.04754151331142
 42
0.0
 10
21.76146960735787
 20
-70.33840012134169
 42
-0.3062721121387764
 10
20.51880285004154
 20
-68.5
 42
0.0
 10
20.51880285004154
 20
-69.5
 42
0.0
 10
18.72021797328489
 20
-69.5000000000291
 42
0.0
 10
14.91049905348336
 20
-73.33730042300884
 42
0.0578234365606001
 10
16.21983221877599
 20
-74.94666523401973
 42
0.0
 10
18.6621196892811
 20
-72.43962875413126
 42
0.0
 10
20.66026822099229
 20
-73.51189117287869
 42
0.0
 97
0
 75
0
 76
1
 47
0.0472005958807691
 98
5
 10
15.55568443000083
 20
-70.71983968000859
 10
19.57144283998059
 20
-71.38067733001662
 10
23.06713147001574
 20
-72.70216676002019
 10
26.98814848001348
 20
-69.96457009002916
 10
25.09869602002436
 20
-66.23562399001094
450
0
451
0
460
0.0
461
0.0
452
0
462
0.0
453
0
470

  0
ARC
  5
4C5
330
473
100
AcDbEntity
  8
OBJ1
 62
9
370
18
420
12763830
100
AcDbCircle
 10
22.5
 20
-68.5
 30
0.0
 40
9.0
100
AcDbArc
 50
45.74952324421419
 51
173.6206297916502
  0
ARC
  5
4C6
330
473
100
AcDbEntity
  8
OBJ1
 62
9
370
18
420
12763830
100
AcDbCircle
 10
22.5
 20
-68.5
 30
0.0
 40
9.0
100
AcDbArc
 50
186.3793702083498
 51
225.7495232442142
  0
LINE
  5
4C7
330
473
100
AcDbEntity
  8
OBJ1
 62
9
370
18
420
12763830
100
AcDbLine
 10
18.6621196892811
 20
-72.43962875413126
 30
0.0
 11
16.21983221877599
 21
-74.94666523404884
 31
0.0
  0
LINE
  5
4C8
330
473
100
AcDbEntity
  8
OBJ1
 62
9
370
18
420
12763830
100
AcDbLine
 10
16.21983221877599
 20
-74.94666523404884
 30
0.0
 11
18.6621196892811
 21
-72.43962875413126
 31
0.0
  0
LINE
  5
4C9
330
473
100
AcDbEntity
  8
OBJ1
 62
9
370
18
420
12763830
100
AcDbLine
 10
26.33788031077711
 20
-64.56037124589784
 30
0.0
 11
28.78016778122401
 21
-62.05333476598025
 31
0.0
  0
LINE
  5
4CA
330
473
100
AcDbEntity
  8
OBJ1
 62
9
370
18
420
12763830
100
AcDbLine
 10
18.6621196892811
 20
-72.43962875413126
 30
0.0
 11
26.41875757375965
 21
-76.60205770644825
 31
0.0
  0
HATCH
  5
4CB
330
473
100
AcDbEntity
  8
OBJ1
 62
250
370
25
420
1644821
100
AcDbHatch
 10
0.0
 20
0.0
 30
0.0
210
0.0
220
0.0
230
1.0
  2
SOLID
 70
1
 71
0
 91
2
 92
7
 72
1
 73
1
 93
2
 10
25.86396103067091
 20
-74.86396103070001
 42
1.0
 10
31.86396103067091
 20
-74.86396103070001
 42
1.0
 97
0
 92
22
 72
1
 73
1
 93
4
 10
30.42813615914202
 20
-76.17920849556687
 42
0.0488725903356158
 10
30.65367290261202
 20
-75.8505973070569
 42
0.0
 10
27.299797405547
 20
-73.54869988546123
 42
0.0489437405019212
 10
27.07397772843251
 20
-73.87781727642869
 42
0.0
 97
0
 75
0
 76
1
 47
0.0356976022179879
 98
2
 10
30.12435734999599
 20
-73.42490566000923
 10
30.12435734999599
 20
-73.42490566000923
450
0
451
0
460
0.0
461
0.0
452
0
462
0.0
453
0
470

  0
CIRCLE
  5
4CC
330
473
100
AcDbEntity
  8
OBJ1
 62
9
370
18
420
12763830
100
AcDbCircle
 10
28.86396103067091
 20
-74.86396103070001
 30
0.0
 40
3.0
  0
LINE
  5
4CD
330
473
100
AcDbEntity
  8
OBJ1
 62
9
370
18
420
12763830
100
AcDbLine
 10
26.33788031077711
 20
-64.56037124586874
 30
0.0
 11
30.60205770644825
 21
-72.41875757375963
 31
0.0
  0
LINE
  5
4CE
330
473
100
AcDbEntity
  8
OBJ1
 62
250
370
15
420
986895
100
AcDbLine
 10
22.5
 20
-15.00009345801663
 30
0.0
 11
22.5
 21
-11.5
 31
0.0
  0
LINE
  5
4CF
330
473
100
AcDbEntity
  8
OBJ1
 62
250
370
15
420
986895
100
AcDbLine
 10
-34.5
 20
-68.5
 30
0.0
 11
-31.0
 21
-68.5
 31
0.0
  0
LINE
  5
4D0
330
473
100
AcDbEntity
  8
OBJ1
 62
250
370
15
420
986895
100
AcDbLine
 10
-1.322660405712666
 20
-17.39270908563048
 30
0.0
 11
-0.1030153605970554
 21
-20.00924112153007
 31
0.0
  0
LINE
  5
4D1
330
473
100
AcDbEntity
  8
OBJ1
 62
250
370
15
420
986895
100
AcDbLine
 10
14.49057736742543
 20
-12.67853463932988
 30
0.0
 11
14.90148589073214
 21
-15.54235104037798
 31
0.0
  0
LINE
  5
4D2
330
473
100
AcDbEntity
  8
OBJ1
 62
250
370
15
420
986895
100
AcDbLine
 10
-20.11446658946807
 20
-35.20387457558536
 30
0.0
 11
-18.29497606412042
 21
-36.62550412039855
 31
0.0
  0
LINE
  5
4D3
330
473
100
AcDbEntity
  8
OBJ1
 62
250
370
15
420
986895
100
AcDbLine
 10
-20.11446658946807
 20
-35.20387457558536
 30
0.0
 11
-22.41556202108041
 21
-33.40595081314678
 31
0.0
  0
LINE
  5
4D4
330
473
100
AcDbEntity
  8
OBJ1
 62
250
370
15
420
986895
100
AcDbLine
 10
-15.81017920729937
 20
-27.29293863553903
 30
0.0
 11
-13.92785961378831
 21
-29.31759267277085
 31
0.0
  0
LINE
  5
4D5
330
473
100
AcDbEntity
  8
OBJ1
 62
250
370
15
420
986895
100
AcDbLine
 10
-25.03465197241167
 20
-37.38710089749658
 30
0.0
 11
-22.26382945029763
 21
-39.20068988963612
 31
0.0
  0
LINE
  5
4D6
330
473
100
AcDbEntity
  8
OBJ1
 62
250
370
15
420
986895
100
AcDbLine
 10
-19.37285542848985
 20
-30.09054185028072
 30
0.0
 11
-16.92554680316243
 21
-32.33542811992811
 31
0.0
  0
LINE
  5
4D7
330
473
100
AcDbEntity
  8
OBJ1
 62
250
370
15
420
986895
100
AcDbLine
 10
-12.77660994121106
 20
-23.96891145204427
 30
0.0
 11
-10.7208231225959
 21
-26.56401412800188
 31
0.0
  0
LINE
  5
4D8
330
473
100
AcDbEntity
  8
OBJ1
 62
250
370
15
420
986895
100
AcDbLine
 10
-32.88356233417289
 20
-59.13852953471359
 30
0.0
 11
-30.2517208228237
 21
-59.58338908400037
 31
0.0
  0
LINE
  5
4D9
330
473
100
AcDbEntity
  8
OBJ1
 62
250
370
15
420
986895
100
AcDbLine
 10
-32.44295982236508
 20
-54.16137327384785
 30
0.0
 11
-29.26621655927738
 21
-54.99041735887296
 31
0.0
  0
LINE
  5
4DA
330
473
100
AcDbEntity
  8
OBJ1
 62
250
370
18
420
986895
100
AcDbLine
 10
-34.39024598407559
 20
-66.00241035077488
 30
0.0
 11
-29.22096012643306
 21
-66.22935179967318
 31
0.0
  0
LINE
  5
4DB
330
473
100
AcDbEntity
  8
OBJ1
 62
250
370
18
420
986895
100
AcDbLine
 10
-34.28028198127869
 20
-63.50004218769027
 30
0.0
 11
-30.79377343854867
 21
-63.80705714106444
 31
0.0
  0
LINE
  5
4DC
330
473
100
AcDbEntity
  8
OBJ1
 62
250
370
18
420
986895
100
AcDbLine
 10
-33.96204964112258
 20
-61.02037927153286
 30
0.0
 11
-30.53666069998872
 21
-61.47414618739276
 31
0.0
  0
LINE
  5
4DD
330
473
100
AcDbEntity
  8
OBJ1
 62
250
370
18
420
986895
100
AcDbLine
 10
-33.70276797947008
 20
-59.00005939792027
 30
0.0
 11
-30.2517208228237
 21
-59.58338908400037
 31
0.0
  0
LINE
  5
4DE
330
473
100
AcDbEntity
  8
OBJ1
 62
250
370
18
420
986895
100
AcDbLine
 10
-33.17828581173671
 20
-56.55569476558594
 30
0.0
 11
-29.80987855239073
 21
-57.27829755182028
 31
0.0
  0
LINE
  5
4DF
330
473
100
AcDbEntity
  8
OBJ1
 62
250
370
18
420
986895
100
AcDbLine
 10
-32.44295982236508
 20
-54.16137327384785
 30
0.0
 11
-29.26621655927738
 21
-54.99041735887296
 31
0.0
  0
LINE
  5
4E0
330
473
100
AcDbEntity
  8
OBJ1
 62
250
370
18
420
986895
100
AcDbLine
 10
-31.91728079452878
 20
-51.71725647998393
 30
0.0
 11
-28.62387660553213
 21
-52.73296981598832
 31
0.0
  0
LINE
  5
4E1
330
473
100
AcDbEntity
  8
OBJ1
 62
250
370
18
420
986895
100
AcDbLine
 10
-31.19953171274393
 20
-49.38559983074082
 30
0.0
 11
-27.90219204616733
 21
-50.55929106919212
 31
0.0
  0
LINE
  5
4E2
330
473
100
AcDbEntity
  8
OBJ1
 62
250
370
18
420
986895
100
AcDbLine
 10
-34.5
 20
-68.5
 30
0.0
 11
-31.0
 21
-68.5
 31
0.0
  0
LINE
  5
4E3
330
473
100
AcDbEntity
  8
OBJ1
 62
250
370
18
420
986895
100
AcDbLine
 10
-20.11446658946807
 20
-35.20387457558536
 30
0.0
 11
-20.11446658946807
 21
-35.20387457558536
 31
0.0
  0
LINE
  5
4E4
330
473
100
AcDbEntity
  8
OBJ1
 62
250
370
18
420
986895
100
AcDbLine
 10
-20.11446658946807
 20
-35.20387457558536
 30
0.0
 11
-20.11446658946807
 21
-35.20387457558536
 31
0.0
  0
LINE
  5
4E5
330
473
100
AcDbEntity
  8
OBJ1
 62
250
370
18
420
986895
100
AcDbLine
 10
-24.43720982014202
 20
-42.82611571461893
 30
0.0
 11
-27.50786840653745
 21
-41.14651580809732
 31
0.0
  0
LINE
  5
4E6
330
473
100
AcDbEntity
  8
OBJ1
 62
250
370
18
420
986895
100
AcDbLine
 10
-26.30839131888933
 20
-46.59130453769464
 30
0.0
 11
-29.50146364816465
 21
-45.15802539529977
 31
0.0
  0
LINE
  5
4E7
330
473
100
AcDbEntity
  8
OBJ1
 62
250
370
18
420
986895
100
AcDbLine
 10
-7.379568951262625
 20
-24.12138623968349
 30
0.0
 11
-9.334307106910273
 21
-21.2181124422932
 31
0.0
  0
LINE
  5
4E8
330
473
100
AcDbEntity
  8
OBJ1
 62
250
370
18
420
986895
100
AcDbLine
 10
-4.055301651009358
 20
-22.05577587877633
 30
0.0
 11
-5.792564375849906
 21
-19.01736869325396
 31
0.0
  0
LINE
  5
4E9
330
473
100
AcDbEntity
  8
OBJ1
 62
250
370
18
420
986895
100
AcDbLine
 10
-0.1030153605970554
 20
-20.00924112155917
 30
0.0
 11
-1.581717300054149
 21
-16.83694848464802
 31
0.0
  0
LINE
  5
4EA
330
473
100
AcDbEntity
  8
OBJ1
 62
250
370
18
420
986895
100
AcDbLine
 10
3.38407619501231
 20
-18.53169547521975
 30
0.0
 11
2.133501740463543
 21
-15.26274097361602
 31
0.0
  0
LINE
  5
4EB
330
473
100
AcDbEntity
  8
OBJ1
 62
250
370
18
420
986895
100
AcDbLine
 10
10.88707936380524
 20
-16.27557971313945
 30
0.0
 11
10.12735558388522
 21
-12.85902885327232
 31
0.0
  0
LINE
  5
4EC
330
473
100
AcDbEntity
  8
OBJ1
 62
250
370
18
420
986895
100
AcDbLine
 10
18.53546725527849
 20
-15.1470949233626
 30
0.0
 11
18.27610529999947
 21
-11.65671795574599
 31
0.0
  0
LINE
  5
4ED
330
473
100
AcDbEntity
  8
OBJ1
 62
250
370
18
420
986895
100
AcDbLine
 10
7.089303666900378
 20
-17.26758410412003
 30
0.0
 11
6.081127271230797
 21
-13.91593072775868
 31
0.0
  0
LINE
  5
4EE
330
473
100
AcDbEntity
  8
OBJ1
 62
250
370
18
420
986895
100
AcDbLine
 10
14.90148589073214
 20
-15.54235104037798
 30
0.0
 11
14.40438683686079
 21
-12.0778319495439
 31
0.0
  0
LINE
  5
4EF
330
473
100
AcDbEntity
  8
OBJ1
 62
250
370
18
420
986895
100
AcDbLine
 10
-13.92785961378831
 20
-29.31759267277085
 30
0.0
 11
-16.31099061656277
 21
-26.75425761396764
 31
0.0
  0
LINE
  5
4F0
330
473
100
AcDbEntity
  8
OBJ1
 62
250
370
18
420
986895
100
AcDbLine
 10
22.5
 20
-15.0
 30
0.0
 11
22.40000000002329
 21
-15.0
 31
0.0
  0
HATCH
  5
4F1
330
473
100
AcDbEntity
  8
OBJ1
 62
250
370
18
420
986895
100
AcDbHatch
 10
0.0
 20
0.0
 30
0.0
210
0.0
220
0.0
230
1.0
  2
SOLID
 70
1
 71
0
 91
1
 92
7
 72
0
 73
1
 93
5
 10
22.60000000003492
 20
-15.00009345804574
 10
22.40000000002329
 20
-15.00009345801663
 10
22.40000000002329
 20
-18.5
 10
22.5
 20
-18.5
 10
22.60000000003492
 20
-18.5
 97
0
 75
0
 76
1
 47
0.0134809308849911
 98
1
 10
22.56553962000181
 20
-16.75236058002338
450
0
451
0
460
0.0
461
0.0
452
0
462
0.0
453
0
470

  0
LINE
  5
4F2
330
473
100
AcDbEntity
  8
OBJ1
 62
250
370
18
420
986895
100
AcDbLine
 10
22.40000000002329
 20
-15.0
 30
0.0
 11
22.40000000002329
 21
-18.5
 31
0.0
  0
LINE
  5
4F3
330
473
100
AcDbEntity
  8
OBJ1
 62
250
370
18
420
986895
100
AcDbLine
 10
22.40000000002329
 20
-18.5
 30
0.0
 11
22.5
 21
-18.5
 31
0.0
  0
LINE
  5
4F4
330
473
100
AcDbEntity
  8
OBJ1
 62
250
370
18
420
986895
100
AcDbLine
 10
22.5
 20
-18.5
 30
0.0
 11
22.60000000003492
 21
-18.5
 31
0.0
  0
LINE
  5
4F5
330
473
100
AcDbEntity
  8
OBJ1
 62
250
370
18
420
986895
100
AcDbLine
 10
22.60000000003492
 20
-18.5
 30
0.0
 11
22.60000000003492
 21
-15.00009345801663
 31
0.0
  0
LINE
  5
4F6
330
473
100
AcDbEntity
  8
OBJ1
 62
250
370
18
420
986895
100
AcDbLine
 10
22.60000000003492
 20
-15.00009345801663
 30
0.0
 11
22.40000000002329
 21
-15.00009345801663
 31
0.0
  0
HATCH
  5
4F7
330
473
100
AcDbEntity
  8
OBJ1
 62
250
370
18
420
986895
100
AcDbHatch
 10
0.0
 20
0.0
 30
0.0
210
0.0
220
0.0
230
1.0
  2
SOLID
 70
1
 71
0
 91
1
 92
7
 72
0
 73
1
 93
6
 10
-7.289146153838371
 20
-24.07868123156368
 10
-7.379568951204419
 20
-24.12138623965438
 10
-7.452733967220408
 20
-24.18955427056062
 10
-5.497995811514556
 20
-27.09282806798001
 10
-5.424830795556771
 20
-27.02466003710288
 10
-5.334457315271717
 20
-26.98185076171649
 97
0
 75
0
 76
1
 47
0.017037857572275
 98
1
 10
-6.341336019977458
 20
-25.666883960017
450
0
451
0
460
0.0
461
0.0
452
0
462
0.0
453
0
470

  0
LINE
  5
4F8
330
473
100
AcDbEntity
  8
OBJ1
 62
250
370
18
420
986895
100
AcDbLine
 10
-7.379568951262625
 20
-24.12138623968349
 30
0.0
 11
-7.289146153896578
 21
-24.07868123156368
 31
0.0
  0
LINE
  5
4F9
330
473
100
AcDbEntity
  8
OBJ1
 62
250
370
18
420
986895
100
AcDbLine
 10
-7.379568951262625
 20
-24.12138623968349
 30
0.0
 11
-7.452733967220408
 21
-24.18955427058973
 31
0.0
  0
LINE
  5
4FA
330
473
100
AcDbEntity
  8
OBJ1
 62
250
370
18
420
986895
100
AcDbLine
 10
-5.424830795556771
 20
-27.02466003710288
 30
0.0
 11
-5.497995811514556
 21
-27.09282806798001
 31
0.0
  0
LINE
  5
4FB
330
473
100
AcDbEntity
  8
OBJ1
 62
250
370
18
420
986895
100
AcDbLine
 10
-5.497995811514556
 20
-27.09282806798001
 30
0.0
 11
-7.452733967220408
 21
-24.18955427058973
 31
0.0
  0
LINE
  5
4FC
330
473
100
AcDbEntity
  8
OBJ1
 62
250
370
18
420
986895
100
AcDbLine
 10
-5.424830795556771
 20
-27.02466003710288
 30
0.0
 11
-5.334457315271717
 21
-26.98185076171649
 31
0.0
  0
LINE
  5
4FD
330
473
100
AcDbEntity
  8
OBJ1
 62
250
370
18
420
986895
100
AcDbLine
 10
-5.334457315271717
 20
-26.98185076171649
 30
0.0
 11
-7.289146153896578
 21
-24.07868123156368
 31
0.0
  0
LINE
  5
4FE
330
473
100
AcDbEntity
  8
OBJ1
 62
250
370
18
420
986895
100
AcDbLine
 10
7.089303666900378
 20
-17.26758410412003
 30
0.0
 11
8.09748006251175
 21
-20.61923748048139
 31
0.0
  0
LINE
  5
4FF
330
473
100
AcDbEntity
  8
OBJ1
 62
250
370
18
420
986895
100
AcDbLine
 10
7.587406461650971
 20
-18.92351249218336
 30
0.0
 11
6.081127271230797
 21
-13.91593072775868
 31
0.0
  0
HATCH
  5
500
330
473
100
AcDbEntity
  8
OBJ1
 62
250
370
18
420
986895
100
AcDbHatch
 10
0.0
 20
0.0
 30
0.0
210
0.0
220
0.0
230
1.0
  2
SOLID
 70
1
 71
0
 91
1
 92
7
 72
0
 73
1
 93
6
 10
-27.85402053926373
 20
-50.47165827895515
 10
-27.90219204616733
 20
-50.55929106925031
 10
-27.91920717951143
 20
-50.6578328635951
 10
-24.62186751293484
 20
-51.83152410207549
 10
-24.60485237964895
 20
-51.7329823076434
 10
-24.55668087268714
 20
-51.64534951746464
 97
0
 75
0
 76
1
 47
0.0170253457698541
 98
1
 10
-25.53318734001368
 20
-51.37542061001295
450
0
451
0
460
0.0
461
0.0
452
0
462
0.0
453
0
470

  0
LINE
  5
501
330
473
100
AcDbEntity
  8
OBJ1
 62
250
370
18
420
986895
100
AcDbLine
 10
-27.90219204616733
 20
-50.55929106922121
 30
0.0
 11
-27.85402053926373
 21
-50.47165827898425
 31
0.0
  0
LINE
  5
502
330
473
100
AcDbEntity
  8
OBJ1
 62
250
370
18
420
986895
100
AcDbLine
 10
-27.90219204616733
 20
-50.55929106922121
 30
0.0
 11
-27.91920717951143
 21
-50.6578328635951
 31
0.0
  0
LINE
  5
503
330
473
100
AcDbEntity
  8
OBJ1
 62
250
370
18
420
986895
100
AcDbLine
 10
-24.60485237959074
 20
-51.7329823076725
 30
0.0
 11
-24.62186751293484
 21
-51.83152410204638
 31
0.0
  0
LINE
  5
504
330
473
100
AcDbEntity
  8
OBJ1
 62
250
370
18
420
986895
100
AcDbLine
 10
-24.60485237959074
 20
-51.7329823076725
 30
0.0
 11
-24.55668087268714
 21
-51.64534951746464
 31
0.0
  0
LINE
  5
505
330
473
100
AcDbEntity
  8
OBJ1
 62
250
370
18
420
986895
100
AcDbLine
 10
-24.55668087268714
 20
-51.64534951746464
 30
0.0
 11
-27.85402053926373
 21
-50.47165827898425
 31
0.0
  0
LINE
  5
506
330
473
100
AcDbEntity
  8
OBJ1
 62
250
370
18
420
986895
100
AcDbLine
 10
-27.91920717951143
 20
-50.6578328635951
 30
0.0
 11
-24.62186751293484
 21
-51.83152410204638
 31
0.0
  0
HATCH
  5
507
330
473
100
AcDbEntity
  8
OBJ1
 62
250
370
15
420
986895
100
AcDbHatch
 10
0.0
 20
0.0
 30
0.0
210
0.0
220
0.0
230
1.0
  2
SOLID
 70
1
 71
0
 91
1
 92
5
 93
4
 72
3
 10
14.01762629533186
 20
-39.94114165002248
 11
-3.241788484679998
 21
8e-16
 40
0.8637207557603191
 50
282.4888764607996
 51
437.5111235392002
 73
1
 72
1
 10
13.40849784994498
 20
-42.69126910658086
 11
13.40849784997408
 21
-42.24513732292688
 72
3
 10
14.01762629533186
 20
-39.94114165002248
 11
-2.741788484679998
 21
7e-16
 40
0.8618645395826035
 50
-75.19101535456309
 51
75.19101535456309
 73
0
 72
1
 10
13.40849785000318
 20
-37.63714597708895
 11
13.40849785000318
 21
-37.19101419343497
 97
0
 75
0
 76
1
 47
0.016930103656502
 98
1
 10
11.73565417993813
 20
-38.25238654244458
450
0
451
0
460
0.0
461
0.0
452
0
462
0.0
453
0
470

  0
ELLIPSE
  5
508
330
473
100
AcDbEntity
  8
OBJ1
 62
250
370
15
420
986895
100
AcDbEllipse
 10
14.01762629533186
 20
-39.94114165002248
 30
0.0
 11
-3.241788484679998
 21
8e-16
 31
0.0
 40
0.8637207557603191
 41
4.901411470570119
 42
7.664959143789053
  0
ELLIPSE
  5
509
330
473
100
AcDbEntity
  8
OBJ1
 62
250
370
15
420
986895
100
AcDbEllipse
 10
14.01762629533186
 20
-39.94114165002248
 30
0.0
 11
-2.741788484679998
 21
7e-16
 31
0.0
 40
0.8618645395826035
 41
4.936423011782686
 42
7.629947602576486
  0
LINE
  5
50A
330
473
100
AcDbEntity
  8
OBJ1
 62
250
370
15
420
986895
100
AcDbLine
 10
13.40849785000318
 20
-37.19101419343497
 30
0.0
 11
13.40849785000318
 21
-37.63714597708895
 31
0.0
  0
LINE
  5
50B
330
473
100
AcDbEntity
  8
OBJ1
 62
250
370
15
420
986895
100
AcDbLine
 10
13.40849785000318
 20
-42.24513732292688
 30
0.0
 11
13.40849785000318
 21
-42.69126910658086
 31
0.0
  0
HATCH
  5
50C
330
473
100
AcDbEntity
  8
OBJ1
 62
250
370
15
420
986895
100
AcDbHatch
 10
0.0
 20
0.0
 30
0.0
210
0.0
220
0.0
230
1.0
  2
SOLID
 70
1
 71
0
 91
1
 92
5
 93
8
 72
3
 10
18.02906816534232
 20
-39.94114165002248
 11
-3.241788484679998
 21
8e-16
 40
0.8637207557603191
 50
282.4888764607996
 51
437.5111235392002
 73
1
 72
1
 10
17.41993972001364
 20
-42.69126910658086
 11
17.41993972004275
 21
-42.24513732292688
 72
3
 10
18.02906816534232
 20
-39.94114165002248
 11
-2.741788484679998
 21
7e-16
 40
0.8618645395826035
 50
-75.19101535456309
 51
-5.239140731991824
 73
0
 72
1
 10
15.30266683857189
 20
-40.19114165002245
 11
17.41993971998454
 21
-40.19114165002245
 72
1
 10
17.41993972001364
 20
-40.19114165002245
 11
17.41993972004275
 21
-39.69114165000792
 72
1
 10
17.41993972001364
 20
-39.69114164999337
 11
15.30266683854279
 21
-39.69114164999337
 72
3
 10
18.02906816534232
 20
-39.94114165002248
 11
-2.741788484679998
 21
7e-16
 40
0.8618645395826035
 50
5.239140731991824
 51
75.19101535456309
 73
0
 72
1
 10
17.41993972001364
 20
-37.63714597708895
 11
17.41993972004275
 21
-37.19101419342042
 97
0
 75
0
 76
1
 47
0.016930103656502
 98
1
 10
15.72235587995965
 20
-38.26926022244153
450
0
451
0
460
0.0
461
0.0
452
0
462
0.0
453
0
470

  0
ELLIPSE
  5
50D
330
473
100
AcDbEntity
  8
OBJ1
 62
250
370
15
420
986895
100
AcDbEllipse
 10
18.02906816534232
 20
-39.94114165002248
 30
0.0
 11
-3.241788484679998
 21
8e-16
 31
0.0
 40
0.8637207557603191
 41
4.901411470570119
 42
7.664959143789053
  0
ELLIPSE
  5
50E
330
473
100
AcDbEntity
  8
OBJ1
 62
250
370
15
420
986895
100
AcDbEllipse
 10
18.02906816534232
 20
-39.94114165002248
 30
0.0
 11
-2.741788484679998
 21
7e-16
 31
0.0
 40
0.8618645395826035
 41
4.936423011782686
 42
6.177191486585963
  0
ELLIPSE
  5
50F
330
473
100
AcDbEntity
  8
OBJ1
 62
250
370
15
420
986895
100
AcDbEllipse
 10
18.02906816534232
 20
-39.94114165002248
 30
0.0
 11
-2.741788484679998
 21
7e-16
 31
0.0
 40
0.8618645395826035
 41
6.38917912777321
 42
7.629947602576486
  0
LINE
  5
510
330
473
100
AcDbEntity
  8
OBJ1
 62
250
370
15
420
986895
100
AcDbLine
 10
17.41993972001364
 20
-37.19101419343497
 30
0.0
 11
17.41993972001364
 21
-37.63714597708895
 31
0.0
  0
LINE
  5
511
330
473
100
AcDbEntity
  8
OBJ1
 62
250
370
15
420
986895
100
AcDbLine
 10
17.41993972001364
 20
-42.24513732292688
 30
0.0
 11
17.41993972001364
 21
-42.69126910658086
 31
0.0
  0
LINE
  5
512
330
473
100
AcDbEntity
  8
OBJ1
 62
250
370
15
420
986895
100
AcDbLine
 10
17.41993972001364
 20
-39.69114165002248
 30
0.0
 11
15.30266683857189
 21
-39.69114165002248
 31
0.0
  0
LINE
  5
513
330
473
100
AcDbEntity
  8
OBJ1
 62
250
370
15
420
986895
100
AcDbLine
 10
17.41993972001364
 20
-40.19114165002245
 30
0.0
 11
15.30266683857189
 21
-40.19114165002245
 31
0.0
  0
LINE
  5
514
330
473
100
AcDbEntity
  8
OBJ1
 62
250
370
15
420
986895
100
AcDbLine
 10
17.41993972001364
 20
-39.69114165002248
 30
0.0
 11
17.41993972001364
 21
-40.19114165002245
 31
0.0
  0
HATCH
  5
515
330
473
100
AcDbEntity
  8
OBJ1
 62
18
370
30
420
197379
100
AcDbHatch
 10
0.0
 20
0.0
 30
0.0
210
0.0
220
0.0
230
1.0
  2
SOLID
 70
1
 71
0
 91
1
 92
7
 72
1
 73
1
 93
11
 10
24.3728824473219
 20
-67.85389359586406
 42
0.0
 10
23.86980308999773
 20
-67.06864342611516
 42
0.3835460179617169
 10
21.22134518565145
 20
-66.98666460663662
 42
0.0
 10
21.1976198044722
 20
-67.00988502291148
 42
0.0
 10
21.57153271109564
 20
-67.34269162258715
 42
-0.6293609240649536
 10
23.98371634318028
 20
-68.5
 42
-1.0
 10
21.01628365681972
 20
-68.5
 42
-0.1470823766087105
 10
21.26230462756939
 20
-67.68175532264286
 42
0.0
 10
20.88893570535583
 20
-67.34691111114807
 42
0.3762245322461113
 10
21.14573564956663
 20
-69.94606715484406
 42
0.0
 10
21.76146960729966
 20
-70.33840012134169
 42
0.6427278185730673
 97
0
 75
0
 76
1
 47
0.0207888959371373
 98
1
 10
24.1758073400124
 20
-68.3687075600319
450
0
451
0
460
0.0
461
0.0
452
0
462
0.0
453
0
470

  0
HATCH
  5
516
330
473
100
AcDbEntity
  8
OBJ1
 62
250
370
15
420
1842204
100
AcDbHatch
 10
0.0
 20
0.0
 30
0.0
210
0.0
220
0.0
230
1.0
  2
SOLID
 70
1
 71
0
 91
1
 92
7
 72
1
 73
1
 93
4
 10
20.88893570535583
 20
-67.34691111114807
 42
0.0
 10
20.87248144712066
 20
-67.33215462550288
 42
0.0
 10
20.51880285004154
 20
-67.68839377560651
 42
0.0
 10
20.51880285004154
 20
-68.5
 42
-0.1565621979539747
 97
0
 75
0
 76
1
 47
0.0042684354460037
 98
1
 10
20.62010299001122
 20
-67.70254808000755
450
0
451
0
460
0.0
461
0.0
452
0
462
0.0
453
0
470

  0
ARC
  5
517
330
473
100
AcDbEntity
  8
OBJ1
 62
27
370
18
100
AcDbCircle
 10
22.5
 20
-68.5
 30
0.0
 40
1.981197149987563
100
AcDbArc
 50
144.4075214326413
 51
131.161706654259
  0
LINE
  5
518
330
473
100
AcDbEntity
  8
OBJ1
 62
27
370
18
100
AcDbLine
 10
26.33391177840531
 20
-73.25186587811912
 30
0.0
 11
21.76146960741608
 21
-70.33840012139989
 31
0.0
  0
LINE
  5
519
330
473
100
AcDbEntity
  8
OBJ1
 62
27
370
18
100
AcDbLine
 10
24.37288244743831
 20
-67.85389359606779
 30
0.0
 11
27.24561513011577
 21
-72.3379054996185
 31
0.0
  0
HATCH
  5
51A
330
473
100
AcDbEntity
  8
OBJ1
 62
21
370
25
420
14659487
100
AcDbHatch
 10
0.0
 20
0.0
 30
0.0
210
0.0
220
0.0
230
1.0
  2
SOLID
 70
1
 71
0
 91
1
 92
7
 72
1
 73
1
 93
2
 10
23.98371634318028
 20
-68.5
 42
1.0
 10
21.01628365681972
 20
-68.5
 42
1.0
 97
0
 75
0
 76
1
 47
0.0507982752959763
 98
1
 10
22.00381050998112
 20
-68.68044448000728
450
0
451
0
460
0.0
461
0.0
452
0
462
0.0
453
0
470

  0
HATCH
  5
51B
330
473
100
AcDbEntity
  8
OBJ1
 62
18
370
30
420
197379
100
AcDbHatch
 10
0.0
 20
0.0
 30
0.0
210
0.0
220
0.0
230
1.0
  2
SOLID
 70
1
 71
0
 91
1
 92
7
 72
1
 73
1
 93
5
 10
21.26230462756939
 20
-67.68175532264286
 42
-0.077790078085574
 10
21.57153271109564
 20
-67.34269162258715
 42
0.0
 10
17.39944601000752
 20
-63.6292654100107
 42
0.0
 10
17.23986387980403
 20
-63.78281025000615
 42
0.0
 10
17.08868079999229
 20
-63.93877164999139
 42
0.0
 97
0
 75
0
 76
1
 47
0.0295600269119649
 98
1
 10
20.262853430002
 20
-66.535463970009
450
0
451
0
460
0.0
461
0.0
452
0
462
0.0
453
0
470

  0
CIRCLE
  5
51C
330
473
100
AcDbEntity
  8
OBJ1
 62
27
370
18
100
AcDbCircle
 10
22.5
 20
-68.5
 30
0.0
 40
1.483716343185935
  0
LINE
  5
51D
330
473
100
AcDbEntity
  8
OBJ1
 62
27
370
18
100
AcDbLine
 10
22.87440803757636
 20
-71.04754151334055
 30
0.0
 11
20.66026822099229
 21
-73.51189117287869
 31
0.0
  0
LINE
  5
51E
330
473
100
AcDbEntity
  8
OBJ1
 62
27
370
18
100
AcDbLine
 10
24.97557758889161
 20
-68.79463277614559
 30
0.0
 11
27.32459153025411
 21
-66.37876603525365
 31
0.0
  0
LINE
  5
51F
330
473
100
AcDbEntity
  8
OBJ1
 62
27
370
18
100
AcDbLine
 10
21.1976198044722
 20
-67.00988502291148
 30
0.0
 11
27.39304720627842
 21
-60.94631950388428
 31
0.0
  0
LINE
  5
520
330
473
100
AcDbEntity
  8
OBJ1
 62
27
370
18
100
AcDbLine
 10
20.87248144712066
 20
-67.33215462550288
 30
0.0
 11
14.91049905348336
 21
-73.33730042303795
 31
0.0
  0
LINE
  5
521
330
473
100
AcDbEntity
  8
OBJ1
 62
27
370
18
100
AcDbLine
 10
17.23986387997866
 20
-63.78281025000615
 30
0.0
 11
17.39944601000752
 21
-63.6292654100107
 31
0.0
  0
LINE
  5
522
330
473
100
AcDbEntity
  8
OBJ1
 62
27
370
18
100
AcDbLine
 10
17.39944601000752
 20
-63.6292654100107
 30
0.0
 11
21.57153271109564
 21
-67.34269162258715
 31
0.0
  0
LINE
  5
523
330
473
100
AcDbEntity
  8
OBJ1
 62
27
370
18
100
AcDbLine
 10
17.23986387997866
 20
-63.78281025000615
 30
0.0
 11
17.08868079999229
 21
-63.9387716500205
 31
0.0
  0
LINE
  5
524
330
473
100
AcDbEntity
  8
OBJ1
 62
27
370
18
100
AcDbLine
 10
17.08868079999229
 20
-63.9387716500205
 30
0.0
 11
21.26230462756939
 21
-67.68175532264286
 31
0.0
  0
HATCH
  5
525
330
473
100
AcDbEntity
  8
OBJ1
 62
250
370
25
420
3092263
100
AcDbHatch
 10
0.0
 20
0.0
 30
0.0
210
0.0
220
0.0
230
1.0
  2
SOLID
 70
1
 71
0
 91
1
 92
7
 72
1
 73
1
 93
4
 10
30.42813615914202
 20
-76.17920849556687
 42
0.0488725903356158
 10
30.65367290261202
 20
-75.8505973070569
 42
0.0
 10
27.299797405547
 20
-73.54869988546123
 42
0.0489437405019212
 10
27.07397772843251
 20
-73.87781727642869
 42
0.0
 97
0
 75
0
 76
1
 47
0.0176495059705093
 98
1
 10
29.20113271998707
 20
-75.10757865002961
450
0
451
0
460
0.0
461
0.0
452
0
462
0.0
453
0
470

  0
ARC
  5
526
330
473
100
AcDbEntity
  8
OBJ1
 62
9
370
18
420
12763830
100
AcDbCircle
 10
28.86396103067091
 20
-74.86396103070001
 30
0.0
 40
2.043653524065109
100
AcDbArc
 50
319.9409669240527
 51
331.1328345298812
  0
ARC
  5
527
330
473
100
AcDbEntity
  8
OBJ1
 62
9
370
18
420
12763830
100
AcDbCircle
 10
28.86396103067091
 20
-74.86396103070001
 30
0.0
 40
2.043653524065109
100
AcDbArc
 50
139.9404658112726
 51
151.1486009210658
  0
LINE
  5
528
330
473
100
AcDbEntity
  8
OBJ1
 62
9
370
18
420
12763830
100
AcDbLine
 10
27.299797405547
 20
-73.54869988546123
 30
0.0
 11
30.65367290261202
 21
-75.8505973070569
 31
0.0
  0
LINE
  5
529
330
473
100
AcDbEntity
  8
OBJ1
 62
9
370
18
420
12763830
100
AcDbLine
 10
27.07397772843251
 20
-73.87781727642869
 30
0.0
 11
30.42813615914202
 21
-76.17920849556687
 31
0.0
  0
LINE
  5
52A
330
473
100
AcDbEntity
  8
OBJ1
 62
27
370
18
100
AcDbLine
 10
20.51880285004154
 20
-68.5
 30
0.0
 11
-23.23251691000769
 21
-68.5
 31
0.0
  0
LINE
  5
52B
330
473
100
AcDbEntity
  8
OBJ1
 62
27
370
18
100
AcDbLine
 10
20.51880285004154
 20
-68.5
 30
0.0
 11
20.51880285004154
 21
-69.5
 31
0.0
  0
LINE
  5
52C
330
473
100
AcDbEntity
  8
OBJ1
 62
27
370
18
100
AcDbLine
 10
20.51880285004154
 20
-69.5
 30
0.0
 11
-21.7536104900064
 21
-69.5
 31
0.0
  0
LINE
  5
52D
330
473
100
AcDbEntity
  8
OBJ1
 62
27
370
18
100
AcDbLine
 10
-21.7536104900064
 20
-69.5
 30
0.0
 11
-23.23251691000769
 21
-68.5
 31
0.0
  0
LINE
  5
52E
330
473
100
AcDbEntity
  8
OBJ1
 62
27
370
18
100
AcDbLine
 10
20.51880285004154
 20
-68.5
 30
0.0
 11
20.51880285004154
 21
-67.5
 31
0.0
  0
LINE
  5
52F
330
473
100
AcDbEntity
  8
OBJ1
 62
27
370
18
100
AcDbLine
 10
20.51880285004154
 20
-67.5
 30
0.0
 11
-21.7536104900064
 21
-67.5
 31
0.0
  0
LINE
  5
530
330
473
100
AcDbEntity
  8
OBJ1
 62
27
370
18
100
AcDbLine
 10
-21.7536104900064
 20
-67.5
 30
0.0
 11
-23.23251691000769
 21
-68.5
 31
0.0
  0
LINE
  5
531
330
473
100
AcDbEntity
  8
OBJ1
 62
27
370
18
100
AcDbLine
 10
-23.23251691000769
 20
-68.5
 30
0.0
 11
-26.73431431793142
 21
-68.5
 31
0.0
  0
LINE
  5
532
330
473
100
AcDbEntity
  8
OBJ1
 62
27
370
18
100
AcDbLine
 10
-27.48410204896936
 20
-68.5
 30
0.0
 11
-27.5
 21
-68.5
 31
0.0
  0
CIRCLE
  5
533
330
473
100
AcDbEntity
  8
OBJ1
 62
27
370
25
100
AcDbCircle
 10
10.60342384228715
 20
-77.67555788444588
 30
0.0
 40
1.0
  0
CIRCLE
  5
534
330
473
100
AcDbEntity
  8
OBJ1
 62
27
370
25
100
AcDbCircle
 10
31.63780897198012
 20
-56.79190215544076
 30
0.0
 40
1.0
  0
CIRCLE
  5
535
330
473
100
AcDbEntity
  8
OBJ1
  6
ByBlock
 62
41
370
15
420
15654007
100
AcDbCircle
 10
31.63780897198012
 20
-56.79190215544076
 30
0.0
 40
0.84
  0
LINE
  5
536
330
473
100
AcDbEntity
  8
0
 62
41
370
15
420
15654007
100
AcDbLine
 10
32.08304655284155
 20
-56.48589479070506
 30
0.0
 11
31.77703918813496
 21
-56.79190215544076
 31
0.0
  0
LINE
  5
537
330
473
100
AcDbEntity
  8
0
 62
41
370
15
420
15654007
100
AcDbLine
 10
31.63780897198012
 20
-56.65267193931504
 30
0.0
 11
31.94381633674493
 21
-56.34666457455022
 31
0.0
  0
LINE
  5
538
330
473
100
AcDbEntity
  8
0
 62
41
370
15
420
15654007
100
AcDbLine
 10
31.1925713911187
 20
-57.09790952017645
 30
0.0
 11
31.4985787558835
 21
-56.79190215544076
 31
0.0
  0
LINE
  5
539
330
473
100
AcDbEntity
  8
0
 62
41
370
15
420
15654007
100
AcDbLine
 10
31.63780897198012
 20
-56.9311323715665
 30
0.0
 11
31.33180160721531
 21
-57.2371397363313
 31
0.0
  0
LINE
  5
53A
330
473
100
AcDbEntity
  8
0
 62
41
370
15
420
15654007
100
AcDbLine
 10
31.3318016071571
 20
-56.34666457452111
 30
0.0
 11
31.63780897198012
 21
-56.65267193931504
 31
0.0
  0
LINE
  5
53B
330
473
100
AcDbEntity
  8
0
 62
41
370
15
420
15654007
100
AcDbLine
 10
31.4985787558835
 20
-56.79190215544076
 30
0.0
 11
31.19257139106049
 21
-56.48589479064686
 31
0.0
  0
LINE
  5
53C
330
473
100
AcDbEntity
  8
0
 62
41
370
15
420
15654007
100
AcDbLine
 10
31.94381633674493
 20
-57.2371397363313
 30
0.0
 11
31.63780897198012
 21
-56.9311323715665
 31
0.0
  0
LINE
  5
53D
330
473
100
AcDbEntity
  8
0
 62
41
370
15
420
15654007
100
AcDbLine
 10
31.77703918813496
 20
-56.79190215544076
 30
0.0
 11
32.08304655289976
 21
-57.09790952020558
 31
0.0
  0
ARC
  5
53E
330
473
100
AcDbEntity
  8
OBJ1
  6
ByBlock
 62
41
370
15
420
15654007
100
AcDbCircle
 10
32.01343144476414
 20
-56.41627968262763
 30
0.0
 40
0.0984506299815822
100
AcDbArc
 50
315.0000000004422
 51
135.0000000004422
  0
ARC
  5
53F
330
473
100
AcDbEntity
  8
OBJ1
  6
ByBlock
 62
41
370
15
420
15654007
100
AcDbCircle
 10
32.01343144488055
 20
-57.16752462828299
 30
0.0
 40
0.0984506299687705
100
AcDbArc
 50
224.9999999877666
 51
45.00000000899079
  0
ARC
  5
540
330
473
100
AcDbEntity
  8
OBJ1
  6
ByBlock
 62
41
370
15
420
15654007
100
AcDbCircle
 10
31.2621864991379
 20
-57.16752462825389
 30
0.0
 40
0.0984506299713328
100
AcDbArc
 50
135.0000000004422
 51
314.9999999957257
  0
ARC
  5
541
330
473
100
AcDbEntity
  8
OBJ1
  6
ByBlock
 62
41
370
15
420
15654007
100
AcDbCircle
 10
31.2621864991379
 20
-56.41627968256944
 30
0.0
 40
0.0984506299738952
100
AcDbArc
 50
45.00000000427431
 51
224.9999999924831
  0
CIRCLE
  5
542
330
473
100
AcDbEntity
  8
OBJ1
  6
ByBlock
 62
41
370
15
420
15654007
100
AcDbCircle
 10
10.60342384228715
 20
-77.67555788444588
 30
0.0
 40
0.84
  0
LINE
  5
543
330
473
100
AcDbEntity
  8
0
 62
41
370
15
420
15654007
100
AcDbLine
 10
11.04866142309038
 20
-77.36955051973928
 30
0.0
 11
10.74265405838378
 21
-77.67555788444588
 31
0.0
  0
LINE
  5
544
330
473
100
AcDbEntity
  8
0
 62
41
370
15
420
15654007
100
AcDbLine
 10
10.60342384228715
 20
-77.53632766834924
 30
0.0
 11
10.90943120699376
 21
-77.23032030358445
 31
0.0
  0
LINE
  5
545
330
473
100
AcDbEntity
  8
0
 62
41
370
15
420
15654007
100
AcDbLine
 10
10.15818626136752
 20
-77.98156524921068
 30
0.0
 11
10.46419362613232
 21
-77.67555788444588
 31
0.0
  0
LINE
  5
546
330
473
100
AcDbEntity
  8
0
 62
41
370
15
420
15654007
100
AcDbLine
 10
10.60342384228715
 20
-77.8147881006007
 30
0.0
 11
10.29741647752234
 21
-78.1207954653655
 31
0.0
  0
LINE
  5
547
330
473
100
AcDbEntity
  8
0
 62
41
370
15
420
15654007
100
AcDbLine
 10
10.29741647746414
 20
-77.23032030352623
 30
0.0
 11
10.60342384228715
 21
-77.53632766834924
 31
0.0
  0
LINE
  5
548
330
473
100
AcDbEntity
  8
0
 62
41
370
15
420
15654007
100
AcDbLine
 10
10.46419362613232
 20
-77.67555788444588
 30
0.0
 11
10.15818626130931
 21
-77.36955051965195
 31
0.0
  0
LINE
  5
549
330
473
100
AcDbEntity
  8
0
 62
41
370
15
420
15654007
100
AcDbLine
 10
10.90943120705196
 20
-78.1207954653655
 30
0.0
 11
10.60342384228715
 21
-77.8147881006007
 31
0.0
  0
LINE
  5
54A
330
473
100
AcDbEntity
  8
0
 62
41
370
15
420
15654007
100
AcDbLine
 10
10.74265405838378
 20
-77.67555788444588
 30
0.0
 11
11.04866142320679
 21
-77.9815652492398
 31
0.0
  0
ARC
  5
54B
330
473
100
AcDbEntity
  8
OBJ1
  6
ByBlock
 62
41
370
15
420
15654007
100
AcDbCircle
 10
10.97904631507117
 20
-77.29993541166186
 30
0.0
 40
0.0984506299815822
100
AcDbArc
 50
315.0000000004422
 51
135.0000000004422
  0
ARC
  5
54C
330
473
100
AcDbEntity
  8
OBJ1
  6
ByBlock
 62
41
370
15
420
15654007
100
AcDbCircle
 10
10.97904631512938
 20
-78.0511803573172
 30
0.0
 40
0.0984506299687705
100
AcDbArc
 50
224.9999999877666
 51
45.00000000899079
  0
ARC
  5
54D
330
473
100
AcDbEntity
  8
OBJ1
  6
ByBlock
 62
41
370
15
420
15654007
100
AcDbCircle
 10
10.22780136944493
 20
-78.05118035728809
 30
0.0
 40
0.0984506299713328
100
AcDbArc
 50
135.0000000004422
 51
314.9999999957257
  0
ARC
  5
54E
330
473
100
AcDbEntity
  8
OBJ1
  6
ByBlock
 62
41
370
15
420
15654007
100
AcDbCircle
 10
10.22780136938672
 20
-77.29993541160366
 30
0.0
 40
0.0984506299738952
100
AcDbArc
 50
45.00000000427431
 51
224.9999999924831
  0
HATCH
  5
54F
330
473
100
AcDbEntity
  8
OBJ1
 62
250
370
15
100
AcDbHatch
 10
0.0
 20
0.0
 30
0.0
210
0.0
220
0.0
230
1.0
  2
SOLID
 70
1
 71
0
 91
1
 92
7
 72
0
 73
1
 93
5
 10
-27.48400201706682
 20
-68.40000000002328
 10
-31.0
 20
-68.40000000002328
 10
-31.0
 20
-68.5
 10
-31.0
 20
-68.60000000000582
 10
-27.48400201706682
 20
-68.60000000000582
 97
0
 75
0
 76
1
 47
0.0040960484896249
 98
1
 10
-29.53028592001647
 20
-68.46484246003092
450
0
451
0
460
0.0
461
0.0
452
0
462
0.0
453
0
470

  0
LINE
  5
550
330
473
100
AcDbEntity
  8
OBJ1
 62
250
370
15
100
AcDbLine
 10
-31.0
 20
-68.5
 30
0.0
 11
-31.0
 21
-68.40000000002328
 31
0.0
  0
LINE
  5
551
330
473
100
AcDbEntity
  8
OBJ1
 62
250
370
15
100
AcDbLine
 10
-31.0
 20
-68.40000000002328
 30
0.0
 11
-27.48400201706682
 21
-68.40000000002328
 31
0.0
  0
LINE
  5
552
330
473
100
AcDbEntity
  8
OBJ1
 62
250
370
15
100
AcDbLine
 10
-27.48400201706682
 20
-68.40000000002328
 30
0.0
 11
-27.48400201706682
 21
-68.60000000000582
 31
0.0
  0
LINE
  5
553
330
473
100
AcDbEntity
  8
OBJ1
 62
250
370
15
100
AcDbLine
 10
-27.48400201706682
 20
-68.60000000000582
 30
0.0
 11
-31.0
 21
-68.60000000000582
 31
0.0
  0
LINE
  5
554
330
473
100
AcDbEntity
  8
OBJ1
 62
250
370
15
100
AcDbLine
 10
-31.0
 20
-68.60000000000582
 30
0.0
 11
-31.0
 21
-68.5
 31
0.0
  0
MTEXT
  5
555
330
473
100
AcDbEntity
  8
OBJ1
 62
0
370
30
100
AcDbMText
 10
-32.41730063996512
 20
-13.93129945002147
 30
0.0
 40
10.0
 41
51.62330835999455
 46
0.0
 71
1
 72
5
  1
{\C250;\c986895;V}
  7
HTXT1
  0
MTEXT
  5
556
330
473
100
AcDbEntity
  8
OBJ1
 62
250
370
20
100
AcDbMText
 10
-26.46316445001867
 20
-66.57954570002039
 30
0.0
 40
4.0
 41
11.71462887999951
 46
0.0
 71
1
 72
5
  1
0
  7
HTXT1
  0
ARC
  5
557
330
473
100
AcDbEntity
  8
OBJ1
 62
250
370
18
100
AcDbCircle
 10
-24.83279665443115
 20
-90.84676602916443
 30
0.0
 40
18.49999999991149
100
AcDbArc
 50
67.76672820203994
 51
112.23327179796
  0
ARC
  5
558
330
473
100
AcDbEntity
  8
OBJ1
 62
250
370
18
100
AcDbCircle
 10
-24.83279665443115
 20
-58.84676602928085
 30
0.0
 40
18.49999999997884
100
AcDbArc
 50
247.7667282020399
 51
292.2332717979601
  0
LINE
  5
559
330
473
100
AcDbEntity
  8
OBJ1
 62
250
370
18
100
AcDbLine
 10
-31.83279665443115
 20
-73.72222223971039
 30
0.0
 11
-31.83279665443115
 21
-75.9713098187931
 31
0.0
  0
LINE
  5
55A
330
473
100
AcDbEntity
  8
OBJ1
 62
250
370
18
100
AcDbLine
 10
-17.83279665448936
 20
-73.72222223971039
 30
0.0
 11
-17.83279665448936
 21
-75.97130981882218
 31
0.0
  0
MTEXT
  5
55B
330
473
100
AcDbEntity
  8
OBJ1
 62
250
370
15
100
AcDbMText
 10
-33.03853678051382
 20
-80.30000000001748
 30
0.0
 40
2.0
 41
49.18823644431539
 46
0.0
 71
1
 72
5
  1
MODEL
  7
ROMANS
  0
MTEXT
  5
55C
330
473
100
AcDbEntity
  8
OBJ1
 62
250
370
18
100
AcDbMText
 10
-29.92083774000639
 20
-73.55243464000523
 30
0.0
 40
2.5
 41
17.01935227999638
 46
0.0
 71
1
 72
5
  1
MIZUNO
  7
HTXT1
  0
MTEXT
  5
55D
330
473
100
AcDbEntity
  8
OBJ1
 62
250
370
15
100
AcDbMText
 10
-19.91243605001364
 20
-80.30000000001748
 30
0.0
 40
2.0
 41
17.65497829999367
 46
0.0
 71
1
 72
5
  1
-96
  7
HTXT1
  0
MTEXT
  5
55E
330
473
100
AcDbEntity
  8
OBJ1
 62
250
370
15
100
AcDbMText
 10
18.44607510667993
 20
-19.54602398234419
 30
0.0
 40
4.0
 41
12.57552960998146
 46
0.0
 71
1
 72
5
  1
500
  7
HTXT1
  0
MTEXT
  5
55F
330
473
100
AcDbEntity
  8
OBJ1
 62
250
370
20
100
AcDbMText
 10
4.377541670022765
 20
-22.36630468998919
 30
0.0
 40
4.0
 41
13.94728845999634
 46
0.0
 71
1
 72
5
  1
400
  7
HTXT1
  0
MTEXT
  5
560
330
473
100
AcDbEntity
  8
OBJ1
 62
250
370
20
100
AcDbMText
 10
-15.68772238996461
 20
-37.16773320999346
 30
0.0
 40
4.0
 41
25.26821095999912
 46
0.0
 71
1
 72
5
  1
200
  7
HTXT1
  0
MTEXT
  5
561
330
473
100
AcDbEntity
  8
OBJ1
 62
250
370
15
100
AcDbMText
 10
-5.064967731159413
 20
-28.04429185000481
 30
0.0
 40
4.0
 41
18.48995057781576
 46
0.0
 71
1
 72
5
  1
300
  7
HTXT1
  0
MTEXT
  5
562
330
473
100
AcDbEntity
  8
OBJ1
 62
250
370
15
100
AcDbMText
 10
-23.03757789073279
 20
-50.53278631001012
 30
0.0
 40
4.0
 41
17.77690824741148
 46
0.0
 71
1
 72
5
  1
100
  7
HTXT1
  0
HATCH
  5
563
330
473
100
AcDbEntity
  8
OBJ1
 62
250
370
25
 60
1
420
3355443
100
AcDbHatch
 10
0.0
 20
0.0
 30
0.0
210
0.0
220
0.0
230
1.0
  2
SOLID
 70
1
 71
0
 91
1
 92
7
 72
0
 73
1
 93
4
 10
47.0
 20
1.0
 10
48.0
 20
2.0
 10
-48.0000000000291
 20
2.0
 10
-47.00000000005821
 20
1.000000000029102
 97
0
 75
0
 76
1
 47
0.0394779539485171
 98
1
 10
12.98456428997451
 20
1.361469099996609
450
0
451
0
460
0.0
461
0.0
452
0
462
0.0
453
0
470

  0
LINE
  5
564
330
473
100
AcDbEntity
  8
OBJ1
 62
27
370
15
 60
1
100
AcDbLine
 10
-48.0
 20
2.0
 30
0.0
 11
48.0
 21
2.0
 31
0.0
  0
HATCH
  5
565
330
473
100
AcDbEntity
  8
OBJ1
 62
250
370
25
 60
1
420
3355443
100
AcDbHatch
 10
0.0
 20
0.0
 30
0.0
210
0.0
220
0.0
230
1.0
  2
SOLID
 70
1
 71
0
 91
1
 92
7
 72
0
 73
1
 93
4
 10
46.99999999997089
 20
-92.99999999997087
 10
48.0
 20
-93.9999999999709
 10
48.0
 20
1.999999999970895
 10
47.0
 20
0.999999999970896
 97
0
 75
0
 76
1
 47
0.1615016306476229
 98
1
 10
47.35821987997042
 20
-30.61842618999071
450
0
451
0
460
0.0
461
0.0
452
0
462
0.0
453
0
470

  0
LINE
  5
566
330
473
100
AcDbEntity
  8
OBJ1
 62
27
370
15
 60
1
100
AcDbLine
 10
48.0
 20
2.0
 30
0.0
 11
48.0
 21
-94.0
 31
0.0
  0
HATCH
  5
567
330
473
100
AcDbEntity
  8
OBJ1
 62
250
370
25
 60
1
420
3355443
100
AcDbHatch
 10
0.0
 20
0.0
 30
0.0
210
0.0
220
0.0
230
1.0
  2
SOLID
 70
1
 71
0
 91
1
 92
7
 72
0
 73
1
 93
4
 10
47.9999999999709
 20
-94.0
 10
47.0
 20
-93.0
 10
-46.99999999997089
 20
-92.99999999997087
 10
-48.0
 20
-94.0
 97
0
 75
0
 76
1
 47
0.1276886633537987
 98
1
 10
10.66407209000317
 20
-93.50005688998498
450
0
451
0
460
0.0
461
0.0
452
0
462
0.0
453
0
470

  0
LINE
  5
568
330
473
100
AcDbEntity
  8
OBJ1
 62
27
370
15
 60
1
100
AcDbLine
 10
48.0
 20
-94.0
 30
0.0
 11
-48.0
 21
-94.0
 31
0.0
  0
HATCH
  5
569
330
473
100
AcDbEntity
  8
OBJ1
 62
250
370
25
 60
1
420
3355443
100
AcDbHatch
 10
0.0
 20
0.0
 30
0.0
210
0.0
220
0.0
230
1.0
  2
SOLID
 70
1
 71
0
 91
1
 92
7
 72
0
 73
1
 93
4
 10
-47.0
 20
1.0
 10
-48.0
 20
2.0
 10
-48.0
 20
-94.0
 10
-47.0
 20
-93.0
 97
0
 75
0
 76
1
 47
0.1615016306476229
 98
1
 10
-47.36335127003258
 20
-36.10942014999455
450
0
451
0
460
0.0
461
0.0
452
0
462
0.0
453
0
470

  0
LINE
  5
56A
330
473
100
AcDbEntity
  8
OBJ1
 62
27
370
15
 60
1
100
AcDbLine
 10
-48.0
 20
-94.0
 30
0.0
 11
-48.0
 21
2.0
 31
0.0
  0
HATCH
  5
56B
330
473
100
AcDbEntity
  8
OBJ1
 62
250
370
25
 60
1
420
3355443
100
AcDbHatch
 10
0.0
 20
0.0
 30
0.0
210
0.0
220
0.0
230
1.0
  2
SOLID
 70
1
 71
0
 91
1
 92
7
 72
0
 73
1
 93
4
 10
43.0
 20
-3.0
 10
44.0
 20
-1.999999999970895
 10
-44.0000000000582
 20
-1.999999999970895
 10
-43.00000000008731
 20
-2.999999999970896
 97
0
 75
0
 76
1
 47
0.0394779539485171
 98
1
 10
19.62284507998264
 20
-2.507451889978256
450
0
451
0
460
0.0
461
0.0
452
0
462
0.0
453
0
470

  0
LINE
  5
56C
330
473
100
AcDbEntity
  8
OBJ1
 62
27
370
15
 60
1
100
AcDbLine
 10
-43.0000000000582
 20
-2.999999999970896
 30
0.0
 11
42.99999999994177
 21
-3.0
 31
0.0
  0
HATCH
  5
56D
330
473
100
AcDbEntity
  8
OBJ1
 62
250
370
25
 60
1
420
3355443
100
AcDbHatch
 10
0.0
 20
0.0
 30
0.0
210
0.0
220
0.0
230
1.0
  2
SOLID
 70
1
 71
0
 91
1
 92
7
 72
0
 73
1
 93
4
 10
46.00000000005818
 20
2.91038e-11
 10
47.0
 20
1.0
 10
-47.00000000005821
 20
1.000000000029102
 10
-46.00000000005818
 20
2.91038e-11
 97
0
 75
0
 76
1
 47
0.0394779539485171
 98
1
 10
22.62567688996205
 20
0.2955779299954884
450
0
451
0
460
0.0
461
0.0
452
0
462
0.0
453
0
470

  0
LINE
  5
56E
330
473
100
AcDbEntity
  8
OBJ1
 62
27
370
15
 60
1
100
AcDbLine
 10
-47.00000000005821
 20
1.000000000029102
 30
0.0
 11
47.0
 21
1.0
 31
0.0
  0
HATCH
  5
56F
330
473
100
AcDbEntity
  8
OBJ1
 62
250
370
25
 60
1
420
3355443
100
AcDbHatch
 10
0.0
 20
0.0
 30
0.0
210
0.0
220
0.0
230
1.0
  2
SOLID
 70
1
 71
0
 91
1
 92
7
 72
0
 73
1
 93
4
 10
45.0000000000291
 20
-0.999999999970896
 10
46.00000000005818
 20
2.91038e-11
 10
-46.00000000005818
 20
2.91038e-11
 10
-45.00000000005822
 20
-0.999999999970896
 97
0
 75
0
 76
1
 47
0.0394779539485171
 98
1
 10
22.15163395996206
 20
-0.6124929399811663
450
0
451
0
460
0.0
461
0.0
452
0
462
0.0
453
0
470

  0
LINE
  5
570
330
473
100
AcDbEntity
  8
OBJ1
 62
27
370
15
 60
1
100
AcDbLine
 10
-46.00000000005818
 20
2.91038e-11
 30
0.0
 11
46.0
 21
2.91038e-11
 31
0.0
  0
HATCH
  5
571
330
473
100
AcDbEntity
  8
OBJ1
 62
250
370
25
 60
1
420
3355443
100
AcDbHatch
 10
0.0
 20
0.0
 30
0.0
210
0.0
220
0.0
230
1.0
  2
SOLID
 70
1
 71
0
 91
1
 92
7
 72
0
 73
1
 93
4
 10
44.0000000000582
 20
-1.999999999970895
 10
45.00000000008731
 20
-0.999999999970896
 10
-45.0000000000291
 20
-0.999999999970896
 10
-44.0000000000291
 20
-1.999999999970895
 97
0
 75
0
 76
1
 47
0.0394779539485171
 98
1
 10
18.79301798995584
 20
-1.717978600005153
450
0
451
0
460
0.0
461
0.0
452
0
462
0.0
453
0
470

  0
LINE
  5
572
330
473
100
AcDbEntity
  8
OBJ1
 62
27
370
15
 60
1
100
AcDbLine
 10
-45.00000000005822
 20
-0.999999999970896
 30
0.0
 11
45.0
 21
-0.999999999970896
 31
0.0
  0
LINE
  5
573
330
473
100
AcDbEntity
  8
OBJ1
 62
27
370
15
 60
1
100
AcDbLine
 10
-44.0000000000582
 20
-1.999999999970895
 30
0.0
 11
44.0
 21
-1.999999999970895
 31
0.0
  0
HATCH
  5
574
330
473
100
AcDbEntity
  8
OBJ1
 62
250
370
25
 60
1
420
3355443
100
AcDbHatch
 10
0.0
 20
0.0
 30
0.0
210
0.0
220
0.0
230
1.0
  2
SOLID
 70
1
 71
0
 91
1
 92
7
 72
0
 73
1
 93
4
 10
-42.9999999999709
 20
-88.9999999999709
 10
-43.99999999997089
 20
-89.99999999997092
 10
44.0
 20
-90.0
 10
42.9999999999709
 20
-88.9999999999709
 97
0
 75
0
 76
1
 47
0.1276886633537987
 98
1
 10
17.56541142996866
 20
-89.28631062997736
450
0
451
0
460
0.0
461
0.0
452
0
462
0.0
453
0
470

  0
LINE
  5
575
330
473
100
AcDbEntity
  8
OBJ1
 62
27
370
15
 60
1
100
AcDbLine
 10
-43.0
 20
-88.9999999999709
 30
0.0
 11
43.0
 21
-88.9999999999709
 31
0.0
  0
HATCH
  5
576
330
473
100
AcDbEntity
  8
OBJ1
 62
250
370
25
 60
1
420
3355443
100
AcDbHatch
 10
0.0
 20
0.0
 30
0.0
210
0.0
220
0.0
230
1.0
  2
SOLID
 70
1
 71
0
 91
1
 92
7
 72
0
 73
1
 93
4
 10
-45.99999999997089
 20
-91.99999999997087
 10
-46.99999999997089
 20
-92.99999999997087
 10
46.99999999997089
 20
-93.0
 10
45.99999999994177
 20
-92.0
 97
0
 75
0
 76
1
 47
0.1276886633537987
 98
1
 10
11.17540683998959
 20
-92.47859333999806
450
0
451
0
460
0.0
461
0.0
452
0
462
0.0
453
0
470

  0
LINE
  5
577
330
473
100
AcDbEntity
  8
OBJ1
 62
27
370
15
 60
1
100
AcDbLine
 10
-47.0
 20
-92.99999999997087
 30
0.0
 11
46.99999999994179
 21
-93.0
 31
0.0
  0
HATCH
  5
578
330
473
100
AcDbEntity
  8
OBJ1
 62
250
370
25
 60
1
420
3355443
100
AcDbHatch
 10
0.0
 20
0.0
 30
0.0
210
0.0
220
0.0
230
1.0
  2
SOLID
 70
1
 71
0
 91
1
 92
7
 72
0
 73
1
 93
4
 10
-44.99999999994177
 20
-90.99999999997085
 10
-45.99999999994177
 20
-91.99999999997087
 10
46.0
 20
-92.0
 10
44.99999999997089
 20
-91.0
 97
0
 75
0
 76
1
 47
0.1276886633537987
 98
1
 10
11.43107421998866
 20
-91.3294236100046
450
0
451
0
460
0.0
461
0.0
452
0
462
0.0
453
0
470

  0
LINE
  5
579
330
473
100
AcDbEntity
  8
OBJ1
 62
27
370
15
 60
1
100
AcDbLine
 10
-46.0
 20
-91.99999999997087
 30
0.0
 11
45.99999999994177
 21
-92.0
 31
0.0
  0
HATCH
  5
57A
330
473
100
AcDbEntity
  8
OBJ1
 62
250
370
25
 60
1
420
3355443
100
AcDbHatch
 10
0.0
 20
0.0
 30
0.0
210
0.0
220
0.0
230
1.0
  2
SOLID
 70
1
 71
0
 91
1
 92
7
 72
0
 73
1
 93
4
 10
45.0
 20
-91.0
 10
44.0
 20
-90.0
 10
-43.99999999994178
 20
-89.99999999997092
 10
-44.99999999994177
 20
-90.99999999997085
 97
0
 75
0
 76
1
 47
0.1276886633537987
 98
1
 10
19.61007850995519
 20
-90.5631865299947
450
0
451
0
460
0.0
461
0.0
452
0
462
0.0
453
0
470

  0
LINE
  5
57B
330
473
100
AcDbEntity
  8
OBJ1
 62
27
370
15
 60
1
100
AcDbLine
 10
-45.0
 20
-90.99999999997085
 30
0.0
 11
44.99999999994177
 21
-91.0
 31
0.0
  0
LINE
  5
57C
330
473
100
AcDbEntity
  8
OBJ1
 62
27
370
15
 60
1
100
AcDbLine
 10
-44.0
 20
-89.99999999997092
 30
0.0
 11
44.0
 21
-90.0
 31
0.0
  0
HATCH
  5
57D
330
473
100
AcDbEntity
  8
OBJ1
 62
250
370
25
 60
1
420
3355443
100
AcDbHatch
 10
0.0
 20
0.0
 30
0.0
210
0.0
220
0.0
230
1.0
  2
SOLID
 70
1
 71
0
 91
1
 92
7
 72
0
 73
1
 93
4
 10
-42.9999999999709
 20
-3.000000000029102
 10
-44.0
 20
-1.999999999970895
 10
-44.0
 20
-90.0
 10
-43.0
 20
-89.0
 97
0
 75
0
 76
1
 47
0.1615016306476229
 98
1
 10
-43.4839936000062
 20
-27.3884078800038
450
0
451
0
460
0.0
461
0.0
452
0
462
0.0
453
0
470

  0
LINE
  5
57E
330
473
100
AcDbEntity
  8
OBJ1
 62
27
370
15
 60
1
100
AcDbLine
 10
-43.0
 20
-3.000000000029102
 30
0.0
 11
-43.0
 21
-89.0
 31
0.0
  0
HATCH
  5
57F
330
473
100
AcDbEntity
  8
OBJ1
 62
250
370
25
 60
1
420
3355443
100
AcDbHatch
 10
0.0
 20
0.0
 30
0.0
210
0.0
220
0.0
230
1.0
  2
SOLID
 70
1
 71
0
 91
1
 92
7
 72
0
 73
1
 93
4
 10
44.0
 20
-2.0
 10
43.0000000000291
 20
-2.999999999970896
 10
42.9999999999709
 20
-88.99999999994179
 10
44.0
 20
-90.0
 97
0
 75
0
 76
1
 47
0.1615016306476229
 98
1
 10
43.80205801996635
 20
-32.71786373999204
450
0
451
0
460
0.0
461
0.0
452
0
462
0.0
453
0
470

  0
LINE
  5
580
330
473
100
AcDbEntity
  8
OBJ1
 62
27
370
15
 60
1
100
AcDbLine
 10
43.0
 20
-2.999999999970896
 30
0.0
 11
42.99999999994177
 21
-89.0
 31
0.0
  0
HATCH
  5
581
330
473
100
AcDbEntity
  8
OBJ1
 62
250
370
25
 60
1
420
3355443
100
AcDbHatch
 10
0.0
 20
0.0
 30
0.0
210
0.0
220
0.0
230
1.0
  2
SOLID
 70
1
 71
0
 91
1
 92
7
 72
0
 73
1
 93
4
 10
-45.99999999997089
 20
0.0
 10
-47.0
 20
1.0
 10
-47.0
 20
-93.0
 10
-46.00000000005818
 20
-92.0000000000582
 97
0
 75
0
 76
1
 47
0.1615016306476229
 98
1
 10
-46.2318299600156
 20
-33.84844449997763
450
0
451
0
460
0.0
461
0.0
452
0
462
0.0
453
0
470

  0
LINE
  5
582
330
473
100
AcDbEntity
  8
OBJ1
 62
27
370
15
 60
1
100
AcDbLine
 10
-47.0
 20
0.999999999970896
 30
0.0
 11
-47.0
 21
-93.0
 31
0.0
  0
HATCH
  5
583
330
473
100
AcDbEntity
  8
OBJ1
 62
250
370
25
 60
1
420
3355443
100
AcDbHatch
 10
0.0
 20
0.0
 30
0.0
210
0.0
220
0.0
230
1.0
  2
SOLID
 70
1
 71
0
 91
1
 92
7
 72
0
 73
1
 93
4
 10
-45.0
 20
-1.0
 10
-46.0
 20
0.0
 10
-46.00000000005818
 20
-92.0000000000582
 10
-45.0
 20
-91.0
 97
0
 75
0
 76
1
 47
0.1615016306476229
 98
1
 10
-45.10030864004511
 20
-34.97902527000406
450
0
451
0
460
0.0
461
0.0
452
0
462
0.0
453
0
470

  0
LINE
  5
584
330
473
100
AcDbEntity
  8
OBJ1
 62
27
370
15
 60
1
100
AcDbLine
 10
-46.0
 20
-2.91038e-11
 30
0.0
 11
-46.00000000005818
 21
-92.0
 31
0.0
  0
HATCH
  5
585
330
473
100
AcDbEntity
  8
OBJ1
 62
250
370
25
 60
1
420
3355443
100
AcDbHatch
 10
0.0
 20
0.0
 30
0.0
210
0.0
220
0.0
230
1.0
  2
SOLID
 70
1
 71
0
 91
1
 92
7
 72
0
 73
1
 93
4
 10
-44.0000000000291
 20
-2.0
 10
-45.0
 20
-1.000000000029102
 10
-45.0000000000291
 20
-91.00000000002912
 10
-44.0
 20
-90.0
 97
0
 75
0
 76
1
 47
0.1615016306476229
 98
1
 10
-44.2923191000009
 20
-30.61842618999071
450
0
451
0
460
0.0
461
0.0
452
0
462
0.0
453
0
470

  0
LINE
  5
586
330
473
100
AcDbEntity
  8
OBJ1
 62
27
370
15
 60
1
100
AcDbLine
 10
-45.0
 20
-1.000000000029102
 30
0.0
 11
-45.0
 21
-90.99999999997085
 31
0.0
  0
LINE
  5
587
330
473
100
AcDbEntity
  8
OBJ1
 62
27
370
15
 60
1
100
AcDbLine
 10
-44.0
 20
-2.0000000000291
 30
0.0
 11
-44.0
 21
-90.0
 31
0.0
  0
HATCH
  5
588
330
473
100
AcDbEntity
  8
OBJ1
 62
250
370
25
 60
1
420
3355443
100
AcDbHatch
 10
0.0
 20
0.0
 30
0.0
210
0.0
220
0.0
230
1.0
  2
SOLID
 70
1
 71
0
 91
1
 92
7
 72
0
 73
1
 93
4
 10
46.0
 20
-92.0
 10
47.0
 20
-93.0
 10
47.0
 20
1.0
 10
46.0
 20
0.0
 97
0
 75
0
 76
1
 47
0.1615016306476229
 98
1
 10
46.38829646998781
 20
-31.10285457997816
450
0
451
0
460
0.0
461
0.0
452
0
462
0.0
453
0
470

  0
LINE
  5
589
330
473
100
AcDbEntity
  8
OBJ1
 62
27
370
15
 60
1
100
AcDbLine
 10
47.0
 20
1.000000000029102
 30
0.0
 11
47.0
 21
-93.0
 31
0.0
  0
HATCH
  5
58A
330
473
100
AcDbEntity
  8
OBJ1
 62
250
370
25
 60
1
420
3355443
100
AcDbHatch
 10
0.0
 20
0.0
 30
0.0
210
0.0
220
0.0
230
1.0
  2
SOLID
 70
1
 71
0
 91
1
 92
7
 72
0
 73
1
 93
4
 10
45.0
 20
-90.99999999997085
 10
46.0
 20
-92.0
 10
46.0
 20
0.0
 10
45.0
 20
-1.0
 97
0
 75
0
 76
1
 47
0.1615016306476229
 98
1
 10
45.41837306995875
 20
-31.74882106998121
450
0
451
0
460
0.0
461
0.0
452
0
462
0.0
453
0
470

  0
LINE
  5
58B
330
473
100
AcDbEntity
  8
OBJ1
 62
27
370
15
 60
1
100
AcDbLine
 10
46.0
 20
2.91038e-11
 30
0.0
 11
46.0
 21
-91.99999999997087
 31
0.0
  0
HATCH
  5
58C
330
473
100
AcDbEntity
  8
OBJ1
 62
250
370
25
 60
1
420
3355443
100
AcDbHatch
 10
0.0
 20
0.0
 30
0.0
210
0.0
220
0.0
230
1.0
  2
SOLID
 70
1
 71
0
 91
1
 92
7
 72
0
 73
1
 93
4
 10
45.0
 20
-1.0
 10
44.0
 20
-2.0
 10
44.0
 20
-90.0
 10
45.0
 20
-91.0
 97
0
 75
0
 76
1
 47
0.1615016306476229
 98
1
 10
44.61038352997275
 20
-31.58746886000154
450
0
451
0
460
0.0
461
0.0
452
0
462
0.0
453
0
470

  0
LINE
  5
58D
330
473
100
AcDbEntity
  8
OBJ1
 62
27
370
15
 60
1
100
AcDbLine
 10
45.0
 20
-0.999999999970896
 30
0.0
 11
45.0
 21
-90.99999999997085
 31
0.0
  0
LINE
  5
58E
330
473
100
AcDbEntity
  8
OBJ1
 62
27
370
15
 60
1
100
AcDbLine
 10
44.0
 20
-1.999999999970895
 30
0.0
 11
44.0
 21
-90.0
 31
0.0
  0
LINE
  5
58F
330
473
100
AcDbEntity
  8
OBJ1
 62
27
370
15
 60
1
100
AcDbLine
 10
-43.0
 20
-3.000000000029102
 30
0.0
 11
-48.0
 21
2.0
 31
0.0
  0
LINE
  5
590
330
473
100
AcDbEntity
  8
OBJ1
 62
27
370
15
 60
1
100
AcDbLine
 10
43.0
 20
-3.0
 30
0.0
 11
48.0
 21
2.0
 31
0.0
  0
LINE
  5
591
330
473
100
AcDbEntity
  8
OBJ1
 62
27
370
15
 60
1
100
AcDbLine
 10
-48.0
 20
-94.0
 30
0.0
 11
-43.0
 21
-89.0
 31
0.0
  0
LINE
  5
592
330
473
100
AcDbEntity
  8
OBJ1
 62
27
370
15
 60
1
100
AcDbLine
 10
43.0
 20
-89.0
 30
0.0
 11
48.0
 21
-94.0
 31
0.0
  0
HATCH
  5
593
330
473
100
AcDbEntity
  8
OBJ1
 62
9
370
25
 60
1
420
12763830
100
AcDbHatch
 10
0.0
 20
0.0
 30
0.0
210
0.0
220
0.0
230
1.0
  2
SOLID
 70
1
 71
0
 91
2
 92
7
 72
1
 73
1
 93
8
 10
42.5
 20
-6.000000000029102
 42
0.4142135623765049
 10
40.0
 20
-3.5
 42
0.0
 10
-40.0
 20
-3.500000000029102
 42
0.4142135623730951
 10
-42.5
 20
-6.000000000029102
 42
0.0
 10
-42.5
 20
-85.9999999999709
 42
0.4142135623730951
 10
-40.0
 20
-88.4999999999709
 42
0.0
 10
40.0
 20
-88.4999999999709
 42
0.4142135623730951
 10
42.5
 20
-85.9999999999709
 42
0.0
 97
0
 92
22
 72
1
 73
1
 93
9
 10
37.5
 20
-11.0000000000291
 42
0.4142135623730951
 10
35.0
 20
-8.500000000029102
 42
0.0
 10
-35.0
 20
-8.500000000029102
 42
0.4142135623730951
 10
-37.5
 20
-11.0000000000291
 42
0.0
 10
-37.5
 20
-80.9999999999709
 42
0.4142135623730951
 10
-35.0
 20
-83.4999999999709
 42
0.0
 10
35.0
 20
-83.4999999999709
 42
2.414213562373094
 10
32.5
 20
-80.9999999999709
 42
1.0
 10
37.5
 20
-81.0
 42
0.0
 97
0
 75
0
 76
1
 47
0.2907889448703623
 98
3
 10
40.96216796996304
 20
-68.95686236998881
 10
40.96216796996304
 20
-68.95686236998881
 10
28.4472331199795
 20
-74.19114273999003
450
0
451
0
460
0.0
461
0.0
452
0
462
0.0
453
0
470

  0
LINE
  5
594
330
473
100
AcDbEntity
  8
OBJ1
 62
9
370
15
 60
1
420
12763830
100
AcDbLine
 10
-40.0
 20
-3.500000000029102
 30
0.0
 11
40.0
 21
-3.5
 31
0.0
  0
LINE
  5
595
330
473
100
AcDbEntity
  8
OBJ1
 62
9
370
15
 60
1
420
12763830
100
AcDbLine
 10
42.5
 20
-6.000000000029102
 30
0.0
 11
42.5
 21
-85.9999999999709
 31
0.0
  0
LINE
  5
596
330
473
100
AcDbEntity
  8
OBJ1
 62
9
370
15
 60
1
420
12763830
100
AcDbLine
 10
-42.5
 20
-6.000000000029102
 30
0.0
 11
-42.5
 21
-85.9999999999709
 31
0.0
  0
LINE
  5
597
330
473
100
AcDbEntity
  8
OBJ1
 62
9
370
15
 60
1
420
12763830
100
AcDbLine
 10
-40.0
 20
-88.4999999999709
 30
0.0
 11
40.0
 21
-88.4999999999709
 31
0.0
  0
HATCH
  5
598
330
473
100
AcDbEntity
  8
OBJ1
 62
252
370
25
 60
1
420
10395274
100
AcDbHatch
 10
0.0
 20
0.0
 30
0.0
210
0.0
220
0.0
230
1.0
  2
SOLID
 70
1
 71
0
 91
1
 92
7
 72
1
 73
1
 93
8
 10
37.5
 20
-11.0000000000291
 42
0.4142135623730951
 10
35.0
 20
-8.500000000029102
 42
0.0
 10
-35.0
 20
-8.500000000029102
 42
0.4142135623730951
 10
-37.5
 20
-11.0000000000291
 42
0.0
 10
-37.5
 20
-80.9999999999709
 42
0.4142135623730951
 10
-35.0
 20
-83.4999999999709
 42
0.0
 10
35.0
 20
-83.4999999999709
 42
0.4142135623696853
 10
37.5
 20
-81.0
 42
0.0
 97
0
 75
0
 76
1
 47
0.2930399968653012
 98
2
 10
11.34641169995302
 20
-36.67805653999676
 10
21.6117424099939
 20
-64.51688841998111
450
0
451
0
460
0.0
461
0.0
452
0
462
0.0
453
0
470

  0
LINE
  5
599
330
473
100
AcDbEntity
  8
OBJ1
 62
9
370
15
 60
1
420
12763830
100
AcDbLine
 10
-35.0
 20
-8.500000000029102
 30
0.0
 11
35.0
 21
-8.500000000029102
 31
0.0
  0
LINE
  5
59A
330
473
100
AcDbEntity
  8
OBJ1
 62
9
370
15
 60
1
420
12763830
100
AcDbLine
 10
-37.5
 20
-11.0000000000291
 30
0.0
 11
-37.5
 21
-80.9999999999709
 31
0.0
  0
LINE
  5
59B
330
473
100
AcDbEntity
  8
OBJ1
 62
9
370
15
 60
1
420
12763830
100
AcDbLine
 10
37.5
 20
-11.0000000000291
 30
0.0
 11
37.5
 21
-81.0
 31
0.0
  0
LINE
  5
59C
330
473
100
AcDbEntity
  8
OBJ1
 62
9
370
15
 60
1
420
12763830
100
AcDbLine
 10
-35.0
 20
-83.4999999999709
 30
0.0
 11
35.0
 21
-83.4999999999709
 31
0.0
  0
ARC
  5
59D
330
473
100
AcDbEntity
  8
OBJ1
 62
9
370
15
 60
1
420
12763830
100
AcDbCircle
 10
-40.0
 20
-6.000000000029102
 30
0.0
 40
2.5
100
AcDbArc
 50
90.0
 51
180.0
  0
ARC
  5
59E
330
473
100
AcDbEntity
  8
OBJ1
 62
9
370
15
 60
1
420
12763830
100
AcDbCircle
 10
-35.0
 20
-11.0000000000291
 30
0.0
 40
2.5
100
AcDbArc
 50
90.0
 51
180.0
  0
ARC
  5
59F
330
473
100
AcDbEntity
  8
OBJ1
 62
9
370
15
 60
1
420
12763830
100
AcDbCircle
 10
-40.0
 20
-85.9999999999709
 30
0.0
 40
2.5
100
AcDbArc
 50
180.0
 51
270.0
  0
ARC
  5
5A0
330
473
100
AcDbEntity
  8
OBJ1
 62
9
370
15
 60
1
420
12763830
100
AcDbCircle
 10
-35.0
 20
-80.9999999999709
 30
0.0
 40
2.5
100
AcDbArc
 50
180.0
 51
270.0
  0
ARC
  5
5A1
330
473
100
AcDbEntity
  8
OBJ1
 62
9
370
15
 60
1
420
12763830
100
AcDbCircle
 10
40.0
 20
-85.9999999999709
 30
0.0
 40
2.5
100
AcDbArc
 50
270.0
 51
0.0
  0
ARC
  5
5A2
330
473
100
AcDbEntity
  8
OBJ1
 62
9
370
15
 60
1
420
12763830
100
AcDbCircle
 10
35.0
 20
-81.0
 30
0.0
 40
2.5
100
AcDbArc
 50
270.0
 51
0.0
  0
ARC
  5
5A3
330
473
100
AcDbEntity
  8
OBJ1
 62
9
370
15
 60
1
420
12763830
100
AcDbCircle
 10
40.0
 20
-6.000000000029102
 30
0.0
 40
2.5
100
AcDbArc
 50
0.0
 51
90.0
  0
ARC
  5
5A4
330
473
100
AcDbEntity
  8
OBJ1
 62
9
370
15
 60
1
420
12763830
100
AcDbCircle
 10
35.0
 20
-11.0000000000291
 30
0.0
 40
2.5
100
AcDbArc
 50
0.0
 51
90.0
  0
HATCH
  5
5A5
330
473
100
AcDbEntity
  8
OBJ1
 62
250
370
25
 60
1
420
2829099
100
AcDbHatch
 10
0.0
 20
0.0
 30
0.0
210
0.0
220
0.0
230
1.0
  2
SOLID
 70
1
 71
0
 91
1
 92
7
 72
1
 73
1
 93
4
 10
13.55572808999568
 20
-67.4999999999709
 42
0.0
 10
-21.7536104900064
 20
-67.4999999999709
 42
0.0
 10
-23.23251691000769
 20
-68.5
 42
0.0
 10
13.5
 20
-68.4999999999709
 42
-0.0278424447443727
 97
0
 75
0
 76
1
 47
0.0725116146917012
 98
2
 10
-3.970449460030066
 20
-67.96253870998044
 10
-3.970449460030066
 20
-69.05017896997742
450
0
451
0
460
0.0
461
0.0
452
0
462
0.0
453
0
470

  0
HATCH
  5
5A6
330
473
100
AcDbEntity
  8
OBJ1
 62
250
370
25
 60
1
420
2829099
100
AcDbHatch
 10
0.0
 20
0.0
 30
0.0
210
0.0
220
0.0
230
1.0
  2
SOLID
 70
1
 71
0
 91
1
 92
7
 72
1
 73
1
 93
4
 10
13.5
 20
-68.4999999999709
 42
0.0
 10
-23.23251691000769
 20
-68.4999999999709
 42
0.0
 10
-21.7536104900064
 20
-69.4999999999709
 42
0.0
 10
13.55572808999568
 20
-69.4999999999709
 42
-0.0278424447447772
 97
0
 75
0
 76
1
 47
0.0725116146917012
 98
2
 10
-3.970449460030066
 20
-67.96253870998044
 10
-3.970449460030066
 20
-69.05017896997742
450
0
451
0
460
0.0
461
0.0
452
0
462
0.0
453
0
470

  0
HATCH
  5
5A7
330
473
100
AcDbEntity
  8
OBJ1
 62
250
370
25
 60
1
420
2829099
100
AcDbHatch
 10
0.0
 20
0.0
 30
0.0
210
0.0
220
0.0
230
1.0
  2
SOLID
 70
1
 71
0
 91
1
 92
7
 72
1
 73
1
 93
5
 10
20.51880284998333
 20
-67.68839377560651
 42
0.0
 10
20.51880285004154
 20
-67.4999999999709
 42
0.0
 10
13.55572808999568
 20
-67.4999999999709
 42
0.0278424447445749
 10
13.5
 20
-68.4999999999709
 42
0.0
 10
19.71303023706423
 20
-68.4999999999709
 42
0.0
 97
0
 75
0
 76
1
 47
0.0199577547765378
 98
4
 10
17.09439215995371
 20
-68.19006761998753
 10
16.99360344995511
 20
-68.99738630998763
 10
20.35289134999039
 20
-68.30141551999257
 10
20.21548272995278
 20
-69.07527406999725
450
0
451
0
460
0.0
461
0.0
452
0
462
0.0
453
0
470

  0
HATCH
  5
5A8
330
473
100
AcDbEntity
  8
OBJ1
 62
250
370
25
 60
1
420
2829099
100
AcDbHatch
 10
0.0
 20
0.0
 30
0.0
210
0.0
220
0.0
230
1.0
  2
SOLID
 70
1
 71
0
 91
1
 92
7
 72
0
 73
1
 93
4
 10
20.51880284998333
 20
-68.4999999999709
 10
19.71303023706423
 20
-68.4999999999709
 10
18.72021797325578
 20
-69.4999999999709
 10
20.51880284998333
 20
-69.4999999999709
 97
0
 75
0
 76
1
 47
0.0199577547765378
 98
4
 10
17.09439215995371
 20
-68.19006761998753
 10
16.99360344995511
 20
-68.99738630998763
 10
20.35289134999039
 20
-68.30141551999257
 10
20.21548272995278
 20
-69.07527406999725
450
0
451
0
460
0.0
461
0.0
452
0
462
0.0
453
0
470

  0
HATCH
  5
5A9
330
473
100
AcDbEntity
  8
OBJ1
 62
250
370
25
 60
1
420
2829099
100
AcDbHatch
 10
0.0
 20
0.0
 30
0.0
210
0.0
220
0.0
230
1.0
  2
SOLID
 70
1
 71
0
 91
1
 92
23
 72
0
 73
1
 93
3
 10
19.71303023703512
 20
-68.4999999999709
 10
20.51880284998333
 20
-68.4999999999709
 10
20.51880284998333
 20
-67.68839377557742
 97
0
 75
0
 76
1
 47
0.0199577547765378
 98
4
 10
17.09439215995371
 20
-68.19006761998753
 10
16.99360344995511
 20
-68.99738630998763
 10
20.35289134999039
 20
-68.30141551999257
 10
20.21548272995278
 20
-69.07527406999725
450
0
451
0
460
0.0
461
0.0
452
0
462
0.0
453
0
470

  0
HATCH
  5
5AA
330
473
100
AcDbEntity
  8
OBJ1
 62
250
370
25
 60
1
420
2829099
100
AcDbHatch
 10
0.0
 20
0.0
 30
0.0
210
0.0
220
0.0
230
1.0
  2
SOLID
 70
1
 71
0
 91
1
 92
7
 72
1
 73
1
 93
4
 10
19.71303023706423
 20
-68.4999999999709
 42
0.0
 10
13.5
 20
-68.4999999999709
 42
0.0278424447445749
 10
13.55572808999568
 20
-69.4999999999709
 42
0.0
 10
18.72021797328489
 20
-69.4999999999709
 42
0.0
 97
0
 75
0
 76
1
 47
0.0199577547765378
 98
4
 10
17.09439215995371
 20
-68.19006761998753
 10
16.99360344995511
 20
-68.99738630998763
 10
20.35289134999039
 20
-68.30141551999257
 10
20.21548272995278
 20
-69.07527406999725
450
0
451
0
460
0.0
461
0.0
452
0
462
0.0
453
0
470

  0
HATCH
  5
5AB
330
473
100
AcDbEntity
  8
OBJ1
 62
250
370
30
 60
1
420
3684408
100
AcDbHatch
 10
0.0
 20
0.0
 30
0.0
210
0.0
220
0.0
230
1.0
  2
SOLID
 70
1
 71
0
 91
1
 92
7
 72
1
 73
1
 93
4
 10
24.37288244740921
 20
-67.85389359598047
 42
-0.6427278185550493
 10
21.76146960718325
 20
-70.33840012122528
 42
0.0
 10
26.33391177837621
 20
-73.25186587809003
 42
-0.1088530434447113
 10
27.24561513005756
 20
-72.33790549958938
 42
0.0
 97
0
 75
0
 76
1
 47
0.0418258830421949
 98
7
 10
21.1142740699579
 20
-63.11026153998682
 10
15.96531453996431
 20
-70.59715252000024
 10
19.06322369998088
 20
-70.97357902998918
 10
24.96574686997337
 20
-74.11046663997693
 10
25.63531990995398
 20
-71.3918307099957
 10
27.89601079997374
 20
-70.0534253299993
 10
25.38435599999502
 20
-66.12167363998014
450
0
451
0
460
0.0
461
0.0
452
0
462
0.0
453
0
470

  0
HATCH
  5
5AC
330
473
100
AcDbEntity
  8
OBJ1
 62
250
370
30
 60
1
420
1315860
100
AcDbHatch
 10
0.0
 20
0.0
 30
0.0
210
0.0
220
0.0
230
1.0
  2
SOLID
 70
1
 71
0
 91
1
 92
7
 72
1
 73
1
 93
10
 10
21.19600290028029
 20
-67.00844587388565
 42
-0.0042167665158653
 10
21.22134518591338
 20
-66.98666460637467
 42
0.0
 10
27.39304720624932
 20
-60.94631950382609
 42
0.5574766440319135
 10
13.55572809002479
 20
-67.4999999999709
 42
0.0
 10
20.51880284998333
 20
-67.4999999999709
 42
0.0
 10
20.51880284998333
 20
-67.68839377557742
 42
0.0
 10
20.87248144706245
 20
-67.33215462547378
 42
0.0
 10
17.08868080002139
 20
-63.93877164996229
 42
0.0
 10
17.23986387989134
 20
-63.78281024994794
 42
0.0
 10
17.39944600994931
 20
-63.62926540998159
 42
0.0
 97
0
 75
0
 76
1
 47
0.0472005958807691
 98
1
 10
20.89412674994674
 20
-63.78132312998059
450
0
451
0
460
0.0
461
0.0
452
0
462
0.0
453
0
470

  0
HATCH
  5
5AD
330
473
100
AcDbEntity
  8
OBJ1
 62
250
370
30
 60
1
420
1315860
100
AcDbHatch
 10
0.0
 20
0.0
 30
0.0
210
0.0
220
0.0
230
1.0
  2
SOLID
 70
1
 71
0
 91
1
 92
7
 72
1
 73
1
 93
3
 10
13.55572808999568
 20
-69.4999999999709
 42
0.1145223432113708
 10
14.91049905345426
 20
-73.33730042297975
 42
0.0
 10
18.72021797325578
 20
-69.4999999999709
 42
0.0
 97
0
 75
0
 76
1
 47
0.0472005958807691
 98
5
 10
15.55568443000083
 20
-70.71983967997949
 10
19.57144283998059
 20
-71.38067732998752
 10
23.06713146995754
 20
-72.70216675999106
 10
26.98814847995527
 20
-69.96457009000005
 10
25.09869601996616
 20
-66.23562398998183
450
0
451
0
460
0.0
461
0.0
452
0
462
0.0
453
0
470

  0
HATCH
  5
5AE
330
473
100
AcDbEntity
  8
OBJ1
 62
250
370
30
 60
1
420
1315860
100
AcDbHatch
 10
0.0
 20
0.0
 30
0.0
210
0.0
220
0.0
230
1.0
  2
SOLID
 70
1
 71
0
 91
1
 92
7
 72
1
 73
1
 93
7
 10
28.78016778122401
 20
-62.05333476595114
 42
0.0494178174533333
 10
27.39304720622022
 20
-60.94631950385519
 42
0.0
 10
21.22134518585517
 20
-66.98666460640379
 42
-0.5270277873931919
 10
24.37288244740921
 20
-67.85389359598047
 42
0.0
 10
24.97557758889161
 20
-68.79463277611647
 42
0.0
 10
27.32459153028321
 20
-66.37876603519544
 42
0.0
 10
26.337880310748
 20
-64.56037124583963
 42
0.0
 97
0
 75
0
 76
1
 47
0.0472005958807691
 98
5
 10
15.55568443000083
 20
-70.71983967997949
 10
19.57144283998059
 20
-71.38067732998752
 10
23.06713146995754
 20
-72.70216675999106
 10
26.98814847995527
 20
-69.96457009000005
 10
25.09869601996616
 20
-66.23562398998183
450
0
451
0
460
0.0
461
0.0
452
0
462
0.0
453
0
470

  0
HATCH
  5
5AF
330
473
100
AcDbEntity
  8
OBJ1
 62
250
370
30
 60
1
420
1315860
100
AcDbHatch
 10
0.0
 20
0.0
 30
0.0
210
0.0
220
0.0
230
1.0
  2
SOLID
 70
1
 71
0
 91
1
 92
7
 72
1
 73
1
 93
4
 10
24.97557758886251
 20
-68.79463277611647
 42
0.0
 10
27.24561513005756
 20
-72.33790549958938
 42
-0.3059790122533372
 10
30.60205770639004
 20
-72.41875757370144
 42
0.0
 10
27.32459153028321
 20
-66.37876603519544
 42
0.0
 97
0
 75
0
 76
1
 47
0.0472005958807691
 98
5
 10
15.55568443000083
 20
-70.71983967997949
 10
19.57144283998059
 20
-71.38067732998752
 10
23.06713146995754
 20
-72.70216675999106
 10
26.98814847995527
 20
-69.96457009000005
 10
25.09869601996616
 20
-66.23562398998183
450
0
451
0
460
0.0
461
0.0
452
0
462
0.0
453
0
470

  0
HATCH
  5
5B0
330
473
100
AcDbEntity
  8
OBJ1
 62
250
370
30
 60
1
420
1315860
100
AcDbHatch
 10
0.0
 20
0.0
 30
0.0
210
0.0
220
0.0
230
1.0
  2
SOLID
 70
1
 71
0
 91
1
 92
7
 72
1
 73
1
 93
5
 10
20.66026822093409
 20
-73.51189117284956
 42
0.0
 10
26.41875757373055
 20
-76.60205770639004
 42
-0.1557283884267411
 10
25.86396103067091
 20
-74.8639610306709
 42
-0.1427860682749531
 10
26.33391177837621
 20
-73.25186587809003
 42
0.0
 10
22.87440803754726
 20
-71.04754151328234
 42
0.0
 97
0
 75
0
 76
1
 47
0.0472005958807691
 98
5
 10
15.55568443000083
 20
-70.71983967997949
 10
19.57144283998059
 20
-71.38067732998752
 10
23.06713146995754
 20
-72.70216675999106
 10
26.98814847995527
 20
-69.96457009000005
 10
25.09869601996616
 20
-66.23562398998183
450
0
451
0
460
0.0
461
0.0
452
0
462
0.0
453
0
470

  0
HATCH
  5
5B1
330
473
100
AcDbEntity
  8
OBJ1
 62
250
370
30
 60
1
420
1315860
100
AcDbHatch
 10
0.0
 20
0.0
 30
0.0
210
0.0
220
0.0
230
1.0
  2
SOLID
 70
1
 71
0
 91
1
 92
7
 72
1
 73
1
 93
9
 10
22.87440803757636
 20
-71.04754151328234
 42
0.0
 10
21.76146960729966
 20
-70.33840012131259
 42
-0.3062721121387764
 10
20.51880284998333
 20
-68.4999999999709
 42
0.0
 10
20.51880284998333
 20
-69.4999999999709
 42
0.0
 10
18.72021797328489
 20
-69.5
 42
0.0
 10
14.91049905348336
 20
-73.33730042297975
 42
0.0578234365606001
 10
16.21983221877599
 20
-74.94666523399064
 42
0.0
 10
18.66211968922289
 20
-72.43962875410216
 42
0.0
 10
20.66026822093409
 20
-73.51189117284956
 42
0.0
 97
0
 75
0
 76
1
 47
0.0472005958807691
 98
5
 10
15.55568443000083
 20
-70.71983967997949
 10
19.57144283998059
 20
-71.38067732998752
 10
23.06713146995754
 20
-72.70216675999106
 10
26.98814847995527
 20
-69.96457009000005
 10
25.09869601996616
 20
-66.23562398998183
450
0
451
0
460
0.0
461
0.0
452
0
462
0.0
453
0
470

  0
ARC
  5
5B2
330
473
100
AcDbEntity
  8
OBJ1
 62
9
370
18
 60
1
420
12763830
100
AcDbCircle
 10
22.5
 20
-68.4999999999709
 30
0.0
 40
9.0
100
AcDbArc
 50
45.7495232442137
 51
173.6206297916501
  0
ARC
  5
5B3
330
473
100
AcDbEntity
  8
OBJ1
 62
9
370
18
 60
1
420
12763830
100
AcDbCircle
 10
22.5
 20
-68.4999999999709
 30
0.0
 40
9.0
100
AcDbArc
 50
186.3793702083499
 51
225.7495232442137
  0
LINE
  5
5B4
330
473
100
AcDbEntity
  8
OBJ1
 62
9
370
18
 60
1
420
12763830
100
AcDbLine
 10
18.66211968922289
 20
-72.43962875410216
 30
0.0
 11
16.21983221877599
 21
-74.94666523401973
 31
0.0
  0
LINE
  5
5B5
330
473
100
AcDbEntity
  8
OBJ1
 62
9
370
18
 60
1
420
12763830
100
AcDbLine
 10
16.21983221877599
 20
-74.94666523401973
 30
0.0
 11
18.66211968922289
 21
-72.43962875410216
 31
0.0
  0
LINE
  5
5B6
330
473
100
AcDbEntity
  8
OBJ1
 62
9
370
18
 60
1
420
12763830
100
AcDbLine
 10
26.3378803107189
 20
-64.56037124586874
 30
0.0
 11
28.78016778122401
 21
-62.05333476595114
 31
0.0
  0
LINE
  5
5B7
330
473
100
AcDbEntity
  8
OBJ1
 62
9
370
18
 60
1
420
12763830
100
AcDbLine
 10
18.66211968922289
 20
-72.43962875410216
 30
0.0
 11
26.41875757375965
 21
-76.60205770641915
 31
0.0
  0
HATCH
  5
5B8
330
473
100
AcDbEntity
  8
OBJ1
 62
250
370
25
 60
1
420
1644821
100
AcDbHatch
 10
0.0
 20
0.0
 30
0.0
210
0.0
220
0.0
230
1.0
  2
SOLID
 70
1
 71
0
 91
1
 92
7
 72
1
 73
1
 93
2
 10
28.86396103067091
 20
-71.86396103067091
 42
1.0
 10
28.86396103067091
 20
-77.8639610306709
 42
1.0
 97
0
 75
0
 76
1
 47
0.0356976022179879
 98
1
 10
30.12435734999599
 20
-73.42490565998014
450
0
451
0
460
0.0
461
0.0
452
0
462
0.0
453
0
470

  0
CIRCLE
  5
5B9
330
473
100
AcDbEntity
  8
OBJ1
 62
9
370
18
 60
1
420
12763830
100
AcDbCircle
 10
28.86396103067091
 20
-74.8639610306709
 30
0.0
 40
3.0
  0
LINE
  5
5BA
330
473
100
AcDbEntity
  8
OBJ1
 62
9
370
18
 60
1
420
12763830
100
AcDbLine
 10
26.3378803107189
 20
-64.56037124583963
 30
0.0
 11
30.60205770639004
 21
-72.41875757373055
 31
0.0
  0
LINE
  5
5BB
330
473
100
AcDbEntity
  8
OBJ1
 62
250
370
15
 60
1
420
986895
100
AcDbLine
 10
22.5
 20
-15.00009345798753
 30
0.0
 11
22.5
 21
-11.49999999997089
 31
0.0
  0
LINE
  5
5BC
330
473
100
AcDbEntity
  8
OBJ1
 62
250
370
15
 60
1
420
986895
100
AcDbLine
 10
-34.5
 20
-68.4999999999709
 30
0.0
 11
-31.0
 21
-68.4999999999709
 31
0.0
  0
LINE
  5
5BD
330
473
100
AcDbEntity
  8
OBJ1
 62
250
370
15
 60
1
420
986895
100
AcDbLine
 10
-1.322660405712666
 20
-17.39270908560138
 30
0.0
 11
-0.1030153605970554
 21
-20.00924112150096
 31
0.0
  0
LINE
  5
5BE
330
473
100
AcDbEntity
  8
OBJ1
 62
250
370
15
 60
1
420
986895
100
AcDbLine
 10
-20.11446658952627
 20
-35.20387457555626
 30
0.0
 11
-22.41556202113861
 21
-33.40595081311767
 31
0.0
  0
LINE
  5
5BF
330
473
100
AcDbEntity
  8
OBJ1
 62
250
370
15
 60
1
420
986895
100
AcDbLine
 10
-15.81017920735758
 20
-27.29293863550993
 30
0.0
 11
-13.92785961378831
 21
-29.31759267274174
 31
0.0
  0
LINE
  5
5C0
330
473
100
AcDbEntity
  8
OBJ1
 62
250
370
15
 60
1
420
986895
100
AcDbLine
 10
-25.03465197246987
 20
-37.38710089746746
 30
0.0
 11
-22.26382945035584
 21
-39.20068988960703
 31
0.0
  0
LINE
  5
5C1
330
473
100
AcDbEntity
  8
OBJ1
 62
250
370
15
 60
1
420
986895
100
AcDbLine
 10
-19.37285542848985
 20
-30.09054185025161
 30
0.0
 11
-16.92554680322064
 21
-32.33542811989901
 31
0.0
  0
LINE
  5
5C2
330
473
100
AcDbEntity
  8
OBJ1
 62
250
370
15
 60
1
420
986895
100
AcDbLine
 10
-12.77660994126927
 20
-23.96891145201516
 30
0.0
 11
-10.7208231225959
 21
-26.56401412797277
 31
0.0
  0
LINE
  5
5C3
330
473
100
AcDbEntity
  8
OBJ1
 62
250
370
15
 60
1
420
986895
100
AcDbLine
 10
-32.8835623342311
 20
-59.13852953468449
 30
0.0
 11
-30.25172082288191
 21
-59.58338908397127
 31
0.0
  0
LINE
  5
5C4
330
473
100
AcDbEntity
  8
OBJ1
 62
250
370
15
 60
1
420
986895
100
AcDbLine
 10
-32.44295982236508
 20
-54.16137327381875
 30
0.0
 11
-29.26621655927738
 21
-54.99041735884384
 31
0.0
  0
LINE
  5
5C5
330
473
100
AcDbEntity
  8
OBJ1
 62
250
370
18
 60
1
420
986895
100
AcDbLine
 10
-34.3902459841338
 20
-66.00241035074578
 30
0.0
 11
-29.22096012649126
 21
-66.22935179964406
 31
0.0
  0
LINE
  5
5C6
330
473
100
AcDbEntity
  8
OBJ1
 62
250
370
18
 60
1
420
986895
100
AcDbLine
 10
-34.28028198133688
 20
-63.50004218766115
 30
0.0
 11
-30.79377343860688
 21
-63.80705714103533
 31
0.0
  0
LINE
  5
5C7
330
473
100
AcDbEntity
  8
OBJ1
 62
250
370
18
 60
1
420
986895
100
AcDbLine
 10
-33.96204964118079
 20
-61.02037927150377
 30
0.0
 11
-30.53666069998872
 21
-61.47414618736365
 31
0.0
  0
LINE
  5
5C8
330
473
100
AcDbEntity
  8
OBJ1
 62
250
370
18
 60
1
420
986895
100
AcDbLine
 10
-33.70276797952829
 20
-59.00005939789116
 30
0.0
 11
-30.25172082288191
 21
-59.58338908397127
 31
0.0
  0
LINE
  5
5C9
330
473
100
AcDbEntity
  8
OBJ1
 62
250
370
18
 60
1
420
986895
100
AcDbLine
 10
-33.17828581173671
 20
-56.55569476555683
 30
0.0
 11
-29.80987855239073
 21
-57.27829755179119
 31
0.0
  0
LINE
  5
5CA
330
473
100
AcDbEntity
  8
OBJ1
 62
250
370
18
 60
1
420
986895
100
AcDbLine
 10
-32.44295982236508
 20
-54.16137327381875
 30
0.0
 11
-29.26621655927738
 21
-54.99041735884384
 31
0.0
  0
LINE
  5
5CB
330
473
100
AcDbEntity
  8
OBJ1
 62
250
370
18
 60
1
420
986895
100
AcDbLine
 10
-31.91728079458699
 20
-51.71725647995481
 30
0.0
 11
-28.62387660553213
 21
-52.73296981595922
 31
0.0
  0
LINE
  5
5CC
330
473
100
AcDbEntity
  8
OBJ1
 62
250
370
18
 60
1
420
986895
100
AcDbLine
 10
-31.19953171280213
 20
-49.38559983071172
 30
0.0
 11
-27.90219204622554
 21
-50.55929106916301
 31
0.0
  0
LINE
  5
5CD
330
473
100
AcDbEntity
  8
OBJ1
 62
250
370
18
 60
1
420
986895
100
AcDbLine
 10
-34.5
 20
-68.4999999999709
 30
0.0
 11
-31.0
 21
-68.4999999999709
 31
0.0
  0
LINE
  5
5CE
330
473
100
AcDbEntity
  8
OBJ1
 62
250
370
18
 60
1
420
986895
100
AcDbLine
 10
-20.11446658952627
 20
-35.20387457555626
 30
0.0
 11
-20.11446658952627
 21
-35.20387457555626
 31
0.0
  0
LINE
  5
5CF
330
473
100
AcDbEntity
  8
OBJ1
 62
250
370
18
 60
1
420
986895
100
AcDbLine
 10
-20.11446658952627
 20
-35.20387457555626
 30
0.0
 11
-20.11446658952627
 21
-35.20387457555626
 31
0.0
  0
LINE
  5
5D0
330
473
100
AcDbEntity
  8
OBJ1
 62
250
370
18
 60
1
420
986895
100
AcDbLine
 10
-24.43720982020022
 20
-42.82611571458983
 30
0.0
 11
-27.50786840653745
 21
-41.1465158080682
 31
0.0
  0
LINE
  5
5D1
330
473
100
AcDbEntity
  8
OBJ1
 62
250
370
18
 60
1
420
986895
100
AcDbLine
 10
-26.30839131894755
 20
-46.59130453766556
 30
0.0
 11
-29.50146364822285
 21
-45.15802539527067
 31
0.0
  0
LINE
  5
5D2
330
473
100
AcDbEntity
  8
OBJ1
 62
250
370
18
 60
1
420
986895
100
AcDbLine
 10
-7.379568951262625
 20
-24.12138623965438
 30
0.0
 11
-9.334307106968481
 21
-21.2181124422641
 31
0.0
  0
LINE
  5
5D3
330
473
100
AcDbEntity
  8
OBJ1
 62
250
370
18
 60
1
420
986895
100
AcDbLine
 10
-4.055301651067566
 20
-22.05577587874723
 30
0.0
 11
-5.792564375849906
 21
-19.01736869322485
 31
0.0
  0
LINE
  5
5D4
330
473
100
AcDbEntity
  8
OBJ1
 62
250
370
18
 60
1
420
986895
100
AcDbLine
 10
-0.1030153605970554
 20
-20.00924112153007
 30
0.0
 11
-1.581717300112359
 21
-16.83694848461891
 31
0.0
  0
LINE
  5
5D5
330
473
100
AcDbEntity
  8
OBJ1
 62
250
370
18
 60
1
420
986895
100
AcDbLine
 10
3.384076194954103
 20
-18.53169547519064
 30
0.0
 11
2.133501740405336
 21
-15.26274097358691
 31
0.0
  0
LINE
  5
5D6
330
473
100
AcDbEntity
  8
OBJ1
 62
250
370
18
 60
1
420
986895
100
AcDbLine
 10
7.08930366684217
 20
-17.26758410409093
 30
0.0
 11
6.081127271230797
 21
-13.91593072772957
 31
0.0
  0
LINE
  5
5D7
330
473
100
AcDbEntity
  8
OBJ1
 62
250
370
18
 60
1
420
986895
100
AcDbLine
 10
-13.92785961378831
 20
-29.31759267274174
 30
0.0
 11
-16.31099061656277
 21
-26.75425761393853
 31
0.0
  0
LINE
  5
5D8
330
473
100
AcDbEntity
  8
OBJ1
 62
250
370
18
 60
1
420
986895
100
AcDbLine
 10
22.5
 20
-14.99999999997089
 30
0.0
 11
22.39999999996507
 21
-14.99999999997089
 31
0.0
  0
HATCH
  5
5D9
330
473
100
AcDbEntity
  8
OBJ1
 62
250
370
18
 60
1
420
986895
100
AcDbHatch
 10
0.0
 20
0.0
 30
0.0
210
0.0
220
0.0
230
1.0
  2
SOLID
 70
1
 71
0
 91
1
 92
7
 72
0
 73
1
 93
5
 10
22.59999999997672
 20
-15.00009345801663
 10
22.39999999996507
 20
-15.00009345798753
 10
22.40000000002329
 20
-18.49999999997089
 10
22.5
 20
-18.49999999997089
 10
22.59999999997672
 20
-18.49999999997089
 97
0
 75
0
 76
1
 47
0.0134809308849911
 98
1
 10
22.56553962000181
 20
-16.75236057999426
450
0
451
0
460
0.0
461
0.0
452
0
462
0.0
453
0
470

  0
LINE
  5
5DA
330
473
100
AcDbEntity
  8
OBJ1
 62
250
370
18
 60
1
420
986895
100
AcDbLine
 10
22.39999999996507
 20
-14.99999999997089
 30
0.0
 11
22.40000000002329
 21
-18.49999999997089
 31
0.0
  0
LINE
  5
5DB
330
473
100
AcDbEntity
  8
OBJ1
 62
250
370
18
 60
1
420
986895
100
AcDbLine
 10
22.40000000002329
 20
-18.49999999997089
 30
0.0
 11
22.5
 21
-18.49999999997089
 31
0.0
  0
LINE
  5
5DC
330
473
100
AcDbEntity
  8
OBJ1
 62
250
370
18
 60
1
420
986895
100
AcDbLine
 10
22.5
 20
-18.49999999997089
 30
0.0
 11
22.59999999997672
 21
-18.49999999997089
 31
0.0
  0
LINE
  5
5DD
330
473
100
AcDbEntity
  8
OBJ1
 62
250
370
18
 60
1
420
986895
100
AcDbLine
 10
22.59999999997672
 20
-18.49999999997089
 30
0.0
 11
22.59999999997672
 21
-15.00009345798753
 31
0.0
  0
LINE
  5
5DE
330
473
100
AcDbEntity
  8
OBJ1
 62
250
370
18
 60
1
420
986895
100
AcDbLine
 10
22.59999999997672
 20
-15.00009345798753
 30
0.0
 11
22.40000000002329
 21
-15.00009345798753
 31
0.0
  0
HATCH
  5
5DF
330
473
100
AcDbEntity
  8
OBJ1
 62
250
370
18
 60
1
420
986895
100
AcDbHatch
 10
0.0
 20
0.0
 30
0.0
210
0.0
220
0.0
230
1.0
  2
SOLID
 70
1
 71
0
 91
1
 92
7
 72
0
 73
1
 93
6
 10
-7.289146153896578
 20
-24.07868123153458
 10
-7.379568951204419
 20
-24.12138623962528
 10
-7.452733967220408
 20
-24.18955427053152
 10
-5.497995811572764
 20
-27.09282806795091
 10
-5.42483079561498
 20
-27.02466003707377
 10
-5.334457315271717
 20
-26.98185076168738
 97
0
 75
0
 76
1
 47
0.017037857572275
 98
1
 10
-6.341336020035667
 20
-25.6668839599879
450
0
451
0
460
0.0
461
0.0
452
0
462
0.0
453
0
470

  0
LINE
  5
5E0
330
473
100
AcDbEntity
  8
OBJ1
 62
250
370
18
 60
1
420
986895
100
AcDbLine
 10
-7.379568951262625
 20
-24.12138623965438
 30
0.0
 11
-7.289146153896578
 21
-24.07868123153458
 31
0.0
  0
LINE
  5
5E1
330
473
100
AcDbEntity
  8
OBJ1
 62
250
370
18
 60
1
420
986895
100
AcDbLine
 10
-7.379568951262625
 20
-24.12138623965438
 30
0.0
 11
-7.452733967278617
 21
-24.18955427056062
 31
0.0
  0
LINE
  5
5E2
330
473
100
AcDbEntity
  8
OBJ1
 62
250
370
18
 60
1
420
986895
100
AcDbLine
 10
-5.424830795556771
 20
-27.02466003707377
 30
0.0
 11
-5.497995811572764
 21
-27.09282806795091
 31
0.0
  0
LINE
  5
5E3
330
473
100
AcDbEntity
  8
OBJ1
 62
250
370
18
 60
1
420
986895
100
AcDbLine
 10
-5.497995811572764
 20
-27.09282806795091
 30
0.0
 11
-7.452733967278617
 21
-24.18955427056062
 31
0.0
  0
LINE
  5
5E4
330
473
100
AcDbEntity
  8
OBJ1
 62
250
370
18
 60
1
420
986895
100
AcDbLine
 10
-5.424830795556771
 20
-27.02466003707377
 30
0.0
 11
-5.334457315271717
 21
-26.98185076168738
 31
0.0
  0
LINE
  5
5E5
330
473
100
AcDbEntity
  8
OBJ1
 62
250
370
18
 60
1
420
986895
100
AcDbLine
 10
-5.334457315271717
 20
-26.98185076168738
 30
0.0
 11
-7.289146153896578
 21
-24.07868123153458
 31
0.0
  0
HATCH
  5
5E6
330
473
100
AcDbEntity
  8
OBJ1
 62
250
370
15
 60
1
100
AcDbHatch
 10
0.0
 20
0.0
 30
0.0
210
0.0
220
0.0
230
1.0
  2
SOLID
 70
1
 71
0
 91
1
 92
7
 72
1
 73
1
 93
4
 10
6.081127271230797
 20
-13.91593072770047
 42
0.0
 10
6.167542390845482
 20
-14.20321530284127
 42
-0.0731777841023041
 10
22.5
 20
-11.79999999995925
 42
0.0
 10
22.5
 20
-11.49999999997089
 42
0.0731777841022973
 97
0
 75
0
 76
1
 47
0.0340570823160166
 98
1
 10
16.28265313996235
 20
-12.08821009998792
450
0
451
0
460
0.0
461
0.0
452
0
462
0.0
453
0
470

  0
LINE
  5
5E7
330
473
100
AcDbEntity
  8
OBJ1
 62
250
370
18
 60
1
420
986895
100
AcDbLine
 10
7.089276746264657
 20
-17.26749460742576
 30
0.0
 11
6.081127271230797
 21
-13.91593072772957
 31
0.0
  0
HATCH
  5
5E8
330
473
100
AcDbEntity
  8
OBJ1
 62
250
370
18
 60
1
420
986895
100
AcDbHatch
 10
0.0
 20
0.0
 30
0.0
210
0.0
220
0.0
230
1.0
  2
SOLID
 70
1
 71
0
 91
1
 92
7
 72
0
 73
1
 93
6
 10
-27.85402053926373
 20
-50.47165827892603
 10
-27.90219204622554
 20
-50.55929106922121
 10
-27.91920717956964
 20
-50.657832863566
 10
-24.62186751299305
 20
-51.83152410204638
 10
-24.60485237964895
 20
-51.73298230761428
 10
-24.55668087268714
 20
-51.64534951743553
 97
0
 75
0
 76
1
 47
0.0170253457698541
 98
1
 10
-25.53318734001368
 20
-51.37542060998384
450
0
451
0
460
0.0
461
0.0
452
0
462
0.0
453
0
470

  0
LINE
  5
5E9
330
473
100
AcDbEntity
  8
OBJ1
 62
250
370
18
 60
1
420
986895
100
AcDbLine
 10
-27.90219204622554
 20
-50.55929106919212
 30
0.0
 11
-27.85402053926373
 21
-50.47165827895515
 31
0.0
  0
LINE
  5
5EA
330
473
100
AcDbEntity
  8
OBJ1
 62
250
370
18
 60
1
420
986895
100
AcDbLine
 10
-27.90219204622554
 20
-50.55929106919212
 30
0.0
 11
-27.91920717951143
 21
-50.657832863566
 31
0.0
  0
LINE
  5
5EB
330
473
100
AcDbEntity
  8
OBJ1
 62
250
370
18
 60
1
420
986895
100
AcDbLine
 10
-24.60485237964895
 20
-51.7329823076434
 30
0.0
 11
-24.62186751293484
 21
-51.83152410201728
 31
0.0
  0
LINE
  5
5EC
330
473
100
AcDbEntity
  8
OBJ1
 62
250
370
18
 60
1
420
986895
100
AcDbLine
 10
-24.60485237964895
 20
-51.7329823076434
 30
0.0
 11
-24.55668087268714
 21
-51.64534951743553
 31
0.0
  0
LINE
  5
5ED
330
473
100
AcDbEntity
  8
OBJ1
 62
250
370
18
 60
1
420
986895
100
AcDbLine
 10
-24.55668087268714
 20
-51.64534951743553
 30
0.0
 11
-27.85402053926373
 21
-50.47165827895515
 31
0.0
  0
LINE
  5
5EE
330
473
100
AcDbEntity
  8
OBJ1
 62
250
370
18
 60
1
420
986895
100
AcDbLine
 10
-27.91920717951143
 20
-50.657832863566
 30
0.0
 11
-24.62186751293484
 21
-51.83152410201728
 31
0.0
  0
HATCH
  5
5EF
330
473
100
AcDbEntity
  8
OBJ1
 62
250
370
15
 60
1
420
986895
100
AcDbHatch
 10
0.0
 20
0.0
 30
0.0
210
0.0
220
0.0
230
1.0
  2
SOLID
 70
1
 71
0
 91
1
 92
5
 93
4
 72
3
 10
14.01762629527366
 20
-39.94114164999337
 11
-3.241788484679998
 21
8e-16
 40
0.8637207557603191
 50
282.4888764607996
 51
437.5111235392002
 73
1
 72
1
 10
13.40849784994498
 20
-42.69126910655177
 11
13.40849784997408
 21
-42.24513732289778
 72
3
 10
14.01762629527366
 20
-39.94114164999337
 11
-2.741788484679998
 21
7e-16
 40
0.8618645395826035
 50
-75.19101535456309
 51
75.19101535456309
 73
0
 72
1
 10
13.40849784994498
 20
-37.63714597705984
 11
13.40849784994498
 21
-37.19101419340586
 97
0
 75
0
 76
1
 47
0.016930103656502
 98
1
 10
11.73565417993813
 20
-38.25238654241548
450
0
451
0
460
0.0
461
0.0
452
0
462
0.0
453
0
470

  0
ELLIPSE
  5
5F0
330
473
100
AcDbEntity
  8
OBJ1
 62
250
370
15
 60
1
420
986895
100
AcDbEllipse
 10
14.01762629527366
 20
-39.94114164999337
 30
0.0
 11
-3.241788484679998
 21
8e-16
 31
0.0
 40
0.8637207557603191
 41
4.901411470570119
 42
7.664959143789053
  0
ELLIPSE
  5
5F1
330
473
100
AcDbEntity
  8
OBJ1
 62
250
370
15
 60
1
420
986895
100
AcDbEllipse
 10
14.01762629527366
 20
-39.94114164999337
 30
0.0
 11
-2.741788484679998
 21
7e-16
 31
0.0
 40
0.8618645395826035
 41
4.936423011782686
 42
7.629947602576486
  0
LINE
  5
5F2
330
473
100
AcDbEntity
  8
OBJ1
 62
250
370
15
 60
1
420
986895
100
AcDbLine
 10
13.40849784994498
 20
-37.19101419340586
 30
0.0
 11
13.40849784994498
 21
-37.63714597705984
 31
0.0
  0
LINE
  5
5F3
330
473
100
AcDbEntity
  8
OBJ1
 62
250
370
15
 60
1
420
986895
100
AcDbLine
 10
13.40849784994498
 20
-42.24513732289778
 30
0.0
 11
13.40849784994498
 21
-42.69126910655177
 31
0.0
  0
HATCH
  5
5F4
330
473
100
AcDbEntity
  8
OBJ1
 62
250
370
15
 60
1
420
986895
100
AcDbHatch
 10
0.0
 20
0.0
 30
0.0
210
0.0
220
0.0
230
1.0
  2
SOLID
 70
1
 71
0
 91
1
 92
5
 93
8
 72
3
 10
18.02906816528411
 20
-39.94114164999337
 11
-3.241788484679998
 21
8e-16
 40
0.8637207557603191
 50
282.4888764607996
 51
437.5111235392002
 73
1
 72
1
 10
17.41993971995543
 20
-42.69126910655177
 11
17.41993971998454
 21
-42.24513732289778
 72
3
 10
18.02906816528411
 20
-39.94114164999337
 11
-2.741788484679998
 21
7e-16
 40
0.8618645395826035
 50
-75.19101535456309
 51
-5.239140731991824
 73
0
 72
1
 10
15.30266683857189
 20
-40.19114164999336
 11
17.41993972001364
 21
-40.19114164999336
 72
1
 10
17.41993971995543
 20
-40.19114164999336
 11
17.41993971998454
 21
-39.69114164997882
 72
1
 10
17.41993972001364
 20
-39.69114164996426
 11
15.30266683854279
 21
-39.69114164996426
 72
3
 10
18.02906816528411
 20
-39.94114164999337
 11
-2.741788484679998
 21
7e-16
 40
0.8618645395826035
 50
5.239140731991824
 51
75.19101535456309
 73
0
 72
1
 10
17.41993971995543
 20
-37.63714597705984
 11
17.41993971998454
 21
-37.19101419339131
 97
0
 75
0
 76
1
 47
0.016930103656502
 98
1
 10
15.72235587995965
 20
-38.26926022241243
450
0
451
0
460
0.0
461
0.0
452
0
462
0.0
453
0
470

  0
ELLIPSE
  5
5F5
330
473
100
AcDbEntity
  8
OBJ1
 62
250
370
15
 60
1
420
986895
100
AcDbEllipse
 10
18.02906816528411
 20
-39.94114164999337
 30
0.0
 11
-3.241788484679998
 21
8e-16
 31
0.0
 40
0.8637207557603191
 41
4.901411470570119
 42
7.664959143789053
  0
ELLIPSE
  5
5F6
330
473
100
AcDbEntity
  8
OBJ1
 62
250
370
15
 60
1
420
986895
100
AcDbEllipse
 10
18.02906816528411
 20
-39.94114164999337
 30
0.0
 11
-2.741788484679998
 21
7e-16
 31
0.0
 40
0.8618645395826035
 41
4.936423011782686
 42
6.177191486585963
  0
ELLIPSE
  5
5F7
330
473
100
AcDbEntity
  8
OBJ1
 62
250
370
15
 60
1
420
986895
100
AcDbEllipse
 10
18.02906816528411
 20
-39.94114164999337
 30
0.0
 11
-2.741788484679998
 21
7e-16
 31
0.0
 40
0.8618645395826035
 41
6.38917912777321
 42
7.629947602576486
  0
LINE
  5
5F8
330
473
100
AcDbEntity
  8
OBJ1
 62
250
370
15
 60
1
420
986895
100
AcDbLine
 10
17.41993971995543
 20
-37.19101419340586
 30
0.0
 11
17.41993971995543
 21
-37.63714597705984
 31
0.0
  0
LINE
  5
5F9
330
473
100
AcDbEntity
  8
OBJ1
 62
250
370
15
 60
1
420
986895
100
AcDbLine
 10
17.41993971995543
 20
-42.24513732289778
 30
0.0
 11
17.41993971995543
 21
-42.69126910655177
 31
0.0
  0
LINE
  5
5FA
330
473
100
AcDbEntity
  8
OBJ1
 62
250
370
15
 60
1
420
986895
100
AcDbLine
 10
17.41993971995543
 20
-39.69114164999337
 30
0.0
 11
15.30266683851368
 21
-39.69114164999337
 31
0.0
  0
LINE
  5
5FB
330
473
100
AcDbEntity
  8
OBJ1
 62
250
370
15
 60
1
420
986895
100
AcDbLine
 10
17.41993971995543
 20
-40.19114164999336
 30
0.0
 11
15.30266683851368
 21
-40.19114164999336
 31
0.0
  0
LINE
  5
5FC
330
473
100
AcDbEntity
  8
OBJ1
 62
250
370
15
 60
1
420
986895
100
AcDbLine
 10
17.41993971995543
 20
-39.69114164999337
 30
0.0
 11
17.41993971995543
 21
-40.19114164999336
 31
0.0
  0
HATCH
  5
5FD
330
473
100
AcDbEntity
  8
OBJ1
 62
18
370
30
 60
1
420
197379
100
AcDbHatch
 10
0.0
 20
0.0
 30
0.0
210
0.0
220
0.0
230
1.0
  2
SOLID
 70
1
 71
0
 91
1
 92
7
 72
1
 73
1
 93
11
 10
24.3728824473219
 20
-67.85389359583496
 42
0.0
 10
23.86980308999773
 20
-67.06864342608604
 42
0.3835460179617169
 10
21.22134518565145
 20
-66.98666460660752
 42
0.0
 10
21.1976198044722
 20
-67.00988502288237
 42
0.0
 10
21.57153271103743
 20
-67.34269162255805
 42
-0.6293609240649536
 10
23.98371634318028
 20
-68.4999999999709
 42
-1.0
 10
21.01628365681972
 20
-68.4999999999709
 42
-0.1470823766087105
 10
21.26230462751118
 20
-67.68175532261375
 42
0.0
 10
20.88893570535583
 20
-67.34691111111897
 42
0.3762245322461113
 10
21.14573564950843
 20
-69.94606715481495
 42
0.0
 10
21.76146960724145
 20
-70.33840012131259
 42
0.6427278185730673
 97
0
 75
0
 76
1
 47
0.0207888959371373
 98
1
 10
24.17580733995419
 20
-68.36870756000279
450
0
451
0
460
0.0
461
0.0
452
0
462
0.0
453
0
470

  0
HATCH
  5
5FE
330
473
100
AcDbEntity
  8
OBJ1
 62
250
370
15
 60
1
420
1842204
100
AcDbHatch
 10
0.0
 20
0.0
 30
0.0
210
0.0
220
0.0
230
1.0
  2
SOLID
 70
1
 71
0
 91
1
 92
7
 72
1
 73
1
 93
4
 10
20.88893570535583
 20
-67.34691111111897
 42
0.0
 10
20.87248144706245
 20
-67.33215462547378
 42
0.0
 10
20.51880284998333
 20
-67.68839377557742
 42
0.0
 10
20.51880284998333
 20
-68.4999999999709
 42
-0.1565621979539747
 97
0
 75
0
 76
1
 47
0.0042684354460037
 98
1
 10
20.62010298995301
 20
-67.70254807997844
450
0
451
0
460
0.0
461
0.0
452
0
462
0.0
453
0
470

  0
ARC
  5
5FF
330
473
100
AcDbEntity
  8
OBJ1
 62
27
370
18
 60
1
100
AcDbCircle
 10
22.5
 20
-68.4999999999709
 30
0.0
 40
1.981197149987563
100
AcDbArc
 50
144.4075214326411
 51
131.1617066542584
  0
LINE
  5
600
330
473
100
AcDbEntity
  8
OBJ1
 62
27
370
18
 60
1
100
AcDbLine
 10
26.3339117783471
 20
-73.25186587809003
 30
0.0
 11
21.76146960741608
 21
-70.3384001213708
 31
0.0
  0
LINE
  5
601
330
473
100
AcDbEntity
  8
OBJ1
 62
27
370
18
 60
1
100
AcDbLine
 10
24.37288244743831
 20
-67.85389359603867
 30
0.0
 11
27.24561513005756
 21
-72.33790549958938
 31
0.0
  0
HATCH
  5
602
330
473
100
AcDbEntity
  8
OBJ1
 62
21
370
25
 60
1
420
14659487
100
AcDbHatch
 10
0.0
 20
0.0
 30
0.0
210
0.0
220
0.0
230
1.0
  2
SOLID
 70
1
 71
0
 91
1
 92
7
 72
1
 73
1
 93
2
 10
23.98371634318028
 20
-68.4999999999709
 42
1.0
 10
21.01628365681972
 20
-68.4999999999709
 42
1.0
 97
0
 75
0
 76
1
 47
0.0507982752959763
 98
1
 10
22.00381050998112
 20
-68.68044447997816
450
0
451
0
460
0.0
461
0.0
452
0
462
0.0
453
0
470

  0
HATCH
  5
603
330
473
100
AcDbEntity
  8
OBJ1
 62
18
370
30
 60
1
420
197379
100
AcDbHatch
 10
0.0
 20
0.0
 30
0.0
210
0.0
220
0.0
230
1.0
  2
SOLID
 70
1
 71
0
 91
1
 92
7
 72
1
 73
1
 93
5
 10
21.26230462754029
 20
-67.68175532261375
 42
-0.0777900780864964
 10
21.57153271106654
 20
-67.34269162255805
 42
0.0
 10
17.39944600994931
 20
-63.6292654099525
 42
0.0
 10
17.23986388026968
 20
-63.78281024988972
 42
0.0
 10
17.08868080002139
 20
-63.93877164996229
 42
0.0
 97
0
 75
0
 76
1
 47
0.0295600269119649
 98
1
 10
20.26285342994379
 20
-66.5354639699799
450
0
451
0
460
0.0
461
0.0
452
0
462
0.0
453
0
470

  0
CIRCLE
  5
604
330
473
100
AcDbEntity
  8
OBJ1
 62
27
370
18
 60
1
100
AcDbCircle
 10
22.5
 20
-68.4999999999709
 30
0.0
 40
1.483716343185935
  0
LINE
  5
605
330
473
100
AcDbEntity
  8
OBJ1
 62
27
370
18
 60
1
100
AcDbLine
 10
22.87440803751815
 20
-71.04754151331142
 30
0.0
 11
20.66026822093409
 21
-73.51189117284956
 31
0.0
  0
LINE
  5
606
330
473
100
AcDbEntity
  8
OBJ1
 62
27
370
18
 60
1
100
AcDbLine
 10
24.97557758889161
 20
-68.79463277611647
 30
0.0
 11
27.32459153025411
 21
-66.37876603522454
 31
0.0
  0
LINE
  5
607
330
473
100
AcDbEntity
  8
OBJ1
 62
27
370
18
 60
1
100
AcDbLine
 10
21.1976198044722
 20
-67.00988502288237
 30
0.0
 11
27.39304720622022
 21
-60.94631950385519
 31
0.0
  0
LINE
  5
608
330
473
100
AcDbEntity
  8
OBJ1
 62
27
370
18
 60
1
100
AcDbLine
 10
20.87248144706245
 20
-67.33215462547378
 30
0.0
 11
14.91049905342515
 21
-73.33730042300884
 31
0.0
  0
LINE
  5
609
330
473
100
AcDbEntity
  8
OBJ1
 62
27
370
18
 60
1
100
AcDbLine
 10
17.23986387997866
 20
-63.78281024997703
 30
0.0
 11
17.39944600994931
 21
-63.62926540998159
 31
0.0
  0
LINE
  5
60A
330
473
100
AcDbEntity
  8
OBJ1
 62
27
370
18
 60
1
100
AcDbLine
 10
17.39944600994931
 20
-63.62926540998159
 30
0.0
 11
21.57153271103743
 21
-67.34269162255805
 31
0.0
  0
LINE
  5
60B
330
473
100
AcDbEntity
  8
OBJ1
 62
27
370
18
 60
1
100
AcDbLine
 10
17.23986387997866
 20
-63.78281024997703
 30
0.0
 11
17.08868079999229
 21
-63.93877164999139
 31
0.0
  0
LINE
  5
60C
330
473
100
AcDbEntity
  8
OBJ1
 62
27
370
18
 60
1
100
AcDbLine
 10
17.08868079999229
 20
-63.93877164999139
 30
0.0
 11
21.26230462751118
 21
-67.68175532261375
 31
0.0
  0
HATCH
  5
60D
330
473
100
AcDbEntity
  8
OBJ1
 62
250
370
25
 60
1
420
3092263
100
AcDbHatch
 10
0.0
 20
0.0
 30
0.0
210
0.0
220
0.0
230
1.0
  2
SOLID
 70
1
 71
0
 91
1
 92
7
 72
1
 73
1
 93
4
 10
30.42813615914202
 20
-76.17920849553775
 42
0.0488725903343103
 10
30.65367290261202
 20
-75.85059730702778
 42
0.0
 10
27.29979740548879
 20
-73.54869988543214
 42
0.0489437404981566
 10
27.07397772843251
 20
-73.87781727639957
 42
0.0
 97
0
 75
0
 76
1
 47
0.0176495059705093
 98
1
 10
29.20113271998707
 20
-75.1075786500005
450
0
451
0
460
0.0
461
0.0
452
0
462
0.0
453
0
470

  0
ARC
  5
60E
330
473
100
AcDbEntity
  8
OBJ1
 62
9
370
18
 60
1
420
12763830
100
AcDbCircle
 10
28.86396103067091
 20
-74.8639610306709
 30
0.0
 40
2.043653524065109
100
AcDbArc
 50
319.9409669240531
 51
331.1328345298811
  0
ARC
  5
60F
330
473
100
AcDbEntity
  8
OBJ1
 62
9
370
18
 60
1
420
12763830
100
AcDbCircle
 10
28.86396103067091
 20
-74.8639610306709
 30
0.0
 40
2.043653524065109
100
AcDbArc
 50
139.9404658112731
 51
151.1486009210659
  0
LINE
  5
610
330
473
100
AcDbEntity
  8
OBJ1
 62
9
370
18
 60
1
420
12763830
100
AcDbLine
 10
27.29979740548879
 20
-73.54869988543214
 30
0.0
 11
30.65367290261202
 21
-75.85059730702778
 31
0.0
  0
LINE
  5
611
330
473
100
AcDbEntity
  8
OBJ1
 62
9
370
18
 60
1
420
12763830
100
AcDbLine
 10
27.07397772843251
 20
-73.87781727639957
 30
0.0
 11
30.42813615914202
 21
-76.17920849553775
 31
0.0
  0
LINE
  5
612
330
473
100
AcDbEntity
  8
OBJ1
 62
27
370
18
 60
1
100
AcDbLine
 10
20.51880285004154
 20
-68.4999999999709
 30
0.0
 11
-23.23251691000769
 21
-68.4999999999709
 31
0.0
  0
LINE
  5
613
330
473
100
AcDbEntity
  8
OBJ1
 62
27
370
18
 60
1
100
AcDbLine
 10
20.51880284998333
 20
-68.4999999999709
 30
0.0
 11
20.51880284998333
 21
-69.4999999999709
 31
0.0
  0
LINE
  5
614
330
473
100
AcDbEntity
  8
OBJ1
 62
27
370
18
 60
1
100
AcDbLine
 10
20.51880284998333
 20
-69.4999999999709
 30
0.0
 11
-21.7536104900064
 21
-69.4999999999709
 31
0.0
  0
LINE
  5
615
330
473
100
AcDbEntity
  8
OBJ1
 62
27
370
18
 60
1
100
AcDbLine
 10
-21.7536104900064
 20
-69.4999999999709
 30
0.0
 11
-23.23251691000769
 21
-68.4999999999709
 31
0.0
  0
LINE
  5
616
330
473
100
AcDbEntity
  8
OBJ1
 62
27
370
18
 60
1
100
AcDbLine
 10
20.51880284998333
 20
-68.4999999999709
 30
0.0
 11
20.51880284998333
 21
-67.4999999999709
 31
0.0
  0
LINE
  5
617
330
473
100
AcDbEntity
  8
OBJ1
 62
27
370
18
 60
1
100
AcDbLine
 10
20.51880284998333
 20
-67.4999999999709
 30
0.0
 11
-21.7536104900064
 21
-67.4999999999709
 31
0.0
  0
LINE
  5
618
330
473
100
AcDbEntity
  8
OBJ1
 62
27
370
18
 60
1
100
AcDbLine
 10
-21.7536104900064
 20
-67.4999999999709
 30
0.0
 11
-23.23251691000769
 21
-68.4999999999709
 31
0.0
  0
LINE
  5
619
330
473
100
AcDbEntity
  8
OBJ1
 62
27
370
18
 60
1
100
AcDbLine
 10
-23.23251691000769
 20
-68.4999999999709
 30
0.0
 11
-26.74091818538727
 21
-68.4999999999709
 31
0.0
  0
CIRCLE
  5
61A
330
473
100
AcDbEntity
  8
OBJ1
 62
27
370
25
 60
1
100
AcDbCircle
 10
2.5
 20
-77.67555788441676
 30
0.0
 40
1.0
  0
CIRCLE
  5
61B
330
473
100
AcDbEntity
  8
OBJ1
 62
27
370
25
 60
1
100
AcDbCircle
 10
31.63780897198012
 20
-48.49999999997089
 30
0.0
 40
1.0
  0
CIRCLE
  5
61C
330
473
100
AcDbEntity
  8
OBJ1
  6
ByBlock
 62
41
370
15
 60
1
420
15654007
100
AcDbCircle
 10
31.63780897198012
 20
-48.49999999997089
 30
0.0
 40
0.84
  0
LINE
  5
61D
330
473
100
AcDbEntity
  8
0
 62
41
370
15
 60
1
420
15654007
100
AcDbLine
 10
32.08304655278335
 20
-48.19399263526429
 30
0.0
 11
31.77703918807674
 21
-48.49999999997089
 31
0.0
  0
LINE
  5
61E
330
473
100
AcDbEntity
  8
0
 62
41
370
15
 60
1
420
15654007
100
AcDbLine
 10
31.63780897198012
 20
-48.36076978387428
 30
0.0
 11
31.94381633668673
 21
-48.05476241910946
 31
0.0
  0
LINE
  5
61F
330
473
100
AcDbEntity
  8
0
 62
41
370
15
 60
1
420
15654007
100
AcDbLine
 10
31.19257139106049
 20
-48.80600736473571
 30
0.0
 11
31.49857875582529
 21
-48.49999999997089
 31
0.0
  0
LINE
  5
620
330
473
100
AcDbEntity
  8
0
 62
41
370
15
 60
1
420
15654007
100
AcDbLine
 10
31.63780897198012
 20
-48.63923021612571
 30
0.0
 11
31.33180160721531
 21
-48.94523758089054
 31
0.0
  0
LINE
  5
621
330
473
100
AcDbEntity
  8
0
 62
41
370
15
 60
1
420
15654007
100
AcDbLine
 10
31.3318016071571
 20
-48.05476241905124
 30
0.0
 11
31.63780897198012
 21
-48.36076978387428
 31
0.0
  0
LINE
  5
622
330
473
100
AcDbEntity
  8
0
 62
41
370
15
 60
1
420
15654007
100
AcDbLine
 10
31.49857875582529
 20
-48.49999999997089
 30
0.0
 11
31.19257139100227
 21
-48.19399263517698
 31
0.0
  0
LINE
  5
623
330
473
100
AcDbEntity
  8
0
 62
41
370
15
 60
1
420
15654007
100
AcDbLine
 10
31.94381633674493
 20
-48.94523758089054
 30
0.0
 11
31.63780897198012
 21
-48.63923021612571
 31
0.0
  0
LINE
  5
624
330
473
100
AcDbEntity
  8
0
 62
41
370
15
 60
1
420
15654007
100
AcDbLine
 10
31.77703918807674
 20
-48.49999999997089
 30
0.0
 11
32.08304655289976
 21
-48.8060073647648
 31
0.0
  0
ARC
  5
625
330
473
100
AcDbEntity
  8
OBJ1
  6
ByBlock
 62
41
370
15
 60
1
420
15654007
100
AcDbCircle
 10
32.01343144476414
 20
-48.12437752718688
 30
0.0
 40
0.0984506299815822
100
AcDbArc
 50
315.0000000004423
 51
135.0000000004424
  0
ARC
  5
626
330
473
100
AcDbEntity
  8
OBJ1
  6
ByBlock
 62
41
370
15
 60
1
420
15654007
100
AcDbCircle
 10
32.01343144482236
 20
-48.87562247284222
 30
0.0
 40
0.0984506299687705
100
AcDbArc
 50
224.9999999877664
 51
45.00000000899055
  0
ARC
  5
627
330
473
100
AcDbEntity
  8
OBJ1
  6
ByBlock
 62
41
370
15
 60
1
420
15654007
100
AcDbCircle
 10
31.2621864991379
 20
-48.87562247281312
 30
0.0
 40
0.0984506299713328
100
AcDbArc
 50
135.0000000004424
 51
314.9999999957259
  0
ARC
  5
628
330
473
100
AcDbEntity
  8
OBJ1
  6
ByBlock
 62
41
370
15
 60
1
420
15654007
100
AcDbCircle
 10
31.26218649907969
 20
-48.12437752712867
 30
0.0
 40
0.0984506299738952
100
AcDbArc
 50
45.00000000427408
 51
224.9999999924829
  0
CIRCLE
  5
629
330
473
100
AcDbEntity
  8
OBJ1
  6
ByBlock
 62
41
370
15
 60
1
420
15654007
100
AcDbCircle
 10
2.5
 20
-77.67555788441676
 30
0.0
 40
0.84
  0
LINE
  5
62A
330
473
100
AcDbEntity
  8
0
 62
41
370
15
 60
1
420
15654007
100
AcDbLine
 10
2.945237580803221
 20
-77.36955051971017
 30
0.0
 11
2.639230216096621
 21
-77.67555788441676
 31
0.0
  0
LINE
  5
62B
330
473
100
AcDbEntity
  8
0
 62
41
370
15
 60
1
420
15654007
100
AcDbLine
 10
2.5
 20
-77.53632766832015
 30
0.0
 11
2.806007364706601
 21
-77.23032030355535
 31
0.0
  0
LINE
  5
62C
330
473
100
AcDbEntity
  8
0
 62
41
370
15
 60
1
420
15654007
100
AcDbLine
 10
2.05476241908036
 20
-77.9815652491816
 30
0.0
 11
2.36076978384517
 21
-77.67555788441676
 31
0.0
  0
LINE
  5
62D
330
473
100
AcDbEntity
  8
0
 62
41
370
15
 60
1
420
15654007
100
AcDbLine
 10
2.5
 20
-77.81478810057159
 30
0.0
 11
2.193992635235189
 21
-78.12079546533641
 31
0.0
  0
LINE
  5
62E
330
473
100
AcDbEntity
  8
0
 62
41
370
15
 60
1
420
15654007
100
AcDbLine
 10
2.19399263517698
 20
-77.23032030349712
 30
0.0
 11
2.5
 21
-77.53632766832015
 31
0.0
  0
LINE
  5
62F
330
473
100
AcDbEntity
  8
0
 62
41
370
15
 60
1
420
15654007
100
AcDbLine
 10
2.36076978384517
 20
-77.67555788441676
 30
0.0
 11
2.054762419022154
 21
-77.36955051962286
 31
0.0
  0
LINE
  5
630
330
473
100
AcDbEntity
  8
0
 62
41
370
15
 60
1
420
15654007
100
AcDbLine
 10
2.806007364764809
 20
-78.12079546533641
 30
0.0
 11
2.5
 21
-77.81478810057159
 31
0.0
  0
LINE
  5
631
330
473
100
AcDbEntity
  8
0
 62
41
370
15
 60
1
420
15654007
100
AcDbLine
 10
2.639230216096621
 20
-77.67555788441676
 30
0.0
 11
2.945237580919638
 21
-77.98156524921068
 31
0.0
  0
ARC
  5
632
330
473
100
AcDbEntity
  8
OBJ1
  6
ByBlock
 62
41
370
15
 60
1
420
15654007
100
AcDbCircle
 10
2.875622472784016
 20
-77.29993541163277
 30
0.0
 40
0.0984506299815822
100
AcDbArc
 50
315.0000000004423
 51
135.0000000004424
  0
ARC
  5
633
330
473
100
AcDbEntity
  8
OBJ1
  6
ByBlock
 62
41
370
15
 60
1
420
15654007
100
AcDbCircle
 10
2.875622472842223
 20
-78.05118035728809
 30
0.0
 40
0.0984506299687705
100
AcDbArc
 50
224.9999999877664
 51
45.00000000899055
  0
ARC
  5
634
330
473
100
AcDbEntity
  8
OBJ1
  6
ByBlock
 62
41
370
15
 60
1
420
15654007
100
AcDbCircle
 10
2.124377527157774
 20
-78.051180357259
 30
0.0
 40
0.0984506299713328
100
AcDbArc
 50
135.0000000004424
 51
314.9999999957259
  0
ARC
  5
635
330
473
100
AcDbEntity
  8
OBJ1
  6
ByBlock
 62
41
370
15
 60
1
420
15654007
100
AcDbCircle
 10
2.124377527099568
 20
-77.29993541157455
 30
0.0
 40
0.0984506299738952
100
AcDbArc
 50
45.00000000427408
 51
224.9999999924829
  0
MTEXT
  5
636
330
473
100
AcDbEntity
  8
OBJ1
 62
0
370
30
 60
1
100
AcDbMText
 10
-32.42679954005871
 20
-13.82701537999674
 30
0.0
 40
10.0
 41
13.33669885000563
 46
0.0
 71
1
 72
5
  1
{\C250;\c986895;A}
  7
HTXT1
  0
HATCH
  5
637
330
473
100
AcDbEntity
  8
OBJ1
 62
250
370
15
 60
1
100
AcDbHatch
 10
0.0
 20
0.0
 30
0.0
210
0.0
220
0.0
230
1.0
  2
SOLID
 70
1
 71
0
 91
1
 92
7
 72
1
 73
1
 93
6
 10
-27.48298197053373
 20
-68.39999999999418
 42
0.0
 10
-30.98298216011608
 20
-68.39999999999418
 42
0.0004674378966477
 10
-30.9830756476731
 20
-68.4999999999709
 42
0.0004674378966817
 10
-30.98298216011608
 20
-68.59999999997672
 42
0.0
 10
-27.48298197053373
 20
-68.60000000181026
 42
-0.0005001696217268
 10
-27.48308200453176
 20
-68.4999999999709
 42
-0.0005001696125924
 97
0
 75
0
 76
1
 47
0.0082254252827485
 98
1
 10
-28.76821046002442
 20
-68.49680800997885
450
0
451
0
460
0.0
461
0.0
452
0
462
0.0
453
0
470

  0
HATCH
  5
638
330
473
100
AcDbEntity
  8
OBJ1
 62
250
370
15
 60
1
100
AcDbHatch
 10
0.0
 20
0.0
 30
0.0
210
0.0
220
0.0
230
1.0
  2
SOLID
 70
1
 71
0
 91
1
 92
7
 72
1
 73
1
 93
5
 10
-19.5711506101652
 20
-35.50303308575531
 42
0.0
 10
-19.64425265497993
 20
-35.5712686413317
 42
0.0
 10
-19.69234341033734
 20
-35.65894577201107
 42
0.0
 10
-16.94697381631703
 20
-37.80399466695963
 42
-0.0009877140198275
 10
-16.82539080345305
 20
-37.64838537730975
 42
0.0
 97
0
 75
0
 76
1
 47
0.0117526707275188
 98
1
 10
-18.68573980999645
 20
-36.35564394999529
450
0
451
0
460
0.0
461
0.0
452
0
462
0.0
453
0
470

  0
LINE
  5
639
330
473
100
AcDbEntity
  8
OBJ1
 62
250
370
15
 60
1
100
AcDbLine
 10
-31.0
 20
-68.4999999999709
 30
0.0
 11
-31.0
 21
-68.39999999999418
 31
0.0
  0
LINE
  5
63A
330
473
100
AcDbEntity
  8
OBJ1
 62
250
370
15
 60
1
100
AcDbLine
 10
-31.0
 20
-68.39999999999418
 30
0.0
 11
-27.48298197053373
 21
-68.39999999999418
 31
0.0
  0
LINE
  5
63B
330
473
100
AcDbEntity
  8
OBJ1
 62
250
370
15
 60
1
100
AcDbLine
 10
-27.48298197053373
 20
-68.39999999999418
 30
0.0
 11
-27.48298197053373
 21
-68.59999999997672
 31
0.0
  0
LINE
  5
63C
330
473
100
AcDbEntity
  8
OBJ1
 62
250
370
15
 60
1
100
AcDbLine
 10
-31.0
 20
-68.4999999999709
 30
0.0
 11
-31.0
 21
-68.59999999997672
 31
0.0
  0
LINE
  5
63D
330
473
100
AcDbEntity
  8
OBJ1
 62
250
370
15
 60
1
100
AcDbLine
 10
-31.0
 20
-68.59999999997672
 30
0.0
 11
-27.48298197053373
 21
-68.60000000181026
 31
0.0
  0
LINE
  5
63E
330
473
100
AcDbEntity
  8
OBJ1
 62
250
370
15
 60
1
100
AcDbLine
 10
-19.64425265497993
 20
-35.5712686413317
 30
0.0
 11
-19.5711506101652
 21
-35.50303308575531
 31
0.0
  0
LINE
  5
63F
330
473
100
AcDbEntity
  8
OBJ1
 62
250
370
15
 60
1
100
AcDbLine
 10
-16.88628455752041
 20
-37.72616248461418
 30
0.0
 11
-16.81319221941521
 21
-37.65791653154884
 31
0.0
  0
LINE
  5
640
330
473
100
AcDbEntity
  8
OBJ1
 62
250
370
15
 60
1
100
AcDbLine
 10
-16.81319221941521
 20
-37.65791653154884
 30
0.0
 11
-19.5711506101652
 21
-35.50303308575531
 31
0.0
  0
LINE
  5
641
330
473
100
AcDbEntity
  8
OBJ1
 62
250
370
15
 60
1
100
AcDbLine
 10
-19.64425265497993
 20
-35.5712686413317
 30
0.0
 11
-19.69234341033734
 21
-35.65894577201107
 31
0.0
  0
LINE
  5
642
330
473
100
AcDbEntity
  8
OBJ1
 62
250
370
15
 60
1
100
AcDbLine
 10
-16.88628455752041
 20
-37.72616248461418
 30
0.0
 11
-16.93436965683941
 21
-37.81384271741263
 31
0.0
  0
LINE
  5
643
330
473
100
AcDbEntity
  8
OBJ1
 62
250
370
15
 60
1
100
AcDbLine
 10
-16.93436965683941
 20
-37.81384271741263
 30
0.0
 11
-19.69234341033734
 21
-35.65894577201107
 31
0.0
  0
LINE
  5
644
330
473
100
AcDbEntity
  8
OBJ1
 62
250
370
15
 60
1
100
AcDbLine
 10
-20.11446658952627
 20
-35.20387457555626
 30
0.0
 11
-19.64425265497993
 21
-35.5712686413608
 31
0.0
  0
ARC
  5
645
330
473
100
AcDbEntity
  8
OBJ1
 62
250
370
15
 60
1
100
AcDbCircle
 10
22.5
 20
-68.4999999999709
 30
0.0
 40
57.00000000001455
100
AcDbArc
 50
90.0
 51
106.7412721823098
  0
LINE
  5
646
330
473
100
AcDbEntity
  8
OBJ1
 62
250
370
15
 60
1
100
AcDbLine
 10
22.5
 20
-11.49999999997089
 30
0.0
 11
22.5
 21
-11.79999999995925
 31
0.0
  0
ARC
  5
647
330
473
100
AcDbEntity
  8
OBJ1
 62
250
370
15
 60
1
100
AcDbCircle
 10
22.5
 20
-68.4999999999709
 30
0.0
 40
56.70000000001164
100
AcDbArc
 50
90.0
 51
106.7412721823098
  0
HATCH
  5
648
330
473
100
AcDbEntity
  8
OBJ1
 62
250
370
15
 60
1
100
AcDbHatch
 10
0.0
 20
0.0
 30
0.0
210
0.0
220
0.0
230
1.0
  2
SOLID
 70
1
 71
0
 91
1
 92
7
 72
0
 73
1
 93
6
 10
7.188224725425242
 20
-17.25293404702097
 10
7.08930366684217
 20
-17.26758410409093
 10
6.998930186557117
 20
-17.31039337944821
 10
8.007192862161899
 20
-20.66222842654679
 10
8.09748006251175
 20
-20.61923748045229
 10
8.196429180039557
 20
-20.60477815341437
 97
0
 75
0
 76
1
 47
0.016922631216081
 98
1
 10
7.649328799976501
 20
-19.09270854000351
450
0
451
0
460
0.0
461
0.0
452
0
462
0.0
453
0
470

  0
LINE
  5
649
330
473
100
AcDbEntity
  8
OBJ1
 62
250
370
15
 60
1
100
AcDbLine
 10
7.08930366684217
 20
-17.26758410409093
 30
0.0
 11
7.188224725425242
 21
-17.25293404702097
 31
0.0
  0
LINE
  5
64A
330
473
100
AcDbEntity
  8
OBJ1
 62
250
370
15
 60
1
100
AcDbLine
 10
8.09748006251175
 20
-20.61923748045229
 30
0.0
 11
8.196429180039557
 21
-20.60477815341437
 31
0.0
  0
LINE
  5
64B
330
473
100
AcDbEntity
  8
OBJ1
 62
250
370
15
 60
1
100
AcDbLine
 10
7.08930366684217
 20
-17.26758410409093
 30
0.0
 11
6.998930186557117
 21
-17.31039337947732
 31
0.0
  0
LINE
  5
64C
330
473
100
AcDbEntity
  8
OBJ1
 62
250
370
15
 60
1
100
AcDbLine
 10
8.09748006251175
 20
-20.61923748045229
 30
0.0
 11
8.007192862103691
 21
-20.66222842654679
 31
0.0
  0
LINE
  5
64D
330
473
100
AcDbEntity
  8
OBJ1
 62
250
370
15
 60
1
100
AcDbLine
 10
8.007192862103691
 20
-20.66222842654679
 30
0.0
 11
6.998930186557117
 21
-17.31039337947732
 31
0.0
  0
LINE
  5
64E
330
473
100
AcDbEntity
  8
OBJ1
 62
250
370
15
 60
1
100
AcDbLine
 10
7.188224725425242
 20
-17.25293404702097
 30
0.0
 11
8.196429180039557
 21
-20.60477815341437
 31
0.0
  0
ARC
  5
64F
330
473
100
AcDbEntity
  8
OBJ1
 62
250
370
18
 60
1
100
AcDbCircle
 10
-24.83279665443115
 20
-90.8467660291353
 30
0.0
 40
18.49999999991149
100
AcDbArc
 50
67.7667282020393
 51
112.2332717979607
  0
ARC
  5
650
330
473
100
AcDbEntity
  8
OBJ1
 62
250
370
18
 60
1
100
AcDbCircle
 10
-24.83279665443115
 20
-58.84676602925174
 30
0.0
 40
18.49999999997884
100
AcDbArc
 50
247.7667282020393
 51
292.2332717979607
  0
LINE
  5
651
330
473
100
AcDbEntity
  8
OBJ1
 62
250
370
18
 60
1
100
AcDbLine
 10
-31.83279665443115
 20
-73.7222222396813
 30
0.0
 11
-31.83279665443115
 21
-75.97130981876398
 31
0.0
  0
LINE
  5
652
330
473
100
AcDbEntity
  8
OBJ1
 62
250
370
18
 60
1
100
AcDbLine
 10
-17.83279665448936
 20
-73.7222222396813
 30
0.0
 11
-17.83279665448936
 21
-75.9713098187931
 31
0.0
  0
MTEXT
  5
653
330
473
100
AcDbEntity
  8
OBJ1
 62
250
370
15
 60
1
100
AcDbMText
 10
-33.03853678051382
 20
-80.29999999998834
 30
0.0
 40
2.0
 41
49.18823644431539
 46
0.0
 71
1
 72
5
  1
MODEL
  7
ROMANS
  0
MTEXT
  5
654
330
473
100
AcDbEntity
  8
OBJ1
 62
250
370
18
 60
1
100
AcDbMText
 10
-29.92083774000639
 20
-73.55243463997613
 30
0.0
 40
2.5
 41
17.01935227999638
 46
0.0
 71
1
 72
5
  1
MIZUNO
  7
HTXT1
  0
MTEXT
  5
655
330
473
100
AcDbEntity
  8
OBJ1
 62
250
370
15
 60
1
100
AcDbMText
 10
-19.91243605001364
 20
-80.29999999998834
 30
0.0
 40
2.0
 41
17.65497829999367
 46
0.0
 71
1
 72
5
  1
-96
  7
HTXT1
  0
MTEXT
  5
656
330
473
100
AcDbEntity
  8
OBJ1
 62
250
370
15
 60
1
100
AcDbMText
 10
7.30726226995466
 20
-79.918647220009
 30
0.0
 40
2.0
 41
29.35058359999676
 46
0.0
 71
1
 72
5
  1
C.T 100/5
  7
HTXT1
  0
MTEXT
  5
657
330
473
100
AcDbEntity
  8
OBJ1
 62
250
370
15
 60
1
100
AcDbMText
 10
19.87636588996975
 20
-80.29999999998834
 30
0.0
 40
2.0
 41
9.301026130007813
 46
0.0
 71
1
 72
5
  1
A
  7
HTXT1
  0
LINE
  5
658
330
473
100
AcDbEntity
  8
OBJ1
 62
250
370
18
 60
1
100
AcDbLine
 10
8.990696308494078
 20
-76.41619346788502
 30
0.0
 11
8.990696308494078
 21
-79.52403028769186
 31
0.0
  0
LINE
  5
659
330
473
100
AcDbEntity
  8
OBJ1
 62
250
370
18
 60
1
100
AcDbLine
 10
8.008712621056471
 20
-77.46684639857267
 30
0.0
 11
9.8043898754986
 21
-77.12904826700105
 31
0.0
  0
LINE
  5
65A
330
473
100
AcDbEntity
  8
OBJ1
 62
250
370
25
 60
1
100
AcDbLine
 10
8.008712621056471
 20
-77.46684639857267
 30
0.0
 11
9.8043898754986
 21
-77.12904826700105
 31
0.0
  0
CIRCLE
  5
65B
330
473
100
AcDbEntity
  8
OBJ1
 62
250
370
25
 60
1
100
AcDbCircle
 10
9.94249751669122
 20
-77.10306781699181
 30
0.0
 40
0.1405300834029164
  0
LINE
  5
65C
330
473
100
AcDbEntity
  8
OBJ1
 62
250
370
25
 60
1
100
AcDbLine
 10
8.008712621056471
 20
-77.46684639857267
 30
0.0
 11
9.66594171145698
 21
-77.71759911917616
 31
0.0
  0
LINE
  5
65D
330
473
100
AcDbEntity
  8
OBJ1
 62
250
370
25
 60
1
100
AcDbLine
 10
8.008712621056471
 20
-78.02935274250922
 30
0.0
 11
9.66594171145698
 21
-77.71759911917616
 31
0.0
  0
LINE
  5
65E
330
473
100
AcDbEntity
  8
OBJ1
 62
250
370
25
 60
1
100
AcDbLine
 10
8.008712621056471
 20
-78.02935274250922
 30
0.0
 11
9.66594171145698
 21
-78.28010546308359
 31
0.0
  0
LINE
  5
65F
330
473
100
AcDbEntity
  8
OBJ1
 62
250
370
25
 60
1
100
AcDbLine
 10
8.008712621114682
 20
-78.59185908641665
 30
0.0
 11
9.66594171145698
 21
-78.28010546308359
 31
0.0
  0
LINE
  5
660
330
473
100
AcDbEntity
  8
OBJ1
 62
250
370
25
 60
1
100
AcDbLine
 10
8.008712621114682
 20
-78.59185908641665
 30
0.0
 11
9.8043898754986
 21
-78.8635601803835
 31
0.0
  0
CIRCLE
  5
661
330
473
100
AcDbEntity
  8
OBJ1
 62
250
370
25
 60
1
100
AcDbCircle
 10
9.94249751669122
 20
-78.83757973034517
 30
0.0
 40
0.1405300834029164
  0
ARC
  5
662
330
473
100
AcDbEntity
  8
OBJ1
 62
250
370
25
 60
1
100
AcDbCircle
 10
11.77414384711301
 20
-78.64010705269175
 30
0.0
 40
0.9057334421040192
100
AcDbArc
 50
29.22821423272562
 51
149.4755573158565
  0
ARC
  5
663
330
473
100
AcDbEntity
  8
OBJ1
 62
250
370
25
 60
1
100
AcDbCircle
 10
13.12150468729669
 20
-77.33731304950197
 30
0.0
 40
1.025039036322419
100
AcDbArc
 50
237.0887620884948
 51
329.2459705124842
  0
MTEXT
  5
664
330
473
100
AcDbEntity
  8
OBJ1
 62
250
370
25
 60
1
100
AcDbMText
 10
14.80374967947136
 20
-77.06617254897718
 30
0.0
 40
2.024999999999999
 41
24.52911982651422
 46
0.0
 71
1
 72
5
  1
1.5
  7
HTXT1
  0
LINE
  5
665
330
473
100
AcDbEntity
  8
OBJ1
 62
250
370
25
 60
1
100
AcDbLine
 10
19.67272292700363
 20
-77.05681609048042
 30
0.0
 11
19.67272292700363
 21
-79.09028350649169
 31
0.0
  0
LINE
  5
666
330
473
100
AcDbEntity
  8
OBJ1
 62
250
370
25
 60
1
100
AcDbLine
 10
18.9099717119825
 20
-79.09028350649169
 30
0.0
 11
20.36820697644726
 21
-79.09028350649169
 31
0.0
  0
HATCH
  5
667
330
473
100
AcDbEntity
  8
OBJ1
 62
250
370
15
 60
1
100
AcDbHatch
 10
0.0
 20
0.0
 30
0.0
210
0.0
220
0.0
230
1.0
  2
SOLID
 70
1
 71
0
 91
1
 92
7
 72
0
 73
1
 93
4
 10
-30.5131979220896
 20
-61.3769376586424
 10
-30.54333577456418
 20
-61.57392315554897
 10
-27.06235970836133
 20
-62.02844788285439
 10
-27.03791171655757
 20
-61.84389081876725
 97
0
 75
0
 76
1
 47
0.0063325726455849
 98
1
 10
-28.23168018250726
 20
-61.72132182947826
450
0
451
0
460
0.0
461
0.0
452
0
462
0.0
453
0
470

  0
LINE
  5
668
330
473
100
AcDbEntity
  8
OBJ1
 62
250
370
15
 60
1
100
AcDbLine
 10
-30.54333577456418
 20
-61.57392315554897
 30
0.0
 11
-27.06235970841954
 21
-62.02844788285439
 31
0.0
  0
LINE
  5
669
330
473
100
AcDbEntity
  8
OBJ1
 62
250
370
15
 60
1
100
AcDbLine
 10
-27.03791171655757
 20
-61.84389081876725
 30
0.0
 11
-30.5131979220896
 21
-61.3769376586424
 31
0.0
  0
LINE
  5
66A
330
473
100
AcDbEntity
  8
OBJ1
 62
250
370
15
 60
1
100
AcDbLine
 10
-30.5131979220896
 20
-61.3769376586424
 30
0.0
 11
-30.54333577456418
 21
-61.57392315554897
 31
0.0
  0
LINE
  5
66B
330
473
100
AcDbEntity
  8
OBJ1
 62
250
370
15
 60
1
100
AcDbLine
 10
-27.03791171655757
 20
-61.84389081873813
 30
0.0
 11
-27.06235970836133
 21
-62.02844788282527
 31
0.0
  0
MTEXT
  5
66C
330
473
100
AcDbEntity
  8
OBJ1
 62
250
370
20
 60
1
100
AcDbMText
 10
-26.46316445001867
 20
-66.57954569999129
 30
0.0
 40
4.0
 41
11.71462887999951
 46
0.0
 71
1
 72
5
  1
0
  7
HTXT1
  0
MTEXT
  5
66D
330
473
100
AcDbEntity
  8
OBJ1
 62
250
370
15
 60
1
100
AcDbMText
 10
-25.9725138124777
 20
-59.60357550947811
 30
0.0
 40
4.0
 41
13.37621834999299
 46
0.0
 71
1
 72
5
  1
20
  7
HTXT1
  0
MTEXT
  5
66E
330
473
100
AcDbEntity
  8
OBJ1
 62
250
370
15
 60
1
100
AcDbMText
 10
18.33747968749958
 20
-19.5976831894659
 30
0.0
 40
4.0
 41
9.708894890005467
 46
0.0
 71
1
 72
5
  1
200
  7
HTXT1
  0
MTEXT
  5
66F
330
473
100
AcDbEntity
  8
OBJ1
 62
250
370
15
 60
1
100
AcDbMText
 10
5.454539597500115
 20
-22.59008485949016
 30
0.0
 40
4.0
 41
18.93495667001116
 46
0.0
 71
1
 72
5
  1
100
  7
HTXT1
  0
MTEXT
  5
670
330
473
100
AcDbEntity
  8
OBJ1
 62
250
370
18
 60
1
100
AcDbMText
 10
-23.8882475157443
 20
-50.5993081278866
 30
0.0
 40
4.0
 41
14.25137410999741
 46
0.0
 71
1
 72
5
  1
40
  7
HTXT1
  0
MTEXT
  5
671
330
473
100
AcDbEntity
  8
OBJ1
 62
250
370
18
 60
1
100
AcDbMText
 10
-16.77746091573499
 20
-38.53292168790357
 30
0.0
 40
4.0
 41
9.785907540004695
 46
0.0
 71
1
 72
5
  1
60
  7
HTXT1
  0
MTEXT
  5
672
330
473
100
AcDbEntity
  8
OBJ1
 62
250
370
18
 60
1
100
AcDbMText
 10
-6.486330075742444
 20
-28.66083889789297
 30
0.0
 40
4.0
 41
9.530143870011669
 46
0.0
 71
1
 72
5
  1
80
  7
HTXT1
  0
LWPOLYLINE
  5
673
330
473
100
AcDbEntity
  8
cover
  6
HIDDEN
 62
3
 48
100.0
100
AcDbPolyline
 90
4
 70
1
 10
-46.0
 20
-92.00000000002908
 10
46.0
 20
-92.00000000002908
 10
46.0
 20
-2.91038e-11
 10
-46.0
 20
-2.91038e-11
  0
LWPOLYLINE
  5
674
330
473
100
AcDbEntity
  8
cover
 62
3
 48
100.0
 60
1
100
AcDbPolyline
 90
4
 70
1
 10
-46.0
 20
-92.0
 10
46.0
 20
-92.0
 10
46.0
 20
0.0
 10
-46.0
 20
0.0
  0
LWPOLYLINE
  5
675
330
473
100
AcDbEntity
  8
cover
  6
Continuous
 62
3
 48
100.0
100
AcDbPolyline
 90
4
 70
1
 10
46.0000000000291
 20
-92.00000000002908
 10
-45.99999999997089
 20
-92.00000000002908
 10
-45.99999999997089
 20
-2.91038e-11
 10
46.0000000000291
 20
-2.91038e-11
  0
ENDBLK
  5
475
330
473
100
AcDbEntity
  8
0
100
AcDbBlockEnd
  0
BLOCK
  5
677
330
676
100
AcDbEntity
  8
0
100
AcDbBlockBegin
  2
Von-nho
 70
2
 10
0.0
 20
0.0
 30
0.0
  3
Von-nho
  1

  0
LINE
  5
679
330
676
100
AcDbEntity
  8
0
 62
6
100
AcDbLine
 10
-22.5
 20
36.50000000000728
 30
0.0
 11
22.50000000001455
 21
36.49999999999272
 31
0.0
  0
ARC
  5
67A
330
676
100
AcDbEntity
  8
0
 62
6
100
AcDbCircle
 10
22.50000000001455
 20
34.49999999999273
 30
0.0
 40
2.0
100
AcDbArc
 50
0.0
 51
90.0
  0
LINE
  5
67B
330
676
100
AcDbEntity
  8
0
 62
6
100
AcDbLine
 10
24.50000000001455
 20
34.49999999999273
 30
0.0
 11
24.5
 21
-22.50000000000728
 31
0.0
  0
ARC
  5
67C
330
676
100
AcDbEntity
  8
0
 62
6
100
AcDbCircle
 10
22.5
 20
-22.50000000000728
 30
0.0
 40
2.0
100
AcDbArc
 50
270.0
 51
0.0
  0
LINE
  5
67D
330
676
100
AcDbEntity
  8
0
 62
6
100
AcDbLine
 10
22.5
 20
-24.50000000000728
 30
0.0
 11
-22.5
 21
-24.50000000000728
 31
0.0
  0
ARC
  5
67E
330
676
100
AcDbEntity
  8
0
 62
6
100
AcDbCircle
 10
-22.5
 20
-22.50000000000728
 30
0.0
 40
2.0
100
AcDbArc
 50
180.0
 51
270.0
  0
LINE
  5
67F
330
676
100
AcDbEntity
  8
0
 62
6
100
AcDbLine
 10
-24.5
 20
-22.50000000000728
 30
0.0
 11
-24.5
 21
34.50000000000728
 31
0.0
  0
ARC
  5
680
330
676
100
AcDbEntity
  8
0
 62
6
100
AcDbCircle
 10
-22.5
 20
34.50000000000728
 30
0.0
 40
2.0
100
AcDbArc
 50
90.0
 51
180.0
  0
LINE
  5
681
330
676
100
AcDbEntity
  8
0
 62
6
100
AcDbLine
 10
21.5
 20
25.5
 30
0.0
 11
-21.5
 21
25.5
 31
0.0
  0
ARC
  5
682
330
676
100
AcDbEntity
  8
0
 62
6
100
AcDbCircle
 10
21.5
 20
27.5
 30
0.0
 40
2.0
100
AcDbArc
 50
270.0
 51
0.0
  0
ARC
  5
683
330
676
100
AcDbEntity
  8
0
 62
6
100
AcDbCircle
 10
-21.5
 20
27.5
 30
0.0
 40
2.0
100
AcDbArc
 50
180.0
 51
270.0
  0
LINE
  5
684
330
676
100
AcDbEntity
  8
0
 62
6
100
AcDbLine
 10
-23.5
 20
27.5
 30
0.0
 11
-23.5
 21
33.50000000000728
 31
0.0
  0
ARC
  5
685
330
676
100
AcDbEntity
  8
0
 62
6
100
AcDbCircle
 10
-21.5
 20
33.50000000000728
 30
0.0
 40
2.0
100
AcDbArc
 50
90.0
 51
180.0
  0
LINE
  5
686
330
676
100
AcDbEntity
  8
0
 62
6
100
AcDbLine
 10
-21.5
 20
35.50000000000728
 30
0.0
 11
21.49999999998545
 21
35.5
 31
0.0
  0
ARC
  5
687
330
676
100
AcDbEntity
  8
0
 62
6
100
AcDbCircle
 10
21.49999999998545
 20
33.5
 30
0.0
 40
2.0
100
AcDbArc
 50
0.0
 51
90.0
  0
LINE
  5
688
330
676
100
AcDbEntity
  8
0
 62
6
100
AcDbLine
 10
23.49999999998545
 20
33.5
 30
0.0
 11
23.5
 21
27.50000000000728
 31
0.0
  0
LINE
  5
689
330
676
100
AcDbEntity
  8
0
 62
6
100
AcDbLine
 10
23.5
 20
21.5
 30
0.0
 11
23.5
 21
-21.5
 31
0.0
  0
LINE
  5
68A
330
676
100
AcDbEntity
  8
0
 62
6
100
AcDbLine
 10
21.5
 20
-23.5
 30
0.0
 11
-21.50000000001455
 21
-23.5
 31
0.0
  0
ARC
  5
68B
330
676
100
AcDbEntity
  8
0
 62
6
100
AcDbCircle
 10
21.5
 20
-21.5
 30
0.0
 40
2.0
100
AcDbArc
 50
270.0
 51
0.0
  0
LINE
  5
68C
330
676
100
AcDbEntity
  8
0
 62
6
100
AcDbLine
 10
-23.50000000001455
 20
-21.5
 30
0.0
 11
-23.49999999998545
 21
21.5
 31
0.0
  0
ARC
  5
68D
330
676
100
AcDbEntity
  8
0
 62
6
100
AcDbCircle
 10
-21.50000000001455
 20
-21.5
 30
0.0
 40
2.0
100
AcDbArc
 50
180.0
 51
270.0
  0
ARC
  5
68E
330
676
100
AcDbEntity
  8
0
 62
6
100
AcDbCircle
 10
-21.49999999998545
 20
21.5
 30
0.0
 40
2.0
100
AcDbArc
 50
90.0
 51
180.0
  0
LINE
  5
68F
330
676
100
AcDbEntity
  8
0
 62
6
100
AcDbLine
 10
-21.49999999998545
 20
23.5
 30
0.0
 11
21.5
 21
23.5
 31
0.0
  0
ARC
  5
690
330
676
100
AcDbEntity
  8
0
 62
6
100
AcDbCircle
 10
21.5
 20
21.5
 30
0.0
 40
2.0
100
AcDbArc
 50
0.0
 51
90.0
  0
CIRCLE
  5
691
330
676
100
AcDbEntity
  8
0
 62
6
100
AcDbCircle
 10
-18.0
 20
18.0
 30
0.0
 40
2.0
  0
CIRCLE
  5
692
330
676
100
AcDbEntity
  8
0
 62
6
100
AcDbCircle
 10
18.0
 20
18.0
 30
0.0
 40
2.0
  0
CIRCLE
  5
693
330
676
100
AcDbEntity
  8
0
 62
6
100
AcDbCircle
 10
18.0
 20
-18.0
 30
0.0
 40
2.0
  0
CIRCLE
  5
694
330
676
100
AcDbEntity
  8
0
 62
6
100
AcDbCircle
 10
-18.0
 20
-18.0
 30
0.0
 40
2.0
  0
MTEXT
  5
695
330
676
100
AcDbEntity
  8
0
 62
6
100
AcDbMText
 10
0.0
 20
30.5
 30
0.0
 40
4.0
 41
47.0
 46
9.999999999999277
 71
5
 72
5
  1
{\fTahoma|b0|i0|c0|p34;VOLTMETER}
  0
CIRCLE
  5
696
330
676
100
AcDbEntity
  8
0
 62
6
100
AcDbCircle
 10
0.0
 20
0.0
 30
0.0
 40
3.5
  0
CIRCLE
  5
697
330
676
100
AcDbEntity
  8
0
 62
2
100
AcDbCircle
 10
0.0
 20
0.0
 30
0.0
 40
5.0
  0
CIRCLE
  5
698
330
676
100
AcDbEntity
  8
0
 62
2
100
AcDbCircle
 10
-18.0
 20
18.0
 30
0.0
 40
3.0
  0
CIRCLE
  5
699
330
676
100
AcDbEntity
  8
0
 62
2
100
AcDbCircle
 10
18.0
 20
18.0
 30
0.0
 40
3.0
  0
CIRCLE
  5
69A
330
676
100
AcDbEntity
  8
0
 62
2
100
AcDbCircle
 10
18.0
 20
-18.0
 30
0.0
 40
3.0
  0
CIRCLE
  5
69B
330
676
100
AcDbEntity
  8
0
 62
2
100
AcDbCircle
 10
-18.0
 20
-18.0
 30
0.0
 40
3.0
  0
ARC
  5
69C
330
676
100
AcDbEntity
  8
0
 62
6
100
AcDbCircle
 10
0.0
 20
0.0
 30
0.0
 40
14.0
100
AcDbArc
 50
92.83896606351159
 51
249.0882847866541
  0
LWPOLYLINE
  5
69D
330
676
100
AcDbEntity
  8
0
 62
6
100
AcDbPolyline
 90
7
 70
0
 10
5.5
 20
0.0
 10
0.2364216498244787
 20
15.31222792777407
 42
0.7136827697305395
 10
-0.2364216498244787
 20
15.31222792777407
 10
-5.5
 20
0.0
 10
-4.5
 20
-24.0
 10
4.5
 20
-24.0
 10
5.5
 20
0.0
  0
ARC
  5
69E
330
676
100
AcDbEntity
  8
0
 62
6
100
AcDbCircle
 10
0.0
 20
0.0
 30
0.0
 40
14.0
100
AcDbArc
 50
290.911715213346
 51
87.1610339364884
  0
CIRCLE
  5
69F
330
676
100
AcDbEntity
  8
0
 62
6
100
AcDbCircle
 10
0.0
 20
-14.0
 30
0.0
 40
2.5
  0
LINE
  5
6A0
330
676
100
AcDbEntity
  8
0
 62
6
100
AcDbLine
 10
0.1380000000062864
 20
-13.15200000000186
 30
0.0
 11
-0.1380000000062864
 21
-13.15200000000186
 31
0.0
  0
LINE
  5
6A1
330
676
100
AcDbEntity
  8
0
 62
6
100
AcDbLine
 10
0.8479999999981374
 20
-13.86208000000624
 30
0.0
 11
0.1380000000062864
 21
-13.86208000000624
 31
0.0
  0
LINE
  5
6A2
330
676
100
AcDbEntity
  8
0
 62
6
100
AcDbLine
 10
0.8479999999981374
 20
-14.13796000000729
 30
0.0
 11
0.8479999999981374
 21
-13.86208000000624
 31
0.0
  0
LINE
  5
6A3
330
676
100
AcDbEntity
  8
0
 62
6
100
AcDbLine
 10
0.1380000000062864
 20
-14.13796000000729
 30
0.0
 11
0.8479999999981374
 21
-14.13796000000729
 31
0.0
  0
LINE
  5
6A4
330
676
100
AcDbEntity
  8
0
 62
6
100
AcDbLine
 10
0.1380000000062864
 20
-14.84803999999712
 30
0.0
 11
0.1380000000062864
 21
-14.13796000000729
 31
0.0
  0
LINE
  5
6A5
330
676
100
AcDbEntity
  8
0
 62
6
100
AcDbLine
 10
-0.1380000000062864
 20
-14.84803999999712
 30
0.0
 11
0.1380000000062864
 21
-14.84803999999712
 31
0.0
  0
LINE
  5
6A6
330
676
100
AcDbEntity
  8
0
 62
6
100
AcDbLine
 10
-0.1380000000062864
 20
-14.13796000000729
 30
0.0
 11
-0.1380000000062864
 21
-14.84803999999712
 31
0.0
  0
LINE
  5
6A7
330
676
100
AcDbEntity
  8
0
 62
6
100
AcDbLine
 10
-0.8480399999971268
 20
-14.13796000000729
 30
0.0
 11
-0.1380000000062864
 21
-14.13796000000729
 31
0.0
  0
LINE
  5
6A8
330
676
100
AcDbEntity
  8
0
 62
6
100
AcDbLine
 10
-0.8480399999971268
 20
-13.86208000000624
 30
0.0
 11
-0.8480399999971268
 21
-14.13796000000729
 31
0.0
  0
LINE
  5
6A9
330
676
100
AcDbEntity
  8
0
 62
6
100
AcDbLine
 10
-0.1380000000062864
 20
-13.86208000000624
 30
0.0
 11
-0.8480399999971268
 21
-13.86208000000624
 31
0.0
  0
LINE
  5
6AA
330
676
100
AcDbEntity
  8
0
 62
6
100
AcDbLine
 10
-0.1380000000062864
 20
-13.15200000000186
 30
0.0
 11
-0.1380000000062864
 21
-13.86208000000624
 31
0.0
  0
LINE
  5
6AB
330
676
100
AcDbEntity
  8
0
 62
6
100
AcDbLine
 10
0.1380000000062864
 20
-13.86208000000624
 30
0.0
 11
0.1380000000062864
 21
-13.15200000000186
 31
0.0
  0
CIRCLE
  5
6AC
330
676
100
AcDbEntity
  8
0
 62
6
100
AcDbCircle
 10
0.0
 20
-14.0
 30
0.0
 40
1.75
  0
ATTDEF
  5
6AD
330
676
100
AcDbEntity
  8
0
 62
6
100
AcDbText
 10
9.184604398495386
 20
10.72792206135636
 30
0.0
 40
4.0
  1
RN
  7
Tahoma (Input Text)
 72
1
 11
12.72792206135636
 21
12.72792206135636
 31
0.0
100
AcDbAttributeDefinition
  3
Ten vi tri chuyen doi
  2
RN
 70
0
 74
2
 71
1
 72
0
 11
12.72792206135636
 21
12.72792206135636
 31
0.0
  0
ATTDEF
  5
6AE
330
676
100
AcDbEntity
  8
0
 62
6
100
AcDbText
 10
14.63129617192747
 20
-2.0
 30
0.0
 40
4.0
  1
SN
  7
Tahoma (Input Text)
 72
1
 11
18.0
 21
0.0
 31
0.0
100
AcDbAttributeDefinition
  3
Ten vi tri chuyen doi
  2
SN
 70
0
 74
2
 71
1
 72
0
 11
18.0
 21
0.0
 31
0.0
  0
ATTDEF
  5
6AF
330
676
100
AcDbEntity
  8
0
 62
6
100
AcDbText
 10
9.286686332679402
 20
-14.72792206135636
 30
0.0
 40
4.0
  1
TN
  7
Tahoma (Input Text)
 72
1
 11
12.72792206135636
 21
-12.72792206135636
 31
0.0
100
AcDbAttributeDefinition
  3
Ten vi tri chuyen doi
  2
TN
 70
0
 74
2
 71
1
 72
0
 11
12.72792206135636
 21
-12.72792206135636
 31
0.0
  0
ATTDEF
  5
6B0
330
676
100
AcDbEntity
  8
0
 62
6
100
AcDbText
 10
-1.946272666218939
 20
16.0
 30
0.0
 40
4.0
  1
O
  7
Tahoma (Input Text)
 72
1
 11
0.0
 21
18.0
 31
0.0
100
AcDbAttributeDefinition
  3
Ten vi tri chuyen doi
  2
O
 70
0
 74
2
 71
1
 72
0
 11
0.0
 21
18.0
 31
0.0
  0
ATTDEF
  5
6B1
330
676
100
AcDbEntity
  8
0
 62
6
100
AcDbText
 10
-21.14036265950302
 20
-2.0
 30
0.0
 40
4.0
  1
ST
  7
Tahoma (Input Text)
 72
1
 11
-18.0
 21
0.0
 31
0.0
100
AcDbAttributeDefinition
  3
Ten vi tri chuyen doi
  2
ST
 70
0
 74
2
 71
1
 72
0
 11
-18.0
 21
0.0
 31
0.0
  0
ATTDEF
  5
6B2
330
676
100
AcDbEntity
  8
0
 62
6
100
AcDbText
 10
-16.08453723932816
 20
-14.72792206135636
 30
0.0
 40
4.0
  1
TR
  7
Tahoma (Input Text)
 72
1
 11
-12.72792206135636
 21
-12.72792206135636
 31
0.0
100
AcDbAttributeDefinition
  3
Ten vi tri chuyen doi
  2
TR
 70
0
 74
2
 71
1
 72
0
 11
-12.72792206135636
 21
-12.72792206135636
 31
0.0
  0
ATTDEF
  5
6B3
330
676
100
AcDbEntity
  8
0
 62
6
100
AcDbText
 10
-15.96768028835435
 20
10.72792206135636
 30
0.0
 40
4.0
  1
RS
  7
Tahoma (Input Text)
 72
1
 11
-12.72792206135636
 21
12.72792206135636
 31
0.0
100
AcDbAttributeDefinition
  3
Ten vi tri chuyen doi
  2
RS
 70
0
 74
2
 71
1
 72
0
 11
-12.72792206135636
 21
12.72792206135636
 31
0.0
  0
ENDBLK
  5
678
330
676
100
AcDbEntity
  8
0
100
AcDbBlockEnd
  0
BLOCK
  5
6B5
330
6B4
100
AcDbEntity
  8
0
100
AcDbBlockBegin
  2
CTĐT-1
 70
0
 10
0.0
 20
0.0
 30
0.0
  3
CTĐT-1
  1

  0
LINE
  5
6B7
330
6B4
100
AcDbEntity
  8
0
 62
126
100
AcDbLine
 10
-71.21652478144097
 20
277.8229689353612
 30
0.0
 11
73.78347521852993
 21
277.8229689353612
 31
0.0
  0
LINE
  5
6B8
330
6B4
100
AcDbEntity
  8
0
 62
126
100
AcDbLine
 10
83.78347521851536
 20
267.8229689353611
 30
0.0
 11
83.78347521851536
 21
138.8229689353611
 31
0.0
  0
LINE
  5
6B9
330
6B4
100
AcDbEntity
  8
0
 62
126
100
AcDbLine
 10
83.78347521851536
 20
138.8229689353611
 30
0.0
 11
-81.21652478147007
 21
138.8229689353611
 31
0.0
  0
ARC
  5
6BA
330
6B4
100
AcDbEntity
  8
0
 62
126
100
AcDbCircle
 10
73.78347521852993
 20
267.8229689353611
 30
0.0
 40
10.0
100
AcDbArc
 50
0.0
 51
90.0
  0
ARC
  5
6BB
330
6B4
100
AcDbEntity
  8
0
 62
126
100
AcDbCircle
 10
-71.21652478144097
 20
267.8229689353611
 30
0.0
 40
10.0
100
AcDbArc
 50
90.0
 51
180.0
  0
LINE
  5
6BC
330
6B4
100
AcDbEntity
  8
0
 62
126
100
AcDbLine
 10
85.78347521855903
 20
108.8229689353611
 30
0.0
 11
74.71074482747645
 21
17.4729432091699
 31
0.0
  0
LINE
  5
6BD
330
6B4
100
AcDbEntity
  8
0
 62
126
100
AcDbLine
 10
66.14978097849234
 20
8.770045591911185
 30
0.0
 11
2.566950437103514
 21
0.0
 31
0.0
  0
ARC
  5
6BE
330
6B4
100
AcDbEntity
  8
0
 62
126
100
AcDbCircle
 10
1.200576465707854
 20
9.906211292436637
 30
0.0
 40
10.0
100
AcDbArc
 50
263.0887728808499
 51
277.8533133021491
  0
ARC
  5
6BF
330
6B4
100
AcDbEntity
  8
0
 62
126
100
AcDbCircle
 10
64.78340700714034
 20
18.67625688435509
 30
0.0
 40
10.0
100
AcDbArc
 50
277.8533133021491
 51
353.0887728807997
  0
LINE
  5
6C0
330
6B4
100
AcDbEntity
  8
0
 62
126
100
AcDbLine
 10
83.78347521851536
 20
138.8229689353611
 30
0.0
 11
78.78347521852993
 21
138.8229689353611
 31
0.0
  0
LINE
  5
6C1
330
6B4
100
AcDbEntity
  8
0
 62
126
100
AcDbLine
 10
-81.21652478147007
 20
138.8229689353611
 30
0.0
 11
-76.21652478148462
 21
138.8229689353611
 31
0.0
  0
LINE
  5
6C2
330
6B4
100
AcDbEntity
  8
0
 62
126
100
AcDbLine
 10
80.78347521852993
 20
138.8229689353611
 30
0.0
 11
80.78347521852993
 21
123.8229689353611
 31
0.0
  0
LINE
  5
6C3
330
6B4
100
AcDbEntity
  8
0
 62
126
100
AcDbLine
 10
-77.21652478148462
 20
138.8229689353611
 30
0.0
 11
-77.21652478145552
 21
265.8229689353611
 31
0.0
  0
ARC
  5
6C4
330
6B4
100
AcDbEntity
  8
0
 62
126
100
AcDbCircle
 10
-69.21652478145552
 20
265.8229689353611
 30
0.0
 40
8.0
100
AcDbArc
 50
104.477512185962
 51
180.0
  0
ARC
  5
6C5
330
6B4
100
AcDbEntity
  8
0
 62
126
100
AcDbCircle
 10
71.78347521857359
 20
265.8229689353611
 30
0.0
 40
8.0
100
AcDbArc
 50
0.0
 51
75.52248781403799
  0
LINE
  5
6C6
330
6B4
100
AcDbEntity
  8
0
 62
126
100
AcDbLine
 10
79.78347521852993
 20
265.8229689353611
 30
0.0
 11
79.78347521852993
 21
138.8229689353611
 31
0.0
  0
ARC
  5
6C7
330
6B4
100
AcDbEntity
  8
0
 62
126
100
AcDbCircle
 10
100.6893593543063
 20
122.124930313963
 30
0.0
 40
19.97817705366603
100
AcDbArc
 50
175.1242814659878
 51
221.7456161798562
  0
LINE
  5
6C8
330
6B4
100
AcDbEntity
  8
0
 62
126
100
AcDbLine
 10
-81.21652478147007
 20
138.8229689353611
 30
0.0
 11
-81.21652478147007
 21
267.8229689353611
 31
0.0
  0
ARC
  5
6C9
330
6B4
100
AcDbEntity
  8
0
 62
126
100
AcDbCircle
 10
-98.12240891727562
 20
122.124930313963
 30
0.0
 40
19.97817705366603
100
AcDbArc
 50
318.2543838201439
 51
4.875718534012154
  0
LINE
  5
6CA
330
6B4
100
AcDbEntity
  8
0
 62
126
100
AcDbLine
 10
-78.21652478147007
 20
138.8229689353611
 30
0.0
 11
-78.21652478147007
 21
123.8229689353611
 31
0.0
  0
ARC
  5
6CB
330
6B4
100
AcDbEntity
  8
0
 62
126
100
AcDbCircle
 10
-62.21645657008048
 20
18.67625688434782
 30
0.0
 40
10.0
100
AcDbArc
 50
186.9112271192002
 51
262.1466866978509
  0
LINE
  5
6CC
330
6B4
100
AcDbEntity
  8
0
 62
126
100
AcDbLine
 10
-63.58283054144703
 20
8.770045591911185
 30
0.0
 11
0.0
 21
0.0
 31
0.0
  0
LINE
  5
6CD
330
6B4
100
AcDbEntity
  8
0
 62
126
100
AcDbLine
 10
-83.2165247814555
 20
108.8229689353611
 30
0.0
 11
-72.14379439040204
 21
17.47294320915534
 31
0.0
  0
LINE
  5
6CE
330
6B4
100
AcDbEntity
  8
0
 62
126
100
AcDbLine
 10
-55.97034120322496
 20
35.84015832868317
 30
0.0
 11
-0.0828987528220751
 21
28.13154557691451
 31
0.0
  0
ARC
  5
6CF
330
6B4
100
AcDbEntity
  8
0
 62
126
100
AcDbCircle
 10
1.200576465707854
 20
38.02632255860954
 30
0.0
 40
10.0
100
AcDbArc
 50
263.0887728808499
 51
277.8533133021491
  0
LINE
  5
6D0
330
6B4
100
AcDbEntity
  8
0
 62
126
100
AcDbLine
 10
58.53729164028482
 20
35.84015832869773
 30
0.0
 11
2.649849189911037
 21
28.13154557691451
 31
0.0
  0
LINE
  5
6D1
330
6B4
100
AcDbEntity
  8
0
 62
126
100
AcDbLine
 10
83.78347521851536
 20
138.8229689353611
 30
0.0
 11
78.78347521852993
 21
138.8229689353611
 31
0.0
  0
LINE
  5
6D2
330
6B4
100
AcDbEntity
  8
0
 62
126
100
AcDbLine
 10
78.78347521852993
 20
138.8229689353611
 30
0.0
 11
67.09498405769409
 21
44.51636705551936
 31
0.0
  0
LINE
  5
6D3
330
6B4
100
AcDbEntity
  8
0
 62
126
100
AcDbLine
 10
-81.21652478147007
 20
138.8229689353611
 30
0.0
 11
-76.21652478148462
 21
138.8229689353611
 31
0.0
  0
LINE
  5
6D4
330
6B4
100
AcDbEntity
  8
0
 62
126
100
AcDbLine
 10
-76.21652478148462
 20
138.8229689353611
 30
0.0
 11
-64.52803362057602
 21
44.51636705551936
 31
0.0
  0
ARC
  5
6D5
330
6B4
100
AcDbEntity
  8
0
 62
126
100
AcDbCircle
 10
-54.60396723184385
 20
45.74636962114164
 30
0.0
 40
10.0
100
AcDbArc
 50
187.0652877427595
 51
262.1466866978509
  0
ARC
  5
6D6
330
6B4
100
AcDbEntity
  8
0
 62
126
100
AcDbCircle
 10
57.17091766891826
 20
45.74636962114164
 30
0.0
 40
10.0
100
AcDbArc
 50
277.8533133021491
 51
352.9347122572406
  0
ARC
  5
6D7
330
6B4
100
AcDbEntity
  8
0
 62
126
100
AcDbCircle
 10
1.283475218544481
 20
38.03775686933659
 30
0.0
 40
10.0
100
AcDbArc
 50
262.1466866978509
 51
277.8533133021491
  0
LINE
  5
6D8
330
6B4
100
AcDbEntity
  8
0
 62
126
100
AcDbLine
 10
73.78347521852993
 20
275.8332970413394
 30
0.0
 11
-71.21652478144097
 21
275.8332970413394
 31
0.0
  0
LINE
  5
6D9
330
6B4
100
AcDbEntity
  8
0
 62
126
100
AcDbLine
 10
-71.21652478144097
 20
275.8332970413394
 30
0.0
 11
-71.21652478144097
 21
176.5134284106461
 31
0.0
  0
LINE
  5
6DA
330
6B4
100
AcDbEntity
  8
0
 62
126
100
AcDbLine
 10
73.78347521852993
 20
275.8332970413394
 30
0.0
 11
73.78347521852993
 21
176.5134284106461
 31
0.0
  0
LINE
  5
6DB
330
6B4
100
AcDbEntity
  8
0
 62
126
100
AcDbLine
 10
63.78347521852993
 20
168.8229689353611
 30
0.0
 11
5.783475218529929
 21
168.8229689353611
 31
0.0
  0
LINE
  5
6DC
330
6B4
100
AcDbEntity
  8
0
 62
126
100
AcDbLine
 10
63.78347521852993
 20
173.8229689353611
 30
0.0
 11
5.783475218529929
 21
173.8229689353611
 31
0.0
  0
ARC
  5
6DD
330
6B4
100
AcDbEntity
  8
0
 62
126
100
AcDbCircle
 10
1.283475218544481
 20
426.6354689353611
 30
0.0
 40
267.8125000000045
100
AcDbArc
 50
255.9703345991866
 51
269.6790884715398
  0
ARC
  5
6DE
330
6B4
100
AcDbEntity
  8
0
 62
126
100
AcDbCircle
 10
-61.21652478148462
 20
178.8229689353611
 30
0.0
 40
10.0
100
AcDbArc
 50
180.0
 51
270.0
  0
ARC
  5
6DF
330
6B4
100
AcDbEntity
  8
0
 62
126
100
AcDbCircle
 10
-61.21652478148462
 20
183.8229689353611
 30
0.0
 40
10.0
100
AcDbArc
 50
180.0
 51
270.0
  0
ARC
  5
6E0
330
6B4
100
AcDbEntity
  8
0
 62
126
100
AcDbCircle
 10
63.78347521852993
 20
178.8229689353611
 30
0.0
 40
10.0
100
AcDbArc
 50
270.0
 51
0.0
  0
ARC
  5
6E1
330
6B4
100
AcDbEntity
  8
0
 62
126
100
AcDbCircle
 10
63.78347521852993
 20
183.8229689353611
 30
0.0
 40
10.0
100
AcDbArc
 50
270.0
 51
0.0
  0
ARC
  5
6E2
330
6B4
100
AcDbEntity
  8
0
 62
126
100
AcDbCircle
 10
63.78347521852993
 20
176.5134284106461
 30
0.0
 40
10.0
100
AcDbArc
 50
284.0296654008134
 51
0.0
  0
ARC
  5
6E3
330
6B4
100
AcDbEntity
  8
0
 62
126
100
AcDbCircle
 10
-61.21652478148462
 20
176.5134284106461
 30
0.0
 40
10.0
100
AcDbArc
 50
180.0
 51
255.9703345991866
  0
LINE
  5
6E4
330
6B4
100
AcDbEntity
  8
0
 62
126
100
AcDbLine
 10
2.783475218529929
 20
173.8229689353611
 30
0.0
 11
2.783475218529929
 21
158.8271696684169
 31
0.0
  0
LINE
  5
6E5
330
6B4
100
AcDbEntity
  8
0
 62
126
100
AcDbLine
 10
5.783475218529929
 20
173.8229689353611
 30
0.0
 11
5.783475218529929
 21
158.8607779052909
 31
0.0
  0
LINE
  5
6E6
330
6B4
100
AcDbEntity
  8
0
 62
126
100
AcDbLine
 10
-0.2165247814846225
 20
173.8229689353611
 30
0.0
 11
-0.2165247814846225
 21
158.8271696684169
 31
0.0
  0
LINE
  5
6E7
330
6B4
100
AcDbEntity
  8
0
 62
126
100
AcDbLine
 10
-3.21652478147007
 20
173.8229689353611
 30
0.0
 11
-3.21652478147007
 21
158.8607779052909
 31
0.0
  0
ARC
  5
6E8
330
6B4
100
AcDbEntity
  8
0
 62
126
100
AcDbCircle
 10
1.283475218544481
 20
426.6354689353611
 30
0.0
 40
267.8125000000045
100
AcDbArc
 50
270.3209115284602
 51
284.0296654008134
  0
LINE
  5
6E9
330
6B4
100
AcDbEntity
  8
0
 62
126
100
AcDbLine
 10
2.783475218529929
 20
173.8229689353611
 30
0.0
 11
-0.2165247814846225
 21
173.8229689353611
 31
0.0
  0
LINE
  5
6EA
330
6B4
100
AcDbEntity
  8
0
 62
126
100
AcDbLine
 10
-3.21652478147007
 20
173.8229689353611
 30
0.0
 11
-61.21652478148462
 21
173.8229689353611
 31
0.0
  0
LINE
  5
6EB
330
6B4
100
AcDbEntity
  8
0
 62
126
100
AcDbLine
 10
-3.21652478147007
 20
168.8229689353611
 30
0.0
 11
-61.21652478148462
 21
168.8229689353611
 31
0.0
  0
LINE
  5
6EC
330
6B4
100
AcDbEntity
  8
0
 62
126
100
AcDbLine
 10
5.783475218529929
 20
171.0222253960892
 30
0.0
 11
-3.21652478147007
 21
171.0222253960892
 31
0.0
  0
LINE
  5
6ED
330
6B4
100
AcDbEntity
  8
0
 62
126
100
AcDbLine
 10
5.783475218529929
 20
166.3418734203369
 30
0.0
 11
2.783475218529929
 21
166.3418734203369
 31
0.0
  0
LINE
  5
6EE
330
6B4
100
AcDbEntity
  8
0
 62
126
100
AcDbLine
 10
-0.2165247814846225
 20
166.3250693018926
 30
0.0
 11
-3.21652478147007
 21
166.3418734203369
 31
0.0
  0
LINE
  5
6EF
330
6B4
100
AcDbEntity
  8
0
 62
126
100
AcDbLine
 10
-3.21652478147007
 20
164.9134997936635
 30
0.0
 11
-0.2165247814846225
 21
164.9134997936635
 31
0.0
  0
LINE
  5
6F0
330
6B4
100
AcDbEntity
  8
0
 62
126
100
AcDbLine
 10
2.783475218529929
 20
164.9134997936635
 30
0.0
 11
5.783475218529929
 21
164.9134997936635
 31
0.0
  0
ARC
  5
6F1
330
6B4
100
AcDbEntity
  8
0
 62
126
100
AcDbCircle
 10
-60.18170382811513
 20
267.5508597976077
 30
0.0
 40
3.0
100
AcDbArc
 50
90.0
 51
270.0
  0
ARC
  5
6F2
330
6B4
100
AcDbEntity
  8
0
 62
126
100
AcDbCircle
 10
62.7486542652041
 20
267.5508597976077
 30
0.0
 40
3.0
100
AcDbArc
 50
270.0
 51
90.0
  0
LINE
  5
6F3
330
6B4
100
AcDbEntity
  8
0
 62
126
100
AcDbLine
 10
-60.18170382811513
 20
270.550859797615
 30
0.0
 11
62.7486542652041
 21
270.550859797615
 31
0.0
  0
LINE
  5
6F4
330
6B4
100
AcDbEntity
  8
0
 62
126
100
AcDbLine
 10
62.7486542652041
 20
264.5508597976077
 30
0.0
 11
52.56461170750845
 21
264.5508597976077
 31
0.0
  0
LINE
  5
6F5
330
6B4
100
AcDbEntity
  8
0
 62
126
100
AcDbLine
 10
-49.99766127044859
 20
264.5508597976077
 30
0.0
 11
-49.99766127044859
 21
267.5508597976077
 31
0.0
  0
LINE
  5
6F6
330
6B4
100
AcDbEntity
  8
0
 62
126
100
AcDbLine
 10
-49.99766127044859
 20
267.5508597976077
 30
0.0
 11
-43.99766127044858
 21
267.5508597976077
 31
0.0
  0
LINE
  5
6F7
330
6B4
100
AcDbEntity
  8
0
 62
126
100
AcDbLine
 10
-43.99766127044858
 20
267.5508597976077
 30
0.0
 11
-43.99766127044858
 21
261.550859797615
 31
0.0
  0
LINE
  5
6F8
330
6B4
100
AcDbEntity
  8
0
 62
126
100
AcDbLine
 10
-43.99766127044858
 20
261.550859797615
 30
0.0
 11
-49.99766127044859
 21
261.550859797615
 31
0.0
  0
LINE
  5
6F9
330
6B4
100
AcDbEntity
  8
0
 62
126
100
AcDbLine
 10
-49.99766127044859
 20
261.550859797615
 30
0.0
 11
-49.99766127044859
 21
264.5508597976077
 31
0.0
  0
LINE
  5
6FA
330
6B4
100
AcDbEntity
  8
0
 62
126
100
AcDbLine
 10
-49.99766127044859
 20
264.5508597976077
 30
0.0
 11
-60.18170382811513
 21
264.5508597976077
 31
0.0
  0
LINE
  5
6FB
330
6B4
100
AcDbEntity
  8
0
 62
126
100
AcDbLine
 10
52.56461170750845
 20
261.550859797615
 30
0.0
 11
52.56461170750845
 21
264.5508597976077
 31
0.0
  0
LINE
  5
6FC
330
6B4
100
AcDbEntity
  8
0
 62
126
100
AcDbLine
 10
46.56461170750844
 20
261.550859797615
 30
0.0
 11
52.56461170750845
 21
261.550859797615
 31
0.0
  0
LINE
  5
6FD
330
6B4
100
AcDbEntity
  8
0
 62
126
100
AcDbLine
 10
46.56461170750844
 20
267.5508597976077
 30
0.0
 11
46.56461170750844
 21
261.550859797615
 31
0.0
  0
LINE
  5
6FE
330
6B4
100
AcDbEntity
  8
0
 62
126
100
AcDbLine
 10
52.56461170750845
 20
267.5508597976077
 30
0.0
 11
46.56461170750844
 21
267.5508597976077
 31
0.0
  0
LINE
  5
6FF
330
6B4
100
AcDbEntity
  8
0
 62
126
100
AcDbLine
 10
52.56461170750845
 20
264.5508597976077
 30
0.0
 11
52.56461170750845
 21
267.5508597976077
 31
0.0
  0
LINE
  5
700
330
6B4
100
AcDbEntity
  8
0
 62
126
100
AcDbLine
 10
46.56461170750844
 20
264.5508597976077
 30
0.0
 11
-43.99766127044858
 21
264.5508597976077
 31
0.0
  0
LINE
  5
701
330
6B4
100
AcDbEntity
  8
0
 62
126
100
AcDbLine
 10
-41.21652478147007
 20
238.9673193638082
 30
0.0
 11
-41.21652478147007
 21
228.9673193638082
 31
0.0
  0
LINE
  5
702
330
6B4
100
AcDbEntity
  8
0
 62
126
100
AcDbLine
 10
43.78347521852993
 20
238.9673193638082
 30
0.0
 11
43.78347521852993
 21
228.9673193638082
 31
0.0
  0
LINE
  5
703
330
6B4
100
AcDbEntity
  8
0
 62
126
100
AcDbLine
 10
-31.21652478145552
 20
248.9673193638082
 30
0.0
 11
33.78347521852993
 21
248.9673193638082
 31
0.0
  0
LINE
  5
704
330
6B4
100
AcDbEntity
  8
0
 62
126
100
AcDbLine
 10
-31.21652478145552
 20
218.9673193638009
 30
0.0
 11
33.78347521852993
 21
218.9673193638009
 31
0.0
  0
ARC
  5
705
330
6B4
100
AcDbEntity
  8
0
 62
126
100
AcDbCircle
 10
-31.21652478145552
 20
238.9673193638082
 30
0.0
 40
10.0
100
AcDbArc
 50
90.0
 51
180.0
  0
ARC
  5
706
330
6B4
100
AcDbEntity
  8
0
 62
126
100
AcDbCircle
 10
33.78347521852993
 20
238.9673193638082
 30
0.0
 40
10.0
100
AcDbArc
 50
0.0
 51
90.0
  0
ARC
  5
707
330
6B4
100
AcDbEntity
  8
0
 62
126
100
AcDbCircle
 10
33.78347521852993
 20
228.9673193638082
 30
0.0
 40
10.0
100
AcDbArc
 50
270.0
 51
0.0
  0
ARC
  5
708
330
6B4
100
AcDbEntity
  8
0
 62
126
100
AcDbCircle
 10
-31.21652478145552
 20
228.9673193638082
 30
0.0
 40
10.0
100
AcDbArc
 50
180.0
 51
270.0
  0
LINE
  5
709
330
6B4
100
AcDbEntity
  8
0
 62
126
100
AcDbLine
 10
-62.52870679684566
 20
214.9676683969446
 30
0.0
 11
36.0823739326006
 21
214.9676683969446
 31
0.0
  0
LINE
  5
70A
330
6B4
100
AcDbEntity
  8
0
 62
126
100
AcDbLine
 10
36.0823739326006
 20
214.9676683969446
 30
0.0
 11
36.0823739326006
 21
187.697274433769
 31
0.0
  0
LINE
  5
70B
330
6B4
100
AcDbEntity
  8
0
 62
126
100
AcDbLine
 10
36.0823739326006
 20
187.697274433769
 30
0.0
 11
-62.52870679684566
 21
187.697274433769
 31
0.0
  0
LINE
  5
70C
330
6B4
100
AcDbEntity
  8
0
 62
126
100
AcDbLine
 10
-62.52870679684566
 20
187.697274433769
 30
0.0
 11
-62.52870679684566
 21
214.9676683969446
 31
0.0
  0
MTEXT
  5
70D
330
6B4
100
AcDbEntity
  8
0
 62
126
100
AcDbMText
 10
-35.39654960829648
 20
94.70471013585484
 30
0.0
 40
21.89939871133938
 41
631.1833482499999
 46
0.0
 71
1
 72
5
  1
{\f.VnArialH|b0|i0|c0|p34;emic}
  0
MTEXT
  5
70E
330
6B4
100
AcDbEntity
  8
0
 62
126
100
AcDbMText
 10
-70.2186096850346
 20
300.6124254488386
 30
0.0
 40
17.29578605773997
 41
241.396781539235
 46
0.0
 71
1
 72
5
  1
{\f.VnTimeH|b0|i0|c0|p34;\P\H0.375x; \H2.667x; \H0.2313x;c«ng t¬ ®iªn 3 pha 4 d©y ®a chøc  n¨ng \Ftxt.shx|c0;\H1.081x;}
  0
CIRCLE
  5
70F
330
6B4
100
AcDbEntity
  8
0
 62
126
100
AcDbCircle
 10
-54.60396723184385
 20
50.74636962113436
 30
0.0
 40
3.0
  0
ARC
  5
710
330
6B4
100
AcDbEntity
  8
0
 62
126
100
AcDbCircle
 10
-54.60396723184385
 20
45.74636962114164
 30
0.0
 40
1.0
100
AcDbArc
 50
180.0
 51
0.0
  0
LINE
  5
711
330
6B4
100
AcDbEntity
  8
0
 62
126
100
AcDbLine
 10
-53.60396723184385
 20
45.74636962114164
 30
0.0
 11
-53.60396723184385
 21
47.91794249635858
 31
0.0
  0
LINE
  5
712
330
6B4
100
AcDbEntity
  8
0
 62
126
100
AcDbLine
 10
-55.60396723184386
 20
45.74636962114164
 30
0.0
 11
-55.60396723184386
 21
47.91794249635858
 31
0.0
  0
LINE
  5
713
330
6B4
100
AcDbEntity
  8
0
 62
126
100
AcDbLine
 10
-55.60396723184386
 20
55.74636962113436
 30
0.0
 11
-55.60396723184386
 21
53.57479674586648
 31
0.0
  0
LINE
  5
714
330
6B4
100
AcDbEntity
  8
0
 62
126
100
AcDbLine
 10
-53.60396723184385
 20
55.74636962113436
 30
0.0
 11
-53.60396723184385
 21
53.57479674586648
 31
0.0
  0
ARC
  5
715
330
6B4
100
AcDbEntity
  8
0
 62
126
100
AcDbCircle
 10
-54.60396723184385
 20
55.74636962113436
 30
0.0
 40
1.0
100
AcDbArc
 50
0.0
 51
180.0
  0
LINE
  5
716
330
6B4
100
AcDbEntity
  8
0
 62
126
100
AcDbLine
 10
-51.64592734031612
 20
50.24636962114164
 30
0.0
 11
-57.56200712340069
 21
50.24636962114164
 31
0.0
  0
LINE
  5
717
330
6B4
100
AcDbEntity
  8
0
 62
126
100
AcDbLine
 10
-57.56200712340069
 20
51.24636962111253
 30
0.0
 11
-51.64682121558872
 21
51.25162939433358
 31
0.0
  0
LINE
  5
718
330
6B4
100
AcDbEntity
  8
0
 62
126
100
AcDbLine
 10
54.21287777737598
 20
51.24636962111253
 30
0.0
 11
60.12806368520251
 21
51.25162939433358
 31
0.0
  0
LINE
  5
719
330
6B4
100
AcDbEntity
  8
0
 62
126
100
AcDbLine
 10
60.1289575604751
 20
50.24636962114164
 30
0.0
 11
54.21287777737598
 21
50.24636962114164
 31
0.0
  0
ARC
  5
71A
330
6B4
100
AcDbEntity
  8
0
 62
126
100
AcDbCircle
 10
57.17091766891826
 20
55.74636962113436
 30
0.0
 40
1.0
100
AcDbArc
 50
0.0
 51
180.0
  0
LINE
  5
71B
330
6B4
100
AcDbEntity
  8
0
 62
126
100
AcDbLine
 10
58.17091766891826
 20
55.74636962113436
 30
0.0
 11
58.17091766891826
 21
53.57479674586648
 31
0.0
  0
LINE
  5
71C
330
6B4
100
AcDbEntity
  8
0
 62
126
100
AcDbLine
 10
56.17091766891826
 20
55.74636962113436
 30
0.0
 11
56.17091766891826
 21
53.57479674586648
 31
0.0
  0
LINE
  5
71D
330
6B4
100
AcDbEntity
  8
0
 62
126
100
AcDbLine
 10
56.17091766891826
 20
45.74636962114164
 30
0.0
 11
56.17091766891826
 21
47.91794249635858
 31
0.0
  0
LINE
  5
71E
330
6B4
100
AcDbEntity
  8
0
 62
126
100
AcDbLine
 10
58.17091766891826
 20
45.74636962114164
 30
0.0
 11
58.17091766891826
 21
47.91794249635858
 31
0.0
  0
ARC
  5
71F
330
6B4
100
AcDbEntity
  8
0
 62
126
100
AcDbCircle
 10
57.17091766891826
 20
45.74636962114164
 30
0.0
 40
1.0
100
AcDbArc
 50
180.0
 51
0.0
  0
CIRCLE
  5
720
330
6B4
100
AcDbEntity
  8
0
 62
126
100
AcDbCircle
 10
57.17091766891826
 20
50.74636962113436
 30
0.0
 40
3.0
  0
LINE
  5
721
330
6B4
100
AcDbEntity
  8
0
 62
126
100
AcDbLine
 10
-25.26903046574444
 20
238.9866895437299
 30
0.0
 11
-20.26903046575899
 21
238.9866895437299
 31
0.0
  0
LINE
  5
722
330
6B4
100
AcDbEntity
  8
0
 62
126
100
AcDbLine
 10
-20.26903046575899
 20
238.9866895437299
 30
0.0
 11
-20.26903046575899
 21
228.9866895437372
 31
0.0
  0
LINE
  5
723
330
6B4
100
AcDbEntity
  8
0
 62
126
100
AcDbLine
 10
-20.26903046575899
 20
228.9866895437372
 30
0.0
 11
-25.26903046574444
 21
228.9866895437372
 31
0.0
  0
LINE
  5
724
330
6B4
100
AcDbEntity
  8
0
 62
126
100
AcDbLine
 10
-25.26903046574444
 20
228.9866895437372
 30
0.0
 11
-25.26903046574444
 21
238.9866895437299
 31
0.0
  0
LINE
  5
725
330
6B4
100
AcDbEntity
  8
0
 62
126
100
AcDbLine
 10
-25.26903046574444
 20
233.9866895437372
 30
0.0
 11
-20.26903046575899
 21
233.9866895437372
 31
0.0
  0
LINE
  5
726
330
6B4
100
AcDbEntity
  8
0
 62
126
100
AcDbLine
 10
-18.26903046574443
 20
233.9866895437372
 30
0.0
 11
-13.26903046575899
 21
233.9866895437372
 31
0.0
  0
LINE
  5
727
330
6B4
100
AcDbEntity
  8
0
 62
126
100
AcDbLine
 10
-18.26903046574443
 20
228.9866895437372
 30
0.0
 11
-18.26903046574443
 21
238.9866895437299
 31
0.0
  0
LINE
  5
728
330
6B4
100
AcDbEntity
  8
0
 62
126
100
AcDbLine
 10
-13.26903046575899
 20
228.9866895437372
 30
0.0
 11
-18.26903046574443
 21
228.9866895437372
 31
0.0
  0
LINE
  5
729
330
6B4
100
AcDbEntity
  8
0
 62
126
100
AcDbLine
 10
-13.26903046575899
 20
238.9866895437299
 30
0.0
 11
-13.26903046575899
 21
228.9866895437372
 31
0.0
  0
LINE
  5
72A
330
6B4
100
AcDbEntity
  8
0
 62
126
100
AcDbLine
 10
-18.26903046574443
 20
238.9866895437299
 30
0.0
 11
-13.26903046575899
 21
238.9866895437299
 31
0.0
  0
LINE
  5
72B
330
6B4
100
AcDbEntity
  8
0
 62
126
100
AcDbLine
 10
-11.26903046574443
 20
238.9866895437299
 30
0.0
 11
-6.269030465744435
 21
238.9866895437299
 31
0.0
  0
LINE
  5
72C
330
6B4
100
AcDbEntity
  8
0
 62
126
100
AcDbLine
 10
-6.269030465744435
 20
238.9866895437299
 30
0.0
 11
-6.269030465744435
 21
228.9866895437372
 31
0.0
  0
LINE
  5
72D
330
6B4
100
AcDbEntity
  8
0
 62
126
100
AcDbLine
 10
-6.269030465744435
 20
228.9866895437372
 30
0.0
 11
-11.26903046574443
 21
228.9866895437372
 31
0.0
  0
LINE
  5
72E
330
6B4
100
AcDbEntity
  8
0
 62
126
100
AcDbLine
 10
-11.26903046574443
 20
228.9866895437372
 30
0.0
 11
-11.26903046574443
 21
238.9866895437299
 31
0.0
  0
LINE
  5
72F
330
6B4
100
AcDbEntity
  8
0
 62
126
100
AcDbLine
 10
-11.26903046574443
 20
233.9866895437372
 30
0.0
 11
-6.269030465744435
 21
233.9866895437372
 31
0.0
  0
LINE
  5
730
330
6B4
100
AcDbEntity
  8
0
 62
126
100
AcDbLine
 10
22.34186097099155
 20
233.9866895437372
 30
0.0
 11
27.341860970977
 21
233.9866895437372
 31
0.0
  0
LINE
  5
731
330
6B4
100
AcDbEntity
  8
0
 62
126
100
AcDbLine
 10
22.34186097099155
 20
228.9866895437372
 30
0.0
 11
22.34186097099155
 21
238.9866895437299
 31
0.0
  0
LINE
  5
732
330
6B4
100
AcDbEntity
  8
0
 62
126
100
AcDbLine
 10
27.341860970977
 20
228.9866895437372
 30
0.0
 11
22.34186097099155
 21
228.9866895437372
 31
0.0
  0
LINE
  5
733
330
6B4
100
AcDbEntity
  8
0
 62
126
100
AcDbLine
 10
27.341860970977
 20
238.9866895437299
 30
0.0
 11
27.341860970977
 21
228.9866895437372
 31
0.0
  0
LINE
  5
734
330
6B4
100
AcDbEntity
  8
0
 62
126
100
AcDbLine
 10
22.34186097099155
 20
238.9866895437299
 30
0.0
 11
27.341860970977
 21
238.9866895437299
 31
0.0
  0
LINE
  5
735
330
6B4
100
AcDbEntity
  8
0
 62
126
100
AcDbLine
 10
15.34186097099154
 20
238.9866895437299
 30
0.0
 11
20.34186097099155
 21
238.9866895437299
 31
0.0
  0
LINE
  5
736
330
6B4
100
AcDbEntity
  8
0
 62
126
100
AcDbLine
 10
20.34186097099155
 20
238.9866895437299
 30
0.0
 11
20.34186097099155
 21
228.9866895437372
 31
0.0
  0
LINE
  5
737
330
6B4
100
AcDbEntity
  8
0
 62
126
100
AcDbLine
 10
20.34186097099155
 20
228.9866895437372
 30
0.0
 11
15.34186097099154
 21
228.9866895437372
 31
0.0
  0
LINE
  5
738
330
6B4
100
AcDbEntity
  8
0
 62
126
100
AcDbLine
 10
15.34186097099154
 20
228.9866895437372
 30
0.0
 11
15.34186097099154
 21
238.9866895437299
 31
0.0
  0
LINE
  5
739
330
6B4
100
AcDbEntity
  8
0
 62
126
100
AcDbLine
 10
15.34186097099154
 20
233.9866895437372
 30
0.0
 11
20.34186097099155
 21
233.9866895437372
 31
0.0
  0
LINE
  5
73A
330
6B4
100
AcDbEntity
  8
0
 62
126
100
AcDbLine
 10
8.341860970976995
 20
233.9866895437372
 30
0.0
 11
13.34186097097699
 21
233.9866895437372
 31
0.0
  0
LINE
  5
73B
330
6B4
100
AcDbEntity
  8
0
 62
126
100
AcDbLine
 10
8.341860970976995
 20
228.9866895437372
 30
0.0
 11
8.341860970976995
 21
238.9866895437299
 31
0.0
  0
LINE
  5
73C
330
6B4
100
AcDbEntity
  8
0
 62
126
100
AcDbLine
 10
13.34186097097699
 20
228.9866895437372
 30
0.0
 11
8.341860970976995
 21
228.9866895437372
 31
0.0
  0
LINE
  5
73D
330
6B4
100
AcDbEntity
  8
0
 62
126
100
AcDbLine
 10
13.34186097097699
 20
238.9866895437299
 30
0.0
 11
13.34186097097699
 21
228.9866895437372
 31
0.0
  0
LINE
  5
73E
330
6B4
100
AcDbEntity
  8
0
 62
126
100
AcDbLine
 10
8.341860970976995
 20
238.9866895437299
 30
0.0
 11
13.34186097097699
 21
238.9866895437299
 31
0.0
  0
LINE
  5
73F
330
6B4
100
AcDbEntity
  8
0
 62
126
100
AcDbLine
 10
-1.322148543244111
 20
233.9673193638082
 30
0.0
 11
3.88909898030397
 21
233.9673193638082
 31
0.0
  0
LINE
  5
740
330
6B4
100
AcDbEntity
  8
0
 62
126
100
AcDbLine
 10
-31.21652478145552
 20
246.9673193638082
 30
0.0
 11
33.78347521852993
 21
246.9673193638082
 31
0.0
  0
LINE
  5
741
330
6B4
100
AcDbEntity
  8
0
 62
126
100
AcDbLine
 10
-31.21652478145552
 20
220.9673193638082
 30
0.0
 11
33.78347521852993
 21
220.9673193638082
 31
0.0
  0
LINE
  5
742
330
6B4
100
AcDbEntity
  8
0
 62
126
100
AcDbLine
 10
41.78347521852993
 20
238.9673193638082
 30
0.0
 11
41.78347521852993
 21
228.9673193638082
 31
0.0
  0
ARC
  5
743
330
6B4
100
AcDbEntity
  8
0
 62
126
100
AcDbCircle
 10
33.78347521852993
 20
238.9673193638082
 30
0.0
 40
8.0
100
AcDbArc
 50
0.0
 51
90.0
  0
ARC
  5
744
330
6B4
100
AcDbEntity
  8
0
 62
126
100
AcDbCircle
 10
33.78347521852993
 20
228.9673193638082
 30
0.0
 40
8.0
100
AcDbArc
 50
270.0
 51
0.0
  0
ARC
  5
745
330
6B4
100
AcDbEntity
  8
0
 62
126
100
AcDbCircle
 10
-31.21652478145552
 20
228.9673193638082
 30
0.0
 40
8.0
100
AcDbArc
 50
180.0
 51
270.0
  0
LINE
  5
746
330
6B4
100
AcDbEntity
  8
0
 62
126
100
AcDbLine
 10
-39.21652478148462
 20
238.9673193638082
 30
0.0
 11
-39.21652478148462
 21
228.9673193638082
 31
0.0
  0
ARC
  5
747
330
6B4
100
AcDbEntity
  8
0
 62
126
100
AcDbCircle
 10
-31.21652478145552
 20
238.9673193638082
 30
0.0
 40
8.0
100
AcDbArc
 50
90.0
 51
180.0
  0
ENDBLK
  5
6B6
330
6B4
100
AcDbEntity
  8
0
100
AcDbBlockEnd
  0
BLOCK
  5
749
330
748
100
AcDbEntity
  8
0
100
AcDbBlockBegin
  2
A$C39866699
 70
0
 10
0.0
 20
0.0
 30
0.0
  3
A$C39866699
  1

  0
HATCH
  5
74B
330
748
100
AcDbEntity
  8
0
 62
6
100
AcDbHatch
 10
0.0
 20
0.0
 30
0.0
210
0.0
220
0.0
230
1.0
  2
ANSI32
 70
0
 71
0
 91
1
 92
7
 72
0
 73
1
 93
4
 10
99.00002574780954
 20
9.5000121488265
 10
99.00002574780954
 20
78.5000121488265
 10
9.000025747809552
 20
78.5000121488265
 10
9.000025747809552
 20
9.5000121488265
 97
1
330
58EB
 75
0
 76
1
 52
0.0
 41
2.0
 77
0
 78
2
 53
45.0
 43
-81823.46242887295
 44
-46826.4721219538
 45
-13.47038418160373
 46
13.47038418160373
 79
0
 53
45.0
 43
-81814.48216887297
 44
-46826.4721219538
 45
-13.47038418160373
 46
13.47038418160373
 79
0
 47
0.2966199243688408
 98
1
 10
55.97435406681324
 20
43.93429521578219
  0
LWPOLYLINE
  5
74C
330
748
100
AcDbEntity
  8
0
 62
6
100
AcDbPolyline
 90
4
 70
1
 10
9.000025747809559
 20
78.5000121488265
 10
99.00002574780954
 20
78.5000121488265
 10
99.00002574780954
 20
9.5000121488265
 10
9.000025747809559
 20
9.5000121488265
  0
LWPOLYLINE
  5
74D
330
748
100
AcDbEntity
  8
0
 62
6
100
AcDbPolyline
 90
4
 70
1
 10
2.57478095591e-05
 20
88.0000121488265
 10
108.0000257478095
 20
88.0000121488265
 10
108.0000257478095
 20
1.21488264995e-05
 10
2.57478095591e-05
 20
1.21488264995e-05
  0
CIRCLE
  5
74E
330
748
100
AcDbEntity
  8
0
 62
6
100
AcDbCircle
 10
4.000025747809559
 20
44.00001214882649
 30
0.0
 40
1.5
  0
CIRCLE
  5
74F
330
748
100
AcDbEntity
  8
0
 62
6
100
AcDbCircle
 10
104.0000257478095
 20
44.00001214882649
 30
0.0
 40
1.5
  0
ENDBLK
  5
74A
330
748
100
AcDbEntity
  8
0
100
AcDbBlockEnd
  0
BLOCK
  5
751
330
750
100
AcDbEntity
  8
0
100
AcDbBlockBegin
  2
SDGFGHGHG
 70
0
 10
0.0
 20
0.0
 30
0.0
  3
SDGFGHGHG
  1

  0
LINE
  5
753
330
750
100
AcDbEntity
  8
HEATER
100
AcDbLine
 10
860892.9443677951
 20
570760.5213009797
 30
0.0
 11
860892.9443677951
 21
570780.5213009797
 31
0.0
  0
LINE
  5
754
330
750
100
AcDbEntity
  8
HEATER
100
AcDbLine
 10
860935.944367795
 20
570742.0213009797
 30
0.0
 11
860935.944367795
 21
570784.3053497317
 31
0.0
  0
LINE
  5
755
330
750
100
AcDbEntity
  8
HEATER
100
AcDbLine
 10
860944.944367795
 20
570742.0213009797
 30
0.0
 11
860944.944367795
 21
570784.3053497317
 31
0.0
  0
ARC
  5
756
330
750
100
AcDbEntity
  8
HEATER
100
AcDbCircle
 10
860940.444367795
 20
570770.5213009797
 30
0.0
 40
14.5
100
AcDbArc
 50
288.0800126249186
 51
251.9199873760986
  0
LINE
  5
757
330
750
100
AcDbEntity
  8
HEATER
100
AcDbLine
 10
860935.944367795
 20
570742.0213009797
 30
0.0
 11
860944.944367795
 21
570742.0213009797
 31
0.0
  0
LINE
  5
758
330
750
100
AcDbEntity
  8
HEATER
100
AcDbLine
 10
860892.9443677951
 20
570780.5213009797
 30
0.0
 11
860931.5694281411
 21
570781.9880113245
 31
0.0
  0
LINE
  5
759
330
750
100
AcDbEntity
  8
HEATER
100
AcDbLine
 10
860892.9443677951
 20
570760.5213009797
 30
0.0
 11
860931.5694281411
 21
570759.0545906347
 31
0.0
  0
LINE
  5
75A
330
750
100
AcDbEntity
  8
HEATER
100
AcDbLine
 10
860892.9443677951
 20
570771.8975213168
 30
0.0
 11
860906.3296893912
 21
570778.6620310972
 31
0.0
  0
LINE
  5
75B
330
750
100
AcDbEntity
  8
HEATER
100
AcDbLine
 10
860892.9443677951
 20
570769.1450806425
 30
0.0
 11
860906.3296893912
 21
570762.380570862
 31
0.0
  0
CIRCLE
  5
75C
330
750
100
AcDbEntity
  8
HEATER
100
AcDbCircle
 10
860940.444367795
 20
570770.5213009797
 30
0.0
 40
3.078158209494111
  0
LINE
  5
75D
330
750
100
AcDbEntity
  8
HEATER
100
AcDbLine
 10
860939.5447235582
 20
570773.4650567796
 30
0.0
 11
860939.5447235582
 21
570771.2753346086
 31
0.0
  0
LINE
  5
75E
330
750
100
AcDbEntity
  8
HEATER
100
AcDbLine
 10
860939.5447235582
 20
570769.7672673506
 30
0.0
 11
860939.5447235582
 21
570767.5775451798
 31
0.0
  0
LINE
  5
75F
330
750
100
AcDbEntity
  8
HEATER
100
AcDbLine
 10
860941.3440120325
 20
570773.4650567796
 30
0.0
 11
860941.3440120325
 21
570771.2753346086
 31
0.0
  0
LINE
  5
760
330
750
100
AcDbEntity
  8
HEATER
100
AcDbLine
 10
860941.3440120325
 20
570769.7672673506
 30
0.0
 11
860941.3440120325
 21
570767.5775451798
 31
0.0
  0
LINE
  5
761
330
750
100
AcDbEntity
  8
HEATER
100
AcDbLine
 10
860937.4599932797
 20
570771.2753346086
 30
0.0
 11
860939.5447235582
 21
570771.2753346086
 31
0.0
  0
LINE
  5
762
330
750
100
AcDbEntity
  8
HEATER
100
AcDbLine
 10
860941.3440120325
 20
570771.2753346086
 30
0.0
 11
860943.4287423106
 21
570771.2753346086
 31
0.0
  0
LINE
  5
763
330
750
100
AcDbEntity
  8
HEATER
100
AcDbLine
 10
860937.4599932797
 20
570769.7672673506
 30
0.0
 11
860939.5447235582
 21
570769.7672673506
 31
0.0
  0
LINE
  5
764
330
750
100
AcDbEntity
  8
HEATER
100
AcDbLine
 10
860941.3440120325
 20
570769.7672673506
 30
0.0
 11
860943.4287423106
 21
570769.7672673506
 31
0.0
  0
ENDBLK
  5
752
330
750
100
AcDbEntity
  8
0
100
AcDbBlockEnd
  0
BLOCK
  5
766
330
765
100
AcDbEntity
  8
0
100
AcDbBlockBegin
  2
SĐFHGGH
 70
0
 10
0.0
 20
0.0
 30
0.0
  3
SĐFHGGH
  1

  0
ARC
  5
768
330
765
100
AcDbEntity
  8
HEATER
100
AcDbCircle
 10
860940.444367795
 20
570705.4118046993
 30
0.0
 40
12.0
100
AcDbArc
 50
104.4775121859967
 51
165.5224878140032
  0
ARC
  5
769
330
765
100
AcDbEntity
  8
HEATER
100
AcDbCircle
 10
860940.444367795
 20
570705.4118046993
 30
0.0
 40
12.0
100
AcDbArc
 50
194.4775121859968
 51
255.5224878140033
  0
ARC
  5
76A
330
765
100
AcDbEntity
  8
HEATER
100
AcDbCircle
 10
860940.444367795
 20
570705.4118046993
 30
0.0
 40
12.0
100
AcDbArc
 50
284.4775121859968
 51
345.5224878140032
  0
ARC
  5
76B
330
765
100
AcDbEntity
  8
HEATER
100
AcDbCircle
 10
860940.444367795
 20
570705.4118046993
 30
0.0
 40
12.0
100
AcDbArc
 50
14.47751218599677
 51
75.52248781400324
  0
LWPOLYLINE
  5
76C
330
765
100
AcDbEntity
  8
HEATER
100
AcDbPolyline
 90
4
 70
0
 10
860943.4443677953
 20
570717.0307547379
 10
860943.4443677953
 20
570718.4118046995
 10
860937.4443677955
 20
570718.4118046995
 10
860937.4443677955
 20
570717.0307547379
  0
LWPOLYLINE
  5
76D
330
765
100
AcDbEntity
  8
HEATER
100
AcDbPolyline
 90
4
 70
0
 10
860943.4443677953
 20
570693.7928546608
 10
860943.4443677953
 20
570692.4118046995
 10
860937.4443677955
 20
570692.4118046995
 10
860937.4443677955
 20
570693.7928546608
  0
LWPOLYLINE
  5
76E
330
765
100
AcDbEntity
  8
HEATER
100
AcDbPolyline
 90
4
 70
0
 10
860952.0633178339
 20
570702.4118046995
 10
860953.4443677956
 20
570702.4118046995
 10
860953.4443677956
 20
570708.4118046993
 10
860952.0633178339
 20
570708.4118046993
  0
LWPOLYLINE
  5
76F
330
765
100
AcDbEntity
  8
HEATER
100
AcDbPolyline
 90
4
 70
0
 10
860928.8254177567
 20
570702.4118046995
 10
860927.4443677953
 20
570702.4118046995
 10
860927.4443677953
 20
570708.4118046993
 10
860928.8254177567
 20
570708.4118046993
  0
ENDBLK
  5
767
330
765
100
AcDbEntity
  8
0
100
AcDbBlockEnd
  0
BLOCK
  5
782
330
781
100
AcDbEntity
  8
0
100
AcDbBlockBegin
  2
_Open30
 70
0
 10
0.0
 20
0.0
 30
0.0
  3
_Open30
  1

  0
LINE
  5
784
330
781
100
AcDbEntity
  8
0
  6
ByBlock
 62
0
370
-2
100
AcDbLine
 10
-1.0
 20
0.26794919
 30
0.0
 11
0.0
 21
0.0
 31
0.0
  0
LINE
  5
785
330
781
100
AcDbEntity
  8
0
  6
ByBlock
 62
0
370
-2
100
AcDbLine
 10
0.0
 20
0.0
 30
0.0
 11
-1.0
 21
-0.26794919
 31
0.0
  0
LINE
  5
786
330
781
100
AcDbEntity
  8
0
  6
ByBlock
 62
0
370
-2
100
AcDbLine
 10
0.0
 20
0.0
 30
0.0
 11
-1.0
 21
0.0
 31
0.0
  0
ENDBLK
  5
783
330
781
100
AcDbEntity
  8
0
100
AcDbBlockEnd
  0
BLOCK
  5
7B6
330
7B5
100
AcDbEntity
  8
0
100
AcDbBlockBegin
  2
*D1
 70
1
 10
0.0
 20
0.0
 30
0.0
  3
*D1
  1

  0
LINE
  5
7B8
330
7B5
100
AcDbEntity
  8
0
 62
5
370
9
 48
3.0
440
16777216
100
AcDbLine
 10
1561.4303735905269
 20
2560.075701818452
 30
0.0
 11
1561.4303735905269
 21
2649.960150290284
 31
0.0
  0
LINE
  5
7B9
330
7B5
100
AcDbEntity
  8
0
 62
5
370
9
 48
3.0
440
16777216
100
AcDbLine
 10
2261.430373590527
 20
2560.075701818452
 30
0.0
 11
2261.430373590527
 21
2649.960150290284
 31
0.0
  0
LINE
  5
7BA
330
7B5
100
AcDbEntity
  8
0
 62
5
370
9
 48
3.0
440
16777216
100
AcDbLine
 10
1561.4303735905269
 20
2634.960150290284
 30
0.0
 11
2261.430373590527
 21
2634.960150290284
 31
0.0
  0
LINE
  5
7BB
330
7B5
100
AcDbEntity
  8
0
  6
ByBlock
 62
0
370
-2
100
AcDbLine
 10
1567.4303735905269
 20
2640.960150290284
 30
0.0
 11
1555.4303735905269
 21
2628.960150290284
 31
0.0
  0
LINE
  5
7BC
330
7B5
100
AcDbEntity
  8
0
  6
ByBlock
 62
0
370
-2
100
AcDbLine
 10
2255.430373590527
 20
2628.960150290284
 30
0.0
 11
2267.430373590527
 21
2640.960150290284
 31
0.0
  0
MTEXT
  5
7BD
330
7B5
100
AcDbEntity
  8
0
 62
3
 48
3.0
440
16777216
100
AcDbMText
 10
1911.4303735905269
 20
2666.8090588850937
 30
0.0
 40
33.0
 41
0.0
 46
0.0
 71
5
  1
700
  0
POINT
  5
7BE
330
7B5
100
AcDbEntity
  8
Defpoints
 62
0
 48
3.0
440
16777216
100
AcDbPoint
 10
1561.4303735905269
 20
2535.075701818452
 30
0.0
  0
POINT
  5
7BF
330
7B5
100
AcDbEntity
  8
Defpoints
 62
0
 48
3.0
440
16777216
100
AcDbPoint
 10
2261.430373590527
 20
2535.075701818452
 30
0.0
  0
POINT
  5
7C0
330
7B5
100
AcDbEntity
  8
Defpoints
 62
0
 48
3.0
440
16777216
100
AcDbPoint
 10
2261.430373590527
 20
2634.960150290284
 30
0.0
  0
ENDBLK
  5
7B7
330
7B5
100
AcDbEntity
  8
0
100
AcDbBlockEnd
  0
BLOCK
  5
7C2
330
7C1
100
AcDbEntity
  8
0
100
AcDbBlockBegin
  2
*D2
 70
1
 10
0.0
 20
0.0
 30
0.0
  3
*D2
  1

  0
LINE
  5
7C4
330
7C1
100
AcDbEntity
  8
0
 62
5
370
9
 48
3.0
440
16777216
100
AcDbLine
 10
1536.4303735905269
 20
2535.075701818452
 30
0.0
 11
1376.5946849255124
 21
2535.075701818452
 31
0.0
  0
LINE
  5
7C5
330
7C1
100
AcDbEntity
  8
0
 62
5
370
9
 48
3.0
440
16777216
100
AcDbLine
 10
1536.4303735905269
 20
1135.0757018184522
 30
0.0
 11
1376.5946849255124
 21
1135.0757018184522
 31
0.0
  0
LINE
  5
7C6
330
7C1
100
AcDbEntity
  8
0
 62
5
370
9
 48
3.0
440
16777216
100
AcDbLine
 10
1391.5946849255124
 20
2535.075701818452
 30
0.0
 11
1391.5946849255124
 21
1135.0757018184522
 31
0.0
  0
LINE
  5
7C7
330
7C1
100
AcDbEntity
  8
0
  6
ByBlock
 62
0
370
-2
100
AcDbLine
 10
1397.5946849255124
 20
2529.075701818452
 30
0.0
 11
1385.5946849255124
 21
2541.075701818452
 31
0.0
  0
LINE
  5
7C8
330
7C1
100
AcDbEntity
  8
0
  6
ByBlock
 62
0
370
-2
100
AcDbLine
 10
1385.5946849255124
 20
1141.0757018184522
 30
0.0
 11
1397.5946849255124
 21
1129.0757018184522
 31
0.0
  0
MTEXT
  5
7C9
330
7C1
100
AcDbEntity
  8
0
 62
3
 48
3.0
440
16777216
100
AcDbMText
 10
1359.7457763306156
 20
1835.0757018184813
 30
0.0
 40
33.0
 41
0.0
 46
0.0
 71
5
  1
1400
 11
1e-16
 21
1.0
 31
0.0
  0
POINT
  5
7CA
330
7C1
100
AcDbEntity
  8
Defpoints
 62
0
 48
3.0
440
16777216
100
AcDbPoint
 10
1561.4303735905269
 20
2535.075701818452
 30
0.0
  0
POINT
  5
7CB
330
7C1
100
AcDbEntity
  8
Defpoints
 62
0
 48
3.0
440
16777216
100
AcDbPoint
 10
1561.4303735905269
 20
1135.0757018184522
 30
0.0
  0
POINT
  5
7CC
330
7C1
100
AcDbEntity
  8
Defpoints
 62
0
 48
3.0
440
16777216
100
AcDbPoint
 10
1391.5946849255124
 20
1135.0757018184522
 30
0.0
  0
ENDBLK
  5
7C3
330
7C1
100
AcDbEntity
  8
0
100
AcDbBlockEnd
  0
BLOCK
  5
7CE
330
7CD
100
AcDbEntity
  8
0
100
AcDbBlockBegin
  2
*D3
 70
1
 10
0.0
 20
0.0
 30
0.0
  3
*D3
  1

  0
LINE
  5
7D0
330
7CD
100
AcDbEntity
  8
0
 62
5
370
9
 48
3.0
440
16777216
100
AcDbLine
 10
2550.3308764391113
 20
2035.0757018184522
 30
0.0
 11
2464.6298017826048
 21
2035.0757018184522
 31
0.0
  0
LINE
  5
7D1
330
7CD
100
AcDbEntity
  8
0
 62
5
370
9
 48
3.0
440
16777216
100
AcDbLine
 10
2549.1308764391288
 20
1135.0757018184522
 30
0.0
 11
2464.6298017826048
 21
1135.0757018184522
 31
0.0
  0
LINE
  5
7D2
330
7CD
100
AcDbEntity
  8
0
 62
5
370
9
 48
3.0
440
16777216
100
AcDbLine
 10
2479.6298017826048
 20
2035.0757018184522
 30
0.0
 11
2479.6298017826048
 21
1135.0757018184522
 31
0.0
  0
LINE
  5
7D3
330
7CD
100
AcDbEntity
  8
0
  6
ByBlock
 62
0
370
-2
100
AcDbLine
 10
2485.6298017826048
 20
2029.0757018184522
 30
0.0
 11
2473.6298017826048
 21
2041.0757018184522
 31
0.0
  0
LINE
  5
7D4
330
7CD
100
AcDbEntity
  8
0
  6
ByBlock
 62
0
370
-2
100
AcDbLine
 10
2473.6298017826048
 20
1141.0757018184522
 30
0.0
 11
2485.6298017826048
 21
1129.0757018184522
 31
0.0
  0
MTEXT
  5
7D5
330
7CD
100
AcDbEntity
  8
0
 62
3
 48
3.0
440
16777216
100
AcDbMText
 10
2447.7808931878244
 20
1585.0757018184813
 30
0.0
 40
33.0
 41
0.0
 46
0.0
 71
5
  1
900
 11
1e-16
 21
1.0
 31
0.0
  0
POINT
  5
7D6
330
7CD
100
AcDbEntity
  8
Defpoints
 62
0
 48
3.0
440
16777216
100
AcDbPoint
 10
2575.3308764391113
 20
2035.0757018184522
 30
0.0
  0
POINT
  5
7D7
330
7CD
100
AcDbEntity
  8
Defpoints
 62
0
 48
3.0
440
16777216
100
AcDbPoint
 10
2574.1308764391288
 20
1135.0757018184522
 30
0.0
  0
POINT
  5
7D8
330
7CD
100
AcDbEntity
  8
Defpoints
 62
0
 48
3.0
440
16777216
100
AcDbPoint
 10
2479.6298017826048
 20
1135.0757018184522
 30
0.0
  0
ENDBLK
  5
7CF
330
7CD
100
AcDbEntity
  8
0
100
AcDbBlockEnd
  0
BLOCK
  5
7DA
330
7D9
100
AcDbEntity
  8
0
100
AcDbBlockBegin
  2
*D4
 70
1
 10
0.0
 20
0.0
 30
0.0
  3
*D4
  1

  0
LINE
  5
7DC
330
7D9
100
AcDbEntity
  8
0
 62
5
370
9
 48
3.0
440
16777216
100
AcDbLine
 10
1561.4303735905269
 20
834.4180907034024
 30
0.0
 11
1561.4303735905269
 21
875.5484704088958
 31
0.0
  0
LINE
  5
7DD
330
7D9
100
AcDbEntity
  8
0
 62
5
370
9
 48
3.0
440
16777216
100
AcDbLine
 10
2261.430373590527
 20
834.4180907034024
 30
0.0
 11
2261.430373590527
 21
875.5484704088958
 31
0.0
  0
LINE
  5
7DE
330
7D9
100
AcDbEntity
  8
0
 62
5
370
9
 48
3.0
440
16777216
100
AcDbLine
 10
1561.4303735905269
 20
860.5484704088958
 30
0.0
 11
2261.430373590527
 21
860.5484704088958
 31
0.0
  0
LINE
  5
7DF
330
7D9
100
AcDbEntity
  8
0
  6
ByBlock
 62
0
370
-2
100
AcDbLine
 10
1567.4303735905269
 20
866.5484704088958
 30
0.0
 11
1555.4303735905269
 21
854.5484704088958
 31
0.0
  0
LINE
  5
7E0
330
7D9
100
AcDbEntity
  8
0
  6
ByBlock
 62
0
370
-2
100
AcDbLine
 10
2255.430373590527
 20
854.5484704088958
 30
0.0
 11
2267.430373590527
 21
866.5484704088958
 31
0.0
  0
MTEXT
  5
7E1
330
7D9
100
AcDbEntity
  8
0
 62
3
 48
3.0
440
16777216
100
AcDbMText
 10
1911.4303735905269
 20
892.3973790037126
 30
0.0
 40
33.0
 41
0.0
 46
0.0
 71
5
  1
700
  0
POINT
  5
7E2
330
7D9
100
AcDbEntity
  8
Defpoints
 62
0
 48
3.0
440
16777216
100
AcDbPoint
 10
1561.4303735905269
 20
809.4180907034024
 30
0.0
  0
POINT
  5
7E3
330
7D9
100
AcDbEntity
  8
Defpoints
 62
0
 48
3.0
440
16777216
100
AcDbPoint
 10
2261.430373590527
 20
809.4180907034024
 30
0.0
  0
POINT
  5
7E4
330
7D9
100
AcDbEntity
  8
Defpoints
 62
0
 48
3.0
440
16777216
100
AcDbPoint
 10
2261.430373590527
 20
860.5484704088958
 30
0.0
  0
ENDBLK
  5
7DB
330
7D9
100
AcDbEntity
  8
0
100
AcDbBlockEnd
  0
BLOCK
  5
7E6
330
7E5
100
AcDbEntity
  8
0
100
AcDbBlockBegin
  2
*D5
 70
1
 10
0.0
 20
0.0
 30
0.0
  3
*D5
  1

  0
LINE
  5
7E8
330
7E5
100
AcDbEntity
  8
0
 62
5
370
9
 48
3.0
440
16777216
100
AcDbLine
 10
1536.4303735905269
 20
809.4180907034024
 30
0.0
 11
1456.018880331918
 21
809.4180907034024
 31
0.0
  0
LINE
  5
7E9
330
7E5
100
AcDbEntity
  8
0
 62
5
370
9
 48
3.0
440
16777216
100
AcDbLine
 10
1537.4303735905269
 20
309.4180907034024
 30
0.0
 11
1456.018880331918
 21
309.4180907034024
 31
0.0
  0
LINE
  5
7EA
330
7E5
100
AcDbEntity
  8
0
 62
5
370
9
 48
3.0
440
16777216
100
AcDbLine
 10
1471.018880331918
 20
809.4180907034024
 30
0.0
 11
1471.018880331918
 21
309.4180907034024
 31
0.0
  0
LINE
  5
7EB
330
7E5
100
AcDbEntity
  8
0
  6
ByBlock
 62
0
370
-2
100
AcDbLine
 10
1477.018880331918
 20
803.4180907034024
 30
0.0
 11
1465.018880331918
 21
815.4180907034024
 31
0.0
  0
LINE
  5
7EC
330
7E5
100
AcDbEntity
  8
0
  6
ByBlock
 62
0
370
-2
100
AcDbLine
 10
1465.018880331918
 20
315.4180907034024
 30
0.0
 11
1477.018880331918
 21
303.4180907034024
 31
0.0
  0
MTEXT
  5
7ED
330
7E5
100
AcDbEntity
  8
0
 62
3
 48
3.0
440
16777216
100
AcDbMText
 10
1439.1699717370211
 20
559.4180907034242
 30
0.0
 40
33.0
 41
0.0
 46
0.0
 71
5
  1
500
 11
1e-16
 21
1.0
 31
0.0
  0
POINT
  5
7EE
330
7E5
100
AcDbEntity
  8
Defpoints
 62
0
 48
3.0
440
16777216
100
AcDbPoint
 10
1561.4303735905269
 20
809.4180907034024
 30
0.0
  0
POINT
  5
7EF
330
7E5
100
AcDbEntity
  8
Defpoints
 62
0
 48
3.0
440
16777216
100
AcDbPoint
 10
1562.4303735905269
 20
309.4180907034024
 30
0.0
  0
POINT
  5
7F0
330
7E5
100
AcDbEntity
  8
Defpoints
 62
0
 48
3.0
440
16777216
100
AcDbPoint
 10
1471.018880331918
 20
309.4180907034024
 30
0.0
  0
ENDBLK
  5
7E7
330
7E5
100
AcDbEntity
  8
0
100
AcDbBlockEnd
  0
BLOCK
  5
7F2
330
7F1
100
AcDbEntity
  8
0
100
AcDbBlockBegin
  2
*D6
 70
1
 10
0.0
 20
0.0
 30
0.0
  3
*D6
  1

  0
LINE
  5
7F4
330
7F1
100
AcDbEntity
  8
0
 62
5
370
9
 48
3.0
440
16777216
100
AcDbLine
 10
2549.1308764391288
 20
2535.075701818452
 30
0.0
 11
2464.6298017826048
 21
2535.075701818452
 31
0.0
  0
LINE
  5
7F5
330
7F1
100
AcDbEntity
  8
0
 62
5
370
9
 48
3.0
440
16777216
100
AcDbLine
 10
2550.3308764391113
 20
2035.0757018184522
 30
0.0
 11
2464.6298017826048
 21
2035.0757018184522
 31
0.0
  0
LINE
  5
7F6
330
7F1
100
AcDbEntity
  8
0
 62
5
370
9
 48
3.0
440
16777216
100
AcDbLine
 10
2479.6298017826048
 20
2535.075701818452
 30
0.0
 11
2479.6298017826048
 21
2035.0757018184522
 31
0.0
  0
LINE
  5
7F7
330
7F1
100
AcDbEntity
  8
0
  6
ByBlock
 62
0
370
-2
100
AcDbLine
 10
2485.6298017826048
 20
2529.075701818452
 30
0.0
 11
2473.6298017826048
 21
2541.075701818452
 31
0.0
  0
LINE
  5
7F8
330
7F1
100
AcDbEntity
  8
0
  6
ByBlock
 62
0
370
-2
100
AcDbLine
 10
2473.6298017826048
 20
2041.0757018184522
 30
0.0
 11
2485.6298017826048
 21
2029.0757018184522
 31
0.0
  0
MTEXT
  5
7F9
330
7F1
100
AcDbEntity
  8
0
 62
3
 48
3.0
440
16777216
100
AcDbMText
 10
2447.7808931878244
 20
2285.075701818474
 30
0.0
 40
33.0
 41
0.0
 46
0.0
 71
5
  1
500
 11
1e-16
 21
1.0
 31
0.0
  0
POINT
  5
7FA
330
7F1
100
AcDbEntity
  8
Defpoints
 62
0
 48
3.0
440
16777216
100
AcDbPoint
 10
2574.1308764391288
 20
2535.075701818452
 30
0.0
  0
POINT
  5
7FB
330
7F1
100
AcDbEntity
  8
Defpoints
 62
0
 48
3.0
440
16777216
100
AcDbPoint
 10
2575.3308764391113
 20
2035.0757018184522
 30
0.0
  0
POINT
  5
7FC
330
7F1
100
AcDbEntity
  8
Defpoints
 62
0
 48
3.0
440
16777216
100
AcDbPoint
 10
2479.6298017826048
 20
2035.0757018184522
 30
0.0
  0
ENDBLK
  5
7F3
330
7F1
100
AcDbEntity
  8
0
100
AcDbBlockEnd
  0
BLOCK
  5
7FE
330
7FD
100
AcDbEntity
  8
0
100
AcDbBlockBegin
  2
*D7
 70
1
 10
0.0
 20
0.0
 30
0.0
  3
*D7
  1

  0
LINE
  5
800
330
7FD
100
AcDbEntity
  8
0
 62
5
370
9
 48
3.0
440
16777216
100
AcDbLine
 10
362.70790210182895
 20
2560.075701818452
 30
0.0
 11
362.70790210182895
 21
2649.960150290284
 31
0.0
  0
LINE
  5
801
330
7FD
100
AcDbEntity
  8
0
 62
5
370
9
 48
3.0
440
16777216
100
AcDbLine
 10
1062.7079021019163
 20
2560.075701818452
 30
0.0
 11
1062.7079021019163
 21
2649.960150290284
 31
0.0
  0
LINE
  5
802
330
7FD
100
AcDbEntity
  8
0
 62
5
370
9
 48
3.0
440
16777216
100
AcDbLine
 10
362.70790210182895
 20
2634.960150290284
 30
0.0
 11
1062.7079021019163
 21
2634.960150290284
 31
0.0
  0
LINE
  5
803
330
7FD
100
AcDbEntity
  8
0
  6
ByBlock
 62
0
370
-2
100
AcDbLine
 10
368.70790210182895
 20
2640.960150290284
 30
0.0
 11
356.70790210182895
 21
2628.960150290284
 31
0.0
  0
LINE
  5
804
330
7FD
100
AcDbEntity
  8
0
  6
ByBlock
 62
0
370
-2
100
AcDbLine
 10
1056.7079021019163
 20
2628.960150290284
 30
0.0
 11
1068.7079021019163
 21
2640.960150290284
 31
0.0
  0
MTEXT
  5
805
330
7FD
100
AcDbEntity
  8
0
 62
3
 48
3.0
440
16777216
100
AcDbMText
 10
712.7079021019163
 20
2666.8090588850937
 30
0.0
 40
33.0
 41
0.0
 46
0.0
 71
5
  1
700
  0
POINT
  5
806
330
7FD
100
AcDbEntity
  8
Defpoints
 62
0
 48
3.0
440
16777216
100
AcDbPoint
 10
362.70790210182895
 20
2535.075701818452
 30
0.0
  0
POINT
  5
807
330
7FD
100
AcDbEntity
  8
Defpoints
 62
0
 48
3.0
440
16777216
100
AcDbPoint
 10
1062.7079021019163
 20
2535.075701818452
 30
0.0
  0
POINT
  5
808
330
7FD
100
AcDbEntity
  8
Defpoints
 62
0
 48
3.0
440
16777216
100
AcDbPoint
 10
1062.7079021019163
 20
2634.960150290284
 30
0.0
  0
ENDBLK
  5
7FF
330
7FD
100
AcDbEntity
  8
0
100
AcDbBlockEnd
  0
BLOCK
  5
80A
330
809
100
AcDbEntity
  8
0
100
AcDbBlockBegin
  2
*D8
 70
1
 10
0.0
 20
0.0
 30
0.0
  3
*D8
  1

  0
LINE
  5
80C
330
809
100
AcDbEntity
  8
0
 62
5
370
9
 48
3.0
440
16777216
100
AcDbLine
 10
337.70790210191626
 20
2535.075701818452
 30
0.0
 11
177.8722134368145
 21
2535.075701818452
 31
0.0
  0
LINE
  5
80D
330
809
100
AcDbEntity
  8
0
 62
5
370
9
 48
3.0
440
16777216
100
AcDbLine
 10
337.70790210191626
 20
1135.0757018184522
 30
0.0
 11
177.8722134368145
 21
1135.0757018184522
 31
0.0
  0
LINE
  5
80E
330
809
100
AcDbEntity
  8
0
 62
5
370
9
 48
3.0
440
16777216
100
AcDbLine
 10
192.8722134368145
 20
2535.075701818452
 30
0.0
 11
192.8722134368145
 21
1135.0757018184522
 31
0.0
  0
LINE
  5
80F
330
809
100
AcDbEntity
  8
0
  6
ByBlock
 62
0
370
-2
100
AcDbLine
 10
198.8722134368145
 20
2529.075701818452
 30
0.0
 11
186.8722134368145
 21
2541.075701818452
 31
0.0
  0
LINE
  5
810
330
809
100
AcDbEntity
  8
0
  6
ByBlock
 62
0
370
-2
100
AcDbLine
 10
186.8722134368145
 20
1141.0757018184522
 30
0.0
 11
198.8722134368145
 21
1129.0757018184522
 31
0.0
  0
MTEXT
  5
811
330
809
100
AcDbEntity
  8
0
 62
3
 48
3.0
440
16777216
100
AcDbMText
 10
161.02330484200502
 20
1835.0757018184813
 30
0.0
 40
33.0
 41
0.0
 46
0.0
 71
5
  1
1400
 11
1e-16
 21
1.0
 31
0.0
  0
POINT
  5
812
330
809
100
AcDbEntity
  8
Defpoints
 62
0
 48
3.0
440
16777216
100
AcDbPoint
 10
362.70790210182895
 20
2535.075701818452
 30
0.0
  0
POINT
  5
813
330
809
100
AcDbEntity
  8
Defpoints
 62
0
 48
3.0
440
16777216
100
AcDbPoint
 10
362.70790210182895
 20
1135.0757018184522
 30
0.0
  0
POINT
  5
814
330
809
100
AcDbEntity
  8
Defpoints
 62
0
 48
3.0
440
16777216
100
AcDbPoint
 10
192.8722134368145
 20
1135.0757018184522
 30
0.0
  0
ENDBLK
  5
80B
330
809
100
AcDbEntity
  8
0
100
AcDbBlockEnd
  0
BLOCK
  5
816
330
815
100
AcDbEntity
  8
0
100
AcDbBlockBegin
  2
*D9
 70
1
 10
0.0
 20
0.0
 30
0.0
  3
*D9
  1

  0
LINE
  5
818
330
815
100
AcDbEntity
  8
0
 62
5
370
9
 48
3.0
440
16777216
100
AcDbLine
 10
362.70790210182895
 20
834.4180907034024
 30
0.0
 11
362.70790210182895
 21
875.5484704088958
 31
0.0
  0
LINE
  5
819
330
815
100
AcDbEntity
  8
0
 62
5
370
9
 48
3.0
440
16777216
100
AcDbLine
 10
1062.7079021019163
 20
834.4180907034024
 30
0.0
 11
1062.7079021019163
 21
875.5484704088958
 31
0.0
  0
LINE
  5
81A
330
815
100
AcDbEntity
  8
0
 62
5
370
9
 48
3.0
440
16777216
100
AcDbLine
 10
362.70790210182895
 20
860.5484704088958
 30
0.0
 11
1062.7079021019163
 21
860.5484704088958
 31
0.0
  0
LINE
  5
81B
330
815
100
AcDbEntity
  8
0
  6
ByBlock
 62
0
370
-2
100
AcDbLine
 10
368.70790210182895
 20
866.5484704088958
 30
0.0
 11
356.70790210182895
 21
854.5484704088958
 31
0.0
  0
LINE
  5
81C
330
815
100
AcDbEntity
  8
0
  6
ByBlock
 62
0
370
-2
100
AcDbLine
 10
1056.7079021019163
 20
854.5484704088958
 30
0.0
 11
1068.7079021019163
 21
866.5484704088958
 31
0.0
  0
MTEXT
  5
81D
330
815
100
AcDbEntity
  8
0
 62
3
 48
3.0
440
16777216
100
AcDbMText
 10
712.7079021019163
 20
892.3973790037126
 30
0.0
 40
33.0
 41
0.0
 46
0.0
 71
5
  1
700
  0
POINT
  5
81E
330
815
100
AcDbEntity
  8
Defpoints
 62
0
 48
3.0
440
16777216
100
AcDbPoint
 10
362.70790210182895
 20
809.4180907034024
 30
0.0
  0
POINT
  5
81F
330
815
100
AcDbEntity
  8
Defpoints
 62
0
 48
3.0
440
16777216
100
AcDbPoint
 10
1062.7079021019163
 20
809.4180907034024
 30
0.0
  0
POINT
  5
820
330
815
100
AcDbEntity
  8
Defpoints
 62
0
 48
3.0
440
16777216
100
AcDbPoint
 10
1062.7079021019163
 20
860.5484704088958
 30
0.0
  0
ENDBLK
  5
817
330
815
100
AcDbEntity
  8
0
100
AcDbBlockEnd
  0
BLOCK
  5
822
330
821
100
AcDbEntity
  8
0
100
AcDbBlockBegin
  2
*D10
 70
1
 10
0.0
 20
0.0
 30
0.0
  3
*D10
  1

  0
LINE
  5
824
330
821
100
AcDbEntity
  8
0
 62
5
370
9
 48
3.0
440
16777216
100
AcDbLine
 10
337.70790210191626
 20
809.4180907034024
 30
0.0
 11
257.29640884322
 21
809.4180907034024
 31
0.0
  0
LINE
  5
825
330
821
100
AcDbEntity
  8
0
 62
5
370
9
 48
3.0
440
16777216
100
AcDbLine
 10
338.70790210191626
 20
309.4180907034024
 30
0.0
 11
257.29640884322
 21
309.4180907034024
 31
0.0
  0
LINE
  5
826
330
821
100
AcDbEntity
  8
0
 62
5
370
9
 48
3.0
440
16777216
100
AcDbLine
 10
272.29640884322
 20
809.4180907034024
 30
0.0
 11
272.29640884322
 21
309.4180907034024
 31
0.0
  0
LINE
  5
827
330
821
100
AcDbEntity
  8
0
  6
ByBlock
 62
0
370
-2
100
AcDbLine
 10
278.29640884322
 20
803.4180907034024
 30
0.0
 11
266.29640884322
 21
815.4180907034024
 31
0.0
  0
LINE
  5
828
330
821
100
AcDbEntity
  8
0
  6
ByBlock
 62
0
370
-2
100
AcDbLine
 10
266.29640884322
 20
315.4180907034024
 30
0.0
 11
278.29640884322
 21
303.4180907034024
 31
0.0
  0
MTEXT
  5
829
330
821
100
AcDbEntity
  8
0
 62
3
 48
3.0
440
16777216
100
AcDbMText
 10
240.4475002484105
 20
559.4180907034242
 30
0.0
 40
33.0
 41
0.0
 46
0.0
 71
5
  1
500
 11
1e-16
 21
1.0
 31
0.0
  0
POINT
  5
82A
330
821
100
AcDbEntity
  8
Defpoints
 62
0
 48
3.0
440
16777216
100
AcDbPoint
 10
362.70790210182895
 20
809.4180907034024
 30
0.0
  0
POINT
  5
82B
330
821
100
AcDbEntity
  8
Defpoints
 62
0
 48
3.0
440
16777216
100
AcDbPoint
 10
363.70790210191626
 20
309.4180907034024
 30
0.0
  0
POINT
  5
82C
330
821
100
AcDbEntity
  8
Defpoints
 62
0
 48
3.0
440
16777216
100
AcDbPoint
 10
272.29640884322
 20
309.4180907034024
 30
0.0
  0
ENDBLK
  5
823
330
821
100
AcDbEntity
  8
0
100
AcDbBlockEnd
  0
BLOCK
  5
82E
330
82D
100
AcDbEntity
  8
0
100
AcDbBlockBegin
  2
*D11
 70
1
 10
0.0
 20
0.0
 30
0.0
  3
*D11
  1

  0
LINE
  5
830
330
82D
100
AcDbEntity
  8
DIM
 62
5
370
9
 48
3.0
440
16777216
100
AcDbLine
 10
3355.8768237191252
 20
2475.825701818452
 30
0.0
 11
3355.8768237191252
 21
2546.0709949315933
 31
0.0
  0
LINE
  5
831
330
82D
100
AcDbEntity
  8
DIM
 62
5
370
9
 48
3.0
440
16777216
100
AcDbLine
 10
3435.876823719009
 20
2475.825701818452
 30
0.0
 11
3435.876823719009
 21
2546.0709949315933
 31
0.0
  0
LINE
  5
832
330
82D
100
AcDbEntity
  8
DIM
 62
5
370
9
 48
3.0
440
16777216
100
AcDbLine
 10
3355.8768237191252
 20
2531.0709949315933
 30
0.0
 11
3435.876823719009
 21
2531.0709949315933
 31
0.0
  0
LINE
  5
833
330
82D
100
AcDbEntity
  8
0
  6
ByBlock
 62
0
370
-2
100
AcDbLine
 10
3361.8768237191252
 20
2537.0709949315933
 30
0.0
 11
3349.8768237191252
 21
2525.0709949315933
 31
0.0
  0
LINE
  5
834
330
82D
100
AcDbEntity
  8
0
  6
ByBlock
 62
0
370
-2
100
AcDbLine
 10
3429.876823719009
 20
2525.0709949315933
 30
0.0
 11
3441.876823719009
 21
2537.0709949315933
 31
0.0
  0
MTEXT
  5
835
330
82D
100
AcDbEntity
  8
DIM
 62
3
 48
3.0
440
16777216
100
AcDbMText
 10
3395.876823719009
 20
2562.919903526403
 30
0.0
 40
33.0
 41
0.0
 46
0.0
 71
5
  1
80
  0
POINT
  5
836
330
82D
100
AcDbEntity
  8
Defpoints
 62
0
 48
3.0
440
16777216
100
AcDbPoint
 10
3355.8768237191252
 20
2450.825701818452
 30
0.0
  0
POINT
  5
837
330
82D
100
AcDbEntity
  8
Defpoints
 62
0
 48
3.0
440
16777216
100
AcDbPoint
 10
3435.876823719009
 20
2450.825701818452
 30
0.0
  0
POINT
  5
838
330
82D
100
AcDbEntity
  8
Defpoints
 62
0
 48
3.0
440
16777216
100
AcDbPoint
 10
3435.876823719009
 20
2531.0709949315933
 30
0.0
  0
ENDBLK
  5
82F
330
82D
100
AcDbEntity
  8
0
100
AcDbBlockEnd
  0
BLOCK
  5
83A
330
839
100
AcDbEntity
  8
0
100
AcDbBlockBegin
  2
*D12
 70
1
 10
0.0
 20
0.0
 30
0.0
  3
*D12
  1

  0
LINE
  5
83C
330
839
100
AcDbEntity
  8
DIM
 62
5
370
9
 48
3.0
440
16777216
100
AcDbLine
 10
3330.876823719009
 20
2450.825701818452
 30
0.0
 11
3275.7486150967306
 21
2450.825701818452
 31
0.0
  0
LINE
  5
83D
330
839
100
AcDbEntity
  8
DIM
 62
5
370
9
 48
3.0
440
16777216
100
AcDbLine
 10
3330.876823719009
 20
2069.325701818452
 30
0.0
 11
3275.7486150967306
 21
2069.325701818452
 31
0.0
  0
LINE
  5
83E
330
839
100
AcDbEntity
  8
DIM
 62
5
370
9
 48
3.0
440
16777216
100
AcDbLine
 10
3290.7486150967306
 20
2450.825701818452
 30
0.0
 11
3290.7486150967306
 21
2069.325701818452
 31
0.0
  0
LINE
  5
83F
330
839
100
AcDbEntity
  8
0
  6
ByBlock
 62
0
370
-2
100
AcDbLine
 10
3296.7486150967306
 20
2444.825701818452
 30
0.0
 11
3284.7486150967306
 21
2456.825701818452
 31
0.0
  0
LINE
  5
840
330
839
100
AcDbEntity
  8
0
  6
ByBlock
 62
0
370
-2
100
AcDbLine
 10
3284.7486150967306
 20
2075.325701818452
 30
0.0
 11
3296.7486150967306
 21
2063.325701818452
 31
0.0
  0
MTEXT
  5
841
330
839
100
AcDbEntity
  8
DIM
 62
3
 48
3.0
440
16777216
100
AcDbMText
 10
3258.888451385923
 20
2260.075701818474
 30
0.0
 40
33.0
 41
0.0
 46
0.0
 71
5
  1
382
 11
1e-16
 21
1.0
 31
0.0
  0
POINT
  5
842
330
839
100
AcDbEntity
  8
Defpoints
 62
0
 48
3.0
440
16777216
100
AcDbPoint
 10
3355.8768237191252
 20
2450.825701818452
 30
0.0
  0
POINT
  5
843
330
839
100
AcDbEntity
  8
Defpoints
 62
0
 48
3.0
440
16777216
100
AcDbPoint
 10
3355.8768237191252
 20
2069.325701818452
 30
0.0
  0
POINT
  5
844
330
839
100
AcDbEntity
  8
Defpoints
 62
0
 48
3.0
440
16777216
100
AcDbPoint
 10
3290.7486150967306
 20
2069.325701818452
 30
0.0
  0
ENDBLK
  5
83B
330
839
100
AcDbEntity
  8
0
100
AcDbBlockEnd
  0
BLOCK
  5
846
330
845
100
AcDbEntity
  8
0
100
AcDbBlockBegin
  2
*D13
 70
1
 10
0.0
 20
0.0
 30
0.0
  3
*D13
  1

  0
LINE
  5
848
330
845
100
AcDbEntity
  8
DIM
 62
5
370
9
 48
3.0
440
16777216
100
AcDbLine
 10
3569.927084371622
 20
1875.8257018184522
 30
0.0
 11
3569.927084371622
 21
1946.0709949315933
 31
0.0
  0
LINE
  5
849
330
845
100
AcDbEntity
  8
DIM
 62
5
370
9
 48
3.0
440
16777216
100
AcDbLine
 10
3649.927084371622
 20
1875.8257018184522
 30
0.0
 11
3649.927084371622
 21
1946.0709949315933
 31
0.0
  0
LINE
  5
84A
330
845
100
AcDbEntity
  8
DIM
 62
5
370
9
 48
3.0
440
16777216
100
AcDbLine
 10
3569.927084371622
 20
1931.0709949315933
 30
0.0
 11
3649.927084371622
 21
1931.0709949315933
 31
0.0
  0
LINE
  5
84B
330
845
100
AcDbEntity
  8
0
  6
ByBlock
 62
0
370
-2
100
AcDbLine
 10
3575.927084371622
 20
1937.0709949315933
 30
0.0
 11
3563.927084371622
 21
1925.0709949315933
 31
0.0
  0
LINE
  5
84C
330
845
100
AcDbEntity
  8
0
  6
ByBlock
 62
0
370
-2
100
AcDbLine
 10
3643.927084371622
 20
1925.0709949315933
 30
0.0
 11
3655.927084371622
 21
1937.0709949315933
 31
0.0
  0
MTEXT
  5
84D
330
845
100
AcDbEntity
  8
DIM
 62
3
 48
3.0
440
16777216
100
AcDbMText
 10
3609.927084371622
 20
1962.9199035264173
 30
0.0
 40
33.0
 41
0.0
 46
0.0
 71
5
  1
80
  0
POINT
  5
84E
330
845
100
AcDbEntity
  8
Defpoints
 62
0
 48
3.0
440
16777216
100
AcDbPoint
 10
3569.927084371622
 20
1850.8257018184522
 30
0.0
  0
POINT
  5
84F
330
845
100
AcDbEntity
  8
Defpoints
 62
0
 48
3.0
440
16777216
100
AcDbPoint
 10
3649.927084371622
 20
1850.8257018184522
 30
0.0
  0
POINT
  5
850
330
845
100
AcDbEntity
  8
Defpoints
 62
0
 48
3.0
440
16777216
100
AcDbPoint
 10
3649.927084371622
 20
1931.0709949315933
 30
0.0
  0
ENDBLK
  5
847
330
845
100
AcDbEntity
  8
0
100
AcDbBlockEnd
  0
BLOCK
  5
852
330
851
100
AcDbEntity
  8
0
100
AcDbBlockBegin
  2
*D14
 70
1
 10
0.0
 20
0.0
 30
0.0
  3
*D14
  1

  0
LINE
  5
854
330
851
100
AcDbEntity
  8
DIM
 62
5
370
9
 48
3.0
440
16777216
100
AcDbLine
 10
3544.927084371622
 20
1850.8257018184522
 30
0.0
 11
3489.798875749315
 21
1850.8257018184522
 31
0.0
  0
LINE
  5
855
330
851
100
AcDbEntity
  8
DIM
 62
5
370
9
 48
3.0
440
16777216
100
AcDbLine
 10
3544.927084371622
 20
1069.3257018184522
 30
0.0
 11
3489.798875749315
 21
1069.3257018184522
 31
0.0
  0
LINE
  5
856
330
851
100
AcDbEntity
  8
DIM
 62
5
370
9
 48
3.0
440
16777216
100
AcDbLine
 10
3504.798875749315
 20
1850.8257018184522
 30
0.0
 11
3504.798875749315
 21
1069.3257018184522
 31
0.0
  0
LINE
  5
857
330
851
100
AcDbEntity
  8
0
  6
ByBlock
 62
0
370
-2
100
AcDbLine
 10
3510.798875749315
 20
1844.8257018184522
 30
0.0
 11
3498.798875749315
 21
1856.8257018184522
 31
0.0
  0
LINE
  5
858
330
851
100
AcDbEntity
  8
0
  6
ByBlock
 62
0
370
-2
100
AcDbLine
 10
3498.798875749315
 20
1075.3257018184522
 30
0.0
 11
3510.798875749315
 21
1063.3257018184522
 31
0.0
  0
MTEXT
  5
859
330
851
100
AcDbEntity
  8
DIM
 62
3
 48
3.0
440
16777216
100
AcDbMText
 10
3472.949967154418
 20
1460.075701818474
 30
0.0
 40
33.0
 41
0.0
 46
0.0
 71
5
  1
782
 11
1e-16
 21
1.0
 31
0.0
  0
POINT
  5
85A
330
851
100
AcDbEntity
  8
Defpoints
 62
0
 48
3.0
440
16777216
100
AcDbPoint
 10
3569.927084371622
 20
1850.8257018184522
 30
0.0
  0
POINT
  5
85B
330
851
100
AcDbEntity
  8
Defpoints
 62
0
 48
3.0
440
16777216
100
AcDbPoint
 10
3569.927084371622
 20
1069.3257018184522
 30
0.0
  0
POINT
  5
85C
330
851
100
AcDbEntity
  8
Defpoints
 62
0
 48
3.0
440
16777216
100
AcDbPoint
 10
3504.798875749315
 20
1069.3257018184522
 30
0.0
  0
ENDBLK
  5
853
330
851
100
AcDbEntity
  8
0
100
AcDbBlockEnd
  0
ENDSEC
  0
SECTION
  2
ENTITIES
  0
INSERT
  5
2F
330
17
100
AcDbEntity
  8
0
 62
3
100
AcDbBlockReference
 66
1
  2
KHUNG CHUẨN
 10
-22519.52071312527
 20
38140.016988442716
 30
0.0
 41
1.331000000005587
 42
1.331000000005587
 43
1.331000000005587
  0
ATTRIB
  5
30
330
2F
100
AcDbEntity
  8
0
 62
3
100
AcDbText
 10
1479.1758787629078
 20
99.90184775977104
 30
0.0
 40
26.62000000000001
  1
Võ tủ
  7
Arial
100
AcDbAttribute
  2
#03
 70
0
280
1
 71
1
 72
0
  0
ATTRIB
  5
31
330
2F
100
AcDbEntity
  8
0
 62
3
100
AcDbText
 10
1441.1517581300286
 20
27.181365010932495
 30
0.0
 40
26.62000000000001
  1
1400x700x500
  7
Arial
100
AcDbAttribute
  2
#07
 70
0
280
1
 71
1
 72
0
  0
ATTRIB
  5
32
330
2F
100
AcDbEntity
  8
0
 62
3
100
AcDbText
 10
2438.989892321406
 20
99.90184775977104
 30
0.0
 40
26.62000000000001
  1
1
  7
Arial
100
AcDbAttribute
  2
#08
 70
0
280
1
 71
1
 72
0
  0
ATTRIB
  5
33
330
2F
100
AcDbEntity
  8
0
 62
3
100
AcDbText
 10
2441.847003400908
 20
30.030154405452777
 30
0.0
 40
26.62000000000001
  1
1.5
  7
Arial
100
AcDbAttribute
  2
#09
 70
0
280
1
 71
1
 72
0
  0
ATTRIB
  5
34
330
2F
100
AcDbEntity
  8
0
 62
3
100
AcDbText
 10
2855.706512858713
 20
99.90184775977104
 30
0.0
 40
26.62000000000001
  1
sơn màu ghi sáng
  7
Arial
100
AcDbAttribute
  2
#10
 70
0
280
1
 71
1
 72
0
  0
ATTRIB
  5
35
330
2F
100
AcDbEntity
  8
0
 62
3
100
AcDbText
 10
2849.7331752683094
 20
39.228860519462614
 30
0.0
 40
26.62000000000001
  1
TỦ NGOÀI TRỜI, HAI LỚP CÁNH
  7
Arial
100
AcDbAttribute
  2
#11
 70
0
280
1
 71
1
 72
0
  0
ATTRIB
  5
36
330
2F
100
AcDbEntity
  8
0
 62
3
100
AcDbText
 10
681.6656143759319
 20
99.90184775977104
 30
0.0
 40
26.62000000000001
  1
Cường SEKY
  7
Arial
100
AcDbAttribute
  2
#02
 70
0
280
1
 71
1
 72
0
  0
ATTRIB
  5
37
330
2F
100
AcDbEntity
  8
0
 62
3
100
AcDbText
 10
518.0295158893277
 20
29.46677164727589
 30
0.0
 40
26.62000000000001
  1
27/11
  7
Arial
100
AcDbAttribute
  2
#05
 70
0
280
1
 71
1
 72
0
  0
ATTRIB
  5
38
330
2F
100
AcDbEntity
  8
0
 62
3
100
AcDbText
 10
949.5405158560316
 20
28.520511001363047
 30
0.0
 40
26.62000000000001
  1
27/11
  7
Arial
100
AcDbAttribute
  2
#06
 70
0
280
1
 71
1
 72
0
  0
ATTRIB
  5
39
330
2F
100
AcDbEntity
  8
0
 62
3
100
AcDbText
 10
181.44883220590418
 20
99.90184775977104
 30
0.0
 40
26.62000000000001
  1
Phúc
  7
Arial
100
AcDbAttribute
  2
#01
 70
0
280
1
 71
1
 72
0
  0
ATTRIB
  5
3A
330
2F
100
AcDbEntity
  8
0
 62
3
100
AcDbText
 10
140.44189102691598
 20
27.33777785570419
 30
0.0
 40
26.62000000000001
  1
............
  7
Arial
100
AcDbAttribute
  2
#04
 70
0
280
1
 71
1
 72
0
  0
ATTRIB
  5
3B
330
2F
100
AcDbEntity
  8
0
 62
3
100
AcDbText
 10
3842.8755905320286
 20
34.93529086739727
 30
0.0
 40
26.62000000000001
  1
.......
  7
Arial
100
AcDbAttribute
  2
#12
 70
0
280
1
 71
1
 72
0
  0
SEQEND
  5
3C
330
17
100
AcDbEntity
  8
0
 62
3
  0
LWPOLYLINE
  5
3D
330
17
100
AcDbEntity
  8
0
 48
3.0
100
AcDbPolyline
 90
4
 70
1
 10
1561.4303735905269
 20
2535.075701818452
 10
2261.430373590527
 20
2535.075701818452
 10
2261.430373590527
 20
1135.0757018184522
 10
1561.4303735905269
 20
1135.0757018184522
  0
LWPOLYLINE
  5
3E
330
17
100
AcDbEntity
  8
0
  6
HIDDENX2
 48
3.0
100
AcDbPolyline
 90
4
 70
1
 10
1562.6303735905094
 20
2533.875701818455
 10
2260.2303735905152
 20
2533.875701818455
 10
2260.2303735905152
 20
1136.2757018184566
 10
1562.6303735905094
 20
1136.2757018184566
  0
LWPOLYLINE
  5
3F
330
17
100
AcDbEntity
  8
0
 48
3.0
100
AcDbPolyline
 90
4
 70
1
 10
1608.830373590521
 20
2452.6757018184544
 10
2214.0303735905036
 20
2452.6757018184544
 10
2214.0303735905036
 20
1182.4757018184537
 10
1608.830373590521
 20
1182.4757018184537
  0
LWPOLYLINE
  5
40
330
17
100
AcDbEntity
  8
0
 62
6
 48
3.0
100
AcDbPolyline
 90
4
 70
1
 10
1614.830373590521
 20
2446.6757018184544
 10
2208.0303735905036
 20
2446.6757018184544
 10
2208.0303735905036
 20
2010.8757018184551
 10
1614.830373590521
 20
2010.8757018184551
  0
LWPOLYLINE
  5
41
330
17
100
AcDbEntity
  8
0
  6
HIDDEN2
 62
6
 48
3.0
100
AcDbPolyline
 90
4
 70
1
 10
1616.0303735905036
 20
2445.4757018184537
 10
2206.830373590521
 20
2445.4757018184537
 10
2206.830373590521
 20
2012.0757018184522
 10
1616.0303735905036
 20
2012.0757018184522
  0
LWPOLYLINE
  5
42
330
17
100
AcDbEntity
  8
0
 62
3
 48
3.0
100
AcDbPolyline
 90
4
 70
1
 10
1635.0303735905036
 20
2426.4757018184537
 10
2187.830373590521
 20
2426.4757018184537
 10
2187.830373590521
 20
1208.6757018184435
 10
1635.0303735905036
 20
1208.6757018184435
  0
LWPOLYLINE
  5
43
330
17
100
AcDbEntity
  8
0
 62
1
 48
3.0
100
AcDbPolyline
 90
4
 70
1
 10
1640.0303735905036
 20
2441.4757018184537
 10
2182.830373590521
 20
2441.4757018184537
 10
2182.830373590521
 20
2045.0757018184522
 10
1640.0303735905036
 20
2045.0757018184522
  0
DIMENSION
  5
44
330
17
100
AcDbEntity
  8
0
 48
3.0
100
AcDbDimension
280
0
  2
*D1
  3
Dim-33
 10
2261.430373590527
 20
2634.960150290284
 30
0.0
 11
1911.4303735905269
 21
2666.8090588850937
 31
0.0
 70
32
 71
5
 42
700.0
 73
0
 74
0
 75
0
100
AcDbAlignedDimension
 13
1561.4303735905269
 23
2535.075701818452
 33
0.0
 14
2261.430373590527
 24
2535.075701818452
 34
0.0
 50
0.0
100
AcDbRotatedDimension
  0
DIMENSION
  5
49
330
17
100
AcDbEntity
  8
0
 48
3.0
100
AcDbDimension
280
0
  2
*D2
  3
Dim-33
 10
1391.5946849255124
 20
1135.0757018184522
 30
0.0
 11
1359.7457763306156
 21
1835.0757018184813
 31
0.0
 70
32
 71
5
 42
1400.0
 73
0
 74
0
 75
0
100
AcDbAlignedDimension
 13
1561.4303735905269
 23
2535.075701818452
 33
0.0
 14
1561.4303735905269
 24
1135.0757018184522
 34
0.0
 50
90.0
100
AcDbRotatedDimension
  0
INSERT
  5
4A
330
17
100
AcDbEntity
  8
0
 62
7
100
AcDbBlockReference
  2
ovan6x9
 10
2197.0405894425057
 20
2347.6757143952345
 30
0.0
  0
INSERT
  5
4C
330
17
100
AcDbEntity
  8
0
 62
7
100
AcDbBlockReference
  2
ovan6x9
 10
2197.0405894425057
 20
2331.1757143952345
 30
0.0
  0
INSERT
  5
4E
330
17
100
AcDbEntity
  8
0
 62
7
100
AcDbBlockReference
  2
HL036-1-1
 10
2189.3405294463155
 20
2318.1757018184544
 30
0.0
  0
INSERT
  5
50
330
17
100
AcDbEntity
  8
0
 62
7
100
AcDbBlockReference
  2
ovan6x9
 10
2197.0405894425057
 20
1287.4756892416772
 30
0.0
 41
-1.0
 50
180.0
  0
INSERT
  5
52
330
17
100
AcDbEntity
  8
0
 62
7
100
AcDbBlockReference
  2
ovan6x9
 10
2197.0405894425057
 20
1303.9756892416772
 30
0.0
 41
-1.0
 50
180.0
  0
INSERT
  5
54
330
17
100
AcDbEntity
  8
0
 62
7
100
AcDbBlockReference
  2
HL036-1-1
 10
2189.3405294463155
 20
1316.9757018184537
 30
0.0
 41
-1.0
 50
180.0
  0
LWPOLYLINE
  5
56
330
17
100
AcDbEntity
  8
0
 62
7
100
AcDbPolyline
 90
10
 70
0
 10
2574.1308764391288
 20
1135.0757018184522
 10
3049.430876439117
 20
1135.0757018184522
 10
3049.430876439117
 20
1181.275701818442
 10
3067.430876439117
 20
1181.275701818442
 10
3067.430876439117
 20
1173.275701818442
 10
3068.6308764391288
 20
1173.275701818442
 10
3068.6308764391288
 20
1182.4757018184464
 10
3048.2308764391055
 20
1182.4757018184464
 10
3048.2308764391055
 20
1136.275701818442
 10
2575.3308764391113
 20
1136.275701818442
  0
LWPOLYLINE
  5
57
330
17
100
AcDbEntity
  8
0
 62
7
100
AcDbPolyline
 90
12
 70
1
 10
3051.930876439117
 20
2485.875701818455
 10
3051.930876439117
 20
2497.875701818455
 10
3072.930876439117
 20
2497.875701818455
 10
3072.930876439117
 20
1137.275701818442
 10
3051.930876439117
 20
1137.275701818442
 10
3051.930876439117
 20
1149.2757018184566
 10
3050.7308764391055
 20
1149.2757018184566
 10
3050.7308764391055
 20
1136.0757018184522
 10
3074.1308764391288
 20
1136.0757018184522
 10
3074.1308764391288
 20
2499.075701818452
 10
3050.7308764391055
 20
2499.075701818452
 10
3050.7308764391055
 20
2485.875701818455
  0
LWPOLYLINE
  5
58
330
17
100
AcDbEntity
  8
0
 62
7
100
AcDbPolyline
 90
11
 70
0
 10
2574.1308764391288
 20
2509.075701818452
 10
2574.1308764391288
 20
2535.075701818452
 10
3049.430876439117
 20
2535.075701818452
 10
3049.430876439117
 20
2453.875701818455
 10
3067.430876439117
 20
2453.875701818455
 10
3067.430876439117
 20
2461.875701818455
 10
3068.6308764391288
 20
2461.875701818455
 10
3068.6308764391288
 20
2452.6757018184544
 10
3048.2308764391055
 20
2452.6757018184544
 10
3048.2308764391055
 20
2533.875701818455
 10
2575.3308764391113
 20
2533.875701818455
  0
LWPOLYLINE
  5
59
330
17
100
AcDbEntity
  8
0
 62
7
100
AcDbPolyline
 90
8
 70
1
 10
2575.3308764391113
 20
2533.875701818455
 10
2575.3308764391113
 20
2533.875701818455
 10
2575.3308764391113
 20
1136.275701818442
 10
2575.3308764391113
 20
1136.275701818442
 10
2574.1308764391288
 20
1135.0757018184522
 10
2574.1308764391288
 20
1135.0757018184522
 10
2574.1308764391288
 20
2535.075701818452
 10
2574.1308764391288
 20
2535.075701818452
  0
LWPOLYLINE
  5
5A
330
17
100
AcDbEntity
  8
0
 62
3
100
AcDbPolyline
 90
8
 70
1
 10
2966.2308764391055
 20
1207.4757018184464
 10
2978.2308764391055
 20
1207.4757018184464
 10
2978.2308764391055
 20
1137.4757018184464
 10
2966.2308764391055
 20
1137.4757018184464
 10
2966.2308764391055
 20
1136.275701818442
 10
2979.430876439117
 20
1136.275701818442
 10
2979.430876439117
 20
1208.6757018184435
 10
2966.2308764391055
 20
1208.6757018184435
  0
LWPOLYLINE
  5
5B
330
17
100
AcDbEntity
  8
0
 62
3
100
AcDbPolyline
 90
8
 70
1
 10
2966.2308764391055
 20
2427.6757018184544
 10
2978.2308764391055
 20
2427.6757018184544
 10
2978.2308764391055
 20
2532.6757018184544
 10
2966.2308764391055
 20
2532.6757018184544
 10
2966.2308764391055
 20
2533.875701818455
 10
2979.430876439117
 20
2533.875701818455
 10
2979.430876439117
 20
2426.4757018184646
 10
2966.2308764391055
 20
2426.4757018184646
  0
LWPOLYLINE
  5
5C
330
17
100
AcDbEntity
  8
0
 62
6
100
AcDbPolyline
 90
12
 70
1
 10
2981.2308764391055
 20
2435.4757018184646
 10
2981.2308764391055
 20
2445.4757018184646
 10
2997.2308764391055
 20
2445.4757018184646
 10
2997.2308764391055
 20
2012.0757018184522
 10
2981.2308764391055
 20
2012.0757018184522
 10
2981.2308764391055
 20
2022.0757018184522
 10
2980.030876439123
 20
2022.0757018184522
 10
2980.030876439123
 20
2010.8757018184551
 10
2998.430876439117
 20
2010.8757018184551
 10
2998.430876439117
 20
2446.6757018184544
 10
2980.030876439123
 20
2446.6757018184544
 10
2980.030876439123
 20
2435.4757018184646
  0
LWPOLYLINE
  5
5D
330
17
100
AcDbEntity
  8
FIRE PROTECTION
  6
Continuous
100
AcDbPolyline
 90
5
 70
1
 10
3104.1308764391288
 20
2509.075701818452
 10
2574.1308764391288
 20
2509.075701818452
 10
2574.1308764391288
 20
2559.075701818452
 10
2875.3308764391113
 20
2559.075701818452
 10
3104.1308764391288
 20
2529.075701818452
  0
LWPOLYLINE
  5
5E
330
17
100
AcDbEntity
  8
0
 62
6
100
AcDbPolyline
 90
12
 70
1
 10
2980.6308764391288
 20
1995.6757018184508
 10
2980.6308764391288
 20
2005.6757018184508
 10
2996.6308764391288
 20
2005.6757018184508
 10
2996.6308764391288
 20
1189.6757018184435
 10
2980.6308764391288
 20
1189.6757018184435
 10
2980.6308764391288
 20
1199.6757018184435
 10
2979.430876439117
 20
1199.6757018184435
 10
2979.430876439117
 20
1188.4757018184464
 10
2997.8308764391113
 20
1188.4757018184464
 10
2997.8308764391113
 20
2006.8757018184551
 10
2979.430876439117
 20
2006.8757018184551
 10
2979.430876439117
 20
1995.6757018184508
  0
LWPOLYLINE
  5
5F
330
17
100
AcDbEntity
  8
0
 62
3
100
AcDbPolyline
 90
12
 70
1
 10
2575.3308764391113
 20
2033.8757018184551
 10
2575.3308764391113
 20
2033.8757018184551
 10
2575.3308764391113
 20
2033.8757018184551
 10
2978.2308764391055
 20
2033.8757018184551
 10
2978.2308764391055
 20
1983.8757018184551
 10
2966.2308764391055
 20
1983.8757018184551
 10
2966.2308764391055
 20
1982.6757018184508
 10
2979.430876439117
 20
1982.6757018184508
 10
2979.430876439117
 20
2035.0757018184522
 10
2575.3308764391113
 20
2035.0757018184522
 10
2575.3308764391113
 20
2033.8757018184551
 10
2575.3308764391113
 20
2033.8757018184551
  0
LWPOLYLINE
  5
60
330
17
100
AcDbEntity
  8
0
 62
3
 48
3.0
100
AcDbPolyline
 90
4
 70
1
 10
1635.0303735905036
 20
1982.6757018184508
 10
2187.830373590521
 20
1982.6757018184508
 10
2187.830373590521
 20
2035.0757018184522
 10
1635.0303735905036
 20
2035.0757018184522
  0
LWPOLYLINE
  5
61
330
17
100
AcDbEntity
  8
0
 62
6
 48
3.0
100
AcDbPolyline
 90
4
 70
1
 10
1614.830373590521
 20
2006.8757018184551
 10
2208.0303735905036
 20
2006.8757018184551
 10
2208.0303735905036
 20
1188.4757018184537
 10
1614.830373590521
 20
1188.4757018184537
  0
LWPOLYLINE
  5
62
330
17
100
AcDbEntity
  8
0
  6
HIDDEN2
 62
6
 48
3.0
100
AcDbPolyline
 90
4
 70
1
 10
1616.0303735905036
 20
2005.6757018184508
 10
2206.830373590521
 20
2005.6757018184508
 10
2206.830373590521
 20
1189.6757018184435
 10
1616.0303735905036
 20
1189.6757018184435
  0
LWPOLYLINE
  5
63
330
17
100
AcDbEntity
  8
0
 62
2
 48
3.0
100
AcDbPolyline
 90
4
 70
1
 10
1632.5303735905036
 20
2218.775701818453
 10
1641.5303735905036
 20
2218.775701818453
 10
1641.5303735905036
 20
2178.775701818453
 10
1632.5303735905036
 20
2178.775701818453
  0
HATCH
  5
64
330
17
100
AcDbEntity
  8
0
 48
3.0
100
AcDbHatch
 10
0.0
 20
0.0
 30
0.0
210
0.0
220
0.0
230
1.0
  2
ANSI31
 70
0
 71
0
 91
1
 92
1
 93
4
 72
1
 10
1635.0303735905036
 20
2213.775701818453
 11
1637.0303735905036
 21
2213.775701818453
 72
1
 10
1637.0303735905036
 20
2213.775701818453
 11
1637.0303735905036
 21
2183.775701818453
 72
1
 10
1637.0303735905036
 20
2183.775701818453
 11
1635.0303735905036
 21
2183.775701818453
 72
1
 10
1635.0303735905036
 20
2183.775701818453
 11
1635.0303735905036
 21
2213.775701818453
 97
1
330
12EDAF
 75
0
 76
1
 52
0.0
 41
1.0
 77
0
 78
1
 53
45.0
 43
239309.1905526145
 44
-64903.5117499718
 45
-0.0883883476
 46
0.0883883476
 79
0
 98
1
 10
239309.1905526145
 20
-64903.51174997178
  0
LWPOLYLINE
  5
65
330
17
100
AcDbEntity
  8
0
 48
3.0
100
AcDbPolyline
 90
4
 70
1
 10
1635.0303735905036
 20
2213.775701818453
 10
1637.0303735905036
 20
2213.775701818453
 10
1637.0303735905036
 20
2183.775701818453
 10
1635.0303735905036
 20
2183.775701818453
  0
CIRCLE
  5
66
330
17
100
AcDbEntity
  8
0
 62
2
100
AcDbCircle
 10
1666.5303735904163
 20
2290.4757018184646
 30
0.0
 40
11.0
  0
INSERT
  5
67
330
17
100
AcDbEntity
  8
0
 62
7
100
AcDbBlockReference
  2
MS722
 10
1666.5303735904163
 20
2290.4757018184355
 30
0.0
  0
CIRCLE
  5
69
330
17
100
AcDbEntity
  8
0
 62
2
100
AcDbCircle
 10
1666.5303735904163
 20
1278.4757018184464
 30
0.0
 40
11.0
  0
INSERT
  5
6A
330
17
100
AcDbEntity
  8
0
 62
7
100
AcDbBlockReference
  2
MS722
 10
1666.5303735904163
 20
1278.4757018184027
 30
0.0
  0
DIMENSION
  5
6C
330
17
100
AcDbEntity
  8
0
 48
3.0
100
AcDbDimension
280
0
  2
*D3
  3
Dim-33
 10
2479.6298017826048
 20
1135.0757018184522
 30
0.0
 11
2447.7808931878244
 21
1585.0757018184813
 31
0.0
 70
32
 71
5
 42
900.0
 73
0
 74
0
 75
0
100
AcDbAlignedDimension
 13
2575.3308764391113
 23
2035.0757018184522
 33
0.0
 14
2574.1308764391288
 24
1135.0757018184522
 34
0.0
 50
90.0
100
AcDbRotatedDimension
  0
INSERT
  5
6D
330
17
100
AcDbEntity
  8
0
 62
7
100
AcDbBlockReference
  2
ovan6x9
 10
2197.0405894425057
 20
2109.875689241675
 30
0.0
 41
-1.0
 50
180.0
  0
INSERT
  5
6F
330
17
100
AcDbEntity
  8
0
 62
7
100
AcDbBlockReference
  2
ovan6x9
 10
2197.0405894425057
 20
2126.375689241675
 30
0.0
 41
-1.0
 50
180.0
  0
INSERT
  5
71
330
17
100
AcDbEntity
  8
0
 62
7
100
AcDbBlockReference
  2
HL036-1-1
 10
2189.3405294463155
 20
2139.375701818455
 30
0.0
 41
-1.0
 50
180.0
  0
LWPOLYLINE
  5
73
330
17
100
AcDbEntity
  8
0
 62
7
100
AcDbPolyline
 90
18
 70
1
 10
1599.6303735905094
 20
314.91809070339514
 10
1608.830373590521
 20
314.91809070339514
 10
1608.830373590521
 20
335.3180907033966
 10
1562.6303735905094
 20
335.3180907033966
 10
1562.6303735905094
 20
808.2180907034053
 10
1607.6303735905094
 20
808.2180907034053
 10
1607.6303735905094
 20
798.2180907034053
 10
1608.830373590521
 20
798.2180907034053
 10
1608.830373590521
 20
798.2180907033908
 10
1608.830373590521
 20
798.2180907033908
 10
1608.830373590521
 20
798.2180907033908
 10
1608.830373590521
 20
798.2180907033908
 10
1608.830373590521
 20
809.4180907034024
 10
1561.4303735905269
 20
809.4180907034024
 10
1561.4303735905269
 20
334.1180907034068
 10
1607.6303735905094
 20
334.1180907034068
 10
1607.6303735905094
 20
316.1180907033922
 10
1599.6303735905094
 20
316.1180907033922
  0
LWPOLYLINE
  5
74
330
17
100
AcDbEntity
  8
0
 62
7
100
AcDbPolyline
 90
12
 70
1
 10
2247.2303735905152
 20
331.6180907034068
 10
2259.2303735905152
 20
331.6180907034068
 10
2259.2303735905152
 20
310.6180907033922
 10
1563.6303735905094
 20
310.6180907033922
 10
1563.6303735905094
 20
331.6180907033922
 10
1575.6303735905094
 20
331.6180907033922
 10
1575.6303735905094
 20
332.8180907033966
 10
1562.4303735905269
 20
332.8180907033966
 10
1562.4303735905269
 20
309.4180907034024
 10
2260.430373590527
 20
309.4180907034024
 10
2260.430373590527
 20
332.81809070340387
 10
2247.2303735905152
 20
332.81809070340387
  0
LWPOLYLINE
  5
75
330
17
100
AcDbEntity
  8
0
 62
7
100
AcDbPolyline
 90
18
 70
1
 10
2223.2303735905152
 20
314.91809070339514
 10
2214.0303735905036
 20
314.91809070339514
 10
2214.0303735905036
 20
335.3180907033966
 10
2260.2303735905152
 20
335.3180907033966
 10
2260.2303735905152
 20
808.2180907034053
 10
2215.2303735905152
 20
808.2180907034053
 10
2215.2303735905152
 20
798.2180907034053
 10
2214.0303735905036
 20
798.2180907034053
 10
2214.0303735905036
 20
798.2180907033908
 10
2214.0303735905036
 20
798.2180907033908
 10
2214.0303735905036
 20
798.2180907033908
 10
2214.0303735905036
 20
798.2180907033908
 10
2214.0303735905036
 20
809.4180907034024
 10
2261.430373590527
 20
809.4180907034024
 10
2261.430373590527
 20
334.1180907034068
 10
2215.2303735905152
 20
334.1180907034068
 10
2215.2303735905152
 20
316.1180907033922
 10
2223.2303735905152
 20
316.1180907033922
  0
INSERT
  5
76
330
17
100
AcDbEntity
  8
0
 62
7
100
AcDbBlockReference
  2
HL011-1-4
 10
2227.2303735905152
 20
334.1180907034068
 30
0.0
 41
-1.0
 50
180.0
  0
LWPOLYLINE
  5
78
330
17
100
AcDbEntity
  8
0
 62
7
100
AcDbPolyline
 90
8
 70
1
 10
2212.830373590521
 20
798.2180907034053
 10
2212.830373590521
 20
808.2180907034053
 10
1610.0303735905036
 20
808.2180907034053
 10
1610.0303735905036
 20
798.2180907034053
 10
1608.830373590521
 20
798.2180907034053
 10
1608.830373590521
 20
809.4180907034024
 10
2214.0303735905036
 20
809.4180907034024
 10
2214.0303735905036
 20
798.2180907034053
  0
DIMENSION
  5
79
330
17
100
AcDbEntity
  8
0
 48
3.0
100
AcDbDimension
280
0
  2
*D4
  3
Dim-33
 10
2261.430373590527
 20
860.5484704088958
 30
0.0
 11
1911.4303735905269
 21
892.3973790037126
 31
0.0
 70
32
 71
5
 42
700.0
 73
0
 74
0
 75
0
100
AcDbAlignedDimension
 13
1561.4303735905269
 23
809.4180907034024
 33
0.0
 14
2261.430373590527
 24
809.4180907034024
 34
0.0
 50
0.0
100
AcDbRotatedDimension
  0
DIMENSION
  5
7A
330
17
100
AcDbEntity
  8
0
 48
3.0
100
AcDbDimension
280
0
  2
*D5
  3
Dim-33
 10
1471.018880331918
 20
309.4180907034024
 30
0.0
 11
1439.1699717370211
 21
559.4180907034242
 31
0.0
 70
32
 71
5
 42
500.0
 73
0
 74
0
 75
0
100
AcDbAlignedDimension
 13
1561.4303735905269
 23
809.4180907034024
 33
0.0
 14
1562.4303735905269
 24
309.4180907034024
 34
0.0
 50
90.0
100
AcDbRotatedDimension
  0
LWPOLYLINE
  5
7B
330
17
100
AcDbEntity
  8
0
 62
3
100
AcDbPolyline
 90
8
 70
1
 10
1633.830373590521
 20
417.3180907033966
 10
1633.830373590521
 20
405.3180907033966
 10
1563.830373590521
 20
405.3180907033966
 10
1563.830373590521
 20
417.3180907033966
 10
1562.6303735905094
 20
417.3180907033966
 10
1562.6303735905094
 20
404.1180907033922
 10
1635.0303735905036
 20
404.1180907033922
 10
1635.0303735905036
 20
417.3180907033966
  0
LWPOLYLINE
  5
7C
330
17
100
AcDbEntity
  8
0
 62
3
100
AcDbPolyline
 90
8
 70
1
 10
2189.03037359062
 20
417.3180907033966
 10
2189.03037359062
 20
405.3180907033966
 10
2259.0303735905036
 20
405.3180907033966
 10
2259.0303735905036
 20
417.3180907033966
 10
2260.2303735905152
 20
417.3180907033966
 10
2260.2303735905152
 20
404.1180907033922
 10
2187.830373590521
 20
404.1180907033922
 10
2187.830373590521
 20
417.3180907033966
  0
LWPOLYLINE
  5
7D
330
17
100
AcDbEntity
  8
0
 62
6
100
AcDbPolyline
 90
12
 70
1
 10
2196.830373590521
 20
402.3180907033966
 10
2206.830373590521
 20
402.3180907033966
 10
2206.830373590521
 20
386.3180907033966
 10
1616.0303735905036
 20
386.3180907033966
 10
1616.0303735905036
 20
402.3180907033966
 10
1626.0303735905036
 20
402.3180907033966
 10
1626.0303735905036
 20
403.5180907033937
 10
1614.830373590521
 20
403.5180907033937
 10
1614.830373590521
 20
385.1180907033922
 10
2208.0303735905036
 20
385.1180907033922
 10
2208.0303735905036
 20
403.5180907033937
 10
2196.830373590521
 20
403.5180907033937
  0
INSERT
  5
7E
330
17
100
AcDbEntity
  8
0
 62
7
100
AcDbBlockReference
  2
HL036-1-2
 10
2205.7405294465134
 20
404.1180907033922
 30
0.0
 41
-1.0
 50
180.0
  0
DIMENSION
  5
80
330
17
100
AcDbEntity
  8
0
 48
3.0
100
AcDbDimension
280
0
  2
*D6
  3
Dim-33
 10
2479.6298017826048
 20
2035.0757018184522
 30
0.0
 11
2447.7808931878244
 21
2285.075701818474
 31
0.0
 70
32
 71
5
 42
500.0
 73
0
 74
0
 75
0
100
AcDbAlignedDimension
 13
2574.1308764391288
 23
2535.075701818452
 33
0.0
 14
2575.3308764391113
 24
2035.0757018184522
 34
0.0
 50
90.0
100
AcDbRotatedDimension
  0
LWPOLYLINE
  5
81
330
17
100
AcDbEntity
  8
0
 48
3.0
100
AcDbPolyline
 90
4
 70
1
 10
1635.0303735905036
 20
417.3180907033966
 10
1637.0303735905036
 20
417.3180907033966
 10
1637.0303735905036
 20
362.3180907033966
 10
1635.0303735905036
 20
362.3180907033966
  0
CIRCLE
  5
82
330
17
100
AcDbEntity
  8
0
 48
3.0
100
AcDbCircle
 10
1636.0303735905036
 20
374.8180907033966
 30
0.0
 40
6.5
  0
CIRCLE
  5
83
330
17
100
AcDbEntity
  8
0
 62
2
100
AcDbCircle
 10
1666.5303735904163
 20
1916.8757018184624
 30
0.0
 40
11.0
  0
INSERT
  5
84
330
17
100
AcDbEntity
  8
0
 62
7
100
AcDbBlockReference
  2
MS722
 10
1666.5303735904163
 20
1916.8757018184915
 30
0.0
 41
-1.0
 50
180.0
  0
INSERT
  5
86
330
17
100
AcDbEntity
  8
0
 62
7
100
AcDbBlockReference
  2
ovan6x9
 10
2197.0405894425057
 20
1907.8757143952316
 30
0.0
  0
INSERT
  5
88
330
17
100
AcDbEntity
  8
0
 62
7
100
AcDbBlockReference
  2
ovan6x9
 10
2197.0405894425057
 20
1891.3757143952316
 30
0.0
  0
INSERT
  5
8A
330
17
100
AcDbEntity
  8
0
 62
7
100
AcDbBlockReference
  2
HL036-1-1
 10
2189.3405294463155
 20
1878.3757018184406
 30
0.0
  0
LWPOLYLINE
  5
8C
330
17
100
AcDbEntity
  8
0
 48
3.0
100
AcDbPolyline
 90
4
 70
1
 10
362.70790210182895
 20
2535.075701818452
 10
1062.7079021019163
 20
2535.075701818452
 10
1062.7079021019163
 20
1135.0757018184522
 10
362.70790210182895
 20
1135.0757018184522
  0
LWPOLYLINE
  5
8D
330
17
100
AcDbEntity
  8
0
  6
HIDDENX2
 48
3.0
100
AcDbPolyline
 90
4
 70
1
 10
363.9079021019279
 20
2533.875701818455
 10
1061.5079021019046
 20
2533.875701818455
 10
1061.5079021019046
 20
1136.2757018184566
 10
363.9079021019279
 20
1136.2757018184566
  0
DIMENSION
  5
8E
330
17
100
AcDbEntity
  8
0
 48
3.0
100
AcDbDimension
280
0
  2
*D7
  3
Dim-33
 10
1062.7079021019163
 20
2634.960150290284
 30
0.0
 11
712.7079021019163
 21
2666.8090588850937
 31
0.0
 70
32
 71
5
 42
700.0
 73
0
 74
0
 75
0
100
AcDbAlignedDimension
 13
362.70790210182895
 23
2535.075701818452
 33
0.0
 14
1062.7079021019163
 24
2535.075701818452
 34
0.0
 50
0.0
100
AcDbRotatedDimension
  0
DIMENSION
  5
8F
330
17
100
AcDbEntity
  8
0
 48
3.0
100
AcDbDimension
280
0
  2
*D8
  3
Dim-33
 10
192.8722134368145
 20
1135.0757018184522
 30
0.0
 11
161.02330484200502
 21
1835.0757018184813
 31
0.0
 70
32
 71
5
 42
1400.0
 73
0
 74
0
 75
0
100
AcDbAlignedDimension
 13
362.70790210182895
 23
2535.075701818452
 33
0.0
 14
362.70790210182895
 24
1135.0757018184522
 34
0.0
 50
90.0
100
AcDbRotatedDimension
  0
LWPOLYLINE
  5
90
330
17
100
AcDbEntity
  8
0
 62
7
100
AcDbPolyline
 90
18
 70
1
 10
400.9079021019279
 20
314.91809070339514
 10
410.10790210191044
 20
314.91809070339514
 10
410.10790210191044
 20
335.3180907033966
 10
363.9079021019279
 20
335.3180907033966
 10
363.9079021019279
 20
808.2180907034053
 10
408.9079021019279
 20
808.2180907034053
 10
408.9079021019279
 20
798.2180907034053
 10
410.10790210191044
 20
798.2180907034053
 10
410.10790210191044
 20
798.2180907033908
 10
410.10790210191044
 20
798.2180907033908
 10
410.10790210191044
 20
798.2180907033908
 10
410.10790210191044
 20
798.2180907033908
 10
410.10790210191044
 20
809.4180907034024
 10
362.70790210182895
 20
809.4180907034024
 10
362.70790210182895
 20
334.1180907034068
 10
408.9079021019279
 20
334.1180907034068
 10
408.9079021019279
 20
316.1180907033922
 10
400.9079021019279
 20
316.1180907033922
  0
LWPOLYLINE
  5
91
330
17
100
AcDbEntity
  8
0
 62
7
100
AcDbPolyline
 90
12
 70
1
 10
1048.5079021019046
 20
331.6180907034068
 10
1060.5079021019046
 20
331.6180907034068
 10
1060.5079021019046
 20
310.6180907033922
 10
364.9079021019279
 20
310.6180907033922
 10
364.9079021019279
 20
331.6180907033922
 10
376.9079021019279
 20
331.6180907033922
 10
376.9079021019279
 20
332.8180907033966
 10
363.70790210191626
 20
332.8180907033966
 10
363.70790210191626
 20
309.4180907034024
 10
1061.707902101829
 20
309.4180907034024
 10
1061.707902101829
 20
332.81809070340387
 10
1048.5079021019046
 20
332.81809070340387
  0
LWPOLYLINE
  5
92
330
17
100
AcDbEntity
  8
0
 62
7
100
AcDbPolyline
 90
18
 70
1
 10
1024.5079021019046
 20
314.91809070339514
 10
1015.3079021019221
 20
314.91809070339514
 10
1015.3079021019221
 20
335.3180907033966
 10
1061.5079021019046
 20
335.3180907033966
 10
1061.5079021019046
 20
808.2180907034053
 10
1016.5079021019046
 20
808.2180907034053
 10
1016.5079021019046
 20
798.2180907034053
 10
1015.3079021019221
 20
798.2180907034053
 10
1015.3079021019221
 20
798.2180907033908
 10
1015.3079021019221
 20
798.2180907033908
 10
1015.3079021019221
 20
798.2180907033908
 10
1015.3079021019221
 20
798.2180907033908
 10
1015.3079021019221
 20
809.4180907034024
 10
1062.7079021019163
 20
809.4180907034024
 10
1062.7079021019163
 20
334.1180907034068
 10
1016.5079021019046
 20
334.1180907034068
 10
1016.5079021019046
 20
316.1180907033922
 10
1024.5079021019046
 20
316.1180907033922
  0
INSERT
  5
93
330
17
100
AcDbEntity
  8
0
 62
7
100
AcDbBlockReference
  2
HL011-1-4
 10
1028.5079021019046
 20
334.1180907034068
 30
0.0
 41
-1.0
 50
180.0
  0
LWPOLYLINE
  5
95
330
17
100
AcDbEntity
  8
0
 62
7
100
AcDbPolyline
 90
8
 70
1
 10
1014.1079021019104
 20
798.2180907034053
 10
1014.1079021019104
 20
808.2180907034053
 10
411.3079021019221
 20
808.2180907034053
 10
411.3079021019221
 20
798.2180907034053
 10
410.10790210191044
 20
798.2180907034053
 10
410.10790210191044
 20
809.4180907034024
 10
1015.3079021019221
 20
809.4180907034024
 10
1015.3079021019221
 20
798.2180907034053
  0
DIMENSION
  5
96
330
17
100
AcDbEntity
  8
0
 48
3.0
100
AcDbDimension
280
0
  2
*D9
  3
Dim-33
 10
1062.7079021019163
 20
860.5484704088958
 30
0.0
 11
712.7079021019163
 21
892.3973790037126
 31
0.0
 70
32
 71
5
 42
700.0
 73
0
 74
0
 75
0
100
AcDbAlignedDimension
 13
362.70790210182895
 23
809.4180907034024
 33
0.0
 14
1062.7079021019163
 24
809.4180907034024
 34
0.0
 50
0.0
100
AcDbRotatedDimension
  0
DIMENSION
  5
97
330
17
100
AcDbEntity
  8
0
 48
3.0
100
AcDbDimension
280
0
  2
*D10
  3
Dim-33
 10
272.29640884322
 20
309.4180907034024
 30
0.0
 11
240.4475002484105
 21
559.4180907034242
 31
0.0
 70
32
 71
5
 42
500.0
 73
0
 74
0
 75
0
100
AcDbAlignedDimension
 13
362.70790210182895
 23
809.4180907034024
 33
0.0
 14
363.70790210191626
 24
309.4180907034024
 34
0.0
 50
90.0
100
AcDbRotatedDimension
  0
LWPOLYLINE
  5
98
330
17
100
AcDbEntity
  8
0
 62
3
100
AcDbPolyline
 90
8
 70
1
 10
435.10790210191044
 20
417.3180907033966
 10
435.10790210191044
 20
405.3180907033966
 10
365.10790210191044
 20
405.3180907033966
 10
365.10790210191044
 20
417.3180907033966
 10
363.9079021019279
 20
417.3180907033966
 10
363.9079021019279
 20
404.1180907033922
 10
436.3079021019221
 20
404.1180907033922
 10
436.3079021019221
 20
417.3180907033966
  0
LWPOLYLINE
  5
99
330
17
100
AcDbEntity
  8
0
 62
3
100
AcDbPolyline
 90
8
 70
1
 10
990.3079021019221
 20
417.3180907033966
 10
990.3079021019221
 20
405.3180907033966
 10
1060.307902101922
 20
405.3180907033966
 10
1060.307902101922
 20
417.3180907033966
 10
1061.5079021019046
 20
417.3180907033966
 10
1061.5079021019046
 20
404.1180907033922
 10
989.1079021019104
 20
404.1180907033922
 10
989.1079021019104
 20
417.3180907033966
  0
LWPOLYLINE
  5
9A
330
17
100
AcDbEntity
  8
0
 62
6
100
AcDbPolyline
 90
12
 70
1
 10
998.1079021019104
 20
402.3180907033966
 10
1008.1079021019104
 20
402.3180907033966
 10
1008.1079021019104
 20
386.3180907033966
 10
417.3079021019221
 20
386.3180907033966
 10
417.3079021019221
 20
402.3180907033966
 10
427.3079021019221
 20
402.3180907033966
 10
427.3079021019221
 20
403.5180907033937
 10
416.10790210191044
 20
403.5180907033937
 10
416.10790210191044
 20
385.1180907033922
 10
1009.3079021019221
 20
385.1180907033922
 10
1009.3079021019221
 20
403.5180907033937
 10
998.1079021019104
 20
403.5180907033937
  0
INSERT
  5
9B
330
17
100
AcDbEntity
  8
0
 62
7
100
AcDbBlockReference
  2
HL036-1-2
 10
1007.0180579579319
 20
404.1180907033922
 30
0.0
 41
-1.0
 50
180.0
  0
LWPOLYLINE
  5
9D
330
17
100
AcDbEntity
  8
0
 62
2
100
AcDbPolyline
 90
4
 70
1
 10
587.7079021019163
 20
639.4180907034024
 10
837.707902101829
 20
639.4180907034024
 10
837.707902101829
 20
539.4180907034024
 10
587.7079021019163
 20
539.4180907034024
  0
LWPOLYLINE
  5
9E
330
17
100
AcDbEntity
  8
0
 62
7
100
AcDbPolyline
 90
4
 70
1
 10
567.7079021019163
 20
659.4180907034024
 10
857.7079021019163
 20
659.4180907034024
 10
857.7079021019163
 20
519.4180907034024
 10
567.7079021019163
 20
519.4180907034024
  0
LWPOLYLINE
  5
9F
330
17
100
AcDbEntity
  8
0
 62
2
100
AcDbPolyline
 90
4
 70
1
 10
582.2079021019163
 20
644.9180907034024
 10
573.2079021019163
 20
644.9180907034024
 10
573.2079021019163
 20
653.9180907034024
 10
582.2079021019163
 20
653.9180907034024
  0
CIRCLE
  5
A0
330
17
100
AcDbEntity
  8
0
 62
7
100
AcDbCircle
 10
577.707902101829
 20
649.4180907034024
 30
0.0
 40
4.0
  0
LWPOLYLINE
  5
A1
330
17
100
AcDbEntity
  8
0
 62
2
100
AcDbPolyline
 90
4
 70
1
 10
843.207902101829
 20
644.9180907034024
 10
852.207902101829
 20
644.9180907034024
 10
852.207902101829
 20
653.9180907034024
 10
843.207902101829
 20
653.9180907034024
  0
CIRCLE
  5
A2
330
17
100
AcDbEntity
  8
0
 62
7
100
AcDbCircle
 10
847.707902101829
 20
649.4180907034024
 30
0.0
 40
4.0
  0
LWPOLYLINE
  5
A3
330
17
100
AcDbEntity
  8
0
 62
2
100
AcDbPolyline
 90
4
 70
1
 10
582.2079021019163
 20
533.9180907034024
 10
573.2079021019163
 20
533.9180907034024
 10
573.2079021019163
 20
524.9180907034024
 10
582.2079021019163
 20
524.9180907034024
  0
CIRCLE
  5
A4
330
17
100
AcDbEntity
  8
0
 62
7
100
AcDbCircle
 10
577.707902101829
 20
529.4180907034024
 30
0.0
 40
4.0
  0
LWPOLYLINE
  5
A5
330
17
100
AcDbEntity
  8
0
 62
2
100
AcDbPolyline
 90
4
 70
1
 10
843.207902101829
 20
533.9180907034024
 10
852.207902101829
 20
533.9180907034024
 10
852.207902101829
 20
524.9180907034024
 10
843.207902101829
 20
524.9180907034024
  0
CIRCLE
  5
A6
330
17
100
AcDbEntity
  8
0
 62
7
100
AcDbCircle
 10
847.707902101829
 20
529.4180907034024
 30
0.0
 40
4.0
  0
LWPOLYLINE
  5
A7
330
17
100
AcDbEntity
  8
0
 48
3.0
100
AcDbPolyline
 90
4
 70
1
 10
436.3079021019221
 20
417.3180907033966
 10
438.3079021019221
 20
417.3180907033966
 10
438.3079021019221
 20
362.3180907033966
 10
436.3079021019221
 20
362.3180907033966
  0
CIRCLE
  5
A8
330
17
100
AcDbEntity
  8
0
 48
3.0
100
AcDbCircle
 10
437.3079021019221
 20
374.8180907033966
 30
0.0
 40
6.5
  0
LINE
  5
A9
330
17
100
AcDbEntity
  8
0
 48
3.0
100
AcDbLine
 10
363.9079021019279
 20
2509.075701818452
 30
0.0
 11
1061.5079021019046
 21
2509.075701818452
 31
0.0
  0
CIRCLE
  5
AA
330
17
100
AcDbEntity
  8
0
 62
2
100
AcDbCircle
 10
445.10790210191044
 20
1817.5757018184522
 30
0.0
 40
12.5
  0
CIRCLE
  5
AB
330
17
100
AcDbEntity
  8
0
 62
2
100
AcDbCircle
 10
445.10790210191044
 20
1834.5757018184522
 30
0.0
 40
3.0
  0
CIRCLE
  5
AC
330
17
100
AcDbEntity
  8
0
 62
2
100
AcDbCircle
 10
445.10790210191044
 20
1800.5757018184522
 30
0.0
 40
3.0
  0
INSERT
  5
AD
330
17
100
AcDbEntity
  8
0
 62
7
100
AcDbBlockReference
  2
MS308-2-1
 10
445.10790210191044
 20
1817.5757018184522
 30
0.0
  0
INSERT
  5
AF
330
17
100
AcDbEntity
  8
0
 62
7
100
AcDbBlockReference
  2
HL011-1-6
 10
1028.5079021019046
 20
1290.0757018184522
 30
0.0
 41
-1.0
 50
180.0
  0
LWPOLYLINE
  5
B1
330
17
100
AcDbEntity
  8
0
 62
2
100
AcDbPolyline
 90
4
 70
1
 10
1031.5079021019046
 20
1231.5757018184522
 42
0.9999999999999998
 10
1031.5079021019046
 20
1223.5757018184522
 10
1036.5079021019046
 20
1223.5757018184522
 42
0.9999999999999998
 10
1036.5079021019046
 20
1231.5757018184522
  0
LWPOLYLINE
  5
B2
330
17
100
AcDbEntity
  8
0
 62
2
100
AcDbPolyline
 90
4
 70
1
 10
1031.5079021019046
 20
1256.5757018184522
 42
0.9999999999999998
 10
1031.5079021019046
 20
1248.5757018184522
 10
1036.5079021019046
 20
1248.5757018184522
 42
0.9999999999999998
 10
1036.5079021019046
 20
1256.5757018184522
  0
LWPOLYLINE
  5
B3
330
17
100
AcDbEntity
  8
0
 62
2
100
AcDbPolyline
 90
4
 70
1
 10
1031.5079021019046
 20
1281.5757018184522
 42
0.9999999999999998
 10
1031.5079021019046
 20
1273.5757018184522
 10
1036.5079021019046
 20
1273.5757018184522
 42
0.9999999999999998
 10
1036.5079021019046
 20
1281.5757018184522
  0
INSERT
  5
B4
330
17
100
AcDbEntity
  8
0
 62
7
100
AcDbBlockReference
  2
HL011-1-6
 10
1028.5079021019046
 20
2345.075701818452
 30
0.0
  0
LWPOLYLINE
  5
B6
330
17
100
AcDbEntity
  8
0
 62
2
100
AcDbPolyline
 90
4
 70
1
 10
1031.5079021019046
 20
2403.575701818452
 42
-0.9999999999999998
 10
1031.5079021019046
 20
2411.575701818452
 10
1036.5079021019046
 20
2411.575701818452
 42
-0.9999999999999998
 10
1036.5079021019046
 20
2403.575701818452
  0
LWPOLYLINE
  5
B7
330
17
100
AcDbEntity
  8
0
 62
2
100
AcDbPolyline
 90
4
 70
1
 10
1031.5079021019046
 20
2378.575701818452
 42
-0.9999999999999998
 10
1031.5079021019046
 20
2386.575701818452
 10
1036.5079021019046
 20
2386.575701818452
 42
-0.9999999999999998
 10
1036.5079021019046
 20
2378.575701818452
  0
LWPOLYLINE
  5
B8
330
17
100
AcDbEntity
  8
0
 62
2
100
AcDbPolyline
 90
4
 70
1
 10
1031.5079021019046
 20
2353.575701818452
 42
-0.9999999999999998
 10
1031.5079021019046
 20
2361.575701818452
 10
1036.5079021019046
 20
2361.575701818452
 42
-0.9999999999999998
 10
1036.5079021019046
 20
2353.575701818452
  0
INSERT
  5
B9
330
17
100
AcDbEntity
  8
0
 62
7
100
AcDbBlockReference
  2
HL011-1-6
 10
2227.2303735906316
 20
1290.0757018184522
 30
0.0
 41
-1.0
 50
180.0
  0
LWPOLYLINE
  5
BB
330
17
100
AcDbEntity
  8
0
 62
2
100
AcDbPolyline
 90
4
 70
1
 10
2230.2303735906316
 20
1231.5757018184522
 42
0.9999999999999998
 10
2230.2303735906316
 20
1223.5757018184522
 10
2235.2303735905152
 20
1223.5757018184522
 42
0.9999999999999998
 10
2235.2303735905152
 20
1231.5757018184522
  0
LWPOLYLINE
  5
BC
330
17
100
AcDbEntity
  8
0
 62
2
100
AcDbPolyline
 90
4
 70
1
 10
2230.2303735906316
 20
1256.5757018184522
 42
0.9999999999999998
 10
2230.2303735906316
 20
1248.5757018184522
 10
2235.2303735905152
 20
1248.5757018184522
 42
0.9999999999999998
 10
2235.2303735905152
 20
1256.5757018184522
  0
LWPOLYLINE
  5
BD
330
17
100
AcDbEntity
  8
0
 62
2
100
AcDbPolyline
 90
4
 70
1
 10
2230.2303735906316
 20
1281.5757018184522
 42
0.9999999999999998
 10
2230.2303735906316
 20
1273.5757018184522
 10
2235.2303735905152
 20
1273.5757018184522
 42
0.9999999999999998
 10
2235.2303735905152
 20
1281.5757018184522
  0
INSERT
  5
BE
330
17
100
AcDbEntity
  8
0
 62
7
100
AcDbBlockReference
  2
HL011-1-6
 10
2227.2303735906316
 20
2345.075701818452
 30
0.0
  0
LWPOLYLINE
  5
C0
330
17
100
AcDbEntity
  8
0
 62
2
100
AcDbPolyline
 90
4
 70
1
 10
2230.2303735906316
 20
2403.575701818452
 42
-0.9999999999999998
 10
2230.2303735906316
 20
2411.575701818452
 10
2235.2303735905152
 20
2411.575701818452
 42
-0.9999999999999998
 10
2235.2303735905152
 20
2403.575701818452
  0
LWPOLYLINE
  5
C1
330
17
100
AcDbEntity
  8
0
 62
2
100
AcDbPolyline
 90
4
 70
1
 10
2230.2303735906316
 20
2378.575701818452
 42
-0.9999999999999998
 10
2230.2303735906316
 20
2386.575701818452
 10
2235.2303735905152
 20
2386.575701818452
 42
-0.9999999999999998
 10
2235.2303735905152
 20
2378.575701818452
  0
LWPOLYLINE
  5
C2
330
17
100
AcDbEntity
  8
0
 62
2
100
AcDbPolyline
 90
4
 70
1
 10
2230.2303735906316
 20
2353.575701818452
 42
-0.9999999999999998
 10
2230.2303735906316
 20
2361.575701818452
 10
2235.2303735905152
 20
2361.575701818452
 42
-0.9999999999999998
 10
2235.2303735905152
 20
2353.575701818452
  0
LWPOLYLINE
  5
C3
330
17
100
AcDbEntity
  8
0
  6
HIDDEN2
 62
3
 48
3.0
100
AcDbPolyline
 90
10
 70
0
 10
1020.3079021019221
 20
807.0180907033937
 10
1060.307902101922
 20
807.0180907033937
 10
1060.307902101922
 20
422.51809070340096
 10
986.9079021019279
 20
422.51809070340096
 10
986.9079021019279
 20
405.31809070340387
 10
438.5079021018173
 20
405.31809070340387
 10
438.5079021018173
 20
422.51809070340096
 10
365.10790210191044
 20
422.51809070340096
 10
365.10790210191044
 20
807.0180907033937
 10
405.10790210191044
 20
807.0180907033937
  0
LWPOLYLINE
  5
C4
330
17
100
AcDbEntity
  8
0
  6
HIDDEN2
 62
3
 48
3.0
100
AcDbPolyline
 90
2
 70
0
 10
415.10790210191044
 20
807.0180907033937
 10
1010.3079021019221
 20
807.0180907033937
  0
LWPOLYLINE
  5
C5
330
17
100
AcDbEntity
  8
0
 62
3
 48
3.0
100
AcDbPolyline
 90
10
 70
0
 10
1020.3079021019221
 20
808.2180907034053
 10
1061.5079021019046
 20
808.2180907034053
 10
1061.5079021019046
 20
421.3180907033966
 10
988.1079021019104
 20
421.3180907033966
 10
988.1079021019104
 20
404.1180907033922
 10
437.3079021019221
 20
404.1180907033922
 10
437.3079021019221
 20
421.3180907033966
 10
363.9079021019279
 20
421.31809070340387
 10
363.9079021019279
 20
808.2180907034053
 10
405.10790210191044
 20
808.2180907034053
  0
LWPOLYLINE
  5
C6
330
17
100
AcDbEntity
  8
0
 62
3
 48
3.0
100
AcDbPolyline
 90
2
 70
0
 10
415.10790210191044
 20
808.2180907034053
 10
1010.3079021019221
 20
808.2180907034053
  0
LINE
  5
C7
330
17
100
AcDbEntity
  8
0
 62
3
 48
3.0
100
AcDbLine
 10
405.10790210191044
 20
808.2180907033908
 30
0.0
 11
405.10790210191044
 21
793.2180907033908
 31
0.0
  0
LINE
  5
C8
330
17
100
AcDbEntity
  8
0
 62
3
 48
3.0
100
AcDbLine
 10
415.10790210191044
 20
808.2180907033908
 30
0.0
 11
415.10790210191044
 21
793.2180907033908
 31
0.0
  0
LINE
  5
C9
330
17
100
AcDbEntity
  8
0
 62
3
 48
3.0
100
AcDbLine
 10
405.10790210191044
 20
793.2180907033908
 30
0.0
 11
415.10790210191044
 21
793.2180907033908
 31
0.0
  0
LINE
  5
CA
330
17
100
AcDbEntity
  8
0
 62
3
 48
3.0
100
AcDbLine
 10
1020.3079021019221
 20
808.2180907033908
 30
0.0
 11
1020.3079021019221
 21
793.2180907033908
 31
0.0
  0
LINE
  5
CB
330
17
100
AcDbEntity
  8
0
 62
3
 48
3.0
100
AcDbLine
 10
1010.3079021019221
 20
808.2180907033908
 30
0.0
 11
1010.3079021019221
 21
793.2180907033908
 31
0.0
  0
LINE
  5
CC
330
17
100
AcDbEntity
  8
0
 62
3
 48
3.0
100
AcDbLine
 10
1020.3079021019221
 20
793.2180907033908
 30
0.0
 11
1010.3079021019221
 21
793.2180907033908
 31
0.0
  0
LWPOLYLINE
  5
CD
330
17
100
AcDbEntity
  8
0
 62
33
100
AcDbPolyline
 90
4
 70
1
 10
1562.6303735905094
 20
792.3180907033966
 10
1595.6303735905094
 20
792.3180907033966
 10
1595.6303735905094
 20
417.3180907033966
 10
1562.6303735905094
 20
417.3180907033966
  0
LWPOLYLINE
  5
CE
330
17
100
AcDbEntity
  8
0
 62
85
100
AcDbPolyline
 90
6
 70
1
 10
1637.1303735905094
 20
627.3180907033966
 10
1595.6303735905094
 20
627.3180907033966
 10
1595.6303735905094
 20
668.8180907033966
 10
1597.1303735905094
 20
668.8180907033966
 10
1597.1303735905094
 20
628.8180907033966
 10
1637.1303735905094
 20
628.8180907033966
  0
LWPOLYLINE
  5
CF
330
17
100
AcDbEntity
  8
0
 62
85
100
AcDbPolyline
 90
4
 70
1
 10
1601.1303735905094
 20
643.8180907033966
 10
2221.1303735905094
 20
643.8180907033966
 10
2221.1303735905094
 20
628.8180907033966
 10
1601.1303735905094
 20
628.8180907033966
  0
LWPOLYLINE
  5
D0
330
17
100
AcDbEntity
  8
0
 62
33
100
AcDbPolyline
 90
4
 70
1
 10
2260.2303735905152
 20
792.3180907033966
 10
2227.2303735905152
 20
792.3180907033966
 10
2227.2303735905152
 20
417.3180907033966
 10
2260.2303735905152
 20
417.3180907033966
  0
LWPOLYLINE
  5
D1
330
17
100
AcDbEntity
  8
0
 62
85
100
AcDbPolyline
 90
6
 70
1
 10
2185.1303735905094
 20
627.3180907033966
 10
2226.6303735905094
 20
627.3180907033966
 10
2226.6303735905094
 20
668.8180907033966
 10
2225.1303735905094
 20
668.8180907033966
 10
2225.1303735905094
 20
628.8180907033966
 10
2185.1303735905094
 20
628.8180907033966
  0
MTEXT
  5
D2
330
17
100
AcDbEntity
  8
0
 62
2
100
AcDbMText
 10
722.0164895685157
 20
1089.0535886249345
 30
0.0
 40
35.0
 41
1072.000000000014
 46
100.0000000000031
 71
5
 72
5
  1
MẶT NGOÀI
  0
MTEXT
  5
D3
330
17
100
AcDbEntity
  8
0
 62
2
100
AcDbMText
 10
1931.118090334523
 20
1068.0649925071339
 30
0.0
 40
35.0
 41
1072.000000000014
 46
100.0000000000031
 71
5
 72
5
  1
BÊN TRONG TỦ
  0
LWPOLYLINE
  5
D4
330
17
100
AcDbEntity
  8
0
 62
2
100
AcDbPolyline
 90
6
 70
1
 10
2843.780876439123
 20
1420.0757018184522
 10
2779.780876439123
 20
1420.0757018184522
 42
0.4142135623730951
 10
2771.780876439123
 20
1412.0757018184522
 10
2771.780876439123
 20
1409.0757018184522
 10
2851.780876439123
 20
1409.0757018184522
 10
2851.780876439123
 20
1412.0757018184522
 42
0.4142135623730951
  0
LWPOLYLINE
  5
D5
330
17
100
AcDbEntity
  8
0
 62
2
100
AcDbPolyline
 90
6
 70
1
 10
2843.780876439123
 20
1389.0757018184522
 10
2779.780876439123
 20
1389.0757018184522
 42
0.4142135623730951
 10
2771.780876439123
 20
1381.0757018184522
 10
2771.780876439123
 20
1378.0757018184522
 10
2851.780876439123
 20
1378.0757018184522
 10
2851.780876439123
 20
1381.0757018184522
 42
0.4142135623730951
  0
LWPOLYLINE
  5
D6
330
17
100
AcDbEntity
  8
0
 62
2
100
AcDbPolyline
 90
6
 70
1
 10
2843.780876439123
 20
1451.0757018184522
 10
2779.780876439123
 20
1451.0757018184522
 42
0.4142135623730951
 10
2771.780876439123
 20
1443.0757018184522
 10
2771.780876439123
 20
1440.0757018184522
 10
2851.780876439123
 20
1440.0757018184522
 10
2851.780876439123
 20
1443.0757018184522
 42
0.4142135623730951
  0
LWPOLYLINE
  5
D7
330
17
100
AcDbEntity
  8
0
 62
2
100
AcDbPolyline
 90
6
 70
1
 10
2843.780876439123
 20
1358.0757018184522
 10
2779.780876439123
 20
1358.0757018184522
 42
0.4142135623730951
 10
2771.780876439123
 20
1350.0757018184522
 10
2771.780876439123
 20
1347.0757018184522
 10
2851.780876439123
 20
1347.0757018184522
 10
2851.780876439123
 20
1350.0757018184522
 42
0.4142135623730951
  0
LWPOLYLINE
  5
D8
330
17
100
AcDbEntity
  8
0
 62
2
100
AcDbPolyline
 90
6
 70
1
 10
2843.780876439123
 20
1327.0757018184522
 10
2779.780876439123
 20
1327.0757018184522
 42
0.4142135623730951
 10
2771.780876439123
 20
1319.0757018184522
 10
2771.780876439123
 20
1316.0757018184522
 10
2851.780876439123
 20
1316.0757018184522
 10
2851.780876439123
 20
1319.0757018184522
 42
0.4142135623730951
  0
LWPOLYLINE
  5
D9
330
17
100
AcDbEntity
  8
0
 62
2
100
AcDbPolyline
 90
6
 70
1
 10
2843.780876439123
 20
1296.0757018184522
 10
2779.780876439123
 20
1296.0757018184522
 42
0.4142135623730951
 10
2771.780876439123
 20
1288.0757018184522
 10
2771.780876439123
 20
1285.0757018184522
 10
2851.780876439123
 20
1285.0757018184522
 10
2851.780876439123
 20
1288.0757018184522
 42
0.4142135623730951
  0
LWPOLYLINE
  5
DA
330
17
100
AcDbEntity
  8
0
 62
2
100
AcDbPolyline
 90
6
 70
1
 10
2723.780876439123
 20
1420.0757018184522
 10
2659.780876439123
 20
1420.0757018184522
 42
0.4142135623730951
 10
2651.780876439123
 20
1412.0757018184522
 10
2651.780876439123
 20
1409.0757018184522
 10
2731.780876439123
 20
1409.0757018184522
 10
2731.780876439123
 20
1412.0757018184522
 42
0.4142135623730951
  0
LWPOLYLINE
  5
DB
330
17
100
AcDbEntity
  8
0
 62
2
100
AcDbPolyline
 90
6
 70
1
 10
2723.780876439123
 20
1389.0757018184522
 10
2659.780876439123
 20
1389.0757018184522
 42
0.4142135623730951
 10
2651.780876439123
 20
1381.0757018184522
 10
2651.780876439123
 20
1378.0757018184522
 10
2731.780876439123
 20
1378.0757018184522
 10
2731.780876439123
 20
1381.0757018184522
 42
0.4142135623730951
  0
LWPOLYLINE
  5
DC
330
17
100
AcDbEntity
  8
0
 62
2
100
AcDbPolyline
 90
6
 70
1
 10
2723.780876439123
 20
1451.0757018184522
 10
2659.780876439123
 20
1451.0757018184522
 42
0.4142135623730951
 10
2651.780876439123
 20
1443.0757018184522
 10
2651.780876439123
 20
1440.0757018184522
 10
2731.780876439123
 20
1440.0757018184522
 10
2731.780876439123
 20
1443.0757018184522
 42
0.4142135623730951
  0
LWPOLYLINE
  5
DD
330
17
100
AcDbEntity
  8
0
 62
2
100
AcDbPolyline
 90
6
 70
1
 10
2723.780876439123
 20
1358.0757018184522
 10
2659.780876439123
 20
1358.0757018184522
 42
0.4142135623730951
 10
2651.780876439123
 20
1350.0757018184522
 10
2651.780876439123
 20
1347.0757018184522
 10
2731.780876439123
 20
1347.0757018184522
 10
2731.780876439123
 20
1350.0757018184522
 42
0.4142135623730951
  0
LWPOLYLINE
  5
DE
330
17
100
AcDbEntity
  8
0
 62
2
100
AcDbPolyline
 90
6
 70
1
 10
2723.780876439123
 20
1327.0757018184522
 10
2659.780876439123
 20
1327.0757018184522
 42
0.4142135623730951
 10
2651.780876439123
 20
1319.0757018184522
 10
2651.780876439123
 20
1316.0757018184522
 10
2731.780876439123
 20
1316.0757018184522
 10
2731.780876439123
 20
1319.0757018184522
 42
0.4142135623730951
  0
LWPOLYLINE
  5
DF
330
17
100
AcDbEntity
  8
0
 62
2
100
AcDbPolyline
 90
6
 70
1
 10
2723.780876439123
 20
1296.0757018184522
 10
2659.780876439123
 20
1296.0757018184522
 42
0.4142135623730951
 10
2651.780876439123
 20
1288.0757018184522
 10
2651.780876439123
 20
1285.0757018184522
 10
2731.780876439123
 20
1285.0757018184522
 10
2731.780876439123
 20
1288.0757018184522
 42
0.4142135623730951
  0
LWPOLYLINE
  5
E0
330
17
100
AcDbEntity
  8
0
 62
2
100
AcDbPolyline
 90
6
 70
1
 10
2963.780876439123
 20
1420.0757018184522
 10
2899.780876439123
 20
1420.0757018184522
 42
0.4142135623730951
 10
2891.780876439123
 20
1412.0757018184522
 10
2891.780876439123
 20
1409.0757018184522
 10
2971.780876439123
 20
1409.0757018184522
 10
2971.780876439123
 20
1412.0757018184522
 42
0.4142135623730951
  0
LWPOLYLINE
  5
E1
330
17
100
AcDbEntity
  8
0
 62
2
100
AcDbPolyline
 90
6
 70
1
 10
2963.780876439123
 20
1389.0757018184522
 10
2899.780876439123
 20
1389.0757018184522
 42
0.4142135623730951
 10
2891.780876439123
 20
1381.0757018184522
 10
2891.780876439123
 20
1378.0757018184522
 10
2971.780876439123
 20
1378.0757018184522
 10
2971.780876439123
 20
1381.0757018184522
 42
0.4142135623730951
  0
LWPOLYLINE
  5
E2
330
17
100
AcDbEntity
  8
0
 62
2
100
AcDbPolyline
 90
6
 70
1
 10
2963.780876439123
 20
1451.0757018184522
 10
2899.780876439123
 20
1451.0757018184522
 42
0.4142135623730951
 10
2891.780876439123
 20
1443.0757018184522
 10
2891.780876439123
 20
1440.0757018184522
 10
2971.780876439123
 20
1440.0757018184522
 10
2971.780876439123
 20
1443.0757018184522
 42
0.4142135623730951
  0
LWPOLYLINE
  5
E3
330
17
100
AcDbEntity
  8
0
 62
2
100
AcDbPolyline
 90
6
 70
1
 10
2963.780876439123
 20
1358.0757018184522
 10
2899.780876439123
 20
1358.0757018184522
 42
0.4142135623730951
 10
2891.780876439123
 20
1350.0757018184522
 10
2891.780876439123
 20
1347.0757018184522
 10
2971.780876439123
 20
1347.0757018184522
 10
2971.780876439123
 20
1350.0757018184522
 42
0.4142135623730951
  0
LWPOLYLINE
  5
E4
330
17
100
AcDbEntity
  8
0
 62
2
100
AcDbPolyline
 90
6
 70
1
 10
2963.780876439123
 20
1327.0757018184522
 10
2899.780876439123
 20
1327.0757018184522
 42
0.4142135623730951
 10
2891.780876439123
 20
1319.0757018184522
 10
2891.780876439123
 20
1316.0757018184522
 10
2971.780876439123
 20
1316.0757018184522
 10
2971.780876439123
 20
1319.0757018184522
 42
0.4142135623730951
  0
LWPOLYLINE
  5
E5
330
17
100
AcDbEntity
  8
0
 62
2
100
AcDbPolyline
 90
6
 70
1
 10
2963.780876439123
 20
1296.0757018184522
 10
2899.780876439123
 20
1296.0757018184522
 42
0.4142135623730951
 10
2891.780876439123
 20
1288.0757018184522
 10
2891.780876439123
 20
1285.0757018184522
 10
2971.780876439123
 20
1285.0757018184522
 10
2971.780876439123
 20
1288.0757018184522
 42
0.4142135623730951
  0
INSERT
  5
E6
330
17
100
AcDbEntity
  8
0
 62
7
100
AcDbBlockReference
 66
1
  2
Den XANH
 10
1976.4304188955284
 20
1907.675718191531
 30
0.0
  0
ATTRIB
  5
E7
330
E6
100
AcDbEntity
  8
01
  6
Continuous
 62
2
370
5
100
AcDbText
 10
1989.9500423468126
 20
1943.6436361807646
 30
0.0
 40
4.0
  1
T
  7
Arial
 72
1
 11
1991.6567272036045
 21
1943.6436361807646
 31
0.0
100
AcDbAttribute
  2
T-SP
 70
0
 71
1
 72
0
 11
1991.6567272036045
 21
1943.6436361807646
 31
0.0
  0
SEQEND
  5
E8
330
17
100
AcDbEntity
  8
0
 62
7
  0
INSERT
  5
E9
330
17
100
AcDbEntity
  8
0
 62
7
100
AcDbBlockReference
 66
1
  2
Den DO
 10
1816.4304188956157
 20
1907.675718191531
 30
0.0
  0
ATTRIB
  5
EA
330
E9
100
AcDbEntity
  8
01
  6
Continuous
 62
2
370
5
100
AcDbText
 10
1829.6389918693167
 20
1943.6436361807646
 30
0.0
 40
4.0
  1
R
  7
Arial
 72
1
 11
1831.6567272036045
 21
1943.6436361807646
 31
0.0
100
AcDbAttribute
  2
T-SP
 70
0
 71
1
 72
0
 11
1831.6567272036045
 21
1943.6436361807646
 31
0.0
  0
SEQEND
  5
EB
330
17
100
AcDbEntity
  8
0
 62
7
  0
INSERT
  5
EC
330
17
100
AcDbEntity
  8
0
 62
7
100
AcDbBlockReference
 66
1
  2
Den VANG
 10
1896.4304188956157
 20
1907.675718191531
 30
0.0
  0
ATTRIB
  5
ED
330
EC
100
AcDbEntity
  8
01
  6
Continuous
 62
2
370
5
100
AcDbText
 10
1909.7931528516056
 20
1943.6436361807646
 30
0.0
 40
4.0
  1
S
  7
Arial
 72
1
 11
1911.6567272036045
 21
1943.6436361807646
 31
0.0
100
AcDbAttribute
  2
T-SP
 70
0
 71
1
 72
0
 11
1911.6567272036045
 21
1943.6436361807646
 31
0.0
  0
SEQEND
  5
EE
330
17
100
AcDbEntity
  8
0
 62
7
  0
INSERT
  5
EF
330
17
100
AcDbEntity
  8
0
 62
7
100
AcDbBlockReference
 66
1
  2
Den XANH
 10
1976.4304188955284
 20
1907.675718191531
 30
0.0
  0
ATTRIB
  5
F0
330
EF
100
AcDbEntity
  8
01
  6
Continuous
 62
2
370
5
100
AcDbText
 10
1989.9500423468126
 20
1943.6436361807646
 30
0.0
 40
4.0
  1
T
  7
Arial
 72
1
 11
1991.6567272036045
 21
1943.6436361807646
 31
0.0
100
AcDbAttribute
  2
T-SP
 70
0
 71
1
 72
0
 11
1991.6567272036045
 21
1943.6436361807646
 31
0.0
  0
SEQEND
  5
F1
330
17
100
AcDbEntity
  8
0
 62
7
  0
INSERT
  5
F2
330
17
100
AcDbEntity
  8
0
 62
7
100
AcDbBlockReference
 66
1
  2
Den DO
 10
1816.4304188956157
 20
1907.675718191531
 30
0.0
  0
ATTRIB
  5
F3
330
F2
100
AcDbEntity
  8
01
  6
Continuous
 62
2
370
5
100
AcDbText
 10
1829.6389918693167
 20
1943.6436361807646
 30
0.0
 40
4.0
  1
R
  7
Arial
 72
1
 11
1831.6567272036045
 21
1943.6436361807646
 31
0.0
100
AcDbAttribute
  2
T-SP
 70
0
 71
1
 72
0
 11
1831.6567272036045
 21
1943.6436361807646
 31
0.0
  0
SEQEND
  5
F4
330
17
100
AcDbEntity
  8
0
 62
7
  0
INSERT
  5
F5
330
17
100
AcDbEntity
  8
0
 62
7
100
AcDbBlockReference
 66
1
  2
Den VANG
 10
1896.4304188956157
 20
1907.675718191531
 30
0.0
  0
ATTRIB
  5
F6
330
F5
100
AcDbEntity
  8
01
  6
Continuous
 62
2
370
5
100
AcDbText
 10
1909.7931528516056
 20
1943.6436361807646
 30
0.0
 40
4.0
  1
S
  7
Arial
 72
1
 11
1911.6567272036045
 21
1943.6436361807646
 31
0.0
100
AcDbAttribute
  2
T-SP
 70
0
 71
1
 72
0
 11
1911.6567272036045
 21
1943.6436361807646
 31
0.0
  0
SEQEND
  5
F7
330
17
100
AcDbEntity
  8
0
 62
7
  0
INSERT
  5
F8
330
17
100
AcDbEntity
  8
0
100
AcDbBlockReference
  2
*U5683
 10
1858.4303735905269
 20
1871.0370519106218
 30
0.0
  0
INSERT
  5
FA
330
17
100
AcDbEntity
  8
0
100
AcDbBlockReference
  2
*U5683
 10
1748.4303735905269
 20
1871.0370519106218
 30
0.0
  0
INSERT
  5
FC
330
17
100
AcDbEntity
  8
0
100
AcDbBlockReference
  2
*U5683
 10
1968.4303735905269
 20
1871.0370519106218
 30
0.0
  0
INSERT
  5
FE
330
17
100
AcDbEntity
  8
0
100
AcDbBlockReference
  2
*U5682
 10
2078.430373590527
 20
1871.0370519106218
 30
0.0
  0
INSERT
  5
100
330
17
100
AcDbEntity
  8
0
 62
7
100
AcDbBlockReference
 66
1
  2
Von-nho
 10
2078.430373590527
 20
1719.1718881345369
 30
0.0
  0
ATTRIB
  5
101
330
100
100
AcDbEntity
  8
0
 62
6
100
AcDbText
 10
2087.6149779889092
 20
1729.8998101958932
 30
0.0
 40
4.0
  1
RN
  7
Tahoma (Input Text)
 72
1
 11
2091.158295651927
 21
1731.8998101958932
 31
0.0
100
AcDbAttribute
  2
RN
 70
0
 74
2
 71
1
 72
0
 11
2091.158295651927
 21
1731.8998101958932
 31
0.0
  0
ATTRIB
  5
102
330
100
100
AcDbEntity
  8
0
 62
6
100
AcDbText
 10
2093.061669762421
 20
1717.1718881345369
 30
0.0
 40
4.0
  1
SN
  7
Tahoma (Input Text)
 72
1
 11
2096.430373590527
 21
1719.1718881345369
 31
0.0
100
AcDbAttribute
  2
SN
 70
0
 74
2
 71
1
 72
0
 11
2096.430373590527
 21
1719.1718881345369
 31
0.0
  0
ATTRIB
  5
103
330
100
100
AcDbEntity
  8
0
 62
6
100
AcDbText
 10
2087.717059923103
 20
1704.4439660731732
 30
0.0
 40
4.0
  1
TN
  7
Tahoma (Input Text)
 72
1
 11
2091.158295651927
 21
1706.4439660731732
 31
0.0
100
AcDbAttribute
  2
TN
 70
0
 74
2
 71
1
 72
0
 11
2091.158295651927
 21
1706.4439660731732
 31
0.0
  0
ATTRIB
  5
104
330
100
100
AcDbEntity
  8
0
 62
6
100
AcDbText
 10
2076.48410092431
 20
1735.1718881345369
 30
0.0
 40
4.0
  1
O
  7
Tahoma (Input Text)
 72
1
 11
2078.430373590527
 21
1737.1718881345369
 31
0.0
100
AcDbAttribute
  2
O
 70
0
 74
2
 71
1
 72
0
 11
2078.430373590527
 21
1737.1718881345369
 31
0.0
  0
ATTRIB
  5
105
330
100
100
AcDbEntity
  8
0
 62
6
100
AcDbText
 10
2057.2900109310285
 20
1717.1718881345369
 30
0.0
 40
4.0
  1
ST
  7
Tahoma (Input Text)
 72
1
 11
2060.430373590527
 21
1719.1718881345369
 31
0.0
100
AcDbAttribute
  2
ST
 70
0
 74
2
 71
1
 72
0
 11
2060.430373590527
 21
1719.1718881345369
 31
0.0
  0
ATTRIB
  5
106
330
100
100
AcDbEntity
  8
0
 62
6
100
AcDbText
 10
2062.345836351218
 20
1704.4439660731732
 30
0.0
 40
4.0
  1
TR
  7
Tahoma (Input Text)
 72
1
 11
2065.702451529214
 21
1706.4439660731732
 31
0.0
100
AcDbAttribute
  2
TR
 70
0
 74
2
 71
1
 72
0
 11
2065.702451529214
 21
1706.4439660731732
 31
0.0
  0
ATTRIB
  5
107
330
100
100
AcDbEntity
  8
0
 62
6
100
AcDbText
 10
2062.4626933022228
 20
1729.8998101958932
 30
0.0
 40
4.0
  1
RS
  7
Tahoma (Input Text)
 72
1
 11
2065.702451529214
 21
1731.8998101958932
 31
0.0
100
AcDbAttribute
  2
RS
 70
0
 74
2
 71
1
 72
0
 11
2065.702451529214
 21
1731.8998101958932
 31
0.0
  0
SEQEND
  5
108
330
17
100
AcDbEntity
  8
0
 62
7
  0
INSERT
  5
109
330
17
100
AcDbEntity
  8
0
 62
7
100
AcDbBlockReference
  2
CTĐT-1
 10
1910.1468983720115
 20
2092.6548874976943
 30
0.0
  0
CIRCLE
  5
10B
330
17
100
AcDbEntity
  8
0
 62
2
 48
3.0
100
AcDbCircle
 10
2206.430373590527
 20
759.4180907034024
 30
0.0
 40
6.5
  0
CIRCLE
  5
10C
330
17
100
AcDbEntity
  8
0
 62
2
 48
3.0
100
AcDbCircle
 10
2206.430373590527
 20
376.4180907034024
 30
0.0
 40
6.5
  0
CIRCLE
  5
10D
330
17
100
AcDbEntity
  8
0
 62
2
 48
3.0
100
AcDbCircle
 10
1616.4303735905269
 20
759.4180907034024
 30
0.0
 40
6.5
  0
CIRCLE
  5
10E
330
17
100
AcDbEntity
  8
0
 62
2
 48
3.0
100
AcDbCircle
 10
1616.4303735905269
 20
376.4180907034024
 30
0.0
 40
6.5
  0
LWPOLYLINE
  5
10F
330
17
100
AcDbEntity
  8
0
 62
2
100
AcDbPolyline
 90
6
 70
1
 10
2843.780876439123
 20
2354.075701818452
 10
2779.780876439123
 20
2354.075701818452
 42
0.4142135623730951
 10
2771.780876439123
 20
2346.075701818452
 10
2771.780876439123
 20
2343.075701818452
 10
2851.780876439123
 20
2343.075701818452
 10
2851.780876439123
 20
2346.075701818452
 42
0.4142135623730951
  0
LWPOLYLINE
  5
110
330
17
100
AcDbEntity
  8
0
 62
2
100
AcDbPolyline
 90
6
 70
1
 10
2843.780876439123
 20
2323.075701818452
 10
2779.780876439123
 20
2323.075701818452
 42
0.4142135623730951
 10
2771.780876439123
 20
2315.075701818452
 10
2771.780876439123
 20
2312.075701818452
 10
2851.780876439123
 20
2312.075701818452
 10
2851.780876439123
 20
2315.075701818452
 42
0.4142135623730951
  0
LWPOLYLINE
  5
111
330
17
100
AcDbEntity
  8
0
 62
2
100
AcDbPolyline
 90
6
 70
1
 10
2843.780876439123
 20
2385.075701818452
 10
2779.780876439123
 20
2385.075701818452
 42
0.4142135623730951
 10
2771.780876439123
 20
2377.075701818452
 10
2771.780876439123
 20
2374.075701818452
 10
2851.780876439123
 20
2374.075701818452
 10
2851.780876439123
 20
2377.075701818452
 42
0.4142135623730951
  0
LWPOLYLINE
  5
112
330
17
100
AcDbEntity
  8
0
 62
2
100
AcDbPolyline
 90
6
 70
1
 10
2843.780876439123
 20
2292.075701818452
 10
2779.780876439123
 20
2292.075701818452
 42
0.4142135623730951
 10
2771.780876439123
 20
2284.075701818452
 10
2771.780876439123
 20
2281.075701818452
 10
2851.780876439123
 20
2281.075701818452
 10
2851.780876439123
 20
2284.075701818452
 42
0.4142135623730951
  0
LWPOLYLINE
  5
113
330
17
100
AcDbEntity
  8
0
 62
2
100
AcDbPolyline
 90
6
 70
1
 10
2843.780876439123
 20
2261.075701818452
 10
2779.780876439123
 20
2261.075701818452
 42
0.4142135623730951
 10
2771.780876439123
 20
2253.075701818452
 10
2771.780876439123
 20
2250.075701818452
 10
2851.780876439123
 20
2250.075701818452
 10
2851.780876439123
 20
2253.075701818452
 42
0.4142135623730951
  0
LWPOLYLINE
  5
114
330
17
100
AcDbEntity
  8
0
 62
2
100
AcDbPolyline
 90
6
 70
1
 10
2843.780876439123
 20
2230.075701818452
 10
2779.780876439123
 20
2230.075701818452
 42
0.4142135623730951
 10
2771.780876439123
 20
2222.075701818452
 10
2771.780876439123
 20
2219.075701818452
 10
2851.780876439123
 20
2219.075701818452
 10
2851.780876439123
 20
2222.075701818452
 42
0.4142135623730951
  0
LWPOLYLINE
  5
115
330
17
100
AcDbEntity
  8
0
 62
2
100
AcDbPolyline
 90
6
 70
1
 10
2723.780876439123
 20
2354.075701818452
 10
2659.780876439123
 20
2354.075701818452
 42
0.4142135623730951
 10
2651.780876439123
 20
2346.075701818452
 10
2651.780876439123
 20
2343.075701818452
 10
2731.780876439123
 20
2343.075701818452
 10
2731.780876439123
 20
2346.075701818452
 42
0.4142135623730951
  0
LWPOLYLINE
  5
116
330
17
100
AcDbEntity
  8
0
 62
2
100
AcDbPolyline
 90
6
 70
1
 10
2723.780876439123
 20
2323.075701818452
 10
2659.780876439123
 20
2323.075701818452
 42
0.4142135623730951
 10
2651.780876439123
 20
2315.075701818452
 10
2651.780876439123
 20
2312.075701818452
 10
2731.780876439123
 20
2312.075701818452
 10
2731.780876439123
 20
2315.075701818452
 42
0.4142135623730951
  0
LWPOLYLINE
  5
117
330
17
100
AcDbEntity
  8
0
 62
2
100
AcDbPolyline
 90
6
 70
1
 10
2723.780876439123
 20
2385.075701818452
 10
2659.780876439123
 20
2385.075701818452
 42
0.4142135623730951
 10
2651.780876439123
 20
2377.075701818452
 10
2651.780876439123
 20
2374.075701818452
 10
2731.780876439123
 20
2374.075701818452
 10
2731.780876439123
 20
2377.075701818452
 42
0.4142135623730951
  0
LWPOLYLINE
  5
118
330
17
100
AcDbEntity
  8
0
 62
2
100
AcDbPolyline
 90
6
 70
1
 10
2723.780876439123
 20
2292.075701818452
 10
2659.780876439123
 20
2292.075701818452
 42
0.4142135623730951
 10
2651.780876439123
 20
2284.075701818452
 10
2651.780876439123
 20
2281.075701818452
 10
2731.780876439123
 20
2281.075701818452
 10
2731.780876439123
 20
2284.075701818452
 42
0.4142135623730951
  0
LWPOLYLINE
  5
119
330
17
100
AcDbEntity
  8
0
 62
2
100
AcDbPolyline
 90
6
 70
1
 10
2723.780876439123
 20
2261.075701818452
 10
2659.780876439123
 20
2261.075701818452
 42
0.4142135623730951
 10
2651.780876439123
 20
2253.075701818452
 10
2651.780876439123
 20
2250.075701818452
 10
2731.780876439123
 20
2250.075701818452
 10
2731.780876439123
 20
2253.075701818452
 42
0.4142135623730951
  0
LWPOLYLINE
  5
11A
330
17
100
AcDbEntity
  8
0
 62
2
100
AcDbPolyline
 90
6
 70
1
 10
2723.780876439123
 20
2230.075701818452
 10
2659.780876439123
 20
2230.075701818452
 42
0.4142135623730951
 10
2651.780876439123
 20
2222.075701818452
 10
2651.780876439123
 20
2219.075701818452
 10
2731.780876439123
 20
2219.075701818452
 10
2731.780876439123
 20
2222.075701818452
 42
0.4142135623730951
  0
LWPOLYLINE
  5
11B
330
17
100
AcDbEntity
  8
0
 62
2
100
AcDbPolyline
 90
6
 70
1
 10
2963.780876439123
 20
2354.075701818452
 10
2899.780876439123
 20
2354.075701818452
 42
0.4142135623730951
 10
2891.780876439123
 20
2346.075701818452
 10
2891.780876439123
 20
2343.075701818452
 10
2971.780876439123
 20
2343.075701818452
 10
2971.780876439123
 20
2346.075701818452
 42
0.4142135623730951
  0
LWPOLYLINE
  5
11C
330
17
100
AcDbEntity
  8
0
 62
2
100
AcDbPolyline
 90
6
 70
1
 10
2963.780876439123
 20
2323.075701818452
 10
2899.780876439123
 20
2323.075701818452
 42
0.4142135623730951
 10
2891.780876439123
 20
2315.075701818452
 10
2891.780876439123
 20
2312.075701818452
 10
2971.780876439123
 20
2312.075701818452
 10
2971.780876439123
 20
2315.075701818452
 42
0.4142135623730951
  0
LWPOLYLINE
  5
11D
330
17
100
AcDbEntity
  8
0
 62
2
100
AcDbPolyline
 90
6
 70
1
 10
2963.780876439123
 20
2385.075701818452
 10
2899.780876439123
 20
2385.075701818452
 42
0.4142135623730951
 10
2891.780876439123
 20
2377.075701818452
 10
2891.780876439123
 20
2374.075701818452
 10
2971.780876439123
 20
2374.075701818452
 10
2971.780876439123
 20
2377.075701818452
 42
0.4142135623730951
  0
LWPOLYLINE
  5
11E
330
17
100
AcDbEntity
  8
0
 62
2
100
AcDbPolyline
 90
6
 70
1
 10
2963.780876439123
 20
2292.075701818452
 10
2899.780876439123
 20
2292.075701818452
 42
0.4142135623730951
 10
2891.780876439123
 20
2284.075701818452
 10
2891.780876439123
 20
2281.075701818452
 10
2971.780876439123
 20
2281.075701818452
 10
2971.780876439123
 20
2284.075701818452
 42
0.4142135623730951
  0
LWPOLYLINE
  5
11F
330
17
100
AcDbEntity
  8
0
 62
2
100
AcDbPolyline
 90
6
 70
1
 10
2963.780876439123
 20
2261.075701818452
 10
2899.780876439123
 20
2261.075701818452
 42
0.4142135623730951
 10
2891.780876439123
 20
2253.075701818452
 10
2891.780876439123
 20
2250.075701818452
 10
2971.780876439123
 20
2250.075701818452
 10
2971.780876439123
 20
2253.075701818452
 42
0.4142135623730951
  0
LWPOLYLINE
  5
120
330
17
100
AcDbEntity
  8
0
 62
2
100
AcDbPolyline
 90
6
 70
1
 10
2963.780876439123
 20
2230.075701818452
 10
2899.780876439123
 20
2230.075701818452
 42
0.4142135623730951
 10
2891.780876439123
 20
2222.075701818452
 10
2891.780876439123
 20
2219.075701818452
 10
2971.780876439123
 20
2219.075701818452
 10
2971.780876439123
 20
2222.075701818452
 42
0.4142135623730951
  0
LWPOLYLINE
  5
121
330
17
100
AcDbEntity
  8
0
 62
33
100
AcDbPolyline
 90
8
 70
1
 10
2228.430373590527
 20
1200.8257018184522
 10
2228.430373590527
 20
1170.8257018184522
 10
2259.930373590527
 20
1170.8257018184522
 10
2259.930373590527
 20
1154.3257018184522
 10
2258.430373590527
 20
1154.3257018184522
 10
2258.430373590527
 20
1169.3257018184522
 10
2226.930373590527
 20
1169.3257018184522
 10
2226.930373590527
 20
1200.8257018184522
  0
LWPOLYLINE
  5
122
330
17
100
AcDbEntity
  8
0
 62
33
100
AcDbPolyline
 90
8
 70
1
 10
2228.430373590527
 20
1819.3257018184522
 10
2228.430373590527
 20
1849.3257018184522
 10
2259.930373590527
 20
1849.3257018184522
 10
2259.930373590527
 20
1865.8257018184522
 10
2258.430373590527
 20
1865.8257018184522
 10
2258.430373590527
 20
1850.8257018184522
 10
2226.930373590527
 20
1850.8257018184522
 10
2226.930373590527
 20
1819.3257018184522
  0
LWPOLYLINE
  5
123
330
17
100
AcDbEntity
  8
0
 62
33
100
AcDbPolyline
 90
8
 70
1
 10
1594.4303735905269
 20
1200.8257018184522
 10
1594.4303735905269
 20
1170.8257018184522
 10
1562.9303735905269
 20
1170.8257018184522
 10
1562.9303735905269
 20
1154.3257018184522
 10
1564.4303735905269
 20
1154.3257018184522
 10
1564.4303735905269
 20
1169.3257018184522
 10
1595.9303735905269
 20
1169.3257018184522
 10
1595.9303735905269
 20
1200.8257018184522
  0
LWPOLYLINE
  5
124
330
17
100
AcDbEntity
  8
0
 62
33
100
AcDbPolyline
 90
8
 70
1
 10
1594.4303735905269
 20
1819.3257018184522
 10
1594.4303735905269
 20
1849.3257018184522
 10
1562.9303735905269
 20
1849.3257018184522
 10
1562.9303735905269
 20
1865.8257018184522
 10
1564.4303735905269
 20
1865.8257018184522
 10
1564.4303735905269
 20
1850.8257018184522
 10
1595.9303735905269
 20
1850.8257018184522
 10
1595.9303735905269
 20
1819.3257018184522
  0
LWPOLYLINE
  5
125
330
17
100
AcDbEntity
  8
0
 62
33
100
AcDbPolyline
 90
8
 70
1
 10
2228.430373590527
 20
2419.325701818452
 10
2228.430373590527
 20
2449.325701818452
 10
2259.930373590527
 20
2449.325701818452
 10
2259.930373590527
 20
2465.825701818452
 10
2258.430373590527
 20
2465.825701818452
 10
2258.430373590527
 20
2450.825701818452
 10
2226.930373590527
 20
2450.825701818452
 10
2226.930373590527
 20
2419.325701818452
  0
LWPOLYLINE
  5
126
330
17
100
AcDbEntity
  8
0
 62
33
100
AcDbPolyline
 90
8
 70
1
 10
1594.4303735905269
 20
2419.325701818452
 10
1594.4303735905269
 20
2449.325701818452
 10
1562.9303735905269
 20
2449.325701818452
 10
1562.9303735905269
 20
2465.825701818452
 10
1564.4303735905269
 20
2465.825701818452
 10
1564.4303735905269
 20
2450.825701818452
 10
1595.9303735905269
 20
2450.825701818452
 10
1595.9303735905269
 20
2419.325701818452
  0
LWPOLYLINE
  5
127
330
17
100
AcDbEntity
  8
0
 62
33
100
AcDbPolyline
 90
8
 70
1
 10
2228.430373590527
 20
2100.825701818452
 10
2228.430373590527
 20
2070.825701818452
 10
2259.930373590527
 20
2070.825701818452
 10
2259.930373590527
 20
2054.325701818452
 10
2258.430373590527
 20
2054.325701818452
 10
2258.430373590527
 20
2069.325701818452
 10
2226.930373590527
 20
2069.325701818452
 10
2226.930373590527
 20
2100.825701818452
  0
LWPOLYLINE
  5
128
330
17
100
AcDbEntity
  8
0
 62
33
100
AcDbPolyline
 90
8
 70
1
 10
1594.4303735905269
 20
2100.825701818452
 10
1594.4303735905269
 20
2070.825701818452
 10
1562.9303735905269
 20
2070.825701818452
 10
1562.9303735905269
 20
2054.325701818452
 10
1564.4303735905269
 20
2054.325701818452
 10
1564.4303735905269
 20
2069.325701818452
 10
1595.9303735905269
 20
2069.325701818452
 10
1595.9303735905269
 20
2100.825701818452
  0
LWPOLYLINE
  5
129
330
17
100
AcDbEntity
  8
0
 62
7
100
AcDbPolyline
 90
4
 70
1
 10
3355.8768237191252
 20
2450.825701818452
 10
3435.876823719009
 20
2450.825701818452
 10
3435.876823719009
 20
2069.325701818452
 10
3355.8768237191252
 20
2069.325701818452
  0
LINE
  5
12A
330
17
100
AcDbEntity
  8
0
 62
7
100
AcDbLine
 10
3395.876823719009
 20
2450.825701818452
 30
0.0
 11
3395.876823719009
 21
2069.325701818452
 31
0.0
  0
DIMENSION
  5
12B
330
17
100
AcDbEntity
  8
DIM
 48
3.0
100
AcDbDimension
280
0
  2
*D11
  3
Dim-33
 10
3435.876823719009
 20
2531.0709949315933
 30
0.0
 11
3395.876823719009
 21
2562.919903526403
 31
0.0
 70
32
 71
5
 42
80.0
 73
0
 74
0
 75
0
100
AcDbAlignedDimension
 13
3355.8768237191252
 23
2450.825701818452
 33
0.0
 14
3435.876823719009
 24
2450.825701818452
 34
0.0
 50
0.0
100
AcDbRotatedDimension
  0
LWPOLYLINE
  5
12C
330
17
100
AcDbEntity
  8
0
 62
2
 48
0.5
100
AcDbPolyline
 90
4
 70
1
 10
3380.126823719009
 20
2441.1257018184224
 10
3380.126823719009
 20
2429.6257018184224
 42
-0.9999999999999998
 10
3371.626823719009
 20
2429.6257018184224
 10
3371.626823719009
 20
2441.1257018184224
 42
-0.9999999999999998
  0
LWPOLYLINE
  5
12D
330
17
100
AcDbEntity
  8
0
 62
2
 48
0.5
100
AcDbPolyline
 90
4
 70
1
 10
3411.6268237186305
 20
2441.1257018184224
 10
3411.6268237186305
 20
2429.6257018184224
 42
0.9999999999999998
 10
3420.1268237186305
 20
2429.6257018184224
 10
3420.1268237186305
 20
2441.1257018184224
 42
0.9999999999999998
  0
CIRCLE
  5
12E
330
17
100
AcDbEntity
  8
0
 62
2
 48
3.0
100
AcDbCircle
 10
3395.876823719009
 20
2074.325701818452
 30
0.0
 40
1.5
  0
CIRCLE
  5
12F
330
17
100
AcDbEntity
  8
0
 62
2
 48
3.0
100
AcDbCircle
 10
3395.876823719009
 20
2445.825701818452
 30
0.0
 40
1.5
  0
MTEXT
  5
130
330
17
100
AcDbEntity
  8
0
 62
2
100
AcDbMText
 10
3402.1581385521276
 20
1962.8207603503834
 30
0.0
 40
36.0
 41
775.0000000000146
 46
100.0000000000031
 71
5
 72
5
  1
V\P : 4 tấm
  0
DIMENSION
  5
131
330
17
100
AcDbEntity
  8
DIM
 48
3.0
100
AcDbDimension
280
0
  2
*D12
  3
Dim-33
 10
3290.7486150967306
 20
2069.325701818452
 30
0.0
 11
3258.888451385923
 21
2260.075701818474
 31
0.0
 70
32
 71
5
 42
381.5
 73
0
 74
0
 75
0
100
AcDbAlignedDimension
 13
3355.8768237191252
 23
2450.825701818452
 33
0.0
 14
3355.8768237191252
 24
2069.325701818452
 34
0.0
 50
90.0
100
AcDbRotatedDimension
  0
LWPOLYLINE
  5
132
330
17
100
AcDbEntity
  8
0
 62
2
 48
0.5
100
AcDbPolyline
 90
4
 70
1
 10
3380.126823719009
 20
2440.825701818423
 10
3380.126823719009
 20
2429.325701818423
 42
-0.9999999999999998
 10
3371.626823719009
 20
2429.325701818423
 10
3371.626823719009
 20
2440.825701818423
 42
-0.9999999999999998
  0
LWPOLYLINE
  5
133
330
17
100
AcDbEntity
  8
0
 62
2
 48
0.5
100
AcDbPolyline
 90
4
 70
1
 10
3411.6268237186305
 20
2440.825701818423
 10
3411.6268237186305
 20
2429.325701818423
 42
0.9999999999999998
 10
3420.1268237186305
 20
2429.325701818423
 10
3420.1268237186305
 20
2440.825701818423
 42
0.9999999999999998
  0
LWPOLYLINE
  5
134
330
17
100
AcDbEntity
  8
0
 62
2
 48
0.5
100
AcDbPolyline
 90
4
 70
1
 10
3380.126823719009
 20
2415.825701818423
 10
3380.126823719009
 20
2404.325701818423
 42
-0.9999999999999998
 10
3371.626823719009
 20
2404.325701818423
 10
3371.626823719009
 20
2415.825701818423
 42
-0.9999999999999998
  0
LWPOLYLINE
  5
135
330
17
100
AcDbEntity
  8
0
 62
2
 48
0.5
100
AcDbPolyline
 90
4
 70
1
 10
3411.6268237186305
 20
2415.825701818423
 10
3411.6268237186305
 20
2404.325701818423
 42
0.9999999999999998
 10
3420.1268237186305
 20
2404.325701818423
 10
3420.1268237186305
 20
2415.825701818423
 42
0.9999999999999998
  0
LWPOLYLINE
  5
136
330
17
100
AcDbEntity
  8
0
 62
2
 48
0.5
100
AcDbPolyline
 90
4
 70
1
 10
3380.126823719009
 20
2390.825701818423
 10
3380.126823719009
 20
2379.325701818423
 42
-0.9999999999999998
 10
3371.626823719009
 20
2379.325701818423
 10
3371.626823719009
 20
2390.825701818423
 42
-0.9999999999999998
  0
LWPOLYLINE
  5
137
330
17
100
AcDbEntity
  8
0
 62
2
 48
0.5
100
AcDbPolyline
 90
4
 70
1
 10
3411.6268237186305
 20
2390.825701818423
 10
3411.6268237186305
 20
2379.325701818423
 42
0.9999999999999998
 10
3420.1268237186305
 20
2379.325701818423
 10
3420.1268237186305
 20
2390.825701818423
 42
0.9999999999999998
  0
LWPOLYLINE
  5
138
330
17
100
AcDbEntity
  8
0
 62
2
 48
0.5
100
AcDbPolyline
 90
4
 70
1
 10
3380.126823719009
 20
2365.825701818423
 10
3380.126823719009
 20
2354.325701818423
 42
-0.9999999999999998
 10
3371.626823719009
 20
2354.325701818423
 10
3371.626823719009
 20
2365.825701818423
 42
-0.9999999999999998
  0
LWPOLYLINE
  5
139
330
17
100
AcDbEntity
  8
0
 62
2
 48
0.5
100
AcDbPolyline
 90
4
 70
1
 10
3411.6268237186305
 20
2365.825701818423
 10
3411.6268237186305
 20
2354.325701818423
 42
0.9999999999999998
 10
3420.1268237186305
 20
2354.325701818423
 10
3420.1268237186305
 20
2365.825701818423
 42
0.9999999999999998
  0
LWPOLYLINE
  5
13A
330
17
100
AcDbEntity
  8
0
 62
2
 48
0.5
100
AcDbPolyline
 90
4
 70
1
 10
3380.126823719009
 20
2340.825701818423
 10
3380.126823719009
 20
2329.325701818423
 42
-0.9999999999999998
 10
3371.626823719009
 20
2329.325701818423
 10
3371.626823719009
 20
2340.825701818423
 42
-0.9999999999999998
  0
LWPOLYLINE
  5
13B
330
17
100
AcDbEntity
  8
0
 62
2
 48
0.5
100
AcDbPolyline
 90
4
 70
1
 10
3411.6268237186305
 20
2340.825701818423
 10
3411.6268237186305
 20
2329.325701818423
 42
0.9999999999999998
 10
3420.1268237186305
 20
2329.325701818423
 10
3420.1268237186305
 20
2340.825701818423
 42
0.9999999999999998
  0
LWPOLYLINE
  5
13C
330
17
100
AcDbEntity
  8
0
 62
2
 48
0.5
100
AcDbPolyline
 90
4
 70
1
 10
3380.126823719009
 20
2315.825701818423
 10
3380.126823719009
 20
2304.325701818423
 42
-0.9999999999999998
 10
3371.626823719009
 20
2304.325701818423
 10
3371.626823719009
 20
2315.825701818423
 42
-0.9999999999999998
  0
LWPOLYLINE
  5
13D
330
17
100
AcDbEntity
  8
0
 62
2
 48
0.5
100
AcDbPolyline
 90
4
 70
1
 10
3411.6268237186305
 20
2315.825701818423
 10
3411.6268237186305
 20
2304.325701818423
 42
0.9999999999999998
 10
3420.1268237186305
 20
2304.325701818423
 10
3420.1268237186305
 20
2315.825701818423
 42
0.9999999999999998
  0
LWPOLYLINE
  5
13E
330
17
100
AcDbEntity
  8
0
 62
2
 48
0.5
100
AcDbPolyline
 90
4
 70
1
 10
3380.126823719009
 20
2290.825701818423
 10
3380.126823719009
 20
2279.325701818423
 42
-0.9999999999999998
 10
3371.626823719009
 20
2279.325701818423
 10
3371.626823719009
 20
2290.825701818423
 42
-0.9999999999999998
  0
LWPOLYLINE
  5
13F
330
17
100
AcDbEntity
  8
0
 62
2
 48
0.5
100
AcDbPolyline
 90
4
 70
1
 10
3411.6268237186305
 20
2290.825701818423
 10
3411.6268237186305
 20
2279.325701818423
 42
0.9999999999999998
 10
3420.1268237186305
 20
2279.325701818423
 10
3420.1268237186305
 20
2290.825701818423
 42
0.9999999999999998
  0
LWPOLYLINE
  5
140
330
17
100
AcDbEntity
  8
0
 62
2
 48
0.5
100
AcDbPolyline
 90
4
 70
1
 10
3380.126823719009
 20
2265.825701818423
 10
3380.126823719009
 20
2254.325701818423
 42
-0.9999999999999998
 10
3371.626823719009
 20
2254.325701818423
 10
3371.626823719009
 20
2265.825701818423
 42
-0.9999999999999998
  0
LWPOLYLINE
  5
141
330
17
100
AcDbEntity
  8
0
 62
2
 48
0.5
100
AcDbPolyline
 90
4
 70
1
 10
3411.6268237186305
 20
2265.825701818423
 10
3411.6268237186305
 20
2254.325701818423
 42
0.9999999999999998
 10
3420.1268237186305
 20
2254.325701818423
 10
3420.1268237186305
 20
2265.825701818423
 42
0.9999999999999998
  0
LWPOLYLINE
  5
142
330
17
100
AcDbEntity
  8
0
 62
2
 48
0.5
100
AcDbPolyline
 90
4
 70
1
 10
3380.126823719009
 20
2240.825701818423
 10
3380.126823719009
 20
2229.325701818423
 42
-0.9999999999999998
 10
3371.626823719009
 20
2229.325701818423
 10
3371.626823719009
 20
2240.825701818423
 42
-0.9999999999999998
  0
LWPOLYLINE
  5
143
330
17
100
AcDbEntity
  8
0
 62
2
 48
0.5
100
AcDbPolyline
 90
4
 70
1
 10
3411.6268237186305
 20
2240.825701818423
 10
3411.6268237186305
 20
2229.325701818423
 42
0.9999999999999998
 10
3420.1268237186305
 20
2229.325701818423
 10
3420.1268237186305
 20
2240.825701818423
 42
0.9999999999999998
  0
LWPOLYLINE
  5
144
330
17
100
AcDbEntity
  8
0
 62
2
 48
0.5
100
AcDbPolyline
 90
4
 70
1
 10
3380.126823719009
 20
2215.825701818423
 10
3380.126823719009
 20
2204.325701818423
 42
-0.9999999999999998
 10
3371.626823719009
 20
2204.325701818423
 10
3371.626823719009
 20
2215.825701818423
 42
-0.9999999999999998
  0
LWPOLYLINE
  5
145
330
17
100
AcDbEntity
  8
0
 62
2
 48
0.5
100
AcDbPolyline
 90
4
 70
1
 10
3411.6268237186305
 20
2215.825701818423
 10
3411.6268237186305
 20
2204.325701818423
 42
0.9999999999999998
 10
3420.1268237186305
 20
2204.325701818423
 10
3420.1268237186305
 20
2215.825701818423
 42
0.9999999999999998
  0
LWPOLYLINE
  5
146
330
17
100
AcDbEntity
  8
0
 62
2
 48
0.5
100
AcDbPolyline
 90
4
 70
1
 10
3380.126823719009
 20
2190.825701818423
 10
3380.126823719009
 20
2179.325701818423
 42
-0.9999999999999998
 10
3371.626823719009
 20
2179.325701818423
 10
3371.626823719009
 20
2190.825701818423
 42
-0.9999999999999998
  0
LWPOLYLINE
  5
147
330
17
100
AcDbEntity
  8
0
 62
2
 48
0.5
100
AcDbPolyline
 90
4
 70
1
 10
3411.6268237186305
 20
2190.825701818423
 10
3411.6268237186305
 20
2179.325701818423
 42
0.9999999999999998
 10
3420.1268237186305
 20
2179.325701818423
 10
3420.1268237186305
 20
2190.825701818423
 42
0.9999999999999998
  0
LWPOLYLINE
  5
148
330
17
100
AcDbEntity
  8
0
 62
2
 48
0.5
100
AcDbPolyline
 90
4
 70
1
 10
3380.126823719009
 20
2165.825701818423
 10
3380.126823719009
 20
2154.325701818423
 42
-0.9999999999999998
 10
3371.626823719009
 20
2154.325701818423
 10
3371.626823719009
 20
2165.825701818423
 42
-0.9999999999999998
  0
LWPOLYLINE
  5
149
330
17
100
AcDbEntity
  8
0
 62
2
 48
0.5
100
AcDbPolyline
 90
4
 70
1
 10
3411.6268237186305
 20
2165.825701818423
 10
3411.6268237186305
 20
2154.325701818423
 42
0.9999999999999998
 10
3420.1268237186305
 20
2154.325701818423
 10
3420.1268237186305
 20
2165.825701818423
 42
0.9999999999999998
  0
LWPOLYLINE
  5
14A
330
17
100
AcDbEntity
  8
0
 62
2
 48
0.5
100
AcDbPolyline
 90
4
 70
1
 10
3380.126823719009
 20
2140.825701818423
 10
3380.126823719009
 20
2129.325701818423
 42
-0.9999999999999998
 10
3371.626823719009
 20
2129.325701818423
 10
3371.626823719009
 20
2140.825701818423
 42
-0.9999999999999998
  0
LWPOLYLINE
  5
14B
330
17
100
AcDbEntity
  8
0
 62
2
 48
0.5
100
AcDbPolyline
 90
4
 70
1
 10
3411.6268237186305
 20
2140.825701818423
 10
3411.6268237186305
 20
2129.325701818423
 42
0.9999999999999998
 10
3420.1268237186305
 20
2129.325701818423
 10
3420.1268237186305
 20
2140.825701818423
 42
0.9999999999999998
  0
LWPOLYLINE
  5
14C
330
17
100
AcDbEntity
  8
0
 62
2
 48
0.5
100
AcDbPolyline
 90
4
 70
1
 10
3380.126823719009
 20
2115.825701818423
 10
3380.126823719009
 20
2104.325701818423
 42
-0.9999999999999998
 10
3371.626823719009
 20
2104.325701818423
 10
3371.626823719009
 20
2115.825701818423
 42
-0.9999999999999998
  0
LWPOLYLINE
  5
14D
330
17
100
AcDbEntity
  8
0
 62
2
 48
0.5
100
AcDbPolyline
 90
4
 70
1
 10
3411.6268237186305
 20
2115.825701818423
 10
3411.6268237186305
 20
2104.325701818423
 42
0.9999999999999998
 10
3420.1268237186305
 20
2104.325701818423
 10
3420.1268237186305
 20
2115.825701818423
 42
0.9999999999999998
  0
LWPOLYLINE
  5
14E
330
17
100
AcDbEntity
  8
0
 62
2
 48
0.5
100
AcDbPolyline
 90
4
 70
1
 10
3380.126823719009
 20
2090.825701818423
 10
3380.126823719009
 20
2079.325701818423
 42
-0.9999999999999998
 10
3371.626823719009
 20
2079.325701818423
 10
3371.626823719009
 20
2090.825701818423
 42
-0.9999999999999998
  0
LWPOLYLINE
  5
14F
330
17
100
AcDbEntity
  8
0
 62
2
 48
0.5
100
AcDbPolyline
 90
4
 70
1
 10
3411.6268237186305
 20
2090.825701818423
 10
3411.6268237186305
 20
2079.325701818423
 42
0.9999999999999998
 10
3420.1268237186305
 20
2079.325701818423
 10
3420.1268237186305
 20
2090.825701818423
 42
0.9999999999999998
  0
LWPOLYLINE
  5
150
330
17
100
AcDbEntity
  8
0
 62
7
100
AcDbPolyline
 90
4
 70
1
 10
3569.927084371622
 20
1850.8257018184522
 10
3649.927084371622
 20
1850.8257018184522
 10
3649.927084371622
 20
1069.3257018184522
 10
3569.927084371622
 20
1069.3257018184522
  0
LINE
  5
151
330
17
100
AcDbEntity
  8
0
 62
7
100
AcDbLine
 10
3609.927084371622
 20
1850.8257018184522
 30
0.0
 11
3609.927084371622
 21
1069.3257018184522
 31
0.0
  0
DIMENSION
  5
152
330
17
100
AcDbEntity
  8
DIM
 48
3.0
100
AcDbDimension
280
0
  2
*D13
  3
Dim-33
 10
3649.927084371622
 20
1931.0709949315933
 30
0.0
 11
3609.927084371622
 21
1962.9199035264173
 31
0.0
 70
32
 71
5
 42
80.0
 73
0
 74
0
 75
0
100
AcDbAlignedDimension
 13
3569.927084371622
 23
1850.8257018184522
 33
0.0
 14
3649.927084371622
 24
1850.8257018184522
 34
0.0
 50
0.0
100
AcDbRotatedDimension
  0
LWPOLYLINE
  5
153
330
17
100
AcDbEntity
  8
0
 62
2
 48
0.5
100
AcDbPolyline
 90
4
 70
1
 10
3594.177084371622
 20
1841.125701818426
 10
3594.177084371622
 20
1829.625701818426
 42
-0.9999999999999998
 10
3585.677084371622
 20
1829.625701818426
 10
3585.677084371622
 20
1841.125701818426
 42
-0.9999999999999998
  0
LWPOLYLINE
  5
154
330
17
100
AcDbEntity
  8
0
 62
2
 48
0.5
100
AcDbPolyline
 90
4
 70
1
 10
3625.6770843711274
 20
1841.125701818426
 10
3625.6770843711274
 20
1829.625701818426
 42
0.9999999999999998
 10
3634.1770843711274
 20
1829.625701818426
 10
3634.1770843711274
 20
1841.125701818426
 42
0.9999999999999998
  0
CIRCLE
  5
155
330
17
100
AcDbEntity
  8
0
 62
2
 48
3.0
100
AcDbCircle
 10
3609.927084371622
 20
1074.3257018184522
 30
0.0
 40
1.5
  0
CIRCLE
  5
156
330
17
100
AcDbEntity
  8
0
 62
2
 48
3.0
100
AcDbCircle
 10
3609.927084371622
 20
1845.8257018184522
 30
0.0
 40
1.5
  0
DIMENSION
  5
157
330
17
100
AcDbEntity
  8
DIM
 48
3.0
100
AcDbDimension
280
0
  2
*D14
  3
Dim-33
 10
3504.798875749315
 20
1069.3257018184522
 30
0.0
 11
3472.949967154418
 21
1460.075701818474
 31
0.0
 70
32
 71
5
 42
781.5
 73
0
 74
0
 75
0
100
AcDbAlignedDimension
 13
3569.927084371622
 23
1850.8257018184522
 33
0.0
 14
3569.927084371622
 24
1069.3257018184522
 34
0.0
 50
90.0
100
AcDbRotatedDimension
  0
LWPOLYLINE
  5
158
330
17
100
AcDbEntity
  8
0
 62
2
 48
0.5
100
AcDbPolyline
 90
4
 70
1
 10
3594.177084371622
 20
1840.825701818423
 10
3594.177084371622
 20
1829.325701818423
 42
-0.9999999999999998
 10
3585.677084371622
 20
1829.325701818423
 10
3585.677084371622
 20
1840.825701818423
 42
-0.9999999999999998
  0
LWPOLYLINE
  5
159
330
17
100
AcDbEntity
  8
0
 62
2
 48
0.5
100
AcDbPolyline
 90
4
 70
1
 10
3625.6770843711274
 20
1840.825701818423
 10
3625.6770843711274
 20
1829.325701818423
 42
0.9999999999999998
 10
3634.1770843711274
 20
1829.325701818423
 10
3634.1770843711274
 20
1840.825701818423
 42
0.9999999999999998
  0
LWPOLYLINE
  5
15A
330
17
100
AcDbEntity
  8
0
 62
2
 48
0.5
100
AcDbPolyline
 90
4
 70
1
 10
3594.177084371622
 20
1815.825701818423
 10
3594.177084371622
 20
1804.325701818423
 42
-0.9999999999999998
 10
3585.677084371622
 20
1804.325701818423
 10
3585.677084371622
 20
1815.825701818423
 42
-0.9999999999999998
  0
LWPOLYLINE
  5
15B
330
17
100
AcDbEntity
  8
0
 62
2
 48
0.5
100
AcDbPolyline
 90
4
 70
1
 10
3625.6770843711274
 20
1815.825701818423
 10
3625.6770843711274
 20
1804.325701818423
 42
0.9999999999999998
 10
3634.1770843711274
 20
1804.325701818423
 10
3634.1770843711274
 20
1815.825701818423
 42
0.9999999999999998
  0
LWPOLYLINE
  5
15C
330
17
100
AcDbEntity
  8
0
 62
2
 48
0.5
100
AcDbPolyline
 90
4
 70
1
 10
3594.177084371622
 20
1790.825701818423
 10
3594.177084371622
 20
1779.325701818423
 42
-0.9999999999999998
 10
3585.677084371622
 20
1779.325701818423
 10
3585.677084371622
 20
1790.825701818423
 42
-0.9999999999999998
  0
LWPOLYLINE
  5
15D
330
17
100
AcDbEntity
  8
0
 62
2
 48
0.5
100
AcDbPolyline
 90
4
 70
1
 10
3625.6770843711274
 20
1790.825701818423
 10
3625.6770843711274
 20
1779.325701818423
 42
0.9999999999999998
 10
3634.1770843711274
 20
1779.325701818423
 10
3634.1770843711274
 20
1790.825701818423
 42
0.9999999999999998
  0
LWPOLYLINE
  5
15E
330
17
100
AcDbEntity
  8
0
 62
2
 48
0.5
100
AcDbPolyline
 90
4
 70
1
 10
3594.177084371622
 20
1765.825701818423
 10
3594.177084371622
 20
1754.325701818423
 42
-0.9999999999999998
 10
3585.677084371622
 20
1754.325701818423
 10
3585.677084371622
 20
1765.825701818423
 42
-0.9999999999999998
  0
LWPOLYLINE
  5
15F
330
17
100
AcDbEntity
  8
0
 62
2
 48
0.5
100
AcDbPolyline
 90
4
 70
1
 10
3625.6770843711274
 20
1765.825701818423
 10
3625.6770843711274
 20
1754.325701818423
 42
0.9999999999999998
 10
3634.1770843711274
 20
1754.325701818423
 10
3634.1770843711274
 20
1765.825701818423
 42
0.9999999999999998
  0
LWPOLYLINE
  5
160
330
17
100
AcDbEntity
  8
0
 62
2
 48
0.5
100
AcDbPolyline
 90
4
 70
1
 10
3594.177084371622
 20
1740.825701818423
 10
3594.177084371622
 20
1729.325701818423
 42
-0.9999999999999998
 10
3585.677084371622
 20
1729.325701818423
 10
3585.677084371622
 20
1740.825701818423
 42
-0.9999999999999998
  0
LWPOLYLINE
  5
161
330
17
100
AcDbEntity
  8
0
 62
2
 48
0.5
100
AcDbPolyline
 90
4
 70
1
 10
3625.6770843711274
 20
1740.825701818423
 10
3625.6770843711274
 20
1729.325701818423
 42
0.9999999999999998
 10
3634.1770843711274
 20
1729.325701818423
 10
3634.1770843711274
 20
1740.825701818423
 42
0.9999999999999998
  0
LWPOLYLINE
  5
162
330
17
100
AcDbEntity
  8
0
 62
2
 48
0.5
100
AcDbPolyline
 90
4
 70
1
 10
3594.177084371622
 20
1715.825701818423
 10
3594.177084371622
 20
1704.325701818423
 42
-0.9999999999999998
 10
3585.677084371622
 20
1704.325701818423
 10
3585.677084371622
 20
1715.825701818423
 42
-0.9999999999999998
  0
LWPOLYLINE
  5
163
330
17
100
AcDbEntity
  8
0
 62
2
 48
0.5
100
AcDbPolyline
 90
4
 70
1
 10
3625.6770843711274
 20
1715.825701818423
 10
3625.6770843711274
 20
1704.325701818423
 42
0.9999999999999998
 10
3634.1770843711274
 20
1704.325701818423
 10
3634.1770843711274
 20
1715.825701818423
 42
0.9999999999999998
  0
LWPOLYLINE
  5
164
330
17
100
AcDbEntity
  8
0
 62
2
 48
0.5
100
AcDbPolyline
 90
4
 70
1
 10
3594.177084371622
 20
1690.825701818423
 10
3594.177084371622
 20
1679.325701818423
 42
-0.9999999999999998
 10
3585.677084371622
 20
1679.325701818423
 10
3585.677084371622
 20
1690.825701818423
 42
-0.9999999999999998
  0
LWPOLYLINE
  5
165
330
17
100
AcDbEntity
  8
0
 62
2
 48
0.5
100
AcDbPolyline
 90
4
 70
1
 10
3625.6770843711274
 20
1690.825701818423
 10
3625.6770843711274
 20
1679.325701818423
 42
0.9999999999999998
 10
3634.1770843711274
 20
1679.325701818423
 10
3634.1770843711274
 20
1690.825701818423
 42
0.9999999999999998
  0
LWPOLYLINE
  5
166
330
17
100
AcDbEntity
  8
0
 62
2
 48
0.5
100
AcDbPolyline
 90
4
 70
1
 10
3594.177084371622
 20
1665.825701818423
 10
3594.177084371622
 20
1654.325701818423
 42
-0.9999999999999998
 10
3585.677084371622
 20
1654.325701818423
 10
3585.677084371622
 20
1665.825701818423
 42
-0.9999999999999998
  0
LWPOLYLINE
  5
167
330
17
100
AcDbEntity
  8
0
 62
2
 48
0.5
100
AcDbPolyline
 90
4
 70
1
 10
3625.6770843711274
 20
1665.825701818423
 10
3625.6770843711274
 20
1654.325701818423
 42
0.9999999999999998
 10
3634.1770843711274
 20
1654.325701818423
 10
3634.1770843711274
 20
1665.825701818423
 42
0.9999999999999998
  0
LWPOLYLINE
  5
168
330
17
100
AcDbEntity
  8
0
 62
2
 48
0.5
100
AcDbPolyline
 90
4
 70
1
 10
3594.177084371622
 20
1640.825701818423
 10
3594.177084371622
 20
1629.325701818423
 42
-0.9999999999999998
 10
3585.677084371622
 20
1629.325701818423
 10
3585.677084371622
 20
1640.825701818423
 42
-0.9999999999999998
  0
LWPOLYLINE
  5
169
330
17
100
AcDbEntity
  8
0
 62
2
 48
0.5
100
AcDbPolyline
 90
4
 70
1
 10
3625.6770843711274
 20
1640.825701818423
 10
3625.6770843711274
 20
1629.325701818423
 42
0.9999999999999998
 10
3634.1770843711274
 20
1629.325701818423
 10
3634.1770843711274
 20
1640.825701818423
 42
0.9999999999999998
  0
LWPOLYLINE
  5
16A
330
17
100
AcDbEntity
  8
0
 62
2
 48
0.5
100
AcDbPolyline
 90
4
 70
1
 10
3594.177084371622
 20
1615.825701818423
 10
3594.177084371622
 20
1604.325701818423
 42
-0.9999999999999998
 10
3585.677084371622
 20
1604.325701818423
 10
3585.677084371622
 20
1615.825701818423
 42
-0.9999999999999998
  0
LWPOLYLINE
  5
16B
330
17
100
AcDbEntity
  8
0
 62
2
 48
0.5
100
AcDbPolyline
 90
4
 70
1
 10
3625.6770843711274
 20
1615.825701818423
 10
3625.6770843711274
 20
1604.325701818423
 42
0.9999999999999998
 10
3634.1770843711274
 20
1604.325701818423
 10
3634.1770843711274
 20
1615.825701818423
 42
0.9999999999999998
  0
LWPOLYLINE
  5
16C
330
17
100
AcDbEntity
  8
0
 62
2
 48
0.5
100
AcDbPolyline
 90
4
 70
1
 10
3594.177084371622
 20
1590.825701818423
 10
3594.177084371622
 20
1579.325701818423
 42
-0.9999999999999998
 10
3585.677084371622
 20
1579.325701818423
 10
3585.677084371622
 20
1590.825701818423
 42
-0.9999999999999998
  0
LWPOLYLINE
  5
16D
330
17
100
AcDbEntity
  8
0
 62
2
 48
0.5
100
AcDbPolyline
 90
4
 70
1
 10
3625.6770843711274
 20
1590.825701818423
 10
3625.6770843711274
 20
1579.325701818423
 42
0.9999999999999998
 10
3634.1770843711274
 20
1579.325701818423
 10
3634.1770843711274
 20
1590.825701818423
 42
0.9999999999999998
  0
LWPOLYLINE
  5
16E
330
17
100
AcDbEntity
  8
0
 62
2
 48
0.5
100
AcDbPolyline
 90
4
 70
1
 10
3594.177084371622
 20
1565.825701818423
 10
3594.177084371622
 20
1554.325701818423
 42
-0.9999999999999998
 10
3585.677084371622
 20
1554.325701818423
 10
3585.677084371622
 20
1565.825701818423
 42
-0.9999999999999998
  0
LWPOLYLINE
  5
16F
330
17
100
AcDbEntity
  8
0
 62
2
 48
0.5
100
AcDbPolyline
 90
4
 70
1
 10
3625.6770843711274
 20
1565.825701818423
 10
3625.6770843711274
 20
1554.325701818423
 42
0.9999999999999998
 10
3634.1770843711274
 20
1554.325701818423
 10
3634.1770843711274
 20
1565.825701818423
 42
0.9999999999999998
  0
LWPOLYLINE
  5
170
330
17
100
AcDbEntity
  8
0
 62
2
 48
0.5
100
AcDbPolyline
 90
4
 70
1
 10
3594.177084371622
 20
1540.825701818423
 10
3594.177084371622
 20
1529.325701818423
 42
-0.9999999999999998
 10
3585.677084371622
 20
1529.325701818423
 10
3585.677084371622
 20
1540.825701818423
 42
-0.9999999999999998
  0
LWPOLYLINE
  5
171
330
17
100
AcDbEntity
  8
0
 62
2
 48
0.5
100
AcDbPolyline
 90
4
 70
1
 10
3625.6770843711274
 20
1540.825701818423
 10
3625.6770843711274
 20
1529.325701818423
 42
0.9999999999999998
 10
3634.1770843711274
 20
1529.325701818423
 10
3634.1770843711274
 20
1540.825701818423
 42
0.9999999999999998
  0
LWPOLYLINE
  5
172
330
17
100
AcDbEntity
  8
0
 62
2
 48
0.5
100
AcDbPolyline
 90
4
 70
1
 10
3594.177084371622
 20
1515.825701818423
 10
3594.177084371622
 20
1504.325701818423
 42
-0.9999999999999998
 10
3585.677084371622
 20
1504.325701818423
 10
3585.677084371622
 20
1515.825701818423
 42
-0.9999999999999998
  0
LWPOLYLINE
  5
173
330
17
100
AcDbEntity
  8
0
 62
2
 48
0.5
100
AcDbPolyline
 90
4
 70
1
 10
3625.6770843711274
 20
1515.825701818423
 10
3625.6770843711274
 20
1504.325701818423
 42
0.9999999999999998
 10
3634.1770843711274
 20
1504.325701818423
 10
3634.1770843711274
 20
1515.825701818423
 42
0.9999999999999998
  0
LWPOLYLINE
  5
174
330
17
100
AcDbEntity
  8
0
 62
2
 48
0.5
100
AcDbPolyline
 90
4
 70
1
 10
3594.177084371622
 20
1490.825701818423
 10
3594.177084371622
 20
1479.325701818423
 42
-0.9999999999999998
 10
3585.677084371622
 20
1479.325701818423
 10
3585.677084371622
 20
1490.825701818423
 42
-0.9999999999999998
  0
LWPOLYLINE
  5
175
330
17
100
AcDbEntity
  8
0
 62
2
 48
0.5
100
AcDbPolyline
 90
4
 70
1
 10
3625.6770843711274
 20
1490.825701818423
 10
3625.6770843711274
 20
1479.325701818423
 42
0.9999999999999998
 10
3634.1770843711274
 20
1479.325701818423
 10
3634.1770843711274
 20
1490.825701818423
 42
0.9999999999999998
  0
LWPOLYLINE
  5
176
330
17
100
AcDbEntity
  8
0
 62
2
 48
0.5
100
AcDbPolyline
 90
4
 70
1
 10
3594.177084371622
 20
1465.825701818423
 10
3594.177084371622
 20
1454.325701818423
 42
-0.9999999999999998
 10
3585.677084371622
 20
1454.325701818423
 10
3585.677084371622
 20
1465.825701818423
 42
-0.9999999999999998
  0
LWPOLYLINE
  5
177
330
17
100
AcDbEntity
  8
0
 62
2
 48
0.5
100
AcDbPolyline
 90
4
 70
1
 10
3625.6770843711274
 20
1465.825701818423
 10
3625.6770843711274
 20
1454.325701818423
 42
0.9999999999999998
 10
3634.1770843711274
 20
1454.325701818423
 10
3634.1770843711274
 20
1465.825701818423
 42
0.9999999999999998
  0
LWPOLYLINE
  5
178
330
17
100
AcDbEntity
  8
0
 62
2
 48
0.5
100
AcDbPolyline
 90
4
 70
1
 10
3594.177084371622
 20
1440.825701818423
 10
3594.177084371622
 20
1429.325701818423
 42
-0.9999999999999998
 10
3585.677084371622
 20
1429.325701818423
 10
3585.677084371622
 20
1440.825701818423
 42
-0.9999999999999998
  0
LWPOLYLINE
  5
179
330
17
100
AcDbEntity
  8
0
 62
2
 48
0.5
100
AcDbPolyline
 90
4
 70
1
 10
3625.6770843711274
 20
1440.825701818423
 10
3625.6770843711274
 20
1429.325701818423
 42
0.9999999999999998
 10
3634.1770843711274
 20
1429.325701818423
 10
3634.1770843711274
 20
1440.825701818423
 42
0.9999999999999998
  0
LWPOLYLINE
  5
17A
330
17
100
AcDbEntity
  8
0
 62
2
 48
0.5
100
AcDbPolyline
 90
4
 70
1
 10
3594.177084371622
 20
1415.825701818423
 10
3594.177084371622
 20
1404.325701818423
 42
-0.9999999999999998
 10
3585.677084371622
 20
1404.325701818423
 10
3585.677084371622
 20
1415.825701818423
 42
-0.9999999999999998
  0
LWPOLYLINE
  5
17B
330
17
100
AcDbEntity
  8
0
 62
2
 48
0.5
100
AcDbPolyline
 90
4
 70
1
 10
3625.6770843711274
 20
1415.825701818423
 10
3625.6770843711274
 20
1404.325701818423
 42
0.9999999999999998
 10
3634.1770843711274
 20
1404.325701818423
 10
3634.1770843711274
 20
1415.825701818423
 42
0.9999999999999998
  0
LWPOLYLINE
  5
17C
330
17
100
AcDbEntity
  8
0
 62
2
 48
0.5
100
AcDbPolyline
 90
4
 70
1
 10
3594.177084371622
 20
1390.825701818423
 10
3594.177084371622
 20
1379.325701818423
 42
-0.9999999999999998
 10
3585.677084371622
 20
1379.325701818423
 10
3585.677084371622
 20
1390.825701818423
 42
-0.9999999999999998
  0
LWPOLYLINE
  5
17D
330
17
100
AcDbEntity
  8
0
 62
2
 48
0.5
100
AcDbPolyline
 90
4
 70
1
 10
3625.6770843711274
 20
1390.825701818423
 10
3625.6770843711274
 20
1379.325701818423
 42
0.9999999999999998
 10
3634.1770843711274
 20
1379.325701818423
 10
3634.1770843711274
 20
1390.825701818423
 42
0.9999999999999998
  0
LWPOLYLINE
  5
17E
330
17
100
AcDbEntity
  8
0
 62
2
 48
0.5
100
AcDbPolyline
 90
4
 70
1
 10
3594.177084371622
 20
1365.825701818423
 10
3594.177084371622
 20
1354.325701818423
 42
-0.9999999999999998
 10
3585.677084371622
 20
1354.325701818423
 10
3585.677084371622
 20
1365.825701818423
 42
-0.9999999999999998
  0
LWPOLYLINE
  5
17F
330
17
100
AcDbEntity
  8
0
 62
2
 48
0.5
100
AcDbPolyline
 90
4
 70
1
 10
3625.6770843711274
 20
1365.825701818423
 10
3625.6770843711274
 20
1354.325701818423
 42
0.9999999999999998
 10
3634.1770843711274
 20
1354.325701818423
 10
3634.1770843711274
 20
1365.825701818423
 42
0.9999999999999998
  0
LWPOLYLINE
  5
180
330
17
100
AcDbEntity
  8
0
 62
2
 48
0.5
100
AcDbPolyline
 90
4
 70
1
 10
3594.177084371622
 20
1340.825701818423
 10
3594.177084371622
 20
1329.325701818423
 42
-0.9999999999999998
 10
3585.677084371622
 20
1329.325701818423
 10
3585.677084371622
 20
1340.825701818423
 42
-0.9999999999999998
  0
LWPOLYLINE
  5
181
330
17
100
AcDbEntity
  8
0
 62
2
 48
0.5
100
AcDbPolyline
 90
4
 70
1
 10
3625.6770843711274
 20
1340.825701818423
 10
3625.6770843711274
 20
1329.325701818423
 42
0.9999999999999998
 10
3634.1770843711274
 20
1329.325701818423
 10
3634.1770843711274
 20
1340.825701818423
 42
0.9999999999999998
  0
LWPOLYLINE
  5
182
330
17
100
AcDbEntity
  8
0
 62
2
 48
0.5
100
AcDbPolyline
 90
4
 70
1
 10
3594.177084371622
 20
1315.825701818423
 10
3594.177084371622
 20
1304.325701818423
 42
-0.9999999999999998
 10
3585.677084371622
 20
1304.325701818423
 10
3585.677084371622
 20
1315.825701818423
 42
-0.9999999999999998
  0
LWPOLYLINE
  5
183
330
17
100
AcDbEntity
  8
0
 62
2
 48
0.5
100
AcDbPolyline
 90
4
 70
1
 10
3625.6770843711274
 20
1315.825701818423
 10
3625.6770843711274
 20
1304.325701818423
 42
0.9999999999999998
 10
3634.1770843711274
 20
1304.325701818423
 10
3634.1770843711274
 20
1315.825701818423
 42
0.9999999999999998
  0
LWPOLYLINE
  5
184
330
17
100
AcDbEntity
  8
0
 62
2
 48
0.5
100
AcDbPolyline
 90
4
 70
1
 10
3594.177084371622
 20
1290.825701818423
 10
3594.177084371622
 20
1279.325701818423
 42
-0.9999999999999998
 10
3585.677084371622
 20
1279.325701818423
 10
3585.677084371622
 20
1290.825701818423
 42
-0.9999999999999998
  0
LWPOLYLINE
  5
185
330
17
100
AcDbEntity
  8
0
 62
2
 48
0.5
100
AcDbPolyline
 90
4
 70
1
 10
3625.6770843711274
 20
1290.825701818423
 10
3625.6770843711274
 20
1279.325701818423
 42
0.9999999999999998
 10
3634.1770843711274
 20
1279.325701818423
 10
3634.1770843711274
 20
1290.825701818423
 42
0.9999999999999998
  0
LWPOLYLINE
  5
186
330
17
100
AcDbEntity
  8
0
 62
2
 48
0.5
100
AcDbPolyline
 90
4
 70
1
 10
3594.177084371622
 20
1265.825701818423
 10
3594.177084371622
 20
1254.325701818423
 42
-0.9999999999999998
 10
3585.677084371622
 20
1254.325701818423
 10
3585.677084371622
 20
1265.825701818423
 42
-0.9999999999999998
  0
LWPOLYLINE
  5
187
330
17
100
AcDbEntity
  8
0
 62
2
 48
0.5
100
AcDbPolyline
 90
4
 70
1
 10
3625.6770843711274
 20
1265.825701818423
 10
3625.6770843711274
 20
1254.325701818423
 42
0.9999999999999998
 10
3634.1770843711274
 20
1254.325701818423
 10
3634.1770843711274
 20
1265.825701818423
 42
0.9999999999999998
  0
LWPOLYLINE
  5
188
330
17
100
AcDbEntity
  8
0
 62
2
 48
0.5
100
AcDbPolyline
 90
4
 70
1
 10
3594.177084371622
 20
1240.825701818423
 10
3594.177084371622
 20
1229.325701818423
 42
-0.9999999999999998
 10
3585.677084371622
 20
1229.325701818423
 10
3585.677084371622
 20
1240.825701818423
 42
-0.9999999999999998
  0
LWPOLYLINE
  5
189
330
17
100
AcDbEntity
  8
0
 62
2
 48
0.5
100
AcDbPolyline
 90
4
 70
1
 10
3625.6770843711274
 20
1240.825701818423
 10
3625.6770843711274
 20
1229.325701818423
 42
0.9999999999999998
 10
3634.1770843711274
 20
1229.325701818423
 10
3634.1770843711274
 20
1240.825701818423
 42
0.9999999999999998
  0
LWPOLYLINE
  5
18A
330
17
100
AcDbEntity
  8
0
 62
2
 48
0.5
100
AcDbPolyline
 90
4
 70
1
 10
3594.177084371622
 20
1215.825701818423
 10
3594.177084371622
 20
1204.325701818423
 42
-0.9999999999999998
 10
3585.677084371622
 20
1204.325701818423
 10
3585.677084371622
 20
1215.825701818423
 42
-0.9999999999999998
  0
LWPOLYLINE
  5
18B
330
17
100
AcDbEntity
  8
0
 62
2
 48
0.5
100
AcDbPolyline
 90
4
 70
1
 10
3625.6770843711274
 20
1215.825701818423
 10
3625.6770843711274
 20
1204.325701818423
 42
0.9999999999999998
 10
3634.1770843711274
 20
1204.325701818423
 10
3634.1770843711274
 20
1215.825701818423
 42
0.9999999999999998
  0
LWPOLYLINE
  5
18C
330
17
100
AcDbEntity
  8
0
 62
2
 48
0.5
100
AcDbPolyline
 90
4
 70
1
 10
3594.177084371622
 20
1190.825701818423
 10
3594.177084371622
 20
1179.325701818423
 42
-0.9999999999999998
 10
3585.677084371622
 20
1179.325701818423
 10
3585.677084371622
 20
1190.825701818423
 42
-0.9999999999999998
  0
LWPOLYLINE
  5
18D
330
17
100
AcDbEntity
  8
0
 62
2
 48
0.5
100
AcDbPolyline
 90
4
 70
1
 10
3625.6770843711274
 20
1190.825701818423
 10
3625.6770843711274
 20
1179.325701818423
 42
0.9999999999999998
 10
3634.1770843711274
 20
1179.325701818423
 10
3634.1770843711274
 20
1190.825701818423
 42
0.9999999999999998
  0
LWPOLYLINE
  5
18E
330
17
100
AcDbEntity
  8
0
 62
2
 48
0.5
100
AcDbPolyline
 90
4
 70
1
 10
3594.177084371622
 20
1165.825701818423
 10
3594.177084371622
 20
1154.325701818423
 42
-0.9999999999999998
 10
3585.677084371622
 20
1154.325701818423
 10
3585.677084371622
 20
1165.825701818423
 42
-0.9999999999999998
  0
LWPOLYLINE
  5
18F
330
17
100
AcDbEntity
  8
0
 62
2
 48
0.5
100
AcDbPolyline
 90
4
 70
1
 10
3625.6770843711274
 20
1165.825701818423
 10
3625.6770843711274
 20
1154.325701818423
 42
0.9999999999999998
 10
3634.1770843711274
 20
1154.325701818423
 10
3634.1770843711274
 20
1165.825701818423
 42
0.9999999999999998
  0
LWPOLYLINE
  5
190
330
17
100
AcDbEntity
  8
0
 62
2
 48
0.5
100
AcDbPolyline
 90
4
 70
1
 10
3594.177084371622
 20
1140.825701818423
 10
3594.177084371622
 20
1129.325701818423
 42
-0.9999999999999998
 10
3585.677084371622
 20
1129.325701818423
 10
3585.677084371622
 20
1140.825701818423
 42
-0.9999999999999998
  0
LWPOLYLINE
  5
191
330
17
100
AcDbEntity
  8
0
 62
2
 48
0.5
100
AcDbPolyline
 90
4
 70
1
 10
3625.6770843711274
 20
1140.825701818423
 10
3625.6770843711274
 20
1129.325701818423
 42
0.9999999999999998
 10
3634.1770843711274
 20
1129.325701818423
 10
3634.1770843711274
 20
1140.825701818423
 42
0.9999999999999998
  0
LWPOLYLINE
  5
192
330
17
100
AcDbEntity
  8
0
 62
2
 48
0.5
100
AcDbPolyline
 90
4
 70
1
 10
3594.177084371622
 20
1115.825701818423
 10
3594.177084371622
 20
1104.325701818423
 42
-0.9999999999999998
 10
3585.677084371622
 20
1104.325701818423
 10
3585.677084371622
 20
1115.825701818423
 42
-0.9999999999999998
  0
LWPOLYLINE
  5
193
330
17
100
AcDbEntity
  8
0
 62
2
 48
0.5
100
AcDbPolyline
 90
4
 70
1
 10
3625.6770843711274
 20
1115.825701818423
 10
3625.6770843711274
 20
1104.325701818423
 42
0.9999999999999998
 10
3634.1770843711274
 20
1104.325701818423
 10
3634.1770843711274
 20
1115.825701818423
 42
0.9999999999999998
  0
LWPOLYLINE
  5
194
330
17
100
AcDbEntity
  8
0
 62
2
 48
0.5
100
AcDbPolyline
 90
4
 70
1
 10
3594.177084371622
 20
1090.825701818423
 10
3594.177084371622
 20
1079.325701818423
 42
-0.9999999999999998
 10
3585.677084371622
 20
1079.325701818423
 10
3585.677084371622
 20
1090.825701818423
 42
-0.9999999999999998
  0
LWPOLYLINE
  5
195
330
17
100
AcDbEntity
  8
0
 62
2
 48
0.5
100
AcDbPolyline
 90
4
 70
1
 10
3625.6770843711274
 20
1090.825701818423
 10
3625.6770843711274
 20
1079.325701818423
 42
0.9999999999999998
 10
3634.1770843711274
 20
1079.325701818423
 10
3634.1770843711274
 20
1090.825701818423
 42
0.9999999999999998
  0
CIRCLE
  5
196
330
17
100
AcDbEntity
  8
0
 62
2
100
AcDbCircle
 10
1961.4303735905269
 20
2316.4757018184537
 30
0.0
 40
2.0
  0
CIRCLE
  5
197
330
17
100
AcDbEntity
  8
0
 62
2
100
AcDbCircle
 10
1861.4303735905269
 20
2316.4757018184537
 30
0.0
 40
2.0
  0
LWPOLYLINE
  5
198
330
17
100
AcDbEntity
  8
0
 62
2
100
AcDbPolyline
 90
4
 70
1
 10
1871.4303735905269
 20
2346.4757018184537
 10
1951.4303735905269
 20
2346.4757018184537
 10
1951.4303735905269
 20
2286.4757018184537
 10
1871.4303735905269
 20
2286.4757018184537
  0
INSERT
  5
199
330
17
100
AcDbEntity
  8
0
 62
7
100
AcDbBlockReference
  2
A$C39866699
 10
1857.4303478427173
 20
2272.4756896696235
 30
0.0
  0
INSERT
  5
19B
330
17
100
AcDbEntity
  8
0
100
AcDbBlockReference
  2
MS722
 10
1666.5303735904163
 20
2290.4757018184428
 30
0.0
  0
LWPOLYLINE
  5
19D
330
17
100
AcDbEntity
  8
0
 62
2
100
AcDbPolyline
 90
4
 70
1
 10
1656.2803735904163
 20
2280.2257018184428
 10
1676.7803735904163
 20
2280.2257018184428
 10
1676.7803735904163
 20
2300.7257018184355
 10
1656.2803735904163
 20
2300.7257018184355
  0
INSERT
  5
19E
330
17
100
AcDbEntity
  8
0
100
AcDbBlockReference
  2
MS722
 10
1666.5303735904163
 20
1916.8757018184115
 30
0.0
  0
LWPOLYLINE
  5
1A0
330
17
100
AcDbEntity
  8
0
 62
2
100
AcDbPolyline
 90
4
 70
1
 10
1656.280373590329
 20
1906.6257018184042
 10
1676.7803735904163
 20
1906.6257018184042
 10
1676.7803735904163
 20
1927.1257018184115
 10
1656.280373590329
 20
1927.1257018184115
  0
INSERT
  5
1A1
330
17
100
AcDbEntity
  8
0
100
AcDbBlockReference
  2
MS722
 10
1666.5303735904163
 20
1278.4757018183373
 30
0.0
  0
LWPOLYLINE
  5
1A3
330
17
100
AcDbEntity
  8
0
 62
2
100
AcDbPolyline
 90
4
 70
1
 10
1656.2803735904163
 20
1268.2257018183227
 10
1676.7803735904163
 20
1268.2257018183227
 10
1676.7803735904163
 20
1288.7257018183227
 10
1656.2803735904163
 20
1288.7257018183227
  0
ENDSEC
  0
SECTION
  2
OBJECTS
  0
DICTIONARY
  5
A
330
0
100
AcDbDictionary
281
1
  3
ACAD_COLOR
350
B
  3
ACAD_GROUP
350
C
  3
ACAD_LAYOUT
350
D
  3
ACAD_MATERIAL
350
E
  3
ACAD_MLEADERSTYLE
350
F
  3
ACAD_MLINESTYLE
350
10
  3
ACAD_PLOTSETTINGS
350
11
  3
ACAD_PLOTSTYLENAME
350
12
  3
ACAD_SCALELIST
350
14
  3
ACAD_TABLESTYLE
350
15
  3
ACAD_VISUALSTYLE
350
16
  3
EZDXF_META
350
2D
  0
DICTIONARY
  5
B
330
A
100
AcDbDictionary
281
1
  0
DICTIONARY
  5
C
330
A
100
AcDbDictionary
281
1
  0
DICTIONARY
  5
D
330
A
100
AcDbDictionary
281
1
  3
Model
350
1A
  3
Layout1
350
1E
  0
DICTIONARY
  5
E
330
A
100
AcDbDictionary
281
1
  3
ByBlock
350
1F
  3
ByLayer
350
20
  3
Global
350
21
  0
DICTIONARY
  5
F
330
A
100
AcDbDictionary
281
1
  3
Standard
350
2C
  0
DICTIONARY
  5
10
330
A
100
AcDbDictionary
281
1
  3
Standard
350
22
  0
DICTIONARY
  5
11
330
A
100
AcDbDictionary
281
1
  0
ACDBDICTIONARYWDFLT
  5
12
330
A
100
AcDbDictionary
281
1
  3
Normal
350
13
100
AcDbDictionaryWithDefault
340
13
  0
ACDBPLACEHOLDER
  5
13
330
12
  0
DICTIONARY
  5
14
330
A
100
AcDbDictionary
281
1
  0
DICTIONARY
  5
15
330
A
100
AcDbDictionary
281
1
  0
DICTIONARY
  5
16
330
A
100
AcDbDictionary
281
1
  0
LAYOUT
  5
1A
330
D
100
AcDbPlotSettings
  1

  4
A3
  6

 40
7.5
 41
20.0
 42
7.5
 43
20.0
 44
420.0
 45
297.0
 46
0.0
 47
0.0
 48
0.0
 49
0.0
140
0.0
141
0.0
142
1.0
143
1.0
 70
1024
 72
1
 73
0
 74
5
  7

 75
16
 76
0
 77
2
 78
300
147
1.0
148
0.0
149
0.0
100
AcDbLayout
  1
Model
 70
1
 71
0
 10
0.0
 20
0.0
 11
420.0
 21
297.0
 12
0.0
 22
0.0
 32
0.0
 14
1e+20
 24
1e+20
 34
1e+20
 15
-1e+20
 25
-1e+20
 35
-1e+20
146
0.0
 13
0.0
 23
0.0
 33
0.0
 16
1.0
 26
0.0
 36
0.0
 17
0.0
 27
1.0
 37
0.0
 76
1
330
17
  0
LAYOUT
  5
1E
330
D
100
AcDbPlotSettings
  1

  4
A3
  6

 40
7.5
 41
20.0
 42
7.5
 43
20.0
 44
420.0
 45
297.0
 46
0.0
 47
0.0
 48
0.0
 49
0.0
140
0.0
141
0.0
142
1.0
143
1.0
 70
0
 72
1
 73
0
 74
5
  7

 75
16
 76
0
 77
2
 78
300
147
1.0
148
0.0
149
0.0
100
AcDbLayout
  1
Layout1
 70
1
 71
1
 10
0.0
 20
0.0
 11
420.0
 21
297.0
 12
0.0
 22
0.0
 32
0.0
 14
1e+20
 24
1e+20
 34
1e+20
 15
-1e+20
 25
-1e+20
 35
-1e+20
146
0.0
 13
0.0
 23
0.0
 33
0.0
 16
1.0
 26
0.0
 36
0.0
 17
0.0
 27
1.0
 37
0.0
 76
1
330
1B
  0
MATERIAL
  5
1F
102
{ACAD_REACTORS
330
E
102
}
330
E
100
AcDbMaterial
  1
ByBlock
  2

 70
0
 40
1.0
 71
1
 41
1.0
 91
-1023410177
 42
1.0
 72
1
  3

 73
1
 74
1
 75
1
 44
0.5
 73
0
 45
1.0
 46
1.0
 77
1
  4

 78
1
 79
1
170
1
 48
1.0
171
1
  6

172
1
173
1
174
1
140
1.0
141
1.0
175
1
  7

176
1
177
1
178
1
143
1.0
179
1
  8

270
1
271
1
272
1
145
1.0
146
1.0
273
1
  9

274
1
275
1
276
1
 42
1.0
 72
1
  3

 73
1
 74
1
 75
1
 94
63
  0
MATERIAL
  5
20
102
{ACAD_REACTORS
330
E
102
}
330
E
100
AcDbMaterial
  1
ByLayer
  2

 70
0
 40
1.0
 71
1
 41
1.0
 91
-1023410177
 42
1.0
 72
1
  3

 73
1
 74
1
 75
1
 44
0.5
 73
0
 45
1.0
 46
1.0
 77
1
  4

 78
1
 79
1
170
1
 48
1.0
171
1
  6

172
1
173
1
174
1
140
1.0
141
1.0
175
1
  7

176
1
177
1
178
1
143
1.0
179
1
  8

270
1
271
1
272
1
145
1.0
146
1.0
273
1
  9

274
1
275
1
276
1
 42
1.0
 72
1
  3

 73
1
 74
1
 75
1
 94
63
  0
MATERIAL
  5
21
102
{ACAD_REACTORS
330
E
102
}
330
E
100
AcDbMaterial
  1
Global
  2

 70
0
 40
1.0
 71
1
 41
1.0
 91
-1023410177
 42
1.0
 72
1
  3

 73
1
 74
1
 75
1
 44
0.5
 73
0
 45
1.0
 46
1.0
 77
1
  4

 78
1
 79
1
170
1
 48
1.0
171
1
  6

172
1
173
1
174
1
140
1.0
141
1.0
175
1
  7

176
1
177
1
178
1
143
1.0
179
1
  8

270
1
271
1
272
1
145
1.0
146
1.0
273
1
  9

274
1
275
1
276
1
 42
1.0
 72
1
  3

 73
1
 74
1
 75
1
 94
63
  0
MLINESTYLE
  5
22
102
{ACAD_REACTORS
330
10
102
}
330
10
100
AcDbMlineStyle
  2
Standard
 70
0
  3

 62
256
 51
90.0
 52
90.0
 71
2
 49
0.5
 62
256
  6
BYLAYER
 49
-0.5
 62
256
  6
BYLAYER
  0
MLEADERSTYLE
  5
2C
102
{ACAD_REACTORS
330
F
102
}
330
F
100
AcDbMLeaderStyle
179
2
170
2
171
1
172
0
 90
2
 40
0.0
 41
0.0
173
1
 91
-1056964608
 92
-2
290
1
 42
2.0
291
1
 43
8.0
  3
Standard
 44
4.0
300

342
29
174
1
175
1
176
0
178
1
 93
-1056964608
 45
4.0
292
0
297
0
 46
4.0
 94
-1056964608
 47
1.0
 49
1.0
140
1.0
294
1
141
0.0
177
0
142
1.0
295
0
296
0
143
3.75
271
0
272
9
273
9
  0
DICTIONARY
  5
2D
330
A
100
AcDbDictionary
280
1
281
1
  3
CREATED_BY_EZDXF
350
2E
  3
WRITTEN_BY_EZDXF
350
789
  0
DICTIONARYVAR
  5
2E
330
2D
100
DictionaryVariables
280
0
  1
1.4.4 @ 2026-09-24T06:32:10.820220+00:00
  0
DICTIONARYVAR
  5
789
330
2D
100
DictionaryVariables
280
0
  1
1.4.4 @ 2026-09-24T06:37:36.756906+00:00
  0
ENDSEC
  0
EOF
