  0
SECTION
  2
HEADER
  9
$ACADVER
  1
AC1032
  9
$ACADMAINTVER
 90
4
  9
$DWGCODEPAGE
  3
ANSI_1252
  9
$LASTSAVEDBY
  1
ezdxf
  9
$REQUIREDVERSIONS
160
0
  9
$INSBASE
 10
0.0
 20
0.0
 30
0.0
  9
$EXTMIN
 10
1e+20
 20
1e+20
 30
1e+20
  9
$EXTMAX
 10
-1e+20
 20
-1e+20
 30
-1e+20
  9
$LIMMIN
 10
0.0
 20
0.0
  9
$LIMMAX
 10
420.0
 20
297.0
  9
$ORTHOMODE
 70
0
  9
$REGENMODE
 70
1
  9
$FILLMODE
 70
1
  9
$QTEXTMODE
 70
0
  9
$MIRRTEXT
 70
1
  9
$LTSCALE
 40
1.0
  9
$ATTMODE
 70
1
  9
$TEXTSIZE
 40
2.5
  9
$TRACEWID
 40
1.0
  9
$TEXTSTYLE
  7
Standard
  9
$CLAYER
  8
0
  9
$CELTYPE
  6
ByLayer
  9
$CECOLOR
 62
256
  9
$CELTSCALE
 40
1.0
  9
$DISPSILH
 70
0
  9
$DIMSCALE
 40
1.0
  9
$DIMASZ
 40
2.5
  9
$DIMEXO
 40
0.625
  9
$DIMDLI
 40
3.75
  9
$DIMRND
 40
0.0
  9
$DIMDLE
 40
0.0
  9
$DIMEXE
 40
1.25
  9
$DIMTP
 40
0.0
  9
$DIMTM
 40
0.0
  9
$DIMTXT
 40
2.5
  9
$DIMCEN
 40
2.5
  9
$DIMTSZ
 40
0.0
  9
$DIMTOL
 70
0
  9
$DIMLIM
 70
0
  9
$DIMTIH
 70
0
  9
$DIMTOH
 70
0
  9
$DIMSE1
 70
0
  9
$DIMSE2
 70
0
  9
$DIMTAD
 70
1
  9
$DIMZIN
 70
8
  9
$DIMBLK
  1

  9
$DIMASO
 70
1
  9
$DIMSHO
 70
1
  9
$DIMPOST
  1

  9
$DIMAPOST
  1

  9
$DIMALT
 70
0
  9
$DIMALTD
 70
3
  9
$DIMALTF
 40
0.03937007874
  9
$DIMLFAC
 40
1.0
  9
$DIMTOFL
 70
1
  9
$DIMTVP
 40
0.0
  9
$DIMTIX
 70
0
  9
$DIMSOXD
 70
0
  9
$DIMSAH
 70
0
  9
$DIMBLK1
  1

  9
$DIMBLK2
  1

  9
$DIMSTYLE
  2
ISO-25
  9
$DIMCLRD
 70
0
  9
$DIMCLRE
 70
0
  9
$DIMCLRT
 70
0
  9
$DIMTFAC
 40
1.0
  9
$DIMGAP
 40
0.625
  9
$DIMJUST
 70
0
  9
$DIMSD1
 70
0
  9
$DIMSD2
 70
0
  9
$DIMTOLJ
 70
0
  9
$DIMTZIN
 70
8
  9
$DIMALTZ
 70
0
  9
$DIMALTTZ
 70
0
  9
$DIMUPT
 70
0
  9
$DIMDEC
 70
2
  9
$DIMTDEC
 70
2
  9
$DIMALTU
 70
2
  9
$DIMALTTD
 70
3
  9
$DIMTXSTY
  7
Standard
  9
$DIMAUNIT
 70
0
  9
$DIMADEC
 70
0
  9
$DIMALTRND
 40
0.0
  9
$DIMAZIN
 70
0
  9
$DIMDSEP
 70
44
  9
$DIMATFIT
 70
3
  9
$DIMFRAC
 70
0
  9
$DIMLDRBLK
  1

  9
$DIMLUNIT
 70
2
  9
$DIMLWD
 70
-2
  9
$DIMLWE
 70
-2
  9
$DIMTMOVE
 70
0
  9
$DIMFXL
 40
1.0
  9
$DIMFXLON
 70
0
  9
$DIMJOGANG
 40
0.785398163397
  9
$DIMTFILL
 70
0
  9
$DIMTFILLCLR
 70
0
  9
$DIMARCSYM
 70
0
  9
$DIMLTYPE
  6

  9
$DIMLTEX1
  6

  9
$DIMLTEX2
  6

  9
$DIMTXTDIRECTION
 70
0
  9
$LUNITS
 70
2
  9
$LUPREC
 70
4
  9
$SKETCHINC
 40
1.0
  9
$FILLETRAD
 40
10.0
  9
$AUNITS
 70
0
  9
$AUPREC
 70
2
  9
$MENU
  1
.
  9
$ELEVATION
 40
0.0
  9
$PELEVATION
 40
0.0
  9
$THICKNESS
 40
0.0
  9
$LIMCHECK
 70
0
  9
$CHAMFERA
 40
0.0
  9
$CHAMFERB
 40
0.0
  9
$CHAMFERC
 40
0.0
  9
$CHAMFERD
 40
0.0
  9
$SKPOLY
 70
0
  9
$TDCREATE
 40
2461308.567662037
  9
$TDUCREATE
 40
2458532.153996898
  9
$TDUPDATE
 40
2461308.567662037
  9
$TDUUPDATE
 40
2458532.1544311
  9
$TDINDWG
 40
0.0
  9
$TDUSRTIMER
 40
0.0
  9
$USRTIMER
 70
1
  9
$ANGBASE
 50
0.0
  9
$ANGDIR
 70
0
  9
$PDMODE
 70
0
  9
$PDSIZE
 40
0.0
  9
$PLINEWID
 40
0.0
  9
$SPLFRAME
 70
0
  9
$SPLINETYPE
 70
6
  9
$SPLINESEGS
 70
8
  9
$HANDSEED
  5
50B
  9
$SURFTAB1
 70
6
  9
$SURFTAB2
 70
6
  9
$SURFTYPE
 70
6
  9
$SURFU
 70
6
  9
$SURFV
 70
6
  9
$UCSBASE
  2

  9
$UCSNAME
  2

  9
$UCSORG
 10
0.0
 20
0.0
 30
0.0
  9
$UCSXDIR
 10
1.0
 20
0.0
 30
0.0
  9
$UCSYDIR
 10
0.0
 20
1.0
 30
0.0
  9
$UCSORTHOREF
  2

  9
$UCSORTHOVIEW
 70
0
  9
$UCSORGTOP
 10
0.0
 20
0.0
 30
0.0
  9
$UCSORGBOTTOM
 10
0.0
 20
0.0
 30
0.0
  9
$UCSORGLEFT
 10
0.0
 20
0.0
 30
0.0
  9
$UCSORGRIGHT
 10
0.0
 20
0.0
 30
0.0
  9
$UCSORGFRONT
 10
0.0
 20
0.0
 30
0.0
  9
$UCSORGBACK
 10
0.0
 20
0.0
 30
0.0
  9
$PUCSBASE
  2

  9
$PUCSNAME
  2

  9
$PUCSORG
 10
0.0
 20
0.0
 30
0.0
  9
$PUCSXDIR
 10
1.0
 20
0.0
 30
0.0
  9
$PUCSYDIR
 10
0.0
 20
1.0
 30
0.0
  9
$PUCSORTHOREF
  2

  9
$PUCSORTHOVIEW
 70
0
  9
$PUCSORGTOP
 10
0.0
 20
0.0
 30
0.0
  9
$PUCSORGBOTTOM
 10
0.0
 20
0.0
 30
0.0
  9
$PUCSORGLEFT
 10
0.0
 20
0.0
 30
0.0
  9
$PUCSORGRIGHT
 10
0.0
 20
0.0
 30
0.0
  9
$PUCSORGFRONT
 10
0.0
 20
0.0
 30
0.0
  9
$PUCSORGBACK
 10
0.0
 20
0.0
 30
0.0
  9
$USERI1
 70
0
  9
$USERI2
 70
0
  9
$USERI3
 70
0
  9
$USERI4
 70
0
  9
$USERI5
 70
0
  9
$USERR1
 40
0.0
  9
$USERR2
 40
0.0
  9
$USERR3
 40
0.0
  9
$USERR4
 40
0.0
  9
$USERR5
 40
0.0
  9
$WORLDVIEW
 70
1
  9
$SHADEDGE
 70
3
  9
$SHADEDIF
 70
70
  9
$TILEMODE
 70
1
  9
$MAXACTVP
 70
64
  9
$PINSBASE
 10
0.0
 20
0.0
 30
0.0
  9
$PLIMCHECK
 70
0
  9
$PEXTMIN
 10
1e+20
 20
1e+20
 30
1e+20
  9
$PEXTMAX
 10
-1e+20
 20
-1e+20
 30
-1e+20
  9
$PLIMMIN
 10
0.0
 20
0.0
  9
$PLIMMAX
 10
420.0
 20
297.0
  9
$UNITMODE
 70
0
  9
$VISRETAIN
 70
1
  9
$PLINEGEN
 70
0
  9
$PSLTSCALE
 70
1
  9
$TREEDEPTH
 70
3020
  9
$CMLSTYLE
  2
Standard
  9
$CMLJUST
 70
0
  9
$CMLSCALE
 40
20.0
  9
$PROXYGRAPHICS
 70
1
  9
$MEASUREMENT
 70
1
  9
$CELWEIGHT
370
-1
  9
$ENDCAPS
280
0
  9
$JOINSTYLE
280
0
  9
$LWDISPLAY
290
0
  9
$INSUNITS
 70
4
  9
$HYPERLINKBASE
  1

  9
$STYLESHEET
  1

  9
$XEDIT
290
1
  9
$CEPSNTYPE
380
0
  9
$PSTYLEMODE
290
1
  9
$FINGERPRINTGUID
  2
{6FB5AECF-D2CA-40E1-B088-B457829C7357}
  9
$VERSIONGUID
  2
{FCFF983C-5CA8-4A63-8CFA-9C19A520C591}
  9
$EXTNAMES
290
1
  9
$PSVPSCALE
 40
0.0
  9
$OLESTARTUP
290
0
  9
$SORTENTS
280
127
  9
$INDEXCTL
280
0
  9
$HIDETEXT
280
1
  9
$XCLIPFRAME
280
1
  9
$HALOGAP
280
0
  9
$OBSCOLOR
 70
257
  9
$OBSLTYPE
280
0
  9
$INTERSECTIONDISPLAY
280
0
  9
$INTERSECTIONCOLOR
 70
257
  9
$DIMASSOC
280
2
  9
$PROJECTNAME
  1

  9
$CAMERADISPLAY
290
0
  9
$LENSLENGTH
 40
50.0
  9
$CAMERAHEIGHT
 40
0.0
  9
$STEPSPERSEC
 40
24.0
  9
$STEPSIZE
 40
100.0
  9
$3DDWFPREC
 40
2.0
  9
$PSOLWIDTH
 40
0.005
  9
$PSOLHEIGHT
 40
0.08
  9
$LOFTANG1
 40
1.570796326795
  9
$LOFTANG2
 40
1.570796326795
  9
$LOFTMAG1
 40
0.0
  9
$LOFTMAG2
 40
0.0
  9
$LOFTPARAM
 70
7
  9
$LOFTNORMALS
280
1
  9
$LATITUDE
 40
37.795
  9
$LONGITUDE
 40
-122.394
  9
$NORTHDIRECTION
 40
0.0
  9
$TIMEZONE
 70
-8000
  9
$LIGHTGLYPHDISPLAY
280
1
  9
$TILEMODELIGHTSYNCH
280
1
  9
$CMATERIAL
347
20
  9
$SOLIDHIST
280
0
  9
$SHOWHIST
280
1
  9
$DWFFRAME
280
2
  9
$DGNFRAME
280
2
  9
$REALWORLDSCALE
290
1
  9
$INTERFERECOLOR
 62
256
  9
$CSHADOW
280
0
  9
$SHADOWPLANELOCATION
 40
0.0
  0
ENDSEC
  0
SECTION
  2
CLASSES
  0
CLASS
  1
ACDBDICTIONARYWDFLT
  2
AcDbDictionaryWithDefault
  3
ObjectDBX Classes
 90
0
 91
0
280
0
281
0
  0
CLASS
  1
SUN
  2
AcDbSun
  3
SCENEOE
 90
1153
 91
0
280
0
281
0
  0
CLASS
  1
VISUALSTYLE
  2
AcDbVisualStyle
  3
ObjectDBX Classes
 90
4095
 91
0
280
0
281
0
  0
CLASS
  1
MATERIAL
  2
AcDbMaterial
  3
ObjectDBX Classes
 90
1153
 91
0
280
0
281
0
  0
CLASS
  1
SCALE
  2
AcDbScale
  3
ObjectDBX Classes
 90
1153
 91
0
280
0
281
0
  0
CLASS
  1
TABLESTYLE
  2
AcDbTableStyle
  3
ObjectDBX Classes
 90
4095
 91
0
280
0
281
0
  0
CLASS
  1
MLEADERSTYLE
  2
AcDbMLeaderStyle
  3
ACDB_MLEADERSTYLE_CLASS
 90
4095
 91
0
280
0
281
0
  0
CLASS
  1
DICTIONARYVAR
  2
AcDbDictionaryVar
  3
ObjectDBX Classes
 90
0
 91
0
280
0
281
0
  0
CLASS
  1
CELLSTYLEMAP
  2
AcDbCellStyleMap
  3
ObjectDBX Classes
 90
1152
 91
0
280
0
281
0
  0
CLASS
  1
MENTALRAYRENDERSETTINGS
  2
AcDbMentalRayRenderSettings
  3
SCENEOE
 90
1024
 91
0
280
0
281
0
  0
CLASS
  1
ACDBDETAILVIEWSTYLE
  2
AcDbDetailViewStyle
  3
ObjectDBX Classes
 90
1025
 91
0
280
0
281
0
  0
CLASS
  1
ACDBSECTIONVIEWSTYLE
  2
AcDbSectionViewStyle
  3
ObjectDBX Classes
 90
1025
 91
0
280
0
281
0
  0
CLASS
  1
RASTERVARIABLES
  2
AcDbRasterVariables
  3
ISM
 90
0
 91
0
280
0
281
0
  0
CLASS
  1
ACDBPLACEHOLDER
  2
AcDbPlaceHolder
  3
ObjectDBX Classes
 90
0
 91
0
280
0
281
0
  0
CLASS
  1
LAYOUT
  2
AcDbLayout
  3
ObjectDBX Classes
 90
0
 91
0
280
0
281
0
  0
ENDSEC
  0
SECTION
  2
TABLES
  0
TABLE
  2
VPORT
  5
8
330
0
100
AcDbSymbolTable
 70
1
  0
VPORT
  5
23
330
8
100
AcDbSymbolTableRecord
100
AcDbViewportTableRecord
  2
*Active
 70
0
 10
0.0
 20
0.0
 11
1.0
 21
1.0
 12
0.0
 22
0.0
 13
0.0
 23
0.0
 14
0.5
 24
0.5
 15
0.5
 25
0.5
 16
0.0
 26
0.0
 36
1.0
 17
0.0
 27
0.0
 37
0.0
 40
1000.0
 41
1.34
 42
50.0
 43
0.0
 44
0.0
 50
0.0
 51
0.0
 71
0
 72
1000
 73
1
 74
3
 75
0
 76
0
 77
0
 78
0
281
0
 65
0
146
0.0
  0
ENDTAB
  0
TABLE
  2
LTYPE
  5
2
330
0
100
AcDbSymbolTable
 70
5
  0
LTYPE
  5
24
330
2
100
AcDbSymbolTableRecord
100
AcDbLinetypeTableRecord
  2
ByBlock
 70
0
  3

 72
65
 73
0
 40
0.0
  0
LTYPE
  5
25
330
2
100
AcDbSymbolTableRecord
100
AcDbLinetypeTableRecord
  2
ByLayer
 70
0
  3

 72
65
 73
0
 40
0.0
  0
LTYPE
  5
26
330
2
100
AcDbSymbolTableRecord
100
AcDbLinetypeTableRecord
  2
Continuous
 70
0
  3

 72
65
 73
0
 40
0.0
  0
LTYPE
  5
474
330
2
100
AcDbSymbolTableRecord
100
AcDbLinetypeTableRecord
  2
HIDDEN2
 70
0
  3
Hidden (.5x) _ _ _ _ _ _ _ _ _ _ _ _ _ _ _ _ _
 72
65
 73
2
 40
4.762499999999998
 49
3.174999999999998
 74
0
 49
-1.587499999999999
 74
0
  0
LTYPE
  5
475
330
2
100
AcDbSymbolTableRecord
100
AcDbLinetypeTableRecord
  2
HIDDENX2
 70
0
  3
Hidden (2x) ____ ____ ____ ____ ____ ____ ____
 72
65
 73
2
 40
19.05
 49
12.7
 74
0
 49
-6.349999999999999
 74
0
  0
ENDTAB
  0
TABLE
  2
LAYER
  5
1
330
0
100
AcDbSymbolTable
 70
7
  0
LAYER
  5
27
330
1
100
AcDbSymbolTableRecord
100
AcDbLayerTableRecord
  2
0
 70
0
 62
7
  6
Continuous
370
-3
390
13
347
21
  0
LAYER
  5
28
330
1
100
AcDbSymbolTableRecord
100
AcDbLayerTableRecord
  2
Defpoints
 70
0
 62
7
  6
Continuous
290
0
370
-3
390
13
347
21
  0
LAYER
  5
46F
330
1
100
AcDbSymbolTableRecord
100
AcDbLayerTableRecord
  2
07
 70
0
 62
5
  6
Continuous
370
5
390
13
347
21
  0
LAYER
  5
470
330
1
100
AcDbSymbolTableRecord
100
AcDbLayerTableRecord
  2
DIM
 70
0
 62
253
  6
Continuous
370
-3
390
13
347
21
  0
LAYER
  5
471
330
1
100
AcDbSymbolTableRecord
100
AcDbLayerTableRecord
  2
INSIDE
 70
0
 62
6
  6
Continuous
370
-3
390
13
347
21
  0
LAYER
  5
472
330
1
100
AcDbSymbolTableRecord
100
AcDbLayerTableRecord
  2
01
 70
0
 62
7
  6
HIDDEN2
370
-3
390
13
347
21
  0
LAYER
  5
473
330
1
100
AcDbSymbolTableRecord
100
AcDbLayerTableRecord
  2
E_Electrical Equipment
 70
0
 62
35
  6
Continuous
370
5
390
13
347
21
  0
ENDTAB
  0
TABLE
  2
STYLE
  5
5
330
0
100
AcDbSymbolTable
 70
4
  0
STYLE
  5
29
330
5
100
AcDbSymbolTableRecord
100
AcDbTextStyleTableRecord
  2
Standard
 70
0
 40
0.0
 41
1.0
 50
0.0
 71
0
 42
2.5
  3
txt
  4

  0
STYLE
  5
476
330
5
100
AcDbSymbolTableRecord
100
AcDbTextStyleTableRecord
  2
Tahoma (Input Text)
 70
0
 40
0.0
 41
1.0
 50
0.0
 71
0
 42
25.0
  3
tahoma.ttf
  4

  0
STYLE
  5
477
330
5
100
AcDbSymbolTableRecord
100
AcDbTextStyleTableRecord
  2
Arial
 70
0
 40
0.0
 41
1.0
 50
0.0
 71
0
 42
0.2
  3
arial.ttf
  4

  0
STYLE
  5
478
330
5
100
AcDbSymbolTableRecord
100
AcDbTextStyleTableRecord
  2
Arial-Black
 70
0
 40
0.0
 41
1.0
 50
0.0
 71
0
 42
2.0
  3

  4

  0
ENDTAB
  0
TABLE
  2
VIEW
  5
7
330
0
100
AcDbSymbolTable
 70
0
  0
ENDTAB
  0
TABLE
  2
UCS
  5
6
330
0
100
AcDbSymbolTable
 70
0
  0
ENDTAB
  0
TABLE
  2
APPID
  5
3
330
0
100
AcDbSymbolTable
 70
3
  0
APPID
  5
2A
330
3
100
AcDbSymbolTableRecord
100
AcDbRegAppTableRecord
  2
ACAD
 70
0
  0
APPID
  5
47F
330
3
100
AcDbSymbolTableRecord
100
AcDbRegAppTableRecord
  2
HATCHBACKGROUNDCOLOR
 70
0
  0
APPID
  5
480
330
3
100
AcDbSymbolTableRecord
100
AcDbRegAppTableRecord
  2
EZDXF
 70
0
  0
ENDTAB
  0
TABLE
  2
DIMSTYLE
  5
4
330
0
100
AcDbSymbolTable
 70
3
100
AcDbDimStyleTable
  0
DIMSTYLE
105
2B
330
4
100
AcDbSymbolTableRecord
100
AcDbDimStyleTableRecord
  2
Standard
 70
0
 40
1.0
 41
2.5
 42
0.625
 43
3.75
 44
1.25
 45
0.0
 46
0.0
 47
0.0
 48
0.0
 49
2.5
140
2.5
141
2.5
142
0.0
143
0.03937007874
144
1.0
145
0.0
146
1.0
147
0.625
148
0.0
 69
0
 70
0
 71
0
 72
0
 73
0
 74
0
 75
0
 76
0
 77
1
 78
8
 79
3
170
0
171
3
172
1
173
0
174
0
175
0
176
0
177
0
178
0
179
2
271
2
272
2
273
2
274
3
275
0
276
0
277
2
278
44
279
0
280
0
281
0
282
0
283
0
284
8
285
0
286
0
288
0
289
3
290
0
371
-2
372
-2
  0
DIMSTYLE
105
46D
330
4
100
AcDbSymbolTableRecord
100
AcDbDimStyleTableRecord
  2
Dim-33
 70
0
 40
1.0
 41
12.0
 42
25.0
 43
3.75
 44
15.0
 45
0.0
 46
0.0
 47
0.0
 48
0.0
 49
2.5
140
33.0
141
10.0
142
0.0
143
0.03937007874016
144
1.0
145
0.0
146
1.0
147
15.0
148
0.0
 69
0
 70
0
 71
0
 72
0
 73
0
 74
0
 75
0
 76
0
 77
1
 78
8
 79
3
170
0
171
3
172
1
173
0
174
0
175
0
176
5
177
5
178
3
179
2
271
0
272
0
273
2
274
3
275
0
276
0
277
2
278
44
279
0
280
0
281
0
282
0
283
0
284
8
285
0
286
0
288
0
289
3
290
0
340
29
341
479
342
63
345
25
346
25
347
25
371
9
372
9
  0
DIMSTYLE
105
46E
330
4
100
AcDbSymbolTableRecord
100
AcDbDimStyleTableRecord
  2
Dim-25
 70
0
 40
1.0
 41
8.0
 42
15.0
 43
3.75
 44
10.0
 45
0.0
 46
0.0
 47
0.0
 48
0.0
 49
2.5
140
25.0
141
10.0
142
0.0
143
0.03937007874016
144
1.0
145
0.0
146
1.0
147
10.0
148
0.0
 69
0
 70
0
 71
0
 72
0
 73
0
 74
0
 75
0
 76
0
 77
1
 78
8
 79
3
170
0
171
3
172
1
173
0
174
0
175
0
176
5
177
5
178
3
179
2
271
0
272
0
273
2
274
3
275
0
276
0
277
2
278
44
279
0
280
0
281
0
282
0
283
0
284
8
285
0
286
0
288
0
289
3
290
0
340
29
341
63
342
63
345
25
346
25
347
25
371
9
372
9
  0
ENDTAB
  0
TABLE
  2
BLOCK_RECORD
  5
9
330
0
100
AcDbSymbolTable
 70
32
  0
BLOCK_RECORD
  5
17
330
9
100
AcDbSymbolTableRecord
100
AcDbBlockTableRecord
  2
*Model_Space
340
1A
 70
0
280
1
281
0
  0
BLOCK_RECORD
  5
1B
330
9
100
AcDbSymbolTableRecord
100
AcDbBlockTableRecord
  2
*Paper_Space
340
1E
 70
0
280
1
281
0
  0
BLOCK_RECORD
  5
63
330
9
100
AcDbSymbolTableRecord
100
AcDbBlockTableRecord
  2
_Oblique
340
0
 70
0
280
1
281
0
  0
BLOCK_RECORD
  5
13A
330
9
100
AcDbSymbolTableRecord
100
AcDbBlockTableRecord
  2
khungtenAsean2
340
0
 70
0
280
1
281
0
  0
BLOCK_RECORD
  5
15E
330
9
100
AcDbSymbolTableRecord
100
AcDbBlockTableRecord
  2
HL044-1.3-C
340
0
 70
0
280
1
281
0
  0
BLOCK_RECORD
  5
16E
330
9
100
AcDbSymbolTableRecord
100
AcDbBlockTableRecord
  2
Den XANH
340
0
 70
0
280
1
281
0
  0
BLOCK_RECORD
  5
17B
330
9
100
AcDbSymbolTableRecord
100
AcDbBlockTableRecord
  2
Den DO
340
0
 70
0
280
1
281
0
  0
BLOCK_RECORD
  5
188
330
9
100
AcDbSymbolTableRecord
100
AcDbBlockTableRecord
  2
Den VANG
340
0
 70
0
280
1
281
0
  0
BLOCK_RECORD
  5
195
330
9
100
AcDbSymbolTableRecord
100
AcDbBlockTableRecord
  2
HL044-1.3-B
340
0
 70
0
280
1
281
0
  0
BLOCK_RECORD
  5
1B4
330
9
100
AcDbSymbolTableRecord
100
AcDbBlockTableRecord
  2
ga tai lieu
340
0
 70
0
280
1
281
0
  0
BLOCK_RECORD
  5
1C2
330
9
100
AcDbSymbolTableRecord
100
AcDbBlockTableRecord
  2
AB301-2-1
340
0
 70
0
280
1
281
0
  0
BLOCK_RECORD
  5
1D5
330
9
100
AcDbSymbolTableRecord
100
AcDbBlockTableRecord
  2
A$C0C455160
340
0
 70
0
280
1
281
0
  0
BLOCK_RECORD
  5
1F5
330
9
100
AcDbSymbolTableRecord
100
AcDbBlockTableRecord
  2
LS 250AF 3P
340
0
 70
0
280
1
281
0
  0
BLOCK_RECORD
  5
20B
330
9
100
AcDbSymbolTableRecord
100
AcDbBlockTableRecord
  2
su35-2
340
0
 70
0
280
1
281
0
  0
BLOCK_RECORD
  5
213
330
9
100
AcDbSymbolTableRecord
100
AcDbBlockTableRecord
  2
KLIJHKGHD
340
0
 70
0
280
1
281
0
  0
BLOCK_RECORD
  5
24A
330
9
100
AcDbSymbolTableRecord
100
AcDbBlockTableRecord
  2
FFERERER
340
0
 70
0
280
1
281
0
  0
BLOCK_RECORD
  5
271
330
9
100
AcDbSymbolTableRecord
100
AcDbBlockTableRecord
  2
LS 50AF 2P
340
0
 70
0
280
1
281
0
  0
BLOCK_RECORD
  5
281
330
9
100
AcDbSymbolTableRecord
100
AcDbBlockTableRecord
  2
EKU8
340
0
 70
0
280
1
281
0
  0
BLOCK_RECORD
  5
28A
330
9
100
AcDbSymbolTableRecord
100
AcDbBlockTableRecord
  2
su35-1
340
0
 70
0
280
1
281
0
  0
BLOCK_RECORD
  5
2A1
330
9
100
AcDbSymbolTableRecord
100
AcDbBlockTableRecord
  2
HCC2 LS 100AF
340
0
 70
0
280
1
281
0
  0
BLOCK_RECORD
  5
33A
330
9
100
AcDbSymbolTableRecord
100
AcDbBlockTableRecord
  2
HCC2 LS 250AF
340
0
 70
0
280
1
281
0
  0
BLOCK_RECORD
  5
3D5
330
9
100
AcDbSymbolTableRecord
100
AcDbBlockTableRecord
  2
1 LS 250AF 3P
340
0
 70
0
280
1
281
0
  0
BLOCK_RECORD
  5
435
330
9
100
AcDbSymbolTableRecord
100
AcDbBlockTableRecord
  2
CB LS 30AF 2P
340
0
 70
0
280
1
281
0
  0
BLOCK_RECORD
  5
479
330
9
100
AcDbSymbolTableRecord
100
AcDbBlockTableRecord
  2
_Open30
340
0
 70
0
280
1
281
0
  0
BLOCK_RECORD
  5
4AB
330
9
100
AcDbSymbolTableRecord
100
AcDbBlockTableRecord
  2
*D1
340
0
 70
0
280
1
281
0
  0
BLOCK_RECORD
  5
4B7
330
9
100
AcDbSymbolTableRecord
100
AcDbBlockTableRecord
  2
*D2
340
0
 70
0
280
1
281
0
  0
BLOCK_RECORD
  5
4C3
330
9
100
AcDbSymbolTableRecord
100
AcDbBlockTableRecord
  2
*D3
340
0
 70
0
280
1
281
0
  0
BLOCK_RECORD
  5
4CF
330
9
100
AcDbSymbolTableRecord
100
AcDbBlockTableRecord
  2
*D4
340
0
 70
0
280
1
281
0
  0
BLOCK_RECORD
  5
4DB
330
9
100
AcDbSymbolTableRecord
100
AcDbBlockTableRecord
  2
*D5
340
0
 70
0
280
1
281
0
  0
BLOCK_RECORD
  5
4E7
330
9
100
AcDbSymbolTableRecord
100
AcDbBlockTableRecord
  2
*D6
340
0
 70
0
280
1
281
0
  0
BLOCK_RECORD
  5
4F3
330
9
100
AcDbSymbolTableRecord
100
AcDbBlockTableRecord
  2
*D7
340
0
 70
0
280
1
281
0
  0
BLOCK_RECORD
  5
4FF
330
9
100
AcDbSymbolTableRecord
100
AcDbBlockTableRecord
  2
*D8
340
0
 70
0
280
1
281
0
  0
ENDTAB
  0
ENDSEC
  0
SECTION
  2
BLOCKS
  0
BLOCK
  5
18
330
17
100
AcDbEntity
  8
0
100
AcDbBlockBegin
  2
*Model_Space
 70
0
 10
0.0
 20
0.0
 30
0.0
  3
*Model_Space
  1

  0
ENDBLK
  5
19
330
17
100
AcDbEntity
  8
0
100
AcDbBlockEnd
  0
BLOCK
  5
1C
330
1B
100
AcDbEntity
  8
0
100
AcDbBlockBegin
  2
*Paper_Space
 70
0
 10
0.0
 20
0.0
 30
0.0
  3
*Paper_Space
  1

  0
ENDBLK
  5
1D
330
1B
100
AcDbEntity
  8
0
100
AcDbBlockEnd
  0
BLOCK
  5
64
330
63
100
AcDbEntity
  8
0
100
AcDbBlockBegin
  2
_Oblique
 70
0
 10
0.0
 20
0.0
 30
0.0
  3
_Oblique
  1

  0
LINE
  5
66
330
63
100
AcDbEntity
  8
0
  6
ByBlock
 62
0
370
-2
100
AcDbLine
 10
-0.5
 20
-0.5
 30
0.0
 11
0.5
 21
0.5
 31
0.0
  0
ENDBLK
  5
65
330
63
100
AcDbEntity
  8
0
100
AcDbBlockEnd
  0
BLOCK
  5
13B
330
13A
100
AcDbEntity
  8
0
100
AcDbBlockBegin
  2
khungtenAsean2
 70
2
 10
0.0
 20
0.0
 30
0.0
  3
khungtenAsean2
  1

  0
LWPOLYLINE
  5
13D
330
13A
100
AcDbEntity
  8
0
 62
7
100
AcDbPolyline
 90
4
 70
1
 10
0.0
 20
0.0
 10
2970.000000000422
 20
0.0
 10
2970.000000000422
 20
-2100.00000000032
 10
0.0
 20
-2100.00000000032
  0
LINE
  5
13E
330
13A
100
AcDbEntity
  8
0
 62
7
100
AcDbLine
 10
2020.0
 20
-2040.00000000032
 30
0.0
 11
0.0
 21
-2040.00000000032
 31
0.0
  0
LINE
  5
13F
330
13A
100
AcDbEntity
  8
0
 62
7
100
AcDbLine
 10
2970.000000000422
 20
-1980.00000000032
 30
0.0
 11
0.0
 21
-1980.00000000032
 31
0.0
  0
LINE
  5
140
330
13A
100
AcDbEntity
  8
0
 62
7
100
AcDbLine
 10
320.0
 20
-1980.00000000032
 30
0.0
 11
320.0
 21
-2100.00000000032
 31
0.0
  0
LINE
  5
141
330
13A
100
AcDbEntity
  8
0
 62
7
100
AcDbLine
 10
890.0
 20
-1980.00000000032
 30
0.0
 11
890.0
 21
-2100.00000000032
 31
0.0
  0
LINE
  5
142
330
13A
100
AcDbEntity
  8
0
 62
7
100
AcDbLine
 10
1680.0
 20
-1980.00000000032
 30
0.0
 11
1680.0
 21
-2100.00000000032
 31
0.0
  0
LINE
  5
143
330
13A
100
AcDbEntity
  8
0
 62
7
100
AcDbLine
 10
2020.0
 20
-1980.00000000032
 30
0.0
 11
2020.0
 21
-2100.00000000032
 31
0.0
  0
LINE
  5
144
330
13A
100
AcDbEntity
  8
0
 62
7
100
AcDbLine
 10
2860.000000000422
 20
-1980.00000000032
 30
0.0
 11
2860.000000000422
 21
-2100.00000000032
 31
0.0
  0
MTEXT
  5
145
330
13A
100
AcDbEntity
  8
0
 62
2
100
AcDbMText
 10
0.0
 20
-2010.00000000032
 30
0.0
 40
20.0
 41
917.6339389950801
 46
60.00000000000113
 71
4
 72
5
  1
  Thiết kế :
  7
Arial
  0
MTEXT
  5
146
330
13A
100
AcDbEntity
  8
0
 62
2
100
AcDbMText
 10
0.0
 20
-2070.00000000032
 30
0.0
 40
20.0
 41
917.6339389950801
 46
60.00000000000113
 71
4
 72
5
  1
  CNC :
  7
Arial
  0
MTEXT
  5
147
330
13A
100
AcDbEntity
  8
0
 62
2
100
AcDbMText
 10
320.0
 20
-2010.00000000032
 30
0.0
 40
20.0
 41
917.6339389950801
 46
60.00000000000113
 71
4
 72
5
  1
  Khách hàng :
  7
Arial
  0
MTEXT
  5
148
330
13A
100
AcDbEntity
  8
0
 62
2
100
AcDbMText
 10
320.0
 20
-2070.00000000032
 30
0.0
 40
20.0
 41
917.6339389950801
 46
60.00000000000113
 71
4
 72
5
  1
  Giao hàng :
  7
Arial
  0
MTEXT
  5
149
330
13A
100
AcDbEntity
  8
0
 62
2
100
AcDbMText
 10
890.0
 20
-2010.00000000032
 30
0.0
 40
20.0
 41
917.6339389950801
 46
60.00000000000113
 71
4
 72
5
  1
  Tên sản phẩm :
  7
Arial
  0
MTEXT
  5
14A
330
13A
100
AcDbEntity
  8
0
 62
2
100
AcDbMText
 10
890.0
 20
-2070.00000000032
 30
0.0
 40
20.0
 41
917.6339389950801
 46
60.00000000000113
 71
4
 72
5
  1
  Kích thước :
  7
Arial
  0
MTEXT
  5
14B
330
13A
100
AcDbEntity
  8
0
 62
2
100
AcDbMText
 10
1680.0
 20
-2010.00000000032
 30
0.0
 40
20.0
 41
917.6339389950801
 46
60.00000000000113
 71
4
 72
5
  1
  Số lượng :
  7
Arial
  0
MTEXT
  5
14C
330
13A
100
AcDbEntity
  8
0
 62
2
100
AcDbMText
 10
1680.0
 20
-2070.00000000032
 30
0.0
 40
20.0
 41
917.6339389950801
 46
60.00000000000113
 71
4
 72
5
  1
  Loại tôn :
  7
Arial
  0
MTEXT
  5
14D
330
13A
100
AcDbEntity
  8
0
 62
2
100
AcDbMText
 10
2074.15528161102
 20
-2040.00000000032
 30
0.0
 40
20.0
 41
108.3105632220314
 46
120.0000000000011
 71
5
 72
5
  1
Thông\Ptin :
  7
Arial
  0
MTEXT
  5
14E
330
13A
100
AcDbEntity
  8
0
 62
2
100
AcDbMText
 10
2915.000000000422
 20
-2010.00000000032
 30
0.0
 40
20.0
 41
110.0000000000065
 46
60.00000000000113
 71
5
 72
5
  1
Tờ
  7
Arial
  0
LINE
  5
14F
330
13A
100
AcDbEntity
  8
0
 62
7
100
AcDbLine
 10
2128.310563222025
 20
-2005.00000000032
 30
0.0
 11
2128.310563222025
 21
-2075.00000000032
 31
0.0
  0
MTEXT
  5
150
330
13A
100
AcDbEntity
  8
0
 62
2
100
AcDbMText
 10
1382.285678836575
 20
-2070.00000000032
 30
0.0
 40
20.0
 41
917.6339389950801
 46
60.00000000000113
 71
4
 72
5
  1
mm
  7
Arial
  0
MTEXT
  5
151
330
13A
100
AcDbEntity
  8
0
 62
2
100
AcDbMText
 10
1947.610064813329
 20
-2010.00000000032
 30
0.0
 40
20.0
 41
917.6339389950801
 46
60.00000000000113
 71
4
 72
5
  1
cái
  7
Arial
  0
MTEXT
  5
152
330
13A
100
AcDbEntity
  8
0
 62
2
100
AcDbMText
 10
1936.880410494836
 20
-2070.00000000032
 30
0.0
 40
20.0
 41
917.6339389950801
 46
60.00000000000113
 71
4
 72
5
  1
mm
  7
Arial
  0
ATTDEF
  5
153
330
13A
100
AcDbEntity
  8
0
 62
1
100
AcDbText
 10
2883.764212945627
 20
-2067.347800104843
 30
0.0
 40
25.0
  1
......
  7
Tahoma (Input Text)
 72
1
 11
2914.993225705868
 21
-2067.347800104843
 31
0.0
100
AcDbAttributeDefinition
  3
Số trang
  2
#11
 70
8
 71
1
 72
0
 11
2914.993225705868
 21
-2067.347800104843
 31
0.0
  0
ATTDEF
  5
154
330
13A
100
AcDbEntity
  8
0
 62
1
100
AcDbText
 10
2146.716977487464
 20
-2021.275211692002
 30
0.0
 40
25.0
  1
......
  7
Tahoma (Input Text)
100
AcDbAttributeDefinition
  3
Thông tin 1
  2
#09
 70
8
 71
1
 72
0
  0
ATTDEF
  5
155
330
13A
100
AcDbEntity
  8
0
 62
1
100
AcDbText
 10
2146.716977487464
 20
-2081.275211692002
 30
0.0
 40
25.0
  1
......
  7
Tahoma (Input Text)
100
AcDbAttributeDefinition
  3
Thông tin 2
  2
#10
 70
8
 71
1
 72
0
  0
ATTDEF
  5
156
330
13A
100
AcDbEntity
  8
0
 62
1
100
AcDbText
 10
1817.447765733334
 20
-2081.275211692002
 30
0.0
 40
25.0
  1
......
  7
Tahoma (Input Text)
100
AcDbAttributeDefinition
  3
Loại tôn
  2
#08
 70
8
 71
1
 72
0
  0
ATTDEF
  5
157
330
13A
100
AcDbEntity
  8
0
 62
1
100
AcDbText
 10
1834.68151032555
 20
-2021.275211692002
 30
0.0
 40
25.0
  1
......
  7
Tahoma (Input Text)
100
AcDbAttributeDefinition
  3
Số lượng
  2
#07
 70
8
 71
1
 72
0
  0
ATTDEF
  5
158
330
13A
100
AcDbEntity
  8
0
 62
1
100
AcDbText
 10
1065.330889143646
 20
-2081.275211692002
 30
0.0
 40
25.0
  1
......
  7
Tahoma (Input Text)
100
AcDbAttributeDefinition
  3
Kích thước
  2
#06
 70
8
 71
1
 72
0
  0
ATTDEF
  5
159
330
13A
100
AcDbEntity
  8
0
 62
1
100
AcDbText
 10
1106.628177122154
 20
-2021.275211692002
 30
0.0
 40
25.0
  1
......
  7
Tahoma (Input Text)
100
AcDbAttributeDefinition
  3
Tên s.phẩm
  2
#05
 70
8
 71
1
 72
0
  0
ATTDEF
  5
15A
330
13A
100
AcDbEntity
  8
0
 62
1
100
AcDbText
 10
486.1050270054984
 20
-2081.275211692002
 30
0.0
 40
25.0
  1
......
  7
Tahoma (Input Text)
100
AcDbAttributeDefinition
  3
Giao hàng
  2
#04
 70
8
 71
1
 72
0
  0
ATTDEF
  5
15B
330
13A
100
AcDbEntity
  8
0
 62
1
100
AcDbText
 10
506.5707489467022
 20
-2019.301600489707
 30
0.0
 40
25.0
  1
......
  7
Tahoma (Input Text)
100
AcDbAttributeDefinition
  3
Khách hàng
  2
#03
 70
8
 71
1
 72
0
  0
ATTDEF
  5
15C
330
13A
100
AcDbEntity
  8
0
 62
1
100
AcDbText
 10
98.45672450316488
 20
-2081.275211692002
 30
0.0
 40
25.0
  1
......
  7
Tahoma (Input Text)
100
AcDbAttributeDefinition
  3
CNC
  2
#02
 70
8
 71
1
 72
0
  0
ATTDEF
  5
15D
330
13A
100
AcDbEntity
  8
0
 62
1
100
AcDbText
 10
137.0535078375105
 20
-2021.275211692002
 30
0.0
 40
25.0
  1
......
  7
Tahoma (Input Text)
100
AcDbAttributeDefinition
  3
Thiết kế
  2
#01
 70
8
 71
1
 72
0
  0
ENDBLK
  5
13C
330
13A
100
AcDbEntity
  8
0
100
AcDbBlockEnd
  0
BLOCK
  5
15F
330
15E
100
AcDbEntity
  8
0
100
AcDbBlockBegin
  2
HL044-1.3-C
 70
0
 10
0.0
 20
0.0
 30
0.0
  3
HL044-1.3-C
  1

  0
LWPOLYLINE
  5
161
330
15E
100
AcDbEntity
  8
0
 62
1
100
AcDbPolyline
 90
4
 70
1
 10
-46.0
 20
40.0
 10
0.0
 20
40.0
 10
0.0
 20
0.0
 10
-46.0
 20
0.0
  0
LINE
  5
162
330
15E
100
AcDbEntity
  8
0
 62
1
100
AcDbLine
 10
-12.0
 20
29.0
 30
0.0
 11
0.0
 21
29.0
 31
0.0
  0
LINE
  5
163
330
15E
100
AcDbEntity
  8
0
 62
1
100
AcDbLine
 10
-11.0
 20
28.50000000000728
 30
0.0
 11
0.0
 21
28.5
 31
0.0
  0
LINE
  5
164
330
15E
100
AcDbEntity
  8
0
 62
1
100
AcDbLine
 10
0.0
 20
11.0
 30
0.0
 11
-12.0
 21
11.0
 31
0.0
  0
LINE
  5
165
330
15E
100
AcDbEntity
  8
0
 62
1
100
AcDbLine
 10
0.0
 20
11.5
 30
0.0
 11
-11.0
 21
11.50000000000727
 31
0.0
  0
LINE
  5
166
330
15E
100
AcDbEntity
  8
0
 62
1
100
AcDbLine
 10
-12.0
 20
11.0
 30
0.0
 11
-12.0
 21
29.0
 31
0.0
  0
CIRCLE
  5
167
330
15E
100
AcDbEntity
  8
0
  6
HIDDEN2
 62
1
 48
0.5
100
AcDbCircle
 10
-25.0
 20
14.0
 30
0.0
 40
4.0
  0
CIRCLE
  5
168
330
15E
100
AcDbEntity
  8
0
  6
HIDDEN2
 62
1
 48
0.5
100
AcDbCircle
 10
-25.0
 20
26.0
 30
0.0
 40
4.0
  0
CIRCLE
  5
169
330
15E
100
AcDbEntity
  8
0
  6
HIDDEN2
 62
1
 48
0.5
100
AcDbCircle
 10
-15.5
 20
32.5
 30
0.0
 40
3.0
  0
CIRCLE
  5
16A
330
15E
100
AcDbEntity
  8
0
  6
HIDDEN2
 62
1
 48
0.5
100
AcDbCircle
 10
-15.5
 20
7.500000000007275
 30
0.0
 40
3.0
  0
LINE
  5
16B
330
15E
100
AcDbEntity
  8
0
  6
HIDDEN2
 62
1
 48
0.5
100
AcDbLine
 10
-25.0
 20
40.0
 30
0.0
 11
-25.0
 21
0.0
 31
0.0
  0
LINE
  5
16C
330
15E
100
AcDbEntity
  8
0
  6
HIDDEN2
 62
1
 48
0.5
100
AcDbLine
 10
-3.0
 20
7.276e-12
 30
0.0
 11
-3.0
 21
40.0
 31
0.0
  0
LINE
  5
16D
330
15E
100
AcDbEntity
  8
0
 62
1
100
AcDbLine
 10
-11.0
 20
28.5
 30
0.0
 11
-11.0
 21
11.5
 31
0.0
  0
ENDBLK
  5
160
330
15E
100
AcDbEntity
  8
0
100
AcDbBlockEnd
  0
BLOCK
  5
16F
330
16E
100
AcDbEntity
  8
0
100
AcDbBlockBegin
  2
Den XANH
 70
2
 10
0.0
 20
0.0
 30
0.0
  3
Den XANH
  1

  0
CIRCLE
  5
171
330
16E
100
AcDbEntity
  8
0
 62
7
100
AcDbCircle
 10
14.99995469494024
 20
14.99998362692713
 30
0.0
 40
15.0
  0
LINE
  5
172
330
16E
100
AcDbEntity
  8
0
 62
7
100
AcDbLine
 10
-4.53050597571e-05
 20
44.99998362692713
 30
0.0
 11
29.99995469494024
 21
44.99998362692713
 31
0.0
  0
LINE
  5
173
330
16E
100
AcDbEntity
  8
0
 62
7
100
AcDbLine
 10
29.99995469494024
 20
14.99998362692713
 30
0.0
 11
29.99995469494024
 21
44.99998362692713
 31
0.0
  0
LINE
  5
174
330
16E
100
AcDbEntity
  8
0
 62
7
100
AcDbLine
 10
-4.53050597571e-05
 20
44.99998362692713
 30
0.0
 11
-4.53050597571e-05
 21
14.99998362692713
 31
0.0
  0
LWPOLYLINE
  5
175
330
16E
100
AcDbEntity
  8
0
 62
7
100
AcDbPolyline
 90
4
 70
1
 10
1.999954694940242
 20
42.99998362692713
 10
27.99995469494025
 20
42.99998362692713
 10
27.99995469494025
 20
32.99998362692714
 10
1.999954694940242
 20
32.99998362692714
  0
CIRCLE
  5
176
330
16E
100
AcDbEntity
  8
07
  6
Continuous
 62
5
370
5
 48
3.0
100
AcDbCircle
 10
14.99995469494024
 20
14.99998362692713
 30
0.0
 40
11.0
  0
LINE
  5
177
330
16E
100
AcDbEntity
  8
07
  6
Continuous
 62
5
370
5
 48
3.0
100
AcDbLine
 10
22.77812928799226
 20
22.77815821997915
 30
0.0
 11
7.221780101888218
 21
7.221809033875111
 31
0.0
  0
ATTDEF
  5
178
330
16E
100
AcDbEntity
  8
01
  6
Continuous
 62
2
370
5
100
AcDbText
 10
5.913620722195252
 20
35.96791798923368
 30
0.0
 40
2.400000000139697
  1
R - PHASE
  7
Arial-Black
 41
1.000000000291038
 72
1
 11
15.22630830800335
 21
35.96791798923368
 31
0.0
100
AcDbAttributeDefinition
  3
Ten San Pham
  2
T-SP
 70
0
 71
1
 72
0
 11
15.22630830800335
 21
35.96791798923368
 31
0.0
  0
LINE
  5
179
330
16E
100
AcDbEntity
  8
07
  6
Continuous
 62
5
370
5
 48
3.0
100
AcDbLine
 10
7.221780101888221
 20
22.77815821997915
 30
0.0
 11
22.77812928799226
 21
7.221809033875111
 31
0.0
  0
HATCH
  5
17A
330
16E
100
AcDbEntity
  8
0
 62
5
100
AcDbHatch
 10
0.0
 20
0.0
 30
0.0
210
0.0
220
0.0
230
1.0
  2
SOLID
 70
1
 71
0
 91
2
 92
7
 72
1
 73
1
 93
4
 10
14.99995469494024
 20
14.99998362692713
 42
0.0
 10
22.77812928799226
 20
7.221809033875109
 42
0.198912367379658
 10
25.99995469494024
 20
14.99998362692713
 42
0.198912367379658
 10
22.77812928799226
 20
22.77815821997915
 42
0.0
 97
0
 92
7
 72
1
 73
1
 93
4
 10
14.99995469494024
 20
14.99998362692713
 42
0.0
 10
7.22178010188822
 20
22.77815821997915
 42
0.198912367379658
 10
3.999954694940242
 20
14.99998362692713
 42
0.198912367379658
 10
7.221780101888218
 20
7.221809033875111
 42
0.0
 97
0
 75
0
 76
1
 47
0.0525107572166409
 98
2
 10
18.9324140735632
 20
15.03356113590959
 10
10.16203061267177
 20
14.71849664825233
450
0
451
0
460
0.0
461
0.0
452
1
462
1.0
453
2
463
0
 63
5
421
255
463
1
 63
7
421
16777215
470
LINEAR
  0
ENDBLK
  5
170
330
16E
100
AcDbEntity
  8
0
100
AcDbBlockEnd
  0
BLOCK
  5
17C
330
17B
100
AcDbEntity
  8
0
100
AcDbBlockBegin
  2
Den DO
 70
2
 10
0.0
 20
0.0
 30
0.0
  3
Den DO
  1

  0
CIRCLE
  5
17E
330
17B
100
AcDbEntity
  8
0
 62
7
100
AcDbCircle
 10
14.99995469492569
 20
14.99998362692713
 30
0.0
 40
15.0
  0
LINE
  5
17F
330
17B
100
AcDbEntity
  8
0
 62
7
100
AcDbLine
 10
-4.5305074309e-05
 20
44.99998362692713
 30
0.0
 11
29.99995469492569
 21
44.99998362692713
 31
0.0
  0
LINE
  5
180
330
17B
100
AcDbEntity
  8
0
 62
7
100
AcDbLine
 10
29.99995469492569
 20
14.99998362692713
 30
0.0
 11
29.99995469492569
 21
44.99998362692713
 31
0.0
  0
LINE
  5
181
330
17B
100
AcDbEntity
  8
0
 62
7
100
AcDbLine
 10
-4.5305074309e-05
 20
44.99998362692713
 30
0.0
 11
-4.5305074309e-05
 21
14.99998362692713
 31
0.0
  0
LWPOLYLINE
  5
182
330
17B
100
AcDbEntity
  8
0
 62
7
100
AcDbPolyline
 90
4
 70
1
 10
1.999954694925691
 20
42.99998362692713
 10
27.99995469492569
 20
42.99998362692713
 10
27.99995469492569
 20
32.99998362692714
 10
1.999954694925691
 20
32.99998362692714
  0
CIRCLE
  5
183
330
17B
100
AcDbEntity
  8
07
  6
Continuous
 62
1
370
5
 48
3.0
100
AcDbCircle
 10
14.99995469492569
 20
14.99998362692713
 30
0.0
 40
11.0
  0
LINE
  5
184
330
17B
100
AcDbEntity
  8
07
  6
Continuous
 62
1
370
5
 48
3.0
100
AcDbLine
 10
22.77812928797771
 20
22.77815821997915
 30
0.0
 11
7.221780101873667
 21
7.22180903387511
 31
0.0
  0
ATTDEF
  5
185
330
17B
100
AcDbEntity
  8
01
  6
Continuous
 62
2
370
5
100
AcDbText
 10
5.913620722180702
 20
35.96791798923368
 30
0.0
 40
2.400000000139697
  1
R - PHASE
  7
Arial-Black
 41
1.000000000291038
 72
1
 11
15.2263083079888
 21
35.96791798923368
 31
0.0
100
AcDbAttributeDefinition
  3
Ten San Pham
  2
T-SP
 70
0
 71
1
 72
0
 11
15.2263083079888
 21
35.96791798923368
 31
0.0
  0
LINE
  5
186
330
17B
100
AcDbEntity
  8
07
  6
Continuous
 62
1
370
5
 48
3.0
100
AcDbLine
 10
7.221780101873664
 20
22.77815821997915
 30
0.0
 11
22.77812928797771
 21
7.22180903387511
 31
0.0
  0
HATCH
  5
187
330
17B
100
AcDbEntity
  8
0
 62
1
100
AcDbHatch
 10
0.0
 20
0.0
 30
0.0
210
0.0
220
0.0
230
1.0
  2
SOLID
 70
1
 71
0
 91
2
 92
7
 72
1
 73
1
 93
4
 10
7.221780101873663
 20
7.221809033875108
 42
0.0
 10
14.99995469492568
 20
14.99998362692713
 42
0.0
 10
7.221780101873665
 20
22.77815821997915
 42
0.198912367379658
 10
3.999954694925689
 20
14.99998362692713
 42
0.198912367379658
 97
3
330
D598
330
D595
330
D596
 92
7
 72
1
 73
1
 93
4
 10
25.99995469492569
 20
14.99998362692713
 42
0.1989123673796581
 10
22.77812928797771
 20
22.77815821997915
 42
0.0
 10
14.99995469492569
 20
14.99998362692713
 42
0.0
 10
22.77812928797771
 20
7.221809033875105
 42
0.198912367379658
 97
3
330
D596
330
D598
330
D595
 75
0
 76
1
 47
0.0656445470910299
 98
2
 10
7.997749462102762
 20
14.8782926211432
 10
18.63348435022064
 20
15.46909361714745
450
0
451
0
460
0.0
461
0.0
452
1
462
1.0
453
2
463
0
 63
5
421
255
463
1
 63
7
421
16777215
470
LINEAR
  0
ENDBLK
  5
17D
330
17B
100
AcDbEntity
  8
0
100
AcDbBlockEnd
  0
BLOCK
  5
189
330
188
100
AcDbEntity
  8
0
100
AcDbBlockBegin
  2
Den VANG
 70
2
 10
0.0
 20
0.0
 30
0.0
  3
Den VANG
  1

  0
CIRCLE
  5
18B
330
188
100
AcDbEntity
  8
0
 62
7
100
AcDbCircle
 10
14.99995469492569
 20
14.99998362692713
 30
0.0
 40
15.0
  0
LINE
  5
18C
330
188
100
AcDbEntity
  8
0
 62
7
100
AcDbLine
 10
-4.5305074309e-05
 20
44.99998362692713
 30
0.0
 11
29.99995469492569
 21
44.99998362692713
 31
0.0
  0
LINE
  5
18D
330
188
100
AcDbEntity
  8
0
 62
7
100
AcDbLine
 10
29.99995469492569
 20
14.99998362692713
 30
0.0
 11
29.99995469492569
 21
44.99998362692713
 31
0.0
  0
LINE
  5
18E
330
188
100
AcDbEntity
  8
0
 62
7
100
AcDbLine
 10
-4.5305074309e-05
 20
44.99998362692713
 30
0.0
 11
-4.5305074309e-05
 21
14.99998362692713
 31
0.0
  0
LWPOLYLINE
  5
18F
330
188
100
AcDbEntity
  8
0
 62
7
100
AcDbPolyline
 90
4
 70
1
 10
1.999954694925691
 20
42.99998362692713
 10
27.99995469492569
 20
42.99998362692713
 10
27.99995469492569
 20
32.99998362692714
 10
1.999954694925691
 20
32.99998362692714
  0
CIRCLE
  5
190
330
188
100
AcDbEntity
  8
07
  6
Continuous
 62
2
370
5
 48
3.0
100
AcDbCircle
 10
14.99995469492569
 20
14.99998362692713
 30
0.0
 40
11.0
  0
LINE
  5
191
330
188
100
AcDbEntity
  8
07
  6
Continuous
 62
2
370
5
 48
3.0
100
AcDbLine
 10
22.77812928797771
 20
22.77815821997915
 30
0.0
 11
7.221780101873667
 21
7.22180903387511
 31
0.0
  0
ATTDEF
  5
192
330
188
100
AcDbEntity
  8
01
  6
Continuous
 62
2
370
5
100
AcDbText
 10
5.913620722180702
 20
35.96791798923368
 30
0.0
 40
2.400000000139697
  1
R - PHASE
  7
Arial-Black
 41
1.000000000291038
 72
1
 11
15.2263083079888
 21
35.96791798923368
 31
0.0
100
AcDbAttributeDefinition
  3
Ten San Pham
  2
T-SP
 70
0
 71
1
 72
0
 11
15.2263083079888
 21
35.96791798923368
 31
0.0
  0
LINE
  5
193
330
188
100
AcDbEntity
  8
07
  6
Continuous
 62
2
370
5
 48
3.0
100
AcDbLine
 10
7.221780101873666
 20
22.77815821997915
 30
0.0
 11
22.77812928797771
 21
7.22180903387511
 31
0.0
  0
HATCH
  5
194
330
188
100
AcDbEntity
  8
0
 62
2
100
AcDbHatch
 10
0.0
 20
0.0
 30
0.0
210
0.0
220
0.0
230
1.0
  2
SOLID
 70
1
 71
0
 91
2
 92
7
 72
1
 73
1
 93
4
 10
22.77812928797771
 20
7.221809033875107
 42
0.198912367379658
 10
25.99995469492569
 20
14.99998362692713
 42
0.198912367379658
 10
22.77812928797771
 20
22.77815821997915
 42
0.0
 10
14.99995469492569
 20
14.99998362692713
 42
0.0
 97
3
330
D5A4
330
D5A5
330
D5A7
 92
7
 72
1
 73
1
 93
4
 10
7.221780101873662
 20
7.221809033875109
 42
0.0
 10
14.99995469492569
 20
14.99998362692713
 42
0.0
 10
7.221780101873665
 20
22.77815821997915
 42
0.198912367379658
 10
3.999954694925687
 20
14.99998362692713
 42
0.198912367379658
 97
3
330
D5A4
330
D5A5
330
D5A7
 75
0
 76
1
 47
0.0589378639461505
 98
2
 10
21.62975384444046
 20
14.44012329072172
 10
8.426035661991923
 20
15.02950197730397
450
0
451
0
460
0.0
461
0.0
452
1
462
1.0
453
2
463
0
 63
5
421
255
463
1
 63
7
421
16777215
470
LINEAR
  0
ENDBLK
  5
18A
330
188
100
AcDbEntity
  8
0
100
AcDbBlockEnd
  0
BLOCK
  5
196
330
195
100
AcDbEntity
  8
0
100
AcDbBlockBegin
  2
HL044-1.3-B
 70
0
 10
0.0
 20
0.0
 30
0.0
  3
HL044-1.3-B
  1

  0
HATCH
  5
198
330
195
100
AcDbEntity
  8
0
 62
1
100
AcDbHatch
 10
0.0
 20
0.0
 30
0.0
210
0.0
220
0.0
230
1.0
  2
ANSI31
 70
0
 71
0
 91
1
 92
7
 72
0
 73
1
 93
4
 10
-15.5
 20
27.0
 10
-15.5
 20
24.0
 10
-9.5
 20
24.0
 10
-9.5
 20
27.0
 97
4
330
33933
330
33935
330
33930
330
33936
 75
0
 76
1
 52
0.0
 41
0.3
 77
0
 78
1
 53
45.0
 43
-80982.3192505066
 44
-42991.26475357953
 45
-0.6735192090801864
 46
0.6735192090801866
 79
0
 47
0.0787477369447478
 98
1
 10
-12.63045961401076
 20
25.65454838844016
  0
LINE
  5
199
330
195
100
AcDbEntity
  8
0
 62
1
100
AcDbLine
 10
-1.0
 20
24.0
 30
0.0
 11
-22.0
 21
24.0
 31
0.0
  0
ARC
  5
19A
330
195
100
AcDbEntity
  8
0
 62
1
100
AcDbCircle
 10
-1.0
 20
23.0
 30
0.0
 40
1.0
100
AcDbArc
 50
0.0
 51
90.0
  0
LINE
  5
19B
330
195
100
AcDbEntity
  8
0
 62
1
100
AcDbLine
 10
-22.0
 20
24.0
 30
0.0
 11
-22.0
 21
27.0
 31
0.0
  0
LINE
  5
19C
330
195
100
AcDbEntity
  8
0
 62
1
100
AcDbLine
 10
-22.0
 20
27.0
 30
0.0
 11
1.0
 21
27.0
 31
0.0
  0
ARC
  5
19D
330
195
100
AcDbEntity
  8
0
 62
1
100
AcDbCircle
 10
1.0
 20
25.0
 30
0.0
 40
2.0
100
AcDbArc
 50
0.0
 51
90.0
  0
LINE
  5
19E
330
195
100
AcDbEntity
  8
0
 62
1
100
AcDbLine
 10
-15.5
 20
24.0
 30
0.0
 11
-15.5
 21
27.0
 31
0.0
  0
LINE
  5
19F
330
195
100
AcDbEntity
  8
0
 62
1
100
AcDbLine
 10
-9.5
 20
24.0
 30
0.0
 11
-9.5
 21
27.0
 31
0.0
  0
LINE
  5
1A0
330
195
100
AcDbEntity
  8
0
 62
1
100
AcDbLine
 10
3.0
 20
25.0
 30
0.0
 11
3.0
 21
0.0
 31
0.0
  0
LINE
  5
1A1
330
195
100
AcDbEntity
  8
0
 62
1
100
AcDbLine
 10
0.0
 20
23.0
 30
0.0
 11
0.0
 21
0.0
 31
0.0
  0
ARC
  5
1A2
330
195
100
AcDbEntity
  8
0
 62
1
100
AcDbCircle
 10
-2.5
 20
-6.5
 30
0.0
 40
5.5
100
AcDbArc
 50
270.0
 51
0.0
  0
LINE
  5
1A3
330
195
100
AcDbEntity
  8
0
 62
1
100
AcDbLine
 10
0.0
 20
0.0
 30
0.0
 11
-43.0
 21
0.0
 31
0.0
  0
LINE
  5
1A4
330
195
100
AcDbEntity
  8
0
 62
1
100
AcDbLine
 10
-43.0
 20
0.0
 30
0.0
 11
-43.0
 21
-2.0
 31
0.0
  0
LINE
  5
1A5
330
195
100
AcDbEntity
  8
0
 62
1
100
AcDbLine
 10
3.0
 20
-6.5
 30
0.0
 11
3.0
 21
0.0
 31
0.0
  0
LWPOLYLINE
  5
1A6
330
195
100
AcDbEntity
  8
0
 62
1
100
AcDbPolyline
 90
4
 70
1
 10
-26.0
 20
6.5
 10
-18.0
 20
6.5
 10
-18.0
 20
0.0
 10
-26.0
 20
0.0
  0
LINE
  5
1A7
330
195
100
AcDbEntity
  8
0
 62
1
100
AcDbLine
 10
-19.0
 20
6.5
 30
0.0
 11
-19.0
 21
0.0
 31
0.0
  0
LINE
  5
1A8
330
195
100
AcDbEntity
  8
0
 62
1
100
AcDbLine
 10
-25.0
 20
6.5
 30
0.0
 11
-25.0
 21
0.0
 31
0.0
  0
LINE
  5
1A9
330
195
100
AcDbEntity
  8
0
 62
1
100
AcDbLine
 10
-25.0
 20
6.5
 30
0.0
 11
-19.0
 21
5.934058110346086
 31
0.0
  0
LINE
  5
1AA
330
195
100
AcDbEntity
  8
0
 62
1
100
AcDbLine
 10
-25.0
 20
5.5
 30
0.0
 11
-19.0
 21
4.934058110346086
 31
0.0
  0
LINE
  5
1AB
330
195
100
AcDbEntity
  8
0
 62
1
100
AcDbLine
 10
-25.0
 20
4.5
 30
0.0
 11
-19.0
 21
3.934058110346086
 31
0.0
  0
LINE
  5
1AC
330
195
100
AcDbEntity
  8
0
 62
1
100
AcDbLine
 10
-25.0
 20
3.5
 30
0.0
 11
-19.0
 21
2.934058110346086
 31
0.0
  0
LINE
  5
1AD
330
195
100
AcDbEntity
  8
0
 62
1
100
AcDbLine
 10
-25.0
 20
2.5
 30
0.0
 11
-19.0
 21
1.934058110346086
 31
0.0
  0
LINE
  5
1AE
330
195
100
AcDbEntity
  8
0
 62
1
100
AcDbLine
 10
-25.0
 20
1.5
 30
0.0
 11
-19.0
 21
0.9340581103460863
 31
0.0
  0
LINE
  5
1AF
330
195
100
AcDbEntity
  8
0
 62
1
100
AcDbLine
 10
-25.0
 20
0.5
 30
0.0
 11
-19.69910240812169
 21
0.0
 31
0.0
  0
CIRCLE
  5
1B0
330
195
100
AcDbEntity
  8
0
 62
1
100
AcDbCircle
 10
-2.30000000000291
 20
-7.0
 30
0.0
 40
2.55000000000291
  0
LINE
  5
1B1
330
195
100
AcDbEntity
  8
0
 62
1
100
AcDbLine
 10
0.0
 20
6.0
 30
0.0
 11
3.0
 21
6.0
 31
0.0
  0
LINE
  5
1B2
330
195
100
AcDbEntity
  8
0
 62
1
100
AcDbLine
 10
0.0
 20
7.5
 30
0.0
 11
3.0
 21
7.5
 31
0.0
  0
ARC
  5
1B3
330
195
100
AcDbEntity
  8
0
 62
1
100
AcDbCircle
 10
15.4356101804733
 20
147.6517212310209
 30
0.0
 40
160.6560244888795
100
AcDbArc
 50
248.6704799579358
 51
263.5901471651879
  0
ENDBLK
  5
197
330
195
100
AcDbEntity
  8
0
100
AcDbBlockEnd
  0
BLOCK
  5
1B5
330
1B4
100
AcDbEntity
  8
0
100
AcDbBlockBegin
  2
ga tai lieu
 70
0
 10
0.0
 20
0.0
 30
0.0
  3
ga tai lieu
  1

  0
LINE
  5
1B7
330
1B4
100
AcDbEntity
  8
0
  6
HIDDENX2
 62
7
100
AcDbLine
 10
230.0
 20
99.99999999998545
 30
0.0
 11
230.0
 21
0.0
 31
0.0
  0
LINE
  5
1B8
330
1B4
100
AcDbEntity
  8
0
  6
HIDDENX2
 62
7
100
AcDbLine
 10
230.0
 20
0.0
 30
0.0
 11
0.0
 21
0.0
 31
0.0
  0
LINE
  5
1B9
330
1B4
100
AcDbEntity
  8
0
  6
HIDDENX2
 62
7
100
AcDbLine
 10
-2.91038e-11
 20
0.0
 30
0.0
 11
-2.91038e-11
 21
199.9999999999854
 31
0.0
  0
CIRCLE
  5
1BA
330
1B4
100
AcDbEntity
  8
0
  6
HIDDENX2
 62
7
100
AcDbCircle
 10
155.0
 20
49.99999999998545
 30
0.0
 40
12.5
  0
CIRCLE
  5
1BB
330
1B4
100
AcDbEntity
  8
0
  6
HIDDENX2
 62
7
100
AcDbCircle
 10
104.9999999999709
 20
49.99999999998545
 30
0.0
 40
12.5
  0
CIRCLE
  5
1BC
330
1B4
100
AcDbEntity
  8
0
  6
HIDDENX2
 62
7
100
AcDbCircle
 10
55.0
 20
99.99999999998545
 30
0.0
 40
12.5
  0
CIRCLE
  5
1BD
330
1B4
100
AcDbEntity
  8
0
  6
HIDDENX2
 62
7
100
AcDbCircle
 10
55.0
 20
49.99999999998545
 30
0.0
 40
12.5
  0
LINE
  5
1BE
330
1B4
100
AcDbEntity
  8
0
  6
HIDDENX2
 62
7
100
AcDbLine
 10
0.0
 20
199.9999999999854
 30
0.0
 11
130.0
 21
199.9999999999854
 31
0.0
  0
LINE
  5
1BF
330
1B4
100
AcDbEntity
  8
0
  6
HIDDENX2
 62
7
100
AcDbLine
 10
230.0
 20
99.99999999998545
 30
0.0
 11
130.0
 21
199.9999999999854
 31
0.0
  0
CIRCLE
  5
1C0
330
1B4
100
AcDbEntity
  8
0
  6
HIDDENX2
 62
7
100
AcDbCircle
 10
104.9999999999709
 20
99.99999999998545
 30
0.0
 40
12.5
  0
CIRCLE
  5
1C1
330
1B4
100
AcDbEntity
  8
0
  6
HIDDENX2
 62
7
100
AcDbCircle
 10
55.0
 20
149.9999999999854
 30
0.0
 40
12.5
  0
ENDBLK
  5
1B6
330
1B4
100
AcDbEntity
  8
0
100
AcDbBlockEnd
  0
BLOCK
  5
1C3
330
1C2
100
AcDbEntity
  8
0
100
AcDbBlockBegin
  2
AB301-2-1
 70
0
 10
0.0
 20
0.0
 30
0.0
  3
AB301-2-1
  1

  0
LWPOLYLINE
  5
1C5
330
1C2
100
AcDbEntity
  8
0
  6
Continuous
 62
1
100
AcDbPolyline
 90
8
 70
1
 10
-1.45519e-11
 20
25.00000000000728
 10
-1.45519e-11
 20
25.00000000000728
 42
-0.4142135623730951
 10
14.99999999998545
 20
10.00000000000727
 10
14.99999999998545
 20
-80.49999999999272
 42
-0.4142135623730951
 10
-1.45519e-11
 20
-95.49999999999272
 10
-1.45519e-11
 20
-95.49999999999272
 42
-0.4142135623730951
 10
-15.00000000001455
 20
-80.49999999999272
 10
-15.00000000001455
 20
10.00000000000727
 42
-0.4142135623730951
  0
LWPOLYLINE
  5
1C6
330
1C2
100
AcDbEntity
  8
0
  6
Continuous
 62
1
100
AcDbPolyline
 90
6
 70
1
 10
-1.45519e-11
 20
10.00000000000727
 42
-0.4142135623730951
 10
9.999999999985448
 20
7.276e-12
 10
9.999999999985448
 20
-80.49999999999272
 42
-0.4142135623730951
 10
-1.45519e-11
 20
-90.49999999999272
 42
-0.4142135623730951
 10
-10.00000000001455
 20
-80.49999999999272
 10
-10.00000000001455
 20
7.276e-12
 42
-0.4142135623730951
  0
HATCH
  5
1C7
330
1C2
100
AcDbEntity
  8
0
  6
Continuous
 62
1
100
AcDbHatch
 10
0.0
 20
0.0
 30
0.0
210
0.0
220
0.0
230
1.0
  2
ACAD_ISO09W100
 70
0
 71
0
 91
1
 92
7
 72
1
 73
1
 93
5
 10
-4.08737554690669
 20
-88.5183141082494
 42
0.1184039893890922
 10
-1.45519e-11
 20
-89.49999999999272
 42
0.1184039893890922
 10
4.087375546877586
 20
-88.5183141082494
 42
0.0
 10
6.999999999985446
 20
-71.99999999999272
 42
0.0
 10
-7.000000000014551
 20
-71.99999999999272
 42
0.0
 97
0
 75
1
 76
1
 52
0.0
 41
0.2
 77
0
 78
1
 53
0.0
 43
-368.0181415297993
 44
398.3813967279711
 45
0.0
 46
1.0
 79
6
 49
4.799999999999998
 49
-0.6000000000000001
 49
1.199999999999999
 49
-0.6000000000000001
 49
1.199999999999999
 49
-0.6000000000000001
 47
0.1010447066433967
 98
1
 10
-1.464316444500582
 20
-79.25328255711065
  0
LWPOLYLINE
  5
1C8
330
1C2
100
AcDbEntity
  8
0
  6
Continuous
 62
1
100
AcDbPolyline
 90
7
 70
1
 10
8.999999999985448
 20
-72.49999999999272
 10
8.999999999985448
 20
-80.49999999999272
 42
-0.4142135623730951
 10
-1.45519e-11
 20
-89.49999999999272
 42
-0.4142135623730951
 10
-9.00000000001455
 20
-80.49999999999272
 10
-9.00000000001455
 20
-72.49999999999272
 42
-0.4142135623730951
 10
-7.000000000014551
 20
-70.49999999999272
 10
6.999999999985448
 20
-70.49999999999272
 42
-0.4142135623730951
  0
LINE
  5
1C9
330
1C2
100
AcDbEntity
  8
0
  6
Continuous
 62
1
100
AcDbLine
 10
-10.00000000001455
 20
-50.49999999999272
 30
0.0
 11
9.999999999985448
 21
-50.49999999999272
 31
0.0
  0
LINE
  5
1CA
330
1C2
100
AcDbEntity
  8
0
  6
Continuous
 62
1
100
AcDbLine
 10
-7.000000000014551
 20
-71.99999999999272
 30
0.0
 11
6.999999999985448
 21
-71.99999999999272
 31
0.0
  0
LINE
  5
1CB
330
1C2
100
AcDbEntity
  8
0
  6
Continuous
 62
1
100
AcDbLine
 10
-7.000000000014551
 20
-71.99999999999272
 30
0.0
 11
-4.087375546907423
 21
-88.51831410824525
 31
0.0
  0
LINE
  5
1CC
330
1C2
100
AcDbEntity
  8
0
  6
Continuous
 62
1
100
AcDbLine
 10
6.999999999985448
 20
-71.99999999999272
 30
0.0
 11
4.08737554687832
 21
-88.51831410824525
 31
0.0
  0
CIRCLE
  5
1CD
330
1C2
100
AcDbEntity
  8
0
  6
Continuous
 62
1
100
AcDbCircle
 10
-1.45519e-11
 20
-60.49999999999272
 30
0.0
 40
8.0
  0
LWPOLYLINE
  5
1CE
330
1C2
100
AcDbEntity
  8
0
  6
Continuous
 62
1
100
AcDbPolyline
 90
4
 70
1
 10
-1.000000000014551
 20
-55.49999999999272
 10
0.999999999985448
 20
-55.49999999999272
 10
0.999999999985448
 20
-65.49999999999272
 10
-1.000000000014551
 20
-65.49999999999272
  0
LWPOLYLINE
  5
1CF
330
1C2
100
AcDbEntity
  8
0
  6
Continuous
 62
1
100
AcDbPolyline
 90
8
 70
0
 10
-15.00000000001455
 20
-12.49999999999272
 10
-57.50000000001455
 20
-12.49999999999272
 42
-0.4142135623730951
 10
-65.00000000001455
 20
-4.999999999992724
 10
-65.00000000001455
 20
5.000000000007275
 42
-0.4142135623730951
 10
-57.50000000001455
 20
12.50000000000727
 10
-30.73832970146032
 20
12.50000000000727
 42
0.4142135623730951
 10
-24.73832970146032
 20
18.50000000000727
 10
-24.73832970146032
 20
18.73832970144576
  0
LWPOLYLINE
  5
1D0
330
1C2
100
AcDbEntity
  8
0
  6
Continuous
 62
1
100
AcDbPolyline
 90
5
 70
0
 10
-24.73832970146032
 20
18.73832970144576
 42
-0.1989123673796609
 10
-22.98097038858395
 20
22.98097038856941
 10
-22.98097038858395
 20
22.98097038856941
 42
-0.4142135623730951
 10
-14.49568901433667
 20
22.98097038856941
 10
-11.33688703729422
 20
19.82216841151967
  0
LWPOLYLINE
  5
1D1
330
1C2
100
AcDbEntity
  8
0
  6
Continuous
 62
1
100
AcDbPolyline
 90
5
 70
0
 10
14.99999999998545
 20
-6.51471862575272
 10
22.98097038855485
 20
-14.49568901431485
 42
-0.4142135623730951
 10
22.98097038855485
 20
-22.98097038855485
 10
22.98097038855485
 20
-22.98097038855485
 42
-0.381560762960909
 10
14.99999999998545
 20
-23.43139810529828
 42
-0.381560762960909
  0
LWPOLYLINE
  5
1D2
330
1C2
100
AcDbEntity
  8
0
  6
Continuous
 62
2
100
AcDbPolyline
 90
4
 70
1
 10
-12.00000000001455
 20
13.25000000000727
 10
11.99999999998545
 20
13.25000000000727
 10
11.99999999998545
 20
-83.74999999999272
 10
-12.00000000001455
 20
-83.74999999999272
  0
CIRCLE
  5
1D3
330
1C2
100
AcDbEntity
  8
0
  6
Continuous
 62
1
100
AcDbCircle
 10
-18.73832970146031
 20
18.73832970144576
 30
0.0
 40
2.5
  0
CIRCLE
  5
1D4
330
1C2
100
AcDbEntity
  8
0
  6
Continuous
 62
1
100
AcDbCircle
 10
18.73832970143121
 20
-18.73832970143121
 30
0.0
 40
2.5
  0
ENDBLK
  5
1C4
330
1C2
100
AcDbEntity
  8
0
100
AcDbBlockEnd
  0
BLOCK
  5
1D6
330
1D5
100
AcDbEntity
  8
0
100
AcDbBlockBegin
  2
A$C0C455160
 70
0
 10
0.0
 20
0.0
 30
0.0
  3
A$C0C455160
  1

  0
HATCH
  5
1D8
330
1D5
100
AcDbEntity
  8
0
 62
1
100
AcDbHatch
 10
0.0
 20
0.0
 30
0.0
210
0.0
220
0.0
230
1.0
  2
SOLID
 70
1
 71
0
 91
1
 92
7
 72
0
 73
1
 93
4
 10
62.00002516793029
 20
29.00000213988096
 10
52.00002516793029
 20
29.00000213988096
 10
52.00002516793029
 20
2.1398809622e-06
 10
62.00002516793029
 20
2.1398809622e-06
 97
0
 75
0
 76
1
 47
0.1115226524259514
 98
1
 10
56.4049097692623
 20
13.87276700809161
450
0
451
0
460
0.0
461
0.0
452
1
462
1.0
453
2
463
0
 63
5
421
255
463
1
 63
7
421
16777215
470
LINEAR
  0
LWPOLYLINE
  5
1D9
330
1D5
100
AcDbEntity
  8
0
 62
7
100
AcDbPolyline
 90
4
 70
1
 10
52.00002516793029
 20
29.00000213988096
 10
62.00002516793029
 20
29.00000213988096
 10
62.00002516793029
 20
2.1398809622e-06
 10
52.00002516793029
 20
2.1398809622e-06
  0
LWPOLYLINE
  5
1DA
330
1D5
100
AcDbEntity
  8
0
 62
7
100
AcDbPolyline
 90
4
 70
1
 10
50.00002516793029
 20
29.00000213988096
 10
52.00002516793029
 20
29.00000213988096
 10
52.00002516793029
 20
2.1398809622e-06
 10
50.00002516793029
 20
2.1398809622e-06
  0
LINE
  5
1DB
330
1D5
100
AcDbEntity
  8
0
 62
7
100
AcDbLine
 10
2.51679302892e-05
 20
25.50000213988096
 30
0.0
 11
50.00002516793029
 21
25.50000213988096
 31
0.0
  0
LINE
  5
1DC
330
1D5
100
AcDbEntity
  8
0
 62
7
100
AcDbLine
 10
50.00002516793029
 20
25.50000213988096
 30
0.0
 11
50.00002516793029
 21
3.500002139880962
 31
0.0
  0
LINE
  5
1DD
330
1D5
100
AcDbEntity
  8
0
 62
7
100
AcDbLine
 10
50.00002516793029
 20
3.500002139880962
 30
0.0
 11
2.51679302892e-05
 21
3.500002139880962
 31
0.0
  0
LINE
  5
1DE
330
1D5
100
AcDbEntity
  8
0
 62
7
100
AcDbLine
 10
2.51679302892e-05
 20
3.500002139880962
 30
0.0
 11
2.51679302892e-05
 21
25.50000213988096
 31
0.0
  0
LINE
  5
1DF
330
1D5
100
AcDbEntity
  8
0
 62
7
100
AcDbLine
 10
2.000025167930289
 20
3.500002139880962
 30
0.0
 11
2.000025167930289
 21
11.00000213988096
 31
0.0
  0
LINE
  5
1E0
330
1D5
100
AcDbEntity
  8
0
 62
7
100
AcDbLine
 10
2.000025167930289
 20
18.00000213988096
 30
0.0
 11
2.000025167930289
 21
25.50000213988096
 31
0.0
  0
LINE
  5
1E1
330
1D5
100
AcDbEntity
  8
0
 62
7
100
AcDbLine
 10
49.00002516793029
 20
25.50000213988096
 30
0.0
 11
49.00002516793029
 21
3.500002139880962
 31
0.0
  0
LINE
  5
1E2
330
1D5
100
AcDbEntity
  8
0
 62
7
100
AcDbLine
 10
48.00002516793028
 20
25.50000213988096
 30
0.0
 11
48.00002516793028
 21
3.500002139880962
 31
0.0
  0
LINE
  5
1E3
330
1D5
100
AcDbEntity
  8
0
 62
7
100
AcDbLine
 10
47.00002516793029
 20
25.50000213988096
 30
0.0
 11
47.00002516793029
 21
3.500002139880962
 31
0.0
  0
LINE
  5
1E4
330
1D5
100
AcDbEntity
  8
0
 62
7
100
AcDbLine
 10
46.00002516793028
 20
25.50000213988096
 30
0.0
 11
46.00002516793028
 21
3.500002139880962
 31
0.0
  0
LINE
  5
1E5
330
1D5
100
AcDbEntity
  8
0
 62
7
100
AcDbLine
 10
45.00002516793029
 20
25.50000213988096
 30
0.0
 11
45.00002516793029
 21
3.500002139880962
 31
0.0
  0
LINE
  5
1E6
330
1D5
100
AcDbEntity
  8
0
 62
7
100
AcDbLine
 10
44.00002516793029
 20
25.50000213988096
 30
0.0
 11
44.00002516793029
 21
3.500002139880962
 31
0.0
  0
LINE
  5
1E7
330
1D5
100
AcDbEntity
  8
0
 62
7
100
AcDbLine
 10
43.00002516793028
 20
25.50000213988096
 30
0.0
 11
43.00002516793028
 21
3.500002139880962
 31
0.0
  0
LINE
  5
1E8
330
1D5
100
AcDbEntity
  8
0
 62
7
100
AcDbLine
 10
42.00002516793029
 20
25.50000213988096
 30
0.0
 11
42.00002516793029
 21
3.500002139880962
 31
0.0
  0
LINE
  5
1E9
330
1D5
100
AcDbEntity
  8
0
 62
7
100
AcDbLine
 10
41.00002516793028
 20
25.50000213988096
 30
0.0
 11
41.00002516793028
 21
3.500002139880962
 31
0.0
  0
LINE
  5
1EA
330
1D5
100
AcDbEntity
  8
0
 62
7
100
AcDbLine
 10
40.00002516793029
 20
25.50000213988096
 30
0.0
 11
40.00002516793029
 21
3.500002139880962
 31
0.0
  0
LINE
  5
1EB
330
1D5
100
AcDbEntity
  8
0
 62
7
100
AcDbLine
 10
39.00002516793029
 20
25.50000213988096
 30
0.0
 11
39.00002516793029
 21
3.500002139880962
 31
0.0
  0
LINE
  5
1EC
330
1D5
100
AcDbEntity
  8
0
 62
7
100
AcDbLine
 10
38.00002516793029
 20
25.50000213988096
 30
0.0
 11
38.00002516793029
 21
3.500002139880962
 31
0.0
  0
LWPOLYLINE
  5
1ED
330
1D5
100
AcDbEntity
  8
0
 62
7
100
AcDbPolyline
 90
4
 70
0
 10
2.000025167930289
 20
18.00000213988096
 10
10.00002516793029
 20
18.00000213988096
 10
10.00002516793029
 20
11.00000213988096
 10
2.000025167930289
 20
11.00000213988096
  0
LWPOLYLINE
  5
1EE
330
1D5
100
AcDbEntity
  8
0
 62
7
100
AcDbPolyline
 90
2
 70
0
 10
2.51679302892e-05
 20
11.00000213988096
 10
2.51679302892e-05
 20
18.00000213988096
  0
LINE
  5
1EF
330
1D5
100
AcDbEntity
  8
0
 62
7
100
AcDbLine
 10
5.000025167930289
 20
18.00000213988096
 30
0.0
 11
5.000025167930289
 21
15.50000213988096
 31
0.0
  0
LINE
  5
1F0
330
1D5
100
AcDbEntity
  8
0
 62
7
100
AcDbLine
 10
5.000025167930289
 20
13.50000213988096
 30
0.0
 11
5.000025167930289
 21
11.00000213988096
 31
0.0
  0
LWPOLYLINE
  5
1F1
330
1D5
100
AcDbEntity
  8
0
 62
7
100
AcDbPolyline
 90
4
 70
0
 10
5.000025167930289
 20
13.50000213988096
 10
7.000025167930289
 20
13.50000213988096
 10
7.000025167930289
 20
15.50000213988096
 10
5.000025167930289
 20
15.50000213988096
  0
LINE
  5
1F2
330
1D5
100
AcDbEntity
  8
0
 62
7
100
AcDbLine
 10
37.00002516793029
 20
25.50000213988096
 30
0.0
 11
37.00002516793029
 21
3.500002139880962
 31
0.0
  0
LINE
  5
1F3
330
1D5
100
AcDbEntity
  8
0
 62
7
100
AcDbLine
 10
36.00002516793029
 20
25.50000213988096
 30
0.0
 11
36.00002516793029
 21
3.500002139880962
 31
0.0
  0
LINE
  5
1F4
330
1D5
100
AcDbEntity
  8
0
 62
7
100
AcDbLine
 10
35.00002516793029
 20
25.50000213988096
 30
0.0
 11
35.00002516793029
 21
3.500002139880962
 31
0.0
  0
ENDBLK
  5
1D7
330
1D5
100
AcDbEntity
  8
0
100
AcDbBlockEnd
  0
BLOCK
  5
1F6
330
1F5
100
AcDbEntity
  8
0
100
AcDbBlockBegin
  2
LS 250AF 3P
 70
0
 10
0.0
 20
0.0
 30
0.0
  3
LS 250AF 3P
  1

  0
INSERT
  5
1F8
330
1F5
100
AcDbEntity
  8
0
100
AcDbBlockReference
  2
1 LS 250AF 3P
 10
0.0
 20
-4.547e-13
 30
0.0
  0
CIRCLE
  5
1FA
330
1F5
100
AcDbEntity
  8
0
 62
4
100
AcDbCircle
 10
35.00000000000182
 20
-145.5
 30
0.0
 40
2.5
  0
CIRCLE
  5
1FB
330
1F5
100
AcDbEntity
  8
0
 62
4
100
AcDbCircle
 10
70.00000000000182
 20
-145.5
 30
0.0
 40
2.5
  0
CIRCLE
  5
1FC
330
1F5
100
AcDbEntity
  8
0
 62
4
100
AcDbCircle
 10
34.99999999999818
 20
-19.5
 30
0.0
 40
2.5
  0
CIRCLE
  5
1FD
330
1F5
100
AcDbEntity
  8
0
 62
4
100
AcDbCircle
 10
70.00000000000182
 20
-19.5
 30
0.0
 40
2.5
  0
LWPOLYLINE
  5
1FE
330
1F5
100
AcDbEntity
  8
0
 62
1
100
AcDbPolyline
 90
4
 70
1
 10
7.5
 20
-20.0
 10
27.5
 20
-20.0
 10
27.5
 20
0.0
 10
7.5
 20
0.0
  0
CIRCLE
  5
1FF
330
1F5
100
AcDbEntity
  8
0
 62
1
100
AcDbCircle
 10
17.5
 20
-10.0
 30
0.0
 40
4.5
  0
LWPOLYLINE
  5
200
330
1F5
100
AcDbEntity
  8
0
 62
1
100
AcDbPolyline
 90
4
 70
1
 10
7.5
 20
-145.0
 10
27.5
 20
-145.0
 10
27.5
 20
-164.9999999999999
 10
7.5
 20
-164.9999999999999
  0
CIRCLE
  5
201
330
1F5
100
AcDbEntity
  8
0
 62
1
100
AcDbCircle
 10
17.5
 20
-155.0
 30
0.0
 40
4.5
  0
LWPOLYLINE
  5
202
330
1F5
100
AcDbEntity
  8
0
 62
2
100
AcDbPolyline
 90
4
 70
1
 10
42.5
 20
-20.0
 10
62.5
 20
-20.0
 10
62.5
 20
0.0
 10
42.5
 20
0.0
  0
CIRCLE
  5
203
330
1F5
100
AcDbEntity
  8
0
 62
2
100
AcDbCircle
 10
52.5
 20
-10.0
 30
0.0
 40
4.5
  0
LWPOLYLINE
  5
204
330
1F5
100
AcDbEntity
  8
0
 62
2
100
AcDbPolyline
 90
4
 70
1
 10
42.5
 20
-145.0
 10
62.5
 20
-145.0
 10
62.5
 20
-164.9999999999999
 10
42.5
 20
-164.9999999999999
  0
CIRCLE
  5
205
330
1F5
100
AcDbEntity
  8
0
 62
2
100
AcDbCircle
 10
52.5
 20
-155.0
 30
0.0
 40
4.5
  0
LWPOLYLINE
  5
206
330
1F5
100
AcDbEntity
  8
0
 62
5
100
AcDbPolyline
 90
4
 70
1
 10
77.5
 20
-20.0
 10
97.5
 20
-20.0
 10
97.5
 20
0.0
 10
77.5
 20
0.0
  0
CIRCLE
  5
207
330
1F5
100
AcDbEntity
  8
0
 62
5
100
AcDbCircle
 10
87.5
 20
-10.0
 30
0.0
 40
4.5
  0
LWPOLYLINE
  5
208
330
1F5
100
AcDbEntity
  8
0
 62
5
100
AcDbPolyline
 90
4
 70
1
 10
77.5
 20
-145.0
 10
97.5
 20
-145.0
 10
97.5
 20
-164.9999999999999
 10
77.5
 20
-164.9999999999999
  0
CIRCLE
  5
209
330
1F5
100
AcDbEntity
  8
0
 62
5
100
AcDbCircle
 10
87.5
 20
-155.0
 30
0.0
 40
4.5
  0
MTEXT
  5
20A
330
1F5
100
AcDbEntity
  8
0
100
AcDbMText
 10
65.27505450401871
 20
-63.81102772633322
 30
0.0
 40
3.5
 41
37.68671622717443
 46
0.0
 71
1
 72
5
  1
\pi8.28487;{\C1;LS MCCB\P\pi9.25894;ABN/S/H\P\pi9.91549;203c-3P}
101
Embedded Object
 70
1
 10
1.0
 20
0.0
 30
0.0
 11
65.27505450401871
 21
-63.81102772633322
 31
0.0
 40
37.68671622717443
 41
0.0
 42
37.68671622717443
 43
0.0
 71
2
 72
1
 44
37.68671622717443
 45
1.0
 73
0
 74
0
 46
0.0
  0
ENDBLK
  5
1F7
330
1F5
100
AcDbEntity
  8
0
100
AcDbBlockEnd
  0
BLOCK
  5
20C
330
20B
100
AcDbEntity
  8
0
100
AcDbBlockBegin
  2
su35-2
 70
0
 10
0.0
 20
0.0
 30
0.0
  3
su35-2
  1

  0
CIRCLE
  5
20E
330
20B
100
AcDbEntity
  8
0
 62
1
100
AcDbCircle
 10
0.0
 20
-0.0876158024257166
 30
0.0
 40
4.0
  0
CIRCLE
  5
20F
330
20B
100
AcDbEntity
  8
0
 62
1
100
AcDbCircle
 10
0.0
 20
-0.0876158024257166
 30
0.0
 40
13.00000000001455
  0
CIRCLE
  5
210
330
20B
100
AcDbEntity
  8
0
 62
1
100
AcDbCircle
 10
4.36557e-11
 20
-0.0876158024257166
 30
0.0
 40
17.49999999994179
  0
MTEXT
  5
211
330
20B
100
AcDbEntity
  8
0
 62
1
100
AcDbMText
 10
0.0
 20
0.0
 30
0.0
 40
1.5
 41
30.09781971546181
 46
0.0
 71
5
 72
5
  1
{\fTahoma|b0|i0|c0|p34;M8}
  0
MTEXT
  5
212
330
20B
100
AcDbEntity
  8
0
 62
1
100
AcDbMText
 10
0.0
 20
-7.391132749347889
 30
0.0
 40
3.0
 41
30.09781971546181
 46
0.0
 71
5
 72
5
  1
{\fTahoma|b0|i0|c0|p34;S35}
  0
ENDBLK
  5
20D
330
20B
100
AcDbEntity
  8
0
100
AcDbBlockEnd
  0
BLOCK
  5
214
330
213
100
AcDbEntity
  8
0
100
AcDbBlockBegin
  2
KLIJHKGHD
 70
0
 10
0.0
 20
0.0
 30
0.0
  3
KLIJHKGHD
  1

  0
POINT
  5
216
330
213
100
AcDbEntity
  8
DIM
100
AcDbPoint
 10
84710.1905636104
 20
15497.52734944207
 30
0.0
 50
180.0
  0
POINT
  5
217
330
213
100
AcDbEntity
  8
DIM
100
AcDbPoint
 10
84710.1905636104
 20
15535.40262405074
 30
0.0
  0
LINE
  5
218
330
213
100
AcDbEntity
  8
DIM
100
AcDbLine
 10
84711.1905636104
 20
15516.77762405073
 30
0.0
 11
84711.1905636104
 21
15522.77762405074
 31
0.0
  0
LINE
  5
219
330
213
100
AcDbEntity
  8
DIM
100
AcDbLine
 10
84711.1905636104
 20
15522.77762405074
 30
0.0
 11
84710.1905636104
 21
15522.77762405074
 31
0.0
  0
LINE
  5
21A
330
213
100
AcDbEntity
  8
DIM
100
AcDbLine
 10
84710.1905636104
 20
15540.27762405073
 30
0.0
 11
84719.6905636104
 21
15540.27762405073
 31
0.0
  0
LINE
  5
21B
330
213
100
AcDbEntity
  8
DIM
100
AcDbLine
 10
84719.6905636104
 20
15522.77762405074
 30
0.0
 11
84718.6905636104
 21
15522.77762405074
 31
0.0
  0
LINE
  5
21C
330
213
100
AcDbEntity
  8
DIM
100
AcDbLine
 10
84710.1905636104
 20
15503.57762405072
 30
0.0
 11
84719.6905636104
 21
15503.57762405072
 31
0.0
  0
LINE
  5
21D
330
213
100
AcDbEntity
  8
DIM
100
AcDbLine
 10
84712.6905636104
 20
15516.77762405073
 30
0.0
 11
84712.6905636104
 21
15521.07762405072
 31
0.0
  0
LINE
  5
21E
330
213
100
AcDbEntity
  8
DIM
100
AcDbLine
 10
84710.1905636104
 20
15516.77762405073
 30
0.0
 11
84719.6905636104
 21
15516.77762405073
 31
0.0
  0
LINE
  5
21F
330
213
100
AcDbEntity
  8
DIM
100
AcDbLine
 10
84712.6905636104
 20
15521.07762405072
 30
0.0
 11
84718.6905636104
 21
15521.07762405072
 31
0.0
  0
LINE
  5
220
330
213
100
AcDbEntity
  8
DIM
100
AcDbLine
 10
84718.6905636104
 20
15522.77762405074
 30
0.0
 11
84718.6905636104
 21
15516.77762405073
 31
0.0
  0
LINE
  5
221
330
213
100
AcDbEntity
  8
DIM
100
AcDbLine
 10
84719.6905636104
 20
15489.77762405074
 30
0.0
 11
84710.1905636104
 21
15489.77762405074
 31
0.0
  0
LINE
  5
222
330
213
100
AcDbEntity
  8
DIM
100
AcDbLine
 10
84715.98583178257
 20
15522.94336473098
 30
0.0
 11
84713.00630429073
 21
15525.92289222282
 31
0.0
  0
LINE
  5
223
330
213
100
AcDbEntity
  8
DIM
100
AcDbLine
 10
84716.8748229302
 20
15523.83235587866
 30
0.0
 11
84713.89529543836
 21
15526.81188337051
 31
0.0
  0
LINE
  5
224
330
213
100
AcDbEntity
  8
DIM
100
AcDbLine
 10
84715.98583178257
 20
15532.14336473099
 30
0.0
 11
84713.00630429073
 21
15535.12289222283
 31
0.0
  0
LINE
  5
225
330
213
100
AcDbEntity
  8
DIM
100
AcDbLine
 10
84716.8748229302
 20
15533.03235587867
 30
0.0
 11
84713.89529543836
 21
15536.01188337046
 31
0.0
  0
LINE
  5
226
330
213
100
AcDbEntity
  8
DIM
100
AcDbLine
 10
84715.98583178257
 20
15494.94336473097
 30
0.0
 11
84713.00630429073
 21
15497.92289222282
 31
0.0
  0
LINE
  5
227
330
213
100
AcDbEntity
  8
DIM
100
AcDbLine
 10
84716.8748229302
 20
15495.83235587866
 30
0.0
 11
84713.89529543836
 21
15498.81188337051
 31
0.0
  0
ARC
  5
228
330
213
100
AcDbEntity
  8
DIM
100
AcDbCircle
 10
84714.9405636104
 20
15524.87762405077
 30
0.0
 40
2.350000000000004
100
AcDbArc
 50
123.5007992649154
 51
146.4992007350846
  0
ARC
  5
229
330
213
100
AcDbEntity
  8
DIM
100
AcDbCircle
 10
84714.9405636104
 20
15524.87762405077
 30
0.0
 40
2.349999999999976
100
AcDbArc
 50
303.5007992649154
 51
326.4992007350846
  0
ARC
  5
22A
330
213
100
AcDbEntity
  8
DIM
100
AcDbCircle
 10
84714.9405636104
 20
15534.07762405072
 30
0.0
 40
2.349999999999964
100
AcDbArc
 50
123.5007992649154
 51
146.4992007350846
  0
ARC
  5
22B
330
213
100
AcDbEntity
  8
DIM
100
AcDbCircle
 10
84714.9405636104
 20
15534.07762405072
 30
0.0
 40
2.349999999999941
100
AcDbArc
 50
303.5007992649154
 51
326.4992007350846
  0
ARC
  5
22C
330
213
100
AcDbEntity
  8
DIM
100
AcDbCircle
 10
84714.9405636104
 20
15496.87762405077
 30
0.0
 40
2.34999999999999
100
AcDbArc
 50
123.5007992649154
 51
146.4992007350846
  0
ARC
  5
22D
330
213
100
AcDbEntity
  8
DIM
100
AcDbCircle
 10
84714.9405636104
 20
15496.87762405077
 30
0.0
 40
2.349999999999996
100
AcDbArc
 50
303.5007992649154
 51
326.4992007350846
  0
ARC
  5
22E
330
213
100
AcDbEntity
  8
DIM
100
AcDbCircle
 10
84716.12725313882
 20
15523.08478608722
 30
0.0
 40
0.1999999999999607
100
AcDbArc
 50
225.0
 51
303.5007992649154
  0
ARC
  5
22F
330
213
100
AcDbEntity
  8
DIM
100
AcDbCircle
 10
84716.73340157396
 20
15523.69093452242
 30
0.0
 40
0.1999999999999482
100
AcDbArc
 50
326.4992007350846
 51
45.0
  0
ARC
  5
230
330
213
100
AcDbEntity
  8
DIM
100
AcDbCircle
 10
84713.14772564697
 20
15526.06431357906
 30
0.0
 40
0.2000000000000001
100
AcDbArc
 50
146.4992007350846
 51
225.0
  0
ARC
  5
231
330
213
100
AcDbEntity
  8
DIM
100
AcDbCircle
 10
84713.75387408213
 20
15526.67046201427
 30
0.0
 40
0.1999999999999798
100
AcDbArc
 50
45.0
 51
123.5007992649154
  0
ARC
  5
232
330
213
100
AcDbEntity
  8
DIM
100
AcDbCircle
 10
84716.12725313882
 20
15532.28478608723
 30
0.0
 40
0.2000000000000097
100
AcDbArc
 50
225.0
 51
303.5007992649154
  0
ARC
  5
233
330
213
100
AcDbEntity
  8
DIM
100
AcDbCircle
 10
84716.73340157396
 20
15532.89093452244
 30
0.0
 40
0.1999999999999192
100
AcDbArc
 50
326.4992007350846
 51
45.0
  0
ARC
  5
234
330
213
100
AcDbEntity
  8
DIM
100
AcDbCircle
 10
84713.14772564697
 20
15535.26431357907
 30
0.0
 40
0.2000000000000087
100
AcDbArc
 50
146.4992007350846
 51
225.0
  0
ARC
  5
235
330
213
100
AcDbEntity
  8
DIM
100
AcDbCircle
 10
84713.75387408213
 20
15535.87046201422
 30
0.0
 40
0.1999999999999499
100
AcDbArc
 50
45.0
 51
123.5007992649154
  0
ARC
  5
236
330
213
100
AcDbEntity
  8
DIM
100
AcDbCircle
 10
84716.12725313882
 20
15495.08478608721
 30
0.0
 40
0.1999999999999896
100
AcDbArc
 50
225.0
 51
303.5007992649154
  0
ARC
  5
237
330
213
100
AcDbEntity
  8
DIM
100
AcDbCircle
 10
84716.73340157396
 20
15495.69093452243
 30
0.0
 40
0.1999999999999895
100
AcDbArc
 50
326.4992007350846
 51
45.0
  0
ARC
  5
238
330
213
100
AcDbEntity
  8
DIM
100
AcDbCircle
 10
84713.14772564697
 20
15498.06431357906
 30
0.0
 40
0.1999999999999851
100
AcDbArc
 50
146.4992007350846
 51
225.0
  0
ARC
  5
239
330
213
100
AcDbEntity
  8
DIM
100
AcDbCircle
 10
84713.75387408213
 20
15498.67046201427
 30
0.0
 40
0.1999999999999701
100
AcDbArc
 50
45.0
 51
123.5007992649154
  0
CIRCLE
  5
23A
330
213
100
AcDbEntity
  8
DIM
100
AcDbCircle
 10
84714.9405636104
 20
15496.87762405077
 30
0.0
 40
3.0
  0
CIRCLE
  5
23B
330
213
100
AcDbEntity
  8
DIM
100
AcDbCircle
 10
84714.9405636104
 20
15534.07762405072
 30
0.0
 40
3.0
  0
CIRCLE
  5
23C
330
213
100
AcDbEntity
  8
DIM
100
AcDbCircle
 10
84714.9405636104
 20
15524.87762405077
 30
0.0
 40
2.999999999999693
  0
LINE
  5
23D
330
213
100
AcDbEntity
  8
DIM
100
AcDbLine
 10
84719.6905636104
 20
15497.52762405073
 30
0.0
 11
84729.6905636104
 21
15497.52762405073
 31
0.0
  0
LINE
  5
23E
330
213
100
AcDbEntity
  8
DIM
100
AcDbLine
 10
84719.6905636104
 20
15502.52762405073
 30
0.0
 11
84729.6905636104
 21
15502.52762405073
 31
0.0
  0
LINE
  5
23F
330
213
100
AcDbEntity
  8
DIM
100
AcDbLine
 10
84719.6905636104
 20
15532.52762405073
 30
0.0
 11
84729.6905636104
 21
15532.52762405073
 31
0.0
  0
LINE
  5
240
330
213
100
AcDbEntity
  8
DIM
100
AcDbLine
 10
84719.6905636104
 20
15527.52762405074
 30
0.0
 11
84729.6905636104
 21
15527.52762405074
 31
0.0
  0
LINE
  5
241
330
213
100
AcDbEntity
  8
DIM
100
AcDbLine
 10
84729.6905636104
 20
15532.52762405073
 30
0.0
 11
84729.6905636104
 21
15527.52762405074
 31
0.0
  0
LINE
  5
242
330
213
100
AcDbEntity
  8
DIM
100
AcDbLine
 10
84729.6905636104
 20
15502.52762405073
 30
0.0
 11
84729.6905636104
 21
15497.52762405073
 31
0.0
  0
LINE
  5
243
330
213
100
AcDbEntity
  8
DIM
100
AcDbLine
 10
84728.6905636104
 20
15526.52762405079
 30
0.0
 11
84728.6905636104
 21
15503.52762405074
 31
0.0
  0
LINE
  5
244
330
213
100
AcDbEntity
  8
DIM
100
AcDbLine
 10
84729.6905636104
 20
15527.52762405074
 30
0.0
 11
84728.6905636104
 21
15526.52762405074
 31
0.0
  0
LINE
  5
245
330
213
100
AcDbEntity
  8
DIM
100
AcDbLine
 10
84728.6905636104
 20
15503.52762405074
 30
0.0
 11
84729.6905636104
 21
15502.52762405073
 31
0.0
  0
LINE
  5
246
330
213
100
AcDbEntity
  8
DIM
100
AcDbLine
 10
84728.6905636104
 20
15526.52762405074
 30
0.0
 11
84719.6905636104
 21
15526.52762405074
 31
0.0
  0
LINE
  5
247
330
213
100
AcDbEntity
  8
DIM
100
AcDbLine
 10
84728.6905636104
 20
15503.52762405074
 30
0.0
 11
84719.6905636104
 21
15503.52762405079
 31
0.0
  0
LINE
  5
248
330
213
100
AcDbEntity
  8
DIM
100
AcDbLine
 10
84710.1905636104
 20
15540.27762405073
 30
0.0
 11
84710.1905636104
 21
15489.77762405074
 31
0.0
  0
LINE
  5
249
330
213
100
AcDbEntity
  8
DIM
100
AcDbLine
 10
84719.6905636104
 20
15540.27762405073
 30
0.0
 11
84719.6905636104
 21
15489.77762405074
 31
0.0
  0
ENDBLK
  5
215
330
213
100
AcDbEntity
  8
0
100
AcDbBlockEnd
  0
BLOCK
  5
24B
330
24A
100
AcDbEntity
  8
0
100
AcDbBlockBegin
  2
FFERERER
 70
0
 10
0.0
 20
0.0
 30
0.0
  3
FFERERER
  1

  0
LINE
  5
24D
330
24A
100
AcDbEntity
  8
DIM
100
AcDbLine
 10
512515.0849578533
 20
359897.5534378221
 30
0.0
 11
512533.0849578533
 21
359897.5534378221
 31
0.0
  0
LINE
  5
24E
330
24A
100
AcDbEntity
  8
DIM
100
AcDbLine
 10
512533.0849578533
 20
359815.5534452939
 30
0.0
 11
512515.0849578533
 21
359815.5534452939
 31
0.0
  0
LINE
  5
24F
330
24A
100
AcDbEntity
  8
DIM
100
AcDbLine
 10
512533.0849578533
 20
359897.5534378221
 30
0.0
 11
512533.0849578533
 21
359815.5534452939
 31
0.0
  0
LINE
  5
250
330
24A
100
AcDbEntity
  8
DIM
100
AcDbLine
 10
512515.0849578533
 20
359879.0534415581
 30
0.0
 11
512533.0849578533
 21
359879.0534415581
 31
0.0
  0
LINE
  5
251
330
24A
100
AcDbEntity
  8
DIM
100
AcDbLine
 10
512515.0849578533
 20
359834.053441558
 30
0.0
 11
512533.0849578533
 21
359834.053441558
 31
0.0
  0
CIRCLE
  5
252
330
24A
100
AcDbEntity
  8
DIM
100
AcDbCircle
 10
512524.0849578533
 20
359825.0534452939
 30
0.0
 40
3.853667740600851
  0
LINE
  5
253
330
24A
100
AcDbEntity
  8
DIM
100
AcDbLine
 10
512526.4484752147
 20
359826.8701491839
 30
0.0
 11
512524.6317713246
 21
359825.0534452939
 31
0.0
  0
LINE
  5
254
330
24A
100
AcDbEntity
  8
DIM
100
AcDbLine
 10
512524.0849578533
 20
359824.5066318225
 30
0.0
 11
512522.2682539632
 21
359822.6899279327
 31
0.0
  0
LINE
  5
255
330
24A
100
AcDbEntity
  8
DIM
100
AcDbLine
 10
512525.9016617433
 20
359827.4169626554
 30
0.0
 11
512524.0849578533
 21
359825.6002587652
 31
0.0
  0
LINE
  5
256
330
24A
100
AcDbEntity
  8
DIM
100
AcDbLine
 10
512523.538144382
 20
359825.0534452939
 30
0.0
 11
512521.721440492
 21
359823.236741404
 31
0.0
  0
LINE
  5
257
330
24A
100
AcDbEntity
  8
DIM
100
AcDbLine
 10
512525.9016617433
 20
359827.4169626554
 30
0.0
 11
512526.4484752147
 21
359826.8701491839
 31
0.0
  0
LINE
  5
258
330
24A
100
AcDbEntity
  8
DIM
100
AcDbLine
 10
512521.721440492
 20
359823.236741404
 30
0.0
 11
512522.2682539632
 21
359822.6899279327
 31
0.0
  0
LINE
  5
259
330
24A
100
AcDbEntity
  8
DIM
100
AcDbLine
 10
512522.2682539632
 20
359827.4169626554
 30
0.0
 11
512524.0849578533
 21
359825.6002587652
 31
0.0
  0
LINE
  5
25A
330
24A
100
AcDbEntity
  8
DIM
100
AcDbLine
 10
512524.6317713246
 20
359825.0534452939
 30
0.0
 11
512526.4484752147
 21
359823.236741404
 31
0.0
  0
LINE
  5
25B
330
24A
100
AcDbEntity
  8
DIM
100
AcDbLine
 10
512521.721440492
 20
359826.8701491839
 30
0.0
 11
512523.538144382
 21
359825.0534452939
 31
0.0
  0
LINE
  5
25C
330
24A
100
AcDbEntity
  8
DIM
100
AcDbLine
 10
512524.0849578533
 20
359824.5066318225
 30
0.0
 11
512525.9016617433
 21
359822.6899279327
 31
0.0
  0
LINE
  5
25D
330
24A
100
AcDbEntity
  8
DIM
100
AcDbLine
 10
512521.721440492
 20
359826.8701491839
 30
0.0
 11
512522.2682539632
 21
359827.4169626554
 31
0.0
  0
LINE
  5
25E
330
24A
100
AcDbEntity
  8
DIM
100
AcDbLine
 10
512525.9016617433
 20
359822.6899279327
 30
0.0
 11
512526.4484752147
 21
359823.236741404
 31
0.0
  0
CIRCLE
  5
25F
330
24A
100
AcDbEntity
  8
DIM
100
AcDbCircle
 10
512524.0849578533
 20
359888.0534378221
 30
0.0
 40
3.853667740600851
  0
LINE
  5
260
330
24A
100
AcDbEntity
  8
DIM
100
AcDbLine
 10
512526.4484752147
 20
359886.2367339318
 30
0.0
 11
512524.6317713246
 21
359888.0534378221
 31
0.0
  0
LINE
  5
261
330
24A
100
AcDbEntity
  8
DIM
100
AcDbLine
 10
512524.0849578533
 20
359888.6002512933
 30
0.0
 11
512522.2682539632
 21
359890.4169551833
 31
0.0
  0
LINE
  5
262
330
24A
100
AcDbEntity
  8
DIM
100
AcDbLine
 10
512525.9016617433
 20
359885.6899204606
 30
0.0
 11
512524.0849578533
 21
359887.5066243507
 31
0.0
  0
LINE
  5
263
330
24A
100
AcDbEntity
  8
DIM
100
AcDbLine
 10
512523.538144382
 20
359888.0534378221
 30
0.0
 11
512521.721440492
 21
359889.8701417122
 31
0.0
  0
LINE
  5
264
330
24A
100
AcDbEntity
  8
DIM
100
AcDbLine
 10
512525.9016617433
 20
359885.6899204606
 30
0.0
 11
512526.4484752147
 21
359886.2367339318
 31
0.0
  0
LINE
  5
265
330
24A
100
AcDbEntity
  8
DIM
100
AcDbLine
 10
512521.721440492
 20
359889.8701417122
 30
0.0
 11
512522.2682539632
 21
359890.4169551833
 31
0.0
  0
LINE
  5
266
330
24A
100
AcDbEntity
  8
DIM
100
AcDbLine
 10
512522.2682539632
 20
359885.6899204606
 30
0.0
 11
512524.0849578533
 21
359887.5066243507
 31
0.0
  0
LINE
  5
267
330
24A
100
AcDbEntity
  8
DIM
100
AcDbLine
 10
512524.6317713246
 20
359888.0534378221
 30
0.0
 11
512526.4484752147
 21
359889.8701417122
 31
0.0
  0
LINE
  5
268
330
24A
100
AcDbEntity
  8
DIM
100
AcDbLine
 10
512521.721440492
 20
359886.2367339318
 30
0.0
 11
512523.538144382
 21
359888.0534378221
 31
0.0
  0
LINE
  5
269
330
24A
100
AcDbEntity
  8
DIM
100
AcDbLine
 10
512524.0849578533
 20
359888.6002512933
 30
0.0
 11
512525.9016617433
 21
359890.4169551833
 31
0.0
  0
LINE
  5
26A
330
24A
100
AcDbEntity
  8
DIM
100
AcDbLine
 10
512521.721440492
 20
359886.2367339318
 30
0.0
 11
512522.2682539632
 21
359885.6899204606
 31
0.0
  0
LINE
  5
26B
330
24A
100
AcDbEntity
  8
DIM
100
AcDbLine
 10
512525.9016617433
 20
359890.4169551833
 30
0.0
 11
512526.4484752147
 21
359889.8701417122
 31
0.0
  0
HATCH
  5
26C
330
24A
100
AcDbEntity
  8
DIM
100
AcDbHatch
 10
0.0
 20
0.0
 30
0.0
210
0.0
220
0.0
230
1.0
  2
ANSI31
 70
0
 71
0
 91
1
 92
7
 72
0
 73
1
 93
4
 10
512529.6597376898
 20
359876.9627821206
 10
512518.5101780168
 20
359876.9627821205
 10
512518.5101780168
 20
359870.2778425489
 10
512529.6597376898
 20
359870.2778425489
 97
0
 75
0
 76
1
 52
0.0
 41
1.0
 77
0
 78
1
 53
45.0
 43
17.11928443150827
 44
0.0
 45
-0.0883883476483184
 46
0.0883883476483185
 79
0
 47
0.1355595172036021
 98
1
 10
512522.4495063072
 20
359874.7991495645
  0
LWPOLYLINE
  5
26D
330
24A
100
AcDbEntity
  8
DIM
100
AcDbPolyline
 90
4
 70
1
 10
512518.5101780168
 20
359876.9627821206
 10
512529.6597376898
 20
359876.9627821206
 10
512529.6597376898
 20
359870.2778425489
 10
512518.5101780168
 20
359870.2778425489
  0
LWPOLYLINE
  5
26E
330
24A
100
AcDbEntity
  8
DIM
100
AcDbPolyline
 90
4
 70
1
 10
512518.5101780168
 20
359870.2778425489
 10
512529.6597376898
 20
359870.2778425489
 10
512529.6597376898
 20
359839.7489042639
 10
512518.5101780168
 20
359839.7489042639
  0
LINE
  5
26F
330
24A
100
AcDbEntity
  8
DIM
100
AcDbLine
 10
512515.0849578533
 20
359897.5534378221
 30
0.0
 11
512515.0849578533
 21
359815.5534452939
 31
0.0
  0
MTEXT
  5
270
330
24A
100
AcDbEntity
  8
DIM
100
AcDbMText
 10
512524.0849578533
 20
359847.3811388352
 30
0.0
 40
3.0
 41
11.14955967303831
 46
15.26446914245344
 71
5
 72
5
  1
Fuse
  7
Tahoma (Input Text)
  0
ENDBLK
  5
24C
330
24A
100
AcDbEntity
  8
0
100
AcDbBlockEnd
  0
BLOCK
  5
272
330
271
100
AcDbEntity
  8
0
100
AcDbBlockBegin
  2
LS 50AF 2P
 70
0
 10
0.0
 20
0.0
 30
0.0
  3
LS 50AF 2P
  1

  0
INSERT
  5
274
330
271
100
AcDbEntity
  8
0
100
AcDbBlockReference
  2
CB LS 30AF 2P
 10
0.0
 20
0.0
 30
0.0
  0
CIRCLE
  5
276
330
271
100
AcDbEntity
  8
0
 62
1
100
AcDbCircle
 10
12.5
 20
-7.5
 30
0.0
 40
4.5
  0
CIRCLE
  5
277
330
271
100
AcDbEntity
  8
0
 62
8
100
AcDbCircle
 10
37.5
 20
-7.5
 30
0.0
 40
4.5
  0
CIRCLE
  5
278
330
271
100
AcDbEntity
  8
0
 62
4
100
AcDbCircle
 10
25.0
 20
-9.75
 30
0.0
 40
2.5
  0
CIRCLE
  5
279
330
271
100
AcDbEntity
  8
0
 62
8
100
AcDbCircle
 10
37.5
 20
-122.5
 30
0.0
 40
4.5
  0
CIRCLE
  5
27A
330
271
100
AcDbEntity
  8
0
 62
1
100
AcDbCircle
 10
12.5
 20
-122.5999999999999
 30
0.0
 40
4.5
  0
CIRCLE
  5
27B
330
271
100
AcDbEntity
  8
0
 62
4
100
AcDbCircle
 10
25.0
 20
-120.25
 30
0.0
 40
2.5
  0
LWPOLYLINE
  5
27C
330
271
100
AcDbEntity
  8
0
 62
8
100
AcDbPolyline
 90
4
 70
1
 10
29.99999999999909
 20
-14.0
 10
44.99999999999909
 20
-14.0
 10
44.99999999999909
 20
4.547e-13
 10
29.99999999999909
 20
4.547e-13
  0
LWPOLYLINE
  5
27D
330
271
100
AcDbEntity
  8
0
 62
1
100
AcDbPolyline
 90
4
 70
1
 10
4.999999999999089
 20
-14.0
 10
19.99999999999909
 20
-14.0
 10
19.99999999999909
 20
4.547e-13
 10
4.999999999999089
 20
4.547e-13
  0
LWPOLYLINE
  5
27E
330
271
100
AcDbEntity
  8
0
 62
8
100
AcDbPolyline
 90
4
 70
1
 10
29.99999999999909
 20
-116.0
 10
44.99999999999909
 20
-116.0
 10
44.99999999999909
 20
-130.0000000000004
 10
29.99999999999909
 20
-130.0000000000004
  0
LWPOLYLINE
  5
27F
330
271
100
AcDbEntity
  8
0
 62
1
100
AcDbPolyline
 90
4
 70
1
 10
4.999999999999089
 20
-116.0
 10
19.99999999999909
 20
-116.0
 10
19.99999999999909
 20
-130.0000000000004
 10
4.999999999999089
 20
-130.0000000000004
  0
MTEXT
  5
280
330
271
100
AcDbEntity
  8
0
100
AcDbMText
 10
16.60404684741297
 20
-57.09509312137516
 30
0.0
 40
3.5
 41
37.68671622717443
 46
0.0
 71
1
 72
5
  1
\pi8.28487;{\C1;LS MCCB\P\pi11.63446;ABN/S\P\pi11.30499;52c-2P}
101
Embedded Object
 70
1
 10
1.0
 20
0.0
 30
0.0
 11
16.60404684741297
 21
-57.09509312137516
 31
0.0
 40
37.68671622717443
 41
0.0
 42
37.68671622717443
 43
0.0
 71
2
 72
1
 44
37.68671622717443
 45
1.0
 73
0
 74
0
 46
0.0
  0
ENDBLK
  5
273
330
271
100
AcDbEntity
  8
0
100
AcDbBlockEnd
  0
BLOCK
  5
282
330
281
100
AcDbEntity
  8
0
100
AcDbBlockBegin
  2
EKU8
 70
0
 10
0.0
 20
0.0
 30
0.0
  3
EKU8
  1

  0
HATCH
  5
284
330
281
100
AcDbEntity
  8
0
 62
4
100
AcDbHatch
 10
0.0
 20
0.0
 30
0.0
210
0.0
220
0.0
230
1.0
  2
ANSI31
 70
0
 71
0
 91
2
 92
7
 72
0
 73
1
 93
6
 10
35968.14659237417
 20
6762.237509126157
 10
35961.64659237417
 20
6762.237509126157
 10
35958.39659237417
 20
6756.608344001556
 10
35961.64659237417
 20
6750.979178876959
 10
35968.14659237417
 20
6750.979178876959
 10
35971.39659237417
 20
6756.608344001556
 97
1
330
FE802
 92
22
 72
0
 73
1
 93
6
 10
35966.4145415666
 20
6759.237509126158
 10
35967.93249075904
 20
6756.60834400156
 10
35966.4145415666
 20
6753.979178876959
 10
35963.37864318174
 20
6753.979178876959
 10
35961.86069398931
 20
6756.60834400156
 10
35963.37864318174
 20
6759.237509126158
 97
1
330
FE804
 75
0
 76
1
 52
0.0
 41
5.0
 77
0
 78
1
 53
45.0
 43
0.0
 44
0.0
 45
-0.4419417382415922
 46
0.4419417382415923
 79
0
 47
0.0429014047508775
 98
2
 10
35968.79796114818
 20
6761.043323856606
 10
35968.79796114818
 20
6761.043323856606
  0
LWPOLYLINE
  5
285
330
281
100
AcDbEntity
  8
0
 62
4
100
AcDbPolyline
 90
6
 70
1
 10
35961.64659237417
 20
6762.237509126157
 10
35958.39659237417
 20
6756.608344001559
 10
35961.64659237417
 20
6750.979178876959
 10
35968.14659237417
 20
6750.979178876959
 10
35971.39659237417
 20
6756.608344001559
 10
35968.14659237417
 20
6762.237509126157
  0
HATCH
  5
286
330
281
100
AcDbEntity
  8
0
 62
4
100
AcDbHatch
 10
0.0
 20
0.0
 30
0.0
210
0.0
220
0.0
230
1.0
  2
ANSI37
 70
0
 71
0
 91
1
 92
7
 72
0
 73
1
 93
6
 10
35966.4145415666
 20
6759.237509126158
 10
35963.37864318174
 20
6759.237509126157
 10
35961.86069398931
 20
6756.60834400156
 10
35963.37864318174
 20
6753.979178876959
 10
35966.4145415666
 20
6753.979178876959
 10
35967.93249075904
 20
6756.60834400156
 97
1
330
FE804
 75
0
 76
1
 52
0.0
 41
1.0
 77
0
 78
2
 53
45.0
 43
0.0
 44
0.0
 45
-0.0883883476483184
 46
0.0883883476483185
 79
0
 53
135.0
 43
0.0
 44
0.0
 45
-0.0883883476483185
 46
-0.0883883476483184
 79
0
 47
0.0161064382716608
 98
1
 10
35965.81462911741
 20
6757.950858784052
  0
LWPOLYLINE
  5
287
330
281
100
AcDbEntity
  8
0
 62
4
100
AcDbPolyline
 90
6
 70
1
 10
35963.37864318174
 20
6759.237509126157
 10
35961.86069398931
 20
6756.608344001559
 10
35963.37864318174
 20
6753.979178876959
 10
35966.4145415666
 20
6753.979178876959
 10
35967.93249075904
 20
6756.608344001559
 10
35966.4145415666
 20
6759.237509126157
  0
LINE
  5
288
330
281
100
AcDbEntity
  8
0
 62
2
100
AcDbLine
 10
35964.89659237417
 20
6757.206231462274
 30
0.0
 11
35964.89659237417
 21
6756.010456540842
 31
0.0
  0
LINE
  5
289
330
281
100
AcDbEntity
  8
0
 62
2
100
AcDbLine
 10
35964.38827730539
 20
6756.608344001559
 30
0.0
 11
35965.40490744296
 21
6756.608344001559
 31
0.0
  0
ENDBLK
  5
283
330
281
100
AcDbEntity
  8
0
100
AcDbBlockEnd
  0
BLOCK
  5
28B
330
28A
100
AcDbEntity
  8
0
100
AcDbBlockBegin
  2
su35-1
 70
0
 10
0.0
 20
0.0
 30
0.0
  3
su35-1
  1

  0
LINE
  5
28D
330
28A
100
AcDbEntity
  8
0
 62
1
100
AcDbLine
 10
-6.0
 20
22.49999999999273
 30
0.0
 11
-6.0
 21
12.5
 31
0.0
  0
LINE
  5
28E
330
28A
100
AcDbEntity
  8
0
 62
1
100
AcDbLine
 10
6.000000000014551
 20
22.49999999999273
 30
0.0
 11
6.000000000014551
 21
12.5
 31
0.0
  0
LINE
  5
28F
330
28A
100
AcDbEntity
  8
0
 62
1
100
AcDbLine
 10
-13.00000000001455
 20
0.0
 30
0.0
 11
13.00000000001455
 21
0.0
 31
0.0
  0
LINE
  5
290
330
28A
100
AcDbEntity
  8
0
 62
1
100
AcDbLine
 10
-15.99999999991269
 20
12.5
 30
0.0
 11
16.0
 21
12.5
 31
0.0
  0
LINE
  5
291
330
28A
100
AcDbEntity
  8
0
 62
1
100
AcDbLine
 10
-13.00000000001455
 20
0.0
 30
0.0
 11
-15.99999999991269
 21
12.5
 31
0.0
  0
LINE
  5
292
330
28A
100
AcDbEntity
  8
0
 62
1
100
AcDbLine
 10
13.00000000001455
 20
0.0
 30
0.0
 11
16.0
 21
12.5
 31
0.0
  0
LINE
  5
293
330
28A
100
AcDbEntity
  8
0
 62
1
100
AcDbLine
 10
-17.49999999998545
 20
12.5
 30
0.0
 11
17.49999999998545
 21
12.5
 31
0.0
  0
LINE
  5
294
330
28A
100
AcDbEntity
  8
0
 62
1
100
AcDbLine
 10
-17.49999999998545
 20
12.5
 30
0.0
 11
-17.49999999998545
 21
22.49999999999273
 31
0.0
  0
LINE
  5
295
330
28A
100
AcDbEntity
  8
0
 62
1
100
AcDbLine
 10
17.49999999998545
 20
12.5
 30
0.0
 11
-17.49999999998545
 21
12.5
 31
0.0
  0
LINE
  5
296
330
28A
100
AcDbEntity
  8
0
 62
1
100
AcDbLine
 10
17.49999999998545
 20
22.49999999999273
 30
0.0
 11
17.49999999998545
 21
12.5
 31
0.0
  0
LINE
  5
297
330
28A
100
AcDbEntity
  8
0
 62
1
100
AcDbLine
 10
-17.49999999998545
 20
22.49999999999273
 30
0.0
 11
17.49999999998545
 21
22.49999999999273
 31
0.0
  0
LINE
  5
298
330
28A
100
AcDbEntity
  8
0
 62
1
100
AcDbLine
 10
13.00000000001455
 20
35.0
 30
0.0
 11
16.0
 21
22.49999999999273
 31
0.0
  0
LINE
  5
299
330
28A
100
AcDbEntity
  8
0
 62
1
100
AcDbLine
 10
-13.00000000001455
 20
35.0
 30
0.0
 11
-15.99999999991269
 21
22.49999999999273
 31
0.0
  0
LINE
  5
29A
330
28A
100
AcDbEntity
  8
0
 62
1
100
AcDbLine
 10
-15.99999999991269
 20
22.49999999999273
 30
0.0
 11
16.0
 21
22.49999999999273
 31
0.0
  0
LINE
  5
29B
330
28A
100
AcDbEntity
  8
0
 62
1
100
AcDbLine
 10
-13.00000000001455
 20
35.0
 30
0.0
 11
13.00000000001455
 21
35.0
 31
0.0
  0
MTEXT
  5
29C
330
28A
100
AcDbEntity
  8
0
 62
1
100
AcDbMText
 10
0.0
 20
17.34176684283738
 30
0.0
 40
3.0
 41
30.09781971546181
 46
0.0
 71
5
 72
5
  1
{\fTahoma|b0|i0|c0|p34;S35}
  0
LWPOLYLINE
  5
29D
330
28A
100
AcDbEntity
  8
0
 62
1
100
AcDbPolyline
 90
4
 70
1
 10
-4.0
 20
35.0
 10
4.0
 20
35.0
 10
4.0
 20
24.0
 10
-4.0
 20
24.0
  0
LWPOLYLINE
  5
29E
330
28A
100
AcDbEntity
  8
0
 62
1
100
AcDbPolyline
 90
4
 70
1
 10
-4.0
 20
-7.276e-12
 10
4.0
 20
-7.276e-12
 10
4.0
 20
10.99999999999272
 10
-4.0
 20
10.99999999999272
  0
MTEXT
  5
29F
330
28A
100
AcDbEntity
  8
0
 62
1
100
AcDbMText
 10
0.0
 20
26.40141971358389
 30
0.0
 40
1.5
 41
30.09781971546181
 46
0.0
 71
5
 72
5
  1
{\fTahoma|b0|i0|c0|p34;M8}
  0
MTEXT
  5
2A0
330
28A
100
AcDbEntity
  8
0
 62
1
100
AcDbMText
 10
0.0
 20
8.598580286408833
 30
0.0
 40
1.5
 41
30.09781971546181
 46
0.0
 71
5
 72
5
  1
{\fTahoma|b0|i0|c0|p34;M8}
  0
ENDBLK
  5
28C
330
28A
100
AcDbEntity
  8
0
100
AcDbBlockEnd
  0
BLOCK
  5
2A2
330
2A1
100
AcDbEntity
  8
0
100
AcDbBlockBegin
  2
HCC2 LS 100AF
 70
0
 10
0.0
 20
0.0
 30
0.0
  3
HCC2 LS 100AF
  1

  0
LINE
  5
2A4
330
2A1
100
AcDbEntity
  8
0
 62
7
100
AcDbLine
 10
58.00000000001455
 20
-107.0
 30
0.0
 11
60.00000000001455
 21
-107.0
 31
0.0
  0
LINE
  5
2A5
330
2A1
100
AcDbEntity
  8
0
 62
7
100
AcDbLine
 10
60.00000000001455
 20
-23.0
 30
0.0
 11
58.00000000001455
 21
-23.0
 31
0.0
  0
LINE
  5
2A6
330
2A1
100
AcDbEntity
  8
0
 62
7
100
AcDbLine
 10
58.00000000001455
 20
-23.0
 30
0.0
 11
60.00000000001455
 21
-23.0
 31
0.0
  0
LINE
  5
2A7
330
2A1
100
AcDbEntity
  8
0
 62
7
100
AcDbLine
 10
60.00000000001455
 20
-23.0
 30
0.0
 11
60.00000000001455
 21
-40.0
 31
0.0
  0
LINE
  5
2A8
330
2A1
100
AcDbEntity
  8
0
 62
7
100
AcDbLine
 10
60.00000000001455
 20
-90.0
 30
0.0
 11
60.00000000001455
 21
-107.0
 31
0.0
  0
LINE
  5
2A9
330
2A1
100
AcDbEntity
  8
0
 62
7
100
AcDbLine
 10
60.00000000001455
 20
-107.0
 30
0.0
 11
58.00000000001455
 21
-107.0
 31
0.0
  0
LINE
  5
2AA
330
2A1
100
AcDbEntity
  8
0
 62
7
100
AcDbLine
 10
62.99999999998544
 20
-88.49999999999999
 30
0.0
 11
60.00000000001455
 21
-90.0
 31
0.0
  0
LINE
  5
2AB
330
2A1
100
AcDbEntity
  8
0
 62
7
100
AcDbLine
 10
64.0
 20
-88.0
 30
0.0
 11
62.99999999998544
 21
-88.49999999999999
 31
0.0
  0
LINE
  5
2AC
330
2A1
100
AcDbEntity
  8
0
 62
7
100
AcDbLine
 10
65.0
 20
-86.65000000002327
 30
0.0
 11
65.0
 21
-81.35000000000582
 31
0.0
  0
ARC
  5
2AD
330
2A1
100
AcDbEntity
  8
0
 62
7
100
AcDbCircle
 10
64.0
 20
-81.35000000000582
 30
0.0
 40
1.000000000000005
100
AcDbArc
 50
0.0
 51
90.0
  0
LINE
  5
2AE
330
2A1
100
AcDbEntity
  8
0
 62
7
100
AcDbLine
 10
64.0
 20
-80.35000000003492
 30
0.0
 11
64.0
 21
-42.0
 31
0.0
  0
LINE
  5
2AF
330
2A1
100
AcDbEntity
  8
0
 62
7
100
AcDbLine
 10
64.0
 20
-42.0
 30
0.0
 11
62.99999999998544
 21
-41.5
 31
0.0
  0
LINE
  5
2B0
330
2A1
100
AcDbEntity
  8
0
 62
7
100
AcDbLine
 10
62.99999999998544
 20
-88.49999999999999
 30
0.0
 11
64.0
 21
-88.0
 31
0.0
  0
LINE
  5
2B1
330
2A1
100
AcDbEntity
  8
0
 62
7
100
AcDbLine
 10
64.0
 20
-88.0
 30
0.0
 11
64.0
 21
-87.65000000000872
 31
0.0
  0
ARC
  5
2B2
330
2A1
100
AcDbEntity
  8
0
 62
7
100
AcDbCircle
 10
64.0
 20
-86.65000000002327
 30
0.0
 40
1.000000000000005
100
AcDbArc
 50
270.0
 51
0.0
  0
LINE
  5
2B3
330
2A1
100
AcDbEntity
  8
0
 62
7
100
AcDbLine
 10
65.0
 20
-86.65000000002327
 30
0.0
 11
65.0
 21
-87.65000000000872
 31
0.0
  0
LINE
  5
2B4
330
2A1
100
AcDbEntity
  8
0
 62
7
100
AcDbLine
 10
65.0
 20
-81.35000000000582
 30
0.0
 11
65.0
 21
-86.65000000002327
 31
0.0
  0
LINE
  5
2B5
330
2A1
100
AcDbEntity
  8
0
 62
7
100
AcDbLine
 10
64.0
 20
-80.35000000003492
 30
0.0
 11
64.0
 21
-87.65000000000872
 31
0.0
  0
LINE
  5
2B6
330
2A1
100
AcDbEntity
  8
0
 62
7
100
AcDbLine
 10
64.0
 20
-87.65000000000872
 30
0.0
 11
64.0
 21
-88.0
 31
0.0
  0
LINE
  5
2B7
330
2A1
100
AcDbEntity
  8
0
 62
7
100
AcDbLine
 10
64.0
 20
-42.0
 30
0.0
 11
64.0
 21
-80.35000000003492
 31
0.0
  0
LINE
  5
2B8
330
2A1
100
AcDbEntity
  8
0
 62
7
100
AcDbLine
 10
64.0
 20
-86.2776595592877
 30
0.0
 11
65.0
 21
-86.2776595592877
 31
0.0
  0
LINE
  5
2B9
330
2A1
100
AcDbEntity
  8
0
 62
7
100
AcDbLine
 10
64.0
 20
-86.1819148898212
 30
0.0
 11
65.0
 21
-86.1819148898212
 31
0.0
  0
LINE
  5
2BA
330
2A1
100
AcDbEntity
  8
0
 62
7
100
AcDbLine
 10
65.0
 20
-86.2776595592877
 30
0.0
 11
64.0
 21
-86.2776595592877
 31
0.0
  0
LINE
  5
2BB
330
2A1
100
AcDbEntity
  8
0
 62
7
100
AcDbLine
 10
65.0
 20
-86.1819148898212
 30
0.0
 11
64.0
 21
-86.1819148898212
 31
0.0
  0
LINE
  5
2BC
330
2A1
100
AcDbEntity
  8
0
 62
7
100
AcDbLine
 10
64.0
 20
-86.15000000002328
 30
0.0
 11
65.0
 21
-86.15000000002328
 31
0.0
  0
LINE
  5
2BD
330
2A1
100
AcDbEntity
  8
0
 62
7
100
AcDbLine
 10
64.0
 20
-87.65000000000872
 30
0.0
 11
65.0
 21
-87.65000000000872
 31
0.0
  0
LINE
  5
2BE
330
2A1
100
AcDbEntity
  8
0
 62
7
100
AcDbLine
 10
65.0
 20
-87.65000000000872
 30
0.0
 11
65.0
 21
-86.65000000002327
 31
0.0
  0
LINE
  5
2BF
330
2A1
100
AcDbEntity
  8
0
 62
7
100
AcDbLine
 10
65.0
 20
-86.15000000002328
 30
0.0
 11
64.0
 21
-86.15000000002328
 31
0.0
  0
LINE
  5
2C0
330
2A1
100
AcDbEntity
  8
0
 62
7
100
AcDbLine
 10
65.0
 20
-87.65000000000872
 30
0.0
 11
64.0
 21
-87.65000000000872
 31
0.0
  0
LINE
  5
2C1
330
2A1
100
AcDbEntity
  8
0
 62
7
100
AcDbLine
 10
64.0
 20
-86.97978722452535
 30
0.0
 11
65.0
 21
-86.97978722452535
 31
0.0
  0
LINE
  5
2C2
330
2A1
100
AcDbEntity
  8
0
 62
7
100
AcDbLine
 10
65.0
 20
-86.97978722452535
 30
0.0
 11
64.0
 21
-86.97978722452535
 31
0.0
  0
LINE
  5
2C3
330
2A1
100
AcDbEntity
  8
0
 62
7
100
AcDbLine
 10
64.0
 20
-86.94787233474199
 30
0.0
 11
65.0
 21
-86.94787233474199
 31
0.0
  0
LINE
  5
2C4
330
2A1
100
AcDbEntity
  8
0
 62
7
100
AcDbLine
 10
64.0
 20
-86.85212766529003
 30
0.0
 11
65.0
 21
-86.85212766529003
 31
0.0
  0
LINE
  5
2C5
330
2A1
100
AcDbEntity
  8
0
 62
7
100
AcDbLine
 10
65.0
 20
-86.94787233474199
 30
0.0
 11
64.0
 21
-86.94787233474199
 31
0.0
  0
LINE
  5
2C6
330
2A1
100
AcDbEntity
  8
0
 62
7
100
AcDbLine
 10
64.0
 20
-86.7244681060256
 30
0.0
 11
65.0
 21
-86.7244681060256
 31
0.0
  0
LINE
  5
2C7
330
2A1
100
AcDbEntity
  8
0
 62
7
100
AcDbLine
 10
65.0
 20
-86.85212766529003
 30
0.0
 11
64.0
 21
-86.85212766529003
 31
0.0
  0
LINE
  5
2C8
330
2A1
100
AcDbEntity
  8
0
 62
7
100
AcDbLine
 10
64.0
 20
-86.6287234366173
 30
0.0
 11
65.0
 21
-86.6287234366173
 31
0.0
  0
LINE
  5
2C9
330
2A1
100
AcDbEntity
  8
0
 62
7
100
AcDbLine
 10
65.0
 20
-86.7244681060256
 30
0.0
 11
64.0
 21
-86.7244681060256
 31
0.0
  0
LINE
  5
2CA
330
2A1
100
AcDbEntity
  8
0
 62
7
100
AcDbLine
 10
65.0
 20
-86.6287234366173
 30
0.0
 11
64.0
 21
-86.6287234366173
 31
0.0
  0
LINE
  5
2CB
330
2A1
100
AcDbEntity
  8
0
 62
7
100
AcDbLine
 10
64.0
 20
-86.78829788567965
 30
0.0
 11
65.0
 21
-86.78829788567965
 31
0.0
  0
LINE
  5
2CC
330
2A1
100
AcDbEntity
  8
0
 62
7
100
AcDbLine
 10
65.0
 20
-86.75638299583807
 30
0.0
 11
64.0
 21
-86.75638299583807
 31
0.0
  0
LINE
  5
2CD
330
2A1
100
AcDbEntity
  8
0
 62
7
100
AcDbLine
 10
64.0
 20
-86.75638299583807
 30
0.0
 11
65.0
 21
-86.75638299583807
 31
0.0
  0
LINE
  5
2CE
330
2A1
100
AcDbEntity
  8
0
 62
7
100
AcDbLine
 10
65.0
 20
-86.6925532162277
 30
0.0
 11
64.0
 21
-86.6925532162277
 31
0.0
  0
LINE
  5
2CF
330
2A1
100
AcDbEntity
  8
0
 62
7
100
AcDbLine
 10
64.0
 20
-86.6925532162277
 30
0.0
 11
65.0
 21
-86.6925532162277
 31
0.0
  0
LINE
  5
2D0
330
2A1
100
AcDbEntity
  8
0
 62
7
100
AcDbLine
 10
65.0
 20
-86.59680854680482
 30
0.0
 11
64.0
 21
-86.59680854680482
 31
0.0
  0
LINE
  5
2D1
330
2A1
100
AcDbEntity
  8
0
 62
7
100
AcDbLine
 10
64.0
 20
-86.59680854680482
 30
0.0
 11
65.0
 21
-86.59680854680482
 31
0.0
  0
LINE
  5
2D2
330
2A1
100
AcDbEntity
  8
0
 62
7
100
AcDbLine
 10
65.0
 20
-86.5010637879459
 30
0.0
 11
64.0
 21
-86.5010637879459
 31
0.0
  0
LINE
  5
2D3
330
2A1
100
AcDbEntity
  8
0
 62
7
100
AcDbLine
 10
64.0
 20
-86.5010637879459
 30
0.0
 11
65.0
 21
-86.5010637879459
 31
0.0
  0
LINE
  5
2D4
330
2A1
100
AcDbEntity
  8
0
 62
7
100
AcDbLine
 10
65.0
 20
-86.40531911852304
 30
0.0
 11
64.0
 21
-86.40531911852304
 31
0.0
  0
LINE
  5
2D5
330
2A1
100
AcDbEntity
  8
0
 62
7
100
AcDbLine
 10
64.0
 20
-86.40531911852304
 30
0.0
 11
65.0
 21
-86.40531911852304
 31
0.0
  0
LINE
  5
2D6
330
2A1
100
AcDbEntity
  8
0
 62
7
100
AcDbLine
 10
65.0
 20
-86.34148933888353
 30
0.0
 11
64.0
 21
-86.34148933888353
 31
0.0
  0
LINE
  5
2D7
330
2A1
100
AcDbEntity
  8
0
 62
7
100
AcDbLine
 10
64.0
 20
-86.34148933888353
 30
0.0
 11
65.0
 21
-86.34148933888353
 31
0.0
  0
LINE
  5
2D8
330
2A1
100
AcDbEntity
  8
0
 62
7
100
AcDbLine
 10
65.0
 20
-86.30957444908563
 30
0.0
 11
64.0
 21
-86.30957444908563
 31
0.0
  0
LINE
  5
2D9
330
2A1
100
AcDbEntity
  8
0
 62
7
100
AcDbLine
 10
64.0
 20
-86.30957444908563
 30
0.0
 11
65.0
 21
-86.30957444908563
 31
0.0
  0
LINE
  5
2DA
330
2A1
100
AcDbEntity
  8
0
 62
7
100
AcDbLine
 10
65.0
 20
-86.78829788567965
 30
0.0
 11
64.0
 21
-86.78829788567965
 31
0.0
  0
LINE
  5
2DB
330
2A1
100
AcDbEntity
  8
0
 62
7
100
AcDbLine
 10
65.0
 20
-87.6180851074023
 30
0.0
 11
64.0
 21
-87.6180851074023
 31
0.0
  0
LINE
  5
2DC
330
2A1
100
AcDbEntity
  8
0
 62
7
100
AcDbLine
 10
64.0
 20
-87.6180851074023
 30
0.0
 11
65.0
 21
-87.6180851074023
 31
0.0
  0
LINE
  5
2DD
330
2A1
100
AcDbEntity
  8
0
 62
7
100
AcDbLine
 10
65.0
 20
-87.55425531941
 30
0.0
 11
64.0
 21
-87.55425531941
 31
0.0
  0
LINE
  5
2DE
330
2A1
100
AcDbEntity
  8
0
 62
7
100
AcDbLine
 10
64.0
 20
-87.55425531941
 30
0.0
 11
65.0
 21
-87.55425531941
 31
0.0
  0
LINE
  5
2DF
330
2A1
100
AcDbEntity
  8
0
 62
7
100
AcDbLine
 10
65.0
 20
-87.42659574895515
 30
0.0
 11
64.0
 21
-87.42659574895515
 31
0.0
  0
LINE
  5
2E0
330
2A1
100
AcDbEntity
  8
0
 62
7
100
AcDbLine
 10
64.0
 20
-87.42659574895515
 30
0.0
 11
65.0
 21
-87.42659574895515
 31
0.0
  0
LINE
  5
2E1
330
2A1
100
AcDbEntity
  8
0
 62
7
100
AcDbLine
 10
65.0
 20
-87.29893616738264
 30
0.0
 11
64.0
 21
-87.29893616738264
 31
0.0
  0
LINE
  5
2E2
330
2A1
100
AcDbEntity
  8
0
 62
7
100
AcDbLine
 10
64.0
 20
-87.29893616738264
 30
0.0
 11
65.0
 21
-87.29893616738264
 31
0.0
  0
LINE
  5
2E3
330
2A1
100
AcDbEntity
  8
0
 62
7
100
AcDbLine
 10
65.0
 20
-87.13936171829118
 30
0.0
 11
64.0
 21
-87.13936171829118
 31
0.0
  0
LINE
  5
2E4
330
2A1
100
AcDbEntity
  8
0
 62
7
100
AcDbLine
 10
64.0
 20
-87.13936171829118
 30
0.0
 11
65.0
 21
-87.13936171829118
 31
0.0
  0
LINE
  5
2E5
330
2A1
100
AcDbEntity
  8
0
 62
7
100
AcDbLine
 10
65.0
 20
-87.2670212775847
 30
0.0
 11
64.0
 21
-87.2670212775847
 31
0.0
  0
LINE
  5
2E6
330
2A1
100
AcDbEntity
  8
0
 62
7
100
AcDbLine
 10
64.0
 20
-87.2670212775847
 30
0.0
 11
65.0
 21
-87.2670212775847
 31
0.0
  0
LINE
  5
2E7
330
2A1
100
AcDbEntity
  8
0
 62
7
100
AcDbLine
 10
65.0
 20
-87.36276594699304
 30
0.0
 11
64.0
 21
-87.36276594699304
 31
0.0
  0
LINE
  5
2E8
330
2A1
100
AcDbEntity
  8
0
 62
7
100
AcDbLine
 10
64.0
 20
-87.36276594699304
 30
0.0
 11
65.0
 21
-87.36276594699304
 31
0.0
  0
LINE
  5
2E9
330
2A1
100
AcDbEntity
  8
0
 62
7
100
AcDbLine
 10
65.0
 20
-87.4585106387676
 30
0.0
 11
64.0
 21
-87.4585106387676
 31
0.0
  0
LINE
  5
2EA
330
2A1
100
AcDbEntity
  8
0
 62
7
100
AcDbLine
 10
64.0
 20
-87.4585106387676
 30
0.0
 11
65.0
 21
-87.4585106387676
 31
0.0
  0
LINE
  5
2EB
330
2A1
100
AcDbEntity
  8
0
 62
7
100
AcDbLine
 10
65.0
 20
-86.4372340083064
 30
0.0
 11
64.0
 21
-86.4372340083064
 31
0.0
  0
LINE
  5
2EC
330
2A1
100
AcDbEntity
  8
0
 62
7
100
AcDbLine
 10
64.0
 20
-86.4372340083064
 30
0.0
 11
65.0
 21
-86.4372340083064
 31
0.0
  0
LINE
  5
2ED
330
2A1
100
AcDbEntity
  8
0
 62
7
100
AcDbLine
 10
65.0
 20
-86.53297876717988
 30
0.0
 11
64.0
 21
-86.53297876717988
 31
0.0
  0
LINE
  5
2EE
330
2A1
100
AcDbEntity
  8
0
 62
7
100
AcDbLine
 10
64.0
 20
-86.53297876717988
 30
0.0
 11
65.0
 21
-86.53297876717988
 31
0.0
  0
LINE
  5
2EF
330
2A1
100
AcDbEntity
  8
0
 62
7
100
AcDbLine
 10
65.0
 20
-86.82021277547756
 30
0.0
 11
64.0
 21
-86.82021277547756
 31
0.0
  0
LINE
  5
2F0
330
2A1
100
AcDbEntity
  8
0
 62
7
100
AcDbLine
 10
64.0
 20
-86.82021277547756
 30
0.0
 11
65.0
 21
-86.82021277547756
 31
0.0
  0
LINE
  5
2F1
330
2A1
100
AcDbEntity
  8
0
 62
7
100
AcDbLine
 10
65.0
 20
-87.52234042959753
 30
0.0
 11
64.0
 21
-87.52234042959753
 31
0.0
  0
LINE
  5
2F2
330
2A1
100
AcDbEntity
  8
0
 62
7
100
AcDbLine
 10
64.0
 20
-87.52234042959753
 30
0.0
 11
65.0
 21
-87.52234042959753
 31
0.0
  0
LINE
  5
2F3
330
2A1
100
AcDbEntity
  8
0
 62
7
100
AcDbLine
 10
65.0
 20
-87.2351063877577
 30
0.0
 11
64.0
 21
-87.2351063877577
 31
0.0
  0
LINE
  5
2F4
330
2A1
100
AcDbEntity
  8
0
 62
7
100
AcDbLine
 10
64.0
 20
-87.2351063877577
 30
0.0
 11
65.0
 21
-87.2351063877577
 31
0.0
  0
LINE
  5
2F5
330
2A1
100
AcDbEntity
  8
0
 62
7
100
AcDbLine
 10
65.0
 20
-87.3308510571951
 30
0.0
 11
64.0
 21
-87.3308510571951
 31
0.0
  0
LINE
  5
2F6
330
2A1
100
AcDbEntity
  8
0
 62
7
100
AcDbLine
 10
64.0
 20
-87.3308510571951
 30
0.0
 11
65.0
 21
-87.3308510571951
 31
0.0
  0
LINE
  5
2F7
330
2A1
100
AcDbEntity
  8
0
 62
7
100
AcDbLine
 10
65.0
 20
-87.17127660813274
 30
0.0
 11
64.0
 21
-87.17127660813274
 31
0.0
  0
LINE
  5
2F8
330
2A1
100
AcDbEntity
  8
0
 62
7
100
AcDbLine
 10
64.0
 20
-87.17127660813274
 30
0.0
 11
65.0
 21
-87.17127660813274
 31
0.0
  0
LINE
  5
2F9
330
2A1
100
AcDbEntity
  8
0
 62
7
100
AcDbLine
 10
65.0
 20
-87.07553189399187
 30
0.0
 11
64.0
 21
-87.07553189399187
 31
0.0
  0
LINE
  5
2FA
330
2A1
100
AcDbEntity
  8
0
 62
7
100
AcDbLine
 10
64.0
 20
-87.07553189399187
 30
0.0
 11
65.0
 21
-87.07553189399187
 31
0.0
  0
LINE
  5
2FB
330
2A1
100
AcDbEntity
  8
0
 62
7
100
AcDbLine
 10
65.0
 20
-87.01170211435237
 30
0.0
 11
64.0
 21
-87.01170211435237
 31
0.0
  0
LINE
  5
2FC
330
2A1
100
AcDbEntity
  8
0
 62
7
100
AcDbLine
 10
64.0
 20
-87.01170211435237
 30
0.0
 11
65.0
 21
-87.01170211435237
 31
0.0
  0
LINE
  5
2FD
330
2A1
100
AcDbEntity
  8
0
 62
7
100
AcDbLine
 10
65.0
 20
-86.88404255508794
 30
0.0
 11
64.0
 21
-86.88404255508794
 31
0.0
  0
LINE
  5
2FE
330
2A1
100
AcDbEntity
  8
0
 62
7
100
AcDbLine
 10
64.0
 20
-86.88404255508794
 30
0.0
 11
65.0
 21
-86.88404255508794
 31
0.0
  0
LINE
  5
2FF
330
2A1
100
AcDbEntity
  8
0
 62
7
100
AcDbLine
 10
65.0
 20
-86.37340422871057
 30
0.0
 11
64.0
 21
-86.37340422871057
 31
0.0
  0
LINE
  5
300
330
2A1
100
AcDbEntity
  8
0
 62
7
100
AcDbLine
 10
64.0
 20
-86.37340422871057
 30
0.0
 11
65.0
 21
-86.37340422871057
 31
0.0
  0
LINE
  5
301
330
2A1
100
AcDbEntity
  8
0
 62
7
100
AcDbLine
 10
65.0
 20
-86.2457446694607
 30
0.0
 11
64.0
 21
-86.2457446694607
 31
0.0
  0
LINE
  5
302
330
2A1
100
AcDbEntity
  8
0
 62
7
100
AcDbLine
 10
64.0
 20
-86.2457446694607
 30
0.0
 11
65.0
 21
-86.2457446694607
 31
0.0
  0
LINE
  5
303
330
2A1
100
AcDbEntity
  8
0
 62
7
100
AcDbLine
 10
65.0
 20
-86.66063832641521
 30
0.0
 11
64.0
 21
-86.66063832641521
 31
0.0
  0
LINE
  5
304
330
2A1
100
AcDbEntity
  8
0
 62
7
100
AcDbLine
 10
64.0
 20
-86.66063832641521
 30
0.0
 11
65.0
 21
-86.66063832641521
 31
0.0
  0
LINE
  5
305
330
2A1
100
AcDbEntity
  8
0
 62
7
100
AcDbLine
 10
65.0
 20
-86.91595744492952
 30
0.0
 11
64.0
 21
-86.91595744492952
 31
0.0
  0
LINE
  5
306
330
2A1
100
AcDbEntity
  8
0
 62
7
100
AcDbLine
 10
64.0
 20
-86.91595744492952
 30
0.0
 11
65.0
 21
-86.91595744492952
 31
0.0
  0
ARC
  5
307
330
2A1
100
AcDbEntity
  8
0
 62
7
100
AcDbCircle
 10
64.0
 20
-81.35000000000582
 30
0.0
 40
1.000000000000005
100
AcDbArc
 50
0.0
 51
90.0
  0
LINE
  5
308
330
2A1
100
AcDbEntity
  8
0
 62
7
100
AcDbLine
 10
64.0
 20
-80.35000000003492
 30
0.0
 11
64.0
 21
-87.65000000000872
 31
0.0
  0
ARC
  5
309
330
2A1
100
AcDbEntity
  8
0
 62
7
100
AcDbCircle
 10
64.0
 20
-86.65000000002327
 30
0.0
 40
1.000000000000005
100
AcDbArc
 50
270.0
 51
0.0
  0
LINE
  5
30A
330
2A1
100
AcDbEntity
  8
0
 62
7
100
AcDbLine
 10
60.00000000001455
 20
-40.0
 30
0.0
 11
62.99999999998544
 21
-41.5
 31
0.0
  0
LINE
  5
30B
330
2A1
100
AcDbEntity
  8
0
 62
7
100
AcDbLine
 10
62.99999999998544
 20
-41.5
 30
0.0
 11
64.0
 21
-42.0
 31
0.0
  0
LINE
  5
30C
330
2A1
100
AcDbEntity
  8
0
 62
7
100
AcDbLine
 10
62.99999999998544
 20
-41.5
 30
0.0
 11
60.00000000001455
 21
-40.0
 31
0.0
  0
LINE
  5
30D
330
2A1
100
AcDbEntity
  8
0
 62
7
100
AcDbLine
 10
60.00000000001455
 20
-90.0
 30
0.0
 11
62.99999999998544
 21
-88.49999999999999
 31
0.0
  0
LINE
  5
30E
330
2A1
100
AcDbEntity
  8
0
 62
7
100
AcDbLine
 10
65.0
 20
-81.5
 30
0.0
 11
66.00000000001455
 21
-81.5
 31
0.0
  0
SPLINE
  5
30F
330
2A1
100
AcDbEntity
  8
0
 62
7
100
AcDbSpline
 70
8
 71
3
 72
20
 73
16
 74
0
 42
1e-09
 40
1.1e-14
 40
1.1e-14
 40
1.1e-14
 40
1.1e-14
 40
0.3287923849521
 40
0.3287923849521
 40
0.3287923849521
 40
0.4957606539882001
 40
0.4957606539882001
 40
0.4957606539882001
 40
0.66131709712
 40
0.66131709712
 40
0.66131709712
 40
0.8268835617332999
 40
0.8268835617332999
 40
0.8268835617332999
 40
1.0
 40
1.0
 40
1.0
 40
1.0
 10
67.00000000001455
 20
-82.5
 30
0.0
 10
67.00000000001455
 20
-82.35223222643253
 30
0.0
 10
66.96784622730047
 20
-82.2043740794179
 30
0.0
 10
66.90021857150714
 20
-82.06456168799195
 30
0.0
 10
66.86587570612028
 20
-81.99356176814763
 30
0.0
 10
66.82226394208556
 20
-81.92470479625626
 30
0.0
 10
66.76840598959825
 20
-81.8600373173249
 30
0.0
 10
66.71500344130618
 20
-81.79591664418695
 30
0.0
 10
66.65149886101426
 20
-81.73585650372841
 30
0.0
 10
66.57678025829955
 20
-81.68310065884725
 30
0.0
 10
66.5020571329078
 20
-81.63034162053373
 30
0.0
 10
66.4159356951277
 20
-81.58509338088334
 30
0.0
 10
66.32095860951813
 20
-81.55290677808807
 30
0.0
 10
66.221650486812
 20
-81.51925243841833
 30
0.0
 10
66.1126604508172
 20
-81.5
 30
0.0
 10
66.00000000001455
 20
-81.5
 30
0.0
  0
LINE
  5
310
330
2A1
100
AcDbEntity
  8
0
 62
7
100
AcDbLine
 10
67.00000000001455
 20
-82.5
 30
0.0
 11
67.00000000001455
 21
-85.5
 31
0.0
  0
SPLINE
  5
311
330
2A1
100
AcDbEntity
  8
0
 62
7
100
AcDbSpline
 70
8
 71
3
 72
17
 73
13
 74
0
 42
1e-09
 40
5.21e-14
 40
5.21e-14
 40
5.21e-14
 40
5.21e-14
 40
0.33868290288
 40
0.33868290288
 40
0.33868290288
 40
0.5042393460118
 40
0.5042393460118
 40
0.5042393460118
 40
0.6712076150479
 40
0.6712076150479
 40
0.6712076150479
 40
1.0
 40
1.0
 40
1.0
 40
1.0
 10
66.00000000001455
 20
-86.5
 30
0.0
 10
66.2204075413174
 20
-86.5
 30
0.0
 10
66.42392656829907
 20
-86.42482327550533
 30
0.0
 10
66.57678025829955
 20
-86.31689934118185
 30
0.0
 10
66.65149886101426
 20
-86.26414349628612
 30
0.0
 10
66.71500344130618
 20
-86.2040833558276
 30
0.0
 10
66.76840598959825
 20
-86.13996268270421
 30
0.0
 10
66.82226394208556
 20
-86.07529520377282
 30
0.0
 10
66.86587570612028
 20
-86.00643823191058
 30
0.0
 10
66.90021857150714
 20
-85.93543831203716
 30
0.0
 10
66.96784622730047
 20
-85.79562592059663
 30
0.0
 10
67.00000000001455
 20
-85.64776777359657
 30
0.0
 10
67.00000000001455
 20
-85.5
 30
0.0
  0
LINE
  5
312
330
2A1
100
AcDbEntity
  8
0
 62
7
100
AcDbLine
 10
66.00000000001455
 20
-86.5
 30
0.0
 11
65.0
 21
-86.5
 31
0.0
  0
LINE
  5
313
330
2A1
100
AcDbEntity
  8
0
 62
7
100
AcDbLine
 10
66.00000000001455
 20
-86.5
 30
0.0
 11
66.00000000001455
 21
-81.5
 31
0.0
  0
LINE
  5
314
330
2A1
100
AcDbEntity
  8
0
 62
7
100
AcDbLine
 10
66.00000000001455
 20
-81.5
 30
0.0
 11
65.0
 21
-81.5
 31
0.0
  0
LINE
  5
315
330
2A1
100
AcDbEntity
  8
0
 62
7
100
AcDbLine
 10
65.0
 20
-86.5
 30
0.0
 11
66.00000000001455
 21
-86.5
 31
0.0
  0
LINE
  5
316
330
2A1
100
AcDbEntity
  8
0
 62
7
100
AcDbLine
 10
66.00000000001455
 20
-86.5
 30
0.0
 11
66.00000000001455
 21
-81.5
 31
0.0
  0
SPLINE
  5
317
330
2A1
100
AcDbEntity
  8
0
 62
7
100
AcDbSpline
 70
8
 71
3
 72
17
 73
13
 74
0
 42
1e-09
 40
5.95e-14
 40
5.95e-14
 40
5.95e-14
 40
5.95e-14
 40
0.33868290288
 40
0.33868290288
 40
0.33868290288
 40
0.5042393460118
 40
0.5042393460118
 40
0.5042393460118
 40
0.6712076150479
 40
0.6712076150479
 40
0.6712076150479
 40
1.0
 40
1.0
 40
1.0
 40
1.0
 10
66.00000000001455
 20
-81.5
 30
0.0
 10
66.2204075413174
 20
-81.49883719837815
 30
0.0
 10
66.42392656829907
 20
-81.57537220945233
 30
0.0
 10
66.57678025829955
 20
-81.68310065884725
 30
0.0
 10
66.65149886101426
 20
-81.73576094594318
 30
0.0
 10
66.71500344130618
 20
-81.79587488100513
 30
0.0
 10
66.76840598959825
 20
-81.8600373173249
 30
0.0
 10
66.82226394208556
 20
-81.92474691561073
 30
0.0
 10
66.86587570612028
 20
-81.99357435890124
 30
0.0
 10
66.90021857150714
 20
-82.06456168799195
 30
0.0
 10
66.96784622730047
 20
-82.20434928577743
 30
0.0
 10
67.00000000001455
 20
-82.35251229983987
 30
0.0
 10
67.00000000001455
 20
-82.5
 30
0.0
  0
LINE
  5
318
330
2A1
100
AcDbEntity
  8
0
 62
7
100
AcDbLine
 10
67.00000000001455
 20
-82.5
 30
0.0
 11
67.00000000001455
 21
-85.5
 31
0.0
  0
SPLINE
  5
319
330
2A1
100
AcDbEntity
  8
0
 62
7
100
AcDbSpline
 70
8
 71
3
 72
17
 73
13
 74
0
 42
1e-09
 40
6.028e-13
 40
6.028e-13
 40
6.028e-13
 40
6.028e-13
 40
0.3287923849521
 40
0.3287923849521
 40
0.3287923849521
 40
0.4957606539882001
 40
0.4957606539882001
 40
0.4957606539882001
 40
0.66131709712
 40
0.66131709712
 40
0.66131709712
 40
1.0
 40
1.0
 40
1.0
 40
1.0
 10
67.00000000001455
 20
-85.5
 30
0.0
 10
67.00000000001455
 20
-85.64748770020377
 30
0.0
 10
66.96784622730047
 20
-85.79565071422257
 30
0.0
 10
66.90021857150714
 20
-85.93543831203716
 30
0.0
 10
66.86587570612028
 20
-86.00642564112788
 30
0.0
 10
66.82226394208556
 20
-86.07525308441836
 30
0.0
 10
66.76840598959825
 20
-86.13996268270421
 30
0.0
 10
66.71500344130618
 20
-86.20412511902396
 30
0.0
 10
66.65149886101426
 20
-86.26423905407135
 30
0.0
 10
66.57678025829955
 20
-86.31689934118185
 30
0.0
 10
66.42392656829907
 20
-86.42462779057678
 30
0.0
 10
66.2204075413174
 20
-86.50116280163638
 30
0.0
 10
66.00000000001455
 20
-86.5
 30
0.0
  0
LINE
  5
31A
330
2A1
100
AcDbEntity
  8
0
 62
7
100
AcDbLine
 10
64.0
 20
-74.05777777778985
 30
0.0
 11
60.5
 21
-72.30000000001746
 31
0.0
  0
LINE
  5
31B
330
2A1
100
AcDbEntity
  8
0
 62
7
100
AcDbLine
 10
64.0
 20
-47.94222222223197
 30
0.0
 11
60.5
 21
-49.69999999999709
 31
0.0
  0
ARC
  5
31C
330
2A1
100
AcDbEntity
  8
0
 62
7
100
AcDbCircle
 10
38.0
 20
-61.0
 30
0.0
 40
25.17816514362892
100
AcDbArc
 50
333.3331802271128
 51
26.66681977288717
  0
LINE
  5
31D
330
2A1
100
AcDbEntity
  8
0
 62
7
100
AcDbLine
 10
60.5
 20
-72.30000000001746
 30
0.0
 11
64.0
 21
-74.05777777778985
 31
0.0
  0
LINE
  5
31E
330
2A1
100
AcDbEntity
  8
0
 62
7
100
AcDbLine
 10
60.5
 20
-49.69999999999709
 30
0.0
 11
64.0
 21
-47.94222222223015
 31
0.0
  0
ARC
  5
31F
330
2A1
100
AcDbEntity
  8
0
 62
7
100
AcDbCircle
 10
38.0
 20
-61.0
 30
0.0
 40
25.17816514362892
100
AcDbArc
 50
333.3331802271128
 51
26.66681977288717
  0
LINE
  5
320
330
2A1
100
AcDbEntity
  8
0
 62
7
100
AcDbLine
 10
85.696643908188
 20
-44.87889243743848
 30
0.0
 11
62.75456356436189
 21
-56.40091501022107
 31
0.0
  0
LINE
  5
321
330
2A1
100
AcDbEntity
  8
0
 62
7
100
AcDbLine
 10
62.75456356436189
 20
-56.40091501022107
 30
0.0
 11
68.00000000001455
 21
-53.76654026692268
 31
0.0
  0
LINE
  5
322
330
2A1
100
AcDbEntity
  8
0
 62
7
100
AcDbLine
 10
68.00000000001455
 20
-47.05236289530875
 30
0.0
 11
60.93104840542946
 21
-50.60254747394356
 31
0.0
  0
LINE
  5
323
330
2A1
100
AcDbEntity
  8
0
 62
7
100
AcDbLine
 10
68.00000000001455
 20
-53.76654026692268
 30
0.0
 11
85.696643908188
 21
-44.87889243743848
 31
0.0
  0
LINE
  5
324
330
2A1
100
AcDbEntity
  8
0
 62
7
100
AcDbLine
 10
85.696643908188
 20
-44.87889243743848
 30
0.0
 11
83.00383449932269
 21
-39.51710379123688
 31
0.0
  0
LINE
  5
325
330
2A1
100
AcDbEntity
  8
0
 62
7
100
AcDbLine
 10
83.00383449932269
 20
-39.51710379123688
 30
0.0
 11
68.00000000001455
 21
-47.05236289530875
 31
0.0
  0
LINE
  5
326
330
2A1
100
AcDbEntity
  8
0
 62
7
100
AcDbLine
 10
60.93104840542946
 20
-50.60254747394356
 30
0.0
 11
68.00000000001455
 21
-47.05236289530875
 31
0.0
  0
LINE
  5
327
330
2A1
100
AcDbEntity
  8
0
 62
7
100
AcDbLine
 10
68.00000000001455
 20
-47.05236289530875
 30
0.0
 11
83.00383449932269
 21
-39.51710379123688
 31
0.0
  0
LINE
  5
328
330
2A1
100
AcDbEntity
  8
0
 62
7
100
AcDbLine
 10
83.00383449932269
 20
-39.51710379123688
 30
0.0
 11
85.696643908188
 21
-44.87889243743848
 31
0.0
  0
LWPOLYLINE
  5
329
330
2A1
100
AcDbEntity
  8
0
 62
7
100
AcDbPolyline
 90
4
 70
1
 10
22.0
 20
0.0
 10
24.0
 20
0.0
 10
24.0
 20
-14.0
 10
22.0
 20
-14.0
  0
LWPOLYLINE
  5
32A
330
2A1
100
AcDbEntity
  8
0
 62
7
100
AcDbPolyline
 90
4
 70
1
 10
22.0
 20
-130.0
 10
24.0
 20
-130.0
 10
24.0
 20
-116.0
 10
22.0
 20
-116.0
  0
LINE
  5
32B
330
2A1
100
AcDbEntity
  8
0
 62
7
100
AcDbLine
 10
24.0
 20
-14.0
 30
0.0
 11
58.00000000001455
 21
-14.0
 31
0.0
  0
LINE
  5
32C
330
2A1
100
AcDbEntity
  8
0
 62
7
100
AcDbLine
 10
24.0
 20
-116.0
 30
0.0
 11
58.00000000001455
 21
-116.0
 31
0.0
  0
LINE
  5
32D
330
2A1
100
AcDbEntity
  8
0
 62
7
100
AcDbLine
 10
22.0
 20
-5.0
 30
0.0
 11
24.0
 21
-5.0
 31
0.0
  0
LINE
  5
32E
330
2A1
100
AcDbEntity
  8
0
 62
7
100
AcDbLine
 10
22.0
 20
-10.0
 30
0.0
 11
24.0
 21
-10.0
 31
0.0
  0
LINE
  5
32F
330
2A1
100
AcDbEntity
  8
0
 62
7
100
AcDbLine
 10
27.0
 20
-7.5
 30
0.0
 11
19.0
 21
-7.5
 31
0.0
  0
LINE
  5
330
330
2A1
100
AcDbEntity
  8
0
 62
7
100
AcDbLine
 10
22.0
 20
-125.0
 30
0.0
 11
24.0
 21
-125.0
 31
0.0
  0
LINE
  5
331
330
2A1
100
AcDbEntity
  8
0
 62
7
100
AcDbLine
 10
22.0
 20
-120.0
 30
0.0
 11
24.0
 21
-120.0
 31
0.0
  0
LINE
  5
332
330
2A1
100
AcDbEntity
  8
0
 62
7
100
AcDbLine
 10
27.0
 20
-122.5
 30
0.0
 11
19.0
 21
-122.5
 31
0.0
  0
LINE
  5
333
330
2A1
100
AcDbEntity
  8
0
 62
7
100
AcDbLine
 10
0.0
 20
0.0
 30
0.0
 11
0.0
 21
-130.0
 31
0.0
  0
LINE
  5
334
330
2A1
100
AcDbEntity
  8
0
 62
7
100
AcDbLine
 10
0.0
 20
-130.0
 30
0.0
 11
58.00000000001455
 21
-130.0
 31
0.0
  0
LINE
  5
335
330
2A1
100
AcDbEntity
  8
0
 62
7
100
AcDbLine
 10
0.0
 20
0.0
 30
0.0
 11
58.00000000001478
 21
0.0
 31
0.0
  0
LINE
  5
336
330
2A1
100
AcDbEntity
  8
0
 62
7
100
AcDbLine
 10
58.00000000001455
 20
-130.0
 30
0.0
 11
58.00000000001455
 21
-107.0
 31
0.0
  0
LINE
  5
337
330
2A1
100
AcDbEntity
  8
0
 62
7
100
AcDbLine
 10
58.00000000001455
 20
-23.0
 30
0.0
 11
58.00000000001455
 21
0.0
 31
0.0
  0
LINE
  5
338
330
2A1
100
AcDbEntity
  8
0
 62
7
100
AcDbLine
 10
60.00000000001455
 20
-40.0
 30
0.0
 11
60.00000000001455
 21
-90.0
 31
0.0
  0
MTEXT
  5
339
330
2A1
100
AcDbEntity
  8
0
100
AcDbMText
 10
10.26776016916983
 20
-30.29044181565132
 30
0.0
 40
3.5
 41
37.68671622717443
 46
0.0
 71
1
 72
5
  1
\pi8.285;{\C1;LS MCCB\P\pi13.22;100AF}
101
Embedded Object
 70
1
 10
1.0
 20
0.0
 30
0.0
 11
10.26776016916983
 21
-30.29044181565132
 31
0.0
 40
37.68671622717443
 41
0.0
 42
37.68671622717443
 43
0.0
 71
2
 72
1
 44
37.68671622717443
 45
1.0
 73
0
 74
0
 46
0.0
  0
ENDBLK
  5
2A3
330
2A1
100
AcDbEntity
  8
0
100
AcDbBlockEnd
  0
BLOCK
  5
33B
330
33A
100
AcDbEntity
  8
0
100
AcDbBlockBegin
  2
HCC2 LS 250AF
 70
0
 10
0.0
 20
0.0
 30
0.0
  3
HCC2 LS 250AF
  1

  0
LINE
  5
33D
330
33A
100
AcDbEntity
  8
0
 62
7
100
AcDbLine
 10
58.0000000000291
 20
-107.5000000000145
 30
0.0
 11
58.0000000000291
 21
-133.5000000000145
 31
0.0
  0
LINE
  5
33E
330
33A
100
AcDbEntity
  8
0
 62
7
100
AcDbLine
 10
58.0000000000291
 20
-133.5000000000145
 30
0.0
 11
56.38095238103415
 21
-159.0
 31
0.0
  0
LINE
  5
33F
330
33A
100
AcDbEntity
  8
0
 62
7
100
AcDbLine
 10
56.38095238103415
 20
-6.0
 30
0.0
 11
58.0000000000291
 21
-31.5
 31
0.0
  0
LINE
  5
340
330
33A
100
AcDbEntity
  8
0
 62
7
100
AcDbLine
 10
58.0000000000291
 20
-31.5
 30
0.0
 11
58.0000000000291
 21
-57.50000000001455
 31
0.0
  0
LINE
  5
341
330
33A
100
AcDbEntity
  8
0
 62
7
100
AcDbLine
 10
58.0000000000291
 20
-57.50000000001455
 30
0.0
 11
62.00000000001455
 21
-57.50000000001455
 31
0.0
  0
LINE
  5
342
330
33A
100
AcDbEntity
  8
0
 62
7
100
AcDbLine
 10
62.00000000001455
 20
-107.5000000000145
 30
0.0
 11
58.0000000000291
 21
-107.5000000000145
 31
0.0
  0
LINE
  5
343
330
33A
100
AcDbEntity
  8
0
 62
7
100
AcDbLine
 10
58.0000000000291
 20
-133.5000000000145
 30
0.0
 11
60.00000000004366
 21
-133.5000000000145
 31
0.0
  0
LINE
  5
344
330
33A
100
AcDbEntity
  8
0
 62
7
100
AcDbLine
 10
60.00000000004366
 20
-133.5000000000145
 30
0.0
 11
60.00000000004366
 21
-107.5000000000145
 31
0.0
  0
LINE
  5
345
330
33A
100
AcDbEntity
  8
0
 62
7
100
AcDbLine
 10
58.0000000000291
 20
-107.5000000000145
 30
0.0
 11
58.0000000000291
 21
-133.5000000000145
 31
0.0
  0
LINE
  5
346
330
33A
100
AcDbEntity
  8
0
 62
7
100
AcDbLine
 10
60.00000000004366
 20
-133.5000000000145
 30
0.0
 11
58.0000000000291
 21
-133.5000000000145
 31
0.0
  0
LINE
  5
347
330
33A
100
AcDbEntity
  8
0
 62
7
100
AcDbLine
 10
60.00000000004366
 20
-107.5000000000145
 30
0.0
 11
60.00000000004366
 21
-133.5000000000145
 31
0.0
  0
LINE
  5
348
330
33A
100
AcDbEntity
  8
0
 62
7
100
AcDbLine
 10
60.00000000004366
 20
-31.5
 30
0.0
 11
60.00000000004366
 21
-57.50000000001455
 31
0.0
  0
LINE
  5
349
330
33A
100
AcDbEntity
  8
0
 62
7
100
AcDbLine
 10
58.00000000011642
 20
-107.5000000000145
 30
0.0
 11
58.00000000011642
 21
-86.0
 31
0.0
  0
LINE
  5
34A
330
33A
100
AcDbEntity
  8
0
 62
7
100
AcDbLine
 10
58.0000000000291
 20
-133.5000000000145
 30
0.0
 11
56.38095238103415
 21
-159.0
 31
0.0
  0
LINE
  5
34B
330
33A
100
AcDbEntity
  8
0
 62
7
100
AcDbLine
 10
56.38095238103415
 20
-159.0
 30
0.0
 11
56.15007575771596
 21
-162.6363068171922
 31
0.0
  0
LINE
  5
34C
330
33A
100
AcDbEntity
  8
0
 62
7
100
AcDbLine
 10
56.15007575771596
 20
-162.6363068171922
 30
0.0
 11
56.03174603181833
 21
-164.5000000000145
 31
0.0
  0
LINE
  5
34D
330
33A
100
AcDbEntity
  8
0
 62
7
100
AcDbLine
 10
56.00000000002911
 20
-165.0
 30
0.0
 11
56.03174603181833
 21
-164.5000000000145
 31
0.0
  0
LINE
  5
34E
330
33A
100
AcDbEntity
  8
0
 62
7
100
AcDbLine
 10
56.03174603181833
 20
-0.500000000014552
 30
0.0
 11
56.00000000002911
 21
0.0
 31
0.0
  0
LINE
  5
34F
330
33A
100
AcDbEntity
  8
0
 62
7
100
AcDbLine
 10
56.03174603181833
 20
-0.500000000014552
 30
0.0
 11
56.15007575771596
 21
-2.363693182793213
 31
0.0
  0
LINE
  5
350
330
33A
100
AcDbEntity
  8
0
 62
7
100
AcDbLine
 10
56.15007575771596
 20
-2.363693182793213
 30
0.0
 11
56.38095238103415
 21
-6.0
 31
0.0
  0
LINE
  5
351
330
33A
100
AcDbEntity
  8
0
 62
7
100
AcDbLine
 10
56.38095238103415
 20
-6.0
 30
0.0
 11
58.0000000000291
 21
-31.5
 31
0.0
  0
LINE
  5
352
330
33A
100
AcDbEntity
  8
0
 62
7
100
AcDbLine
 10
58.0000000000291
 20
-31.5
 30
0.0
 11
60.00000000004366
 21
-31.5
 31
0.0
  0
LINE
  5
353
330
33A
100
AcDbEntity
  8
0
 62
7
100
AcDbLine
 10
58.0000000000291
 20
-31.5
 30
0.0
 11
58.0000000000291
 21
-57.50000000001455
 31
0.0
  0
LINE
  5
354
330
33A
100
AcDbEntity
  8
0
 62
7
100
AcDbLine
 10
60.00000000004366
 20
-57.50000000001455
 30
0.0
 11
60.00000000004366
 21
-31.5
 31
0.0
  0
LINE
  5
355
330
33A
100
AcDbEntity
  8
0
 62
7
100
AcDbLine
 10
60.00000000004366
 20
-31.5
 30
0.0
 11
58.0000000000291
 21
-31.5
 31
0.0
  0
LINE
  5
356
330
33A
100
AcDbEntity
  8
0
 62
7
100
AcDbLine
 10
58.0000000000291
 20
-57.50000000001455
 30
0.0
 11
62.00000000001455
 21
-57.50000000001455
 31
0.0
  0
LINE
  5
357
330
33A
100
AcDbEntity
  8
0
 62
7
100
AcDbLine
 10
62.00000000001455
 20
-107.5000000000145
 30
0.0
 11
58.0000000000291
 21
-107.5000000000145
 31
0.0
  0
LINE
  5
358
330
33A
100
AcDbEntity
  8
0
 62
7
100
AcDbLine
 10
64.00000000005821
 20
-105.5
 30
0.0
 11
62.00000000001455
 21
-107.5000000000145
 31
0.0
  0
LINE
  5
359
330
33A
100
AcDbEntity
  8
0
 62
7
100
AcDbLine
 10
62.00000000001455
 20
-107.5000000000145
 30
0.0
 11
64.00000000005821
 21
-105.5
 31
0.0
  0
LINE
  5
35A
330
33A
100
AcDbEntity
  8
0
 62
7
100
AcDbLine
 10
64.00000000005821
 20
-105.5
 30
0.0
 11
64.00000000005821
 21
-59.5
 31
0.0
  0
LINE
  5
35B
330
33A
100
AcDbEntity
  8
0
 62
7
100
AcDbLine
 10
64.00000000005821
 20
-59.5
 30
0.0
 11
62.00000000001455
 21
-57.50000000001455
 31
0.0
  0
LINE
  5
35C
330
33A
100
AcDbEntity
  8
0
 62
7
100
AcDbLine
 10
62.00000000001455
 20
-57.50000000001455
 30
0.0
 11
64.00000000005821
 21
-59.5
 31
0.0
  0
LINE
  5
35D
330
33A
100
AcDbEntity
  8
0
 62
7
100
AcDbLine
 10
64.00000000005821
 20
-59.5
 30
0.0
 11
64.00000000005821
 21
-105.5
 31
0.0
  0
LINE
  5
35E
330
33A
100
AcDbEntity
  8
0
 62
7
100
AcDbLine
 10
58.00000000011642
 20
-69.00000000001455
 30
0.0
 11
58.00000000011642
 21
-57.50000000001455
 31
0.0
  0
LINE
  5
35F
330
33A
100
AcDbEntity
  8
0
 62
7
100
AcDbLine
 10
58.00000000011642
 20
-69.00000000001455
 30
0.0
 11
58.00000000011642
 21
-86.0
 31
0.0
  0
LINE
  5
360
330
33A
100
AcDbEntity
  8
0
 62
7
100
AcDbLine
 10
58.00000000011642
 20
-86.0
 30
0.0
 11
58.00000000011642
 21
-69.00000000001455
 31
0.0
  0
LINE
  5
361
330
33A
100
AcDbEntity
  8
0
 62
7
100
AcDbLine
 10
58.00000000011642
 20
-86.0
 30
0.0
 11
58.00000000011642
 21
-107.5000000000145
 31
0.0
  0
LINE
  5
362
330
33A
100
AcDbEntity
  8
0
 62
7
100
AcDbLine
 10
58.00000000011642
 20
-57.50000000001455
 30
0.0
 11
58.00000000011642
 21
-69.00000000001455
 31
0.0
  0
LINE
  5
363
330
33A
100
AcDbEntity
  8
0
 62
7
100
AcDbLine
 10
56.00000000002911
 20
-165.0
 30
0.0
 11
0.0
 21
-165.0
 31
0.0
  0
LINE
  5
364
330
33A
100
AcDbEntity
  8
0
 62
7
100
AcDbLine
 10
56.00000000002911
 20
-165.0
 30
0.0
 11
56.03174603181833
 21
-164.5000000000145
 31
0.0
  0
LINE
  5
365
330
33A
100
AcDbEntity
  8
0
 62
7
100
AcDbLine
 10
56.00000000002911
 20
-165.0
 30
0.0
 11
0.0
 21
-165.0
 31
0.0
  0
LINE
  5
366
330
33A
100
AcDbEntity
  8
0
 62
7
100
AcDbLine
 10
56.03174603181833
 20
-164.5000000000145
 30
0.0
 11
56.15007575771596
 21
-162.6363068171922
 31
0.0
  0
LINE
  5
367
330
33A
100
AcDbEntity
  8
0
 62
7
100
AcDbLine
 10
56.15007575771596
 20
-162.6363068171922
 30
0.0
 11
56.38095238103415
 21
-159.0
 31
0.0
  0
LINE
  5
368
330
33A
100
AcDbEntity
  8
0
 62
7
100
AcDbLine
 10
0.0
 20
0.0
 30
0.0
 11
56.00000000002911
 21
0.0
 31
0.0
  0
LINE
  5
369
330
33A
100
AcDbEntity
  8
0
 62
7
100
AcDbLine
 10
56.03174603181833
 20
-0.500000000014552
 30
0.0
 11
56.00000000002911
 21
0.0
 31
0.0
  0
LINE
  5
36A
330
33A
100
AcDbEntity
  8
0
 62
7
100
AcDbLine
 10
0.0
 20
0.0
 30
0.0
 11
56.00000000002911
 21
0.0
 31
0.0
  0
LINE
  5
36B
330
33A
100
AcDbEntity
  8
0
 62
7
100
AcDbLine
 10
56.03174603181833
 20
-0.500000000014552
 30
0.0
 11
56.15007575771596
 21
-2.363693182793213
 31
0.0
  0
LINE
  5
36C
330
33A
100
AcDbEntity
  8
0
 62
7
100
AcDbLine
 10
56.38095238103415
 20
-6.0
 30
0.0
 11
56.15007575771596
 21
-2.363693182793213
 31
0.0
  0
LINE
  5
36D
330
33A
100
AcDbEntity
  8
0
 62
7
100
AcDbLine
 10
64.00000000005821
 20
-94.87845020622899
 30
0.0
 11
61.07538813691644
 21
-93.36964308004826
 31
0.0
  0
ARC
  5
36E
330
33A
100
AcDbEntity
  8
0
 62
7
100
AcDbCircle
 10
43.30131584651826
 20
-84.19999999999708
 30
0.0
 40
19.99999999999953
100
AcDbArc
 50
332.7107930324979
 51
27.28920696750209
  0
LINE
  5
36F
330
33A
100
AcDbEntity
  8
0
 62
7
100
AcDbLine
 10
61.07538813691644
 20
-75.03035691996045
 30
0.0
 11
64.00000000005821
 21
-73.52154979377337
 31
0.0
  0
LINE
  5
370
330
33A
100
AcDbEntity
  8
0
 62
7
100
AcDbLine
 10
61.07538813691644
 20
-75.03035691996045
 30
0.0
 11
62.00000000001455
 21
-74.55334970210968
 31
0.0
  0
LINE
  5
371
330
33A
100
AcDbEntity
  8
0
 62
7
100
AcDbLine
 10
62.00000000001455
 20
-74.55334970210968
 30
0.0
 11
64.00000000005821
 21
-73.52154979374154
 31
0.0
  0
LINE
  5
372
330
33A
100
AcDbEntity
  8
0
 62
7
100
AcDbLine
 10
64.00000000005821
 20
-94.87845020625262
 30
0.0
 11
62.00000000001455
 21
-93.8466502978845
 31
0.0
  0
LINE
  5
373
330
33A
100
AcDbEntity
  8
0
 62
7
100
AcDbLine
 10
62.00000000001455
 20
-93.8466502978845
 30
0.0
 11
61.07538813691644
 21
-93.36964308004826
 31
0.0
  0
ARC
  5
374
330
33A
100
AcDbEntity
  8
0
 62
7
100
AcDbCircle
 10
43.30131584651826
 20
-84.19999999999708
 30
0.0
 40
19.99999999999945
100
AcDbArc
 50
332.7107930324979
 51
339.2175183503594
  0
ARC
  5
375
330
33A
100
AcDbEntity
  8
0
 62
7
100
AcDbCircle
 10
43.30131584651826
 20
-84.19999999999708
 30
0.0
 40
19.99999999999985
100
AcDbArc
 50
20.78248164964064
 51
27.28920696750209
  0
ARC
  5
376
330
33A
100
AcDbEntity
  8
0
 62
7
100
AcDbCircle
 10
43.30131584651826
 20
-84.19999999999708
 30
0.0
 40
19.99999999999959
100
AcDbArc
 50
339.2175183503594
 51
20.78248164964064
  0
LINE
  5
377
330
33A
100
AcDbEntity
  8
0
 62
7
100
AcDbLine
 10
62.87655213763355
 20
-80.09998486055702
 30
0.0
 11
68.5
 21
-80.09998486055702
 31
0.0
  0
LINE
  5
378
330
33A
100
AcDbEntity
  8
0
 62
7
100
AcDbLine
 10
68.5
 20
-84.89460844641143
 30
0.0
 11
63.28925018463633
 21
-84.89460844641143
 31
0.0
  0
LINE
  5
379
330
33A
100
AcDbEntity
  8
0
 62
7
100
AcDbLine
 10
68.5
 20
-80.09998486055702
 30
0.0
 11
86.34655213772203
 21
-80.09998486055702
 31
0.0
  0
ARC
  5
37A
330
33A
100
AcDbEntity
  8
0
 62
7
100
AcDbCircle
 10
86.34655213772203
 20
-80.59998486055702
 30
0.0
 40
0.4999999999999977
100
AcDbArc
 50
0.0
 51
90.0
  0
LINE
  5
37B
330
33A
100
AcDbEntity
  8
0
 62
7
100
AcDbLine
 10
86.84655213772201
 20
-80.59998486055702
 30
0.0
 11
86.84655213772201
 21
-86.79998486053955
 31
0.0
  0
ARC
  5
37C
330
33A
100
AcDbEntity
  8
0
 62
7
100
AcDbCircle
 10
86.34655213772203
 20
-86.79998486053955
 30
0.0
 40
0.4999999999999984
100
AcDbArc
 50
270.0
 51
0.0
  0
LINE
  5
37D
330
33A
100
AcDbEntity
  8
0
 62
7
100
AcDbLine
 10
86.34655213772203
 20
-87.2999848605541
 30
0.0
 11
74.04655213771912
 21
-87.2999848605541
 31
0.0
  0
LINE
  5
37E
330
33A
100
AcDbEntity
  8
0
 62
7
100
AcDbLine
 10
74.04655213771912
 20
-87.2999848605541
 30
0.0
 11
70.60000000003492
 21
-84.89460844641143
 31
0.0
  0
LINE
  5
37F
330
33A
100
AcDbEntity
  8
0
 62
7
100
AcDbLine
 10
70.60000000003492
 20
-84.89460844641143
 30
0.0
 11
68.5
 21
-84.89460844641143
 31
0.0
  0
LINE
  5
380
330
33A
100
AcDbEntity
  8
0
 62
7
100
AcDbLine
 10
84.34655213772201
 20
-81.44998486056284
 30
0.0
 11
75.34655213772203
 21
-81.44998486056284
 31
0.0
  0
ARC
  5
381
330
33A
100
AcDbEntity
  8
0
 62
7
100
AcDbCircle
 10
75.34655213772203
 20
-81.94998486056284
 30
0.0
 40
0.5000000000000016
100
AcDbArc
 50
90.0
 51
180.0
  0
LINE
  5
382
330
33A
100
AcDbEntity
  8
0
 62
7
100
AcDbLine
 10
74.84655213772203
 20
-81.94998486056284
 30
0.0
 11
74.84655213772203
 21
-85.44998486056284
 31
0.0
  0
ARC
  5
383
330
33A
100
AcDbEntity
  8
0
 62
7
100
AcDbCircle
 10
75.34655213772203
 20
-85.44998486056284
 30
0.0
 40
0.5000000000000027
100
AcDbArc
 50
180.0
 51
270.0
  0
LINE
  5
384
330
33A
100
AcDbEntity
  8
0
 62
7
100
AcDbLine
 10
75.34655213772203
 20
-85.94998486056284
 30
0.0
 11
84.34655213772201
 21
-85.94998486056284
 31
0.0
  0
ARC
  5
385
330
33A
100
AcDbEntity
  8
0
 62
7
100
AcDbCircle
 10
84.34655213772201
 20
-85.44998486056284
 30
0.0
 40
0.4999999999999988
100
AcDbArc
 50
270.0
 51
0.0
  0
LINE
  5
386
330
33A
100
AcDbEntity
  8
0
 62
7
100
AcDbLine
 10
84.84655213772203
 20
-85.44998486056284
 30
0.0
 11
84.84655213772203
 21
-81.94998486056284
 31
0.0
  0
ARC
  5
387
330
33A
100
AcDbEntity
  8
0
 62
7
100
AcDbCircle
 10
84.34655213772201
 20
-81.94998486056284
 30
0.0
 40
0.4999999999999984
100
AcDbArc
 50
0.0
 51
90.0
  0
LINE
  5
388
330
33A
100
AcDbEntity
  8
0
 62
7
100
AcDbLine
 10
62.87655213763355
 20
-80.09998486055702
 30
0.0
 11
68.5
 21
-80.09998486055702
 31
0.0
  0
LINE
  5
389
330
33A
100
AcDbEntity
  8
0
 62
7
100
AcDbLine
 10
68.5
 20
-80.09998486055702
 30
0.0
 11
86.34655213772203
 21
-80.09998486055702
 31
0.0
  0
LINE
  5
38A
330
33A
100
AcDbEntity
  8
0
 62
7
100
AcDbLine
 10
70.60000000003492
 20
-84.89460844641143
 30
0.0
 11
68.5
 21
-84.89460844641143
 31
0.0
  0
LINE
  5
38B
330
33A
100
AcDbEntity
  8
0
 62
7
100
AcDbLine
 10
68.5
 20
-84.89460844641143
 30
0.0
 11
63.28925018463633
 21
-84.89460844641143
 31
0.0
  0
LINE
  5
38C
330
33A
100
AcDbEntity
  8
0
 62
7
100
AcDbLine
 10
74.04655213771912
 20
-87.2999848605541
 30
0.0
 11
70.60000000003492
 21
-84.89460844641143
 31
0.0
  0
LINE
  5
38D
330
33A
100
AcDbEntity
  8
0
 62
7
100
AcDbLine
 10
86.34655213772203
 20
-87.2999848605541
 30
0.0
 11
74.04655213771912
 21
-87.2999848605541
 31
0.0
  0
ARC
  5
38E
330
33A
100
AcDbEntity
  8
0
 62
7
100
AcDbCircle
 10
86.34655213772203
 20
-86.79998486053955
 30
0.0
 40
0.4999999999999977
100
AcDbArc
 50
270.0
 51
0.0
  0
LINE
  5
38F
330
33A
100
AcDbEntity
  8
0
 62
7
100
AcDbLine
 10
86.84655213772201
 20
-80.59998486055702
 30
0.0
 11
86.84655213772201
 21
-86.79998486053955
 31
0.0
  0
ARC
  5
390
330
33A
100
AcDbEntity
  8
0
 62
7
100
AcDbCircle
 10
86.34655213772203
 20
-80.59998486055702
 30
0.0
 40
0.4999999999999984
100
AcDbArc
 50
0.0
 51
90.0
  0
LINE
  5
391
330
33A
100
AcDbEntity
  8
0
 62
7
100
AcDbLine
 10
84.34655213772201
 20
-81.44998486056284
 30
0.0
 11
75.34655213772203
 21
-81.44998486056284
 31
0.0
  0
ARC
  5
392
330
33A
100
AcDbEntity
  8
0
 62
7
100
AcDbCircle
 10
84.34655213772201
 20
-81.94998486056284
 30
0.0
 40
0.4999999999999984
100
AcDbArc
 50
0.0
 51
90.0
  0
LINE
  5
393
330
33A
100
AcDbEntity
  8
0
 62
7
100
AcDbLine
 10
84.84655213772203
 20
-85.44998486056284
 30
0.0
 11
84.84655213772203
 21
-81.94998486056284
 31
0.0
  0
ARC
  5
394
330
33A
100
AcDbEntity
  8
0
 62
7
100
AcDbCircle
 10
84.34655213772201
 20
-85.44998486056284
 30
0.0
 40
0.4999999999999988
100
AcDbArc
 50
270.0
 51
0.0
  0
LINE
  5
395
330
33A
100
AcDbEntity
  8
0
 62
7
100
AcDbLine
 10
75.34655213772203
 20
-85.94998486056284
 30
0.0
 11
84.34655213772201
 21
-85.94998486056284
 31
0.0
  0
ARC
  5
396
330
33A
100
AcDbEntity
  8
0
 62
7
100
AcDbCircle
 10
75.34655213772203
 20
-85.44998486056284
 30
0.0
 40
0.5000000000000027
100
AcDbArc
 50
180.0
 51
270.0
  0
LINE
  5
397
330
33A
100
AcDbEntity
  8
0
 62
7
100
AcDbLine
 10
74.84655213772203
 20
-81.94998486056284
 30
0.0
 11
74.84655213772203
 21
-85.44998486056284
 31
0.0
  0
ARC
  5
398
330
33A
100
AcDbEntity
  8
0
 62
7
100
AcDbCircle
 10
75.34655213772203
 20
-81.94998486056284
 30
0.0
 40
0.5000000000000016
100
AcDbArc
 50
90.0
 51
180.0
  0
SPLINE
  5
399
330
33A
100
AcDbEntity
  8
0
 62
7
100
AcDbSpline
 70
8
 71
3
 72
17
 73
13
 74
0
 42
1e-09
 40
0.0
 40
0.0
 40
0.0
 40
0.0
 40
0.2321861556979
 40
0.2321861556979
 40
0.2321861556979
 40
0.4525203551078
 40
0.4525203551078
 40
0.4525203551078
 40
0.6490490454523
 40
0.6490490454523
 40
0.6490490454523
 40
1.0
 40
1.0
 40
1.0
 40
1.0
 10
83.34655213772203
 20
-81.44998486056284
 30
0.0
 10
83.29432818671921
 20
-81.44998486056284
 30
0.0
 10
83.24219968542457
 20
-81.45808188812225
 30
0.0
 10
83.19137936324114
 20
-81.47467295239039
 30
0.0
 10
83.14315316732971
 20
-81.49041712474717
 30
0.0
 10
83.09604524023598
 20
-81.51385058661981
 30
0.0
 10
83.05202930972155
 20
-81.54593498265604
 30
0.0
 10
83.01276898069771
 20
-81.57455289286735
 30
0.0
 10
82.97591625941278
 20
-81.61007682677881
 30
0.0
 10
82.94393779551318
 20
-81.65350266631866
 30
0.0
 10
82.88683227874571
 20
-81.7310503252229
 30
0.0
 10
82.84655213772201
 20
-81.83591453090774
 30
0.0
 10
82.84655213772201
 20
-81.94998486056284
 30
0.0
  0
LINE
  5
39A
330
33A
100
AcDbEntity
  8
0
 62
7
100
AcDbLine
 10
82.84655213772201
 20
-81.94998486056284
 30
0.0
 11
82.84655213772201
 21
-85.44998486056284
 31
0.0
  0
SPLINE
  5
39B
330
33A
100
AcDbEntity
  8
0
 62
7
100
AcDbSpline
 70
8
 71
3
 72
17
 73
13
 74
0
 42
1e-09
 40
2.116e-13
 40
2.116e-13
 40
2.116e-13
 40
2.116e-13
 40
0.1713963483449
 40
0.1713963483449
 40
0.1713963483449
 40
0.3517190999762
 40
0.3517190999762
 40
0.3517190999762
 40
0.548463172801
 40
0.548463172801
 40
0.548463172801
 40
1.0
 40
1.0
 40
1.0
 40
1.0
 10
82.84655213772201
 20
-85.44998486056284
 30
0.0
 10
82.84655213772201
 20
-85.50569760841609
 30
0.0
 10
82.85596279455058
 20
-85.55960679028065
 30
0.0
 10
82.87245473972872
 20
-85.6088296189555
 30
0.0
 10
82.88980559344054
 20
-85.6606159959483
 30
0.0
 10
82.91493622284906
 20
-85.70718935762125
 30
0.0
 10
82.94431592724867
 20
-85.74697986214596
 30
0.0
 10
82.97637113182282
 20
-85.79039393969288
 30
0.0
 10
83.01329591922693
 20
-85.82588869602478
 30
0.0
 10
83.05262359674089
 20
-85.85446726165537
 30
0.0
 10
83.14288245144417
 20
-85.92005640327989
 30
0.0
 10
83.24499125311559
 20
-85.94998486056284
 30
0.0
 10
83.34655213772203
 20
-85.94998486056284
 30
0.0
  0
LINE
  5
39C
330
33A
100
AcDbEntity
  8
0
 62
7
100
AcDbLine
 10
82.84655213772201
 20
-85.44998486056284
 30
0.0
 11
80.84655213772203
 21
-85.44998486056284
 31
0.0
  0
SPLINE
  5
39D
330
33A
100
AcDbEntity
  8
0
 62
7
100
AcDbSpline
 70
8
 71
3
 72
17
 73
13
 74
0
 42
1e-09
 40
0.0
 40
0.0
 40
0.0
 40
0.0
 40
0.1712025302583
 40
0.1712025302583
 40
0.1712025302583
 40
0.3509509545477
 40
0.3509509545477
 40
0.3509509545477
 40
0.5474796448923
 40
0.5474796448923
 40
0.5474796448923
 40
1.0
 40
1.0
 40
1.0
 40
1.0
 10
80.84655213772203
 20
-85.44998486056284
 30
0.0
 10
80.8468508276128
 20
-85.50563118040736
 30
0.0
 10
80.83724200242432
 20
-85.5594818783138
 30
0.0
 10
80.82070640401798
 20
-85.60865978531365
 30
0.0
 10
80.80334540031618
 20
-85.6602924993931
 30
0.0
 10
80.77834883832838
 20
-85.7067490562622
 30
0.0
 10
80.74916647982901
 20
-85.7464670547779
 30
0.0
 10
80.7172598264151
 20
-85.78989289431775
 30
0.0
 10
80.68034937413177
 20
-85.82541682828742
 30
0.0
 10
80.64107496564975
 20
-85.85403473845508
 30
0.0
 10
80.55064303294058
 20
-85.91992937633766
 30
0.0
 10
80.4476778487442
 20
-85.94998486056284
 30
0.0
 10
80.34655213772201
 20
-85.94998486056284
 30
0.0
  0
SPLINE
  5
39E
330
33A
100
AcDbEntity
  8
0
 62
7
100
AcDbSpline
 70
8
 71
3
 72
17
 73
13
 74
0
 42
1e-09
 40
1.8154e-12
 40
1.8154e-12
 40
1.8154e-12
 40
1.8154e-12
 40
0.2320312476998
 40
0.2320312476998
 40
0.2320312476998
 40
0.451536827199
 40
0.451536827199
 40
0.451536827199
 40
0.6482809000238002
 40
0.6482809000238002
 40
0.6482809000238002
 40
1.0
 40
1.0
 40
1.0
 40
1.0
 10
83.34655213772203
 20
-85.94998486056284
 30
0.0
 10
83.294696260622
 20
-85.94998486056284
 30
0.0
 10
83.24236210387608
 20
-85.94189850245311
 30
0.0
 10
83.19148228265111
 20
-85.92533035598171
 30
0.0
 10
83.14334909032912
 20
-85.9096566024673
 30
0.0
 10
83.09651745384328
 20
-85.88635210842767
 30
0.0
 10
83.05262359674089
 20
-85.85446726165537
 30
0.0
 10
83.0132812882366
 20
-85.82588869602478
 30
0.0
 10
82.97629908492671
 20
-85.79039393969288
 30
0.0
 10
82.94431592724867
 20
-85.74697986214596
 30
0.0
 10
82.88713968145021
 20
-85.6693685772916
 30
0.0
 10
82.8459397166298
 20
-85.56431190266449
 30
0.0
 10
82.84655213772201
 20
-85.44998486056284
 30
0.0
  0
LINE
  5
39F
330
33A
100
AcDbEntity
  8
0
 62
7
100
AcDbLine
 10
80.84655213772203
 20
-81.94998486056284
 30
0.0
 11
82.84655213772201
 21
-81.94998486056284
 31
0.0
  0
LINE
  5
3A0
330
33A
100
AcDbEntity
  8
0
 62
7
100
AcDbLine
 10
82.84655213772201
 20
-81.94998486056284
 30
0.0
 11
82.84655213772201
 21
-85.44998486056284
 31
0.0
  0
LINE
  5
3A1
330
33A
100
AcDbEntity
  8
0
 62
7
100
AcDbLine
 10
82.84655213772201
 20
-85.44998486056284
 30
0.0
 11
80.84655213772203
 21
-85.44998486056284
 31
0.0
  0
LINE
  5
3A2
330
33A
100
AcDbEntity
  8
0
 62
7
100
AcDbLine
 10
80.84655213772203
 20
-85.44998486056284
 30
0.0
 11
80.84655213772203
 21
-81.94998486056284
 31
0.0
  0
LINE
  5
3A3
330
33A
100
AcDbEntity
  8
0
 62
7
100
AcDbLine
 10
80.84655213772203
 20
-81.94998486056284
 30
0.0
 11
82.84655213772201
 21
-81.94998486056284
 31
0.0
  0
SPLINE
  5
3A4
330
33A
100
AcDbEntity
  8
0
 62
7
100
AcDbSpline
 70
8
 71
3
 72
17
 73
13
 74
0
 42
1e-09
 40
0.0
 40
0.0
 40
0.0
 40
0.0
 40
0.1712025302583
 40
0.1712025302583
 40
0.1712025302583
 40
0.3509509545477
 40
0.3509509545477
 40
0.3509509545477
 40
0.5474796448922002
 40
0.5474796448922002
 40
0.5474796448922002
 40
1.0
 40
1.0
 40
1.0
 40
1.0
 10
82.84655213772201
 20
-81.94998486056284
 30
0.0
 10
82.8462534477294
 20
-81.89433854073286
 30
0.0
 10
82.85586227293243
 20
-81.84048784281185
 30
0.0
 10
82.87239787141151
 20
-81.79130993579747
 30
0.0
 10
82.88975887511332
 20
-81.739677221718
 30
0.0
 10
82.91475543717387
 20
-81.69322066484894
 30
0.0
 10
82.94393779551318
 20
-81.65350266631866
 30
0.0
 10
82.9758444490435
 20
-81.61007682677881
 30
0.0
 10
83.01275490123955
 20
-81.57455289286735
 30
0.0
 10
83.05202930972155
 20
-81.54593498265604
 30
0.0
 10
83.14246124243073
 20
-81.480040344788
 30
0.0
 10
83.24542642662709
 20
-81.44998486056284
 30
0.0
 10
83.34655213772203
 20
-81.44998486056284
 30
0.0
  0
SPLINE
  5
3A5
330
33A
100
AcDbEntity
  8
0
 62
7
100
AcDbSpline
 70
8
 71
3
 72
17
 73
13
 74
0
 42
1e-09
 40
1.8483e-12
 40
1.8483e-12
 40
1.8483e-12
 40
1.8483e-12
 40
0.2320312476998
 40
0.2320312476998
 40
0.2320312476998
 40
0.451536827199
 40
0.451536827199
 40
0.451536827199
 40
0.6482809000238002
 40
0.6482809000238002
 40
0.6482809000238002
 40
1.0
 40
1.0
 40
1.0
 40
1.0
 10
80.34655213772201
 20
-81.44998486056284
 30
0.0
 10
80.39840801473474
 20
-81.44998486056284
 30
0.0
 10
80.45074217153886
 20
-81.45807121864345
 30
0.0
 10
80.50162199274926
 20
-81.4746393651003
 30
0.0
 10
80.5497551850276
 20
-81.49031311864383
 30
0.0
 10
80.59658682154259
 20
-81.51361761268345
 30
0.0
 10
80.64048067861586
 20
-81.5455024594703
 30
0.0
 10
80.67982298712013
 20
-81.57408102508634
 30
0.0
 10
80.71680519043002
 20
-81.6095757814328
 30
0.0
 10
80.74878834820991
 20
-81.65298985899426
 30
0.0
 10
80.8059645939211
 20
-81.73060114380495
 30
0.0
 10
80.8471645587415
 20
-81.83565781844663
 30
0.0
 10
80.84655213772203
 20
-81.94998486056284
 30
0.0
  0
SPLINE
  5
3A6
330
33A
100
AcDbEntity
  8
0
 62
7
100
AcDbSpline
 70
8
 71
3
 72
17
 73
13
 74
0
 42
1e-09
 40
1.052e-13
 40
1.052e-13
 40
1.052e-13
 40
1.052e-13
 40
0.1713963483449
 40
0.1713963483449
 40
0.1713963483449
 40
0.3517190999762
 40
0.3517190999762
 40
0.3517190999762
 40
0.548463172801
 40
0.548463172801
 40
0.548463172801
 40
1.0
 40
1.0
 40
1.0
 40
1.0
 10
80.84655213772203
 20
-81.94998486056284
 30
0.0
 10
80.84655213772203
 20
-81.89427211270959
 30
0.0
 10
80.83714148092258
 20
-81.84036293085956
 30
0.0
 10
80.82064953562804
 20
-81.79114010215561
 30
0.0
 10
80.80329868201807
 20
-81.73935372514823
 30
0.0
 10
80.77816805253678
 20
-81.69278036347534
 30
0.0
 10
80.74878834820991
 20
-81.65298985899426
 30
0.0
 10
80.71673314351938
 20
-81.6095757814328
 30
0.0
 10
80.67980835611525
 20
-81.57408102508634
 30
0.0
 10
80.64048067861586
 20
-81.5455024594703
 30
0.0
 10
80.55022182391258
 20
-81.47991331784579
 30
0.0
 10
80.44811302234302
 20
-81.44998486056284
 30
0.0
 10
80.34655213772201
 20
-81.44998486056284
 30
0.0
  0
LINE
  5
3A7
330
33A
100
AcDbEntity
  8
0
 62
7
100
AcDbLine
 10
80.84655213772203
 20
-85.44998486056284
 30
0.0
 11
80.84655213772203
 21
-81.94998486056284
 31
0.0
  0
SPLINE
  5
3A8
330
33A
100
AcDbEntity
  8
0
 62
7
100
AcDbSpline
 70
8
 71
3
 72
14
 73
10
 74
0
 42
1e-09
 40
5.13e-14
 40
5.13e-14
 40
5.13e-14
 40
5.13e-14
 40
0.4525203551077003
 40
0.4525203551077003
 40
0.4525203551077003
 40
0.6490490454523
 40
0.6490490454523
 40
0.6490490454523
 40
1.0
 40
1.0
 40
1.0
 40
1.0
 10
80.34655213772201
 20
-85.94998486056284
 30
0.0
 10
80.44833426483092
 20
-85.94998486056284
 30
0.0
 10
80.55067545204655
 20
-85.91992937633766
 30
0.0
 10
80.64107496564975
 20
-85.85403473845508
 30
0.0
 10
80.68033529455715
 20
-85.82541682828742
 30
0.0
 10
80.71718801601673
 20
-85.78989289431775
 30
0.0
 10
80.74916647982901
 20
-85.7464670547779
 30
0.0
 10
80.80627199664013
 20
-85.66891939588822
 30
0.0
 10
80.84655213772203
 20
-85.56405519020335
 30
0.0
 10
80.84655213772203
 20
-85.44998486056284
 30
0.0
  0
LINE
  5
3A9
330
33A
100
AcDbEntity
  8
0
 62
7
100
AcDbLine
 10
64.00000000005821
 20
-98.39999999997964
 30
0.0
 11
65.0000000000291
 21
-98.39999999997964
 31
0.0
  0
LINE
  5
3AA
330
33A
100
AcDbEntity
  8
0
 62
7
100
AcDbLine
 10
65.0000000000291
 20
-100.4000000000087
 30
0.0
 11
65.0000000000291
 21
-98.39999999997964
 31
0.0
  0
LINE
  5
3AB
330
33A
100
AcDbEntity
  8
0
 62
7
100
AcDbLine
 10
65.0000000000291
 20
-100.4000000000087
 30
0.0
 11
64.00000000005821
 21
-100.4000000000087
 31
0.0
  0
LINE
  5
3AC
330
33A
100
AcDbEntity
  8
0
 62
7
100
AcDbLine
 10
64.00000000005821
 20
-98.39999999997964
 30
0.0
 11
65.0000000000291
 21
-98.39999999997964
 31
0.0
  0
LINE
  5
3AD
330
33A
100
AcDbEntity
  8
0
 62
7
100
AcDbLine
 10
65.0000000000291
 20
-104.5999999999912
 30
0.0
 11
64.00000000005821
 21
-104.5999999999912
 31
0.0
  0
LINE
  5
3AE
330
33A
100
AcDbEntity
  8
0
 62
7
100
AcDbLine
 10
64.00000000005821
 20
-102.5999999999912
 30
0.0
 11
65.0000000000291
 21
-102.5999999999912
 31
0.0
  0
LINE
  5
3AF
330
33A
100
AcDbEntity
  8
0
 62
7
100
AcDbLine
 10
65.0000000000291
 20
-104.5999999999912
 30
0.0
 11
65.0000000000291
 21
-102.5999999999912
 31
0.0
  0
LINE
  5
3B0
330
33A
100
AcDbEntity
  8
0
 62
7
100
AcDbLine
 10
65.0000000000291
 20
-104.5999999999912
 30
0.0
 11
64.00000000005821
 21
-104.5999999999912
 31
0.0
  0
LINE
  5
3B1
330
33A
100
AcDbEntity
  8
0
 62
7
100
AcDbLine
 10
64.00000000005821
 20
-102.5999999999912
 30
0.0
 11
65.0000000000291
 21
-102.5999999999912
 31
0.0
  0
LINE
  5
3B2
330
33A
100
AcDbEntity
  8
0
 62
7
100
AcDbLine
 10
65.0000000000291
 20
-102.5999999999912
 30
0.0
 11
65.0000000000291
 21
-100.4000000000087
 31
0.0
  0
LINE
  5
3B3
330
33A
100
AcDbEntity
  8
0
 62
7
100
AcDbLine
 10
65.0000000000291
 20
-100.4000000000087
 30
0.0
 11
64.00000000005821
 21
-100.4000000000087
 31
0.0
  0
LINE
  5
3B4
330
33A
100
AcDbEntity
  8
0
 62
7
100
AcDbLine
 10
65.0000000000291
 20
-100.4000000000087
 30
0.0
 11
65.0000000000291
 21
-98.39999999997964
 31
0.0
  0
LINE
  5
3B5
330
33A
100
AcDbEntity
  8
0
 62
7
100
AcDbLine
 10
65.0000000000291
 20
-100.4000000000087
 30
0.0
 11
65.0000000000291
 21
-102.5999999999912
 31
0.0
  0
LINE
  5
3B6
330
33A
100
AcDbEntity
  8
0
 62
7
100
AcDbLine
 10
65.0000000000291
 20
-104.5999999999912
 30
0.0
 11
65.0000000000291
 21
-102.5999999999912
 31
0.0
  0
LINE
  5
3B7
330
33A
100
AcDbEntity
  8
0
 62
7
100
AcDbLine
 10
65.0000000000291
 20
-99.40000000000873
 30
0.0
 11
64.00000000005821
 21
-99.40000000000873
 31
0.0
  0
LINE
  5
3B8
330
33A
100
AcDbEntity
  8
0
 62
7
100
AcDbLine
 10
64.00000000005821
 20
-99.40000000000873
 30
0.0
 11
65.0000000000291
 21
-99.40000000000873
 31
0.0
  0
LINE
  5
3B9
330
33A
100
AcDbEntity
  8
0
 62
7
100
AcDbLine
 10
65.0000000000291
 20
-103.5999999999912
 30
0.0
 11
64.00000000005821
 21
-103.5999999999912
 31
0.0
  0
LINE
  5
3BA
330
33A
100
AcDbEntity
  8
0
 62
7
100
AcDbLine
 10
64.00000000005821
 20
-103.5999999999912
 30
0.0
 11
65.0000000000291
 21
-103.5999999999912
 31
0.0
  0
LINE
  5
3BB
330
33A
100
AcDbEntity
  8
0
 62
7
100
AcDbLine
 10
64.00000000005821
 20
-99.55000000000291
 30
0.0
 11
65.50000000011642
 21
-99.55000000000291
 31
0.0
  0
LINE
  5
3BC
330
33A
100
AcDbEntity
  8
0
 62
7
100
AcDbLine
 10
65.50000000011642
 20
-100.5500000000029
 30
0.0
 11
65.50000000011642
 21
-99.55000000000291
 31
0.0
  0
LINE
  5
3BD
330
33A
100
AcDbEntity
  8
0
 62
7
100
AcDbLine
 10
65.50000000011642
 20
-100.5500000000029
 30
0.0
 11
64.00000000005821
 21
-100.5500000000029
 31
0.0
  0
LINE
  5
3BE
330
33A
100
AcDbEntity
  8
0
 62
7
100
AcDbLine
 10
64.00000000005821
 20
-99.55000000000291
 30
0.0
 11
65.50000000011642
 21
-99.55000000000291
 31
0.0
  0
LINE
  5
3BF
330
33A
100
AcDbEntity
  8
0
 62
7
100
AcDbLine
 10
65.50000000011642
 20
-103.4499999999971
 30
0.0
 11
64.00000000005821
 21
-103.4499999999971
 31
0.0
  0
LINE
  5
3C0
330
33A
100
AcDbEntity
  8
0
 62
7
100
AcDbLine
 10
64.00000000005821
 20
-102.4500000000116
 30
0.0
 11
65.50000000011642
 21
-102.4500000000116
 31
0.0
  0
LINE
  5
3C1
330
33A
100
AcDbEntity
  8
0
 62
7
100
AcDbLine
 10
65.50000000011642
 20
-103.4499999999971
 30
0.0
 11
65.50000000011642
 21
-102.4500000000116
 31
0.0
  0
LINE
  5
3C2
330
33A
100
AcDbEntity
  8
0
 62
7
100
AcDbLine
 10
65.50000000011642
 20
-103.4499999999971
 30
0.0
 11
64.00000000005821
 21
-103.4499999999971
 31
0.0
  0
LINE
  5
3C3
330
33A
100
AcDbEntity
  8
0
 62
7
100
AcDbLine
 10
64.00000000005821
 20
-102.4500000000116
 30
0.0
 11
65.50000000011642
 21
-102.4500000000116
 31
0.0
  0
LINE
  5
3C4
330
33A
100
AcDbEntity
  8
0
 62
7
100
AcDbLine
 10
65.50000000011642
 20
-102.4500000000116
 30
0.0
 11
65.50000000011642
 21
-100.5500000000029
 31
0.0
  0
LINE
  5
3C5
330
33A
100
AcDbEntity
  8
0
 62
7
100
AcDbLine
 10
65.50000000011642
 20
-100.5500000000029
 30
0.0
 11
64.00000000005821
 21
-100.5500000000029
 31
0.0
  0
LINE
  5
3C6
330
33A
100
AcDbEntity
  8
0
 62
7
100
AcDbLine
 10
65.50000000011642
 20
-100.5500000000029
 30
0.0
 11
65.50000000011642
 21
-99.55000000000291
 31
0.0
  0
LINE
  5
3C7
330
33A
100
AcDbEntity
  8
0
 62
7
100
AcDbLine
 10
65.50000000011642
 20
-100.5500000000029
 30
0.0
 11
65.50000000011642
 21
-102.4500000000116
 31
0.0
  0
LINE
  5
3C8
330
33A
100
AcDbEntity
  8
0
 62
7
100
AcDbLine
 10
65.50000000011642
 20
-103.4499999999971
 30
0.0
 11
65.50000000011642
 21
-102.4500000000116
 31
0.0
  0
MTEXT
  5
3C9
330
33A
100
AcDbEntity
  8
0
 62
7
100
AcDbMText
 10
9.060966331443524
 20
-34.45032927864304
 30
0.0
 40
3.5
 41
37.68671622717443
 46
0.0
 71
1
 72
5
  1
\pi8.28487;{\C1;LS MCCB\P\pi11.82426;250AF}
101
Embedded Object
 70
1
 10
1.0
 20
0.0
 30
0.0
 11
9.060966331443524
 21
-34.45032927864304
 31
0.0
 40
37.68671622717443
 41
0.0
 42
37.68671622717443
 43
0.0
 71
2
 72
1
 44
37.68671622717443
 45
1.0
 73
0
 74
0
 46
0.0
  0
LWPOLYLINE
  5
3CA
330
33A
100
AcDbEntity
  8
0
 62
7
100
AcDbPolyline
 90
4
 70
1
 10
22.0
 20
0.0
 10
24.0
 20
0.0
 10
24.0
 20
-20.0
 10
22.0
 20
-20.0
  0
LINE
  5
3CB
330
33A
100
AcDbEntity
  8
0
 62
7
100
AcDbLine
 10
0.0
 20
0.0
 30
0.0
 11
0.0
 21
-165.0
 31
0.0
  0
LINE
  5
3CC
330
33A
100
AcDbEntity
  8
0
 62
7
100
AcDbLine
 10
24.0
 20
-20.0
 30
0.0
 11
57.26984126989418
 21
-20.00000000000091
 31
0.0
  0
LINE
  5
3CD
330
33A
100
AcDbEntity
  8
0
 62
7
100
AcDbLine
 10
22.0
 20
-6.0
 30
0.0
 11
24.0
 21
-6.0
 31
0.0
  0
LINE
  5
3CE
330
33A
100
AcDbEntity
  8
0
 62
7
100
AcDbLine
 10
19.0
 20
-10.0
 30
0.0
 11
27.0
 21
-10.0
 31
0.0
  0
LINE
  5
3CF
330
33A
100
AcDbEntity
  8
0
 62
7
100
AcDbLine
 10
22.0
 20
-14.0
 30
0.0
 11
24.0
 21
-14.0
 31
0.0
  0
LWPOLYLINE
  5
3D0
330
33A
100
AcDbEntity
  8
0
 62
7
100
AcDbPolyline
 90
4
 70
1
 10
22.0
 20
-165.0
 10
24.0
 20
-165.0
 10
24.0
 20
-145.0
 10
22.0
 20
-145.0
  0
LINE
  5
3D1
330
33A
100
AcDbEntity
  8
0
 62
7
100
AcDbLine
 10
24.0
 20
-145.0
 30
0.0
 11
57.26984126989418
 21
-144.9999999999991
 31
0.0
  0
LINE
  5
3D2
330
33A
100
AcDbEntity
  8
0
 62
7
100
AcDbLine
 10
22.0
 20
-159.0
 30
0.0
 11
24.0
 21
-159.0
 31
0.0
  0
LINE
  5
3D3
330
33A
100
AcDbEntity
  8
0
 62
7
100
AcDbLine
 10
19.0
 20
-155.0
 30
0.0
 11
27.0
 21
-155.0
 31
0.0
  0
LINE
  5
3D4
330
33A
100
AcDbEntity
  8
0
 62
7
100
AcDbLine
 10
22.0
 20
-151.0
 30
0.0
 11
24.0
 21
-151.0
 31
0.0
  0
ENDBLK
  5
33C
330
33A
100
AcDbEntity
  8
0
100
AcDbBlockEnd
  0
BLOCK
  5
3D6
330
3D5
100
AcDbEntity
  8
0
100
AcDbBlockBegin
  2
1 LS 250AF 3P
 70
0
 10
0.0
 20
0.0
 30
0.0
  3
1 LS 250AF 3P
  1

  0
LWPOLYLINE
  5
3D8
330
3D5
100
AcDbEntity
  8
0
370
30
100
AcDbPolyline
 90
4
 70
0
 10
101.5
 20
-164.9999999999995
 10
105.0
 20
-164.9999999999995
 10
105.0
 20
4.547e-13
 10
101.5
 20
4.547e-13
  0
LWPOLYLINE
  5
3D9
330
3D5
100
AcDbEntity
  8
0
370
30
100
AcDbPolyline
 90
4
 70
0
 10
3.5
 20
4.547e-13
 10
0.0
 20
4.547e-13
 10
0.0
 20
-164.9999999999995
 10
3.5
 20
-164.9999999999995
  0
LINE
  5
3DA
330
3D5
100
AcDbEntity
  8
0
100
AcDbLine
 10
0.0
 20
-57.49999999999954
 30
0.0
 11
41.5
 21
-57.49999999999954
 31
0.0
  0
LINE
  5
3DB
330
3D5
100
AcDbEntity
  8
0
100
AcDbLine
 10
41.5
 20
-57.49999999999954
 30
0.0
 11
105.0
 21
-57.49999999999954
 31
0.0
  0
LINE
  5
3DC
330
3D5
100
AcDbEntity
  8
0
100
AcDbLine
 10
0.0
 20
-107.4999999999995
 30
0.0
 11
41.5
 21
-107.4999999999995
 31
0.0
  0
LINE
  5
3DD
330
3D5
100
AcDbEntity
  8
0
100
AcDbLine
 10
63.5
 20
-107.4999999999995
 30
0.0
 11
105.0
 21
-107.4999999999995
 31
0.0
  0
LINE
  5
3DE
330
3D5
100
AcDbEntity
  8
0
100
AcDbLine
 10
63.50000000000045
 20
-55.31853526859368
 30
0.0
 11
63.5
 21
-115.3185352685937
 31
0.0
  0
LINE
  5
3DF
330
3D5
100
AcDbEntity
  8
0
100
AcDbLine
 10
41.5
 20
-55.31853526859368
 30
0.0
 11
41.5
 21
-115.3185352685937
 31
0.0
  0
LINE
  5
3E0
330
3D5
100
AcDbEntity
  8
0
100
AcDbLine
 10
0.0
 20
-31.49999999999955
 30
0.0
 11
105.0
 21
-31.49999999999955
 31
0.0
  0
LINE
  5
3E1
330
3D5
100
AcDbEntity
  8
0
100
AcDbLine
 10
0.0
 20
-133.4999999999995
 30
0.0
 11
105.0
 21
-133.4999999999995
 31
0.0
  0
LINE
  5
3E2
330
3D5
100
AcDbEntity
  8
0
100
AcDbLine
 10
43.5
 20
-53.31853526859369
 30
0.0
 11
61.50000000000045
 21
-53.31853526859369
 31
0.0
  0
ARC
  5
3E3
330
3D5
100
AcDbEntity
  8
0
100
AcDbCircle
 10
43.5
 20
-55.31853526859368
 30
0.0
 40
2.0
100
AcDbArc
 50
90.0
 51
180.0
  0
ARC
  5
3E4
330
3D5
100
AcDbEntity
  8
0
100
AcDbCircle
 10
61.50000000000045
 20
-55.31853526859368
 30
0.0
 40
2.0
100
AcDbArc
 50
0.0
 51
90.0
  0
LINE
  5
3E5
330
3D5
100
AcDbEntity
  8
0
100
AcDbLine
 10
43.5
 20
-117.3185352685937
 30
0.0
 11
61.5
 21
-117.3185352685937
 31
0.0
  0
ARC
  5
3E6
330
3D5
100
AcDbEntity
  8
0
100
AcDbCircle
 10
43.5
 20
-115.3185352685937
 30
0.0
 40
2.0
100
AcDbArc
 50
180.0
 51
270.0
  0
ARC
  5
3E7
330
3D5
100
AcDbEntity
  8
0
100
AcDbCircle
 10
61.5
 20
-115.3185352685937
 30
0.0
 40
2.0
100
AcDbArc
 50
270.0
 51
0.0
  0
CIRCLE
  5
3E8
330
3D5
100
AcDbEntity
  8
0
100
AcDbCircle
 10
24.5
 20
-37.81853526859368
 30
0.0
 40
3.5
  0
LINE
  5
3E9
330
3D5
100
AcDbEntity
  8
0
100
AcDbLine
 10
21.0
 20
-37.81853526859368
 30
0.0
 11
21.0
 21
-31.49999999999955
 31
0.0
  0
CIRCLE
  5
3EA
330
3D5
100
AcDbEntity
  8
0
100
AcDbCircle
 10
80.5
 20
-37.81853526859368
 30
0.0
 40
3.5
  0
LINE
  5
3EB
330
3D5
100
AcDbEntity
  8
0
100
AcDbLine
 10
84.0
 20
-37.81853526859368
 30
0.0
 11
84.0
 21
-31.49999999999955
 31
0.0
  0
LINE
  5
3EC
330
3D5
100
AcDbEntity
  8
0
100
AcDbLine
 10
24.5
 20
-41.31853526859368
 30
0.0
 11
80.5
 21
-41.31853526859368
 31
0.0
  0
CIRCLE
  5
3ED
330
3D5
100
AcDbEntity
  8
0
100
AcDbCircle
 10
24.5
 20
-127.1814647314054
 30
0.0
 40
3.5
  0
LINE
  5
3EE
330
3D5
100
AcDbEntity
  8
0
100
AcDbLine
 10
21.0
 20
-127.1814647314054
 30
0.0
 11
21.0
 21
-133.4999999999995
 31
0.0
  0
CIRCLE
  5
3EF
330
3D5
100
AcDbEntity
  8
0
100
AcDbCircle
 10
80.5
 20
-127.1814647314054
 30
0.0
 40
3.5
  0
LINE
  5
3F0
330
3D5
100
AcDbEntity
  8
0
100
AcDbLine
 10
84.0
 20
-127.1814647314054
 30
0.0
 11
84.0
 21
-133.4999999999995
 31
0.0
  0
LINE
  5
3F1
330
3D5
100
AcDbEntity
  8
0
100
AcDbLine
 10
24.5
 20
-123.6814647314054
 30
0.0
 11
80.5
 21
-123.6814647314054
 31
0.0
  0
CIRCLE
  5
3F2
330
3D5
100
AcDbEntity
  8
0
100
AcDbCircle
 10
52.5
 20
-55.31853526859368
 30
0.0
 40
1.0
  0
CIRCLE
  5
3F3
330
3D5
100
AcDbEntity
  8
0
100
AcDbCircle
 10
57.5
 20
-55.31853526859368
 30
0.0
 40
1.0
  0
CIRCLE
  5
3F4
330
3D5
100
AcDbEntity
  8
0
100
AcDbCircle
 10
47.5
 20
-55.31853526859368
 30
0.0
 40
1.0
  0
CIRCLE
  5
3F5
330
3D5
100
AcDbEntity
  8
0
100
AcDbCircle
 10
62.5
 20
-55.31853526859368
 30
0.0
 40
1.0
  0
CIRCLE
  5
3F6
330
3D5
100
AcDbEntity
  8
0
100
AcDbCircle
 10
42.5
 20
-55.31853526859368
 30
0.0
 40
1.0
  0
CIRCLE
  5
3F7
330
3D5
100
AcDbEntity
  8
0
100
AcDbCircle
 10
52.49999999999909
 20
-115.3185352685941
 30
0.0
 40
1.0
  0
CIRCLE
  5
3F8
330
3D5
100
AcDbEntity
  8
0
100
AcDbCircle
 10
57.49999999999909
 20
-115.3185352685941
 30
0.0
 40
1.0
  0
CIRCLE
  5
3F9
330
3D5
100
AcDbEntity
  8
0
100
AcDbCircle
 10
47.49999999999909
 20
-115.3185352685937
 30
0.0
 40
1.0
  0
CIRCLE
  5
3FA
330
3D5
100
AcDbEntity
  8
0
100
AcDbCircle
 10
62.49999999999909
 20
-115.3185352685941
 30
0.0
 40
1.0
  0
CIRCLE
  5
3FB
330
3D5
100
AcDbEntity
  8
0
100
AcDbCircle
 10
42.49999999999909
 20
-115.3185352685937
 30
0.0
 40
1.0
  0
LWPOLYLINE
  5
3FC
330
3D5
100
AcDbEntity
  8
0
100
AcDbPolyline
 90
4
 70
1
 10
44.24999999999999
 20
-60.31853526859368
 10
60.75
 20
-60.31853526859368
 10
60.75
 20
-103.3185352685936
 10
44.24999999999999
 20
-103.3185352685936
  0
LWPOLYLINE
  5
3FD
330
3D5
100
AcDbEntity
  8
0
100
AcDbPolyline
 90
4
 70
1
 10
45.0
 20
-61.31853526859369
 10
60.0
 20
-61.31853526859369
 10
60.0
 20
-66.81853526859366
 10
45.0
 20
-66.81853526859366
  0
LWPOLYLINE
  5
3FE
330
3D5
100
AcDbEntity
  8
0
100
AcDbPolyline
 90
4
 70
1
 10
45.0
 20
-94.81853526859369
 10
60.0
 20
-94.81853526859369
 10
60.0
 20
-100.3185352685937
 10
45.0
 20
-100.3185352685937
  0
MTEXT
  5
3FF
330
3D5
100
AcDbEntity
  8
0
100
AcDbMText
 10
81.0
 20
-24.31853526859368
 30
0.0
 40
4.0
 41
14.07753558144964
 46
0.0
 71
1
 72
5
  1
LINE
101
Embedded Object
 70
1
 10
1.0
 20
0.0
 30
0.0
 11
81.0
 21
-24.31853526859368
 31
0.0
 40
14.07753558144964
 41
0.0
 42
14.07753558144964
 43
0.0
 71
2
 72
1
 44
14.07753558144964
 45
1.0
 73
0
 74
0
 46
0.0
  0
MTEXT
  5
400
330
3D5
100
AcDbEntity
  8
0
100
AcDbMText
 10
11.0
 20
-136.8185352685937
 30
0.0
 40
4.0
 41
14.07753558144964
 46
0.0
 71
1
 72
5
  1
LOAD
101
Embedded Object
 70
1
 10
1.0
 20
0.0
 30
0.0
 11
11.0
 21
-136.8185352685937
 31
0.0
 40
14.07753558144964
 41
0.0
 42
14.07753558144964
 43
0.0
 71
2
 72
1
 44
14.07753558144964
 45
1.0
 73
0
 74
0
 46
0.0
  0
MTEXT
  5
401
330
3D5
100
AcDbEntity
  8
0
100
AcDbMText
 10
11.0
 20
-24.31853526859368
 30
0.0
 40
4.0
 41
14.07753558144964
 46
0.0
 71
1
 72
5
  1
MCCB
101
Embedded Object
 70
1
 10
1.0
 20
0.0
 30
0.0
 11
11.0
 21
-24.31853526859368
 31
0.0
 40
14.07753558144964
 41
0.0
 42
14.07753558144964
 43
0.0
 71
2
 72
1
 44
14.07753558144964
 45
1.0
 73
0
 74
0
 46
0.0
  0
MTEXT
  5
402
330
3D5
100
AcDbEntity
  8
0
100
AcDbMText
 10
50.0
 20
-96.31853526859369
 30
0.0
 40
3.0
 41
7.241758544778575
 46
0.0
 71
1
 72
5
  1
ON
101
Embedded Object
 70
1
 10
1.0
 20
0.0
 30
0.0
 11
50.0
 21
-96.31853526859369
 31
0.0
 40
7.241758544778575
 41
0.0
 42
7.241758544778575
 43
0.0
 71
2
 72
1
 44
7.241758544778575
 45
1.0
 73
0
 74
0
 46
0.0
  0
CIRCLE
  5
403
330
3D5
100
AcDbEntity
  8
0
100
AcDbCircle
 10
96.9999999999991
 20
-102.7814647314053
 30
0.0
 40
4.28146473140589
  0
MTEXT
  5
404
330
3D5
100
AcDbEntity
  8
0
100
AcDbMText
 10
71.0
 20
-87.8185352685937
 30
0.0
 40
3.0
 41
32.21449344644702
 46
0.0
 71
1
 72
5
  1
PUSH TO TRIP
101
Embedded Object
 70
1
 10
1.0
 20
0.0
 30
0.0
 11
71.0
 21
-87.8185352685937
 31
0.0
 40
32.21449344644702
 41
0.0
 42
32.21449344644702
 43
0.0
 71
2
 72
1
 44
32.21449344644702
 45
1.0
 73
0
 74
0
 46
0.0
  0
LWPOLYLINE
  5
405
330
3D5
100
AcDbEntity
  8
0
370
30
100
AcDbPolyline
 90
2
 70
0
 10
31.5
 20
-164.9999999999995
 10
38.5
 20
-164.9999999999995
  0
LWPOLYLINE
  5
406
330
3D5
100
AcDbEntity
  8
0
370
30
100
AcDbPolyline
 90
2
 70
0
 10
66.5
 20
-164.9999999999995
 10
73.5
 20
-164.9999999999995
  0
LWPOLYLINE
  5
407
330
3D5
100
AcDbEntity
  8
0
370
30
100
AcDbPolyline
 90
2
 70
0
 10
73.5
 20
4.547e-13
 10
66.5
 20
4.547e-13
  0
LWPOLYLINE
  5
408
330
3D5
100
AcDbEntity
  8
0
370
30
100
AcDbPolyline
 90
2
 70
0
 10
38.5
 20
4.547e-13
 10
31.5
 20
4.547e-13
  0
LINE
  5
409
330
3D5
100
AcDbEntity
  8
0
100
AcDbLine
 10
0.0
 20
4.547e-13
 30
0.0
 11
3.5
 21
4.547e-13
 31
0.0
  0
LINE
  5
40A
330
3D5
100
AcDbEntity
  8
0
100
AcDbLine
 10
31.5
 20
4.547e-13
 30
0.0
 11
38.5
 21
4.547e-13
 31
0.0
  0
LINE
  5
40B
330
3D5
100
AcDbEntity
  8
0
100
AcDbLine
 10
66.5
 20
4.547e-13
 30
0.0
 11
73.5
 21
4.547e-13
 31
0.0
  0
LINE
  5
40C
330
3D5
100
AcDbEntity
  8
0
100
AcDbLine
 10
101.5
 20
4.547e-13
 30
0.0
 11
105.0
 21
4.547e-13
 31
0.0
  0
LWPOLYLINE
  5
40D
330
3D5
100
AcDbEntity
  8
0
370
30
100
AcDbPolyline
 90
4
 70
0
 10
73.5
 20
4.547e-13
 10
73.5
 20
-19.99999999999953
 10
101.5
 20
-19.99999999999953
 10
101.5
 20
4.547e-13
  0
CIRCLE
  5
40E
330
3D5
100
AcDbEntity
  8
0
100
AcDbCircle
 10
87.5
 20
-9.999999999999543
 30
0.0
 40
4.0
  0
LINE
  5
40F
330
3D5
100
AcDbEntity
  8
0
100
AcDbLine
 10
31.5
 20
4.547e-13
 30
0.0
 11
38.5
 21
4.547e-13
 31
0.0
  0
LINE
  5
410
330
3D5
100
AcDbEntity
  8
0
100
AcDbLine
 10
66.5
 20
4.547e-13
 30
0.0
 11
73.5
 21
4.547e-13
 31
0.0
  0
LWPOLYLINE
  5
411
330
3D5
100
AcDbEntity
  8
0
370
30
100
AcDbPolyline
 90
4
 70
0
 10
38.5
 20
4.547e-13
 10
38.5
 20
-19.99999999999953
 10
66.5
 20
-19.99999999999953
 10
66.5
 20
4.547e-13
  0
LWPOLYLINE
  5
412
330
3D5
100
AcDbEntity
  8
0
370
30
100
AcDbPolyline
 90
4
 70
0
 10
31.5
 20
4.547e-13
 10
31.5
 20
-19.99999999999953
 10
3.5
 20
-19.99999999999953
 10
3.5
 20
4.547e-13
  0
CIRCLE
  5
413
330
3D5
100
AcDbEntity
  8
0
100
AcDbCircle
 10
17.5
 20
-9.999999999999543
 30
0.0
 40
4.0
  0
LINE
  5
414
330
3D5
100
AcDbEntity
  8
0
100
AcDbLine
 10
0.0
 20
-164.9999999999995
 30
0.0
 11
3.5
 21
-164.9999999999995
 31
0.0
  0
LINE
  5
415
330
3D5
100
AcDbEntity
  8
0
100
AcDbLine
 10
31.5
 20
-164.9999999999995
 30
0.0
 11
38.5
 21
-164.9999999999995
 31
0.0
  0
LINE
  5
416
330
3D5
100
AcDbEntity
  8
0
100
AcDbLine
 10
66.5
 20
-164.9999999999995
 30
0.0
 11
73.5
 21
-164.9999999999995
 31
0.0
  0
LINE
  5
417
330
3D5
100
AcDbEntity
  8
0
100
AcDbLine
 10
101.5
 20
-164.9999999999995
 30
0.0
 11
105.0
 21
-164.9999999999995
 31
0.0
  0
LWPOLYLINE
  5
418
330
3D5
100
AcDbEntity
  8
0
370
30
100
AcDbPolyline
 90
4
 70
0
 10
73.5
 20
-164.9999999999995
 10
73.5
 20
-144.9999999999995
 10
101.5
 20
-144.9999999999995
 10
101.5
 20
-164.9999999999995
  0
LINE
  5
419
330
3D5
100
AcDbEntity
  8
0
100
AcDbLine
 10
31.5
 20
-164.9999999999995
 30
0.0
 11
38.5
 21
-164.9999999999995
 31
0.0
  0
LINE
  5
41A
330
3D5
100
AcDbEntity
  8
0
100
AcDbLine
 10
66.5
 20
-164.9999999999995
 30
0.0
 11
73.5
 21
-164.9999999999995
 31
0.0
  0
LWPOLYLINE
  5
41B
330
3D5
100
AcDbEntity
  8
0
370
30
100
AcDbPolyline
 90
4
 70
0
 10
38.5
 20
-164.9999999999995
 10
38.5
 20
-144.9999999999995
 10
66.5
 20
-144.9999999999995
 10
66.5
 20
-164.9999999999995
  0
MTEXT
  5
41C
330
3D5
100
AcDbEntity
  8
0
100
AcDbMText
 10
85.97096280302277
 20
-9.210238911607577
 30
0.0
 40
2.0
 41
4.437556220569831
 46
0.0
 71
1
 72
5
  1
M8
101
Embedded Object
 70
1
 10
1.0
 20
0.0
 30
0.0
 11
85.97096280302277
 21
-9.210238911607577
 31
0.0
 40
4.437556220569831
 41
0.0
 42
4.437556220569831
 43
0.0
 71
2
 72
1
 44
4.437556220569831
 45
1.0
 73
0
 74
0
 46
0.0
  0
MTEXT
  5
41D
330
3D5
100
AcDbEntity
  8
0
 62
4
100
AcDbMText
 10
34.0
 20
-18.81853526859368
 30
0.0
 40
1.0
 41
4.437556220569831
 46
0.0
 71
1
 72
5
  1
M4
101
Embedded Object
 70
1
 10
1.0
 20
0.0
 30
0.0
 11
34.0
 21
-18.81853526859368
 31
0.0
 40
4.437556220569831
 41
0.0
 42
4.437556220569831
 43
0.0
 71
2
 72
1
 44
4.437556220569831
 45
1.0
 73
0
 74
0
 46
0.0
  0
MTEXT
  5
41E
330
3D5
100
AcDbEntity
  8
0
100
AcDbMText
 10
15.97096280302276
 20
-9.210238911607577
 30
0.0
 40
2.0
 41
4.437556220569831
 46
0.0
 71
1
 72
5
  1
M8
101
Embedded Object
 70
1
 10
1.0
 20
0.0
 30
0.0
 11
15.97096280302276
 21
-9.210238911607577
 31
0.0
 40
4.437556220569831
 41
0.0
 42
4.437556220569831
 43
0.0
 71
2
 72
1
 44
4.437556220569831
 45
1.0
 73
0
 74
0
 46
0.0
  0
MTEXT
  5
41F
330
3D5
100
AcDbEntity
  8
0
100
AcDbMText
 10
15.97096280302276
 20
-153.7102389116076
 30
0.0
 40
2.0
 41
4.437556220569831
 46
0.0
 71
1
 72
5
  1
M8
101
Embedded Object
 70
1
 10
1.0
 20
0.0
 30
0.0
 11
15.97096280302276
 21
-153.7102389116076
 31
0.0
 40
4.437556220569831
 41
0.0
 42
4.437556220569831
 43
0.0
 71
2
 72
1
 44
4.437556220569831
 45
1.0
 73
0
 74
0
 46
0.0
  0
MTEXT
  5
420
330
3D5
100
AcDbEntity
  8
0
100
AcDbMText
 10
85.97096280302277
 20
-153.7102389116076
 30
0.0
 40
2.0
 41
4.437556220569831
 46
0.0
 71
1
 72
5
  1
M8
101
Embedded Object
 70
1
 10
1.0
 20
0.0
 30
0.0
 11
85.97096280302277
 21
-153.7102389116076
 31
0.0
 40
4.437556220569831
 41
0.0
 42
4.437556220569831
 43
0.0
 71
2
 72
1
 44
4.437556220569831
 45
1.0
 73
0
 74
0
 46
0.0
  0
LWPOLYLINE
  5
421
330
3D5
100
AcDbEntity
  8
0
370
30
100
AcDbPolyline
 90
4
 70
0
 10
73.5
 20
-164.9999999999995
 10
73.5
 20
-144.9999999999995
 10
101.5
 20
-144.9999999999995
 10
101.5
 20
-164.9999999999995
  0
CIRCLE
  5
422
330
3D5
100
AcDbEntity
  8
0
100
AcDbCircle
 10
87.5
 20
-154.9999999999995
 30
0.0
 40
4.0
  0
LWPOLYLINE
  5
423
330
3D5
100
AcDbEntity
  8
0
370
30
100
AcDbPolyline
 90
4
 70
0
 10
31.5
 20
-164.9999999999995
 10
31.5
 20
-144.9999999999995
 10
3.5
 20
-144.9999999999995
 10
3.5
 20
-164.9999999999995
  0
CIRCLE
  5
424
330
3D5
100
AcDbEntity
  8
0
100
AcDbCircle
 10
17.5
 20
-154.9999999999995
 30
0.0
 40
4.0
  0
MTEXT
  5
425
330
3D5
100
AcDbEntity
  8
0
 62
4
100
AcDbMText
 10
34.0
 20
-18.81853526859368
 30
0.0
 40
1.0
 41
4.437556220569831
 46
0.0
 71
1
 72
5
  1
M5
101
Embedded Object
 70
1
 10
1.0
 20
0.0
 30
0.0
 11
34.0
 21
-18.81853526859368
 31
0.0
 40
4.437556220569831
 41
0.0
 42
4.437556220569831
 43
0.0
 71
2
 72
1
 44
4.437556220569831
 45
1.0
 73
0
 74
0
 46
0.0
  0
LINE
  5
426
330
3D5
100
AcDbEntity
  8
0
 62
4
100
AcDbLine
 10
34.99999999999818
 20
-16.99999999999954
 30
0.0
 11
34.99999999999818
 21
-21.99999999999954
 31
0.0
  0
LINE
  5
427
330
3D5
100
AcDbEntity
  8
0
 62
4
100
AcDbLine
 10
32.49999999999818
 20
-19.49999999999954
 30
0.0
 11
37.49999999999818
 21
-19.49999999999954
 31
0.0
  0
MTEXT
  5
428
330
3D5
100
AcDbEntity
  8
0
 62
4
100
AcDbMText
 10
69.00000000000364
 20
-18.81853526859368
 30
0.0
 40
1.0
 41
4.437556220569831
 46
0.0
 71
1
 72
5
  1
M5
101
Embedded Object
 70
1
 10
1.0
 20
0.0
 30
0.0
 11
69.00000000000364
 21
-18.81853526859368
 31
0.0
 40
4.437556220569831
 41
0.0
 42
4.437556220569831
 43
0.0
 71
2
 72
1
 44
4.437556220569831
 45
1.0
 73
0
 74
0
 46
0.0
  0
LINE
  5
429
330
3D5
100
AcDbEntity
  8
0
 62
4
100
AcDbLine
 10
70.00000000000182
 20
-16.99999999999954
 30
0.0
 11
70.00000000000182
 21
-21.99999999999954
 31
0.0
  0
LINE
  5
42A
330
3D5
100
AcDbEntity
  8
0
 62
4
100
AcDbLine
 10
67.50000000000182
 20
-19.49999999999954
 30
0.0
 11
72.50000000000182
 21
-19.49999999999954
 31
0.0
  0
MTEXT
  5
42B
330
3D5
100
AcDbEntity
  8
0
 62
4
100
AcDbMText
 10
34.00000000000364
 20
-144.8185352685936
 30
0.0
 40
1.0
 41
4.437556220569831
 46
0.0
 71
1
 72
5
  1
M5
101
Embedded Object
 70
1
 10
1.0
 20
0.0
 30
0.0
 11
34.00000000000364
 21
-144.8185352685936
 31
0.0
 40
4.437556220569831
 41
0.0
 42
4.437556220569831
 43
0.0
 71
2
 72
1
 44
4.437556220569831
 45
1.0
 73
0
 74
0
 46
0.0
  0
LINE
  5
42C
330
3D5
100
AcDbEntity
  8
0
 62
4
100
AcDbLine
 10
35.00000000000182
 20
-142.9999999999995
 30
0.0
 11
35.00000000000182
 21
-147.9999999999995
 31
0.0
  0
LINE
  5
42D
330
3D5
100
AcDbEntity
  8
0
 62
4
100
AcDbLine
 10
32.50000000000182
 20
-145.4999999999995
 30
0.0
 11
37.50000000000182
 21
-145.4999999999995
 31
0.0
  0
MTEXT
  5
42E
330
3D5
100
AcDbEntity
  8
0
 62
4
100
AcDbMText
 10
69.00000000000364
 20
-144.8185352685936
 30
0.0
 40
1.0
 41
4.437556220569831
 46
0.0
 71
1
 72
5
  1
M5
101
Embedded Object
 70
1
 10
1.0
 20
0.0
 30
0.0
 11
69.00000000000364
 21
-144.8185352685936
 31
0.0
 40
4.437556220569831
 41
0.0
 42
4.437556220569831
 43
0.0
 71
2
 72
1
 44
4.437556220569831
 45
1.0
 73
0
 74
0
 46
0.0
  0
LINE
  5
42F
330
3D5
100
AcDbEntity
  8
0
 62
4
100
AcDbLine
 10
70.00000000000182
 20
-142.9999999999995
 30
0.0
 11
70.00000000000182
 21
-147.9999999999995
 31
0.0
  0
LINE
  5
430
330
3D5
100
AcDbEntity
  8
0
 62
4
100
AcDbLine
 10
67.50000000000182
 20
-145.4999999999995
 30
0.0
 11
72.50000000000182
 21
-145.4999999999995
 31
0.0
  0
CIRCLE
  5
431
330
3D5
100
AcDbEntity
  8
0
100
AcDbCircle
 10
52.5
 20
-9.999999999999543
 30
0.0
 40
4.0
  0
MTEXT
  5
432
330
3D5
100
AcDbEntity
  8
0
100
AcDbMText
 10
50.97096280302276
 20
-9.210238911607577
 30
0.0
 40
2.0
 41
4.437556220569831
 46
0.0
 71
1
 72
5
  1
M8
101
Embedded Object
 70
1
 10
1.0
 20
0.0
 30
0.0
 11
50.97096280302276
 21
-9.210238911607577
 31
0.0
 40
4.437556220569831
 41
0.0
 42
4.437556220569831
 43
0.0
 71
2
 72
1
 44
4.437556220569831
 45
1.0
 73
0
 74
0
 46
0.0
  0
MTEXT
  5
433
330
3D5
100
AcDbEntity
  8
0
100
AcDbMText
 10
50.97096280302276
 20
-153.7102389116076
 30
0.0
 40
2.0
 41
4.437556220569831
 46
0.0
 71
1
 72
5
  1
M8
101
Embedded Object
 70
1
 10
1.0
 20
0.0
 30
0.0
 11
50.97096280302276
 21
-153.7102389116076
 31
0.0
 40
4.437556220569831
 41
0.0
 42
4.437556220569831
 43
0.0
 71
2
 72
1
 44
4.437556220569831
 45
1.0
 73
0
 74
0
 46
0.0
  0
CIRCLE
  5
434
330
3D5
100
AcDbEntity
  8
0
100
AcDbCircle
 10
52.5
 20
-154.9999999999995
 30
0.0
 40
4.0
  0
ENDBLK
  5
3D7
330
3D5
100
AcDbEntity
  8
0
100
AcDbBlockEnd
  0
BLOCK
  5
436
330
435
100
AcDbEntity
  8
0
100
AcDbBlockBegin
  2
CB LS 30AF 2P
 70
0
 10
0.0
 20
0.0
 30
0.0
  3
CB LS 30AF 2P
  1

  0
MTEXT
  5
438
330
435
100
AcDbEntity
  8
0
100
AcDbMText
 10
32.5
 20
-27.0
 30
0.0
 40
4.0
 41
14.07753558144964
 46
0.0
 71
1
 72
5
  1
LINE
101
Embedded Object
 70
1
 10
1.0
 20
0.0
 30
0.0
 11
32.5
 21
-27.0
 31
0.0
 40
14.07753558144964
 41
0.0
 42
14.07753558144964
 43
0.0
 71
2
 72
1
 44
14.07753558144964
 45
1.0
 73
0
 74
0
 46
0.0
  0
MTEXT
  5
439
330
435
100
AcDbEntity
  8
0
100
AcDbMText
 10
5.0
 20
-27.0
 30
0.0
 40
4.0
 41
14.07753558144964
 46
0.0
 71
1
 72
5
  1
MCCB
101
Embedded Object
 70
1
 10
1.0
 20
0.0
 30
0.0
 11
5.0
 21
-27.0
 31
0.0
 40
14.07753558144964
 41
0.0
 42
14.07753558144964
 43
0.0
 71
2
 72
1
 44
14.07753558144964
 45
1.0
 73
0
 74
0
 46
0.0
  0
LWPOLYLINE
  5
43A
330
435
100
AcDbEntity
  8
0
370
30
100
AcDbPolyline
 90
2
 70
0
 10
21.5
 20
-130.0
 10
28.5
 20
-130.0
  0
LWPOLYLINE
  5
43B
330
435
100
AcDbEntity
  8
0
370
30
100
AcDbPolyline
 90
4
 70
0
 10
46.5
 20
-130.0
 10
50.0
 20
-130.0
 10
50.0
 20
0.0
 10
46.5
 20
0.0
  0
LWPOLYLINE
  5
43C
330
435
100
AcDbEntity
  8
0
370
30
100
AcDbPolyline
 90
2
 70
0
 10
28.5
 20
0.0
 10
21.5
 20
0.0
  0
LWPOLYLINE
  5
43D
330
435
100
AcDbEntity
  8
0
370
30
100
AcDbPolyline
 90
4
 70
0
 10
3.5
 20
0.0
 10
0.0
 20
0.0
 10
0.0
 20
-130.0
 10
3.5
 20
-130.0
  0
LINE
  5
43E
330
435
100
AcDbEntity
  8
E_Electrical Equipment
 62
0
100
AcDbLine
 10
21.5
 20
0.0
 30
0.0
 11
28.5
 21
0.0
 31
0.0
  0
LWPOLYLINE
  5
43F
330
435
100
AcDbEntity
  8
0
370
30
100
AcDbPolyline
 90
4
 70
0
 10
28.5
 20
0.0
 10
28.5
 20
-14.0
 10
46.5
 20
-14.0
 10
46.5
 20
0.0
  0
CIRCLE
  5
440
330
435
100
AcDbEntity
  8
E_Electrical Equipment
 62
0
100
AcDbCircle
 10
37.5
 20
-7.5
 30
0.0
 40
2.5
  0
LWPOLYLINE
  5
441
330
435
100
AcDbEntity
  8
0
370
30
100
AcDbPolyline
 90
4
 70
0
 10
3.5
 20
0.0
 10
3.5
 20
-14.0
 10
21.5
 20
-14.0
 10
21.5
 20
0.0
  0
CIRCLE
  5
442
330
435
100
AcDbEntity
  8
E_Electrical Equipment
 62
0
100
AcDbCircle
 10
12.5
 20
-7.5
 30
0.0
 40
2.5
  0
LINE
  5
443
330
435
100
AcDbEntity
  8
E_Electrical Equipment
 62
0
100
AcDbLine
 10
21.5
 20
-130.0
 30
0.0
 11
28.5
 21
-130.0
 31
0.0
  0
LWPOLYLINE
  5
444
330
435
100
AcDbEntity
  8
0
370
30
100
AcDbPolyline
 90
4
 70
0
 10
28.5
 20
-130.0
 10
28.5
 20
-116.0
 10
46.5
 20
-116.0
 10
46.5
 20
-130.0
  0
CIRCLE
  5
445
330
435
100
AcDbEntity
  8
E_Electrical Equipment
 62
0
100
AcDbCircle
 10
37.5
 20
-122.5
 30
0.0
 40
2.5
  0
LWPOLYLINE
  5
446
330
435
100
AcDbEntity
  8
0
370
30
100
AcDbPolyline
 90
4
 70
0
 10
3.5
 20
-130.0
 10
3.5
 20
-116.0
 10
21.5
 20
-116.0
 10
21.5
 20
-130.0
  0
CIRCLE
  5
447
330
435
100
AcDbEntity
  8
E_Electrical Equipment
 62
0
100
AcDbCircle
 10
12.5
 20
-122.5
 30
0.0
 40
2.400000000000089
  0
LINE
  5
448
330
435
100
AcDbEntity
  8
E_Electrical Equipment
 62
0
100
AcDbLine
 10
50.0
 20
-23.0
 30
0.0
 11
50.0
 21
-107.0
 31
0.0
  0
LINE
  5
449
330
435
100
AcDbEntity
  8
E_Electrical Equipment
 62
0
100
AcDbLine
 10
50.0
 20
-107.0
 30
0.0
 11
0.0
 21
-107.0
 31
0.0
  0
LINE
  5
44A
330
435
100
AcDbEntity
  8
E_Electrical Equipment
 62
0
100
AcDbLine
 10
50.0
 20
-23.0
 30
0.0
 11
0.0
 21
-23.0
 31
0.0
  0
LINE
  5
44B
330
435
100
AcDbEntity
  8
0
100
AcDbLine
 10
0.0
 20
-40.0
 30
0.0
 11
22.0
 21
-40.0
 31
0.0
  0
LINE
  5
44C
330
435
100
AcDbEntity
  8
0
100
AcDbLine
 10
22.0
 20
-39.08777657860037
 30
0.0
 11
22.0
 21
-90.91222342139962
 31
0.0
  0
ARC
  5
44D
330
435
100
AcDbEntity
  8
0
100
AcDbCircle
 10
20.0
 20
-39.08777657860037
 30
0.0
 40
2.0
100
AcDbArc
 50
0.0
 51
90.0
  0
ARC
  5
44E
330
435
100
AcDbEntity
  8
0
100
AcDbCircle
 10
20.0
 20
-90.91222342139962
 30
0.0
 40
2.0
100
AcDbArc
 50
270.0
 51
0.0
  0
LINE
  5
44F
330
435
100
AcDbEntity
  8
0
100
AcDbLine
 10
3.5
 20
-44.29388828929996
 30
0.0
 11
18.5
 21
-44.29388828929996
 31
0.0
  0
LINE
  5
450
330
435
100
AcDbEntity
  8
0
100
AcDbLine
 10
18.5
 20
-44.29388828929996
 30
0.0
 11
18.5
 21
-85.70611171070003
 31
0.0
  0
LINE
  5
451
330
435
100
AcDbEntity
  8
0
100
AcDbLine
 10
18.5
 20
-85.70611171070003
 30
0.0
 11
3.5
 21
-85.70611171070003
 31
0.0
  0
LINE
  5
452
330
435
100
AcDbEntity
  8
0
100
AcDbLine
 10
3.5
 20
-85.70611171070003
 30
0.0
 11
3.5
 21
-44.29388828929996
 31
0.0
  0
LINE
  5
453
330
435
100
AcDbEntity
  8
0
100
AcDbLine
 10
5.0
 20
-45.91222342139963
 30
0.0
 11
17.0
 21
-45.91222342139963
 31
0.0
  0
LINE
  5
454
330
435
100
AcDbEntity
  8
0
100
AcDbLine
 10
17.0
 20
-45.91222342139963
 30
0.0
 11
17.0
 21
-53.41222342139963
 31
0.0
  0
LINE
  5
455
330
435
100
AcDbEntity
  8
0
100
AcDbLine
 10
17.0
 20
-53.41222342139963
 30
0.0
 11
5.0
 21
-53.41222342139963
 31
0.0
  0
LINE
  5
456
330
435
100
AcDbEntity
  8
0
100
AcDbLine
 10
5.0
 20
-53.41222342139963
 30
0.0
 11
5.0
 21
-45.91222342139963
 31
0.0
  0
LINE
  5
457
330
435
100
AcDbEntity
  8
0
100
AcDbLine
 10
5.0
 20
-76.41222342139962
 30
0.0
 11
17.0
 21
-76.41222342139962
 31
0.0
  0
LINE
  5
458
330
435
100
AcDbEntity
  8
0
100
AcDbLine
 10
17.0
 20
-76.41222342139962
 30
0.0
 11
17.0
 21
-83.91222342139962
 31
0.0
  0
LINE
  5
459
330
435
100
AcDbEntity
  8
0
100
AcDbLine
 10
17.0
 20
-83.91222342139962
 30
0.0
 11
5.0
 21
-83.91222342139962
 31
0.0
  0
LINE
  5
45A
330
435
100
AcDbEntity
  8
0
100
AcDbLine
 10
5.0
 20
-83.91222342139962
 30
0.0
 11
5.0
 21
-76.41222342139962
 31
0.0
  0
LINE
  5
45B
330
435
100
AcDbEntity
  8
0
100
AcDbLine
 10
0.0
 20
-92.91222342139963
 30
0.0
 11
20.0
 21
-92.91222342139963
 31
0.0
  0
LINE
  5
45C
330
435
100
AcDbEntity
  8
0
100
AcDbLine
 10
0.0
 20
-37.08777657860037
 30
0.0
 11
20.0
 21
-37.08777657860037
 31
0.0
  0
TEXT
  5
45D
330
435
100
AcDbEntity
  8
0
100
AcDbText
 10
7.297407912687049
 20
-80.96542942412862
 30
0.0
 40
3.0
  1
ON
100
AcDbText
  0
LINE
  5
45E
330
435
100
AcDbEntity
  8
0
100
AcDbLine
 10
50.0
 20
-90.0
 30
0.0
 11
0.0
 21
-90.0
 31
0.0
  0
LINE
  5
45F
330
435
100
AcDbEntity
  8
0
100
AcDbLine
 10
50.0
 20
-40.0
 30
0.0
 11
0.0
 21
-40.0
 31
0.0
  0
ARC
  5
460
330
435
100
AcDbEntity
  8
0
100
AcDbCircle
 10
22.0
 20
-84.0
 30
0.0
 40
2.5
100
AcDbArc
 50
270.0
 51
90.0
  0
MTEXT
  5
461
330
435
100
AcDbEntity
  8
0
100
AcDbMText
 10
25.0
 20
-85.14306253140967
 30
0.0
 40
2.5
 41
37.65752100187298
 46
0.0
 71
1
 72
5
  1
PUSH TO TRIP
101
Embedded Object
 70
1
 10
1.0
 20
0.0
 30
0.0
 11
25.0
 21
-85.14306253140967
 31
0.0
 40
37.65752100187298
 41
0.0
 42
37.65752100187298
 43
0.0
 71
2
 72
1
 44
37.65752100187298
 45
1.0
 73
0
 74
0
 46
0.0
  0
MTEXT
  5
462
330
435
100
AcDbEntity
  8
0
100
AcDbMText
 10
5.5
 20
-101.0
 30
0.0
 40
4.0
 41
14.07753558144964
 46
0.0
 71
1
 72
5
  1
LOAD
101
Embedded Object
 70
1
 10
1.0
 20
0.0
 30
0.0
 11
5.5
 21
-101.0
 31
0.0
 40
14.07753558144964
 41
0.0
 42
14.07753558144964
 43
0.0
 71
2
 72
1
 44
14.07753558144964
 45
1.0
 73
0
 74
0
 46
0.0
  0
MTEXT
  5
463
330
435
100
AcDbEntity
  8
0
 62
3
100
AcDbMText
 10
11.31355705976602
 20
-6.627689218647446
 30
0.0
 40
1.5
 41
4.338467422284111
 46
0.0
 71
1
 72
5
  1
{\C7;M5}
101
Embedded Object
 70
1
 10
1.0
 20
0.0
 30
0.0
 11
11.31355705976602
 21
-6.627689218647446
 31
0.0
 40
4.338467422284111
 41
0.0
 42
4.338467422284111
 43
0.0
 71
2
 72
1
 44
4.338467422284111
 45
1.0
 73
0
 74
0
 46
0.0
  0
MTEXT
  5
464
330
435
100
AcDbEntity
  8
0
 62
3
100
AcDbMText
 10
36.31355705976603
 20
-6.627689218647446
 30
0.0
 40
1.5
 41
4.338467422284111
 46
0.0
 71
1
 72
5
  1
{\C7;M5}
101
Embedded Object
 70
1
 10
1.0
 20
0.0
 30
0.0
 11
36.31355705976603
 21
-6.627689218647446
 31
0.0
 40
4.338467422284111
 41
0.0
 42
4.338467422284111
 43
0.0
 71
2
 72
1
 44
4.338467422284111
 45
1.0
 73
0
 74
0
 46
0.0
  0
MTEXT
  5
465
330
435
100
AcDbEntity
  8
0
 62
3
100
AcDbMText
 10
11.31355705976602
 20
-121.7276892186473
 30
0.0
 40
1.5
 41
4.338467422284111
 46
0.0
 71
1
 72
5
  1
{\C7;M5}
101
Embedded Object
 70
1
 10
1.0
 20
0.0
 30
0.0
 11
11.31355705976602
 21
-121.7276892186473
 31
0.0
 40
4.338467422284111
 41
0.0
 42
4.338467422284111
 43
0.0
 71
2
 72
1
 44
4.338467422284111
 45
1.0
 73
0
 74
0
 46
0.0
  0
MTEXT
  5
466
330
435
100
AcDbEntity
  8
0
 62
3
100
AcDbMText
 10
36.31355705976603
 20
-121.6276892186474
 30
0.0
 40
1.5
 41
4.338467422284111
 46
0.0
 71
1
 72
5
  1
{\C7;M5}
101
Embedded Object
 70
1
 10
1.0
 20
0.0
 30
0.0
 11
36.31355705976603
 21
-121.6276892186474
 31
0.0
 40
4.338467422284111
 41
0.0
 42
4.338467422284111
 43
0.0
 71
2
 72
1
 44
4.338467422284111
 45
1.0
 73
0
 74
0
 46
0.0
  0
MTEXT
  5
467
330
435
100
AcDbEntity
  8
0
 62
1
100
AcDbMText
 10
23.81355705976603
 20
-8.758884425832093
 30
0.0
 40
1.5
 41
4.338467422284111
 46
0.0
 71
1
 72
5
  1
M5
101
Embedded Object
 70
1
 10
1.0
 20
0.0
 30
0.0
 11
23.81355705976603
 21
-8.758884425832093
 31
0.0
 40
4.338467422284111
 41
0.0
 42
4.338467422284111
 43
0.0
 71
2
 72
1
 44
4.338467422284111
 45
1.0
 73
0
 74
0
 46
0.0
  0
MTEXT
  5
468
330
435
100
AcDbEntity
  8
0
 62
4
100
AcDbMText
 10
23.81355705976603
 20
-119.2588844258321
 30
0.0
 40
1.5
 41
4.338467422284111
 46
0.0
 71
1
 72
5
  1
{\C1;M5}
101
Embedded Object
 70
1
 10
1.0
 20
0.0
 30
0.0
 11
23.81355705976603
 21
-119.2588844258321
 31
0.0
 40
4.338467422284111
 41
0.0
 42
4.338467422284111
 43
0.0
 71
2
 72
1
 44
4.338467422284111
 45
1.0
 73
0
 74
0
 46
0.0
  0
LINE
  5
469
330
435
100
AcDbEntity
  8
0
 62
4
100
AcDbLine
 10
23.0
 20
-120.25
 30
0.0
 11
27.0
 21
-120.25
 31
0.0
  0
LINE
  5
46A
330
435
100
AcDbEntity
  8
0
 62
4
100
AcDbLine
 10
25.0
 20
-118.25
 30
0.0
 11
25.0
 21
-122.25
 31
0.0
  0
LINE
  5
46B
330
435
100
AcDbEntity
  8
0
 62
4
100
AcDbLine
 10
23.0
 20
-9.75
 30
0.0
 11
27.0
 21
-9.75
 31
0.0
  0
LINE
  5
46C
330
435
100
AcDbEntity
  8
0
 62
4
100
AcDbLine
 10
25.0
 20
-7.75
 30
0.0
 11
25.0
 21
-11.75
 31
0.0
  0
ENDBLK
  5
437
330
435
100
AcDbEntity
  8
0
100
AcDbBlockEnd
  0
BLOCK
  5
47A
330
479
100
AcDbEntity
  8
0
100
AcDbBlockBegin
  2
_Open30
 70
0
 10
0.0
 20
0.0
 30
0.0
  3
_Open30
  1

  0
LINE
  5
47C
330
479
100
AcDbEntity
  8
0
  6
ByBlock
 62
0
370
-2
100
AcDbLine
 10
-1.0
 20
0.26794919
 30
0.0
 11
0.0
 21
0.0
 31
0.0
  0
LINE
  5
47D
330
479
100
AcDbEntity
  8
0
  6
ByBlock
 62
0
370
-2
100
AcDbLine
 10
0.0
 20
0.0
 30
0.0
 11
-1.0
 21
-0.26794919
 31
0.0
  0
LINE
  5
47E
330
479
100
AcDbEntity
  8
0
  6
ByBlock
 62
0
370
-2
100
AcDbLine
 10
0.0
 20
0.0
 30
0.0
 11
-1.0
 21
0.0
 31
0.0
  0
ENDBLK
  5
47B
330
479
100
AcDbEntity
  8
0
100
AcDbBlockEnd
  0
BLOCK
  5
4AC
330
4AB
100
AcDbEntity
  8
0
100
AcDbBlockBegin
  2
*D1
 70
1
 10
0.0
 20
0.0
 30
0.0
  3
*D1
  1

  0
LINE
  5
4AE
330
4AB
100
AcDbEntity
  8
0
 62
5
370
9
440
16777216
100
AcDbLine
 10
205.82088577811373
 20
848.6231801810954
 30
0.0
 11
138.6963121810113
 21
848.6231801810954
 31
0.0
  0
LINE
  5
4AF
330
4AB
100
AcDbEntity
  8
0
 62
5
370
9
440
16777216
100
AcDbLine
 10
205.82088577811373
 20
1648.6231801810954
 30
0.0
 11
138.6963121810113
 21
1648.6231801810954
 31
0.0
  0
LINE
  5
4B0
330
4AB
100
AcDbEntity
  8
0
 62
5
370
9
440
16777216
100
AcDbLine
 10
153.6963121810113
 20
848.6231801810954
 30
0.0
 11
153.6963121810113
 21
1648.6231801810954
 31
0.0
  0
LINE
  5
4B1
330
4AB
100
AcDbEntity
  8
0
  6
ByBlock
 62
0
370
-2
100
AcDbLine
 10
147.6963121810113
 20
854.6231801810954
 30
0.0
 11
159.6963121810113
 21
842.6231801810954
 31
0.0
  0
LINE
  5
4B2
330
4AB
100
AcDbEntity
  8
0
  6
ByBlock
 62
0
370
-2
100
AcDbLine
 10
159.6963121810113
 20
1642.6231801810954
 30
0.0
 11
147.6963121810113
 21
1654.6231801810954
 31
0.0
  0
MTEXT
  5
4B3
330
4AB
100
AcDbEntity
  8
0
 62
3
440
16777216
100
AcDbMText
 10
121.84740358620184
 20
1248.6231801811136
 30
0.0
 40
33.0
 41
0.0
 46
0.0
 71
5
  1
800
 11
1e-16
 21
1.0
 31
0.0
  0
POINT
  5
4B4
330
4AB
100
AcDbEntity
  8
Defpoints
 62
0
440
16777216
100
AcDbPoint
 10
230.82088577801187
 20
848.6231801810954
 30
0.0
  0
POINT
  5
4B5
330
4AB
100
AcDbEntity
  8
Defpoints
 62
0
440
16777216
100
AcDbPoint
 10
230.82088577801187
 20
1648.6231801810954
 30
0.0
  0
POINT
  5
4B6
330
4AB
100
AcDbEntity
  8
Defpoints
 62
0
440
16777216
100
AcDbPoint
 10
153.6963121810113
 20
1648.6231801810954
 30
0.0
  0
ENDBLK
  5
4AD
330
4AB
100
AcDbEntity
  8
0
100
AcDbBlockEnd
  0
BLOCK
  5
4B8
330
4B7
100
AcDbEntity
  8
0
100
AcDbBlockBegin
  2
*D2
 70
1
 10
0.0
 20
0.0
 30
0.0
  3
*D2
  1

  0
LINE
  5
4BA
330
4B7
100
AcDbEntity
  8
0
 62
5
370
9
440
16777216
100
AcDbLine
 10
230.82088577801187
 20
823.6231801810964
 30
0.0
 11
230.82088577801187
 21
731.3228648470558
 31
0.0
  0
LINE
  5
4BB
330
4B7
100
AcDbEntity
  8
0
 62
5
370
9
440
16777216
100
AcDbLine
 10
830.8208857780119
 20
823.6231801810964
 30
0.0
 11
830.8208857780119
 21
731.3228648470558
 31
0.0
  0
LINE
  5
4BC
330
4B7
100
AcDbEntity
  8
0
 62
5
370
9
440
16777216
100
AcDbLine
 10
230.82088577801187
 20
746.3228648470558
 30
0.0
 11
830.8208857780119
 21
746.3228648470558
 31
0.0
  0
LINE
  5
4BD
330
4B7
100
AcDbEntity
  8
0
  6
ByBlock
 62
0
370
-2
100
AcDbLine
 10
236.82088577801187
 20
752.3228648470558
 30
0.0
 11
224.82088577801187
 21
740.3228648470558
 31
0.0
  0
LINE
  5
4BE
330
4B7
100
AcDbEntity
  8
0
  6
ByBlock
 62
0
370
-2
100
AcDbLine
 10
824.8208857780119
 20
740.3228648470558
 30
0.0
 11
836.8208857780119
 21
752.3228648470558
 31
0.0
  0
MTEXT
  5
4BF
330
4B7
100
AcDbEntity
  8
0
 62
3
440
16777216
100
AcDbMText
 10
530.8208857780119
 20
778.1717734418708
 30
0.0
 40
33.0
 41
0.0
 46
0.0
 71
5
  1
600
  0
POINT
  5
4C0
330
4B7
100
AcDbEntity
  8
Defpoints
 62
0
440
16777216
100
AcDbPoint
 10
230.82088577801187
 20
848.6231801810954
 30
0.0
  0
POINT
  5
4C1
330
4B7
100
AcDbEntity
  8
Defpoints
 62
0
440
16777216
100
AcDbPoint
 10
830.8208857780119
 20
848.6231801810954
 30
0.0
  0
POINT
  5
4C2
330
4B7
100
AcDbEntity
  8
Defpoints
 62
0
440
16777216
100
AcDbPoint
 10
830.8208857780119
 20
746.3228648470558
 30
0.0
  0
ENDBLK
  5
4B9
330
4B7
100
AcDbEntity
  8
0
100
AcDbBlockEnd
  0
BLOCK
  5
4C4
330
4C3
100
AcDbEntity
  8
0
100
AcDbBlockBegin
  2
*D3
 70
1
 10
0.0
 20
0.0
 30
0.0
  3
*D3
  1

  0
LINE
  5
4C6
330
4C3
100
AcDbEntity
  8
0
 62
5
370
9
440
16777216
100
AcDbLine
 10
1088.9633500162017
 20
823.6231801810964
 30
0.0
 11
1088.9633500162017
 21
731.3228648470558
 31
0.0
  0
LINE
  5
4C7
330
4C3
100
AcDbEntity
  8
0
 62
5
370
9
440
16777216
100
AcDbLine
 10
1688.9633500162017
 20
823.6231801810964
 30
0.0
 11
1688.9633500162017
 21
731.3228648470558
 31
0.0
  0
LINE
  5
4C8
330
4C3
100
AcDbEntity
  8
0
 62
5
370
9
440
16777216
100
AcDbLine
 10
1088.9633500162017
 20
746.3228648470558
 30
0.0
 11
1688.9633500162017
 21
746.3228648470558
 31
0.0
  0
LINE
  5
4C9
330
4C3
100
AcDbEntity
  8
0
  6
ByBlock
 62
0
370
-2
100
AcDbLine
 10
1094.9633500162017
 20
752.3228648470558
 30
0.0
 11
1082.9633500162017
 21
740.3228648470558
 31
0.0
  0
LINE
  5
4CA
330
4C3
100
AcDbEntity
  8
0
  6
ByBlock
 62
0
370
-2
100
AcDbLine
 10
1682.9633500162017
 20
740.3228648470558
 30
0.0
 11
1694.9633500162017
 21
752.3228648470558
 31
0.0
  0
MTEXT
  5
4CB
330
4C3
100
AcDbEntity
  8
0
 62
3
440
16777216
100
AcDbMText
 10
1388.9633500162017
 20
778.1717734418708
 30
0.0
 40
33.0
 41
0.0
 46
0.0
 71
5
  1
600
  0
POINT
  5
4CC
330
4C3
100
AcDbEntity
  8
Defpoints
 62
0
440
16777216
100
AcDbPoint
 10
1088.9633500162017
 20
848.6231801810954
 30
0.0
  0
POINT
  5
4CD
330
4C3
100
AcDbEntity
  8
Defpoints
 62
0
440
16777216
100
AcDbPoint
 10
1688.9633500162017
 20
848.6231801810954
 30
0.0
  0
POINT
  5
4CE
330
4C3
100
AcDbEntity
  8
Defpoints
 62
0
440
16777216
100
AcDbPoint
 10
1688.9633500162017
 20
746.3228648470558
 30
0.0
  0
ENDBLK
  5
4C5
330
4C3
100
AcDbEntity
  8
0
100
AcDbBlockEnd
  0
BLOCK
  5
4D0
330
4CF
100
AcDbEntity
  8
0
100
AcDbBlockBegin
  2
*D4
 70
1
 10
0.0
 20
0.0
 30
0.0
  3
*D4
  1

  0
LINE
  5
4D2
330
4CF
100
AcDbEntity
  8
0
 62
5
370
9
440
16777216
100
AcDbLine
 10
2357.5218895077996
 20
833.6231801810954
 30
0.0
 11
2357.5218895077996
 21
730.2624215570268
 31
0.0
  0
LINE
  5
4D3
330
4CF
100
AcDbEntity
  8
0
 62
5
370
9
440
16777216
100
AcDbLine
 10
2557.5218895077996
 20
833.6231801810954
 30
0.0
 11
2557.5218895077996
 21
730.2624215570268
 31
0.0
  0
LINE
  5
4D4
330
4CF
100
AcDbEntity
  8
0
 62
5
370
9
440
16777216
100
AcDbLine
 10
2357.5218895077996
 20
740.2624215570258
 30
0.0
 11
2557.5218895077996
 21
740.2624215570258
 31
0.0
  0
LINE
  5
4D5
330
4CF
100
AcDbEntity
  8
0
  6
ByBlock
 62
0
370
-2
100
AcDbLine
 10
2361.5218895077996
 20
744.2624215570258
 30
0.0
 11
2353.5218895077996
 21
736.2624215570258
 31
0.0
  0
LINE
  5
4D6
330
4CF
100
AcDbEntity
  8
0
  6
ByBlock
 62
0
370
-2
100
AcDbLine
 10
2553.5218895077996
 20
736.2624215570258
 30
0.0
 11
2561.5218895077996
 21
744.2624215570258
 31
0.0
  0
MTEXT
  5
4D7
330
4CF
100
AcDbEntity
  8
0
 62
3
440
16777216
100
AcDbMText
 10
2457.5218895077996
 20
763.0267462500678
 30
0.0
 40
25.0
 41
0.0
 46
0.0
 71
5
  1
200
  0
POINT
  5
4D8
330
4CF
100
AcDbEntity
  8
Defpoints
 62
0
440
16777216
100
AcDbPoint
 10
2357.5218895077996
 20
848.6231801810954
 30
0.0
  0
POINT
  5
4D9
330
4CF
100
AcDbEntity
  8
Defpoints
 62
0
440
16777216
100
AcDbPoint
 10
2557.5218895077996
 20
848.6231801810954
 30
0.0
  0
POINT
  5
4DA
330
4CF
100
AcDbEntity
  8
Defpoints
 62
0
440
16777216
100
AcDbPoint
 10
2557.5218895077996
 20
740.2624215570258
 30
0.0
  0
ENDBLK
  5
4D1
330
4CF
100
AcDbEntity
  8
0
100
AcDbBlockEnd
  0
BLOCK
  5
4DC
330
4DB
100
AcDbEntity
  8
0
100
AcDbBlockBegin
  2
*D5
 70
1
 10
0.0
 20
0.0
 30
0.0
  3
*D5
  1

  0
LINE
  5
4DE
330
4DB
100
AcDbEntity
  8
0
 62
5
370
9
440
16777216
100
AcDbLine
 10
230.82088577801187
 20
287.200961881028
 30
0.0
 11
230.82088577801187
 21
212.59047213995837
 31
0.0
  0
LINE
  5
4DF
330
4DB
100
AcDbEntity
  8
0
 62
5
370
9
440
16777216
100
AcDbLine
 10
830.8208857780119
 20
314.200961881028
 30
0.0
 11
830.8208857780119
 21
212.59047213995837
 31
0.0
  0
LINE
  5
4E0
330
4DB
100
AcDbEntity
  8
0
 62
5
370
9
440
16777216
100
AcDbLine
 10
230.82088577801187
 20
222.59047213995837
 30
0.0
 11
830.8208857780119
 21
222.59047213995837
 31
0.0
  0
LINE
  5
4E1
330
4DB
100
AcDbEntity
  8
0
  6
ByBlock
 62
0
370
-2
100
AcDbLine
 10
234.82088577801187
 20
226.59047213995837
 30
0.0
 11
226.82088577801187
 21
218.59047213995837
 31
0.0
  0
LINE
  5
4E2
330
4DB
100
AcDbEntity
  8
0
  6
ByBlock
 62
0
370
-2
100
AcDbLine
 10
826.8208857780119
 20
218.59047213995837
 30
0.0
 11
834.8208857780119
 21
226.59047213995837
 31
0.0
  0
MTEXT
  5
4E3
330
4DB
100
AcDbEntity
  8
0
 62
3
440
16777216
100
AcDbMText
 10
530.8208857780119
 20
245.35479683300036
 30
0.0
 40
25.0
 41
0.0
 46
0.0
 71
5
  1
600
  0
POINT
  5
4E4
330
4DB
100
AcDbEntity
  8
Defpoints
 62
0
440
16777216
100
AcDbPoint
 10
230.82088577801187
 20
302.200961881028
 30
0.0
  0
POINT
  5
4E5
330
4DB
100
AcDbEntity
  8
Defpoints
 62
0
440
16777216
100
AcDbPoint
 10
830.8208857780119
 20
329.200961881028
 30
0.0
  0
POINT
  5
4E6
330
4DB
100
AcDbEntity
  8
Defpoints
 62
0
440
16777216
100
AcDbPoint
 10
830.8208857780119
 20
222.59047213995837
 30
0.0
  0
ENDBLK
  5
4DD
330
4DB
100
AcDbEntity
  8
0
100
AcDbBlockEnd
  0
BLOCK
  5
4E8
330
4E7
100
AcDbEntity
  8
0
100
AcDbBlockBegin
  2
*D6
 70
1
 10
0.0
 20
0.0
 30
0.0
  3
*D6
  1

  0
LINE
  5
4EA
330
4E7
100
AcDbEntity
  8
0
 62
5
370
9
440
16777216
100
AcDbLine
 10
215.82088577811373
 20
502.2009618810289
 30
0.0
 11
165.12831637301133
 21
502.2009618810289
 31
0.0
  0
LINE
  5
4EB
330
4E7
100
AcDbEntity
  8
0
 62
5
370
9
440
16777216
100
AcDbLine
 10
215.82088577811373
 20
302.2009618810289
 30
0.0
 11
165.12831637301133
 21
302.2009618810289
 31
0.0
  0
LINE
  5
4EC
330
4E7
100
AcDbEntity
  8
0
 62
5
370
9
440
16777216
100
AcDbLine
 10
175.12831637301133
 20
502.2009618810289
 30
0.0
 11
175.12831637301133
 21
302.2009618810289
 31
0.0
  0
LINE
  5
4ED
330
4E7
100
AcDbEntity
  8
0
  6
ByBlock
 62
0
370
-2
100
AcDbLine
 10
179.12831637301133
 20
498.2009618810289
 30
0.0
 11
171.12831637301133
 21
506.2009618810289
 31
0.0
  0
LINE
  5
4EE
330
4E7
100
AcDbEntity
  8
0
  6
ByBlock
 62
0
370
-2
100
AcDbLine
 10
171.12831637301133
 20
306.2009618810289
 30
0.0
 11
179.12831637301133
 21
298.2009618810289
 31
0.0
  0
MTEXT
  5
4EF
330
4E7
100
AcDbEntity
  8
0
 62
3
440
16777216
100
AcDbMText
 10
152.3639916799002
 20
402.20096188099797
 30
0.0
 40
25.0
 41
0.0
 46
0.0
 71
5
  1
200
 11
1e-16
 21
1.0
 31
0.0
  0
POINT
  5
4F0
330
4E7
100
AcDbEntity
  8
Defpoints
 62
0
440
16777216
100
AcDbPoint
 10
230.82088577811373
 20
502.2009618810289
 30
0.0
  0
POINT
  5
4F1
330
4E7
100
AcDbEntity
  8
Defpoints
 62
0
440
16777216
100
AcDbPoint
 10
230.82088577811373
 20
302.2009618810289
 30
0.0
  0
POINT
  5
4F2
330
4E7
100
AcDbEntity
  8
Defpoints
 62
0
440
16777216
100
AcDbPoint
 10
175.12831637301133
 20
302.2009618810289
 30
0.0
  0
ENDBLK
  5
4E9
330
4E7
100
AcDbEntity
  8
0
100
AcDbBlockEnd
  0
BLOCK
  5
4F4
330
4F3
100
AcDbEntity
  8
0
100
AcDbBlockBegin
  2
*D7
 70
1
 10
0.0
 20
0.0
 30
0.0
  3
*D7
  1

  0
LINE
  5
4F6
330
4F3
100
AcDbEntity
  8
0
 62
5
370
9
440
16777216
100
AcDbLine
 10
1073.9633500163036
 20
502.2009618810289
 30
0.0
 11
1026.1914975860127
 21
502.2009618810289
 31
0.0
  0
LINE
  5
4F7
330
4F3
100
AcDbEntity
  8
0
 62
5
370
9
440
16777216
100
AcDbLine
 10
1073.9633500163036
 20
302.2009618810289
 30
0.0
 11
1026.1914975860127
 21
302.2009618810289
 31
0.0
  0
LINE
  5
4F8
330
4F3
100
AcDbEntity
  8
0
 62
5
370
9
440
16777216
100
AcDbLine
 10
1036.1914975860127
 20
502.2009618810289
 30
0.0
 11
1036.1914975860127
 21
302.2009618810289
 31
0.0
  0
LINE
  5
4F9
330
4F3
100
AcDbEntity
  8
0
  6
ByBlock
 62
0
370
-2
100
AcDbLine
 10
1040.1914975860127
 20
498.2009618810289
 30
0.0
 11
1032.1914975860127
 21
506.2009618810289
 31
0.0
  0
LINE
  5
4FA
330
4F3
100
AcDbEntity
  8
0
  6
ByBlock
 62
0
370
-2
100
AcDbLine
 10
1032.1914975860127
 20
306.2009618810289
 30
0.0
 11
1040.1914975860127
 21
298.2009618810289
 31
0.0
  0
MTEXT
  5
4FB
330
4F3
100
AcDbEntity
  8
0
 62
3
440
16777216
100
AcDbMText
 10
1013.4271728929016
 20
402.20096188099706
 30
0.0
 40
25.0
 41
0.0
 46
0.0
 71
5
  1
200
 11
1e-16
 21
1.0
 31
0.0
  0
POINT
  5
4FC
330
4F3
100
AcDbEntity
  8
Defpoints
 62
0
440
16777216
100
AcDbPoint
 10
1088.9633500163036
 20
502.2009618810289
 30
0.0
  0
POINT
  5
4FD
330
4F3
100
AcDbEntity
  8
Defpoints
 62
0
440
16777216
100
AcDbPoint
 10
1088.9633500163036
 20
302.2009618810289
 30
0.0
  0
POINT
  5
4FE
330
4F3
100
AcDbEntity
  8
Defpoints
 62
0
440
16777216
100
AcDbPoint
 10
1036.1914975860127
 20
302.2009618810289
 30
0.0
  0
ENDBLK
  5
4F5
330
4F3
100
AcDbEntity
  8
0
100
AcDbBlockEnd
  0
BLOCK
  5
500
330
4FF
100
AcDbEntity
  8
0
100
AcDbBlockBegin
  2
*D8
 70
1
 10
0.0
 20
0.0
 30
0.0
  3
*D8
  1

  0
LINE
  5
502
330
4FF
100
AcDbEntity
  8
0
 62
5
370
9
440
16777216
100
AcDbLine
 10
1088.9633500162017
 20
287.200961881028
 30
0.0
 11
1088.9633500162017
 21
210.8337777779252
 31
0.0
  0
LINE
  5
503
330
4FF
100
AcDbEntity
  8
0
 62
5
370
9
440
16777216
100
AcDbLine
 10
1688.9633500162017
 20
314.200961881028
 30
0.0
 11
1688.9633500162017
 21
210.8337777779252
 31
0.0
  0
LINE
  5
504
330
4FF
100
AcDbEntity
  8
0
 62
5
370
9
440
16777216
100
AcDbLine
 10
1088.9633500162017
 20
220.8337777779252
 30
0.0
 11
1688.9633500162017
 21
220.8337777779252
 31
0.0
  0
LINE
  5
505
330
4FF
100
AcDbEntity
  8
0
  6
ByBlock
 62
0
370
-2
100
AcDbLine
 10
1092.9633500162017
 20
224.8337777779252
 30
0.0
 11
1084.9633500162017
 21
216.8337777779252
 31
0.0
  0
LINE
  5
506
330
4FF
100
AcDbEntity
  8
0
  6
ByBlock
 62
0
370
-2
100
AcDbLine
 10
1684.9633500162017
 20
216.8337777779252
 30
0.0
 11
1692.9633500162017
 21
224.8337777779252
 31
0.0
  0
MTEXT
  5
507
330
4FF
100
AcDbEntity
  8
0
 62
3
440
16777216
100
AcDbMText
 10
1388.9633500162017
 20
243.5981024709672
 30
0.0
 40
25.0
 41
0.0
 46
0.0
 71
5
  1
600
  0
POINT
  5
508
330
4FF
100
AcDbEntity
  8
Defpoints
 62
0
440
16777216
100
AcDbPoint
 10
1088.9633500162017
 20
302.200961881028
 30
0.0
  0
POINT
  5
509
330
4FF
100
AcDbEntity
  8
Defpoints
 62
0
440
16777216
100
AcDbPoint
 10
1688.9633500162017
 20
329.200961881028
 30
0.0
  0
POINT
  5
50A
330
4FF
100
AcDbEntity
  8
Defpoints
 62
0
440
16777216
100
AcDbPoint
 10
1688.9633500162017
 20
220.8337777779252
 30
0.0
  0
ENDBLK
  5
501
330
4FF
100
AcDbEntity
  8
0
100
AcDbBlockEnd
  0
ENDSEC
  0
SECTION
  2
ENTITIES
  0
INSERT
  5
2F
330
17
100
AcDbEntity
  8
0
 62
7
100
AcDbBlockReference
 66
1
  2
khungtenAsean2
 10
0.0
 20
2015.3992320413981
 30
0.0
 41
0.959713920019567
 42
0.959713920019567
 43
0.959713920019567
  0
ATTRIB
  5
30
330
2F
100
AcDbEntity
  8
0
 62
1
100
AcDbText
 10
2797.559575429812
 20
31.33677080182133
 30
0.0
 40
23.99284799997077
  1

  7
Tahoma (Input Text)
 41
1.000000000006254
 72
1
 11
2797.559575429812
 21
31.33677080182133
 31
0.0
100
AcDbAttribute
  2
#11
 70
0
 71
1
 72
0
 11
2797.559575429812
 21
31.33677080182133
 31
0.0
  0
ATTRIB
  5
31
330
2F
100
AcDbEntity
  8
0
 62
1
100
AcDbText
 10
2060.234165605405
 20
75.5532752320014
 30
0.0
 40
23.99284799997077
  1
Tủ điện trong nhà, 2 lớp cánh,
  7
Tahoma (Input Text)
 41
1.000000000006254
100
AcDbAttribute
  2
#09
 70
0
 71
1
 72
0
  0
ATTRIB
  5
32
330
2F
100
AcDbEntity
  8
0
 62
1
100
AcDbText
 10
2060.234165605405
 20
17.97044003206429
 30
0.0
 40
23.99284799997077
  1
Sơn tĩnh điện màu GHI SÂN
  7
Tahoma (Input Text)
 41
1.000000000006254
100
AcDbAttribute
  2
#10
 70
0
 71
1
 72
0
  0
ATTRIB
  5
33
330
2F
100
AcDbEntity
  8
0
 62
1
100
AcDbText
 10
1744.2299196560052
 20
17.97044003206429
 30
0.0
 40
23.99284799997077
  1
1.2
  7
Tahoma (Input Text)
 41
1.000000000006254
100
AcDbAttribute
  2
#08
 70
0
 71
1
 72
0
  0
ATTRIB
  5
34
330
2F
100
AcDbEntity
  8
0
 62
1
100
AcDbText
 10
1760.7693842350127
 20
75.5532752320014
 30
0.0
 40
23.99284799997077
  1
01
  7
Tahoma (Input Text)
 41
1.000000000006254
100
AcDbAttribute
  2
#07
 70
0
 71
1
 72
0
  0
ATTRIB
  5
35
330
2F
100
AcDbEntity
  8
0
 62
1
100
AcDbText
 10
1022.4128837223107
 20
17.97044003206429
 30
0.0
 40
23.99284799997077
  1
800x600x200
  7
Tahoma (Input Text)
 41
1.000000000006254
100
AcDbAttribute
  2
#06
 70
0
 71
1
 72
0
  0
ATTRIB
  5
36
330
2F
100
AcDbEntity
  8
0
 62
1
100
AcDbText
 10
1062.0464658537094
 20
75.5532752320014
 30
0.0
 40
23.99284799997077
  1
Tủ điện TÂNG 2
  7
Tahoma (Input Text)
 41
1.000000000006254
100
AcDbAttribute
  2
#05
 70
0
 71
1
 72
0
  0
ATTRIB
  5
37
330
2F
100
AcDbEntity
  8
0
 62
1
100
AcDbText
 10
466.52176100150973
 20
17.97044003206429
 30
0.0
 40
23.99284799997077
  1

  7
Tahoma (Input Text)
 41
1.000000000006254
100
AcDbAttribute
  2
#04
 70
0
 71
1
 72
0
  0
ATTRIB
  5
38
330
2F
100
AcDbEntity
  8
0
 62
1
100
AcDbText
 10
486.1629992315138
 20
77.44737737550258
 30
0.0
 40
23.99284799997077
  1

  7
Tahoma (Input Text)
 41
1.000000000006254
100
AcDbAttribute
  2
#03
 70
0
 71
1
 72
0
  0
ATTRIB
  5
39
330
2F
100
AcDbEntity
  8
0
 62
1
100
AcDbText
 10
94.49028902380087
 20
17.97044003206429
 30
0.0
 40
23.99284799997077
  1
......
  7
Tahoma (Input Text)
 41
1.000000000006254
100
AcDbAttribute
  2
#02
 70
0
 71
1
 72
0
  0
ATTRIB
  5
3A
330
2F
100
AcDbEntity
  8
0
 62
1
100
AcDbText
 10
131.53215925719996
 20
75.5532752320014
 30
0.0
 40
23.99284799997077
  1
Thiên
  7
Tahoma (Input Text)
 41
1.000000000006254
100
AcDbAttribute
  2
#01
 70
0
 71
1
 72
0
  0
SEQEND
  5
3B
330
17
100
AcDbEntity
  8
0
 62
7
  0
LWPOLYLINE
  5
3C
330
17
100
AcDbEntity
  8
0
 62
7
100
AcDbPolyline
 90
4
 70
1
 10
1088.9633500162017
 20
1648.6231801810954
 10
1688.9633500162017
 20
1648.6231801810954
 10
1688.9633500162017
 20
848.6231801810954
 10
1088.9633500162017
 20
848.6231801810954
  0
LWPOLYLINE
  5
3D
330
17
100
AcDbEntity
  8
0
 62
7
100
AcDbPolyline
 90
4
 70
1
 10
1121.3633500162105
 20
1616.2231801810867
 10
1656.5633500162076
 20
1616.2231801810867
 10
1656.5633500162076
 20
881.0231801810896
 10
1121.3633500162105
 20
881.0231801810896
  0
LWPOLYLINE
  5
3E
330
17
100
AcDbEntity
  8
0
 62
7
100
AcDbPolyline
 90
4
 70
1
 10
1126.3633500162105
 20
1611.2231801810858
 10
1651.5633500162076
 20
1611.2231801810858
 10
1651.5633500162076
 20
886.0231801810896
 10
1126.3633500162105
 20
886.0231801810896
  0
LWPOLYLINE
  5
3F
330
17
100
AcDbEntity
  8
0
  6
HIDDEN2
 62
7
100
AcDbPolyline
 90
4
 70
1
 10
1090.1633500162134
 20
1647.423180181091
 10
1687.7633500162046
 20
1647.423180181091
 10
1687.7633500162046
 20
849.8231801810916
 10
1090.1633500162134
 20
849.8231801810916
  0
LWPOLYLINE
  5
40
330
17
100
AcDbEntity
  8
0
 62
2
100
AcDbPolyline
 90
4
 70
1
 10
1110.9633500162017
 20
1565.6231801810964
 10
1097.9633500162017
 20
1565.6231801810964
 10
1097.9633500162017
 20
1556.6231801810954
 10
1110.9633500162017
 20
1556.6231801810954
  0
LWPOLYLINE
  5
41
330
17
100
AcDbEntity
  8
0
 62
2
100
AcDbPolyline
 90
4
 70
1
 10
1110.9633500162017
 20
1540.6231801810954
 10
1097.9633500162017
 20
1540.6231801810954
 10
1097.9633500162017
 20
1531.6231801810954
 10
1110.9633500162017
 20
1531.6231801810954
  0
INSERT
  5
42
330
17
100
AcDbEntity
  8
0
 62
7
100
AcDbBlockReference
  2
HL044-1.3-C
 10
1087.9633500162017
 20
1528.6231801810964
 30
0.0
 41
-1.0
  0
LWPOLYLINE
  5
44
330
17
100
AcDbEntity
  8
0
 62
2
100
AcDbPolyline
 90
4
 70
1
 10
1110.9633500162017
 20
931.6231801810954
 10
1097.9633500162017
 20
931.6231801810954
 10
1097.9633500162017
 20
940.6231801810964
 10
1110.9633500162017
 20
940.6231801810964
  0
LWPOLYLINE
  5
45
330
17
100
AcDbEntity
  8
0
 62
2
100
AcDbPolyline
 90
4
 70
1
 10
1110.9633500162017
 20
956.6231801810809
 10
1097.9633500162017
 20
956.6231801810809
 10
1097.9633500162017
 20
965.6231801810809
 10
1110.9633500162017
 20
965.6231801810809
  0
INSERT
  5
46
330
17
100
AcDbEntity
  8
0
 62
7
100
AcDbBlockReference
  2
HL044-1.3-C
 10
1087.9633500162017
 20
968.6231801810954
 30
0.0
 50
180.0
  0
LWPOLYLINE
  5
48
330
17
100
AcDbEntity
  8
0
 62
7
100
AcDbPolyline
 90
4
 70
1
 10
230.82088577801187
 20
1648.6231801810954
 10
830.8208857780119
 20
1648.6231801810954
 10
830.8208857780119
 20
848.6231801810954
 10
230.82088577801187
 20
848.6231801810954
  0
LWPOLYLINE
  5
49
330
17
100
AcDbEntity
  8
0
  6
HIDDEN2
 62
7
100
AcDbPolyline
 90
4
 70
1
 10
232.02088577800896
 20
1647.423180181091
 10
829.6208857780002
 20
1647.423180181091
 10
829.6208857780002
 20
849.8231801810916
 10
232.02088577800896
 20
849.8231801810916
  0
LWPOLYLINE
  5
4A
330
17
100
AcDbEntity
  8
0
 62
2
100
AcDbPolyline
 90
4
 70
1
 10
252.82088577801187
 20
1565.6231801810964
 10
239.82088577801187
 20
1565.6231801810964
 10
239.82088577801187
 20
1556.6231801810954
 10
252.82088577801187
 20
1556.6231801810954
  0
LWPOLYLINE
  5
4B
330
17
100
AcDbEntity
  8
0
 62
2
100
AcDbPolyline
 90
4
 70
1
 10
252.82088577801187
 20
1540.6231801810954
 10
239.82088577801187
 20
1540.6231801810954
 10
239.82088577801187
 20
1531.6231801810954
 10
252.82088577801187
 20
1531.6231801810954
  0
INSERT
  5
4C
330
17
100
AcDbEntity
  8
0
 62
7
100
AcDbBlockReference
  2
HL044-1.3-C
 10
229.82088577811373
 20
1528.6231801810964
 30
0.0
 41
-1.0
  0
LWPOLYLINE
  5
4E
330
17
100
AcDbEntity
  8
0
 62
2
100
AcDbPolyline
 90
4
 70
1
 10
252.82088577801187
 20
931.6231801810954
 10
239.82088577801187
 20
931.6231801810954
 10
239.82088577801187
 20
940.6231801810964
 10
252.82088577801187
 20
940.6231801810964
  0
LWPOLYLINE
  5
4F
330
17
100
AcDbEntity
  8
0
 62
2
100
AcDbPolyline
 90
4
 70
1
 10
252.82088577801187
 20
956.6231801810809
 10
239.82088577801187
 20
956.6231801810809
 10
239.82088577801187
 20
965.6231801810809
 10
252.82088577801187
 20
965.6231801810809
  0
INSERT
  5
50
330
17
100
AcDbEntity
  8
0
 62
7
100
AcDbBlockReference
  2
HL044-1.3-C
 10
229.82088577811373
 20
968.6231801810954
 30
0.0
 50
180.0
  0
INSERT
  5
52
330
17
100
AcDbEntity
  8
0
 62
7
100
AcDbBlockReference
 66
1
  2
Den XANH
 10
615.8209310831007
 20
1483.6231965541683
 30
0.0
  0
ATTRIB
  5
53
330
52
100
AcDbEntity
  8
01
  6
Continuous
 62
2
370
5
100
AcDbText
 10
629.3405545343994
 20
1519.5911145433947
 30
0.0
 40
4.0
  1
T
  7
Arial
 72
1
 11
631.0472393911041
 21
1519.5911145433947
 31
0.0
100
AcDbAttribute
  2
T-SP
 70
0
 71
1
 72
0
 11
631.0472393911041
 21
1519.5911145433947
 31
0.0
  0
SEQEND
  5
54
330
17
100
AcDbEntity
  8
0
 62
7
  0
INSERT
  5
55
330
17
100
AcDbEntity
  8
0
 62
7
100
AcDbBlockReference
 66
1
  2
Den DO
 10
415.82093108310073
 20
1483.6231965541683
 30
0.0
  0
ATTRIB
  5
56
330
55
100
AcDbEntity
  8
01
  6
Continuous
 62
2
370
5
100
AcDbText
 10
429.02950405690353
 20
1519.5911145433947
 30
0.0
 40
4.0
  1
R
  7
Arial
 72
1
 11
431.0472393911041
 21
1519.5911145433947
 31
0.0
100
AcDbAttribute
  2
T-SP
 70
0
 71
1
 72
0
 11
431.0472393911041
 21
1519.5911145433947
 31
0.0
  0
SEQEND
  5
57
330
17
100
AcDbEntity
  8
0
 62
7
  0
INSERT
  5
58
330
17
100
AcDbEntity
  8
0
 62
7
100
AcDbBlockReference
 66
1
  2
Den VANG
 10
515.8209310831007
 20
1483.6231965541683
 30
0.0
  0
ATTRIB
  5
59
330
58
100
AcDbEntity
  8
01
  6
Continuous
 62
2
370
5
100
AcDbText
 10
529.1836650391051
 20
1519.5911145433947
 30
0.0
 40
4.0
  1
S
  7
Arial
 72
1
 11
531.0472393911041
 21
1519.5911145433947
 31
0.0
100
AcDbAttribute
  2
T-SP
 70
0
 71
1
 72
0
 11
531.0472393911041
 21
1519.5911145433947
 31
0.0
  0
SEQEND
  5
5A
330
17
100
AcDbEntity
  8
0
 62
7
  0
LWPOLYLINE
  5
5B
330
17
100
AcDbEntity
  8
0
 62
4
100
AcDbPolyline
 90
4
 70
1
 10
415.82088577801187
 20
1598.6231801810954
 10
645.8208857780119
 20
1598.6231801810954
 10
645.8208857780119
 20
1558.6231801810954
 10
415.82088577801187
 20
1558.6231801810954
  0
LWPOLYLINE
  5
5C
330
17
100
AcDbEntity
  8
0
 62
4
100
AcDbPolyline
 90
4
 70
1
 10
417.82088577801187
 20
1596.6231801810954
 10
643.8208857780119
 20
1596.6231801810954
 10
643.8208857780119
 20
1560.6231801810964
 10
417.82088577801187
 20
1560.6231801810964
  0
MTEXT
  5
5D
330
17
100
AcDbEntity
  8
0
 62
3
100
AcDbMText
 10
530.8208857780119
 20
1578.6231801810964
 30
0.0
 40
20.0
 41
225.9999999999855
 46
35.99999999999949
 71
5
 72
5
  1
Tủ Điện Tầng 2
  0
LWPOLYLINE
  5
5E
330
17
100
AcDbEntity
  8
0
 62
7
100
AcDbPolyline
 90
16
 70
1
 10
1657.7633500162046
 20
342.40096188102507
 10
1657.7633500162046
 20
330.40096188102507
 10
1687.7633500162046
 20
330.40096188102507
 10
1687.7633500162046
 20
501.0009618810309
 10
1090.1633500162134
 20
501.0009618810309
 10
1090.1633500162134
 20
330.40096188102507
 10
1120.1633500162134
 20
330.40096188102507
 10
1120.1633500162134
 20
342.40096188102507
 10
1121.3633500162105
 20
342.40096188102507
 10
1121.3633500162105
 20
329.200961881028
 10
1088.9633500162017
 20
329.200961881028
 10
1088.9633500162017
 20
502.200961881028
 10
1688.9633500162017
 20
502.200961881028
 10
1688.9633500162017
 20
329.200961881028
 10
1656.5633500162076
 20
329.200961881028
 10
1656.5633500162076
 20
342.40096188102507
  0
LWPOLYLINE
  5
5F
330
17
100
AcDbEntity
  8
0
 62
7
100
AcDbPolyline
 90
12
 70
1
 10
1673.7633500162046
 20
326.90096188102507
 10
1685.7633500162046
 20
326.90096188102507
 10
1685.7633500162046
 20
303.40096188102507
 10
1090.1633500162134
 20
303.40096188102507
 10
1090.1633500162134
 20
326.90096188102507
 10
1102.1633500162134
 20
326.90096188102507
 10
1102.1633500162134
 20
328.10096188102216
 10
1088.9633500162017
 20
328.10096188102216
 10
1088.9633500162017
 20
302.200961881028
 10
1686.9633500162017
 20
302.200961881028
 10
1686.9633500162017
 20
328.10096188102216
 10
1673.7633500162046
 20
328.10096188102216
  0
INSERT
  5
60
330
17
100
AcDbEntity
  8
0
 62
7
100
AcDbBlockReference
  2
HL044-1.3-B
 10
1686.9633500162017
 20
302.200961881028
 30
0.0
  0
DIMENSION
  5
62
330
17
100
AcDbEntity
  8
0
 62
7
100
AcDbDimension
280
0
  2
*D1
  3
Dim-33
 10
153.6963121810113
 20
1648.6231801810954
 30
0.0
 11
121.84740358620184
 21
1248.6231801811136
 31
0.0
 70
32
 71
5
 42
800.0
 73
0
 74
0
 75
0
100
AcDbAlignedDimension
 13
230.82088577801187
 23
848.6231801810954
 33
0.0
 14
230.82088577801187
 24
1648.6231801810954
 34
0.0
 50
90.0
100
AcDbRotatedDimension
  0
DIMENSION
  5
67
330
17
100
AcDbEntity
  8
0
 62
7
100
AcDbDimension
280
0
  2
*D2
  3
Dim-33
 10
830.8208857780119
 20
746.3228648470558
 30
0.0
 11
530.8208857780119
 21
778.1717734418708
 31
0.0
 70
32
 71
5
 42
600.0
 73
0
 74
0
 75
0
100
AcDbAlignedDimension
 13
230.82088577801187
 23
848.6231801810954
 33
0.0
 14
830.8208857780119
 24
848.6231801810954
 34
0.0
 50
0.0
100
AcDbRotatedDimension
  0
DIMENSION
  5
68
330
17
100
AcDbEntity
  8
0
 62
7
100
AcDbDimension
280
0
  2
*D3
  3
Dim-33
 10
1688.9633500162017
 20
746.3228648470558
 30
0.0
 11
1388.9633500162017
 21
778.1717734418708
 31
0.0
 70
32
 71
5
 42
600.0
 73
0
 74
0
 75
0
100
AcDbAlignedDimension
 13
1088.9633500162017
 23
848.6231801810954
 33
0.0
 14
1688.9633500162017
 24
848.6231801810954
 34
0.0
 50
0.0
100
AcDbRotatedDimension
  0
LWPOLYLINE
  5
69
330
17
100
AcDbEntity
  8
0
 62
7
100
AcDbPolyline
 90
16
 70
1
 10
2082.6684748848056
 20
1617.4231801810984
 10
2094.6684748848056
 20
1617.4231801810984
 10
2094.6684748848056
 20
1647.4231801810984
 10
1924.0684748847998
 20
1647.4231801810984
 10
1924.0684748847998
 20
849.8231801810916
 10
2094.6684748848056
 20
849.8231801810916
 10
2094.6684748848056
 20
879.8231801810934
 10
2082.6684748848056
 20
879.8231801810934
 10
2082.6684748848056
 20
881.0231801810896
 10
2095.8684748848027
 20
881.0231801810896
 10
2095.8684748848027
 20
848.6231801810954
 10
1922.8684748848027
 20
848.6231801810954
 10
1922.8684748848027
 20
1648.6231801810954
 10
2095.8684748848027
 20
1648.6231801810954
 10
2095.8684748848027
 20
1616.2231801811013
 10
2082.6684748848056
 20
1616.2231801811013
  0
LWPOLYLINE
  5
6A
330
17
100
AcDbEntity
  8
0
 62
8
100
AcDbPolyline
 90
8
 70
1
 10
1924.0684748847998
 20
887.2231801810867
 10
1944.0684748847998
 20
887.2231801810867
 10
1944.0684748847998
 20
1610.0231801810887
 10
1924.0684748847998
 20
1610.0231801810887
 10
1924.0684748847998
 20
1611.2231801810858
 10
1945.2684748849133
 20
1611.2231801810858
 10
1945.2684748849133
 20
886.0231801810896
 10
1924.0684748847998
 20
886.0231801810896
  0
LWPOLYLINE
  5
6B
330
17
100
AcDbEntity
  8
0
 62
7
100
AcDbPolyline
 90
12
 70
1
 10
2098.1684748848056
 20
1635.4231801810984
 10
2098.1684748848056
 20
1647.4231801810984
 10
2121.6684748848056
 20
1647.4231801810984
 10
2121.6684748848056
 20
849.8231801810916
 10
2098.1684748848056
 20
849.8231801810916
 10
2098.1684748848056
 20
861.8231801810916
 10
2096.9684748849104
 20
861.8231801810916
 10
2096.9684748849104
 20
848.6231801810954
 10
2122.8684748848027
 20
848.6231801810954
 10
2122.8684748848027
 20
1648.6231801810954
 10
2096.9684748849104
 20
1648.6231801810954
 10
2096.9684748849104
 20
1635.4231801810984
  0
INSERT
  5
6C
330
17
100
AcDbEntity
  8
0
 62
7
100
AcDbBlockReference
  2
ga tai lieu
 10
415.82088577801187
 20
948.6231801810964
 30
0.0
  0
INSERT
  5
6E
330
17
100
AcDbEntity
  8
0
 62
7
100
AcDbBlockReference
  2
AB301-2-1
 10
748.8208857780119
 20
1308.873180181081
 30
0.0
 41
-1.0
  0
INSERT
  5
70
330
17
100
AcDbEntity
  8
0
 62
7
100
AcDbBlockReference
  2
A$C0C455160
 10
2072.8684497169015
 20
1534.1231780412072
 30
0.0
  0
LWPOLYLINE
  5
72
330
17
100
AcDbEntity
  8
0
 62
2
100
AcDbPolyline
 90
4
 70
1
 10
1942.8684748848027
 20
1653.6231801810964
 10
2047.8684748848027
 20
1653.6231801810964
 10
2047.8684748848027
 20
1643.6231801810964
 10
1942.8684748848027
 20
1643.6231801810964
  0
LWPOLYLINE
  5
73
330
17
100
AcDbEntity
  8
0
 62
2
100
AcDbPolyline
 90
4
 70
1
 10
1942.8684748848027
 20
843.6231801810954
 10
2047.8684748848027
 20
843.6231801810954
 10
2047.8684748848027
 20
853.6231801810964
 10
1942.8684748848027
 20
853.6231801810964
  0
INSERT
  5
74
330
17
100
AcDbEntity
  8
0
100
AcDbBlockReference
  2
LS 250AF 3P
 10
1319.4633500162017
 20
1490.0231801810896
 30
0.0
  0
LWPOLYLINE
  5
76
330
17
100
AcDbEntity
  8
0
 62
1
100
AcDbPolyline
 90
4
 70
1
 10
1326.9633500162017
 20
1345.0231801810887
 10
1346.9633500162017
 20
1345.0231801810887
 10
1346.9633500162017
 20
920.0231801810887
 10
1326.9633500162017
 20
920.0231801810887
  0
LWPOLYLINE
  5
77
330
17
100
AcDbEntity
  8
0
 62
2
100
AcDbPolyline
 90
4
 70
1
 10
1361.9633500162017
 20
1345.0231801810887
 10
1381.9633500162017
 20
1345.0231801810887
 10
1381.9633500162017
 20
920.0231801810887
 10
1361.9633500162017
 20
920.0231801810887
  0
LWPOLYLINE
  5
78
330
17
100
AcDbEntity
  8
0
 62
5
100
AcDbPolyline
 90
4
 70
1
 10
1396.9633500162017
 20
1345.0231801810887
 10
1416.9633500162017
 20
1345.0231801810887
 10
1416.9633500162017
 20
920.0231801810887
 10
1396.9633500162017
 20
920.0231801810887
  0
LWPOLYLINE
  5
79
330
17
100
AcDbEntity
  8
0
100
AcDbPolyline
 90
4
 70
1
 10
1431.9633500162017
 20
1275.0231801810896
 10
1451.9633500162017
 20
1275.0231801810896
 10
1451.9633500162017
 20
920.0231801810887
 10
1431.9633500162017
 20
920.0231801810887
  0
LWPOLYLINE
  5
7A
330
17
100
AcDbEntity
  8
0
 62
7
100
AcDbPolyline
 90
4
 70
1
 10
1431.9633500162017
 20
1255.0231801810887
 10
1585.4633500162017
 20
1255.0231801810887
 10
1585.4633500162017
 20
1275.0231801810896
 10
1431.9633500162017
 20
1275.0231801810896
  0
LWPOLYLINE
  5
7B
330
17
100
AcDbEntity
  8
0
 62
7
100
AcDbPolyline
 90
4
 70
1
 10
1585.4633500162017
 20
1255.0231801810887
 10
1585.4633500162017
 20
1490.0231801810896
 10
1565.4633500162017
 20
1490.0231801810896
 10
1565.4633500162017
 20
1255.0231801810887
  0
INSERT
  5
7C
330
17
100
AcDbEntity
  8
0
 62
7
100
AcDbBlockReference
  2
su35-2
 10
1336.9633500162017
 20
935.0231801810887
 30
0.0
  0
INSERT
  5
7E
330
17
100
AcDbEntity
  8
0
 62
7
100
AcDbBlockReference
  2
su35-2
 10
1371.9633500162017
 20
935.0231801810887
 30
0.0
  0
INSERT
  5
80
330
17
100
AcDbEntity
  8
0
 62
7
100
AcDbBlockReference
  2
su35-2
 10
1406.9633500162017
 20
935.0231801810887
 30
0.0
  0
INSERT
  5
82
330
17
100
AcDbEntity
  8
0
 62
7
100
AcDbBlockReference
  2
su35-2
 10
1441.9633500162017
 20
935.0231801810887
 30
0.0
  0
INSERT
  5
84
330
17
100
AcDbEntity
  8
0
 62
7
100
AcDbBlockReference
  2
su35-2
 10
1575.4633500163036
 20
1449.3480278071447
 30
0.0
  0
CIRCLE
  5
86
330
17
100
AcDbEntity
  8
0
 62
2
100
AcDbCircle
 10
1441.9633500162017
 20
1265.0231801810896
 30
0.0
 40
4.0
  0
CIRCLE
  5
87
330
17
100
AcDbEntity
  8
0
 62
2
100
AcDbCircle
 10
1575.4633500162017
 20
1265.0231801810896
 30
0.0
 40
4.0
  0
CIRCLE
  5
88
330
17
100
AcDbEntity
  8
0
 62
2
100
AcDbCircle
 10
1575.4633500162017
 20
1345.0231801810887
 30
0.0
 40
4.0
  0
CIRCLE
  5
89
330
17
100
AcDbEntity
  8
0
 62
2
100
AcDbCircle
 10
1575.4633500162017
 20
1370.0231801810896
 30
0.0
 40
4.0
  0
CIRCLE
  5
8A
330
17
100
AcDbEntity
  8
0
 62
2
100
AcDbCircle
 10
1575.4633500162017
 20
1395.0231801810887
 30
0.0
 40
4.0
  0
CIRCLE
  5
8B
330
17
100
AcDbEntity
  8
0
 62
2
100
AcDbCircle
 10
1575.4633500162017
 20
1420.0231801810887
 30
0.0
 40
4.0
  0
CIRCLE
  5
8C
330
17
100
AcDbEntity
  8
0
 62
2
100
AcDbCircle
 10
1575.4633500162017
 20
1480.0231801810896
 30
0.0
 40
4.0
  0
POINT
  5
8D
330
17
100
AcDbEntity
  8
DIM
100
AcDbPoint
 10
1498.4633500162017
 20
1390.0229055723994
 30
0.0
 50
180.0
  0
POINT
  5
8E
330
17
100
AcDbEntity
  8
DIM
100
AcDbPoint
 10
1498.4633500162017
 20
1427.8981801810678
 30
0.0
  0
LINE
  5
8F
330
17
100
AcDbEntity
  8
DIM
100
AcDbLine
 10
1499.4633500160999
 20
1409.2731801810596
 30
0.0
 11
1499.4633500160999
 21
1415.2731801810678
 31
0.0
  0
LINE
  5
90
330
17
100
AcDbEntity
  8
DIM
100
AcDbLine
 10
1499.4633500160999
 20
1415.2731801810678
 30
0.0
 11
1498.4633500162017
 21
1415.2731801810678
 31
0.0
  0
LINE
  5
91
330
17
100
AcDbEntity
  8
DIM
100
AcDbLine
 10
1498.4633500162017
 20
1432.7731801810614
 30
0.0
 11
1507.9633500160999
 21
1432.7731801810614
 31
0.0
  0
LINE
  5
92
330
17
100
AcDbEntity
  8
DIM
100
AcDbLine
 10
1507.9633500160999
 20
1415.2731801810678
 30
0.0
 11
1506.9633500160999
 21
1415.2731801810678
 31
0.0
  0
LINE
  5
93
330
17
100
AcDbEntity
  8
DIM
100
AcDbLine
 10
1498.4633500162017
 20
1396.0731801810489
 30
0.0
 11
1507.9633500160999
 21
1396.0731801810489
 31
0.0
  0
LINE
  5
94
330
17
100
AcDbEntity
  8
DIM
100
AcDbLine
 10
1500.9633500160999
 20
1409.2731801810596
 30
0.0
 11
1500.9633500160999
 21
1413.5731801810489
 31
0.0
  0
LINE
  5
95
330
17
100
AcDbEntity
  8
DIM
100
AcDbLine
 10
1498.4633500162017
 20
1409.2731801810596
 30
0.0
 11
1507.9633500160999
 21
1409.2731801810596
 31
0.0
  0
LINE
  5
96
330
17
100
AcDbEntity
  8
DIM
100
AcDbLine
 10
1500.9633500160999
 20
1413.5731801810489
 30
0.0
 11
1506.9633500160999
 21
1413.5731801810489
 31
0.0
  0
LINE
  5
97
330
17
100
AcDbEntity
  8
DIM
100
AcDbLine
 10
1506.9633500160999
 20
1415.2731801810678
 30
0.0
 11
1506.9633500160999
 21
1409.2731801810596
 31
0.0
  0
LINE
  5
98
330
17
100
AcDbEntity
  8
DIM
100
AcDbLine
 10
1507.9633500160999
 20
1382.273180181067
 30
0.0
 11
1498.4633500162017
 21
1382.273180181067
 31
0.0
  0
LINE
  5
99
330
17
100
AcDbEntity
  8
DIM
100
AcDbLine
 10
1504.258618188309
 20
1415.4389208613147
 30
0.0
 11
1501.2790906965092
 21
1418.4184483531517
 31
0.0
  0
LINE
  5
9A
330
17
100
AcDbEntity
  8
DIM
100
AcDbLine
 10
1505.1476093359088
 20
1416.3279120089883
 30
0.0
 11
1502.168081844109
 21
1419.3074395008389
 31
0.0
  0
LINE
  5
9B
330
17
100
AcDbEntity
  8
DIM
100
AcDbLine
 10
1504.258618188309
 20
1424.638920861321
 30
0.0
 11
1501.2790906965092
 21
1427.6184483531633
 31
0.0
  0
LINE
  5
9C
330
17
100
AcDbEntity
  8
DIM
100
AcDbLine
 10
1505.1476093359088
 20
1425.527912009
 30
0.0
 11
1502.168081844109
 21
1428.507439500785
 31
0.0
  0
LINE
  5
9D
330
17
100
AcDbEntity
  8
DIM
100
AcDbLine
 10
1504.258618188309
 20
1387.438920861301
 30
0.0
 11
1501.2790906965092
 21
1390.4184483531517
 31
0.0
  0
LINE
  5
9E
330
17
100
AcDbEntity
  8
DIM
100
AcDbLine
 10
1505.1476093359088
 20
1388.3279120089883
 30
0.0
 11
1502.168081844109
 21
1391.3074395008389
 31
0.0
  0
ARC
  5
9F
330
17
100
AcDbEntity
  8
DIM
100
AcDbCircle
 10
1503.2133500162017
 20
1417.3731801810964
 30
0.0
 40
2.350000000000004
100
AcDbArc
 50
123.500799264405
 51
146.4992007342219
  0
ARC
  5
A0
330
17
100
AcDbEntity
  8
DIM
100
AcDbCircle
 10
1503.2133500162017
 20
1417.3731801810964
 30
0.0
 40
2.349999999999976
100
AcDbArc
 50
303.500799264405
 51
326.4992007342219
  0
ARC
  5
A1
330
17
100
AcDbEntity
  8
DIM
100
AcDbCircle
 10
1503.2133500162017
 20
1426.5731801810489
 30
0.0
 40
2.349999999999964
100
AcDbArc
 50
123.500799264405
 51
146.4992007342219
  0
ARC
  5
A2
330
17
100
AcDbEntity
  8
DIM
100
AcDbCircle
 10
1503.2133500162017
 20
1426.5731801810489
 30
0.0
 40
2.349999999999941
100
AcDbArc
 50
303.500799264405
 51
326.4992007342219
  0
ARC
  5
A3
330
17
100
AcDbEntity
  8
DIM
100
AcDbCircle
 10
1503.2133500162017
 20
1389.3731801810954
 30
0.0
 40
2.34999999999999
100
AcDbArc
 50
123.500799264405
 51
146.4992007342219
  0
ARC
  5
A4
330
17
100
AcDbEntity
  8
DIM
100
AcDbCircle
 10
1503.2133500162017
 20
1389.3731801810954
 30
0.0
 40
2.349999999999996
100
AcDbArc
 50
303.500799264405
 51
326.4992007342219
  0
ARC
  5
A5
330
17
100
AcDbEntity
  8
DIM
100
AcDbCircle
 10
1504.4000395446055
 20
1415.5803422175532
 30
0.0
 40
0.1999999999999607
100
AcDbArc
 50
224.9999999996131
 51
303.500799264405
  0
ARC
  5
A6
330
17
100
AcDbEntity
  8
DIM
100
AcDbCircle
 10
1505.0061879796995
 20
1416.1864906527499
 30
0.0
 40
0.1999999999999482
100
AcDbArc
 50
326.4992007342219
 51
44.9999999996131
  0
ARC
  5
A7
330
17
100
AcDbEntity
  8
DIM
100
AcDbCircle
 10
1501.420512052704
 20
1418.5598697093901
 30
0.0
 40
0.2000000000000001
100
AcDbArc
 50
146.4992007342219
 51
224.9999999996131
  0
ARC
  5
A8
330
17
100
AcDbEntity
  8
DIM
100
AcDbCircle
 10
1502.0266604878998
 20
1419.1660181446005
 30
0.0
 40
0.1999999999999798
100
AcDbArc
 50
44.9999999996131
 51
123.500799264405
  0
ARC
  5
A9
330
17
100
AcDbEntity
  8
DIM
100
AcDbCircle
 10
1504.4000395446055
 20
1424.7803422175657
 30
0.0
 40
0.2000000000000097
100
AcDbArc
 50
224.9999999996131
 51
303.500799264405
  0
ARC
  5
AA
330
17
100
AcDbEntity
  8
DIM
100
AcDbCircle
 10
1505.0061879796995
 20
1425.386490652776
 30
0.0
 40
0.1999999999999192
100
AcDbArc
 50
326.4992007342219
 51
44.9999999996131
  0
ARC
  5
AB
330
17
100
AcDbEntity
  8
DIM
100
AcDbCircle
 10
1501.420512052704
 20
1427.7598697094018
 30
0.0
 40
0.2000000000000087
100
AcDbArc
 50
146.4992007342219
 51
224.9999999996131
  0
ARC
  5
AC
330
17
100
AcDbEntity
  8
DIM
100
AcDbCircle
 10
1502.0266604878998
 20
1428.3660181445457
 30
0.0
 40
0.1999999999999499
100
AcDbArc
 50
44.9999999996131
 51
123.500799264405
  0
ARC
  5
AD
330
17
100
AcDbEntity
  8
DIM
100
AcDbCircle
 10
1504.4000395446055
 20
1387.5803422175404
 30
0.0
 40
0.1999999999999896
100
AcDbArc
 50
224.9999999996131
 51
303.500799264405
  0
ARC
  5
AE
330
17
100
AcDbEntity
  8
DIM
100
AcDbCircle
 10
1505.0061879796995
 20
1388.1864906527653
 30
0.0
 40
0.1999999999999895
100
AcDbArc
 50
326.4992007342219
 51
44.9999999996131
  0
ARC
  5
AF
330
17
100
AcDbEntity
  8
DIM
100
AcDbCircle
 10
1501.420512052704
 20
1390.5598697093901
 30
0.0
 40
0.1999999999999851
100
AcDbArc
 50
146.4992007342219
 51
224.9999999996131
  0
ARC
  5
B0
330
17
100
AcDbEntity
  8
DIM
100
AcDbCircle
 10
1502.0266604878998
 20
1391.1660181446005
 30
0.0
 40
0.1999999999999701
100
AcDbArc
 50
44.9999999996131
 51
123.500799264405
  0
CIRCLE
  5
B1
330
17
100
AcDbEntity
  8
DIM
100
AcDbCircle
 10
1503.2133500162017
 20
1389.3731801810954
 30
0.0
 40
3.0
  0
CIRCLE
  5
B2
330
17
100
AcDbEntity
  8
DIM
100
AcDbCircle
 10
1503.2133500162017
 20
1426.5731801810489
 30
0.0
 40
3.0
  0
CIRCLE
  5
B3
330
17
100
AcDbEntity
  8
DIM
100
AcDbCircle
 10
1503.2133500162017
 20
1417.3731801810964
 30
0.0
 40
2.999999999999693
  0
LINE
  5
B4
330
17
100
AcDbEntity
  8
DIM
100
AcDbLine
 10
1507.9633500160999
 20
1390.0231801810614
 30
0.0
 11
1513.0792546133016
 21
1390.0231801810614
 31
0.0
  0
LINE
  5
B5
330
17
100
AcDbEntity
  8
DIM
100
AcDbLine
 10
1507.9633500160999
 20
1395.0231801810614
 30
0.0
 11
1513.0792546133016
 21
1395.0231801810614
 31
0.0
  0
LINE
  5
B6
330
17
100
AcDbEntity
  8
DIM
100
AcDbLine
 10
1507.9633500160999
 20
1425.0231801810614
 30
0.0
 11
1513.0792546133016
 21
1425.0231801810614
 31
0.0
  0
LINE
  5
B7
330
17
100
AcDbEntity
  8
DIM
100
AcDbLine
 10
1507.9633500160999
 20
1420.023180181067
 30
0.0
 11
1513.0792546133016
 21
1420.023180181067
 31
0.0
  0
LINE
  5
B8
330
17
100
AcDbEntity
  8
DIM
100
AcDbLine
 10
1513.0792546133016
 20
1425.0231801810614
 30
0.0
 11
1513.0792546133016
 21
1420.023180181067
 31
0.0
  0
LINE
  5
B9
330
17
100
AcDbEntity
  8
DIM
100
AcDbLine
 10
1513.0792546133016
 20
1395.0231801810614
 30
0.0
 11
1513.0792546133016
 21
1390.0231801810614
 31
0.0
  0
LINE
  5
BA
330
17
100
AcDbEntity
  8
DIM
100
AcDbLine
 10
1512.0792546133016
 20
1419.0231801811178
 30
0.0
 11
1512.0792546133016
 21
1396.0231801810678
 31
0.0
  0
LINE
  5
BB
330
17
100
AcDbEntity
  8
DIM
100
AcDbLine
 10
1513.0792546133016
 20
1420.023180181067
 30
0.0
 11
1512.0792546133016
 21
1419.0231801810678
 31
0.0
  0
LINE
  5
BC
330
17
100
AcDbEntity
  8
DIM
100
AcDbLine
 10
1512.0792546133016
 20
1396.0231801810678
 30
0.0
 11
1513.0792546133016
 21
1395.0231801810614
 31
0.0
  0
LINE
  5
BD
330
17
100
AcDbEntity
  8
DIM
100
AcDbLine
 10
1512.0792546133016
 20
1419.0231801810678
 30
0.0
 11
1507.9633500160999
 21
1419.0231801810678
 31
0.0
  0
LINE
  5
BE
330
17
100
AcDbEntity
  8
DIM
100
AcDbLine
 10
1512.0792546133016
 20
1396.0231801810678
 30
0.0
 11
1507.9633500160999
 21
1396.0231801811187
 31
0.0
  0
LINE
  5
BF
330
17
100
AcDbEntity
  8
DIM
100
AcDbLine
 10
1498.4633500162017
 20
1432.7731801810614
 30
0.0
 11
1498.4633500162017
 21
1382.273180181067
 31
0.0
  0
LINE
  5
C0
330
17
100
AcDbEntity
  8
DIM
100
AcDbLine
 10
1507.9633500160999
 20
1432.7731801810614
 30
0.0
 11
1507.9633500160999
 21
1382.273180181067
 31
0.0
  0
INSERT
  5
C1
330
17
100
AcDbEntity
  8
DIM
100
AcDbBlockReference
  2
KLIJHKGHD
 10
86154.65391362661
 20
-14107.50444386967
 30
0.0
 41
-1.0
  0
INSERT
  5
C3
330
17
100
AcDbEntity
  8
INSIDE
100
AcDbBlockReference
  2
FFERERER
 10
-511052.6216078371
 20
-358449.0302613769
 30
0.0
  0
INSERT
  5
C5
330
17
100
AcDbEntity
  8
INSIDE
100
AcDbBlockReference
  2
FFERERER
 10
-511034.6216078371
 20
-358449.0302613769
 30
0.0
  0
INSERT
  5
C7
330
17
100
AcDbEntity
  8
INSIDE
100
AcDbBlockReference
  2
FFERERER
 10
-511070.6216078371
 20
-358449.0302613769
 30
0.0
  0
MTEXT
  5
C9
330
17
100
AcDbEntity
  8
0
 62
7
100
AcDbMText
 10
1397.417887727308
 20
1795.0825081318499
 30
0.0
 40
40.0
 41
1125.000000000014
 46
100.0000000000031
 71
5
 72
5
  1
{\fTahoma|b0|i1|c0|p34;\C6;BỐ TRÍ THIẾT BỊ}
  0
LWPOLYLINE
  5
CA
330
17
100
AcDbEntity
  8
0
 62
7
100
AcDbPolyline
 90
12
 70
1
 10
2532.8218895078026
 20
1635.4231801810984
 10
2532.8218895078026
 20
1647.4231801810984
 10
2556.3218895078026
 20
1647.4231801810984
 10
2556.3218895078026
 20
849.8231801810916
 10
2532.8218895078026
 20
849.8231801810916
 10
2532.8218895078026
 20
861.8231801810916
 10
2531.6218895079073
 20
861.8231801810916
 10
2531.6218895079073
 20
848.6231801810954
 10
2557.5218895077996
 20
848.6231801810954
 10
2557.5218895077996
 20
1648.6231801810954
 10
2531.6218895079073
 20
1648.6231801810954
 10
2531.6218895079073
 20
1635.4231801810984
  0
INSERT
  5
CB
330
17
100
AcDbEntity
  8
0
 62
7
100
AcDbBlockReference
  2
A$C0C455160
 10
2507.521864339913
 20
1484.1231780412072
 30
0.0
  0
LWPOLYLINE
  5
CD
330
17
100
AcDbEntity
  8
0
 62
7
100
AcDbPolyline
 90
4
 70
1
 10
2357.5218895077996
 20
1648.6231801810954
 10
2530.5218895077996
 20
1648.6231801810954
 10
2530.5218895077996
 20
848.6231801810954
 10
2357.5218895077996
 20
848.6231801810954
  0
LWPOLYLINE
  5
CE
330
17
100
AcDbEntity
  8
0
 62
7
100
AcDbPolyline
 90
4
 70
1
 10
2358.7218895078113
 20
1647.423180181091
 10
2529.3218895078026
 20
1647.423180181091
 10
2529.3218895078026
 20
849.8231801810916
 10
2358.7218895078113
 20
849.8231801810916
  0
LWPOLYLINE
  5
CF
330
17
100
AcDbEntity
  8
0
 62
2
100
AcDbPolyline
 90
6
 70
1
 10
2412.0218895077996
 20
1547.423180181091
 10
2476.0218895077996
 20
1547.423180181091
 42
-0.4142135623730951
 10
2484.0218895079015
 20
1539.423180181091
 10
2484.0218895079015
 20
1536.423180181091
 10
2404.0218895077996
 20
1536.423180181091
 10
2404.0218895077996
 20
1539.423180181091
 42
-0.4142135623730951
  0
LWPOLYLINE
  5
D0
330
17
100
AcDbEntity
  8
0
 62
2
100
AcDbPolyline
 90
6
 70
1
 10
2412.0218895077996
 20
1516.4231801810902
 10
2476.0218895077996
 20
1516.4231801810902
 42
-0.4142135623730951
 10
2484.0218895079015
 20
1508.423180181091
 10
2484.0218895079015
 20
1505.423180181091
 10
2404.0218895077996
 20
1505.423180181091
 10
2404.0218895077996
 20
1508.423180181091
 42
-0.4142135623730951
  0
LWPOLYLINE
  5
D1
330
17
100
AcDbEntity
  8
0
 62
2
100
AcDbPolyline
 90
6
 70
1
 10
2412.0218895077996
 20
1485.423180181092
 10
2476.0218895077996
 20
1485.423180181092
 42
-0.4142135623730951
 10
2484.0218895079015
 20
1477.423180181092
 10
2484.0218895079015
 20
1474.423180181091
 10
2404.0218895077996
 20
1474.423180181091
 10
2404.0218895077996
 20
1477.423180181092
 42
-0.4142135623730951
  0
LWPOLYLINE
  5
D2
330
17
100
AcDbEntity
  8
0
 62
2
100
AcDbPolyline
 90
6
 70
1
 10
2412.0218895077996
 20
1454.423180181091
 10
2476.0218895077996
 20
1454.423180181091
 42
-0.4142135623730951
 10
2484.0218895079015
 20
1446.423180181091
 10
2484.0218895079015
 20
1443.423180181091
 10
2404.0218895077996
 20
1443.423180181091
 10
2404.0218895077996
 20
1446.423180181091
 42
-0.4142135623730951
  0
LWPOLYLINE
  5
D3
330
17
100
AcDbEntity
  8
0
 62
2
100
AcDbPolyline
 90
6
 70
1
 10
2412.0218895077996
 20
1423.4231801810902
 10
2476.0218895077996
 20
1423.4231801810902
 42
-0.4142135623730951
 10
2484.0218895079015
 20
1415.423180181091
 10
2484.0218895079015
 20
1412.423180181091
 10
2404.0218895077996
 20
1412.423180181091
 10
2404.0218895077996
 20
1415.423180181091
 42
-0.4142135623730951
  0
LWPOLYLINE
  5
D4
330
17
100
AcDbEntity
  8
0
 62
2
100
AcDbPolyline
 90
6
 70
1
 10
2412.0218895077996
 20
1083.6231801810954
 10
2476.0218895077996
 20
1083.6231801810954
 42
-0.4142135623730951
 10
2484.0218895079015
 20
1075.6231801810954
 10
2484.0218895079015
 20
1072.6231801810954
 10
2404.0218895077996
 20
1072.6231801810954
 10
2404.0218895077996
 20
1075.6231801810954
 42
-0.4142135623730951
  0
LWPOLYLINE
  5
D5
330
17
100
AcDbEntity
  8
0
 62
2
100
AcDbPolyline
 90
6
 70
1
 10
2412.0218895077996
 20
1052.6231801810954
 10
2476.0218895077996
 20
1052.6231801810954
 42
-0.4142135623730951
 10
2484.0218895079015
 20
1044.6231801810964
 10
2484.0218895079015
 20
1041.6231801810964
 10
2404.0218895077996
 20
1041.6231801810964
 10
2404.0218895077996
 20
1044.6231801810964
 42
-0.4142135623730951
  0
LWPOLYLINE
  5
D6
330
17
100
AcDbEntity
  8
0
 62
2
100
AcDbPolyline
 90
6
 70
1
 10
2412.0218895077996
 20
1021.6231801810964
 10
2476.0218895077996
 20
1021.6231801810964
 42
-0.4142135623730951
 10
2484.0218895079015
 20
1013.6231801810954
 10
2484.0218895079015
 20
1010.6231801810964
 10
2404.0218895077996
 20
1010.6231801810964
 10
2404.0218895077996
 20
1013.6231801810954
 42
-0.4142135623730951
  0
LWPOLYLINE
  5
D7
330
17
100
AcDbEntity
  8
0
 62
2
100
AcDbPolyline
 90
6
 70
1
 10
2412.0218895077996
 20
990.6231801810954
 10
2476.0218895077996
 20
990.6231801810954
 42
-0.4142135623730951
 10
2484.0218895079015
 20
982.6231801810954
 10
2484.0218895079015
 20
979.6231801810954
 10
2404.0218895077996
 20
979.6231801810954
 10
2404.0218895077996
 20
982.6231801810954
 42
-0.4142135623730951
  0
LWPOLYLINE
  5
D8
330
17
100
AcDbEntity
  8
0
 62
2
100
AcDbPolyline
 90
6
 70
1
 10
2412.0218895077996
 20
959.6231801810954
 10
2476.0218895077996
 20
959.6231801810954
 42
-0.4142135623730951
 10
2484.0218895079015
 20
951.6231801810964
 10
2484.0218895079015
 20
948.6231801810964
 10
2404.0218895077996
 20
948.6231801810964
 10
2404.0218895077996
 20
951.6231801810964
 42
-0.4142135623730951
  0
LWPOLYLINE
  5
D9
330
17
100
AcDbEntity
  8
0
 62
7
100
AcDbPolyline
 90
12
 70
1
 10
815.6208857780002
 20
326.90096188102507
 10
827.6208857780002
 20
326.90096188102507
 10
827.6208857780002
 20
303.40096188102507
 10
232.02088577800896
 20
303.40096188102507
 10
232.02088577800896
 20
326.90096188102507
 10
244.02088577800896
 20
326.90096188102507
 10
244.02088577800896
 20
328.10096188102216
 10
230.82088577801187
 20
328.10096188102216
 10
230.82088577801187
 20
302.200961881028
 10
828.8208857780119
 20
302.200961881028
 10
828.8208857780119
 20
328.10096188102216
 10
815.6208857780002
 20
328.10096188102216
  0
INSERT
  5
DA
330
17
100
AcDbEntity
  8
0
 62
7
100
AcDbBlockReference
  2
HL044-1.3-B
 10
828.8208857780119
 20
302.200961881028
 30
0.0
  0
LWPOLYLINE
  5
DC
330
17
100
AcDbEntity
  8
0
 62
7
100
AcDbPolyline
 90
4
 70
1
 10
230.82088577801187
 20
502.200961881028
 10
830.8208857780119
 20
502.200961881028
 10
830.8208857780119
 20
329.200961881028
 10
230.82088577801187
 20
329.200961881028
  0
LWPOLYLINE
  5
DD
330
17
100
AcDbEntity
  8
0
 62
7
100
AcDbPolyline
 90
4
 70
1
 10
232.02088577800896
 20
501.0009618810227
 10
829.6208857780002
 20
501.0009618810227
 10
829.6208857780002
 20
330.40096188102507
 10
232.02088577800896
 20
330.40096188102507
  0
HATCH
  5
DE
330
17
100
AcDbEntity
  8
0
 62
7
100
AcDbHatch
 10
0.0
 20
0.0
 30
0.0
210
0.0
220
0.0
230
1.0
  2
JIS_LC_8
 70
0
 71
0
 91
1
 92
1
 93
4
 72
1
 10
430.82088577801187
 20
381.0009618810227
 11
630.8208857781137
 21
381.0009618810227
 72
1
 10
630.8208857781137
 20
381.0009618810227
 11
630.8208857781137
 21
456.0009618810227
 72
1
 10
630.8208857781137
 20
456.0009618810227
 11
430.82088577801187
 21
456.0009618810227
 72
1
 10
430.82088577801187
 20
456.0009618810227
 11
430.82088577801187
 21
381.0009618810227
 97
1
330
FF150
 75
0
 76
1
 52
0.0
 41
1.0
 77
0
 78
2
 53
45.0
 43
27485.3686252541
 44
-12950.4947203941
 45
-5.5154328933
 46
5.5154328933
 79
0
 53
45.0
 43
27485.7686252541
 44
-12950.4947203941
 45
-5.5154328933
 46
5.5154328933
 79
0
 98
1
 10
27485.36862525411
 20
-12950.49472039406
  0
LWPOLYLINE
  5
DF
330
17
100
AcDbEntity
  8
0
 62
7
100
AcDbPolyline
 90
4
 70
1
 10
430.82088577801187
 20
381.0009618810227
 10
630.8208857781137
 20
381.0009618810227
 10
630.8208857781137
 20
456.0009618810227
 10
430.82088577801187
 20
456.0009618810227
  0
DIMENSION
  5
E0
330
17
100
AcDbEntity
  8
0
 62
7
100
AcDbDimension
280
0
  2
*D4
  3
Dim-25
 10
2557.5218895077996
 20
740.2624215570258
 30
0.0
 11
2457.5218895077996
 21
763.0267462500678
 31
0.0
 70
32
 71
5
 42
200.0
 73
0
 74
0
 75
0
100
AcDbAlignedDimension
 13
2357.5218895077996
 23
848.6231801810954
 33
0.0
 14
2557.5218895077996
 24
848.6231801810954
 34
0.0
 50
0.0
100
AcDbRotatedDimension
  0
INSERT
  5
E1
330
17
100
AcDbEntity
  8
0
100
AcDbBlockReference
  2
LS 50AF 2P
 10
1296.9633500162017
 20
1217.2186158247514
 30
0.0
 50
270.0
  0
INSERT
  5
E3
330
17
100
AcDbEntity
  8
0
100
AcDbBlockReference
  2
LS 50AF 2P
 10
1296.9633500162017
 20
1167.2186158247523
 30
0.0
 50
270.0
  0
INSERT
  5
E5
330
17
100
AcDbEntity
  8
0
100
AcDbBlockReference
  2
LS 50AF 2P
 10
1296.9633500162017
 20
1117.2186158247523
 30
0.0
 50
270.0
  0
INSERT
  5
E7
330
17
100
AcDbEntity
  8
0
100
AcDbBlockReference
  2
LS 50AF 2P
 10
1296.9633500162017
 20
1067.2186158247514
 30
0.0
 50
270.0
  0
INSERT
  5
E9
330
17
100
AcDbEntity
  8
0
100
AcDbBlockReference
  2
LS 50AF 2P
 10
1296.9633500162017
 20
1017.2186158247514
 30
0.0
 50
270.0
  0
INSERT
  5
EB
330
17
100
AcDbEntity
  8
0
100
AcDbBlockReference
  2
LS 50AF 2P
 10
1481.9633500162017
 20
1217.2186158247514
 30
0.0
 41
-1.0
 50
90.0
  0
INSERT
  5
ED
330
17
100
AcDbEntity
  8
0
100
AcDbBlockReference
  2
LS 50AF 2P
 10
1481.9633500162017
 20
1167.2186158247523
 30
0.0
 41
-1.0
 50
90.0
  0
INSERT
  5
EF
330
17
100
AcDbEntity
  8
0
100
AcDbBlockReference
  2
LS 50AF 2P
 10
1481.9633500162017
 20
1117.2186158247523
 30
0.0
 41
-1.0
 50
90.0
  0
INSERT
  5
F1
330
17
100
AcDbEntity
  8
0
100
AcDbBlockReference
  2
LS 50AF 2P
 10
1481.9633500162017
 20
1067.2186158247514
 30
0.0
 41
-1.0
 50
90.0
  0
MTEXT
  5
F3
330
17
100
AcDbEntity
  8
0
 62
7
100
AcDbMText
 10
2004.8000292552024
 20
1795.0825081318499
 30
0.0
 40
40.0
 41
1125.000000000014
 46
100.0000000000031
 71
5
 72
5
  1
{\fTahoma|b0|i1|c0|p34;\C6;MẶT CẠNH}
  0
DIMENSION
  5
F4
330
17
100
AcDbEntity
  8
0
 62
7
100
AcDbDimension
280
0
  2
*D5
  3
Dim-25
 10
830.8208857780119
 20
222.59047213995837
 30
0.0
 11
530.8208857780119
 21
245.35479683300036
 31
0.0
 70
32
 71
5
 42
600.0
 73
0
 74
0
 75
0
100
AcDbAlignedDimension
 13
230.82088577801187
 23
302.200961881028
 33
0.0
 14
830.8208857780119
 24
329.200961881028
 34
0.0
 50
0.0
100
AcDbRotatedDimension
  0
DIMENSION
  5
F5
330
17
100
AcDbEntity
  8
0
 62
7
100
AcDbDimension
280
0
  2
*D6
  3
Dim-25
 10
175.12831637301133
 20
302.2009618810289
 30
0.0
 11
152.3639916799002
 21
402.20096188099797
 31
0.0
 70
32
 71
5
 42
200.0
 73
0
 74
0
 75
0
100
AcDbAlignedDimension
 13
230.82088577801187
 23
502.200961881028
 33
0.0
 14
230.82088577801187
 24
302.200961881028
 34
0.0
 50
90.0
100
AcDbRotatedDimension
  0
DIMENSION
  5
F6
330
17
100
AcDbEntity
  8
0
 62
7
100
AcDbDimension
280
0
  2
*D7
  3
Dim-25
 10
1036.1914975860127
 20
302.2009618810289
 30
0.0
 11
1013.4271728929016
 21
402.20096188099706
 31
0.0
 70
32
 71
5
 42
200.0
 73
0
 74
0
 75
0
100
AcDbAlignedDimension
 13
1088.9633500162017
 23
502.200961881028
 33
0.0
 14
1088.9633500162017
 24
302.200961881028
 34
0.0
 50
90.0
100
AcDbRotatedDimension
  0
DIMENSION
  5
F7
330
17
100
AcDbEntity
  8
0
 62
7
100
AcDbDimension
280
0
  2
*D8
  3
Dim-25
 10
1688.9633500162017
 20
220.8337777779252
 30
0.0
 11
1388.9633500162017
 21
243.5981024709672
 31
0.0
 70
32
 71
5
 42
600.0
 73
0
 74
0
 75
0
100
AcDbAlignedDimension
 13
1088.9633500162017
 23
302.200961881028
 33
0.0
 14
1688.9633500162017
 24
329.200961881028
 34
0.0
 50
0.0
100
AcDbRotatedDimension
  0
LWPOLYLINE
  5
F8
330
17
100
AcDbEntity
  8
0
 62
1
100
AcDbPolyline
 90
13
 70
0
 10
1984.2684748848114
 20
1232.028978961769
 10
2009.2684748848114
 20
1242.5972391507703
 10
2009.2684748848114
 20
1255.0972391507694
 10
2012.2684748848114
 20
1255.0972391507694
 10
2012.2684748848114
 20
1240.6654993397697
 10
1987.2684748848114
 20
1230.0972391507694
 10
1987.2684748848114
 20
1210.0972391507703
 10
2012.2684748848114
 20
1199.528978961769
 10
2012.2684748848114
 20
1185.0972391507694
 10
2009.2684748848114
 20
1185.0972391507694
 10
2009.2684748848114
 20
1197.5972391507703
 10
1984.2684748848114
 20
1208.1654993397697
 10
1984.2684748848114
 20
1232.028978961769
  0
INSERT
  5
F9
330
17
100
AcDbEntity
  8
0
 62
2
100
AcDbBlockReference
  2
EKU8
 10
-34708.78206739527
 20
-5276.585163820468
 30
0.0
  0
MTEXT
  5
FB
330
17
100
AcDbEntity
  8
0
 62
7
100
AcDbMText
 10
1213.6881663364038
 20
1552.8749122134268
 30
0.0
 40
10.0
 41
1125.000000000014
 46
100.0000000000031
 71
5
 72
5
  1
{\fArial|b0|i1|c0|p34;Bắt Bulong 8\PDài 4cm }
  7
Arial
  0
LWPOLYLINE
  5
FC
330
17
100
AcDbEntity
  8
0
100
AcDbPolyline
 90
7
 70
0
 10
1164.9626116836007
 20
1530.7076772581077
 10
1239.295648900108
 20
1530.7076772581077
 10
1255.872363671704
 20
1492.211855773714
 10
1253.4736430664052
 20
1491.9113612046367
 10
1257.1815196634125
 20
1490.3871289376712
 10
1256.9254738719028
 20
1494.3878880425355
 10
1255.872363671704
 20
1492.2118557737067
  0
MTEXT
  5
FD
330
17
100
AcDbEntity
  8
0
 62
7
100
AcDbMText
 10
1248.3720550133003
 20
906.1834265641974
 30
0.0
 40
10.0
 41
1125.000000000014
 46
100.0000000000031
 71
5
 72
5
  1
{\fArial|b0|i1|c0|p34;Bắt Sứ 35}
  7
Arial
  0
LWPOLYLINE
  5
FE
330
17
100
AcDbEntity
  8
0
100
AcDbPolyline
 90
7
 70
0
 10
1206.2441005698056
 20
888.8337468683831
 10
1280.577137786313
 20
888.8337468683831
 10
1321.6217266521999
 20
916.834568017629
 10
1319.223006046901
 20
917.1350625866926
 10
1322.9308826439083
 20
918.6592948536581
 10
1322.6748368525004
 20
914.6585357487938
 10
1321.6217266521999
 20
916.834568017629
  0
INSERT
  5
FF
330
17
100
AcDbEntity
  8
0
 62
7
100
AcDbBlockReference
  2
su35-2
 10
1441.9633500162017
 20
1237.1753535200787
 30
0.0
  0
CIRCLE
  5
101
330
17
100
AcDbEntity
  8
0
 62
2
100
AcDbCircle
 10
1575.4633500162017
 20
1320.0231801810896
 30
0.0
 40
4.0
  0
CIRCLE
  5
102
330
17
100
AcDbEntity
  8
0
 62
2
100
AcDbCircle
 10
1575.4633500162017
 20
1295.0231801810887
 30
0.0
 40
4.0
  0
LWPOLYLINE
  5
103
330
17
100
AcDbEntity
  8
0
 62
3
100
AcDbPolyline
 90
4
 70
1
 10
1246.1145249788096
 20
1255.0231801810887
 10
1246.1145249788096
 20
1490.0231801810896
 10
1266.1145249788096
 20
1490.0231801810896
 10
1266.1145249788096
 20
1255.0231801810887
  0
CIRCLE
  5
104
330
17
100
AcDbEntity
  8
0
 62
2
100
AcDbCircle
 10
1256.1145249788096
 20
1265.0231801810896
 30
0.0
 40
4.0
  0
CIRCLE
  5
105
330
17
100
AcDbEntity
  8
0
 62
2
100
AcDbCircle
 10
1256.1145249788096
 20
1345.0231801810887
 30
0.0
 40
4.0
  0
CIRCLE
  5
106
330
17
100
AcDbEntity
  8
0
 62
2
100
AcDbCircle
 10
1256.1145249788096
 20
1370.0231801810896
 30
0.0
 40
4.0
  0
CIRCLE
  5
107
330
17
100
AcDbEntity
  8
0
 62
2
100
AcDbCircle
 10
1256.1145249788096
 20
1395.0231801810887
 30
0.0
 40
4.0
  0
CIRCLE
  5
108
330
17
100
AcDbEntity
  8
0
 62
2
100
AcDbCircle
 10
1256.1145249788096
 20
1420.0231801810887
 30
0.0
 40
4.0
  0
CIRCLE
  5
109
330
17
100
AcDbEntity
  8
0
 62
2
100
AcDbCircle
 10
1256.1145249788096
 20
1480.0231801810896
 30
0.0
 40
4.0
  0
CIRCLE
  5
10A
330
17
100
AcDbEntity
  8
0
 62
2
100
AcDbCircle
 10
1256.1145249788096
 20
1320.0231801810896
 30
0.0
 40
4.0
  0
CIRCLE
  5
10B
330
17
100
AcDbEntity
  8
0
 62
2
100
AcDbCircle
 10
1256.1145249788096
 20
1295.0231801810887
 30
0.0
 40
4.0
  0
CIRCLE
  5
10C
330
17
100
AcDbEntity
  8
0
 62
2
100
AcDbCircle
 10
1575.4633500162017
 20
1449.2389290058072
 30
0.0
 40
5.0
  0
CIRCLE
  5
10D
330
17
100
AcDbEntity
  8
0
 62
2
100
AcDbCircle
 10
1256.1145249788096
 20
1449.2389290058072
 30
0.0
 40
4.0
  0
CIRCLE
  5
10E
330
17
100
AcDbEntity
  8
0
 62
2
100
AcDbCircle
 10
1256.1145249788096
 20
1265.023180181097
 30
0.0
 40
4.0
  0
INSERT
  5
10F
330
17
100
AcDbEntity
  8
0
100
AcDbBlockReference
  2
EKU8
 10
-34708.78206739527
 20
-5491.58516382046
 30
0.0
  0
CIRCLE
  5
111
330
17
100
AcDbEntity
  8
0
 62
2
100
AcDbCircle
 10
1256.1145249788096
 20
1265.023180181097
 30
0.0
 40
4.0
  0
LWPOLYLINE
  5
112
330
17
100
AcDbEntity
  8
0
 62
1
100
AcDbPolyline
 90
4
 70
1
 10
1282.9633500162017
 20
1197.2186158247514
 10
1495.9633500162017
 20
1197.2186158247514
 10
1495.9633500162017
 20
1212.2186158247514
 10
1282.9633500162017
 20
1212.2186158247514
  0
LWPOLYLINE
  5
113
330
17
100
AcDbEntity
  8
0
100
AcDbPolyline
 90
4
 70
1
 10
1282.9633500162017
 20
1172.2186158247514
 10
1495.9633500162017
 20
1172.2186158247514
 10
1495.9633500162017
 20
1187.2186158247523
 10
1282.9633500162017
 20
1187.2186158247523
  0
LWPOLYLINE
  5
114
330
17
100
AcDbEntity
  8
0
 62
2
100
AcDbPolyline
 90
4
 70
1
 10
1282.9633500162017
 20
1147.2186158247514
 10
1495.9633500162017
 20
1147.2186158247514
 10
1495.9633500162017
 20
1162.2186158247523
 10
1282.9633500162017
 20
1162.2186158247523
  0
LWPOLYLINE
  5
115
330
17
100
AcDbEntity
  8
0
100
AcDbPolyline
 90
4
 70
1
 10
1282.9633500162017
 20
1122.2186158247514
 10
1495.9633500162017
 20
1122.2186158247514
 10
1495.9633500162017
 20
1137.2186158247514
 10
1282.9633500162017
 20
1137.2186158247514
  0
LWPOLYLINE
  5
116
330
17
100
AcDbEntity
  8
0
 62
5
100
AcDbPolyline
 90
4
 70
1
 10
1282.9633500162017
 20
1097.2186158247514
 10
1495.9633500162017
 20
1097.2186158247514
 10
1495.9633500162017
 20
1112.2186158247523
 10
1282.9633500162017
 20
1112.2186158247523
  0
LWPOLYLINE
  5
117
330
17
100
AcDbEntity
  8
0
100
AcDbPolyline
 90
4
 70
1
 10
1282.9633500162017
 20
1072.2186158247514
 10
1495.9633500162017
 20
1072.2186158247514
 10
1495.9633500162017
 20
1087.2186158247514
 10
1282.9633500162017
 20
1087.2186158247514
  0
LWPOLYLINE
  5
118
330
17
100
AcDbEntity
  8
0
 62
1
100
AcDbPolyline
 90
4
 70
1
 10
1282.9633500162017
 20
1047.2186158247514
 10
1495.9633500162017
 20
1047.2186158247514
 10
1495.9633500162017
 20
1062.2186158247523
 10
1282.9633500162017
 20
1062.2186158247523
  0
LWPOLYLINE
  5
119
330
17
100
AcDbEntity
  8
0
100
AcDbPolyline
 90
4
 70
1
 10
1282.9633500162017
 20
1022.2186158247514
 10
1495.9633500162017
 20
1022.2186158247514
 10
1495.9633500162017
 20
1037.2186158247523
 10
1282.9633500162017
 20
1037.2186158247523
  0
LWPOLYLINE
  5
11A
330
17
100
AcDbEntity
  8
0
 62
2
100
AcDbPolyline
 90
4
 70
1
 10
1282.9633500162017
 20
997.2186158247514
 10
1381.9633500162017
 20
997.2186158247514
 10
1381.9633500162017
 20
1012.2186158247514
 10
1282.9633500162017
 20
1012.2186158247514
  0
LWPOLYLINE
  5
11B
330
17
100
AcDbEntity
  8
0
100
AcDbPolyline
 90
4
 70
1
 10
1282.9633500162017
 20
972.2186158247514
 10
1451.9633500162017
 20
972.2186158247514
 10
1451.9633500162017
 20
987.2186158247523
 10
1282.9633500162017
 20
987.2186158247523
  0
CIRCLE
  5
11C
330
17
100
AcDbEntity
  8
0
 62
2
100
AcDbCircle
 10
1146.3633500162105
 20
1591.2231801810867
 30
0.0
 40
5.0
  0
CIRCLE
  5
11D
330
17
100
AcDbEntity
  8
0
 62
2
100
AcDbCircle
 10
1631.5633500162076
 20
1591.2231801810867
 30
0.0
 40
5.0
  0
CIRCLE
  5
11E
330
17
100
AcDbEntity
  8
0
 62
2
100
AcDbCircle
 10
1146.3633500162105
 20
906.0231801810887
 30
0.0
 40
5.0
  0
CIRCLE
  5
11F
330
17
100
AcDbEntity
  8
0
 62
2
100
AcDbCircle
 10
1631.5633500162076
 20
906.0231801810887
 30
0.0
 40
5.0
  0
CIRCLE
  5
120
330
17
100
AcDbEntity
  8
0
 62
2
100
AcDbCircle
 10
1146.3633500162105
 20
1591.2231801810867
 30
0.0
 40
2.5
  0
CIRCLE
  5
121
330
17
100
AcDbEntity
  8
0
 62
2
100
AcDbCircle
 10
1631.5633500162076
 20
1591.2231801810867
 30
0.0
 40
5.0
  0
CIRCLE
  5
122
330
17
100
AcDbEntity
  8
0
 62
2
100
AcDbCircle
 10
1631.5633500162076
 20
1591.2231801810867
 30
0.0
 40
2.5
  0
CIRCLE
  5
123
330
17
100
AcDbEntity
  8
0
 62
2
100
AcDbCircle
 10
1631.5633500162076
 20
906.0231801810887
 30
0.0
 40
5.0
  0
CIRCLE
  5
124
330
17
100
AcDbEntity
  8
0
 62
2
100
AcDbCircle
 10
1631.5633500162076
 20
906.0231801810887
 30
0.0
 40
2.5
  0
CIRCLE
  5
125
330
17
100
AcDbEntity
  8
0
 62
2
100
AcDbCircle
 10
1146.3633500162105
 20
906.0231801810887
 30
0.0
 40
5.0
  0
CIRCLE
  5
126
330
17
100
AcDbEntity
  8
0
 62
2
100
AcDbCircle
 10
1146.3633500162105
 20
906.0231801810887
 30
0.0
 40
2.5
  0
LWPOLYLINE
  5
127
330
17
100
AcDbEntity
  8
0
 62
7
100
AcDbPolyline
 90
4
 70
1
 10
1319.4633500162017
 20
1490.0231801810896
 10
1513.0792546133016
 20
1490.0231801810896
 10
1513.0792546133016
 20
1325.0231801810896
 10
1319.4633500162017
 20
1325.0231801810896
  0
INSERT
  5
128
330
17
100
AcDbEntity
  8
0
 62
2
100
AcDbBlockReference
  2
su35-1
 10
1945.2684748849133
 20
934.9140813797576
 30
0.0
 50
270.0
  0
INSERT
  5
12A
330
17
100
AcDbEntity
  8
0
 62
7
100
AcDbBlockReference
  2
HCC2 LS 100AF
 10
1985.2684748848114
 20
1199.0972391507694
 30
0.0
  0
LINE
  5
12C
330
17
100
AcDbEntity
  8
0
 62
7
100
AcDbLine
 10
2017.2875706578052
 20
1345.0231801810887
 30
0.0
 11
2013.2875706578052
 21
1345.0231801810887
 31
0.0
  0
LWPOLYLINE
  5
12D
330
17
100
AcDbEntity
  8
0
 62
1
100
AcDbPolyline
 90
8
 70
1
 10
1984.2684748848114
 20
920.0231801810887
 10
1984.2684748848114
 20
1269.089145463594
 10
2017.2875706578052
 20
1304.0891454635948
 10
2017.2875706578052
 20
1345.0231801810887
 10
2013.2875706578052
 20
1345.0231801810887
 10
2013.2875706578052
 20
1305.6781842337969
 10
1980.2684748848114
 20
1270.6781842337969
 10
1980.2684748848114
 20
920.0231801810887
  0
LWPOLYLINE
  5
12E
330
17
100
AcDbEntity
  8
0
 62
7
100
AcDbPolyline
 90
4
 70
1
 10
1989.2875706578052
 20
1325.0231801810896
 10
1945.2684748849133
 20
1325.0231801810896
 10
1945.2684748848114
 20
1490.0231801810896
 10
1989.2875706578052
 20
1490.0231801810896
  0
LWPOLYLINE
  5
12F
330
17
100
AcDbEntity
  8
0
 62
7
100
AcDbPolyline
 90
4
 70
1
 10
1985.2684748848114
 20
1069.0972391507694
 10
1945.2684748849133
 20
1069.0972391507694
 10
1945.2684748849133
 20
1199.0972391507694
 10
1985.2684748848114
 20
1199.0972391507694
  0
INSERT
  5
130
330
17
100
AcDbEntity
  8
0
 62
7
100
AcDbBlockReference
  2
HCC2 LS 250AF
 10
1989.2875706578052
 20
1490.0231801810896
 30
0.0
  0
MTEXT
  5
132
330
17
100
AcDbEntity
  8
0
 62
7
100
AcDbMText
 10
1376.2370444414119
 20
1581.7666983007093
 30
0.0
 40
20.0
 41
1125.000000000014
 46
100.0000000000031
 71
5
 72
5
  1
MCCB 3P\P150A
  7
Arial
  0
LWPOLYLINE
  5
133
330
17
100
AcDbEntity
  8
0
100
AcDbPolyline
 90
7
 70
0
 10
1320.2565596329077
 20
1515.0327590750112
 10
1330.3136050563044
 20
1524.273064566778
 10
1367.595262707604
 20
1524.273064566778
 10
1373.3398319187108
 20
1529.5079784056597
 10
1379.0844011298032
 20
1524.273064566778
 10
1417.048292585503
 20
1524.273064566778
 10
1427.1053380088124
 20
1515.0327590750112
  0
MTEXT
  5
134
330
17
100
AcDbEntity
  8
0
 62
7
100
AcDbMText
 10
996.0055328987073
 20
1122.3200735840528
 30
0.0
 40
20.0
 41
1125.000000000014
 46
100.0000000000031
 71
5
 72
5
  1
MCCB 2P\P50A*4
  7
Arial
  0
LWPOLYLINE
  5
135
330
17
100
AcDbEntity
  8
0
100
AcDbPolyline
 90
7
 70
0
 10
1079.8761968000035
 20
1219.181496150065
 10
1070.6358913082076
 20
1209.124450726742
 10
1070.6358913082076
 20
1122.762881360005
 10
1065.4009774693113
 20
1117.0183121488826
 10
1070.6358913082076
 20
1111.2737429377612
 10
1070.6358913082076
 20
1029.4025725815027
 10
1079.8761968000035
 20
1019.3455271581706
  0
MTEXT
  5
136
330
17
100
AcDbEntity
  8
0
 62
7
100
AcDbMText
 10
996.0055328987073
 20
990.0760681991096
 30
0.0
 40
20.0
 41
1125.000000000014
 46
100.0000000000031
 71
5
 72
5
  1
MCCB 2P\P30A*1
  7
Arial
  0
LWPOLYLINE
  5
137
330
17
100
AcDbEntity
  8
0
100
AcDbPolyline
 90
7
 70
0
 10
1079.8761968000035
 20
1016.0387432054004
 10
1070.6358913082076
 20
1005.9816977820747
 10
1070.6358913082076
 20
996.0474130982784
 10
1065.4009774693113
 20
990.3028438871424
 10
1070.6358913082076
 20
984.558274676021
 10
1070.6358913082076
 20
976.8092962280671
 10
1079.8761968000035
 20
966.7522508047423
  0
MTEXT
  5
138
330
17
100
AcDbEntity
  8
0
 62
7
100
AcDbMText
 10
1783.2342148349999
 20
1095.5353768146178
 30
0.0
 40
20.0
 41
1125.000000000014
 46
100.0000000000031
 71
5
 72
5
  1
MCCB 2P\P40A*4
  7
Arial
  0
LWPOLYLINE
  5
139
330
17
100
AcDbEntity
  8
0
100
AcDbPolyline
 90
7
 70
0
 10
1699.3635509338055
 20
1219.181496150065
 10
1708.6038564254995
 20
1209.124450726742
 10
1708.6038564254995
 20
1123.106528011902
 10
1713.8387702645123
 20
1117.3619588007732
 10
1708.6038564254995
 20
1111.6173895896509
 10
1708.6038564254995
 20
1028.3977329623758
 10
1699.3635509338055
 20
1018.3406875390447
  0
ENDSEC
  0
SECTION
  2
OBJECTS
  0
DICTIONARY
  5
A
330
0
100
AcDbDictionary
281
1
  3
ACAD_COLOR
350
B
  3
ACAD_GROUP
350
C
  3
ACAD_LAYOUT
350
D
  3
ACAD_MATERIAL
350
E
  3
ACAD_MLEADERSTYLE
350
F
  3
ACAD_MLINESTYLE
350
10
  3
ACAD_PLOTSETTINGS
350
11
  3
ACAD_PLOTSTYLENAME
350
12
  3
ACAD_SCALELIST
350
14
  3
ACAD_TABLESTYLE
350
15
  3
ACAD_VISUALSTYLE
350
16
  3
EZDXF_META
350
2D
  0
DICTIONARY
  5
B
330
A
100
AcDbDictionary
281
1
  0
DICTIONARY
  5
C
330
A
100
AcDbDictionary
281
1
  0
DICTIONARY
  5
D
330
A
100
AcDbDictionary
281
1
  3
Model
350
1A
  3
Layout1
350
1E
  0
DICTIONARY
  5
E
330
A
100
AcDbDictionary
281
1
  3
ByBlock
350
1F
  3
ByLayer
350
20
  3
Global
350
21
  0
DICTIONARY
  5
F
330
A
100
AcDbDictionary
281
1
  3
Standard
350
2C
  0
DICTIONARY
  5
10
330
A
100
AcDbDictionary
281
1
  3
Standard
350
22
  0
DICTIONARY
  5
11
330
A
100
AcDbDictionary
281
1
  0
ACDBDICTIONARYWDFLT
  5
12
330
A
100
AcDbDictionary
281
1
  3
Normal
350
13
100
AcDbDictionaryWithDefault
340
13
  0
ACDBPLACEHOLDER
  5
13
330
12
  0
DICTIONARY
  5
14
330
A
100
AcDbDictionary
281
1
  0
DICTIONARY
  5
15
330
A
100
AcDbDictionary
281
1
  0
DICTIONARY
  5
16
330
A
100
AcDbDictionary
281
1
  0
LAYOUT
  5
1A
330
D
100
AcDbPlotSettings
  1

  4
A3
  6

 40
7.5
 41
20.0
 42
7.5
 43
20.0
 44
420.0
 45
297.0
 46
0.0
 47
0.0
 48
0.0
 49
0.0
140
0.0
141
0.0
142
1.0
143
1.0
 70
1024
 72
1
 73
0
 74
5
  7

 75
16
 76
0
 77
2
 78
300
147
1.0
148
0.0
149
0.0
100
AcDbLayout
  1
Model
 70
1
 71
0
 10
0.0
 20
0.0
 11
420.0
 21
297.0
 12
0.0
 22
0.0
 32
0.0
 14
1e+20
 24
1e+20
 34
1e+20
 15
-1e+20
 25
-1e+20
 35
-1e+20
146
0.0
 13
0.0
 23
0.0
 33
0.0
 16
1.0
 26
0.0
 36
0.0
 17
0.0
 27
1.0
 37
0.0
 76
1
330
17
  0
LAYOUT
  5
1E
330
D
100
AcDbPlotSettings
  1

  4
A3
  6

 40
7.5
 41
20.0
 42
7.5
 43
20.0
 44
420.0
 45
297.0
 46
0.0
 47
0.0
 48
0.0
 49
0.0
140
0.0
141
0.0
142
1.0
143
1.0
 70
0
 72
1
 73
0
 74
5
  7

 75
16
 76
0
 77
2
 78
300
147
1.0
148
0.0
149
0.0
100
AcDbLayout
  1
Layout1
 70
1
 71
1
 10
0.0
 20
0.0
 11
420.0
 21
297.0
 12
0.0
 22
0.0
 32
0.0
 14
1e+20
 24
1e+20
 34
1e+20
 15
-1e+20
 25
-1e+20
 35
-1e+20
146
0.0
 13
0.0
 23
0.0
 33
0.0
 16
1.0
 26
0.0
 36
0.0
 17
0.0
 27
1.0
 37
0.0
 76
1
330
1B
  0
MATERIAL
  5
1F
102
{ACAD_REACTORS
330
E
102
}
330
E
100
AcDbMaterial
  1
ByBlock
  2

 70
0
 40
1.0
 71
1
 41
1.0
 91
-1023410177
 42
1.0
 72
1
  3

 73
1
 74
1
 75
1
 44
0.5
 73
0
 45
1.0
 46
1.0
 77
1
  4

 78
1
 79
1
170
1
 48
1.0
171
1
  6

172
1
173
1
174
1
140
1.0
141
1.0
175
1
  7

176
1
177
1
178
1
143
1.0
179
1
  8

270
1
271
1
272
1
145
1.0
146
1.0
273
1
  9

274
1
275
1
276
1
 42
1.0
 72
1
  3

 73
1
 74
1
 75
1
 94
63
  0
MATERIAL
  5
20
102
{ACAD_REACTORS
330
E
102
}
330
E
100
AcDbMaterial
  1
ByLayer
  2

 70
0
 40
1.0
 71
1
 41
1.0
 91
-1023410177
 42
1.0
 72
1
  3

 73
1
 74
1
 75
1
 44
0.5
 73
0
 45
1.0
 46
1.0
 77
1
  4

 78
1
 79
1
170
1
 48
1.0
171
1
  6

172
1
173
1
174
1
140
1.0
141
1.0
175
1
  7

176
1
177
1
178
1
143
1.0
179
1
  8

270
1
271
1
272
1
145
1.0
146
1.0
273
1
  9

274
1
275
1
276
1
 42
1.0
 72
1
  3

 73
1
 74
1
 75
1
 94
63
  0
MATERIAL
  5
21
102
{ACAD_REACTORS
330
E
102
}
330
E
100
AcDbMaterial
  1
Global
  2

 70
0
 40
1.0
 71
1
 41
1.0
 91
-1023410177
 42
1.0
 72
1
  3

 73
1
 74
1
 75
1
 44
0.5
 73
0
 45
1.0
 46
1.0
 77
1
  4

 78
1
 79
1
170
1
 48
1.0
171
1
  6

172
1
173
1
174
1
140
1.0
141
1.0
175
1
  7

176
1
177
1
178
1
143
1.0
179
1
  8

270
1
271
1
272
1
145
1.0
146
1.0
273
1
  9

274
1
275
1
276
1
 42
1.0
 72
1
  3

 73
1
 74
1
 75
1
 94
63
  0
MLINESTYLE
  5
22
102
{ACAD_REACTORS
330
10
102
}
330
10
100
AcDbMlineStyle
  2
Standard
 70
0
  3

 62
256
 51
90.0
 52
90.0
 71
2
 49
0.5
 62
256
  6
BYLAYER
 49
-0.5
 62
256
  6
BYLAYER
  0
MLEADERSTYLE
  5
2C
102
{ACAD_REACTORS
330
F
102
}
330
F
100
AcDbMLeaderStyle
179
2
170
2
171
1
172
0
 90
2
 40
0.0
 41
0.0
173
1
 91
-1056964608
 92
-2
290
1
 42
2.0
291
1
 43
8.0
  3
Standard
 44
4.0
300

342
29
174
1
175
1
176
0
178
1
 93
-1056964608
 45
4.0
292
0
297
0
 46
4.0
 94
-1056964608
 47
1.0
 49
1.0
140
1.0
294
1
141
0.0
177
0
142
1.0
295
0
296
0
143
3.75
271
0
272
9
273
9
  0
DICTIONARY
  5
2D
330
A
100
AcDbDictionary
280
1
281
1
  3
CREATED_BY_EZDXF
350
2E
  3
WRITTEN_BY_EZDXF
350
481
  0
DICTIONARYVAR
  5
2E
330
2D
100
DictionaryVariables
280
0
  1
1.4.4 @ 2026-09-24T06:32:07.007429+00:00
  0
DICTIONARYVAR
  5
481
330
2D
100
DictionaryVariables
280
0
  1
1.4.4 @ 2026-09-24T06:37:26.579429+00:00
  0
ENDSEC
  0
EOF
