  0
SECTION
  2
HEADER
  9
$ACADVER
  1
AC1032
  9
$ACADMAINTVER
 90
4
  9
$DWGCODEPAGE
  3
ANSI_1252
  9
$LASTSAVEDBY
  1
ezdxf
  9
$REQUIREDVERSIONS
160
0
  9
$INSBASE
 10
0.0
 20
0.0
 30
0.0
  9
$EXTMIN
 10
1e+20
 20
1e+20
 30
1e+20
  9
$EXTMAX
 10
-1e+20
 20
-1e+20
 30
-1e+20
  9
$LIMMIN
 10
0.0
 20
0.0
  9
$LIMMAX
 10
420.0
 20
297.0
  9
$ORTHOMODE
 70
0
  9
$REGENMODE
 70
1
  9
$FILLMODE
 70
1
  9
$QTEXTMODE
 70
0
  9
$MIRRTEXT
 70
1
  9
$LTSCALE
 40
1.0
  9
$ATTMODE
 70
1
  9
$TEXTSIZE
 40
2.5
  9
$TRACEWID
 40
1.0
  9
$TEXTSTYLE
  7
Standard
  9
$CLAYER
  8
0
  9
$CELTYPE
  6
ByLayer
  9
$CECOLOR
 62
256
  9
$CELTSCALE
 40
1.0
  9
$DISPSILH
 70
0
  9
$DIMSCALE
 40
1.0
  9
$DIMASZ
 40
2.5
  9
$DIMEXO
 40
0.625
  9
$DIMDLI
 40
3.75
  9
$DIMRND
 40
0.0
  9
$DIMDLE
 40
0.0
  9
$DIMEXE
 40
1.25
  9
$DIMTP
 40
0.0
  9
$DIMTM
 40
0.0
  9
$DIMTXT
 40
2.5
  9
$DIMCEN
 40
2.5
  9
$DIMTSZ
 40
0.0
  9
$DIMTOL
 70
0
  9
$DIMLIM
 70
0
  9
$DIMTIH
 70
0
  9
$DIMTOH
 70
0
  9
$DIMSE1
 70
0
  9
$DIMSE2
 70
0
  9
$DIMTAD
 70
1
  9
$DIMZIN
 70
8
  9
$DIMBLK
  1

  9
$DIMASO
 70
1
  9
$DIMSHO
 70
1
  9
$DIMPOST
  1

  9
$DIMAPOST
  1

  9
$DIMALT
 70
0
  9
$DIMALTD
 70
3
  9
$DIMALTF
 40
0.03937007874
  9
$DIMLFAC
 40
1.0
  9
$DIMTOFL
 70
1
  9
$DIMTVP
 40
0.0
  9
$DIMTIX
 70
0
  9
$DIMSOXD
 70
0
  9
$DIMSAH
 70
0
  9
$DIMBLK1
  1

  9
$DIMBLK2
  1

  9
$DIMSTYLE
  2
ISO-25
  9
$DIMCLRD
 70
0
  9
$DIMCLRE
 70
0
  9
$DIMCLRT
 70
0
  9
$DIMTFAC
 40
1.0
  9
$DIMGAP
 40
0.625
  9
$DIMJUST
 70
0
  9
$DIMSD1
 70
0
  9
$DIMSD2
 70
0
  9
$DIMTOLJ
 70
0
  9
$DIMTZIN
 70
8
  9
$DIMALTZ
 70
0
  9
$DIMALTTZ
 70
0
  9
$DIMUPT
 70
0
  9
$DIMDEC
 70
2
  9
$DIMTDEC
 70
2
  9
$DIMALTU
 70
2
  9
$DIMALTTD
 70
3
  9
$DIMTXSTY
  7
Standard
  9
$DIMAUNIT
 70
0
  9
$DIMADEC
 70
0
  9
$DIMALTRND
 40
0.0
  9
$DIMAZIN
 70
0
  9
$DIMDSEP
 70
44
  9
$DIMATFIT
 70
3
  9
$DIMFRAC
 70
0
  9
$DIMLDRBLK
  1

  9
$DIMLUNIT
 70
2
  9
$DIMLWD
 70
-2
  9
$DIMLWE
 70
-2
  9
$DIMTMOVE
 70
0
  9
$DIMFXL
 40
1.0
  9
$DIMFXLON
 70
0
  9
$DIMJOGANG
 40
0.785398163397
  9
$DIMTFILL
 70
0
  9
$DIMTFILLCLR
 70
0
  9
$DIMARCSYM
 70
0
  9
$DIMLTYPE
  6

  9
$DIMLTEX1
  6

  9
$DIMLTEX2
  6

  9
$DIMTXTDIRECTION
 70
0
  9
$LUNITS
 70
2
  9
$LUPREC
 70
4
  9
$SKETCHINC
 40
1.0
  9
$FILLETRAD
 40
10.0
  9
$AUNITS
 70
0
  9
$AUPREC
 70
2
  9
$MENU
  1
.
  9
$ELEVATION
 40
0.0
  9
$PELEVATION
 40
0.0
  9
$THICKNESS
 40
0.0
  9
$LIMCHECK
 70
0
  9
$CHAMFERA
 40
0.0
  9
$CHAMFERB
 40
0.0
  9
$CHAMFERC
 40
0.0
  9
$CHAMFERD
 40
0.0
  9
$SKPOLY
 70
0
  9
$TDCREATE
 40
2461308.5675347224
  9
$TDUCREATE
 40
2458532.153996898
  9
$TDUPDATE
 40
2461308.5675347224
  9
$TDUUPDATE
 40
2458532.1544311
  9
$TDINDWG
 40
0.0
  9
$TDUSRTIMER
 40
0.0
  9
$USRTIMER
 70
1
  9
$ANGBASE
 50
0.0
  9
$ANGDIR
 70
0
  9
$PDMODE
 70
0
  9
$PDSIZE
 40
0.0
  9
$PLINEWID
 40
0.0
  9
$SPLFRAME
 70
0
  9
$SPLINETYPE
 70
6
  9
$SPLINESEGS
 70
8
  9
$HANDSEED
  5
332
  9
$SURFTAB1
 70
6
  9
$SURFTAB2
 70
6
  9
$SURFTYPE
 70
6
  9
$SURFU
 70
6
  9
$SURFV
 70
6
  9
$UCSBASE
  2

  9
$UCSNAME
  2

  9
$UCSORG
 10
0.0
 20
0.0
 30
0.0
  9
$UCSXDIR
 10
1.0
 20
0.0
 30
0.0
  9
$UCSYDIR
 10
0.0
 20
1.0
 30
0.0
  9
$UCSORTHOREF
  2

  9
$UCSORTHOVIEW
 70
0
  9
$UCSORGTOP
 10
0.0
 20
0.0
 30
0.0
  9
$UCSORGBOTTOM
 10
0.0
 20
0.0
 30
0.0
  9
$UCSORGLEFT
 10
0.0
 20
0.0
 30
0.0
  9
$UCSORGRIGHT
 10
0.0
 20
0.0
 30
0.0
  9
$UCSORGFRONT
 10
0.0
 20
0.0
 30
0.0
  9
$UCSORGBACK
 10
0.0
 20
0.0
 30
0.0
  9
$PUCSBASE
  2

  9
$PUCSNAME
  2

  9
$PUCSORG
 10
0.0
 20
0.0
 30
0.0
  9
$PUCSXDIR
 10
1.0
 20
0.0
 30
0.0
  9
$PUCSYDIR
 10
0.0
 20
1.0
 30
0.0
  9
$PUCSORTHOREF
  2

  9
$PUCSORTHOVIEW
 70
0
  9
$PUCSORGTOP
 10
0.0
 20
0.0
 30
0.0
  9
$PUCSORGBOTTOM
 10
0.0
 20
0.0
 30
0.0
  9
$PUCSORGLEFT
 10
0.0
 20
0.0
 30
0.0
  9
$PUCSORGRIGHT
 10
0.0
 20
0.0
 30
0.0
  9
$PUCSORGFRONT
 10
0.0
 20
0.0
 30
0.0
  9
$PUCSORGBACK
 10
0.0
 20
0.0
 30
0.0
  9
$USERI1
 70
0
  9
$USERI2
 70
0
  9
$USERI3
 70
0
  9
$USERI4
 70
0
  9
$USERI5
 70
0
  9
$USERR1
 40
0.0
  9
$USERR2
 40
0.0
  9
$USERR3
 40
0.0
  9
$USERR4
 40
0.0
  9
$USERR5
 40
0.0
  9
$WORLDVIEW
 70
1
  9
$SHADEDGE
 70
3
  9
$SHADEDIF
 70
70
  9
$TILEMODE
 70
1
  9
$MAXACTVP
 70
64
  9
$PINSBASE
 10
0.0
 20
0.0
 30
0.0
  9
$PLIMCHECK
 70
0
  9
$PEXTMIN
 10
1e+20
 20
1e+20
 30
1e+20
  9
$PEXTMAX
 10
-1e+20
 20
-1e+20
 30
-1e+20
  9
$PLIMMIN
 10
0.0
 20
0.0
  9
$PLIMMAX
 10
420.0
 20
297.0
  9
$UNITMODE
 70
0
  9
$VISRETAIN
 70
1
  9
$PLINEGEN
 70
0
  9
$PSLTSCALE
 70
1
  9
$TREEDEPTH
 70
3020
  9
$CMLSTYLE
  2
Standard
  9
$CMLJUST
 70
0
  9
$CMLSCALE
 40
20.0
  9
$PROXYGRAPHICS
 70
1
  9
$MEASUREMENT
 70
1
  9
$CELWEIGHT
370
-1
  9
$ENDCAPS
280
0
  9
$JOINSTYLE
280
0
  9
$LWDISPLAY
290
0
  9
$INSUNITS
 70
4
  9
$HYPERLINKBASE
  1

  9
$STYLESHEET
  1

  9
$XEDIT
290
1
  9
$CEPSNTYPE
380
0
  9
$PSTYLEMODE
290
1
  9
$FINGERPRINTGUID
  2
{24F7AFE5-8920-43DF-9EDF-97F217FE879D}
  9
$VERSIONGUID
  2
{B0FF3A69-1998-4F88-9DEE-06970EEA8012}
  9
$EXTNAMES
290
1
  9
$PSVPSCALE
 40
0.0
  9
$OLESTARTUP
290
0
  9
$SORTENTS
280
127
  9
$INDEXCTL
280
0
  9
$HIDETEXT
280
1
  9
$XCLIPFRAME
280
1
  9
$HALOGAP
280
0
  9
$OBSCOLOR
 70
257
  9
$OBSLTYPE
280
0
  9
$INTERSECTIONDISPLAY
280
0
  9
$INTERSECTIONCOLOR
 70
257
  9
$DIMASSOC
280
2
  9
$PROJECTNAME
  1

  9
$CAMERADISPLAY
290
0
  9
$LENSLENGTH
 40
50.0
  9
$CAMERAHEIGHT
 40
0.0
  9
$STEPSPERSEC
 40
24.0
  9
$STEPSIZE
 40
100.0
  9
$3DDWFPREC
 40
2.0
  9
$PSOLWIDTH
 40
0.005
  9
$PSOLHEIGHT
 40
0.08
  9
$LOFTANG1
 40
1.570796326795
  9
$LOFTANG2
 40
1.570796326795
  9
$LOFTMAG1
 40
0.0
  9
$LOFTMAG2
 40
0.0
  9
$LOFTPARAM
 70
7
  9
$LOFTNORMALS
280
1
  9
$LATITUDE
 40
37.795
  9
$LONGITUDE
 40
-122.394
  9
$NORTHDIRECTION
 40
0.0
  9
$TIMEZONE
 70
-8000
  9
$LIGHTGLYPHDISPLAY
280
1
  9
$TILEMODELIGHTSYNCH
280
1
  9
$CMATERIAL
347
20
  9
$SOLIDHIST
280
0
  9
$SHOWHIST
280
1
  9
$DWFFRAME
280
2
  9
$DGNFRAME
280
2
  9
$REALWORLDSCALE
290
1
  9
$INTERFERECOLOR
 62
256
  9
$CSHADOW
280
0
  9
$SHADOWPLANELOCATION
 40
0.0
  0
ENDSEC
  0
SECTION
  2
CLASSES
  0
CLASS
  1
ACDBDICTIONARYWDFLT
  2
AcDbDictionaryWithDefault
  3
ObjectDBX Classes
 90
0
 91
0
280
0
281
0
  0
CLASS
  1
SUN
  2
AcDbSun
  3
SCENEOE
 90
1153
 91
0
280
0
281
0
  0
CLASS
  1
VISUALSTYLE
  2
AcDbVisualStyle
  3
ObjectDBX Classes
 90
4095
 91
0
280
0
281
0
  0
CLASS
  1
MATERIAL
  2
AcDbMaterial
  3
ObjectDBX Classes
 90
1153
 91
0
280
0
281
0
  0
CLASS
  1
SCALE
  2
AcDbScale
  3
ObjectDBX Classes
 90
1153
 91
0
280
0
281
0
  0
CLASS
  1
TABLESTYLE
  2
AcDbTableStyle
  3
ObjectDBX Classes
 90
4095
 91
0
280
0
281
0
  0
CLASS
  1
MLEADERSTYLE
  2
AcDbMLeaderStyle
  3
ACDB_MLEADERSTYLE_CLASS
 90
4095
 91
0
280
0
281
0
  0
CLASS
  1
DICTIONARYVAR
  2
AcDbDictionaryVar
  3
ObjectDBX Classes
 90
0
 91
0
280
0
281
0
  0
CLASS
  1
CELLSTYLEMAP
  2
AcDbCellStyleMap
  3
ObjectDBX Classes
 90
1152
 91
0
280
0
281
0
  0
CLASS
  1
MENTALRAYRENDERSETTINGS
  2
AcDbMentalRayRenderSettings
  3
SCENEOE
 90
1024
 91
0
280
0
281
0
  0
CLASS
  1
ACDBDETAILVIEWSTYLE
  2
AcDbDetailViewStyle
  3
ObjectDBX Classes
 90
1025
 91
0
280
0
281
0
  0
CLASS
  1
ACDBSECTIONVIEWSTYLE
  2
AcDbSectionViewStyle
  3
ObjectDBX Classes
 90
1025
 91
0
280
0
281
0
  0
CLASS
  1
RASTERVARIABLES
  2
AcDbRasterVariables
  3
ISM
 90
0
 91
0
280
0
281
0
  0
CLASS
  1
ACDBPLACEHOLDER
  2
AcDbPlaceHolder
  3
ObjectDBX Classes
 90
0
 91
0
280
0
281
0
  0
CLASS
  1
LAYOUT
  2
AcDbLayout
  3
ObjectDBX Classes
 90
0
 91
0
280
0
281
0
  0
ENDSEC
  0
SECTION
  2
TABLES
  0
TABLE
  2
VPORT
  5
8
330
0
100
AcDbSymbolTable
 70
1
  0
VPORT
  5
23
330
8
100
AcDbSymbolTableRecord
100
AcDbViewportTableRecord
  2
*Active
 70
0
 10
0.0
 20
0.0
 11
1.0
 21
1.0
 12
0.0
 22
0.0
 13
0.0
 23
0.0
 14
0.5
 24
0.5
 15
0.5
 25
0.5
 16
0.0
 26
0.0
 36
1.0
 17
0.0
 27
0.0
 37
0.0
 40
1000.0
 41
1.34
 42
50.0
 43
0.0
 44
0.0
 50
0.0
 51
0.0
 71
0
 72
1000
 73
1
 74
3
 75
0
 76
0
 77
0
 78
0
281
0
 65
0
146
0.0
  0
ENDTAB
  0
TABLE
  2
LTYPE
  5
2
330
0
100
AcDbSymbolTable
 70
3
  0
LTYPE
  5
24
330
2
100
AcDbSymbolTableRecord
100
AcDbLinetypeTableRecord
  2
ByBlock
 70
0
  3

 72
65
 73
0
 40
0.0
  0
LTYPE
  5
25
330
2
100
AcDbSymbolTableRecord
100
AcDbLinetypeTableRecord
  2
ByLayer
 70
0
  3

 72
65
 73
0
 40
0.0
  0
LTYPE
  5
26
330
2
100
AcDbSymbolTableRecord
100
AcDbLinetypeTableRecord
  2
Continuous
 70
0
  3

 72
65
 73
0
 40
0.0
  0
ENDTAB
  0
TABLE
  2
LAYER
  5
1
330
0
100
AcDbSymbolTable
 70
4
  0
LAYER
  5
27
330
1
100
AcDbSymbolTableRecord
100
AcDbLayerTableRecord
  2
0
 70
0
 62
7
  6
Continuous
370
-3
390
13
347
21
  0
LAYER
  5
28
330
1
100
AcDbSymbolTableRecord
100
AcDbLayerTableRecord
  2
Defpoints
 70
0
 62
7
  6
Continuous
290
0
370
-3
390
13
347
21
  0
LAYER
  5
16A
330
1
100
AcDbSymbolTableRecord
100
AcDbLayerTableRecord
  2
CNC
 70
0
 62
7
  6
Continuous
370
-3
390
13
347
21
  0
LAYER
  5
16B
330
1
100
AcDbSymbolTableRecord
100
AcDbLayerTableRecord
  2
DIM
 70
0
 62
253
  6
Continuous
370
-3
390
13
347
21
  0
ENDTAB
  0
TABLE
  2
STYLE
  5
5
330
0
100
AcDbSymbolTable
 70
3
  0
STYLE
  5
29
330
5
100
AcDbSymbolTableRecord
100
AcDbTextStyleTableRecord
  2
Standard
 70
0
 40
0.0
 41
1.0
 50
0.0
 71
0
 42
2.5
  3
txt
  4

  0
STYLE
  5
16C
330
5
100
AcDbSymbolTableRecord
100
AcDbTextStyleTableRecord
  2
Tahoma (Input Text)
 70
0
 40
0.0
 41
1.0
 50
0.0
 71
0
 42
25.0
  3
tahoma.ttf
  4

  0
STYLE
  5
16D
330
5
100
AcDbSymbolTableRecord
100
AcDbTextStyleTableRecord
  2
Arial
 70
0
 40
0.0
 41
1.0
 50
0.0
 71
0
 42
0.2
  3
arial.ttf
  4

  0
ENDTAB
  0
TABLE
  2
VIEW
  5
7
330
0
100
AcDbSymbolTable
 70
0
  0
ENDTAB
  0
TABLE
  2
UCS
  5
6
330
0
100
AcDbSymbolTable
 70
0
  0
ENDTAB
  0
TABLE
  2
APPID
  5
3
330
0
100
AcDbSymbolTable
 70
3
  0
APPID
  5
2A
330
3
100
AcDbSymbolTableRecord
100
AcDbRegAppTableRecord
  2
ACAD
 70
0
  0
APPID
  5
16E
330
3
100
AcDbSymbolTableRecord
100
AcDbRegAppTableRecord
  2
HATCHBACKGROUNDCOLOR
 70
0
  0
APPID
  5
16F
330
3
100
AcDbSymbolTableRecord
100
AcDbRegAppTableRecord
  2
EZDXF
 70
0
  0
ENDTAB
  0
TABLE
  2
DIMSTYLE
  5
4
330
0
100
AcDbSymbolTable
 70
3
100
AcDbDimStyleTable
  0
DIMSTYLE
105
2B
330
4
100
AcDbSymbolTableRecord
100
AcDbDimStyleTableRecord
  2
Standard
 70
0
 40
1.0
 41
2.5
 42
0.625
 43
3.75
 44
1.25
 45
0.0
 46
0.0
 47
0.0
 48
0.0
 49
2.5
140
2.5
141
2.5
142
0.0
143
0.03937007874
144
1.0
145
0.0
146
1.0
147
0.625
148
0.0
 69
0
 70
0
 71
0
 72
0
 73
0
 74
0
 75
0
 76
0
 77
1
 78
8
 79
3
170
0
171
3
172
1
173
0
174
0
175
0
176
0
177
0
178
0
179
2
271
2
272
2
273
2
274
3
275
0
276
0
277
2
278
44
279
0
280
0
281
0
282
0
283
0
284
8
285
0
286
0
288
0
289
3
290
0
371
-2
372
-2
  0
DIMSTYLE
105
168
330
4
100
AcDbSymbolTableRecord
100
AcDbDimStyleTableRecord
  2
Dim-25
 70
0
 40
1.0
 41
8.0
 42
15.0
 43
3.75
 44
10.0
 45
0.0
 46
0.0
 47
0.0
 48
0.0
 49
2.5
140
25.0
141
10.0
142
0.0
143
0.03937007874016
144
1.0
145
0.0
146
1.0
147
10.0
148
0.0
 69
0
 70
0
 71
0
 72
0
 73
0
 74
0
 75
0
 76
0
 77
1
 78
8
 79
3
170
0
171
3
172
1
173
0
174
0
175
0
176
5
177
5
178
3
179
2
271
0
272
0
273
2
274
3
275
0
276
0
277
2
278
44
279
0
280
0
281
0
282
0
283
0
284
8
285
0
286
0
288
0
289
3
290
0
340
29
341
47
342
47
345
25
346
25
347
25
371
9
372
9
  0
DIMSTYLE
105
169
330
4
100
AcDbSymbolTableRecord
100
AcDbDimStyleTableRecord
  2
Dim-15
 70
0
 40
1.0
 41
5.0
 42
8.0
 43
3.75
 44
5.0
 45
0.0
 46
0.0
 47
0.0
 48
0.0
 49
2.5
140
15.0
141
10.0
142
0.0
143
0.03937007874016
144
1.0
145
0.0
146
1.0
147
5.0
148
0.0
 69
0
 70
0
 71
0
 72
0
 73
0
 74
0
 75
0
 76
0
 77
1
 78
8
 79
3
170
0
171
3
172
1
173
0
174
0
175
0
176
5
177
5
178
3
179
2
271
0
272
0
273
2
274
3
275
0
276
0
277
2
278
44
279
0
280
0
281
0
282
0
283
0
284
8
285
0
286
0
288
0
289
3
290
0
340
29
341
47
342
47
345
25
346
25
347
25
371
9
372
9
  0
ENDTAB
  0
TABLE
  2
BLOCK_RECORD
  5
9
330
0
100
AcDbSymbolTable
 70
36
  0
BLOCK_RECORD
  5
17
330
9
100
AcDbSymbolTableRecord
100
AcDbBlockTableRecord
  2
*Model_Space
340
1A
 70
0
280
1
281
0
  0
BLOCK_RECORD
  5
1B
330
9
100
AcDbSymbolTableRecord
100
AcDbBlockTableRecord
  2
*Paper_Space
340
1E
 70
0
280
1
281
0
  0
BLOCK_RECORD
  5
47
330
9
100
AcDbSymbolTableRecord
100
AcDbBlockTableRecord
  2
_Oblique
340
0
 70
0
280
1
281
0
  0
BLOCK_RECORD
  5
140
330
9
100
AcDbSymbolTableRecord
100
AcDbBlockTableRecord
  2
khungtenAsean2
340
0
 70
0
280
1
281
0
  0
BLOCK_RECORD
  5
164
330
9
100
AcDbSymbolTableRecord
100
AcDbBlockTableRecord
  2
f3daunguoc
340
0
 70
0
280
1
281
0
  0
BLOCK_RECORD
  5
1B2
330
9
100
AcDbSymbolTableRecord
100
AcDbBlockTableRecord
  2
*D1
340
0
 70
0
280
1
281
0
  0
BLOCK_RECORD
  5
1BE
330
9
100
AcDbSymbolTableRecord
100
AcDbBlockTableRecord
  2
*D2
340
0
 70
0
280
1
281
0
  0
BLOCK_RECORD
  5
1CA
330
9
100
AcDbSymbolTableRecord
100
AcDbBlockTableRecord
  2
*D3
340
0
 70
0
280
1
281
0
  0
BLOCK_RECORD
  5
1D6
330
9
100
AcDbSymbolTableRecord
100
AcDbBlockTableRecord
  2
*D4
340
0
 70
0
280
1
281
0
  0
BLOCK_RECORD
  5
1E2
330
9
100
AcDbSymbolTableRecord
100
AcDbBlockTableRecord
  2
*D5
340
0
 70
0
280
1
281
0
  0
BLOCK_RECORD
  5
1F0
330
9
100
AcDbSymbolTableRecord
100
AcDbBlockTableRecord
  2
*D6
340
0
 70
0
280
1
281
0
  0
BLOCK_RECORD
  5
1FC
330
9
100
AcDbSymbolTableRecord
100
AcDbBlockTableRecord
  2
*D7
340
0
 70
0
280
1
281
0
  0
BLOCK_RECORD
  5
208
330
9
100
AcDbSymbolTableRecord
100
AcDbBlockTableRecord
  2
*D8
340
0
 70
0
280
1
281
0
  0
BLOCK_RECORD
  5
216
330
9
100
AcDbSymbolTableRecord
100
AcDbBlockTableRecord
  2
*D9
340
0
 70
0
280
1
281
0
  0
BLOCK_RECORD
  5
222
330
9
100
AcDbSymbolTableRecord
100
AcDbBlockTableRecord
  2
*D10
340
0
 70
0
280
1
281
0
  0
BLOCK_RECORD
  5
22E
330
9
100
AcDbSymbolTableRecord
100
AcDbBlockTableRecord
  2
*D11
340
0
 70
0
280
1
281
0
  0
BLOCK_RECORD
  5
23A
330
9
100
AcDbSymbolTableRecord
100
AcDbBlockTableRecord
  2
*D12
340
0
 70
0
280
1
281
0
  0
BLOCK_RECORD
  5
248
330
9
100
AcDbSymbolTableRecord
100
AcDbBlockTableRecord
  2
*D13
340
0
 70
0
280
1
281
0
  0
BLOCK_RECORD
  5
254
330
9
100
AcDbSymbolTableRecord
100
AcDbBlockTableRecord
  2
*D14
340
0
 70
0
280
1
281
0
  0
BLOCK_RECORD
  5
260
330
9
100
AcDbSymbolTableRecord
100
AcDbBlockTableRecord
  2
*D15
340
0
 70
0
280
1
281
0
  0
BLOCK_RECORD
  5
26C
330
9
100
AcDbSymbolTableRecord
100
AcDbBlockTableRecord
  2
*D16
340
0
 70
0
280
1
281
0
  0
BLOCK_RECORD
  5
27A
330
9
100
AcDbSymbolTableRecord
100
AcDbBlockTableRecord
  2
*D17
340
0
 70
0
280
1
281
0
  0
BLOCK_RECORD
  5
286
330
9
100
AcDbSymbolTableRecord
100
AcDbBlockTableRecord
  2
*D18
340
0
 70
0
280
1
281
0
  0
BLOCK_RECORD
  5
292
330
9
100
AcDbSymbolTableRecord
100
AcDbBlockTableRecord
  2
*D19
340
0
 70
0
280
1
281
0
  0
BLOCK_RECORD
  5
29E
330
9
100
AcDbSymbolTableRecord
100
AcDbBlockTableRecord
  2
*D20
340
0
 70
0
280
1
281
0
  0
BLOCK_RECORD
  5
2AA
330
9
100
AcDbSymbolTableRecord
100
AcDbBlockTableRecord
  2
*D21
340
0
 70
0
280
1
281
0
  0
BLOCK_RECORD
  5
2B8
330
9
100
AcDbSymbolTableRecord
100
AcDbBlockTableRecord
  2
*D22
340
0
 70
0
280
1
281
0
  0
BLOCK_RECORD
  5
2C4
330
9
100
AcDbSymbolTableRecord
100
AcDbBlockTableRecord
  2
*D23
340
0
 70
0
280
1
281
0
  0
BLOCK_RECORD
  5
2D0
330
9
100
AcDbSymbolTableRecord
100
AcDbBlockTableRecord
  2
*D24
340
0
 70
0
280
1
281
0
  0
BLOCK_RECORD
  5
2DC
330
9
100
AcDbSymbolTableRecord
100
AcDbBlockTableRecord
  2
*D25
340
0
 70
0
280
1
281
0
  0
BLOCK_RECORD
  5
2E8
330
9
100
AcDbSymbolTableRecord
100
AcDbBlockTableRecord
  2
*D26
340
0
 70
0
280
1
281
0
  0
BLOCK_RECORD
  5
2F4
330
9
100
AcDbSymbolTableRecord
100
AcDbBlockTableRecord
  2
*D27
340
0
 70
0
280
1
281
0
  0
BLOCK_RECORD
  5
301
330
9
100
AcDbSymbolTableRecord
100
AcDbBlockTableRecord
  2
*D28
340
0
 70
0
280
1
281
0
  0
BLOCK_RECORD
  5
30D
330
9
100
AcDbSymbolTableRecord
100
AcDbBlockTableRecord
  2
*D29
340
0
 70
0
280
1
281
0
  0
BLOCK_RECORD
  5
319
330
9
100
AcDbSymbolTableRecord
100
AcDbBlockTableRecord
  2
*D30
340
0
 70
0
280
1
281
0
  0
BLOCK_RECORD
  5
326
330
9
100
AcDbSymbolTableRecord
100
AcDbBlockTableRecord
  2
*D31
340
0
 70
0
280
1
281
0
  0
ENDTAB
  0
ENDSEC
  0
SECTION
  2
BLOCKS
  0
BLOCK
  5
18
330
17
100
AcDbEntity
  8
0
100
AcDbBlockBegin
  2
*Model_Space
 70
0
 10
0.0
 20
0.0
 30
0.0
  3
*Model_Space
  1

  0
ENDBLK
  5
19
330
17
100
AcDbEntity
  8
0
100
AcDbBlockEnd
  0
BLOCK
  5
1C
330
1B
100
AcDbEntity
  8
0
100
AcDbBlockBegin
  2
*Paper_Space
 70
0
 10
0.0
 20
0.0
 30
0.0
  3
*Paper_Space
  1

  0
ENDBLK
  5
1D
330
1B
100
AcDbEntity
  8
0
100
AcDbBlockEnd
  0
BLOCK
  5
48
330
47
100
AcDbEntity
  8
0
100
AcDbBlockBegin
  2
_Oblique
 70
0
 10
0.0
 20
0.0
 30
0.0
  3
_Oblique
  1

  0
LINE
  5
4A
330
47
100
AcDbEntity
  8
0
  6
ByBlock
 62
0
370
-2
100
AcDbLine
 10
-0.5
 20
-0.5
 30
0.0
 11
0.5
 21
0.5
 31
0.0
  0
ENDBLK
  5
49
330
47
100
AcDbEntity
  8
0
100
AcDbBlockEnd
  0
BLOCK
  5
141
330
140
100
AcDbEntity
  8
0
100
AcDbBlockBegin
  2
khungtenAsean2
 70
2
 10
0.0
 20
0.0
 30
0.0
  3
khungtenAsean2
  1

  0
LWPOLYLINE
  5
143
330
140
100
AcDbEntity
  8
0
 62
7
100
AcDbPolyline
 90
4
 70
1
 10
0.0
 20
0.0
 10
2970.000000000422
 20
0.0
 10
2970.000000000422
 20
-2100.00000000032
 10
0.0
 20
-2100.00000000032
  0
LINE
  5
144
330
140
100
AcDbEntity
  8
0
 62
7
100
AcDbLine
 10
2020.0
 20
-2040.00000000032
 30
0.0
 11
0.0
 21
-2040.00000000032
 31
0.0
  0
LINE
  5
145
330
140
100
AcDbEntity
  8
0
 62
7
100
AcDbLine
 10
2970.000000000422
 20
-1980.00000000032
 30
0.0
 11
0.0
 21
-1980.00000000032
 31
0.0
  0
LINE
  5
146
330
140
100
AcDbEntity
  8
0
 62
7
100
AcDbLine
 10
320.0
 20
-1980.00000000032
 30
0.0
 11
320.0
 21
-2100.00000000032
 31
0.0
  0
LINE
  5
147
330
140
100
AcDbEntity
  8
0
 62
7
100
AcDbLine
 10
890.0
 20
-1980.00000000032
 30
0.0
 11
890.0
 21
-2100.00000000032
 31
0.0
  0
LINE
  5
148
330
140
100
AcDbEntity
  8
0
 62
7
100
AcDbLine
 10
1680.0
 20
-1980.00000000032
 30
0.0
 11
1680.0
 21
-2100.00000000032
 31
0.0
  0
LINE
  5
149
330
140
100
AcDbEntity
  8
0
 62
7
100
AcDbLine
 10
2020.0
 20
-1980.00000000032
 30
0.0
 11
2020.0
 21
-2100.00000000032
 31
0.0
  0
LINE
  5
14A
330
140
100
AcDbEntity
  8
0
 62
7
100
AcDbLine
 10
2860.000000000422
 20
-1980.00000000032
 30
0.0
 11
2860.000000000422
 21
-2100.00000000032
 31
0.0
  0
MTEXT
  5
14B
330
140
100
AcDbEntity
  8
0
 62
2
100
AcDbMText
 10
0.0
 20
-2010.00000000032
 30
0.0
 40
20.0
 41
917.6339389950801
 46
60.00000000000113
 71
4
 72
5
  1
  Thiết kế :
  7
Arial
  0
MTEXT
  5
14C
330
140
100
AcDbEntity
  8
0
 62
2
100
AcDbMText
 10
0.0
 20
-2070.00000000032
 30
0.0
 40
20.0
 41
917.6339389950801
 46
60.00000000000113
 71
4
 72
5
  1
  CNC :
  7
Arial
  0
MTEXT
  5
14D
330
140
100
AcDbEntity
  8
0
 62
2
100
AcDbMText
 10
320.0
 20
-2010.00000000032
 30
0.0
 40
20.0
 41
917.6339389950801
 46
60.00000000000113
 71
4
 72
5
  1
  Khách hàng :
  7
Arial
  0
MTEXT
  5
14E
330
140
100
AcDbEntity
  8
0
 62
2
100
AcDbMText
 10
320.0
 20
-2070.00000000032
 30
0.0
 40
20.0
 41
917.6339389950801
 46
60.00000000000113
 71
4
 72
5
  1
  Giao hàng :
  7
Arial
  0
MTEXT
  5
14F
330
140
100
AcDbEntity
  8
0
 62
2
100
AcDbMText
 10
890.0
 20
-2010.00000000032
 30
0.0
 40
20.0
 41
917.6339389950801
 46
60.00000000000113
 71
4
 72
5
  1
  Tên sản phẩm :
  7
Arial
  0
MTEXT
  5
150
330
140
100
AcDbEntity
  8
0
 62
2
100
AcDbMText
 10
890.0
 20
-2070.00000000032
 30
0.0
 40
20.0
 41
917.6339389950801
 46
60.00000000000113
 71
4
 72
5
  1
  Kích thước :
  7
Arial
  0
MTEXT
  5
151
330
140
100
AcDbEntity
  8
0
 62
2
100
AcDbMText
 10
1680.0
 20
-2010.00000000032
 30
0.0
 40
20.0
 41
917.6339389950801
 46
60.00000000000113
 71
4
 72
5
  1
  Số lượng :
  7
Arial
  0
MTEXT
  5
152
330
140
100
AcDbEntity
  8
0
 62
2
100
AcDbMText
 10
1680.0
 20
-2070.00000000032
 30
0.0
 40
20.0
 41
917.6339389950801
 46
60.00000000000113
 71
4
 72
5
  1
  Loại tôn :
  7
Arial
  0
MTEXT
  5
153
330
140
100
AcDbEntity
  8
0
 62
2
100
AcDbMText
 10
2074.15528161102
 20
-2040.00000000032
 30
0.0
 40
20.0
 41
108.3105632220314
 46
120.0000000000011
 71
5
 72
5
  1
Thông\Ptin :
  7
Arial
  0
MTEXT
  5
154
330
140
100
AcDbEntity
  8
0
 62
2
100
AcDbMText
 10
2915.000000000422
 20
-2010.00000000032
 30
0.0
 40
20.0
 41
110.0000000000065
 46
60.00000000000113
 71
5
 72
5
  1
Tờ
  7
Arial
  0
LINE
  5
155
330
140
100
AcDbEntity
  8
0
 62
7
100
AcDbLine
 10
2128.310563222025
 20
-2005.00000000032
 30
0.0
 11
2128.310563222025
 21
-2075.00000000032
 31
0.0
  0
MTEXT
  5
156
330
140
100
AcDbEntity
  8
0
 62
2
100
AcDbMText
 10
1382.285678836575
 20
-2070.00000000032
 30
0.0
 40
20.0
 41
917.6339389950801
 46
60.00000000000113
 71
4
 72
5
  1
mm
  7
Arial
  0
MTEXT
  5
157
330
140
100
AcDbEntity
  8
0
 62
2
100
AcDbMText
 10
1947.610064813329
 20
-2010.00000000032
 30
0.0
 40
20.0
 41
917.6339389950801
 46
60.00000000000113
 71
4
 72
5
  1
cái
  7
Arial
  0
MTEXT
  5
158
330
140
100
AcDbEntity
  8
0
 62
2
100
AcDbMText
 10
1936.880410494836
 20
-2070.00000000032
 30
0.0
 40
20.0
 41
917.6339389950801
 46
60.00000000000113
 71
4
 72
5
  1
mm
  7
Arial
  0
ATTDEF
  5
159
330
140
100
AcDbEntity
  8
0
 62
1
100
AcDbText
 10
2883.764212945627
 20
-2067.347800104843
 30
0.0
 40
25.0
  1
......
  7
Tahoma (Input Text)
 72
1
 11
2914.993225705868
 21
-2067.347800104843
 31
0.0
100
AcDbAttributeDefinition
  3
Số trang
  2
#11
 70
8
 71
1
 72
0
 11
2914.993225705868
 21
-2067.347800104843
 31
0.0
  0
ATTDEF
  5
15A
330
140
100
AcDbEntity
  8
0
 62
1
100
AcDbText
 10
2146.716977487464
 20
-2021.275211692002
 30
0.0
 40
25.0
  1
......
  7
Tahoma (Input Text)
100
AcDbAttributeDefinition
  3
Thông tin 1
  2
#09
 70
8
 71
1
 72
0
  0
ATTDEF
  5
15B
330
140
100
AcDbEntity
  8
0
 62
1
100
AcDbText
 10
2146.716977487464
 20
-2081.275211692002
 30
0.0
 40
25.0
  1
......
  7
Tahoma (Input Text)
100
AcDbAttributeDefinition
  3
Thông tin 2
  2
#10
 70
8
 71
1
 72
0
  0
ATTDEF
  5
15C
330
140
100
AcDbEntity
  8
0
 62
1
100
AcDbText
 10
1817.447765733334
 20
-2081.275211692002
 30
0.0
 40
25.0
  1
......
  7
Tahoma (Input Text)
100
AcDbAttributeDefinition
  3
Loại tôn
  2
#08
 70
8
 71
1
 72
0
  0
ATTDEF
  5
15D
330
140
100
AcDbEntity
  8
0
 62
1
100
AcDbText
 10
1834.68151032555
 20
-2021.275211692002
 30
0.0
 40
25.0
  1
......
  7
Tahoma (Input Text)
100
AcDbAttributeDefinition
  3
Số lượng
  2
#07
 70
8
 71
1
 72
0
  0
ATTDEF
  5
15E
330
140
100
AcDbEntity
  8
0
 62
1
100
AcDbText
 10
1065.330889143646
 20
-2081.275211692002
 30
0.0
 40
25.0
  1
......
  7
Tahoma (Input Text)
100
AcDbAttributeDefinition
  3
Kích thước
  2
#06
 70
8
 71
1
 72
0
  0
ATTDEF
  5
15F
330
140
100
AcDbEntity
  8
0
 62
1
100
AcDbText
 10
1106.628177122154
 20
-2021.275211692002
 30
0.0
 40
25.0
  1
......
  7
Tahoma (Input Text)
100
AcDbAttributeDefinition
  3
Tên s.phẩm
  2
#05
 70
8
 71
1
 72
0
  0
ATTDEF
  5
160
330
140
100
AcDbEntity
  8
0
 62
1
100
AcDbText
 10
486.1050270054984
 20
-2081.275211692002
 30
0.0
 40
25.0
  1
......
  7
Tahoma (Input Text)
100
AcDbAttributeDefinition
  3
Giao hàng
  2
#04
 70
8
 71
1
 72
0
  0
ATTDEF
  5
161
330
140
100
AcDbEntity
  8
0
 62
1
100
AcDbText
 10
506.5707489467022
 20
-2019.301600489707
 30
0.0
 40
25.0
  1
......
  7
Tahoma (Input Text)
100
AcDbAttributeDefinition
  3
Khách hàng
  2
#03
 70
8
 71
1
 72
0
  0
ATTDEF
  5
162
330
140
100
AcDbEntity
  8
0
 62
1
100
AcDbText
 10
98.45672450316488
 20
-2081.275211692002
 30
0.0
 40
25.0
  1
......
  7
Tahoma (Input Text)
100
AcDbAttributeDefinition
  3
CNC
  2
#02
 70
8
 71
1
 72
0
  0
ATTDEF
  5
163
330
140
100
AcDbEntity
  8
0
 62
1
100
AcDbText
 10
137.0535078375105
 20
-2021.275211692002
 30
0.0
 40
25.0
  1
......
  7
Tahoma (Input Text)
100
AcDbAttributeDefinition
  3
Thiết kế
  2
#01
 70
8
 71
1
 72
0
  0
ENDBLK
  5
142
330
140
100
AcDbEntity
  8
0
100
AcDbBlockEnd
  0
BLOCK
  5
165
330
164
100
AcDbEntity
  8
0
100
AcDbBlockBegin
  2
f3daunguoc
 70
0
 10
0.0
 20
0.0
 30
0.0
  3
f3daunguoc
  1

  0
CIRCLE
  5
167
330
164
100
AcDbEntity
  8
CNC
 62
2
370
-3
100
AcDbCircle
 10
0.0
 20
0.0
 30
0.0
 40
1.5
  0
ENDBLK
  5
166
330
164
100
AcDbEntity
  8
0
100
AcDbBlockEnd
  0
BLOCK
  5
1B3
330
1B2
100
AcDbEntity
  8
0
100
AcDbBlockBegin
  2
*D1
 70
1
 10
0.0
 20
0.0
 30
0.0
  3
*D1
  1

  0
LINE
  5
1B5
330
1B2
100
AcDbEntity
  8
DIM
 62
5
370
9
440
16777216
100
AcDbLine
 10
1280.2749496052202
 20
1523.996007847607
 30
0.0
 11
1349.4216512398707
 21
1523.996007847607
 31
0.0
  0
LINE
  5
1B6
330
1B2
100
AcDbEntity
  8
DIM
 62
5
370
9
440
16777216
100
AcDbLine
 10
1280.2749496052202
 20
1126.996007847607
 30
0.0
 11
1349.4216512398707
 21
1126.996007847607
 31
0.0
  0
LINE
  5
1B7
330
1B2
100
AcDbEntity
  8
DIM
 62
5
370
9
440
16777216
100
AcDbLine
 10
1339.4216512398707
 20
1523.996007847607
 30
0.0
 11
1339.4216512398707
 21
1126.996007847607
 31
0.0
  0
LINE
  5
1B8
330
1B2
100
AcDbEntity
  8
0
  6
ByBlock
 62
0
370
-2
100
AcDbLine
 10
1343.4216512398707
 20
1519.996007847607
 30
0.0
 11
1335.4216512398707
 21
1527.996007847607
 31
0.0
  0
LINE
  5
1B9
330
1B2
100
AcDbEntity
  8
0
  6
ByBlock
 62
0
370
-2
100
AcDbLine
 10
1335.4216512398707
 20
1130.996007847607
 30
0.0
 11
1343.4216512398707
 21
1122.996007847607
 31
0.0
  0
MTEXT
  5
1BA
330
1B2
100
AcDbEntity
  8
DIM
 62
3
440
16777216
100
AcDbMText
 10
1316.6487999438395
 20
1325.496007847607
 30
0.0
 40
25.0
 41
0.0
 46
0.0
 71
5
  1
397
 11
1e-16
 21
1.0
 31
0.0
  0
POINT
  5
1BB
330
1B2
100
AcDbEntity
  8
Defpoints
 62
0
440
16777216
100
AcDbPoint
 10
1265.2749496052202
 20
1523.996007847607
 30
0.0
  0
POINT
  5
1BC
330
1B2
100
AcDbEntity
  8
Defpoints
 62
0
440
16777216
100
AcDbPoint
 10
1265.2749496052202
 20
1126.996007847607
 30
0.0
  0
POINT
  5
1BD
330
1B2
100
AcDbEntity
  8
Defpoints
 62
0
440
16777216
100
AcDbPoint
 10
1339.4216512398707
 20
1126.996007847607
 30
0.0
  0
ENDBLK
  5
1B4
330
1B2
100
AcDbEntity
  8
0
100
AcDbBlockEnd
  0
BLOCK
  5
1BF
330
1BE
100
AcDbEntity
  8
0
100
AcDbBlockBegin
  2
*D2
 70
1
 10
0.0
 20
0.0
 30
0.0
  3
*D2
  1

  0
LINE
  5
1C1
330
1BE
100
AcDbEntity
  8
DIM
 62
5
370
9
440
16777216
100
AcDbLine
 10
491.2749496052202
 20
1538.996007847607
 30
0.0
 11
491.2749496052202
 21
1566.1307949143666
 31
0.0
  0
LINE
  5
1C2
330
1BE
100
AcDbEntity
  8
DIM
 62
5
370
9
440
16777216
100
AcDbLine
 10
1038.2749496052202
 20
1538.996007847607
 30
0.0
 11
1038.2749496052202
 21
1566.1307949143666
 31
0.0
  0
LINE
  5
1C3
330
1BE
100
AcDbEntity
  8
DIM
 62
5
370
9
440
16777216
100
AcDbLine
 10
491.2749496052202
 20
1556.1307949143666
 30
0.0
 11
1038.2749496052202
 21
1556.1307949143666
 31
0.0
  0
LINE
  5
1C4
330
1BE
100
AcDbEntity
  8
0
  6
ByBlock
 62
0
370
-2
100
AcDbLine
 10
495.2749496052202
 20
1560.1307949143666
 30
0.0
 11
487.2749496052202
 21
1552.1307949143666
 31
0.0
  0
LINE
  5
1C5
330
1BE
100
AcDbEntity
  8
0
  6
ByBlock
 62
0
370
-2
100
AcDbLine
 10
1034.2749496052202
 20
1552.1307949143666
 30
0.0
 11
1042.2749496052202
 21
1560.1307949143666
 31
0.0
  0
MTEXT
  5
1C6
330
1BE
100
AcDbEntity
  8
DIM
 62
3
440
16777216
100
AcDbMText
 10
764.7749496052202
 20
1578.8439599894045
 30
0.0
 40
25.0
 41
0.0
 46
0.0
 71
5
  1
547
  0
POINT
  5
1C7
330
1BE
100
AcDbEntity
  8
Defpoints
 62
0
440
16777216
100
AcDbPoint
 10
491.2749496052202
 20
1523.996007847607
 30
0.0
  0
POINT
  5
1C8
330
1BE
100
AcDbEntity
  8
Defpoints
 62
0
440
16777216
100
AcDbPoint
 10
1038.2749496052202
 20
1523.996007847607
 30
0.0
  0
POINT
  5
1C9
330
1BE
100
AcDbEntity
  8
Defpoints
 62
0
440
16777216
100
AcDbPoint
 10
1038.2749496052202
 20
1556.1307949143666
 30
0.0
  0
ENDBLK
  5
1C0
330
1BE
100
AcDbEntity
  8
0
100
AcDbBlockEnd
  0
BLOCK
  5
1CB
330
1CA
100
AcDbEntity
  8
0
100
AcDbBlockBegin
  2
*D3
 70
1
 10
0.0
 20
0.0
 30
0.0
  3
*D3
  1

  0
LINE
  5
1CD
330
1CA
100
AcDbEntity
  8
DIM
 62
5
370
9
440
16777216
100
AcDbLine
 10
1038.2749496052202
 20
1538.996007847607
 30
0.0
 11
1038.2749496052202
 21
1566.1307949143666
 31
0.0
  0
LINE
  5
1CE
330
1CA
100
AcDbEntity
  8
DIM
 62
5
370
9
440
16777216
100
AcDbLine
 10
1265.2749496052202
 20
1538.996007847607
 30
0.0
 11
1265.2749496052202
 21
1566.1307949143666
 31
0.0
  0
LINE
  5
1CF
330
1CA
100
AcDbEntity
  8
DIM
 62
5
370
9
440
16777216
100
AcDbLine
 10
1038.2749496052202
 20
1556.1307949143666
 30
0.0
 11
1265.2749496052202
 21
1556.1307949143666
 31
0.0
  0
LINE
  5
1D0
330
1CA
100
AcDbEntity
  8
0
  6
ByBlock
 62
0
370
-2
100
AcDbLine
 10
1042.2749496052202
 20
1560.1307949143666
 30
0.0
 11
1034.2749496052202
 21
1552.1307949143666
 31
0.0
  0
LINE
  5
1D1
330
1CA
100
AcDbEntity
  8
0
  6
ByBlock
 62
0
370
-2
100
AcDbLine
 10
1261.2749496052202
 20
1552.1307949143666
 30
0.0
 11
1269.2749496052202
 21
1560.1307949143666
 31
0.0
  0
MTEXT
  5
1D2
330
1CA
100
AcDbEntity
  8
DIM
 62
3
440
16777216
100
AcDbMText
 10
1151.7749496052202
 20
1578.6819545323742
 30
0.0
 40
25.0
 41
0.0
 46
0.0
 71
5
  1
227
  0
POINT
  5
1D3
330
1CA
100
AcDbEntity
  8
Defpoints
 62
0
440
16777216
100
AcDbPoint
 10
1038.2749496052202
 20
1523.996007847607
 30
0.0
  0
POINT
  5
1D4
330
1CA
100
AcDbEntity
  8
Defpoints
 62
0
440
16777216
100
AcDbPoint
 10
1265.2749496052202
 20
1523.996007847607
 30
0.0
  0
POINT
  5
1D5
330
1CA
100
AcDbEntity
  8
Defpoints
 62
0
440
16777216
100
AcDbPoint
 10
1265.2749496052202
 20
1556.1307949143666
 30
0.0
  0
ENDBLK
  5
1CC
330
1CA
100
AcDbEntity
  8
0
100
AcDbBlockEnd
  0
BLOCK
  5
1D7
330
1D6
100
AcDbEntity
  8
0
100
AcDbBlockBegin
  2
*D4
 70
1
 10
0.0
 20
0.0
 30
0.0
  3
*D4
  1

  0
LINE
  5
1D9
330
1D6
100
AcDbEntity
  8
DIM
 62
5
370
9
440
16777216
100
AcDbLine
 10
1265.2749496052202
 20
1538.996007847607
 30
0.0
 11
1265.2749496052202
 21
1566.1307949143666
 31
0.0
  0
LINE
  5
1DA
330
1D6
100
AcDbEntity
  8
DIM
 62
5
370
9
440
16777216
100
AcDbLine
 10
1285.2749496052202
 20
1518.9960078475997
 30
0.0
 11
1285.2749496052202
 21
1566.1307949143666
 31
0.0
  0
LINE
  5
1DB
330
1D6
100
AcDbEntity
  8
DIM
 62
5
370
9
440
16777216
100
AcDbLine
 10
1265.2749496052202
 20
1556.1307949143666
 30
0.0
 11
1285.2749496052202
 21
1556.1307949143666
 31
0.0
  0
LINE
  5
1DC
330
1D6
100
AcDbEntity
  8
0
  6
ByBlock
 62
0
370
-2
100
AcDbLine
 10
1269.2749496052202
 20
1560.1307949143666
 30
0.0
 11
1261.2749496052202
 21
1552.1307949143666
 31
0.0
  0
LINE
  5
1DD
330
1D6
100
AcDbEntity
  8
0
  6
ByBlock
 62
0
370
-2
100
AcDbLine
 10
1281.2749496052202
 20
1552.1307949143666
 30
0.0
 11
1289.2749496052202
 21
1560.1307949143666
 31
0.0
  0
MTEXT
  5
1DE
330
1D6
100
AcDbEntity
  8
DIM
 62
3
440
16777216
100
AcDbMText
 10
1275.2749496052202
 20
1578.895119607405
 30
0.0
 40
25.0
 41
0.0
 46
0.0
 71
5
  1
20
  0
POINT
  5
1DF
330
1D6
100
AcDbEntity
  8
Defpoints
 62
0
440
16777216
100
AcDbPoint
 10
1265.2749496052202
 20
1523.996007847607
 30
0.0
  0
POINT
  5
1E0
330
1D6
100
AcDbEntity
  8
Defpoints
 62
0
440
16777216
100
AcDbPoint
 10
1285.2749496052202
 20
1503.996007847607
 30
0.0
  0
POINT
  5
1E1
330
1D6
100
AcDbEntity
  8
Defpoints
 62
0
440
16777216
100
AcDbPoint
 10
1285.2749496052202
 20
1556.1307949143666
 30
0.0
  0
ENDBLK
  5
1D8
330
1D6
100
AcDbEntity
  8
0
100
AcDbBlockEnd
  0
BLOCK
  5
1E3
330
1E2
100
AcDbEntity
  8
0
100
AcDbBlockBegin
  2
*D5
 70
1
 10
0.0
 20
0.0
 30
0.0
  3
*D5
  1

  0
LINE
  5
1E5
330
1E2
100
AcDbEntity
  8
DIM
 62
5
370
9
440
16777216
100
AcDbLine
 10
1285.2749496052202
 20
1518.9960078475997
 30
0.0
 11
1285.2749496052202
 21
1566.1307949143666
 31
0.0
  0
LINE
  5
1E6
330
1E2
100
AcDbEntity
  8
DIM
 62
5
370
9
440
16777216
100
AcDbLine
 10
1297.2749496052202
 20
1518.9960078475997
 30
0.0
 11
1297.2749496052202
 21
1566.1307949143666
 31
0.0
  0
LINE
  5
1E7
330
1E2
100
AcDbEntity
  8
DIM
 62
5
370
9
440
16777216
100
AcDbLine
 10
1285.2749496052202
 20
1556.1307949143666
 30
0.0
 11
1277.2749496052202
 21
1556.1307949143666
 31
0.0
  0
LINE
  5
1E8
330
1E2
100
AcDbEntity
  8
DIM
 62
5
370
9
440
16777216
100
AcDbLine
 10
1297.2749496052202
 20
1556.1307949143666
 30
0.0
 11
1366.4775416925295
 21
1556.1307949143666
 31
0.0
  0
LINE
  5
1E9
330
1E2
100
AcDbEntity
  8
DIM
 62
5
370
9
440
16777216
100
AcDbLine
 10
1285.2749496052202
 20
1556.1307949143666
 30
0.0
 11
1297.2749496052202
 21
1556.1307949143666
 31
0.0
  0
LINE
  5
1EA
330
1E2
100
AcDbEntity
  8
0
  6
ByBlock
 62
0
370
-2
100
AcDbLine
 10
1281.2749496052202
 20
1552.1307949143666
 30
0.0
 11
1289.2749496052202
 21
1560.1307949143666
 31
0.0
  0
LINE
  5
1EB
330
1E2
100
AcDbEntity
  8
0
  6
ByBlock
 62
0
370
-2
100
AcDbLine
 10
1301.2749496052202
 20
1560.1307949143666
 30
0.0
 11
1293.2749496052202
 21
1552.1307949143666
 31
0.0
  0
MTEXT
  5
1EC
330
1E2
100
AcDbEntity
  8
DIM
 62
3
440
16777216
100
AcDbMText
 10
1339.8762456488694
 20
1578.6819545323742
 30
0.0
 40
25.0
 41
0.0
 46
0.0
 71
5
  1
12
  0
POINT
  5
1ED
330
1E2
100
AcDbEntity
  8
Defpoints
 62
0
440
16777216
100
AcDbPoint
 10
1285.2749496052202
 20
1503.996007847607
 30
0.0
  0
POINT
  5
1EE
330
1E2
100
AcDbEntity
  8
Defpoints
 62
0
440
16777216
100
AcDbPoint
 10
1297.2749496052202
 20
1503.996007847607
 30
0.0
  0
POINT
  5
1EF
330
1E2
100
AcDbEntity
  8
Defpoints
 62
0
440
16777216
100
AcDbPoint
 10
1297.2749496052202
 20
1556.1307949143666
 30
0.0
  0
ENDBLK
  5
1E4
330
1E2
100
AcDbEntity
  8
0
100
AcDbBlockEnd
  0
BLOCK
  5
1F1
330
1F0
100
AcDbEntity
  8
0
100
AcDbBlockBegin
  2
*D6
 70
1
 10
0.0
 20
0.0
 30
0.0
  3
*D6
  1

  0
LINE
  5
1F3
330
1F0
100
AcDbEntity
  8
DIM
 62
5
370
9
440
16777216
100
AcDbLine
 10
491.2749496052202
 20
1538.996007847607
 30
0.0
 11
491.2749496052202
 21
1566.1307949143666
 31
0.0
  0
LINE
  5
1F4
330
1F0
100
AcDbEntity
  8
DIM
 62
5
370
9
440
16777216
100
AcDbLine
 10
264.2749496052202
 20
1538.996007847607
 30
0.0
 11
264.2749496052202
 21
1566.1307949143666
 31
0.0
  0
LINE
  5
1F5
330
1F0
100
AcDbEntity
  8
DIM
 62
5
370
9
440
16777216
100
AcDbLine
 10
491.2749496052202
 20
1556.1307949143666
 30
0.0
 11
264.2749496052202
 21
1556.1307949143666
 31
0.0
  0
LINE
  5
1F6
330
1F0
100
AcDbEntity
  8
0
  6
ByBlock
 62
0
370
-2
100
AcDbLine
 10
487.2749496052202
 20
1552.1307949143666
 30
0.0
 11
495.2749496052202
 21
1560.1307949143666
 31
0.0
  0
LINE
  5
1F7
330
1F0
100
AcDbEntity
  8
0
  6
ByBlock
 62
0
370
-2
100
AcDbLine
 10
268.2749496052202
 20
1560.1307949143666
 30
0.0
 11
260.2749496052202
 21
1552.1307949143666
 31
0.0
  0
MTEXT
  5
1F8
330
1F0
100
AcDbEntity
  8
DIM
 62
3
440
16777216
100
AcDbMText
 10
377.7749496052202
 20
1578.6819545323742
 30
0.0
 40
25.0
 41
0.0
 46
0.0
 71
5
  1
227
  0
POINT
  5
1F9
330
1F0
100
AcDbEntity
  8
Defpoints
 62
0
440
16777216
100
AcDbPoint
 10
491.2749496052202
 20
1523.996007847607
 30
0.0
  0
POINT
  5
1FA
330
1F0
100
AcDbEntity
  8
Defpoints
 62
0
440
16777216
100
AcDbPoint
 10
264.2749496052202
 20
1523.996007847607
 30
0.0
  0
POINT
  5
1FB
330
1F0
100
AcDbEntity
  8
Defpoints
 62
0
440
16777216
100
AcDbPoint
 10
264.2749496052202
 20
1556.1307949143666
 30
0.0
  0
ENDBLK
  5
1F2
330
1F0
100
AcDbEntity
  8
0
100
AcDbBlockEnd
  0
BLOCK
  5
1FD
330
1FC
100
AcDbEntity
  8
0
100
AcDbBlockBegin
  2
*D7
 70
1
 10
0.0
 20
0.0
 30
0.0
  3
*D7
  1

  0
LINE
  5
1FF
330
1FC
100
AcDbEntity
  8
DIM
 62
5
370
9
440
16777216
100
AcDbLine
 10
264.2749496052202
 20
1538.996007847607
 30
0.0
 11
264.2749496052202
 21
1566.1307949143666
 31
0.0
  0
LINE
  5
200
330
1FC
100
AcDbEntity
  8
DIM
 62
5
370
9
440
16777216
100
AcDbLine
 10
244.27494960522017
 20
1518.9960078475997
 30
0.0
 11
244.27494960522017
 21
1566.1307949143666
 31
0.0
  0
LINE
  5
201
330
1FC
100
AcDbEntity
  8
DIM
 62
5
370
9
440
16777216
100
AcDbLine
 10
264.2749496052202
 20
1556.1307949143666
 30
0.0
 11
244.27494960522017
 21
1556.1307949143666
 31
0.0
  0
LINE
  5
202
330
1FC
100
AcDbEntity
  8
0
  6
ByBlock
 62
0
370
-2
100
AcDbLine
 10
260.2749496052202
 20
1552.1307949143666
 30
0.0
 11
268.2749496052202
 21
1560.1307949143666
 31
0.0
  0
LINE
  5
203
330
1FC
100
AcDbEntity
  8
0
  6
ByBlock
 62
0
370
-2
100
AcDbLine
 10
248.27494960522017
 20
1560.1307949143666
 30
0.0
 11
240.27494960522017
 21
1552.1307949143666
 31
0.0
  0
MTEXT
  5
204
330
1FC
100
AcDbEntity
  8
DIM
 62
3
440
16777216
100
AcDbMText
 10
254.27494960522017
 20
1578.895119607405
 30
0.0
 40
25.0
 41
0.0
 46
0.0
 71
5
  1
20
  0
POINT
  5
205
330
1FC
100
AcDbEntity
  8
Defpoints
 62
0
440
16777216
100
AcDbPoint
 10
264.2749496052202
 20
1523.996007847607
 30
0.0
  0
POINT
  5
206
330
1FC
100
AcDbEntity
  8
Defpoints
 62
0
440
16777216
100
AcDbPoint
 10
244.27494960522017
 20
1503.996007847607
 30
0.0
  0
POINT
  5
207
330
1FC
100
AcDbEntity
  8
Defpoints
 62
0
440
16777216
100
AcDbPoint
 10
244.27494960522017
 20
1556.1307949143666
 30
0.0
  0
ENDBLK
  5
1FE
330
1FC
100
AcDbEntity
  8
0
100
AcDbBlockEnd
  0
BLOCK
  5
209
330
208
100
AcDbEntity
  8
0
100
AcDbBlockBegin
  2
*D8
 70
1
 10
0.0
 20
0.0
 30
0.0
  3
*D8
  1

  0
LINE
  5
20B
330
208
100
AcDbEntity
  8
DIM
 62
5
370
9
440
16777216
100
AcDbLine
 10
244.27494960522017
 20
1518.9960078475997
 30
0.0
 11
244.27494960522017
 21
1566.1307949143666
 31
0.0
  0
LINE
  5
20C
330
208
100
AcDbEntity
  8
DIM
 62
5
370
9
440
16777216
100
AcDbLine
 10
232.27494960522017
 20
1518.9960078475997
 30
0.0
 11
232.27494960522017
 21
1566.1307949143666
 31
0.0
  0
LINE
  5
20D
330
208
100
AcDbEntity
  8
DIM
 62
5
370
9
440
16777216
100
AcDbLine
 10
244.27494960522017
 20
1556.1307949143666
 30
0.0
 11
252.27494960522017
 21
1556.1307949143666
 31
0.0
  0
LINE
  5
20E
330
208
100
AcDbEntity
  8
DIM
 62
5
370
9
440
16777216
100
AcDbLine
 10
232.27494960522017
 20
1556.1307949143666
 30
0.0
 11
163.07235751789995
 21
1556.1307949143666
 31
0.0
  0
LINE
  5
20F
330
208
100
AcDbEntity
  8
DIM
 62
5
370
9
440
16777216
100
AcDbLine
 10
244.27494960522017
 20
1556.1307949143666
 30
0.0
 11
232.27494960522017
 21
1556.1307949143666
 31
0.0
  0
LINE
  5
210
330
208
100
AcDbEntity
  8
0
  6
ByBlock
 62
0
370
-2
100
AcDbLine
 10
248.27494960522017
 20
1560.1307949143666
 30
0.0
 11
240.27494960522017
 21
1552.1307949143666
 31
0.0
  0
LINE
  5
211
330
208
100
AcDbEntity
  8
0
  6
ByBlock
 62
0
370
-2
100
AcDbLine
 10
228.27494960522017
 20
1552.1307949143666
 30
0.0
 11
236.27494960522017
 21
1560.1307949143666
 31
0.0
  0
MTEXT
  5
212
330
208
100
AcDbEntity
  8
DIM
 62
3
440
16777216
100
AcDbMText
 10
189.67365356156006
 20
1578.6819545323742
 30
0.0
 40
25.0
 41
0.0
 46
0.0
 71
5
  1
12
  0
POINT
  5
213
330
208
100
AcDbEntity
  8
Defpoints
 62
0
440
16777216
100
AcDbPoint
 10
244.27494960522017
 20
1503.996007847607
 30
0.0
  0
POINT
  5
214
330
208
100
AcDbEntity
  8
Defpoints
 62
0
440
16777216
100
AcDbPoint
 10
232.27494960522017
 20
1503.996007847607
 30
0.0
  0
POINT
  5
215
330
208
100
AcDbEntity
  8
Defpoints
 62
0
440
16777216
100
AcDbPoint
 10
232.27494960522017
 20
1556.1307949143666
 30
0.0
  0
ENDBLK
  5
20A
330
208
100
AcDbEntity
  8
0
100
AcDbBlockEnd
  0
BLOCK
  5
217
330
216
100
AcDbEntity
  8
0
100
AcDbBlockBegin
  2
*D9
 70
1
 10
0.0
 20
0.0
 30
0.0
  3
*D9
  1

  0
LINE
  5
219
330
216
100
AcDbEntity
  8
DIM
 62
5
370
9
440
16777216
100
AcDbLine
 10
232.27494960522017
 20
1131.996007847607
 30
0.0
 11
232.27494960522017
 21
1067.2239355994388
 31
0.0
  0
LINE
  5
21A
330
216
100
AcDbEntity
  8
DIM
 62
5
370
9
440
16777216
100
AcDbLine
 10
1297.2749496052202
 20
1131.996007847607
 30
0.0
 11
1297.2749496052202
 21
1067.2239355994388
 31
0.0
  0
LINE
  5
21B
330
216
100
AcDbEntity
  8
DIM
 62
5
370
9
440
16777216
100
AcDbLine
 10
232.27494960522017
 20
1077.2239355994461
 30
0.0
 11
1297.2749496052202
 21
1077.2239355994461
 31
0.0
  0
LINE
  5
21C
330
216
100
AcDbEntity
  8
0
  6
ByBlock
 62
0
370
-2
100
AcDbLine
 10
236.27494960522017
 20
1081.2239355994461
 30
0.0
 11
228.27494960522017
 21
1073.2239355994461
 31
0.0
  0
LINE
  5
21D
330
216
100
AcDbEntity
  8
0
  6
ByBlock
 62
0
370
-2
100
AcDbLine
 10
1293.2749496052202
 20
1073.2239355994461
 30
0.0
 11
1301.2749496052202
 21
1081.2239355994461
 31
0.0
  0
MTEXT
  5
21E
330
216
100
AcDbEntity
  8
DIM
 62
3
440
16777216
100
AcDbMText
 10
764.7749496052202
 20
1099.9882602924845
 30
0.0
 40
25.0
 41
0.0
 46
0.0
 71
5
  1
1065
  0
POINT
  5
21F
330
216
100
AcDbEntity
  8
Defpoints
 62
0
440
16777216
100
AcDbPoint
 10
232.27494960522017
 20
1146.996007847607
 30
0.0
  0
POINT
  5
220
330
216
100
AcDbEntity
  8
Defpoints
 62
0
440
16777216
100
AcDbPoint
 10
1297.2749496052202
 20
1146.996007847607
 30
0.0
  0
POINT
  5
221
330
216
100
AcDbEntity
  8
Defpoints
 62
0
440
16777216
100
AcDbPoint
 10
1297.2749496052202
 20
1077.2239355994461
 30
0.0
  0
ENDBLK
  5
218
330
216
100
AcDbEntity
  8
0
100
AcDbBlockEnd
  0
BLOCK
  5
223
330
222
100
AcDbEntity
  8
0
100
AcDbBlockBegin
  2
*D10
 70
1
 10
0.0
 20
0.0
 30
0.0
  3
*D10
  1

  0
LINE
  5
225
330
222
100
AcDbEntity
  8
DIM
 62
5
370
9
440
16777216
100
AcDbLine
 10
135.9232372962706
 20
858.2811596932952
 30
0.0
 11
108.78845022948917
 21
858.2811596932952
 31
0.0
  0
LINE
  5
226
330
222
100
AcDbEntity
  8
DIM
 62
5
370
9
440
16777216
100
AcDbLine
 10
135.9232372962706
 20
630.2811596932879
 30
0.0
 11
108.78845022948917
 21
630.2811596932879
 31
0.0
  0
LINE
  5
227
330
222
100
AcDbEntity
  8
DIM
 62
5
370
9
440
16777216
100
AcDbLine
 10
118.78845022948008
 20
858.2811596932952
 30
0.0
 11
118.78845022948008
 21
630.2811596932879
 31
0.0
  0
LINE
  5
228
330
222
100
AcDbEntity
  8
0
  6
ByBlock
 62
0
370
-2
100
AcDbLine
 10
122.78845022948008
 20
854.2811596932952
 30
0.0
 11
114.78845022948008
 21
862.2811596932952
 31
0.0
  0
LINE
  5
229
330
222
100
AcDbEntity
  8
0
  6
ByBlock
 62
0
370
-2
100
AcDbLine
 10
114.78845022948008
 20
634.2811596932879
 30
0.0
 11
122.78845022948008
 21
626.2811596932879
 31
0.0
  0
MTEXT
  5
22A
330
222
100
AcDbEntity
  8
DIM
 62
3
440
16777216
100
AcDbMText
 10
96.02412553645081
 20
744.2811596932952
 30
0.0
 40
25.0
 41
0.0
 46
0.0
 71
5
  1
228
 11
1e-16
 21
1.0
 31
0.0
  0
POINT
  5
22B
330
222
100
AcDbEntity
  8
Defpoints
 62
0
440
16777216
100
AcDbPoint
 10
150.9232372962797
 20
858.2811596932952
 30
0.0
  0
POINT
  5
22C
330
222
100
AcDbEntity
  8
Defpoints
 62
0
440
16777216
100
AcDbPoint
 10
150.9232372962797
 20
630.2811596932879
 30
0.0
  0
POINT
  5
22D
330
222
100
AcDbEntity
  8
Defpoints
 62
0
440
16777216
100
AcDbPoint
 10
118.78845022948008
 20
630.2811596932879
 30
0.0
  0
ENDBLK
  5
224
330
222
100
AcDbEntity
  8
0
100
AcDbBlockEnd
  0
BLOCK
  5
22F
330
22E
100
AcDbEntity
  8
0
100
AcDbBlockBegin
  2
*D11
 70
1
 10
0.0
 20
0.0
 30
0.0
  3
*D11
  1

  0
LINE
  5
231
330
22E
100
AcDbEntity
  8
DIM
 62
5
370
9
440
16777216
100
AcDbLine
 10
135.9232372962706
 20
630.2811596932879
 30
0.0
 11
108.78845022950009
 21
630.2811596932879
 31
0.0
  0
LINE
  5
232
330
22E
100
AcDbEntity
  8
DIM
 62
5
370
9
440
16777216
100
AcDbLine
 10
155.9232372962706
 20
610.2811596932952
 30
0.0
 11
108.78845022950009
 21
610.2811596932952
 31
0.0
  0
LINE
  5
233
330
22E
100
AcDbEntity
  8
DIM
 62
5
370
9
440
16777216
100
AcDbLine
 10
118.78845022950009
 20
630.2811596932879
 30
0.0
 11
118.78845022950009
 21
610.2811596932952
 31
0.0
  0
LINE
  5
234
330
22E
100
AcDbEntity
  8
0
  6
ByBlock
 62
0
370
-2
100
AcDbLine
 10
122.78845022950009
 20
626.2811596932879
 30
0.0
 11
114.78845022950009
 21
634.2811596932879
 31
0.0
  0
LINE
  5
235
330
22E
100
AcDbEntity
  8
0
  6
ByBlock
 62
0
370
-2
100
AcDbLine
 10
114.78845022950009
 20
614.2811596932952
 30
0.0
 11
122.78845022950009
 21
606.2811596932952
 31
0.0
  0
MTEXT
  5
236
330
22E
100
AcDbEntity
  8
DIM
 62
3
440
16777216
100
AcDbMText
 10
96.02412553647082
 20
620.2811596932879
 30
0.0
 40
25.0
 41
0.0
 46
0.0
 71
5
  1
20
 11
1e-16
 21
1.0
 31
0.0
  0
POINT
  5
237
330
22E
100
AcDbEntity
  8
Defpoints
 62
0
440
16777216
100
AcDbPoint
 10
150.9232372962797
 20
630.2811596932879
 30
0.0
  0
POINT
  5
238
330
22E
100
AcDbEntity
  8
Defpoints
 62
0
440
16777216
100
AcDbPoint
 10
170.9232372962797
 20
610.2811596932952
 30
0.0
  0
POINT
  5
239
330
22E
100
AcDbEntity
  8
Defpoints
 62
0
440
16777216
100
AcDbPoint
 10
118.78845022950009
 20
610.2811596932952
 30
0.0
  0
ENDBLK
  5
230
330
22E
100
AcDbEntity
  8
0
100
AcDbBlockEnd
  0
BLOCK
  5
23B
330
23A
100
AcDbEntity
  8
0
100
AcDbBlockBegin
  2
*D12
 70
1
 10
0.0
 20
0.0
 30
0.0
  3
*D12
  1

  0
LINE
  5
23D
330
23A
100
AcDbEntity
  8
DIM
 62
5
370
9
440
16777216
100
AcDbLine
 10
155.9232372962706
 20
610.2811596932952
 30
0.0
 11
108.78845022950918
 21
610.2811596932952
 31
0.0
  0
LINE
  5
23E
330
23A
100
AcDbEntity
  8
DIM
 62
5
370
9
440
16777216
100
AcDbLine
 10
155.9232372962706
 20
598.2811596932879
 30
0.0
 11
108.78845022950918
 21
598.2811596932879
 31
0.0
  0
LINE
  5
23F
330
23A
100
AcDbEntity
  8
DIM
 62
5
370
9
440
16777216
100
AcDbLine
 10
118.78845022950918
 20
610.2811596932952
 30
0.0
 11
118.78845022950918
 21
618.2811596932952
 31
0.0
  0
LINE
  5
240
330
23A
100
AcDbEntity
  8
DIM
 62
5
370
9
440
16777216
100
AcDbLine
 10
118.78845022950918
 20
598.2811596932879
 30
0.0
 11
118.78845022950918
 21
529.078567605975
 31
0.0
  0
LINE
  5
241
330
23A
100
AcDbEntity
  8
DIM
 62
5
370
9
440
16777216
100
AcDbLine
 10
118.78845022950918
 20
610.2811596932952
 30
0.0
 11
118.78845022950918
 21
598.2811596932879
 31
0.0
  0
LINE
  5
242
330
23A
100
AcDbEntity
  8
0
  6
ByBlock
 62
0
370
-2
100
AcDbLine
 10
114.78845022950918
 20
614.2811596932952
 30
0.0
 11
122.78845022950918
 21
606.2811596932952
 31
0.0
  0
LINE
  5
243
330
23A
100
AcDbEntity
  8
0
  6
ByBlock
 62
0
370
-2
100
AcDbLine
 10
122.78845022950918
 20
594.2811596932879
 30
0.0
 11
114.78845022950918
 21
602.2811596932879
 31
0.0
  0
MTEXT
  5
244
330
23A
100
AcDbEntity
  8
DIM
 62
3
440
16777216
100
AcDbMText
 10
96.23729061151062
 20
555.6798636496387
 30
0.0
 40
25.0
 41
0.0
 46
0.0
 71
5
  1
12
 11
1e-16
 21
1.0
 31
0.0
  0
POINT
  5
245
330
23A
100
AcDbEntity
  8
Defpoints
 62
0
440
16777216
100
AcDbPoint
 10
170.9232372962797
 20
610.2811596932952
 30
0.0
  0
POINT
  5
246
330
23A
100
AcDbEntity
  8
Defpoints
 62
0
440
16777216
100
AcDbPoint
 10
170.9232372962797
 20
598.2811596932879
 30
0.0
  0
POINT
  5
247
330
23A
100
AcDbEntity
  8
Defpoints
 62
0
440
16777216
100
AcDbPoint
 10
118.78845022950918
 20
598.2811596932879
 30
0.0
  0
ENDBLK
  5
23C
330
23A
100
AcDbEntity
  8
0
100
AcDbBlockEnd
  0
BLOCK
  5
249
330
248
100
AcDbEntity
  8
0
100
AcDbBlockBegin
  2
*D13
 70
1
 10
0.0
 20
0.0
 30
0.0
  3
*D13
  1

  0
LINE
  5
24B
330
248
100
AcDbEntity
  8
DIM
 62
5
370
9
 48
3.0
440
16777216
100
AcDbLine
 10
150.9232372962797
 20
873.2811596932952
 30
0.0
 11
150.9232372962797
 21
951.1065163157546
 31
0.0
  0
LINE
  5
24C
330
248
100
AcDbEntity
  8
DIM
 62
5
370
9
 48
3.0
440
16777216
100
AcDbLine
 10
700.9232372962797
 20
873.2811596932952
 30
0.0
 11
700.9232372962797
 21
951.1065163157546
 31
0.0
  0
LINE
  5
24D
330
248
100
AcDbEntity
  8
DIM
 62
5
370
9
 48
3.0
440
16777216
100
AcDbLine
 10
150.9232372962797
 20
941.1065163157473
 30
0.0
 11
700.9232372962797
 21
941.1065163157473
 31
0.0
  0
LINE
  5
24E
330
248
100
AcDbEntity
  8
0
  6
ByBlock
 62
0
370
-2
100
AcDbLine
 10
154.9232372962797
 20
945.1065163157473
 30
0.0
 11
146.9232372962797
 21
937.1065163157473
 31
0.0
  0
LINE
  5
24F
330
248
100
AcDbEntity
  8
0
  6
ByBlock
 62
0
370
-2
100
AcDbLine
 10
696.9232372962797
 20
937.1065163157473
 30
0.0
 11
704.9232372962797
 21
945.1065163157473
 31
0.0
  0
MTEXT
  5
250
330
248
100
AcDbEntity
  8
DIM
 62
3
 48
3.0
440
16777216
100
AcDbMText
 10
425.9232372962797
 20
963.8708410088002
 30
0.0
 40
25.0
 41
0.0
 46
0.0
 71
5
  1
550
  0
POINT
  5
251
330
248
100
AcDbEntity
  8
Defpoints
 62
0
 48
3.0
440
16777216
100
AcDbPoint
 10
150.9232372962797
 20
858.2811596932952
 30
0.0
  0
POINT
  5
252
330
248
100
AcDbEntity
  8
Defpoints
 62
0
 48
3.0
440
16777216
100
AcDbPoint
 10
700.9232372962797
 20
858.2811596932952
 30
0.0
  0
POINT
  5
253
330
248
100
AcDbEntity
  8
Defpoints
 62
0
 48
3.0
440
16777216
100
AcDbPoint
 10
700.9232372962797
 20
941.1065163157473
 30
0.0
  0
ENDBLK
  5
24A
330
248
100
AcDbEntity
  8
0
100
AcDbBlockEnd
  0
BLOCK
  5
255
330
254
100
AcDbEntity
  8
0
100
AcDbBlockBegin
  2
*D14
 70
1
 10
0.0
 20
0.0
 30
0.0
  3
*D14
  1

  0
LINE
  5
257
330
254
100
AcDbEntity
  8
DIM
 62
5
370
9
 48
3.0
440
16777216
100
AcDbLine
 10
144.47301414375033
 20
368.850638098178
 30
0.0
 11
144.47301414375033
 21
404.38607293993846
 31
0.0
  0
LINE
  5
258
330
254
100
AcDbEntity
  8
DIM
 62
5
370
9
 48
3.0
440
16777216
100
AcDbLine
 10
434.47301414375033
 20
368.850638098178
 30
0.0
 11
434.47301414375033
 21
404.38607293993846
 31
0.0
  0
LINE
  5
259
330
254
100
AcDbEntity
  8
DIM
 62
5
370
9
 48
3.0
440
16777216
100
AcDbLine
 10
144.47301414375033
 20
394.38607293993846
 30
0.0
 11
434.47301414375033
 21
394.38607293993846
 31
0.0
  0
LINE
  5
25A
330
254
100
AcDbEntity
  8
0
  6
ByBlock
 62
0
370
-2
100
AcDbLine
 10
148.47301414375033
 20
398.38607293993846
 30
0.0
 11
140.47301414375033
 21
390.38607293993846
 31
0.0
  0
LINE
  5
25B
330
254
100
AcDbEntity
  8
0
  6
ByBlock
 62
0
370
-2
100
AcDbLine
 10
430.47301414375033
 20
390.38607293993846
 30
0.0
 11
438.47301414375033
 21
398.38607293993846
 31
0.0
  0
MTEXT
  5
25C
330
254
100
AcDbEntity
  8
DIM
 62
3
 48
3.0
440
16777216
100
AcDbMText
 10
289.47301414375033
 20
417.1503976329841
 30
0.0
 40
25.0
 41
0.0
 46
0.0
 71
5
  1
290
  0
POINT
  5
25D
330
254
100
AcDbEntity
  8
Defpoints
 62
0
 48
3.0
440
16777216
100
AcDbPoint
 10
144.47301414375033
 20
353.850638098178
 30
0.0
  0
POINT
  5
25E
330
254
100
AcDbEntity
  8
Defpoints
 62
0
 48
3.0
440
16777216
100
AcDbPoint
 10
434.47301414375033
 20
353.850638098178
 30
0.0
  0
POINT
  5
25F
330
254
100
AcDbEntity
  8
Defpoints
 62
0
 48
3.0
440
16777216
100
AcDbPoint
 10
434.47301414375033
 20
394.38607293993846
 30
0.0
  0
ENDBLK
  5
256
330
254
100
AcDbEntity
  8
0
100
AcDbBlockEnd
  0
BLOCK
  5
261
330
260
100
AcDbEntity
  8
0
100
AcDbBlockBegin
  2
*D15
 70
1
 10
0.0
 20
0.0
 30
0.0
  3
*D15
  1

  0
LINE
  5
263
330
260
100
AcDbEntity
  8
DIM
 62
5
370
9
 48
3.0
440
16777216
100
AcDbLine
 10
449.47301414375033
 20
233.85063809816347
 30
0.0
 11
546.9307523785301
 21
233.85063809816347
 31
0.0
  0
LINE
  5
264
330
260
100
AcDbEntity
  8
DIM
 62
5
370
9
 48
3.0
440
16777216
100
AcDbLine
 10
449.47301414375033
 20
353.850638098178
 30
0.0
 11
546.9307523785301
 21
353.850638098178
 31
0.0
  0
LINE
  5
265
330
260
100
AcDbEntity
  8
DIM
 62
5
370
9
 48
3.0
440
16777216
100
AcDbLine
 10
536.9307523785301
 20
233.85063809816347
 30
0.0
 11
536.9307523785301
 21
353.850638098178
 31
0.0
  0
LINE
  5
266
330
260
100
AcDbEntity
  8
0
  6
ByBlock
 62
0
370
-2
100
AcDbLine
 10
532.9307523785301
 20
237.85063809816347
 30
0.0
 11
540.9307523785301
 21
229.85063809816347
 31
0.0
  0
LINE
  5
267
330
260
100
AcDbEntity
  8
0
  6
ByBlock
 62
0
370
-2
100
AcDbLine
 10
540.9307523785301
 20
349.850638098178
 30
0.0
 11
532.9307523785301
 21
357.850638098178
 31
0.0
  0
MTEXT
  5
268
330
260
100
AcDbEntity
  8
DIM
 62
3
 48
3.0
440
16777216
100
AcDbMText
 10
514.1664276854899
 20
293.850638098178
 30
0.0
 40
25.0
 41
0.0
 46
0.0
 71
5
  1
120
 11
1e-16
 21
1.0
 31
0.0
  0
POINT
  5
269
330
260
100
AcDbEntity
  8
Defpoints
 62
0
 48
3.0
440
16777216
100
AcDbPoint
 10
434.47301414375033
 20
233.85063809816347
 30
0.0
  0
POINT
  5
26A
330
260
100
AcDbEntity
  8
Defpoints
 62
0
 48
3.0
440
16777216
100
AcDbPoint
 10
434.47301414375033
 20
353.850638098178
 30
0.0
  0
POINT
  5
26B
330
260
100
AcDbEntity
  8
Defpoints
 62
0
 48
3.0
440
16777216
100
AcDbPoint
 10
536.9307523785301
 20
353.850638098178
 30
0.0
  0
ENDBLK
  5
262
330
260
100
AcDbEntity
  8
0
100
AcDbBlockEnd
  0
BLOCK
  5
26D
330
26C
100
AcDbEntity
  8
0
100
AcDbBlockBegin
  2
*D16
 70
1
 10
0.0
 20
0.0
 30
0.0
  3
*D16
  1

  0
LINE
  5
26F
330
26C
100
AcDbEntity
  8
DIM
 62
5
370
9
 48
3.0
440
16777216
100
AcDbLine
 10
1414.1157650749792
 20
719.0765832883262
 30
0.0
 11
1414.1157650749792
 21
774.6696413070385
 31
0.0
  0
LINE
  5
270
330
26C
100
AcDbEntity
  8
DIM
 62
5
370
9
 48
3.0
440
16777216
100
AcDbLine
 10
1429.1157650749792
 20
704.0765832883262
 30
0.0
 11
1429.1157650749792
 21
774.6696413070385
 31
0.0
  0
LINE
  5
271
330
26C
100
AcDbEntity
  8
DIM
 62
5
370
9
 48
3.0
440
16777216
100
AcDbLine
 10
1414.1157650749792
 20
764.669641307024
 30
0.0
 11
1406.1157650749901
 21
764.669641307024
 31
0.0
  0
LINE
  5
272
330
26C
100
AcDbEntity
  8
DIM
 62
5
370
9
 48
3.0
440
16777216
100
AcDbLine
 10
1429.1157650749792
 20
764.669641307024
 30
0.0
 11
1498.76174051837
 21
764.669641307024
 31
0.0
  0
LINE
  5
273
330
26C
100
AcDbEntity
  8
DIM
 62
5
370
9
 48
3.0
440
16777216
100
AcDbLine
 10
1414.1157650749792
 20
764.669641307024
 30
0.0
 11
1429.1157650749792
 21
764.669641307024
 31
0.0
  0
LINE
  5
274
330
26C
100
AcDbEntity
  8
0
  6
ByBlock
 62
0
370
-2
100
AcDbLine
 10
1410.1157650749792
 20
760.669641307024
 30
0.0
 11
1418.1157650749792
 21
768.669641307024
 31
0.0
  0
LINE
  5
275
330
26C
100
AcDbEntity
  8
0
  6
ByBlock
 62
0
370
-2
100
AcDbLine
 10
1433.1157650749792
 20
768.669641307024
 30
0.0
 11
1425.1157650749792
 21
760.669641307024
 31
0.0
  0
MTEXT
  5
276
330
26C
100
AcDbEntity
  8
DIM
 62
3
 48
3.0
440
16777216
100
AcDbMText
 10
1471.9387527966792
 20
787.4339660000769
 30
0.0
 40
25.0
 41
0.0
 46
0.0
 71
5
  1
15
  0
POINT
  5
277
330
26C
100
AcDbEntity
  8
Defpoints
 62
0
 48
3.0
440
16777216
100
AcDbPoint
 10
1414.1157650749792
 20
704.0765832883262
 30
0.0
  0
POINT
  5
278
330
26C
100
AcDbEntity
  8
Defpoints
 62
0
 48
3.0
440
16777216
100
AcDbPoint
 10
1429.1157650749792
 20
689.0765832883262
 30
0.0
  0
POINT
  5
279
330
26C
100
AcDbEntity
  8
Defpoints
 62
0
 48
3.0
440
16777216
100
AcDbPoint
 10
1429.1157650749792
 20
764.669641307024
 30
0.0
  0
ENDBLK
  5
26E
330
26C
100
AcDbEntity
  8
0
100
AcDbBlockEnd
  0
BLOCK
  5
27B
330
27A
100
AcDbEntity
  8
0
100
AcDbBlockBegin
  2
*D17
 70
1
 10
0.0
 20
0.0
 30
0.0
  3
*D17
  1

  0
LINE
  5
27D
330
27A
100
AcDbEntity
  8
DIM
 62
5
370
9
 48
3.0
440
16777216
100
AcDbLine
 10
1414.1157650749792
 20
719.0765832883262
 30
0.0
 11
1414.1157650749792
 21
774.6696413070385
 31
0.0
  0
LINE
  5
27E
330
27A
100
AcDbEntity
  8
DIM
 62
5
370
9
 48
3.0
440
16777216
100
AcDbLine
 10
917.1157650749792
 20
719.0765832883262
 30
0.0
 11
917.1157650749792
 21
774.6696413070385
 31
0.0
  0
LINE
  5
27F
330
27A
100
AcDbEntity
  8
DIM
 62
5
370
9
 48
3.0
440
16777216
100
AcDbLine
 10
1414.1157650749792
 20
764.669641307024
 30
0.0
 11
917.1157650749792
 21
764.669641307024
 31
0.0
  0
LINE
  5
280
330
27A
100
AcDbEntity
  8
0
  6
ByBlock
 62
0
370
-2
100
AcDbLine
 10
1410.1157650749792
 20
760.669641307024
 30
0.0
 11
1418.1157650749792
 21
768.669641307024
 31
0.0
  0
LINE
  5
281
330
27A
100
AcDbEntity
  8
0
  6
ByBlock
 62
0
370
-2
100
AcDbLine
 10
921.1157650749792
 20
768.669641307024
 30
0.0
 11
913.1157650749792
 21
760.669641307024
 31
0.0
  0
MTEXT
  5
282
330
27A
100
AcDbEntity
  8
DIM
 62
3
 48
3.0
440
16777216
100
AcDbMText
 10
1165.6157650749792
 20
787.4339660000769
 30
0.0
 40
25.0
 41
0.0
 46
0.0
 71
5
  1
497
  0
POINT
  5
283
330
27A
100
AcDbEntity
  8
Defpoints
 62
0
 48
3.0
440
16777216
100
AcDbPoint
 10
1414.1157650749792
 20
704.0765832883262
 30
0.0
  0
POINT
  5
284
330
27A
100
AcDbEntity
  8
Defpoints
 62
0
 48
3.0
440
16777216
100
AcDbPoint
 10
917.1157650749792
 20
704.0765832883262
 30
0.0
  0
POINT
  5
285
330
27A
100
AcDbEntity
  8
Defpoints
 62
0
 48
3.0
440
16777216
100
AcDbPoint
 10
917.1157650749792
 20
764.669641307024
 30
0.0
  0
ENDBLK
  5
27C
330
27A
100
AcDbEntity
  8
0
100
AcDbBlockEnd
  0
BLOCK
  5
287
330
286
100
AcDbEntity
  8
0
100
AcDbBlockBegin
  2
*D18
 70
1
 10
0.0
 20
0.0
 30
0.0
  3
*D18
  1

  0
LINE
  5
289
330
286
100
AcDbEntity
  8
DIM
 62
5
370
9
 48
3.0
440
16777216
100
AcDbLine
 10
902.1157650749901
 20
704.0765832883262
 30
0.0
 11
795.4772923538603
 21
704.0765832883262
 31
0.0
  0
LINE
  5
28A
330
286
100
AcDbEntity
  8
DIM
 62
5
370
9
 48
3.0
440
16777216
100
AcDbLine
 10
902.1157650749901
 20
331.0765832883262
 30
0.0
 11
795.4772923538603
 21
331.0765832883262
 31
0.0
  0
LINE
  5
28B
330
286
100
AcDbEntity
  8
DIM
 62
5
370
9
 48
3.0
440
16777216
100
AcDbLine
 10
805.4772923538603
 20
704.0765832883262
 30
0.0
 11
805.4772923538603
 21
331.0765832883262
 31
0.0
  0
LINE
  5
28C
330
286
100
AcDbEntity
  8
0
  6
ByBlock
 62
0
370
-2
100
AcDbLine
 10
809.4772923538603
 20
700.0765832883262
 30
0.0
 11
801.4772923538603
 21
708.0765832883262
 31
0.0
  0
LINE
  5
28D
330
286
100
AcDbEntity
  8
0
  6
ByBlock
 62
0
370
-2
100
AcDbLine
 10
801.4772923538603
 20
335.0765832883262
 30
0.0
 11
809.4772923538603
 21
327.0765832883262
 31
0.0
  0
MTEXT
  5
28E
330
286
100
AcDbEntity
  8
DIM
 62
3
 48
3.0
440
16777216
100
AcDbMText
 10
782.7044410578201
 20
517.5765832883262
 30
0.0
 40
25.0
 41
0.0
 46
0.0
 71
5
  1
373
 11
1e-16
 21
1.0
 31
0.0
  0
POINT
  5
28F
330
286
100
AcDbEntity
  8
Defpoints
 62
0
 48
3.0
440
16777216
100
AcDbPoint
 10
917.1157650749792
 20
704.0765832883262
 30
0.0
  0
POINT
  5
290
330
286
100
AcDbEntity
  8
Defpoints
 62
0
 48
3.0
440
16777216
100
AcDbPoint
 10
917.1157650749792
 20
331.0765832883262
 30
0.0
  0
POINT
  5
291
330
286
100
AcDbEntity
  8
Defpoints
 62
0
 48
3.0
440
16777216
100
AcDbPoint
 10
805.4772923538603
 20
331.0765832883262
 30
0.0
  0
ENDBLK
  5
288
330
286
100
AcDbEntity
  8
0
100
AcDbBlockEnd
  0
BLOCK
  5
293
330
292
100
AcDbEntity
  8
0
100
AcDbBlockBegin
  2
*D19
 70
1
 10
0.0
 20
0.0
 30
0.0
  3
*D19
  1

  0
LINE
  5
295
330
292
100
AcDbEntity
  8
DIM
 62
5
370
9
 48
3.0
440
16777216
100
AcDbLine
 10
887.1157650749792
 20
689.0765832883262
 30
0.0
 11
851.1568014969707
 21
689.0765832883262
 31
0.0
  0
LINE
  5
296
330
292
100
AcDbEntity
  8
DIM
 62
5
370
9
 48
3.0
440
16777216
100
AcDbLine
 10
887.1157650749792
 20
346.0765832883262
 30
0.0
 11
851.1568014969707
 21
346.0765832883262
 31
0.0
  0
LINE
  5
297
330
292
100
AcDbEntity
  8
DIM
 62
5
370
9
 48
3.0
440
16777216
100
AcDbLine
 10
861.1568014969707
 20
689.0765832883262
 30
0.0
 11
861.1568014969707
 21
346.0765832883262
 31
0.0
  0
LINE
  5
298
330
292
100
AcDbEntity
  8
0
  6
ByBlock
 62
0
370
-2
100
AcDbLine
 10
865.1568014969707
 20
685.0765832883262
 30
0.0
 11
857.1568014969707
 21
693.0765832883262
 31
0.0
  0
LINE
  5
299
330
292
100
AcDbEntity
  8
0
  6
ByBlock
 62
0
370
-2
100
AcDbLine
 10
857.1568014969707
 20
350.0765832883262
 30
0.0
 11
865.1568014969707
 21
342.0765832883262
 31
0.0
  0
MTEXT
  5
29A
330
292
100
AcDbEntity
  8
DIM
 62
3
 48
3.0
440
16777216
100
AcDbMText
 10
838.3839502009305
 20
517.5765832883262
 30
0.0
 40
25.0
 41
0.0
 46
0.0
 71
5
  1
343
 11
1e-16
 21
1.0
 31
0.0
  0
POINT
  5
29B
330
292
100
AcDbEntity
  8
Defpoints
 62
0
 48
3.0
440
16777216
100
AcDbPoint
 10
902.1157650749901
 20
689.0765832883262
 30
0.0
  0
POINT
  5
29C
330
292
100
AcDbEntity
  8
Defpoints
 62
0
 48
3.0
440
16777216
100
AcDbPoint
 10
902.1157650749901
 20
346.0765832883262
 30
0.0
  0
POINT
  5
29D
330
292
100
AcDbEntity
  8
Defpoints
 62
0
 48
3.0
440
16777216
100
AcDbPoint
 10
861.1568014969707
 20
346.0765832883262
 30
0.0
  0
ENDBLK
  5
294
330
292
100
AcDbEntity
  8
0
100
AcDbBlockEnd
  0
BLOCK
  5
29F
330
29E
100
AcDbEntity
  8
0
100
AcDbBlockBegin
  2
*D20
 70
1
 10
0.0
 20
0.0
 30
0.0
  3
*D20
  1

  0
LINE
  5
2A1
330
29E
100
AcDbEntity
  8
DIM
 62
5
370
9
 48
3.0
440
16777216
100
AcDbLine
 10
902.1157650749901
 20
331.0765832883262
 30
0.0
 11
902.1157650749901
 21
264.76225400401745
 31
0.0
  0
LINE
  5
2A2
330
29E
100
AcDbEntity
  8
DIM
 62
5
370
9
 48
3.0
440
16777216
100
AcDbLine
 10
1429.1157650749792
 20
331.0765832883262
 30
0.0
 11
1429.1157650749792
 21
264.76225400401745
 31
0.0
  0
LINE
  5
2A3
330
29E
100
AcDbEntity
  8
DIM
 62
5
370
9
 48
3.0
440
16777216
100
AcDbLine
 10
902.1157650749901
 20
274.7622540040247
 30
0.0
 11
1429.1157650749792
 21
274.7622540040247
 31
0.0
  0
LINE
  5
2A4
330
29E
100
AcDbEntity
  8
0
  6
ByBlock
 62
0
370
-2
100
AcDbLine
 10
906.1157650749901
 20
278.7622540040247
 30
0.0
 11
898.1157650749901
 21
270.7622540040247
 31
0.0
  0
LINE
  5
2A5
330
29E
100
AcDbEntity
  8
0
  6
ByBlock
 62
0
370
-2
100
AcDbLine
 10
1425.1157650749792
 20
270.7622540040247
 30
0.0
 11
1433.1157650749792
 21
278.7622540040247
 31
0.0
  0
MTEXT
  5
2A6
330
29E
100
AcDbEntity
  8
DIM
 62
3
 48
3.0
440
16777216
100
AcDbMText
 10
1165.6157650749792
 20
297.52657869707036
 30
0.0
 40
25.0
 41
0.0
 46
0.0
 71
5
  1
527
  0
POINT
  5
2A7
330
29E
100
AcDbEntity
  8
Defpoints
 62
0
 48
3.0
440
16777216
100
AcDbPoint
 10
902.1157650749901
 20
346.0765832883262
 30
0.0
  0
POINT
  5
2A8
330
29E
100
AcDbEntity
  8
Defpoints
 62
0
 48
3.0
440
16777216
100
AcDbPoint
 10
1429.1157650749792
 20
346.0765832883262
 30
0.0
  0
POINT
  5
2A9
330
29E
100
AcDbEntity
  8
Defpoints
 62
0
 48
3.0
440
16777216
100
AcDbPoint
 10
1429.1157650749792
 20
274.7622540040247
 30
0.0
  0
ENDBLK
  5
2A0
330
29E
100
AcDbEntity
  8
0
100
AcDbBlockEnd
  0
BLOCK
  5
2AB
330
2AA
100
AcDbEntity
  8
0
100
AcDbBlockBegin
  2
*D21
 70
1
 10
0.0
 20
0.0
 30
0.0
  3
*D21
  1

  0
LINE
  5
2AD
330
2AA
100
AcDbEntity
  8
DIM
 62
5
370
9
 48
3.0
440
16777216
100
AcDbLine
 10
2230.5257710370097
 20
674.0025692716154
 30
0.0
 11
2230.5257710370097
 21
729.5956272903277
 31
0.0
  0
LINE
  5
2AE
330
2AA
100
AcDbEntity
  8
DIM
 62
5
370
9
 48
3.0
440
16777216
100
AcDbLine
 10
2245.5257710370097
 20
659.0025692716154
 30
0.0
 11
2245.5257710370097
 21
729.5956272903277
 31
0.0
  0
LINE
  5
2AF
330
2AA
100
AcDbEntity
  8
DIM
 62
5
370
9
 48
3.0
440
16777216
100
AcDbLine
 10
2230.5257710370097
 20
719.5956272903277
 30
0.0
 11
2222.5257710370097
 21
719.5956272903277
 31
0.0
  0
LINE
  5
2B0
330
2AA
100
AcDbEntity
  8
DIM
 62
5
370
9
 48
3.0
440
16777216
100
AcDbLine
 10
2245.5257710370097
 20
719.5956272903277
 30
0.0
 11
2315.1717464804005
 21
719.5956272903277
 31
0.0
  0
LINE
  5
2B1
330
2AA
100
AcDbEntity
  8
DIM
 62
5
370
9
 48
3.0
440
16777216
100
AcDbLine
 10
2230.5257710370097
 20
719.5956272903277
 30
0.0
 11
2245.5257710370097
 21
719.5956272903277
 31
0.0
  0
LINE
  5
2B2
330
2AA
100
AcDbEntity
  8
0
  6
ByBlock
 62
0
370
-2
100
AcDbLine
 10
2226.5257710370097
 20
715.5956272903277
 30
0.0
 11
2234.5257710370097
 21
723.5956272903277
 31
0.0
  0
LINE
  5
2B3
330
2AA
100
AcDbEntity
  8
0
  6
ByBlock
 62
0
370
-2
100
AcDbLine
 10
2249.5257710370097
 20
723.5956272903277
 30
0.0
 11
2241.5257710370097
 21
715.5956272903277
 31
0.0
  0
MTEXT
  5
2B4
330
2AA
100
AcDbEntity
  8
DIM
 62
3
 48
3.0
440
16777216
100
AcDbMText
 10
2288.3487587587097
 20
742.3599519833733
 30
0.0
 40
25.0
 41
0.0
 46
0.0
 71
5
  1
15
  0
POINT
  5
2B5
330
2AA
100
AcDbEntity
  8
Defpoints
 62
0
 48
3.0
440
16777216
100
AcDbPoint
 10
2230.5257710370097
 20
659.0025692716154
 30
0.0
  0
POINT
  5
2B6
330
2AA
100
AcDbEntity
  8
Defpoints
 62
0
 48
3.0
440
16777216
100
AcDbPoint
 10
2245.5257710370097
 20
644.0025692716154
 30
0.0
  0
POINT
  5
2B7
330
2AA
100
AcDbEntity
  8
Defpoints
 62
0
 48
3.0
440
16777216
100
AcDbPoint
 10
2245.5257710370097
 20
719.5956272903277
 30
0.0
  0
ENDBLK
  5
2AC
330
2AA
100
AcDbEntity
  8
0
100
AcDbBlockEnd
  0
BLOCK
  5
2B9
330
2B8
100
AcDbEntity
  8
0
100
AcDbBlockBegin
  2
*D22
 70
1
 10
0.0
 20
0.0
 30
0.0
  3
*D22
  1

  0
LINE
  5
2BB
330
2B8
100
AcDbEntity
  8
DIM
 62
5
370
9
 48
3.0
440
16777216
100
AcDbLine
 10
2230.5257710370097
 20
674.0025692716154
 30
0.0
 11
2230.5257710370097
 21
729.5956272903277
 31
0.0
  0
LINE
  5
2BC
330
2B8
100
AcDbEntity
  8
DIM
 62
5
370
9
 48
3.0
440
16777216
100
AcDbLine
 10
1823.5257710369897
 20
674.0025692716081
 30
0.0
 11
1823.5257710369897
 21
729.5956272903277
 31
0.0
  0
LINE
  5
2BD
330
2B8
100
AcDbEntity
  8
DIM
 62
5
370
9
 48
3.0
440
16777216
100
AcDbLine
 10
2230.5257710370097
 20
719.5956272903277
 30
0.0
 11
1823.5257710369897
 21
719.5956272903277
 31
0.0
  0
LINE
  5
2BE
330
2B8
100
AcDbEntity
  8
0
  6
ByBlock
 62
0
370
-2
100
AcDbLine
 10
2226.5257710370097
 20
715.5956272903277
 30
0.0
 11
2234.5257710370097
 21
723.5956272903277
 31
0.0
  0
LINE
  5
2BF
330
2B8
100
AcDbEntity
  8
0
  6
ByBlock
 62
0
370
-2
100
AcDbLine
 10
1827.5257710369897
 20
723.5956272903277
 30
0.0
 11
1819.5257710369897
 21
715.5956272903277
 31
0.0
  0
MTEXT
  5
2C0
330
2B8
100
AcDbEntity
  8
DIM
 62
3
 48
3.0
440
16777216
100
AcDbMText
 10
2027.0257710370006
 20
742.3599519833733
 30
0.0
 40
25.0
 41
0.0
 46
0.0
 71
5
  1
407
  0
POINT
  5
2C1
330
2B8
100
AcDbEntity
  8
Defpoints
 62
0
 48
3.0
440
16777216
100
AcDbPoint
 10
2230.5257710370097
 20
659.0025692716154
 30
0.0
  0
POINT
  5
2C2
330
2B8
100
AcDbEntity
  8
Defpoints
 62
0
 48
3.0
440
16777216
100
AcDbPoint
 10
1823.5257710369897
 20
659.0025692716081
 30
0.0
  0
POINT
  5
2C3
330
2B8
100
AcDbEntity
  8
Defpoints
 62
0
 48
3.0
440
16777216
100
AcDbPoint
 10
1823.5257710369897
 20
719.5956272903277
 30
0.0
  0
ENDBLK
  5
2BA
330
2B8
100
AcDbEntity
  8
0
100
AcDbBlockEnd
  0
BLOCK
  5
2C5
330
2C4
100
AcDbEntity
  8
0
100
AcDbBlockBegin
  2
*D23
 70
1
 10
0.0
 20
0.0
 30
0.0
  3
*D23
  1

  0
LINE
  5
2C7
330
2C4
100
AcDbEntity
  8
DIM
 62
5
370
9
 48
3.0
440
16777216
100
AcDbLine
 10
1808.5257710369897
 20
659.0025692716081
 30
0.0
 11
1701.8872983158908
 21
659.0025692716081
 31
0.0
  0
LINE
  5
2C8
330
2C4
100
AcDbEntity
  8
DIM
 62
5
370
9
 48
3.0
440
16777216
100
AcDbLine
 10
1808.5257710370206
 20
327.00256927161536
 30
0.0
 11
1701.8872983158908
 21
327.00256927161536
 31
0.0
  0
LINE
  5
2C9
330
2C4
100
AcDbEntity
  8
DIM
 62
5
370
9
 48
3.0
440
16777216
100
AcDbLine
 10
1711.8872983158908
 20
659.0025692716081
 30
0.0
 11
1711.8872983158908
 21
327.00256927161536
 31
0.0
  0
LINE
  5
2CA
330
2C4
100
AcDbEntity
  8
0
  6
ByBlock
 62
0
370
-2
100
AcDbLine
 10
1715.8872983158908
 20
655.0025692716081
 30
0.0
 11
1707.8872983158908
 21
663.0025692716081
 31
0.0
  0
LINE
  5
2CB
330
2C4
100
AcDbEntity
  8
0
  6
ByBlock
 62
0
370
-2
100
AcDbLine
 10
1707.8872983158908
 20
331.00256927161536
 30
0.0
 11
1715.8872983158908
 21
323.00256927161536
 31
0.0
  0
MTEXT
  5
2CC
330
2C4
100
AcDbEntity
  8
DIM
 62
3
 48
3.0
440
16777216
100
AcDbMText
 10
1689.1144470198506
 20
493.0025692716081
 30
0.0
 40
25.0
 41
0.0
 46
0.0
 71
5
  1
332
 11
1e-16
 21
1.0
 31
0.0
  0
POINT
  5
2CD
330
2C4
100
AcDbEntity
  8
Defpoints
 62
0
 48
3.0
440
16777216
100
AcDbPoint
 10
1823.5257710369897
 20
659.0025692716081
 30
0.0
  0
POINT
  5
2CE
330
2C4
100
AcDbEntity
  8
Defpoints
 62
0
 48
3.0
440
16777216
100
AcDbPoint
 10
1823.5257710370097
 20
327.00256927161536
 30
0.0
  0
POINT
  5
2CF
330
2C4
100
AcDbEntity
  8
Defpoints
 62
0
 48
3.0
440
16777216
100
AcDbPoint
 10
1711.8872983158908
 20
327.00256927161536
 30
0.0
  0
ENDBLK
  5
2C6
330
2C4
100
AcDbEntity
  8
0
100
AcDbBlockEnd
  0
BLOCK
  5
2D1
330
2D0
100
AcDbEntity
  8
0
100
AcDbBlockBegin
  2
*D24
 70
1
 10
0.0
 20
0.0
 30
0.0
  3
*D24
  1

  0
LINE
  5
2D3
330
2D0
100
AcDbEntity
  8
DIM
 62
5
370
9
 48
3.0
440
16777216
100
AcDbLine
 10
1793.5257710369897
 20
644.0025692716081
 30
0.0
 11
1757.5668074589994
 21
644.0025692716081
 31
0.0
  0
LINE
  5
2D4
330
2D0
100
AcDbEntity
  8
DIM
 62
5
370
9
 48
3.0
440
16777216
100
AcDbLine
 10
1793.5257710370206
 20
342.00256927161536
 30
0.0
 11
1757.5668074589994
 21
342.00256927161536
 31
0.0
  0
LINE
  5
2D5
330
2D0
100
AcDbEntity
  8
DIM
 62
5
370
9
 48
3.0
440
16777216
100
AcDbLine
 10
1767.5668074589994
 20
644.0025692716081
 30
0.0
 11
1767.5668074589994
 21
342.00256927161536
 31
0.0
  0
LINE
  5
2D6
330
2D0
100
AcDbEntity
  8
0
  6
ByBlock
 62
0
370
-2
100
AcDbLine
 10
1771.5668074589994
 20
640.0025692716081
 30
0.0
 11
1763.5668074589994
 21
648.0025692716081
 31
0.0
  0
LINE
  5
2D7
330
2D0
100
AcDbEntity
  8
0
  6
ByBlock
 62
0
370
-2
100
AcDbLine
 10
1763.5668074589994
 20
346.00256927161536
 30
0.0
 11
1771.5668074589994
 21
338.00256927161536
 31
0.0
  0
MTEXT
  5
2D8
330
2D0
100
AcDbEntity
  8
DIM
 62
3
 48
3.0
440
16777216
100
AcDbMText
 10
1744.79395616297
 20
493.0025692716081
 30
0.0
 40
25.0
 41
0.0
 46
0.0
 71
5
  1
302
 11
1e-16
 21
1.0
 31
0.0
  0
POINT
  5
2D9
330
2D0
100
AcDbEntity
  8
Defpoints
 62
0
 48
3.0
440
16777216
100
AcDbPoint
 10
1808.5257710369897
 20
644.0025692716081
 30
0.0
  0
POINT
  5
2DA
330
2D0
100
AcDbEntity
  8
Defpoints
 62
0
 48
3.0
440
16777216
100
AcDbPoint
 10
1808.5257710370206
 20
342.00256927161536
 30
0.0
  0
POINT
  5
2DB
330
2D0
100
AcDbEntity
  8
Defpoints
 62
0
 48
3.0
440
16777216
100
AcDbPoint
 10
1767.5668074589994
 20
342.00256927161536
 30
0.0
  0
ENDBLK
  5
2D2
330
2D0
100
AcDbEntity
  8
0
100
AcDbBlockEnd
  0
BLOCK
  5
2DD
330
2DC
100
AcDbEntity
  8
0
100
AcDbBlockBegin
  2
*D25
 70
1
 10
0.0
 20
0.0
 30
0.0
  3
*D25
  1

  0
LINE
  5
2DF
330
2DC
100
AcDbEntity
  8
DIM
 62
5
370
9
 48
3.0
440
16777216
100
AcDbLine
 10
1808.5257710370206
 20
327.00256927161536
 30
0.0
 11
1808.5257710370206
 21
260.6882399873357
 31
0.0
  0
LINE
  5
2E0
330
2DC
100
AcDbEntity
  8
DIM
 62
5
370
9
 48
3.0
440
16777216
100
AcDbLine
 10
2245.5257710370406
 20
327.0025692716299
 30
0.0
 11
2245.5257710370406
 21
260.6882399873357
 31
0.0
  0
LINE
  5
2E1
330
2DC
100
AcDbEntity
  8
DIM
 62
5
370
9
 48
3.0
440
16777216
100
AcDbLine
 10
1808.5257710370206
 20
270.6882399873284
 30
0.0
 11
2245.5257710370406
 21
270.6882399873284
 31
0.0
  0
LINE
  5
2E2
330
2DC
100
AcDbEntity
  8
0
  6
ByBlock
 62
0
370
-2
100
AcDbLine
 10
1812.5257710370206
 20
274.6882399873284
 30
0.0
 11
1804.5257710370206
 21
266.6882399873284
 31
0.0
  0
LINE
  5
2E3
330
2DC
100
AcDbEntity
  8
0
  6
ByBlock
 62
0
370
-2
100
AcDbLine
 10
2241.5257710370406
 20
266.6882399873284
 30
0.0
 11
2249.5257710370406
 21
274.6882399873284
 31
0.0
  0
MTEXT
  5
2E4
330
2DC
100
AcDbEntity
  8
DIM
 62
3
 48
3.0
440
16777216
100
AcDbMText
 10
2027.0257710370297
 20
293.4610912833741
 30
0.0
 40
25.0
 41
0.0
 46
0.0
 71
5
  1
437
  0
POINT
  5
2E5
330
2DC
100
AcDbEntity
  8
Defpoints
 62
0
 48
3.0
440
16777216
100
AcDbPoint
 10
1808.5257710370206
 20
342.00256927161536
 30
0.0
  0
POINT
  5
2E6
330
2DC
100
AcDbEntity
  8
Defpoints
 62
0
 48
3.0
440
16777216
100
AcDbPoint
 10
2245.5257710370406
 20
342.0025692716299
 30
0.0
  0
POINT
  5
2E7
330
2DC
100
AcDbEntity
  8
Defpoints
 62
0
 48
3.0
440
16777216
100
AcDbPoint
 10
2245.5257710370406
 20
270.6882399873284
 30
0.0
  0
ENDBLK
  5
2DE
330
2DC
100
AcDbEntity
  8
0
100
AcDbBlockEnd
  0
BLOCK
  5
2E9
330
2E8
100
AcDbEntity
  8
0
100
AcDbBlockBegin
  2
*D26
 70
1
 10
0.0
 20
0.0
 30
0.0
  3
*D26
  1

  0
LINE
  5
2EB
330
2E8
100
AcDbEntity
  8
DIM
 62
5
370
9
440
16777216
100
AcDbLine
 10
1624.1354889013892
 20
1103.996007847607
 30
0.0
 11
1624.1354889013892
 21
1063.4150676647187
 31
0.0
  0
LINE
  5
2EC
330
2E8
100
AcDbEntity
  8
DIM
 62
5
370
9
440
16777216
100
AcDbLine
 10
2169.135488901389
 20
1103.996007847607
 30
0.0
 11
2169.135488901389
 21
1063.4150676647187
 31
0.0
  0
LINE
  5
2ED
330
2E8
100
AcDbEntity
  8
DIM
 62
5
370
9
440
16777216
100
AcDbLine
 10
1624.1354889013892
 20
1068.4150676647187
 30
0.0
 11
2169.135488901389
 21
1068.4150676647187
 31
0.0
  0
LINE
  5
2EE
330
2E8
100
AcDbEntity
  8
0
  6
ByBlock
 62
0
370
-2
100
AcDbLine
 10
1626.6354889013892
 20
1070.9150676647187
 30
0.0
 11
1621.6354889013892
 21
1065.9150676647187
 31
0.0
  0
LINE
  5
2EF
330
2E8
100
AcDbEntity
  8
0
  6
ByBlock
 62
0
370
-2
100
AcDbLine
 10
2166.635488901389
 20
1065.9150676647187
 30
0.0
 11
2171.635488901389
 21
1070.9150676647187
 31
0.0
  0
MTEXT
  5
2F0
330
2E8
100
AcDbEntity
  8
DIM
 62
3
440
16777216
100
AcDbMText
 10
1896.6354889013892
 20
1081.0429667097342
 30
0.0
 40
15.0
 41
0.0
 46
0.0
 71
5
  1
545
  0
POINT
  5
2F1
330
2E8
100
AcDbEntity
  8
Defpoints
 62
0
440
16777216
100
AcDbPoint
 10
1624.1354889013892
 20
1111.996007847607
 30
0.0
  0
POINT
  5
2F2
330
2E8
100
AcDbEntity
  8
Defpoints
 62
0
440
16777216
100
AcDbPoint
 10
2169.135488901389
 20
1111.996007847607
 30
0.0
  0
POINT
  5
2F3
330
2E8
100
AcDbEntity
  8
Defpoints
 62
0
440
16777216
100
AcDbPoint
 10
2169.135488901389
 20
1068.4150676647187
 30
0.0
  0
ENDBLK
  5
2EA
330
2E8
100
AcDbEntity
  8
0
100
AcDbBlockEnd
  0
BLOCK
  5
2F5
330
2F4
100
AcDbEntity
  8
0
100
AcDbBlockBegin
  2
*D27
 70
1
 10
0.0
 20
0.0
 30
0.0
  3
*D27
  1

  0
LINE
  5
2F7
330
2F4
100
AcDbEntity
  8
DIM
 62
5
370
9
440
16777216
100
AcDbLine
 10
1608.1354889013892
 20
1530.996007847607
 30
0.0
 11
1608.1354889013892
 21
1570.9162417358384
 31
0.0
  0
LINE
  5
2F8
330
2F4
100
AcDbEntity
  8
DIM
 62
5
370
9
440
16777216
100
AcDbLine
 10
1624.1354889013892
 20
1546.996007847607
 30
0.0
 11
1624.1354889013892
 21
1570.9162417358384
 31
0.0
  0
LINE
  5
2F9
330
2F4
100
AcDbEntity
  8
DIM
 62
5
370
9
440
16777216
100
AcDbLine
 10
1608.1354889013892
 20
1565.9162417358384
 30
0.0
 11
1624.1354889013892
 21
1565.9162417358384
 31
0.0
  0
LINE
  5
2FA
330
2F4
100
AcDbEntity
  8
DIM
 62
5
370
9
440
16777216
100
AcDbLine
 10
1624.1354889013892
 20
1565.9162417358384
 30
0.0
 11
1659.2002910842002
 21
1565.9162417358384
 31
0.0
  0
LINE
  5
2FB
330
2F4
100
AcDbEntity
  8
0
  6
ByBlock
 62
0
370
-2
100
AcDbLine
 10
1610.6354889013892
 20
1568.4162417358384
 30
0.0
 11
1605.6354889013892
 21
1563.4162417358384
 31
0.0
  0
LINE
  5
2FC
330
2F4
100
AcDbEntity
  8
0
  6
ByBlock
 62
0
370
-2
100
AcDbLine
 10
1621.6354889013892
 20
1563.4162417358384
 30
0.0
 11
1626.6354889013892
 21
1568.4162417358384
 31
0.0
  0
MTEXT
  5
2FD
330
2F4
100
AcDbEntity
  8
DIM
 62
3
440
16777216
100
AcDbMText
 10
1644.1678899927992
 20
1578.5748365516556
 30
0.0
 40
15.0
 41
0.0
 46
0.0
 71
5
  1
16
  0
POINT
  5
2FE
330
2F4
100
AcDbEntity
  8
Defpoints
 62
0
440
16777216
100
AcDbPoint
 10
1608.1354889013892
 20
1522.996007847607
 30
0.0
  0
POINT
  5
2FF
330
2F4
100
AcDbEntity
  8
Defpoints
 62
0
440
16777216
100
AcDbPoint
 10
1624.1354889013892
 20
1538.996007847607
 30
0.0
  0
POINT
  5
300
330
2F4
100
AcDbEntity
  8
Defpoints
 62
0
440
16777216
100
AcDbPoint
 10
1624.1354889013892
 20
1565.9162417358384
 30
0.0
  0
ENDBLK
  5
2F6
330
2F4
100
AcDbEntity
  8
0
100
AcDbBlockEnd
  0
BLOCK
  5
302
330
301
100
AcDbEntity
  8
0
100
AcDbBlockBegin
  2
*D28
 70
1
 10
0.0
 20
0.0
 30
0.0
  3
*D28
  1

  0
LINE
  5
304
330
301
100
AcDbEntity
  8
DIM
 62
5
370
9
 48
3.0
440
16777216
100
AcDbLine
 10
1619.1354889013892
 20
1548.9960078475851
 30
0.0
 11
1485.0945213261093
 21
1548.9960078475851
 31
0.0
  0
LINE
  5
305
330
301
100
AcDbEntity
  8
DIM
 62
5
370
9
 48
3.0
440
16777216
100
AcDbLine
 10
1619.1354889013892
 20
1101.9960078475997
 30
0.0
 11
1485.0945213261093
 21
1101.9960078475997
 31
0.0
  0
LINE
  5
306
330
301
100
AcDbEntity
  8
DIM
 62
5
370
9
 48
3.0
440
16777216
100
AcDbLine
 10
1495.0945213261093
 20
1548.9960078475851
 30
0.0
 11
1495.0945213261093
 21
1101.9960078475997
 31
0.0
  0
LINE
  5
307
330
301
100
AcDbEntity
  8
0
  6
ByBlock
 62
0
370
-2
100
AcDbLine
 10
1499.0945213261093
 20
1544.9960078475851
 30
0.0
 11
1491.0945213261093
 21
1552.9960078475851
 31
0.0
  0
LINE
  5
308
330
301
100
AcDbEntity
  8
0
  6
ByBlock
 62
0
370
-2
100
AcDbLine
 10
1491.0945213261093
 20
1105.9960078475997
 30
0.0
 11
1499.0945213261093
 21
1097.9960078475997
 31
0.0
  0
MTEXT
  5
309
330
301
100
AcDbEntity
  8
DIM
 62
3
 48
3.0
440
16777216
100
AcDbMText
 10
1472.5945213261202
 20
1325.496007847607
 30
0.0
 40
25.0
 41
0.0
 46
0.0
 71
5
  1
447
 11
1e-16
 21
1.0
 31
0.0
  0
POINT
  5
30A
330
301
100
AcDbEntity
  8
Defpoints
 62
0
 48
3.0
440
16777216
100
AcDbPoint
 10
1634.1354889013892
 20
1548.9960078475851
 30
0.0
  0
POINT
  5
30B
330
301
100
AcDbEntity
  8
Defpoints
 62
0
 48
3.0
440
16777216
100
AcDbPoint
 10
1634.1354889013892
 20
1101.9960078475997
 30
0.0
  0
POINT
  5
30C
330
301
100
AcDbEntity
  8
Defpoints
 62
0
 48
3.0
440
16777216
100
AcDbPoint
 10
1495.0945213261093
 20
1101.9960078475997
 30
0.0
  0
ENDBLK
  5
303
330
301
100
AcDbEntity
  8
0
100
AcDbBlockEnd
  0
BLOCK
  5
30E
330
30D
100
AcDbEntity
  8
0
100
AcDbBlockBegin
  2
*D29
 70
1
 10
0.0
 20
0.0
 30
0.0
  3
*D29
  1

  0
LINE
  5
310
330
30D
100
AcDbEntity
  8
DIM
 62
5
370
9
 48
3.0
440
16777216
100
AcDbLine
 10
1593.1354889013892
 20
1522.996007847607
 30
0.0
 11
1561.7149252804102
 21
1522.996007847607
 31
0.0
  0
LINE
  5
311
330
30D
100
AcDbEntity
  8
DIM
 62
5
370
9
 48
3.0
440
16777216
100
AcDbLine
 10
1593.1354889013892
 20
1127.996007847607
 30
0.0
 11
1561.7149252804102
 21
1127.996007847607
 31
0.0
  0
LINE
  5
312
330
30D
100
AcDbEntity
  8
DIM
 62
5
370
9
 48
3.0
440
16777216
100
AcDbLine
 10
1571.7149252804102
 20
1522.996007847607
 30
0.0
 11
1571.7149252804102
 21
1127.996007847607
 31
0.0
  0
LINE
  5
313
330
30D
100
AcDbEntity
  8
0
  6
ByBlock
 62
0
370
-2
100
AcDbLine
 10
1575.7149252804102
 20
1518.996007847607
 30
0.0
 11
1567.7149252804102
 21
1526.996007847607
 31
0.0
  0
LINE
  5
314
330
30D
100
AcDbEntity
  8
0
  6
ByBlock
 62
0
370
-2
100
AcDbLine
 10
1567.7149252804102
 20
1131.996007847607
 30
0.0
 11
1575.7149252804102
 21
1123.996007847607
 31
0.0
  0
MTEXT
  5
315
330
30D
100
AcDbEntity
  8
DIM
 62
3
 48
3.0
440
16777216
100
AcDbMText
 10
1548.9420739843808
 20
1325.496007847607
 30
0.0
 40
25.0
 41
0.0
 46
0.0
 71
5
  1
395
 11
1e-16
 21
1.0
 31
0.0
  0
POINT
  5
316
330
30D
100
AcDbEntity
  8
Defpoints
 62
0
 48
3.0
440
16777216
100
AcDbPoint
 10
1608.1354889013892
 20
1522.996007847607
 30
0.0
  0
POINT
  5
317
330
30D
100
AcDbEntity
  8
Defpoints
 62
0
 48
3.0
440
16777216
100
AcDbPoint
 10
1608.1354889013892
 20
1127.996007847607
 30
0.0
  0
POINT
  5
318
330
30D
100
AcDbEntity
  8
Defpoints
 62
0
 48
3.0
440
16777216
100
AcDbPoint
 10
1571.7149252804102
 20
1127.996007847607
 30
0.0
  0
ENDBLK
  5
30F
330
30D
100
AcDbEntity
  8
0
100
AcDbBlockEnd
  0
BLOCK
  5
31A
330
319
100
AcDbEntity
  8
0
100
AcDbBlockBegin
  2
*D30
 70
1
 10
0.0
 20
0.0
 30
0.0
  3
*D30
  1

  0
LINE
  5
31C
330
319
100
AcDbEntity
  8
DIM
 62
5
370
9
 48
3.0
440
16777216
100
AcDbLine
 10
1607.1203174114798
 20
949.930829843448
 30
0.0
 11
1607.1203174114798
 21
990.4187772650039
 31
0.0
  0
LINE
  5
31D
330
319
100
AcDbEntity
  8
DIM
 62
5
370
9
 48
3.0
440
16777216
100
AcDbLine
 10
1647.1203174114798
 20
949.930829843448
 30
0.0
 11
1647.1203174114798
 21
990.4187772650039
 31
0.0
  0
LINE
  5
31E
330
319
100
AcDbEntity
  8
DIM
 62
5
370
9
 48
3.0
440
16777216
100
AcDbLine
 10
1607.1203174114798
 20
980.4187772650039
 30
0.0
 11
1647.1203174114798
 21
980.4187772650039
 31
0.0
  0
LINE
  5
31F
330
319
100
AcDbEntity
  8
DIM
 62
5
370
9
 48
3.0
440
16777216
100
AcDbLine
 10
1647.1203174114798
 20
980.4187772650039
 30
0.0
 11
1711.8529231413595
 21
980.4187772650039
 31
0.0
  0
LINE
  5
320
330
319
100
AcDbEntity
  8
0
  6
ByBlock
 62
0
370
-2
100
AcDbLine
 10
1611.1203174114798
 20
984.4187772650039
 30
0.0
 11
1603.1203174114798
 21
976.4187772650039
 31
0.0
  0
LINE
  5
321
330
319
100
AcDbEntity
  8
0
  6
ByBlock
 62
0
370
-2
100
AcDbLine
 10
1643.1203174114798
 20
976.4187772650039
 30
0.0
 11
1651.1203174114798
 21
984.4187772650039
 31
0.0
  0
MTEXT
  5
322
330
319
100
AcDbEntity
  8
DIM
 62
3
 48
3.0
440
16777216
100
AcDbMText
 10
1683.4866202764206
 20
1003.1831019580568
 30
0.0
 40
25.0
 41
0.0
 46
0.0
 71
5
  1
40
  0
POINT
  5
323
330
319
100
AcDbEntity
  8
Defpoints
 62
0
 48
3.0
440
16777216
100
AcDbPoint
 10
1607.1203174114798
 20
934.930829843448
 30
0.0
  0
POINT
  5
324
330
319
100
AcDbEntity
  8
Defpoints
 62
0
 48
3.0
440
16777216
100
AcDbPoint
 10
1647.1203174114798
 20
934.930829843448
 30
0.0
  0
POINT
  5
325
330
319
100
AcDbEntity
  8
Defpoints
 62
0
 48
3.0
440
16777216
100
AcDbPoint
 10
1647.1203174114798
 20
980.4187772650039
 30
0.0
  0
ENDBLK
  5
31B
330
319
100
AcDbEntity
  8
0
100
AcDbBlockEnd
  0
BLOCK
  5
327
330
326
100
AcDbEntity
  8
0
100
AcDbBlockBegin
  2
*D31
 70
1
 10
0.0
 20
0.0
 30
0.0
  3
*D31
  1

  0
LINE
  5
329
330
326
100
AcDbEntity
  8
DIM
 62
5
370
9
 48
3.0
440
16777216
100
AcDbLine
 10
1592.1203174114798
 20
934.930829843448
 30
0.0
 11
1530.5569107850806
 21
934.930829843448
 31
0.0
  0
LINE
  5
32A
330
326
100
AcDbEntity
  8
DIM
 62
5
370
9
 48
3.0
440
16777216
100
AcDbLine
 10
1592.1203174114798
 20
844.930829843448
 30
0.0
 11
1530.5569107850806
 21
844.930829843448
 31
0.0
  0
LINE
  5
32B
330
326
100
AcDbEntity
  8
DIM
 62
5
370
9
 48
3.0
440
16777216
100
AcDbLine
 10
1540.5569107850806
 20
934.930829843448
 30
0.0
 11
1540.5569107850806
 21
844.930829843448
 31
0.0
  0
LINE
  5
32C
330
326
100
AcDbEntity
  8
0
  6
ByBlock
 62
0
370
-2
100
AcDbLine
 10
1544.5569107850806
 20
930.930829843448
 30
0.0
 11
1536.5569107850806
 21
938.930829843448
 31
0.0
  0
LINE
  5
32D
330
326
100
AcDbEntity
  8
0
  6
ByBlock
 62
0
370
-2
100
AcDbLine
 10
1536.5569107850806
 20
848.930829843448
 30
0.0
 11
1544.5569107850806
 21
840.930829843448
 31
0.0
  0
MTEXT
  5
32E
330
326
100
AcDbEntity
  8
DIM
 62
3
 48
3.0
440
16777216
100
AcDbMText
 10
1517.7925860920404
 20
889.930829843448
 30
0.0
 40
25.0
 41
0.0
 46
0.0
 71
5
  1
90
 11
1e-16
 21
1.0
 31
0.0
  0
POINT
  5
32F
330
326
100
AcDbEntity
  8
Defpoints
 62
0
 48
3.0
440
16777216
100
AcDbPoint
 10
1607.1203174114798
 20
934.930829843448
 30
0.0
  0
POINT
  5
330
330
326
100
AcDbEntity
  8
Defpoints
 62
0
 48
3.0
440
16777216
100
AcDbPoint
 10
1607.1203174114798
 20
844.930829843448
 30
0.0
  0
POINT
  5
331
330
326
100
AcDbEntity
  8
Defpoints
 62
0
 48
3.0
440
16777216
100
AcDbPoint
 10
1540.5569107850806
 20
844.930829843448
 30
0.0
  0
ENDBLK
  5
328
330
326
100
AcDbEntity
  8
0
100
AcDbBlockEnd
  0
ENDSEC
  0
SECTION
  2
ENTITIES
  0
INSERT
  5
2F
330
17
100
AcDbEntity
  8
0
 62
7
100
AcDbBlockReference
 66
1
  2
khungtenAsean2
 10
0.0
 20
1680.0000000006403
 30
0.0
 41
0.8000000000001818
 42
0.8000000000001818
 43
0.8000000000001818
  0
ATTRIB
  5
30
330
2F
100
AcDbEntity
  8
0
 62
1
100
AcDbText
 10
2307.0113703565003
 20
26.12175991676486
 30
0.0
 40
20.0
  1
......
  7
Tahoma (Input Text)
 72
1
 11
2331.9945805647003
 21
26.12175991676486
 31
0.0
100
AcDbAttribute
  2
#11
 70
0
 71
1
 72
0
 11
2331.9945805647003
 21
26.12175991676486
 31
0.0
  0
ATTRIB
  5
31
330
2F
100
AcDbEntity
  8
0
 62
1
100
AcDbText
 10
1717.3735819899703
 20
62.97983064704749
 30
0.0
 40
20.0
  1
......
  7
Tahoma (Input Text)
100
AcDbAttribute
  2
#09
 70
0
 71
1
 72
0
  0
ATTRIB
  5
32
330
2F
100
AcDbEntity
  8
0
 62
1
100
AcDbText
 10
1717.3735819899703
 20
14.979830647047493
 30
0.0
 40
20.0
  1
......
  7
Tahoma (Input Text)
100
AcDbAttribute
  2
#10
 70
0
 71
1
 72
0
  0
ATTRIB
  5
33
330
2F
100
AcDbEntity
  8
0
 62
1
100
AcDbText
 10
1453.958212586671
 20
14.979830647047493
 30
0.0
 40
20.0
  1
......
  7
Tahoma (Input Text)
100
AcDbAttribute
  2
#08
 70
0
 71
1
 72
0
  0
ATTRIB
  5
34
330
2F
100
AcDbEntity
  8
0
 62
1
100
AcDbText
 10
1467.7452082604505
 20
62.97983064704749
 30
0.0
 40
20.0
  1
......
  7
Tahoma (Input Text)
100
AcDbAttribute
  2
#07
 70
0
 71
1
 72
0
  0
ATTRIB
  5
35
330
2F
100
AcDbEntity
  8
0
 62
1
100
AcDbText
 10
852.2647113149196
 20
14.979830647047493
 30
0.0
 40
20.0
  1
......
  7
Tahoma (Input Text)
100
AcDbAttribute
  2
#06
 70
0
 71
1
 72
0
  0
ATTRIB
  5
36
330
2F
100
AcDbEntity
  8
0
 62
1
100
AcDbText
 10
885.3025416977307
 20
62.97983064704749
 30
0.0
 40
20.0
  1
......
  7
Tahoma (Input Text)
100
AcDbAttribute
  2
#05
 70
0
 71
1
 72
0
  0
ATTRIB
  5
37
330
2F
100
AcDbEntity
  8
0
 62
1
100
AcDbText
 10
388.8840216044009
 20
14.979830647047493
 30
0.0
 40
20.0
  1
......
  7
Tahoma (Input Text)
100
AcDbAttribute
  2
#04
 70
0
 71
1
 72
0
  0
ATTRIB
  5
38
330
2F
100
AcDbEntity
  8
0
 62
1
100
AcDbText
 10
405.25659915737015
 20
64.55871960887453
 30
0.0
 40
20.0
  1
......
  7
Tahoma (Input Text)
100
AcDbAttribute
  2
#03
 70
0
 71
1
 72
0
  0
ATTRIB
  5
39
330
2F
100
AcDbEntity
  8
0
 62
1
100
AcDbText
 10
78.76537960254063
 20
14.979830647047493
 30
0.0
 40
20.0
  1
......
  7
Tahoma (Input Text)
100
AcDbAttribute
  2
#02
 70
0
 71
1
 72
0
  0
ATTRIB
  5
3A
330
2F
100
AcDbEntity
  8
0
 62
1
100
AcDbText
 10
109.64280627001062
 20
62.97983064704749
 30
0.0
 40
20.0
  1
......
  7
Tahoma (Input Text)
100
AcDbAttribute
  2
#01
 70
0
 71
1
 72
0
  0
SEQEND
  5
3B
330
17
100
AcDbEntity
  8
0
 62
7
  0
LWPOLYLINE
  5
3C
330
17
100
AcDbEntity
  8
0
 62
7
100
AcDbPolyline
 90
4
 70
0
 10
1285.2749496052202
 20
1503.996007847607
 10
1297.2749496052202
 20
1503.996007847607
 10
1297.2749496052202
 20
1146.996007847607
 10
1285.2749496052202
 20
1146.996007847607
  0
LWPOLYLINE
  5
3D
330
17
100
AcDbEntity
  8
0
 62
7
100
AcDbPolyline
 90
2
 70
0
 10
1265.2749496052202
 20
1126.996007847607
 10
264.2749496052202
 20
1126.996007847607
  0
LWPOLYLINE
  5
3E
330
17
100
AcDbEntity
  8
0
 62
7
100
AcDbPolyline
 90
4
 70
0
 10
244.27494960522017
 20
1146.996007847607
 10
232.27494960522017
 20
1146.996007847607
 10
232.27494960522017
 20
1503.996007847607
 10
244.27494960522017
 20
1503.996007847607
  0
LWPOLYLINE
  5
3F
330
17
100
AcDbEntity
  8
0
 62
7
100
AcDbPolyline
 90
2
 70
0
 10
264.2749496052202
 20
1523.996007847607
 10
1265.2749496052202
 20
1523.996007847607
  0
LINE
  5
40
330
17
100
AcDbEntity
  8
0
 62
7
100
AcDbLine
 10
1285.2749496052202
 20
1503.996007847607
 30
0.0
 11
1285.2749496052202
 21
1146.996007847607
 31
0.0
  0
LINE
  5
41
330
17
100
AcDbEntity
  8
0
 62
7
100
AcDbLine
 10
1265.2749496052202
 20
1523.996007847607
 30
0.0
 11
1265.2749496052202
 21
1126.996007847607
 31
0.0
  0
LINE
  5
42
330
17
100
AcDbEntity
  8
0
 62
7
100
AcDbLine
 10
1038.2749496052202
 20
1523.996007847607
 30
0.0
 11
1038.2749496052202
 21
1126.996007847607
 31
0.0
  0
LINE
  5
43
330
17
100
AcDbEntity
  8
0
 62
7
100
AcDbLine
 10
244.27494960522017
 20
1503.996007847607
 30
0.0
 11
244.27494960522017
 21
1146.996007847607
 31
0.0
  0
LINE
  5
44
330
17
100
AcDbEntity
  8
0
 62
7
100
AcDbLine
 10
264.2749496052202
 20
1523.996007847607
 30
0.0
 11
264.2749496052202
 21
1126.996007847607
 31
0.0
  0
LINE
  5
45
330
17
100
AcDbEntity
  8
0
 62
7
100
AcDbLine
 10
491.2749496052202
 20
1523.996007847607
 30
0.0
 11
491.2749496052202
 21
1126.996007847607
 31
0.0
  0
DIMENSION
  5
46
330
17
100
AcDbEntity
  8
DIM
 62
7
100
AcDbDimension
280
0
  2
*D1
  3
Dim-25
 10
1339.4216512398707
 20
1126.996007847607
 30
0.0
 11
1316.6487999438395
 21
1325.496007847607
 31
0.0
 70
32
 71
5
 42
397.0
 73
0
 74
0
 75
0
100
AcDbAlignedDimension
 13
1265.2749496052202
 23
1523.996007847607
 33
0.0
 14
1265.2749496052202
 24
1126.996007847607
 34
0.0
 50
90.0
100
AcDbRotatedDimension
  0
DIMENSION
  5
4B
330
17
100
AcDbEntity
  8
DIM
 62
7
100
AcDbDimension
280
0
  2
*D2
  3
Dim-25
 10
1038.2749496052202
 20
1556.1307949143666
 30
0.0
 11
764.7749496052202
 21
1578.8439599894045
 31
0.0
 70
32
 71
5
 42
547.0
 73
0
 74
0
 75
0
100
AcDbAlignedDimension
 13
491.2749496052202
 23
1523.996007847607
 33
0.0
 14
1038.2749496052202
 24
1523.996007847607
 34
0.0
 50
0.0
100
AcDbRotatedDimension
  0
DIMENSION
  5
4C
330
17
100
AcDbEntity
  8
DIM
 62
7
100
AcDbDimension
280
0
  2
*D3
  3
Dim-25
 10
1265.2749496052202
 20
1556.1307949143666
 30
0.0
 11
1151.7749496052202
 21
1556.1307949143666
 31
0.0
 70
160
 71
5
 42
227.0
 73
0
 74
0
 75
0
100
AcDbAlignedDimension
 13
1038.2749496052202
 23
1523.996007847607
 33
0.0
 14
1265.2749496052202
 24
1523.996007847607
 34
0.0
 50
0.0
100
AcDbRotatedDimension
  0
DIMENSION
  5
4D
330
17
100
AcDbEntity
  8
DIM
 62
7
100
AcDbDimension
280
0
  2
*D4
  3
Dim-25
 10
1285.2749496052202
 20
1556.1307949143666
 30
0.0
 11
1275.2749496052202
 21
1556.1307949143666
 31
0.0
 70
160
 71
5
 42
20.0
 73
0
 74
0
 75
0
100
AcDbAlignedDimension
 13
1265.2749496052202
 23
1523.996007847607
 33
0.0
 14
1285.2749496052202
 24
1503.996007847607
 34
0.0
 50
0.0
100
AcDbRotatedDimension
  0
DIMENSION
  5
4E
330
17
100
AcDbEntity
  8
DIM
 62
7
100
AcDbDimension
280
0
  2
*D5
  3
Dim-25
 10
1297.2749496052202
 20
1556.1307949143666
 30
0.0
 11
1339.8762456488694
 21
1578.6819545323742
 31
0.0
 70
32
 71
5
 42
12.0
 73
0
 74
0
 75
0
100
AcDbAlignedDimension
 13
1285.2749496052202
 23
1503.996007847607
 33
0.0
 14
1297.2749496052202
 24
1503.996007847607
 34
0.0
 50
0.0
100
AcDbRotatedDimension
  0
DIMENSION
  5
4F
330
17
100
AcDbEntity
  8
DIM
 62
7
100
AcDbDimension
280
0
  2
*D6
  3
Dim-25
 10
264.2749496052202
 20
1556.1307949143666
 30
0.0
 11
377.7749496052202
 21
1556.1307949143666
 31
0.0
 70
160
 71
5
 42
227.0
 73
0
 74
0
 75
0
100
AcDbAlignedDimension
 13
491.2749496052202
 23
1523.996007847607
 33
0.0
 14
264.2749496052202
 24
1523.996007847607
 34
0.0
 50
180.0
100
AcDbRotatedDimension
  0
DIMENSION
  5
50
330
17
100
AcDbEntity
  8
DIM
 62
7
100
AcDbDimension
280
0
  2
*D7
  3
Dim-25
 10
244.27494960522017
 20
1556.1307949143666
 30
0.0
 11
254.27494960522017
 21
1556.1307949143666
 31
0.0
 70
160
 71
5
 42
20.0
 73
0
 74
0
 75
0
100
AcDbAlignedDimension
 13
264.2749496052202
 23
1523.996007847607
 33
0.0
 14
244.27494960522017
 24
1503.996007847607
 34
0.0
 50
180.0
100
AcDbRotatedDimension
  0
DIMENSION
  5
51
330
17
100
AcDbEntity
  8
DIM
 62
7
100
AcDbDimension
280
0
  2
*D8
  3
Dim-25
 10
232.27494960522017
 20
1556.1307949143666
 30
0.0
 11
189.67365356156006
 21
1578.6819545323742
 31
0.0
 70
32
 71
5
 42
12.0
 73
0
 74
0
 75
0
100
AcDbAlignedDimension
 13
244.27494960522017
 23
1503.996007847607
 33
0.0
 14
232.27494960522017
 24
1503.996007847607
 34
0.0
 50
180.0
100
AcDbRotatedDimension
  0
LINE
  5
52
330
17
100
AcDbEntity
  8
0
 62
7
100
AcDbLine
 10
244.27494960522017
 20
1503.996007847607
 30
0.0
 11
264.2749496052202
 21
1523.996007847607
 31
0.0
  0
LINE
  5
53
330
17
100
AcDbEntity
  8
0
 62
7
100
AcDbLine
 10
244.27494960522017
 20
1146.996007847607
 30
0.0
 11
264.2749496052202
 21
1126.996007847607
 31
0.0
  0
LINE
  5
54
330
17
100
AcDbEntity
  8
0
 62
7
100
AcDbLine
 10
1265.2749496052202
 20
1126.996007847607
 30
0.0
 11
1285.2749496052202
 21
1146.996007847607
 31
0.0
  0
LINE
  5
55
330
17
100
AcDbEntity
  8
0
 62
7
100
AcDbLine
 10
1265.2749496052202
 20
1523.996007847607
 30
0.0
 11
1285.2749496052202
 21
1503.996007847607
 31
0.0
  0
DIMENSION
  5
56
330
17
100
AcDbEntity
  8
DIM
 62
7
100
AcDbDimension
280
0
  2
*D9
  3
Dim-25
 10
1297.2749496052202
 20
1077.2239355994461
 30
0.0
 11
764.7749496052202
 21
1099.9882602924845
 31
0.0
 70
32
 71
5
 42
1065.0
 73
0
 74
0
 75
0
100
AcDbAlignedDimension
 13
232.27494960522017
 23
1146.996007847607
 33
0.0
 14
1297.2749496052202
 24
1146.996007847607
 34
0.0
 50
0.0
100
AcDbRotatedDimension
  0
INSERT
  5
57
330
17
100
AcDbEntity
  8
0
370
-3
100
AcDbBlockReference
  2
f3daunguoc
 10
264.2749496052202
 20
1508.996007847607
 30
0.0
 41
-1.0
 50
180.0
  0
INSERT
  5
59
330
17
100
AcDbEntity
  8
0
370
-3
100
AcDbBlockReference
  2
f3daunguoc
 10
244.27494960522017
 20
1488.996007847607
 30
0.0
 41
-1.0
 50
180.0
  0
INSERT
  5
5B
330
17
100
AcDbEntity
  8
0
370
-3
100
AcDbBlockReference
  2
f3daunguoc
 10
491.2749496052202
 20
1508.996007847607
 30
0.0
 41
-1.0
 50
180.0
  0
INSERT
  5
5D
330
17
100
AcDbEntity
  8
0
370
-3
100
AcDbBlockReference
  2
f3daunguoc
 10
1038.2749496052202
 20
1508.996007847607
 30
0.0
 41
-1.0
 50
180.0
  0
INSERT
  5
5F
330
17
100
AcDbEntity
  8
0
370
-3
100
AcDbBlockReference
  2
f3daunguoc
 10
1265.2749496052202
 20
1508.996007847607
 30
0.0
 41
-1.0
 50
180.0
  0
INSERT
  5
61
330
17
100
AcDbEntity
  8
0
370
-3
100
AcDbBlockReference
  2
f3daunguoc
 10
1285.2749496052202
 20
1488.996007847607
 30
0.0
 41
-1.0
 50
180.0
  0
INSERT
  5
63
330
17
100
AcDbEntity
  8
0
370
-3
100
AcDbBlockReference
  2
f3daunguoc
 10
264.2749496052202
 20
1141.996007847607
 30
0.0
  0
INSERT
  5
65
330
17
100
AcDbEntity
  8
0
370
-3
100
AcDbBlockReference
  2
f3daunguoc
 10
244.27494960522017
 20
1161.996007847607
 30
0.0
  0
INSERT
  5
67
330
17
100
AcDbEntity
  8
0
370
-3
100
AcDbBlockReference
  2
f3daunguoc
 10
491.2749496052202
 20
1141.996007847607
 30
0.0
  0
INSERT
  5
69
330
17
100
AcDbEntity
  8
0
370
-3
100
AcDbBlockReference
  2
f3daunguoc
 10
1038.2749496052202
 20
1141.996007847607
 30
0.0
  0
INSERT
  5
6B
330
17
100
AcDbEntity
  8
0
370
-3
100
AcDbBlockReference
  2
f3daunguoc
 10
1265.2749496052202
 20
1141.996007847607
 30
0.0
  0
INSERT
  5
6D
330
17
100
AcDbEntity
  8
0
370
-3
100
AcDbBlockReference
  2
f3daunguoc
 10
1285.2749496052202
 20
1161.996007847607
 30
0.0
  0
LWPOLYLINE
  5
6F
330
17
100
AcDbEntity
  8
0
 62
2
100
AcDbPolyline
 90
6
 70
1
 10
345.7749496052202
 20
1423.4960078475997
 10
409.7749496052202
 20
1423.4960078475997
 42
-0.4142135623730951
 10
417.77494960522927
 20
1415.4960078475997
 10
417.77494960522927
 20
1412.496007847607
 10
337.7749496052202
 20
1412.496007847607
 10
337.7749496052202
 20
1415.4960078475997
 42
-0.4142135623730951
  0
LWPOLYLINE
  5
70
330
17
100
AcDbEntity
  8
0
 62
2
100
AcDbPolyline
 90
6
 70
1
 10
345.7749496052202
 20
1392.4960078475997
 10
409.7749496052202
 20
1392.4960078475997
 42
-0.4142135623730951
 10
417.77494960522927
 20
1384.4960078475997
 10
417.77494960522927
 20
1381.4960078475997
 10
337.7749496052202
 20
1381.4960078475997
 10
337.7749496052202
 20
1384.4960078475997
 42
-0.4142135623730951
  0
LWPOLYLINE
  5
71
330
17
100
AcDbEntity
  8
0
 62
2
100
AcDbPolyline
 90
6
 70
1
 10
345.7749496052202
 20
1361.4960078475997
 10
409.7749496052202
 20
1361.4960078475997
 42
-0.4142135623730951
 10
417.77494960522927
 20
1353.4960078475997
 10
417.77494960522927
 20
1350.4960078475997
 10
337.7749496052202
 20
1350.4960078475997
 10
337.7749496052202
 20
1353.4960078475997
 42
-0.4142135623730951
  0
LWPOLYLINE
  5
72
330
17
100
AcDbEntity
  8
0
 62
2
100
AcDbPolyline
 90
6
 70
1
 10
345.7749496052202
 20
1330.496007847607
 10
409.7749496052202
 20
1330.496007847607
 42
-0.4142135623730951
 10
417.77494960522927
 20
1322.496007847607
 10
417.77494960522927
 20
1319.4960078475997
 10
337.7749496052202
 20
1319.4960078475997
 10
337.7749496052202
 20
1322.496007847607
 42
-0.4142135623730951
  0
LWPOLYLINE
  5
73
330
17
100
AcDbEntity
  8
0
 62
2
100
AcDbPolyline
 90
6
 70
1
 10
345.7749496052202
 20
1299.496007847607
 10
409.7749496052202
 20
1299.496007847607
 42
-0.4142135623730951
 10
417.77494960522927
 20
1291.496007847607
 10
417.77494960522927
 20
1288.496007847607
 10
337.7749496052202
 20
1288.496007847607
 10
337.7749496052202
 20
1291.496007847607
 42
-0.4142135623730951
  0
LWPOLYLINE
  5
74
330
17
100
AcDbEntity
  8
0
 62
2
100
AcDbPolyline
 90
6
 70
1
 10
1183.7749496052202
 20
1423.4960078475997
 10
1119.7749496052202
 20
1423.4960078475997
 42
0.4142135623730951
 10
1111.7749496052002
 20
1415.4960078475997
 10
1111.7749496052002
 20
1412.496007847607
 10
1191.7749496052202
 20
1412.496007847607
 10
1191.7749496052202
 20
1415.4960078475997
 42
0.4142135623730951
  0
LWPOLYLINE
  5
75
330
17
100
AcDbEntity
  8
0
 62
2
100
AcDbPolyline
 90
6
 70
1
 10
1183.7749496052202
 20
1392.4960078475997
 10
1119.7749496052202
 20
1392.4960078475997
 42
0.4142135623730951
 10
1111.7749496052002
 20
1384.4960078475997
 10
1111.7749496052002
 20
1381.4960078475997
 10
1191.7749496052202
 20
1381.4960078475997
 10
1191.7749496052202
 20
1384.4960078475997
 42
0.4142135623730951
  0
LWPOLYLINE
  5
76
330
17
100
AcDbEntity
  8
0
 62
2
100
AcDbPolyline
 90
6
 70
1
 10
1183.7749496052202
 20
1361.4960078475997
 10
1119.7749496052202
 20
1361.4960078475997
 42
0.4142135623730951
 10
1111.7749496052002
 20
1353.4960078475997
 10
1111.7749496052002
 20
1350.4960078475997
 10
1191.7749496052202
 20
1350.4960078475997
 10
1191.7749496052202
 20
1353.4960078475997
 42
0.4142135623730951
  0
LWPOLYLINE
  5
77
330
17
100
AcDbEntity
  8
0
 62
2
100
AcDbPolyline
 90
6
 70
1
 10
1183.7749496052202
 20
1330.496007847607
 10
1119.7749496052202
 20
1330.496007847607
 42
0.4142135623730951
 10
1111.7749496052002
 20
1322.496007847607
 10
1111.7749496052002
 20
1319.4960078475997
 10
1191.7749496052202
 20
1319.4960078475997
 10
1191.7749496052202
 20
1322.496007847607
 42
0.4142135623730951
  0
LWPOLYLINE
  5
78
330
17
100
AcDbEntity
  8
0
 62
2
100
AcDbPolyline
 90
6
 70
1
 10
1183.7749496052202
 20
1299.496007847607
 10
1119.7749496052202
 20
1299.496007847607
 42
0.4142135623730951
 10
1111.7749496052002
 20
1291.496007847607
 10
1111.7749496052002
 20
1288.496007847607
 10
1191.7749496052202
 20
1288.496007847607
 10
1191.7749496052202
 20
1291.496007847607
 42
0.4142135623730951
  0
LWPOLYLINE
  5
79
330
17
100
AcDbEntity
  8
0
 62
2
100
AcDbPolyline
 90
4
 70
1
 10
263.2749496052202
 20
1449.9960078475997
 10
250.27494960522927
 20
1449.9960078475997
 10
250.27494960522927
 20
1440.996007847607
 10
263.2749496052202
 20
1440.996007847607
  0
LWPOLYLINE
  5
7A
330
17
100
AcDbEntity
  8
0
 62
2
100
AcDbPolyline
 90
4
 70
1
 10
263.2749496052202
 20
1200.9960078476142
 10
250.27494960522927
 20
1200.9960078476142
 10
250.27494960522927
 20
1209.9960078475997
 10
263.2749496052202
 20
1209.9960078475997
  0
CIRCLE
  5
7B
330
17
100
AcDbEntity
  8
0
 62
2
100
AcDbCircle
 10
994.7749496052202
 20
1483.4960078475997
 30
0.0
 40
1.5
  0
CIRCLE
  5
7C
330
17
100
AcDbEntity
  8
0
 62
2
100
AcDbCircle
 10
534.7749496052202
 20
1483.4960078475997
 30
0.0
 40
1.5
  0
CIRCLE
  5
7D
330
17
100
AcDbEntity
  8
0
 62
2
100
AcDbCircle
 10
994.7749496052202
 20
1167.4960078475997
 30
0.0
 40
1.5
  0
CIRCLE
  5
7E
330
17
100
AcDbEntity
  8
0
 62
2
100
AcDbCircle
 10
534.7749496052202
 20
1167.4960078475997
 30
0.0
 40
1.5
  0
CIRCLE
  5
7F
330
17
100
AcDbEntity
  8
0
 62
2
 48
3.0
100
AcDbCircle
 10
529.7749496052202
 20
1510.4960078475997
 30
0.0
 40
4.0
  0
CIRCLE
  5
80
330
17
100
AcDbEntity
  8
0
 62
2
 48
3.0
100
AcDbCircle
 10
999.7749496052202
 20
1510.4960078475997
 30
0.0
 40
4.0
  0
CIRCLE
  5
81
330
17
100
AcDbEntity
  8
0
 62
2
 48
3.0
100
AcDbCircle
 10
529.7749496052202
 20
1140.4960078475997
 30
0.0
 40
4.0
  0
CIRCLE
  5
82
330
17
100
AcDbEntity
  8
0
 62
2
 48
3.0
100
AcDbCircle
 10
999.7749496052202
 20
1140.4960078475997
 30
0.0
 40
4.0
  0
LWPOLYLINE
  5
83
330
17
100
AcDbEntity
  8
0
 62
7
100
AcDbPolyline
 90
4
 70
0
 10
680.9232372962797
 20
610.2811596932952
 10
680.9232372962797
 20
598.2811596932879
 10
170.9232372962797
 20
598.2811596932879
 10
170.9232372962797
 20
610.2811596932952
  0
LWPOLYLINE
  5
84
330
17
100
AcDbEntity
  8
0
 62
7
100
AcDbPolyline
 90
2
 70
0
 10
150.9232372962797
 20
630.2811596932879
 10
150.9232372962797
 20
858.2811596932952
  0
LINE
  5
85
330
17
100
AcDbEntity
  8
0
 62
7
100
AcDbLine
 10
170.9232372962797
 20
610.2811596932952
 30
0.0
 11
680.9232372962797
 21
610.2811596932952
 31
0.0
  0
LINE
  5
86
330
17
100
AcDbEntity
  8
0
 62
7
100
AcDbLine
 10
150.9232372962797
 20
630.2811596932879
 30
0.0
 11
700.9232372962797
 21
630.2811596932879
 31
0.0
  0
LINE
  5
87
330
17
100
AcDbEntity
  8
0
 62
7
100
AcDbLine
 10
150.9232372962797
 20
858.2811596932952
 30
0.0
 11
700.9232372962797
 21
858.2811596932952
 31
0.0
  0
DIMENSION
  5
88
330
17
100
AcDbEntity
  8
DIM
 62
7
100
AcDbDimension
280
0
  2
*D10
  3
Dim-25
 10
118.78845022948008
 20
630.2811596932879
 30
0.0
 11
118.78845022950009
 21
744.2811596932952
 31
0.0
 70
160
 71
5
 42
228.0
 73
0
 74
0
 75
0
100
AcDbAlignedDimension
 13
150.9232372962797
 23
858.2811596932952
 33
0.0
 14
150.9232372962797
 24
630.2811596932879
 34
0.0
 50
-90.00000000000001
100
AcDbRotatedDimension
  0
DIMENSION
  5
89
330
17
100
AcDbEntity
  8
DIM
 62
7
100
AcDbDimension
280
0
  2
*D11
  3
Dim-25
 10
118.78845022950009
 20
610.2811596932952
 30
0.0
 11
118.78845022950918
 21
620.2811596932879
 31
0.0
 70
160
 71
5
 42
20.0
 73
0
 74
0
 75
0
100
AcDbAlignedDimension
 13
150.9232372962797
 23
630.2811596932879
 33
0.0
 14
170.9232372962797
 24
610.2811596932952
 34
0.0
 50
-90.00000000000001
100
AcDbRotatedDimension
  0
DIMENSION
  5
8A
330
17
100
AcDbEntity
  8
DIM
 62
7
100
AcDbDimension
280
0
  2
*D12
  3
Dim-25
 10
118.78845022950918
 20
598.2811596932879
 30
0.0
 11
96.23729061151062
 21
555.6798636496387
 31
0.0
 70
32
 71
5
 42
12.0
 73
0
 74
0
 75
0
100
AcDbAlignedDimension
 13
170.9232372962797
 23
610.2811596932952
 33
0.0
 14
170.9232372962797
 24
598.2811596932879
 34
0.0
 50
-90.00000000000001
100
AcDbRotatedDimension
  0
LINE
  5
8B
330
17
100
AcDbEntity
  8
0
 62
7
100
AcDbLine
 10
170.9232372962797
 20
610.2811596932952
 30
0.0
 11
150.9232372962797
 21
630.2811596932879
 31
0.0
  0
LINE
  5
8C
330
17
100
AcDbEntity
  8
0
 62
7
100
AcDbLine
 10
680.9232372962797
 20
610.2811596932952
 30
0.0
 11
700.9232372962797
 21
630.2811596932879
 31
0.0
  0
INSERT
  5
8D
330
17
100
AcDbEntity
  8
0
370
-3
100
AcDbBlockReference
  2
f3daunguoc
 10
165.9232372962797
 20
630.2811596932879
 30
0.0
 41
-1.0
 50
270.0
  0
INSERT
  5
8F
330
17
100
AcDbEntity
  8
0
370
-3
100
AcDbBlockReference
  2
f3daunguoc
 10
185.9232372962797
 20
610.2811596932952
 30
0.0
 41
-1.0
 50
270.0
  0
INSERT
  5
91
330
17
100
AcDbEntity
  8
0
370
-3
100
AcDbBlockReference
  2
f3daunguoc
 10
685.9232372962797
 20
630.2811596932879
 30
0.0
 50
90.0
  0
INSERT
  5
93
330
17
100
AcDbEntity
  8
0
370
-3
100
AcDbBlockReference
  2
f3daunguoc
 10
665.9232372962797
 20
610.2811596932952
 30
0.0
 50
90.0
  0
LWPOLYLINE
  5
95
330
17
100
AcDbEntity
  8
0
 62
7
100
AcDbPolyline
 90
2
 70
0
 10
700.9232372962797
 20
858.2811596932952
 10
700.9232372962797
 20
630.2811596932879
  0
DIMENSION
  5
96
330
17
100
AcDbEntity
  8
DIM
 62
7
 48
3.0
100
AcDbDimension
280
0
  2
*D13
  3
Dim-25
 10
700.9232372962797
 20
941.1065163157473
 30
0.0
 11
425.9232372962797
 21
963.8708410088002
 31
0.0
 70
32
 71
5
 42
550.0
 73
0
 74
0
 75
0
100
AcDbAlignedDimension
 13
150.9232372962797
 23
858.2811596932952
 33
0.0
 14
700.9232372962797
 24
858.2811596932952
 34
0.0
 50
180.0
100
AcDbRotatedDimension
  0
LWPOLYLINE
  5
97
330
17
100
AcDbEntity
  8
0
 62
2
100
AcDbPolyline
 90
4
 70
1
 10
300.9232372962797
 20
818.2811596932879
 10
550.9232372962797
 20
818.2811596932879
 10
550.9232372962797
 20
718.2811596932879
 10
300.9232372962797
 20
718.2811596932879
  0
LWPOLYLINE
  5
98
330
17
100
AcDbEntity
  8
0
 62
7
100
AcDbPolyline
 90
4
 70
1
 10
144.47301414375033
 20
353.850638098178
 10
434.47301414375033
 20
353.850638098178
 10
434.47301414375033
 20
233.85063809816347
 10
144.47301414375033
 20
233.85063809816347
  0
LWPOLYLINE
  5
99
330
17
100
AcDbEntity
  8
0
 62
2
100
AcDbPolyline
 90
4
 70
1
 10
555.6732372962797
 20
763.7811596932879
 10
564.6732372962797
 20
763.7811596932879
 10
564.6732372962797
 20
772.7811596932879
 10
555.6732372962797
 20
772.7811596932879
  0
LWPOLYLINE
  5
9A
330
17
100
AcDbEntity
  8
0
 62
2
100
AcDbPolyline
 90
4
 70
1
 10
296.1732372962797
 20
763.7811596932879
 10
287.1732372962797
 20
763.7811596932879
 10
287.1732372962797
 20
772.7811596932879
 10
296.1732372962797
 20
772.7811596932879
  0
CIRCLE
  5
9B
330
17
100
AcDbEntity
  8
0
 62
7
100
AcDbCircle
 10
423.72301414375033
 20
293.850638098178
 30
0.0
 40
4.0
  0
CIRCLE
  5
9C
330
17
100
AcDbEntity
  8
0
 62
7
100
AcDbCircle
 10
155.22301414375033
 20
293.850638098178
 30
0.0
 40
4.0
  0
DIMENSION
  5
9D
330
17
100
AcDbEntity
  8
DIM
 62
7
 48
3.0
100
AcDbDimension
280
0
  2
*D14
  3
Dim-25
 10
434.47301414375033
 20
394.38607293993846
 30
0.0
 11
289.47301414375033
 21
417.1503976329841
 31
0.0
 70
32
 71
5
 42
290.0
 73
0
 74
0
 75
0
100
AcDbAlignedDimension
 13
144.47301414375033
 23
353.850638098178
 33
0.0
 14
434.47301414375033
 24
353.850638098178
 34
0.0
 50
0.0
100
AcDbRotatedDimension
  0
DIMENSION
  5
9E
330
17
100
AcDbEntity
  8
DIM
 62
7
 48
3.0
100
AcDbDimension
280
0
  2
*D15
  3
Dim-25
 10
536.9307523785301
 20
353.850638098178
 30
0.0
 11
514.1664276854899
 21
293.850638098178
 31
0.0
 70
32
 71
5
 42
120.0
 73
0
 74
0
 75
0
100
AcDbAlignedDimension
 13
434.47301414375033
 23
233.85063809816347
 33
0.0
 14
434.47301414375033
 24
353.850638098178
 34
0.0
 50
90.0
100
AcDbRotatedDimension
  0
LWPOLYLINE
  5
9F
330
17
100
AcDbEntity
  8
0
 62
7
100
AcDbPolyline
 90
4
 70
1
 10
917.1157650749792
 20
689.0765832883262
 10
1414.1157650749792
 20
689.0765832883262
 10
1414.1157650749792
 20
346.0765832883262
 10
917.1157650749792
 20
346.0765832883262
  0
LWPOLYLINE
  5
A0
330
17
100
AcDbEntity
  8
0
 62
7
100
AcDbPolyline
 90
2
 70
0
 10
902.1157650749901
 20
346.0765832883262
 10
902.1157650749901
 20
689.0765832883262
  0
CIRCLE
  5
A1
330
17
100
AcDbEntity
  8
0
 62
2
 48
3.0
100
AcDbCircle
 10
935.6157650750101
 20
675.5765832883335
 30
0.0
 40
5.0
  0
CIRCLE
  5
A2
330
17
100
AcDbEntity
  8
0
 62
2
 48
3.0
100
AcDbCircle
 10
1395.6157650749592
 20
675.5765832883335
 30
0.0
 40
5.0
  0
CIRCLE
  5
A3
330
17
100
AcDbEntity
  8
0
 62
2
 48
3.0
100
AcDbCircle
 10
935.6157650750101
 20
359.5765832883044
 30
0.0
 40
5.0
  0
CIRCLE
  5
A4
330
17
100
AcDbEntity
  8
0
 62
2
 48
3.0
100
AcDbCircle
 10
1395.6157650749592
 20
359.5765832883044
 30
0.0
 40
5.0
  0
LWPOLYLINE
  5
A5
330
17
100
AcDbEntity
  8
0
 62
7
 48
3.0
100
AcDbPolyline
 90
3
 70
0
 10
917.1157650749792
 20
704.0765832883262
 10
917.1157650749792
 20
689.0765832883262
 10
902.1157650749901
 20
689.0765832883262
  0
INSERT
  5
A6
330
17
100
AcDbEntity
  8
0
370
-3
100
AcDbBlockReference
  2
f3daunguoc
 10
932.1157650749792
 20
689.0765832883262
 30
0.0
 41
-1.0
 50
180.0
  0
INSERT
  5
A8
330
17
100
AcDbEntity
  8
0
370
-3
100
AcDbBlockReference
  2
f3daunguoc
 10
917.1157650749792
 20
674.0765832883262
 30
0.0
 41
-1.0
 50
180.0
  0
INSERT
  5
AA
330
17
100
AcDbEntity
  8
0
370
-3
100
AcDbBlockReference
  2
f3daunguoc
 10
982.1157650749901
 20
689.0765832883262
 30
0.0
 41
-1.0
 50
180.0
  0
INSERT
  5
AC
330
17
100
AcDbEntity
  8
0
370
-3
100
AcDbBlockReference
  2
f3daunguoc
 10
1399.1157650749792
 20
689.0765832883262
 30
0.0
 50
180.0
  0
INSERT
  5
AE
330
17
100
AcDbEntity
  8
0
370
-3
100
AcDbBlockReference
  2
f3daunguoc
 10
1414.1157650749792
 20
674.0765832883262
 30
0.0
 50
180.0
  0
INSERT
  5
B0
330
17
100
AcDbEntity
  8
0
370
-3
100
AcDbBlockReference
  2
f3daunguoc
 10
1349.1157650749792
 20
689.0765832883262
 30
0.0
 50
180.0
  0
INSERT
  5
B2
330
17
100
AcDbEntity
  8
0
370
-3
100
AcDbBlockReference
  2
f3daunguoc
 10
932.1157650749792
 20
346.0765832883262
 30
0.0
  0
INSERT
  5
B4
330
17
100
AcDbEntity
  8
0
370
-3
100
AcDbBlockReference
  2
f3daunguoc
 10
917.1157650749792
 20
361.0765832883262
 30
0.0
  0
INSERT
  5
B6
330
17
100
AcDbEntity
  8
0
370
-3
100
AcDbBlockReference
  2
f3daunguoc
 10
982.1157650749901
 20
346.0765832883262
 30
0.0
  0
INSERT
  5
B8
330
17
100
AcDbEntity
  8
0
370
-3
100
AcDbBlockReference
  2
f3daunguoc
 10
1399.1157650749792
 20
346.0765832883262
 30
0.0
 41
-1.0
  0
INSERT
  5
BA
330
17
100
AcDbEntity
  8
0
370
-3
100
AcDbBlockReference
  2
f3daunguoc
 10
1414.1157650749792
 20
361.0765832883262
 30
0.0
 41
-1.0
  0
INSERT
  5
BC
330
17
100
AcDbEntity
  8
0
370
-3
100
AcDbBlockReference
  2
f3daunguoc
 10
1349.1157650749792
 20
346.0765832883262
 30
0.0
 41
-1.0
  0
LWPOLYLINE
  5
BE
330
17
100
AcDbEntity
  8
0
 62
7
 48
3.0
100
AcDbPolyline
 90
3
 70
0
 10
1414.1157650749792
 20
704.0765832883262
 10
1414.1157650749792
 20
689.0765832883262
 10
1429.1157650749792
 20
689.0765832883262
  0
LWPOLYLINE
  5
BF
330
17
100
AcDbEntity
  8
0
 62
7
 48
3.0
100
AcDbPolyline
 90
3
 70
0
 10
917.1157650749792
 20
331.0765832883262
 10
917.1157650749792
 20
346.0765832883262
 10
902.1157650749901
 20
346.0765832883262
  0
LWPOLYLINE
  5
C0
330
17
100
AcDbEntity
  8
0
 62
7
 48
3.0
100
AcDbPolyline
 90
3
 70
0
 10
1414.1157650749792
 20
331.0765832883262
 10
1414.1157650749792
 20
346.0765832883262
 10
1429.1157650749792
 20
346.0765832883262
  0
LWPOLYLINE
  5
C1
330
17
100
AcDbEntity
  8
0
 62
7
100
AcDbPolyline
 90
2
 70
0
 10
1414.1157650749792
 20
331.0765832883262
 10
917.1157650749792
 20
331.0765832883262
  0
LWPOLYLINE
  5
C2
330
17
100
AcDbEntity
  8
0
 62
7
100
AcDbPolyline
 90
2
 70
0
 10
1429.1157650749792
 20
689.0765832883262
 10
1429.1157650749792
 20
346.0765832883262
  0
LWPOLYLINE
  5
C3
330
17
100
AcDbEntity
  8
0
 62
7
100
AcDbPolyline
 90
2
 70
0
 10
917.1157650749792
 20
704.0765832883262
 10
1414.1157650749792
 20
704.0765832883262
  0
DIMENSION
  5
C4
330
17
100
AcDbEntity
  8
DIM
 62
7
 48
3.0
100
AcDbDimension
280
0
  2
*D16
  3
Dim-25
 10
1429.1157650749792
 20
764.669641307024
 30
0.0
 11
1471.9387527966792
 21
787.4339660000769
 31
0.0
 70
32
 71
5
 42
15.0
 73
0
 74
0
 75
0
100
AcDbAlignedDimension
 13
1414.1157650749792
 23
704.0765832883262
 33
0.0
 14
1429.1157650749792
 24
689.0765832883262
 34
0.0
 50
0.0
100
AcDbRotatedDimension
  0
DIMENSION
  5
C5
330
17
100
AcDbEntity
  8
DIM
 62
7
 48
3.0
100
AcDbDimension
280
0
  2
*D17
  3
Dim-25
 10
917.1157650749792
 20
764.669641307024
 30
0.0
 11
1165.6157650749792
 21
787.4339660000769
 31
0.0
 70
32
 71
5
 42
497.0
 73
0
 74
0
 75
0
100
AcDbAlignedDimension
 13
1414.1157650749792
 23
704.0765832883262
 33
0.0
 14
917.1157650749792
 24
704.0765832883262
 34
0.0
 50
0.0
100
AcDbRotatedDimension
  0
DIMENSION
  5
C6
330
17
100
AcDbEntity
  8
DIM
 62
7
 48
3.0
100
AcDbDimension
280
0
  2
*D18
  3
Dim-25
 10
805.4772923538603
 20
331.0765832883262
 30
0.0
 11
782.7044410578201
 21
517.5765832883262
 31
0.0
 70
32
 71
5
 42
373.0
 73
0
 74
0
 75
0
100
AcDbAlignedDimension
 13
917.1157650749792
 23
704.0765832883262
 33
0.0
 14
917.1157650749792
 24
331.0765832883262
 34
0.0
 50
90.0
100
AcDbRotatedDimension
  0
DIMENSION
  5
C7
330
17
100
AcDbEntity
  8
DIM
 62
7
 48
3.0
100
AcDbDimension
280
0
  2
*D19
  3
Dim-25
 10
861.1568014969707
 20
346.0765832883262
 30
0.0
 11
838.3839502009305
 21
517.5765832883262
 31
0.0
 70
32
 71
5
 42
343.0
 73
0
 74
0
 75
0
100
AcDbAlignedDimension
 13
902.1157650749901
 23
689.0765832883262
 33
0.0
 14
902.1157650749901
 24
346.0765832883262
 34
0.0
 50
90.0
100
AcDbRotatedDimension
  0
DIMENSION
  5
C8
330
17
100
AcDbEntity
  8
DIM
 62
7
 48
3.0
100
AcDbDimension
280
0
  2
*D20
  3
Dim-25
 10
1429.1157650749792
 20
274.7622540040247
 30
0.0
 11
1165.6157650749792
 21
297.52657869707036
 31
0.0
 70
32
 71
5
 42
527.0
 73
0
 74
0
 75
0
100
AcDbAlignedDimension
 13
902.1157650749901
 23
346.0765832883262
 33
0.0
 14
1429.1157650749792
 24
346.0765832883262
 34
0.0
 50
0.0
100
AcDbRotatedDimension
  0
LWPOLYLINE
  5
C9
330
17
100
AcDbEntity
  8
0
 62
7
100
AcDbPolyline
 90
4
 70
1
 10
1823.5257710369897
 20
644.0025692716081
 10
2230.5257710370097
 20
644.0025692716154
 10
2230.5257710370406
 20
342.0025692716299
 10
1823.5257710370097
 20
342.00256927161536
  0
LWPOLYLINE
  5
CA
330
17
100
AcDbEntity
  8
0
 62
7
100
AcDbPolyline
 90
2
 70
0
 10
1808.5257710370206
 20
342.00256927161536
 10
1808.5257710369897
 20
644.0025692716081
  0
LWPOLYLINE
  5
CB
330
17
100
AcDbEntity
  8
0
 62
7
100
AcDbPolyline
 90
2
 70
0
 10
1823.5257710369897
 20
659.0025692716081
 10
2230.5257710370097
 20
659.0025692716154
  0
LWPOLYLINE
  5
CC
330
17
100
AcDbEntity
  8
0
 62
7
100
AcDbPolyline
 90
2
 70
0
 10
2245.5257710370097
 20
644.0025692716154
 10
2245.5257710370406
 20
342.0025692716299
  0
LWPOLYLINE
  5
CD
330
17
100
AcDbEntity
  8
0
 62
7
100
AcDbPolyline
 90
2
 70
0
 10
2230.5257710370406
 20
327.0025692716299
 10
1823.5257710370097
 20
327.00256927161536
  0
CIRCLE
  5
CE
330
17
100
AcDbEntity
  8
0
 62
2
 48
3.0
100
AcDbCircle
 10
1842.0257710370206
 20
630.5025692716154
 30
0.0
 40
5.0
  0
CIRCLE
  5
CF
330
17
100
AcDbEntity
  8
0
 62
2
 48
3.0
100
AcDbCircle
 10
2212.0257710369897
 20
630.5025692716372
 30
0.0
 40
5.0
  0
CIRCLE
  5
D0
330
17
100
AcDbEntity
  8
0
 62
2
 48
3.0
100
AcDbCircle
 10
1842.0257710370406
 20
355.50256927159353
 30
0.0
 40
5.0
  0
CIRCLE
  5
D1
330
17
100
AcDbEntity
  8
0
 62
2
 48
3.0
100
AcDbCircle
 10
2212.0257710370097
 20
355.50256927161536
 30
0.0
 40
5.0
  0
LWPOLYLINE
  5
D2
330
17
100
AcDbEntity
  8
0
 62
7
 48
3.0
100
AcDbPolyline
 90
3
 70
0
 10
1823.5257710369897
 20
659.0025692716081
 10
1823.5257710369897
 20
644.0025692716081
 10
1808.5257710369897
 20
644.0025692716081
  0
INSERT
  5
D3
330
17
100
AcDbEntity
  8
0
370
-3
100
AcDbBlockReference
  2
f3daunguoc
 10
1838.5257710369897
 20
644.0025692716081
 30
0.0
 41
-1.0
 50
180.0
  0
INSERT
  5
D5
330
17
100
AcDbEntity
  8
0
370
-3
100
AcDbBlockReference
  2
f3daunguoc
 10
1823.5257710369897
 20
629.0025692716081
 30
0.0
 41
-1.0
 50
180.0
  0
INSERT
  5
D7
330
17
100
AcDbEntity
  8
0
370
-3
100
AcDbBlockReference
  2
f3daunguoc
 10
1888.5257710369897
 20
644.0025692716081
 30
0.0
 41
-1.0
 50
180.0
  0
INSERT
  5
D9
330
17
100
AcDbEntity
  8
0
370
-3
100
AcDbBlockReference
  2
f3daunguoc
 10
2215.5257710370206
 20
644.0025692716154
 30
0.0
 50
180.0
  0
INSERT
  5
DB
330
17
100
AcDbEntity
  8
0
370
-3
100
AcDbBlockReference
  2
f3daunguoc
 10
2230.5257710370097
 20
629.0025692716154
 30
0.0
 50
180.0
  0
INSERT
  5
DD
330
17
100
AcDbEntity
  8
0
370
-3
100
AcDbBlockReference
  2
f3daunguoc
 10
2165.5257710370097
 20
644.0025692716154
 30
0.0
 50
180.0
  0
INSERT
  5
DF
330
17
100
AcDbEntity
  8
0
370
-3
100
AcDbBlockReference
  2
f3daunguoc
 10
1838.5257710370097
 20
342.00256927161536
 30
0.0
  0
INSERT
  5
E1
330
17
100
AcDbEntity
  8
0
370
-3
100
AcDbBlockReference
  2
f3daunguoc
 10
1823.5257710370097
 20
357.00256927161536
 30
0.0
  0
INSERT
  5
E3
330
17
100
AcDbEntity
  8
0
370
-3
100
AcDbBlockReference
  2
f3daunguoc
 10
1888.5257710370097
 20
342.00256927161536
 30
0.0
  0
INSERT
  5
E5
330
17
100
AcDbEntity
  8
0
370
-3
100
AcDbBlockReference
  2
f3daunguoc
 10
2215.5257710370406
 20
342.0025692716299
 30
0.0
 41
-1.0
  0
INSERT
  5
E7
330
17
100
AcDbEntity
  8
0
370
-3
100
AcDbBlockReference
  2
f3daunguoc
 10
2230.5257710370406
 20
357.0025692716372
 30
0.0
 41
-1.0
  0
INSERT
  5
E9
330
17
100
AcDbEntity
  8
0
370
-3
100
AcDbBlockReference
  2
f3daunguoc
 10
2165.5257710370406
 20
342.0025692716299
 30
0.0
 41
-1.0
  0
LWPOLYLINE
  5
EB
330
17
100
AcDbEntity
  8
0
 62
7
 48
3.0
100
AcDbPolyline
 90
3
 70
0
 10
2230.5257710370097
 20
659.0025692716154
 10
2230.5257710370097
 20
644.0025692716154
 10
2245.5257710370097
 20
644.0025692716154
  0
LWPOLYLINE
  5
EC
330
17
100
AcDbEntity
  8
0
 62
7
 48
3.0
100
AcDbPolyline
 90
3
 70
0
 10
1823.5257710370097
 20
327.00256927161536
 10
1823.5257710370097
 20
342.00256927161536
 10
1808.5257710370206
 20
342.00256927161536
  0
LWPOLYLINE
  5
ED
330
17
100
AcDbEntity
  8
0
 62
7
 48
3.0
100
AcDbPolyline
 90
3
 70
0
 10
2230.5257710370406
 20
327.0025692716299
 10
2230.5257710370406
 20
342.0025692716299
 10
2245.5257710370406
 20
342.0025692716299
  0
DIMENSION
  5
EE
330
17
100
AcDbEntity
  8
DIM
 62
7
 48
3.0
100
AcDbDimension
280
0
  2
*D21
  3
Dim-25
 10
2245.5257710370097
 20
719.5956272903277
 30
0.0
 11
2288.3487587587097
 21
742.3599519833733
 31
0.0
 70
32
 71
5
 42
15.0
 73
0
 74
0
 75
0
100
AcDbAlignedDimension
 13
2230.5257710370097
 23
659.0025692716154
 33
0.0
 14
2245.5257710370097
 24
644.0025692716154
 34
0.0
 50
0.0
100
AcDbRotatedDimension
  0
DIMENSION
  5
EF
330
17
100
AcDbEntity
  8
DIM
 62
7
 48
3.0
100
AcDbDimension
280
0
  2
*D22
  3
Dim-25
 10
1823.5257710369897
 20
719.5956272903277
 30
0.0
 11
2027.0257710370006
 21
742.3599519833733
 31
0.0
 70
32
 71
5
 42
407.0000000000236
 73
0
 74
0
 75
0
100
AcDbAlignedDimension
 13
2230.5257710370097
 23
659.0025692716154
 33
0.0
 14
1823.5257710369897
 24
659.0025692716081
 34
0.0
 50
0.0
100
AcDbRotatedDimension
  0
DIMENSION
  5
F0
330
17
100
AcDbEntity
  8
DIM
 62
7
 48
3.0
100
AcDbDimension
280
0
  2
*D23
  3
Dim-25
 10
1711.8872983158908
 20
327.00256927161536
 30
0.0
 11
1689.1144470198506
 21
493.0025692716081
 31
0.0
 70
32
 71
5
 42
331.9999999999855
 73
0
 74
0
 75
0
100
AcDbAlignedDimension
 13
1823.5257710369897
 23
659.0025692716081
 33
0.0
 14
1823.5257710370097
 24
327.00256927161536
 34
0.0
 50
90.0
100
AcDbRotatedDimension
  0
DIMENSION
  5
F1
330
17
100
AcDbEntity
  8
DIM
 62
7
 48
3.0
100
AcDbDimension
280
0
  2
*D24
  3
Dim-25
 10
1767.5668074589994
 20
342.00256927161536
 30
0.0
 11
1744.79395616297
 21
493.0025692716081
 31
0.0
 70
32
 71
5
 42
301.9999999999854
 73
0
 74
0
 75
0
100
AcDbAlignedDimension
 13
1808.5257710369897
 23
644.0025692716081
 33
0.0
 14
1808.5257710370206
 24
342.00256927161536
 34
0.0
 50
90.0
100
AcDbRotatedDimension
  0
DIMENSION
  5
F2
330
17
100
AcDbEntity
  8
DIM
 62
7
 48
3.0
100
AcDbDimension
280
0
  2
*D25
  3
Dim-25
 10
2245.5257710370406
 20
270.6882399873284
 30
0.0
 11
2027.0257710370297
 21
293.4610912833741
 31
0.0
 70
32
 71
5
 42
437.0000000000236
 73
0
 74
0
 75
0
100
AcDbAlignedDimension
 13
1808.5257710370206
 23
342.00256927161536
 33
0.0
 14
2245.5257710370406
 24
342.0025692716299
 34
0.0
 50
0.0
100
AcDbRotatedDimension
  0
LWPOLYLINE
  5
F3
330
17
100
AcDbEntity
  8
0
 62
7
100
AcDbPolyline
 90
6
 70
0
 10
2169.135488901389
 20
1195.496007847607
 10
2169.135488901389
 20
1127.996007847607
 10
1624.1354889013892
 20
1127.996007847607
 10
1624.1354889013892
 20
1522.996007847607
 10
2169.135488901389
 20
1522.996007847607
 10
2169.135488901389
 20
1455.496007847607
  0
LWPOLYLINE
  5
F4
330
17
100
AcDbEntity
  8
0
 62
7
100
AcDbPolyline
 90
2
 70
0
 10
2169.135488901389
 20
1435.496007847607
 10
2169.135488901389
 20
1215.496007847607
  0
LWPOLYLINE
  5
F5
330
17
100
AcDbEntity
  8
0
 62
7
100
AcDbPolyline
 90
22
 70
0
 10
2195.13548890138
 20
1195.496007847607
 10
2195.13548890138
 20
1137.9960078475633
 10
2185.135488901389
 20
1127.996007847607
 10
2169.135488901389
 20
1127.996007847607
 10
2169.135488901389
 20
1111.996007847607
 10
2159.135488901389
 20
1101.9960078475997
 10
1634.1354889013892
 20
1101.9960078475997
 10
1624.1354889013892
 20
1111.996007847607
 10
1624.1354889013892
 20
1127.996007847607
 10
1608.1354889013892
 20
1127.996007847607
 10
1598.13548890138
 20
1137.9960078475997
 10
1598.1354889013892
 20
1512.996007847607
 10
1608.1354889013892
 20
1522.996007847607
 10
1624.1354889013892
 20
1522.996007847607
 10
1624.1354889013892
 20
1538.996007847607
 10
1634.1354889013892
 20
1548.9960078475851
 10
2159.135488901389
 20
1548.9960078475851
 10
2169.135488901389
 20
1538.996007847607
 10
2169.135488901389
 20
1522.996007847607
 10
2185.135488901389
 20
1522.996007847607
 10
2195.13548890138
 20
1512.996007847607
 10
2195.13548890138
 20
1455.496007847607
  0
LWPOLYLINE
  5
F6
330
17
100
AcDbEntity
  8
0
 62
7
100
AcDbPolyline
 90
2
 70
0
 10
2195.13548890138
 20
1435.496007847607
 10
2195.13548890138
 20
1215.496007847607
  0
LWPOLYLINE
  5
F7
330
17
100
AcDbEntity
  8
0
 62
7
100
AcDbPolyline
 90
2
 70
0
 10
2185.135488901389
 20
1522.996007847607
 10
2185.135488901389
 20
1455.496007847607
  0
LWPOLYLINE
  5
F8
330
17
100
AcDbEntity
  8
0
 62
7
100
AcDbPolyline
 90
2
 70
0
 10
2185.135488901389
 20
1435.496007847607
 10
2185.135488901389
 20
1215.496007847607
  0
LWPOLYLINE
  5
F9
330
17
100
AcDbEntity
  8
0
 62
7
100
AcDbPolyline
 90
2
 70
0
 10
2185.135488901389
 20
1195.496007847607
 10
2185.135488901389
 20
1127.996007847607
  0
LWPOLYLINE
  5
FA
330
17
100
AcDbEntity
  8
0
 62
7
100
AcDbPolyline
 90
2
 70
0
 10
2169.135488901389
 20
1111.996007847607
 10
1624.1354889013892
 20
1111.996007847607
  0
LWPOLYLINE
  5
FB
330
17
100
AcDbEntity
  8
0
 62
7
100
AcDbPolyline
 90
2
 70
0
 10
1608.1354889013892
 20
1127.996007847607
 10
1608.1354889013892
 20
1522.996007847607
  0
LWPOLYLINE
  5
FC
330
17
100
AcDbEntity
  8
0
 62
7
100
AcDbPolyline
 90
2
 70
0
 10
1624.1354889013892
 20
1538.996007847607
 10
2169.135488901389
 20
1538.996007847607
  0
DIMENSION
  5
FD
330
17
100
AcDbEntity
  8
DIM
 62
0
100
AcDbDimension
280
0
  2
*D26
  3
Dim-15
 10
2169.135488901389
 20
1068.4150676647187
 30
0.0
 11
1896.6354889013892
 21
1081.0429667097342
 31
0.0
 70
32
 71
5
 42
545.0
 73
0
 74
0
 75
0
100
AcDbAlignedDimension
 13
1624.1354889013892
 23
1111.996007847607
 33
0.0
 14
2169.135488901389
 24
1111.996007847607
 34
0.0
 50
0.0
100
AcDbRotatedDimension
  0
DIMENSION
  5
FE
330
17
100
AcDbEntity
  8
DIM
 62
0
100
AcDbDimension
280
0
  2
*D27
  3
Dim-15
 10
1624.1354889013892
 20
1565.9162417358384
 30
0.0
 11
1644.1678899927992
 21
1578.5748365516556
 31
0.0
 70
32
 71
5
 42
16.0
 73
0
 74
0
 75
0
100
AcDbAlignedDimension
 13
1608.1354889013892
 23
1522.996007847607
 33
0.0
 14
1624.1354889013892
 24
1538.996007847607
 34
0.0
 50
0.0
100
AcDbRotatedDimension
  0
LWPOLYLINE
  5
FF
330
17
100
AcDbEntity
  8
0
 62
2
100
AcDbPolyline
 90
4
 70
0
 10
2195.13548890138
 20
1435.496007847607
 10
2158.13548890138
 20
1435.496007847607
 10
2158.13548890138
 20
1455.496007847607
 10
2195.13548890138
 20
1455.496007847607
  0
LWPOLYLINE
  5
100
330
17
100
AcDbEntity
  8
0
 62
2
100
AcDbPolyline
 90
4
 70
0
 10
2195.13548890138
 20
1215.496007847607
 10
2158.13548890138
 20
1215.496007847607
 10
2158.13548890138
 20
1195.496007847607
 10
2195.13548890138
 20
1195.496007847607
  0
INSERT
  5
101
330
17
100
AcDbEntity
  8
0
370
-3
100
AcDbBlockReference
  2
f3daunguoc
 10
1639.1354889013892
 20
1522.996007847607
 30
0.0
 41
-1.0
 50
180.0
  0
INSERT
  5
103
330
17
100
AcDbEntity
  8
0
370
-3
100
AcDbBlockReference
  2
f3daunguoc
 10
1624.1354889013892
 20
1507.996007847607
 30
0.0
 41
-1.0
 50
180.0
  0
INSERT
  5
105
330
17
100
AcDbEntity
  8
0
370
-3
100
AcDbBlockReference
  2
f3daunguoc
 10
1639.1354889013892
 20
1538.996007847607
 30
0.0
 41
-1.0
 50
180.0
  0
INSERT
  5
107
330
17
100
AcDbEntity
  8
0
370
-3
100
AcDbBlockReference
  2
f3daunguoc
 10
1608.1354889013892
 20
1507.996007847607
 30
0.0
 41
-1.0
 50
180.0
  0
INSERT
  5
109
330
17
100
AcDbEntity
  8
0
370
-3
100
AcDbBlockReference
  2
f3daunguoc
 10
1689.1354889013892
 20
1522.996007847607
 30
0.0
 41
-1.0
 50
180.0
  0
INSERT
  5
10B
330
17
100
AcDbEntity
  8
0
370
-3
100
AcDbBlockReference
  2
f3daunguoc
 10
1689.1354889013892
 20
1538.996007847607
 30
0.0
 41
-1.0
 50
180.0
  0
INSERT
  5
10D
330
17
100
AcDbEntity
  8
0
370
-3
100
AcDbBlockReference
  2
f3daunguoc
 10
2154.135488901389
 20
1522.996007847607
 30
0.0
 50
180.0
  0
INSERT
  5
10F
330
17
100
AcDbEntity
  8
0
370
-3
100
AcDbBlockReference
  2
f3daunguoc
 10
2169.135488901389
 20
1507.996007847607
 30
0.0
 50
180.0
  0
INSERT
  5
111
330
17
100
AcDbEntity
  8
0
370
-3
100
AcDbBlockReference
  2
f3daunguoc
 10
2154.135488901389
 20
1538.996007847607
 30
0.0
 50
180.0
  0
INSERT
  5
113
330
17
100
AcDbEntity
  8
0
370
-3
100
AcDbBlockReference
  2
f3daunguoc
 10
2185.135488901389
 20
1507.996007847607
 30
0.0
 50
180.0
  0
INSERT
  5
115
330
17
100
AcDbEntity
  8
0
370
-3
100
AcDbBlockReference
  2
f3daunguoc
 10
2104.135488901389
 20
1522.996007847607
 30
0.0
 50
180.0
  0
INSERT
  5
117
330
17
100
AcDbEntity
  8
0
370
-3
100
AcDbBlockReference
  2
f3daunguoc
 10
2104.135488901389
 20
1538.996007847607
 30
0.0
 50
180.0
  0
INSERT
  5
119
330
17
100
AcDbEntity
  8
0
370
-3
100
AcDbBlockReference
  2
f3daunguoc
 10
1639.1354889013892
 20
1127.996007847607
 30
0.0
  0
INSERT
  5
11B
330
17
100
AcDbEntity
  8
0
370
-3
100
AcDbBlockReference
  2
f3daunguoc
 10
1624.1354889013892
 20
1142.996007847607
 30
0.0
  0
INSERT
  5
11D
330
17
100
AcDbEntity
  8
0
370
-3
100
AcDbBlockReference
  2
f3daunguoc
 10
1639.1354889013892
 20
1111.996007847607
 30
0.0
  0
INSERT
  5
11F
330
17
100
AcDbEntity
  8
0
370
-3
100
AcDbBlockReference
  2
f3daunguoc
 10
1608.1354889013892
 20
1142.996007847607
 30
0.0
  0
INSERT
  5
121
330
17
100
AcDbEntity
  8
0
370
-3
100
AcDbBlockReference
  2
f3daunguoc
 10
1689.1354889013892
 20
1127.996007847607
 30
0.0
  0
INSERT
  5
123
330
17
100
AcDbEntity
  8
0
370
-3
100
AcDbBlockReference
  2
f3daunguoc
 10
1689.1354889013892
 20
1111.996007847607
 30
0.0
  0
INSERT
  5
125
330
17
100
AcDbEntity
  8
0
370
-3
100
AcDbBlockReference
  2
f3daunguoc
 10
2154.135488901389
 20
1127.996007847607
 30
0.0
 41
-1.0
  0
INSERT
  5
127
330
17
100
AcDbEntity
  8
0
370
-3
100
AcDbBlockReference
  2
f3daunguoc
 10
2169.135488901389
 20
1142.996007847607
 30
0.0
 41
-1.0
  0
INSERT
  5
129
330
17
100
AcDbEntity
  8
0
370
-3
100
AcDbBlockReference
  2
f3daunguoc
 10
2154.135488901389
 20
1111.996007847607
 30
0.0
 41
-1.0
  0
INSERT
  5
12B
330
17
100
AcDbEntity
  8
0
370
-3
100
AcDbBlockReference
  2
f3daunguoc
 10
2185.135488901389
 20
1142.996007847607
 30
0.0
 41
-1.0
  0
INSERT
  5
12D
330
17
100
AcDbEntity
  8
0
370
-3
100
AcDbBlockReference
  2
f3daunguoc
 10
2104.135488901389
 20
1127.996007847607
 30
0.0
 41
-1.0
  0
INSERT
  5
12F
330
17
100
AcDbEntity
  8
0
370
-3
100
AcDbBlockReference
  2
f3daunguoc
 10
2104.135488901389
 20
1111.996007847607
 30
0.0
 41
-1.0
  0
CIRCLE
  5
131
330
17
100
AcDbEntity
  8
0
 62
2
100
AcDbCircle
 10
1742.6354889013892
 20
1462.996007847607
 30
0.0
 40
1.5
  0
CIRCLE
  5
132
330
17
100
AcDbEntity
  8
0
 62
2
100
AcDbCircle
 10
2112.635488901389
 20
1462.996007847607
 30
0.0
 40
1.5
  0
CIRCLE
  5
133
330
17
100
AcDbEntity
  8
0
 62
2
100
AcDbCircle
 10
1742.6354889013892
 20
1187.996007847607
 30
0.0
 40
1.5
  0
CIRCLE
  5
134
330
17
100
AcDbEntity
  8
0
 62
2
100
AcDbCircle
 10
2112.635488901389
 20
1187.996007847607
 30
0.0
 40
1.5
  0
MTEXT
  5
135
330
17
100
AcDbEntity
  8
0
 62
2
100
AcDbMText
 10
821.1195941214592
 20
1033.190441503597
 30
0.0
 40
25.0
 41
775.0000000000146
 46
100.0000000000031
 71
5
 72
5
  1
{\fTahoma|b0|i0|c0|p34;Thành quây hàn eku 6 : 1 tấm}
  0
MTEXT
  5
136
330
17
100
AcDbEntity
  8
0
 62
2
100
AcDbMText
 10
1922.9938293694195
 20
1027.2719211943404
 30
0.0
 40
25.0
 41
775.0000000000146
 46
100.0000000000031
 71
5
 72
5
  1
{\fTahoma|b0|i0|c0|p34;Cánh ngoài : 1 tấm}
  0
DIMENSION
  5
137
330
17
100
AcDbEntity
  8
DIM
 62
7
 48
3.0
100
AcDbDimension
280
0
  2
*D28
  3
Dim-25
 10
1495.0945213261093
 20
1101.9960078475997
 30
0.0
 11
1495.0945213261202
 21
1325.496007847607
 31
0.0
 70
160
 71
5
 42
446.9999999999854
 73
0
 74
0
 75
0
100
AcDbAlignedDimension
 13
1634.1354889013892
 23
1548.9960078475851
 33
0.0
 14
1634.1354889013892
 24
1101.9960078475997
 34
0.0
 50
90.0
100
AcDbRotatedDimension
  0
DIMENSION
  5
138
330
17
100
AcDbEntity
  8
DIM
 62
7
 48
3.0
100
AcDbDimension
280
0
  2
*D29
  3
Dim-25
 10
1571.7149252804102
 20
1127.996007847607
 30
0.0
 11
1548.9420739843808
 21
1325.496007847607
 31
0.0
 70
32
 71
5
 42
395.0
 73
0
 74
0
 75
0
100
AcDbAlignedDimension
 13
1608.1354889013892
 23
1522.996007847607
 33
0.0
 14
1608.1354889013892
 24
1127.996007847607
 34
0.0
 50
90.0
100
AcDbRotatedDimension
  0
MTEXT
  5
139
330
17
100
AcDbEntity
  8
0
 62
2
100
AcDbMText
 10
391.1690536130809
 20
550.1339104249491
 30
0.0
 40
25.0
 41
775.0000000000146
 46
100.0000000000031
 71
5
 72
5
  1
{\fTahoma|b0|i0|c0|p34;Nóc đáy : 2 tấm}
  0
MTEXT
  5
13A
330
17
100
AcDbEntity
  8
0
 62
2
100
AcDbMText
 10
1185.6587235672505
 20
237.05568919901998
 30
0.0
 40
25.0
 41
775.0000000000146
 46
100.0000000000031
 71
5
 72
5
  1
{\fTahoma|b0|i0|c0|p34;Panel : 1 tấm}
  0
LWPOLYLINE
  5
13B
330
17
100
AcDbEntity
  8
0
 62
7
 48
3.0
100
AcDbPolyline
 90
14
 70
1
 10
1622.8703174114798
 20
899.1808298434553
 42
0.9999999999999998
 10
1631.3703174114798
 20
899.1808298434335
 10
1631.3703174114798
 20
900.4308298434335
 10
1642.1203174114798
 20
900.4308298434335
 10
1647.1203174114798
 20
895.4308298434335
 10
1647.1203174114798
 20
844.930829843448
 10
1607.1203174114798
 20
844.930829843448
 10
1607.1203174114798
 20
934.930829843448
 10
1647.1203174114798
 20
934.930829843448
 10
1647.1203174114798
 20
914.4308298434553
 10
1642.1203174114798
 20
909.430829843448
 10
1631.3703174114798
 20
909.4308298434335
 10
1631.3703174114798
 20
910.6808298434335
 42
0.9999999999999998
 10
1622.8703174114798
 20
910.6808298434553
  0
LWPOLYLINE
  5
13C
330
17
100
AcDbEntity
  8
0
 62
2
 48
3.0
100
AcDbPolyline
 90
4
 70
1
 10
1622.6203174114798
 20
860.430829843448
 10
1631.6203174114798
 20
860.430829843448
 10
1631.6203174114798
 20
869.4308298434553
 10
1622.6203174114798
 20
869.4308298434553
  0
MTEXT
  5
13D
330
17
100
AcDbEntity
  8
0
 62
2
100
AcDbMText
 10
1642.1361820270995
 20
806.2568170053491
 30
0.0
 40
25.0
 41
775.0000000000146
 46
100.0000000000031
 71
5
 72
5
  1
{\fTahoma|b0|i0|c0|p34;tai tủ  : 4 tấm}
  0
DIMENSION
  5
13E
330
17
100
AcDbEntity
  8
DIM
 62
7
 48
3.0
100
AcDbDimension
280
0
  2
*D30
  3
Dim-25
 10
1647.1203174114798
 20
980.4187772650039
 30
0.0
 11
1683.4866202764206
 21
1003.1831019580568
 31
0.0
 70
32
 71
5
 42
40.0
 73
0
 74
0
 75
0
100
AcDbAlignedDimension
 13
1607.1203174114798
 23
934.930829843448
 33
0.0
 14
1647.1203174114798
 24
934.930829843448
 34
0.0
 50
0.0
100
AcDbRotatedDimension
  0
DIMENSION
  5
13F
330
17
100
AcDbEntity
  8
DIM
 62
7
 48
3.0
100
AcDbDimension
280
0
  2
*D31
  3
Dim-25
 10
1540.5569107850806
 20
844.930829843448
 30
0.0
 11
1517.7925860920404
 21
889.930829843448
 31
0.0
 70
32
 71
5
 42
90.0
 73
0
 74
0
 75
0
100
AcDbAlignedDimension
 13
1607.1203174114798
 23
934.930829843448
 33
0.0
 14
1607.1203174114798
 24
844.930829843448
 34
0.0
 50
90.0
100
AcDbRotatedDimension
  0
ENDSEC
  0
SECTION
  2
OBJECTS
  0
DICTIONARY
  5
A
330
0
100
AcDbDictionary
281
1
  3
ACAD_COLOR
350
B
  3
ACAD_GROUP
350
C
  3
ACAD_LAYOUT
350
D
  3
ACAD_MATERIAL
350
E
  3
ACAD_MLEADERSTYLE
350
F
  3
ACAD_MLINESTYLE
350
10
  3
ACAD_PLOTSETTINGS
350
11
  3
ACAD_PLOTSTYLENAME
350
12
  3
ACAD_SCALELIST
350
14
  3
ACAD_TABLESTYLE
350
15
  3
ACAD_VISUALSTYLE
350
16
  3
EZDXF_META
350
2D
  0
DICTIONARY
  5
B
330
A
100
AcDbDictionary
281
1
  0
DICTIONARY
  5
C
330
A
100
AcDbDictionary
281
1
  0
DICTIONARY
  5
D
330
A
100
AcDbDictionary
281
1
  3
Model
350
1A
  3
Layout1
350
1E
  0
DICTIONARY
  5
E
330
A
100
AcDbDictionary
281
1
  3
ByBlock
350
1F
  3
ByLayer
350
20
  3
Global
350
21
  0
DICTIONARY
  5
F
330
A
100
AcDbDictionary
281
1
  3
Standard
350
2C
  0
DICTIONARY
  5
10
330
A
100
AcDbDictionary
281
1
  3
Standard
350
22
  0
DICTIONARY
  5
11
330
A
100
AcDbDictionary
281
1
  0
ACDBDICTIONARYWDFLT
  5
12
330
A
100
AcDbDictionary
281
1
  3
Normal
350
13
100
AcDbDictionaryWithDefault
340
13
  0
ACDBPLACEHOLDER
  5
13
330
12
  0
DICTIONARY
  5
14
330
A
100
AcDbDictionary
281
1
  0
DICTIONARY
  5
15
330
A
100
AcDbDictionary
281
1
  0
DICTIONARY
  5
16
330
A
100
AcDbDictionary
281
1
  0
LAYOUT
  5
1A
330
D
100
AcDbPlotSettings
  1

  4
A3
  6

 40
7.5
 41
20.0
 42
7.5
 43
20.0
 44
420.0
 45
297.0
 46
0.0
 47
0.0
 48
0.0
 49
0.0
140
0.0
141
0.0
142
1.0
143
1.0
 70
1024
 72
1
 73
0
 74
5
  7

 75
16
 76
0
 77
2
 78
300
147
1.0
148
0.0
149
0.0
100
AcDbLayout
  1
Model
 70
1
 71
0
 10
0.0
 20
0.0
 11
420.0
 21
297.0
 12
0.0
 22
0.0
 32
0.0
 14
1e+20
 24
1e+20
 34
1e+20
 15
-1e+20
 25
-1e+20
 35
-1e+20
146
0.0
 13
0.0
 23
0.0
 33
0.0
 16
1.0
 26
0.0
 36
0.0
 17
0.0
 27
1.0
 37
0.0
 76
1
330
17
  0
LAYOUT
  5
1E
330
D
100
AcDbPlotSettings
  1

  4
A3
  6

 40
7.5
 41
20.0
 42
7.5
 43
20.0
 44
420.0
 45
297.0
 46
0.0
 47
0.0
 48
0.0
 49
0.0
140
0.0
141
0.0
142
1.0
143
1.0
 70
0
 72
1
 73
0
 74
5
  7

 75
16
 76
0
 77
2
 78
300
147
1.0
148
0.0
149
0.0
100
AcDbLayout
  1
Layout1
 70
1
 71
1
 10
0.0
 20
0.0
 11
420.0
 21
297.0
 12
0.0
 22
0.0
 32
0.0
 14
1e+20
 24
1e+20
 34
1e+20
 15
-1e+20
 25
-1e+20
 35
-1e+20
146
0.0
 13
0.0
 23
0.0
 33
0.0
 16
1.0
 26
0.0
 36
0.0
 17
0.0
 27
1.0
 37
0.0
 76
1
330
1B
  0
MATERIAL
  5
1F
102
{ACAD_REACTORS
330
E
102
}
330
E
100
AcDbMaterial
  1
ByBlock
  2

 70
0
 40
1.0
 71
1
 41
1.0
 91
-1023410177
 42
1.0
 72
1
  3

 73
1
 74
1
 75
1
 44
0.5
 73
0
 45
1.0
 46
1.0
 77
1
  4

 78
1
 79
1
170
1
 48
1.0
171
1
  6

172
1
173
1
174
1
140
1.0
141
1.0
175
1
  7

176
1
177
1
178
1
143
1.0
179
1
  8

270
1
271
1
272
1
145
1.0
146
1.0
273
1
  9

274
1
275
1
276
1
 42
1.0
 72
1
  3

 73
1
 74
1
 75
1
 94
63
  0
MATERIAL
  5
20
102
{ACAD_REACTORS
330
E
102
}
330
E
100
AcDbMaterial
  1
ByLayer
  2

 70
0
 40
1.0
 71
1
 41
1.0
 91
-1023410177
 42
1.0
 72
1
  3

 73
1
 74
1
 75
1
 44
0.5
 73
0
 45
1.0
 46
1.0
 77
1
  4

 78
1
 79
1
170
1
 48
1.0
171
1
  6

172
1
173
1
174
1
140
1.0
141
1.0
175
1
  7

176
1
177
1
178
1
143
1.0
179
1
  8

270
1
271
1
272
1
145
1.0
146
1.0
273
1
  9

274
1
275
1
276
1
 42
1.0
 72
1
  3

 73
1
 74
1
 75
1
 94
63
  0
MATERIAL
  5
21
102
{ACAD_REACTORS
330
E
102
}
330
E
100
AcDbMaterial
  1
Global
  2

 70
0
 40
1.0
 71
1
 41
1.0
 91
-1023410177
 42
1.0
 72
1
  3

 73
1
 74
1
 75
1
 44
0.5
 73
0
 45
1.0
 46
1.0
 77
1
  4

 78
1
 79
1
170
1
 48
1.0
171
1
  6

172
1
173
1
174
1
140
1.0
141
1.0
175
1
  7

176
1
177
1
178
1
143
1.0
179
1
  8

270
1
271
1
272
1
145
1.0
146
1.0
273
1
  9

274
1
275
1
276
1
 42
1.0
 72
1
  3

 73
1
 74
1
 75
1
 94
63
  0
MLINESTYLE
  5
22
102
{ACAD_REACTORS
330
10
102
}
330
10
100
AcDbMlineStyle
  2
Standard
 70
0
  3

 62
256
 51
90.0
 52
90.0
 71
2
 49
0.5
 62
256
  6
BYLAYER
 49
-0.5
 62
256
  6
BYLAYER
  0
MLEADERSTYLE
  5
2C
102
{ACAD_REACTORS
330
F
102
}
330
F
100
AcDbMLeaderStyle
179
2
170
2
171
1
172
0
 90
2
 40
0.0
 41
0.0
173
1
 91
-1056964608
 92
-2
290
1
 42
2.0
291
1
 43
8.0
  3
Standard
 44
4.0
300

342
29
174
1
175
1
176
0
178
1
 93
-1056964608
 45
4.0
292
0
297
0
 46
4.0
 94
-1056964608
 47
1.0
 49
1.0
140
1.0
294
1
141
0.0
177
0
142
1.0
295
0
296
0
143
3.75
271
0
272
9
273
9
  0
DICTIONARY
  5
2D
330
A
100
AcDbDictionary
280
1
281
1
  3
CREATED_BY_EZDXF
350
2E
  3
WRITTEN_BY_EZDXF
350
170
  0
DICTIONARYVAR
  5
2E
330
2D
100
DictionaryVariables
280
0
  1
1.4.4 @ 2026-09-24T06:32:01.396852+00:00
  0
DICTIONARYVAR
  5
170
330
2D
100
DictionaryVariables
280
0
  1
1.4.4 @ 2026-09-24T06:37:15.429856+00:00
  0
ENDSEC
  0
EOF
