  0
SECTION
  2
HEADER
  9
$ACADVER
  1
AC1032
  9
$ACADMAINTVER
 90
4
  9
$DWGCODEPAGE
  3
ANSI_1252
  9
$LASTSAVEDBY
  1
ezdxf
  9
$REQUIREDVERSIONS
160
0
  9
$INSBASE
 10
0.0
 20
0.0
 30
0.0
  9
$EXTMIN
 10
1e+20
 20
1e+20
 30
1e+20
  9
$EXTMAX
 10
-1e+20
 20
-1e+20
 30
-1e+20
  9
$LIMMIN
 10
0.0
 20
0.0
  9
$LIMMAX
 10
420.0
 20
297.0
  9
$ORTHOMODE
 70
0
  9
$REGENMODE
 70
1
  9
$FILLMODE
 70
1
  9
$QTEXTMODE
 70
0
  9
$MIRRTEXT
 70
1
  9
$LTSCALE
 40
1.0
  9
$ATTMODE
 70
1
  9
$TEXTSIZE
 40
2.5
  9
$TRACEWID
 40
1.0
  9
$TEXTSTYLE
  7
Standard
  9
$CLAYER
  8
0
  9
$CELTYPE
  6
ByLayer
  9
$CECOLOR
 62
256
  9
$CELTSCALE
 40
1.0
  9
$DISPSILH
 70
0
  9
$DIMSCALE
 40
1.0
  9
$DIMASZ
 40
2.5
  9
$DIMEXO
 40
0.625
  9
$DIMDLI
 40
3.75
  9
$DIMRND
 40
0.0
  9
$DIMDLE
 40
0.0
  9
$DIMEXE
 40
1.25
  9
$DIMTP
 40
0.0
  9
$DIMTM
 40
0.0
  9
$DIMTXT
 40
2.5
  9
$DIMCEN
 40
2.5
  9
$DIMTSZ
 40
0.0
  9
$DIMTOL
 70
0
  9
$DIMLIM
 70
0
  9
$DIMTIH
 70
0
  9
$DIMTOH
 70
0
  9
$DIMSE1
 70
0
  9
$DIMSE2
 70
0
  9
$DIMTAD
 70
1
  9
$DIMZIN
 70
8
  9
$DIMBLK
  1

  9
$DIMASO
 70
1
  9
$DIMSHO
 70
1
  9
$DIMPOST
  1

  9
$DIMAPOST
  1

  9
$DIMALT
 70
0
  9
$DIMALTD
 70
3
  9
$DIMALTF
 40
0.03937007874
  9
$DIMLFAC
 40
1.0
  9
$DIMTOFL
 70
1
  9
$DIMTVP
 40
0.0
  9
$DIMTIX
 70
0
  9
$DIMSOXD
 70
0
  9
$DIMSAH
 70
0
  9
$DIMBLK1
  1

  9
$DIMBLK2
  1

  9
$DIMSTYLE
  2
ISO-25
  9
$DIMCLRD
 70
0
  9
$DIMCLRE
 70
0
  9
$DIMCLRT
 70
0
  9
$DIMTFAC
 40
1.0
  9
$DIMGAP
 40
0.625
  9
$DIMJUST
 70
0
  9
$DIMSD1
 70
0
  9
$DIMSD2
 70
0
  9
$DIMTOLJ
 70
0
  9
$DIMTZIN
 70
8
  9
$DIMALTZ
 70
0
  9
$DIMALTTZ
 70
0
  9
$DIMUPT
 70
0
  9
$DIMDEC
 70
2
  9
$DIMTDEC
 70
2
  9
$DIMALTU
 70
2
  9
$DIMALTTD
 70
3
  9
$DIMTXSTY
  7
Standard
  9
$DIMAUNIT
 70
0
  9
$DIMADEC
 70
0
  9
$DIMALTRND
 40
0.0
  9
$DIMAZIN
 70
0
  9
$DIMDSEP
 70
44
  9
$DIMATFIT
 70
3
  9
$DIMFRAC
 70
0
  9
$DIMLDRBLK
  1

  9
$DIMLUNIT
 70
2
  9
$DIMLWD
 70
-2
  9
$DIMLWE
 70
-2
  9
$DIMTMOVE
 70
0
  9
$DIMFXL
 40
1.0
  9
$DIMFXLON
 70
0
  9
$DIMJOGANG
 40
0.785398163397
  9
$DIMTFILL
 70
0
  9
$DIMTFILLCLR
 70
0
  9
$DIMARCSYM
 70
0
  9
$DIMLTYPE
  6

  9
$DIMLTEX1
  6

  9
$DIMLTEX2
  6

  9
$DIMTXTDIRECTION
 70
0
  9
$LUNITS
 70
2
  9
$LUPREC
 70
4
  9
$SKETCHINC
 40
1.0
  9
$FILLETRAD
 40
10.0
  9
$AUNITS
 70
0
  9
$AUPREC
 70
2
  9
$MENU
  1
.
  9
$ELEVATION
 40
0.0
  9
$PELEVATION
 40
0.0
  9
$THICKNESS
 40
0.0
  9
$LIMCHECK
 70
0
  9
$CHAMFERA
 40
0.0
  9
$CHAMFERB
 40
0.0
  9
$CHAMFERC
 40
0.0
  9
$CHAMFERD
 40
0.0
  9
$SKPOLY
 70
0
  9
$TDCREATE
 40
2461308.5684837964
  9
$TDUCREATE
 40
2458532.153996898
  9
$TDUPDATE
 40
2461308.5684837964
  9
$TDUUPDATE
 40
2458532.1544311
  9
$TDINDWG
 40
0.0
  9
$TDUSRTIMER
 40
0.0
  9
$USRTIMER
 70
1
  9
$ANGBASE
 50
0.0
  9
$ANGDIR
 70
0
  9
$PDMODE
 70
0
  9
$PDSIZE
 40
0.0
  9
$PLINEWID
 40
0.0
  9
$SPLFRAME
 70
0
  9
$SPLINETYPE
 70
6
  9
$SPLINESEGS
 70
8
  9
$HANDSEED
  5
824
  9
$SURFTAB1
 70
6
  9
$SURFTAB2
 70
6
  9
$SURFTYPE
 70
6
  9
$SURFU
 70
6
  9
$SURFV
 70
6
  9
$UCSBASE
  2

  9
$UCSNAME
  2

  9
$UCSORG
 10
0.0
 20
0.0
 30
0.0
  9
$UCSXDIR
 10
1.0
 20
0.0
 30
0.0
  9
$UCSYDIR
 10
0.0
 20
1.0
 30
0.0
  9
$UCSORTHOREF
  2

  9
$UCSORTHOVIEW
 70
0
  9
$UCSORGTOP
 10
0.0
 20
0.0
 30
0.0
  9
$UCSORGBOTTOM
 10
0.0
 20
0.0
 30
0.0
  9
$UCSORGLEFT
 10
0.0
 20
0.0
 30
0.0
  9
$UCSORGRIGHT
 10
0.0
 20
0.0
 30
0.0
  9
$UCSORGFRONT
 10
0.0
 20
0.0
 30
0.0
  9
$UCSORGBACK
 10
0.0
 20
0.0
 30
0.0
  9
$PUCSBASE
  2

  9
$PUCSNAME
  2

  9
$PUCSORG
 10
0.0
 20
0.0
 30
0.0
  9
$PUCSXDIR
 10
1.0
 20
0.0
 30
0.0
  9
$PUCSYDIR
 10
0.0
 20
1.0
 30
0.0
  9
$PUCSORTHOREF
  2

  9
$PUCSORTHOVIEW
 70
0
  9
$PUCSORGTOP
 10
0.0
 20
0.0
 30
0.0
  9
$PUCSORGBOTTOM
 10
0.0
 20
0.0
 30
0.0
  9
$PUCSORGLEFT
 10
0.0
 20
0.0
 30
0.0
  9
$PUCSORGRIGHT
 10
0.0
 20
0.0
 30
0.0
  9
$PUCSORGFRONT
 10
0.0
 20
0.0
 30
0.0
  9
$PUCSORGBACK
 10
0.0
 20
0.0
 30
0.0
  9
$USERI1
 70
0
  9
$USERI2
 70
0
  9
$USERI3
 70
0
  9
$USERI4
 70
0
  9
$USERI5
 70
0
  9
$USERR1
 40
0.0
  9
$USERR2
 40
0.0
  9
$USERR3
 40
0.0
  9
$USERR4
 40
0.0
  9
$USERR5
 40
0.0
  9
$WORLDVIEW
 70
1
  9
$SHADEDGE
 70
3
  9
$SHADEDIF
 70
70
  9
$TILEMODE
 70
1
  9
$MAXACTVP
 70
64
  9
$PINSBASE
 10
0.0
 20
0.0
 30
0.0
  9
$PLIMCHECK
 70
0
  9
$PEXTMIN
 10
1e+20
 20
1e+20
 30
1e+20
  9
$PEXTMAX
 10
-1e+20
 20
-1e+20
 30
-1e+20
  9
$PLIMMIN
 10
0.0
 20
0.0
  9
$PLIMMAX
 10
420.0
 20
297.0
  9
$UNITMODE
 70
0
  9
$VISRETAIN
 70
1
  9
$PLINEGEN
 70
0
  9
$PSLTSCALE
 70
1
  9
$TREEDEPTH
 70
3020
  9
$CMLSTYLE
  2
Standard
  9
$CMLJUST
 70
0
  9
$CMLSCALE
 40
20.0
  9
$PROXYGRAPHICS
 70
1
  9
$MEASUREMENT
 70
1
  9
$CELWEIGHT
370
-1
  9
$ENDCAPS
280
0
  9
$JOINSTYLE
280
0
  9
$LWDISPLAY
290
0
  9
$INSUNITS
 70
4
  9
$HYPERLINKBASE
  1

  9
$STYLESHEET
  1

  9
$XEDIT
290
1
  9
$CEPSNTYPE
380
0
  9
$PSTYLEMODE
290
1
  9
$FINGERPRINTGUID
  2
{C0315401-43D1-45C9-B7A4-82589327F2B4}
  9
$VERSIONGUID
  2
{7DB2AC7E-4E73-4F3B-AF0F-C0E8353AC4DD}
  9
$EXTNAMES
290
1
  9
$PSVPSCALE
 40
0.0
  9
$OLESTARTUP
290
0
  9
$SORTENTS
280
127
  9
$INDEXCTL
280
0
  9
$HIDETEXT
280
1
  9
$XCLIPFRAME
280
1
  9
$HALOGAP
280
0
  9
$OBSCOLOR
 70
257
  9
$OBSLTYPE
280
0
  9
$INTERSECTIONDISPLAY
280
0
  9
$INTERSECTIONCOLOR
 70
257
  9
$DIMASSOC
280
2
  9
$PROJECTNAME
  1

  9
$CAMERADISPLAY
290
0
  9
$LENSLENGTH
 40
50.0
  9
$CAMERAHEIGHT
 40
0.0
  9
$STEPSPERSEC
 40
24.0
  9
$STEPSIZE
 40
100.0
  9
$3DDWFPREC
 40
2.0
  9
$PSOLWIDTH
 40
0.005
  9
$PSOLHEIGHT
 40
0.08
  9
$LOFTANG1
 40
1.570796326795
  9
$LOFTANG2
 40
1.570796326795
  9
$LOFTMAG1
 40
0.0
  9
$LOFTMAG2
 40
0.0
  9
$LOFTPARAM
 70
7
  9
$LOFTNORMALS
280
1
  9
$LATITUDE
 40
37.795
  9
$LONGITUDE
 40
-122.394
  9
$NORTHDIRECTION
 40
0.0
  9
$TIMEZONE
 70
-8000
  9
$LIGHTGLYPHDISPLAY
280
1
  9
$TILEMODELIGHTSYNCH
280
1
  9
$CMATERIAL
347
20
  9
$SOLIDHIST
280
0
  9
$SHOWHIST
280
1
  9
$DWFFRAME
280
2
  9
$DGNFRAME
280
2
  9
$REALWORLDSCALE
290
1
  9
$INTERFERECOLOR
 62
256
  9
$CSHADOW
280
0
  9
$SHADOWPLANELOCATION
 40
0.0
  0
ENDSEC
  0
SECTION
  2
CLASSES
  0
CLASS
  1
ACDBDICTIONARYWDFLT
  2
AcDbDictionaryWithDefault
  3
ObjectDBX Classes
 90
0
 91
0
280
0
281
0
  0
CLASS
  1
SUN
  2
AcDbSun
  3
SCENEOE
 90
1153
 91
0
280
0
281
0
  0
CLASS
  1
VISUALSTYLE
  2
AcDbVisualStyle
  3
ObjectDBX Classes
 90
4095
 91
0
280
0
281
0
  0
CLASS
  1
MATERIAL
  2
AcDbMaterial
  3
ObjectDBX Classes
 90
1153
 91
0
280
0
281
0
  0
CLASS
  1
SCALE
  2
AcDbScale
  3
ObjectDBX Classes
 90
1153
 91
0
280
0
281
0
  0
CLASS
  1
TABLESTYLE
  2
AcDbTableStyle
  3
ObjectDBX Classes
 90
4095
 91
0
280
0
281
0
  0
CLASS
  1
MLEADERSTYLE
  2
AcDbMLeaderStyle
  3
ACDB_MLEADERSTYLE_CLASS
 90
4095
 91
0
280
0
281
0
  0
CLASS
  1
DICTIONARYVAR
  2
AcDbDictionaryVar
  3
ObjectDBX Classes
 90
0
 91
0
280
0
281
0
  0
CLASS
  1
CELLSTYLEMAP
  2
AcDbCellStyleMap
  3
ObjectDBX Classes
 90
1152
 91
0
280
0
281
0
  0
CLASS
  1
MENTALRAYRENDERSETTINGS
  2
AcDbMentalRayRenderSettings
  3
SCENEOE
 90
1024
 91
0
280
0
281
0
  0
CLASS
  1
ACDBDETAILVIEWSTYLE
  2
AcDbDetailViewStyle
  3
ObjectDBX Classes
 90
1025
 91
0
280
0
281
0
  0
CLASS
  1
ACDBSECTIONVIEWSTYLE
  2
AcDbSectionViewStyle
  3
ObjectDBX Classes
 90
1025
 91
0
280
0
281
0
  0
CLASS
  1
RASTERVARIABLES
  2
AcDbRasterVariables
  3
ISM
 90
0
 91
0
280
0
281
0
  0
CLASS
  1
ACDBPLACEHOLDER
  2
AcDbPlaceHolder
  3
ObjectDBX Classes
 90
0
 91
0
280
0
281
0
  0
CLASS
  1
LAYOUT
  2
AcDbLayout
  3
ObjectDBX Classes
 90
0
 91
0
280
0
281
0
  0
ENDSEC
  0
SECTION
  2
TABLES
  0
TABLE
  2
VPORT
  5
8
330
0
100
AcDbSymbolTable
 70
1
  0
VPORT
  5
23
330
8
100
AcDbSymbolTableRecord
100
AcDbViewportTableRecord
  2
*Active
 70
0
 10
0.0
 20
0.0
 11
1.0
 21
1.0
 12
0.0
 22
0.0
 13
0.0
 23
0.0
 14
0.5
 24
0.5
 15
0.5
 25
0.5
 16
0.0
 26
0.0
 36
1.0
 17
0.0
 27
0.0
 37
0.0
 40
1000.0
 41
1.34
 42
50.0
 43
0.0
 44
0.0
 50
0.0
 51
0.0
 71
0
 72
1000
 73
1
 74
3
 75
0
 76
0
 77
0
 78
0
281
0
 65
0
146
0.0
  0
ENDTAB
  0
TABLE
  2
LTYPE
  5
2
330
0
100
AcDbSymbolTable
 70
8
  0
LTYPE
  5
24
330
2
100
AcDbSymbolTableRecord
100
AcDbLinetypeTableRecord
  2
ByBlock
 70
0
  3

 72
65
 73
0
 40
0.0
  0
LTYPE
  5
25
330
2
100
AcDbSymbolTableRecord
100
AcDbLinetypeTableRecord
  2
ByLayer
 70
0
  3

 72
65
 73
0
 40
0.0
  0
LTYPE
  5
26
330
2
100
AcDbSymbolTableRecord
100
AcDbLinetypeTableRecord
  2
Continuous
 70
0
  3

 72
65
 73
0
 40
0.0
  0
LTYPE
  5
6C6
330
2
100
AcDbSymbolTableRecord
100
AcDbLinetypeTableRecord
  2
CENTER
 70
0
  3
Center ____ _ ____ _ ____ _ ____ _ ____ _ ____
 72
65
 73
4
 40
2.0
 49
1.25
 74
0
 49
-0.25
 74
0
 49
0.25
 74
0
 49
-0.25
 74
0
  0
LTYPE
  5
6C7
330
2
100
AcDbSymbolTableRecord
100
AcDbLinetypeTableRecord
  2
HIDDEN
 70
0
  3
Hidden __ __ __ __ __ __ __ __ __ __ __ __ __ _
 72
65
 73
2
 40
9.524999999999997
 49
6.349999999999997
 74
0
 49
-3.174999999999998
 74
0
  0
LTYPE
  5
6C8
330
2
100
AcDbSymbolTableRecord
100
AcDbLinetypeTableRecord
  2
HIDDEN2
 70
0
  3
Hidden (.5x) _ _ _ _ _ _ _ _ _ _ _ _ _ _ _ _ _
 72
65
 73
2
 40
4.762499999999998
 49
3.174999999999998
 74
0
 49
-1.587499999999999
 74
0
  0
LTYPE
  5
6C9
330
2
100
AcDbSymbolTableRecord
100
AcDbLinetypeTableRecord
  2
DASHED
 70
0
  3
Dashed __ __ __ __ __ __ __ __ __ __ __ __ __ _
 72
65
 73
2
 40
0.75
 49
0.5
 74
0
 49
-0.25
 74
0
  0
LTYPE
  5
6CA
330
2
100
AcDbSymbolTableRecord
100
AcDbLinetypeTableRecord
  2
HIDDENX2
 70
0
  3
Hidden (2x) ____ ____ ____ ____ ____ ____ ____
 72
65
 73
2
 40
19.05
 49
12.7
 74
0
 49
-6.349999999999999
 74
0
  0
ENDTAB
  0
TABLE
  2
LAYER
  5
1
330
0
100
AcDbSymbolTable
 70
15
  0
LAYER
  5
27
330
1
100
AcDbSymbolTableRecord
100
AcDbLayerTableRecord
  2
0
 70
0
 62
7
  6
Continuous
370
-3
390
13
347
21
  0
LAYER
  5
28
330
1
100
AcDbSymbolTableRecord
100
AcDbLayerTableRecord
  2
Defpoints
 70
0
 62
7
  6
Continuous
290
0
370
-3
390
13
347
21
  0
LAYER
  5
6B9
330
1
100
AcDbSymbolTableRecord
100
AcDbLayerTableRecord
  2
hw_Auxiliary
 70
0
 62
2
  6
Continuous
370
13
390
13
347
21
  0
LAYER
  5
6BA
330
1
100
AcDbSymbolTableRecord
100
AcDbLayerTableRecord
  2
@.DM. THIẾT BỊ
 70
0
 62
7
  6
Continuous
370
-3
390
F
347
98
  0
LAYER
  5
6BB
330
1
100
AcDbSymbolTableRecord
100
AcDbLayerTableRecord
  2
HEATER
 70
0
 62
1
  6
Continuous
370
-3
390
13
347
21
  0
LAYER
  5
6BC
330
1
100
AcDbSymbolTableRecord
100
AcDbLayerTableRecord
  2
0 TĂNG CỨNG
 70
0
 62
7
  6
Continuous
370
15
390
13
347
21
  0
LAYER
  5
6BD
330
1
100
AcDbSymbolTableRecord
100
AcDbLayerTableRecord
  2
equipments-cont.
 70
0
 62
140
  6
Continuous
370
-3
390
F
347
98
  0
LAYER
  5
6BE
330
1
100
AcDbSymbolTableRecord
100
AcDbLayerTableRecord
  2
Text
 70
0
 62
4
  6
Continuous
370
-3
390
13
347
21
  0
LAYER
  5
6BF
330
1
100
AcDbSymbolTableRecord
100
AcDbLayerTableRecord
  2
@.DM. NÉT CHÍNH
 70
0
 62
7
  6
Continuous
370
-3
390
F
347
98
  0
LAYER
  5
6C0
330
1
100
AcDbSymbolTableRecord
100
AcDbLayerTableRecord
  2
@.0.DM. NÉT CHÍNH
 70
0
 62
7
  6
Continuous
370
-3
390
F
347
98
  0
LAYER
  5
6C1
330
1
100
AcDbSymbolTableRecord
100
AcDbLayerTableRecord
  2
0 KHUNG KT01
 70
0
 62
7
  6
Continuous
370
-3
390
13
347
21
  0
LAYER
  5
6C2
330
1
100
AcDbSymbolTableRecord
100
AcDbLayerTableRecord
  2
@.0.DM. NÉT CHÍNH @ 1
 70
0
 62
7
  6
Continuous
370
-3
390
F
347
98
  0
LAYER
  5
6C3
330
1
100
AcDbSymbolTableRecord
100
AcDbLayerTableRecord
  2
1-EMC-ACESS
 70
0
 62
4
  6
Continuous
370
-3
390
13
347
21
  0
LAYER
  5
6C4
330
1
100
AcDbSymbolTableRecord
100
AcDbLayerTableRecord
  2
hw_Text
 70
0
 62
7
  6
Continuous
370
13
390
13
347
21
  0
LAYER
  5
6C5
330
1
100
AcDbSymbolTableRecord
100
AcDbLayerTableRecord
  2
hw_Center
 70
0
 62
4
  6
CENTER
370
9
390
13
347
21
  0
ENDTAB
  0
TABLE
  2
STYLE
  5
5
330
0
100
AcDbSymbolTable
 70
6
  0
STYLE
  5
29
330
5
100
AcDbSymbolTableRecord
100
AcDbTextStyleTableRecord
  2
Standard
 70
0
 40
0.0
 41
1.0
 50
0.0
 71
0
 42
2.5
  3
txt
  4

  0
STYLE
  5
6CB
330
5
100
AcDbSymbolTableRecord
100
AcDbTextStyleTableRecord
  2
Tahoma (Input Text)
 70
0
 40
0.0
 41
1.0
 50
0.0
 71
0
 42
25.0
  3
tahoma.ttf
  4

  0
STYLE
  5
6CC
330
5
100
AcDbSymbolTableRecord
100
AcDbTextStyleTableRecord
  2
WD_IEC
 70
0
 40
0.0
 41
1.0
 50
0.0
 71
0
 42
5.0
  3
isocp2.shx
  4

  0
STYLE
  5
6CD
330
5
100
AcDbSymbolTableRecord
100
AcDbTextStyleTableRecord
  2
TEST KÍCH THƯỚC
 70
0
 40
0.0
 41
0.8
 50
0.0
 71
0
 42
2.5
  3
arial.ttf
  4

  0
STYLE
  5
6CE
330
5
100
AcDbSymbolTableRecord
100
AcDbTextStyleTableRecord
  2
Arial
 70
0
 40
0.0
 41
1.0
 50
0.0
 71
0
 42
0.2
  3
arial.ttf
  4

  0
STYLE
  5
6CF
330
5
100
AcDbSymbolTableRecord
100
AcDbTextStyleTableRecord
  2
1_Segoe UI
 70
0
 40
0.0
 41
1.0
 50
0.0
 71
0
 42
28.0
  3
segoeui.ttf
  4

  0
ENDTAB
  0
TABLE
  2
VIEW
  5
7
330
0
100
AcDbSymbolTable
 70
0
  0
ENDTAB
  0
TABLE
  2
UCS
  5
6
330
0
100
AcDbSymbolTable
 70
0
  0
ENDTAB
  0
TABLE
  2
APPID
  5
3
330
0
100
AcDbSymbolTable
 70
3
  0
APPID
  5
2A
330
3
100
AcDbSymbolTableRecord
100
AcDbRegAppTableRecord
  2
ACAD
 70
0
  0
APPID
  5
6D0
330
3
100
AcDbSymbolTableRecord
100
AcDbRegAppTableRecord
  2
HATCHBACKGROUNDCOLOR
 70
0
  0
APPID
  5
6D1
330
3
100
AcDbSymbolTableRecord
100
AcDbRegAppTableRecord
  2
EZDXF
 70
0
  0
ENDTAB
  0
TABLE
  2
DIMSTYLE
  5
4
330
0
100
AcDbSymbolTable
 70
2
100
AcDbDimStyleTable
  0
DIMSTYLE
105
2B
330
4
100
AcDbSymbolTableRecord
100
AcDbDimStyleTableRecord
  2
Standard
 70
0
 40
1.0
 41
2.5
 42
0.625
 43
3.75
 44
1.25
 45
0.0
 46
0.0
 47
0.0
 48
0.0
 49
2.5
140
2.5
141
2.5
142
0.0
143
0.03937007874
144
1.0
145
0.0
146
1.0
147
0.625
148
0.0
 69
0
 70
0
 71
0
 72
0
 73
0
 74
0
 75
0
 76
0
 77
1
 78
8
 79
3
170
0
171
3
172
1
173
0
174
0
175
0
176
0
177
0
178
0
179
2
271
2
272
2
273
2
274
3
275
0
276
0
277
2
278
44
279
0
280
0
281
0
282
0
283
0
284
8
285
0
286
0
288
0
289
3
290
0
371
-2
372
-2
  0
DIMSTYLE
105
6B8
330
4
100
AcDbSymbolTableRecord
100
AcDbDimStyleTableRecord
  2
Kích thước Duy Mạnh
 70
0
 40
1.0
 41
25.0
 42
20.0
 43
3.75
 44
1.25
 45
0.0
 46
0.0
 47
0.0
 48
0.0
 49
2.5
140
25.0
141
2.5
142
0.0
143
0.03937007874016
144
1.0
145
0.0
146
1.0
147
0.625
148
0.0
 69
0
 70
1
 71
0
 72
0
 73
0
 74
0
 75
0
 76
0
 77
1
 78
8
 79
3
170
0
171
3
172
1
173
0
174
1
175
0
176
8
177
8
178
2
179
2
271
0
272
0
273
2
274
3
275
0
276
0
277
2
278
44
279
0
280
0
281
0
282
0
283
0
284
8
285
0
286
0
288
0
289
3
290
0
340
6CD
371
-2
372
-2
  0
ENDTAB
  0
TABLE
  2
BLOCK_RECORD
  5
9
330
0
100
AcDbSymbolTable
 70
52
  0
BLOCK_RECORD
  5
17
330
9
100
AcDbSymbolTableRecord
100
AcDbBlockTableRecord
  2
*Model_Space
340
1A
 70
0
280
1
281
0
  0
BLOCK_RECORD
  5
1B
330
9
100
AcDbSymbolTableRecord
100
AcDbBlockTableRecord
  2
*Paper_Space
340
1E
 70
0
280
1
281
0
  0
BLOCK_RECORD
  5
171
330
9
100
AcDbSymbolTableRecord
100
AcDbBlockTableRecord
  2
KHUNG KT1
340
0
 70
0
280
1
281
0
  0
BLOCK_RECORD
  5
199
330
9
100
AcDbSymbolTableRecord
100
AcDbBlockTableRecord
  2
ÁDFGHD
340
0
 70
0
280
1
281
0
  0
BLOCK_RECORD
  5
382
330
9
100
AcDbSymbolTableRecord
100
AcDbBlockTableRecord
  2
*U12868
340
0
 70
0
280
1
281
0
  0
BLOCK_RECORD
  5
3B3
330
9
100
AcDbSymbolTableRecord
100
AcDbBlockTableRecord
  2
*U12865
340
0
 70
0
280
1
281
0
  0
BLOCK_RECORD
  5
3C8
330
9
100
AcDbSymbolTableRecord
100
AcDbBlockTableRecord
  2
*U12872
340
0
 70
0
280
1
281
0
  0
BLOCK_RECORD
  5
3F9
330
9
100
AcDbSymbolTableRecord
100
AcDbBlockTableRecord
  2
*U12870
340
0
 70
0
280
1
281
0
  0
BLOCK_RECORD
  5
40E
330
9
100
AcDbSymbolTableRecord
100
AcDbBlockTableRecord
  2
knn
340
0
 70
0
280
1
281
0
  0
BLOCK_RECORD
  5
426
330
9
100
AcDbSymbolTableRecord
100
AcDbBlockTableRecord
  2
HL011-1-6
340
0
 70
0
280
1
281
0
  0
BLOCK_RECORD
  5
456
330
9
100
AcDbSymbolTableRecord
100
AcDbBlockTableRecord
  2
*U470
340
0
 70
0
280
1
281
0
  0
BLOCK_RECORD
  5
4B4
330
9
100
AcDbSymbolTableRecord
100
AcDbBlockTableRecord
  2
*U10954
340
0
 70
0
280
1
281
0
  0
BLOCK_RECORD
  5
519
330
9
100
AcDbSymbolTableRecord
100
AcDbBlockTableRecord
  2
*U12843
340
0
 70
0
280
1
281
0
  0
BLOCK_RECORD
  5
523
330
9
100
AcDbSymbolTableRecord
100
AcDbBlockTableRecord
  2
KTRONG
340
0
 70
0
280
1
281
0
  0
BLOCK_RECORD
  5
531
330
9
100
AcDbSymbolTableRecord
100
AcDbBlockTableRecord
  2
SDGHGFH
340
0
 70
0
280
1
281
0
  0
BLOCK_RECORD
  5
54A
330
9
100
AcDbSymbolTableRecord
100
AcDbBlockTableRecord
  2
BL012-FRONT
340
0
 70
0
280
1
281
0
  0
BLOCK_RECORD
  5
55C
330
9
100
AcDbSymbolTableRecord
100
AcDbBlockTableRecord
  2
TV-HTS4
340
0
 70
0
280
1
281
0
  0
BLOCK_RECORD
  5
57C
330
9
100
AcDbSymbolTableRecord
100
AcDbBlockTableRecord
  2
ok
340
0
 70
0
280
1
281
0
  0
BLOCK_RECORD
  5
590
330
9
100
AcDbSymbolTableRecord
100
AcDbBlockTableRecord
  2
*U12866
340
0
 70
0
280
1
281
0
  0
BLOCK_RECORD
  5
595
330
9
100
AcDbSymbolTableRecord
100
AcDbBlockTableRecord
  2
*U12869
340
0
 70
0
280
1
281
0
  0
BLOCK_RECORD
  5
59A
330
9
100
AcDbSymbolTableRecord
100
AcDbBlockTableRecord
  2
*U12871
340
0
 70
0
280
1
281
0
  0
BLOCK_RECORD
  5
59F
330
9
100
AcDbSymbolTableRecord
100
AcDbBlockTableRecord
  2
*U12873
340
0
 70
0
280
1
281
0
  0
BLOCK_RECORD
  5
5A4
330
9
100
AcDbSymbolTableRecord
100
AcDbBlockTableRecord
  2
khoa Viettep
340
0
 70
0
280
1
281
0
  0
BLOCK_RECORD
  5
5BA
330
9
100
AcDbSymbolTableRecord
100
AcDbBlockTableRecord
  2
*U12926
340
0
 70
0
280
1
281
0
  0
BLOCK_RECORD
  5
5BF
330
9
100
AcDbSymbolTableRecord
100
AcDbBlockTableRecord
  2
*U442
340
0
 70
0
280
1
281
0
  0
BLOCK_RECORD
  5
5C5
330
9
100
AcDbSymbolTableRecord
100
AcDbBlockTableRecord
  2
*U443
340
0
 70
0
280
1
281
0
  0
BLOCK_RECORD
  5
5CB
330
9
100
AcDbSymbolTableRecord
100
AcDbBlockTableRecord
  2
*U441
340
0
 70
0
280
1
281
0
  0
BLOCK_RECORD
  5
5D7
330
9
100
AcDbSymbolTableRecord
100
AcDbBlockTableRecord
  2
*U12997
340
0
 70
0
280
1
281
0
  0
BLOCK_RECORD
  5
5E3
330
9
100
AcDbSymbolTableRecord
100
AcDbBlockTableRecord
  2
*U12998
340
0
 70
0
280
1
281
0
  0
BLOCK_RECORD
  5
5E9
330
9
100
AcDbSymbolTableRecord
100
AcDbBlockTableRecord
  2
*U12999
340
0
 70
0
280
1
281
0
  0
BLOCK_RECORD
  5
685
330
9
100
AcDbSymbolTableRecord
100
AcDbBlockTableRecord
  2
*U10959
340
0
 70
0
280
1
281
0
  0
BLOCK_RECORD
  5
68B
330
9
100
AcDbSymbolTableRecord
100
AcDbBlockTableRecord
  2
MS722
340
0
 70
0
280
1
281
0
  0
BLOCK_RECORD
  5
692
330
9
100
AcDbSymbolTableRecord
100
AcDbBlockTableRecord
  2
khoa Viettep-1
340
0
 70
0
280
1
281
0
  0
BLOCK_RECORD
  5
698
330
9
100
AcDbSymbolTableRecord
100
AcDbBlockTableRecord
  2
SDGFGHGHG
340
0
 70
0
280
1
281
0
  0
BLOCK_RECORD
  5
6AD
330
9
100
AcDbSymbolTableRecord
100
AcDbBlockTableRecord
  2
SĐFHGGH
340
0
 70
0
280
1
281
0
  0
BLOCK_RECORD
  5
758
330
9
100
AcDbSymbolTableRecord
100
AcDbBlockTableRecord
  2
*D1
340
0
 70
0
280
1
281
0
  0
BLOCK_RECORD
  5
764
330
9
100
AcDbSymbolTableRecord
100
AcDbBlockTableRecord
  2
*D2
340
0
 70
0
280
1
281
0
  0
BLOCK_RECORD
  5
770
330
9
100
AcDbSymbolTableRecord
100
AcDbBlockTableRecord
  2
*D3
340
0
 70
0
280
1
281
0
  0
BLOCK_RECORD
  5
77C
330
9
100
AcDbSymbolTableRecord
100
AcDbBlockTableRecord
  2
*D4
340
0
 70
0
280
1
281
0
  0
BLOCK_RECORD
  5
788
330
9
100
AcDbSymbolTableRecord
100
AcDbBlockTableRecord
  2
*D5
340
0
 70
0
280
1
281
0
  0
BLOCK_RECORD
  5
794
330
9
100
AcDbSymbolTableRecord
100
AcDbBlockTableRecord
  2
*D6
340
0
 70
0
280
1
281
0
  0
BLOCK_RECORD
  5
7A0
330
9
100
AcDbSymbolTableRecord
100
AcDbBlockTableRecord
  2
*D7
340
0
 70
0
280
1
281
0
  0
BLOCK_RECORD
  5
7AC
330
9
100
AcDbSymbolTableRecord
100
AcDbBlockTableRecord
  2
*D8
340
0
 70
0
280
1
281
0
  0
BLOCK_RECORD
  5
7B8
330
9
100
AcDbSymbolTableRecord
100
AcDbBlockTableRecord
  2
*D9
340
0
 70
0
280
1
281
0
  0
BLOCK_RECORD
  5
7C4
330
9
100
AcDbSymbolTableRecord
100
AcDbBlockTableRecord
  2
*D10
340
0
 70
0
280
1
281
0
  0
BLOCK_RECORD
  5
7D0
330
9
100
AcDbSymbolTableRecord
100
AcDbBlockTableRecord
  2
*D11
340
0
 70
0
280
1
281
0
  0
BLOCK_RECORD
  5
7DC
330
9
100
AcDbSymbolTableRecord
100
AcDbBlockTableRecord
  2
*D12
340
0
 70
0
280
1
281
0
  0
BLOCK_RECORD
  5
7E8
330
9
100
AcDbSymbolTableRecord
100
AcDbBlockTableRecord
  2
*D13
340
0
 70
0
280
1
281
0
  0
BLOCK_RECORD
  5
7F4
330
9
100
AcDbSymbolTableRecord
100
AcDbBlockTableRecord
  2
*D14
340
0
 70
0
280
1
281
0
  0
BLOCK_RECORD
  5
800
330
9
100
AcDbSymbolTableRecord
100
AcDbBlockTableRecord
  2
*D15
340
0
 70
0
280
1
281
0
  0
BLOCK_RECORD
  5
80C
330
9
100
AcDbSymbolTableRecord
100
AcDbBlockTableRecord
  2
*D16
340
0
 70
0
280
1
281
0
  0
BLOCK_RECORD
  5
818
330
9
100
AcDbSymbolTableRecord
100
AcDbBlockTableRecord
  2
*D17
340
0
 70
0
280
1
281
0
  0
ENDTAB
  0
ENDSEC
  0
SECTION
  2
BLOCKS
  0
BLOCK
  5
18
330
17
100
AcDbEntity
  8
0
100
AcDbBlockBegin
  2
*Model_Space
 70
0
 10
0.0
 20
0.0
 30
0.0
  3
*Model_Space
  1

  0
ENDBLK
  5
19
330
17
100
AcDbEntity
  8
0
100
AcDbBlockEnd
  0
BLOCK
  5
1C
330
1B
100
AcDbEntity
  8
0
100
AcDbBlockBegin
  2
*Paper_Space
 70
0
 10
0.0
 20
0.0
 30
0.0
  3
*Paper_Space
  1

  0
ENDBLK
  5
1D
330
1B
100
AcDbEntity
  8
0
100
AcDbBlockEnd
  0
BLOCK
  5
172
330
171
100
AcDbEntity
  8
0
100
AcDbBlockBegin
  2
KHUNG KT1
 70
2
 10
0.0
 20
0.0
 30
0.0
  3
KHUNG KT1
  1

  0
LWPOLYLINE
  5
174
330
171
100
AcDbEntity
  8
0
 62
7
100
AcDbPolyline
 90
4
 70
1
 10
0.0
 20
0.0
 10
7127.999999995245
 20
0.0
 10
7127.999999995245
 20
-5039.999999996696
 10
0.0
 20
-5039.999999996696
  0
LINE
  5
175
330
171
100
AcDbEntity
  8
0
 62
7
100
AcDbLine
 10
4847.999999996078
 20
-4895.999999996798
 30
0.0
 11
0.0
 21
-4895.999999996798
 31
0.0
  0
LINE
  5
176
330
171
100
AcDbEntity
  8
0
 62
7
100
AcDbLine
 10
7127.999999995245
 20
-4751.999999996929
 30
0.0
 11
0.0
 21
-4751.999999996929
 31
0.0
  0
LINE
  5
177
330
171
100
AcDbEntity
  8
0
 62
7
100
AcDbLine
 10
2294.061060621767
 20
-4751.999999996929
 30
0.0
 11
2294.061060621767
 21
-5039.999999996696
 31
0.0
  0
LINE
  5
178
330
171
100
AcDbEntity
  8
0
 62
7
100
AcDbLine
 10
4052.779220775632
 20
-4751.999999996929
 30
0.0
 11
4052.779220775632
 21
-5039.999999996696
 31
0.0
  0
LINE
  5
179
330
171
100
AcDbEntity
  8
0
 62
7
100
AcDbLine
 10
4868.779220774974
 20
-4751.999999996929
 30
0.0
 11
4868.779220774974
 21
-5039.999999996696
 31
0.0
  0
LINE
  5
17A
330
171
100
AcDbEntity
  8
0
 62
7
100
AcDbLine
 10
6863.999999995456
 20
-4751.999999996929
 30
0.0
 11
6863.999999995456
 21
-5039.999999996696
 31
0.0
  0
MTEXT
  5
17B
330
171
100
AcDbEntity
  8
0
 62
2
100
AcDbMText
 10
0.0
 20
-4823.999999996871
 30
0.0
 40
47.99999999996116
 41
2202.32145358641
 46
60.00000000000113
 71
4
 72
5
  1
  Thiết kế :
  7
Arial
  0
MTEXT
  5
17C
330
171
100
AcDbEntity
  8
0
 62
2
100
AcDbMText
 10
451.9041223475523
 20
-4967.999999996755
 30
0.0
 40
47.99999999996116
 41
2202.32145358641
 46
60.00000000000113
 71
4
 72
5
  1
  Nhận đơn :
  7
Arial
  0
MTEXT
  5
17D
330
171
100
AcDbEntity
  8
0
 62
2
100
AcDbMText
 10
1066.948541164482
 20
-4823.999999996871
 30
0.0
 40
47.99999999996116
 41
2202.32145358641
 46
60.00000000000113
 71
4
 72
5
  1
  Khách hàng :
  7
Arial
  0
MTEXT
  5
17E
330
171
100
AcDbEntity
  8
0
 62
2
100
AcDbMText
 10
1356.650857863828
 20
-4967.999999996755
 30
0.0
 40
47.99999999996116
 41
2202.32145358641
 46
60.00000000000113
 71
4
 72
5
  1
  Giao hàng :
  7
Arial
  0
MTEXT
  5
17F
330
171
100
AcDbEntity
  8
0
 62
2
100
AcDbMText
 10
2299.10147474254
 20
-4823.999999996871
 30
0.0
 40
47.99999999996116
 41
2202.32145358641
 46
60.00000000000113
 71
4
 72
5
  1
  Tên sản phẩm :
  7
Arial
  0
MTEXT
  5
180
330
171
100
AcDbEntity
  8
0
 62
2
100
AcDbMText
 10
2307.048073608581
 20
-4967.999999996755
 30
0.0
 40
47.99999999996116
 41
2202.32145358641
 46
60.00000000000113
 71
4
 72
5
  1
  Kích thước :
  7
Arial
  0
MTEXT
  5
181
330
171
100
AcDbEntity
  8
0
 62
2
100
AcDbMText
 10
4052.779220775632
 20
-4823.999999996871
 30
0.0
 40
47.99999999996116
 41
2202.32145358641
 46
60.00000000000113
 71
4
 72
5
  1
  Số lượng :
  7
Arial
  0
MTEXT
  5
182
330
171
100
AcDbEntity
  8
0
 62
2
100
AcDbMText
 10
4052.779220775632
 20
-4967.999999996755
 30
0.0
 40
47.99999999996116
 41
2202.32145358641
 46
60.00000000000113
 71
4
 72
5
  1
  Loại tôn :
  7
Arial
  0
MTEXT
  5
183
330
171
100
AcDbEntity
  8
0
 62
2
100
AcDbMText
 10
4998.751896641312
 20
-4895.999999996798
 30
0.0
 40
47.99999999996116
 41
259.9453517326651
 46
120.0000000000011
 71
5
 72
5
  1
Thông\Ptin :
  7
Arial
  0
MTEXT
  5
184
330
171
100
AcDbEntity
  8
0
 62
2
100
AcDbMText
 10
6995.999999995351
 20
-4823.999999996871
 30
0.0
 40
47.99999999996116
 41
263.9999999998019
 46
60.00000000000113
 71
5
 72
5
  1
Tờ
  7
Arial
  0
LINE
  5
185
330
171
100
AcDbEntity
  8
0
 62
7
100
AcDbLine
 10
5128.724572507625
 20
-4811.999999996871
 30
0.0
 11
5128.724572507625
 21
-4979.999999996755
 31
0.0
  0
MTEXT
  5
186
330
171
100
AcDbEntity
  8
0
 62
2
100
AcDbMText
 10
3729.519593965783
 20
-4967.999999996755
 30
0.0
 40
47.99999999996116
 41
2202.32145358641
 46
60.00000000000113
 71
4
 72
5
  1
mm
  7
Arial
  0
MTEXT
  5
187
330
171
100
AcDbEntity
  8
0
 62
2
100
AcDbMText
 10
4695.043376327102
 20
-4823.999999996871
 30
0.0
 40
47.99999999996116
 41
2202.32145358641
 46
60.00000000000113
 71
4
 72
5
  1
cái
  7
Arial
  0
MTEXT
  5
188
330
171
100
AcDbEntity
  8
0
 62
2
100
AcDbMText
 10
4669.292205962738
 20
-4967.999999996755
 30
0.0
 40
47.99999999996116
 41
2202.32145358641
 46
60.00000000000113
 71
4
 72
5
  1
mm
  7
Arial
  0
LINE
  5
189
330
171
100
AcDbEntity
  8
0 KHUNG KT01
100
AcDbLine
 10
1077.922077905314
 20
-4751.999999996929
 30
0.0
 11
1077.922077905314
 21
-4895.999999996798
 31
0.0
  0
LINE
  5
18A
330
171
100
AcDbEntity
  8
0 KHUNG KT01
100
AcDbLine
 10
476.3229637316363
 20
-4895.999999996798
 30
0.0
 11
476.3229637316363
 21
-5039.999999996696
 31
0.0
  0
LINE
  5
18B
330
171
100
AcDbEntity
  8
0 KHUNG KT01
100
AcDbLine
 10
1385.102023658106
 20
-4895.999999996798
 30
0.0
 11
1385.102023658106
 21
-5039.999999996696
 31
0.0
  0
MTEXT
  5
18C
330
171
100
AcDbEntity
  8
0
 62
2
100
AcDbMText
 10
18.16562791402975
 20
-4967.999999996755
 30
0.0
 40
47.99999999996116
 41
2202.32145358641
 46
60.00000000000113
 71
4
 72
5
  1
CNC:
  7
Arial
  0
ATTDEF
  5
18D
330
171
100
AcDbEntity
  8
0 TĂNG CỨNG
 62
1
100
AcDbText
 10
852.8495518222408
 20
-4987.605569309598
 30
0.0
 40
60.0
  1
........
  7
Arial
100
AcDbAttributeDefinition
  3
Nhận đơn
  2
#12
 70
0
280
1
 71
1
 72
0
  0
ATTDEF
  5
18E
330
171
100
AcDbEntity
  8
0
 62
1
100
AcDbText
 10
328.9284188097572
 20
-4851.060508056878
 30
0.0
 40
59.99999999995146
  1
......
  7
Tahoma (Input Text)
100
AcDbAttributeDefinition
  3
Thiết kế
  2
#01
 70
8
 71
1
 72
0
  0
ATTDEF
  5
18F
330
171
100
AcDbEntity
  8
0
 62
1
100
AcDbText
 10
1514.718338636205
 20
-4846.323841171368
 30
0.0
 40
59.99999999995146
  1
......
  7
Tahoma (Input Text)
100
AcDbAttributeDefinition
  3
Khách hàng
  2
#03
 70
8
 71
1
 72
0
  0
ATTDEF
  5
190
330
171
100
AcDbEntity
  8
0
 62
1
100
AcDbText
 10
1755.302922676699
 20
-4995.060508056762
 30
0.0
 40
59.99999999995146
  1
......
  7
Tahoma (Input Text)
100
AcDbAttributeDefinition
  3
Giao hàng
  2
#04
 70
8
 71
1
 72
0
  0
ATTDEF
  5
191
330
171
100
AcDbEntity
  8
0
 62
1
100
AcDbText
 10
2819.00909983529
 20
-4851.060508056878
 30
0.0
 40
59.99999999995146
  1
......
  7
Tahoma (Input Text)
100
AcDbAttributeDefinition
  3
Tên s.phẩm
  2
#05
 70
8
 71
1
 72
0
  0
ATTDEF
  5
192
330
171
100
AcDbEntity
  8
0
 62
1
100
AcDbText
 10
2727.842207552989
 20
-4995.060508056762
 30
0.0
 40
59.99999999995146
  1
......
  7
Tahoma (Input Text)
100
AcDbAttributeDefinition
  3
Kích thước
  2
#06
 70
8
 71
1
 72
0
  0
ATTDEF
  5
193
330
171
100
AcDbEntity
  8
0
 62
1
100
AcDbText
 10
4424.014845556656
 20
-4851.060508056878
 30
0.0
 40
59.99999999995146
  1
......
  7
Tahoma (Input Text)
100
AcDbAttributeDefinition
  3
Số lượng
  2
#07
 70
8
 71
1
 72
0
  0
ATTDEF
  5
194
330
171
100
AcDbEntity
  8
0
 62
1
100
AcDbText
 10
4382.653858535366
 20
-4995.060508056762
 30
0.0
 40
59.99999999995146
  1
......
  7
Tahoma (Input Text)
100
AcDbAttributeDefinition
  3
Loại tôn
  2
#08
 70
8
 71
1
 72
0
  0
ATTDEF
  5
195
330
171
100
AcDbEntity
  8
0
 62
1
100
AcDbText
 10
5172.89996674464
 20
-4995.060508056762
 30
0.0
 40
59.99999999995146
  1
......
  7
Tahoma (Input Text)
100
AcDbAttributeDefinition
  3
Thông tin 2
  2
#10
 70
8
 71
1
 72
0
  0
ATTDEF
  5
196
330
171
100
AcDbEntity
  8
0
 62
1
100
AcDbText
 10
5172.89996674464
 20
-4851.060508056878
 30
0.0
 40
59.99999999995146
  1
......
  7
Tahoma (Input Text)
100
AcDbAttributeDefinition
  3
Thông tin 1
  2
#09
 70
8
 71
1
 72
0
  0
ATTDEF
  5
197
330
171
100
AcDbEntity
  8
0
 62
1
100
AcDbText
 10
6921.034111063907
 20
-4961.634720247617
 30
0.0
 40
59.99999999995146
  1
......
  7
Tahoma (Input Text)
 72
1
 11
6995.983741688426
 21
-4961.634720247617
 31
0.0
100
AcDbAttributeDefinition
  3
Số trang
  2
#11
 70
8
 71
1
 72
0
 11
6995.983741688426
 21
-4961.634720247617
 31
0.0
  0
ATTDEF
  5
198
330
171
100
AcDbEntity
  8
0
 62
1
100
AcDbText
 10
189.7862143129714
 20
-4995.060508056762
 30
0.0
 40
59.99999999995146
  1
......
  7
Tahoma (Input Text)
100
AcDbAttributeDefinition
  3
CNC
  2
#02
 70
8
 71
1
 72
0
  0
ENDBLK
  5
173
330
171
100
AcDbEntity
  8
0
100
AcDbBlockEnd
  0
BLOCK
  5
19A
330
199
100
AcDbEntity
  8
0
100
AcDbBlockBegin
  2
ÁDFGHD
 70
0
 10
0.0
 20
0.0
 30
0.0
  3
ÁDFGHD
  1

  0
LINE
  5
19C
330
199
100
AcDbEntity
  8
@.0.DM. NÉT CHÍNH
100
AcDbLine
 10
-80509.68034281403
 20
-49904.05646659389
 30
0.0
 11
-80509.23319725577
 21
-49904.31462620231
 31
0.0
  0
ELLIPSE
  5
19D
330
199
100
AcDbEntity
  8
@.0.DM. NÉT CHÍNH
100
AcDbEllipse
 10
-80504.99055656866
 20
-49904.31462620231
 30
0.0
 11
-0.7499999999999922
 21
-1.299038105676746
 31
0.0
 40
0.5773502691896056
 41
0.2617993877991962
 42
0.7853981633974261
  0
ELLIPSE
  5
19E
330
199
100
AcDbEntity
  8
@.0.DM. NÉT CHÍNH
100
AcDbEllipse
 10
-80504.99055656866
 20
-49904.31462620231
 30
0.0
 11
1.499999999999709
 21
2.598076211353373
 31
0.0
210
0.0
220
0.0
230
0.9999999999999998
 40
0.5773502691896057
 41
3.674310561844931
 42
3.926990816987047
  0
LINE
  5
19F
330
199
100
AcDbEntity
  8
@.0.DM. NÉT CHÍNH
100
AcDbLine
 10
-80504.99055656866
 20
-49905.53937107369
 30
0.0
 11
-80504.99055656866
 21
-49906.76411594509
 31
0.0
  0
LINE
  5
1A0
330
199
100
AcDbEntity
  8
@.0.DM. NÉT CHÍNH
100
AcDbLine
 10
-80507.11187691224
 20
-49906.55398294605
 30
0.0
 11
-80509.68034281403
 21
-49905.07107846624
 31
0.0
  0
LINE
  5
1A1
330
199
100
AcDbEntity
  8
@.0.DM. NÉT CHÍNH
100
AcDbLine
 10
-80509.23319725577
 20
-49904.31462620231
 30
0.0
 11
-80509.68034281403
 21
-49903.54014737705
 31
0.0
  0
ELLIPSE
  5
1A2
330
199
100
AcDbEntity
  8
@.0.DM. NÉT CHÍNH
100
AcDbEllipse
 10
-80507.11187691224
 20
-49903.08988133092
 30
0.0
 11
2.121320343559701
 21
-3.674234614174761
 31
0.0
 40
0.5773502691896156
 41
4.712388980384625
 42
6.030505052037542
  0
LINE
  5
1A3
330
199
100
AcDbEntity
  8
@.0.DM. NÉT CHÍNH
100
AcDbLine
 10
-80505.58824740748
 20
-49906.95362991645
 30
0.0
 11
-80506.16319361418
 21
-49905.95779387482
 31
0.0
  0
LINE
  5
1A4
330
199
100
AcDbEntity
  8
@.0.DM. NÉT CHÍNH
100
AcDbLine
 10
-80505.52088665456
 20
-49906.99252066527
 30
0.0
 11
-80505.58824740748
 21
-49906.95362991645
 31
0.0
  0
LINE
  5
1A5
330
199
100
AcDbEntity
  8
@.0.DM. NÉT CHÍNH
100
AcDbLine
 10
-80505.52088665456
 20
-49905.68147259193
 30
0.0
 11
-80505.52088665456
 21
-49906.99252066527
 31
0.0
  0
LINE
  5
1A6
330
199
100
AcDbEntity
  8
@.0.DM. NÉT CHÍNH
100
AcDbLine
 10
-80505.58824740748
 20
-49905.64258184311
 30
0.0
 11
-80505.52088665456
 21
-49905.68147259193
 31
0.0
  0
ELLIPSE
  5
1A7
330
199
100
AcDbEntity
  8
@.0.DM. NÉT CHÍNH
100
AcDbEllipse
 10
-80312.48073539064
 20
-49790.71953938073
 30
0.0
 11
2.121320343559759
 21
-3.674234614174814
 31
0.0
210
0.0
220
0.0
230
0.9999999999999998
 40
0.5773502691896124
 41
0.2987032083223759
 42
0.8816353119002027
  0
LINE
  5
1A8
330
199
100
AcDbEntity
  8
@.0.DM. NÉT CHÍNH
100
AcDbLine
 10
-80309.8290849612
 20
-49792.69875820605
 30
0.0
 11
-80309.89644571411
 21
-49792.65986745723
 31
0.0
  0
LINE
  5
1A9
330
199
100
AcDbEntity
  8
@.0.DM. NÉT CHÍNH
100
AcDbLine
 10
-80309.8290849612
 20
-49794.00980627939
 30
0.0
 11
-80309.8290849612
 21
-49792.69875820605
 31
0.0
  0
ELLIPSE
  5
1AA
330
199
100
AcDbEntity
  8
@.0.DM. NÉT CHÍNH
100
AcDbEllipse
 10
-80310.35941504709
 20
-49791.94428425212
 30
0.0
 11
0.7499999999999397
 21
1.299038105676833
 31
0.0
210
0.0
220
0.0
230
0.9999999999999998
 40
0.5773502691896057
 41
3.926990816987047
 42
4.45058959258535
  0
LINE
  5
1AB
330
199
100
AcDbEntity
  8
@.0.DM. NÉT CHÍNH
100
AcDbLine
 10
-80310.35941504709
 20
-49794.3937739949
 30
0.0
 11
-80310.35941504709
 21
-49793.16902912351
 31
0.0
  0
ELLIPSE
  5
1AC
330
199
100
AcDbEntity
  8
@.0.DM. NÉT CHÍNH
100
AcDbEllipse
 10
-80310.35941504709
 20
-49791.94428425212
 30
0.0
 11
1.499999999999678
 21
2.59807621135332
 31
0.0
210
0.0
220
0.0
230
0.9999999999999998
 40
0.5773502691896057
 41
3.926990816987047
 42
4.179671072129165
  0
LINE
  5
1AD
330
199
100
AcDbEntity
  8
@.0.DM. NÉT CHÍNH
100
AcDbLine
 10
-80310.35941504709
 20
-49794.3937739949
 30
0.0
 11
-80504.99055656866
 21
-49906.76411594509
 31
0.0
  0
LINE
  5
1AE
330
199
100
AcDbEntity
  8
@.0.DM. NÉT CHÍNH
100
AcDbLine
 10
-80310.35941504709
 20
-49793.16902912351
 30
0.0
 11
-80504.99055656866
 21
-49905.53937107369
 31
0.0
  0
SPLINE
  5
1AF
330
199
100
AcDbEntity
  8
@.0.DM. NÉT CHÍNH
100
AcDbSpline
 70
8
 71
3
 72
8
 73
4
 74
0
 42
1e-09
 40
-0.6876056902669277
 40
-0.6876056902669277
 40
-0.6876056902669277
 40
-0.6876056902669277
 40
-0.5221725118099381
 40
-0.5221725118099381
 40
-0.5221725118099381
 40
-0.5221725118099381
 10
-80877.55057908988
 20
-49723.18168391014
 30
0.0
 10
-80877.34669051848
 20
-49723.37922149948
 30
0.0
 10
-80877.1146983338
 20
-49723.55134556615
 30
0.0
 10
-80876.86181430757
 20
-49723.6973562853
 30
0.0
  0
SPLINE
  5
1B0
330
199
100
AcDbEntity
  8
@.0.DM. NÉT CHÍNH
100
AcDbSpline
 70
8
 71
3
 72
8
 73
4
 74
0
 42
1e-09
 40
-0.9999999999999907
 40
-0.9999999999999907
 40
-0.9999999999999907
 40
-0.9999999999999907
 40
-0.6876056902669277
 40
-0.6876056902669277
 40
-0.6876056902669277
 40
-0.6876056902669277
 10
-80878.3429370352
 20
-49721.82764036496
 30
0.0
 10
-80878.21615935721
 20
-49722.34502943509
 30
0.0
 10
-80877.93559030782
 20
-49722.80866551416
 30
0.0
 10
-80877.55057908988
 20
-49723.18168391014
 30
0.0
  0
LINE
  5
1B1
330
199
100
AcDbEntity
  8
@.0.DM. NÉT CHÍNH
100
AcDbLine
 10
-80878.3429370352
 20
-49707.53294134489
 30
0.0
 11
-80878.3429370352
 21
-49721.82764036496
 31
0.0
  0
SPLINE
  5
1B2
330
199
100
AcDbEntity
  8
@.0.DM. NÉT CHÍNH
100
AcDbSpline
 70
8
 71
3
 72
11
 73
7
 74
0
 42
1e-09
 40
-0.5274183251501583
 40
-0.5274183251501583
 40
-0.5274183251501583
 40
-0.5274183251501583
 40
-0.3839698255986713
 40
-0.3839698255986713
 40
-0.3839698255986713
 40
-0.3123943071979188
 40
-0.3123943071979188
 40
-0.3123943071979188
 40
-0.3123943071979188
 10
-80507.3445163994
 20
-49937.02737799181
 30
0.0
 10
-80507.35221839
 20
-49937.0428164237
 30
0.0
 10
-80507.35437541414
 20
-49937.03361658988
 30
0.0
 10
-80507.34926675248
 20
-49936.99799509188
 30
0.0
 10
-80507.34671771846
 20
-49936.98022127624
 30
0.0
 10
-80507.34232998823
 20
-49936.95605111886
 30
0.0
 10
-80507.33582878391
 20
-49936.9252696536
 30
0.0
  0
SPLINE
  5
1B3
330
199
100
AcDbEntity
  8
@.0.DM. NÉT CHÍNH
100
AcDbSpline
 70
8
 71
3
 72
8
 73
4
 74
0
 42
1e-09
 40
-0.3123943071979188
 40
-0.3123943071979188
 40
-0.3123943071979188
 40
-0.3123943071979188
 40
0.0
 40
0.0
 40
0.0
 40
0.0
 10
-80507.33582878391
 20
-49936.9252696536
 30
0.0
 10
-80507.3074540091
 20
-49936.79092267673
 30
0.0
 10
-80507.23865458916
 20
-49936.52899167262
 30
0.0
 10
-80507.11187691224
 20
-49936.15799285848
 30
0.0
  0
SPLINE
  5
1B4
330
199
100
AcDbEntity
  8
@.0.DM. NÉT CHÍNH
100
AcDbSpline
 70
8
 71
3
 72
8
 73
4
 74
0
 42
1e-09
 40
0.0
 40
0.0
 40
0.0
 40
0.0
 40
0.1128574339071929
 40
0.1128574339071929
 40
0.1128574339071929
 40
0.1128574339071929
 10
-80506.05121674047
 20
-49935.54562042278
 30
0.0
 10
-80506.09701720151
 20
-49935.59941359265
 30
0.0
 10
-80506.1421144984
 20
-49935.64364867405
 30
0.0
 10
-80506.18657238896
 20
-49935.67856332719
 30
0.0
  0
LINE
  5
1B5
330
199
100
AcDbEntity
  8
@.0.DM. NÉT CHÍNH
100
AcDbLine
 10
-80507.11187691224
 20
-49910.43835055926
 30
0.0
 11
-80507.11187691224
 21
-49936.15799285848
 31
0.0
  0
LINE
  5
1B6
330
199
100
AcDbEntity
  8
@.0.DM. NÉT CHÍNH
100
AcDbLine
 10
-80509.2331972558
 20
-49909.21360568787
 30
0.0
 11
-80507.11187691224
 21
-49910.43835055926
 31
0.0
  0
SPLINE
  5
1B7
330
199
100
AcDbEntity
  8
@.0.DM. NÉT CHÍNH
100
AcDbSpline
 70
8
 71
3
 72
8
 73
4
 74
0
 42
1e-09
 40
-0.9086168998307385
 40
-0.9086168998307385
 40
-0.9086168998307385
 40
-0.9086168998307385
 40
-0.3333333333332327
 40
-0.3333333333332327
 40
-0.3333333333332327
 40
-0.3333333333332327
 10
-80506.86214312118
 20
-49936.33663727321
 30
0.0
 10
-80506.4220319346
 20
-49936.69871902949
 30
0.0
 10
-80506.02672878726
 20
-49936.69567439734
 30
0.0
 10
-80505.89865570822
 20
-49936.35411474193
 30
0.0
  0
SPLINE
  5
1B8
330
199
100
AcDbEntity
  8
@.0.DM. NÉT CHÍNH
100
AcDbSpline
 70
8
 71
3
 72
8
 73
4
 74
0
 42
1e-09
 40
-0.2405316454606648
 40
-0.2405316454606648
 40
-0.2405316454606648
 40
-0.2405316454606648
 40
0.0
 40
0.0
 40
0.0
 40
0.0
 10
-80505.85614008388
 20
-49936.16384619921
 30
0.0
 10
-80505.83731104064
 20
-49935.98172120345
 30
0.0
 10
-80505.8656073768
 20
-49935.74695262775
 30
0.0
 10
-80505.94515072329
 20
-49935.48438317922
 30
0.0
  0
SPLINE
  5
1B9
330
199
100
AcDbEntity
  8
@.0.DM. NÉT CHÍNH
100
AcDbSpline
 70
8
 71
3
 72
8
 73
4
 74
0
 42
1e-09
 40
-0.3333333333332327
 40
-0.3333333333332327
 40
-0.3333333333332327
 40
-0.3333333333332327
 40
-0.2405316454606648
 40
-0.2405316454606648
 40
-0.2405316454606648
 40
-0.2405316454606648
 10
-80505.89865570822
 20
-49936.35411474193
 30
0.0
 10
-80505.8779956397
 20
-49936.29901615337
 30
0.0
 10
-80505.86340468725
 20
-49936.23411348973
 30
0.0
 10
-80505.85614008388
 20
-49936.16384619921
 30
0.0
  0
SPLINE
  5
1BA
330
199
100
AcDbEntity
  8
@.0.DM. NÉT CHÍNH
100
AcDbSpline
 70
8
 71
3
 72
10
 73
6
 74
0
 42
1e-09
 40
-0.1271657232366653
 40
-0.1271657232366653
 40
-0.1271657232366653
 40
-0.1271657232366653
 40
-0.1131073463944177
 40
-0.1131073463944177
 40
0.0
 40
0.0
 40
0.0
 40
0.0
 10
-80506.43139679261
 20
-49935.89130924499
 30
0.0
 10
-80506.4137939389
 20
-49935.90893890898
 30
0.0
 10
-80506.39590409074
 20
-49935.92650935068
 30
0.0
 10
-80506.23151447703
 20
-49936.08503956376
 30
0.0
 10
-80506.06698273333
 20
-49936.22293552429
 30
0.0
 10
-80505.89865570822
 20
-49936.35411474193
 30
0.0
  0
SPLINE
  5
1BB
330
199
100
AcDbEntity
  8
@.0.DM. NÉT CHÍNH
100
AcDbSpline
 70
8
 71
3
 72
10
 73
6
 74
0
 42
1e-09
 40
-0.1266645880786503
 40
-0.1266645880786503
 40
-0.1266645880786503
 40
-0.1266645880786503
 40
-0.1203991935208836
 40
-0.1203991935208836
 40
0.0
 40
0.0
 40
0.0
 40
0.0
 10
-80506.36814510816
 20
-49935.83402085826
 30
0.0
 10
-80506.36064246244
 20
-49935.83950924386
 30
0.0
 10
-80506.35306824376
 20
-49935.84500256716
 30
0.0
 10
-80506.1984627099
 20
-49935.95621749753
 30
0.0
 10
-80506.0341732652
 20
-49936.05804227473
 30
0.0
 10
-80505.85614008363
 20
-49936.16384619683
 30
0.0
  0
SPLINE
  5
1BC
330
199
100
AcDbEntity
  8
@.0.DM. NÉT CHÍNH
100
AcDbSpline
 70
8
 71
3
 72
8
 73
4
 74
0
 42
1e-09
 40
-0.4766772317236426
 40
-0.4766772317236426
 40
-0.4766772317236426
 40
-0.4766772317236426
 40
-0.4144743841239672
 40
-0.4144743841239672
 40
-0.4144743841239672
 40
-0.4144743841239672
 10
-80507.3358287846
 20
-49936.92526965686
 30
0.0
 10
-80507.24859696765
 20
-49936.83380804474
 30
0.0
 10
-80507.17394387646
 20
-49936.7450369032
 30
0.0
 10
-80507.1113025289
 20
-49936.65748601241
 30
0.0
  0
LINE
  5
1BD
330
199
100
AcDbEntity
  8
@.0.DM. NÉT CHÍNH
100
AcDbLine
 10
-80507.11187691224
 20
-49936.15799285848
 30
0.0
 11
-80506.05121674047
 21
-49935.54562042278
 31
0.0
  0
LINE
  5
1BE
330
199
100
AcDbEntity
  8
@.0.DM. NÉT CHÍNH
100
AcDbLine
 10
-80508.17253708403
 20
-49908.60123325218
 30
0.0
 11
-80506.05121674047
 21
-49909.82597812356
 31
0.0
  0
LINE
  5
1BF
330
199
100
AcDbEntity
  8
@.0.DM. NÉT CHÍNH
100
AcDbLine
 10
-80506.05121674047
 20
-49935.54562042278
 30
0.0
 11
-80506.05121674047
 21
-49909.82597812356
 31
0.0
  0
LINE
  5
1C0
330
199
100
AcDbEntity
  8
@.0.DM. NÉT CHÍNH
100
AcDbLine
 10
-80505.94515072329
 20
-49909.76474087999
 30
0.0
 11
-80504.9905565687
 21
-49909.21360568787
 31
0.0
  0
LINE
  5
1C1
330
199
100
AcDbEntity
  8
@.0.DM. NÉT CHÍNH
100
AcDbLine
 10
-80505.94515072329
 20
-49935.48438317922
 30
0.0
 11
-80505.94515072329
 21
-49909.76474087999
 31
0.0
  0
LINE
  5
1C2
330
199
100
AcDbEntity
  8
@.0.DM. NÉT CHÍNH
100
AcDbLine
 10
-80505.94515072329
 20
-49935.48438317922
 30
0.0
 11
-80506.05121674047
 21
-49935.42314593565
 31
0.0
  0
LINE
  5
1C3
330
199
100
AcDbEntity
  8
@.0.DM. NÉT CHÍNH
100
AcDbLine
 10
-80505.27475960516
 20
-49907.82477611687
 30
0.0
 11
-80507.11187691224
 21
-49906.76411594509
 31
0.0
  0
ELLIPSE
  5
1C4
330
199
100
AcDbEntity
  8
@.0.DM. NÉT CHÍNH
100
AcDbEllipse
 10
-80507.11187691224
 20
-49907.98886081647
 30
0.0
 11
0.7499999999999274
 21
-1.299038105676744
 31
0.0
 40
0.5773502691896315
 41
0.7853981633977956
 42
2.356194490192535
  0
LINE
  5
1C5
330
199
100
AcDbEntity
  8
@.0.DM. NÉT CHÍNH
100
AcDbLine
 10
-80506.05121674047
 20
-49908.60123325218
 30
0.0
 11
-80504.9905565687
 21
-49909.21360568787
 31
0.0
  0
ELLIPSE
  5
1C6
330
199
100
AcDbEntity
  8
@.0.DM. NÉT CHÍNH
100
AcDbEllipse
 10
-80507.11187691224
 20
-49907.98886081647
 30
0.0
 11
-1.500000000000201
 21
2.598076211353373
 31
0.0
210
0.0
220
0.0
230
0.9999999999999998
 40
0.5773502691896314
 41
3.926990816987059
 42
4.450589592585265
  0
LINE
  5
1C7
330
199
100
AcDbEntity
  8
@.0.DM. NÉT CHÍNH
100
AcDbLine
 10
-80506.05121674047
 20
-49909.82597812356
 30
0.0
 11
-80507.11187691224
 21
-49910.43835055926
 31
0.0
  0
LINE
  5
1C8
330
199
100
AcDbEntity
  8
@.0.DM. NÉT CHÍNH
100
AcDbLine
 10
-80507.11187691224
 20
-49906.76411594509
 30
0.0
 11
-80508.94899421933
 21
-49907.82477611687
 31
0.0
  0
LINE
  5
1C9
330
199
100
AcDbEntity
  8
@.0.DM. NÉT CHÍNH
100
AcDbLine
 10
-80507.11187691224
 20
-49906.76411594509
 30
0.0
 11
-80507.11187691224
 21
-49906.55398294604
 31
0.0
  0
ELLIPSE
  5
1CA
330
199
100
AcDbEntity
  8
@.0.DM. NÉT CHÍNH
100
AcDbEllipse
 10
-80507.11187691224
 20
-49907.98886081647
 30
0.0
 11
-1.49999999999983
 21
-2.598076211353392
 31
0.0
 40
0.5773502691896275
 41
4.285310393989976
 42
4.974188368183696
  0
LINE
  5
1CB
330
199
100
AcDbEntity
  8
@.0.DM. NÉT CHÍNH
100
AcDbLine
 10
-80505.94515072329
 20
-49909.76474087999
 30
0.0
 11
-80507.00581089506
 21
-49909.1523684443
 31
0.0
  0
LINE
  5
1CC
330
199
100
AcDbEntity
  8
@.0.DM. NÉT CHÍNH
100
AcDbLine
 10
-80507.00581089506
 20
-49909.1523684443
 30
0.0
 11
-80507.00581089506
 21
-49909.27484293144
 31
0.0
  0
LINE
  5
1CD
330
199
100
AcDbEntity
  8
@.0.DM. NÉT CHÍNH
100
AcDbLine
 10
-80506.05121674047
 20
-49908.60123325218
 30
0.0
 11
-80507.00581089506
 21
-49909.1523684443
 31
0.0
  0
ELLIPSE
  5
1CE
330
199
100
AcDbEntity
  8
@.0.DM. NÉT CHÍNH
100
AcDbEllipse
 10
-80507.11187691224
 20
-49907.98886081647
 30
0.0
 11
-1.499999999999809
 21
-2.598076211352998
 31
0.0
 40
0.5773502691896275
 41
4.974188368183796
 42
5.497787143782241
  0
LINE
  5
1CF
330
199
100
AcDbEntity
  8
@.0.DM. NÉT CHÍNH
100
AcDbLine
 10
-80508.17253708403
 20
-49908.60123325218
 30
0.0
 11
-80509.2331972558
 21
-49909.21360568787
 31
0.0
  0
ELLIPSE
  5
1D0
330
199
100
AcDbEntity
  8
@.0.DM. NÉT CHÍNH
100
AcDbEllipse
 10
-80507.11187691224
 20
-49907.98886081647
 30
0.0
 11
-0.7499999999999383
 21
-1.299038105676735
 31
0.0
 40
0.5773502691896278
 41
3.926990816987065
 42
5.497787143782016
  0
ELLIPSE
  5
1D1
330
199
100
AcDbEntity
  8
@.0.DM. NÉT CHÍNH
100
AcDbEllipse
 10
-80507.11187691224
 20
-49907.98886081647
 30
0.0
 11
-1.499999999999704
 21
2.59807621135287
 31
0.0
 40
0.5773502691896315
 41
4.450589592585492
 42
4.775052895969264
  0
SPLINE
  5
1D2
330
199
100
AcDbEntity
  8
@.0.DM. NÉT CHÍNH
100
AcDbSpline
 70
8
 71
3
 72
10
 73
6
 74
0
 42
1e-09
 40
0.0
 40
0.0
 40
0.0
 40
0.0
 40
0.0871254376272658
 40
0.0871254376272658
 40
0.1250919806254985
 40
0.1250919806254985
 40
0.1250919806254985
 40
0.1250919806254985
 10
-80507.1113534748
 20
-49936.65747386206
 30
0.0
 10
-80507.19575664635
 20
-49936.77544384422
 30
0.0
 10
-80507.25979399988
 20
-49936.87793363774
 30
0.0
 10
-80507.31966153198
 20
-49936.98201566791
 30
0.0
 10
-80507.33386311549
 20
-49937.00828221013
 30
0.0
 10
-80507.34423594366
 20
-49937.02824510171
 30
0.0
  0
SPLINE
  5
1D3
330
199
100
AcDbEntity
  8
@.0.DM. NÉT CHÍNH
100
AcDbSpline
 70
8
 71
3
 72
12
 73
8
 74
0
 42
1e-09
 40
0.0
 40
0.0
 40
0.0
 40
0.0
 40
0.092095167208558
 40
0.092095167208558
 40
0.1837669981196606
 40
0.1837669981196606
 40
0.2068941922640521
 40
0.2068941922640521
 40
0.2068941922640521
 40
0.2068941922640521
 10
-80506.18677962408
 20
-49935.68040185235
 30
0.0
 10
-80506.36414891575
 20
-49935.82302533554
 30
0.0
 10
-80506.52887713606
 20
-49935.97766097286
 30
0.0
 10
-80506.81456785071
 20
-49936.27796111054
 30
0.0
 10
-80506.93937488121
 20
-49936.42756056664
 30
0.0
 10
-80507.06504801114
 20
-49936.59363452141
 30
0.0
 10
-80507.08894889831
 20
-49936.62615907329
 30
0.0
 10
-80507.1113534748
 20
-49936.65747386206
 30
0.0
  0
LINE
  5
1D4
330
199
100
AcDbEntity
  8
@.0.DM. NÉT CHÍNH
100
AcDbLine
 10
-80878.3429370352
 20
-49721.82764036496
 30
0.0
 11
-80507.11187691224
 21
-49936.15799285848
 31
0.0
  0
LINE
  5
1D5
330
199
100
AcDbEntity
  8
@.0.DM. NÉT CHÍNH
100
AcDbLine
 10
-80309.29875487532
 20
-49821.95053360122
 30
0.0
 11
-80309.4048208925
 21
-49821.88929635765
 31
0.0
  0
LINE
  5
1D6
330
199
100
AcDbEntity
  8
@.0.DM. NÉT CHÍNH
100
AcDbLine
 10
-80505.94515072329
 20
-49935.48438317922
 30
0.0
 11
-80309.4048208925
 21
-49822.01177084479
 31
0.0
  0
LINE
  5
1D7
330
199
100
AcDbEntity
  8
@.0.DM. NÉT CHÍNH
100
AcDbLine
 10
-80876.86187643395
 20
-49723.69734297411
 30
0.0
 11
-80507.35029682636
 21
-49937.03495292924
 31
0.0
  0
LINE
  5
1D8
330
199
100
AcDbEntity
  8
@.0.DM. NÉT CHÍNH
100
AcDbLine
 10
-80506.07042398954
 20
-49936.57132160557
 30
0.0
 11
-80310.52218831336
 21
-49823.67149509836
 31
0.0
  0
LINE
  5
1D9
330
199
100
AcDbEntity
  8
@.0.DM. NÉT CHÍNH
100
AcDbLine
 10
-80309.29875487532
 20
-49821.95053360122
 30
0.0
 11
-80309.29875487532
 21
-49796.230891302
 31
0.0
  0
LINE
  5
1DA
330
199
100
AcDbEntity
  8
@.0.DM. NÉT CHÍNH
100
AcDbLine
 10
-80310.64361808356
 20
-49795.45443416669
 30
0.0
 11
-80309.29875487532
 21
-49796.230891302
 31
0.0
  0
SPLINE
  5
1DB
330
199
100
AcDbEntity
  8
@.0.DM. NÉT CHÍNH
100
AcDbSpline
 70
8
 71
3
 72
8
 73
4
 74
0
 42
1e-09
 40
-0.9999999999999907
 40
-0.9999999999999907
 40
-0.9999999999999907
 40
-0.9999999999999907
 40
-0.6876056902666507
 40
-0.6876056902666507
 40
-0.6876056902666507
 40
-0.6876056902666507
 10
-80308.23809470353
 20
-49821.33816116553
 30
0.0
 10
-80308.36487238148
 20
-49821.70915998266
 30
0.0
 10
-80308.64544143087
 20
-49822.09335396612
 30
0.0
 10
-80309.03045264883
 20
-49822.43360736313
 30
0.0
  0
SPLINE
  5
1DC
330
199
100
AcDbEntity
  8
@.0.DM. NÉT CHÍNH
100
AcDbSpline
 70
8
 71
3
 72
8
 73
4
 74
0
 42
1e-09
 40
-0.6876056902666507
 40
-0.6876056902666507
 40
-0.6876056902666507
 40
-0.6876056902666507
 40
-0.5041555058167126
 40
-0.5041555058167126
 40
-0.5041555058167126
 40
-0.5041555058167126
 10
-80309.03045264883
 20
-49822.43360736313
 30
0.0
 10
-80309.25654632834
 20
-49822.63341749568
 30
0.0
 10
-80309.51719837693
 20
-49822.817863554
 30
0.0
 10
-80309.80257483115
 20
-49822.9813149341
 30
0.0
  0
SPLINE
  5
1DD
330
199
100
AcDbEntity
  8
@.0.DM. NÉT CHÍNH
100
AcDbSpline
 70
8
 71
3
 72
8
 73
4
 74
0
 42
1e-09
 40
-0.0823594872367417
 40
-0.0823594872367417
 40
-0.0823594872367417
 40
-0.0823594872367417
 40
0.0
 40
0.0
 40
0.0
 40
0.0
 10
-80309.58970335402
 20
-49822.58508442854
 30
0.0
 10
-80309.39695007892
 20
-49822.54256992077
 30
0.0
 10
-80309.2108148741
 20
-49822.49094772067
 30
0.0
 10
-80309.03045264883
 20
-49822.43360736313
 30
0.0
  0
SPLINE
  5
1DE
330
199
100
AcDbEntity
  8
@.0.DM. NÉT CHÍNH
100
AcDbSpline
 70
8
 71
3
 72
8
 73
4
 74
0
 42
1e-09
 40
0.3333333333335022
 40
0.3333333333335022
 40
0.3333333333335022
 40
0.3333333333335022
 40
0.5000000000000029
 40
0.5000000000000029
 40
0.5000000000000029
 40
0.5000000000000029
 10
-80310.01972198048
 20
-49823.26335962564
 30
0.0
 10
-80310.16605985988
 20
-49823.42537964151
 30
0.0
 10
-80310.33532677164
 20
-49823.55927544872
 30
0.0
 10
-80310.52192686113
 20
-49823.66429179325
 30
0.0
  0
SPLINE
  5
1DF
330
199
100
AcDbEntity
  8
@.0.DM. NÉT CHÍNH
100
AcDbSpline
 70
8
 71
3
 72
8
 73
4
 74
0
 42
1e-09
 40
0.2405316454606352
 40
0.2405316454606352
 40
0.2405316454606352
 40
0.2405316454606352
 40
0.3333333333335022
 40
0.3333333333335022
 40
0.3333333333335022
 40
0.3333333333335022
 10
-80309.793070332
 20
-49822.96678009982
 30
0.0
 10
-80309.86111815236
 20
-49823.07214059703
 30
0.0
 10
-80309.93823956724
 20
-49823.17314523999
 30
0.0
 10
-80310.01972198048
 20
-49823.26335962564
 30
0.0
  0
SPLINE
  5
1E0
330
199
100
AcDbEntity
  8
@.0.DM. NÉT CHÍNH
100
AcDbSpline
 70
8
 71
3
 72
8
 73
4
 74
0
 42
1e-09
 40
0.0
 40
0.0
 40
0.0
 40
0.0
 40
0.2405316454606352
 40
0.2405316454606352
 40
0.2405316454606352
 40
0.2405316454606352
 10
-80309.4048208925
 20
-49822.01177084479
 30
0.0
 10
-80309.48436423898
 20
-49822.36618903833
 30
0.0
 10
-80309.61669795588
 20
-49822.69369741842
 30
0.0
 10
-80309.793070332
 20
-49822.96678009982
 30
0.0
  0
LINE
  5
1E1
330
199
100
AcDbEntity
  8
@.0.DM. NÉT CHÍNH
100
AcDbLine
 10
-80309.29875487532
 20
-49796.230891302
 30
0.0
 11
-80308.23809470353
 21
-49795.6185188663
 31
0.0
  0
LINE
  5
1E2
330
199
100
AcDbEntity
  8
@.0.DM. NÉT CHÍNH
100
AcDbLine
 10
-80310.35941504709
 20
-49794.39377399491
 30
0.0
 11
-80308.23809470353
 21
-49795.6185188663
 31
0.0
  0
SPLINE
  5
1E3
330
199
100
AcDbEntity
  8
@.0.DM. NÉT CHÍNH
100
AcDbSpline
 70
8
 71
3
 72
8
 73
4
 74
0
 42
1e-09
 40
0.9189807045016046
 40
0.9189807045016046
 40
0.9189807045016046
 40
0.9189807045016046
 40
1.0
 40
1.0
 40
1.0
 40
1.0
 10
-80309.417222057
 20
-49822.06459693431
 30
0.0
 10
-80309.37131855091
 20
-49822.02732277221
 30
0.0
 10
-80309.3316345976
 20
-49821.98915121438
 30
0.0
 10
-80309.29875487532
 20
-49821.95053360122
 30
0.0
  0
ELLIPSE
  5
1E4
330
199
100
AcDbEntity
  8
@.0.DM. NÉT CHÍNH
100
AcDbEllipse
 10
-80312.48073539067
 20
-49795.6185188663
 30
0.0
 11
1.500000000001693
 21
-2.598076211350909
 31
0.0
 40
0.5773502691896316
 41
1.308996938995876
 42
1.57079632679671
  0
LINE
  5
1E5
330
199
100
AcDbEntity
  8
@.0.DM. NÉT CHÍNH
100
AcDbLine
 10
-80308.23809470353
 20
-49821.33816116553
 30
0.0
 11
-80309.29875487532
 21
-49821.95053360122
 31
0.0
  0
LINE
  5
1E6
330
199
100
AcDbEntity
  8
@.0.DM. NÉT CHÍNH
100
AcDbLine
 10
-80308.23809470353
 20
-49795.6185188663
 30
0.0
 11
-80308.23809470353
 21
-49821.33816116553
 31
0.0
  0
LINE
  5
1E7
330
199
100
AcDbEntity
  8
@.0.DM. NÉT CHÍNH
100
AcDbLine
 10
-80310.46548106427
 20
-49795.67975610987
 30
0.0
 11
-80309.40482089247
 21
-49796.29212854557
 31
0.0
  0
LINE
  5
1E8
330
199
100
AcDbEntity
  8
@.0.DM. NÉT CHÍNH
100
AcDbLine
 10
-80309.40482089247
 20
-49796.29212854557
 30
0.0
 11
-80309.4048208925
 21
-49822.01177084479
 31
0.0
  0
LINE
  5
1E9
330
199
100
AcDbEntity
  8
@.0.DM. NÉT CHÍNH
100
AcDbLine
 10
-80310.35941504709
 20
-49796.84326373769
 30
0.0
 11
-80309.40482089247
 21
-49796.29212854557
 31
0.0
  0
LINE
  5
1EA
330
199
100
AcDbEntity
  8
@.0.DM. NÉT CHÍNH
100
AcDbLine
 10
-80310.5472837847
 20
-49795.72698493254
 30
0.0
 11
-80310.46548106427
 21
-49795.67975610987
 31
0.0
  0
ELLIPSE
  5
1EB
330
199
100
AcDbEntity
  8
@.0.DM. NÉT CHÍNH
100
AcDbEllipse
 10
-80312.48073539067
 20
-49795.6185188663
 30
0.0
 11
1.500000000000022
 21
-2.59807621135342
 31
0.0
 40
0.5773502691896316
 41
0.7853981633973497
 42
1.308996938995712
  0
LINE
  5
1EC
330
199
100
AcDbEntity
  8
@.0.DM. NÉT CHÍNH
100
AcDbLine
 10
-80509.2331972558
 20
-49909.21360568787
 30
0.0
 11
-80510.06883970086
 21
-49908.73114729727
 31
0.0
  0
LINE
  5
1ED
330
199
100
AcDbEntity
  8
@.0.DM. NÉT CHÍNH
100
AcDbLine
 10
-80310.35941504709
 20
-49796.84326373769
 30
0.0
 11
-80504.9905565687
 21
-49909.21360568787
 31
0.0
  0
ELLIPSE
  5
1EE
330
199
100
AcDbEntity
  8
@.0.DM. NÉT CHÍNH
100
AcDbEllipse
 10
-80866.67567514561
 20
-49156.3016959999
 30
0.0
 11
2.99999999999955
 21
1.771e-13
 31
0.0
 40
0.5773502691896263
 41
4.31138759148266
 42
4.534678379538091
  0
LINE
  5
1EF
330
199
100
AcDbEntity
  8
@.0.DM. NÉT CHÍNH
100
AcDbLine
 10
-80867.84669660708
 20
-49176.26751728033
 30
0.0
 11
-80867.84669660708
 21
-49157.89634420946
 31
0.0
  0
LINE
  5
1F0
330
199
100
AcDbEntity
  8
@.0.DM. NÉT CHÍNH
100
AcDbLine
 10
-80867.84669660708
 20
-49176.26751728033
 30
0.0
 11
-80867.2060052315
 21
-49175.89761394217
 31
0.0
  0
ELLIPSE
  5
1F1
330
199
100
AcDbEntity
  8
@.0.DM. NÉT CHÍNH
100
AcDbEllipse
 10
-80866.67567514561
 20
-49174.67286907077
 30
0.0
 11
-2.999999999999335
 21
2.7e-15
 31
0.0
 40
0.5773502691896262
 41
1.169794937892943
 42
1.39308572594834
  0
LINE
  5
1F2
330
199
100
AcDbEntity
  8
@.0.DM. NÉT CHÍNH
100
AcDbLine
 10
-80851.29610265481
 20
-49253.8200433296
 30
0.0
 11
-80851.29610265481
 21
-49242.39592539988
 31
0.0
  0
LINE
  5
1F3
330
199
100
AcDbEntity
  8
@.0.DM. NÉT CHÍNH
100
AcDbLine
 10
-80850.23544248301
 20
-49242.57336770814
 30
0.0
 11
-80850.23544248301
 21
-49255.14394218008
 31
0.0
  0
ELLIPSE
  5
1F4
330
199
100
AcDbEntity
  8
@.0.DM. NÉT CHÍNH
100
AcDbEllipse
 10
-80863.49369463025
 20
-49146.50373702877
 30
0.0
 11
1.31249999999997
 21
2.273316684934139
 31
0.0
210
0.0
220
0.0
230
0.9999999999999998
 40
0.577350269189623
 41
4.404501888808212
 42
5.86723322022965
  0
ELLIPSE
  5
1F5
330
199
100
AcDbEntity
  8
@.0.DM. NÉT CHÍNH
100
AcDbEllipse
 10
-80862.43303445849
 20
-49147.11610946446
 30
0.0
 11
1.312499999999972
 21
2.273316684934142
 31
0.0
210
0.0
220
0.0
230
0.9999999999999998
 40
0.577350269189623
 41
4.404501888808155
 42
7.358335172014247
  0
LINE
  5
1F6
330
199
100
AcDbEntity
  8
@.0.DM. NÉT CHÍNH
100
AcDbLine
 10
-80868.79699548916
 20
-49176.50998637787
 30
0.0
 11
-80868.79699548916
 21
-49153.23983382144
 31
0.0
  0
LINE
  5
1F7
330
199
100
AcDbEntity
  8
@.0.DM. NÉT CHÍNH
100
AcDbLine
 10
-80867.84669660708
 20
-49568.18587612564
 30
0.0
 11
-80867.84669660708
 21
-49553.66768964614
 31
0.0
  0
LINE
  5
1F8
330
199
100
AcDbEntity
  8
@.0.DM. NÉT CHÍNH
100
AcDbLine
 10
-80867.84669660708
 20
-49568.18587612564
 30
0.0
 11
-80867.20600523146
 21
-49567.81597278745
 31
0.0
  0
LINE
  5
1F9
330
199
100
AcDbEntity
  8
@.0.DM. NÉT CHÍNH
100
AcDbLine
 10
-80861.37237428672
 20
-49547.60768240952
 30
0.0
 11
-80861.37237428672
 21
-49548.52624106305
 31
0.0
  0
LINE
  5
1FA
330
199
100
AcDbEntity
  8
@.0.DM. NÉT CHÍNH
100
AcDbLine
 10
-80862.16786941553
 20
-49548.06696173628
 30
0.0
 11
-80861.37237428672
 21
-49547.60768240952
 31
0.0
  0
ELLIPSE
  5
1FB
330
199
100
AcDbEntity
  8
@.0.DM. NÉT CHÍNH
100
AcDbEllipse
 10
-80866.67567514561
 20
-49566.59122791609
 30
0.0
 11
-3.00000000000055
 21
-3.6e-15
 31
0.0
 40
0.5773502691896231
 41
1.169794937893868
 42
1.393085725961391
  0
LINE
  5
1FC
330
199
100
AcDbEntity
  8
@.0.DM. NÉT CHÍNH
100
AcDbLine
 10
-80868.79699548916
 20
-49576.38918688719
 30
0.0
 11
-80868.79699548916
 21
-49553.11903433075
 31
0.0
  0
LINE
  5
1FD
330
199
100
AcDbEntity
  8
@.0.DM. NÉT CHÍNH
100
AcDbLine
 10
-80850.23544248303
 20
-49630.20511950356
 30
0.0
 11
-80850.23544248303
 21
-49642.21922372451
 31
0.0
  0
LINE
  5
1FE
330
199
100
AcDbEntity
  8
@.0.DM. NÉT CHÍNH
100
AcDbLine
 10
-80850.23544248303
 20
-49642.21922372451
 30
0.0
 11
-80850.55822119176
 21
-49642.40558009889
 31
0.0
  0
LINE
  5
1FF
330
199
100
AcDbEntity
  8
@.0.DM. NÉT CHÍNH
100
AcDbLine
 10
-80851.29610265481
 20
-49641.45179512495
 30
0.0
 11
-80851.29610265481
 21
-49630.0276771953
 31
0.0
  0
LINE
  5
200
330
199
100
AcDbEntity
  8
@.0.DM. NÉT CHÍNH
100
AcDbLine
 10
-80850.23544248303
 20
-49642.21922372451
 30
0.0
 11
-80851.10160387337
 21
-49641.71914521263
 31
0.0
  0
SPLINE
  5
201
330
199
100
AcDbEntity
  8
@.0.DM. NÉT CHÍNH
100
AcDbSpline
 70
8
 71
3
 72
11
 73
7
 74
0
 42
1e-09
 40
-0.8213871502473622
 40
-0.8213871502473622
 40
-0.8213871502473622
 40
-0.8213871502473622
 40
-0.3958686842299176
 40
-0.3958686842299176
 40
-0.3958686842299176
 40
-0.3033111105188375
 40
-0.3033111105188375
 40
-0.3033111105188375
 40
-0.3033111105188375
 10
-80309.47925864244
 20
-49789.48162984195
 30
0.0
 10
-80308.94209710321
 20
-49790.07330402832
 30
0.0
 10
-80308.2999200195
 20
-49790.55919666867
 30
0.0
 10
-80307.63285282344
 20
-49790.86651453371
 30
0.0
 10
-80307.48775425287
 20
-49790.93336144686
 30
0.0
 10
-80307.34229888456
 20
-49790.99145805075
 30
0.0
 10
-80307.19647251353
 20
-49791.04033970074
 30
0.0
  0
SPLINE
  5
202
330
199
100
AcDbEntity
  8
@.0.DM. NÉT CHÍNH
100
AcDbSpline
 70
8
 71
3
 72
8
 73
4
 74
0
 42
1e-09
 40
-0.6532340484631595
 40
-0.6532340484631595
 40
-0.6532340484631595
 40
-0.6532340484631595
 40
-0.3333333333337017
 40
-0.3333333333337017
 40
-0.3333333333337017
 40
-0.3333333333337017
 10
-80309.47207653399
 20
-49789.99191613637
 30
0.0
 10
-80309.1817170482
 20
-49790.29800198136
 30
0.0
 10
-80308.81945274344
 20
-49790.51072385158
 30
0.0
 10
-80308.4096937293
 20
-49790.59848345565
 30
0.0
  0
SPLINE
  5
203
330
199
100
AcDbEntity
  8
@.0.DM. NÉT CHÍNH
100
AcDbSpline
 70
8
 71
3
 72
8
 73
4
 74
0
 42
1e-09
 40
-0.3333333333337017
 40
-0.3333333333337017
 40
-0.3333333333337017
 40
-0.3333333333337017
 40
-0.2447737757026813
 40
-0.2447737757026813
 40
-0.2447737757026813
 40
-0.2447737757026813
 10
-80308.4096937293
 20
-49790.59848345565
 30
0.0
 10
-80308.29625829353
 20
-49790.62277834262
 30
0.0
 10
-80308.17629872101
 20
-49790.63872072478
 30
0.0
 10
-80308.05670531263
 20
-49790.64555973043
 30
0.0
  0
SPLINE
  5
204
330
199
100
AcDbEntity
  8
@.0.DM. NÉT CHÍNH
100
AcDbSpline
 70
8
 71
3
 72
8
 73
4
 74
0
 42
1e-09
 40
-0.0295416476961127
 40
-0.0295416476961127
 40
-0.0295416476961127
 40
-0.0295416476961127
 40
0.0
 40
0.0
 40
0.0
 40
0.0
 10
-80308.43441460335
 20
-49790.40456527531
 30
0.0
 10
-80308.42559893776
 20
-49790.46970314086
 30
0.0
 10
-80308.41738320606
 20
-49790.53439957248
 30
0.0
 10
-80308.4096937293
 20
-49790.59848345565
 30
0.0
  0
SPLINE
  5
205
330
199
100
AcDbEntity
  8
@.0.DM. NÉT CHÍNH
100
AcDbSpline
 70
8
 71
3
 72
8
 73
4
 74
0
 42
1e-09
 40
-0.3033111105188375
 40
-0.3033111105188375
 40
-0.3033111105188375
 40
-0.3033111105188375
 40
0.0
 40
0.0
 40
0.0
 40
0.0
 10
-80307.19647251353
 20
-49791.04033970074
 30
0.0
 10
-80306.71859958785
 20
-49791.20052483682
 30
0.0
 10
-80306.24584672783
 20
-49791.2564057203
 30
0.0
 10
-80305.85160931705
 20
-49791.17881870751
 30
0.0
  0
LINE
  5
206
330
199
100
AcDbEntity
  8
@.0.DM. NÉT CHÍNH
100
AcDbLine
 10
-80297.63149298575
 20
-49786.43293233088
 30
0.0
 11
-80297.63149298575
 21
-49783.98344258809
 31
0.0
  0
LINE
  5
207
330
199
100
AcDbEntity
  8
@.0.DM. NÉT CHÍNH
100
AcDbLine
 10
-80297.63149298575
 20
-49786.43293233088
 30
0.0
 11
-80305.85160931705
 21
-49791.17881870751
 31
0.0
  0
ELLIPSE
  5
208
330
199
100
AcDbEntity
  8
@.0.DM. NÉT CHÍNH
100
AcDbEllipse
 10
-80299.7528133293
 20
-49782.75869771702
 30
0.0
 11
2.99999999999792
 21
4.283674e-10
 31
0.0
 40
0.5773502691894873
 41
6.021385919852495
 42
6.283185307673854
  0
ELLIPSE
  5
209
330
199
100
AcDbEntity
  8
@.0.DM. NÉT CHÍNH
100
AcDbEllipse
 10
-80299.7528133293
 20
-49782.75869771702
 30
0.0
 11
2.999999999999296
 21
6.411824e-10
 31
0.0
 40
0.5773502691895352
 41
5.497787143658737
 42
6.021385919257178
  0
SPLINE
  5
20A
330
199
100
AcDbEntity
  8
@.0.DM. NÉT CHÍNH
100
AcDbSpline
 70
8
 71
3
 72
8
 73
4
 74
0
 42
1e-09
 40
0.3333333333336832
 40
0.3333333333336832
 40
0.3333333333336832
 40
0.3333333333336832
 40
0.6532340484650171
 40
0.6532340484650171
 40
0.6532340484650171
 40
0.6532340484650171
 10
-80308.4096937293
 20
-49044.16045070522
 30
0.0
 10
-80308.81945274344
 20
-49044.47926089526
 30
0.0
 10
-80309.1817170482
 20
-49044.86606599546
 30
0.0
 10
-80309.47207653399
 20
-49045.26261100954
 30
0.0
  0
SPLINE
  5
20B
330
199
100
AcDbEntity
  8
@.0.DM. NÉT CHÍNH
100
AcDbSpline
 70
8
 71
3
 72
8
 73
4
 74
0
 42
1e-09
 40
0.2405316454606368
 40
0.2405316454606368
 40
0.2405316454606368
 40
0.2405316454606368
 40
0.3333333333336832
 40
0.3333333333336832
 40
0.3333333333336832
 40
0.3333333333336832
 10
-80308.03952250145
 20
-49043.89763943286
 30
0.0
 10
-80308.16479127877
 20
-49043.97835183655
 30
0.0
 10
-80308.29082457293
 20
-49044.06796537354
 30
0.0
 10
-80308.4096937293
 20
-49044.16045070522
 30
0.0
  0
SPLINE
  5
20C
330
199
100
AcDbEntity
  8
@.0.DM. NÉT CHÍNH
100
AcDbSpline
 70
8
 71
3
 72
8
 73
4
 74
0
 42
1e-09
 40
0.0
 40
0.0
 40
0.0
 40
0.0
 40
0.2405316454606368
 40
0.2405316454606368
 40
0.2405316454606368
 40
0.2405316454606368
 10
-80307.01833550599
 20
-49043.41083747937
 30
0.0
 10
-80307.36504233841
 20
-49043.51916001739
 30
0.0
 10
-80307.71483977397
 20
-49043.68844186635
 30
0.0
 10
-80308.03952250145
 20
-49043.89763943286
 30
0.0
  0
SPLINE
  5
20D
330
199
100
AcDbEntity
  8
@.0.DM. NÉT CHÍNH
100
AcDbSpline
 70
8
 71
3
 72
11
 73
7
 74
0
 42
1e-09
 40
0.2220214393102178
 40
0.2220214393102178
 40
0.2220214393102178
 40
0.2220214393102178
 40
0.7304822325298401
 40
0.7304822325298401
 40
0.7304822325298401
 40
1.0
 40
1.0
 40
1.0
 40
1.0
 10
-80308.63173126821
 20
-49045.4669113051
 30
0.0
 10
-80308.28892099141
 20
-49045.06475586574
 30
0.0
 10
-80307.87660106801
 20
-49044.61826396128
 30
0.0
 10
-80307.48506696204
 20
-49044.16938255782
 30
0.0
 10
-80307.27752805335
 20
-49043.93144579784
 30
0.0
 10
-80307.07821196062
 20
-49043.69417964614
 30
0.0
 10
-80306.9122694888
 20
-49043.47207472295
 30
0.0
  0
LINE
  5
20E
330
199
100
AcDbEntity
  8
@.0.DM. NÉT CHÍNH
100
AcDbLine
 10
-80297.63149298575
 20
-49041.78805052478
 30
0.0
 11
-80297.63149298575
 21
-49039.338560782
 31
0.0
  0
LINE
  5
20F
330
199
100
AcDbEntity
  8
@.0.DM. NÉT CHÍNH
100
AcDbLine
 10
-80297.63149298575
 20
-49039.338560782
 30
0.0
 11
-80305.85160931703
 21
-49044.08444715865
 31
0.0
  0
LINE
  5
210
330
199
100
AcDbEntity
  8
@.0.DM. NÉT CHÍNH
100
AcDbLine
 10
-80306.9122694888
 20
-49043.47207472295
 30
0.0
 11
-80298.69215315752
 21
-49038.72618834631
 31
0.0
  0
ELLIPSE
  5
211
330
199
100
AcDbEntity
  8
@.0.DM. NÉT CHÍNH
100
AcDbEllipse
 10
-80299.7528133293
 20
-49040.56330565339
 30
0.0
 11
2.999999999999995
 21
-1.742835e-10
 31
0.0
 40
0.5773502692283432
 41
6.021385919414037
 42
7.068583470610276
  0
ELLIPSE
  5
212
330
199
100
AcDbEntity
  8
@.0.DM. NÉT CHÍNH
100
AcDbEllipse
 10
-80299.7528133293
 20
-49040.56330565339
 30
0.0
 11
3.000000000000254
 21
-1.754516e-10
 31
0.0
 40
0.5773502692284987
 41
5.497787143815983
 42
6.021385919414063
  0
SPLINE
  5
213
330
199
100
AcDbEntity
  8
@.0.DM. NÉT CHÍNH
100
AcDbSpline
 70
8
 71
3
 72
11
 73
7
 74
0
 42
1e-09
 40
-0.6876056902664933
 40
-0.6876056902664933
 40
-0.6876056902664933
 40
-0.6876056902664933
 40
-0.445422000302965
 40
-0.445422000302965
 40
-0.445422000302965
 40
-0.1746932743369279
 40
-0.1746932743369279
 40
-0.1746932743369279
 40
-0.1746932743369279
 10
-80307.1964725253
 20
-49045.11950164153
 30
0.0
 10
-80307.57415393407
 20
-49045.36295717014
 30
0.0
 10
-80307.95876046341
 20
-49045.58272380677
 30
0.0
 10
-80308.32775978502
 20
-49045.77655182436
 30
0.0
 10
-80308.74025129604
 20
-49045.99322542555
 30
0.0
 10
-80309.13186115323
 20
-49046.17683332039
 30
0.0
 10
-80309.48015460385
 20
-49046.3273181283
 30
0.0
  0
SPLINE
  5
214
330
199
100
AcDbEntity
  8
@.0.DM. NÉT CHÍNH
100
AcDbSpline
 70
8
 71
3
 72
8
 73
4
 74
0
 42
1e-09
 40
-1.0
 40
-1.0
 40
-1.0
 40
-1.0
 40
-0.6876056902664933
 40
-0.6876056902664933
 40
-0.6876056902664933
 40
-0.6876056902664933
 10
-80305.85160931703
 20
-49044.08444715865
 30
0.0
 10
-80306.23629255642
 20
-49044.45293438346
 30
0.0
 10
-80306.70929883078
 20
-49044.80546677889
 30
0.0
 10
-80307.1964725253
 20
-49045.11950164153
 30
0.0
  0
SPLINE
  5
215
330
199
100
AcDbEntity
  8
@.0.DM. NÉT CHÍNH
100
AcDbSpline
 70
8
 71
3
 72
12
 73
8
 74
0
 42
1e-09
 40
-0.3620260966912805
 40
-0.3620260966912805
 40
-0.3620260966912805
 40
-0.3620260966912805
 40
-0.2655688198188668
 40
-0.2655688198188668
 40
-0.1258004287583967
 40
-0.1258004287583967
 40
0.0
 40
0.0
 40
0.0
 40
0.0
 10
-80308.69702701987
 20
-49045.54070911124
 30
0.0
 10
-80308.60044779521
 20
-49045.43311461782
 30
0.0
 10
-80308.49655409438
 20
-49045.33404968326
 30
0.0
 10
-80308.2128184799
 20
-49045.13891510657
 30
0.0
 10
-80308.03051091515
 20
-49045.0712424395
 30
0.0
 10
-80307.61884987626
 20
-49045.03970429365
 30
0.0
 10
-80307.41007082305
 20
-49045.06765301927
 30
0.0
 10
-80307.1964725253
 20
-49045.11950164153
 30
0.0
  0
SPLINE
  5
216
330
199
100
AcDbEntity
  8
@.0.DM. NÉT CHÍNH
100
AcDbSpline
 70
8
 71
3
 72
14
 73
10
 74
0
 42
1e-09
 40
-0.3653634412596141
 40
-0.3653634412596141
 40
-0.3653634412596141
 40
-0.3653634412596141
 40
-0.2809324050606795
 40
-0.2809324050606795
 40
-0.1568345866494843
 40
-0.1568345866494843
 40
-0.0765762266673574
 40
-0.0765762266673574
 40
-0.0138306386443476
 40
-0.0138306386443476
 40
-0.0138306386443476
 40
-0.0138306386443476
 10
-80308.4096937293
 20
-49044.16045070522
 30
0.0
 10
-80308.43195914594
 20
-49044.32030017321
 30
0.0
 10
-80308.45853480208
 20
-49044.47945790659
 30
0.0
 10
-80308.53880640275
 20
-49044.85546398251
 30
0.0
 10
-80308.59968609743
 20
-49045.06598375498
 30
0.0
 10
-80308.73707893427
 20
-49045.38562166609
 30
0.0
 10
-80308.79690815407
 20
-49045.49681623585
 30
0.0
 10
-80308.92070878427
 20
-49045.6925036442
 30
0.0
 10
-80308.9769461776
 20
-49045.77123481152
 30
0.0
 10
-80309.03358983238
 20
-49045.84876056587
 30
0.0
  0
LINE
  5
217
330
199
100
AcDbEntity
  8
@.0.DM. NÉT CHÍNH
100
AcDbLine
 10
-80309.07108983237
 20
-49045.89991383064
 30
0.0
 11
-80309.48073539065
 21
-49046.13642280398
 31
0.0
  0
SPLINE
  5
218
330
199
100
AcDbEntity
  8
@.0.DM. NÉT CHÍNH
100
AcDbSpline
 70
8
 71
3
 72
8
 73
4
 74
0
 42
1e-09
 40
-0.0124687890609958
 40
-0.0124687890609958
 40
-0.0124687890609958
 40
-0.0124687890609958
 40
0.0
 40
0.0
 40
0.0
 40
0.0
 10
-80309.03358983238
 20
-49045.84876056587
 30
0.0
 10
-80309.04712299074
 20
-49045.8672828225
 30
0.0
 10
-80309.0598125668
 20
-49045.88455639244
 30
0.0
 10
-80309.07108983237
 20
-49045.89991383064
 30
0.0
  0
SPLINE
  5
219
330
199
100
AcDbEntity
  8
@.0.DM. NÉT CHÍNH
100
AcDbSpline
 70
8
 71
3
 72
8
 73
4
 74
0
 42
1e-09
 40
-1.0
 40
-1.0
 40
-1.0
 40
-1.0
 40
-0.61751056081619
 40
-0.61751056081619
 40
-0.61751056081619
 40
-0.61751056081619
 10
-80309.07108983237
 20
-49045.89991383064
 30
0.0
 10
-80308.9446013201
 20
-49045.72766112461
 30
0.0
 10
-80308.74418837059
 20
-49045.52118488458
 30
0.0
 10
-80308.49532503616
 20
-49045.32460746349
 30
0.0
  0
LINE
  5
21A
330
199
100
AcDbEntity
  8
@.0.DM. NÉT CHÍNH
100
AcDbLine
 10
-80298.7982191747
 20
-49038.66495110273
 30
0.0
 11
-80307.01833550599
 21
-49043.41083747937
 31
0.0
  0
LINE
  5
21B
330
199
100
AcDbEntity
  8
@.0.DM. NÉT CHÍNH
100
AcDbLine
 10
-80298.7982191747
 20
-49038.66495110273
 30
0.0
 11
-80299.7528133293
 21
-49038.11381591061
 31
0.0
  0
ELLIPSE
  5
21C
330
199
100
AcDbEntity
  8
@.0.DM. NÉT CHÍNH
100
AcDbEllipse
 10
-80299.7528133293
 20
-49040.56330565339
 30
0.0
 11
1.500000000033969
 21
2.598076211333812
 31
0.0
210
0.0
220
0.0
230
0.9999999999999998
 40
0.5773502691808556
 41
0.2617993878068034
 42
0.7853981634050471
  0
ELLIPSE
  5
21D
330
199
100
AcDbEntity
  8
@.0.DM. NÉT CHÍNH
100
AcDbEllipse
 10
-80299.7528133293
 20
-49040.56330565339
 30
0.0
 11
1.500000000034353
 21
2.59807621133342
 31
0.0
 40
0.5773502691808129
 41
5.497787143789693
 42
6.544984694986646
  0
LINE
  5
21E
330
199
100
AcDbEntity
  8
@.0.DM. NÉT CHÍNH
100
AcDbLine
 10
-80298.69215315752
 20
-49038.72618834631
 30
0.0
 11
-80297.63149298575
 21
-49039.338560782
 31
0.0
  0
LINE
  5
21F
330
199
100
AcDbEntity
  8
@.0.DM. NÉT CHÍNH
100
AcDbLine
 10
-80307.01833550599
 20
-49043.41083747937
 30
0.0
 11
-80307.01833550599
 21
-49043.61047105398
 31
0.0
  0
SPLINE
  5
220
330
199
100
AcDbEntity
  8
@.0.DM. NÉT CHÍNH
100
AcDbSpline
 70
8
 71
3
 72
14
 73
10
 74
0
 42
1e-09
 40
-0.4019771872449815
 40
-0.4019771872449815
 40
-0.4019771872449815
 40
-0.4019771872449815
 40
-0.309850533839831
 40
-0.309850533839831
 40
-0.1797620647741687
 40
-0.1797620647741687
 40
-0.0900953763072026
 40
-0.0900953763072026
 40
-0.0086891747911242
 40
-0.0086891747911242
 40
-0.0086891747911242
 40
-0.0086891747911242
 10
-80308.03952249722
 20
-49043.89763943012
 30
0.0
 10
-80308.08510249491
 20
-49044.0833546805
 30
0.0
 10
-80308.13901692003
 20
-49044.26528513742
 30
0.0
 10
-80308.29630376241
 20
-49044.69190746975
 30
0.0
 10
-80308.40479452773
 20
-49044.91458146604
 30
0.0
 10
-80308.61842088067
 20
-49045.27208866293
 30
0.0
 10
-80308.70919026154
 20
-49045.40480283152
 30
0.0
 10
-80308.8814922783
 20
-49045.64422417764
 30
0.0
 10
-80308.96039049877
 20
-49045.74857576002
 30
0.0
 10
-80309.03358983238
 20
-49045.84876056587
 30
0.0
  0
LINE
  5
221
330
199
100
AcDbEntity
  8
@.0.DM. NÉT CHÍNH
100
AcDbLine
 10
-80298.69215315752
 20
-49038.72618834773
 30
0.0
 11
-80298.69215315748
 21
-49037.82961287415
 31
0.0
  0
LINE
  5
222
330
199
100
AcDbEntity
  8
@.0.DM. NÉT CHÍNH
100
AcDbLine
 10
-80305.85160931703
 20
-49044.08444715865
 30
0.0
 11
-80306.9122694888
 21
-49043.47207472295
 31
0.0
  0
LINE
  5
223
330
199
100
AcDbEntity
  8
@.0.DM. NÉT CHÍNH
100
AcDbLine
 10
-80296.85503585041
 20
-49041.01159338961
 30
0.0
 11
-80297.63149298575
 21
-49040.56330565353
 31
0.0
  0
LINE
  5
224
330
199
100
AcDbEntity
  8
@.0.DM. NÉT CHÍNH
100
AcDbLine
 10
-80298.7982191747
 20
-49038.78742558988
 30
0.0
 11
-80298.7982191747
 21
-49038.66495110273
 31
0.0
  0
SPLINE
  5
225
330
199
100
AcDbEntity
  8
@.0.DM. NÉT CHÍNH
100
AcDbSpline
 70
8
 71
3
 72
10
 73
6
 74
0
 42
1e-09
 40
0.0410469363272403
 40
0.0410469363272403
 40
0.0410469363272403
 40
0.0410469363272403
 40
0.0988819671122845
 40
0.0988819671122845
 40
0.1793633074900755
 40
0.1793633074900755
 40
0.1793633074900755
 40
0.1793633074900755
 10
-80309.48073539065
 20
-49046.21200400273
 30
0.0
 10
-80309.3627306454
 20
-49046.13337494767
 30
0.0
 10
-80309.24606892643
 20
-49046.04781558835
 30
0.0
 10
-80308.97908777057
 20
-49045.82962381931
 30
0.0
 10
-80308.83079313854
 20
-49045.68973241966
 30
0.0
 10
-80308.69702702666
 20
-49045.54070910197
 30
0.0
  0
SPLINE
  5
226
330
199
100
AcDbEntity
  8
@.0.DM. NÉT CHÍNH
100
AcDbSpline
 70
8
 71
3
 72
8
 73
4
 74
0
 42
1e-09
 40
0.0
 40
0.0
 40
0.0
 40
0.0
 40
0.0129296807547262
 40
0.0129296807547262
 40
0.0129296807547262
 40
0.0129296807547262
 10
-80308.69702702666
 20
-49045.54070910197
 30
0.0
 10
-80308.67553691336
 20
-49045.51676785157
 30
0.0
 10
-80308.65438980269
 20
-49045.49256383082
 30
0.0
 10
-80308.6336128226
 20
-49045.46811336885
 30
0.0
  0
LINE
  5
227
330
199
100
AcDbEntity
  8
@.0.DM. NÉT CHÍNH
100
AcDbLine
 10
-80309.48073539065
 20
-49041.98917024312
 30
0.0
 11
-80307.01833550599
 21
-49043.41083747937
 31
0.0
  0
LINE
  5
228
330
199
100
AcDbEntity
  8
@.0.DM. NÉT CHÍNH
100
AcDbLine
 10
-80305.85160931703
 20
-49044.08444715865
 30
0.0
 11
-80305.85160931705
 21
-49791.17881870751
 31
0.0
  0
LINE
  5
229
330
199
100
AcDbEntity
  8
@.0.DM. NÉT CHÍNH
100
AcDbLine
 10
-80309.01438258331
 20
-49790.36740258321
 30
0.0
 11
-80309.48073539065
 21
-49790.09815366435
 31
0.0
  0
LINE
  5
22A
330
199
100
AcDbEntity
  8
@.0.DM. NÉT CHÍNH
100
AcDbLine
 10
-80297.63149298575
 20
-49783.98344258809
 30
0.0
 11
-80297.63149298575
 21
-49041.78805052478
 31
0.0
  0
LINE
  5
22B
330
199
100
AcDbEntity
  8
@.0.DM. NÉT CHÍNH
100
AcDbLine
 10
-80299.7528133293
 20
-49038.11381591061
 30
0.0
 11
-80303.73028897346
 21
-49035.81741927676
 31
0.0
  0
LINE
  5
22C
330
199
100
AcDbEntity
  8
@.0.DM. NÉT CHÍNH
100
AcDbLine
 10
-80296.75281332931
 20
-49040.56330565362
 30
0.0
 11
-80296.75281332931
 21
-49782.75869771659
 31
0.0
  0
LINE
  5
22D
330
199
100
AcDbEntity
  8
@.0.DM. NÉT CHÍNH
100
AcDbLine
 10
-80302.85160931702
 20
-49035.31011334059
 30
0.0
 11
-80298.25281332925
 21
-49037.96522944206
 31
0.0
  0
ELLIPSE
  5
22E
330
199
100
AcDbEntity
  8
@.0.DM. NÉT CHÍNH
100
AcDbEllipse
 10
-80408.73564597967
 20
-49120.32481540277
 30
0.0
 11
-2.43750000000007
 21
-4.221873843449133
 31
0.0
 40
0.5773502691896358
 41
0.2193254863005614
 42
2.922267167289165
  0
ELLIPSE
  5
22F
330
199
100
AcDbEntity
  8
@.0.DM. NÉT CHÍNH
100
AcDbEllipse
 10
-80407.67498580788
 20
-49120.93718783847
 30
0.0
 11
2.437500000000301
 21
4.221873843448951
 31
0.0
 40
0.5773502691896355
 41
0.0
 42
6.283185307179586
  0
ELLIPSE
  5
230
330
199
100
AcDbEntity
  8
@.0.DM. NÉT CHÍNH
100
AcDbEllipse
 10
-80312.48073539067
 20
-49791.94428425214
 30
0.0
 11
2.999999999999849
 21
1e-16
 31
0.0
 40
0.5773502691896271
 41
5.796490352109136
 42
6.283185307179586
  0
LINE
  5
231
330
199
100
AcDbEntity
  8
@.0.DM. NÉT CHÍNH
100
AcDbLine
 10
-80504.9905565687
 20
-49905.5393710737
 30
0.0
 11
-80310.35941504709
 21
-49793.16902912352
 31
0.0
  0
ELLIPSE
  5
232
330
199
100
AcDbEntity
  8
@.0.DM. NÉT CHÍNH
100
AcDbEllipse
 10
-80507.11187691225
 20
-49904.31462620231
 30
0.0
 11
2.999999999999893
 21
5e-16
 31
0.0
 40
0.5773502691896271
 41
4.450589592585552
 42
5.245106888647124
  0
LINE
  5
233
330
199
100
AcDbEntity
  8
@.0.DM. NÉT CHÍNH
100
AcDbLine
 10
-80504.9905565687
 20
-49152.01508895004
 30
0.0
 11
-80504.9905565687
 21
-49905.5393710737
 31
0.0
  0
LINE
  5
234
330
199
100
AcDbEntity
  8
@.0.DM. NÉT CHÍNH
100
AcDbLine
 10
-80509.23319725582
 20
-49904.31462620231
 30
0.0
 11
-80509.23319725582
 21
-49154.46457869282
 31
0.0
  0
LINE
  5
235
330
199
100
AcDbEntity
  8
@.0.DM. NÉT CHÍNH
100
AcDbLine
 10
-80310.35941504709
 20
-49793.16902912352
 30
0.0
 11
-80310.35941504709
 21
-49039.64474699987
 31
0.0
  0
LINE
  5
236
330
199
100
AcDbEntity
  8
@.0.DM. NÉT CHÍNH
100
AcDbLine
 10
-80309.48073539065
 20
-49791.94428425214
 30
0.0
 11
-80309.48073539065
 21
-49039.13744106369
 31
0.0
  0
ELLIPSE
  5
237
330
199
100
AcDbEntity
  8
@.0.DM. NÉT CHÍNH
100
AcDbEllipse
 10
-80507.11187691225
 20
-49903.08988133092
 30
0.0
 11
2.121320343559606
 21
-3.674234614174799
 31
0.0
 40
0.5773502691896303
 41
4.712388980384639
 42
5.235987755983002
  0
LINE
  5
238
330
199
100
AcDbEntity
  8
@.0.DM. NÉT CHÍNH
100
AcDbLine
 10
-80509.68034281403
 20
-49903.54014737708
 30
0.0
 11
-80509.23319725582
 21
-49904.31462620231
 31
0.0
  0
LINE
  5
239
330
199
100
AcDbEntity
  8
@.0.DM. NÉT CHÍNH
100
AcDbLine
 10
-80867.2060052315
 20
-49154.15839247498
 30
0.0
 11
-80867.2060052315
 21
-49178.65328990281
 31
0.0
  0
LINE
  5
23A
330
199
100
AcDbEntity
  8
@.0.DM. NÉT CHÍNH
100
AcDbLine
 10
-80872.5093060904
 20
-49151.0965302965
 30
0.0
 11
-80867.2060052315
 21
-49154.15839247498
 31
0.0
  0
LINE
  5
23B
330
199
100
AcDbEntity
  8
@.0.DM. NÉT CHÍNH
100
AcDbLine
 10
-80872.5093060904
 20
-49175.59142772432
 30
0.0
 11
-80872.5093060904
 21
-49151.0965302965
 31
0.0
  0
LINE
  5
23C
330
199
100
AcDbEntity
  8
@.0.DM. NÉT CHÍNH
100
AcDbLine
 10
-80872.5093060904
 20
-49175.59142772432
 30
0.0
 11
-80871.44864591862
 21
-49174.97905528863
 31
0.0
  0
LINE
  5
23D
330
199
100
AcDbEntity
  8
@.0.DM. NÉT CHÍNH
100
AcDbLine
 10
-80871.44864591862
 20
-49151.70890273219
 30
0.0
 11
-80871.44864591862
 21
-49174.97905528863
 31
0.0
  0
LINE
  5
23E
330
199
100
AcDbEntity
  8
@.0.DM. NÉT CHÍNH
100
AcDbLine
 10
-80867.2060052315
 20
-49178.65328990281
 30
0.0
 11
-80872.5093060904
 21
-49175.59142772432
 31
0.0
  0
LINE
  5
23F
330
199
100
AcDbEntity
  8
@.0.DM. NÉT CHÍNH
100
AcDbLine
 10
-80871.44864591862
 20
-49174.97905528863
 30
0.0
 11
-80867.2060052315
 21
-49177.42854503142
 31
0.0
  0
LINE
  5
240
330
199
100
AcDbEntity
  8
@.0.DM. NÉT CHÍNH
100
AcDbLine
 10
-80875.69128660572
 20
-49136.09340562195
 30
0.0
 11
-80875.69128660572
 21
-49141.60475754322
 31
0.0
  0
LINE
  5
241
330
199
100
AcDbEntity
  8
@.0.DM. NÉT CHÍNH
100
AcDbLine
 10
-80880.46425737876
 20
-49133.33772966131
 30
0.0
 11
-80875.69128660572
 21
-49136.09340562195
 31
0.0
  0
LINE
  5
242
330
199
100
AcDbEntity
  8
@.0.DM. NÉT CHÍNH
100
AcDbLine
 10
-80880.46425737876
 20
-49138.84908158259
 30
0.0
 11
-80880.46425737876
 21
-49133.33772966131
 31
0.0
  0
LINE
  5
243
330
199
100
AcDbEntity
  8
@.0.DM. NÉT CHÍNH
100
AcDbLine
 10
-80880.46425737876
 20
-49138.84908158259
 30
0.0
 11
-80879.40359720697
 21
-49138.23670914688
 31
0.0
  0
LINE
  5
244
330
199
100
AcDbEntity
  8
@.0.DM. NÉT CHÍNH
100
AcDbLine
 10
-80879.40359720697
 20
-49133.95010209701
 30
0.0
 11
-80879.40359720697
 21
-49138.23670914688
 31
0.0
  0
LINE
  5
245
330
199
100
AcDbEntity
  8
@.0.DM. NÉT CHÍNH
100
AcDbLine
 10
-80875.69128660572
 20
-49141.60475754322
 30
0.0
 11
-80880.46425737876
 21
-49138.84908158259
 31
0.0
  0
LINE
  5
246
330
199
100
AcDbEntity
  8
@.0.DM. NÉT CHÍNH
100
AcDbLine
 10
-80879.40359720697
 20
-49138.23670914688
 30
0.0
 11
-80875.69128660572
 21
-49140.38001267183
 31
0.0
  0
ELLIPSE
  5
247
330
199
100
AcDbEntity
  8
@.0.DM. NÉT CHÍNH
100
AcDbEllipse
 10
-80847.58379205357
 20
-49239.58434725453
 30
0.0
 11
1.125000000000133
 21
-1.948557158514941
 31
0.0
 40
0.5773502691896325
 41
3.632475331878437
 42
5.792302628890014
  0
ELLIPSE
  5
248
330
199
100
AcDbEntity
  8
@.0.DM. NÉT CHÍNH
100
AcDbEllipse
 10
-80848.64445222534
 20
-49240.19671969023
 30
0.0
 11
-1.125000000000003
 21
1.948557158514983
 31
0.0
 40
0.5773502691896324
 41
0.0
 42
6.283185307179586
  0
ELLIPSE
  5
249
330
199
100
AcDbEntity
  8
@.0.DM. NÉT CHÍNH
100
AcDbEllipse
 10
-80847.58379205357
 20
-49260.4050100682
 30
0.0
 11
1.125000000000133
 21
-1.948557158514941
 31
0.0
 40
0.5773502691896325
 41
3.632475331878437
 42
5.792302628890014
  0
ELLIPSE
  5
24A
330
199
100
AcDbEntity
  8
@.0.DM. NÉT CHÍNH
100
AcDbEllipse
 10
-80848.64445222534
 20
-49261.01738250389
 30
0.0
 11
-1.125000000000003
 21
1.948557158514983
 31
0.0
 40
0.5773502691896324
 41
0.0
 42
6.283185307179586
  0
LINE
  5
24B
330
199
100
AcDbEntity
  8
@.0.DM. NÉT CHÍNH
100
AcDbLine
 10
-80859.25105394315
 20
-49145.58517837523
 30
0.0
 11
-80859.25105394315
 21
-49151.0965302965
 31
0.0
  0
LINE
  5
24C
330
199
100
AcDbEntity
  8
@.0.DM. NÉT CHÍNH
100
AcDbLine
 10
-80864.02402471616
 20
-49142.8295024146
 30
0.0
 11
-80859.25105394315
 21
-49145.58517837523
 31
0.0
  0
LINE
  5
24D
330
199
100
AcDbEntity
  8
@.0.DM. NÉT CHÍNH
100
AcDbLine
 10
-80864.02402471616
 20
-49148.34085433587
 30
0.0
 11
-80864.02402471616
 21
-49142.8295024146
 31
0.0
  0
LINE
  5
24E
330
199
100
AcDbEntity
  8
@.0.DM. NÉT CHÍNH
100
AcDbLine
 10
-80864.02402471616
 20
-49148.34085433587
 30
0.0
 11
-80862.96336454438
 21
-49147.72848190017
 31
0.0
  0
LINE
  5
24F
330
199
100
AcDbEntity
  8
@.0.DM. NÉT CHÍNH
100
AcDbLine
 10
-80862.96336454438
 20
-49143.44187485029
 30
0.0
 11
-80862.96336454438
 21
-49147.72848190017
 31
0.0
  0
LINE
  5
250
330
199
100
AcDbEntity
  8
@.0.DM. NÉT CHÍNH
100
AcDbLine
 10
-80859.25105394315
 20
-49151.0965302965
 30
0.0
 11
-80864.02402471616
 21
-49148.34085433587
 31
0.0
  0
LINE
  5
251
330
199
100
AcDbEntity
  8
@.0.DM. NÉT CHÍNH
100
AcDbLine
 10
-80862.96336454438
 20
-49147.72848190017
 30
0.0
 11
-80859.25105394315
 21
-49149.87178542511
 31
0.0
  0
ELLIPSE
  5
252
330
199
100
AcDbEntity
  8
@.0.DM. NÉT CHÍNH
100
AcDbEllipse
 10
-80847.58379205357
 20
-49249.99467866137
 30
0.0
 11
-4.500000000000023
 21
7.794228634059938
 31
0.0
210
0.0
220
0.0
230
0.9999999999999998
 40
0.5773502691896323
 41
0.1181256529924221
 42
3.023467000597466
  0
ELLIPSE
  5
253
330
199
100
AcDbEntity
  8
@.0.DM. NÉT CHÍNH
100
AcDbEllipse
 10
-80848.64445222534
 20
-49250.60705109706
 30
0.0
 11
-4.500000000000015
 21
7.794228634059932
 31
0.0
 40
0.5773502691896324
 41
0.0
 42
6.283185307179586
  0
LINE
  5
254
330
199
100
AcDbEntity
  8
@.0.DM. NÉT CHÍNH
100
AcDbLine
 10
-80510.55902247052
 20
-49646.04655144762
 30
0.0
 11
-80510.55902247052
 21
-49597.05675659196
 31
0.0
  0
ELLIPSE
  5
255
330
199
100
AcDbEntity
  8
@.0.DM. NÉT CHÍNH
100
AcDbEllipse
 10
-80512.6803428141
 20
-49644.82180657623
 30
0.0
 11
3.000000000000043
 21
-8.1e-15
 31
0.0
 40
0.577350269189624
 41
5.497787143782089
 42
7.068583470577198
  0
ELLIPSE
  5
256
330
199
100
AcDbEntity
  8
@.0.DM. NÉT CHÍNH
100
AcDbEllipse
 10
-80512.6803428141
 20
-49595.83201172057
 30
0.0
 11
2.999999999999931
 21
-7.8e-15
 31
0.0
 40
0.5773502691896237
 41
5.497787143782034
 42
6.28318530717959
  0
LINE
  5
257
330
199
100
AcDbEntity
  8
@.0.DM. NÉT CHÍNH
100
AcDbLine
 10
-80510.55902247052
 20
-49278.62309003014
 30
0.0
 11
-80510.55902247052
 21
-49229.63329517449
 31
0.0
  0
ELLIPSE
  5
258
330
199
100
AcDbEntity
  8
@.0.DM. NÉT CHÍNH
100
AcDbEllipse
 10
-80512.6803428141
 20
-49277.39834515875
 30
0.0
 11
3.00000000000008
 21
9.41e-14
 31
0.0
 40
0.5773502691896524
 41
5.497787143782325
 42
7.068583470577134
  0
ELLIPSE
  5
259
330
199
100
AcDbEntity
  8
@.0.DM. NÉT CHÍNH
100
AcDbEllipse
 10
-80512.6803428141
 20
-49228.40855030309
 30
0.0
 11
2.999999999999771
 21
5.79e-14
 31
0.0
 40
0.5773502691896586
 41
5.497787143782093
 42
6.283185307179553
  0
SPLINE
  5
25A
330
199
100
AcDbEntity
  8
@.0.DM. NÉT CHÍNH
100
AcDbSpline
 70
8
 71
3
 72
8
 73
4
 74
0
 42
1e-09
 40
0.0
 40
0.0
 40
0.0
 40
0.0
 40
0.112857433900862
 40
0.112857433900862
 40
0.112857433900862
 40
0.112857433900862
 10
-80511.61968264231
 20
-49161.65995481224
 30
0.0
 10
-80511.55019616015
 20
-49161.67272259007
 30
0.0
 10
-80511.48933880749
 20
-49161.68966045412
 30
0.0
 10
-80511.4368728856
 20
-49161.71070479018
 30
0.0
  0
SPLINE
  5
25B
330
199
100
AcDbEntity
  8
@.0.DM. NÉT CHÍNH
100
AcDbSpline
 70
8
 71
3
 72
11
 73
7
 74
0
 42
1e-09
 40
-0.5274183251264442
 40
-0.5274183251264442
 40
-0.5274183251264442
 40
-0.5274183251264442
 40
-0.3839698258560923
 40
-0.3839698258560923
 40
-0.3839698258560923
 40
-0.3123943071986723
 40
-0.3123943071986723
 40
-0.3123943071986723
 40
-0.3123943071986723
 10
-80509.6897931158
 20
-49162.03910638708
 30
0.0
 10
-80509.67257204634
 20
-49162.03805729066
 30
0.0
 10
-80509.67946082402
 20
-49162.04452524524
 30
0.0
 10
-80509.7128642769
 20
-49162.05791176341
 30
0.0
 10
-80509.72953136977
 20
-49162.06459114303
 30
0.0
 10
-80509.75265720524
 20
-49162.07287633589
 30
0.0
 10
-80509.7825653384
 20
-49162.08263686048
 30
0.0
  0
SPLINE
  5
25C
330
199
100
AcDbEntity
  8
@.0.DM. NÉT CHÍNH
100
AcDbSpline
 70
8
 71
3
 72
8
 73
4
 74
0
 42
1e-09
 40
-0.3123943071986723
 40
-0.3123943071986723
 40
-0.3123943071986723
 40
-0.3123943071986723
 40
0.0
 40
0.0
 40
0.0
 40
0.0
 10
-80509.7825653384
 20
-49162.08263686048
 30
0.0
 10
-80509.9131006207
 20
-49162.12523707309
 30
0.0
 10
-80510.17433923426
 20
-49162.19662052973
 30
0.0
 10
-80510.55902247052
 20
-49162.27232724795
 30
0.0
  0
SPLINE
  5
25D
330
199
100
AcDbEntity
  8
@.0.DM. NÉT CHÍNH
100
AcDbSpline
 70
8
 71
3
 72
8
 73
4
 74
0
 42
1e-09
 40
-0.3333333333340233
 40
-0.3333333333340233
 40
-0.3333333333340233
 40
-0.3333333333340233
 40
-0.2405316454605601
 40
-0.2405316454605601
 40
-0.2405316454605601
 40
-0.2405316454605601
 10
-80510.99578653925
 20
-49161.12358592313
 30
0.0
 10
-80511.0538333509
 20
-49161.13324307322
 30
0.0
 10
-80511.11733618264
 20
-49161.15305826954
 30
0.0
 10
-80511.18182174295
 20
-49161.18190058375
 30
0.0
  0
SPLINE
  5
25E
330
199
100
AcDbEntity
  8
@.0.DM. NÉT CHÍNH
100
AcDbSpline
 70
8
 71
3
 72
8
 73
4
 74
0
 42
1e-09
 40
-0.9086168998292645
 40
-0.9086168998292645
 40
-0.9086168998292645
 40
-0.9086168998292645
 40
-0.3333333333340233
 40
-0.3333333333340233
 40
-0.3333333333340233
 40
-0.3333333333340233
 10
-80510.52917876466
 20
-49161.96672923335
 30
0.0
 10
-80510.4356623588
 20
-49161.40454088711
 30
0.0
 10
-80510.63595066124
 20
-49161.06372063543
 30
0.0
 10
-80510.99578653925
 20
-49161.12358592313
 30
0.0
  0
SPLINE
  5
25F
330
199
100
AcDbEntity
  8
@.0.DM. NÉT CHÍNH
100
AcDbSpline
 70
8
 71
3
 72
8
 73
4
 74
0
 42
1e-09
 40
-0.2405316454605601
 40
-0.2405316454605601
 40
-0.2405316454605601
 40
-0.2405316454605601
 40
0.0
 40
0.0
 40
0.0
 40
0.0
 10
-80511.18182174295
 20
-49161.18190058375
 30
0.0
 10
-80511.34896113756
 20
-49161.25665665184
 30
0.0
 10
-80511.53812852006
 20
-49161.39854628566
 30
0.0
 10
-80511.72574865949
 20
-49161.59871756868
 30
0.0
  0
ELLIPSE
  5
260
330
199
100
AcDbEntity
  8
@.0.DM. NÉT CHÍNH
100
AcDbEllipse
 10
-80520.90045914538
 20
-49168.24295849597
 30
0.0
 11
-1.500000000000071
 21
-7.32739e-11
 31
0.0
 40
0.5773502691570456
 41
0.7853981633695195
 42
2.356194490164014
  0
SPLINE
  5
261
330
199
100
AcDbEntity
  8
@.0.DM. NÉT CHÍNH
100
AcDbSpline
 70
8
 71
3
 72
10
 73
6
 74
0
 42
1e-09
 40
-0.127165723483304
 40
-0.127165723483304
 40
-0.127165723483304
 40
-0.127165723483304
 40
-0.1131073466083149
 40
-0.1131073466083149
 40
0.0
 40
0.0
 40
0.0
 40
0.0
 10
-80511.13021731442
 20
-49161.8163559843
 30
0.0
 10
-80511.12375100439
 20
-49161.79229663383
 30
0.0
 10
-80511.1174794796
 20
-49161.76801835001
 30
0.0
 10
-80511.06238309472
 20
-49161.54638766204
 30
0.0
 10
-80511.02522756165
 20
-49161.33495101225
 30
0.0
 10
-80510.99578653925
 20
-49161.12358592313
 30
0.0
  0
SPLINE
  5
262
330
199
100
AcDbEntity
  8
@.0.DM. NÉT CHÍNH
100
AcDbSpline
 70
8
 71
3
 72
8
 73
4
 74
0
 42
1e-09
 40
-0.4766772336676596
 40
-0.4766772336676596
 40
-0.4766772336676596
 40
-0.4766772336676596
 40
-0.4144743861552635
 40
-0.4144743861552635
 40
-0.4144743861552635
 40
-0.4144743861552635
 10
-80509.78256533522
 20
-49162.08263685944
 30
0.0
 10
-80509.90538932363
 20
-49162.05282269591
 30
0.0
 10
-80510.01959393284
 20
-49162.0325567933
 30
0.0
 10
-80510.12673590188
 20
-49162.02208324039
 30
0.0
  0
SPLINE
  5
263
330
199
100
AcDbEntity
  8
@.0.DM. NÉT CHÍNH
100
AcDbSpline
 70
8
 71
3
 72
10
 73
6
 74
0
 42
1e-09
 40
-0.1266645875327705
 40
-0.1266645875327705
 40
-0.1266645875327705
 40
-0.1266645875327705
 40
-0.1203991930097018
 40
-0.1203991930097018
 40
0.0
 40
0.0
 40
0.0
 40
0.0
 10
-80511.21145635487
 20
-49161.79022261212
 30
0.0
 10
-80511.21045459638
 20
-49161.78098093753
 30
0.0
 10
-80511.2094843482
 20
-49161.77167481009
 30
0.0
 10
-80511.19047216015
 20
-49161.58217502476
 30
0.0
 10
-80511.1844340387
 20
-49161.38898380284
 30
0.0
 10
-80511.18182174514
 20
-49161.18190058473
 30
0.0
  0
LINE
  5
264
330
199
100
AcDbEntity
  8
@.0.DM. NÉT CHÍNH
100
AcDbLine
 10
-80511.72574865949
 20
-49161.59871756868
 30
0.0
 11
-80511.72574865949
 21
-49161.72119205581
 31
0.0
  0
LINE
  5
265
330
199
100
AcDbEntity
  8
@.0.DM. NÉT CHÍNH
100
AcDbLine
 10
-80511.61968264231
 20
-49161.65995481224
 30
0.0
 11
-80519.83979897361
 21
-49166.40584118889
 31
0.0
  0
LINE
  5
266
330
199
100
AcDbEntity
  8
@.0.DM. NÉT CHÍNH
100
AcDbLine
 10
-80519.83979897361
 20
-49168.85533093167
 30
0.0
 11
-80519.83979897361
 21
-49166.40584118889
 31
0.0
  0
LINE
  5
267
330
199
100
AcDbEntity
  8
@.0.DM. NÉT CHÍNH
100
AcDbLine
 10
-80521.96111931722
 20
-49166.73401058807
 30
0.0
 11
-80521.96111931714
 21
-49168.85533093167
 31
0.0
  0
ELLIPSE
  5
268
330
199
100
AcDbEntity
  8
@.0.DM. NÉT CHÍNH
100
AcDbEllipse
 10
-80520.90045914538
 20
-49168.24295849597
 30
0.0
 11
0.7499999999595667
 21
1.299038105699998
 31
0.0
 40
0.5773502692103643
 41
0.7853981633798277
 42
2.356194490174628
  0
LINE
  5
269
330
199
100
AcDbEntity
  8
@.0.DM. NÉT CHÍNH
100
AcDbLine
 10
-80520.90045914538
 20
-49165.7934687532
 30
0.0
 11
-80520.90045914538
 21
-49167.01821362458
 31
0.0
  0
ELLIPSE
  5
26A
330
199
100
AcDbEntity
  8
@.0.DM. NÉT CHÍNH
100
AcDbEllipse
 10
-80520.90045914538
 20
-49168.24295849598
 30
0.0
 11
-1.499999999918576
 21
-2.598076211400496
 31
0.0
 40
0.5773502692105161
 41
3.926990816969
 42
4.450589592567231
  0
LINE
  5
26B
330
199
100
AcDbEntity
  8
@.0.DM. NÉT CHÍNH
100
AcDbLine
 10
-80510.55902247052
 20
-49162.27232724795
 30
0.0
 11
-80511.61968264231
 21
-49161.65995481224
 31
0.0
  0
LINE
  5
26C
330
199
100
AcDbEntity
  8
@.0.DM. NÉT CHÍNH
100
AcDbLine
 10
-80519.83979897361
 20
-49166.40584118889
 30
0.0
 11
-80518.77913880182
 21
-49167.01821362458
 31
0.0
  0
LINE
  5
26D
330
199
100
AcDbEntity
  8
@.0.DM. NÉT CHÍNH
100
AcDbLine
 10
-80518.77913880182
 20
-49167.01821362458
 30
0.0
 11
-80510.55902247052
 21
-49162.27232724795
 31
0.0
  0
LINE
  5
26E
330
199
100
AcDbEntity
  8
@.0.DM. NÉT CHÍNH
100
AcDbLine
 10
-80521.96111931714
 20
-49168.85533093167
 30
0.0
 11
-80520.12400201007
 21
-49169.91599110334
 31
0.0
  0
LINE
  5
26F
330
199
100
AcDbEntity
  8
@.0.DM. NÉT CHÍNH
100
AcDbLine
 10
-80521.96111931714
 20
-49168.85533093167
 30
0.0
 11
-80523.02177948895
 21
-49169.46770336737
 31
0.0
  0
ELLIPSE
  5
270
330
199
100
AcDbEntity
  8
@.0.DM. NÉT CHÍNH
100
AcDbEllipse
 10
-80520.90045914538
 20
-49168.24295849598
 30
0.0
 11
3.000000000000004
 21
1.469305e-10
 31
0.0
 40
0.5773502691570107
 41
3.926990816958628
 42
4.974188368155542
  0
LINE
  5
271
330
199
100
AcDbEntity
  8
@.0.DM. NÉT CHÍNH
100
AcDbLine
 10
-80518.77913880182
 20
-49169.46770336737
 30
0.0
 11
-80519.83979897361
 21
-49168.85533093167
 31
0.0
  0
LINE
  5
272
330
199
100
AcDbEntity
  8
@.0.DM. NÉT CHÍNH
100
AcDbLine
 10
-80518.77913880182
 20
-49167.01821362458
 30
0.0
 11
-80518.77913880182
 21
-49169.46770336737
 31
0.0
  0
ELLIPSE
  5
273
330
199
100
AcDbEntity
  8
@.0.DM. NÉT CHÍNH
100
AcDbEllipse
 10
-80520.90045914538
 20
-49168.24295849598
 30
0.0
 11
2.99999999999983
 21
1.470788e-10
 31
0.0
 40
0.577350269156879
 41
4.974188368155545
 42
5.49778714375379
  0
LINE
  5
274
330
199
100
AcDbEntity
  8
@.0.DM. NÉT CHÍNH
100
AcDbLine
 10
-80519.94586499079
 20
-49167.56934881671
 30
0.0
 11
-80520.90045914538
 21
-49167.01821362458
 31
0.0
  0
LINE
  5
275
330
199
100
AcDbEntity
  8
@.0.DM. NÉT CHÍNH
100
AcDbLine
 10
-80519.94586499079
 20
-49167.56934881671
 30
0.0
 11
-80519.94586499079
 21
-49166.34460394532
 31
0.0
  0
LINE
  5
276
330
199
100
AcDbEntity
  8
@.0.DM. NÉT CHÍNH
100
AcDbLine
 10
-80520.90045914538
 20
-49165.7934687532
 30
0.0
 11
-80519.94586499079
 21
-49166.34460394532
 31
0.0
  0
LINE
  5
277
330
199
100
AcDbEntity
  8
@.0.DM. NÉT CHÍNH
100
AcDbLine
 10
-80519.94586499079
 20
-49167.56934881671
 30
0.0
 11
-80519.83979897361
 21
-49167.50811157315
 31
0.0
  0
LINE
  5
278
330
199
100
AcDbEntity
  8
@.0.DM. NÉT CHÍNH
100
AcDbLine
 10
-80511.72574865949
 20
-49161.59871756868
 30
0.0
 11
-80519.94586499079
 21
-49166.34460394532
 31
0.0
  0
ELLIPSE
  5
279
330
199
100
AcDbEntity
  8
@.0.DM. NÉT CHÍNH
100
AcDbEllipse
 10
-80520.90045914538
 20
-49168.24295849598
 30
0.0
 11
-1.499999999919052
 21
-2.598076211400017
 31
0.0
 40
0.5773502692104256
 41
4.450589592567737
 42
5.497787143763871
  0
SPLINE
  5
27A
330
199
100
AcDbEntity
  8
@.0.DM. NÉT CHÍNH
100
AcDbSpline
 70
8
 71
3
 72
10
 73
6
 74
0
 42
1e-09
 40
0.0
 40
0.0
 40
0.0
 40
0.0
 40
0.0871254554805998
 40
0.0871254554805998
 40
0.1250919803982165
 40
0.1250919803982165
 40
0.1250919803982165
 40
0.1250919803982165
 10
-80510.12672095143
 20
-49162.02213343604
 30
0.0
 10
-80509.98235433437
 20
-49162.03624373859
 30
0.0
 10
-80509.86157687275
 20
-49162.04045681549
 30
0.0
 10
-80509.74150544607
 20
-49162.04026260164
 30
0.0
 10
-80509.71165717916
 20
-49162.03942826295
 30
0.0
 10
-80509.68918240449
 20
-49162.03842995034
 30
0.0
  0
SPLINE
  5
27B
330
199
100
AcDbEntity
  8
@.0.DM. NÉT CHÍNH
100
AcDbSpline
 70
8
 71
3
 72
12
 73
8
 74
0
 42
1e-09
 40
0.0
 40
0.0
 40
0.0
 40
0.0
 40
0.0920951663158402
 40
0.0920951663158402
 40
0.1837669972104767
 40
0.1837669972104767
 40
0.2068941922764317
 40
0.2068941922764317
 40
0.2068941922764317
 40
0.2068941922764317
 10
-80511.43517705853
 20
-49161.70996499849
 30
0.0
 10
-80511.22297685513
 20
-49161.79225956852
 30
0.0
 10
-80511.00669435698
 20
-49161.85760057289
 30
0.0
 10
-80510.60378145306
 20
-49161.95486592073
 30
0.0
 10
-80510.41182100792
 20
-49161.98815225196
 30
0.0
 10
-80510.20516017731
 20
-49162.01395139812
 30
0.0
 10
-80510.16504264392
 20
-49162.01838789786
 30
0.0
 10
-80510.12672095143
 20
-49162.02213343604
 30
0.0
  0
LINE
  5
27C
330
199
100
AcDbEntity
  8
@.0.DM. NÉT CHÍNH
100
AcDbLine
 10
-80510.55902247052
 20
-49229.63329517449
 30
0.0
 11
-80510.55902247052
 21
-49162.27232724795
 31
0.0
  0
LINE
  5
27D
330
199
100
AcDbEntity
  8
@.0.DM. NÉT CHÍNH
100
AcDbLine
 10
-80510.55902247052
 20
-49705.44667771012
 30
0.0
 11
-80510.55902247052
 21
-49646.04655144762
 31
0.0
  0
LINE
  5
27E
330
199
100
AcDbEntity
  8
@.0.DM. NÉT CHÍNH
100
AcDbLine
 10
-80511.72574865949
 20
-49161.59871756868
 30
0.0
 11
-80516.65781845828
 21
-49158.75118574269
 31
0.0
  0
LINE
  5
27F
330
199
100
AcDbEntity
  8
@.0.DM. NÉT CHÍNH
100
AcDbLine
 10
-80877.54744190635
 20
-49135.02175385948
 30
0.0
 11
-80877.54744190635
 21
-49139.30836090935
 31
0.0
  0
LINE
  5
280
330
199
100
AcDbEntity
  8
@.0.DM. NÉT CHÍNH
100
AcDbLine
 10
-80510.55902247052
 20
-49597.05675659196
 30
0.0
 11
-80510.55902247052
 21
-49278.62309003014
 31
0.0
  0
LINE
  5
281
330
199
100
AcDbEntity
  8
@.0.DM. NÉT CHÍNH
100
AcDbLine
 10
-80509.6803428141
 20
-49228.40855030309
 30
0.0
 11
-80509.6803428141
 21
-49162.04032491495
 31
0.0
  0
LINE
  5
282
330
199
100
AcDbEntity
  8
@.0.DM. NÉT CHÍNH
100
AcDbLine
 10
-80509.6803428141
 20
-49703.22919030032
 30
0.0
 11
-80509.6803428141
 21
-49644.82180657623
 31
0.0
  0
LINE
  5
283
330
199
100
AcDbEntity
  8
@.0.DM. NÉT CHÍNH
100
AcDbLine
 10
-80510.72179573678
 20
-49161.1637381865
 30
0.0
 11
-80515.77913880182
 21
-49158.24387980651
 31
0.0
  0
LINE
  5
284
330
199
100
AcDbEntity
  8
@.0.DM. NÉT CHÍNH
100
AcDbLine
 10
-80509.6803428141
 20
-49595.83201172057
 30
0.0
 11
-80509.6803428141
 21
-49277.39834515875
 31
0.0
  0
SPLINE
  5
285
330
199
100
AcDbEntity
  8
@.0.DM. NÉT CHÍNH
100
AcDbSpline
 70
8
 71
3
 72
8
 73
4
 74
0
 42
1e-09
 40
-1.0
 40
-1.0
 40
-1.0
 40
-1.0
 40
-0.522172511809939
 40
-0.522172511809939
 40
-0.522172511809939
 40
-0.522172511809939
 10
-80510.55902247052
 20
-49705.44667771012
 30
0.0
 10
-80509.97062434579
 20
-49704.88305244686
 30
0.0
 10
-80509.68477594985
 20
-49704.07560054241
 30
0.0
 10
-80509.68130237392
 20
-49703.22979936577
 30
0.0
  0
LINE
  5
286
330
199
100
AcDbEntity
  8
@.0.DM. NÉT CHÍNH
100
AcDbLine
 10
-80519.83979897361
 20
-49709.58019165106
 30
0.0
 11
-80519.83979897361
 21
-49708.13851464713
 31
0.0
  0
LINE
  5
287
330
199
100
AcDbEntity
  8
@.0.DM. NÉT CHÍNH
100
AcDbLine
 10
-80519.83979897361
 20
-49709.58019165106
 30
0.0
 11
-80518.77913880182
 21
-49710.19256408675
 31
0.0
  0
LINE
  5
288
330
199
100
AcDbEntity
  8
@.0.DM. NÉT CHÍNH
100
AcDbLine
 10
-80518.77913880182
 20
-49707.74307434397
 30
0.0
 11
-80518.77913880182
 21
-49710.19256408675
 31
0.0
  0
LINE
  5
289
330
199
100
AcDbEntity
  8
@.0.DM. NÉT CHÍNH
100
AcDbLine
 10
-80521.96111931717
 20
-49708.13851464648
 30
0.0
 11
-80521.96111931722
 21
-49709.25202225182
 31
0.0
  0
ELLIPSE
  5
28A
330
199
100
AcDbEntity
  8
@.0.DM. NÉT CHÍNH
100
AcDbEllipse
 10
-80520.90045914538
 20
-49706.51832947258
 30
0.0
 11
-1.500000000034855
 21
-2.598076211333209
 31
0.0
210
0.0
220
0.0
230
0.9999999999999998
 40
0.5773502691807147
 41
5.497787143790067
 42
6.544984694986931
  0
LINE
  5
28B
330
199
100
AcDbEntity
  8
@.0.DM. NÉT CHÍNH
100
AcDbLine
 10
-80518.77913880182
 20
-49710.19256408675
 30
0.0
 11
-80510.55902247052
 21
-49705.44667771012
 31
0.0
  0
ELLIPSE
  5
28C
330
199
100
AcDbEntity
  8
@.0.DM. NÉT CHÍNH
100
AcDbEllipse
 10
-80520.90045914538
 20
-49706.51832947258
 30
0.0
 11
-3.000000000000145
 21
-3.909e-11
 31
0.0
 40
0.5773502691808964
 41
1.832595714586513
 42
2.356194490184805
  0
ELLIPSE
  5
28D
330
199
100
AcDbEntity
  8
@.0.DM. NÉT CHÍNH
100
AcDbEllipse
 10
-80520.90045914538
 20
-49706.51832947258
 30
0.0
 11
-3.000000000000033
 21
-3.94497e-11
 31
0.0
 40
0.5773502691808917
 41
0.7853981633899326
 42
1.832595714586439
  0
LINE
  5
28E
330
199
100
AcDbEntity
  8
@.0.DM. NÉT CHÍNH
100
AcDbLine
 10
-80520.12400201014
 20
-49708.19136208001
 30
0.0
 11
-80519.94586499079
 21
-49708.29420953609
 31
0.0
  0
LINE
  5
28F
330
199
100
AcDbEntity
  8
@.0.DM. NÉT CHÍNH
100
AcDbLine
 10
-80520.90045914538
 20
-49708.96781921537
 30
0.0
 11
-80520.90045914538
 21
-49708.2503802801
 31
0.0
  0
LINE
  5
290
330
199
100
AcDbEntity
  8
@.0.DM. NÉT CHÍNH
100
AcDbLine
 10
-80519.94586499079
 20
-49709.51895440749
 30
0.0
 11
-80520.90045914538
 21
-49708.96781921537
 31
0.0
  0
LINE
  5
291
330
199
100
AcDbEntity
  8
@.0.DM. NÉT CHÍNH
100
AcDbLine
 10
-80519.94586499079
 20
-49708.29420953609
 30
0.0
 11
-80519.94586499079
 21
-49709.51895440749
 31
0.0
  0
LINE
  5
292
330
199
100
AcDbEntity
  8
@.0.DM. NÉT CHÍNH
100
AcDbLine
 10
-80519.94586499079
 20
-49709.51895440749
 30
0.0
 11
-80519.83979897361
 21
-49709.45771716392
 31
0.0
  0
LINE
  5
293
330
199
100
AcDbEntity
  8
@.0.DM. NÉT CHÍNH
100
AcDbLine
 10
-80519.83979897361
 20
-49708.23297229253
 30
0.0
 11
-80519.94586499079
 21
-49708.29420953609
 31
0.0
  0
ELLIPSE
  5
294
330
199
100
AcDbEntity
  8
@.0.DM. NÉT CHÍNH
100
AcDbEllipse
 10
-80520.90045914538
 20
-49706.51832947258
 30
0.0
 11
-1.500000000033852
 21
-2.5980762113337
 31
0.0
 40
0.5773502691808464
 41
0.2617993878067564
 42
0.7853981634050379
  0
LINE
  5
295
330
199
100
AcDbEntity
  8
@.0.DM. NÉT CHÍNH
100
AcDbLine
 10
-80888.94953875298
 20
-49496.47458402893
 30
0.0
 11
-80523.02177948895
 21
-49707.74307434397
 31
0.0
  0
LINE
  5
296
330
199
100
AcDbEntity
  8
@.0.DM. NÉT CHÍNH
100
AcDbLine
 10
-80888.94953875298
 20
-48963.2820819421
 30
0.0
 11
-80888.94953875298
 21
-49496.47458402893
 31
0.0
  0
LINE
  5
297
330
199
100
AcDbEntity
  8
@.0.DM. NÉT CHÍNH
100
AcDbLine
 10
-80518.77913880182
 20
-49169.46770336737
 30
0.0
 11
-80518.77913880182
 21
-49707.74307434397
 31
0.0
  0
LINE
  5
298
330
199
100
AcDbEntity
  8
@.0.DM. NÉT CHÍNH
100
AcDbLine
 10
-80523.02177948895
 20
-49707.74307434397
 30
0.0
 11
-80523.02177948895
 21
-49169.46770336737
 31
0.0
  0
LINE
  5
299
330
199
100
AcDbEntity
  8
@.0.DM. NÉT CHÍNH
100
AcDbLine
 10
-80524.87793478956
 20
-49163.49707211933
 30
0.0
 11
-80520.90045914538
 21
-49165.7934687532
 31
0.0
  0
LINE
  5
29A
330
199
100
AcDbEntity
  8
@.0.DM. NÉT CHÍNH
100
AcDbLine
 10
-80523.02177948895
 20
-49169.46770336737
 30
0.0
 11
-80529.12057547669
 21
-49165.94656186211
 31
0.0
  0
LINE
  5
29B
330
199
100
AcDbEntity
  8
@.0.DM. NÉT CHÍNH
100
AcDbLine
 10
-80888.32821840941
 20
-49497.84791536889
 30
0.0
 11
-80522.40045914541
 21
-49709.11640568391
 31
0.0
  0
LINE
  5
29C
330
199
100
AcDbEntity
  8
@.0.DM. NÉT CHÍNH
100
AcDbLine
 10
-80889.82821840943
 20
-48962.77477600593
 30
0.0
 11
-80889.82821840943
 21
-49495.24983915748
 31
0.0
  0
ELLIPSE
  5
29D
330
199
100
AcDbEntity
  8
@.0.DM. NÉT CHÍNH
100
AcDbEllipse
 10
-80886.82821840941
 20
-49495.24983915753
 30
0.0
 11
-1.499999999996422
 21
-2.598076211355694
 31
0.0
 40
0.5773502691911155
 41
5.4977871437858
 42
6.283185307184956
  0
ELLIPSE
  5
29E
330
199
100
AcDbEntity
  8
@.0.DM. NÉT CHÍNH
100
AcDbEllipse
 10
-80886.82821840941
 20
-49495.24983915773
 30
0.0
 11
-2.999999999999999
 21
3.731441e-10
 31
0.0
 40
0.5773502691896554
 41
0.0
 42
0.7853981634694103
  0
LINE
  5
29F
330
199
100
AcDbEntity
  8
@.0.DM. NÉT CHÍNH
100
AcDbLine
 10
-80867.20600523146
 20
-49554.03759298433
 30
0.0
 11
-80867.20600523146
 21
-49578.53249041215
 31
0.0
  0
LINE
  5
2A0
330
199
100
AcDbEntity
  8
@.0.DM. NÉT CHÍNH
100
AcDbLine
 10
-80872.50930609036
 20
-49550.97573080585
 30
0.0
 11
-80867.20600523146
 21
-49554.03759298433
 31
0.0
  0
LINE
  5
2A1
330
199
100
AcDbEntity
  8
@.0.DM. NÉT CHÍNH
100
AcDbLine
 10
-80872.50930609036
 20
-49575.47062823367
 30
0.0
 11
-80872.50930609036
 21
-49550.97573080585
 31
0.0
  0
LINE
  5
2A2
330
199
100
AcDbEntity
  8
@.0.DM. NÉT CHÍNH
100
AcDbLine
 10
-80872.50930609036
 20
-49575.47062823367
 30
0.0
 11
-80871.44864591859
 21
-49574.85825579798
 31
0.0
  0
LINE
  5
2A3
330
199
100
AcDbEntity
  8
@.0.DM. NÉT CHÍNH
100
AcDbLine
 10
-80871.44864591859
 20
-49551.58810324154
 30
0.0
 11
-80871.44864591859
 21
-49574.85825579798
 31
0.0
  0
LINE
  5
2A4
330
199
100
AcDbEntity
  8
@.0.DM. NÉT CHÍNH
100
AcDbLine
 10
-80867.20600523146
 20
-49578.53249041215
 30
0.0
 11
-80872.50930609036
 21
-49575.47062823367
 31
0.0
  0
LINE
  5
2A5
330
199
100
AcDbEntity
  8
@.0.DM. NÉT CHÍNH
100
AcDbLine
 10
-80871.44864591859
 20
-49574.85825579798
 30
0.0
 11
-80867.20600523146
 21
-49577.30774554076
 31
0.0
  0
LINE
  5
2A6
330
199
100
AcDbEntity
  8
@.0.DM. NÉT CHÍNH
100
AcDbLine
 10
-80875.69128660572
 20
-49535.9726061313
 30
0.0
 11
-80875.69128660572
 21
-49541.48395805256
 31
0.0
  0
LINE
  5
2A7
330
199
100
AcDbEntity
  8
@.0.DM. NÉT CHÍNH
100
AcDbLine
 10
-80880.46425737871
 20
-49533.21693017066
 30
0.0
 11
-80875.69128660572
 21
-49535.9726061313
 31
0.0
  0
LINE
  5
2A8
330
199
100
AcDbEntity
  8
@.0.DM. NÉT CHÍNH
100
AcDbLine
 10
-80880.46425737871
 20
-49538.72828209193
 30
0.0
 11
-80880.46425737871
 21
-49533.21693017066
 31
0.0
  0
LINE
  5
2A9
330
199
100
AcDbEntity
  8
@.0.DM. NÉT CHÍNH
100
AcDbLine
 10
-80880.46425737871
 20
-49538.72828209193
 30
0.0
 11
-80879.40359720693
 21
-49538.11590965623
 31
0.0
  0
LINE
  5
2AA
330
199
100
AcDbEntity
  8
@.0.DM. NÉT CHÍNH
100
AcDbLine
 10
-80879.40359720693
 20
-49533.82930260636
 30
0.0
 11
-80879.40359720693
 21
-49538.11590965623
 31
0.0
  0
LINE
  5
2AB
330
199
100
AcDbEntity
  8
@.0.DM. NÉT CHÍNH
100
AcDbLine
 10
-80875.69128660572
 20
-49541.48395805256
 30
0.0
 11
-80880.46425737871
 21
-49538.72828209193
 31
0.0
  0
LINE
  5
2AC
330
199
100
AcDbEntity
  8
@.0.DM. NÉT CHÍNH
100
AcDbLine
 10
-80879.40359720693
 20
-49538.11590965623
 30
0.0
 11
-80875.69128660572
 21
-49540.25921318117
 31
0.0
  0
ELLIPSE
  5
2AD
330
199
100
AcDbEntity
  8
@.0.DM. NÉT CHÍNH
100
AcDbEllipse
 10
-80847.58379205353
 20
-49627.21609904996
 30
0.0
 11
1.125000000000349
 21
-1.948557158514782
 31
0.0
 40
0.5773502691895585
 41
3.632475331879039
 42
5.792302628889807
  0
ELLIPSE
  5
2AE
330
199
100
AcDbEntity
  8
@.0.DM. NÉT CHÍNH
100
AcDbEllipse
 10
-80848.64445222532
 20
-49627.82847148566
 30
0.0
 11
-1.125000000000236
 21
1.948557158514854
 31
0.0
 40
0.5773502691895585
 41
0.0
 42
6.283185307179586
  0
ELLIPSE
  5
2AF
330
199
100
AcDbEntity
  8
@.0.DM. NÉT CHÍNH
100
AcDbEllipse
 10
-80847.58379205353
 20
-49648.03676186362
 30
0.0
 11
1.125000000000369
 21
-1.948557158514814
 31
0.0
 40
0.5773502691895585
 41
3.632475331878969
 42
5.792302628889806
  0
ELLIPSE
  5
2B0
330
199
100
AcDbEntity
  8
@.0.DM. NÉT CHÍNH
100
AcDbEllipse
 10
-80848.64445222532
 20
-49648.64913429932
 30
0.0
 11
-1.125000000000236
 21
1.948557158514854
 31
0.0
 40
0.5773502691895585
 41
0.0
 42
6.283185307179586
  0
LINE
  5
2B1
330
199
100
AcDbEntity
  8
@.0.DM. NÉT CHÍNH
100
AcDbLine
 10
-80859.25105394312
 20
-49545.46437888458
 30
0.0
 11
-80859.25105394312
 21
-49550.97573080585
 31
0.0
  0
LINE
  5
2B2
330
199
100
AcDbEntity
  8
@.0.DM. NÉT CHÍNH
100
AcDbLine
 10
-80864.02402471613
 20
-49542.70870292395
 30
0.0
 11
-80859.25105394312
 21
-49545.46437888458
 31
0.0
  0
LINE
  5
2B3
330
199
100
AcDbEntity
  8
@.0.DM. NÉT CHÍNH
100
AcDbLine
 10
-80864.02402471613
 20
-49548.22005484522
 30
0.0
 11
-80864.02402471613
 21
-49542.70870292395
 31
0.0
  0
LINE
  5
2B4
330
199
100
AcDbEntity
  8
@.0.DM. NÉT CHÍNH
100
AcDbLine
 10
-80864.02402471613
 20
-49548.22005484522
 30
0.0
 11
-80862.96336454434
 21
-49547.60768240952
 31
0.0
  0
LINE
  5
2B5
330
199
100
AcDbEntity
  8
@.0.DM. NÉT CHÍNH
100
AcDbLine
 10
-80862.96336454434
 20
-49543.32107535964
 30
0.0
 11
-80862.96336454434
 21
-49547.60768240952
 31
0.0
  0
LINE
  5
2B6
330
199
100
AcDbEntity
  8
@.0.DM. NÉT CHÍNH
100
AcDbLine
 10
-80859.25105394312
 20
-49550.97573080585
 30
0.0
 11
-80864.02402471613
 21
-49548.22005484522
 31
0.0
  0
LINE
  5
2B7
330
199
100
AcDbEntity
  8
@.0.DM. NÉT CHÍNH
100
AcDbLine
 10
-80862.96336454434
 20
-49547.60768240952
 30
0.0
 11
-80859.25105394312
 21
-49549.75098593445
 31
0.0
  0
ELLIPSE
  5
2B8
330
199
100
AcDbEntity
  8
@.0.DM. NÉT CHÍNH
100
AcDbEllipse
 10
-80847.58379205353
 20
-49637.62643045679
 30
0.0
 11
-4.500000000000956
 21
7.794228634059432
 31
0.0
 40
0.5773502691895583
 41
0.1181256529924759
 42
3.023467000597478
  0
ELLIPSE
  5
2B9
330
199
100
AcDbEntity
  8
@.0.DM. NÉT CHÍNH
100
AcDbEllipse
 10
-80848.64445222532
 20
-49638.23880289249
 30
0.0
 11
-4.500000000000947
 21
7.794228634059417
 31
0.0
 40
0.5773502691895585
 41
0.0
 42
6.283185307179586
  0
ELLIPSE
  5
2BA
330
199
100
AcDbEntity
  8
@.0.DM. NÉT CHÍNH
100
AcDbEllipse
 10
-80512.68034281404
 20
-49865.2758834267
 30
0.0
 11
2.999999999999834
 21
3.228e-13
 31
0.0
 40
0.5773502691896968
 41
5.497787143782025
 42
7.068583470577062
  0
ELLIPSE
  5
2BB
330
199
100
AcDbEntity
  8
@.0.DM. NÉT CHÍNH
100
AcDbEllipse
 10
-80512.68034281404
 20
-49816.28608857104
 30
0.0
 11
2.999999999999573
 21
3.228e-13
 31
0.0
 40
0.5773502691896969
 41
5.497787143782079
 42
6.28318530717963
  0
LINE
  5
2BC
330
199
100
AcDbEntity
  8
@.0.DM. NÉT CHÍNH
100
AcDbLine
 10
-80510.55902247048
 20
-49866.50062829808
 30
0.0
 11
-80510.5590224705
 21
-49817.51083344243
 31
0.0
  0
ELLIPSE
  5
2BD
330
199
100
AcDbEntity
  8
@.0.DM. NÉT CHÍNH
100
AcDbEllipse
 10
-80512.68034281406
 20
-49791.79119114321
 30
0.0
 11
2.999999999999837
 21
1.399e-13
 31
0.0
 40
0.5773502691896554
 41
5.497787143782058
 42
7.068583470577114
  0
ELLIPSE
  5
2BE
330
199
100
AcDbEntity
  8
@.0.DM. NÉT CHÍNH
100
AcDbEllipse
 10
-80512.68034281406
 20
-49742.80139628755
 30
0.0
 11
2.999999999999626
 21
1.292e-13
 31
0.0
 40
0.577350269189659
 41
5.497787143782066
 42
6.283185307179665
  0
LINE
  5
2BF
330
199
100
AcDbEntity
  8
@.0.DM. NÉT CHÍNH
100
AcDbLine
 10
-80510.5590224705
 20
-49793.0159360146
 30
0.0
 11
-80510.5590224705
 21
-49744.02614115894
 31
0.0
  0
SPLINE
  5
2C0
330
199
100
AcDbEntity
  8
@.0.DM. NÉT CHÍNH
100
AcDbSpline
 70
8
 71
3
 72
8
 73
4
 74
0
 42
1e-09
 40
0.0
 40
0.0
 40
0.0
 40
0.0
 40
0.1128574339033905
 40
0.1128574339033905
 40
0.1128574339033905
 40
0.1128574339033905
 10
-80511.61968264228
 20
-49708.50853988858
 30
0.0
 10
-80511.55019616011
 20
-49708.52130766642
 30
0.0
 10
-80511.48933880744
 20
-49708.53824553047
 30
0.0
 10
-80511.43687288558
 20
-49708.55928986653
 30
0.0
  0
SPLINE
  5
2C1
330
199
100
AcDbEntity
  8
@.0.DM. NÉT CHÍNH
100
AcDbSpline
 70
8
 71
3
 72
11
 73
7
 74
0
 42
1e-09
 40
-0.5274183251460625
 40
-0.5274183251460625
 40
-0.5274183251460625
 40
-0.5274183251460625
 40
-0.3839698254846087
 40
-0.3839698254846087
 40
-0.3839698254846087
 40
-0.3123943071989606
 40
-0.3123943071989606
 40
-0.3123943071989606
 40
-0.3123943071989606
 10
-80509.68979311577
 20
-49708.88769146343
 30
0.0
 10
-80509.67257204627
 20
-49708.886642367
 30
0.0
 10
-80509.67946082402
 20
-49708.89311032161
 30
0.0
 10
-80509.7128642771
 20
-49708.90649683986
 30
0.0
 10
-80509.72953136999
 20
-49708.91317621946
 30
0.0
 10
-80509.75265720538
 20
-49708.92146141228
 30
0.0
 10
-80509.78256533836
 20
-49708.93122193682
 30
0.0
  0
SPLINE
  5
2C2
330
199
100
AcDbEntity
  8
@.0.DM. NÉT CHÍNH
100
AcDbSpline
 70
8
 71
3
 72
8
 73
4
 74
0
 42
1e-09
 40
-0.3123943071989606
 40
-0.3123943071989606
 40
-0.3123943071989606
 40
-0.3123943071989606
 40
0.0
 40
0.0
 40
0.0
 40
0.0
 10
-80509.78256533836
 20
-49708.93122193682
 30
0.0
 10
-80509.91310062066
 20
-49708.97382214943
 30
0.0
 10
-80510.17433923423
 20
-49709.04520560607
 30
0.0
 10
-80510.5590224705
 20
-49709.12091232428
 30
0.0
  0
SPLINE
  5
2C3
330
199
100
AcDbEntity
  8
@.0.DM. NÉT CHÍNH
100
AcDbSpline
 70
8
 71
3
 72
8
 73
4
 74
0
 42
1e-09
 40
-0.3333333333343434
 40
-0.3333333333343434
 40
-0.3333333333343434
 40
-0.3333333333343434
 40
-0.2405316454605527
 40
-0.2405316454605527
 40
-0.2405316454605527
 40
-0.2405316454605527
 10
-80510.9957865392
 20
-49707.97217099947
 30
0.0
 10
-80511.05383335087
 20
-49707.98182814956
 30
0.0
 10
-80511.11733618261
 20
-49708.00164334588
 30
0.0
 10
-80511.1818217429
 20
-49708.03048566009
 30
0.0
  0
SPLINE
  5
2C4
330
199
100
AcDbEntity
  8
@.0.DM. NÉT CHÍNH
100
AcDbSpline
 70
8
 71
3
 72
8
 73
4
 74
0
 42
1e-09
 40
-0.9086168998289094
 40
-0.9086168998289094
 40
-0.9086168998289094
 40
-0.9086168998289094
 40
-0.3333333333343434
 40
-0.3333333333343434
 40
-0.3333333333343434
 40
-0.3333333333343434
 10
-80510.52917876464
 20
-49708.81531430968
 30
0.0
 10
-80510.43566235875
 20
-49708.25312596345
 30
0.0
 10
-80510.6359506612
 20
-49707.91230571176
 30
0.0
 10
-80510.9957865392
 20
-49707.97217099947
 30
0.0
  0
SPLINE
  5
2C5
330
199
100
AcDbEntity
  8
@.0.DM. NÉT CHÍNH
100
AcDbSpline
 70
8
 71
3
 72
8
 73
4
 74
0
 42
1e-09
 40
-0.2405316454605527
 40
-0.2405316454605527
 40
-0.2405316454605527
 40
-0.2405316454605527
 40
0.0
 40
0.0
 40
0.0
 40
0.0
 10
-80511.1818217429
 20
-49708.03048566009
 30
0.0
 10
-80511.34896113753
 20
-49708.10524172818
 30
0.0
 10
-80511.53812852003
 20
-49708.247131362
 30
0.0
 10
-80511.72574865946
 20
-49708.44730264502
 30
0.0
  0
ELLIPSE
  5
2C6
330
199
100
AcDbEntity
  8
@.0.DM. NÉT CHÍNH
100
AcDbEllipse
 10
-80520.90045914536
 20
-49715.09154357232
 30
0.0
 11
-1.499999999999973
 21
5.14162e-11
 31
0.0
 40
0.5773502692125849
 41
0.7853981634174084
 42
2.356194490212265
  0
SPLINE
  5
2C7
330
199
100
AcDbEntity
  8
@.0.DM. NÉT CHÍNH
100
AcDbSpline
 70
8
 71
3
 72
10
 73
6
 74
0
 42
1e-09
 40
-0.1271657235014129
 40
-0.1271657235014129
 40
-0.1271657235014129
 40
-0.1271657235014129
 40
-0.1131073466189197
 40
-0.1131073466189197
 40
0.0
 40
0.0
 40
0.0
 40
0.0
 10
-80511.13021731438
 20
-49708.66494106066
 30
0.0
 10
-80511.12375100434
 20
-49708.64088171016
 30
0.0
 10
-80511.11747947954
 20
-49708.61660342634
 30
0.0
 10
-80511.06238309472
 20
-49708.39497273853
 30
0.0
 10
-80511.02522756162
 20
-49708.1835360886
 30
0.0
 10
-80510.9957865392
 20
-49707.97217099947
 30
0.0
  0
SPLINE
  5
2C8
330
199
100
AcDbEntity
  8
@.0.DM. NÉT CHÍNH
100
AcDbSpline
 70
8
 71
3
 72
8
 73
4
 74
0
 42
1e-09
 40
-0.4766772310317672
 40
-0.4766772310317672
 40
-0.4766772310317672
 40
-0.4766772310317672
 40
-0.4144743839678444
 40
-0.4144743839678444
 40
-0.4144743839678444
 40
-0.4144743839678444
 10
-80509.78256533518
 20
-49708.93122193578
 30
0.0
 10
-80509.90538932363
 20
-49708.90140777225
 30
0.0
 10
-80510.01959393284
 20
-49708.88114186964
 30
0.0
 10
-80510.12673590185
 20
-49708.87066831673
 30
0.0
  0
LINE
  5
2C9
330
199
100
AcDbEntity
  8
@.0.DM. NÉT CHÍNH
100
AcDbLine
 10
-80510.5590224705
 20
-49709.12091232428
 30
0.0
 11
-80511.61968264228
 21
-49708.50853988858
 31
0.0
  0
SPLINE
  5
2CA
330
199
100
AcDbEntity
  8
@.0.DM. NÉT CHÍNH
100
AcDbSpline
 70
8
 71
3
 72
10
 73
6
 74
0
 42
1e-09
 40
-0.1266645878686424
 40
-0.1266645878686424
 40
-0.1266645878686424
 40
-0.1266645878686424
 40
-0.1203991933198782
 40
-0.1203991933198782
 40
0.0
 40
0.0
 40
0.0
 40
0.0
 10
-80511.21145635485
 20
-49708.63880768848
 30
0.0
 10
-80511.21045459637
 20
-49708.62956601388
 30
0.0
 10
-80511.20948434818
 20
-49708.62025988643
 30
0.0
 10
-80511.19047216012
 20
-49708.43076010128
 30
0.0
 10
-80511.18443403867
 20
-49708.23756887972
 30
0.0
 10
-80511.1818217451
 20
-49708.03048566107
 30
0.0
  0
LINE
  5
2CB
330
199
100
AcDbEntity
  8
@.0.DM. NÉT CHÍNH
100
AcDbLine
 10
-80511.72574865946
 20
-49708.44730264502
 30
0.0
 11
-80511.72574865946
 21
-49708.56977713215
 31
0.0
  0
LINE
  5
2CC
330
199
100
AcDbEntity
  8
@.0.DM. NÉT CHÍNH
100
AcDbLine
 10
-80511.61968264228
 20
-49708.50853988858
 30
0.0
 11
-80519.83979897357
 21
-49713.25442626523
 31
0.0
  0
LINE
  5
2CD
330
199
100
AcDbEntity
  8
@.0.DM. NÉT CHÍNH
100
AcDbLine
 10
-80519.83979897357
 20
-49715.70391600802
 30
0.0
 11
-80519.83979897357
 21
-49713.25442626523
 31
0.0
  0
LINE
  5
2CE
330
199
100
AcDbEntity
  8
@.0.DM. NÉT CHÍNH
100
AcDbLine
 10
-80521.96111931706
 20
-49713.5825956645
 30
0.0
 11
-80521.96111931714
 21
-49715.70391600802
 31
0.0
  0
ELLIPSE
  5
2CF
330
199
100
AcDbEntity
  8
@.0.DM. NÉT CHÍNH
100
AcDbEllipse
 10
-80520.90045914536
 20
-49715.09154357232
 30
0.0
 11
0.750000000043495
 21
1.299038105651571
 31
0.0
 40
0.5773502691673424
 41
0.7853981634173178
 42
2.356194490212288
  0
LINE
  5
2D0
330
199
100
AcDbEntity
  8
@.0.DM. NÉT CHÍNH
100
AcDbLine
 10
-80520.90045914536
 20
-49712.64205382953
 30
0.0
 11
-80520.90045914536
 21
-49713.86679870092
 31
0.0
  0
ELLIPSE
  5
2D1
330
199
100
AcDbEntity
  8
@.0.DM. NÉT CHÍNH
100
AcDbEllipse
 10
-80520.90045914536
 20
-49715.09154357232
 30
0.0
 11
-1.500000000086929
 21
-2.598076211302593
 31
0.0
 40
0.5773502691671721
 41
3.926990817006132
 42
4.450589592605
  0
LINE
  5
2D2
330
199
100
AcDbEntity
  8
@.0.DM. NÉT CHÍNH
100
AcDbLine
 10
-80519.83979897357
 20
-49713.25442626523
 30
0.0
 11
-80518.7791388018
 21
-49713.86679870092
 31
0.0
  0
LINE
  5
2D3
330
199
100
AcDbEntity
  8
@.0.DM. NÉT CHÍNH
100
AcDbLine
 10
-80518.7791388018
 20
-49713.86679870092
 30
0.0
 11
-80510.5590224705
 21
-49709.12091232428
 31
0.0
  0
LINE
  5
2D4
330
199
100
AcDbEntity
  8
@.0.DM. NÉT CHÍNH
100
AcDbLine
 10
-80521.96111931714
 20
-49715.70391600802
 30
0.0
 11
-80520.12400201007
 21
-49716.76457617988
 31
0.0
  0
LINE
  5
2D5
330
199
100
AcDbEntity
  8
@.0.DM. NÉT CHÍNH
100
AcDbLine
 10
-80521.96111931714
 20
-49715.70391600802
 30
0.0
 11
-80523.02177948892
 21
-49716.31628844371
 31
0.0
  0
ELLIPSE
  5
2D6
330
199
100
AcDbEntity
  8
@.0.DM. NÉT CHÍNH
100
AcDbEllipse
 10
-80520.90045914536
 20
-49715.09154357232
 30
0.0
 11
2.999999999999895
 21
-1.024509e-10
 31
0.0
 40
0.5773502692125958
 41
3.926990817006891
 42
4.974188368203878
  0
LINE
  5
2D7
330
199
100
AcDbEntity
  8
@.0.DM. NÉT CHÍNH
100
AcDbLine
 10
-80518.7791388018
 20
-49716.31628844371
 30
0.0
 11
-80519.83979897357
 21
-49715.70391600802
 31
0.0
  0
LINE
  5
2D8
330
199
100
AcDbEntity
  8
@.0.DM. NÉT CHÍNH
100
AcDbLine
 10
-80518.7791388018
 20
-49713.86679870092
 30
0.0
 11
-80518.7791388018
 21
-49716.31628844371
 31
0.0
  0
ELLIPSE
  5
2D9
330
199
100
AcDbEntity
  8
@.0.DM. NÉT CHÍNH
100
AcDbEllipse
 10
-80520.90045914536
 20
-49715.09154357232
 30
0.0
 11
2.999999999999947
 21
-1.027181e-10
 31
0.0
 40
0.5773502692126015
 41
4.97418836820357
 42
5.497787143802122
  0
LINE
  5
2DA
330
199
100
AcDbEntity
  8
@.0.DM. NÉT CHÍNH
100
AcDbLine
 10
-80519.94586499075
 20
-49714.41793389305
 30
0.0
 11
-80520.90045914536
 21
-49713.86679870092
 31
0.0
  0
LINE
  5
2DB
330
199
100
AcDbEntity
  8
@.0.DM. NÉT CHÍNH
100
AcDbLine
 10
-80519.94586499075
 20
-49714.41793389305
 30
0.0
 11
-80519.94586499075
 21
-49713.19318902167
 31
0.0
  0
LINE
  5
2DC
330
199
100
AcDbEntity
  8
@.0.DM. NÉT CHÍNH
100
AcDbLine
 10
-80520.90045914536
 20
-49712.64205382953
 30
0.0
 11
-80519.94586499075
 21
-49713.19318902167
 31
0.0
  0
LINE
  5
2DD
330
199
100
AcDbEntity
  8
@.0.DM. NÉT CHÍNH
100
AcDbLine
 10
-80519.94586499075
 20
-49714.41793389305
 30
0.0
 11
-80519.83979897357
 21
-49714.35669664948
 31
0.0
  0
LINE
  5
2DE
330
199
100
AcDbEntity
  8
@.0.DM. NÉT CHÍNH
100
AcDbLine
 10
-80511.72574865946
 20
-49708.44730264502
 30
0.0
 11
-80519.94586499075
 21
-49713.19318902167
 31
0.0
  0
ELLIPSE
  5
2DF
330
199
100
AcDbEntity
  8
@.0.DM. NÉT CHÍNH
100
AcDbEllipse
 10
-80520.90045914536
 20
-49715.09154357232
 30
0.0
 11
-1.500000000086803
 21
-2.598076211303215
 31
0.0
 40
0.5773502691673464
 41
4.45058959260502
 42
5.497787143801687
  0
SPLINE
  5
2E0
330
199
100
AcDbEntity
  8
@.0.DM. NÉT CHÍNH
100
AcDbSpline
 70
8
 71
3
 72
12
 73
8
 74
0
 42
1e-09
 40
0.0
 40
0.0
 40
0.0
 40
0.0
 40
0.0920951572713867
 40
0.0920951572713867
 40
0.1837669885889539
 40
0.1837669885889539
 40
0.2068941923828367
 40
0.2068941923828367
 40
0.2068941923828367
 40
0.2068941923828367
 10
-80511.4351770585
 20
-49708.55855007484
 30
0.0
 10
-80511.22297687596
 20
-49708.64084463678
 30
0.0
 10
-80511.00669439966
 20
-49708.70618563638
 30
0.0
 10
-80510.60378151012
 20
-49708.80345098582
 30
0.0
 10
-80510.41182106065
 20
-49708.83673732001
 30
0.0
 10
-80510.20516020754
 20
-49708.86253647111
 30
0.0
 10
-80510.16504265826
 20
-49708.86697297279
 30
0.0
 10
-80510.1267209514
 20
-49708.87071851237
 30
0.0
  0
SPLINE
  5
2E1
330
199
100
AcDbEntity
  8
@.0.DM. NÉT CHÍNH
100
AcDbSpline
 70
8
 71
3
 72
10
 73
6
 74
0
 42
1e-09
 40
0.0
 40
0.0
 40
0.0
 40
0.0
 40
0.0871254382332503
 40
0.0871254382332503
 40
0.1250919806149885
 40
0.1250919806149885
 40
0.1250919806149885
 40
0.1250919806149885
 10
-80510.1267209514
 20
-49708.87071851237
 30
0.0
 10
-80509.98235436327
 20
-49708.8848288121
 30
0.0
 10
-80509.86157692081
 20
-49708.88904189026
 30
0.0
 10
-80509.7415054735
 20
-49708.88884767874
 30
0.0
 10
-80509.71165718943
 20
-49708.88801333975
 30
0.0
 10
-80509.68918240446
 20
-49708.88701502667
 30
0.0
  0
LINE
  5
2E2
330
199
100
AcDbEntity
  8
@.0.DM. NÉT CHÍNH
100
AcDbLine
 10
-80510.5590224705
 20
-49744.02614115894
 30
0.0
 11
-80510.5590224705
 21
-49709.12091232428
 31
0.0
  0
LINE
  5
2E3
330
199
100
AcDbEntity
  8
@.0.DM. NÉT CHÍNH
100
AcDbLine
 10
-80510.5590224705
 20
-49817.51083344243
 30
0.0
 11
-80510.5590224705
 21
-49793.0159360146
 31
0.0
  0
LINE
  5
2E4
330
199
100
AcDbEntity
  8
@.0.DM. NÉT CHÍNH
100
AcDbLine
 10
-80510.55902247048
 20
-49909.3666987968
 30
0.0
 11
-80510.55902247048
 21
-49866.50062829808
 31
0.0
  0
LINE
  5
2E5
330
199
100
AcDbEntity
  8
@.0.DM. NÉT CHÍNH
100
AcDbLine
 10
-80511.72574865946
 20
-49708.44730264502
 30
0.0
 11
-80513.74100298584
 21
-49707.28379501719
 31
0.0
  0
LINE
  5
2E6
330
199
100
AcDbEntity
  8
@.0.DM. NÉT CHÍNH
100
AcDbLine
 10
-80877.54744190632
 20
-49534.90095436882
 30
0.0
 11
-80877.54744190632
 21
-49539.1875614187
 31
0.0
  0
LINE
  5
2E7
330
199
100
AcDbEntity
  8
@.0.DM. NÉT CHÍNH
100
AcDbLine
 10
-80509.68034281406
 20
-49742.80139628755
 30
0.0
 11
-80509.68034281406
 21
-49708.88890999129
 31
0.0
  0
LINE
  5
2E8
330
199
100
AcDbEntity
  8
@.0.DM. NÉT CHÍNH
100
AcDbLine
 10
-80509.68034281406
 20
-49816.28608857104
 30
0.0
 11
-80509.68034281406
 21
-49791.79119114321
 31
0.0
  0
LINE
  5
2E9
330
199
100
AcDbEntity
  8
@.0.DM. NÉT CHÍNH
100
AcDbLine
 10
-80509.68034281403
 20
-49907.149211387
 30
0.0
 11
-80509.68034281403
 21
-49865.2758834267
 31
0.0
  0
LINE
  5
2EA
330
199
100
AcDbEntity
  8
@.0.DM. NÉT CHÍNH
100
AcDbLine
 10
-80510.72179573675
 20
-49708.01232326284
 30
0.0
 11
-80512.8623233294
 21
-49706.77648908101
 31
0.0
  0
SPLINE
  5
2EB
330
199
100
AcDbEntity
  8
@.0.DM. NÉT CHÍNH
100
AcDbSpline
 70
8
 71
3
 72
8
 73
4
 74
0
 42
1e-09
 40
-1.0
 40
-1.0
 40
-1.0
 40
-1.0
 40
-0.5221725118099226
 40
-0.5221725118099226
 40
-0.5221725118099226
 40
-0.5221725118099226
 10
-80510.55902247048
 20
-49909.3666987968
 30
0.0
 10
-80509.97062434573
 20
-49908.80307353354
 30
0.0
 10
-80509.6847759498
 20
-49907.99562162909
 30
0.0
 10
-80509.6813023739
 20
-49907.14982045246
 30
0.0
  0
LINE
  5
2EC
330
199
100
AcDbEntity
  8
@.0.DM. NÉT CHÍNH
100
AcDbLine
 10
-80519.83979897355
 20
-49913.50021273774
 30
0.0
 11
-80519.83979897355
 21
-49912.05853573391
 31
0.0
  0
LINE
  5
2ED
330
199
100
AcDbEntity
  8
@.0.DM. NÉT CHÍNH
100
AcDbLine
 10
-80519.83979897355
 20
-49913.50021273774
 30
0.0
 11
-80518.77913880176
 21
-49914.11258517343
 31
0.0
  0
LINE
  5
2EE
330
199
100
AcDbEntity
  8
@.0.DM. NÉT CHÍNH
100
AcDbLine
 10
-80518.77913880176
 20
-49911.66309543066
 30
0.0
 11
-80518.77913880176
 21
-49914.11258517343
 31
0.0
  0
LINE
  5
2EF
330
199
100
AcDbEntity
  8
@.0.DM. NÉT CHÍNH
100
AcDbLine
 10
-80521.96111931711
 20
-49912.05853573499
 30
0.0
 11
-80521.96111931698
 21
-49913.17204333859
 31
0.0
  0
ELLIPSE
  5
2F0
330
199
100
AcDbEntity
  8
@.0.DM. NÉT CHÍNH
100
AcDbEllipse
 10
-80520.90045914533
 20
-49910.43835055926
 30
0.0
 11
-1.499999999844001
 21
-2.598076211443425
 31
0.0
 40
0.5773502692296321
 41
5.497787143747766
 42
6.544984694944438
  0
LINE
  5
2F1
330
199
100
AcDbEntity
  8
@.0.DM. NÉT CHÍNH
100
AcDbLine
 10
-80518.77913880176
 20
-49914.11258517343
 30
0.0
 11
-80510.55902247048
 21
-49909.3666987968
 31
0.0
  0
ELLIPSE
  5
2F2
330
199
100
AcDbEntity
  8
@.0.DM. NÉT CHÍNH
100
AcDbEllipse
 10
-80520.90045914533
 20
-49910.43835055926
 30
0.0
 11
-2.999999999999571
 21
3.32896e-11
 31
0.0
 40
0.5773502691971434
 41
1.832595714600143
 42
2.356194490198884
  0
ELLIPSE
  5
2F3
330
199
100
AcDbEntity
  8
@.0.DM. NÉT CHÍNH
100
AcDbEllipse
 10
-80520.90045914533
 20
-49910.43835055926
 30
0.0
 11
-2.999999999999901
 21
3.29941e-11
 31
0.0
 40
0.5773502691971013
 41
0.7853981634035812
 42
1.83259571460039
  0
LINE
  5
2F4
330
199
100
AcDbEntity
  8
@.0.DM. NÉT CHÍNH
100
AcDbLine
 10
-80520.12400200996
 20
-49912.11138316677
 30
0.0
 11
-80519.94586499073
 21
-49912.21423062278
 31
0.0
  0
LINE
  5
2F5
330
199
100
AcDbEntity
  8
@.0.DM. NÉT CHÍNH
100
AcDbLine
 10
-80520.90045914533
 20
-49912.88784030205
 30
0.0
 11
-80520.90045914533
 21
-49912.17040136688
 31
0.0
  0
LINE
  5
2F6
330
199
100
AcDbEntity
  8
@.0.DM. NÉT CHÍNH
100
AcDbLine
 10
-80519.94586499073
 20
-49913.43897549417
 30
0.0
 11
-80520.90045914533
 21
-49912.88784030205
 31
0.0
  0
LINE
  5
2F7
330
199
100
AcDbEntity
  8
@.0.DM. NÉT CHÍNH
100
AcDbLine
 10
-80519.94586499073
 20
-49912.21423062278
 30
0.0
 11
-80519.94586499073
 21
-49913.43897549417
 31
0.0
  0
LINE
  5
2F8
330
199
100
AcDbEntity
  8
@.0.DM. NÉT CHÍNH
100
AcDbLine
 10
-80519.94586499073
 20
-49913.43897549417
 30
0.0
 11
-80519.83979897355
 21
-49913.37773825061
 31
0.0
  0
LINE
  5
2F9
330
199
100
AcDbEntity
  8
@.0.DM. NÉT CHÍNH
100
AcDbLine
 10
-80519.83979897355
 20
-49912.15299337921
 30
0.0
 11
-80519.94586499073
 21
-49912.21423062278
 31
0.0
  0
ELLIPSE
  5
2FA
330
199
100
AcDbEntity
  8
@.0.DM. NÉT CHÍNH
100
AcDbEllipse
 10
-80520.90045914533
 20
-49910.43835055926
 30
0.0
 11
-1.499999999843823
 21
-2.598076211443195
 31
0.0
 40
0.5773502692296607
 41
0.2617993877647909
 42
0.7853981633627563
  0
LINE
  5
2FB
330
199
100
AcDbEntity
  8
@.0.DM. NÉT CHÍNH
100
AcDbLine
 10
-80888.94953875296
 20
-49502.59830838588
 30
0.0
 11
-80888.94953875296
 21
-49500.14881864309
 31
0.0
  0
LINE
  5
2FC
330
199
100
AcDbEntity
  8
@.0.DM. NÉT CHÍNH
100
AcDbLine
 10
-80888.94953875296
 20
-49500.14881864309
 30
0.0
 11
-80886.64623789406
 21
-49498.8190072722
 31
0.0
  0
LINE
  5
2FD
330
199
100
AcDbEntity
  8
@.0.DM. NÉT CHÍNH
100
AcDbLine
 10
-80885.5855777223
 20
-49499.43137970789
 30
0.0
 11
-80887.88887858116
 21
-49500.7611910788
 31
0.0
  0
LINE
  5
2FE
330
199
100
AcDbEntity
  8
@.0.DM. NÉT CHÍNH
100
AcDbLine
 10
-80887.88887858116
 20
-49500.7611910788
 30
0.0
 11
-80887.88887858116
 21
-49502.31410534952
 31
0.0
  0
ELLIPSE
  5
2FF
330
199
100
AcDbEntity
  8
@.0.DM. NÉT CHÍNH
100
AcDbEllipse
 10
-80886.8282184094
 20
-49503.82305325727
 30
0.0
 11
-3.000000000000099
 21
1.96439e-11
 31
0.0
 40
0.577350269194124
 41
6.021385919384194
 42
7.068583470580661
  0
ELLIPSE
  5
300
330
199
100
AcDbEntity
  8
@.0.DM. NÉT CHÍNH
100
AcDbEllipse
 10
-80886.8282184094
 20
-49503.82305325727
 30
0.0
 11
-3.000000000000266
 21
1.96496e-11
 31
0.0
 40
0.5773502691941351
 41
5.497787143785886
 42
6.02138591938435
  0
LINE
  5
301
330
199
100
AcDbEntity
  8
@.0.DM. NÉT CHÍNH
100
AcDbLine
 10
-80887.782812564
 20
-49500.82242832236
 30
0.0
 11
-80885.47951170513
 21
-49499.49261695146
 31
0.0
  0
LINE
  5
302
330
199
100
AcDbEntity
  8
@.0.DM. NÉT CHÍNH
100
AcDbLine
 10
-80887.782812564
 20
-49500.82242832236
 30
0.0
 11
-80886.8282184094
 21
-49501.37356351449
 31
0.0
  0
LINE
  5
303
330
199
100
AcDbEntity
  8
@.0.DM. NÉT CHÍNH
100
AcDbLine
 10
-80887.7010098435
 20
-49502.09440201645
 30
0.0
 11
-80887.782812564
 21
-49502.04717319375
 31
0.0
  0
ELLIPSE
  5
304
330
199
100
AcDbEntity
  8
@.0.DM. NÉT CHÍNH
100
AcDbEllipse
 10
-80886.82821840962
 20
-49503.82305325715
 30
0.0
 11
1.499999999999697
 21
2.59807621135283
 31
0.0
210
0.0
220
0.0
230
0.9999999999999998
 40
0.5773502690800087
 41
0.7853981633974138
 42
1.308996938995838
  0
ELLIPSE
  5
305
330
199
100
AcDbEntity
  8
@.0.DM. NÉT CHÍNH
100
AcDbEllipse
 10
-80886.82821840962
 20
-49503.82305325715
 30
0.0
 11
1.500000000000146
 21
2.598076211353253
 31
0.0
 40
0.5773502690800091
 41
1.308996938996227
 42
2.356194490192667
  0
LINE
  5
306
330
199
100
AcDbEntity
  8
@.0.DM. NÉT CHÍNH
100
AcDbLine
 10
-80888.94953875296
 20
-49502.59830838588
 30
0.0
 11
-80888.32821840933
 21
-49502.95702785353
 31
0.0
  0
LINE
  5
307
330
199
100
AcDbEntity
  8
@.0.DM. NÉT CHÍNH
100
AcDbLine
 10
-80887.88887858116
 20
-49500.7611910788
 30
0.0
 11
-80888.94953875296
 21
-49500.14881864309
 31
0.0
  0
LINE
  5
308
330
199
100
AcDbEntity
  8
@.0.DM. NÉT CHÍNH
100
AcDbLine
 10
-80889.72599588826
 20
-49503.37476552117
 30
0.0
 11
-80888.76167001593
 21
-49503.93151932315
 31
0.0
  0
LINE
  5
309
330
199
100
AcDbEntity
  8
@.0.DM. NÉT CHÍNH
100
AcDbLine
 10
-80887.782812564
 20
-49502.04717319375
 30
0.0
 11
-80887.782812564
 21
-49500.82242832236
 31
0.0
  0
LINE
  5
30A
330
199
100
AcDbEntity
  8
@.0.DM. NÉT CHÍNH
100
AcDbLine
 10
-80888.94953875293
 20
-49700.39460511561
 30
0.0
 11
-80523.02177948887
 21
-49911.66309543066
 31
0.0
  0
LINE
  5
30B
330
199
100
AcDbEntity
  8
@.0.DM. NÉT CHÍNH
100
AcDbLine
 10
-80888.94953875296
 20
-49505.04779812867
 30
0.0
 11
-80888.94953875293
 21
-49700.39460511561
 31
0.0
  0
LINE
  5
30C
330
199
100
AcDbEntity
  8
@.0.DM. NÉT CHÍNH
100
AcDbLine
 10
-80518.7791388018
 20
-49716.31628844371
 30
0.0
 11
-80518.77913880176
 21
-49911.66309543066
 31
0.0
  0
LINE
  5
30D
330
199
100
AcDbEntity
  8
@.0.DM. NÉT CHÍNH
100
AcDbLine
 10
-80523.02177948887
 20
-49911.66309543066
 30
0.0
 11
-80523.02177948892
 21
-49716.31628844371
 31
0.0
  0
LINE
  5
30E
330
199
100
AcDbEntity
  8
@.0.DM. NÉT CHÍNH
100
AcDbLine
 10
-80886.8282184094
 20
-49501.37356351449
 30
0.0
 11
-80520.90045914536
 21
-49712.64205382953
 31
0.0
  0
LINE
  5
30F
330
199
100
AcDbEntity
  8
@.0.DM. NÉT CHÍNH
100
AcDbLine
 10
-80523.02177948892
 20
-49716.31628844371
 30
0.0
 11
-80888.94953875296
 21
-49505.04779812867
 31
0.0
  0
LINE
  5
310
330
199
100
AcDbEntity
  8
@.0.DM. NÉT CHÍNH
100
AcDbLine
 10
-80888.32821840941
 20
-49701.76793645554
 30
0.0
 11
-80522.40045914512
 21
-49913.03642677074
 31
0.0
  0
LINE
  5
311
330
199
100
AcDbEntity
  8
@.0.DM. NÉT CHÍNH
100
AcDbLine
 10
-80889.82821840938
 20
-49503.82305325724
 30
0.0
 11
-80889.82821840938
 21
-49699.1698602443
 31
0.0
  0
ELLIPSE
  5
312
330
199
100
AcDbEntity
  8
@.0.DM. NÉT CHÍNH
100
AcDbEllipse
 10
-80886.82821840937
 20
-49699.16986024422
 30
0.0
 11
-1.500000000015247
 21
-2.598076211344625
 31
0.0
 40
0.5773502691836998
 41
5.497787143768558
 42
6.283185307158642
  0
ELLIPSE
  5
313
330
199
100
AcDbEntity
  8
@.0.DM. NÉT CHÍNH
100
AcDbEllipse
 10
-80886.82821840937
 20
-49699.16986024422
 30
0.0
 11
-3.000000000000066
 21
-6.35479e-11
 31
0.0
 40
0.5773502691756366
 41
0.0
 42
0.7853981633853176
  0
LINE
  5
314
330
199
100
AcDbEntity
  8
@.0.DM. NÉT CHÍNH
100
AcDbLine
 10
-80905.76964760272
 20
-48933.53827970213
 30
0.0
 11
-80906.29469996798
 21
-48933.92759704294
 31
0.0
  0
LINE
  5
315
330
199
100
AcDbEntity
  8
@.0.DM. NÉT CHÍNH
100
AcDbLine
 10
-80906.8303077745
 20
-48932.92590726643
 30
0.0
 11
-80905.76964760272
 21
-48933.53827970213
 31
0.0
  0
LINE
  5
316
330
199
100
AcDbEntity
  8
@.0.DM. NÉT CHÍNH
100
AcDbLine
 10
-80907.35536013976
 20
-48933.31522460725
 30
0.0
 11
-80906.8303077745
 21
-48932.92590726643
 31
0.0
  0
LINE
  5
317
330
199
100
AcDbEntity
  8
@.0.DM. NÉT CHÍNH
100
AcDbLine
 10
-80907.35536013976
 20
-48933.31522460725
 30
0.0
 11
-80906.29469996798
 21
-48933.92759704294
 31
0.0
  0
ELLIPSE
  5
318
330
199
100
AcDbEntity
  8
@.0.DM. NÉT CHÍNH
100
AcDbEllipse
 10
-80905.99616986938
 20
-48936.18035360553
 30
0.0
 11
-1.499999999999739
 21
-2.598076211353463
 31
0.0
210
0.0
220
0.0
230
0.9999999999999998
 40
0.5773502691896688
 41
4.068187953473548
 42
5.497787143782115
  0
ELLIPSE
  5
319
330
199
100
AcDbEntity
  8
@.0.DM. NÉT CHÍNH
100
AcDbEllipse
 10
-80907.05683004117
 20
-48935.56798116983
 30
0.0
 11
1.500000000000081
 21
2.598076211353267
 31
0.0
210
0.0
220
0.0
230
0.9999999999999998
 40
0.5773502691896573
 41
0.9265952998840596
 42
2.35619449019267
  0
LINE
  5
31A
330
199
100
AcDbEntity
  8
@.0.DM. NÉT CHÍNH
100
AcDbLine
 10
-80909.17815038473
 20
-48936.79272604122
 30
0.0
 11
-80908.11749021296
 21
-48937.40509847693
 31
0.0
  0
ELLIPSE
  5
31B
330
199
100
AcDbEntity
  8
@.0.DM. NÉT CHÍNH
100
AcDbEllipse
 10
-80905.99616986938
 20
-48949.97610326313
 30
0.0
 11
-1.500000000000219
 21
-2.598076211353218
 31
0.0
 40
0.5773502691896674
 41
5.497787143782424
 42
6.460895908024905
  0
LINE
  5
31C
330
199
100
AcDbEntity
  8
@.0.DM. NÉT CHÍNH
100
AcDbLine
 10
-80909.17815038473
 20
-48950.58847569883
 30
0.0
 11
-80908.11749021296
 21
-48951.20084813452
 31
0.0
  0
ELLIPSE
  5
31D
330
199
100
AcDbEntity
  8
@.0.DM. NÉT CHÍNH
100
AcDbEllipse
 10
-80907.05683004117
 20
-48949.36373082744
 30
0.0
 11
-1.500000000000142
 21
-2.598076211353172
 31
0.0
 40
0.5773502691896812
 41
5.497787143782222
 42
6.283185307179635
  0
LINE
  5
31E
330
199
100
AcDbEntity
  8
@.0.DM. NÉT CHÍNH
100
AcDbLine
 10
-80908.11749021296
 20
-48937.40509847693
 30
0.0
 11
-80908.11749021296
 21
-48951.20084813452
 31
0.0
  0
LINE
  5
31F
330
199
100
AcDbEntity
  8
@.0.DM. NÉT CHÍNH
100
AcDbLine
 10
-80909.17815038473
 20
-48950.58847569883
 30
0.0
 11
-80909.17815038473
 21
-48936.79272604122
 31
0.0
  0
LINE
  5
320
330
199
100
AcDbEntity
  8
@.0.DM. NÉT CHÍNH
100
AcDbLine
 10
-80406.06899672559
 20
-49094.90269974596
 30
0.0
 11
-80279.60027006544
 21
-49021.88594636467
 31
0.0
  0
LINE
  5
321
330
199
100
AcDbEntity
  8
@.0.DM. NÉT CHÍNH
100
AcDbLine
 10
-80406.17506274275
 20
-49094.84146250238
 30
0.0
 11
-80406.06899672559
 21
-49094.90269974596
 31
0.0
  0
LINE
  5
322
330
199
100
AcDbEntity
  8
@.0.DM. NÉT CHÍNH
100
AcDbLine
 10
-80532.6437894029
 20
-49167.98069037082
 30
0.0
 11
-80406.17506274275
 21
-49094.96393698952
 31
0.0
  0
LINE
  5
323
330
199
100
AcDbEntity
  8
@.0.DM. NÉT CHÍNH
100
AcDbLine
 10
-80279.30173996688
 20
-49003.04323753614
 30
0.0
 11
-80279.82679233213
 21
-49003.26019844417
 31
0.0
  0
LINE
  5
324
330
199
100
AcDbEntity
  8
@.0.DM. NÉT CHÍNH
100
AcDbLine
 10
-80280.36240013863
 20
-49002.43086510045
 30
0.0
 11
-80279.30173996688
 21
-49003.04323753614
 31
0.0
  0
LINE
  5
325
330
199
100
AcDbEntity
  8
@.0.DM. NÉT CHÍNH
100
AcDbLine
 10
-80280.88745250388
 20
-49002.64782600848
 30
0.0
 11
-80280.36240013863
 21
-49002.43086510045
 31
0.0
  0
LINE
  5
326
330
199
100
AcDbEntity
  8
@.0.DM. NÉT CHÍNH
100
AcDbLine
 10
-80279.82679233213
 20
-49003.26019844417
 30
0.0
 11
-80280.88745250388
 21
-49002.64782600848
 31
0.0
  0
ELLIPSE
  5
327
330
199
100
AcDbEntity
  8
@.0.DM. NÉT CHÍNH
100
AcDbEllipse
 10
-80279.60027006546
 20
-49019.43645662189
 30
0.0
 11
1.499999999999831
 21
2.598076211353466
 31
0.0
 40
0.5773502691896275
 41
3.926990816987051
 42
5.497787143782001
  0
ELLIPSE
  5
328
330
199
100
AcDbEntity
  8
@.0.DM. NÉT CHÍNH
100
AcDbEllipse
 10
-80279.60027006546
 20
-49005.64070696429
 30
0.0
 11
1.500000000000266
 21
2.598076211353151
 31
0.0
 40
0.5773502691897536
 41
5.497787143782201
 42
6.927386334091071
  0
ELLIPSE
  5
329
330
199
100
AcDbEntity
  8
@.0.DM. NÉT CHÍNH
100
AcDbEllipse
 10
-80280.66093023727
 20
-49005.02833452859
 30
0.0
 11
1.500000000000217
 21
2.598076211353282
 31
0.0
210
0.0
220
0.0
230
0.9999999999999998
 40
0.577350269189749
 41
0.0
 42
0.6442010269114267
  0
LINE
  5
32A
330
199
100
AcDbEntity
  8
@.0.DM. NÉT CHÍNH
100
AcDbLine
 10
-80277.4789497219
 20
-49018.21171175051
 30
0.0
 11
-80277.4789497219
 21
-49004.4159620929
 31
0.0
  0
LINE
  5
32B
330
199
100
AcDbEntity
  8
@.0.DM. NÉT CHÍNH
100
AcDbLine
 10
-80652.6541204334
 20
-48787.48814017122
 30
0.0
 11
-80653.17917279864
 21
-48787.70510107925
 31
0.0
  0
LINE
  5
32C
330
199
100
AcDbEntity
  8
@.0.DM. NÉT CHÍNH
100
AcDbLine
 10
-80653.71478060517
 20
-48786.87576773553
 30
0.0
 11
-80652.6541204334
 21
-48787.48814017122
 31
0.0
  0
LINE
  5
32D
330
199
100
AcDbEntity
  8
@.0.DM. NÉT CHÍNH
100
AcDbLine
 10
-80654.23983297042
 20
-48787.09272864356
 30
0.0
 11
-80653.71478060517
 21
-48786.87576773553
 31
0.0
  0
LINE
  5
32E
330
199
100
AcDbEntity
  8
@.0.DM. NÉT CHÍNH
100
AcDbLine
 10
-80653.17917279864
 20
-48787.70510107925
 30
0.0
 11
-80654.23983297042
 21
-48787.09272864356
 31
0.0
  0
LINE
  5
32F
330
199
100
AcDbEntity
  8
@.0.DM. NÉT CHÍNH
100
AcDbLine
 10
-80532.41726713622
 20
-49149.09337706704
 30
0.0
 11
-80532.9423195015
 21
-49149.48269440785
 31
0.0
  0
LINE
  5
330
330
199
100
AcDbEntity
  8
@.0.DM. NÉT CHÍNH
100
AcDbLine
 10
-80533.477927308
 20
-49148.48100463134
 30
0.0
 11
-80532.41726713622
 21
-49149.09337706704
 31
0.0
  0
LINE
  5
331
330
199
100
AcDbEntity
  8
@.0.DM. NÉT CHÍNH
100
AcDbLine
 10
-80534.00297967326
 20
-49148.87032197214
 30
0.0
 11
-80533.477927308
 21
-49148.48100463134
 31
0.0
  0
LINE
  5
332
330
199
100
AcDbEntity
  8
@.0.DM. NÉT CHÍNH
100
AcDbLine
 10
-80534.00297967326
 20
-49148.87032197214
 30
0.0
 11
-80532.9423195015
 21
-49149.48269440785
 31
0.0
  0
ELLIPSE
  5
333
330
199
100
AcDbEntity
  8
@.0.DM. NÉT CHÍNH
100
AcDbEllipse
 10
-80532.6437894029
 20
-49151.73545097044
 30
0.0
 11
-1.499999999999807
 21
-2.598076211353424
 31
0.0
210
0.0
220
0.0
230
0.9999999999999998
 40
0.5773502691896275
 41
4.068187953473623
 42
5.497787143782109
  0
ELLIPSE
  5
334
330
199
100
AcDbEntity
  8
@.0.DM. NÉT CHÍNH
100
AcDbEllipse
 10
-80533.70444957467
 20
-49151.12307853474
 30
0.0
 11
1.500000000000119
 21
2.598076211353246
 31
0.0
 40
0.5773502691896272
 41
0.9265952998841129
 42
2.356194490192519
  0
LINE
  5
335
330
199
100
AcDbEntity
  8
@.0.DM. NÉT CHÍNH
100
AcDbLine
 10
-80535.82576991823
 20
-49152.34782340613
 30
0.0
 11
-80534.76510974645
 21
-49152.96019584182
 31
0.0
  0
LINE
  5
336
330
199
100
AcDbEntity
  8
@.0.DM. NÉT CHÍNH
100
AcDbLine
 10
-80534.76510974645
 20
-49152.96019584182
 30
0.0
 11
-80534.76510974645
 21
-49166.75594549943
 31
0.0
  0
LINE
  5
337
330
199
100
AcDbEntity
  8
@.0.DM. NÉT CHÍNH
100
AcDbLine
 10
-80535.82576991823
 20
-49166.14357306373
 30
0.0
 11
-80535.82576991823
 21
-49152.34782340613
 31
0.0
  0
LINE
  5
338
330
199
100
AcDbEntity
  8
@.0.DM. NÉT CHÍNH
100
AcDbLine
 10
-80535.82576991823
 20
-49166.14357306373
 30
0.0
 11
-80534.76510974645
 21
-49166.75594549943
 31
0.0
  0
ELLIPSE
  5
339
330
199
100
AcDbEntity
  8
@.0.DM. NÉT CHÍNH
100
AcDbEllipse
 10
-80532.6437894029
 20
-49165.53120062804
 30
0.0
 11
-1.499999999999855
 21
-2.598076211353397
 31
0.0
 40
0.5773502691896346
 41
5.497787143782349
 42
7.068583470576963
  0
ELLIPSE
  5
33A
330
199
100
AcDbEntity
  8
@.0.DM. NÉT CHÍNH
100
AcDbEllipse
 10
-80533.70444957467
 20
-49164.91882819234
 30
0.0
 11
-1.499999999999699
 21
-2.598076211353445
 31
0.0
210
0.0
220
0.0
230
0.9999999999999998
 40
0.5773502691896083
 41
5.497787143782328
 42
6.283185307179715
  0
ELLIPSE
  5
33B
330
199
100
AcDbEntity
  8
@.0.DM. NÉT CHÍNH
100
AcDbEllipse
 10
-80652.95265053197
 20
-48790.08560959937
 30
0.0
 11
1.499999999999963
 21
2.598076211353336
 31
0.0
210
0.0
220
0.0
230
0.9999999999999998
 40
0.577350269189627
 41
5.921818183272812
 42
6.927386334090487
  0
ELLIPSE
  5
33C
330
199
100
AcDbEntity
  8
@.0.DM. NÉT CHÍNH
100
AcDbEllipse
 10
-80654.01331070375
 20
-48789.47323716367
 30
0.0
 11
1.500000000000007
 21
2.598076211353411
 31
0.0
 40
0.5773502691896273
 41
0.0
 42
0.6442010269109028
  0
LINE
  5
33D
330
199
100
AcDbEntity
  8
@.0.DM. NÉT CHÍNH
100
AcDbLine
 10
-80908.55683004115
 20
-48951.96180703879
 30
0.0
 11
-80907.49616986938
 21
-48952.57417947449
 31
0.0
  0
LINE
  5
33E
330
199
100
AcDbEntity
  8
@.0.DM. NÉT CHÍNH
100
AcDbLine
 10
-80279.16093023724
 20
-49002.43025831723
 30
0.0
 11
-80278.10027006546
 21
-49003.04263075293
 31
0.0
  0
LINE
  5
33F
330
199
100
AcDbEntity
  8
@.0.DM. NÉT CHÍNH
100
AcDbLine
 10
-80535.20444957467
 20
-49167.51690440369
 30
0.0
 11
-80534.14378940288
 21
-49168.12927683939
 31
0.0
  0
LINE
  5
340
330
199
100
AcDbEntity
  8
@.0.DM. NÉT CHÍNH
100
AcDbLine
 10
-80652.51331070375
 20
-48786.87516095233
 30
0.0
 11
-80651.45265053198
 21
-48787.48753338802
 31
0.0
  0
LINE
  5
341
330
199
100
AcDbEntity
  8
@.0.DM. NÉT CHÍNH
100
AcDbLine
 10
-80406.19384833988
 20
-49057.82773473061
 30
0.0
 11
-80406.0689967256
 21
-49057.89981784373
 31
0.0
  0
LINE
  5
342
330
199
100
AcDbEntity
  8
@.0.DM. NÉT CHÍNH
100
AcDbLine
 10
-80905.76964760272
 20
-48933.53827970213
 30
0.0
 11
-80905.72965215328
 21
-48933.84009185297
 31
0.0
  0
LINE
  5
343
330
199
100
AcDbEntity
  8
@.0.DM. NÉT CHÍNH
100
AcDbLine
 10
-80534.53858747978
 20
-49147.86863219565
 30
0.0
 11
-80408.54188017632
 21
-49054.44423058529
 31
0.0
  0
LINE
  5
344
330
199
100
AcDbEntity
  8
@.0.DM. NÉT CHÍNH
100
AcDbLine
 10
-80778.7122801275
 20
-48840.72625052746
 30
0.0
 11
-80904.70898743093
 21
-48934.15065213782
 31
0.0
  0
LINE
  5
345
330
199
100
AcDbEntity
  8
@.0.DM. NÉT CHÍNH
100
AcDbLine
 10
-80652.11851262685
 20
-48788.31747351495
 30
0.0
 11
-80778.11521993032
 21
-48840.3815376619
 31
0.0
  0
LINE
  5
346
330
199
100
AcDbEntity
  8
@.0.DM. NÉT CHÍNH
100
AcDbLine
 10
-80407.94481997915
 20
-49054.09951771972
 30
0.0
 11
-80281.94811267569
 21
-49002.03545357278
 31
0.0
  0
ELLIPSE
  5
347
330
199
100
AcDbEntity
  8
@.0.DM. NÉT CHÍNH
100
AcDbEllipse
 10
-80534.24005738119
 20
-49150.12138875824
 30
0.0
 11
-1.786837239155071
 21
2.409815901841908
 31
0.0
 40
0.4903550131224793
 41
5.004436329575788
 42
5.436488915466678
  0
LINE
  5
348
330
199
100
AcDbEntity
  8
@.0.DM. NÉT CHÍNH
100
AcDbLine
 10
-80534.38932243048
 20
-49148.99501047695
 30
0.0
 11
-80534.53858747978
 21
-49147.86863219565
 31
0.0
  0
ELLIPSE
  5
349
330
199
100
AcDbEntity
  8
@.0.DM. NÉT CHÍNH
100
AcDbEllipse
 10
-80534.24005738119
 20
-49150.12138875824
 30
0.0
 11
-0.8934186195771873
 21
1.204907950920484
 31
0.0
 40
0.4903550131224793
 41
5.313812139968096
 42
5.436488915466133
  0
LINE
  5
34A
330
199
100
AcDbEntity
  8
@.0.DM. NÉT CHÍNH
100
AcDbLine
 10
-80905.72965215328
 20
-48933.84009185297
 30
0.0
 11
-80905.5962734081
 21
-48934.84658950602
 31
0.0
  0
ELLIPSE
  5
34B
330
199
100
AcDbEntity
  8
@.0.DM. NÉT CHÍNH
100
AcDbEllipse
 10
-80904.41045733234
 20
-48936.40340870041
 30
0.0
 11
-1.786837239154879
 21
2.409815901841647
 31
0.0
 40
0.4903550131224793
 41
5.436488915466661
 42
5.960087691065167
  0
ELLIPSE
  5
34C
330
199
100
AcDbEntity
  8
@.0.DM. NÉT CHÍNH
100
AcDbEllipse
 10
-80652.41704272546
 20
-48790.91494294311
 30
0.0
 11
-1.145692997645558
 21
2.772613848905749
 31
0.0
 40
0.6528542163243256
 41
5.579086268704266
 42
6.102685044302853
  0
SPLINE
  5
34D
330
199
100
AcDbEntity
  8
@.0.DM. NÉT CHÍNH
100
AcDbSpline
 70
8
 71
3
 72
11
 73
7
 74
0
 42
1e-09
 40
0.724099935081854
 40
0.724099935081854
 40
0.724099935081854
 40
0.724099935081854
 40
0.9551001246544231
 40
0.9551001246544231
 40
0.9551001246544231
 40
1.570796326794906
 40
1.570796326794906
 40
1.570796326794906
 40
1.570796326794906
 10
-80780.22689771309
 20
-48840.59290155803
 30
0.0
 10
-80780.13435834392
 20
-48840.52238853741
 30
0.0
 10
-80780.02604013274
 20
-48840.47312921919
 30
0.0
 10
-80779.90336838445
 20
-48840.44801066369
 30
0.0
 10
-80779.57640532147
 20
-48840.38106093849
 30
0.0
 10
-80779.15457210389
 20
-48840.48003135277
 30
0.0
 10
-80778.7122801275
 20
-48840.72625052746
 30
0.0
  0
SPLINE
  5
34E
330
199
100
AcDbEntity
  8
@.0.DM. NÉT CHÍNH
100
AcDbSpline
 70
8
 71
3
 72
8
 73
4
 74
0
 42
1e-09
 40
7.9e-15
 40
7.9e-15
 40
7.9e-15
 40
7.9e-15
 40
0.946236289929638
 40
0.946236289929638
 40
0.946236289929638
 40
0.946236289929638
 10
-80778.11521993032
 20
-48840.3815376619
 30
0.0
 10
-80778.7736611279
 20
-48839.99083800081
 30
0.0
 10
-80779.47093536388
 20
-48840.01968264208
 30
0.0
 10
-80779.92809660314
 20
-48840.45343087354
 30
0.0
  0
LINE
  5
34F
330
199
100
AcDbEntity
  8
@.0.DM. NÉT CHÍNH
100
AcDbLine
 10
-80280.12532243071
 20
-49005.85766787233
 30
0.0
 11
-80406.0689967256
 21
-49057.89981784373
 31
0.0
  0
ELLIPSE
  5
350
330
199
100
AcDbEntity
  8
@.0.DM. NÉT CHÍNH
100
AcDbEllipse
 10
-80282.24664277428
 20
-49004.63292300094
 30
0.0
 11
1.145692997647463
 21
-2.7726138489064
 31
0.0
 40
0.6528542163239333
 41
1.913894839516201
 42
2.437493615114668
  0
SPLINE
  5
351
330
199
100
AcDbEntity
  8
@.0.DM. NÉT CHÍNH
100
AcDbSpline
 70
8
 71
3
 72
11
 73
7
 74
0
 42
1e-09
 40
0.0
 40
0.0
 40
0.0
 40
0.0
 40
0.9551001246544537
 40
0.9551001246544537
 40
0.9551001246544537
 40
1.570796326794925
 40
1.570796326794925
 40
1.570796326794925
 40
1.570796326794925
 10
-80406.0689967256
 20
-49057.89981784373
 30
0.0
 10
-80405.98470333363
 20
-49057.07731158533
 30
0.0
 10
-80406.246529532
 20
-49056.06668176277
 30
0.0
 10
-80406.7537317222
 20
-49055.27522063673
 30
0.0
 10
-80407.0806947852
 20
-49054.76501275709
 30
0.0
 10
-80407.50252800275
 20
-49054.34801144965
 30
0.0
 10
-80407.94481997915
 20
-49054.09951771972
 30
0.0
  0
LINE
  5
352
330
199
100
AcDbEntity
  8
@.0.DM. NÉT CHÍNH
100
AcDbLine
 10
-80408.02698930439
 20
-49054.81446174465
 30
0.0
 11
-80407.94481997915
 21
-49054.09951771972
 31
0.0
  0
LINE
  5
353
330
199
100
AcDbEntity
  8
@.0.DM. NÉT CHÍNH
100
AcDbLine
 10
-80406.17506274275
 20
-49057.9610550873
 30
0.0
 11
-80532.11873703761
 21
-49151.34613362963
 31
0.0
  0
SPLINE
  5
354
330
199
100
AcDbEntity
  8
@.0.DM. NÉT CHÍNH
100
AcDbSpline
 70
8
 71
3
 72
11
 73
7
 74
0
 42
1e-09
 40
0.0
 40
0.0
 40
0.0
 40
0.0
 40
0.9551001246544245
 40
0.9551001246544245
 40
0.9551001246544245
 40
1.570796326794881
 40
1.570796326794881
 40
1.570796326794881
 40
1.570796326794881
 10
-80408.54188017632
 20
-49054.44423058529
 30
0.0
 10
-80407.87727105428
 20
-49054.84211852047
 30
0.0
 10
-80407.17309795208
 20
-49055.60105407223
 30
0.0
 10
-80406.71621961726
 20
-49056.41971607813
 30
0.0
 10
-80406.42169734853
 20
-49056.94745874601
 30
0.0
 10
-80406.22940167537
 20
-49057.49357945338
 30
0.0
 10
-80406.17506274275
 20
-49057.9610550873
 30
0.0
  0
LINE
  5
355
330
199
100
AcDbEntity
  8
@.0.DM. NÉT CHÍNH
100
AcDbLine
 10
-80534.91437479576
 20
-49149.38432781776
 30
0.0
 11
-80535.06363984504
 21
-49148.25794953647
 31
0.0
  0
LINE
  5
356
330
199
100
AcDbEntity
  8
@.0.DM. NÉT CHÍNH
100
AcDbLine
 10
-80907.58716012706
 20
-48937.71128469476
 30
0.0
 11
-80906.98946928824
 21
-48937.36620772809
 31
0.0
  0
LINE
  5
357
330
199
100
AcDbEntity
  8
@.0.DM. NÉT CHÍNH
100
AcDbLine
 10
-80907.05683004117
 20
-48938.01747091262
 30
0.0
 11
-80907.58716012706
 21
-48937.71128469476
 31
0.0
  0
ELLIPSE
  5
358
330
199
100
AcDbEntity
  8
@.0.DM. NÉT CHÍNH
100
AcDbEllipse
 10
-80904.9355096976
 20
-48936.79272604122
 30
0.0
 11
-1.499999999999807
 21
-2.598076211353425
 31
0.0
210
0.0
220
0.0
230
0.9999999999999998
 40
0.5773502691896272
 41
4.068187953473623
 42
5.497787143782109
  0
ELLIPSE
  5
359
330
199
100
AcDbEntity
  8
@.0.DM. NÉT CHÍNH
100
AcDbEllipse
 10
-80534.76510974645
 20
-49150.51070609905
 30
0.0
 11
1.500000000000115
 21
2.598076211353244
 31
0.0
 40
0.5773502691896273
 41
0.9265952998841138
 42
2.356194490192518
  0
ELLIPSE
  5
35A
330
199
100
AcDbEntity
  8
@.0.DM. NÉT CHÍNH
100
AcDbEllipse
 10
-80651.89199036019
 20
-48790.69798203508
 30
0.0
 11
1.500000000000017
 21
2.598076211353462
 31
0.0
210
0.0
220
0.0
230
0.9999999999999998
 40
0.5773502691896273
 41
1.403e-13
 42
0.6442010269114009
  0
ELLIPSE
  5
35B
330
199
100
AcDbEntity
  8
@.0.DM. NÉT CHÍNH
100
AcDbEllipse
 10
-80281.721590409
 20
-49004.41596209291
 30
0.0
 11
1.499999999999922
 21
2.598076211353266
 31
0.0
 40
0.5773502691896273
 41
5.921818183281948
 42
6.927386334090472
  0
LINE
  5
35C
330
199
100
AcDbEntity
  8
@.0.DM. NÉT CHÍNH
100
AcDbLine
 10
-80281.48650376443
 20
-49002.3705054534
 30
0.0
 11
-80281.42306031044
 21
-49001.81849266475
 31
0.0
  0
LINE
  5
35D
330
199
100
AcDbEntity
  8
@.0.DM. NÉT CHÍNH
100
AcDbLine
 10
-80535.75840916531
 20
-49151.69656022162
 30
0.0
 11
-80536.35610000412
 21
-49152.04163718829
 31
0.0
  0
LINE
  5
35E
330
199
100
AcDbEntity
  8
@.0.DM. NÉT CHÍNH
100
AcDbLine
 10
-80535.82576991823
 20
-49151.12307853474
 30
0.0
 11
-80535.6379011806
 21
-49151.23154460099
 31
0.0
  0
LINE
  5
35F
330
199
100
AcDbEntity
  8
@.0.DM. NÉT CHÍNH
100
AcDbLine
 10
-80536.88643009
 20
-49151.73545097045
 30
0.0
 11
-80535.82576991823
 21
-49151.12307853474
 31
0.0
  0
LINE
  5
360
330
199
100
AcDbEntity
  8
@.0.DM. NÉT CHÍNH
100
AcDbLine
 10
-80536.35610000412
 20
-49152.04163718829
 30
0.0
 11
-80536.88643009
 21
-49151.73545097045
 31
0.0
  0
ELLIPSE
  5
361
330
199
100
AcDbEntity
  8
@.0.DM. NÉT CHÍNH
100
AcDbEllipse
 10
-80534.76510974645
 20
-49150.51070609905
 30
0.0
 11
-0.7499999999999128
 21
-1.299038105676728
 31
0.0
210
0.0
220
0.0
230
0.9999999999999998
 40
0.5773502691896275
 41
4.068187953473115
 42
5.497787143781674
  0
LINE
  5
362
330
199
100
AcDbEntity
  8
@.0.DM. NÉT CHÍNH
100
AcDbLine
 10
-80780.22917331466
 20
-48840.59038725243
 30
0.0
 11
-80905.7529697422
 21
-48933.66413354375
 31
0.0
  0
LINE
  5
363
330
199
100
AcDbEntity
  8
@.0.DM. NÉT CHÍNH
100
AcDbLine
 10
-80653.5627357231
 20
-48788.14232909419
 30
0.0
 11
-80779.53567133208
 21
-48840.19657035726
 31
0.0
  0
LINE
  5
364
330
199
100
AcDbEntity
  8
@.0.DM. NÉT CHÍNH
100
AcDbLine
 10
-80408.54188017632
 20
-49054.44423058529
 30
0.0
 11
-80778.7122801275
 21
-48840.72625052746
 31
0.0
  0
LINE
  5
365
330
199
100
AcDbEntity
  8
@.0.DM. NÉT CHÍNH
100
AcDbLine
 10
-80778.11521993032
 20
-48840.3815376619
 30
0.0
 11
-80407.94481997915
 21
-49054.09951771972
 31
0.0
  0
LINE
  5
366
330
199
100
AcDbEntity
  8
@.0.DM. NÉT CHÍNH
100
AcDbLine
 10
-80904.70898743093
 20
-48934.15065213782
 30
0.0
 11
-80905.2340397962
 21
-48934.53996947863
 31
0.0
  0
LINE
  5
367
330
199
100
AcDbEntity
  8
@.0.DM. NÉT CHÍNH
100
AcDbLine
 10
-80535.06363984504
 20
-49148.25794953647
 30
0.0
 11
-80534.53858747978
 21
-49147.86863219565
 31
0.0
  0
LINE
  5
368
330
199
100
AcDbEntity
  8
@.0.DM. NÉT CHÍNH
100
AcDbLine
 10
-80281.94811267569
 20
-49002.03545357278
 30
0.0
 11
-80281.42306031044
 21
-49001.81849266475
 31
0.0
  0
LINE
  5
369
330
199
100
AcDbEntity
  8
@.0.DM. NÉT CHÍNH
100
AcDbLine
 10
-80651.5934602616
 20
-48788.10051260692
 30
0.0
 11
-80652.11851262685
 21
-48788.31747351495
 31
0.0
  0
ELLIPSE
  5
36A
330
199
100
AcDbEntity
  8
@.0.DM. NÉT CHÍNH
100
AcDbEllipse
 10
-80778.4137500289
 20
-48842.97900709006
 30
0.0
 11
-1.499999999999849
 21
-2.598076211353496
 31
0.0
 40
0.5773502691896271
 41
3.785793680500484
 42
4.068187953473115
  0
LINE
  5
36B
330
199
100
AcDbEntity
  8
@.0.DM. NÉT CHÍNH
100
AcDbLine
 10
-80534.38932243048
 20
-49148.99501047695
 30
0.0
 11
-80534.91437479576
 21
-49149.38432781776
 31
0.0
  0
ELLIPSE
  5
36C
330
199
100
AcDbEntity
  8
@.0.DM. NÉT CHÍNH
100
AcDbEllipse
 10
-80408.24335007776
 20
-49056.69698714787
 30
0.0
 11
1.5
 21
2.598076211353402
 31
0.0
 40
0.5773502691896271
 41
0.6442010269114036
 42
0.9265952998839646
  0
LINE
  5
36D
330
199
100
AcDbEntity
  8
@.0.DM. NÉT CHÍNH
100
AcDbLine
 10
-80905.2340397962
 20
-48934.53996947863
 30
0.0
 11
-80535.06363984504
 21
-49148.25794953647
 31
0.0
  0
LINE
  5
36E
330
199
100
AcDbEntity
  8
@.0.DM. NÉT CHÍNH
100
AcDbLine
 10
-80536.88643009
 20
-49151.73545097045
 30
0.0
 11
-80907.05683004117
 21
-48938.01747091262
 31
0.0
  0
LINE
  5
36F
330
199
100
AcDbEntity
  8
@.0.DM. NÉT CHÍNH
100
AcDbLine
 10
-80654.23983297042
 20
-48787.09272864356
 30
0.0
 11
-80654.40023908897
 21
-48788.48840027253
 31
0.0
  0
ELLIPSE
  5
370
330
199
100
AcDbEntity
  8
@.0.DM. NÉT CHÍNH
100
AcDbEllipse
 10
-80652.41704272546
 20
-48790.91494294311
 30
0.0
 11
-1.145692997646928
 21
2.772613848907894
 31
0.0
210
0.0
220
0.0
230
0.9999999999999998
 40
0.6528542163242083
 41
6.102685044302356
 42
6.283185307178677
  0
LINE
  5
371
330
199
100
AcDbEntity
  8
@.0.DM. NÉT CHÍNH
100
AcDbLine
 10
-80653.21916824808
 20
-48788.05309599707
 30
0.0
 11
-80653.17917279864
 21
-48787.70510107925
 31
0.0
  0
LINE
  5
372
330
199
100
AcDbEntity
  8
@.0.DM. NÉT CHÍNH
100
AcDbLine
 10
-80280.88745250388
 20
-49002.64782600848
 30
0.0
 11
-80280.92744795332
 21
-49002.9958209263
 31
0.0
  0
ELLIPSE
  5
373
330
199
100
AcDbEntity
  8
@.0.DM. NÉT CHÍNH
100
AcDbEllipse
 10
-80282.24664277428
 20
-49004.63292300094
 30
0.0
 11
1.14569299764686
 21
-2.772613848906297
 31
0.0
 40
0.6528542163240763
 41
0.8666972883195214
 42
1.913894839515968
  0
LINE
  5
374
330
199
100
AcDbEntity
  8
@.0.DM. NÉT CHÍNH
100
AcDbLine
 10
-80280.12532243071
 20
-49005.85766787233
 30
0.0
 11
-80279.82679233213
 21
-49003.26019844417
 31
0.0
  0
LINE
  5
375
330
199
100
AcDbEntity
  8
@.0.DM. NÉT CHÍNH
100
AcDbLine
 10
-80281.42306031044
 20
-49001.81849266475
 30
0.0
 11
-80651.5934602616
 21
-48788.10051260692
 31
0.0
  0
LINE
  5
376
330
199
100
AcDbEntity
  8
@.0.DM. NÉT CHÍNH
100
AcDbLine
 10
-80280.22159040901
 20
-49001.81788588156
 30
0.0
 11
-80650.3919903602
 21
-48788.09990582372
 31
0.0
  0
LINE
  5
377
330
199
100
AcDbEntity
  8
@.0.DM. NÉT CHÍNH
100
AcDbLine
 10
-80532.41726713622
 20
-49149.09337706704
 30
0.0
 11
-80532.11873703761
 21
-49151.34613362963
 31
0.0
  0
ELLIPSE
  5
378
330
199
100
AcDbEntity
  8
@.0.DM. NÉT CHÍNH
100
AcDbEllipse
 10
-80534.23477966056
 20
-49164.6126419745
 30
0.0
 11
-1.499999999999982
 21
-2.598076211353368
 31
0.0
 40
0.5773502691896273
 41
5.497787143782391
 42
6.460895908029642
  0
LINE
  5
379
330
199
100
AcDbEntity
  8
@.0.DM. NÉT CHÍNH
100
AcDbLine
 10
-80907.58716012706
 20
-48951.50703435238
 30
0.0
 11
-80536.35610000412
 21
-49165.8373868459
 31
0.0
  0
ELLIPSE
  5
37A
330
199
100
AcDbEntity
  8
@.0.DM. NÉT CHÍNH
100
AcDbEllipse
 10
-80905.46583978349
 20
-48950.28228948098
 30
0.0
 11
-1.499999999999954
 21
-2.598076211353327
 31
0.0
210
0.0
220
0.0
230
0.9999999999999998
 40
0.5773502691896271
 41
5.497787143782387
 42
6.28318530717967
  0
LINE
  5
37B
330
199
100
AcDbEntity
  8
@.0.DM. NÉT CHÍNH
100
AcDbLine
 10
-80536.35610000412
 20
-49165.8373868459
 30
0.0
 11
-80535.82576991823
 21
-49165.53120062805
 31
0.0
  0
LINE
  5
37C
330
199
100
AcDbEntity
  8
@.0.DM. NÉT CHÍNH
100
AcDbLine
 10
-80906.96583978352
 20
-48952.88036569233
 30
0.0
 11
-80535.73477966056
 21
-49167.21071818586
 31
0.0
  0
LINE
  5
37D
330
199
100
AcDbEntity
  8
@.0.DM. NÉT CHÍNH
100
AcDbLine
 10
-80536.35610000412
 20
-49152.04163718829
 30
0.0
 11
-80536.35610000412
 21
-49165.8373868459
 31
0.0
  0
LINE
  5
37E
330
199
100
AcDbEntity
  8
@.0.DM. NÉT CHÍNH
100
AcDbLine
 10
-80907.58716012706
 20
-48951.50703435238
 30
0.0
 11
-80907.58716012706
 21
-48937.71128469476
 31
0.0
  0
ELLIPSE
  5
37F
330
199
100
AcDbEntity
  8
@.0.DM. NÉT CHÍNH
100
AcDbEllipse
 10
-80533.62838120674
 20
-49148.95322677153
 30
0.0
 11
0.9375000000093223
 21
-1.623797632111994
 31
0.0
210
0.0
220
0.0
230
0.9999999999999998
 40
0.5773502691896198
 41
4.551910661818013
 42
4.66990387272248
  0
ELLIPSE
  5
380
330
199
100
AcDbEntity
  8
@.0.DM. NÉT CHÍNH
100
AcDbEllipse
 10
-80534.68904137853
 20
-49149.56559920724
 30
0.0
 11
-0.9374999999988501
 21
1.623797632093855
 31
0.0
 40
0.5773502691896198
 41
1.6227753924268
 42
1.838655972485412
  0
LINE
  5
381
330
199
100
AcDbEntity
  8
@.0.DM. NÉT CHÍNH
100
AcDbLine
 10
-80535.82410739572
 20
-49151.0535720616
 30
0.0
 11
-80535.61854499827
 21
-49151.1722535671
 31
0.0
  0
ENDBLK
  5
19B
330
199
100
AcDbEntity
  8
0
100
AcDbBlockEnd
  0
BLOCK
  5
383
330
382
100
AcDbEntity
  8
0
100
AcDbBlockBegin
  2
*U12868
 70
1
 10
0.0
 20
0.0
 30
0.0
  3
*U12868
  1

  0
INSERT
  5
385
330
382
100
AcDbEntity
  8
@.0.DM. NÉT CHÍNH
  6
ByBlock
 62
0
370
-2
440
16777216
100
AcDbBlockReference
  2
*U12866
 10
0.0
 20
0.0
 30
0.0
  0
INSERT
  5
387
330
382
100
AcDbEntity
  8
@.0.DM. NÉT CHÍNH
  6
ByBlock
 62
0
370
-2
440
16777216
100
AcDbBlockReference
  2
*U12866
 10
1.5e-15
 20
25.0
 30
0.0
  0
INSERT
  5
389
330
382
100
AcDbEntity
  8
@.0.DM. NÉT CHÍNH
  6
ByBlock
 62
0
370
-2
440
16777216
100
AcDbBlockReference
  2
*U12866
 10
3.1e-15
 20
50.0
 30
0.0
  0
INSERT
  5
38B
330
382
100
AcDbEntity
  8
@.0.DM. NÉT CHÍNH
  6
ByBlock
 62
0
370
-2
440
16777216
100
AcDbBlockReference
  2
*U12866
 10
4.6e-15
 20
75.0
 30
0.0
  0
INSERT
  5
38D
330
382
100
AcDbEntity
  8
@.0.DM. NÉT CHÍNH
  6
ByBlock
 62
0
370
-2
440
16777216
100
AcDbBlockReference
  2
*U12866
 10
6.1e-15
 20
100.0
 30
0.0
  0
INSERT
  5
38F
330
382
100
AcDbEntity
  8
@.0.DM. NÉT CHÍNH
  6
ByBlock
 62
0
370
-2
440
16777216
100
AcDbBlockReference
  2
*U12866
 10
7.7e-15
 20
125.0
 30
0.0
  0
INSERT
  5
391
330
382
100
AcDbEntity
  8
@.0.DM. NÉT CHÍNH
  6
ByBlock
 62
0
370
-2
440
16777216
100
AcDbBlockReference
  2
*U12866
 10
9.2e-15
 20
150.0
 30
0.0
  0
INSERT
  5
393
330
382
100
AcDbEntity
  8
@.0.DM. NÉT CHÍNH
  6
ByBlock
 62
0
370
-2
440
16777216
100
AcDbBlockReference
  2
*U12866
 10
1.07e-14
 20
175.0
 30
0.0
  0
INSERT
  5
395
330
382
100
AcDbEntity
  8
@.0.DM. NÉT CHÍNH
  6
ByBlock
 62
0
370
-2
440
16777216
100
AcDbBlockReference
  2
*U12866
 10
1.22e-14
 20
200.0
 30
0.0
  0
INSERT
  5
397
330
382
100
AcDbEntity
  8
@.0.DM. NÉT CHÍNH
  6
ByBlock
 62
0
370
-2
440
16777216
100
AcDbBlockReference
  2
*U12866
 10
1.38e-14
 20
225.0
 30
0.0
  0
INSERT
  5
399
330
382
100
AcDbEntity
  8
@.0.DM. NÉT CHÍNH
  6
ByBlock
 62
0
370
-2
440
16777216
100
AcDbBlockReference
  2
*U12866
 10
1.53e-14
 20
250.0
 30
0.0
  0
INSERT
  5
39B
330
382
100
AcDbEntity
  8
@.0.DM. NÉT CHÍNH
  6
ByBlock
 62
0
370
-2
440
16777216
100
AcDbBlockReference
  2
*U12866
 10
1.68e-14
 20
275.0
 30
0.0
  0
INSERT
  5
39D
330
382
100
AcDbEntity
  8
@.0.DM. NÉT CHÍNH
  6
ByBlock
 62
0
370
-2
440
16777216
100
AcDbBlockReference
  2
*U12866
 10
1.84e-14
 20
300.0
 30
0.0
  0
INSERT
  5
39F
330
382
100
AcDbEntity
  8
@.0.DM. NÉT CHÍNH
  6
ByBlock
 62
0
370
-2
440
16777216
100
AcDbBlockReference
  2
*U12866
 10
1.99e-14
 20
325.0
 30
0.0
  0
INSERT
  5
3A1
330
382
100
AcDbEntity
  8
@.0.DM. NÉT CHÍNH
  6
ByBlock
 62
0
370
-2
440
16777216
100
AcDbBlockReference
  2
*U12866
 10
2.14e-14
 20
350.0
 30
0.0
  0
INSERT
  5
3A3
330
382
100
AcDbEntity
  8
@.0.DM. NÉT CHÍNH
  6
ByBlock
 62
0
370
-2
440
16777216
100
AcDbBlockReference
  2
*U12866
 10
2.3e-14
 20
375.0
 30
0.0
  0
INSERT
  5
3A5
330
382
100
AcDbEntity
  8
@.0.DM. NÉT CHÍNH
  6
ByBlock
 62
0
370
-2
440
16777216
100
AcDbBlockReference
  2
*U12866
 10
2.45e-14
 20
400.0
 30
0.0
  0
INSERT
  5
3A7
330
382
100
AcDbEntity
  8
@.0.DM. NÉT CHÍNH
  6
ByBlock
 62
0
370
-2
440
16777216
100
AcDbBlockReference
  2
*U12866
 10
2.6e-14
 20
425.0
 30
0.0
  0
INSERT
  5
3A9
330
382
100
AcDbEntity
  8
@.0.DM. NÉT CHÍNH
  6
ByBlock
 62
0
370
-2
440
16777216
100
AcDbBlockReference
  2
*U12866
 10
2.76e-14
 20
450.0
 30
0.0
  0
INSERT
  5
3AB
330
382
100
AcDbEntity
  8
@.0.DM. NÉT CHÍNH
  6
ByBlock
 62
0
370
-2
440
16777216
100
AcDbBlockReference
  2
*U12866
 10
2.91e-14
 20
475.0
 30
0.0
  0
INSERT
  5
3AD
330
382
100
AcDbEntity
  8
@.0.DM. NÉT CHÍNH
  6
ByBlock
 62
0
370
-2
440
16777216
100
AcDbBlockReference
  2
*U12866
 10
3.06e-14
 20
500.0
 30
0.0
  0
INSERT
  5
3AF
330
382
100
AcDbEntity
  8
@.0.DM. NÉT CHÍNH
  6
ByBlock
 62
0
370
-2
440
16777216
100
AcDbBlockReference
  2
*U12866
 10
3.21e-14
 20
525.0
 30
0.0
  0
INSERT
  5
3B1
330
382
100
AcDbEntity
  8
@.0.DM. NÉT CHÍNH
  6
ByBlock
 62
0
370
-2
440
16777216
100
AcDbBlockReference
  2
*U12866
 10
3.37e-14
 20
550.0
 30
0.0
  0
ENDBLK
  5
384
330
382
100
AcDbEntity
  8
0
100
AcDbBlockEnd
  0
BLOCK
  5
3B4
330
3B3
100
AcDbEntity
  8
0
100
AcDbBlockBegin
  2
*U12865
 70
1
 10
0.0
 20
0.0
 30
0.0
  3
*U12865
  1

  0
INSERT
  5
3B6
330
3B3
100
AcDbEntity
  8
@.0.DM. NÉT CHÍNH
  6
ByBlock
 62
0
370
-2
440
16777216
100
AcDbBlockReference
  2
*U12869
 10
0.0
 20
0.0
 30
0.0
  0
INSERT
  5
3B8
330
3B3
100
AcDbEntity
  8
@.0.DM. NÉT CHÍNH
  6
ByBlock
 62
0
370
-2
440
16777216
100
AcDbBlockReference
  2
*U12869
 10
1.5e-15
 20
25.0
 30
0.0
  0
INSERT
  5
3BA
330
3B3
100
AcDbEntity
  8
@.0.DM. NÉT CHÍNH
  6
ByBlock
 62
0
370
-2
440
16777216
100
AcDbBlockReference
  2
*U12869
 10
3.1e-15
 20
50.0
 30
0.0
  0
INSERT
  5
3BC
330
3B3
100
AcDbEntity
  8
@.0.DM. NÉT CHÍNH
  6
ByBlock
 62
0
370
-2
440
16777216
100
AcDbBlockReference
  2
*U12869
 10
4.6e-15
 20
75.0
 30
0.0
  0
INSERT
  5
3BE
330
3B3
100
AcDbEntity
  8
@.0.DM. NÉT CHÍNH
  6
ByBlock
 62
0
370
-2
440
16777216
100
AcDbBlockReference
  2
*U12869
 10
6.1e-15
 20
100.0
 30
0.0
  0
INSERT
  5
3C0
330
3B3
100
AcDbEntity
  8
@.0.DM. NÉT CHÍNH
  6
ByBlock
 62
0
370
-2
440
16777216
100
AcDbBlockReference
  2
*U12869
 10
7.7e-15
 20
125.0
 30
0.0
  0
INSERT
  5
3C2
330
3B3
100
AcDbEntity
  8
@.0.DM. NÉT CHÍNH
  6
ByBlock
 62
0
370
-2
440
16777216
100
AcDbBlockReference
  2
*U12869
 10
9.2e-15
 20
150.0
 30
0.0
  0
INSERT
  5
3C4
330
3B3
100
AcDbEntity
  8
@.0.DM. NÉT CHÍNH
  6
ByBlock
 62
0
370
-2
440
16777216
100
AcDbBlockReference
  2
*U12869
 10
1.07e-14
 20
175.0
 30
0.0
  0
INSERT
  5
3C6
330
3B3
100
AcDbEntity
  8
@.0.DM. NÉT CHÍNH
  6
ByBlock
 62
0
370
-2
440
16777216
100
AcDbBlockReference
  2
*U12869
 10
1.22e-14
 20
200.0
 30
0.0
  0
ENDBLK
  5
3B5
330
3B3
100
AcDbEntity
  8
0
100
AcDbBlockEnd
  0
BLOCK
  5
3C9
330
3C8
100
AcDbEntity
  8
0
100
AcDbBlockBegin
  2
*U12872
 70
1
 10
0.0
 20
0.0
 30
0.0
  3
*U12872
  1

  0
INSERT
  5
3CB
330
3C8
100
AcDbEntity
  8
@.0.DM. NÉT CHÍNH
  6
ByBlock
 62
0
370
-2
440
16777216
100
AcDbBlockReference
  2
*U12871
 10
0.0
 20
0.0
 30
0.0
  0
INSERT
  5
3CD
330
3C8
100
AcDbEntity
  8
@.0.DM. NÉT CHÍNH
  6
ByBlock
 62
0
370
-2
440
16777216
100
AcDbBlockReference
  2
*U12871
 10
1.5e-15
 20
25.0
 30
0.0
  0
INSERT
  5
3CF
330
3C8
100
AcDbEntity
  8
@.0.DM. NÉT CHÍNH
  6
ByBlock
 62
0
370
-2
440
16777216
100
AcDbBlockReference
  2
*U12871
 10
3.1e-15
 20
50.0
 30
0.0
  0
INSERT
  5
3D1
330
3C8
100
AcDbEntity
  8
@.0.DM. NÉT CHÍNH
  6
ByBlock
 62
0
370
-2
440
16777216
100
AcDbBlockReference
  2
*U12871
 10
4.6e-15
 20
75.0
 30
0.0
  0
INSERT
  5
3D3
330
3C8
100
AcDbEntity
  8
@.0.DM. NÉT CHÍNH
  6
ByBlock
 62
0
370
-2
440
16777216
100
AcDbBlockReference
  2
*U12871
 10
6.1e-15
 20
100.0
 30
0.0
  0
INSERT
  5
3D5
330
3C8
100
AcDbEntity
  8
@.0.DM. NÉT CHÍNH
  6
ByBlock
 62
0
370
-2
440
16777216
100
AcDbBlockReference
  2
*U12871
 10
7.7e-15
 20
125.0
 30
0.0
  0
INSERT
  5
3D7
330
3C8
100
AcDbEntity
  8
@.0.DM. NÉT CHÍNH
  6
ByBlock
 62
0
370
-2
440
16777216
100
AcDbBlockReference
  2
*U12871
 10
9.2e-15
 20
150.0
 30
0.0
  0
INSERT
  5
3D9
330
3C8
100
AcDbEntity
  8
@.0.DM. NÉT CHÍNH
  6
ByBlock
 62
0
370
-2
440
16777216
100
AcDbBlockReference
  2
*U12871
 10
1.07e-14
 20
175.0
 30
0.0
  0
INSERT
  5
3DB
330
3C8
100
AcDbEntity
  8
@.0.DM. NÉT CHÍNH
  6
ByBlock
 62
0
370
-2
440
16777216
100
AcDbBlockReference
  2
*U12871
 10
1.22e-14
 20
200.0
 30
0.0
  0
INSERT
  5
3DD
330
3C8
100
AcDbEntity
  8
@.0.DM. NÉT CHÍNH
  6
ByBlock
 62
0
370
-2
440
16777216
100
AcDbBlockReference
  2
*U12871
 10
1.38e-14
 20
225.0
 30
0.0
  0
INSERT
  5
3DF
330
3C8
100
AcDbEntity
  8
@.0.DM. NÉT CHÍNH
  6
ByBlock
 62
0
370
-2
440
16777216
100
AcDbBlockReference
  2
*U12871
 10
1.53e-14
 20
250.0
 30
0.0
  0
INSERT
  5
3E1
330
3C8
100
AcDbEntity
  8
@.0.DM. NÉT CHÍNH
  6
ByBlock
 62
0
370
-2
440
16777216
100
AcDbBlockReference
  2
*U12871
 10
1.68e-14
 20
275.0
 30
0.0
  0
INSERT
  5
3E3
330
3C8
100
AcDbEntity
  8
@.0.DM. NÉT CHÍNH
  6
ByBlock
 62
0
370
-2
440
16777216
100
AcDbBlockReference
  2
*U12871
 10
1.84e-14
 20
300.0
 30
0.0
  0
INSERT
  5
3E5
330
3C8
100
AcDbEntity
  8
@.0.DM. NÉT CHÍNH
  6
ByBlock
 62
0
370
-2
440
16777216
100
AcDbBlockReference
  2
*U12871
 10
1.99e-14
 20
325.0
 30
0.0
  0
INSERT
  5
3E7
330
3C8
100
AcDbEntity
  8
@.0.DM. NÉT CHÍNH
  6
ByBlock
 62
0
370
-2
440
16777216
100
AcDbBlockReference
  2
*U12871
 10
2.14e-14
 20
350.0
 30
0.0
  0
INSERT
  5
3E9
330
3C8
100
AcDbEntity
  8
@.0.DM. NÉT CHÍNH
  6
ByBlock
 62
0
370
-2
440
16777216
100
AcDbBlockReference
  2
*U12871
 10
2.3e-14
 20
375.0
 30
0.0
  0
INSERT
  5
3EB
330
3C8
100
AcDbEntity
  8
@.0.DM. NÉT CHÍNH
  6
ByBlock
 62
0
370
-2
440
16777216
100
AcDbBlockReference
  2
*U12871
 10
2.45e-14
 20
400.0
 30
0.0
  0
INSERT
  5
3ED
330
3C8
100
AcDbEntity
  8
@.0.DM. NÉT CHÍNH
  6
ByBlock
 62
0
370
-2
440
16777216
100
AcDbBlockReference
  2
*U12871
 10
2.6e-14
 20
425.0
 30
0.0
  0
INSERT
  5
3EF
330
3C8
100
AcDbEntity
  8
@.0.DM. NÉT CHÍNH
  6
ByBlock
 62
0
370
-2
440
16777216
100
AcDbBlockReference
  2
*U12871
 10
2.76e-14
 20
450.0
 30
0.0
  0
INSERT
  5
3F1
330
3C8
100
AcDbEntity
  8
@.0.DM. NÉT CHÍNH
  6
ByBlock
 62
0
370
-2
440
16777216
100
AcDbBlockReference
  2
*U12871
 10
2.91e-14
 20
475.0
 30
0.0
  0
INSERT
  5
3F3
330
3C8
100
AcDbEntity
  8
@.0.DM. NÉT CHÍNH
  6
ByBlock
 62
0
370
-2
440
16777216
100
AcDbBlockReference
  2
*U12871
 10
3.06e-14
 20
500.0
 30
0.0
  0
INSERT
  5
3F5
330
3C8
100
AcDbEntity
  8
@.0.DM. NÉT CHÍNH
  6
ByBlock
 62
0
370
-2
440
16777216
100
AcDbBlockReference
  2
*U12871
 10
3.21e-14
 20
525.0
 30
0.0
  0
INSERT
  5
3F7
330
3C8
100
AcDbEntity
  8
@.0.DM. NÉT CHÍNH
  6
ByBlock
 62
0
370
-2
440
16777216
100
AcDbBlockReference
  2
*U12871
 10
3.37e-14
 20
550.0
 30
0.0
  0
ENDBLK
  5
3CA
330
3C8
100
AcDbEntity
  8
0
100
AcDbBlockEnd
  0
BLOCK
  5
3FA
330
3F9
100
AcDbEntity
  8
0
100
AcDbBlockBegin
  2
*U12870
 70
1
 10
0.0
 20
0.0
 30
0.0
  3
*U12870
  1

  0
INSERT
  5
3FC
330
3F9
100
AcDbEntity
  8
@.0.DM. NÉT CHÍNH
  6
ByBlock
 62
0
370
-2
440
16777216
100
AcDbBlockReference
  2
*U12873
 10
0.0
 20
0.0
 30
0.0
  0
INSERT
  5
3FE
330
3F9
100
AcDbEntity
  8
@.0.DM. NÉT CHÍNH
  6
ByBlock
 62
0
370
-2
440
16777216
100
AcDbBlockReference
  2
*U12873
 10
1.5e-15
 20
25.0
 30
0.0
  0
INSERT
  5
400
330
3F9
100
AcDbEntity
  8
@.0.DM. NÉT CHÍNH
  6
ByBlock
 62
0
370
-2
440
16777216
100
AcDbBlockReference
  2
*U12873
 10
3.1e-15
 20
50.0
 30
0.0
  0
INSERT
  5
402
330
3F9
100
AcDbEntity
  8
@.0.DM. NÉT CHÍNH
  6
ByBlock
 62
0
370
-2
440
16777216
100
AcDbBlockReference
  2
*U12873
 10
4.6e-15
 20
75.0
 30
0.0
  0
INSERT
  5
404
330
3F9
100
AcDbEntity
  8
@.0.DM. NÉT CHÍNH
  6
ByBlock
 62
0
370
-2
440
16777216
100
AcDbBlockReference
  2
*U12873
 10
6.1e-15
 20
100.0
 30
0.0
  0
INSERT
  5
406
330
3F9
100
AcDbEntity
  8
@.0.DM. NÉT CHÍNH
  6
ByBlock
 62
0
370
-2
440
16777216
100
AcDbBlockReference
  2
*U12873
 10
7.7e-15
 20
125.0
 30
0.0
  0
INSERT
  5
408
330
3F9
100
AcDbEntity
  8
@.0.DM. NÉT CHÍNH
  6
ByBlock
 62
0
370
-2
440
16777216
100
AcDbBlockReference
  2
*U12873
 10
9.2e-15
 20
150.0
 30
0.0
  0
INSERT
  5
40A
330
3F9
100
AcDbEntity
  8
@.0.DM. NÉT CHÍNH
  6
ByBlock
 62
0
370
-2
440
16777216
100
AcDbBlockReference
  2
*U12873
 10
1.07e-14
 20
175.0
 30
0.0
  0
INSERT
  5
40C
330
3F9
100
AcDbEntity
  8
@.0.DM. NÉT CHÍNH
  6
ByBlock
 62
0
370
-2
440
16777216
100
AcDbBlockReference
  2
*U12873
 10
1.22e-14
 20
200.0
 30
0.0
  0
ENDBLK
  5
3FB
330
3F9
100
AcDbEntity
  8
0
100
AcDbBlockEnd
  0
BLOCK
  5
40F
330
40E
100
AcDbEntity
  8
0
100
AcDbBlockBegin
  2
knn
 70
0
 10
0.0
 20
0.0
 30
0.0
  3
knn
  1

  0
HATCH
  5
411
330
40E
100
AcDbEntity
  8
0
 62
7
100
AcDbHatch
 10
0.0
 20
0.0
 30
0.0
210
0.0
220
0.0
230
1.0
  2
ANSI31
 70
0
 71
0
 91
1
 92
7
 72
0
 73
1
 93
4
 10
-0.75
 20
-37.00000000001819
 10
0.75
 20
-37.00000000001819
 10
0.75
 20
-7.000000000018189
 10
-0.75
 20
-7.000000000018189
 97
0
 75
0
 76
1
 52
0.0
 41
0.2
 77
0
 78
1
 53
45.0
 43
12757.29712339747
 44
111796.1962897514
 45
-0.4490128060534576
 46
0.4490128060534577
 79
0
 47
0.1196193361293838
 98
1
 10
-0.1207087369111832
 20
-14.45443527764655
  0
LWPOLYLINE
  5
412
330
40E
100
AcDbEntity
  8
0
 62
7
100
AcDbPolyline
 90
4
 70
1
 10
-0.75
 20
-7.000000000018189
 10
0.75
 20
-7.000000000018189
 10
0.75
 20
-37.00000000001819
 10
-0.75
 20
-37.00000000001819
  0
LINE
  5
413
330
40E
100
AcDbEntity
  8
0
 62
6
100
AcDbLine
 10
-32.5
 20
1.09139e-11
 30
0.0
 11
-32.5
 21
30.00000000001819
 31
0.0
  0
LINE
  5
414
330
40E
100
AcDbEntity
  8
0
 62
6
100
AcDbLine
 10
-34.0
 20
1.09139e-11
 30
0.0
 11
-34.0
 21
31.50000000006185
 31
0.0
  0
LINE
  5
415
330
40E
100
AcDbEntity
  8
0
 62
6
100
AcDbLine
 10
-32.5
 20
30.00000000001092
 30
0.0
 11
32.5
 21
29.99999999998909
 31
0.0
  0
LINE
  5
416
330
40E
100
AcDbEntity
  8
0
  6
DASHED
 62
6
 48
5.0
100
AcDbLine
 10
-32.5
 20
1.09139e-11
 30
0.0
 11
32.5
 21
-1.09139e-11
 31
0.0
  0
LINE
  5
417
330
40E
100
AcDbEntity
  8
0
 62
6
100
AcDbLine
 10
-34.0
 20
31.50000000006185
 30
0.0
 11
34.0
 21
31.50000000001091
 31
0.0
  0
LINE
  5
418
330
40E
100
AcDbEntity
  8
0
 62
6
100
AcDbLine
 10
32.5
 20
30.00000000001092
 30
0.0
 11
32.5
 21
1.09139e-11
 31
0.0
  0
LINE
  5
419
330
40E
100
AcDbEntity
  8
0
 62
6
100
AcDbLine
 10
34.0
 20
31.50000000001091
 30
0.0
 11
34.0
 21
1.09139e-11
 31
0.0
  0
LINE
  5
41A
330
40E
100
AcDbEntity
  8
0
 62
6
100
AcDbLine
 10
-34.0
 20
1.09139e-11
 30
0.0
 11
-32.5
 21
-1.09139e-11
 31
0.0
  0
LINE
  5
41B
330
40E
100
AcDbEntity
  8
0
 62
6
100
AcDbLine
 10
32.5
 20
1.09139e-11
 30
0.0
 11
34.0
 21
1.09139e-11
 31
0.0
  0
LWPOLYLINE
  5
41C
330
40E
100
AcDbEntity
  8
0
 62
6
100
AcDbPolyline
 90
4
 70
1
 10
-30.5
 20
26.00000000006912
 10
30.5
 20
26.00000000006912
 10
30.5
 20
-73.99999999993815
 10
-30.5
 20
-73.99999999993815
  0
INSERT
  5
41D
330
40E
100
AcDbEntity
  8
0
 62
7
100
AcDbBlockReference
  2
khoa Viettep
 10
0.0
 20
-70.99999999993815
 30
0.0
  0
LWPOLYLINE
  5
41F
330
40E
100
AcDbEntity
  8
0
 62
2
100
AcDbPolyline
 90
4
 70
1
 10
-5.25
 20
-2.000000000018189
 10
5.235967743969539
 20
-2.166935939383012
 10
5.235967743969539
 20
-42.16693593938301
 10
-5.25
 20
-42.00000000001819
  0
LWPOLYLINE
  5
420
330
40E
100
AcDbEntity
  8
0
 62
2
100
AcDbPolyline
 90
4
 70
1
 10
-19.99999999998545
 20
10.50000000001091
 10
-10.99999999998545
 20
10.50000000001091
 10
-10.99999999998545
 20
19.50000000001091
 10
-19.99999999998545
 20
19.50000000001091
  0
LWPOLYLINE
  5
421
330
40E
100
AcDbEntity
  8
0
 62
2
100
AcDbPolyline
 90
4
 70
1
 10
20.0
 20
10.50000000001091
 10
11.0
 20
10.50000000001091
 10
11.0
 20
19.50000000001091
 10
20.0
 20
19.50000000001091
  0
LINE
  5
422
330
40E
100
AcDbEntity
  8
0
 62
2
100
AcDbLine
 10
15.5
 20
17.25000000001819
 30
0.0
 11
15.5
 21
12.75000000001455
 31
0.0
  0
LINE
  5
423
330
40E
100
AcDbEntity
  8
0
 62
2
100
AcDbLine
 10
13.25
 20
15.00000000001455
 30
0.0
 11
17.75
 21
15.00000000001819
 31
0.0
  0
LINE
  5
424
330
40E
100
AcDbEntity
  8
0
 62
2
100
AcDbLine
 10
-15.49999999998545
 20
17.25000000001819
 30
0.0
 11
-15.49999999998545
 21
12.75000000001455
 31
0.0
  0
LINE
  5
425
330
40E
100
AcDbEntity
  8
0
 62
2
100
AcDbLine
 10
-17.74999999998545
 20
15.00000000001455
 30
0.0
 11
-13.24999999998545
 21
15.00000000001819
 31
0.0
  0
ENDBLK
  5
410
330
40E
100
AcDbEntity
  8
0
100
AcDbBlockEnd
  0
BLOCK
  5
427
330
426
100
AcDbEntity
  8
0
100
AcDbBlockBegin
  2
HL011-1-6
 70
0
 10
0.0
 20
0.0
 30
0.0
  3
HL011-1-6
  1

  0
LWPOLYLINE
  5
429
330
426
100
AcDbEntity
  8
0
 62
1
100
AcDbPolyline
 90
2
 70
0
 10
32.0
 20
42.5
 10
32.0
 20
32.5
  0
LWPOLYLINE
  5
42A
330
426
100
AcDbEntity
  8
0
 62
1
100
AcDbPolyline
 90
6
 70
0
 10
32.0
 20
28.0
 10
32.0
 20
21.0
 10
3.0
 20
21.0
 10
3.0
 20
54.0
 10
32.0
 20
54.0
 10
32.0
 20
47.0
  0
LINE
  5
42B
330
426
100
AcDbEntity
  8
0
 62
1
100
AcDbLine
 10
20.0
 20
54.0
 30
0.0
 11
20.0
 21
21.0
 31
0.0
  0
LINE
  5
42C
330
426
100
AcDbEntity
  8
0
 62
1
100
AcDbLine
 10
20.0
 20
47.0
 30
0.0
 11
32.0
 21
47.0
 31
0.0
  0
LINE
  5
42D
330
426
100
AcDbEntity
  8
0
 62
1
100
AcDbLine
 10
20.0
 20
28.0
 30
0.0
 11
32.0
 21
28.0
 31
0.0
  0
LINE
  5
42E
330
426
100
AcDbEntity
  8
0
 62
1
100
AcDbLine
 10
32.0
 20
42.5
 30
0.0
 11
20.0
 21
42.5
 31
0.0
  0
LINE
  5
42F
330
426
100
AcDbEntity
  8
0
 62
1
100
AcDbLine
 10
32.0
 20
32.5
 30
0.0
 11
20.0
 21
32.5
 31
0.0
  0
LWPOLYLINE
  5
430
330
426
100
AcDbEntity
  8
0
 62
1
100
AcDbPolyline
 90
6
 70
0
 10
32.0
 20
19.0
 10
32.0
 20
0.0
 10
0.0
 20
0.0
 10
0.0
 20
75.0
 10
32.0
 20
75.0
 10
32.0
 20
56.0
  0
CIRCLE
  5
431
330
426
100
AcDbEntity
  8
0
 62
1
100
AcDbCircle
 10
5.5
 20
62.5
 30
0.0
 40
3.0
  0
CIRCLE
  5
432
330
426
100
AcDbEntity
  8
0
 62
1
100
AcDbCircle
 10
5.5
 20
37.5
 30
0.0
 40
3.0
  0
CIRCLE
  5
433
330
426
100
AcDbEntity
  8
0
 62
1
100
AcDbCircle
 10
5.5
 20
12.5
 30
0.0
 40
3.0
  0
LINE
  5
434
330
426
100
AcDbEntity
  8
0
 62
1
100
AcDbLine
 10
11.0
 20
56.0
 30
0.0
 11
11.0
 21
54.0
 31
0.0
  0
LINE
  5
435
330
426
100
AcDbEntity
  8
0
 62
1
100
AcDbLine
 10
11.00000000001455
 20
21.0
 30
0.0
 11
11.00000000001455
 21
19.0
 31
0.0
  0
LINE
  5
436
330
426
100
AcDbEntity
  8
0
 62
1
100
AcDbLine
 10
11.0
 20
56.0
 30
0.0
 11
32.0
 21
56.0
 31
0.0
  0
LINE
  5
437
330
426
100
AcDbEntity
  8
0
 62
1
100
AcDbLine
 10
11.0
 20
19.0
 30
0.0
 11
32.0
 21
19.0
 31
0.0
  0
LWPOLYLINE
  5
438
330
426
100
AcDbEntity
  8
0
 62
1
100
AcDbPolyline
 90
4
 70
1
 10
10.0
 20
67.0
 10
32.0
 20
67.0
 10
32.0
 20
65.0
 10
10.0
 20
65.0
  0
LWPOLYLINE
  5
439
330
426
100
AcDbEntity
  8
0
 62
1
100
AcDbPolyline
 90
4
 70
1
 10
10.0
 20
8.0
 10
32.0
 20
8.0
 10
32.0
 20
10.0
 10
10.0
 20
10.0
  0
LINE
  5
43A
330
426
100
AcDbEntity
  8
0
 62
1
100
AcDbLine
 10
29.5
 20
21.0
 30
0.0
 11
29.5
 21
19.0
 31
0.0
  0
LINE
  5
43B
330
426
100
AcDbEntity
  8
0
 62
1
100
AcDbLine
 10
29.5
 20
-3.0
 30
0.0
 11
29.5
 21
-6.0
 31
0.0
  0
LINE
  5
43C
330
426
100
AcDbEntity
  8
0
 62
1
100
AcDbLine
 10
29.5
 20
-6.0
 30
0.0
 11
22.5
 21
-6.0
 31
0.0
  0
LINE
  5
43D
330
426
100
AcDbEntity
  8
0
 62
1
100
AcDbLine
 10
22.5
 20
-6.0
 30
0.0
 11
22.5
 21
-3.0
 31
0.0
  0
LINE
  5
43E
330
426
100
AcDbEntity
  8
0
 62
1
100
AcDbLine
 10
22.5
 20
19.0
 30
0.0
 11
22.5
 21
21.0
 31
0.0
  0
LINE
  5
43F
330
426
100
AcDbEntity
  8
0
 62
1
100
AcDbLine
 10
29.5
 20
-3.0
 30
0.0
 11
28.5
 21
-2.999999999992724
 31
0.0
  0
LINE
  5
440
330
426
100
AcDbEntity
  8
0
 62
1
100
AcDbLine
 10
23.5
 20
-2.999999999992724
 30
0.0
 11
22.5
 21
-3.0
 31
0.0
  0
LINE
  5
441
330
426
100
AcDbEntity
  8
0
 62
1
100
AcDbLine
 10
23.5
 20
0.0
 30
0.0
 11
23.5
 21
-3.0
 31
0.0
  0
LINE
  5
442
330
426
100
AcDbEntity
  8
0
 62
1
100
AcDbLine
 10
28.5
 20
0.0
 30
0.0
 11
28.5
 21
-3.0
 31
0.0
  0
LINE
  5
443
330
426
100
AcDbEntity
  8
0
 62
1
100
AcDbLine
 10
23.5
 20
0.0
 30
0.0
 11
22.5
 21
0.0
 31
0.0
  0
LINE
  5
444
330
426
100
AcDbEntity
  8
0
 62
1
100
AcDbLine
 10
28.5
 20
0.0
 30
0.0
 11
29.5
 21
0.0
 31
0.0
  0
LINE
  5
445
330
426
100
AcDbEntity
  8
0
 62
1
100
AcDbLine
 10
24.0
 20
31.0
 30
0.0
 11
28.0
 21
31.0
 31
0.0
  0
LINE
  5
446
330
426
100
AcDbEntity
  8
0
 62
1
100
AcDbLine
 10
28.90000000000873
 20
28.0
 30
0.0
 11
28.0
 21
31.0
 31
0.0
  0
LINE
  5
447
330
426
100
AcDbEntity
  8
0
 62
1
100
AcDbLine
 10
23.09999999999127
 20
28.0
 30
0.0
 11
24.0
 21
31.0
 31
0.0
  0
LINE
  5
448
330
426
100
AcDbEntity
  8
0
 62
1
100
AcDbLine
 10
29.5
 20
54.0
 30
0.0
 11
29.5
 21
56.0
 31
0.0
  0
LINE
  5
449
330
426
100
AcDbEntity
  8
0
 62
1
100
AcDbLine
 10
29.5
 20
78.0
 30
0.0
 11
29.5
 21
81.0
 31
0.0
  0
LINE
  5
44A
330
426
100
AcDbEntity
  8
0
 62
1
100
AcDbLine
 10
29.5
 20
81.0
 30
0.0
 11
22.5
 21
81.0
 31
0.0
  0
LINE
  5
44B
330
426
100
AcDbEntity
  8
0
 62
1
100
AcDbLine
 10
22.5
 20
81.0
 30
0.0
 11
22.5
 21
78.0
 31
0.0
  0
LINE
  5
44C
330
426
100
AcDbEntity
  8
0
 62
1
100
AcDbLine
 10
22.5
 20
56.0
 30
0.0
 11
22.5
 21
54.0
 31
0.0
  0
LINE
  5
44D
330
426
100
AcDbEntity
  8
0
 62
1
100
AcDbLine
 10
29.5
 20
78.0
 30
0.0
 11
28.5
 21
77.99999999999272
 31
0.0
  0
LINE
  5
44E
330
426
100
AcDbEntity
  8
0
 62
1
100
AcDbLine
 10
23.5
 20
77.99999999999272
 30
0.0
 11
22.5
 21
78.0
 31
0.0
  0
LINE
  5
44F
330
426
100
AcDbEntity
  8
0
 62
1
100
AcDbLine
 10
23.5
 20
75.0
 30
0.0
 11
23.5
 21
78.0
 31
0.0
  0
LINE
  5
450
330
426
100
AcDbEntity
  8
0
 62
1
100
AcDbLine
 10
28.5
 20
75.0
 30
0.0
 11
28.5
 21
78.0
 31
0.0
  0
LINE
  5
451
330
426
100
AcDbEntity
  8
0
 62
1
100
AcDbLine
 10
23.5
 20
75.0
 30
0.0
 11
22.5
 21
75.0
 31
0.0
  0
LINE
  5
452
330
426
100
AcDbEntity
  8
0
 62
1
100
AcDbLine
 10
28.5
 20
75.0
 30
0.0
 11
29.5
 21
75.0
 31
0.0
  0
LINE
  5
453
330
426
100
AcDbEntity
  8
0
 62
1
100
AcDbLine
 10
24.0
 20
44.0
 30
0.0
 11
28.0
 21
44.0
 31
0.0
  0
LINE
  5
454
330
426
100
AcDbEntity
  8
0
 62
1
100
AcDbLine
 10
28.89999999999418
 20
47.0
 30
0.0
 11
28.0
 21
44.0
 31
0.0
  0
LINE
  5
455
330
426
100
AcDbEntity
  8
0
 62
1
100
AcDbLine
 10
23.10000000000582
 20
47.0
 30
0.0
 11
24.0
 21
44.0
 31
0.0
  0
ENDBLK
  5
428
330
426
100
AcDbEntity
  8
0
100
AcDbBlockEnd
  0
BLOCK
  5
457
330
456
100
AcDbEntity
  8
0
100
AcDbBlockBegin
  2
*U470
 70
3
 10
0.0
 20
0.0
 30
0.0
  3
*U470
  1

  0
ATTDEF
  5
459
330
456
100
AcDbEntity
  8
Defpoints
 62
8
 60
1
100
AcDbText
 10
-0.000105
 20
-22.50005000000003
 30
0.0
 40
0.0001
  1
fmt
  7
WD_IEC
 72
1
 11
0.0
 21
-22.50000000000003
 31
0.0
100
AcDbAttributeDefinition
  3
Author:
  2
AUTHOR
 70
15
 74
2
280
1
 71
1
 72
0
 11
0.0
 21
-22.50000000000003
 31
0.0
  0
ATTDEF
  5
45A
330
456
100
AcDbEntity
  8
Defpoints
 62
8
 60
1
100
AcDbText
 10
-7.69803149606e-05
 20
-22.50005000000003
 30
0.0
 40
0.0001
  1
LS
  7
WD_IEC
 72
1
 11
0.0
 21
-22.50000000000003
 31
0.0
100
AcDbAttributeDefinition
  3
Origin
  2
ORIGIN
 70
13
 74
2
280
1
 71
1
 72
0
 11
0.0
 21
-22.50000000000003
 31
0.0
  0
ATTDEF
  5
45B
330
456
100
AcDbEntity
  8
hw_Text
100
AcDbText
 10
1.99999999999997
 20
9.500000000000028
 30
0.0
 40
4.0
  1
BKN
  7
WD_IEC
 41
0.5
100
AcDbAttributeDefinition
  3
Type
  2
TYPE
 70
12
280
1
 71
1
 72
0
  0
TEXT
  5
45C
330
456
100
AcDbEntity
  8
Defpoints
 62
8
100
AcDbText
 10
1.99999999999997
 20
1.500000000000025
 30
0.0
 40
1.0
  1
MCB Series:BKN; BKN-c; BKN-b
  7
WD_IEC
 41
0.75
100
AcDbText
  0
TEXT
  5
45D
330
456
100
AcDbEntity
  8
Defpoints
 62
8
 60
1
100
AcDbText
 10
20.73469223496926
 20
-6.000000000000009
 30
0.0
 40
2.0
  1
MCB Series:BKN; BKN-c; BKN-b
  7
WD_IEC
 41
0.75
 72
1
 11
34.5
 21
-5.000000000000009
 31
0.0
100
AcDbText
 73
2
  0
ATTDEF
  5
45E
330
456
100
AcDbEntity
  8
Defpoints
 62
8
 60
1
100
AcDbText
 10
-0.000225
 20
-22.50005000000003
 30
0.0
 40
0.0001
  1
#####
  7
WD_IEC
 72
1
 11
0.0
 21
-22.50000000000003
 31
0.0
100
AcDbAttributeDefinition
  3
Poles:
  2
POLES
 70
13
 74
2
280
1
 71
1
 72
0
 11
0.0
 21
-22.50000000000003
 31
0.0
  0
ATTDEF
  5
45F
330
456
100
AcDbEntity
  8
hw_Text
 62
1
100
AcDbText
 10
1.99999999999997
 20
3.500000000000027
 30
0.0
 40
4.0
  1
63A
  7
WD_IEC
 41
0.5
100
AcDbAttributeDefinition
  3
Rate
  2
RATE
 70
12
280
1
 71
1
 72
0
  0
INSERT
  5
460
330
456
100
AcDbEntity
  8
0
  6
ByBlock
 62
0
370
9
100
AcDbBlockReference
  2
*U12926
 10
8.999999999999972
 20
31.50000000000003
 30
0.0
  0
HATCH
  5
462
330
456
100
AcDbEntity
  8
0
  6
ByBlock
 62
253
370
9
 60
1
100
AcDbHatch
 10
0.0
 20
0.0
 30
0.0
210
0.0
220
0.0
230
1.0
  2
SOLID,_O
 70
1
 71
0
 91
1
 92
7
 72
0
 73
1
 93
4
 10
16.49999999999997
 20
-16.99999999999995
 10
16.49999999999997
 20
-13.99999999999996
 10
1.49999999999997
 20
-13.99999999999996
 10
1.49999999999997
 20
-16.99999999999995
 97
0
 75
1
 76
1
 47
0.0291355577225033
 98
1
 10
8.5079484334386
 20
-16.11097287349301
450
0
451
0
460
0.0
461
0.0
452
1
462
1.0
453
2
463
0
 63
5
421
255
463
1
 63
7
421
16777215
470
LINEAR
  0
LWPOLYLINE
  5
463
330
456
100
AcDbEntity
  8
0
  6
ByBlock
 62
0
370
9
 60
1
100
AcDbPolyline
 90
4
 70
1
 10
1.49999999999997
 20
-13.99999999999996
 10
16.49999999999997
 20
-13.99999999999996
 10
16.49999999999997
 20
-16.99999999999995
 10
1.49999999999997
 20
-16.99999999999995
  0
HATCH
  5
464
330
456
100
AcDbEntity
  8
0
  6
ByBlock
 62
254
370
9
100
AcDbHatch
 10
0.0
 20
0.0
 30
0.0
210
0.0
220
0.0
230
1.0
  2
SOLID,_O
 70
1
 71
0
 91
1
 92
7
 72
0
 73
1
 93
4
 10
14.24999999999997
 20
-13.99999999999996
 10
14.24999999999997
 20
-9.999999999999956
 10
3.749999999999971
 20
-9.999999999999956
 10
3.749999999999971
 20
-13.99999999999996
 97
0
 75
1
 76
1
 47
0.0291355577225033
 98
1
 10
8.420490783629901
 20
-12.41075695152112
450
0
451
0
460
0.0
461
0.0
452
1
462
1.0
453
2
463
0
 63
5
421
255
463
1
 63
7
421
16777215
470
LINEAR
  0
LWPOLYLINE
  5
465
330
456
100
AcDbEntity
  8
0
  6
ByBlock
 62
0
370
9
100
AcDbPolyline
 90
4
 70
1
 10
3.749999999999971
 20
-9.999999999999956
 10
14.24999999999997
 20
-9.999999999999956
 10
14.24999999999997
 20
-13.99999999999996
 10
3.749999999999971
 20
-13.99999999999996
  0
LWPOLYLINE
  5
466
330
456
100
AcDbEntity
  8
0
  6
ByBlock
 62
0
370
9
100
AcDbPolyline
 90
14
 70
1
 10
14.49999999999997
 20
-0.9999999999999715
 10
14.49999999999997
 20
2.84e-14
 10
3.499999999999971
 20
2.84e-14
 10
3.499999999999971
 20
-0.9999999999999715
 10
3.499999999999971
 20
2.84e-14
 10
1.99999999999997
 20
2.84e-14
 10
1.99999999999997
 20
-13.74999999999996
 10
3.499999999999971
 20
-13.74999999999996
 10
3.499999999999971
 20
-0.9999999999999715
 10
14.49999999999997
 20
-0.9999999999999715
 10
14.49999999999997
 20
-13.74999999999996
 10
15.99999999999997
 20
-13.74999999999996
 10
15.99999999999997
 20
2.84e-14
 10
14.49999999999997
 20
2.84e-14
  0
LWPOLYLINE
  5
467
330
456
100
AcDbEntity
  8
0
  6
ByBlock
 62
0
370
18
 60
1
100
AcDbPolyline
 90
4
 70
1
 10
0.0
 20
-40.99999999999996
 10
17.99999999999997
 20
-40.99999999999996
 10
17.99999999999997
 20
41.00000000000003
 10
0.0
 20
41.00000000000003
  0
INSERT
  5
468
330
456
100
AcDbEntity
  8
0
  6
ByBlock
 62
0
370
9
100
AcDbBlockReference
  2
*U12926
 10
8.999999999999972
 20
-31.49999999999996
 30
0.0
 41
-1.0
 50
180.0
  0
LWPOLYLINE
  5
46A
330
456
100
AcDbEntity
  8
0
  6
ByBlock
 62
0
370
18
 60
1
100
AcDbPolyline
 90
4
 70
1
 10
0.0
 20
-22.49999999999996
 10
17.99999999999997
 20
-22.49999999999996
 10
17.99999999999997
 20
22.50000000000003
 10
0.0
 20
22.50000000000003
  0
INSERT
  5
46B
330
456
100
AcDbEntity
  8
0
  6
ByBlock
 62
0
370
-2
380
2
100
AcDbBlockReference
  2
*U442
 10
1.99999999999997
 20
16.50000000000003
 30
0.0
 41
0.75
 42
0.75
 43
0.75
  0
ARC
  5
46D
330
456
100
AcDbEntity
  8
0
 60
1
100
AcDbCircle
 10
70.0
 20
-7.500000000000041
 30
0.0
 40
6.999999999999999
100
AcDbArc
 50
286.6015495990231
 51
73.39845040097686
  0
LWPOLYLINE
  5
46E
330
456
100
AcDbEntity
  8
0
 60
1
100
AcDbPolyline
 90
4
 70
0
 10
72.85554354926035
 20
-13.89107745519315
 10
76.7175144212722
 20
-17.75304832720499
 10
80.25304832720497
 20
-14.21751442127225
 10
76.39107745519311
 20
-10.35554354926041
  0
LINE
  5
46F
330
456
100
AcDbEntity
  8
0
 62
112
 60
1
100
AcDbLine
 10
57.0
 20
22.49999999999994
 30
0.0
 11
57.0
 21
-22.50000000000004
 31
0.0
  0
INSERT
  5
470
330
456
100
AcDbEntity
  8
0
  6
ByBlock
 62
8
370
9
 60
1
100
AcDbBlockReference
  2
*U443
 10
12.0
 20
2.84e-14
 30
0.0
 41
-1.0
  0
LWPOLYLINE
  5
472
330
456
100
AcDbEntity
  8
0
  6
ByBlock
 62
0
370
18
 60
1
100
AcDbPolyline
 90
24
 70
1
 10
12.0
 20
17.50000000000005
 10
12.0
 20
2.84e-14
 10
12.0
 20
-17.50000000000001
 10
10.75
 20
-17.50000000000001
 10
10.75
 20
-17.25000000000001
 10
8.666666666666629
 20
-15.49999999999998
 10
7.0
 20
-15.49999999999998
 10
7.0
 20
-40.99999999999989
 10
55.0
 20
-40.99999999999989
 42
0.4142135623730951
 10
57.0
 20
-38.9999999999999
 10
57.0
 20
-22.4999999999999
 10
70.0
 20
-22.49999999999993
 42
0.4142135623730951
 10
72.0
 20
-20.49999999999993
 10
72.0
 20
0.0
 10
72.0
 20
20.5
 42
0.4142135623730951
 10
70.0
 20
22.5
 10
57.0
 20
22.49999999999994
 10
57.0
 20
38.99999999999995
 42
0.4142135623730951
 10
55.0
 20
40.99999999999994
 10
7.0
 20
40.99999999999994
 10
7.0
 20
15.50000000000006
 10
8.666666666666629
 20
15.50000000000006
 10
10.75
 20
17.25000000000006
 10
10.75
 20
17.50000000000005
  0
HATCH
  5
473
330
456
100
AcDbEntity
  8
0
  6
ByBlock
 62
20
370
9
 60
1
100
AcDbHatch
 10
0.0
 20
0.0
 30
0.0
210
0.0
220
0.0
230
1.0
  2
SOLID,_O
 70
1
 71
0
 91
2
 92
7
 72
0
 73
1
 93
4
 10
25.99999999999989
 20
33.99999999999995
 10
28.99999999999989
 20
33.99999999999995
 10
28.99999999999989
 20
40.99999999999994
 10
25.99999999999989
 20
40.99999999999994
 97
0
 92
7
 72
0
 73
1
 93
4
 10
25.99999999999989
 20
24.99999999999995
 10
28.99999999999989
 20
24.99999999999995
 10
28.99999999999989
 20
28.99999999999995
 10
25.99999999999989
 20
28.99999999999995
 97
0
 75
1
 76
1
 47
0.0740317574973043
 98
2
 10
26.87156292166765
 20
37.00707881781421
 10
27.46423312531897
 20
27.01279147156055
450
0
451
0
460
0.0
461
0.0
452
1
462
1.0
453
2
463
0
 63
5
421
255
463
1
 63
7
421
16777215
470
LINEAR
  0
LWPOLYLINE
  5
474
330
456
100
AcDbEntity
  8
0
  6
ByBlock
 62
20
370
9
 60
1
100
AcDbPolyline
 90
4
 70
1
 10
28.99999999999989
 20
24.99999999999995
 10
25.99999999999989
 20
24.99999999999995
 10
25.99999999999989
 20
40.99999999999994
 10
28.99999999999989
 20
40.99999999999994
  0
LWPOLYLINE
  5
475
330
456
100
AcDbEntity
  8
0
  6
ByBlock
 62
20
370
9
 60
1
100
AcDbPolyline
 90
4
 70
1
 10
28.99999999999989
 20
33.99999999999995
 10
25.99999999999989
 20
33.99999999999995
 10
25.99999999999989
 20
28.99999999999995
 10
28.99999999999989
 20
28.99999999999995
  0
HATCH
  5
476
330
456
100
AcDbEntity
  8
0
  6
ByBlock
 62
20
370
9
 60
1
100
AcDbHatch
 10
0.0
 20
0.0
 30
0.0
210
0.0
220
0.0
230
1.0
  2
SOLID,_O
 70
1
 71
0
 91
2
 92
7
 72
0
 73
1
 93
4
 10
25.99999999999989
 20
-41.00000000000004
 10
28.99999999999989
 20
-41.00000000000004
 10
28.99999999999989
 20
-34.00000000000004
 10
25.99999999999989
 20
-34.00000000000004
 97
0
 92
7
 72
0
 73
1
 93
4
 10
25.99999999999989
 20
-29.00000000000004
 10
28.99999999999989
 20
-29.00000000000004
 10
28.99999999999989
 20
-25.00000000000004
 10
25.99999999999989
 20
-25.00000000000004
 97
0
 75
1
 76
1
 47
0.0740317574973043
 98
2
 10
26.87156292166765
 20
-37.00707881781428
 10
27.46423312531897
 20
-27.01279147156063
450
0
451
0
460
0.0
461
0.0
452
1
462
1.0
453
2
463
0
 63
5
421
255
463
1
 63
7
421
16777215
470
LINEAR
  0
LWPOLYLINE
  5
477
330
456
100
AcDbEntity
  8
0
  6
ByBlock
 62
20
370
9
 60
1
100
AcDbPolyline
 90
4
 70
1
 10
28.99999999999989
 20
-25.00000000000004
 10
25.99999999999989
 20
-25.00000000000004
 10
25.99999999999989
 20
-41.00000000000004
 10
28.99999999999989
 20
-41.00000000000004
  0
LWPOLYLINE
  5
478
330
456
100
AcDbEntity
  8
0
  6
ByBlock
 62
20
370
9
 60
1
100
AcDbPolyline
 90
4
 70
1
 10
28.99999999999989
 20
-34.00000000000004
 10
25.99999999999989
 20
-34.00000000000004
 10
25.99999999999989
 20
-29.00000000000004
 10
28.99999999999989
 20
-29.00000000000004
  0
INSERT
  5
479
330
456
100
AcDbEntity
  8
0
  6
ByBlock
 62
0
370
9
 60
1
100
AcDbBlockReference
  2
*U442
 10
28.75
 20
-2.999999999999971
 30
0.0
  0
INSERT
  5
47B
330
456
100
AcDbEntity
  8
0
  6
ByBlock
 62
0
370
9
 60
1
100
AcDbBlockReference
  2
*U441
 10
8.999999999999986
 20
22.50000000000003
 30
0.0
  0
INSERT
  5
47D
330
456
100
AcDbEntity
  8
0
  6
ByBlock
 62
0
370
9
 60
1
100
AcDbBlockReference
  2
*U12997
 10
18.0000000000001
 20
22.50000000000001
 30
0.0
  0
INSERT
  5
47F
330
456
100
AcDbEntity
  8
0
  6
ByBlock
 62
0
370
9
 60
1
100
AcDbBlockReference
  2
*U12997
 10
27.00000000000011
 20
22.50000000000001
 30
0.0
  0
INSERT
  5
481
330
456
100
AcDbEntity
  8
0
  6
ByBlock
 62
0
370
9
 60
1
100
AcDbBlockReference
  2
*U12997
 10
36.00000000000011
 20
22.50000000000001
 30
0.0
  0
INSERT
  5
483
330
456
100
AcDbEntity
  8
0
  6
ByBlock
 62
0
370
9
100
AcDbBlockReference
  2
*U12926
 10
26.99999999999997
 20
31.50000000000003
 30
0.0
  0
LWPOLYLINE
  5
485
330
456
100
AcDbEntity
  8
0
  6
ByBlock
 62
0
370
18
100
AcDbPolyline
 90
4
 70
1
 10
0.0
 20
-40.99999999999996
 10
35.99999999999997
 20
-40.99999999999996
 10
35.99999999999997
 20
41.00000000000003
 10
0.0
 20
41.00000000000003
  0
INSERT
  5
486
330
456
100
AcDbEntity
  8
0
  6
ByBlock
 62
0
370
9
100
AcDbBlockReference
  2
*U12926
 10
26.99999999999997
 20
-31.49999999999996
 30
0.0
 41
-1.0
 50
180.0
  0
LWPOLYLINE
  5
488
330
456
100
AcDbEntity
  8
0
  6
ByBlock
 62
0
370
18
100
AcDbPolyline
 90
4
 70
1
 10
0.0
 20
-22.49999999999996
 10
35.99999999999997
 20
-22.49999999999996
 10
35.99999999999997
 20
22.50000000000003
 10
0.0
 20
22.50000000000003
  0
HATCH
  5
489
330
456
100
AcDbEntity
  8
0
  6
ByBlock
 62
253
370
9
100
AcDbHatch
 10
0.0
 20
0.0
 30
0.0
210
0.0
220
0.0
230
1.0
  2
SOLID,_O
 70
1
 71
0
 91
1
 92
7
 72
0
 73
1
 93
4
 10
34.49999999999997
 20
-16.99999999999995
 10
34.49999999999997
 20
-13.99999999999996
 10
1.49999999999997
 20
-13.99999999999995
 10
1.49999999999997
 20
-16.99999999999995
 97
0
 75
1
 76
1
 47
0.0291355577225033
 98
1
 10
26.5079484334386
 20
-16.11097287349301
450
0
451
0
460
0.0
461
0.0
452
1
462
1.0
453
2
463
0
 63
5
421
255
463
1
 63
7
421
16777215
470
LINEAR
  0
LWPOLYLINE
  5
48A
330
456
100
AcDbEntity
  8
0
  6
ByBlock
 62
0
370
9
100
AcDbPolyline
 90
4
 70
1
 10
1.49999999999997
 20
-13.99999999999995
 10
34.49999999999997
 20
-13.99999999999996
 10
34.49999999999997
 20
-16.99999999999995
 10
1.49999999999997
 20
-16.99999999999995
  0
HATCH
  5
48B
330
456
100
AcDbEntity
  8
0
  6
ByBlock
 62
254
370
9
100
AcDbHatch
 10
0.0
 20
0.0
 30
0.0
210
0.0
220
0.0
230
1.0
  2
SOLID,_O
 70
1
 71
0
 91
1
 92
7
 72
0
 73
1
 93
4
 10
32.24999999999997
 20
-13.99999999999996
 10
32.24999999999997
 20
-9.999999999999956
 10
21.74999999999997
 20
-9.999999999999956
 10
21.74999999999997
 20
-13.99999999999996
 97
0
 75
1
 76
1
 47
0.0291355577225033
 98
1
 10
26.4204907836299
 20
-12.41075695152112
450
0
451
0
460
0.0
461
0.0
452
1
462
1.0
453
2
463
0
 63
5
421
255
463
1
 63
7
421
16777215
470
LINEAR
  0
LWPOLYLINE
  5
48C
330
456
100
AcDbEntity
  8
0
  6
ByBlock
 62
0
370
9
100
AcDbPolyline
 90
4
 70
1
 10
21.74999999999997
 20
-9.999999999999956
 10
32.24999999999997
 20
-9.999999999999956
 10
32.24999999999997
 20
-13.99999999999996
 10
21.74999999999997
 20
-13.99999999999996
  0
LWPOLYLINE
  5
48D
330
456
100
AcDbEntity
  8
0
  6
ByBlock
 62
0
370
9
100
AcDbPolyline
 90
14
 70
1
 10
32.49999999999997
 20
-0.9999999999999715
 10
32.49999999999997
 20
2.84e-14
 10
21.49999999999997
 20
2.84e-14
 10
21.49999999999997
 20
-0.9999999999999715
 10
21.49999999999997
 20
2.84e-14
 10
19.99999999999997
 20
2.84e-14
 10
19.99999999999997
 20
-13.74999999999996
 10
21.49999999999997
 20
-13.74999999999996
 10
21.49999999999997
 20
-0.9999999999999715
 10
32.49999999999997
 20
-0.9999999999999715
 10
32.49999999999997
 20
-13.74999999999996
 10
33.99999999999997
 20
-13.74999999999996
 10
33.99999999999997
 20
2.84e-14
 10
32.49999999999997
 20
2.84e-14
  0
LINE
  5
48E
330
456
100
AcDbEntity
  8
0
  6
ByBlock
 62
0
370
9
100
AcDbLine
 10
17.99999999999998
 20
22.50000000000003
 30
0.0
 11
17.99999999999998
 21
41.00000000000003
 31
0.0
  0
LINE
  5
48F
330
456
100
AcDbEntity
  8
0
  6
ByBlock
 62
0
370
9
100
AcDbLine
 10
17.99999999999998
 20
-22.49999999999996
 30
0.0
 11
17.99999999999999
 21
-40.99999999999996
 31
0.0
  0
LWPOLYLINE
  5
490
330
456
100
AcDbEntity
  8
0
  6
ByBlock
 62
0
370
18
 60
1
100
AcDbPolyline
 90
4
 70
1
 10
0.0
 20
-40.99999999999996
 10
53.99999999999997
 20
-40.99999999999996
 10
53.99999999999997
 20
41.00000000000002
 10
0.0
 20
41.00000000000002
  0
LWPOLYLINE
  5
491
330
456
100
AcDbEntity
  8
0
  6
ByBlock
 62
0
370
18
 60
1
100
AcDbPolyline
 90
4
 70
1
 10
0.0
 20
-22.49999999999996
 10
53.99999999999997
 20
-22.49999999999996
 10
53.99999999999997
 20
22.50000000000002
 10
0.0
 20
22.50000000000002
  0
HATCH
  5
492
330
456
100
AcDbEntity
  8
0
  6
ByBlock
 62
253
370
9
 60
1
100
AcDbHatch
 10
0.0
 20
0.0
 30
0.0
210
0.0
220
0.0
230
1.0
  2
SOLID,_O
 70
1
 71
0
 91
1
 92
7
 72
0
 73
1
 93
4
 10
52.49999999999997
 20
-16.99999999999996
 10
52.49999999999997
 20
-13.99999999999996
 10
1.49999999999997
 20
-13.99999999999996
 10
1.49999999999997
 20
-16.99999999999996
 97
0
 75
1
 76
1
 47
0.0291355577225033
 98
1
 10
26.5079484334386
 20
-16.11097287349302
450
0
451
0
460
0.0
461
0.0
452
1
462
1.0
453
2
463
0
 63
5
421
255
463
1
 63
7
421
16777215
470
LINEAR
  0
LWPOLYLINE
  5
493
330
456
100
AcDbEntity
  8
0
  6
ByBlock
 62
0
370
9
 60
1
100
AcDbPolyline
 90
4
 70
1
 10
1.49999999999997
 20
-13.99999999999996
 10
52.49999999999997
 20
-13.99999999999996
 10
52.49999999999997
 20
-16.99999999999996
 10
1.49999999999997
 20
-16.99999999999996
  0
INSERT
  5
494
330
456
100
AcDbEntity
  8
0
  6
ByBlock
 62
0
370
9
 60
1
100
AcDbBlockReference
  2
*U12926
 10
44.99999999999995
 20
31.50000000000003
 30
0.0
  0
INSERT
  5
496
330
456
100
AcDbEntity
  8
0
  6
ByBlock
 62
0
370
9
 60
1
100
AcDbBlockReference
  2
*U12926
 10
44.99999999999995
 20
-31.49999999999996
 30
0.0
 41
-1.0
 50
180.0
  0
HATCH
  5
498
330
456
100
AcDbEntity
  8
0
  6
ByBlock
 62
254
370
9
 60
1
100
AcDbHatch
 10
0.0
 20
0.0
 30
0.0
210
0.0
220
0.0
230
1.0
  2
SOLID,_O
 70
1
 71
0
 91
1
 92
7
 72
0
 73
1
 93
4
 10
50.24999999999995
 20
-13.99999999999996
 10
50.24999999999995
 20
-9.999999999999956
 10
39.74999999999996
 20
-9.999999999999956
 10
39.74999999999996
 20
-13.99999999999996
 97
0
 75
1
 76
1
 47
0.0291355577225033
 98
1
 10
44.42049078362988
 20
-12.41075695152112
450
0
451
0
460
0.0
461
0.0
452
1
462
1.0
453
2
463
0
 63
5
421
255
463
1
 63
7
421
16777215
470
LINEAR
  0
LWPOLYLINE
  5
499
330
456
100
AcDbEntity
  8
0
  6
ByBlock
 62
0
370
9
 60
1
100
AcDbPolyline
 90
4
 70
1
 10
39.74999999999996
 20
-9.999999999999956
 10
50.24999999999995
 20
-9.999999999999956
 10
50.24999999999995
 20
-13.99999999999996
 10
39.74999999999996
 20
-13.99999999999996
  0
LWPOLYLINE
  5
49A
330
456
100
AcDbEntity
  8
0
  6
ByBlock
 62
0
370
9
 60
1
100
AcDbPolyline
 90
14
 70
1
 10
50.49999999999997
 20
-0.9999999999999715
 10
50.49999999999997
 20
2.84e-14
 10
39.49999999999997
 20
2.84e-14
 10
39.49999999999997
 20
-0.9999999999999715
 10
39.49999999999997
 20
2.84e-14
 10
37.99999999999997
 20
2.84e-14
 10
37.99999999999997
 20
-13.74999999999996
 10
39.49999999999997
 20
-13.74999999999996
 10
39.49999999999997
 20
-0.9999999999999715
 10
50.49999999999997
 20
-0.9999999999999715
 10
50.49999999999997
 20
-13.74999999999996
 10
51.99999999999995
 20
-13.74999999999996
 10
51.99999999999995
 20
2.84e-14
 10
50.49999999999997
 20
2.84e-14
  0
LINE
  5
49B
330
456
100
AcDbEntity
  8
0
  6
ByBlock
 62
0
370
9
 60
1
100
AcDbLine
 10
36.0
 20
22.50000000000003
 30
0.0
 11
36.0
 21
41.00000000000003
 31
0.0
  0
LINE
  5
49C
330
456
100
AcDbEntity
  8
0
  6
ByBlock
 62
0
370
9
 60
1
100
AcDbLine
 10
36.0
 20
-22.49999999999996
 30
0.0
 11
36.0
 21
-40.99999999999996
 31
0.0
  0
LWPOLYLINE
  5
49D
330
456
100
AcDbEntity
  8
0
  6
ByBlock
 62
0
370
18
 60
1
100
AcDbPolyline
 90
4
 70
1
 10
0.0
 20
-40.99999999999996
 10
71.99999999999997
 20
-40.99999999999996
 10
71.99999999999997
 20
41.00000000000002
 10
0.0
 20
41.00000000000002
  0
LWPOLYLINE
  5
49E
330
456
100
AcDbEntity
  8
0
  6
ByBlock
 62
0
370
18
 60
1
100
AcDbPolyline
 90
4
 70
1
 10
0.0
 20
-22.49999999999996
 10
71.99999999999997
 20
-22.49999999999996
 10
71.99999999999997
 20
22.50000000000002
 10
0.0
 20
22.50000000000002
  0
HATCH
  5
49F
330
456
100
AcDbEntity
  8
0
  6
ByBlock
 62
253
370
9
 60
1
100
AcDbHatch
 10
0.0
 20
0.0
 30
0.0
210
0.0
220
0.0
230
1.0
  2
SOLID,_O
 70
1
 71
0
 91
1
 92
7
 72
0
 73
1
 93
4
 10
70.49999999999997
 20
-16.99999999999996
 10
70.49999999999997
 20
-13.99999999999996
 10
1.49999999999997
 20
-13.99999999999996
 10
1.49999999999997
 20
-16.99999999999996
 97
0
 75
1
 76
1
 47
0.0291355577225033
 98
1
 10
26.5079484334386
 20
-16.11097287349302
450
0
451
0
460
0.0
461
0.0
452
1
462
1.0
453
2
463
0
 63
5
421
255
463
1
 63
7
421
16777215
470
LINEAR
  0
LWPOLYLINE
  5
4A0
330
456
100
AcDbEntity
  8
0
  6
ByBlock
 62
0
370
9
 60
1
100
AcDbPolyline
 90
4
 70
1
 10
1.49999999999997
 20
-13.99999999999996
 10
70.49999999999997
 20
-13.99999999999996
 10
70.49999999999997
 20
-16.99999999999996
 10
1.49999999999997
 20
-16.99999999999996
  0
INSERT
  5
4A1
330
456
100
AcDbEntity
  8
0
  6
ByBlock
 62
0
370
9
 60
1
100
AcDbBlockReference
  2
*U12926
 10
62.99999999999997
 20
31.50000000000003
 30
0.0
  0
INSERT
  5
4A3
330
456
100
AcDbEntity
  8
0
  6
ByBlock
 62
0
370
9
 60
1
100
AcDbBlockReference
  2
*U12926
 10
62.99999999999997
 20
-31.49999999999996
 30
0.0
 41
-1.0
 50
180.0
  0
HATCH
  5
4A5
330
456
100
AcDbEntity
  8
0
  6
ByBlock
 62
254
370
9
 60
1
100
AcDbHatch
 10
0.0
 20
0.0
 30
0.0
210
0.0
220
0.0
230
1.0
  2
SOLID,_O
 70
1
 71
0
 91
1
 92
7
 72
0
 73
1
 93
4
 10
68.24999999999997
 20
-13.99999999999996
 10
68.24999999999997
 20
-9.999999999999956
 10
57.74999999999995
 20
-9.999999999999956
 10
57.74999999999995
 20
-13.99999999999996
 97
0
 75
1
 76
1
 47
0.0291355577225033
 98
1
 10
62.42049078362988
 20
-12.41075695152112
450
0
451
0
460
0.0
461
0.0
452
1
462
1.0
453
2
463
0
 63
5
421
255
463
1
 63
7
421
16777215
470
LINEAR
  0
LWPOLYLINE
  5
4A6
330
456
100
AcDbEntity
  8
0
  6
ByBlock
 62
0
370
9
 60
1
100
AcDbPolyline
 90
4
 70
1
 10
57.74999999999995
 20
-9.999999999999956
 10
68.24999999999997
 20
-9.999999999999956
 10
68.24999999999997
 20
-13.99999999999996
 10
57.74999999999995
 20
-13.99999999999996
  0
LWPOLYLINE
  5
4A7
330
456
100
AcDbEntity
  8
0
  6
ByBlock
 62
0
370
9
 60
1
100
AcDbPolyline
 90
14
 70
1
 10
68.49999999999997
 20
-0.9999999999999715
 10
68.49999999999997
 20
2.84e-14
 10
57.49999999999996
 20
2.84e-14
 10
57.49999999999996
 20
-0.9999999999999715
 10
57.49999999999996
 20
2.84e-14
 10
55.99999999999996
 20
2.84e-14
 10
55.99999999999996
 20
-13.74999999999996
 10
57.49999999999996
 20
-13.74999999999996
 10
57.49999999999996
 20
-0.9999999999999715
 10
68.49999999999997
 20
-0.9999999999999715
 10
68.49999999999997
 20
-13.74999999999996
 10
69.99999999999997
 20
-13.74999999999996
 10
69.99999999999997
 20
2.84e-14
 10
68.49999999999997
 20
2.84e-14
  0
LINE
  5
4A8
330
456
100
AcDbEntity
  8
0
  6
ByBlock
 62
0
370
9
 60
1
100
AcDbLine
 10
53.99999999999998
 20
22.50000000000003
 30
0.0
 11
53.99999999999998
 21
41.00000000000003
 31
0.0
  0
LINE
  5
4A9
330
456
100
AcDbEntity
  8
0
  6
ByBlock
 62
0
370
9
 60
1
100
AcDbLine
 10
53.99999999999998
 20
-22.49999999999996
 30
0.0
 11
53.99999999999999
 21
-40.99999999999996
 31
0.0
  0
LINE
  5
4AA
330
456
100
AcDbEntity
  8
Defpoints
  6
ByBlock
 62
2
370
9
 60
1
100
AcDbLine
 10
-2.499999999999996
 20
25.00000000000003
 30
0.0
 11
-2.499999999999996
 21
25.00000000000003
 31
0.0
  0
LINE
  5
4AB
330
456
100
AcDbEntity
  8
Defpoints
  6
ByBlock
 62
2
370
9
 60
1
100
AcDbLine
 10
20.49999999999997
 20
-24.99999999999996
 30
0.0
 11
20.49999999999997
 21
-24.99999999999996
 31
0.0
  0
LINE
  5
4AC
330
456
100
AcDbEntity
  8
Defpoints
  6
ByBlock
 62
2
370
9
 60
1
100
AcDbLine
 10
38.49999999999997
 20
-24.99999999999996
 30
0.0
 11
38.49999999999997
 21
-24.99999999999996
 31
0.0
  0
LINE
  5
4AD
330
456
100
AcDbEntity
  8
Defpoints
  6
ByBlock
 62
2
370
9
 60
1
100
AcDbLine
 10
56.49999999999997
 20
-24.99999999999997
 30
0.0
 11
56.49999999999997
 21
-24.99999999999997
 31
0.0
  0
LINE
  5
4AE
330
456
100
AcDbEntity
  8
Defpoints
  6
ByBlock
 62
2
370
9
 60
1
100
AcDbLine
 10
74.49999999999997
 20
-24.99999999999997
 30
0.0
 11
74.49999999999997
 21
-24.99999999999997
 31
0.0
  0
TEXT
  5
4AF
330
456
100
AcDbEntity
  8
Defpoints
 62
8
 60
1
100
AcDbText
 10
22.64161417322836
 20
-9.00000000000001
 30
0.0
 40
2.0
  1
Size: Wm18; H82; D73; Dc50
  7
WD_IEC
 41
0.75
 72
1
 11
34.5
 21
-8.00000000000001
 31
0.0
100
AcDbText
 73
2
  0
LINE
  5
4B0
330
456
100
AcDbEntity
  8
Defpoints
  6
HIDDEN
 62
2
370
18
 48
5.0
 60
1
100
AcDbLine
 10
33.9999999999999
 20
31.49999999999995
 30
0.0
 11
18.99999999999989
 21
31.49999999999995
 31
0.0
  0
LINE
  5
4B1
330
456
100
AcDbEntity
  8
Defpoints
  6
HIDDEN
 62
2
370
18
 48
5.0
 60
1
100
AcDbLine
 10
18.99999999999989
 20
31.49999999999995
 30
0.0
 11
18.99999999999989
 21
-31.50000000000006
 31
0.0
  0
LINE
  5
4B2
330
456
100
AcDbEntity
  8
Defpoints
  6
HIDDEN
 62
2
370
18
 48
5.0
 60
1
100
AcDbLine
 10
18.99999999999989
 20
-31.50000000000006
 30
0.0
 11
33.9999999999999
 21
-31.50000000000006
 31
0.0
  0
TEXT
  5
4B3
330
456
100
AcDbEntity
  8
Defpoints
 62
8
 60
1
100
AcDbText
 10
16.99999999999988
 20
-14.70093276503079
 30
0.0
 40
2.0
  1
BKN, BKN-c: 63mm | BKN-b: 65mm
 50
90.0
  7
WD_IEC
 41
0.75
 72
1
 11
15.99999999999988
 21
-5.68e-14
 31
0.0
100
AcDbText
 73
2
  0
ENDBLK
  5
458
330
456
100
AcDbEntity
  8
0
100
AcDbBlockEnd
  0
BLOCK
  5
4B5
330
4B4
100
AcDbEntity
  8
0
100
AcDbBlockBegin
  2
*U10954
 70
3
 10
0.0
 20
0.0
 30
0.0
  3
*U10954
  1

  0
ATTDEF
  5
4B7
330
4B4
100
AcDbEntity
  8
Defpoints
 62
8
 60
1
100
AcDbText
 10
0.0001399999999996
 20
-25.00000000000242
 30
0.0
 40
0.0001
  1
fmt
  7
WD_IEC
 72
1
 11
0.0002449999999996
 21
-24.99995000000242
 31
0.0
100
AcDbAttributeDefinition
  3
Author:
  2
AUTHOR
 70
15
 74
2
280
1
 71
1
 72
0
 11
0.0002449999999996
 21
-24.99995000000242
 31
0.0
  0
ATTDEF
  5
4B8
330
4B4
100
AcDbEntity
  8
Defpoints
 62
8
 60
1
100
AcDbText
 10
0.000168019685039
 20
-25.00000000000242
 30
0.0
 40
0.0001
  1
LS
  7
WD_IEC
 72
1
 11
0.0002449999999996
 21
-24.99995000000242
 31
0.0
100
AcDbAttributeDefinition
  3
Origin
  2
ORIGIN
 70
13
 74
2
280
1
 71
1
 72
0
 11
0.0002449999999996
 21
-24.99995000000242
 31
0.0
  0
ATTDEF
  5
4B9
330
4B4
100
AcDbEntity
  8
hw_Text
100
AcDbText
 10
8.75
 20
-16.00000000000253
 30
0.0
 40
6.0
  1
ABN
  7
WD_IEC
 41
0.5
 72
1
 11
12.5
 21
-13.00000000000253
 31
0.0
100
AcDbAttributeDefinition
  3
Type
  2
TYPE
 70
12
 74
2
280
1
 71
1
 72
0
 11
12.5
 21
-13.00000000000253
 31
0.0
  0
ATTDEF
  5
4BA
330
4B4
100
AcDbEntity
  8
Defpoints
 62
8
 60
1
100
AcDbText
 10
1.99999999996e-05
 20
-25.00000000000242
 30
0.0
 40
0.0001
  1
#####
  7
WD_IEC
 72
1
 11
0.0002449999999996
 21
-24.99995000000242
 31
0.0
100
AcDbAttributeDefinition
  3
Poles:
  2
POLES
 70
13
 74
2
280
1
 71
1
 72
0
 11
0.0002449999999996
 21
-24.99995000000242
 31
0.0
  0
ATTDEF
  5
4BB
330
4B4
100
AcDbEntity
  8
hw_Text
 62
1
100
AcDbText
 10
8.3
 20
-24.00000000000253
 30
0.0
 40
6.0
  1
100A
  7
WD_IEC
 41
0.5
 72
1
 11
12.5
 21
-21.00000000000253
 31
0.0
100
AcDbAttributeDefinition
  3
Rate
  2
RATE
 70
12
 74
2
280
1
 71
1
 72
0
 11
12.5
 21
-21.00000000000253
 31
0.0
  0
INSERT
  5
4BC
330
4B4
100
AcDbEntity
  8
0
  6
ByBlock
 62
0
370
9
 60
1
100
AcDbBlockReference
  2
*U12997
 10
25.0
 20
24.99999999999746
 30
0.0
  0
INSERT
  5
4BE
330
4B4
100
AcDbEntity
  8
0
  6
ByBlock
 62
0
370
9
 60
1
100
AcDbBlockReference
  2
*U12997
 10
37.5
 20
24.99999999999996
 30
0.0
  0
INSERT
  5
4C0
330
4B4
100
AcDbEntity
  8
0
  6
ByBlock
 62
0
370
9
 60
1
100
AcDbBlockReference
  2
*U12997
 10
50.0
 20
24.99999999999996
 30
0.0
  0
CIRCLE
  5
4C2
330
4B4
100
AcDbEntity
  8
0
  6
ByBlock
 62
112
370
9
100
AcDbCircle
 10
50.0
 20
55.25000000000009
 30
0.0
 40
2.25
  0
LINE
  5
4C3
330
4B4
100
AcDbEntity
  8
0
  6
ByBlock
370
9
 48
10.0
100
AcDbLine
 10
0.0
 20
-24.99999999999992
 30
0.0
 11
0.0
 21
24.99999999999997
 31
0.0
  0
LINE
  5
4C4
330
4B4
100
AcDbEntity
  8
0
  6
ByBlock
370
9
 48
10.0
100
AcDbLine
 10
0.0
 20
-41.99999999999957
 30
0.0
 11
0.0
 21
41.99999999999985
 31
0.0
  0
LWPOLYLINE
  5
4C5
330
4B4
100
AcDbEntity
  8
0
  6
ByBlock
 62
0
370
9
100
AcDbPolyline
 90
4
 70
1
 10
0.0
 20
41.99999999999985
 10
75.0
 20
41.99999999999985
 10
75.0
 20
-41.99999999999957
 10
0.0
 20
-41.99999999999957
  0
LWPOLYLINE
  5
4C6
330
4B4
100
AcDbEntity
  8
0
  6
ByBlock
 62
0
370
9
100
AcDbPolyline
 90
4
 70
1
 10
0.0
 20
25.00000000000259
 10
75.0
 20
25.00000000000259
 10
75.0
 20
-24.9999999999973
 10
0.0
 20
-24.9999999999973
  0
LWPOLYLINE
  5
4C7
330
4B4
100
AcDbEntity
  8
0
  6
ByBlock
 62
0
370
9
100
AcDbPolyline
 90
4
 70
1
 10
26.5
 20
24.99999999999997
 10
48.5
 20
24.99999999999997
 10
48.5
 20
-25.00000000000003
 10
26.5
 20
-25.00000000000003
  0
LWPOLYLINE
  5
4C8
330
4B4
100
AcDbEntity
  8
0
  6
ByBlock
370
18
 48
10.0
100
AcDbPolyline
 90
64
 70
1
 10
3.5
 20
65.00000000000009
 10
3.5
 20
51.30000000000004
 42
0.4142135623730951
 10
5.5
 20
49.30000000000004
 10
19.5
 20
49.30000000000004
 42
0.4142135623730951
 10
21.5
 20
51.30000000000004
 10
21.5
 20
65.00000000000009
 10
23.84999999999991
 20
65.00000000000009
 10
23.84999999999946
 20
63.63630681719505
 42
3.162005927994113
 10
26.14999999999964
 20
63.63630681720005
 10
26.14999999999964
 20
65.00000000000009
 10
28.5
 20
65.00000000000009
 10
28.5
 20
51.30000000000004
 42
0.4142135623730951
 10
30.5
 20
49.30000000000004
 10
44.5
 20
49.30000000000004
 42
0.4142135623730951
 10
46.5
 20
51.30000000000004
 10
46.5
 20
65.00000000000009
 10
48.8499999999999
 20
65.00000000000009
 10
48.84999999999945
 20
63.63630681719505
 42
3.162005927994113
 10
51.14999999999963
 20
63.63630681720005
 10
51.14999999999963
 20
65.00000000000009
 10
53.5
 20
65.00000000000009
 10
53.5
 20
51.30000000000004
 42
0.4142135623730951
 10
55.5
 20
49.30000000000004
 10
69.5
 20
49.30000000000004
 42
0.4142135623730951
 10
71.5
 20
51.30000000000004
 10
71.5
 20
65.00000000000009
 10
73.80000000000018
 20
65.00000000000009
 10
73.80000000000109
 20
63.6000000000009
 42
0.7207592200563857
 10
75.0
 20
60.00000000000008
 10
75.0
 20
-59.99999999999503
 42
0.7207592200563854
 10
73.80000000000109
 20
-63.59999999999585
 10
73.80000000000018
 20
-64.99999999999503
 10
71.5
 20
-65.00000000000003
 10
71.5
 20
-51.29999999999999
 42
0.4142135623730951
 10
69.5
 20
-49.29999999999998
 10
55.5
 20
-49.29999999999998
 42
0.4142135623730951
 10
53.5
 20
-51.29999999999999
 10
53.5
 20
-64.99999999999503
 10
51.14999999999963
 20
-64.99999999999503
 10
51.14999999999963
 20
-63.636306817195
 42
3.162005927994103
 10
48.84999999999945
 20
-63.63630681719
 10
48.8499999999999
 20
-64.99999999999503
 10
46.5
 20
-65.00000000000003
 10
46.5
 20
-51.29999999999999
 42
0.4142135623730951
 10
44.5
 20
-49.29999999999998
 10
30.5
 20
-49.29999999999998
 42
0.4142135623730951
 10
28.5
 20
-51.29999999999999
 10
28.5
 20
-64.99999999999503
 10
26.14999999999964
 20
-64.99999999999503
 10
26.14999999999964
 20
-63.636306817195
 42
3.162005927994103
 10
23.84999999999946
 20
-63.63630681719
 10
23.84999999999991
 20
-64.99999999999503
 10
21.5
 20
-65.00000000000003
 10
21.5
 20
-51.29999999999999
 42
0.4142135623730951
 10
19.5
 20
-49.29999999999998
 10
5.5
 20
-49.29999999999998
 42
0.4142135623730951
 10
3.5
 20
-51.29999999999999
 10
3.5
 20
-64.99999999999503
 10
1.199999999999818
 20
-64.99999999999503
 10
1.199999999999818
 20
-63.59999999999517
 42
0.720759220056377
 10
0.0
 20
-59.99999999999503
 10
0.0
 20
60.00000000000008
 42
0.720759220056364
 10
1.199999999999818
 20
63.60000000000022
 10
1.199999999999818
 20
65.00000000000009
  0
LWPOLYLINE
  5
4C9
330
4B4
100
AcDbEntity
  8
0
  6
ByBlock
 62
0
370
18
 60
1
100
AcDbPolyline
 90
8
 70
0
 10
67.7697961834591
 20
16.61901278813229
 10
77.92052457659975
 20
19.52968731689998
 42
-0.4042128362033688
 10
79.14741653418355
 20
18.87683230475545
 42
0.0001604129314111
 10
79.14721844870598
 20
18.87744261538091
 10
80.09547493519995
 20
15.95900923789986
 42
-0.4043409881040687
 10
79.48542138146534
 20
14.70993002240971
 42
0.0002705620594654
 10
79.48643856222407
 20
14.71029962270882
 10
67.90818516238458
 20
10.4961600204183
  0
LWPOLYLINE
  5
4CA
330
4B4
100
AcDbEntity
  8
0
  6
ByBlock
 62
0
370
18
 60
1
100
AcDbPolyline
 90
40
 70
1
 10
53.0
 20
24.81836912896734
 42
0.4014906669034522
 10
52.52180969368703
 20
25.31789323975818
 10
43.97819030631285
 20
25.69091571813783
 42
-0.4014906669034523
 10
43.5
 20
26.19043982892845
 10
43.5
 20
27.80956017107155
 42
-0.4014906669034523
 10
43.97819030631285
 20
28.3090842818624
 10
52.52180969368703
 20
28.68210676024205
 42
0.4014906669034853
 10
53.0
 20
29.18163087103267
 10
53.0
 20
38.0
 42
-0.4142135623730951
 10
57.0
 20
42.0
 10
60.0
 20
42.0
 10
60.0
 20
25.0
 10
64.0
 20
24.20420340165037
 10
66.37859320404698
 20
23.73098430649065
 42
-0.3473393170749388
 10
67.58486783755438
 20
22.31560575522917
 42
-0.0093005822410183
 10
68.0
 20
2.274e-13
 42
-0.0093005822410252
 10
67.58486783755357
 20
-22.31560575524537
 42
-0.3473393170749106
 10
66.37859320406278
 20
-23.73098430648742
 10
63.99999999999988
 20
-24.20420340165021
 10
60.0
 20
-24.99999999999989
 10
60.0
 20
-41.99999999999988
 10
57.0
 20
-41.99999999999994
 42
-0.4142135623730951
 10
53.0
 20
-37.99999999999994
 10
53.0
 20
-19.18163087100487
 42
0.4014906669034522
 10
52.52180969368703
 20
-18.68210676021414
 10
43.97819030631285
 20
-18.30908428183448
 42
-0.4014906669034523
 10
43.5
 20
-17.80956017104375
 10
43.5
 20
-16.19043982890065
 42
-0.4014906669034523
 10
43.97819030631285
 20
-15.69091571810992
 10
52.52180969368703
 20
-15.31789323973027
 42
0.4014906669034853
 10
53.0
 20
-14.81836912893953
 10
53.0
 20
-10.79224240368552
 42
0.3394542588634323
 10
50.7764571353149
 20
-7.894464924828469
 10
45.36472381958993
 20
-6.444395353228571
 42
-0.2759769619917721
 10
42.50707399382531
 20
-3.499999999986187
 10
42.50707399382531
 20
5.000000000013926
 10
42.50707399382531
 20
13.50000000001387
 42
-0.2759769619918221
 10
45.36472381959038
 20
16.44439535325659
 10
50.77645713533093
 20
17.89446492486058
 42
0.3394542588618894
 10
53.0
 20
20.79224240371332
  0
LINE
  5
4CB
330
4B4
100
AcDbEntity
  8
0
  6
ByBlock
 62
112
370
9
 60
1
100
AcDbLine
 10
60.0
 20
25.0
 30
0.0
 11
60.0
 21
-24.99999999999989
 31
0.0
  0
LWPOLYLINE
  5
4CC
330
4B4
100
AcDbEntity
  8
0
  6
ByBlock
370
18
 48
15.0
 60
1
100
AcDbPolyline
 90
4
 70
1
 10
42.50707399380007
 20
-3.499999999999943
 10
0.0
 20
-3.499999999999943
 10
0.0
 20
13.5
 10
42.50707399380007
 20
13.5
  0
LWPOLYLINE
  5
4CD
330
4B4
100
AcDbEntity
  8
0
  6
ByBlock
 62
10
370
9
 60
1
100
AcDbPolyline
 90
3
 70
0
 10
24.0
 20
65.0
 10
24.0
 20
49.29999999999996
 10
57.67272184037608
 20
49.29999999999996
  0
HATCH
  5
4CE
330
4B4
100
AcDbEntity
  8
0
  6
ByBlock
 62
10
370
9
 60
1
100
AcDbHatch
 10
0.0
 20
0.0
 30
0.0
210
0.0
220
0.0
230
1.0
  2
SOLID
 70
1
 71
0
 91
2
 92
7
 72
0
 73
1
 93
4
 10
29.0
 20
50.5
 10
29.0
 20
54.74999999999761
 10
24.0
 20
54.74999999999761
 10
24.0
 20
50.5
 97
0
 92
7
 72
0
 73
1
 93
4
 10
29.0
 20
65.0
 10
24.0
 20
65.0
 10
24.0
 20
60.24999999999761
 10
29.0
 20
60.24999999999761
 97
0
 75
0
 76
1
 47
0.0595484256322234
 98
2
 10
26.58640148346797
 20
51.62462802825121
 10
27.53984491420329
 20
63.35566771516415
450
0
451
0
460
0.0
461
0.0
452
1
462
1.0
453
2
463
0
 63
5
421
255
463
1
 63
7
421
16777215
470
LINEAR
  0
LWPOLYLINE
  5
4CF
330
4B4
100
AcDbEntity
  8
0
  6
ByBlock
 62
10
370
9
 60
1
100
AcDbPolyline
 90
4
 70
1
 10
29.0
 20
60.24999999999761
 10
24.0
 20
60.24999999999761
 10
24.0
 20
54.74999999999761
 10
29.0
 20
54.74999999999761
  0
LWPOLYLINE
  5
4D0
330
4B4
100
AcDbEntity
  8
0
  6
ByBlock
 62
10
370
9
 60
1
100
AcDbPolyline
 90
4
 70
1
 10
29.0
 20
65.0
 10
24.0
 20
65.0
 10
24.0
 20
50.5
 10
29.0
 20
50.5
  0
LWPOLYLINE
  5
4D1
330
4B4
100
AcDbEntity
  8
0
  6
ByBlock
370
18
 48
15.0
 60
1
100
AcDbPolyline
 90
8
 70
0
 10
58.00631684385791
 20
-41.99999999997055
 42
-0.0045814708296307
 10
57.06891442266692
 20
-60.30150753768846
 42
-0.3966493510296925
 10
52.07801338130003
 20
-64.99999999999994
 10
0.0
 20
-64.99999999999994
 10
0.0
 20
65.0
 10
52.07801338130003
 20
65.0
 42
-0.3966493510296925
 10
57.06891442266692
 20
60.3015075376885
 42
-0.0045814708296306
 10
58.00631684385791
 20
41.99999999997134
  0
LINE
  5
4D2
330
4B4
100
AcDbEntity
  8
0
  6
ByBlock
 62
150
370
9
 60
1
100
AcDbLine
 10
64.0
 20
24.20420340165037
 30
0.0
 11
64.0
 21
-24.20420340165021
 31
0.0
  0
CIRCLE
  5
4D3
330
4B4
100
AcDbEntity
  8
0
  6
ByBlock
 62
112
370
9
100
AcDbCircle
 10
50.0
 20
-55.25000000000003
 30
0.0
 40
2.25
  0
LWPOLYLINE
  5
4D4
330
4B4
100
AcDbEntity
  8
0
  6
ByBlock
 62
0
370
9
100
AcDbPolyline
 90
4
 70
1
 10
29.5
 20
-8.999999999999972
 10
45.49999999999999
 20
-8.999999999999972
 10
45.49999999999999
 20
18.99999999999997
 10
29.5
 20
18.99999999999997
  0
HATCH
  5
4D5
330
4B4
100
AcDbEntity
  8
0
  6
ByBlock
 62
254
370
9
100
AcDbHatch
 10
0.0
 20
0.0
 30
0.0
210
0.0
220
0.0
230
1.0
  2
SOLID
 70
1
 71
0
 91
1
 92
7
 72
0
 73
1
 93
4
 10
45.49999999999999
 20
8.999999999999972
 10
45.49999999999999
 20
15.99999999999997
 10
29.5
 20
15.99999999999997
 10
29.5
 20
8.999999999999972
 97
1
330
2482B9
 75
0
 76
1
 47
0.065460262955971
 98
1
 10
37.89202305697472
 20
13.07604883421626
450
0
451
0
460
0.0
461
0.0
452
1
462
1.0
453
2
463
0
 63
5
421
255
463
1
 63
7
421
16777215
470
LINEAR
  0
LWPOLYLINE
  5
4D6
330
4B4
100
AcDbEntity
  8
0
  6
ByBlock
 62
0
370
9
100
AcDbPolyline
 90
4
 70
1
 10
29.5
 20
8.999999999999972
 10
45.49999999999999
 20
8.999999999999972
 10
45.49999999999999
 20
15.99999999999997
 10
29.5
 20
15.99999999999997
  0
HATCH
  5
4D7
330
4B4
100
AcDbEntity
  8
0
  6
ByBlock
 62
20
370
9
100
AcDbHatch
 10
0.0
 20
0.0
 30
0.0
210
0.0
220
0.0
230
1.0
  2
SOLID
 70
1
 71
0
 91
1
 92
7
 72
1
 73
1
 93
8
 10
48.59999999999956
 20
-21.19999999999985
 42
0.4142135623731748
 10
48.89999999999964
 20
-21.49999999999986
 42
0.0
 10
52.09999999999991
 20
-21.50000000000003
 42
0.4142135623730951
 10
53.09999999999991
 20
-20.50000000000003
 42
0.0
 10
53.09999999999991
 20
-17.50000000019989
 42
0.4142135624316331
 10
52.09999999999991
 20
-16.50000000000003
 42
0.0
 10
48.89999999999964
 20
-16.50000000000003
 42
0.4142135623731194
 10
48.59999999999956
 20
-16.79999999999998
 42
0.0
 97
0
 75
0
 76
1
 47
0.014234941816929
 98
1
 10
50.32506049150516
 20
-19.41485941040045
450
0
451
0
460
0.0
461
0.0
452
1
462
1.0
453
2
463
0
 63
5
421
255
463
1
 63
7
421
16777215
470
LINEAR
  0
LINE
  5
4D8
330
4B4
100
AcDbEntity
  8
0
  6
ByBlock
370
9
 48
10.0
 60
1
100
AcDbLine
 10
75.0
 20
-41.99999999999957
 30
0.0
 11
75.0
 21
41.99999999999985
 31
0.0
  0
LWPOLYLINE
  5
4D9
330
4B4
100
AcDbEntity
  8
0
  6
ByBlock
 62
0
370
9
 60
1
100
AcDbPolyline
 90
4
 70
1
 10
0.0
 20
41.99999999999985
 10
100.0
 20
41.99999999999985
 10
100.0
 20
-41.99999999999957
 10
0.0
 20
-41.99999999999957
  0
LWPOLYLINE
  5
4DA
330
4B4
100
AcDbEntity
  8
0
  6
ByBlock
 62
0
370
9
 60
1
100
AcDbPolyline
 90
4
 70
1
 10
0.0
 20
24.99999999999997
 10
100.0
 20
24.99999999999997
 10
100.0
 20
-24.99999999999992
 10
0.0
 20
-24.99999999999992
  0
CIRCLE
  5
4DB
330
4B4
100
AcDbEntity
  8
0
  6
ByBlock
 62
112
370
9
 60
1
100
AcDbCircle
 10
74.99999999999997
 20
55.25000000000009
 30
0.0
 40
2.249999999999999
  0
CIRCLE
  5
4DC
330
4B4
100
AcDbEntity
  8
0
  6
ByBlock
 62
112
370
9
 60
1
100
AcDbCircle
 10
74.99999999999997
 20
-55.25000000000003
 30
0.0
 40
2.249999999999999
  0
CIRCLE
  5
4DD
330
4B4
100
AcDbEntity
  8
0
  6
ByBlock
 62
112
370
9
100
AcDbCircle
 10
25.0
 20
55.24999999999758
 30
0.0
 40
2.25
  0
LINE
  5
4DE
330
4B4
100
AcDbEntity
  8
0
  6
ByBlock
370
9
 48
10.0
100
AcDbLine
 10
0.0
 20
25.00000000000247
 30
0.0
 11
0.0
 21
-24.99999999999741
 31
0.0
  0
LINE
  5
4DF
330
4B4
100
AcDbEntity
  8
0
  6
ByBlock
370
9
 48
10.0
 60
1
100
AcDbLine
 10
0.0
 20
-25.00000000000242
 30
0.0
 11
0.0
 21
24.99999999999747
 31
0.0
  0
LINE
  5
4E0
330
4B4
100
AcDbEntity
  8
0
  6
ByBlock
370
9
 48
10.0
100
AcDbLine
 10
0.0
 20
42.00000000000236
 30
0.0
 11
0.0
 21
-41.99999999999707
 31
0.0
  0
LINE
  5
4E1
330
4B4
100
AcDbEntity
  8
0
  6
ByBlock
370
9
 48
10.0
 60
1
100
AcDbLine
 10
0.0
 20
-42.00000000000208
 30
0.0
 11
0.0
 21
41.99999999999735
 31
0.0
  0
LWPOLYLINE
  5
4E2
330
4B4
100
AcDbEntity
  8
0
  6
ByBlock
 62
0
370
9
 60
1
100
AcDbPolyline
 90
4
 70
1
 10
0.0
 20
41.99999999999735
 10
50.0
 20
41.99999999999735
 10
50.0
 20
-42.00000000000208
 10
0.0
 20
-42.00000000000208
  0
LWPOLYLINE
  5
4E3
330
4B4
100
AcDbEntity
  8
0
  6
ByBlock
 62
0
370
9
 60
1
100
AcDbPolyline
 90
4
 70
1
 10
0.0
 20
24.99999999999747
 10
50.0
 20
24.99999999999747
 10
50.0
 20
-25.00000000000242
 10
0.0
 20
-25.00000000000242
  0
LWPOLYLINE
  5
4E4
330
4B4
100
AcDbEntity
  8
0
  6
ByBlock
 62
0
370
9
 60
1
100
AcDbPolyline
 90
4
 70
1
 10
1.5
 20
24.99999999999747
 10
23.5
 20
24.99999999999747
 10
23.5
 20
-25.00000000000253
 10
1.5
 20
-25.00000000000253
  0
LWPOLYLINE
  5
4E5
330
4B4
100
AcDbEntity
  8
0
  6
ByBlock
370
18
 48
10.0
 60
1
100
AcDbPolyline
 90
44
 70
1
 10
1.199999999999818
 20
64.99999999999758
 10
3.5
 20
64.99999999999758
 10
3.5
 20
51.29999999999753
 42
0.4142135623730951
 10
5.5
 20
49.29999999999754
 10
19.5
 20
49.29999999999754
 42
0.4142135623730951
 10
21.5
 20
51.29999999999753
 10
21.5
 20
64.99999999999758
 10
23.84999999999991
 20
64.99999999999758
 10
23.84999999999948
 20
63.63630681719254
 42
3.162005927994089
 10
26.14999999999964
 20
63.63630681719754
 10
26.14999999999964
 20
64.99999999999758
 10
28.5
 20
64.99999999999758
 10
28.5
 20
51.29999999999753
 42
0.4142135623730951
 10
30.5
 20
49.29999999999754
 10
44.5
 20
49.29999999999754
 42
0.4142135623730951
 10
46.5
 20
51.29999999999753
 10
46.5
 20
64.99999999999758
 10
48.80000000000018
 20
64.99999999999758
 10
48.80000000000109
 20
63.5999999999984
 42
0.7207592200563857
 10
50.0
 20
59.99999999999758
 10
50.0
 20
-59.99999999999753
 42
0.7207592200563857
 10
48.80000000000109
 20
-63.59999999999836
 10
48.80000000000018
 20
-64.99999999999753
 10
46.5
 20
-65.00000000000253
 10
46.5
 20
-51.30000000000248
 42
0.4142135623730951
 10
44.5
 20
-49.30000000000248
 10
30.5
 20
-49.30000000000248
 42
0.4142135623730951
 10
28.5
 20
-51.30000000000248
 10
28.5
 20
-64.99999999999753
 10
26.14999999999964
 20
-64.99999999999753
 10
26.14999999999964
 20
-63.6363068171975
 42
3.162005927994121
 10
23.84999999999951
 20
-63.6363068171925
 10
23.84999999999991
 20
-64.99999999999753
 10
21.5
 20
-65.00000000000253
 10
21.5
 20
-51.30000000000248
 42
0.4142135623730951
 10
19.5
 20
-49.30000000000248
 10
5.5
 20
-49.30000000000248
 42
0.4142135623730951
 10
3.5
 20
-51.30000000000248
 10
3.5
 20
-64.99999999999753
 10
1.199999999999818
 20
-64.99999999999753
 10
1.199999999999818
 20
-63.59999999999767
 42
0.7207592200563835
 10
0.0
 20
-59.99999999999753
 10
0.0
 20
59.99999999999758
 42
0.7207592200563575
 10
1.199999999999874
 20
63.59999999999783
  0
CIRCLE
  5
4E6
330
4B4
100
AcDbEntity
  8
0
  6
ByBlock
 62
112
370
9
100
AcDbCircle
 10
25.0
 20
-55.25000000000253
 30
0.0
 40
2.25
  0
LWPOLYLINE
  5
4E7
330
4B4
100
AcDbEntity
  8
0
  6
ByBlock
 62
0
370
9
 60
1
100
AcDbPolyline
 90
4
 70
1
 10
4.5
 20
-9.000000000002473
 10
20.5
 20
-9.000000000002473
 10
20.5
 20
18.99999999999747
 10
4.5
 20
18.99999999999747
  0
HATCH
  5
4E8
330
4B4
100
AcDbEntity
  8
0
  6
ByBlock
 62
254
370
9
 60
1
100
AcDbHatch
 10
0.0
 20
0.0
 30
0.0
210
0.0
220
0.0
230
1.0
  2
SOLID
 70
1
 71
0
 91
1
 92
7
 72
0
 73
1
 93
4
 10
20.5
 20
8.99999999999747
 10
20.5
 20
15.99999999999747
 10
4.5
 20
15.99999999999747
 10
4.5
 20
8.99999999999747
 97
1
330
2482D9
 75
0
 76
1
 47
0.065460262955971
 98
1
 10
12.89202305697475
 20
13.07604883421376
450
0
451
0
460
0.0
461
0.0
452
1
462
1.0
453
2
463
0
 63
5
421
255
463
1
 63
7
421
16777215
470
LINEAR
  0
LWPOLYLINE
  5
4E9
330
4B4
100
AcDbEntity
  8
0
  6
ByBlock
 62
0
370
9
 60
1
100
AcDbPolyline
 90
4
 70
1
 10
4.5
 20
8.99999999999747
 10
20.5
 20
8.99999999999747
 10
20.5
 20
15.99999999999747
 10
4.5
 20
15.99999999999747
  0
HATCH
  5
4EA
330
4B4
100
AcDbEntity
  8
0
  6
ByBlock
 62
20
370
9
 60
1
100
AcDbHatch
 10
0.0
 20
0.0
 30
0.0
210
0.0
220
0.0
230
1.0
  2
SOLID
 70
1
 71
0
 91
1
 92
7
 72
1
 73
1
 93
8
 10
23.59999999999965
 20
-21.20000000000235
 42
0.4142135623730881
 10
23.89999999999964
 20
-21.50000000000236
 42
0.0
 10
27.09999999999991
 20
-21.50000000000253
 42
0.4142135623730951
 10
28.09999999999991
 20
-20.50000000000253
 42
0.0
 10
28.09999999999991
 20
-17.50000000020239
 42
0.4142135624316331
 10
27.09999999999991
 20
-16.50000000000253
 42
0.0
 10
23.89999999999964
 20
-16.50000000000253
 42
0.4142135623730327
 10
23.59999999999965
 20
-16.80000000000248
 42
0.0
 97
0
 75
0
 76
1
 47
0.014234941816929
 98
1
 10
25.32506049150518
 20
-19.41485941040295
450
0
451
0
460
0.0
461
0.0
452
1
462
1.0
453
2
463
0
 63
5
421
255
463
1
 63
7
421
16777215
470
LINEAR
  0
TEXT
  5
4EB
330
4B4
100
AcDbEntity
  8
Defpoints
  6
ByBlock
 62
8
370
9
100
AcDbText
 10
4.0
 20
46.49999999999758
 30
0.0
 40
1.5
  1
Continuous (>=60A):
  7
WD_IEC
 11
4.0
 21
47.24999999999758
 31
0.0
100
AcDbText
 73
2
  0
TEXT
  5
4EC
330
4B4
100
AcDbEntity
  8
Defpoints
  6
ByBlock
 62
8
370
9
100
AcDbText
 10
4.0
 20
44.24999999999758
 30
0.0
 40
1.5
  1
Hidden (<=50A):
  7
WD_IEC
 11
4.0
 21
44.99999999999758
 31
0.0
100
AcDbText
 73
2
  0
INSERT
  5
4ED
330
4B4
100
AcDbEntity
  8
0
  6
ByBlock
 62
0
370
9
 60
1
100
AcDbBlockReference
  2
*U12998
 10
30.9956
 20
16.99999999999747
 30
0.0
  0
LWPOLYLINE
  5
4EF
330
4B4
100
AcDbEntity
  8
0
  6
ByBlock
 62
10
370
9
 60
1
100
AcDbPolyline
 90
3
 70
0
 10
24.0
 20
-65.0
 10
24.0
 20
-49.29999999999996
 10
57.67272184037608
 20
-49.29999999999996
  0
HATCH
  5
4F0
330
4B4
100
AcDbEntity
  8
0
  6
ByBlock
 62
10
370
9
 60
1
100
AcDbHatch
 10
0.0
 20
0.0
 30
0.0
210
0.0
220
0.0
230
1.0
  2
SOLID
 70
1
 71
0
 91
2
 92
7
 72
0
 73
1
 93
4
 10
24.0
 20
-50.5
 10
24.0
 20
-54.74999999999761
 10
29.0
 20
-54.74999999999761
 10
29.0
 20
-50.5
 97
0
 92
7
 72
0
 73
1
 93
4
 10
29.0
 20
-60.24999999999762
 10
24.0
 20
-60.24999999999762
 10
24.0
 20
-65.0
 10
29.0
 20
-65.0
 97
0
 75
0
 76
1
 47
0.0595484256322234
 98
2
 10
26.58640148346797
 20
-51.62462802825121
 10
27.53984491420329
 20
-63.35566771516415
450
0
451
0
460
0.0
461
0.0
452
1
462
1.0
453
2
463
0
 63
5
421
255
463
1
 63
7
421
16777215
470
LINEAR
  0
LWPOLYLINE
  5
4F1
330
4B4
100
AcDbEntity
  8
0
  6
ByBlock
 62
10
370
9
 60
1
100
AcDbPolyline
 90
4
 70
1
 10
29.0
 20
-60.24999999999762
 10
24.0
 20
-60.24999999999762
 10
24.0
 20
-54.74999999999761
 10
29.0
 20
-54.74999999999761
  0
LWPOLYLINE
  5
4F2
330
4B4
100
AcDbEntity
  8
0
  6
ByBlock
 62
10
370
9
 60
1
100
AcDbPolyline
 90
4
 70
1
 10
29.0
 20
-65.0
 10
24.0
 20
-65.0
 10
24.0
 20
-50.5
 10
29.0
 20
-50.5
  0
INSERT
  5
4F3
330
4B4
100
AcDbEntity
  8
hw_Auxiliary
  6
ByBlock
 62
0
370
9
 60
1
100
AcDbBlockReference
  2
*U12999
 10
29.0
 20
-57.49999999999761
 30
0.0
 41
-1.0
  0
INSERT
  5
4F5
330
4B4
100
AcDbEntity
  8
hw_Auxiliary
  6
ByBlock
 62
0
370
9
 60
1
100
AcDbBlockReference
  2
*U12999
 10
29.0
 20
57.49999999999761
 30
0.0
 50
180.0
  0
INSERT
  5
4F7
330
4B4
100
AcDbEntity
  8
0
  6
ByBlock
 62
0
370
9
 60
1
100
AcDbBlockReference
  2
*U10959
 10
7.744736996899973
 20
-1.0
 30
0.0
 41
2.0
 42
2.0
 43
2.0
  0
TEXT
  5
4F9
330
4B4
100
AcDbEntity
  8
Defpoints
  6
ByBlock
 62
8
370
9
100
AcDbText
 10
23.0
 20
46.49999999999758
 30
0.0
 40
1.5
  1
Cu15x5/%%C9mm
  7
WD_IEC
 11
23.0
 21
47.24999999999758
 31
0.0
100
AcDbText
 73
2
  0
TEXT
  5
4FA
330
4B4
100
AcDbEntity
  8
Defpoints
  6
ByBlock
 62
8
370
9
100
AcDbText
 10
23.0
 20
44.24999999999758
 30
0.0
 40
1.5
  1
Cu12.5x5/%%C5.5mm
  7
WD_IEC
 11
23.0
 21
44.99999999999758
 31
0.0
100
AcDbText
 73
2
  0
TEXT
  5
4FB
330
4B4
100
AcDbEntity
  8
Defpoints
  6
ByBlock
 62
8
370
9
 60
1
100
AcDbText
 10
25.0
 20
3.74999999999747
 30
0.0
 40
1.5
  1
ABN50c, ABN60c, ABN100c
  7
WD_IEC
 11
25.0
 21
4.49999999999747
 31
0.0
100
AcDbText
 73
2
  0
TEXT
  5
4FC
330
4B4
100
AcDbEntity
  8
Defpoints
  6
ByBlock
 62
8
370
9
 60
1
100
AcDbText
 10
25.0
 20
1.49999999999747
 30
0.0
 40
1.5
  1
ABS30c, ABS50c, ABS60c
  7
WD_IEC
 11
25.0
 21
2.24999999999747
 31
0.0
100
AcDbText
 73
2
  0
TEXT
  5
4FD
330
4B4
100
AcDbEntity
  8
Defpoints
  6
ByBlock
 62
8
370
9
 60
1
100
AcDbText
 10
25.0
 20
-5.250000000002529
 30
0.0
 40
1.5
  1
EBN50c, EBN60c, EBN100c
  7
WD_IEC
 11
25.0
 21
-4.500000000002529
 31
0.0
100
AcDbText
 73
2
  0
TEXT
  5
4FE
330
4B4
100
AcDbEntity
  8
Defpoints
  6
ByBlock
 62
8
370
9
 60
1
100
AcDbText
 10
25.0
 20
-7.500000000002529
 30
0.0
 40
1.5
  1
EBS30c, EBS50c, EBS60c
  7
WD_IEC
 11
25.0
 21
-6.750000000002529
 31
0.0
100
AcDbText
 73
2
  0
TEXT
  5
4FF
330
4B4
100
AcDbEntity
  8
Defpoints
  6
ByBlock
 62
8
370
9
 60
1
100
AcDbText
 10
25.0
 20
-3.000000000002529
 30
0.0
 40
1.5
  1
%%UELCB Series:
  7
WD_IEC
 11
25.0
 21
-2.250000000002529
 31
0.0
100
AcDbText
 73
2
  0
TEXT
  5
500
330
4B4
100
AcDbEntity
  8
Defpoints
  6
ByBlock
 62
8
370
9
 60
1
100
AcDbText
 10
25.0
 20
5.99999999999747
 30
0.0
 40
1.5
  1
%%UMCCB Series:
  7
WD_IEC
 11
25.0
 21
6.74999999999747
 31
0.0
100
AcDbText
 73
2
  0
INSERT
  5
501
330
4B4
100
AcDbEntity
  8
0
  6
ByBlock
 62
0
370
9
100
AcDbBlockReference
  2
*U12998
 10
7.495599999999996
 20
16.99999999999997
 30
0.0
  0
TEXT
  5
503
330
4B4
100
AcDbEntity
  8
Defpoints
  6
ByBlock
 62
8
370
9
100
AcDbText
 10
1.5
 20
3.749999999999971
 30
0.0
 40
1.5
  1
ABN50c, ABN60c, ABN100c
  7
WD_IEC
 11
1.5
 21
4.499999999999971
 31
0.0
100
AcDbText
 73
2
  0
TEXT
  5
504
330
4B4
100
AcDbEntity
  8
Defpoints
  6
ByBlock
 62
8
370
9
100
AcDbText
 10
1.5
 20
1.499999999999971
 30
0.0
 40
1.5
  1
ABS30c, ABS50c, ABS60c
  7
WD_IEC
 11
1.5
 21
2.249999999999971
 31
0.0
100
AcDbText
 73
2
  0
TEXT
  5
505
330
4B4
100
AcDbEntity
  8
Defpoints
  6
ByBlock
 62
8
370
9
100
AcDbText
 10
1.5
 20
-5.250000000000028
 30
0.0
 40
1.5
  1
EBN50c, EBN60c, EBN100c
  7
WD_IEC
 11
1.5
 21
-4.500000000000028
 31
0.0
100
AcDbText
 73
2
  0
TEXT
  5
506
330
4B4
100
AcDbEntity
  8
Defpoints
  6
ByBlock
 62
8
370
9
100
AcDbText
 10
1.5
 20
-7.500000000000028
 30
0.0
 40
1.5
  1
EBS30c, EBS50c, EBS60c
  7
WD_IEC
 11
1.5
 21
-6.750000000000028
 31
0.0
100
AcDbText
 73
2
  0
TEXT
  5
507
330
4B4
100
AcDbEntity
  8
Defpoints
  6
ByBlock
 62
8
370
9
100
AcDbText
 10
1.5
 20
-3.000000000000028
 30
0.0
 40
1.5
  1
%%UELCB Series:
  7
WD_IEC
 11
1.5
 21
-2.250000000000028
 31
0.0
100
AcDbText
 73
2
  0
TEXT
  5
508
330
4B4
100
AcDbEntity
  8
Defpoints
  6
ByBlock
 62
8
370
9
100
AcDbText
 10
1.5
 20
5.999999999999971
 30
0.0
 40
1.5
  1
%%UMCCB Series:
  7
WD_IEC
 11
1.5
 21
6.749999999999971
 31
0.0
100
AcDbText
 73
2
  0
TEXT
  5
509
330
4B4
100
AcDbEntity
  8
Defpoints
  6
ByBlock
 62
8
370
9
 60
1
100
AcDbText
 10
7.253536996899981
 20
-11.49999999999994
 30
0.0
 40
1.5
  1
ABN50c, ABN60c, ABN100c
  7
WD_IEC
 11
7.253536996899981
 21
-10.74999999999994
 31
0.0
100
AcDbText
 73
2
  0
TEXT
  5
50A
330
4B4
100
AcDbEntity
  8
Defpoints
  6
ByBlock
 62
8
370
9
 60
1
100
AcDbText
 10
7.253536996899981
 20
-13.74999999999994
 30
0.0
 40
1.5
  1
ABS30c, ABS50c, ABS60c
  7
WD_IEC
 11
7.253536996899981
 21
-12.99999999999994
 31
0.0
100
AcDbText
 73
2
  0
TEXT
  5
50B
330
4B4
100
AcDbEntity
  8
Defpoints
  6
ByBlock
 62
8
370
9
 60
1
100
AcDbText
 10
7.253536996899981
 20
-20.49999999999994
 30
0.0
 40
1.5
  1
EBN50c, EBN60c, EBN100c
  7
WD_IEC
 11
7.253536996899981
 21
-19.74999999999994
 31
0.0
100
AcDbText
 73
2
  0
TEXT
  5
50C
330
4B4
100
AcDbEntity
  8
Defpoints
  6
ByBlock
 62
8
370
9
 60
1
100
AcDbText
 10
7.253536996899981
 20
-22.74999999999995
 30
0.0
 40
1.5
  1
EBS30c, EBS50c, EBS60c
  7
WD_IEC
 11
7.253536996899981
 21
-21.99999999999994
 31
0.0
100
AcDbText
 73
2
  0
TEXT
  5
50D
330
4B4
100
AcDbEntity
  8
Defpoints
  6
ByBlock
 62
8
370
9
 60
1
100
AcDbText
 10
7.253536996899981
 20
-18.24999999999994
 30
0.0
 40
1.5
  1
%%UELCB Series:
  7
WD_IEC
 11
7.253536996899981
 21
-17.49999999999994
 31
0.0
100
AcDbText
 73
2
  0
TEXT
  5
50E
330
4B4
100
AcDbEntity
  8
Defpoints
  6
ByBlock
 62
8
370
9
 60
1
100
AcDbText
 10
7.253536996899981
 20
-9.249999999999943
 30
0.0
 40
1.5
  1
%%UMCCB Series:
  7
WD_IEC
 11
7.253536996899981
 21
-8.499999999999943
 31
0.0
100
AcDbText
 73
2
  0
TEXT
  5
50F
330
4B4
100
AcDbEntity
  8
0
  6
ByBlock
 62
8
370
9
 60
1
100
AcDbText
 10
4.29235589453777
 20
17.5
 30
0.0
 40
2.0
  1
Size: Wm25 - H130 - D82/Dc60
  7
WD_IEC
 72
1
 11
22.25353699689998
 21
18.5
 31
0.0
100
AcDbText
 73
2
  0
ARC
  5
510
330
4B4
100
AcDbEntity
  8
Defpoints
  6
HIDDEN
 62
8
370
9
 48
10.0
 60
1
100
AcDbCircle
 10
5.684e-13
 20
3.17e-14
 30
0.0
 40
81.99999999999942
100
AcDbArc
 50
345.0000000000002
 51
14.99999999999985
  0
TEXT
  5
511
330
4B4
100
AcDbEntity
  8
0
  6
ByBlock
 62
7
370
9
 60
1
100
AcDbText
 10
85.09999999999998
 20
-2.999999999999975
 30
0.0
 40
6.0
  1
N
  7
WD_IEC
 72
1
 11
87.49999999999999
 21
2.49e-14
 31
0.0
100
AcDbText
 73
2
  0
LINE
  5
512
330
4B4
100
AcDbEntity
  8
0
  6
ByBlock
 62
0
370
9
 60
1
100
AcDbLine
 10
74.99999999999997
 20
41.99999999999985
 30
0.0
 11
74.99999999999997
 21
-41.99999999999957
 31
0.0
  0
LINE
  5
513
330
4B4
100
AcDbEntity
  8
0
  6
ByBlock
 62
0
370
9
 60
1
100
AcDbLine
 10
74.99999999999997
 20
24.99999999999997
 30
0.0
 11
74.99999999999997
 21
-24.99999999999992
 31
0.0
  0
HATCH
  5
514
330
4B4
100
AcDbEntity
  8
0
  6
ByBlock
 62
20
370
9
 60
1
100
AcDbHatch
 10
0.0
 20
0.0
 30
0.0
210
0.0
220
0.0
230
1.0
  2
SOLID
 70
1
 71
0
 91
1
 92
7
 72
0
 73
1
 93
4
 10
5.5
 20
-8.000000000002473
 10
19.5
 20
-8.000000000002473
 10
19.5
 20
-5.000000000002473
 10
5.5
 20
-5.000000000002473
 97
0
 75
0
 76
1
 47
0.065460262955971
 98
1
 10
12.89202305697475
 20
-5.076048834218767
450
0
451
0
460
0.0
461
0.0
452
1
462
1.0
453
2
463
0
 63
5
421
255
463
1
 63
7
421
16777215
470
LINEAR
  0
LWPOLYLINE
  5
515
330
4B4
100
AcDbEntity
  8
0
  6
ByBlock
 62
0
370
9
 60
1
100
AcDbPolyline
 90
4
 70
1
 10
5.5
 20
-5.000000000002473
 10
19.5
 20
-5.000000000002473
 10
19.5
 20
-8.000000000002473
 10
5.5
 20
-8.000000000002473
  0
HATCH
  5
516
330
4B4
100
AcDbEntity
  8
0
  6
ByBlock
 62
20
370
9
100
AcDbHatch
 10
0.0
 20
0.0
 30
0.0
210
0.0
220
0.0
230
1.0
  2
SOLID
 70
1
 71
0
 91
1
 92
7
 72
0
 73
1
 93
4
 10
30.5
 20
-7.999999999999971
 10
44.50000000000001
 20
-7.999999999999971
 10
44.5
 20
-4.999999999999972
 10
30.5
 20
-4.999999999999972
 97
0
 75
0
 76
1
 47
0.065460262955971
 98
1
 10
37.89202305697475
 20
-5.076048834216265
450
0
451
0
460
0.0
461
0.0
452
1
462
1.0
453
2
463
0
 63
5
421
255
463
1
 63
7
421
16777215
470
LINEAR
  0
LWPOLYLINE
  5
517
330
4B4
100
AcDbEntity
  8
0
  6
ByBlock
 62
0
370
9
100
AcDbPolyline
 90
4
 70
1
 10
30.5
 20
-4.999999999999972
 10
44.5
 20
-4.999999999999972
 10
44.5
 20
-7.999999999999971
 10
30.5
 20
-7.999999999999971
  0
LWPOLYLINE
  5
518
330
4B4
100
AcDbEntity
  8
0
  6
ByBlock
370
18
 48
10.0
 60
1
100
AcDbPolyline
 90
84
 70
1
 10
73.85000000000662
 20
-63.63630681719749
 10
73.85000000000662
 20
-64.99999999999753
 10
71.5
 20
-65.00000000000253
 10
71.5
 20
-51.30000000000248
 42
0.4142135623730951
 10
69.5
 20
-49.30000000000248
 10
55.5
 20
-49.30000000000248
 42
0.4142135623730951
 10
53.5
 20
-51.30000000000248
 10
53.5
 20
-64.99999999999753
 10
51.14999999999963
 20
-64.99999999999753
 10
51.14999999999963
 20
-63.63630681719749
 42
3.162005927994099
 10
48.84999999999948
 20
-63.63630681719249
 10
48.8499999999999
 20
-64.99999999999753
 10
46.5
 20
-65.00000000000253
 10
46.5
 20
-51.30000000000248
 42
0.4142135623730951
 10
44.5
 20
-49.30000000000248
 10
30.5
 20
-49.30000000000248
 42
0.4142135623730951
 10
28.5
 20
-51.30000000000248
 10
28.5
 20
-64.99999999999753
 10
26.14999999999964
 20
-64.99999999999753
 10
26.14999999999964
 20
-63.63630681719749
 42
3.162005927994096
 10
23.84999999999951
 20
-63.63630681719249
 10
23.84999999999991
 20
-64.99999999999753
 10
21.5
 20
-65.00000000000253
 10
21.5
 20
-51.30000000000248
 42
0.4142135623730951
 10
19.5
 20
-49.30000000000248
 10
5.5
 20
-49.30000000000248
 42
0.4142135623730951
 10
3.5
 20
-51.30000000000248
 10
3.5
 20
-64.99999999999753
 10
1.199999999999818
 20
-64.99999999999753
 10
1.199999999999818
 20
-63.59999999999766
 42
0.7207592200563755
 10
0.0
 20
-59.99999999999753
 10
0.0
 20
59.99999999999758
 42
0.720759220056364
 10
1.199999999999818
 20
63.59999999999772
 10
1.199999999999818
 20
64.99999999999758
 10
3.5
 20
64.99999999999758
 10
3.5
 20
51.29999999999753
 42
0.4142135623730951
 10
5.5
 20
49.29999999999754
 10
19.5
 20
49.29999999999754
 42
0.4142135623730951
 10
21.5
 20
51.29999999999753
 10
21.5
 20
64.99999999999758
 10
23.84999999999991
 20
64.99999999999758
 10
23.84999999999946
 20
63.63630681719254
 42
3.162005927994113
 10
26.14999999999964
 20
63.63630681719754
 10
26.14999999999964
 20
64.99999999999758
 10
28.5
 20
64.99999999999758
 10
28.5
 20
51.29999999999753
 42
0.4142135623730951
 10
30.5
 20
49.29999999999754
 10
44.5
 20
49.29999999999754
 42
0.4142135623730951
 10
46.5
 20
51.29999999999753
 10
46.5
 20
64.99999999999758
 10
48.8499999999999
 20
64.99999999999758
 10
48.84999999999948
 20
63.63630681719254
 42
3.162005927994111
 10
51.14999999999963
 20
63.63630681719754
 10
51.14999999999963
 20
64.99999999999758
 10
53.5
 20
64.99999999999758
 10
53.5
 20
51.29999999999753
 42
0.4142135623730951
 10
55.5
 20
49.29999999999754
 10
69.5
 20
49.29999999999754
 42
0.4142135623730951
 10
71.5
 20
51.29999999999753
 10
71.50000000000625
 20
64.99999999999758
 10
73.85000000000662
 20
64.99999999999758
 10
73.85000000000662
 20
63.63630681719754
 42
3.162005927994123
 10
76.1500000000068
 20
63.63630681719254
 10
76.15000000000634
 20
64.99999999999758
 10
78.50000000000622
 20
64.99999999999508
 10
78.50000000000622
 20
51.29999999999504
 42
0.4142135623730951
 10
80.50000000000622
 20
49.29999999999504
 10
94.50000000000627
 20
49.29999999999504
 42
0.4142135623730971
 10
96.50000000000622
 20
51.29999999999504
 10
96.50000000000622
 20
64.99999999999758
 10
98.80000000000015
 20
64.99999999999758
 10
98.80000000000106
 20
63.5999999999984
 42
0.7207592200563857
 10
99.99999999999999
 20
59.99999999999758
 10
99.99999999999999
 20
-59.99999999999753
 42
0.7207592200563857
 10
98.80000000000106
 20
-63.59999999999835
 10
98.80000000000015
 20
-64.99999999999753
 10
96.50000000000622
 20
-64.99999999999503
 10
96.50000000000622
 20
-51.29999999999498
 42
0.4142135623730971
 10
94.50000000000627
 20
-49.29999999999499
 10
80.50000000000622
 20
-49.29999999999498
 42
0.4142135623730951
 10
78.50000000000622
 20
-51.29999999999498
 10
78.50000000000622
 20
-65.00000000000122
 10
76.15000000000634
 20
-64.99999999999753
 10
76.15000000000674
 20
-63.63630681719249
 42
3.162005927994116
  0
ENDBLK
  5
4B6
330
4B4
100
AcDbEntity
  8
0
100
AcDbBlockEnd
  0
BLOCK
  5
51A
330
519
100
AcDbEntity
  8
0
100
AcDbBlockBegin
  2
*U12843
 70
1
 10
0.0
 20
0.0
 30
0.0
  3
*U12843
  1

  0
LWPOLYLINE
  5
51C
330
519
100
AcDbEntity
  8
0
100
AcDbPolyline
 90
4
 70
1
 10
0.0
 20
82.5
 10
130.0000000000002
 20
82.5
 10
130.0000000000002
 20
-379.4999999999999
 10
0.0
 20
-379.4999999999999
  0
LWPOLYLINE
  5
51D
330
519
100
AcDbEntity
  8
0
100
AcDbPolyline
 90
4
 70
1
 10
130.0000000000002
 20
-379.4999999999999
 10
150.0000000000039
 20
-379.4999999999999
 10
150.0000000000001
 20
82.5
 10
130.0000000000002
 20
82.5
  0
CIRCLE
  5
51E
330
519
100
AcDbEntity
  8
0
100
AcDbCircle
 10
140.0000000000002
 20
72.5
 30
0.0
 40
2.6
  0
CIRCLE
  5
51F
330
519
100
AcDbEntity
  8
0
100
AcDbCircle
 10
140.0000000000002
 20
-369.4999999999999
 30
0.0
 40
2.6
  0
LWPOLYLINE
  5
520
330
519
100
AcDbEntity
  8
0
100
AcDbPolyline
 90
4
 70
1
 10
0.0
 20
-379.4999999999999
 10
-19.99999999999629
 20
-379.4999999999999
 10
-20.00000000000007
 20
82.5
 10
0.0
 20
82.5
  0
CIRCLE
  5
521
330
519
100
AcDbEntity
  8
0
100
AcDbCircle
 10
-10.0
 20
72.5
 30
0.0
 40
2.6
  0
CIRCLE
  5
522
330
519
100
AcDbEntity
  8
0
100
AcDbCircle
 10
-10.0
 20
-369.4999999999999
 30
0.0
 40
2.6
  0
ENDBLK
  5
51B
330
519
100
AcDbEntity
  8
0
100
AcDbBlockEnd
  0
BLOCK
  5
524
330
523
100
AcDbEntity
  8
0
100
AcDbBlockBegin
  2
KTRONG
 70
0
 10
0.0
 20
0.0
 30
0.0
  3
KTRONG
  1

  0
LINE
  5
526
330
523
100
AcDbEntity
  8
@.DM. THIẾT BỊ
 62
8
100
AcDbLine
 10
-47.49999999988358
 20
-10.0
 30
0.0
 11
-47.49999999988358
 21
10.0
 31
0.0
  0
LINE
  5
527
330
523
100
AcDbEntity
  8
@.DM. THIẾT BỊ
 62
8
100
AcDbLine
 10
-47.49999999988358
 20
10.0
 30
0.0
 11
-8.874939653906038
 21
11.46671034500468
 31
0.0
  0
LINE
  5
528
330
523
100
AcDbEntity
  8
@.DM. THIẾT BỊ
 62
8
100
AcDbLine
 10
-47.49999999988358
 20
-10.0
 30
0.0
 11
-8.874939653906038
 21
-11.46671034500468
 31
0.0
  0
LINE
  5
529
330
523
100
AcDbEntity
  8
@.DM. THIẾT BỊ
 62
8
100
AcDbLine
 10
-47.49999999988358
 20
1.376220337115228
 30
0.0
 11
-34.11467840371188
 21
8.14073011756409
 31
0.0
  0
LINE
  5
52A
330
523
100
AcDbEntity
  8
@.DM. THIẾT BỊ
 62
8
100
AcDbLine
 10
-47.49999999988358
 20
-1.376220337115228
 30
0.0
 11
-34.11467840371188
 21
-8.140730117680503
 31
0.0
  0
LWPOLYLINE
  5
52B
330
523
100
AcDbEntity
  8
@.DM. THIẾT BỊ
 62
8
100
AcDbPolyline
 90
8
 70
1
 10
10.5
 20
7.5
 10
10.5
 20
-7.5
 42
-0.4142135623730951
 10
7.5
 20
-10.5
 10
-7.5
 20
-10.5
 42
-0.4142135623730951
 10
-10.5
 20
-7.5
 10
-10.5
 20
7.5
 42
-0.4142135623730951
 10
-7.5
 20
10.5
 10
7.5
 20
10.5
 42
-0.4142135623730951
  0
INSERT
  5
52C
330
523
100
AcDbEntity
  8
@.DM. THIẾT BỊ
 62
8
100
AcDbBlockReference
  2
MS722
 10
0.0
 20
-19.75
 30
0.0
  0
CIRCLE
  5
52E
330
523
100
AcDbEntity
  8
@.DM. THIẾT BỊ
 62
8
100
AcDbCircle
 10
0.0
 20
0.0
 30
0.0
 40
14.4999999998866
  0
LINE
  5
52F
330
523
100
AcDbEntity
  8
@.DM. THIẾT BỊ
 62
1
 48
10.0
100
AcDbLine
 10
0.0
 20
2.5
 30
0.0
 11
0.0
 21
-2.5
 31
0.0
  0
LWPOLYLINE
  5
530
330
523
100
AcDbEntity
  8
@.DM. THIẾT BỊ
 62
1
 48
10.0
100
AcDbPolyline
 90
2
 70
0
 10
2.5
 20
0.0
 10
-2.5
 20
0.0
  0
ENDBLK
  5
525
330
523
100
AcDbEntity
  8
0
100
AcDbBlockEnd
  0
BLOCK
  5
532
330
531
100
AcDbEntity
  8
0
100
AcDbBlockBegin
  2
SDGHGFH
 70
0
 10
0.0
 20
0.0
 30
0.0
  3
SDGHGFH
  1

  0
LINE
  5
534
330
531
100
AcDbEntity
  8
equipments-cont.
100
AcDbLine
 10
14953.958006081
 20
9306.061733013514
 30
0.0
 11
14959.3536754661
 21
9214.09154176063
 31
0.0
  0
LINE
  5
535
330
531
100
AcDbEntity
  8
equipments-cont.
100
AcDbLine
 10
14978.958006081
 20
9306.061733013514
 30
0.0
 11
14973.56233669597
 21
9214.091541760748
 31
0.0
  0
LINE
  5
536
330
531
100
AcDbEntity
  8
equipments-cont.
100
AcDbLine
 10
14966.458006081
 20
9303.093136149604
 30
0.0
 11
14966.458006081
 21
9212.061733013514
 31
0.0
  0
LINE
  5
537
330
531
100
AcDbEntity
  8
equipments-cont.
100
AcDbLine
 10
14966.458006081
 20
9212.061733013514
 30
0.0
 11
14959.3536754661
 21
9214.091541760748
 31
0.0
  0
LINE
  5
538
330
531
100
AcDbEntity
  8
equipments-cont.
100
AcDbLine
 10
14966.458006081
 20
9212.061733013514
 30
0.0
 11
14973.56233669597
 21
9214.091541760748
 31
0.0
  0
ARC
  5
539
330
531
100
AcDbEntity
  8
equipments-cont.
100
AcDbCircle
 10
14966.458006081
 20
9319.067218567858
 30
0.0
 40
29.90601946097138
100
AcDbArc
 50
292.920516233552
 51
123.0177062722453
  0
ARC
  5
53A
330
531
100
AcDbEntity
  8
equipments-cont.
100
AcDbCircle
 10
14966.458006081
 20
9319.067218567858
 30
0.0
 40
29.90601946097138
100
AcDbArc
 50
170.1243873688594
 51
247.0794837664481
  0
ARC
  5
53B
330
531
100
AcDbEntity
  8
equipments-cont.
100
AcDbCircle
 10
14967.208006081
 20
9315.593136149604
 30
0.0
 40
2.5
100
AcDbArc
 50
281.5369590334905
 51
78.46304096650944
  0
LINE
  5
53C
330
531
100
AcDbEntity
  8
equipments-cont.
100
AcDbLine
 10
14967.708006081
 20
9310.593136149604
 30
0.0
 11
14967.708006081
 21
9320.593136149604
 31
0.0
  0
LINE
  5
53D
330
531
100
AcDbEntity
  8
equipments-cont.
100
AcDbLine
 10
14965.208006081
 20
9310.593136149604
 30
0.0
 11
14965.208006081
 21
9320.593136149604
 31
0.0
  0
LWPOLYLINE
  5
53E
330
531
100
AcDbEntity
  8
equipments-cont.
100
AcDbPolyline
 90
31
 70
0
 10
14978.958006081
 20
9306.061733013514
 10
14978.93660000736
 20
9308.352444479735
 10
14978.87479902304
 20
9310.700509619812
 10
14978.77622898331
 20
9313.069824545442
 10
14978.64451574325
 20
9315.424285368674
 10
14978.48328515795
 20
9317.727788201679
 10
14978.29616308265
 20
9319.94422915604
 10
14978.08677537245
 20
9322.037504344044
 10
14977.85874788248
 20
9323.971509877389
 10
14977.61525256263
 20
9325.718970041402
 10
14977.35764574185
 20
9327.287921813695
 10
14977.08682984371
 20
9328.695230345504
 10
14976.80370729196
 20
9329.957760787598
 10
14976.50918051025
 20
9331.092378291214
 10
14976.20415192215
 20
9332.11594800712
 10
14975.88952395146
 20
9333.045335086443
 10
14975.56619902171
 20
9333.897404680056
 10
14975.23527185014
 20
9334.686576532113
 10
14974.89860632789
 20
9335.417488757666
 10
14974.55825863971
 20
9336.092334065266
 10
14974.21628497024
 20
9336.71330516311
 10
14973.87474150421
 20
9337.282594759396
 10
14973.53568442632
 20
9337.802395562438
 10
14973.20116992121
 20
9338.27490028055
 10
14972.87325417362
 20
9338.702301622046
 10
14972.55316634873
 20
9339.08705907516
 10
14972.23882753339
 20
9339.432699248457
 10
14971.92733179505
 20
9339.743015530432
 10
14971.61577320111
 20
9340.021801309806
 10
14971.30124581897
 20
9340.272849975066
 10
14971.0061592823
 20
9340.482010930806
  0
CIRCLE
  5
53F
330
531
100
AcDbEntity
  8
equipments-cont.
100
AcDbCircle
 10
14966.458006081
 20
9315.593136149604
 30
0.0
 40
7.799999999999998
  0
LWPOLYLINE
  5
540
330
531
100
AcDbEntity
  8
equipments-cont.
100
AcDbPolyline
 90
8
 70
0
 10
14953.958006081
 20
9306.061733013514
 10
14953.97941215471
 20
9308.352444479735
 10
14954.04121313903
 20
9310.700509619812
 10
14954.13978317875
 20
9313.069824545442
 10
14954.27149641881
 20
9315.424285368674
 10
14954.43272700412
 20
9317.727788201679
 10
14954.61984907941
 20
9319.94422915604
 10
14954.73447657587
 20
9321.090174607843
  0
ARC
  5
541
330
531
100
AcDbEntity
  8
equipments-cont.
100
AcDbCircle
 10
14966.458006081
 20
9330.894581563683
 30
0.0
 40
27.80144541407736
100
AcDbArc
 50
243.2808920047687
 51
296.7191079952312
  0
ARC
  5
542
330
531
100
AcDbEntity
  8
equipments-cont.
100
AcDbCircle
 10
14966.458006081
 20
9331.394581563683
 30
0.0
 40
27.80144541407736
100
AcDbArc
 50
243.2808920047687
 51
296.7191079952312
  0
LINE
  5
543
330
531
100
AcDbEntity
  8
equipments-cont.
100
AcDbLine
 10
14967.708006081
 20
9310.593136149604
 30
0.0
 11
14965.208006081
 21
9310.593136149604
 31
0.0
  0
LWPOLYLINE
  5
544
330
531
100
AcDbEntity
  8
equipments-cont.
100
AcDbPolyline
 90
41
 70
0
 10
14940.55847499404
 20
9317.8068364817
 10
14942.32137675066
 20
9318.134697687608
 10
14944.6230378768
 20
9318.60329700858
 10
14946.93924107712
 20
9319.111796767129
 10
14949.23506058596
 20
9319.650356818485
 10
14951.47557063756
 20
9320.2091370181
 10
14953.62584546622
 20
9320.7782972212
 10
14955.65095930623
 20
9321.34799728336
 10
14957.51598639176
 20
9321.908397059917
 10
14959.19461619075
 20
9322.451636411744
 10
14960.6949991053
 20
9322.977775222183
 10
14962.03390077107
 20
9323.48885338023
 10
14963.22808682372
 20
9323.98691077475
 10
14964.29432289897
 20
9324.47398729474
 10
14965.24937463256
 20
9324.952122829069
 10
14966.11000766
 20
9325.423357266613
 10
14966.89298761718
 20
9325.889730496361
 10
14967.61270527519
 20
9326.352668394597
 10
14968.27405194735
 20
9326.811140787002
 10
14968.87954408251
 20
9327.263503486902
 10
14969.43169812946
 20
9327.708112307502
 10
14969.93303053716
 20
9328.143323061784
 10
14970.38605775435
 20
9328.567491563066
 10
14970.79329622986
 20
9328.978973624327
 10
14971.15726241261
 20
9329.376125059003
 10
14971.48059186794
 20
9329.75816246125
 10
14971.76639662794
 20
9330.127745549806
 10
14972.01790784102
 20
9330.488394824817
 10
14972.23835665588
 20
9330.8436307862
 10
14972.43097422104
 20
9331.196973933867
 10
14972.59899168503
 20
9331.551944767853
 10
14972.74564019644
 20
9331.91206378807
 10
14972.8741509039
 20
9332.280851494434
 10
14972.98719762563
 20
9332.662436950399
 10
14973.0852248589
 20
9333.063383472181
 10
14973.16811977077
 20
9333.490862939885
 10
14973.23576952809
 20
9333.952047233033
 10
14973.28806129791
 20
9334.454108231614
 10
14973.3248822472
 20
9335.004217815265
 10
14973.34611954296
 20
9335.60954786386
 10
14973.35166035209
 20
9336.27727025727
  0
LINE
  5
545
330
531
100
AcDbEntity
  8
equipments-cont.
100
AcDbLine
 10
14973.35166035209
 20
9336.27727025727
 30
0.0
 11
14935.46748791298
 21
9329.597268514364
 31
0.0
  0
LWPOLYLINE
  5
546
330
531
100
AcDbEntity
  8
equipments-cont.
100
AcDbPolyline
 90
41
 70
0
 10
14936.21935489959
 20
9342.474419623675
 10
14937.98807580809
 20
9342.769278779222
 10
14940.31120019085
 20
9343.11615392339
 10
14942.66163640672
 20
9343.43050860317
 10
14945.00319944379
 20
9343.709644214545
 10
14947.29970429004
 20
9343.950862153379
 10
14949.51496593345
 20
9344.15146381542
 10
14951.61279936203
 20
9344.308750596772
 10
14953.55701956379
 20
9344.4200238933
 10
14955.32021439988
 20
9344.483671087484
 10
14956.91006322437
 20
9344.502423509202
 10
14958.3430182645
 20
9344.480098475065
 10
14959.63553174753
 20
9344.420513301568
 10
14960.80405590065
 20
9344.327485305319
 10
14961.86504295106
 20
9344.204831802814
 10
14962.83494512608
 20
9344.056370110546
 10
14963.73021465294
 20
9343.885917545242
 10
14964.56486211151
 20
9343.697056154899
 10
14965.34313149249
 20
9343.492426914458
 10
14966.06682513933
 20
9343.274435530246
 10
14966.73774539533
 20
9343.045487708823
 10
14967.35769460396
 20
9342.807989156401
 10
14967.92847510851
 20
9342.564345579656
 10
14968.45188925251
 20
9342.316962684681
 10
14968.9297393792
 20
9342.068246178274
 10
14969.36423416958
 20
9341.81983363716
 10
14969.75920765444
 20
9341.570290120962
 10
14970.11890020214
 20
9341.317412559703
 10
14970.44755218113
 20
9341.058997883407
 10
14970.74940395977
 20
9340.792843022213
 10
14971.02869590633
 20
9340.516744906028
 10
14971.28966838929
 20
9340.22850046511
 10
14971.53656177699
 20
9339.925906629363
 10
14971.77330085948
 20
9339.605997848153
 10
14972.00254811415
 20
9339.262758648667
 10
14972.22665043989
 20
9338.889411076965
 10
14972.44795473571
 20
9338.479177179577
 10
14972.66880790062
 20
9338.025279002675
 10
14972.89155683357
 20
9337.52093859256
 10
14973.11854843369
 20
9336.959377995754
 10
14973.35212959983
 20
9336.333819258321
  0
LINE
  5
547
330
531
100
AcDbEntity
  8
equipments-cont.
100
AcDbLine
 10
14967.708006081
 20
9320.593136149604
 30
0.0
 11
14965.208006081
 21
9320.593136149604
 31
0.0
  0
ARC
  5
548
330
531
100
AcDbEntity
  8
equipments-cont.
100
AcDbCircle
 10
14966.708006081
 20
9315.593136149604
 30
0.0
 40
1.5
100
AcDbArc
 50
311.8103148972775
 51
48.1896851027225
  0
ARC
  5
549
330
531
100
AcDbEntity
  8
equipments-cont.
100
AcDbCircle
 10
14962.84553890191
 20
9334.476501607942
 30
0.0
 40
27.80144541407736
100
AcDbArc
 50
163.2808920038396
 51
216.7191079947083
  0
ENDBLK
  5
533
330
531
100
AcDbEntity
  8
0
100
AcDbBlockEnd
  0
BLOCK
  5
54B
330
54A
100
AcDbEntity
  8
0
100
AcDbBlockBegin
  2
BL012-FRONT
 70
0
 10
0.0
 20
0.0
 30
0.0
  3
BL012-FRONT
  1

  0
LWPOLYLINE
  5
54D
330
54A
100
AcDbEntity
  8
0 TĂNG CỨNG
 62
1
100
AcDbPolyline
 90
10
 70
1
 10
-9.25
 20
14.54999999999927
 10
-9.25
 20
2.0
 42
0.4142135623730951
 10
-7.25
 20
0.0
 10
7.25
 20
0.0
 10
7.25
 20
63.0
 10
-7.25
 20
63.0
 42
0.4142135623730951
 10
-9.25
 20
61.0
 10
-9.25
 20
48.45000000000073
 10
2.789921814575791
 20
48.45000000000073
 10
2.789921814575791
 20
14.54999999999927
  0
LINE
  5
54E
330
54A
100
AcDbEntity
  8
0
  6
HIDDEN2
 62
2
100
AcDbLine
 10
7.25
 20
4.250000000014551
 30
0.0
 11
7.25
 21
10.25000000001455
 31
0.0
  0
LWPOLYLINE
  5
54F
330
54A
100
AcDbEntity
  8
0 TĂNG CỨNG
 62
22
100
AcDbPolyline
 90
6
 70
1
 10
-9.25
 20
14.75
 10
0.5500000000029104
 20
14.75
 42
0.4142135623730951
 10
2.55000000000291
 20
16.75
 10
2.55000000000291
 20
46.25
 42
0.4142135623730951
 10
0.5500000000029104
 20
48.25
 10
-9.25
 20
48.25
  0
CIRCLE
  5
550
330
54A
100
AcDbEntity
  8
0 TĂNG CỨNG
 62
8
100
AcDbCircle
 10
-3.449999999997089
 20
41.5
 30
0.0
 40
3.199999999997089
  0
CIRCLE
  5
551
330
54A
100
AcDbEntity
  8
0 TĂNG CỨNG
 62
61
100
AcDbCircle
 10
-3.449999999997089
 20
41.50000000000727
 30
0.0
 40
4.0
  0
CIRCLE
  5
552
330
54A
100
AcDbEntity
  8
0 TĂNG CỨNG
 62
8
100
AcDbCircle
 10
-3.449999999997089
 20
21.5
 30
0.0
 40
3.199999999997089
  0
CIRCLE
  5
553
330
54A
100
AcDbEntity
  8
0 TĂNG CỨNG
 62
61
100
AcDbCircle
 10
-3.449999999997089
 20
21.50000000000728
 30
0.0
 40
4.0
  0
HATCH
  5
554
330
54A
100
AcDbEntity
  8
0 TĂNG CỨNG
 62
2
100
AcDbHatch
 10
0.0
 20
0.0
 30
0.0
210
0.0
220
0.0
230
1.0
  2
ANSI31
 70
0
 71
0
 91
1
 92
1
 93
6
 72
1
 10
-0.3500000000058208
 20
4.249238285010505
 11
7.25
 21
4.249238285010505
 72
1
 10
7.25
 20
4.249238285010505
 11
7.25
 21
10.2507617150186
 72
1
 10
7.25
 20
10.2507617150186
 11
-0.3500000000058208
 21
10.2507617150186
 72
2
 10
-0.3500000000058208
 20
9.250761715018596
 40
1.0
 50
90.0
 51
180.0
 73
1
 72
1
 10
-1.35000000000582
 20
9.250761715018596
 11
-1.35000000000582
 21
5.249238285010505
 72
2
 10
-0.3500000000058208
 20
5.249238285010505
 40
1.0
 50
180.0
 51
270.0
 73
1
 97
1
330
2443E1
 75
0
 76
1
 52
90.0
 41
0.5
 77
0
 78
1
 53
135.0
 43
-85095.06188197459
 44
-23227.81246862373
 45
-1.122532015133644
 46
-1.122532015133643
 79
0
 98
1
 10
-85095.06188197459
 20
-23227.81246862373
  0
LWPOLYLINE
  5
555
330
54A
100
AcDbEntity
  8
0 TĂNG CỨNG
 62
2
100
AcDbPolyline
 90
6
 70
1
 10
-0.3500000000058208
 20
4.249238285010505
 10
7.25
 20
4.249238285010505
 10
7.25
 20
10.2507617150186
 10
-0.3500000000058208
 20
10.2507617150186
 42
0.4142135623730951
 10
-1.35000000000582
 20
9.250761715018596
 10
-1.35000000000582
 20
5.249238285010505
 42
0.4142135623730951
  0
HATCH
  5
556
330
54A
100
AcDbEntity
  8
0 TĂNG CỨNG
 62
2
100
AcDbHatch
 10
0.0
 20
0.0
 30
0.0
210
0.0
220
0.0
230
1.0
  2
ANSI31
 70
0
 71
0
 91
1
 92
1
 93
6
 72
1
 10
-0.3500000000058208
 20
52.74923828499595
 11
7.25
 21
52.74923828499595
 72
1
 10
7.25
 20
52.74923828499595
 11
7.25
 21
58.75076171500404
 72
1
 10
7.25
 20
58.75076171500404
 11
-0.3500000000058208
 21
58.75076171500404
 72
2
 10
-0.3500000000058208
 20
57.75076171500405
 40
1.0
 50
90.0
 51
180.0
 73
1
 72
1
 10
-1.35000000000582
 20
57.75076171500405
 11
-1.35000000000582
 21
53.74923828499595
 72
2
 10
-0.3500000000058208
 20
53.74923828499595
 40
1.0
 50
180.0
 51
270.0
 73
1
 97
1
330
2443E3
 75
0
 76
1
 52
90.0
 41
0.5
 77
0
 78
1
 53
135.0
 43
-85095.06188197459
 44
-23179.31246862375
 45
-1.122532015133644
 46
-1.122532015133643
 79
0
 98
1
 10
-85095.06188197459
 20
-23179.31246862375
  0
LWPOLYLINE
  5
557
330
54A
100
AcDbEntity
  8
0 TĂNG CỨNG
 62
2
100
AcDbPolyline
 90
6
 70
1
 10
-0.3500000000058208
 20
52.74923828499595
 10
7.25
 20
52.74923828499595
 10
7.25
 20
58.75076171500404
 10
-0.3500000000058208
 20
58.75076171500404
 42
0.4142135623730951
 10
-1.35000000000582
 20
57.75076171500405
 10
-1.35000000000582
 20
53.74923828499595
 42
0.4142135623730951
  0
LINE
  5
558
330
54A
100
AcDbEntity
  8
0 TĂNG CỨNG
 62
8
100
AcDbLine
 10
-3.449999999997089
 20
22.15100827024071
 30
0.0
 11
-3.449999999997089
 21
20.84899172975929
 31
0.0
  0
LINE
  5
559
330
54A
100
AcDbEntity
  8
0 TĂNG CỨNG
 62
8
100
AcDbLine
 10
-4.101008270241436
 20
21.5
 30
0.0
 11
-2.798991729752742
 21
21.5
 31
0.0
  0
LINE
  5
55A
330
54A
100
AcDbEntity
  8
0 TĂNG CỨNG
 62
8
100
AcDbLine
 10
-3.449999999997089
 20
42.15100827024071
 30
0.0
 11
-3.449999999997089
 21
40.84899172975929
 31
0.0
  0
LINE
  5
55B
330
54A
100
AcDbEntity
  8
0 TĂNG CỨNG
 62
8
100
AcDbLine
 10
-4.101008270241436
 20
41.5
 30
0.0
 11
-2.798991729752742
 21
41.5
 31
0.0
  0
ENDBLK
  5
54C
330
54A
100
AcDbEntity
  8
0
100
AcDbBlockEnd
  0
BLOCK
  5
55D
330
55C
100
AcDbEntity
  8
0
100
AcDbBlockBegin
  2
TV-HTS4
 70
0
 10
0.0
 20
0.0
 30
0.0
  3
TV-HTS4
  1

  0
LINE
  5
55F
330
55C
100
AcDbEntity
  8
equipments-cont.
100
AcDbLine
 10
12.0
 20
-10.0
 30
0.0
 11
28.0
 21
-10.0
 31
0.0
  0
LINE
  5
560
330
55C
100
AcDbEntity
  8
equipments-cont.
100
AcDbLine
 10
12.0
 20
10.0
 30
0.0
 11
28.0
 21
10.0
 31
0.0
  0
LINE
  5
561
330
55C
100
AcDbEntity
  8
equipments-cont.
100
AcDbLine
 10
32.12757680629148
 20
-107.0054855543421
 30
0.0
 11
23.5
 21
-107.0054855543421
 31
0.0
  0
LINE
  5
562
330
55C
100
AcDbEntity
  8
equipments-cont.
100
AcDbLine
 10
27.99029033782427
 20
-102.4074274867307
 30
0.0
 11
23.30388386483537
 21
-103.3447087813401
 31
0.0
  0
LWPOLYLINE
  5
563
330
55C
100
AcDbEntity
  8
equipments-cont.
100
AcDbPolyline
 90
6
 70
1
 10
0.0
 20
28.5
 10
8.485071250062902
 20
26.37873218744062
 42
-0.3441507314089108
 10
10.0
 20
24.43844718718902
 10
10.0
 20
-24.43844718718902
 42
-0.3441507314089108
 10
8.485071250062902
 20
-26.37873218744062
 10
0.0
 20
-28.5
  0
LINE
  5
564
330
55C
100
AcDbEntity
  8
equipments-cont.
100
AcDbLine
 10
12.0
 20
10.0
 30
0.0
 11
12.0
 21
-10.0
 31
0.0
  0
LINE
  5
565
330
55C
100
AcDbEntity
  8
equipments-cont.
100
AcDbLine
 10
12.0
 20
-10.0
 30
0.0
 11
10.0
 21
-12.0
 31
0.0
  0
LINE
  5
566
330
55C
100
AcDbEntity
  8
equipments-cont.
100
AcDbLine
 10
12.0
 20
10.0
 30
0.0
 11
10.0
 21
12.0
 31
0.0
  0
LINE
  5
567
330
55C
100
AcDbEntity
  8
equipments-cont.
100
AcDbLine
 10
22.5
 20
-104.3252894571051
 30
0.0
 11
22.5
 21
-106.0054855543421
 31
0.0
  0
ARC
  5
568
330
55C
100
AcDbEntity
  8
equipments-cont.
100
AcDbCircle
 10
23.5
 20
-104.3252894571051
 30
0.0
 40
1.0
100
AcDbArc
 50
101.3099324721602
 51
180.0
  0
ARC
  5
569
330
55C
100
AcDbEntity
  8
equipments-cont.
100
AcDbCircle
 10
23.5
 20
-106.0054855543421
 30
0.0
 40
1.0
100
AcDbArc
 50
180.0
 51
270.0
  0
LWPOLYLINE
  5
56A
330
55C
100
AcDbEntity
  8
equipments-cont.
100
AcDbPolyline
 90
2
 70
0
 10
30.0
 20
24.35661485709716
 10
30.0
 20
-99.95597579760945
  0
LINE
  5
56B
330
55C
100
AcDbEntity
  8
equipments-cont.
100
AcDbLine
 10
40.94694560742936
 20
-24.02189760433977
 30
0.0
 11
37.12590716412524
 21
-102.1346894013695
 31
0.0
  0
ARC
  5
56C
330
55C
100
AcDbEntity
  8
equipments-cont.
100
AcDbCircle
 10
32.12757680629148
 20
-102.0054855543421
 30
0.0
 40
5.0
100
AcDbArc
 50
270.0
 51
358.5192681505359
  0
ARC
  5
56D
330
55C
100
AcDbEntity
  8
equipments-cont.
100
AcDbCircle
 10
27.5
 20
-99.95597579760945
 30
0.0
 40
2.5
100
AcDbArc
 50
281.3099324721602
 51
0.0
  0
LINE
  5
56E
330
55C
100
AcDbEntity
  8
equipments-cont.
100
AcDbLine
 10
42.0
 20
0.0
 30
0.0
 11
40.0
 21
26.35661485709716
 31
0.0
  0
LINE
  5
56F
330
55C
100
AcDbEntity
  8
equipments-cont.
100
AcDbLine
 10
38.96982417325489
 20
-21.0
 30
0.0
 11
38.96982417325489
 21
26.35661485709716
 31
0.0
  0
ARC
  5
570
330
55C
100
AcDbEntity
  8
equipments-cont.
100
AcDbCircle
 10
39.46982417325489
 20
-21.0
 30
0.0
 40
0.5
100
AcDbArc
 50
180.0
 51
270.0
  0
LINE
  5
571
330
55C
100
AcDbEntity
  8
equipments-cont.
100
AcDbLine
 10
28.0
 20
10.0
 30
0.0
 11
28.0
 21
-10.0
 31
0.0
  0
LINE
  5
572
330
55C
100
AcDbEntity
  8
equipments-cont.
100
AcDbLine
 10
28.0
 20
-10.0
 30
0.0
 11
30.0
 21
-12.0
 31
0.0
  0
LINE
  5
573
330
55C
100
AcDbEntity
  8
equipments-cont.
100
AcDbLine
 10
28.0
 20
10.0
 30
0.0
 11
30.0
 21
12.0
 31
0.0
  0
LINE
  5
574
330
55C
100
AcDbEntity
  8
equipments-cont.
100
AcDbLine
 10
40.57893715030512
 20
-21.5
 30
0.0
 11
39.46982417325489
 21
-21.5
 31
0.0
  0
LINE
  5
575
330
55C
100
AcDbEntity
  8
equipments-cont.
100
AcDbLine
 10
40.4474253426888
 20
-23.5
 30
0.0
 11
38.96982417325489
 21
-23.5
 31
0.0
  0
LINE
  5
576
330
55C
100
AcDbEntity
  8
equipments-cont.
100
AcDbLine
 10
38.96982417325489
 20
-23.5
 30
0.0
 11
38.96982417325489
 21
-21.0
 31
0.0
  0
ARC
  5
577
330
55C
100
AcDbEntity
  8
equipments-cont.
100
AcDbCircle
 10
40.4474253426888
 20
-24.0
 30
0.0
 40
0.5
100
AcDbArc
 50
357.4899165448857
 51
90.0
  0
ARC
  5
578
330
55C
100
AcDbEntity
  8
equipments-cont.
100
AcDbCircle
 10
40.57893715030512
 20
-21.0
 30
0.0
 40
0.5
100
AcDbArc
 50
270.0
 51
357.4899165448857
  0
LINE
  5
579
330
55C
100
AcDbEntity
  8
equipments-cont.
100
AcDbLine
 10
42.0
 20
0.0
 30
0.0
 11
41.07845741510391
 21
-21.02189760433976
 31
0.0
  0
LINE
  5
57A
330
55C
100
AcDbEntity
  8
equipments-cont.
100
AcDbLine
 10
40.0
 20
26.35661485709716
 30
0.0
 11
32.0
 21
26.35661485709716
 31
0.0
  0
ARC
  5
57B
330
55C
100
AcDbEntity
  8
equipments-cont.
100
AcDbCircle
 10
32.0
 20
24.35661485709716
 30
0.0
 40
2.0
100
AcDbArc
 50
90.0
 51
180.0
  0
ENDBLK
  5
55E
330
55C
100
AcDbEntity
  8
0
100
AcDbBlockEnd
  0
BLOCK
  5
57D
330
57C
100
AcDbEntity
  8
0
100
AcDbBlockBegin
  2
ok
 70
0
 10
0.0
 20
0.0
 30
0.0
  3
ok
  1

  0
LINE
  5
57F
330
57C
100
AcDbEntity
  8
0
 62
6
100
AcDbLine
 10
-8.000000000101863
 20
33.50000000002911
 30
0.0
 11
33.49999999989814
 21
33.50000000002911
 31
0.0
  0
LINE
  5
580
330
57C
100
AcDbEntity
  8
0
 62
6
100
AcDbLine
 10
-6.500000000101863
 20
32.00000000002911
 30
0.0
 11
33.49999999989814
 21
32.00000000002911
 31
0.0
  0
LINE
  5
581
330
57C
100
AcDbEntity
  8
0
 62
6
100
AcDbLine
 10
33.49999999989814
 20
33.50000000002911
 30
0.0
 11
33.49999999989814
 21
2.000000000029103
 31
0.0
  0
LINE
  5
582
330
57C
100
AcDbEntity
  8
0
 62
6
100
AcDbLine
 10
-6.499999999679857
 20
2.000000000145519
 30
0.0
 11
33.49999999989814
 21
2.000000000080035
 31
0.0
  0
LINE
  5
583
330
57C
100
AcDbEntity
  8
0
 62
6
100
AcDbLine
 10
31.49999999976717
 20
28.00000000008731
 30
0.0
 11
0.0
 21
28.00000000008731
 31
0.0
  0
LINE
  5
584
330
57C
100
AcDbEntity
  8
0
 62
6
100
AcDbLine
 10
0.0
 20
28.00000000008731
 30
0.0
 11
0.0
 21
-71.99999999991996
 31
0.0
  0
CIRCLE
  5
585
330
57C
100
AcDbEntity
  8
0
 62
6
100
AcDbCircle
 10
24.99999999976717
 20
23.00000000008731
 30
0.0
 40
2.0
  0
LINE
  5
586
330
57C
100
AcDbEntity
  8
0
 62
6
100
AcDbLine
 10
0.0
 20
-71.99999999991996
 30
0.0
 11
31.49999999976717
 21
-71.99999999991996
 31
0.0
  0
LINE
  5
587
330
57C
100
AcDbEntity
  8
0
 62
6
100
AcDbLine
 10
31.49999999976717
 20
28.00000000008731
 30
0.0
 11
31.49999999976717
 21
-71.9999999999709
 31
0.0
  0
LINE
  5
588
330
57C
100
AcDbEntity
  8
0
 62
6
100
AcDbLine
 10
29.99999999976717
 20
28.00000000008731
 30
0.0
 11
29.99999999976717
 21
-71.9999999999709
 31
0.0
  0
LWPOLYLINE
  5
589
330
57C
100
AcDbEntity
  8
0
 62
252
100
AcDbPolyline
 90
4
 70
1
 10
-8.000000000101863
 20
0.0
 10
21.99999999989814
 20
0.0
 10
21.99999999989814
 20
-30.0
 10
-8.000000000101863
 20
-30.0
  0
CIRCLE
  5
58A
330
57C
100
AcDbEntity
  8
0
 62
252
100
AcDbCircle
 10
11.99999999989813
 20
-15.0
 30
0.0
 40
5.0
  0
LINE
  5
58B
330
57C
100
AcDbEntity
  8
0
 62
6
100
AcDbLine
 10
-6.500000000101863
 20
32.00000000002911
 30
0.0
 11
-6.499999999679857
 21
2.000000000145519
 31
0.0
  0
LINE
  5
58C
330
57C
100
AcDbEntity
  8
0
 62
6
100
AcDbLine
 10
-8.000000000101863
 20
33.50000000002911
 30
0.0
 11
-7.999999999679857
 21
2.000000000145519
 31
0.0
  0
LINE
  5
58D
330
57C
100
AcDbEntity
  8
0
 62
6
100
AcDbLine
 10
-7.999999999679857
 20
2.000000000145519
 30
0.0
 11
-6.499999999679857
 21
2.000000000145519
 31
0.0
  0
INSERT
  5
58E
330
57C
100
AcDbEntity
  8
0
 62
252
100
AcDbBlockReference
  2
khoa Viettep-1
 10
6.999999999898136
 20
-72.0
 30
0.0
  0
ENDBLK
  5
57E
330
57C
100
AcDbEntity
  8
0
100
AcDbBlockEnd
  0
BLOCK
  5
591
330
590
100
AcDbEntity
  8
0
100
AcDbBlockBegin
  2
*U12866
 70
1
 10
0.0
 20
0.0
 30
0.0
  3
*U12866
  1

  0
LWPOLYLINE
  5
593
330
590
100
AcDbEntity
  8
@.0.DM. NÉT CHÍNH
 62
51
100
AcDbPolyline
 90
4
 70
1
 10
4.5
 20
6.0
 10
4.5
 20
-6.0
 42
-0.9999999999999998
 10
-4.5
 20
-6.0
 10
-4.5
 20
6.0
 42
-0.9999999999999998
  0
POINT
  5
594
330
590
100
AcDbEntity
  8
@.0.DM. NÉT CHÍNH
 62
1
100
AcDbPoint
 10
-7.276e-12
 20
-3.638e-12
 30
0.0
  0
ENDBLK
  5
592
330
590
100
AcDbEntity
  8
0
100
AcDbBlockEnd
  0
BLOCK
  5
596
330
595
100
AcDbEntity
  8
0
100
AcDbBlockBegin
  2
*U12869
 70
1
 10
0.0
 20
0.0
 30
0.0
  3
*U12869
  1

  0
LWPOLYLINE
  5
598
330
595
100
AcDbEntity
  8
@.0.DM. NÉT CHÍNH
 62
51
100
AcDbPolyline
 90
4
 70
1
 10
4.5
 20
6.0
 10
4.5
 20
-6.0
 42
-0.9999999999999998
 10
-4.5
 20
-6.0
 10
-4.5
 20
6.0
 42
-0.9999999999999998
  0
POINT
  5
599
330
595
100
AcDbEntity
  8
@.0.DM. NÉT CHÍNH
 62
1
100
AcDbPoint
 10
-7.276e-12
 20
-3.638e-12
 30
0.0
  0
ENDBLK
  5
597
330
595
100
AcDbEntity
  8
0
100
AcDbBlockEnd
  0
BLOCK
  5
59B
330
59A
100
AcDbEntity
  8
0
100
AcDbBlockBegin
  2
*U12871
 70
1
 10
0.0
 20
0.0
 30
0.0
  3
*U12871
  1

  0
LWPOLYLINE
  5
59D
330
59A
100
AcDbEntity
  8
@.0.DM. NÉT CHÍNH
 62
51
100
AcDbPolyline
 90
4
 70
1
 10
4.5
 20
6.0
 10
4.5
 20
-6.0
 42
-0.9999999999999998
 10
-4.5
 20
-6.0
 10
-4.5
 20
6.0
 42
-0.9999999999999998
  0
POINT
  5
59E
330
59A
100
AcDbEntity
  8
@.0.DM. NÉT CHÍNH
 62
1
100
AcDbPoint
 10
-7.276e-12
 20
-3.638e-12
 30
0.0
  0
ENDBLK
  5
59C
330
59A
100
AcDbEntity
  8
0
100
AcDbBlockEnd
  0
BLOCK
  5
5A0
330
59F
100
AcDbEntity
  8
0
100
AcDbBlockBegin
  2
*U12873
 70
1
 10
0.0
 20
0.0
 30
0.0
  3
*U12873
  1

  0
LWPOLYLINE
  5
5A2
330
59F
100
AcDbEntity
  8
@.0.DM. NÉT CHÍNH
 62
51
100
AcDbPolyline
 90
4
 70
1
 10
4.5
 20
6.0
 10
4.5
 20
-6.0
 42
-0.9999999999999998
 10
-4.5
 20
-6.0
 10
-4.5
 20
6.0
 42
-0.9999999999999998
  0
POINT
  5
5A3
330
59F
100
AcDbEntity
  8
@.0.DM. NÉT CHÍNH
 62
1
100
AcDbPoint
 10
-7.276e-12
 20
-3.638e-12
 30
0.0
  0
ENDBLK
  5
5A1
330
59F
100
AcDbEntity
  8
0
100
AcDbBlockEnd
  0
BLOCK
  5
5A5
330
5A4
100
AcDbEntity
  8
0
100
AcDbBlockBegin
  2
khoa Viettep
 70
0
 10
0.0
 20
0.0
 30
0.0
  3
khoa Viettep
  1

  0
MTEXT
  5
5A7
330
5A4
100
AcDbEntity
  8
0
 62
1
100
AcDbMText
 10
9.313226e-10
 20
15.75868366844952
 30
0.0
 40
2.799999999999999
 41
22.86372486315668
 46
6.382975677028302
 71
5
 72
5
  1
{\f.VnArialH|b0|i0|c0|p34;viÖt tiÖp}
  0
ARC
  5
5A8
330
5A4
100
AcDbEntity
  8
0
 62
1
100
AcDbCircle
 10
-9e-16
 20
41.99730265729885
 30
0.0
 40
14.00269734270114
100
AcDbArc
 50
100.2845575133721
 51
179.9999999995831
  0
ARC
  5
5A9
330
5A4
100
AcDbEntity
  8
0
 62
1
100
AcDbCircle
 10
-9e-16
 20
41.99730265729885
 30
0.0
 40
10.00269734270114
100
AcDbArc
 50
104.4735229667803
 51
182.1920859883517
  0
ARC
  5
5AA
330
5A4
100
AcDbEntity
  8
0
 62
1
100
AcDbCircle
 10
-9e-16
 20
41.99730265729885
 30
0.0
 40
14.00269734270114
100
AcDbArc
 50
359.9999999995831
 51
100.2845575472288
  0
ARC
  5
5AB
330
5A4
100
AcDbEntity
  8
0
 62
1
100
AcDbCircle
 10
-9e-16
 20
41.99730265729885
 30
0.0
 40
10.00269734270114
100
AcDbArc
 50
357.8079140116482
 51
104.4735229280553
  0
LINE
  5
5AC
330
5A4
100
AcDbEntity
  8
0
 62
1
100
AcDbLine
 10
-9.995377460970003
 20
41.61470163480508
 30
0.0
 11
-9.995377460970003
 21
32.0
 31
0.0
  0
LINE
  5
5AD
330
5A4
100
AcDbEntity
  8
0
 62
1
100
AcDbLine
 10
-14.00269734270114
 20
41.99730265729885
 30
0.0
 11
-14.00269734270114
 21
32.0
 31
0.0
  0
LINE
  5
5AE
330
5A4
100
AcDbEntity
  8
0
 62
1
100
AcDbLine
 10
9.995377460970003
 20
41.61470163480507
 30
0.0
 11
9.995377460970005
 21
32.0
 31
0.0
  0
LINE
  5
5AF
330
5A4
100
AcDbEntity
  8
0
 62
1
100
AcDbLine
 10
14.00269734270114
 20
41.99730265719697
 30
0.0
 11
14.00269734270114
 21
32.0
 31
0.0
  0
LINE
  5
5B0
330
5A4
100
AcDbEntity
  8
0
 62
1
100
AcDbLine
 10
-15.0
 20
29.0
 30
0.0
 11
15.0
 21
29.0
 31
0.0
  0
LINE
  5
5B1
330
5A4
100
AcDbEntity
  8
0
 62
1
100
AcDbLine
 10
-17.0
 20
2.0
 30
0.0
 11
-17.0
 21
27.0
 31
0.0
  0
LINE
  5
5B2
330
5A4
100
AcDbEntity
  8
0
 62
1
100
AcDbLine
 10
17.0
 20
27.0
 30
0.0
 11
17.0
 21
2.0
 31
0.0
  0
ARC
  5
5B3
330
5A4
100
AcDbEntity
  8
0
 62
1
100
AcDbCircle
 10
-15.0
 20
2.0
 30
0.0
 40
1.9999999999999
100
AcDbArc
 50
180.0
 51
270.0
  0
ARC
  5
5B4
330
5A4
100
AcDbEntity
  8
0
 62
1
100
AcDbCircle
 10
15.0
 20
2.0
 30
0.0
 40
2.000000000000554
100
AcDbArc
 50
270.0
 51
0.0
  0
LINE
  5
5B5
330
5A4
100
AcDbEntity
  8
0
 62
1
100
AcDbLine
 10
15.0
 20
0.0
 30
0.0
 11
-15.0
 21
0.0
 31
0.0
  0
ARC
  5
5B6
330
5A4
100
AcDbEntity
  8
0
 62
1
100
AcDbCircle
 10
-15.0
 20
27.0
 30
0.0
 40
2.0
100
AcDbArc
 50
90.0
 51
180.0
  0
ARC
  5
5B7
330
5A4
100
AcDbEntity
  8
0
 62
1
100
AcDbCircle
 10
15.0
 20
27.0
 30
0.0
 40
2.0
100
AcDbArc
 50
0.0
 51
90.0
  0
CIRCLE
  5
5B8
330
5A4
100
AcDbEntity
  8
0
 62
1
100
AcDbCircle
 10
-10.43186243064701
 20
15.75868366844952
 30
0.0
 40
0.5
  0
CIRCLE
  5
5B9
330
5A4
100
AcDbEntity
  8
0
 62
1
100
AcDbCircle
 10
10.43186243250966
 20
15.75868366844952
 30
0.0
 40
0.5
  0
ENDBLK
  5
5A6
330
5A4
100
AcDbEntity
  8
0
100
AcDbBlockEnd
  0
BLOCK
  5
5BB
330
5BA
100
AcDbEntity
  8
0
100
AcDbBlockBegin
  2
*U12926
 70
1
 10
0.0
 20
0.0
 30
0.0
  3
*U12926
  1

  0
LWPOLYLINE
  5
5BD
330
5BA
100
AcDbEntity
  8
0
  6
ByBlock
 62
20
370
9
100
AcDbPolyline
 90
2
 70
0
 43
0.5
 10
-1.414213562373094
 20
1.414213562373095
 10
1.414213562373094
 20
-1.414213562373094
  0
LWPOLYLINE
  5
5BE
330
5BA
100
AcDbEntity
  8
0
  6
ByBlock
 62
20
370
9
100
AcDbPolyline
 90
2
 70
0
 43
0.5
 10
-1.414213562373094
 20
-1.414213562373093
 10
1.414213562373095
 20
1.414213562373094
  0
ENDBLK
  5
5BC
330
5BA
100
AcDbEntity
  8
0
100
AcDbBlockEnd
  0
BLOCK
  5
5C0
330
5BF
100
AcDbEntity
  8
0
100
AcDbBlockBegin
  2
*U442
 70
1
 10
0.0
 20
0.0
 30
0.0
  3
*U442
  1

  0
HATCH
  5
5C2
330
5BF
100
AcDbEntity
  8
0
 62
10
100
AcDbHatch
 10
0.0
 20
0.0
 30
0.0
210
0.0
220
0.0
230
1.0
  2
SOLID
 70
1
 71
0
 91
1
 92
1
 93
1
 72
4
 94
3
 73
0
 74
0
 95
20
 96
16
 40
0.0
 40
0.0
 40
0.0
 40
0.0
 40
1.0
 40
1.0
 40
1.0
 40
2.0
 40
2.0
 40
2.0
 40
3.0
 40
3.0
 40
3.0
 40
4.0
 40
4.0
 40
4.0
 40
5.0
 40
5.0
 40
5.0
 40
5.0
 10
10.55965344402352
 20
6.722726179139024
 10
10.55965344402352
 20
6.722726179139024
 10
15.52923669506018
 20
6.722726179139024
 10
15.52923669506018
 20
6.722726179139024
 10
15.52923669506018
 20
6.722726179139024
 10
12.52271882028216
 20
5.193988276710063
 10
12.52271882028216
 20
5.193988276710063
 10
12.52271882028216
 20
5.193988276710063
 10
12.62818988486704
 20
5.684606487257273
 10
12.66077925875638
 20
5.830962402722065
 10
12.69573876892807
 20
5.985613795177427
 10
12.64122563442465
 20
6.088714723480742
 10
12.45102219772623
 20
6.147375596480619
 10
12.25489342032037
 20
6.207221537622453
 10
10.55965344402352
 20
6.722726179139024
 10
10.55965344402352
 20
6.722726179139024
 97
0
 97
0
 75
0
 76
1
 98
1
 10
7.78674212662363
 20
3.347652112380593
450
0
451
0
460
0.0
461
0.0
452
0
462
0.0
453
2
463
0
 63
5
421
255
463
1
 63
51
421
16777113
470
LINEAR
  0
HATCH
  5
5C3
330
5BF
100
AcDbEntity
  8
0
 62
152
100
AcDbHatch
 10
0.0
 20
0.0
 30
0.0
210
0.0
220
0.0
230
1.0
  2
SOLID
 70
1
 71
0
 91
1
 92
1
 93
1
 72
4
 94
3
 73
0
 74
0
 95
86
 96
82
 40
0.0
 40
0.0
 40
0.0
 40
0.0
 40
1.0
 40
1.0
 40
1.0
 40
2.0
 40
2.0
 40
2.0
 40
3.0
 40
3.0
 40
3.0
 40
4.0
 40
4.0
 40
4.0
 40
5.0
 40
5.0
 40
5.0
 40
6.0
 40
6.0
 40
6.0
 40
7.0
 40
7.0
 40
7.0
 40
8.0
 40
8.0
 40
8.0
 40
9.0
 40
9.0
 40
9.0
 40
10.0
 40
10.0
 40
10.0
 40
11.0
 40
11.0
 40
11.0
 40
12.0
 40
12.0
 40
12.0
 40
13.0
 40
13.0
 40
13.0
 40
14.0
 40
14.0
 40
14.0
 40
15.0
 40
15.0
 40
15.0
 40
16.0
 40
16.0
 40
16.0
 40
17.0
 40
17.0
 40
17.0
 40
18.0
 40
18.0
 40
18.0
 40
19.0
 40
19.0
 40
19.0
 40
20.0
 40
20.0
 40
20.0
 40
21.0
 40
21.0
 40
21.0
 40
22.0
 40
22.0
 40
22.0
 40
23.0
 40
23.0
 40
23.0
 40
24.0
 40
24.0
 40
24.0
 40
25.0
 40
25.0
 40
25.0
 40
26.0
 40
26.0
 40
26.0
 40
27.0
 40
27.0
 40
27.0
 40
27.0
 10
8.563998693875536
 20
2.468496959398421
 10
8.956256248684129
 20
2.468496959398421
 10
9.180826661484438
 20
2.36954376959
 10
9.180826661484438
 20
2.107051176266625
 10
9.180826661484438
 20
1.936401363902277
 10
9.064689983624293
 20
1.711238417032945
 10
8.959811453109216
 20
1.628876181204097
 10
8.718650086329333
 20
1.443413017071937
 10
8.507115423086637
 20
1.423859392738644
 10
7.380411887632917
 20
1.423859392738644
 10
7.380411887632917
 20
1.423859392738644
 10
1.984500372722237
 20
1.423859392738644
 10
1.984500372722237
 20
1.423859392738644
 10
1.984500372722237
 20
1.423859392738644
 10
3.076540665040734
 20
6.000000020824757
 10
3.076540665040734
 20
6.000000020824757
 10
3.076540665040734
 20
6.000000020824757
 10
1.269904283448435
 20
6.000000020824757
 10
1.269904283448435
 20
6.000000020824757
 10
1.145472128598501
 20
6.000000020824757
 10
1.098958204048402
 20
5.965633044722872
 10
1.061332290557893
 20
5.818092061116902
 10
1.061332290557893
 20
5.818092061116902
 10
0.0442475581870767
 20
1.605767352446498
 10
0.0442475581870767
 20
1.605767352446498
 10
-0.1471409466540857
 20
0.7691092446051134
 10
0.2857051920002991
 20
2.08247616e-08
 10
1.248573056901034
 20
2.08247616e-08
 10
2.211144654768431
 20
2.08247616e-08
 10
2.761905073492378
 20
2.08247616e-08
 10
3.57989835810518
 20
2.08247616e-08
 10
4.154063872622409
 20
2.08247616e-08
 10
4.886139716985187
 20
0.4935809017256891
 10
5.287877816926306
 20
1.061821075535481
 10
5.338539479971299
 20
1.132925164020821
 10
5.427123323540141
 20
1.145960913576089
 10
5.391571279298642
 20
0.9942721914744463
 10
5.320763457848988
 20
0.6944499516962487
 10
5.236031085738575
 20
0.3324116344930843
 10
5.214403592157834
 20
0.2429389898156256
 10
5.173815008312043
 20
0.0669563708152089
 10
5.2659540563091
 20
2.08247616e-08
 10
5.349501360279903
 20
2.08247616e-08
 10
5.349501360279903
 20
2.08247616e-08
 10
7.432554885857117
 20
2.08247616e-08
 10
8.095304243943186
 20
2.08247616e-08
 10
10.42514820997125
 20
2.08247616e-08
 10
11.31394931603684
 20
1.11514914189929
 10
11.41468010805702
 20
2.443610528429061
 10
11.46563803813848
 20
3.117914300895884
 10
10.98450037272145
 20
3.63223387427128
 10
9.64833604327092
 20
3.63223387427128
 10
9.64833604327092
 20
3.63223387427128
 10
8.986475486291123
 20
3.63223387427128
 10
8.622067032804043
 20
3.63223387427128
 10
8.25469590896481
 20
3.63223387427128
 10
7.8802143762754
 20
3.76377643796826
 10
7.8802143762754
 20
4.091447779071103
 10
7.8802143762754
 20
4.426822063092362
 10
8.308023975328622
 20
4.729606973224279
 10
8.8584881270161
 20
4.729606973224279
 10
8.8584881270161
 20
4.729606973224279
 10
11.35957443948067
 20
4.729606973224279
 10
11.35957443948067
 20
4.729606973224279
 10
11.35957443948067
 20
4.729606973224279
 10
11.55866588723868
 20
5.520639957621055
 10
11.60192087440016
 20
5.703732985470083
 10
11.65584147483378
 20
5.934228738975486
 10
11.58770005670294
 20
6.000000020824757
 10
11.41823531247898
 20
6.000000020824757
 10
11.41823531247898
 20
6.000000020824757
 10
8.328762667803089
 20
6.000000020824757
 10
8.328762667803089
 20
6.000000020824757
 10
6.532791899486054
 20
6.000000020824757
 10
5.726945563321468
 20
4.801303595780207
 10
5.726945563321468
 20
3.944499329534941
 10
5.726945563321468
 20
3.087102529219087
 10
6.417840289768649
 20
2.469682027540378
 10
8.198405172248846
 20
2.469682027540378
 10
8.198405172248846
 20
2.469682027540378
 10
8.563998693875536
 20
2.468496959398421
 10
8.563998693875536
 20
2.468496959398421
 97
0
 97
0
 75
0
 76
1
 98
1
 10
7.78674212662363
 20
3.375074087583191
450
0
451
0
460
0.0
461
0.0
452
0
462
0.0
453
2
463
0
 63
5
421
255
463
1
 63
51
421
16777113
470
LINEAR
  0
LINE
  5
5C4
330
5BF
100
AcDbEntity
  8
Defpoints
  6
ByBlock
 62
2
370
9
100
AcDbLine
 10
5.7544
 20
3.0
 30
0.0
 11
5.7544
 21
3.0
 31
0.0
  0
ENDBLK
  5
5C1
330
5BF
100
AcDbEntity
  8
0
100
AcDbBlockEnd
  0
BLOCK
  5
5C6
330
5C5
100
AcDbEntity
  8
0
100
AcDbBlockBegin
  2
*U443
 70
1
 10
0.0
 20
0.0
 30
0.0
  3
*U443
  1

  4
Drawn by Hawee Sep.2015
  0
LINE
  5
5C8
330
5C5
100
AcDbEntity
  8
0
  6
HIDDEN
 62
8
370
9
100
AcDbLine
 10
11.99999999999818
 20
-3.5
 30
0.0
 11
10.99999999999818
 21
-3.5
 31
0.0
  0
LINE
  5
5C9
330
5C5
100
AcDbEntity
  8
0
  6
HIDDEN
 62
8
370
9
100
AcDbLine
 10
11.99999999999818
 20
3.5
 30
0.0
 11
10.99999999999818
 21
3.5
 31
0.0
  0
LWPOLYLINE
  5
5CA
330
5C5
100
AcDbEntity
  8
0
  6
ByBlock
 62
0
370
9
100
AcDbPolyline
 90
20
 70
1
 10
11.0
 20
9.0
 42
0.4142135623730951
 10
10.0
 20
10.00000000000011
 10
2.0
 20
10.00000000000009
 42
-0.4142135623730951
 10
0.0
 20
12.0
 10
0.0
 20
17.50000000000011
 10
1.0
 20
17.50000000000011
 10
0.9999999999999856
 20
12.0
 42
0.4142135623730951
 10
2.0
 20
11.0
 10
10.0
 20
11.0
 42
-0.4142135623730951
 10
12.0
 20
9.0
 10
12.0
 20
-9.0
 42
-0.4142135623730951
 10
10.0
 20
-10.99999999999994
 10
2.0
 20
-10.99999999999994
 42
0.4142135623730951
 10
0.9999999999999856
 20
-12.0
 10
1.0
 20
-17.49999999999994
 10
0.0
 20
-17.49999999999994
 10
0.0
 20
-12.0
 42
-0.4142135623730951
 10
2.0
 20
-9.999999999999988
 10
10.0
 20
-9.999999999999886
 42
0.4142135623730951
 10
11.0
 20
-9.0
  0
ENDBLK
  5
5C7
330
5C5
100
AcDbEntity
  8
0
100
AcDbBlockEnd
  0
BLOCK
  5
5CC
330
5CB
100
AcDbEntity
  8
0
100
AcDbBlockBegin
  2
*U441
 70
1
 10
0.0
 20
0.0
 30
0.0
  3
*U441
  1

  4
Drawn by FMT May.2010
  0
LWPOLYLINE
  5
5CE
330
5CB
100
AcDbEntity
  8
0
  6
ByBlock
 62
0
370
18
100
AcDbPolyline
 90
8
 70
1
 10
8.0
 20
25.5
 10
8.0
 20
69.5
 42
0.4142135623730951
 10
5.0
 20
72.5
 10
-5.0
 20
72.5
 42
0.4142135623730951
 10
-8.0
 20
69.5
 10
-8.0
 20
25.5
 42
0.4142135623730951
 10
-5.0
 20
22.5
 10
5.0
 20
22.5
 42
0.4142135623730951
  0
CIRCLE
  5
5CF
330
5CB
100
AcDbEntity
  8
0
  6
ByBlock
 62
5
370
9
100
AcDbCircle
 10
0.0
 20
26.5
 30
0.0
 40
1.25
  0
CIRCLE
  5
5D0
330
5CB
100
AcDbEntity
  8
0
  6
ByBlock
 62
0
370
9
100
AcDbCircle
 10
0.0
 20
26.5
 30
0.0
 40
2.0
  0
CIRCLE
  5
5D1
330
5CB
100
AcDbEntity
  8
0
  6
ByBlock
 62
0
370
9
100
AcDbCircle
 10
0.0
 20
26.5
 30
0.0
 40
3.0
  0
LWPOLYLINE
  5
5D2
330
5CB
100
AcDbEntity
  8
0
  6
HIDDEN
 62
6
370
9
 48
10.0
100
AcDbPolyline
 90
6
 70
0
 10
-8.0
 20
30.0
 10
5.500000000000028
 20
30.0
 42
0.4142135623730951
 10
6.500000000000028
 20
31.0
 10
6.5
 20
64.00000000000006
 42
0.4142135623730951
 10
5.5
 20
65.00000000000006
 10
-8.0
 20
65.0
  0
TEXT
  5
5D3
330
5CB
100
AcDbEntity
  8
0
100
AcDbText
 10
1.749999999999999
 20
33.39993026499303
 30
0.0
 40
3.5
  1
NAME LOAD
 50
90.0
  7
1_Segoe UI
 72
1
 11
0.0
 21
47.5
 31
0.0
100
AcDbText
 73
2
  0
CIRCLE
  5
5D4
330
5CB
100
AcDbEntity
  8
0
  6
ByBlock
 62
5
370
9
100
AcDbCircle
 10
0.0
 20
68.5
 30
0.0
 40
1.25
  0
CIRCLE
  5
5D5
330
5CB
100
AcDbEntity
  8
0
  6
ByBlock
 62
0
370
9
100
AcDbCircle
 10
0.0
 20
68.5
 30
0.0
 40
2.0
  0
CIRCLE
  5
5D6
330
5CB
100
AcDbEntity
  8
0
  6
ByBlock
 62
0
370
9
100
AcDbCircle
 10
0.0
 20
68.5
 30
0.0
 40
3.0
  0
ENDBLK
  5
5CD
330
5CB
100
AcDbEntity
  8
0
100
AcDbBlockEnd
  0
BLOCK
  5
5D8
330
5D7
100
AcDbEntity
  8
0
100
AcDbBlockBegin
  2
*U12997
 70
1
 10
0.0
 20
0.0
 30
0.0
  3
*U12997
  1

  0
LWPOLYLINE
  5
5DA
330
5D7
100
AcDbEntity
  8
0
  6
ByBlock
 62
0
370
18
100
AcDbPolyline
 90
8
 70
1
 10
8.0
 20
25.5
 10
8.0
 20
69.5
 42
0.4142135623730951
 10
5.0
 20
72.5
 10
-5.0
 20
72.5
 42
0.4142135623730951
 10
-8.0
 20
69.5
 10
-8.0
 20
25.5
 42
0.4142135623730951
 10
-5.0
 20
22.5
 10
5.0
 20
22.5
 42
0.4142135623730951
  0
CIRCLE
  5
5DB
330
5D7
100
AcDbEntity
  8
0
  6
ByBlock
 62
5
370
9
100
AcDbCircle
 10
0.0
 20
26.5
 30
0.0
 40
1.25
  0
CIRCLE
  5
5DC
330
5D7
100
AcDbEntity
  8
0
  6
ByBlock
 62
0
370
9
100
AcDbCircle
 10
0.0
 20
26.5
 30
0.0
 40
2.0
  0
CIRCLE
  5
5DD
330
5D7
100
AcDbEntity
  8
0
  6
ByBlock
 62
0
370
9
100
AcDbCircle
 10
0.0
 20
26.5
 30
0.0
 40
3.0
  0
LWPOLYLINE
  5
5DE
330
5D7
100
AcDbEntity
  8
0
  6
HIDDEN
 62
6
370
9
 48
10.0
100
AcDbPolyline
 90
6
 70
0
 10
-8.0
 20
30.0
 10
5.500000000000028
 20
30.0
 42
0.4142135623730951
 10
6.500000000000028
 20
31.0
 10
6.5
 20
64.00000000000006
 42
0.4142135623730951
 10
5.5
 20
65.00000000000006
 10
-8.0
 20
65.0
  0
TEXT
  5
5DF
330
5D7
100
AcDbEntity
  8
0
100
AcDbText
 10
1.999999999999999
 20
34.97748214331266
 30
0.0
 40
4.0
  1
NAME LOAD
 50
90.0
  7
WD_IEC
 41
0.9
 72
1
 11
0.0
 21
47.5
 31
0.0
100
AcDbText
 73
2
  0
CIRCLE
  5
5E0
330
5D7
100
AcDbEntity
  8
0
  6
ByBlock
 62
5
370
9
100
AcDbCircle
 10
0.0
 20
68.5
 30
0.0
 40
1.25
  0
CIRCLE
  5
5E1
330
5D7
100
AcDbEntity
  8
0
  6
ByBlock
 62
0
370
9
100
AcDbCircle
 10
0.0
 20
68.5
 30
0.0
 40
2.0
  0
CIRCLE
  5
5E2
330
5D7
100
AcDbEntity
  8
0
  6
ByBlock
 62
0
370
9
100
AcDbCircle
 10
0.0
 20
68.5
 30
0.0
 40
3.0
  0
ENDBLK
  5
5D9
330
5D7
100
AcDbEntity
  8
0
100
AcDbBlockEnd
  0
BLOCK
  5
5E4
330
5E3
100
AcDbEntity
  8
0
100
AcDbBlockBegin
  2
*U12998
 70
1
 10
0.0
 20
0.0
 30
0.0
  3
*U12998
  1

  0
HATCH
  5
5E6
330
5E3
100
AcDbEntity
  8
0
 62
10
100
AcDbHatch
 10
0.0
 20
0.0
 30
0.0
210
0.0
220
0.0
230
1.0
  2
SOLID
 70
1
 71
0
 91
1
 92
1
 93
1
 72
4
 94
3
 73
0
 74
0
 95
20
 96
16
 40
0.0
 40
0.0
 40
0.0
 40
0.0
 40
1.0
 40
1.0
 40
1.0
 40
2.0
 40
2.0
 40
2.0
 40
3.0
 40
3.0
 40
3.0
 40
4.0
 40
4.0
 40
4.0
 40
5.0
 40
5.0
 40
5.0
 40
5.0
 10
10.55965344402352
 20
6.72272617913903
 10
10.55965344402352
 20
6.72272617913903
 10
15.52923669506018
 20
6.72272617913903
 10
15.52923669506018
 20
6.72272617913903
 10
15.52923669506018
 20
6.72272617913903
 10
12.52271882028216
 20
5.193988276710058
 10
12.52271882028216
 20
5.193988276710058
 10
12.52271882028216
 20
5.193988276710058
 10
12.62818988486704
 20
5.684606487257269
 10
12.66077925875638
 20
5.830962402722065
 10
12.69573876892808
 20
5.985613795177428
 10
12.64122563442465
 20
6.088714723480748
 10
12.45102219772623
 20
6.147375596480614
 10
12.25489342032037
 20
6.207221537622459
 10
10.55965344402352
 20
6.72272617913903
 10
10.55965344402352
 20
6.72272617913903
 97
0
 97
0
 75
0
 76
1
 98
1
 10
7.786742126623636
 20
3.3476521123806
450
0
451
0
460
0.0
461
0.0
452
0
462
0.0
453
2
463
0
 63
5
421
255
463
1
 63
51
421
16777113
470
LINEAR
  0
HATCH
  5
5E7
330
5E3
100
AcDbEntity
  8
0
 62
152
100
AcDbHatch
 10
0.0
 20
0.0
 30
0.0
210
0.0
220
0.0
230
1.0
  2
SOLID
 70
1
 71
0
 91
1
 92
1
 93
1
 72
4
 94
3
 73
0
 74
0
 95
86
 96
82
 40
0.0
 40
0.0
 40
0.0
 40
0.0
 40
1.0
 40
1.0
 40
1.0
 40
2.0
 40
2.0
 40
2.0
 40
3.0
 40
3.0
 40
3.0
 40
4.0
 40
4.0
 40
4.0
 40
5.0
 40
5.0
 40
5.0
 40
6.0
 40
6.0
 40
6.0
 40
7.0
 40
7.0
 40
7.0
 40
8.0
 40
8.0
 40
8.0
 40
9.0
 40
9.0
 40
9.0
 40
10.0
 40
10.0
 40
10.0
 40
11.0
 40
11.0
 40
11.0
 40
12.0
 40
12.0
 40
12.0
 40
13.0
 40
13.0
 40
13.0
 40
14.0
 40
14.0
 40
14.0
 40
15.0
 40
15.0
 40
15.0
 40
16.0
 40
16.0
 40
16.0
 40
17.0
 40
17.0
 40
17.0
 40
18.0
 40
18.0
 40
18.0
 40
19.0
 40
19.0
 40
19.0
 40
20.0
 40
20.0
 40
20.0
 40
21.0
 40
21.0
 40
21.0
 40
22.0
 40
22.0
 40
22.0
 40
23.0
 40
23.0
 40
23.0
 40
24.0
 40
24.0
 40
24.0
 40
25.0
 40
25.0
 40
25.0
 40
26.0
 40
26.0
 40
26.0
 40
27.0
 40
27.0
 40
27.0
 40
27.0
 10
8.563998693875533
 20
2.468496959398422
 10
8.956256248684127
 20
2.468496959398422
 10
9.180826661484446
 20
2.369543769589995
 10
9.180826661484446
 20
2.107051176266622
 10
9.180826661484446
 20
1.936401363902277
 10
9.06468998362429
 20
1.711238417032944
 10
8.95981145310921
 20
1.628876181204105
 10
8.718650086329333
 20
1.443413017071932
 10
8.507115423086631
 20
1.423859392738648
 10
7.380411887632917
 20
1.423859392738648
 10
7.380411887632917
 20
1.423859392738648
 10
1.984500372722237
 20
1.423859392738648
 10
1.984500372722237
 20
1.423859392738648
 10
1.984500372722237
 20
1.423859392738648
 10
3.076540665040738
 20
6.000000020824757
 10
3.076540665040738
 20
6.000000020824757
 10
3.076540665040738
 20
6.000000020824757
 10
1.26990428344844
 20
6.000000020824757
 10
1.26990428344844
 20
6.000000020824757
 10
1.145472128598498
 20
6.000000020824757
 10
1.0989582040484
 20
5.965633044722878
 10
1.061332290557899
 20
5.8180920611169
 10
1.061332290557899
 20
5.8180920611169
 10
0.0442475581870809
 20
1.605767352446505
 10
0.0442475581870809
 20
1.605767352446505
 10
-0.1471409466540905
 20
0.7691092446051186
 10
0.2857051920002931
 20
2.0824757e-08
 10
1.248573056901037
 20
2.0824757e-08
 10
2.211144654768432
 20
2.0824757e-08
 10
2.761905073492371
 20
2.0824757e-08
 10
3.579898358105182
 20
2.0824757e-08
 10
4.154063872622415
 20
2.0824757e-08
 10
4.886139716985184
 20
0.4935809017256929
 10
5.287877816926311
 20
1.061821075535476
 10
5.338539479971302
 20
1.132925164020818
 10
5.427123323540143
 20
1.145960913576089
 10
5.391571279298645
 20
0.994272191474451
 10
5.320763457848983
 20
0.6944499516962424
 10
5.236031085738574
 20
0.3324116344930843
 10
5.214403592157836
 20
0.2429389898156273
 10
5.173815008312047
 20
0.0669563708152055
 10
5.265954056309098
 20
2.0824757e-08
 10
5.349501360279901
 20
2.0824757e-08
 10
5.349501360279901
 20
2.0824757e-08
 10
7.432554885857115
 20
2.0824757e-08
 10
8.09530424394319
 20
2.0824757e-08
 10
10.42514820997125
 20
2.0824757e-08
 10
11.31394931603684
 20
1.115149141899294
 10
11.41468010805702
 20
2.443610528429061
 10
11.46563803813848
 20
3.11791430089589
 10
10.98450037272145
 20
3.632233874271278
 10
9.648336043270916
 20
3.632233874271278
 10
9.648336043270916
 20
3.632233874271278
 10
8.986475486291125
 20
3.632233874271278
 10
8.62206703280404
 20
3.632233874271278
 10
8.254695908964806
 20
3.632233874271278
 10
7.880214376275404
 20
3.76377643796826
 10
7.880214376275404
 20
4.091447779071103
 10
7.880214376275404
 20
4.426822063092359
 10
8.308023975328624
 20
4.729606973224278
 10
8.8584881270161
 20
4.729606973224278
 10
8.8584881270161
 20
4.729606973224278
 10
11.35957443948067
 20
4.729606973224278
 10
11.35957443948067
 20
4.729606973224278
 10
11.35957443948067
 20
4.729606973224278
 10
11.55866588723869
 20
5.520639957621057
 10
11.60192087440016
 20
5.703732985470082
 10
11.65584147483378
 20
5.934228738975491
 10
11.58770005670294
 20
6.000000020824757
 10
11.41823531247898
 20
6.000000020824757
 10
11.41823531247898
 20
6.000000020824757
 10
8.32876266780309
 20
6.000000020824757
 10
8.32876266780309
 20
6.000000020824757
 10
6.532791899486056
 20
6.000000020824757
 10
5.726945563321464
 20
4.801303595780211
 10
5.726945563321464
 20
3.944499329534934
 10
5.726945563321464
 20
3.08710252921908
 10
6.417840289768648
 20
2.469682027540372
 10
8.19840517224884
 20
2.469682027540372
 10
8.19840517224884
 20
2.469682027540372
 10
8.563998693875533
 20
2.468496959398422
 10
8.563998693875533
 20
2.468496959398422
 97
0
 97
0
 75
0
 76
1
 98
1
 10
7.786742126623636
 20
3.375074087583186
450
0
451
0
460
0.0
461
0.0
452
0
462
0.0
453
2
463
0
 63
5
421
255
463
1
 63
51
421
16777113
470
LINEAR
  0
LINE
  5
5E8
330
5E3
100
AcDbEntity
  8
Defpoints
  6
ByBlock
 62
2
370
9
100
AcDbLine
 10
5.754400000000003
 20
3.0
 30
0.0
 11
5.754400000000003
 21
3.0
 31
0.0
  0
ENDBLK
  5
5E5
330
5E3
100
AcDbEntity
  8
0
100
AcDbBlockEnd
  0
BLOCK
  5
5EA
330
5E9
100
AcDbEntity
  8
0
100
AcDbBlockBegin
  2
*U12999
 70
1
 10
0.0
 20
0.0
 30
0.0
  3
*U12999
  1

  0
LINE
  5
5EC
330
5E9
100
AcDbEntity
  8
0
 60
1
100
AcDbLine
 10
0.0
 20
2.75
 30
0.0
 11
0.0
 21
-2.75
 31
0.0
  0
LINE
  5
5ED
330
5E9
100
AcDbEntity
  8
0
  6
HIDDEN2
 60
1
100
AcDbLine
 10
-3.4375
 20
-1.375
 30
0.0
 11
-1.71875
 21
-1.375
 31
0.0
  0
LINE
  5
5EE
330
5E9
100
AcDbEntity
  8
0
  6
HIDDEN2
 60
1
100
AcDbLine
 10
-3.4375
 20
-0.6875
 30
0.0
 11
-2.013647637316239
 21
-0.6875
 31
0.0
  0
LINE
  5
5EF
330
5E9
100
AcDbEntity
  8
0
  6
HIDDEN2
 60
1
100
AcDbLine
 10
-3.4375
 20
0.6875
 30
0.0
 11
-2.013647637316239
 21
0.6875
 31
0.0
  0
LINE
  5
5F0
330
5E9
100
AcDbEntity
  8
0
  6
HIDDEN2
 60
1
100
AcDbLine
 10
-3.4375
 20
1.375
 30
0.0
 11
-1.71875
 21
1.375
 31
0.0
  0
LINE
  5
5F1
330
5E9
100
AcDbEntity
  8
0
 60
1
100
AcDbLine
 10
5.000000000000113
 20
1.500000000000227
 30
0.0
 11
5.000000000000113
 21
-1.499999999999772
 31
0.0
  0
LINE
  5
5F2
330
5E9
100
AcDbEntity
  8
0
 60
1
100
AcDbLine
 10
0.0
 20
-1.5
 30
0.0
 11
10.0
 21
-1.499999999999772
 31
0.0
  0
LINE
  5
5F3
330
5E9
100
AcDbEntity
  8
0
 60
1
100
AcDbLine
 10
10.0
 20
-1.499999999999772
 30
0.0
 11
12.28600000000006
 21
-0.6999999999998181
 31
0.0
  0
LINE
  5
5F4
330
5E9
100
AcDbEntity
  8
0
 60
1
100
AcDbLine
 10
12.28600000000006
 20
-0.6999999999998181
 30
0.0
 11
12.28600000000006
 21
0.7000000000002728
 31
0.0
  0
LINE
  5
5F5
330
5E9
100
AcDbEntity
  8
0
 60
1
100
AcDbLine
 10
12.28600000000006
 20
0.7000000000002728
 30
0.0
 11
10.0
 21
1.500000000000227
 31
0.0
  0
LINE
  5
5F6
330
5E9
100
AcDbEntity
  8
0
 60
1
100
AcDbLine
 10
10.0
 20
1.500000000000227
 30
0.0
 11
0.0
 21
1.5
 31
0.0
  0
LINE
  5
5F7
330
5E9
100
AcDbEntity
  8
0
 60
1
100
AcDbLine
 10
10.0
 20
1.500000000000227
 30
0.0
 11
10.0
 21
-1.499999999999772
 31
0.0
  0
LINE
  5
5F8
330
5E9
100
AcDbEntity
  8
0
  6
HIDDEN2
 60
1
100
AcDbLine
 10
5.000000000000113
 20
0.7000000000002728
 30
0.0
 11
12.28600000000006
 21
0.7000000000002728
 31
0.0
  0
LINE
  5
5F9
330
5E9
100
AcDbEntity
  8
0
  6
HIDDEN2
 60
1
100
AcDbLine
 10
5.000000000000113
 20
-0.6999999999998181
 30
0.0
 11
12.28600000000006
 21
-0.6999999999998181
 31
0.0
  0
LWPOLYLINE
  5
5FA
330
5E9
100
AcDbEntity
  8
0
 60
1
100
AcDbPolyline
 90
6
 70
0
 10
0.0
 20
2.75
 10
-3.09375
 20
2.75
 42
0.414213562373095
 10
-3.4375
 20
2.40625
 10
-3.4375
 20
-2.40625
 42
0.4142135623730948
 10
-3.09375
 20
-2.75
 10
0.0
 20
-2.75
  0
ARC
  5
5FB
330
5E9
100
AcDbEntity
  8
0
  6
HIDDEN2
 60
1
100
AcDbCircle
 10
-2.861809151655165
 20
1.4583091052923
 30
0.0
 40
1.146091022217331
100
AcDbArc
 50
317.7354410795073
 51
355.8315059124906
  0
ARC
  5
5FC
330
5E9
100
AcDbEntity
  8
0
  6
HIDDEN2
 60
1
100
AcDbCircle
 10
-2.703378196775588
 20
-1.390351411806022
 30
0.0
 40
0.9847478620083144
100
AcDbArc
 50
0.8932304093434001
 51
45.53982259865732
  0
ARC
  5
5FD
330
5E9
100
AcDbEntity
  8
0
  6
HIDDEN2
 60
1
100
AcDbCircle
 10
-2.479362877506218
 20
0.0
 30
0.0
 40
0.8303896283945424
100
AcDbArc
 50
304.113869344603
 51
55.88613065539706
  0
ARC
  5
5FE
330
5E9
100
AcDbEntity
  8
0
  6
HIDDEN2
 60
1
100
AcDbCircle
 10
-2.953274716328564
 20
0.0
 30
0.0
 40
1.847884269976322
100
AcDbArc
 50
311.9186420364455
 51
48.08135796355454
  0
LINE
  5
5FF
330
5E9
100
AcDbEntity
  8
0
 60
1
100
AcDbLine
 10
0.0
 20
3.5
 30
0.0
 11
0.0
 21
-3.5
 31
0.0
  0
LINE
  5
600
330
5E9
100
AcDbEntity
  8
0
  6
HIDDEN2
 60
1
100
AcDbLine
 10
-4.375
 20
-1.75
 30
0.0
 11
-2.1875
 21
-1.75
 31
0.0
  0
LINE
  5
601
330
5E9
100
AcDbEntity
  8
0
  6
HIDDEN2
 60
1
100
AcDbLine
 10
-4.375
 20
-0.875
 30
0.0
 11
-2.562824265675203
 21
-0.875
 31
0.0
  0
LINE
  5
602
330
5E9
100
AcDbEntity
  8
0
  6
HIDDEN2
 60
1
100
AcDbLine
 10
-4.375
 20
0.875
 30
0.0
 11
-2.562824265675203
 21
0.875
 31
0.0
  0
LINE
  5
603
330
5E9
100
AcDbEntity
  8
0
  6
HIDDEN2
 60
1
100
AcDbLine
 10
-4.375
 20
1.75
 30
0.0
 11
-2.1875
 21
1.75
 31
0.0
  0
LINE
  5
604
330
5E9
100
AcDbEntity
  8
0
 60
1
100
AcDbLine
 10
5.000000000000113
 20
2.000000000000227
 30
0.0
 11
5.000000000000113
 21
-1.999999999999772
 31
0.0
  0
LINE
  5
605
330
5E9
100
AcDbEntity
  8
0
 60
1
100
AcDbLine
 10
0.0
 20
-2.0
 30
0.0
 11
10.0
 21
-2.0
 31
0.0
  0
LINE
  5
606
330
5E9
100
AcDbEntity
  8
0
 60
1
100
AcDbLine
 10
10.0
 20
-2.0
 30
0.0
 11
12.28600000000006
 21
-1.099999999999909
 31
0.0
  0
LINE
  5
607
330
5E9
100
AcDbEntity
  8
0
 60
1
100
AcDbLine
 10
12.28600000000006
 20
-1.099999999999909
 30
0.0
 11
12.28600000000006
 21
1.099999999999909
 31
0.0
  0
LINE
  5
608
330
5E9
100
AcDbEntity
  8
0
 60
1
100
AcDbLine
 10
12.28600000000006
 20
1.099999999999909
 30
0.0
 11
10.0
 21
2.0
 31
0.0
  0
LINE
  5
609
330
5E9
100
AcDbEntity
  8
0
 60
1
100
AcDbLine
 10
10.0
 20
2.0
 30
0.0
 11
0.0
 21
2.0
 31
0.0
  0
LINE
  5
60A
330
5E9
100
AcDbEntity
  8
0
 60
1
100
AcDbLine
 10
10.0
 20
2.0
 30
0.0
 11
10.0
 21
-2.0
 31
0.0
  0
LINE
  5
60B
330
5E9
100
AcDbEntity
  8
0
  6
HIDDEN2
 60
1
100
AcDbLine
 10
5.000000000000113
 20
1.100000000000136
 30
0.0
 11
12.28600000000006
 21
1.099999999999909
 31
0.0
  0
LINE
  5
60C
330
5E9
100
AcDbEntity
  8
0
  6
HIDDEN2
 60
1
100
AcDbLine
 10
5.000000000000113
 20
-1.099999999999681
 30
0.0
 11
12.28600000000006
 21
-1.099999999999909
 31
0.0
  0
LWPOLYLINE
  5
60D
330
5E9
100
AcDbEntity
  8
0
 60
1
100
AcDbPolyline
 90
6
 70
0
 10
0.0
 20
3.5
 10
-3.9375
 20
3.5
 42
0.414213562373095
 10
-4.375
 20
3.0625
 10
-4.375
 20
-3.0625
 42
0.4142135623730948
 10
-3.9375
 20
-3.5
 10
0.0
 20
-3.5
  0
ARC
  5
60E
330
5E9
100
AcDbEntity
  8
0
  6
HIDDEN2
 60
1
100
AcDbCircle
 10
-3.642302556651998
 20
1.856029770371833
 30
0.0
 40
1.458661301003876
100
AcDbArc
 50
317.7354410795073
 51
355.8315059124906
  0
ARC
  5
60F
330
5E9
100
AcDbEntity
  8
0
  6
HIDDEN2
 60
1
100
AcDbCircle
 10
-3.440663159532505
 20
-1.769538160480351
 30
0.0
 40
1.253315460737854
100
AcDbArc
 50
0.8932304093433874
 51
45.53982259865732
  0
ARC
  5
610
330
5E9
100
AcDbEntity
  8
0
  6
HIDDEN2
 60
1
100
AcDbCircle
 10
-3.155552753189681
 20
0.0
 30
0.0
 40
1.056859527047599
100
AcDbArc
 50
304.113869344603
 51
55.88613065539707
  0
ARC
  5
611
330
5E9
100
AcDbEntity
  8
0
  6
HIDDEN2
 60
1
100
AcDbCircle
 10
-3.758713275327181
 20
0.0
 30
0.0
 40
2.351852707242592
100
AcDbArc
 50
311.9186420364455
 51
48.08135796355451
  0
LINE
  5
612
330
5E9
100
AcDbEntity
  8
0
100
AcDbLine
 10
0.0
 20
4.25
 30
0.0
 11
0.0
 21
-4.25
 31
0.0
  0
LINE
  5
613
330
5E9
100
AcDbEntity
  8
0
  6
HIDDEN2
100
AcDbLine
 10
-5.3125
 20
-2.125
 30
0.0
 11
-2.65625
 21
-2.125
 31
0.0
  0
LINE
  5
614
330
5E9
100
AcDbEntity
  8
0
  6
HIDDEN2
100
AcDbLine
 10
-5.3125
 20
-1.0625
 30
0.0
 11
-3.112000894034167
 21
-1.0625
 31
0.0
  0
LINE
  5
615
330
5E9
100
AcDbEntity
  8
0
  6
HIDDEN2
100
AcDbLine
 10
-5.3125
 20
1.0625
 30
0.0
 11
-3.112000894034167
 21
1.0625
 31
0.0
  0
LINE
  5
616
330
5E9
100
AcDbEntity
  8
0
  6
HIDDEN2
100
AcDbLine
 10
-5.3125
 20
2.125
 30
0.0
 11
-2.65625
 21
2.125
 31
0.0
  0
LINE
  5
617
330
5E9
100
AcDbEntity
  8
0
100
AcDbLine
 10
5.000000000000113
 20
2.500000000000227
 30
0.0
 11
5.000000000000113
 21
-2.499999999999772
 31
0.0
  0
LINE
  5
618
330
5E9
100
AcDbEntity
  8
0
100
AcDbLine
 10
0.0
 20
-2.5
 30
0.0
 11
10.0
 21
-2.5
 31
0.0
  0
LINE
  5
619
330
5E9
100
AcDbEntity
  8
0
100
AcDbLine
 10
10.0
 20
-2.5
 30
0.0
 11
12.28600000000006
 21
-1.5
 31
0.0
  0
LINE
  5
61A
330
5E9
100
AcDbEntity
  8
0
100
AcDbLine
 10
12.28600000000006
 20
-1.5
 30
0.0
 11
12.28600000000006
 21
1.5
 31
0.0
  0
LINE
  5
61B
330
5E9
100
AcDbEntity
  8
0
100
AcDbLine
 10
12.28600000000006
 20
1.5
 30
0.0
 11
10.0
 21
2.5
 31
0.0
  0
LINE
  5
61C
330
5E9
100
AcDbEntity
  8
0
100
AcDbLine
 10
10.0
 20
2.5
 30
0.0
 11
0.0
 21
2.5
 31
0.0
  0
LINE
  5
61D
330
5E9
100
AcDbEntity
  8
0
100
AcDbLine
 10
10.0
 20
2.5
 30
0.0
 11
10.0
 21
-2.5
 31
0.0
  0
LINE
  5
61E
330
5E9
100
AcDbEntity
  8
0
  6
HIDDEN2
100
AcDbLine
 10
5.000000000000113
 20
1.500000000000227
 30
0.0
 11
12.28600000000006
 21
1.5
 31
0.0
  0
LINE
  5
61F
330
5E9
100
AcDbEntity
  8
0
  6
HIDDEN2
100
AcDbLine
 10
5.000000000000113
 20
-1.499999999999772
 30
0.0
 11
12.28600000000006
 21
-1.5
 31
0.0
  0
LWPOLYLINE
  5
620
330
5E9
100
AcDbEntity
  8
0
100
AcDbPolyline
 90
6
 70
0
 10
0.0
 20
4.25
 10
-4.78125
 20
4.25
 42
0.414213562373095
 10
-5.3125
 20
3.71875
 10
-5.3125
 20
-3.71875
 42
0.4142135623730948
 10
-4.78125
 20
-4.25
 10
0.0
 20
-4.25
  0
ARC
  5
621
330
5E9
100
AcDbEntity
  8
0
  6
HIDDEN2
100
AcDbCircle
 10
-4.422795961648944
 20
2.253750435451593
 30
0.0
 40
1.771231579790421
100
AcDbArc
 50
317.7354410795073
 51
355.8315059124906
  0
ARC
  5
622
330
5E9
100
AcDbEntity
  8
0
  6
HIDDEN2
100
AcDbCircle
 10
-4.177948122289535
 20
-2.148724909154907
 30
0.0
 40
1.521883059467395
100
AcDbArc
 50
0.8932304093433874
 51
45.53982259865732
  0
ARC
  5
623
330
5E9
100
AcDbEntity
  8
0
  6
HIDDEN2
100
AcDbCircle
 10
-3.831742628873257
 20
0.0
 30
0.0
 40
1.283329425700656
100
AcDbArc
 50
304.113869344603
 51
55.88613065539707
  0
ARC
  5
624
330
5E9
100
AcDbEntity
  8
0
  6
HIDDEN2
100
AcDbCircle
 10
-4.564151834325912
 20
0.0
 30
0.0
 40
2.855821144508861
100
AcDbArc
 50
311.9186420364455
 51
48.08135796355451
  0
LINE
  5
625
330
5E9
100
AcDbEntity
  8
0
 60
1
100
AcDbLine
 10
0.0
 20
5.0
 30
0.0
 11
0.0
 21
-5.0
 31
0.0
  0
LINE
  5
626
330
5E9
100
AcDbEntity
  8
0
  6
HIDDEN2
 60
1
100
AcDbLine
 10
-6.25
 20
-2.5
 30
0.0
 11
-3.125
 21
-2.5
 31
0.0
  0
LINE
  5
627
330
5E9
100
AcDbEntity
  8
0
  6
HIDDEN2
 60
1
100
AcDbLine
 10
-6.25
 20
-1.25
 30
0.0
 11
-3.661177522393131
 21
-1.25
 31
0.0
  0
LINE
  5
628
330
5E9
100
AcDbEntity
  8
0
  6
HIDDEN2
 60
1
100
AcDbLine
 10
-6.25
 20
1.25
 30
0.0
 11
-3.661177522393131
 21
1.25
 31
0.0
  0
LINE
  5
629
330
5E9
100
AcDbEntity
  8
0
  6
HIDDEN2
 60
1
100
AcDbLine
 10
-6.25
 20
2.5
 30
0.0
 11
-3.125
 21
2.5
 31
0.0
  0
LINE
  5
62A
330
5E9
100
AcDbEntity
  8
0
 60
1
100
AcDbLine
 10
5.000000000000113
 20
3.000000000000227
 30
0.0
 11
5.000000000000113
 21
-2.999999999999772
 31
0.0
  0
LINE
  5
62B
330
5E9
100
AcDbEntity
  8
0
 60
1
100
AcDbLine
 10
0.0
 20
-3.0
 30
0.0
 11
10.0
 21
-3.0
 31
0.0
  0
LINE
  5
62C
330
5E9
100
AcDbEntity
  8
0
 60
1
100
AcDbLine
 10
10.0
 20
-3.0
 30
0.0
 11
12.28600000000006
 21
-1.90000000000009
 31
0.0
  0
LINE
  5
62D
330
5E9
100
AcDbEntity
  8
0
 60
1
100
AcDbLine
 10
12.28600000000006
 20
-1.90000000000009
 30
0.0
 11
12.28600000000006
 21
1.90000000000009
 31
0.0
  0
LINE
  5
62E
330
5E9
100
AcDbEntity
  8
0
 60
1
100
AcDbLine
 10
12.28600000000006
 20
1.90000000000009
 30
0.0
 11
10.0
 21
3.0
 31
0.0
  0
LINE
  5
62F
330
5E9
100
AcDbEntity
  8
0
 60
1
100
AcDbLine
 10
10.0
 20
3.0
 30
0.0
 11
0.0
 21
3.0
 31
0.0
  0
LINE
  5
630
330
5E9
100
AcDbEntity
  8
0
 60
1
100
AcDbLine
 10
10.0
 20
3.0
 30
0.0
 11
10.0
 21
-3.0
 31
0.0
  0
LINE
  5
631
330
5E9
100
AcDbEntity
  8
0
  6
HIDDEN2
 60
1
100
AcDbLine
 10
5.000000000000113
 20
1.900000000000318
 30
0.0
 11
12.28600000000006
 21
1.90000000000009
 31
0.0
  0
LINE
  5
632
330
5E9
100
AcDbEntity
  8
0
  6
HIDDEN2
 60
1
100
AcDbLine
 10
5.000000000000113
 20
-1.899999999999863
 30
0.0
 11
12.28600000000006
 21
-1.90000000000009
 31
0.0
  0
LWPOLYLINE
  5
633
330
5E9
100
AcDbEntity
  8
0
 60
1
100
AcDbPolyline
 90
6
 70
0
 10
0.0
 20
5.0
 10
-5.625
 20
5.0
 42
0.414213562373095
 10
-6.25
 20
4.375
 10
-6.25
 20
-4.375
 42
0.4142135623730948
 10
-5.625
 20
-5.0
 10
0.0
 20
-5.0
  0
ARC
  5
634
330
5E9
100
AcDbEntity
  8
0
  6
HIDDEN2
 60
1
100
AcDbCircle
 10
-5.203289366645776
 20
2.651471100531352
 30
0.0
 40
2.083801858576966
100
AcDbArc
 50
317.7354410795073
 51
355.8315059124906
  0
ARC
  5
635
330
5E9
100
AcDbEntity
  8
0
  6
HIDDEN2
 60
1
100
AcDbCircle
 10
-4.915233085046452
 20
-2.527911657829235
 30
0.0
 40
1.790450658196935
100
AcDbArc
 50
0.8932304093433874
 51
45.53982259865732
  0
ARC
  5
636
330
5E9
100
AcDbEntity
  8
0
  6
HIDDEN2
 60
1
100
AcDbCircle
 10
-4.50793250455672
 20
0.0
 30
0.0
 40
1.509799324353713
100
AcDbArc
 50
304.113869344603
 51
55.88613065539707
  0
ARC
  5
637
330
5E9
100
AcDbEntity
  8
0
  6
HIDDEN2
 60
1
100
AcDbCircle
 10
-5.369590393324529
 20
0.0
 30
0.0
 40
3.359789581775131
100
AcDbArc
 50
311.9186420364455
 51
48.08135796355451
  0
LINE
  5
638
330
5E9
100
AcDbEntity
  8
0
 60
1
100
AcDbLine
 10
0.0
 20
6.5
 30
0.0
 11
0.0
 21
-6.5
 31
0.0
  0
LINE
  5
639
330
5E9
100
AcDbEntity
  8
0
  6
HIDDEN2
 60
1
100
AcDbLine
 10
-8.125
 20
-3.25
 30
0.0
 11
-4.0625
 21
-3.25
 31
0.0
  0
LINE
  5
63A
330
5E9
100
AcDbEntity
  8
0
  6
HIDDEN2
 60
1
100
AcDbLine
 10
-8.125
 20
-1.625
 30
0.0
 11
-4.759530779111059
 21
-1.625
 31
0.0
  0
LINE
  5
63B
330
5E9
100
AcDbEntity
  8
0
  6
HIDDEN2
 60
1
100
AcDbLine
 10
-8.125
 20
1.625
 30
0.0
 11
-4.759530779111059
 21
1.625
 31
0.0
  0
LINE
  5
63C
330
5E9
100
AcDbEntity
  8
0
  6
HIDDEN2
 60
1
100
AcDbLine
 10
-8.125
 20
3.25
 30
0.0
 11
-4.0625
 21
3.25
 31
0.0
  0
LINE
  5
63D
330
5E9
100
AcDbEntity
  8
0
 60
1
100
AcDbLine
 10
5.000000000000113
 20
4.000000000000227
 30
0.0
 11
5.000000000000113
 21
-3.999999999999772
 31
0.0
  0
LINE
  5
63E
330
5E9
100
AcDbEntity
  8
0
 60
1
100
AcDbLine
 10
0.0
 20
-4.0
 30
0.0
 11
10.0
 21
-4.0
 31
0.0
  0
LINE
  5
63F
330
5E9
100
AcDbEntity
  8
0
 60
1
100
AcDbLine
 10
10.0
 20
-4.0
 30
0.0
 11
12.28600000000006
 21
-2.700000000000045
 31
0.0
  0
LINE
  5
640
330
5E9
100
AcDbEntity
  8
0
 60
1
100
AcDbLine
 10
12.28600000000006
 20
-2.700000000000045
 30
0.0
 11
12.28600000000006
 21
2.700000000000045
 31
0.0
  0
LINE
  5
641
330
5E9
100
AcDbEntity
  8
0
 60
1
100
AcDbLine
 10
12.28600000000006
 20
2.700000000000045
 30
0.0
 11
10.0
 21
4.0
 31
0.0
  0
LINE
  5
642
330
5E9
100
AcDbEntity
  8
0
 60
1
100
AcDbLine
 10
10.0
 20
4.0
 30
0.0
 11
0.0
 21
4.0
 31
0.0
  0
LINE
  5
643
330
5E9
100
AcDbEntity
  8
0
 60
1
100
AcDbLine
 10
10.0
 20
4.0
 30
0.0
 11
10.0
 21
-4.0
 31
0.0
  0
LINE
  5
644
330
5E9
100
AcDbEntity
  8
0
  6
HIDDEN2
 60
1
100
AcDbLine
 10
5.000000000000113
 20
2.700000000000272
 30
0.0
 11
12.28600000000006
 21
2.700000000000045
 31
0.0
  0
LINE
  5
645
330
5E9
100
AcDbEntity
  8
0
  6
HIDDEN2
 60
1
100
AcDbLine
 10
5.000000000000113
 20
-2.699999999999818
 30
0.0
 11
12.28600000000006
 21
-2.700000000000045
 31
0.0
  0
LWPOLYLINE
  5
646
330
5E9
100
AcDbEntity
  8
0
 60
1
100
AcDbPolyline
 90
6
 70
0
 10
0.0
 20
6.5
 10
-7.3125
 20
6.5
 42
0.414213562373095
 10
-8.125
 20
5.6875
 10
-8.125
 20
-5.6875
 42
0.4142135623730948
 10
-7.3125
 20
-6.5
 10
0.0
 20
-6.5
  0
ARC
  5
647
330
5E9
100
AcDbEntity
  8
0
  6
HIDDEN2
 60
1
100
AcDbCircle
 10
-6.764276176639441
 20
3.446912430690645
 30
0.0
 40
2.708942416150056
100
AcDbArc
 50
317.7354410795073
 51
355.8315059124906
  0
ARC
  5
648
330
5E9
100
AcDbEntity
  8
0
  6
HIDDEN2
 60
1
100
AcDbCircle
 10
-6.389803010560513
 20
-3.286285155177893
 30
0.0
 40
2.327585855656015
100
AcDbArc
 50
0.8932304093433874
 51
45.53982259865732
  0
ARC
  5
649
330
5E9
100
AcDbEntity
  8
0
  6
HIDDEN2
 60
1
100
AcDbCircle
 10
-5.860312255923759
 20
0.0
 30
0.0
 40
1.962739121659828
100
AcDbArc
 50
304.113869344603
 51
55.88613065539696
  0
ARC
  5
64A
330
5E9
100
AcDbEntity
  8
0
  6
HIDDEN2
 60
1
100
AcDbCircle
 10
-6.980467511321876
 20
0.0
 30
0.0
 40
4.36772645630767
100
AcDbArc
 50
311.9186420364453
 51
48.08135796355466
  0
LINE
  5
64B
330
5E9
100
AcDbEntity
  8
0
 60
1
100
AcDbLine
 10
0.0
 20
8.0
 30
0.0
 11
0.0
 21
-8.0
 31
0.0
  0
LINE
  5
64C
330
5E9
100
AcDbEntity
  8
0
  6
HIDDEN2
 60
1
100
AcDbLine
 10
-10.0
 20
-4.0
 30
0.0
 11
-5.0
 21
-4.0
 31
0.0
  0
LINE
  5
64D
330
5E9
100
AcDbEntity
  8
0
  6
HIDDEN2
 60
1
100
AcDbLine
 10
-10.0
 20
-2.0
 30
0.0
 11
-5.857884035828988
 21
-2.0
 31
0.0
  0
LINE
  5
64E
330
5E9
100
AcDbEntity
  8
0
  6
HIDDEN2
 60
1
100
AcDbLine
 10
-10.0
 20
2.0
 30
0.0
 11
-5.857884035828988
 21
2.0
 31
0.0
  0
LINE
  5
64F
330
5E9
100
AcDbEntity
  8
0
  6
HIDDEN2
 60
1
100
AcDbLine
 10
-10.0
 20
4.0
 30
0.0
 11
-5.0
 21
4.0
 31
0.0
  0
LINE
  5
650
330
5E9
100
AcDbEntity
  8
0
 60
1
100
AcDbLine
 10
5.000000000000113
 20
5.000000000000227
 30
0.0
 11
5.000000000000113
 21
-4.999999999999772
 31
0.0
  0
LINE
  5
651
330
5E9
100
AcDbEntity
  8
0
 60
1
100
AcDbLine
 10
0.0
 20
-5.0
 30
0.0
 11
10.0
 21
-5.0
 31
0.0
  0
LINE
  5
652
330
5E9
100
AcDbEntity
  8
0
 60
1
100
AcDbLine
 10
10.0
 20
-5.0
 30
0.0
 11
12.28600000000006
 21
-3.5
 31
0.0
  0
LINE
  5
653
330
5E9
100
AcDbEntity
  8
0
 60
1
100
AcDbLine
 10
12.28600000000006
 20
-3.5
 30
0.0
 11
12.28600000000006
 21
3.5
 31
0.0
  0
LINE
  5
654
330
5E9
100
AcDbEntity
  8
0
 60
1
100
AcDbLine
 10
12.28600000000006
 20
3.5
 30
0.0
 11
10.0
 21
5.0
 31
0.0
  0
LINE
  5
655
330
5E9
100
AcDbEntity
  8
0
 60
1
100
AcDbLine
 10
10.0
 20
5.0
 30
0.0
 11
0.0
 21
5.0
 31
0.0
  0
LINE
  5
656
330
5E9
100
AcDbEntity
  8
0
 60
1
100
AcDbLine
 10
10.0
 20
5.0
 30
0.0
 11
10.0
 21
-5.0
 31
0.0
  0
LINE
  5
657
330
5E9
100
AcDbEntity
  8
0
  6
HIDDEN2
 60
1
100
AcDbLine
 10
5.000000000000113
 20
3.500000000000227
 30
0.0
 11
12.28600000000006
 21
3.5
 31
0.0
  0
LINE
  5
658
330
5E9
100
AcDbEntity
  8
0
  6
HIDDEN2
 60
1
100
AcDbLine
 10
5.000000000000113
 20
-3.499999999999772
 30
0.0
 11
12.28600000000006
 21
-3.5
 31
0.0
  0
LWPOLYLINE
  5
659
330
5E9
100
AcDbEntity
  8
0
 60
1
100
AcDbPolyline
 90
6
 70
0
 10
0.0
 20
8.0
 10
-9.0
 20
8.0
 42
0.414213562373095
 10
-10.0
 20
7.0
 10
-10.0
 20
-7.0
 42
0.4142135623730948
 10
-9.0
 20
-8.0
 10
0.0
 20
-8.0
  0
ARC
  5
65A
330
5E9
100
AcDbEntity
  8
0
  6
HIDDEN2
 60
1
100
AcDbCircle
 10
-8.325262986633218
 20
4.242353760850164
 30
0.0
 40
3.334082973723146
100
AcDbArc
 50
317.7354410795073
 51
355.8315059124906
  0
ARC
  5
65B
330
5E9
100
AcDbEntity
  8
0
  6
HIDDEN2
 60
1
100
AcDbCircle
 10
-7.86437293607446
 20
-4.044658652526777
 30
0.0
 40
2.864721053115096
100
AcDbArc
 50
0.8932304093433874
 51
45.53982259865732
  0
ARC
  5
65C
330
5E9
100
AcDbEntity
  8
0
  6
HIDDEN2
 60
1
100
AcDbCircle
 10
-7.212692007290797
 20
0.0
 30
0.0
 40
2.415678918965942
100
AcDbArc
 50
304.113869344603
 51
55.88613065539696
  0
ARC
  5
65D
330
5E9
100
AcDbEntity
  8
0
  6
HIDDEN2
 60
1
100
AcDbCircle
 10
-8.591344629319337
 20
0.0
 30
0.0
 40
5.37566333084021
100
AcDbArc
 50
311.9186420364453
 51
48.08135796355466
  0
LINE
  5
65E
330
5E9
100
AcDbEntity
  8
0
 60
1
100
AcDbLine
 10
0.0
 20
9.0
 30
0.0
 11
0.0
 21
-9.0
 31
0.0
  0
LINE
  5
65F
330
5E9
100
AcDbEntity
  8
0
  6
HIDDEN2
 60
1
100
AcDbLine
 10
-11.25
 20
-4.5
 30
0.0
 11
-5.625000000000113
 21
-4.5
 31
0.0
  0
LINE
  5
660
330
5E9
100
AcDbEntity
  8
0
  6
HIDDEN2
 60
1
100
AcDbLine
 10
-11.25
 20
-2.25
 30
0.0
 11
-6.590119540307568
 21
-2.25
 31
0.0
  0
LINE
  5
661
330
5E9
100
AcDbEntity
  8
0
  6
HIDDEN2
 60
1
100
AcDbLine
 10
-11.25
 20
2.25
 30
0.0
 11
-6.590119540307568
 21
2.25
 31
0.0
  0
LINE
  5
662
330
5E9
100
AcDbEntity
  8
0
  6
HIDDEN2
 60
1
100
AcDbLine
 10
-11.25
 20
4.5
 30
0.0
 11
-5.625000000000113
 21
4.5
 31
0.0
  0
LINE
  5
663
330
5E9
100
AcDbEntity
  8
0
 60
1
100
AcDbLine
 10
5.000000000000113
 20
6.000000000000227
 30
0.0
 11
5.000000000000113
 21
-5.999999999999772
 31
0.0
  0
LINE
  5
664
330
5E9
100
AcDbEntity
  8
0
 60
1
100
AcDbLine
 10
0.0
 20
-6.0
 30
0.0
 11
10.0
 21
-6.0
 31
0.0
  0
LINE
  5
665
330
5E9
100
AcDbEntity
  8
0
 60
1
100
AcDbLine
 10
10.0
 20
-6.0
 30
0.0
 11
12.28600000000006
 21
-4.299999999999954
 31
0.0
  0
LINE
  5
666
330
5E9
100
AcDbEntity
  8
0
 60
1
100
AcDbLine
 10
12.28600000000006
 20
-4.299999999999954
 30
0.0
 11
12.28600000000006
 21
4.299999999999954
 31
0.0
  0
LINE
  5
667
330
5E9
100
AcDbEntity
  8
0
 60
1
100
AcDbLine
 10
12.28600000000006
 20
4.299999999999954
 30
0.0
 11
10.0
 21
6.0
 31
0.0
  0
LINE
  5
668
330
5E9
100
AcDbEntity
  8
0
 60
1
100
AcDbLine
 10
10.0
 20
6.0
 30
0.0
 11
0.0
 21
6.0
 31
0.0
  0
LINE
  5
669
330
5E9
100
AcDbEntity
  8
0
 60
1
100
AcDbLine
 10
10.0
 20
6.0
 30
0.0
 11
10.0
 21
-6.0
 31
0.0
  0
LINE
  5
66A
330
5E9
100
AcDbEntity
  8
0
  6
HIDDEN2
 60
1
100
AcDbLine
 10
5.000000000000113
 20
4.300000000000181
 30
0.0
 11
12.28600000000006
 21
4.299999999999954
 31
0.0
  0
LINE
  5
66B
330
5E9
100
AcDbEntity
  8
0
  6
HIDDEN2
 60
1
100
AcDbLine
 10
5.000000000000113
 20
-4.299999999999727
 30
0.0
 11
12.28600000000006
 21
-4.299999999999954
 31
0.0
  0
LWPOLYLINE
  5
66C
330
5E9
100
AcDbEntity
  8
0
 60
1
100
AcDbPolyline
 90
6
 70
0
 10
0.0
 20
9.0
 10
-10.125
 20
9.0
 42
0.414213562373095
 10
-11.25
 20
7.875
 10
-11.25
 20
-7.875
 42
0.4142135623730948
 10
-10.125
 20
-9.0
 10
0.0
 20
-9.0
  0
ARC
  5
66D
330
5E9
100
AcDbEntity
  8
0
  6
HIDDEN2
 60
1
100
AcDbCircle
 10
-9.36592085996233
 20
4.772647980956435
 30
0.0
 40
3.750843345438539
100
AcDbArc
 50
317.7354410795073
 51
355.8315059124906
  0
ARC
  5
66E
330
5E9
100
AcDbEntity
  8
0
  6
HIDDEN2
 60
1
100
AcDbCircle
 10
-8.847419553083682
 20
-4.550240984092624
 30
0.0
 40
3.222811184754483
100
AcDbArc
 50
0.8932304093433874
 51
45.53982259865732
  0
ARC
  5
66F
330
5E9
100
AcDbEntity
  8
0
  6
HIDDEN2
 60
1
100
AcDbCircle
 10
-8.11427850820212
 20
0.0
 30
0.0
 40
2.717638783836684
100
AcDbArc
 50
304.1138693446028
 51
55.88613065539719
  0
ARC
  5
670
330
5E9
100
AcDbEntity
  8
0
  6
HIDDEN2
 60
1
100
AcDbCircle
 10
-9.665262707984198
 20
0.0
 30
0.0
 40
6.047621247195237
100
AcDbArc
 50
311.9186420364453
 51
48.08135796355466
  0
LINE
  5
671
330
5E9
100
AcDbEntity
  8
0
 60
1
100
AcDbLine
 10
0.0
 20
10.5
 30
0.0
 11
0.0
 21
-10.5
 31
0.0
  0
LINE
  5
672
330
5E9
100
AcDbEntity
  8
0
  6
HIDDEN2
 60
1
100
AcDbLine
 10
-13.125
 20
-5.25
 30
0.0
 11
-6.562500000000113
 21
-5.25
 31
0.0
  0
LINE
  5
673
330
5E9
100
AcDbEntity
  8
0
  6
HIDDEN2
 60
1
100
AcDbLine
 10
-13.125
 20
-2.625
 30
0.0
 11
-7.688472797025497
 21
-2.625
 31
0.0
  0
LINE
  5
674
330
5E9
100
AcDbEntity
  8
0
  6
HIDDEN2
 60
1
100
AcDbLine
 10
-13.125
 20
2.625
 30
0.0
 11
-7.688472797025497
 21
2.625
 31
0.0
  0
LINE
  5
675
330
5E9
100
AcDbEntity
  8
0
  6
HIDDEN2
 60
1
100
AcDbLine
 10
-13.125
 20
5.25
 30
0.0
 11
-6.562500000000113
 21
5.25
 31
0.0
  0
LINE
  5
676
330
5E9
100
AcDbEntity
  8
0
 60
1
100
AcDbLine
 10
5.0
 20
7.0
 30
0.0
 11
5.0
 21
-7.0
 31
0.0
  0
LINE
  5
677
330
5E9
100
AcDbEntity
  8
0
 60
1
100
AcDbLine
 10
0.0
 20
-7.0
 30
0.0
 11
10.0
 21
-7.0
 31
0.0
  0
LINE
  5
678
330
5E9
100
AcDbEntity
  8
0
 60
1
100
AcDbLine
 10
10.0
 20
-7.0
 30
0.0
 11
12.28600000000006
 21
-5.099999999999909
 31
0.0
  0
LINE
  5
679
330
5E9
100
AcDbEntity
  8
0
 60
1
100
AcDbLine
 10
12.28600000000006
 20
-5.099999999999909
 30
0.0
 11
12.28600000000006
 21
5.099999999999909
 31
0.0
  0
LINE
  5
67A
330
5E9
100
AcDbEntity
  8
0
 60
1
100
AcDbLine
 10
12.28600000000006
 20
5.099999999999909
 30
0.0
 11
10.0
 21
7.0
 31
0.0
  0
LINE
  5
67B
330
5E9
100
AcDbEntity
  8
0
 60
1
100
AcDbLine
 10
10.0
 20
7.0
 30
0.0
 11
0.0
 21
7.0
 31
0.0
  0
LINE
  5
67C
330
5E9
100
AcDbEntity
  8
0
 60
1
100
AcDbLine
 10
10.0
 20
7.0
 30
0.0
 11
10.0
 21
-7.0
 31
0.0
  0
LINE
  5
67D
330
5E9
100
AcDbEntity
  8
0
  6
HIDDEN2
 60
1
100
AcDbLine
 10
5.0
 20
5.099999999999909
 30
0.0
 11
12.28600000000006
 21
5.099999999999909
 31
0.0
  0
LINE
  5
67E
330
5E9
100
AcDbEntity
  8
0
  6
HIDDEN2
 60
1
100
AcDbLine
 10
5.0
 20
-5.099999999999909
 30
0.0
 11
12.28600000000006
 21
-5.099999999999909
 31
0.0
  0
LWPOLYLINE
  5
67F
330
5E9
100
AcDbEntity
  8
0
 60
1
100
AcDbPolyline
 90
6
 70
0
 10
0.0
 20
10.5
 10
-11.8125
 20
10.5
 42
0.414213562373095
 10
-13.125
 20
9.1875
 10
-13.125
 20
-9.1875
 42
0.4142135623730948
 10
-11.8125
 20
-10.5
 10
0.0
 20
-10.5
  0
ARC
  5
680
330
5E9
100
AcDbEntity
  8
0
  6
HIDDEN2
 60
1
100
AcDbCircle
 10
-10.92690766995611
 20
5.568089311115727
 30
0.0
 40
4.375983903011629
100
AcDbArc
 50
317.7354410795073
 51
355.8315059124906
  0
ARC
  5
681
330
5E9
100
AcDbEntity
  8
0
  6
HIDDEN2
 60
1
100
AcDbCircle
 10
-10.32198947859763
 20
-5.308614481441281
 30
0.0
 40
3.759946382213564
100
AcDbArc
 50
0.8932304093433874
 51
45.53982259865732
  0
ARC
  5
682
330
5E9
100
AcDbEntity
  8
0
  6
HIDDEN2
 60
1
100
AcDbCircle
 10
-9.466658259569156
 20
0.0
 30
0.0
 40
3.170578581142799
100
AcDbArc
 50
304.1138693446028
 51
55.88613065539719
  0
ARC
  5
683
330
5E9
100
AcDbEntity
  8
0
  6
HIDDEN2
 60
1
100
AcDbCircle
 10
-11.27613982598154
 20
0.0
 30
0.0
 40
7.055558121727776
100
AcDbArc
 50
311.9186420364453
 51
48.08135796355466
  0
LINE
  5
684
330
5E9
100
AcDbEntity
  8
hw_Center
 48
2.0
100
AcDbLine
 10
0.0
 20
0.0
 30
0.0
 11
13.28600000000006
 21
0.0
 31
0.0
  0
ENDBLK
  5
5EB
330
5E9
100
AcDbEntity
  8
0
100
AcDbBlockEnd
  0
BLOCK
  5
686
330
685
100
AcDbEntity
  8
0
100
AcDbBlockBegin
  2
*U10959
 70
1
 10
0.0
 20
0.0
 30
0.0
  3
*U10959
  1

  0
HATCH
  5
688
330
685
100
AcDbEntity
  8
0
 62
10
100
AcDbHatch
 10
0.0
 20
0.0
 30
0.0
210
0.0
220
0.0
230
1.0
  2
SOLID
 70
1
 71
0
 91
1
 92
1
 93
1
 72
4
 94
3
 73
0
 74
0
 95
20
 96
16
 40
0.0
 40
0.0
 40
0.0
 40
0.0
 40
1.0
 40
1.0
 40
1.0
 40
2.0
 40
2.0
 40
2.0
 40
3.0
 40
3.0
 40
3.0
 40
4.0
 40
4.0
 40
4.0
 40
5.0
 40
5.0
 40
5.0
 40
5.0
 10
10.55965344402352
 20
6.722726179139024
 10
10.55965344402352
 20
6.722726179139024
 10
15.52923669506018
 20
6.722726179139024
 10
15.52923669506018
 20
6.722726179139024
 10
15.52923669506018
 20
6.722726179139024
 10
12.52271882028216
 20
5.193988276710063
 10
12.52271882028216
 20
5.193988276710063
 10
12.52271882028216
 20
5.193988276710063
 10
12.62818988486704
 20
5.684606487257273
 10
12.66077925875638
 20
5.830962402722065
 10
12.69573876892807
 20
5.985613795177427
 10
12.64122563442465
 20
6.088714723480742
 10
12.45102219772623
 20
6.147375596480619
 10
12.25489342032037
 20
6.207221537622453
 10
10.55965344402352
 20
6.722726179139024
 10
10.55965344402352
 20
6.722726179139024
 97
0
 97
0
 75
0
 76
1
 98
1
 10
7.786742126623629
 20
3.347652112380593
450
0
451
0
460
0.0
461
0.0
452
0
462
0.0
453
2
463
0
 63
5
421
255
463
1
 63
51
421
16777113
470
LINEAR
  0
HATCH
  5
689
330
685
100
AcDbEntity
  8
0
 62
152
100
AcDbHatch
 10
0.0
 20
0.0
 30
0.0
210
0.0
220
0.0
230
1.0
  2
SOLID
 70
1
 71
0
 91
1
 92
1
 93
1
 72
4
 94
3
 73
0
 74
0
 95
86
 96
82
 40
0.0
 40
0.0
 40
0.0
 40
0.0
 40
1.0
 40
1.0
 40
1.0
 40
2.0
 40
2.0
 40
2.0
 40
3.0
 40
3.0
 40
3.0
 40
4.0
 40
4.0
 40
4.0
 40
5.0
 40
5.0
 40
5.0
 40
6.0
 40
6.0
 40
6.0
 40
7.0
 40
7.0
 40
7.0
 40
8.0
 40
8.0
 40
8.0
 40
9.0
 40
9.0
 40
9.0
 40
10.0
 40
10.0
 40
10.0
 40
11.0
 40
11.0
 40
11.0
 40
12.0
 40
12.0
 40
12.0
 40
13.0
 40
13.0
 40
13.0
 40
14.0
 40
14.0
 40
14.0
 40
15.0
 40
15.0
 40
15.0
 40
16.0
 40
16.0
 40
16.0
 40
17.0
 40
17.0
 40
17.0
 40
18.0
 40
18.0
 40
18.0
 40
19.0
 40
19.0
 40
19.0
 40
20.0
 40
20.0
 40
20.0
 40
21.0
 40
21.0
 40
21.0
 40
22.0
 40
22.0
 40
22.0
 40
23.0
 40
23.0
 40
23.0
 40
24.0
 40
24.0
 40
24.0
 40
25.0
 40
25.0
 40
25.0
 40
26.0
 40
26.0
 40
26.0
 40
27.0
 40
27.0
 40
27.0
 40
27.0
 10
8.563998693875536
 20
2.468496959398421
 10
8.956256248684127
 20
2.468496959398421
 10
9.180826661484438
 20
2.36954376959
 10
9.180826661484438
 20
2.107051176266625
 10
9.180826661484438
 20
1.936401363902277
 10
9.06468998362429
 20
1.711238417032945
 10
8.959811453109216
 20
1.628876181204097
 10
8.718650086329333
 20
1.443413017071937
 10
8.507115423086638
 20
1.423859392738644
 10
7.380411887632917
 20
1.423859392738644
 10
7.380411887632917
 20
1.423859392738644
 10
1.984500372722237
 20
1.423859392738644
 10
1.984500372722237
 20
1.423859392738644
 10
1.984500372722237
 20
1.423859392738644
 10
3.076540665040734
 20
6.000000020824757
 10
3.076540665040734
 20
6.000000020824757
 10
3.076540665040734
 20
6.000000020824757
 10
1.269904283448436
 20
6.000000020824757
 10
1.269904283448436
 20
6.000000020824757
 10
1.145472128598502
 20
6.000000020824757
 10
1.0989582040484
 20
5.965633044722872
 10
1.061332290557892
 20
5.818092061116902
 10
1.061332290557892
 20
5.818092061116902
 10
0.0442475581870774
 20
1.605767352446498
 10
0.0442475581870774
 20
1.605767352446498
 10
-0.1471409466540852
 20
0.7691092446051134
 10
0.2857051920002984
 20
2.08247615e-08
 10
1.248573056901033
 20
2.08247615e-08
 10
2.211144654768432
 20
2.08247615e-08
 10
2.761905073492378
 20
2.08247615e-08
 10
3.579898358105179
 20
2.08247615e-08
 10
4.154063872622408
 20
2.08247615e-08
 10
4.886139716985187
 20
0.493580901725689
 10
5.287877816926307
 20
1.061821075535481
 10
5.338539479971299
 20
1.132925164020821
 10
5.42712332354014
 20
1.145960913576089
 10
5.391571279298641
 20
0.9942721914744465
 10
5.32076345784899
 20
0.6944499516962486
 10
5.236031085738574
 20
0.3324116344930843
 10
5.214403592157836
 20
0.2429389898156256
 10
5.173815008312043
 20
0.066956370815209
 10
5.265954056309098
 20
2.08247615e-08
 10
5.349501360279901
 20
2.08247615e-08
 10
5.349501360279901
 20
2.08247615e-08
 10
7.432554885857115
 20
2.08247615e-08
 10
8.095304243943186
 20
2.08247615e-08
 10
10.42514820997125
 20
2.08247615e-08
 10
11.31394931603684
 20
1.11514914189929
 10
11.41468010805702
 20
2.443610528429061
 10
11.46563803813848
 20
3.117914300895884
 10
10.98450037272145
 20
3.63223387427128
 10
9.64833604327092
 20
3.63223387427128
 10
9.64833604327092
 20
3.63223387427128
 10
8.986475486291123
 20
3.63223387427128
 10
8.622067032804043
 20
3.63223387427128
 10
8.254695908964813
 20
3.63223387427128
 10
7.8802143762754
 20
3.76377643796826
 10
7.8802143762754
 20
4.091447779071103
 10
7.8802143762754
 20
4.426822063092362
 10
8.308023975328624
 20
4.729606973224279
 10
8.8584881270161
 20
4.729606973224279
 10
8.8584881270161
 20
4.729606973224279
 10
11.35957443948067
 20
4.729606973224279
 10
11.35957443948067
 20
4.729606973224279
 10
11.35957443948067
 20
4.729606973224279
 10
11.55866588723868
 20
5.520639957621055
 10
11.60192087440016
 20
5.703732985470083
 10
11.65584147483378
 20
5.934228738975486
 10
11.58770005670294
 20
6.000000020824757
 10
11.41823531247898
 20
6.000000020824757
 10
11.41823531247898
 20
6.000000020824757
 10
8.32876266780309
 20
6.000000020824757
 10
8.32876266780309
 20
6.000000020824757
 10
6.532791899486056
 20
6.000000020824757
 10
5.726945563321468
 20
4.801303595780207
 10
5.726945563321468
 20
3.944499329534941
 10
5.726945563321468
 20
3.087102529219087
 10
6.417840289768648
 20
2.469682027540378
 10
8.198405172248847
 20
2.469682027540378
 10
8.198405172248847
 20
2.469682027540378
 10
8.563998693875536
 20
2.468496959398421
 10
8.563998693875536
 20
2.468496959398421
 97
0
 97
0
 75
0
 76
1
 98
1
 10
7.786742126623629
 20
3.375074087583191
450
0
451
0
460
0.0
461
0.0
452
0
462
0.0
453
2
463
0
 63
5
421
255
463
1
 63
51
421
16777113
470
LINEAR
  0
LINE
  5
68A
330
685
100
AcDbEntity
  8
Defpoints
  6
ByBlock
 62
2
370
9
100
AcDbLine
 10
5.7544
 20
3.0
 30
0.0
 11
5.7544
 21
3.0
 31
0.0
  0
ENDBLK
  5
687
330
685
100
AcDbEntity
  8
0
100
AcDbBlockEnd
  0
BLOCK
  5
68C
330
68B
100
AcDbEntity
  8
0
100
AcDbBlockBegin
  2
MS722
 70
0
 10
0.0
 20
0.0
 30
0.0
  3
MS722
  1

  0
INSERT
  5
68E
330
68B
100
AcDbEntity
  8
0
100
AcDbBlockReference
  2
SDGFGHGHG
 10
-860940.444367795
 20
-570770.5213009797
 30
0.0
  0
INSERT
  5
690
330
68B
100
AcDbEntity
  8
0
100
AcDbBlockReference
  2
SĐFHGGH
 10
-860940.444367795
 20
-570705.4118046993
 30
0.0
  0
ENDBLK
  5
68D
330
68B
100
AcDbEntity
  8
0
100
AcDbBlockEnd
  0
BLOCK
  5
693
330
692
100
AcDbEntity
  8
0
100
AcDbBlockBegin
  2
khoa Viettep-1
 70
0
 10
0.0
 20
0.0
 30
0.0
  3
khoa Viettep-1
  1

  0
LWPOLYLINE
  5
695
330
692
100
AcDbEntity
  8
0
 62
1
100
AcDbPolyline
 90
4
 70
1
 10
-1.0
 20
35.0
 10
11.0
 20
35.0
 10
11.0
 20
0.0
 10
-1.0
 20
0.0
  0
LWPOLYLINE
  5
696
330
692
100
AcDbEntity
  8
0
 62
1
100
AcDbPolyline
 90
4
 70
0
 10
7.0
 20
57.0
 10
7.0
 20
35.0
 10
3.0
 20
35.0
 10
3.0
 20
57.0
  0
ARC
  5
697
330
692
100
AcDbEntity
  8
0
 62
1
100
AcDbCircle
 10
5.0
 20
57.0
 30
0.0
 40
2.0
100
AcDbArc
 50
0.0
 51
180.0
  0
ENDBLK
  5
694
330
692
100
AcDbEntity
  8
0
100
AcDbBlockEnd
  0
BLOCK
  5
699
330
698
100
AcDbEntity
  8
0
100
AcDbBlockBegin
  2
SDGFGHGHG
 70
0
 10
0.0
 20
0.0
 30
0.0
  3
SDGFGHGHG
  1

  0
LINE
  5
69B
330
698
100
AcDbEntity
  8
HEATER
100
AcDbLine
 10
860892.9443677951
 20
570760.5213009797
 30
0.0
 11
860892.9443677951
 21
570780.5213009797
 31
0.0
  0
LINE
  5
69C
330
698
100
AcDbEntity
  8
HEATER
100
AcDbLine
 10
860935.944367795
 20
570742.0213009797
 30
0.0
 11
860935.944367795
 21
570784.3053497317
 31
0.0
  0
LINE
  5
69D
330
698
100
AcDbEntity
  8
HEATER
100
AcDbLine
 10
860944.944367795
 20
570742.0213009797
 30
0.0
 11
860944.944367795
 21
570784.3053497317
 31
0.0
  0
ARC
  5
69E
330
698
100
AcDbEntity
  8
HEATER
100
AcDbCircle
 10
860940.444367795
 20
570770.5213009797
 30
0.0
 40
14.5
100
AcDbArc
 50
288.0800126249186
 51
251.9199873760986
  0
LINE
  5
69F
330
698
100
AcDbEntity
  8
HEATER
100
AcDbLine
 10
860935.944367795
 20
570742.0213009797
 30
0.0
 11
860944.944367795
 21
570742.0213009797
 31
0.0
  0
LINE
  5
6A0
330
698
100
AcDbEntity
  8
HEATER
100
AcDbLine
 10
860892.9443677951
 20
570780.5213009797
 30
0.0
 11
860931.5694281411
 21
570781.9880113245
 31
0.0
  0
LINE
  5
6A1
330
698
100
AcDbEntity
  8
HEATER
100
AcDbLine
 10
860892.9443677951
 20
570760.5213009797
 30
0.0
 11
860931.5694281411
 21
570759.0545906347
 31
0.0
  0
LINE
  5
6A2
330
698
100
AcDbEntity
  8
HEATER
100
AcDbLine
 10
860892.9443677951
 20
570771.8975213168
 30
0.0
 11
860906.3296893912
 21
570778.6620310972
 31
0.0
  0
LINE
  5
6A3
330
698
100
AcDbEntity
  8
HEATER
100
AcDbLine
 10
860892.9443677951
 20
570769.1450806425
 30
0.0
 11
860906.3296893912
 21
570762.380570862
 31
0.0
  0
CIRCLE
  5
6A4
330
698
100
AcDbEntity
  8
HEATER
100
AcDbCircle
 10
860940.444367795
 20
570770.5213009797
 30
0.0
 40
3.078158209494111
  0
LINE
  5
6A5
330
698
100
AcDbEntity
  8
HEATER
100
AcDbLine
 10
860939.5447235582
 20
570773.4650567796
 30
0.0
 11
860939.5447235582
 21
570771.2753346086
 31
0.0
  0
LINE
  5
6A6
330
698
100
AcDbEntity
  8
HEATER
100
AcDbLine
 10
860939.5447235582
 20
570769.7672673506
 30
0.0
 11
860939.5447235582
 21
570767.5775451798
 31
0.0
  0
LINE
  5
6A7
330
698
100
AcDbEntity
  8
HEATER
100
AcDbLine
 10
860941.3440120325
 20
570773.4650567796
 30
0.0
 11
860941.3440120325
 21
570771.2753346086
 31
0.0
  0
LINE
  5
6A8
330
698
100
AcDbEntity
  8
HEATER
100
AcDbLine
 10
860941.3440120325
 20
570769.7672673506
 30
0.0
 11
860941.3440120325
 21
570767.5775451798
 31
0.0
  0
LINE
  5
6A9
330
698
100
AcDbEntity
  8
HEATER
100
AcDbLine
 10
860937.4599932797
 20
570771.2753346086
 30
0.0
 11
860939.5447235582
 21
570771.2753346086
 31
0.0
  0
LINE
  5
6AA
330
698
100
AcDbEntity
  8
HEATER
100
AcDbLine
 10
860941.3440120325
 20
570771.2753346086
 30
0.0
 11
860943.4287423106
 21
570771.2753346086
 31
0.0
  0
LINE
  5
6AB
330
698
100
AcDbEntity
  8
HEATER
100
AcDbLine
 10
860937.4599932797
 20
570769.7672673506
 30
0.0
 11
860939.5447235582
 21
570769.7672673506
 31
0.0
  0
LINE
  5
6AC
330
698
100
AcDbEntity
  8
HEATER
100
AcDbLine
 10
860941.3440120325
 20
570769.7672673506
 30
0.0
 11
860943.4287423106
 21
570769.7672673506
 31
0.0
  0
ENDBLK
  5
69A
330
698
100
AcDbEntity
  8
0
100
AcDbBlockEnd
  0
BLOCK
  5
6AE
330
6AD
100
AcDbEntity
  8
0
100
AcDbBlockBegin
  2
SĐFHGGH
 70
0
 10
0.0
 20
0.0
 30
0.0
  3
SĐFHGGH
  1

  0
ARC
  5
6B0
330
6AD
100
AcDbEntity
  8
HEATER
100
AcDbCircle
 10
860940.444367795
 20
570705.4118046993
 30
0.0
 40
12.0
100
AcDbArc
 50
104.4775121859967
 51
165.5224878140032
  0
ARC
  5
6B1
330
6AD
100
AcDbEntity
  8
HEATER
100
AcDbCircle
 10
860940.444367795
 20
570705.4118046993
 30
0.0
 40
12.0
100
AcDbArc
 50
194.4775121859968
 51
255.5224878140033
  0
ARC
  5
6B2
330
6AD
100
AcDbEntity
  8
HEATER
100
AcDbCircle
 10
860940.444367795
 20
570705.4118046993
 30
0.0
 40
12.0
100
AcDbArc
 50
284.4775121859968
 51
345.5224878140032
  0
ARC
  5
6B3
330
6AD
100
AcDbEntity
  8
HEATER
100
AcDbCircle
 10
860940.444367795
 20
570705.4118046993
 30
0.0
 40
12.0
100
AcDbArc
 50
14.47751218599677
 51
75.52248781400324
  0
LWPOLYLINE
  5
6B4
330
6AD
100
AcDbEntity
  8
HEATER
100
AcDbPolyline
 90
4
 70
0
 10
860943.4443677953
 20
570717.0307547379
 10
860943.4443677953
 20
570718.4118046995
 10
860937.4443677955
 20
570718.4118046995
 10
860937.4443677955
 20
570717.0307547379
  0
LWPOLYLINE
  5
6B5
330
6AD
100
AcDbEntity
  8
HEATER
100
AcDbPolyline
 90
4
 70
0
 10
860943.4443677953
 20
570693.7928546608
 10
860943.4443677953
 20
570692.4118046995
 10
860937.4443677955
 20
570692.4118046995
 10
860937.4443677955
 20
570693.7928546608
  0
LWPOLYLINE
  5
6B6
330
6AD
100
AcDbEntity
  8
HEATER
100
AcDbPolyline
 90
4
 70
0
 10
860952.0633178339
 20
570702.4118046995
 10
860953.4443677956
 20
570702.4118046995
 10
860953.4443677956
 20
570708.4118046993
 10
860952.0633178339
 20
570708.4118046993
  0
LWPOLYLINE
  5
6B7
330
6AD
100
AcDbEntity
  8
HEATER
100
AcDbPolyline
 90
4
 70
0
 10
860928.8254177567
 20
570702.4118046995
 10
860927.4443677953
 20
570702.4118046995
 10
860927.4443677953
 20
570708.4118046993
 10
860928.8254177567
 20
570708.4118046993
  0
ENDBLK
  5
6AF
330
6AD
100
AcDbEntity
  8
0
100
AcDbBlockEnd
  0
BLOCK
  5
759
330
758
100
AcDbEntity
  8
0
100
AcDbBlockBegin
  2
*D1
 70
1
 10
0.0
 20
0.0
 30
0.0
  3
*D1
  1

  0
LINE
  5
75B
330
758
100
AcDbEntity
  8
@.0.DM. NÉT CHÍNH
 62
8
370
-2
440
16777216
100
AcDbLine
 10
725.7912850061984
 20
3873.3197378580953
 30
0.0
 11
522.4805297491985
 21
3873.3197378580953
 31
0.0
  0
LINE
  5
75C
330
758
100
AcDbEntity
  8
@.0.DM. NÉT CHÍNH
 62
8
370
-2
440
16777216
100
AcDbLine
 10
728.8619956842886
 20
2523.380070441621
 30
0.0
 11
522.4805297491985
 21
2523.380070441621
 31
0.0
  0
LINE
  5
75D
330
758
100
AcDbEntity
  8
@.0.DM. NÉT CHÍNH
370
-2
440
16777216
100
AcDbLine
 10
523.7305297491985
 20
3848.3197378580953
 30
0.0
 11
523.7305297491985
 21
2548.380070441621
 31
0.0
  0
SOLID
  5
75E
330
758
100
AcDbEntity
  8
@.0.DM. NÉT CHÍNH
440
16777216
100
AcDbTrace
 10
519.5638630825997
 20
3848.3197378580953
 30
0.0
 11
527.8971964158991
 21
3848.3197378580953
 31
0.0
 12
523.7305297491985
 22
3873.3197378580953
 32
0.0
 13
523.7305297491985
 23
3873.3197378580953
 33
0.0
  0
SOLID
  5
75F
330
758
100
AcDbEntity
  8
@.0.DM. NÉT CHÍNH
440
16777216
100
AcDbTrace
 10
519.5638630825997
 20
2548.380070441621
 30
0.0
 11
527.8971964158991
 21
2548.380070441621
 31
0.0
 12
523.7305297491985
 22
2523.380070441621
 32
0.0
 13
523.7305297491985
 23
2523.380070441621
 33
0.0
  0
MTEXT
  5
760
330
758
100
AcDbEntity
  8
@.0.DM. NÉT CHÍNH
 62
2
440
16777216
100
AcDbMText
 10
461.79584352819074
 20
3081.876776712321
 30
0.0
 40
60.0
 41
0.0
 46
0.0
 71
1
  1
1350
  7
TEST KÍCH THƯỚC
 11
1e-16
 21
1.0
 31
0.0
  0
POINT
  5
761
330
758
100
AcDbEntity
  8
Defpoints
 62
0
440
16777216
100
AcDbPoint
 10
745.7912850061984
 20
3873.3197378580953
 30
0.0
  0
POINT
  5
762
330
758
100
AcDbEntity
  8
Defpoints
 62
0
440
16777216
100
AcDbPoint
 10
748.8619956842886
 20
2523.380070441621
 30
0.0
  0
POINT
  5
763
330
758
100
AcDbEntity
  8
Defpoints
 62
0
440
16777216
100
AcDbPoint
 10
523.7305297491985
 20
2523.380070441621
 30
0.0
  0
ENDBLK
  5
75A
330
758
100
AcDbEntity
  8
0
100
AcDbBlockEnd
  0
BLOCK
  5
765
330
764
100
AcDbEntity
  8
0
100
AcDbBlockBegin
  2
*D2
 70
1
 10
0.0
 20
0.0
 30
0.0
  3
*D2
  1

  0
LINE
  5
767
330
764
100
AcDbEntity
  8
@.0.DM. NÉT CHÍNH
 62
8
370
-2
440
16777216
100
AcDbLine
 10
1444.7912850060966
 20
3809.3800704415917
 30
0.0
 11
1444.7912850060966
 21
3973.8398942808562
 31
0.0
  0
LINE
  5
768
330
764
100
AcDbEntity
  8
@.0.DM. NÉT CHÍNH
 62
8
370
-2
440
16777216
100
AcDbLine
 10
744.7912850060966
 20
3826.6922527482966
 30
0.0
 11
744.7912850060966
 21
3973.8398942808562
 31
0.0
  0
LINE
  5
769
330
764
100
AcDbEntity
  8
@.0.DM. NÉT CHÍNH
370
-2
440
16777216
100
AcDbLine
 10
1419.7912850060966
 20
3972.5898942808562
 30
0.0
 11
769.7912850060966
 21
3972.5898942808562
 31
0.0
  0
SOLID
  5
76A
330
764
100
AcDbEntity
  8
@.0.DM. NÉT CHÍNH
440
16777216
100
AcDbTrace
 10
1419.7912850060966
 20
3976.7565609475278
 30
0.0
 11
1419.7912850060966
 21
3968.4232276141847
 31
0.0
 12
1444.7912850060966
 22
3972.5898942808562
 32
0.0
 13
1444.7912850060966
 23
3972.5898942808562
 33
0.0
  0
SOLID
  5
76B
330
764
100
AcDbEntity
  8
@.0.DM. NÉT CHÍNH
440
16777216
100
AcDbTrace
 10
769.7912850060966
 20
3976.7565609475278
 30
0.0
 11
769.7912850060966
 21
3968.4232276141847
 31
0.0
 12
744.7912850060966
 22
3972.5898942808562
 32
0.0
 13
744.7912850060966
 23
3972.5898942808562
 33
0.0
  0
MTEXT
  5
76C
330
764
100
AcDbEntity
  8
@.0.DM. NÉT CHÍNH
 62
2
440
16777216
100
AcDbMText
 10
1041.5436724548927
 20
4034.483652807452
 30
0.0
 40
60.0
 41
0.0
 46
0.0
 71
1
  1
700
  7
TEST KÍCH THƯỚC
  0
POINT
  5
76D
330
764
100
AcDbEntity
  8
Defpoints
 62
0
440
16777216
100
AcDbPoint
 10
1444.7912850060966
 20
3789.3800704415917
 30
0.0
  0
POINT
  5
76E
330
764
100
AcDbEntity
  8
Defpoints
 62
0
440
16777216
100
AcDbPoint
 10
744.7912850060966
 20
3806.6922527482966
 30
0.0
  0
POINT
  5
76F
330
764
100
AcDbEntity
  8
Defpoints
 62
0
440
16777216
100
AcDbPoint
 10
744.7912850060966
 20
3972.5898942808562
 30
0.0
  0
ENDBLK
  5
766
330
764
100
AcDbEntity
  8
0
100
AcDbBlockEnd
  0
BLOCK
  5
771
330
770
100
AcDbEntity
  8
0
100
AcDbBlockBegin
  2
*D3
 70
1
 10
0.0
 20
0.0
 30
0.0
  3
*D3
  1

  0
LINE
  5
773
330
770
100
AcDbEntity
  8
@.0.DM. NÉT CHÍNH
 62
8
370
-2
440
16777216
100
AcDbLine
 10
2096.1354592122952
 20
3828.380070441577
 30
0.0
 11
2096.1354592122952
 21
3968.914831507005
 31
0.0
  0
LINE
  5
774
330
770
100
AcDbEntity
  8
@.0.DM. NÉT CHÍNH
 62
8
370
-2
440
16777216
100
AcDbLine
 10
2796.1354592122952
 20
3828.380070441577
 30
0.0
 11
2796.1354592122952
 21
3968.914831507005
 31
0.0
  0
LINE
  5
775
330
770
100
AcDbEntity
  8
@.0.DM. NÉT CHÍNH
370
-2
440
16777216
100
AcDbLine
 10
2121.1354592122952
 20
3967.664831507005
 30
0.0
 11
2771.1354592122952
 21
3967.664831507005
 31
0.0
  0
SOLID
  5
776
330
770
100
AcDbEntity
  8
@.0.DM. NÉT CHÍNH
440
16777216
100
AcDbTrace
 10
2121.1354592122952
 20
3971.8314981736767
 30
0.0
 11
2121.1354592122952
 21
3963.4981648403336
 31
0.0
 12
2096.1354592122952
 22
3967.664831507005
 32
0.0
 13
2096.1354592122952
 23
3967.664831507005
 33
0.0
  0
SOLID
  5
777
330
770
100
AcDbEntity
  8
@.0.DM. NÉT CHÍNH
440
16777216
100
AcDbTrace
 10
2771.1354592122952
 20
3971.8314981736767
 30
0.0
 11
2771.1354592122952
 21
3963.4981648403336
 31
0.0
 12
2796.1354592122952
 22
3967.664831507005
 32
0.0
 13
2796.1354592122952
 23
3967.664831507005
 33
0.0
  0
MTEXT
  5
778
330
770
100
AcDbEntity
  8
@.0.DM. NÉT CHÍNH
 62
2
440
16777216
100
AcDbMText
 10
2446.1354592122952
 20
3998.924210770303
 30
0.0
 40
60.0
 41
0.0
 46
0.0
 71
5
  1
700
  7
TEST KÍCH THƯỚC
  0
POINT
  5
779
330
770
100
AcDbEntity
  8
Defpoints
 62
0
440
16777216
100
AcDbPoint
 10
2096.1354592122952
 20
3808.380070441577
 30
0.0
  0
POINT
  5
77A
330
770
100
AcDbEntity
  8
Defpoints
 62
0
440
16777216
100
AcDbPoint
 10
2796.1354592122952
 20
3808.380070441577
 30
0.0
  0
POINT
  5
77B
330
770
100
AcDbEntity
  8
Defpoints
 62
0
440
16777216
100
AcDbPoint
 10
2796.1354592122952
 20
3967.664831507005
 30
0.0
  0
ENDBLK
  5
772
330
770
100
AcDbEntity
  8
0
100
AcDbBlockEnd
  0
BLOCK
  5
77D
330
77C
100
AcDbEntity
  8
0
100
AcDbBlockBegin
  2
*D4
 70
1
 10
0.0
 20
0.0
 30
0.0
  3
*D4
  1

  0
LINE
  5
77F
330
77C
100
AcDbEntity
  8
@.0.DM. NÉT CHÍNH
 62
8
370
-2
440
16777216
100
AcDbLine
 10
3282.8285041405907
 20
3821.9823473301512
 30
0.0
 11
3282.8285041405907
 21
3960.3235656816687
 31
0.0
  0
LINE
  5
780
330
77C
100
AcDbEntity
  8
@.0.DM. NÉT CHÍNH
 62
8
370
-2
440
16777216
100
AcDbLine
 10
3982.8285041405907
 20
3821.9823473301512
 30
0.0
 11
3982.8285041405907
 21
3960.3235656816687
 31
0.0
  0
LINE
  5
781
330
77C
100
AcDbEntity
  8
@.0.DM. NÉT CHÍNH
370
-2
440
16777216
100
AcDbLine
 10
3307.8285041405907
 20
3959.0735656816687
 30
0.0
 11
3957.8285041405907
 21
3959.0735656816687
 31
0.0
  0
SOLID
  5
782
330
77C
100
AcDbEntity
  8
@.0.DM. NÉT CHÍNH
440
16777216
100
AcDbTrace
 10
3307.8285041405907
 20
3963.24023234834
 30
0.0
 11
3307.8285041405907
 21
3954.906899014997
 31
0.0
 12
3282.8285041405907
 22
3959.0735656816687
 32
0.0
 13
3282.8285041405907
 23
3959.0735656816687
 33
0.0
  0
SOLID
  5
783
330
77C
100
AcDbEntity
  8
@.0.DM. NÉT CHÍNH
440
16777216
100
AcDbTrace
 10
3957.8285041405907
 20
3963.24023234834
 30
0.0
 11
3957.8285041405907
 21
3954.906899014997
 31
0.0
 12
3982.8285041405907
 22
3959.0735656816687
 32
0.0
 13
3982.8285041405907
 23
3959.0735656816687
 33
0.0
  0
MTEXT
  5
784
330
77C
100
AcDbEntity
  8
@.0.DM. NÉT CHÍNH
 62
2
440
16777216
100
AcDbMText
 10
3632.8285041405907
 20
3990.3329449449666
 30
0.0
 40
60.0
 41
0.0
 46
0.0
 71
5
  1
700
  7
TEST KÍCH THƯỚC
  0
POINT
  5
785
330
77C
100
AcDbEntity
  8
Defpoints
 62
0
440
16777216
100
AcDbPoint
 10
3282.8285041405907
 20
3801.9823473301512
 30
0.0
  0
POINT
  5
786
330
77C
100
AcDbEntity
  8
Defpoints
 62
0
440
16777216
100
AcDbPoint
 10
3982.8285041405907
 20
3801.9823473301512
 30
0.0
  0
POINT
  5
787
330
77C
100
AcDbEntity
  8
Defpoints
 62
0
440
16777216
100
AcDbPoint
 10
3982.8285041405907
 20
3959.0735656816687
 30
0.0
  0
ENDBLK
  5
77E
330
77C
100
AcDbEntity
  8
0
100
AcDbBlockEnd
  0
BLOCK
  5
789
330
788
100
AcDbEntity
  8
0
100
AcDbBlockBegin
  2
*D5
 70
1
 10
0.0
 20
0.0
 30
0.0
  3
*D5
  1

  0
LINE
  5
78B
330
788
100
AcDbEntity
  8
@.0.DM. NÉT CHÍNH
 62
8
370
-2
440
16777216
100
AcDbLine
 10
725.7912850060966
 20
2906.3800704415917
 30
0.0
 11
665.5084324464988
 21
2906.3800704415917
 31
0.0
  0
LINE
  5
78C
330
788
100
AcDbEntity
  8
@.0.DM. NÉT CHÍNH
 62
8
370
-2
440
16777216
100
AcDbLine
 10
725.7912850060966
 20
3793.380070441621
 30
0.0
 11
665.5084324464988
 21
3793.380070441621
 31
0.0
  0
LINE
  5
78D
330
788
100
AcDbEntity
  8
@.0.DM. NÉT CHÍNH
370
-2
440
16777216
100
AcDbLine
 10
666.7584324464988
 20
2931.3800704415917
 30
0.0
 11
666.7584324464988
 21
3768.380070441621
 31
0.0
  0
SOLID
  5
78E
330
788
100
AcDbEntity
  8
@.0.DM. NÉT CHÍNH
440
16777216
100
AcDbTrace
 10
662.5917657797982
 20
2931.3800704415917
 30
0.0
 11
670.9250991131994
 21
2931.3800704415917
 31
0.0
 12
666.7584324464988
 22
2906.3800704415917
 32
0.0
 13
666.7584324464988
 23
2906.3800704415917
 33
0.0
  0
SOLID
  5
78F
330
788
100
AcDbEntity
  8
@.0.DM. NÉT CHÍNH
440
16777216
100
AcDbTrace
 10
662.5917657797982
 20
3768.380070441621
 30
0.0
 11
670.9250991131994
 21
3768.380070441621
 31
0.0
 12
666.7584324464988
 22
3793.380070441621
 32
0.0
 13
666.7584324464988
 23
3793.380070441621
 33
0.0
  0
MTEXT
  5
790
330
788
100
AcDbEntity
  8
@.0.DM. NÉT CHÍNH
 62
2
440
16777216
100
AcDbMText
 10
635.4990531831863
 20
3349.8800704415626
 30
0.0
 40
60.0
 41
0.0
 46
0.0
 71
5
  1
887
  7
TEST KÍCH THƯỚC
 11
1e-16
 21
1.0
 31
0.0
  0
POINT
  5
791
330
788
100
AcDbEntity
  8
Defpoints
 62
0
440
16777216
100
AcDbPoint
 10
745.7912850060966
 20
2906.3800704415917
 30
0.0
  0
POINT
  5
792
330
788
100
AcDbEntity
  8
Defpoints
 62
0
440
16777216
100
AcDbPoint
 10
745.7912850060966
 20
3793.380070441621
 30
0.0
  0
POINT
  5
793
330
788
100
AcDbEntity
  8
Defpoints
 62
0
440
16777216
100
AcDbPoint
 10
666.7584324464988
 20
3793.380070441621
 30
0.0
  0
ENDBLK
  5
78A
330
788
100
AcDbEntity
  8
0
100
AcDbBlockEnd
  0
BLOCK
  5
795
330
794
100
AcDbEntity
  8
0
100
AcDbBlockBegin
  2
*D6
 70
1
 10
0.0
 20
0.0
 30
0.0
  3
*D6
  1

  0
LINE
  5
797
330
794
100
AcDbEntity
  8
@.0.DM. NÉT CHÍNH
 62
8
370
-2
440
16777216
100
AcDbLine
 10
725.7912850060966
 20
2900.3800704415626
 30
0.0
 11
665.5084324464988
 21
2900.3800704415626
 31
0.0
  0
LINE
  5
798
330
794
100
AcDbEntity
  8
@.0.DM. NÉT CHÍNH
 62
8
370
-2
440
16777216
100
AcDbLine
 10
725.7912850060966
 20
2573.380070441621
 30
0.0
 11
665.5084324464988
 21
2573.380070441621
 31
0.0
  0
LINE
  5
799
330
794
100
AcDbEntity
  8
@.0.DM. NÉT CHÍNH
370
-2
440
16777216
100
AcDbLine
 10
666.7584324463969
 20
2875.3800704415626
 30
0.0
 11
666.7584324463969
 21
2598.380070441621
 31
0.0
  0
SOLID
  5
79A
330
794
100
AcDbEntity
  8
@.0.DM. NÉT CHÍNH
440
16777216
100
AcDbTrace
 10
662.5917657797982
 20
2875.3800704415626
 30
0.0
 11
670.9250991130975
 21
2875.3800704415626
 31
0.0
 12
666.7584324463969
 22
2900.3800704415626
 32
0.0
 13
666.7584324463969
 23
2900.3800704415626
 33
0.0
  0
SOLID
  5
79B
330
794
100
AcDbEntity
  8
@.0.DM. NÉT CHÍNH
440
16777216
100
AcDbTrace
 10
662.5917657797982
 20
2598.380070441621
 30
0.0
 11
670.9250991130975
 21
2598.380070441621
 31
0.0
 12
666.7584324463969
 22
2573.380070441621
 32
0.0
 13
666.7584324463969
 23
2573.380070441621
 33
0.0
  0
MTEXT
  5
79C
330
794
100
AcDbEntity
  8
@.0.DM. NÉT CHÍNH
 62
2
440
16777216
100
AcDbMText
 10
635.478589335893
 20
2736.880070441548
 30
0.0
 40
60.0
 41
0.0
 46
0.0
 71
5
  1
327
  7
TEST KÍCH THƯỚC
 11
1e-16
 21
1.0
 31
0.0
  0
POINT
  5
79D
330
794
100
AcDbEntity
  8
Defpoints
 62
0
440
16777216
100
AcDbPoint
 10
745.7912850060966
 20
2900.3800704415626
 30
0.0
  0
POINT
  5
79E
330
794
100
AcDbEntity
  8
Defpoints
 62
0
440
16777216
100
AcDbPoint
 10
745.7912850060966
 20
2573.380070441621
 30
0.0
  0
POINT
  5
79F
330
794
100
AcDbEntity
  8
Defpoints
 62
0
440
16777216
100
AcDbPoint
 10
666.7584324463969
 20
2573.380070441621
 30
0.0
  0
ENDBLK
  5
796
330
794
100
AcDbEntity
  8
0
100
AcDbBlockEnd
  0
BLOCK
  5
7A1
330
7A0
100
AcDbEntity
  8
0
100
AcDbBlockBegin
  2
*D7
 70
1
 10
0.0
 20
0.0
 30
0.0
  3
*D7
  1

  0
LINE
  5
7A3
330
7A0
100
AcDbEntity
  8
@.0.DM. NÉT CHÍNH
 62
8
370
-2
440
16777216
100
AcDbLine
 10
2106.135459212397
 20
2883.3800704416353
 30
0.0
 11
1949.6913257935958
 21
2883.3800704416353
 31
0.0
  0
LINE
  5
7A4
330
7A0
100
AcDbEntity
  8
@.0.DM. NÉT CHÍNH
 62
8
370
-2
440
16777216
100
AcDbLine
 10
2106.135459212397
 20
2603.3800704416353
 30
0.0
 11
1949.6913257935958
 21
2603.3800704416353
 31
0.0
  0
LINE
  5
7A5
330
7A0
100
AcDbEntity
  8
@.0.DM. NÉT CHÍNH
370
-2
440
16777216
100
AcDbLine
 10
1950.9413257935958
 20
2858.3800704416353
 30
0.0
 11
1950.9413257935958
 21
2628.3800704416353
 31
0.0
  0
SOLID
  5
7A6
330
7A0
100
AcDbEntity
  8
@.0.DM. NÉT CHÍNH
440
16777216
100
AcDbTrace
 10
1946.7746591268951
 20
2858.3800704416353
 30
0.0
 11
1955.1079924602964
 21
2858.3800704416353
 31
0.0
 12
1950.9413257935958
 22
2883.3800704416353
 32
0.0
 13
1950.9413257935958
 23
2883.3800704416353
 33
0.0
  0
SOLID
  5
7A7
330
7A0
100
AcDbEntity
  8
@.0.DM. NÉT CHÍNH
440
16777216
100
AcDbTrace
 10
1946.7746591268951
 20
2628.3800704416353
 30
0.0
 11
1955.1079924602964
 21
2628.3800704416353
 31
0.0
 12
1950.9413257935958
 22
2603.3800704416353
 32
0.0
 13
1950.9413257935958
 23
2603.3800704416353
 33
0.0
  0
MTEXT
  5
7A8
330
7A0
100
AcDbEntity
  8
@.0.DM. NÉT CHÍNH
 62
2
440
16777216
100
AcDbMText
 10
1919.6819465302979
 20
2743.3800704415917
 30
0.0
 40
60.0
 41
0.0
 46
0.0
 71
5
  1
280
  7
TEST KÍCH THƯỚC
 11
1e-16
 21
1.0
 31
0.0
  0
POINT
  5
7A9
330
7A0
100
AcDbEntity
  8
Defpoints
 62
0
440
16777216
100
AcDbPoint
 10
2126.135459212397
 20
2883.3800704416353
 30
0.0
  0
POINT
  5
7AA
330
7A0
100
AcDbEntity
  8
Defpoints
 62
0
440
16777216
100
AcDbPoint
 10
2126.135459212397
 20
2603.3800704416353
 30
0.0
  0
POINT
  5
7AB
330
7A0
100
AcDbEntity
  8
Defpoints
 62
0
440
16777216
100
AcDbPoint
 10
1950.9413257935958
 20
2603.3800704416353
 30
0.0
  0
ENDBLK
  5
7A2
330
7A0
100
AcDbEntity
  8
0
100
AcDbBlockEnd
  0
BLOCK
  5
7AD
330
7AC
100
AcDbEntity
  8
0
100
AcDbBlockBegin
  2
*D8
 70
1
 10
0.0
 20
0.0
 30
0.0
  3
*D8
  1

  0
LINE
  5
7AF
330
7AC
100
AcDbEntity
  8
@.0.DM. NÉT CHÍNH
 62
8
370
-2
440
16777216
100
AcDbLine
 10
2106.135459212397
 20
2923.3800704416353
 30
0.0
 11
1950.1707339912973
 21
2923.3800704416353
 31
0.0
  0
LINE
  5
7B0
330
7AC
100
AcDbEntity
  8
@.0.DM. NÉT CHÍNH
 62
8
370
-2
440
16777216
100
AcDbLine
 10
2106.135459212397
 20
3763.380070441621
 30
0.0
 11
1950.1707339912973
 21
3763.380070441621
 31
0.0
  0
LINE
  5
7B1
330
7AC
100
AcDbEntity
  8
@.0.DM. NÉT CHÍNH
370
-2
440
16777216
100
AcDbLine
 10
1951.4207339912973
 20
2948.3800704416353
 30
0.0
 11
1951.4207339912973
 21
3738.380070441606
 31
0.0
  0
SOLID
  5
7B2
330
7AC
100
AcDbEntity
  8
@.0.DM. NÉT CHÍNH
440
16777216
100
AcDbTrace
 10
1947.2540673246986
 20
2948.3800704416353
 30
0.0
 11
1955.587400657998
 21
2948.3800704416353
 31
0.0
 12
1951.4207339912973
 22
2923.3800704416353
 32
0.0
 13
1951.4207339912973
 23
2923.3800704416353
 33
0.0
  0
SOLID
  5
7B3
330
7AC
100
AcDbEntity
  8
@.0.DM. NÉT CHÍNH
440
16777216
100
AcDbTrace
 10
1947.2540673246986
 20
3738.380070441606
 30
0.0
 11
1955.587400657998
 21
3738.380070441606
 31
0.0
 12
1951.4207339912973
 22
3763.380070441621
 32
0.0
 13
1951.4207339912973
 23
3763.380070441621
 33
0.0
  0
MTEXT
  5
7B4
330
7AC
100
AcDbEntity
  8
@.0.DM. NÉT CHÍNH
 62
2
440
16777216
100
AcDbMText
 10
1920.1613547279994
 20
3343.380070441577
 30
0.0
 40
60.0
 41
0.0
 46
0.0
 71
5
  1
840
  7
TEST KÍCH THƯỚC
 11
1e-16
 21
1.0
 31
0.0
  0
POINT
  5
7B5
330
7AC
100
AcDbEntity
  8
Defpoints
 62
0
440
16777216
100
AcDbPoint
 10
2126.135459212397
 20
2923.3800704416353
 30
0.0
  0
POINT
  5
7B6
330
7AC
100
AcDbEntity
  8
Defpoints
 62
0
440
16777216
100
AcDbPoint
 10
2126.135459212397
 20
3763.380070441621
 30
0.0
  0
POINT
  5
7B7
330
7AC
100
AcDbEntity
  8
Defpoints
 62
0
440
16777216
100
AcDbPoint
 10
1951.4207339912973
 20
3763.380070441621
 30
0.0
  0
ENDBLK
  5
7AE
330
7AC
100
AcDbEntity
  8
0
100
AcDbBlockEnd
  0
BLOCK
  5
7B9
330
7B8
100
AcDbEntity
  8
0
100
AcDbBlockBegin
  2
*D9
 70
1
 10
0.0
 20
0.0
 30
0.0
  3
*D9
  1

  0
LINE
  5
7BB
330
7B8
100
AcDbEntity
  8
@.0.DM. NÉT CHÍNH
 62
8
370
-2
440
16777216
100
AcDbLine
 10
2125.635459212397
 20
2848.3800704416353
 30
0.0
 11
2049.6150715197873
 21
2848.3800704416353
 31
0.0
  0
LINE
  5
7BC
330
7B8
100
AcDbEntity
  8
@.0.DM. NÉT CHÍNH
 62
8
370
-2
440
16777216
100
AcDbLine
 10
2125.635459212397
 20
2638.3800704416353
 30
0.0
 11
2049.6150715197873
 21
2638.3800704416353
 31
0.0
  0
LINE
  5
7BD
330
7B8
100
AcDbEntity
  8
@.0.DM. NÉT CHÍNH
370
-2
440
16777216
100
AcDbLine
 10
2050.8650715197873
 20
2823.3800704416353
 30
0.0
 11
2050.8650715197873
 21
2663.3800704416353
 31
0.0
  0
SOLID
  5
7BE
330
7B8
100
AcDbEntity
  8
@.0.DM. NÉT CHÍNH
440
16777216
100
AcDbTrace
 10
2046.6984048530867
 20
2823.3800704416353
 30
0.0
 11
2055.031738186488
 21
2823.3800704416353
 31
0.0
 12
2050.8650715197873
 22
2848.3800704416353
 32
0.0
 13
2050.8650715197873
 23
2848.3800704416353
 33
0.0
  0
SOLID
  5
7BF
330
7B8
100
AcDbEntity
  8
@.0.DM. NÉT CHÍNH
440
16777216
100
AcDbTrace
 10
2046.6984048530867
 20
2663.3800704416353
 30
0.0
 11
2055.031738186488
 21
2663.3800704416353
 31
0.0
 12
2050.8650715197873
 22
2638.3800704416353
 32
0.0
 13
2050.8650715197873
 23
2638.3800704416353
 33
0.0
  0
MTEXT
  5
7C0
330
7B8
100
AcDbEntity
  8
@.0.DM. NÉT CHÍNH
 62
2
440
16777216
100
AcDbMText
 10
2019.6056922564894
 20
2743.3800704415917
 30
0.0
 40
60.0
 41
0.0
 46
0.0
 71
5
  1
210
  7
TEST KÍCH THƯỚC
 11
1e-16
 21
1.0
 31
0.0
  0
POINT
  5
7C1
330
7B8
100
AcDbEntity
  8
Defpoints
 62
0
440
16777216
100
AcDbPoint
 10
2145.6354592122952
 20
2848.3800704416353
 30
0.0
  0
POINT
  5
7C2
330
7B8
100
AcDbEntity
  8
Defpoints
 62
0
440
16777216
100
AcDbPoint
 10
2145.6354592122952
 20
2638.3800704416353
 30
0.0
  0
POINT
  5
7C3
330
7B8
100
AcDbEntity
  8
Defpoints
 62
0
440
16777216
100
AcDbPoint
 10
2050.8650715197873
 20
2638.3800704416353
 30
0.0
  0
ENDBLK
  5
7BA
330
7B8
100
AcDbEntity
  8
0
100
AcDbBlockEnd
  0
BLOCK
  5
7C5
330
7C4
100
AcDbEntity
  8
0
100
AcDbBlockBegin
  2
*D10
 70
1
 10
0.0
 20
0.0
 30
0.0
  3
*D10
  1

  0
LINE
  5
7C7
330
7C4
100
AcDbEntity
  8
@.0.DM. NÉT CHÍNH
 62
8
370
-2
440
16777216
100
AcDbLine
 10
2125.635459212397
 20
2958.3800704416353
 30
0.0
 11
2049.6150715197873
 21
2958.3800704416353
 31
0.0
  0
LINE
  5
7C8
330
7C4
100
AcDbEntity
  8
@.0.DM. NÉT CHÍNH
 62
8
370
-2
440
16777216
100
AcDbLine
 10
2125.635459212397
 20
3728.3800704416353
 30
0.0
 11
2049.6150715197873
 21
3728.3800704416353
 31
0.0
  0
LINE
  5
7C9
330
7C4
100
AcDbEntity
  8
@.0.DM. NÉT CHÍNH
370
-2
440
16777216
100
AcDbLine
 10
2050.8650715197873
 20
2983.3800704416353
 30
0.0
 11
2050.8650715197873
 21
3703.3800704416353
 31
0.0
  0
SOLID
  5
7CA
330
7C4
100
AcDbEntity
  8
@.0.DM. NÉT CHÍNH
440
16777216
100
AcDbTrace
 10
2046.6984048530867
 20
2983.3800704416353
 30
0.0
 11
2055.031738186488
 21
2983.3800704416353
 31
0.0
 12
2050.8650715197873
 22
2958.3800704416353
 32
0.0
 13
2050.8650715197873
 23
2958.3800704416353
 33
0.0
  0
SOLID
  5
7CB
330
7C4
100
AcDbEntity
  8
@.0.DM. NÉT CHÍNH
440
16777216
100
AcDbTrace
 10
2046.6984048530867
 20
3703.3800704416353
 30
0.0
 11
2055.031738186488
 21
3703.3800704416353
 31
0.0
 12
2050.8650715197873
 22
3728.3800704416353
 32
0.0
 13
2050.8650715197873
 23
3728.3800704416353
 33
0.0
  0
MTEXT
  5
7CC
330
7C4
100
AcDbEntity
  8
@.0.DM. NÉT CHÍNH
 62
2
440
16777216
100
AcDbMText
 10
2019.6056922564894
 20
3343.3800704415917
 30
0.0
 40
60.0
 41
0.0
 46
0.0
 71
5
  1
770
  7
TEST KÍCH THƯỚC
 11
1e-16
 21
1.0
 31
0.0
  0
POINT
  5
7CD
330
7C4
100
AcDbEntity
  8
Defpoints
 62
0
440
16777216
100
AcDbPoint
 10
2145.6354592122952
 20
2958.3800704416353
 30
0.0
  0
POINT
  5
7CE
330
7C4
100
AcDbEntity
  8
Defpoints
 62
0
440
16777216
100
AcDbPoint
 10
2145.6354592122952
 20
3728.3800704416353
 30
0.0
  0
POINT
  5
7CF
330
7C4
100
AcDbEntity
  8
Defpoints
 62
0
440
16777216
100
AcDbPoint
 10
2050.8650715197873
 20
3728.3800704416353
 30
0.0
  0
ENDBLK
  5
7C6
330
7C4
100
AcDbEntity
  8
0
100
AcDbBlockEnd
  0
BLOCK
  5
7D1
330
7D0
100
AcDbEntity
  8
0
100
AcDbBlockBegin
  2
*D11
 70
1
 10
0.0
 20
0.0
 30
0.0
  3
*D11
  1

  0
LINE
  5
7D3
330
7D0
100
AcDbEntity
  8
@.0.DM. NÉT CHÍNH
 62
8
370
-2
440
16777216
100
AcDbLine
 10
3259.8285041405907
 20
3873.3197378580953
 30
0.0
 11
3192.225467751996
 21
3873.3197378580953
 31
0.0
  0
LINE
  5
7D4
330
7D0
100
AcDbEntity
  8
@.0.DM. NÉT CHÍNH
 62
8
370
-2
440
16777216
100
AcDbLine
 10
3259.8285041405907
 20
2523.380070441621
 30
0.0
 11
3192.225467751996
 21
2523.380070441621
 31
0.0
  0
LINE
  5
7D5
330
7D0
100
AcDbEntity
  8
@.0.DM. NÉT CHÍNH
370
-2
440
16777216
100
AcDbLine
 10
3193.475467751996
 20
3848.3197378580953
 30
0.0
 11
3193.475467751996
 21
2548.380070441621
 31
0.0
  0
SOLID
  5
7D6
330
7D0
100
AcDbEntity
  8
@.0.DM. NÉT CHÍNH
440
16777216
100
AcDbTrace
 10
3189.3088010852953
 20
3848.3197378580953
 30
0.0
 11
3197.6421344186965
 21
3848.3197378580953
 31
0.0
 12
3193.475467751996
 22
3873.3197378580953
 32
0.0
 13
3193.475467751996
 23
3873.3197378580953
 33
0.0
  0
SOLID
  5
7D7
330
7D0
100
AcDbEntity
  8
@.0.DM. NÉT CHÍNH
440
16777216
100
AcDbTrace
 10
3189.3088010852953
 20
2548.380070441621
 30
0.0
 11
3197.6421344186965
 21
2548.380070441621
 31
0.0
 12
3193.475467751996
 22
2523.380070441621
 32
0.0
 13
3193.475467751996
 23
2523.380070441621
 33
0.0
  0
MTEXT
  5
7D8
330
7D0
100
AcDbEntity
  8
@.0.DM. NÉT CHÍNH
 62
2
440
16777216
100
AcDbMText
 10
3162.195624641492
 20
3198.3499041498144
 30
0.0
 40
60.0
 41
0.0
 46
0.0
 71
5
  1
1350
  7
TEST KÍCH THƯỚC
 11
1e-16
 21
1.0
 31
0.0
  0
POINT
  5
7D9
330
7D0
100
AcDbEntity
  8
Defpoints
 62
0
440
16777216
100
AcDbPoint
 10
3279.8285041405907
 20
3873.3197378580953
 30
0.0
  0
POINT
  5
7DA
330
7D0
100
AcDbEntity
  8
Defpoints
 62
0
440
16777216
100
AcDbPoint
 10
3279.8285041405907
 20
2523.380070441621
 30
0.0
  0
POINT
  5
7DB
330
7D0
100
AcDbEntity
  8
Defpoints
 62
0
440
16777216
100
AcDbPoint
 10
3193.475467751996
 20
2523.380070441621
 30
0.0
  0
ENDBLK
  5
7D2
330
7D0
100
AcDbEntity
  8
0
100
AcDbBlockEnd
  0
BLOCK
  5
7DD
330
7DC
100
AcDbEntity
  8
0
100
AcDbBlockBegin
  2
*D12
 70
1
 10
0.0
 20
0.0
 30
0.0
  3
*D12
  1

  0
LINE
  5
7DF
330
7DC
100
AcDbEntity
  8
@.0.DM. NÉT CHÍNH
 62
8
370
-2
440
16777216
100
AcDbLine
 10
4584.577307940286
 20
3809.3800704415626
 30
0.0
 11
4584.577307940286
 21
4087.372671042962
 31
0.0
  0
LINE
  5
7E0
330
7DC
100
AcDbEntity
  8
@.0.DM. NÉT CHÍNH
 62
8
370
-2
440
16777216
100
AcDbLine
 10
5009.577307940199
 20
3809.3800704415917
 30
0.0
 11
5009.577307940199
 21
4087.372671042962
 31
0.0
  0
LINE
  5
7E1
330
7DC
100
AcDbEntity
  8
@.0.DM. NÉT CHÍNH
370
-2
440
16777216
100
AcDbLine
 10
4609.577307940199
 20
4086.122671042962
 30
0.0
 11
4984.577307940199
 21
4086.122671042962
 31
0.0
  0
SOLID
  5
7E2
330
7DC
100
AcDbEntity
  8
@.0.DM. NÉT CHÍNH
440
16777216
100
AcDbTrace
 10
4609.577307940199
 20
4090.2893377096334
 30
0.0
 11
4609.577307940199
 21
4081.9560043762904
 31
0.0
 12
4584.577307940286
 22
4086.122671042962
 32
0.0
 13
4584.577307940286
 23
4086.122671042962
 33
0.0
  0
SOLID
  5
7E3
330
7DC
100
AcDbEntity
  8
@.0.DM. NÉT CHÍNH
440
16777216
100
AcDbTrace
 10
4984.577307940199
 20
4090.2893377096334
 30
0.0
 11
4984.577307940199
 21
4081.9560043762904
 31
0.0
 12
5009.577307940199
 22
4086.122671042962
 32
0.0
 13
5009.577307940199
 23
4086.122671042962
 33
0.0
  0
MTEXT
  5
7E4
330
7DC
100
AcDbEntity
  8
@.0.DM. NÉT CHÍNH
 62
2
440
16777216
100
AcDbMText
 10
4742.905411623695
 20
4148.016429569558
 30
0.0
 40
60.0
 41
0.0
 46
0.0
 71
1
  1
425
  7
TEST KÍCH THƯỚC
  0
POINT
  5
7E5
330
7DC
100
AcDbEntity
  8
Defpoints
 62
0
440
16777216
100
AcDbPoint
 10
4584.577307940286
 20
3789.3800704415626
 30
0.0
  0
POINT
  5
7E6
330
7DC
100
AcDbEntity
  8
Defpoints
 62
0
440
16777216
100
AcDbPoint
 10
5009.577307940199
 20
3789.3800704415917
 30
0.0
  0
POINT
  5
7E7
330
7DC
100
AcDbEntity
  8
Defpoints
 62
0
440
16777216
100
AcDbPoint
 10
5009.577307940199
 20
4086.122671042962
 30
0.0
  0
ENDBLK
  5
7DE
330
7DC
100
AcDbEntity
  8
0
100
AcDbBlockEnd
  0
BLOCK
  5
7E9
330
7E8
100
AcDbEntity
  8
0
100
AcDbBlockBegin
  2
*D13
 70
1
 10
0.0
 20
0.0
 30
0.0
  3
*D13
  1

  0
LINE
  5
7EB
330
7E8
100
AcDbEntity
  8
@.0.DM. NÉT CHÍNH
 62
8
370
-2
440
16777216
100
AcDbLine
 10
4609.577307940199
 20
2507.380070441606
 30
0.0
 11
4609.577307940199
 21
2376.130070441606
 31
0.0
  0
LINE
  5
7EC
330
7E8
100
AcDbEntity
  8
@.0.DM. NÉT CHÍNH
 62
8
370
-2
440
16777216
100
AcDbLine
 10
4984.577307940286
 20
2507.3800704415917
 30
0.0
 11
4984.577307940286
 21
2376.130070441606
 31
0.0
  0
LINE
  5
7ED
330
7E8
100
AcDbEntity
  8
@.0.DM. NÉT CHÍNH
370
-2
440
16777216
100
AcDbLine
 10
4634.577307940199
 20
2377.380070441606
 30
0.0
 11
4959.577307940199
 21
2377.380070441606
 31
0.0
  0
SOLID
  5
7EE
330
7E8
100
AcDbEntity
  8
@.0.DM. NÉT CHÍNH
440
16777216
100
AcDbTrace
 10
4634.577307940199
 20
2381.5467371082777
 30
0.0
 11
4634.577307940199
 21
2373.2134037749347
 31
0.0
 12
4609.577307940199
 22
2377.380070441606
 32
0.0
 13
4609.577307940199
 23
2377.380070441606
 33
0.0
  0
SOLID
  5
7EF
330
7E8
100
AcDbEntity
  8
@.0.DM. NÉT CHÍNH
440
16777216
100
AcDbTrace
 10
4959.577307940199
 20
2381.5467371082777
 30
0.0
 11
4959.577307940199
 21
2373.2134037749347
 31
0.0
 12
4984.577307940286
 22
2377.380070441606
 32
0.0
 13
4984.577307940286
 23
2377.380070441606
 33
0.0
  0
MTEXT
  5
7F0
330
7E8
100
AcDbEntity
  8
@.0.DM. NÉT CHÍNH
 62
2
440
16777216
100
AcDbMText
 10
4743.887676289494
 20
2439.314756662614
 30
0.0
 40
60.0
 41
0.0
 46
0.0
 71
1
  1
375
  7
TEST KÍCH THƯỚC
  0
POINT
  5
7F1
330
7E8
100
AcDbEntity
  8
Defpoints
 62
0
440
16777216
100
AcDbPoint
 10
4609.577307940199
 20
2527.380070441606
 30
0.0
  0
POINT
  5
7F2
330
7E8
100
AcDbEntity
  8
Defpoints
 62
0
440
16777216
100
AcDbPoint
 10
4984.577307940286
 20
2527.3800704415917
 30
0.0
  0
POINT
  5
7F3
330
7E8
100
AcDbEntity
  8
Defpoints
 62
0
440
16777216
100
AcDbPoint
 10
4984.577307940286
 20
2377.380070441606
 30
0.0
  0
ENDBLK
  5
7EA
330
7E8
100
AcDbEntity
  8
0
100
AcDbBlockEnd
  0
BLOCK
  5
7F5
330
7F4
100
AcDbEntity
  8
0
100
AcDbBlockBegin
  2
*D14
 70
1
 10
0.0
 20
0.0
 30
0.0
  3
*D14
  1

  0
LINE
  5
7F7
330
7F4
100
AcDbEntity
  8
@.0.DM. NÉT CHÍNH
 62
8
370
-2
440
16777216
100
AcDbLine
 10
4568.577307940286
 20
2906.3800704415917
 30
0.0
 11
4506.052618894391
 21
2906.3800704415917
 31
0.0
  0
LINE
  5
7F8
330
7F4
100
AcDbEntity
  8
@.0.DM. NÉT CHÍNH
 62
8
370
-2
440
16777216
100
AcDbLine
 10
4568.577307940286
 20
3793.3800704415917
 30
0.0
 11
4506.052618894391
 21
3793.3800704415917
 31
0.0
  0
LINE
  5
7F9
330
7F4
100
AcDbEntity
  8
@.0.DM. NÉT CHÍNH
370
-2
440
16777216
100
AcDbLine
 10
4507.302618894391
 20
2931.3800704415917
 30
0.0
 11
4507.302618894391
 21
3768.3800704415917
 31
0.0
  0
SOLID
  5
7FA
330
7F4
100
AcDbEntity
  8
@.0.DM. NÉT CHÍNH
440
16777216
100
AcDbTrace
 10
4503.135952227691
 20
2931.3800704415917
 30
0.0
 11
4511.46928556099
 21
2931.3800704415917
 31
0.0
 12
4507.302618894391
 22
2906.3800704415917
 32
0.0
 13
4507.302618894391
 23
2906.3800704415917
 33
0.0
  0
SOLID
  5
7FB
330
7F4
100
AcDbEntity
  8
@.0.DM. NÉT CHÍNH
440
16777216
100
AcDbTrace
 10
4503.135952227691
 20
3768.3800704415917
 30
0.0
 11
4511.46928556099
 21
3768.3800704415917
 31
0.0
 12
4507.302618894391
 22
3793.3800704415917
 32
0.0
 13
4507.302618894391
 23
3793.3800704415917
 33
0.0
  0
MTEXT
  5
7FC
330
7F4
100
AcDbEntity
  8
@.0.DM. NÉT CHÍNH
 62
2
440
16777216
100
AcDbMText
 10
4445.408860367694
 20
3296.8214074129064
 30
0.0
 40
60.0
 41
0.0
 46
0.0
 71
1
  1
887
  7
TEST KÍCH THƯỚC
 11
1e-16
 21
1.0
 31
0.0
  0
POINT
  5
7FD
330
7F4
100
AcDbEntity
  8
Defpoints
 62
0
440
16777216
100
AcDbPoint
 10
4588.577307940286
 20
2906.3800704415917
 30
0.0
  0
POINT
  5
7FE
330
7F4
100
AcDbEntity
  8
Defpoints
 62
0
440
16777216
100
AcDbPoint
 10
4588.577307940286
 20
3793.3800704415917
 30
0.0
  0
POINT
  5
7FF
330
7F4
100
AcDbEntity
  8
Defpoints
 62
0
440
16777216
100
AcDbPoint
 10
4507.302618894391
 20
3793.3800704415917
 30
0.0
  0
ENDBLK
  5
7F6
330
7F4
100
AcDbEntity
  8
0
100
AcDbBlockEnd
  0
BLOCK
  5
801
330
800
100
AcDbEntity
  8
0
100
AcDbBlockBegin
  2
*D15
 70
1
 10
0.0
 20
0.0
 30
0.0
  3
*D15
  1

  0
LINE
  5
803
330
800
100
AcDbEntity
  8
@.0.DM. NÉT CHÍNH
 62
8
370
-2
440
16777216
100
AcDbLine
 10
4568.577307940388
 20
2900.380070441577
 30
0.0
 11
4505.052618894391
 21
2900.380070441577
 31
0.0
  0
LINE
  5
804
330
800
100
AcDbEntity
  8
@.0.DM. NÉT CHÍNH
 62
8
370
-2
440
16777216
100
AcDbLine
 10
4568.577307940388
 20
2573.380070441577
 30
0.0
 11
4505.052618894391
 21
2573.380070441577
 31
0.0
  0
LINE
  5
805
330
800
100
AcDbEntity
  8
@.0.DM. NÉT CHÍNH
370
-2
440
16777216
100
AcDbLine
 10
4506.3026188942895
 20
2875.380070441577
 30
0.0
 11
4506.3026188942895
 21
2598.380070441577
 31
0.0
  0
SOLID
  5
806
330
800
100
AcDbEntity
  8
@.0.DM. NÉT CHÍNH
440
16777216
100
AcDbTrace
 10
4502.135952227691
 20
2875.380070441577
 30
0.0
 11
4510.46928556099
 21
2875.380070441577
 31
0.0
 12
4506.3026188942895
 22
2900.380070441577
 32
0.0
 13
4506.3026188942895
 23
2900.380070441577
 33
0.0
  0
SOLID
  5
807
330
800
100
AcDbEntity
  8
@.0.DM. NÉT CHÍNH
440
16777216
100
AcDbTrace
 10
4502.135952227691
 20
2598.380070441577
 30
0.0
 11
4510.46928556099
 21
2598.380070441577
 31
0.0
 12
4506.3026188942895
 22
2573.380070441577
 32
0.0
 13
4506.3026188942895
 23
2573.380070441577
 33
0.0
  0
MTEXT
  5
808
330
800
100
AcDbEntity
  8
@.0.DM. NÉT CHÍNH
 62
2
440
16777216
100
AcDbMText
 10
4444.367932673296
 20
2683.870520646189
 30
0.0
 40
60.0
 41
0.0
 46
0.0
 71
1
  1
327
  7
TEST KÍCH THƯỚC
 11
1e-16
 21
1.0
 31
0.0
  0
POINT
  5
809
330
800
100
AcDbEntity
  8
Defpoints
 62
0
440
16777216
100
AcDbPoint
 10
4588.577307940388
 20
2900.380070441577
 30
0.0
  0
POINT
  5
80A
330
800
100
AcDbEntity
  8
Defpoints
 62
0
440
16777216
100
AcDbPoint
 10
4588.577307940388
 20
2573.380070441577
 30
0.0
  0
POINT
  5
80B
330
800
100
AcDbEntity
  8
Defpoints
 62
0
440
16777216
100
AcDbPoint
 10
4506.3026188942895
 20
2573.380070441577
 30
0.0
  0
ENDBLK
  5
802
330
800
100
AcDbEntity
  8
0
100
AcDbBlockEnd
  0
BLOCK
  5
80D
330
80C
100
AcDbEntity
  8
0
100
AcDbBlockBegin
  2
*D16
 70
1
 10
0.0
 20
0.0
 30
0.0
  3
*D16
  1

  0
LINE
  5
80F
330
80C
100
AcDbEntity
  8
@.0.DM. NÉT CHÍNH
 62
8
370
-2
440
16777216
100
AcDbLine
 10
2054.3064566467947
 20
1478.326360071398
 30
0.0
 11
1948.7648082979867
 21
1478.326360071398
 31
0.0
  0
LINE
  5
810
330
80C
100
AcDbEntity
  8
@.0.DM. NÉT CHÍNH
 62
8
370
-2
440
16777216
100
AcDbLine
 10
2054.3064566467947
 20
1103.326360071398
 30
0.0
 11
1948.7648082979867
 21
1103.326360071398
 31
0.0
  0
LINE
  5
811
330
80C
100
AcDbEntity
  8
@.0.DM. NÉT CHÍNH
370
-2
440
16777216
100
AcDbLine
 10
1950.0148082979867
 20
1453.326360071398
 30
0.0
 11
1950.0148082979867
 21
1128.326360071398
 31
0.0
  0
SOLID
  5
812
330
80C
100
AcDbEntity
  8
@.0.DM. NÉT CHÍNH
440
16777216
100
AcDbTrace
 10
1945.848141631388
 20
1453.326360071398
 30
0.0
 11
1954.1814749646874
 21
1453.326360071398
 31
0.0
 12
1950.0148082979867
 22
1478.326360071398
 32
0.0
 13
1950.0148082979867
 23
1478.326360071398
 33
0.0
  0
SOLID
  5
813
330
80C
100
AcDbEntity
  8
@.0.DM. NÉT CHÍNH
440
16777216
100
AcDbTrace
 10
1945.848141631388
 20
1128.326360071398
 30
0.0
 11
1954.1814749646874
 21
1128.326360071398
 31
0.0
 12
1950.0148082979867
 22
1103.326360071398
 32
0.0
 13
1950.0148082979867
 23
1103.326360071398
 33
0.0
  0
MTEXT
  5
814
330
80C
100
AcDbEntity
  8
@.0.DM. NÉT CHÍNH
 62
2
440
16777216
100
AcDbMText
 10
1888.0801220769936
 20
1212.6367284206208
 30
0.0
 40
60.0
 41
0.0
 46
0.0
 71
1
  1
375
  7
TEST KÍCH THƯỚC
 11
1e-16
 21
1.0
 31
0.0
  0
POINT
  5
815
330
80C
100
AcDbEntity
  8
Defpoints
 62
0
440
16777216
100
AcDbPoint
 10
2074.3064566467947
 20
1478.326360071398
 30
0.0
  0
POINT
  5
816
330
80C
100
AcDbEntity
  8
Defpoints
 62
0
440
16777216
100
AcDbPoint
 10
2074.3064566467947
 20
1103.326360071398
 30
0.0
  0
POINT
  5
817
330
80C
100
AcDbEntity
  8
Defpoints
 62
0
440
16777216
100
AcDbPoint
 10
1950.0148082979867
 20
1103.326360071398
 30
0.0
  0
ENDBLK
  5
80E
330
80C
100
AcDbEntity
  8
0
100
AcDbBlockEnd
  0
BLOCK
  5
819
330
818
100
AcDbEntity
  8
0
100
AcDbBlockBegin
  2
*D17
 70
1
 10
0.0
 20
0.0
 30
0.0
  3
*D17
  1

  0
LINE
  5
81B
330
818
100
AcDbEntity
  8
@.0.DM. NÉT CHÍNH
 62
8
370
-2
440
16777216
100
AcDbLine
 10
2074.3064566467947
 20
1496.126360071372
 30
0.0
 11
2074.3064566467947
 21
1612.7285997181752
 31
0.0
  0
LINE
  5
81C
330
818
100
AcDbEntity
  8
@.0.DM. NÉT CHÍNH
 62
8
370
-2
440
16777216
100
AcDbLine
 10
2774.3064566467947
 20
1496.126360071372
 30
0.0
 11
2774.3064566467947
 21
1612.7285997181752
 31
0.0
  0
LINE
  5
81D
330
818
100
AcDbEntity
  8
@.0.DM. NÉT CHÍNH
370
-2
440
16777216
100
AcDbLine
 10
2099.3064566467947
 20
1611.4785997181752
 30
0.0
 11
2749.3064566467947
 21
1611.4785997181752
 31
0.0
  0
SOLID
  5
81E
330
818
100
AcDbEntity
  8
@.0.DM. NÉT CHÍNH
440
16777216
100
AcDbTrace
 10
2099.3064566467947
 20
1615.6452663848468
 30
0.0
 11
2099.3064566467947
 21
1607.3119330515037
 31
0.0
 12
2074.3064566467947
 22
1611.4785997181752
 32
0.0
 13
2074.3064566467947
 23
1611.4785997181752
 33
0.0
  0
SOLID
  5
81F
330
818
100
AcDbEntity
  8
@.0.DM. NÉT CHÍNH
440
16777216
100
AcDbTrace
 10
2749.3064566467947
 20
1615.6452663848468
 30
0.0
 11
2749.3064566467947
 21
1607.3119330515037
 31
0.0
 12
2774.3064566467947
 22
1611.4785997181752
 32
0.0
 13
2774.3064566467947
 23
1611.4785997181752
 33
0.0
  0
MTEXT
  5
820
330
818
100
AcDbEntity
  8
@.0.DM. NÉT CHÍNH
 62
2
440
16777216
100
AcDbMText
 10
2421.5588440955908
 20
1673.372358244771
 30
0.0
 40
60.0
 41
0.0
 46
0.0
 71
1
  1
700
  7
TEST KÍCH THƯỚC
  0
POINT
  5
821
330
818
100
AcDbEntity
  8
Defpoints
 62
0
440
16777216
100
AcDbPoint
 10
2074.3064566467947
 20
1476.126360071372
 30
0.0
  0
POINT
  5
822
330
818
100
AcDbEntity
  8
Defpoints
 62
0
440
16777216
100
AcDbPoint
 10
2774.3064566467947
 20
1476.126360071372
 30
0.0
  0
POINT
  5
823
330
818
100
AcDbEntity
  8
Defpoints
 62
0
440
16777216
100
AcDbPoint
 10
2774.3064566467947
 20
1611.4785997181752
 30
0.0
  0
ENDBLK
  5
81A
330
818
100
AcDbEntity
  8
0
100
AcDbBlockEnd
  0
ENDSEC
  0
SECTION
  2
ENTITIES
  0
INSERT
  5
2F
330
17
100
AcDbEntity
  8
0 TĂNG CỨNG
 62
1
100
AcDbBlockReference
 66
1
  2
KHUNG KT1
 10
0.0
 20
4431.660905631346
 30
0.0
 41
0.8792977987369557
 42
0.8792977987369557
 43
0.8792977987369557
  0
ATTRIB
  5
30
330
2F
100
AcDbEntity
  8
0 TĂNG CỨNG
 62
1
100
AcDbText
 10
749.9087335573859
 20
46.07030764933734
 30
0.0
 40
52.75786792325356
  1
/2023
  7
Arial
100
AcDbAttribute
  2
#12
 70
0
280
1
 71
1
 72
0
  0
ATTRIB
  5
31
330
2F
100
AcDbEntity
  8
0
 62
1
100
AcDbText
 10
289.2260345961986
 20
166.134079435069
 30
0.0
 40
52.75786792321089
  1
manh
  7
Tahoma (Input Text)
100
AcDbAttribute
  2
#01
 70
0
 71
1
 72
0
  0
ATTRIB
  5
32
330
2F
100
AcDbEntity
  8
0
 62
1
100
AcDbText
 10
1331.888500844987
 20
170.29902020076406
 30
0.0
 40
52.75786792321089
  1
....
  7
Tahoma (Input Text)
100
AcDbAttribute
  2
#03
 70
0
 71
1
 72
0
  0
ATTRIB
  5
33
330
2F
100
AcDbEntity
  8
0
 62
1
100
AcDbText
 10
1543.4339959979989
 20
39.51519641937921
 30
0.0
 40
52.75786792321089
  1
/2023
  7
Tahoma (Input Text)
100
AcDbAttribute
  2
#04
 70
0
 71
1
 72
0
  0
ATTRIB
  5
34
330
2F
100
AcDbEntity
  8
0
 62
1
100
AcDbText
 10
2478.7484960593865
 20
166.134079435069
 30
0.0
 40
52.75786792321089
  1
Tủ công to
  7
Tahoma (Input Text)
100
AcDbAttribute
  2
#05
 70
0
 71
1
 72
0
  0
ATTRIB
  5
35
330
2F
100
AcDbEntity
  8
0
 62
1
100
AcDbText
 10
2398.5856483592943
 20
39.51519641937921
 30
0.0
 40
52.75786792321089
  1
1350x700x425
  7
Tahoma (Input Text)
100
AcDbAttribute
  2
#06
 70
0
 71
1
 72
0
  0
ATTRIB
  5
36
330
2F
100
AcDbEntity
  8
0
 62
1
100
AcDbText
 10
3890.0265152064967
 20
166.134079435069
 30
0.0
 40
52.75786792321089
  1
06
  7
Tahoma (Input Text)
100
AcDbAttribute
  2
#07
 70
0
 71
1
 72
0
  0
ATTRIB
  5
37
330
2F
100
AcDbEntity
  8
0
 62
1
100
AcDbText
 10
3853.6578903657937
 20
39.51519641937921
 30
0.0
 40
52.75786792321089
  1
2.0
  7
Tahoma (Input Text)
100
AcDbAttribute
  2
#08
 70
0
 71
1
 72
0
  0
ATTRIB
  5
38
330
2F
100
AcDbEntity
  8
0
 62
1
100
AcDbText
 10
4548.5195537619875
 20
39.51519641937921
 30
0.0
 40
52.75786792321089
  1
Sơn tĩnh điện màu Ghi RAL 7035
  7
Tahoma (Input Text)
100
AcDbAttribute
  2
#10
 70
0
 71
1
 72
0
  0
ATTRIB
  5
39
330
2F
100
AcDbEntity
  8
0
 62
1
100
AcDbText
 10
4548.5195537619875
 20
166.134079435069
 30
0.0
 40
52.75786792321089
  1
Tủ ngoài troi - 2 cánh - thanh gá
  7
Tahoma (Input Text)
100
AcDbAttribute
  2
#09
 70
0
 71
1
 72
0
  0
ATTRIB
  5
3A
330
2F
100
AcDbEntity
  8
0
 62
1
100
AcDbText
 10
6085.650058730695
 20
68.90641806043277
 30
0.0
 40
52.75786792321089
  1
......
  7
Tahoma (Input Text)
 72
1
 11
6151.553103953789
 21
68.90641806043277
 31
0.0
100
AcDbAttribute
  2
#11
 70
0
 71
1
 72
0
 11
6151.553103953789
 21
68.90641806043277
 31
0.0
  0
ATTRIB
  5
3B
330
2F
100
AcDbEntity
  8
0
 62
1
100
AcDbText
 10
166.87860047299182
 20
39.51519641937921
 30
0.0
 40
52.75786792321089
  1
Quyen
  7
Tahoma (Input Text)
100
AcDbAttribute
  2
#02
 70
0
 71
1
 72
0
  0
SEQEND
  5
3C
330
17
100
AcDbEntity
  8
0 TĂNG CỨNG
 62
1
  0
ARC
  5
3D
330
17
100
AcDbEntity
  8
@.0.DM. NÉT CHÍNH
100
AcDbCircle
 10
831.2912850060966
 20
2735.8800704415917
 30
0.0
 40
3.000000000000636
100
AcDbArc
 50
187.2459217984408
 51
212.7202912473136
  0
CIRCLE
  5
3E
330
17
100
AcDbEntity
  8
@.0.DM. NÉT CHÍNH
100
AcDbCircle
 10
825.7912850060966
 20
3366.8800704415626
 30
0.0
 40
3.0
  0
CIRCLE
  5
3F
330
17
100
AcDbEntity
  8
@.0.DM. NÉT CHÍNH
100
AcDbCircle
 10
825.7912850060966
 20
3332.8800704415626
 30
0.0
 40
3.0
  0
CIRCLE
  5
40
330
17
100
AcDbEntity
  8
@.0.DM. NÉT CHÍNH
100
AcDbCircle
 10
825.7912850060966
 20
3349.8800704415626
 30
0.0
 40
12.0
  0
CIRCLE
  5
41
330
17
100
AcDbEntity
  8
@.0.DM. NÉT CHÍNH
100
AcDbCircle
 10
825.7912850060966
 20
2733.8800704415335
 30
0.0
 40
3.000000000000014
  0
CIRCLE
  5
42
330
17
100
AcDbEntity
  8
@.0.DM. NÉT CHÍNH
100
AcDbCircle
 10
825.7912850060966
 20
2699.8800704415335
 30
0.0
 40
3.000000000000014
  0
CIRCLE
  5
43
330
17
100
AcDbEntity
  8
@.0.DM. NÉT CHÍNH
100
AcDbCircle
 10
825.7912850060966
 20
2716.8800704415335
 30
0.0
 40
12.00000000000005
  0
DIMENSION
  5
44
330
17
100
AcDbEntity
  8
@.0.DM. NÉT CHÍNH @ 1
100
AcDbDimension
280
0
  2
*D1
  3
Kích thước Duy Mạnh
 10
523.7305297491985
 20
2523.380070441621
 30
0.0
 11
523.7305297491985
 21
3151.208291037008
 31
0.0
 70
128
 71
5
 42
1349.939667416474
 73
0
 74
0
 75
0
  1
<>
100
AcDbAlignedDimension
 13
745.7912850060966
 23
3873.319737858066
 33
0.0
 14
748.8619956841867
 24
2523.3800704415917
 34
0.0
 50
-90.00000000000001
100
AcDbRotatedDimension
  0
DIMENSION
  5
45
330
17
100
AcDbEntity
  8
@.0.DM. NÉT CHÍNH @ 1
100
AcDbDimension
280
0
  2
*D2
  3
Kích thước Duy Mạnh
 10
744.7912850060966
 20
3972.5898942808562
 30
0.0
 11
1094.2912850060966
 21
3972.5898942808562
 31
0.0
 70
128
 71
5
 42
700.0
 73
0
 74
0
 75
0
  1
<>
100
AcDbAlignedDimension
 13
1444.7912850060966
 23
3789.3800704415917
 33
0.0
 14
744.7912850060966
 24
3806.6922527482966
 34
0.0
 50
180.0
100
AcDbRotatedDimension
  0
SPLINE
  5
46
330
17
100
AcDbEntity
  8
@.0.DM. NÉT CHÍNH
100
AcDbSpline
 70
13
 71
3
 72
32
 73
28
 74
0
 42
1e-09
 40
0.0
 40
0.0
 40
0.0
 40
0.0
 40
1.570796326794896
 40
1.570796326794896
 40
1.570796326794896
 40
3.141592653589793
 40
3.141592653589793
 40
3.141592653589793
 40
4.141592653589793
 40
4.141592653589793
 40
4.141592653589793
 40
5.207028470097847
 40
5.207028470097847
 40
5.207028470097847
 40
5.253293783293667
 40
5.253293783293667
 40
5.400553850387962
 40
5.400553850387962
 40
5.547813917482259
 40
5.547813917482259
 40
5.594079230678072
 40
5.594079230678072
 40
5.594079230678072
 40
6.659515047186126
 40
6.659515047186126
 40
6.659515047186126
 40
7.659515047186126
 40
7.659515047186126
 40
7.659515047186126
 40
7.659515047186126
 41
0.9999999999999998
 41
0.8047378541243649
 41
0.8047378541243649
 41
0.9999999999999998
 41
0.8047378541243649
 41
0.8047378541243649
 41
0.9999999999999998
 41
1.0
 41
1.0
 41
1.0
 41
0.9076199281191843
 41
0.9076199281191843
 41
1.0
 41
1.0
 41
1.0
 41
1.0
 41
1.0
 41
1.0
 41
1.0
 41
1.0
 41
1.0
 41
1.0
 41
0.907619928119184
 41
0.907619928119184
 41
0.9999999999999998
 41
1.0
 41
1.0
 41
1.0
 10
2742.1354592122952
 20
3649.3800704415917
 30
0.0
 10
2739.7923134617886
 20
3649.3800704415917
 30
0.0
 10
2738.1354592122952
 20
3651.0369246910996
 30
0.0
 10
2738.1354592122952
 20
3653.3800704415917
 30
0.0
 10
2738.1354592122952
 20
3655.723216192084
 30
0.0
 10
2739.7923134617886
 20
3657.3800704415917
 30
0.0
 10
2742.1354592122952
 20
3657.3800704415917
 30
0.0
 10
2743.1354592122952
 20
3657.380070441606
 30
0.0
 10
2744.1354592122952
 20
3657.380070441606
 30
0.0
 10
2745.1354592122952
 20
3657.380070441606
 30
0.0
 10
2746.6276447577984
 20
3657.3800704415917
 30
0.0
 10
2747.913057991391
 20
3656.6222244670207
 30
0.0
 10
2748.6354592122952
 20
3655.3165621147054
 30
0.0
 10
2748.7139706408925
 20
3655.1746611688577
 30
0.0
 10
2748.7842906522856
 20
3655.0270889936946
 30
0.0
 10
2749.039573288188
 20
3654.3938717700657
 30
0.0
 10
2749.1354592122952
 20
3653.8709373319143
 30
0.0
 10
2749.1354592122952
 20
3652.8892035512836
 30
0.0
 10
2749.039573288188
 20
3652.3662691131467
 30
0.0
 10
2748.7842906522856
 20
3651.7330518895033
 30
0.0
 10
2748.7139706408925
 20
3651.58547971434
 30
0.0
 10
2748.6354592122952
 20
3651.4435787684924
 30
0.0
 10
2747.913057991289
 20
3650.1379164161626
 30
0.0
 10
2746.6276447577984
 20
3649.380070441606
 30
0.0
 10
2745.1354592122952
 20
3649.3800704415917
 30
0.0
 10
2744.1354592122952
 20
3649.380070441606
 30
0.0
 10
2743.1354592122952
 20
3649.380070441606
 30
0.0
 10
2742.1354592122952
 20
3649.380070441606
 30
0.0
  0
SPLINE
  5
47
330
17
100
AcDbEntity
  8
@.0.DM. NÉT CHÍNH
100
AcDbSpline
 70
13
 71
3
 72
32
 73
28
 74
0
 42
1e-09
 40
0.0
 40
0.0
 40
0.0
 40
0.0
 40
1.570796326794896
 40
1.570796326794896
 40
1.570796326794896
 40
3.141592653589793
 40
3.141592653589793
 40
3.141592653589793
 40
4.141592653589793
 40
4.141592653589793
 40
4.141592653589793
 40
5.207028470097847
 40
5.207028470097847
 40
5.207028470097847
 40
5.253293783293684
 40
5.253293783293684
 40
5.400553850387984
 40
5.400553850387984
 40
5.547813917482286
 40
5.547813917482286
 40
5.594079230678127
 40
5.594079230678127
 40
5.594079230678127
 40
6.659515047186181
 40
6.659515047186181
 40
6.659515047186181
 40
7.659515047186181
 40
7.659515047186181
 40
7.659515047186181
 40
7.659515047186181
 41
0.9999999999999998
 41
0.8047378541243649
 41
0.8047378541243649
 41
0.9999999999999998
 41
0.8047378541243649
 41
0.8047378541243649
 41
0.9999999999999998
 41
1.0
 41
1.0
 41
1.0
 41
0.9076199281191843
 41
0.9076199281191843
 41
1.0
 41
1.0
 41
1.0
 41
1.0
 41
1.0
 41
1.0
 41
1.0
 41
1.0
 41
1.0
 41
1.0
 41
0.907619928119184
 41
0.907619928119184
 41
0.9999999999999998
 41
1.0
 41
1.0
 41
1.0
 10
2742.1354592122952
 20
3049.380070441577
 30
0.0
 10
2739.7923134617886
 20
3049.380070441577
 30
0.0
 10
2738.1354592122952
 20
3051.036924691085
 30
0.0
 10
2738.1354592122952
 20
3053.3800704415917
 30
0.0
 10
2738.1354592122952
 20
3055.7232161920983
 30
0.0
 10
2739.7923134617886
 20
3057.3800704415917
 30
0.0
 10
2742.1354592122952
 20
3057.3800704415917
 30
0.0
 10
2743.1354592122952
 20
3057.380070441606
 30
0.0
 10
2744.1354592122952
 20
3057.380070441606
 30
0.0
 10
2745.1354592122952
 20
3057.380070441606
 30
0.0
 10
2746.6276447577984
 20
3057.3800704415917
 30
0.0
 10
2747.913057991391
 20
3056.622224467006
 30
0.0
 10
2748.6354592122952
 20
3055.3165621147054
 30
0.0
 10
2748.7139706408925
 20
3055.1746611688723
 30
0.0
 10
2748.7842906522856
 20
3055.0270889936946
 30
0.0
 10
2749.039573288188
 20
3054.3938717700657
 30
0.0
 10
2749.1354592122952
 20
3053.8709373319143
 30
0.0
 10
2749.1354592122952
 20
3052.8892035512836
 30
0.0
 10
2749.039573288188
 20
3052.3662691131467
 30
0.0
 10
2748.7842906522856
 20
3051.7330518895033
 30
0.0
 10
2748.7139706408925
 20
3051.58547971434
 30
0.0
 10
2748.6354592122952
 20
3051.4435787684924
 30
0.0
 10
2747.913057991289
 20
3050.1379164161626
 30
0.0
 10
2746.6276447577984
 20
3049.3800704415917
 30
0.0
 10
2745.1354592122952
 20
3049.3800704415917
 30
0.0
 10
2744.1354592122952
 20
3049.380070441606
 30
0.0
 10
2743.1354592122952
 20
3049.380070441606
 30
0.0
 10
2742.1354592122952
 20
3049.380070441606
 30
0.0
  0
SPLINE
  5
48
330
17
100
AcDbEntity
  8
@.0.DM. NÉT CHÍNH
100
AcDbSpline
 70
13
 71
3
 72
32
 73
28
 74
0
 42
1e-09
 40
0.0
 40
0.0
 40
0.0
 40
0.0
 40
1.570796326794896
 40
1.570796326794896
 40
1.570796326794896
 40
3.141592653589793
 40
3.141592653589793
 40
3.141592653589793
 40
4.141592653589793
 40
4.141592653589793
 40
4.141592653589793
 40
5.207028470097847
 40
5.207028470097847
 40
5.207028470097847
 40
5.253293783293673
 40
5.253293783293673
 40
5.400553850387971
 40
5.400553850387971
 40
5.547813917482269
 40
5.547813917482269
 40
5.594079230678086
 40
5.594079230678086
 40
5.594079230678086
 40
6.65951504718614
 40
6.65951504718614
 40
6.65951504718614
 40
7.65951504718614
 40
7.65951504718614
 40
7.65951504718614
 40
7.65951504718614
 41
0.9999999999999998
 41
0.8047378541243649
 41
0.8047378541243649
 41
0.9999999999999998
 41
0.8047378541243649
 41
0.8047378541243649
 41
0.9999999999999998
 41
1.0
 41
1.0
 41
1.0
 41
0.9076199281191843
 41
0.9076199281191843
 41
1.0
 41
1.0
 41
1.0
 41
1.0
 41
1.0
 41
1.0
 41
1.0
 41
1.0
 41
1.0
 41
1.0
 41
0.907619928119184
 41
0.907619928119184
 41
0.9999999999999998
 41
1.0
 41
1.0
 41
1.0
 10
2742.1354592122952
 20
3029.3800704415917
 30
0.0
 10
2739.7923134617886
 20
3029.3800704415917
 30
0.0
 10
2738.1354592122952
 20
3031.036924691085
 30
0.0
 10
2738.1354592122952
 20
3033.380070441606
 30
0.0
 10
2738.1354592122952
 20
3035.7232161921274
 30
0.0
 10
2739.7923134617886
 20
3037.380070441621
 30
0.0
 10
2742.1354592122952
 20
3037.380070441606
 30
0.0
 10
2743.1354592122952
 20
3037.380070441606
 30
0.0
 10
2744.1354592122952
 20
3037.380070441606
 30
0.0
 10
2745.1354592122952
 20
3037.380070441606
 30
0.0
 10
2746.6276447577984
 20
3037.380070441606
 30
0.0
 10
2747.913057991391
 20
3036.6222244670353
 30
0.0
 10
2748.6354592122952
 20
3035.31656211472
 30
0.0
 10
2748.7139706408925
 20
3035.1746611688723
 30
0.0
 10
2748.7842906522856
 20
3035.027088993709
 30
0.0
 10
2749.039573288188
 20
3034.3938717700657
 30
0.0
 10
2749.1354592122952
 20
3033.8709373319143
 30
0.0
 10
2749.1354592122952
 20
3032.889203551298
 30
0.0
 10
2749.039573288188
 20
3032.3662691131467
 30
0.0
 10
2748.7842906522856
 20
3031.7330518895033
 30
0.0
 10
2748.7139706408925
 20
3031.58547971434
 30
0.0
 10
2748.6354592122952
 20
3031.443578768507
 30
0.0
 10
2747.913057991289
 20
3030.1379164161626
 30
0.0
 10
2746.6276447577984
 20
3029.380070441606
 30
0.0
 10
2745.1354592122952
 20
3029.380070441606
 30
0.0
 10
2744.1354592122952
 20
3029.380070441606
 30
0.0
 10
2743.1354592122952
 20
3029.380070441606
 30
0.0
 10
2742.1354592122952
 20
3029.380070441606
 30
0.0
  0
SPLINE
  5
49
330
17
100
AcDbEntity
  8
@.0.DM. NÉT CHÍNH
100
AcDbSpline
 70
13
 71
3
 72
32
 73
28
 74
0
 42
1e-09
 40
0.0
 40
0.0
 40
0.0
 40
0.0
 40
1.570796326794896
 40
1.570796326794896
 40
1.570796326794896
 40
3.141592653589793
 40
3.141592653589793
 40
3.141592653589793
 40
4.141592653589793
 40
4.141592653589793
 40
4.141592653589793
 40
5.207028470097847
 40
5.207028470097847
 40
5.207028470097847
 40
5.253293783293647
 40
5.253293783293647
 40
5.400553850387942
 40
5.400553850387942
 40
5.547813917482238
 40
5.547813917482238
 40
5.594079230678027
 40
5.594079230678027
 40
5.594079230678027
 40
6.659515047186081
 40
6.659515047186081
 40
6.659515047186081
 40
7.659515047186081
 40
7.659515047186081
 40
7.659515047186081
 40
7.659515047186081
 41
0.9999999999999998
 41
0.8047378541243649
 41
0.8047378541243649
 41
0.9999999999999998
 41
0.8047378541243649
 41
0.8047378541243649
 41
0.9999999999999998
 41
1.0
 41
1.0
 41
1.0
 41
0.9076199281191843
 41
0.9076199281191843
 41
1.0
 41
1.0
 41
1.0
 41
1.0
 41
1.0
 41
1.0
 41
1.0
 41
1.0
 41
1.0
 41
1.0
 41
0.907619928119184
 41
0.907619928119184
 41
0.9999999999999998
 41
1.0
 41
1.0
 41
1.0
 10
2742.1354592122952
 20
3629.3800704415917
 30
0.0
 10
2739.7923134617886
 20
3629.3800704415917
 30
0.0
 10
2738.1354592122952
 20
3631.0369246910996
 30
0.0
 10
2738.1354592122952
 20
3633.3800704415917
 30
0.0
 10
2738.1354592122952
 20
3635.7232161920983
 30
0.0
 10
2739.7923134617886
 20
3637.3800704415917
 30
0.0
 10
2742.1354592122952
 20
3637.3800704415917
 30
0.0
 10
2743.1354592122952
 20
3637.380070441606
 30
0.0
 10
2744.1354592122952
 20
3637.380070441606
 30
0.0
 10
2745.1354592122952
 20
3637.380070441606
 30
0.0
 10
2746.6276447577984
 20
3637.380070441606
 30
0.0
 10
2747.913057991391
 20
3636.6222244670353
 30
0.0
 10
2748.6354592122952
 20
3635.31656211472
 30
0.0
 10
2748.7139706408925
 20
3635.1746611688723
 30
0.0
 10
2748.7842906522856
 20
3635.0270889936946
 30
0.0
 10
2749.039573288188
 20
3634.3938717700657
 30
0.0
 10
2749.1354592122952
 20
3633.8709373319143
 30
0.0
 10
2749.1354592122952
 20
3632.889203551298
 30
0.0
 10
2749.039573288188
 20
3632.3662691131467
 30
0.0
 10
2748.7842906522856
 20
3631.7330518895033
 30
0.0
 10
2748.7139706408925
 20
3631.58547971434
 30
0.0
 10
2748.6354592122952
 20
3631.443578768507
 30
0.0
 10
2747.913057991289
 20
3630.1379164161626
 30
0.0
 10
2746.6276447577984
 20
3629.3800704415917
 30
0.0
 10
2745.1354592122952
 20
3629.3800704415917
 30
0.0
 10
2744.1354592122952
 20
3629.380070441606
 30
0.0
 10
2743.1354592122952
 20
3629.380070441606
 30
0.0
 10
2742.1354592122952
 20
3629.380070441606
 30
0.0
  0
SPLINE
  5
4A
330
17
100
AcDbEntity
  8
@.0.DM. NÉT CHÍNH
100
AcDbSpline
 70
13
 71
3
 72
32
 73
28
 74
0
 42
1e-09
 40
0.0
 40
0.0
 40
0.0
 40
0.0
 40
1.570796326794896
 40
1.570796326794896
 40
1.570796326794896
 40
3.141592653589793
 40
3.141592653589793
 40
3.141592653589793
 40
4.141592653589793
 40
4.141592653589793
 40
4.141592653589793
 40
5.207028470097847
 40
5.207028470097847
 40
5.207028470097847
 40
5.253293783293698
 40
5.253293783293698
 40
5.400553850388001
 40
5.400553850388001
 40
5.547813917482304
 40
5.547813917482304
 40
5.594079230678148
 40
5.594079230678148
 40
5.594079230678148
 40
6.659515047186202
 40
6.659515047186202
 40
6.659515047186202
 40
7.659515047186202
 40
7.659515047186202
 40
7.659515047186202
 40
7.659515047186202
 41
0.9999999999999998
 41
0.8047378541243649
 41
0.8047378541243649
 41
0.9999999999999998
 41
0.8047378541243649
 41
0.8047378541243649
 41
0.9999999999999998
 41
1.0
 41
1.0
 41
1.0
 41
0.9076199281191843
 41
0.9076199281191843
 41
1.0
 41
1.0
 41
1.0
 41
1.0
 41
1.0
 41
1.0
 41
1.0
 41
1.0
 41
1.0
 41
1.0
 41
0.907619928119184
 41
0.907619928119184
 41
0.9999999999999998
 41
1.0
 41
1.0
 41
1.0
 10
2742.1354592122952
 20
2789.3800704415917
 30
0.0
 10
2739.7923134617886
 20
2789.3800704415917
 30
0.0
 10
2738.1354592122952
 20
2791.036924691085
 30
0.0
 10
2738.1354592122952
 20
2793.3800704415917
 30
0.0
 10
2738.1354592122952
 20
2795.7232161920983
 30
0.0
 10
2739.7923134617886
 20
2797.3800704415917
 30
0.0
 10
2742.1354592122952
 20
2797.380070441606
 30
0.0
 10
2743.1354592122952
 20
2797.380070441606
 30
0.0
 10
2744.1354592122952
 20
2797.380070441606
 30
0.0
 10
2745.1354592122952
 20
2797.380070441606
 30
0.0
 10
2746.6276447577984
 20
2797.380070441606
 30
0.0
 10
2747.913057991391
 20
2796.6222244670353
 30
0.0
 10
2748.6354592122952
 20
2795.31656211472
 30
0.0
 10
2748.7139706408925
 20
2795.1746611688723
 30
0.0
 10
2748.7842906522856
 20
2795.027088993709
 30
0.0
 10
2749.039573288188
 20
2794.3938717700657
 30
0.0
 10
2749.1354592122952
 20
2793.8709373319143
 30
0.0
 10
2749.1354592122952
 20
2792.889203551298
 30
0.0
 10
2749.039573288188
 20
2792.3662691131467
 30
0.0
 10
2748.7842906522856
 20
2791.7330518895033
 30
0.0
 10
2748.7139706408925
 20
2791.58547971434
 30
0.0
 10
2748.6354592122952
 20
2791.443578768507
 30
0.0
 10
2747.913057991391
 20
2790.1379164161626
 30
0.0
 10
2746.6276447577984
 20
2789.380070441606
 30
0.0
 10
2745.1354592122952
 20
2789.380070441606
 30
0.0
 10
2744.1354592122952
 20
2789.380070441606
 30
0.0
 10
2743.1354592122952
 20
2789.380070441606
 30
0.0
 10
2742.1354592122952
 20
2789.380070441606
 30
0.0
  0
SPLINE
  5
4B
330
17
100
AcDbEntity
  8
@.0.DM. NÉT CHÍNH
100
AcDbSpline
 70
13
 71
3
 72
32
 73
28
 74
0
 42
1e-09
 40
0.0
 40
0.0
 40
0.0
 40
0.0
 40
1.570796326794896
 40
1.570796326794896
 40
1.570796326794896
 40
3.141592653589793
 40
3.141592653589793
 40
3.141592653589793
 40
4.141592653589793
 40
4.141592653589793
 40
4.141592653589793
 40
5.207028470097847
 40
5.207028470097847
 40
5.207028470097847
 40
5.253293783293697
 40
5.253293783293697
 40
5.400553850388
 40
5.400553850388
 40
5.547813917482302
 40
5.547813917482302
 40
5.594079230678149
 40
5.594079230678149
 40
5.594079230678149
 40
6.659515047186203
 40
6.659515047186203
 40
6.659515047186203
 40
7.659515047186203
 40
7.659515047186203
 40
7.659515047186203
 40
7.659515047186203
 41
0.9999999999999998
 41
0.8047378541243649
 41
0.8047378541243649
 41
0.9999999999999998
 41
0.8047378541243649
 41
0.8047378541243649
 41
0.9999999999999998
 41
1.0
 41
1.0
 41
1.0
 41
0.9076199281191843
 41
0.9076199281191843
 41
1.0
 41
1.0
 41
1.0
 41
1.0
 41
1.0
 41
1.0
 41
1.0
 41
1.0
 41
1.0
 41
1.0
 41
0.907619928119184
 41
0.907619928119184
 41
0.9999999999999998
 41
1.0
 41
1.0
 41
1.0
 10
2742.1354592122952
 20
2669.3800704415917
 30
0.0
 10
2739.7923134617886
 20
2669.3800704415917
 30
0.0
 10
2738.1354592122952
 20
2671.036924691085
 30
0.0
 10
2738.1354592122952
 20
2673.3800704415917
 30
0.0
 10
2738.1354592122952
 20
2675.723216192084
 30
0.0
 10
2739.7923134617886
 20
2677.380070441606
 30
0.0
 10
2742.1354592122952
 20
2677.380070441606
 30
0.0
 10
2743.1354592122952
 20
2677.380070441606
 30
0.0
 10
2744.1354592122952
 20
2677.380070441606
 30
0.0
 10
2745.1354592122952
 20
2677.380070441606
 30
0.0
 10
2746.6276447577984
 20
2677.380070441606
 30
0.0
 10
2747.913057991391
 20
2676.6222244670353
 30
0.0
 10
2748.6354592122952
 20
2675.3165621147054
 30
0.0
 10
2748.7139706408925
 20
2675.1746611688723
 30
0.0
 10
2748.7842906522856
 20
2675.0270889936946
 30
0.0
 10
2749.039573288188
 20
2674.3938717700657
 30
0.0
 10
2749.1354592122952
 20
2673.8709373319143
 30
0.0
 10
2749.1354592122952
 20
2672.889203551298
 30
0.0
 10
2749.039573288188
 20
2672.3662691131467
 30
0.0
 10
2748.7842906522856
 20
2671.7330518895033
 30
0.0
 10
2748.7139706408925
 20
2671.5854797143256
 30
0.0
 10
2748.6354592122952
 20
2671.443578768507
 30
0.0
 10
2747.913057991391
 20
2670.1379164161626
 30
0.0
 10
2746.6276447577984
 20
2669.3800704415917
 30
0.0
 10
2745.1354592122952
 20
2669.380070441606
 30
0.0
 10
2744.1354592122952
 20
2669.380070441606
 30
0.0
 10
2743.1354592122952
 20
2669.380070441606
 30
0.0
 10
2742.1354592122952
 20
2669.380070441606
 30
0.0
  0
SPLINE
  5
4C
330
17
100
AcDbEntity
  8
@.0.DM. NÉT CHÍNH
100
AcDbSpline
 70
13
 71
3
 72
32
 73
28
 74
0
 42
1e-09
 40
0.0
 40
0.0
 40
0.0
 40
0.0
 40
1.570796326794896
 40
1.570796326794896
 40
1.570796326794896
 40
3.141592653589793
 40
3.141592653589793
 40
3.141592653589793
 40
4.141592653589793
 40
4.141592653589793
 40
4.141592653589793
 40
5.207028470097847
 40
5.207028470097847
 40
5.207028470097847
 40
5.253293783293718
 40
5.253293783293718
 40
5.400553850388025
 40
5.400553850388025
 40
5.547813917482331
 40
5.547813917482331
 40
5.594079230678202
 40
5.594079230678202
 40
5.594079230678202
 40
6.659515047186256
 40
6.659515047186256
 40
6.659515047186256
 40
7.659515047186256
 40
7.659515047186256
 40
7.659515047186256
 40
7.659515047186256
 41
0.9999999999999998
 41
0.8047378541243649
 41
0.8047378541243649
 41
0.9999999999999998
 41
0.8047378541243649
 41
0.8047378541243649
 41
0.9999999999999998
 41
1.0
 41
1.0
 41
1.0
 41
0.9076199281191843
 41
0.9076199281191843
 41
1.0
 41
1.0
 41
1.0
 41
1.0
 41
1.0
 41
1.0
 41
1.0
 41
1.0
 41
1.0
 41
1.0
 41
0.907619928119184
 41
0.907619928119184
 41
0.9999999999999998
 41
1.0
 41
1.0
 41
1.0
 10
2742.1354592122952
 20
2689.380070441577
 30
0.0
 10
2739.7923134617886
 20
2689.380070441577
 30
0.0
 10
2738.1354592122952
 20
2691.036924691085
 30
0.0
 10
2738.1354592122952
 20
2693.3800704415917
 30
0.0
 10
2738.1354592122952
 20
2695.723216192084
 30
0.0
 10
2739.7923134617886
 20
2697.380070441606
 30
0.0
 10
2742.1354592122952
 20
2697.3800704415917
 30
0.0
 10
2743.1354592122952
 20
2697.380070441606
 30
0.0
 10
2744.1354592122952
 20
2697.380070441606
 30
0.0
 10
2745.1354592122952
 20
2697.380070441606
 30
0.0
 10
2746.6276447577984
 20
2697.3800704415917
 30
0.0
 10
2747.913057991391
 20
2696.6222244670353
 30
0.0
 10
2748.6354592122952
 20
2695.31656211472
 30
0.0
 10
2748.7139706408925
 20
2695.1746611688723
 30
0.0
 10
2748.7842906522856
 20
2695.027088993709
 30
0.0
 10
2749.039573288188
 20
2694.3938717700657
 30
0.0
 10
2749.1354592122952
 20
2693.8709373319143
 30
0.0
 10
2749.1354592122952
 20
2692.8892035512836
 30
0.0
 10
2749.039573288188
 20
2692.3662691131467
 30
0.0
 10
2748.7842906522856
 20
2691.733051889518
 30
0.0
 10
2748.7139706408925
 20
2691.58547971434
 30
0.0
 10
2748.6354592122952
 20
2691.443578768507
 30
0.0
 10
2747.913057991391
 20
2690.137916416177
 30
0.0
 10
2746.6276447577984
 20
2689.3800704415917
 30
0.0
 10
2745.1354592122952
 20
2689.3800704415917
 30
0.0
 10
2744.1354592122952
 20
2689.380070441606
 30
0.0
 10
2743.1354592122952
 20
2689.380070441606
 30
0.0
 10
2742.1354592122952
 20
2689.380070441606
 30
0.0
  0
SPLINE
  5
4D
330
17
100
AcDbEntity
  8
@.0.DM. NÉT CHÍNH
100
AcDbSpline
 70
13
 71
3
 72
32
 73
28
 74
0
 42
1e-09
 40
0.0
 40
0.0
 40
0.0
 40
0.0
 40
1.570796326794896
 40
1.570796326794896
 40
1.570796326794896
 40
3.141592653589793
 40
3.141592653589793
 40
3.141592653589793
 40
4.141592653589793
 40
4.141592653589793
 40
4.141592653589793
 40
5.207028470097847
 40
5.207028470097847
 40
5.207028470097847
 40
5.253293783293717
 40
5.253293783293717
 40
5.400553850388024
 40
5.400553850388024
 40
5.547813917482329
 40
5.547813917482329
 40
5.594079230678202
 40
5.594079230678202
 40
5.594079230678202
 40
6.659515047186256
 40
6.659515047186256
 40
6.659515047186256
 40
7.659515047186256
 40
7.659515047186256
 40
7.659515047186256
 40
7.659515047186256
 41
0.9999999999999998
 41
0.8047378541243649
 41
0.8047378541243649
 41
0.9999999999999998
 41
0.8047378541243649
 41
0.8047378541243649
 41
0.9999999999999998
 41
1.0
 41
1.0
 41
1.0
 41
0.9076199281191843
 41
0.9076199281191843
 41
1.0
 41
1.0
 41
1.0
 41
1.0
 41
1.0
 41
1.0
 41
1.0
 41
1.0
 41
1.0
 41
1.0
 41
0.907619928119184
 41
0.907619928119184
 41
0.9999999999999998
 41
1.0
 41
1.0
 41
1.0
 10
2742.1354592122952
 20
2809.3800704415917
 30
0.0
 10
2739.7923134617886
 20
2809.3800704415917
 30
0.0
 10
2738.1354592122952
 20
2811.036924691085
 30
0.0
 10
2738.1354592122952
 20
2813.3800704415917
 30
0.0
 10
2738.1354592122952
 20
2815.7232161920983
 30
0.0
 10
2739.7923134617886
 20
2817.380070441577
 30
0.0
 10
2742.1354592122952
 20
2817.380070441577
 30
0.0
 10
2743.1354592122952
 20
2817.380070441606
 30
0.0
 10
2744.1354592122952
 20
2817.380070441606
 30
0.0
 10
2745.1354592122952
 20
2817.380070441606
 30
0.0
 10
2746.6276447577984
 20
2817.380070441606
 30
0.0
 10
2747.913057991391
 20
2816.6222244670353
 30
0.0
 10
2748.6354592122952
 20
2815.31656211472
 30
0.0
 10
2748.7139706408925
 20
2815.1746611688723
 30
0.0
 10
2748.7842906522856
 20
2815.027088993709
 30
0.0
 10
2749.039573288188
 20
2814.3938717700657
 30
0.0
 10
2749.1354592122952
 20
2813.8709373319143
 30
0.0
 10
2749.1354592122952
 20
2812.8892035512836
 30
0.0
 10
2749.039573288188
 20
2812.3662691131467
 30
0.0
 10
2748.7842906522856
 20
2811.7330518895033
 30
0.0
 10
2748.7139706408925
 20
2811.58547971434
 30
0.0
 10
2748.6354592122952
 20
2811.443578768507
 30
0.0
 10
2747.913057991391
 20
2810.137916416148
 30
0.0
 10
2746.6276447577984
 20
2809.3800704415917
 30
0.0
 10
2745.1354592122952
 20
2809.3800704415917
 30
0.0
 10
2744.1354592122952
 20
2809.380070441606
 30
0.0
 10
2743.1354592122952
 20
2809.380070441606
 30
0.0
 10
2742.1354592122952
 20
2809.380070441606
 30
0.0
  0
INSERT
  5
4E
330
17
100
AcDbEntity
  8
@.0.DM. NÉT CHÍNH
 62
6
100
AcDbBlockReference
  2
ÁDFGHD
 10
85293.74826139888
 20
50350.527925807895
 30
0.0
  0
LWPOLYLINE
  5
50
330
17
100
AcDbEntity
  8
@.0.DM. NÉT CHÍNH
 62
0
100
AcDbPolyline
 90
4
 70
1
 10
741.7912850060966
 20
3808.880070441606
 10
1447.7912850060966
 20
3808.880070441606
 10
1447.7912850060966
 20
3873.319737858066
 10
741.7912850060966
 20
3873.319737858066
  0
LWPOLYLINE
  5
51
330
17
100
AcDbEntity
  8
@.0.DM. NÉT CHÍNH
 62
0
100
AcDbPolyline
 90
4
 70
1
 10
745.7912850060966
 20
3793.3800704415917
 10
1443.7912850060966
 20
3793.3800704415917
 10
1443.7912850060966
 20
2906.3800704415626
 10
745.7912850060966
 20
2906.3800704415626
  0
LWPOLYLINE
  5
52
330
17
100
AcDbEntity
  8
@.0.DM. NÉT CHÍNH
 62
0
100
AcDbPolyline
 90
4
 70
1
 10
1444.7912850060966
 20
2573.3800704415917
 10
744.7912850060966
 20
2573.3800704415917
 10
744.7912850060966
 20
3808.8800704415917
 10
1444.7912850060966
 20
3808.8800704415917
  0
LWPOLYLINE
  5
53
330
17
100
AcDbEntity
  8
@.0.DM. NÉT CHÍNH
 62
0
100
AcDbPolyline
 90
4
 70
1
 10
744.7912850060966
 20
2523.3800704415917
 10
1444.7912850060966
 20
2523.3800704415917
 10
1444.7912850060966
 20
2573.3800704415917
 10
744.7912850060966
 20
2573.3800704415917
  0
LWPOLYLINE
  5
54
330
17
100
AcDbEntity
  8
@.0.DM. NÉT CHÍNH
 62
0
100
AcDbPolyline
 90
4
 70
1
 10
745.7912850060966
 20
2900.3800704415335
 10
1443.7912850060966
 20
2900.3800704415335
 10
1443.7912850060966
 20
2573.3800704415335
 10
745.7912850060966
 20
2573.3800704415335
  0
LWPOLYLINE
  5
55
330
17
100
AcDbEntity
  8
@.0.DM. NÉT CHÍNH
 62
0
100
AcDbPolyline
 90
4
 70
1
 10
2094.1354592122952
 20
3808.380070441577
 10
2798.1354592122952
 20
3808.380070441577
 10
2798.1354592122952
 20
3872.8297896566946
 10
2094.1354592122952
 20
3872.8297896566946
  0
LWPOLYLINE
  5
56
330
17
100
AcDbEntity
  8
@.0.DM. NÉT CHÍNH
 62
0
100
AcDbPolyline
 90
4
 70
1
 10
2096.1354592122952
 20
3808.380070441577
 10
2796.1354592122952
 20
3808.380070441577
 10
2796.1354592122952
 20
2573.380070441606
 10
2096.1354592122952
 20
2573.380070441606
  0
LWPOLYLINE
  5
57
330
17
100
AcDbEntity
  8
@.0.DM. NÉT CHÍNH
 62
0
100
AcDbPolyline
 90
4
 70
1
 10
2138.1354592122952
 20
3751.3800704415917
 10
2754.1354592122952
 20
3751.3800704415917
 10
2754.1354592122952
 20
2935.380070441606
 10
2138.1354592122952
 20
2935.380070441606
  0
LWPOLYLINE
  5
58
330
17
100
AcDbEntity
  8
@.0.DM. NÉT CHÍNH
 62
0
100
AcDbPolyline
 90
4
 70
1
 10
2126.1354592122952
 20
3763.3800704415917
 10
2766.1354592122952
 20
3763.3800704415917
 10
2766.1354592122952
 20
2923.380070441606
 10
2126.1354592122952
 20
2923.380070441606
  0
LWPOLYLINE
  5
59
330
17
100
AcDbEntity
  8
@.0.DM. NÉT CHÍNH
 62
6
100
AcDbPolyline
 90
4
 70
1
 10
2145.6354592122952
 20
3728.380070441606
 10
2751.6354592122952
 20
3728.380070441606
 10
2751.6354592122952
 20
2958.380070441606
 10
2145.6354592122952
 20
2958.380070441606
  0
LWPOLYLINE
  5
5A
330
17
100
AcDbEntity
  8
@.0.DM. NÉT CHÍNH
 62
6
100
AcDbPolyline
 90
4
 70
1
 10
2145.6354592122952
 20
2848.380070441606
 10
2751.6354592122952
 20
2848.380070441606
 10
2751.6354592122952
 20
2638.380070441606
 10
2145.6354592122952
 20
2638.380070441606
  0
LWPOLYLINE
  5
5B
330
17
100
AcDbEntity
  8
@.0.DM. NÉT CHÍNH
 62
8
100
AcDbPolyline
 90
4
 70
1
 10
2136.1354592122952
 20
2873.380070441606
 10
2756.1354592122952
 20
2873.380070441606
 10
2756.1354592122952
 20
2613.380070441606
 10
2136.1354592122952
 20
2613.380070441606
  0
LWPOLYLINE
  5
5C
330
17
100
AcDbEntity
  8
@.0.DM. NÉT CHÍNH
 62
0
100
AcDbPolyline
 90
4
 70
1
 10
2138.1354592122952
 20
2871.380070441606
 10
2754.1354592122952
 20
2871.380070441606
 10
2754.1354592122952
 20
2615.380070441606
 10
2138.1354592122952
 20
2615.380070441606
  0
LWPOLYLINE
  5
5D
330
17
100
AcDbEntity
  8
@.0.DM. NÉT CHÍNH
 62
0
100
AcDbPolyline
 90
4
 70
1
 10
2126.1354592122952
 20
2883.380070441606
 10
2766.1354592122952
 20
2883.380070441606
 10
2766.1354592122952
 20
2603.380070441606
 10
2126.1354592122952
 20
2603.380070441606
  0
LWPOLYLINE
  5
5E
330
17
100
AcDbEntity
  8
@.0.DM. NÉT CHÍNH
 62
0
100
AcDbPolyline
 90
4
 70
1
 10
2138.2061698904
 20
2633.880070441606
 10
2754.0647485341906
 20
2633.880070441606
 10
2754.0647485341906
 20
2852.880070441606
 10
2138.2061698904
 20
2852.880070441606
  0
LWPOLYLINE
  5
5F
330
17
100
AcDbEntity
  8
@.0.DM. NÉT CHÍNH
 62
0
100
AcDbPolyline
 90
4
 70
1
 10
2138.1354592122952
 20
2953.880070441606
 10
2754.1354592122952
 20
2953.880070441606
 10
2754.1354592122952
 20
3732.8800704415917
 10
2138.1354592122952
 20
3732.8800704415917
  0
LWPOLYLINE
  5
60
330
17
100
AcDbEntity
  8
@.0.DM. NÉT CHÍNH
100
AcDbPolyline
 90
4
 70
0
 10
2766.1354592122952
 20
2692.380070441606
 10
2770.6354592122952
 20
2692.380070441606
 42
-0.9999999999999998
 10
2770.6354592122952
 20
2684.380070441606
 10
2766.1354592122952
 20
2684.380070441606
  0
LWPOLYLINE
  5
61
330
17
100
AcDbEntity
  8
@.0.DM. NÉT CHÍNH
100
AcDbPolyline
 90
4
 70
0
 10
2766.1354592122952
 20
2642.380070441606
 10
2770.6354592122952
 20
2642.380070441606
 42
-0.9999999999999998
 10
2770.6354592122952
 20
2634.380070441606
 10
2766.1354592122952
 20
2634.380070441606
  0
LWPOLYLINE
  5
62
330
17
100
AcDbEntity
  8
@.0.DM. NÉT CHÍNH
100
AcDbPolyline
 90
4
 70
0
 10
2766.1354592122952
 20
2802.380070441606
 10
2770.6354592122952
 20
2802.380070441606
 42
-0.9999999999999998
 10
2770.6354592122952
 20
2794.380070441606
 10
2766.1354592122952
 20
2794.380070441606
  0
LWPOLYLINE
  5
63
330
17
100
AcDbEntity
  8
@.0.DM. NÉT CHÍNH
100
AcDbPolyline
 90
4
 70
0
 10
2766.1354592122952
 20
2827.380070441606
 10
2770.6354592122952
 20
2827.380070441606
 42
-0.9999999999999998
 10
2770.6354592122952
 20
2819.380070441606
 10
2766.1354592122952
 20
2819.380070441606
  0
LWPOLYLINE
  5
64
330
17
100
AcDbEntity
  8
@.0.DM. NÉT CHÍNH
100
AcDbPolyline
 90
4
 70
0
 10
2766.1354592122952
 20
2667.380070441606
 10
2770.6354592122952
 20
2667.380070441606
 42
-0.9999999999999998
 10
2770.6354592122952
 20
2659.380070441606
 10
2766.1354592122952
 20
2659.380070441606
  0
LWPOLYLINE
  5
65
330
17
100
AcDbEntity
  8
@.0.DM. NÉT CHÍNH
100
AcDbPolyline
 90
4
 70
0
 10
2766.1354592122952
 20
2852.380070441606
 10
2770.6354592122952
 20
2852.380070441606
 42
-0.9999999999999998
 10
2770.6354592122952
 20
2844.380070441606
 10
2766.1354592122952
 20
2844.380070441606
  0
LWPOLYLINE
  5
66
330
17
100
AcDbEntity
  8
@.0.DM. NÉT CHÍNH
100
AcDbPolyline
 90
4
 70
0
 10
2766.1354592122952
 20
3672.380070441606
 10
2770.6354592122952
 20
3672.380070441606
 42
-0.9999999999999998
 10
2770.6354592122952
 20
3664.380070441606
 10
2766.1354592122952
 20
3664.380070441606
  0
LWPOLYLINE
  5
67
330
17
100
AcDbEntity
  8
@.0.DM. NÉT CHÍNH
100
AcDbPolyline
 90
4
 70
0
 10
2766.1354592122952
 20
3622.380070441606
 10
2770.6354592122952
 20
3622.380070441606
 42
-0.9999999999999998
 10
2770.6354592122952
 20
3614.380070441606
 10
2766.1354592122952
 20
3614.380070441606
  0
LWPOLYLINE
  5
68
330
17
100
AcDbEntity
  8
@.0.DM. NÉT CHÍNH
100
AcDbPolyline
 90
4
 70
0
 10
2766.1354592122952
 20
3047.380070441606
 10
2770.6354592122952
 20
3047.380070441606
 42
-0.9999999999999998
 10
2770.6354592122952
 20
3039.380070441606
 10
2766.1354592122952
 20
3039.380070441606
  0
LWPOLYLINE
  5
69
330
17
100
AcDbEntity
  8
@.0.DM. NÉT CHÍNH
100
AcDbPolyline
 90
4
 70
0
 10
2766.1354592122952
 20
3022.380070441606
 10
2770.6354592122952
 20
3022.380070441606
 42
-0.9999999999999998
 10
2770.6354592122952
 20
3014.380070441606
 10
2766.1354592122952
 20
3014.380070441606
  0
LWPOLYLINE
  5
6A
330
17
100
AcDbEntity
  8
@.0.DM. NÉT CHÍNH
100
AcDbPolyline
 90
4
 70
0
 10
2766.1354592122952
 20
3072.380070441606
 10
2770.6354592122952
 20
3072.380070441606
 42
-0.9999999999999998
 10
2770.6354592122952
 20
3064.380070441606
 10
2766.1354592122952
 20
3064.380070441606
  0
LWPOLYLINE
  5
6B
330
17
100
AcDbEntity
  8
@.0.DM. NÉT CHÍNH
100
AcDbPolyline
 90
4
 70
0
 10
2766.1354592122952
 20
3647.380070441606
 10
2770.6354592122952
 20
3647.380070441606
 42
-0.9999999999999998
 10
2770.6354592122952
 20
3639.380070441606
 10
2766.1354592122952
 20
3639.380070441606
  0
LWPOLYLINE
  5
6C
330
17
100
AcDbEntity
  8
@.0.DM. NÉT CHÍNH
100
AcDbPolyline
 90
8
 70
1
 10
2198.1354592122952
 20
2732.880070441606
 10
2183.1354592122952
 20
2732.880070441606
 42
-0.4142135623730951
 10
2180.1354592122952
 20
2735.880070441606
 10
2180.1354592122952
 20
2750.880070441606
 42
-0.4142135623730951
 10
2183.1354592122952
 20
2753.880070441606
 10
2198.1354592122952
 20
2753.880070441606
 42
-0.4142135623730951
 10
2201.1354592122952
 20
2750.880070441606
 10
2201.1354592122952
 20
2735.880070441606
 42
-0.4142135623730951
  0
LWPOLYLINE
  5
6D
330
17
100
AcDbEntity
  8
@.0.DM. NÉT CHÍNH
100
AcDbPolyline
 90
8
 70
1
 10
2198.1354592122952
 20
3332.880070441606
 10
2183.1354592122952
 20
3332.880070441606
 42
-0.4142135623730951
 10
2180.1354592122952
 20
3335.880070441606
 10
2180.1354592122952
 20
3350.880070441606
 42
-0.4142135623730951
 10
2183.1354592122952
 20
3353.880070441606
 10
2198.1354592122952
 20
3353.880070441606
 42
-0.4142135623730951
 10
2201.1354592122952
 20
3350.880070441606
 10
2201.1354592122952
 20
3335.880070441606
 42
-0.4142135623730951
  0
LWPOLYLINE
  5
6E
330
17
100
AcDbEntity
  8
@.0.DM. NÉT CHÍNH
 62
0
100
AcDbPolyline
 90
4
 70
1
 10
3279.8285041405907
 20
3808.880070441606
 10
3985.8285041405907
 20
3808.880070441606
 10
3985.8285041405907
 20
3873.319737858066
 10
3279.8285041405907
 20
3873.319737858066
  0
LWPOLYLINE
  5
6F
330
17
100
AcDbEntity
  8
@.0.DM. NÉT CHÍNH
 62
0
100
AcDbPolyline
 90
4
 70
1
 10
3982.8285041405907
 20
2573.3800704415917
 10
3282.8285041405907
 20
2573.3800704415917
 10
3282.8285041405907
 20
3808.8800704415917
 10
3982.8285041405907
 20
3808.8800704415917
  0
LWPOLYLINE
  5
70
330
17
100
AcDbEntity
  8
@.0.DM. NÉT CHÍNH
 62
0
100
AcDbPolyline
 90
4
 70
1
 10
3940.3285041405907
 20
2615.8800704415917
 10
3325.3285041405907
 20
2615.8800704415917
 10
3325.3285041405907
 20
3750.8800704415917
 10
3940.3285041405907
 20
3750.8800704415917
  0
LWPOLYLINE
  5
71
330
17
100
AcDbEntity
  8
@.0.DM. NÉT CHÍNH
 62
0
100
AcDbPolyline
 90
4
 70
1
 10
3952.3285041405907
 20
2603.8800704415917
 10
3313.3285041405907
 20
2603.8800704415917
 10
3313.3285041405907
 20
3762.8800704415917
 10
3952.3285041405907
 20
3762.8800704415917
  0
LWPOLYLINE
  5
72
330
17
100
AcDbEntity
  8
@.0.DM. NÉT CHÍNH
 62
0
100
AcDbPolyline
 90
4
 70
1
 10
3282.8285041405907
 20
2523.3800704415917
 10
3982.8285041405907
 20
2523.3800704415917
 10
3982.8285041405907
 20
2573.3800704415917
 10
3282.8285041405907
 20
2573.3800704415917
  0
LWPOLYLINE
  5
73
330
17
100
AcDbEntity
  8
@.0.DM. NÉT CHÍNH
 62
0
100
AcDbPolyline
 90
4
 70
1
 10
3325.3285041405907
 20
2633.8800704415917
 10
3940.3285041405907
 20
2633.8800704415917
 10
3940.3285041405907
 20
3732.8800704415917
 10
3325.3285041405907
 20
3732.8800704415917
  0
LWPOLYLINE
  5
74
330
17
100
AcDbEntity
  8
@.0.DM. NÉT CHÍNH
 62
8
100
AcDbPolyline
 90
4
 70
1
 10
3340.3285041405907
 20
3718.3800704416353
 10
3925.3285041405907
 20
3718.3800704416353
 10
3925.3285041405907
 20
2649.3800704416353
 10
3340.3285041405907
 20
2649.3800704416353
  0
LWPOLYLINE
  5
75
330
17
100
AcDbEntity
  8
@.0.DM. NÉT CHÍNH
 62
2
100
AcDbPolyline
 90
4
 70
1
 10
3914.8285041405907
 20
3714.3800704416644
 10
3944.8285041405907
 20
3714.3800704416644
 10
3944.8285041405907
 20
2933.3800704415917
 10
3914.8285041405907
 20
2933.3800704415917
  0
INSERT
  5
76
330
17
100
AcDbEntity
  8
@.0.DM. NÉT CHÍNH
 62
0
100
AcDbBlockReference
  2
*U12868
 10
3929.8285041405907
 20
3145.8800704416644
 30
0.0
  0
INSERT
  5
78
330
17
100
AcDbEntity
  8
@.0.DM. NÉT CHÍNH
 62
0
100
AcDbBlockReference
  2
*U12865
 10
3929.8285041405907
 20
3145.8800704416644
 30
0.0
 41
-1.0
 50
180.0
  0
LWPOLYLINE
  5
7A
330
17
100
AcDbEntity
  8
@.0.DM. NÉT CHÍNH
 62
2
100
AcDbPolyline
 90
4
 70
1
 10
3320.8285041405907
 20
3714.3800704416644
 10
3350.8285041405907
 20
3714.3800704416644
 10
3350.8285041405907
 20
2933.3800704415917
 10
3320.8285041405907
 20
2933.3800704415917
  0
INSERT
  5
7B
330
17
100
AcDbEntity
  8
@.0.DM. NÉT CHÍNH
 62
0
100
AcDbBlockReference
  2
*U12872
 10
3335.8285041405907
 20
3145.8800704416644
 30
0.0
  0
INSERT
  5
7D
330
17
100
AcDbEntity
  8
@.0.DM. NÉT CHÍNH
 62
0
100
AcDbBlockReference
  2
*U12870
 10
3335.8285041405907
 20
3145.8800704416644
 30
0.0
 41
-1.0
 50
180.0
  0
LWPOLYLINE
  5
7F
330
17
100
AcDbEntity
  8
@.0.DM. NÉT CHÍNH
 62
1
100
AcDbPolyline
 90
8
 70
1
 10
3284.8285041405907
 20
3719.3800704415917
 10
3318.828504140489
 20
3719.3800704415917
 10
3318.828504140489
 20
3686.3800704415917
 10
3320.8285041405907
 20
3686.3800704415917
 10
3320.8285041405907
 20
3721.3800704415917
 10
3286.8285041405907
 20
3721.3800704415917
 10
3286.8285041405907
 20
3739.3800704415917
 10
3284.8285041405907
 20
3739.3800704415917
  0
LWPOLYLINE
  5
80
330
17
100
AcDbEntity
  8
@.0.DM. NÉT CHÍNH
 62
1
100
AcDbPolyline
 90
6
 70
1
 10
3318.8285041405907
 20
2577.3800704415917
 10
3284.8285041405907
 20
2577.3800704415917
 10
3284.8285041405907
 20
2575.3800704415917
 10
3320.8285041405907
 20
2575.3800704415917
 10
3320.8285041405907
 20
2610.3800704415917
 10
3318.8285041405907
 20
2610.3800704415917
  0
LWPOLYLINE
  5
81
330
17
100
AcDbEntity
  8
@.0.DM. NÉT CHÍNH
 62
1
100
AcDbPolyline
 90
8
 70
1
 10
3980.8285041405907
 20
3719.3800704415917
 10
3946.8285041405907
 20
3719.3800704415917
 10
3946.8285041405907
 20
3686.3800704415917
 10
3944.8285041405907
 20
3686.3800704415917
 10
3944.8285041405907
 20
3721.3800704415917
 10
3978.8285041405907
 20
3721.3800704415917
 10
3978.8285041405907
 20
3739.3800704415917
 10
3980.8285041405907
 20
3739.3800704415917
  0
LWPOLYLINE
  5
82
330
17
100
AcDbEntity
  8
@.0.DM. NÉT CHÍNH
 62
1
100
AcDbPolyline
 90
6
 70
1
 10
3946.8285041405907
 20
2577.3800704415917
 10
3980.8285041405907
 20
2577.3800704415917
 10
3980.8285041405907
 20
2575.3800704415917
 10
3944.8285041405907
 20
2575.3800704415917
 10
3944.8285041405907
 20
2610.3800704415917
 10
3946.8285041405907
 20
2610.3800704415917
  0
LWPOLYLINE
  5
83
330
17
100
AcDbEntity
  8
@.0.DM. NÉT CHÍNH
 62
0
100
AcDbPolyline
 90
4
 70
1
 10
3321.2285041405994
 20
2933.3800704415917
 10
3944.4285041405965
 20
2933.3800704415917
 10
3944.4285041405965
 20
2873.3800704415917
 10
3321.2285041405994
 20
2873.3800704415917
  0
LWPOLYLINE
  5
84
330
17
100
AcDbEntity
  8
@.0.DM. NÉT CHÍNH
100
AcDbPolyline
 90
4
 70
1
 10
3957.3285041405907
 20
3664.3800704415917
 10
3951.3285041405907
 20
3664.3800704415917
 42
-0.9999999999999998
 10
3951.3285041405907
 20
3672.3800704415917
 10
3957.3285041405907
 20
3672.3800704415917
 42
-0.9999999999999998
  0
LWPOLYLINE
  5
85
330
17
100
AcDbEntity
  8
@.0.DM. NÉT CHÍNH
100
AcDbPolyline
 90
4
 70
1
 10
3957.3285041405907
 20
3614.3800704415917
 10
3951.3285041405907
 20
3614.3800704415917
 42
-0.9999999999999998
 10
3951.3285041405907
 20
3622.3800704415917
 10
3957.3285041405907
 20
3622.3800704415917
 42
-0.9999999999999998
  0
LWPOLYLINE
  5
86
330
17
100
AcDbEntity
  8
@.0.DM. NÉT CHÍNH
100
AcDbPolyline
 90
4
 70
1
 10
3957.3285041405907
 20
3639.3800704415917
 10
3951.3285041405907
 20
3639.3800704415917
 42
-0.9999999999999998
 10
3951.3285041405907
 20
3647.3800704415917
 10
3957.3285041405907
 20
3647.3800704415917
 42
-0.9999999999999998
  0
LWPOLYLINE
  5
87
330
17
100
AcDbEntity
  8
@.0.DM. NÉT CHÍNH
100
AcDbPolyline
 90
4
 70
1
 10
3957.3285041405907
 20
3039.3800704415917
 10
3951.3285041405907
 20
3039.3800704415917
 42
-0.9999999999999998
 10
3951.3285041405907
 20
3047.3800704415917
 10
3957.3285041405907
 20
3047.3800704415917
 42
-0.9999999999999998
  0
LWPOLYLINE
  5
88
330
17
100
AcDbEntity
  8
@.0.DM. NÉT CHÍNH
100
AcDbPolyline
 90
4
 70
1
 10
3951.3285041405907
 20
2802.3800704415917
 10
3957.3285041405907
 20
2802.3800704415917
 42
-0.9999999999999998
 10
3957.3285041405907
 20
2794.380070441606
 10
3951.3285041405907
 20
2794.380070441606
 42
-0.9999999999999998
  0
LWPOLYLINE
  5
89
330
17
100
AcDbEntity
  8
@.0.DM. NÉT CHÍNH
100
AcDbPolyline
 90
4
 70
1
 10
3951.3285041405907
 20
2827.380070441606
 10
3957.3285041405907
 20
2827.380070441606
 42
-0.9999999999999998
 10
3957.3285041405907
 20
2819.380070441606
 10
3951.3285041405907
 20
2819.3800704415917
 42
-0.9999999999999998
  0
LWPOLYLINE
  5
8A
330
17
100
AcDbEntity
  8
@.0.DM. NÉT CHÍNH
100
AcDbPolyline
 90
4
 70
1
 10
3957.3285041405907
 20
2844.380070441606
 10
3951.3285041405907
 20
2844.380070441606
 42
-0.9999999999999998
 10
3951.3285041405907
 20
2852.3800704415917
 10
3957.3285041405907
 20
2852.3800704415917
 42
-0.9999999999999998
  0
LWPOLYLINE
  5
8B
330
17
100
AcDbEntity
  8
@.0.DM. NÉT CHÍNH
100
AcDbPolyline
 90
4
 70
1
 10
3957.3285041405907
 20
3014.3800704415917
 10
3951.3285041405907
 20
3014.3800704415917
 42
-0.9999999999999998
 10
3951.3285041405907
 20
3022.3800704415917
 10
3957.3285041405907
 20
3022.3800704415917
 42
-0.9999999999999998
  0
LWPOLYLINE
  5
8C
330
17
100
AcDbEntity
  8
@.0.DM. NÉT CHÍNH
100
AcDbPolyline
 90
4
 70
1
 10
3957.3285041405907
 20
3064.3800704415917
 10
3951.3285041405907
 20
3064.3800704415917
 42
-0.9999999999999998
 10
3951.3285041405907
 20
3072.3800704415917
 10
3957.3285041405907
 20
3072.3800704415917
 42
-0.9999999999999998
  0
LWPOLYLINE
  5
8D
330
17
100
AcDbEntity
  8
@.0.DM. NÉT CHÍNH
100
AcDbPolyline
 90
4
 70
1
 10
3957.3285041405907
 20
2684.380070441606
 10
3951.3285041405907
 20
2684.380070441606
 42
-0.9999999999999998
 10
3951.3285041405907
 20
2692.380070441606
 10
3957.3285041405907
 20
2692.380070441606
 42
-0.9999999999999998
  0
LWPOLYLINE
  5
8E
330
17
100
AcDbEntity
  8
@.0.DM. NÉT CHÍNH
100
AcDbPolyline
 90
4
 70
1
 10
3957.3285041405907
 20
2634.380070441606
 10
3951.3285041405907
 20
2634.380070441606
 42
-0.9999999999999998
 10
3951.3285041405907
 20
2642.380070441606
 10
3957.3285041405907
 20
2642.380070441606
 42
-0.9999999999999998
  0
LWPOLYLINE
  5
8F
330
17
100
AcDbEntity
  8
@.0.DM. NÉT CHÍNH
100
AcDbPolyline
 90
4
 70
1
 10
3951.3285041405907
 20
2667.380070441606
 10
3957.3285041405907
 20
2667.380070441606
 42
-0.9999999999999998
 10
3957.3285041405907
 20
2659.380070441606
 10
3951.3285041405907
 20
2659.380070441606
 42
-0.9999999999999998
  0
LINE
  5
90
330
17
100
AcDbEntity
  8
@.0.DM. NÉT CHÍNH
 62
6
100
AcDbLine
 10
3320.8285041405907
 20
2577.3800704416644
 30
0.0
 11
3350.8285041405907
 21
2577.3800704416644
 31
0.0
  0
LINE
  5
91
330
17
100
AcDbEntity
  8
@.0.DM. NÉT CHÍNH
 62
6
100
AcDbLine
 10
3944.8285041405907
 20
2577.3800704416644
 30
0.0
 11
3914.8285041405907
 21
2577.3800704416644
 31
0.0
  0
DIMENSION
  5
92
330
17
100
AcDbEntity
  8
@.0.DM. NÉT CHÍNH @ 1
 62
6
100
AcDbDimension
280
0
  2
*D3
  3
Kích thước Duy Mạnh
 10
2796.1354592122952
 20
3967.664831507005
 30
0.0
 11
2446.1354592122952
 21
3998.924210770303
 31
0.0
 70
0
 71
5
 42
700.0000000000146
 73
0
 74
0
 75
0
100
AcDbAlignedDimension
 13
2096.1354592122952
 23
3808.380070441577
 33
0.0
 14
2796.1354592122952
 24
3808.380070441577
 34
0.0
 50
0.0
100
AcDbRotatedDimension
  0
DIMENSION
  5
93
330
17
100
AcDbEntity
  8
@.0.DM. NÉT CHÍNH @ 1
 62
6
100
AcDbDimension
280
0
  2
*D4
  3
Kích thước Duy Mạnh
 10
3982.8285041405907
 20
3959.0735656816687
 30
0.0
 11
3632.8285041405907
 21
3990.3329449449666
 31
0.0
 70
0
 71
5
 42
700.0000000000291
 73
0
 74
0
 75
0
100
AcDbAlignedDimension
 13
3282.8285041405907
 23
3801.9823473301512
 33
0.0
 14
3982.8285041405907
 24
3801.9823473301512
 34
0.0
 50
0.0
100
AcDbRotatedDimension
  0
DIMENSION
  5
94
330
17
100
AcDbEntity
  8
@.0.DM. NÉT CHÍNH @ 1
 62
6
100
AcDbDimension
280
0
  2
*D5
  3
Kích thước Duy Mạnh
 10
666.7584324464988
 20
3793.380070441621
 30
0.0
 11
635.4990531831863
 21
3349.8800704415626
 31
0.0
 70
0
 71
5
 42
887.000000000029
 73
0
 74
0
 75
0
100
AcDbAlignedDimension
 13
745.7912850060966
 23
2906.3800704415626
 33
0.0
 14
745.7912850060966
 24
3793.3800704415917
 34
0.0
 50
90.0
100
AcDbRotatedDimension
  0
DIMENSION
  5
95
330
17
100
AcDbEntity
  8
@.0.DM. NÉT CHÍNH @ 1
 62
6
100
AcDbDimension
280
0
  2
*D6
  3
Kích thước Duy Mạnh
 10
666.7584324463969
 20
2573.380070441621
 30
0.0
 11
635.478589335893
 21
2736.880070441548
 31
0.0
 70
0
 71
5
 42
326.9999999999418
 73
0
 74
0
 75
0
100
AcDbAlignedDimension
 13
745.7912850060966
 23
2900.3800704415335
 33
0.0
 14
745.7912850060966
 24
2573.3800704415917
 34
0.0
 50
90.0
100
AcDbRotatedDimension
  0
DIMENSION
  5
96
330
17
100
AcDbEntity
  8
@.0.DM. NÉT CHÍNH @ 1
 62
6
100
AcDbDimension
280
0
  2
*D7
  3
Kích thước Duy Mạnh
 10
1950.9413257935958
 20
2603.3800704416353
 30
0.0
 11
1919.6819465302979
 21
2743.3800704415917
 31
0.0
 70
0
 71
5
 42
280.0
 73
0
 74
0
 75
0
100
AcDbAlignedDimension
 13
2126.1354592122952
 23
2883.380070441606
 33
0.0
 14
2126.1354592122952
 24
2603.380070441606
 34
0.0
 50
90.0
100
AcDbRotatedDimension
  0
DIMENSION
  5
97
330
17
100
AcDbEntity
  8
@.0.DM. NÉT CHÍNH @ 1
 62
6
100
AcDbDimension
280
0
  2
*D8
  3
Kích thước Duy Mạnh
 10
1951.4207339912973
 20
3763.380070441621
 30
0.0
 11
1920.1613547279994
 21
3343.380070441577
 31
0.0
 70
0
 71
5
 42
839.9999999999854
 73
0
 74
0
 75
0
100
AcDbAlignedDimension
 13
2126.1354592122952
 23
2923.380070441606
 33
0.0
 14
2126.1354592122952
 24
3763.3800704415917
 34
0.0
 50
90.0
100
AcDbRotatedDimension
  0
DIMENSION
  5
98
330
17
100
AcDbEntity
  8
@.0.DM. NÉT CHÍNH @ 1
 62
6
100
AcDbDimension
280
0
  2
*D9
  3
Kích thước Duy Mạnh
 10
2050.8650715197873
 20
2638.3800704416353
 30
0.0
 11
2019.6056922564894
 21
2743.3800704415917
 31
0.0
 70
0
 71
5
 42
210.0
 73
0
 74
0
 75
0
100
AcDbAlignedDimension
 13
2145.6354592122952
 23
2848.380070441606
 33
0.0
 14
2145.6354592122952
 24
2638.380070441606
 34
0.0
 50
90.0
100
AcDbRotatedDimension
  0
DIMENSION
  5
99
330
17
100
AcDbEntity
  8
@.0.DM. NÉT CHÍNH @ 1
 62
6
100
AcDbDimension
280
0
  2
*D10
  3
Kích thước Duy Mạnh
 10
2050.8650715197873
 20
3728.3800704416353
 30
0.0
 11
2019.6056922564894
 21
3343.3800704415917
 31
0.0
 70
0
 71
5
 42
770.0
 73
0
 74
0
 75
0
100
AcDbAlignedDimension
 13
2145.6354592122952
 23
2958.380070441606
 33
0.0
 14
2145.6354592122952
 24
3728.380070441606
 34
0.0
 50
90.0
100
AcDbRotatedDimension
  0
DIMENSION
  5
9A
330
17
100
AcDbEntity
  8
@.0.DM. NÉT CHÍNH @ 1
 62
6
100
AcDbDimension
280
0
  2
*D11
  3
Kích thước Duy Mạnh
 10
3193.475467751996
 20
2523.380070441621
 30
0.0
 11
3162.195624641492
 21
3198.3499041498144
 31
0.0
 70
0
 71
5
 42
1349.939667416474
 73
0
 74
0
 75
0
100
AcDbAlignedDimension
 13
3279.8285041405907
 23
3873.319737858066
 33
0.0
 14
3279.8285041405907
 24
2523.3800704415917
 34
0.0
 50
90.0
100
AcDbRotatedDimension
  0
CIRCLE
  5
9B
330
17
100
AcDbEntity
  8
@.0.DM. NÉT CHÍNH
100
AcDbCircle
 10
4797.077307940199
 20
3764.8800704415917
 30
0.0
 40
6.499999999999988
  0
CIRCLE
  5
9C
330
17
100
AcDbEntity
  8
@.0.DM. NÉT CHÍNH
100
AcDbCircle
 10
5030.077307940199
 20
3303.3800704415917
 30
0.0
 40
6.5
  0
LINE
  5
9D
330
17
100
AcDbEntity
  8
@.0.DM. NÉT CHÍNH
100
AcDbLine
 10
4797.10558999519
 20
3808.880070441606
 30
0.0
 11
5039.577307940199
 21
3808.880070441606
 31
0.0
  0
LINE
  5
9E
330
17
100
AcDbEntity
  8
@.0.DM. NÉT CHÍNH
100
AcDbLine
 10
4554.433872050096
 20
3808.8800704415917
 30
0.0
 11
4796.905589995193
 21
3808.880070441606
 31
0.0
  0
LINE
  5
9F
330
17
100
AcDbEntity
  8
@.0.DM. NÉT CHÍNH
100
AcDbLine
 10
5039.577307940199
 20
3808.880070441606
 30
0.0
 11
5039.577307940199
 21
3838.8800704415917
 31
0.0
  0
LINE
  5
A0
330
17
100
AcDbEntity
  8
@.0.DM. NÉT CHÍNH
100
AcDbLine
 10
4554.433872050096
 20
3838.880070441577
 30
0.0
 11
4554.433872050096
 21
3808.8800704415917
 31
0.0
  0
LINE
  5
A1
330
17
100
AcDbEntity
  8
@.0.DM. NÉT CHÍNH
100
AcDbLine
 10
4554.433872050096
 20
3838.880070441577
 30
0.0
 11
4797.0055899951985
 21
3873.359945052478
 31
0.0
  0
LINE
  5
A2
330
17
100
AcDbEntity
  8
@.0.DM. NÉT CHÍNH
100
AcDbLine
 10
4797.0055899951985
 20
3873.359945052478
 30
0.0
 11
5039.577307940199
 21
3838.8800704415917
 31
0.0
  0
DIMENSION
  5
A3
330
17
100
AcDbEntity
  8
@.0.DM. NÉT CHÍNH @ 1
100
AcDbDimension
280
0
  2
*D12
  3
Kích thước Duy Mạnh
 10
5009.577307940199
 20
4086.122671042962
 30
0.0
 11
4797.077307940199
 21
4086.122671042962
 31
0.0
 70
128
 71
5
 42
424.9999999999708
 73
0
 74
0
 75
0
  1
<>
100
AcDbAlignedDimension
 13
4584.577307940286
 23
3789.3800704415626
 33
0.0
 14
5009.577307940199
 24
3789.3800704415917
 34
0.0
 50
0.0
100
AcDbRotatedDimension
  0
DIMENSION
  5
A4
330
17
100
AcDbEntity
  8
@.0.DM. NÉT CHÍNH @ 1
100
AcDbDimension
280
0
  2
*D13
  3
Kích thước Duy Mạnh
 10
4984.577307940286
 20
2377.380070441606
 30
0.0
 11
4797.077307940199
 21
2377.380070441606
 31
0.0
 70
128
 71
5
 42
375.0
 73
0
 74
0
 75
0
  1
<>
100
AcDbAlignedDimension
 13
4609.577307940199
 23
2527.380070441606
 33
0.0
 14
4984.577307940286
 24
2527.3800704415917
 34
0.0
 50
180.0
100
AcDbRotatedDimension
  0
DIMENSION
  5
A5
330
17
100
AcDbEntity
  8
@.0.DM. NÉT CHÍNH @ 1
100
AcDbDimension
280
0
  2
*D14
  3
Kích thước Duy Mạnh
 10
4507.302618894391
 20
3793.3800704415917
 30
0.0
 11
4507.302618894391
 21
3349.8800704415626
 31
0.0
 70
128
 71
5
 42
887.0
 73
0
 74
0
 75
0
  1
<>
100
AcDbAlignedDimension
 13
4588.577307940199
 23
2906.3800704415626
 33
0.0
 14
4588.577307940199
 24
3793.3800704415626
 34
0.0
 50
-90.00000000000001
100
AcDbRotatedDimension
  0
DIMENSION
  5
A6
330
17
100
AcDbEntity
  8
@.0.DM. NÉT CHÍNH @ 1
100
AcDbDimension
280
0
  2
*D15
  3
Kích thước Duy Mạnh
 10
4506.3026188942895
 20
2573.380070441577
 30
0.0
 11
4506.3026188942895
 21
2736.880070441548
 31
0.0
 70
128
 71
5
 42
327.0
 73
0
 74
0
 75
0
  1
<>
100
AcDbAlignedDimension
 13
4588.577307940286
 23
2900.380070441548
 33
0.0
 14
4588.577307940286
 24
2573.380070441548
 34
0.0
 50
90.0
100
AcDbRotatedDimension
  0
LWPOLYLINE
  5
A7
330
17
100
AcDbEntity
  8
@.0.DM. NÉT CHÍNH
 62
0
100
AcDbPolyline
 90
4
 70
1
 10
4584.577307940286
 20
3793.3800704415626
 10
4608.077307940286
 20
3793.3800704415626
 10
4608.077307940286
 20
2906.3800704415626
 10
4584.577307940286
 20
2906.3800704415626
  0
LWPOLYLINE
  5
A8
330
17
100
AcDbEntity
  8
@.0.DM. NÉT CHÍNH
 62
0
100
AcDbPolyline
 90
4
 70
1
 10
4608.077307940388
 20
2573.380070441548
 10
4584.577307940286
 20
2573.380070441548
 10
4584.577307940286
 20
2900.380070441548
 10
4608.077307940388
 20
2900.380070441548
  0
LWPOLYLINE
  5
A9
330
17
100
AcDbEntity
  8
@.0.DM. NÉT CHÍNH
 62
0
100
AcDbPolyline
 90
4
 70
1
 10
4609.577307940199
 20
2573.380070441606
 10
4984.577307940286
 20
2573.380070441606
 10
4984.577307940286
 20
2523.3800704415917
 10
4609.577307940199
 20
2523.3800704415917
  0
LWPOLYLINE
  5
AA
330
17
100
AcDbEntity
  8
@.0.DM. NÉT CHÍNH
 62
0
100
AcDbPolyline
 90
4
 70
1
 10
5009.577307940199
 20
2573.3800704415917
 10
4986.077307940199
 20
2573.3800704415917
 10
4986.077307940199
 20
3793.3800704415917
 10
5009.577307940199
 20
3793.3800704415917
  0
LWPOLYLINE
  5
AB
330
17
100
AcDbEntity
  8
@.0.DM. NÉT CHÍNH
100
AcDbPolyline
 90
4
 70
0
 10
5009.577307940199
 20
3317.8800704415917
 10
5030.077307940199
 20
3317.8800704415917
 42
-0.9999999999999998
 10
5030.077307940199
 20
3288.8800704415917
 10
5009.577307940199
 20
3288.8800704415917
  0
LWPOLYLINE
  5
AC
330
17
100
AcDbEntity
  8
@.0.DM. NÉT CHÍNH
 62
0
100
AcDbPolyline
 90
4
 70
1
 10
4609.577307940199
 20
3808.8800704415917
 10
4984.577307940286
 20
3808.8800704415917
 10
4984.577307940286
 20
2573.380070441606
 10
4609.577307940199
 20
2573.380070441606
  0
LWPOLYLINE
  5
AD
330
17
100
AcDbEntity
  8
0
 62
2
100
AcDbPolyline
 90
6
 70
1
 10
4769.079126366196
 20
3506.2297723764204
 10
4705.079126366196
 20
3506.2297723764204
 42
0.4142135623730951
 10
4697.079126366196
 20
3498.2297723764204
 10
4697.079126366196
 20
3495.2297723764204
 10
4777.079126366196
 20
3495.2297723764204
 10
4777.079126366196
 20
3498.2297723764204
 42
0.4142135623730951
  0
LWPOLYLINE
  5
AE
330
17
100
AcDbEntity
  8
0
 62
2
100
AcDbPolyline
 90
6
 70
1
 10
4769.079126366196
 20
3532.2297723764204
 10
4705.079126366196
 20
3532.2297723764204
 42
0.4142135623730951
 10
4697.079126366196
 20
3524.2297723764204
 10
4697.079126366196
 20
3521.2297723764204
 10
4777.079126366196
 20
3521.2297723764204
 10
4777.079126366196
 20
3524.2297723764204
 42
0.4142135623730951
  0
LWPOLYLINE
  5
AF
330
17
100
AcDbEntity
  8
0
 62
2
100
AcDbPolyline
 90
6
 70
1
 10
4769.079126366196
 20
3558.229772376406
 10
4705.079126366196
 20
3558.229772376406
 42
0.4142135623730951
 10
4697.079126366196
 20
3550.2297723764204
 10
4697.079126366196
 20
3547.2297723764204
 10
4777.079126366196
 20
3547.2297723764204
 10
4777.079126366196
 20
3550.2297723764204
 42
0.4142135623730951
  0
LWPOLYLINE
  5
B0
330
17
100
AcDbEntity
  8
0
 62
2
100
AcDbPolyline
 90
6
 70
1
 10
4769.079126366196
 20
3584.2297723764204
 10
4705.079126366196
 20
3584.2297723764204
 42
0.4142135623730951
 10
4697.079126366196
 20
3576.2297723764204
 10
4697.079126366196
 20
3573.229772376406
 10
4777.079126366196
 20
3573.229772376406
 10
4777.079126366196
 20
3576.2297723764204
 42
0.4142135623730951
  0
LWPOLYLINE
  5
B1
330
17
100
AcDbEntity
  8
0
 62
2
100
AcDbPolyline
 90
6
 70
1
 10
4769.079126366196
 20
3610.2297723764204
 10
4705.079126366196
 20
3610.2297723764204
 42
0.4142135623730951
 10
4697.079126366196
 20
3602.2297723764204
 10
4697.079126366196
 20
3599.2297723764204
 10
4777.079126366196
 20
3599.2297723764204
 10
4777.079126366196
 20
3602.2297723764204
 42
0.4142135623730951
  0
LWPOLYLINE
  5
B2
330
17
100
AcDbEntity
  8
0
 62
2
100
AcDbPolyline
 90
6
 70
1
 10
4769.079126366196
 20
3636.2297723764204
 10
4705.079126366196
 20
3636.2297723764204
 42
0.4142135623730951
 10
4697.079126366196
 20
3628.2297723764204
 10
4697.079126366196
 20
3625.2297723764204
 10
4777.079126366196
 20
3625.2297723764204
 10
4777.079126366196
 20
3628.2297723764204
 42
0.4142135623730951
  0
LWPOLYLINE
  5
B3
330
17
100
AcDbEntity
  8
0
 62
2
100
AcDbPolyline
 90
6
 70
1
 10
4769.079126366196
 20
3662.2297723764204
 10
4705.079126366196
 20
3662.2297723764204
 42
0.4142135623730951
 10
4697.079126366196
 20
3654.2297723764204
 10
4697.079126366196
 20
3651.2297723764204
 10
4777.079126366196
 20
3651.2297723764204
 10
4777.079126366196
 20
3654.2297723764204
 42
0.4142135623730951
  0
LWPOLYLINE
  5
B4
330
17
100
AcDbEntity
  8
0
 62
2
100
AcDbPolyline
 90
6
 70
1
 10
4889.079126366196
 20
3506.2297723764204
 10
4825.079126366196
 20
3506.2297723764204
 42
0.4142135623730951
 10
4817.079126366196
 20
3498.2297723764204
 10
4817.079126366196
 20
3495.2297723764204
 10
4897.079126366196
 20
3495.2297723764204
 10
4897.079126366196
 20
3498.2297723764204
 42
0.4142135623730951
  0
LWPOLYLINE
  5
B5
330
17
100
AcDbEntity
  8
0
 62
2
100
AcDbPolyline
 90
6
 70
1
 10
4889.079126366196
 20
3532.2297723764204
 10
4825.079126366196
 20
3532.2297723764204
 42
0.4142135623730951
 10
4817.079126366196
 20
3524.2297723764204
 10
4817.079126366196
 20
3521.2297723764204
 10
4897.079126366196
 20
3521.2297723764204
 10
4897.079126366196
 20
3524.2297723764204
 42
0.4142135623730951
  0
LWPOLYLINE
  5
B6
330
17
100
AcDbEntity
  8
0
 62
2
100
AcDbPolyline
 90
6
 70
1
 10
4889.079126366196
 20
3558.229772376406
 10
4825.079126366196
 20
3558.229772376406
 42
0.4142135623730951
 10
4817.079126366196
 20
3550.2297723764204
 10
4817.079126366196
 20
3547.2297723764204
 10
4897.079126366196
 20
3547.2297723764204
 10
4897.079126366196
 20
3550.2297723764204
 42
0.4142135623730951
  0
LWPOLYLINE
  5
B7
330
17
100
AcDbEntity
  8
0
 62
2
100
AcDbPolyline
 90
6
 70
1
 10
4889.079126366196
 20
3584.2297723764204
 10
4825.079126366196
 20
3584.2297723764204
 42
0.4142135623730951
 10
4817.079126366196
 20
3576.2297723764204
 10
4817.079126366196
 20
3573.229772376406
 10
4897.079126366196
 20
3573.229772376406
 10
4897.079126366196
 20
3576.2297723764204
 42
0.4142135623730951
  0
LWPOLYLINE
  5
B8
330
17
100
AcDbEntity
  8
0
 62
2
100
AcDbPolyline
 90
6
 70
1
 10
4889.079126366196
 20
3610.2297723764204
 10
4825.079126366196
 20
3610.2297723764204
 42
0.4142135623730951
 10
4817.079126366196
 20
3602.2297723764204
 10
4817.079126366196
 20
3599.2297723764204
 10
4897.079126366196
 20
3599.2297723764204
 10
4897.079126366196
 20
3602.2297723764204
 42
0.4142135623730951
  0
LWPOLYLINE
  5
B9
330
17
100
AcDbEntity
  8
0
 62
2
100
AcDbPolyline
 90
6
 70
1
 10
4889.079126366196
 20
3636.2297723764204
 10
4825.079126366196
 20
3636.2297723764204
 42
0.4142135623730951
 10
4817.079126366196
 20
3628.2297723764204
 10
4817.079126366196
 20
3625.2297723764204
 10
4897.079126366196
 20
3625.2297723764204
 10
4897.079126366196
 20
3628.2297723764204
 42
0.4142135623730951
  0
LWPOLYLINE
  5
BA
330
17
100
AcDbEntity
  8
0
 62
2
100
AcDbPolyline
 90
6
 70
1
 10
4889.079126366196
 20
3662.2297723764204
 10
4825.079126366196
 20
3662.2297723764204
 42
0.4142135623730951
 10
4817.079126366196
 20
3654.2297723764204
 10
4817.079126366196
 20
3651.2297723764204
 10
4897.079126366196
 20
3651.2297723764204
 10
4897.079126366196
 20
3654.2297723764204
 42
0.4142135623730951
  0
LWPOLYLINE
  5
BB
330
17
100
AcDbEntity
  8
0
 62
2
100
AcDbPolyline
 90
6
 70
1
 10
4769.079126366196
 20
2730.6899670420826
 10
4705.079126366196
 20
2730.6899670420826
 42
0.4142135623730951
 10
4697.079126366196
 20
2722.6899670420826
 10
4697.079126366196
 20
2719.6899670420826
 10
4777.079126366196
 20
2719.6899670420826
 10
4777.079126366196
 20
2722.6899670420826
 42
0.4142135623730951
  0
LWPOLYLINE
  5
BC
330
17
100
AcDbEntity
  8
0
 62
2
100
AcDbPolyline
 90
6
 70
1
 10
4769.079126366196
 20
2756.6899670420826
 10
4705.079126366196
 20
2756.6899670420826
 42
0.4142135623730951
 10
4697.079126366196
 20
2748.6899670420826
 10
4697.079126366196
 20
2745.6899670420826
 10
4777.079126366196
 20
2745.6899670420826
 10
4777.079126366196
 20
2748.6899670420826
 42
0.4142135623730951
  0
LWPOLYLINE
  5
BD
330
17
100
AcDbEntity
  8
0
 62
2
100
AcDbPolyline
 90
6
 70
1
 10
4769.079126366196
 20
2782.6899670420826
 10
4705.079126366196
 20
2782.6899670420826
 42
0.4142135623730951
 10
4697.079126366196
 20
2774.6899670420826
 10
4697.079126366196
 20
2771.6899670420826
 10
4777.079126366196
 20
2771.6899670420826
 10
4777.079126366196
 20
2774.6899670420826
 42
0.4142135623730951
  0
LWPOLYLINE
  5
BE
330
17
100
AcDbEntity
  8
0
 62
2
100
AcDbPolyline
 90
6
 70
1
 10
4769.079126366196
 20
2808.6899670420826
 10
4705.079126366196
 20
2808.6899670420826
 42
0.4142135623730951
 10
4697.079126366196
 20
2800.6899670420826
 10
4697.079126366196
 20
2797.6899670420826
 10
4777.079126366196
 20
2797.6899670420826
 10
4777.079126366196
 20
2800.6899670420826
 42
0.4142135623730951
  0
LWPOLYLINE
  5
BF
330
17
100
AcDbEntity
  8
0
 62
2
100
AcDbPolyline
 90
6
 70
1
 10
4769.079126366196
 20
2834.6899670420826
 10
4705.079126366196
 20
2834.6899670420826
 42
0.4142135623730951
 10
4697.079126366196
 20
2826.6899670420826
 10
4697.079126366196
 20
2823.6899670420826
 10
4777.079126366196
 20
2823.6899670420826
 10
4777.079126366196
 20
2826.6899670420826
 42
0.4142135623730951
  0
LWPOLYLINE
  5
C0
330
17
100
AcDbEntity
  8
0
 62
2
100
AcDbPolyline
 90
6
 70
1
 10
4769.079126366196
 20
2860.6899670420826
 10
4705.079126366196
 20
2860.6899670420826
 42
0.4142135623730951
 10
4697.079126366196
 20
2852.6899670420826
 10
4697.079126366196
 20
2849.6899670420826
 10
4777.079126366196
 20
2849.6899670420826
 10
4777.079126366196
 20
2852.6899670420826
 42
0.4142135623730951
  0
LWPOLYLINE
  5
C1
330
17
100
AcDbEntity
  8
0
 62
2
100
AcDbPolyline
 90
6
 70
1
 10
4769.079126366196
 20
2886.6899670420826
 10
4705.079126366196
 20
2886.6899670420826
 42
0.4142135623730951
 10
4697.079126366196
 20
2878.6899670420826
 10
4697.079126366196
 20
2875.6899670420826
 10
4777.079126366196
 20
2875.6899670420826
 10
4777.079126366196
 20
2878.6899670420826
 42
0.4142135623730951
  0
LWPOLYLINE
  5
C2
330
17
100
AcDbEntity
  8
0
 62
2
100
AcDbPolyline
 90
6
 70
1
 10
4889.079126366196
 20
2730.6899670420826
 10
4825.079126366196
 20
2730.6899670420826
 42
0.4142135623730951
 10
4817.079126366196
 20
2722.6899670420826
 10
4817.079126366196
 20
2719.6899670420826
 10
4897.079126366196
 20
2719.6899670420826
 10
4897.079126366196
 20
2722.6899670420826
 42
0.4142135623730951
  0
LWPOLYLINE
  5
C3
330
17
100
AcDbEntity
  8
0
 62
2
100
AcDbPolyline
 90
6
 70
1
 10
4889.079126366196
 20
2756.6899670420826
 10
4825.079126366196
 20
2756.6899670420826
 42
0.4142135623730951
 10
4817.079126366196
 20
2748.6899670420826
 10
4817.079126366196
 20
2745.6899670420826
 10
4897.079126366196
 20
2745.6899670420826
 10
4897.079126366196
 20
2748.6899670420826
 42
0.4142135623730951
  0
LWPOLYLINE
  5
C4
330
17
100
AcDbEntity
  8
0
 62
2
100
AcDbPolyline
 90
6
 70
1
 10
4889.079126366196
 20
2782.6899670420826
 10
4825.079126366196
 20
2782.6899670420826
 42
0.4142135623730951
 10
4817.079126366196
 20
2774.6899670420826
 10
4817.079126366196
 20
2771.6899670420826
 10
4897.079126366196
 20
2771.6899670420826
 10
4897.079126366196
 20
2774.6899670420826
 42
0.4142135623730951
  0
LWPOLYLINE
  5
C5
330
17
100
AcDbEntity
  8
0
 62
2
100
AcDbPolyline
 90
6
 70
1
 10
4889.079126366196
 20
2808.6899670420826
 10
4825.079126366196
 20
2808.6899670420826
 42
0.4142135623730951
 10
4817.079126366196
 20
2800.6899670420826
 10
4817.079126366196
 20
2797.6899670420826
 10
4897.079126366196
 20
2797.6899670420826
 10
4897.079126366196
 20
2800.6899670420826
 42
0.4142135623730951
  0
LWPOLYLINE
  5
C6
330
17
100
AcDbEntity
  8
0
 62
2
100
AcDbPolyline
 90
6
 70
1
 10
4889.079126366196
 20
2834.6899670420826
 10
4825.079126366196
 20
2834.6899670420826
 42
0.4142135623730951
 10
4817.079126366196
 20
2826.6899670420826
 10
4817.079126366196
 20
2823.6899670420826
 10
4897.079126366196
 20
2823.6899670420826
 10
4897.079126366196
 20
2826.6899670420826
 42
0.4142135623730951
  0
LWPOLYLINE
  5
C7
330
17
100
AcDbEntity
  8
0
 62
2
100
AcDbPolyline
 90
6
 70
1
 10
4889.079126366196
 20
2860.6899670420826
 10
4825.079126366196
 20
2860.6899670420826
 42
0.4142135623730951
 10
4817.079126366196
 20
2852.6899670420826
 10
4817.079126366196
 20
2849.6899670420826
 10
4897.079126366196
 20
2849.6899670420826
 10
4897.079126366196
 20
2852.6899670420826
 42
0.4142135623730951
  0
LWPOLYLINE
  5
C8
330
17
100
AcDbEntity
  8
0
 62
2
100
AcDbPolyline
 90
6
 70
1
 10
4889.079126366196
 20
2886.6899670420826
 10
4825.079126366196
 20
2886.6899670420826
 42
0.4142135623730951
 10
4817.079126366196
 20
2878.6899670420826
 10
4817.079126366196
 20
2875.6899670420826
 10
4897.079126366196
 20
2875.6899670420826
 10
4897.079126366196
 20
2878.6899670420826
 42
0.4142135623730951
  0
DIMENSION
  5
C9
330
17
100
AcDbEntity
  8
@.0.DM. NÉT CHÍNH @ 1
100
AcDbDimension
280
0
  2
*D16
  3
Kích thước Duy Mạnh
 10
1950.0148082979867
 20
1103.326360071398
 30
0.0
 11
1950.0148082979867
 21
1265.8263600713544
 31
0.0
 70
128
 71
5
 42
375.0
 73
0
 74
0
 75
0
  1
<>
100
AcDbAlignedDimension
 13
2074.3064566467947
 23
1478.326360071369
 33
0.0
 14
2074.3064566467947
 24
1103.326360071369
 34
0.0
 50
90.0
100
AcDbRotatedDimension
  0
DIMENSION
  5
CA
330
17
100
AcDbEntity
  8
@.0.DM. NÉT CHÍNH @ 1
100
AcDbDimension
280
0
  2
*D17
  3
Kích thước Duy Mạnh
 10
2774.3064566467947
 20
1611.4785997181752
 30
0.0
 11
2474.3064566467947
 21
1611.4785997181752
 31
0.0
 70
128
 71
5
 42
700.0
 73
0
 74
0
 75
0
  1
<>
100
AcDbAlignedDimension
 13
2074.3064566467947
 23
1476.126360071372
 33
0.0
 14
2774.3064566467947
 24
1476.126360071372
 34
0.0
 50
180.0
100
AcDbRotatedDimension
  0
LWPOLYLINE
  5
CB
330
17
100
AcDbEntity
  8
@.0.DM. NÉT CHÍNH
 62
0
100
AcDbPolyline
 90
4
 70
1
 10
1540.9108399595862
 20
1041.6504270820005
 10
834.9108399595862
 20
1041.6504270820005
 10
834.9108399595862
 20
1526.793862972103
 10
1540.9108399595862
 20
1526.793862972103
  0
LINE
  5
CC
330
17
100
AcDbEntity
  8
@.0.DM. NÉT CHÍNH
 62
0
100
AcDbLine
 10
834.9108399595862
 20
1284.2221450270445
 30
0.0
 11
1540.9108399595862
 21
1284.2221450270445
 31
0.0
  0
LWPOLYLINE
  5
CD
330
17
100
AcDbEntity
  8
@.0.DM. NÉT CHÍNH
 62
0
100
AcDbPolyline
 90
4
 70
1
 10
2071.3064566467947
 20
1533.4697959615005
 10
2777.3064566467947
 20
1533.4697959615005
 10
2777.3064566467947
 20
1048.3263600713835
 10
2071.3064566467947
 20
1048.3263600713835
  0
LWPOLYLINE
  5
CE
330
17
100
AcDbEntity
  8
@.0.DM. NÉT CHÍNH
 62
0
100
AcDbPolyline
 90
4
 70
1
 10
2074.3064566467947
 20
1508.4697959615005
 10
2774.3064566467947
 20
1508.4697959615005
 10
2774.3064566467947
 20
1073.3263600713835
 10
2074.3064566467947
 20
1073.3263600713835
  0
LWPOLYLINE
  5
CF
330
17
100
AcDbEntity
  8
@.0.DM. NÉT CHÍNH
 62
0
100
AcDbPolyline
 90
4
 70
1
 10
2074.3064566467947
 20
1478.326360071369
 10
2774.067402364686
 20
1478.326360071369
 10
2774.067402364686
 20
1103.326360071369
 10
2074.3064566467947
 20
1103.326360071369
  0
LWPOLYLINE
  5
D0
330
17
100
AcDbEntity
  8
@.0.DM. NÉT CHÍNH
 62
0
100
AcDbPolyline
 90
4
 70
1
 10
2119.3064566467947
 20
1433.3263600713544
 10
2729.067402364686
 20
1433.3263600713544
 10
2729.067402364686
 20
1148.326360071369
 10
2119.3064566467947
 20
1148.326360071369
  0
LWPOLYLINE
  5
D1
330
17
100
AcDbEntity
  8
@.0.DM. NÉT CHÍNH
 62
0
100
AcDbPolyline
 90
4
 70
1
 10
2773.306456646693
 20
1503.3263600712671
 10
2075.3064566467947
 20
1503.3263600712671
 10
2075.3064566467947
 20
1479.8263600712817
 10
2773.306456646693
 20
1479.8263600712817
  0
LWPOLYLINE
  5
D2
330
17
100
AcDbEntity
  8
@.0.DM. NÉT CHÍNH
100
AcDbPolyline
 90
6
 70
1
 10
2168.3064566467947
 20
1448.8263600713544
 42
-0.9999999999999998
 10
2168.3064566467947
 20
1457.826360071369
 10
2174.3064566467947
 20
1457.826360071369
 10
2180.3064566467947
 20
1457.826360071369
 42
-0.9999999999999998
 10
2180.3064566467947
 20
1448.8263600713544
 10
2174.3064566467947
 20
1448.8263600713544
  0
LWPOLYLINE
  5
D3
330
17
100
AcDbEntity
  8
@.0.DM. NÉT CHÍNH
100
AcDbPolyline
 90
6
 70
1
 10
2674.3064566467947
 20
1123.826360071369
 10
2668.3064566467947
 20
1123.826360071369
 42
-0.9999999999999998
 10
2668.3064566467947
 20
1132.8263600713544
 10
2674.3064566467947
 20
1132.8263600713544
 10
2680.3064566467947
 20
1132.8263600713544
 42
-0.9999999999999998
 10
2680.3064566467947
 20
1123.826360071369
  0
LWPOLYLINE
  5
D4
330
17
100
AcDbEntity
  8
@.0.DM. NÉT CHÍNH
100
AcDbPolyline
 90
6
 70
1
 10
2668.3064566467947
 20
1448.8263600713544
 42
-0.9999999999999998
 10
2668.3064566467947
 20
1457.826360071369
 10
2674.3064566467947
 20
1457.826360071369
 10
2680.3064566467947
 20
1457.826360071369
 42
-0.9999999999999998
 10
2680.3064566467947
 20
1448.8263600713544
 10
2674.3064566467947
 20
1448.8263600713544
  0
LWPOLYLINE
  5
D5
330
17
100
AcDbEntity
  8
@.0.DM. NÉT CHÍNH
100
AcDbPolyline
 90
6
 70
1
 10
2174.3064566467947
 20
1123.826360071369
 10
2168.3064566467947
 20
1123.826360071369
 42
-0.9999999999999998
 10
2168.3064566467947
 20
1132.8263600713544
 10
2174.3064566467947
 20
1132.8263600713544
 10
2180.3064566467947
 20
1132.8263600713544
 42
-0.9999999999999998
 10
2180.3064566467947
 20
1123.826360071369
  0
LWPOLYLINE
  5
D6
330
17
100
AcDbEntity
  8
@.0.DM. NÉT CHÍNH
 62
0
100
AcDbPolyline
 90
4
 70
1
 10
2773.306456646693
 20
1078.3263600714708
 10
2075.3064566467947
 20
1078.3263600714708
 10
2075.3064566467947
 20
1101.8263600714708
 10
2773.306456646693
 20
1101.8263600714708
  0
LWPOLYLINE
  5
D7
330
17
100
AcDbEntity
  8
@.0.DM. NÉT CHÍNH
100
AcDbPolyline
 90
4
 70
1
 10
805.7912850060966
 20
3502.3800704415626
 10
796.7912850060966
 20
3502.3800704415626
 10
796.7912850060966
 20
3511.3800704415626
 10
805.7912850060966
 20
3511.3800704415626
  0
LWPOLYLINE
  5
D8
330
17
100
AcDbEntity
  8
@.0.DM. NÉT CHÍNH
100
AcDbPolyline
 90
4
 70
1
 10
774.7912850060966
 20
3502.3800704415626
 10
765.7912850060966
 20
3502.3800704415626
 10
765.7912850060966
 20
3511.3800704415626
 10
774.7912850060966
 20
3511.3800704415626
  0
LWPOLYLINE
  5
D9
330
17
100
AcDbEntity
  8
@.0.DM. NÉT CHÍNH
100
AcDbPolyline
 90
4
 70
1
 10
790.7912850060966
 20
3449.8800704415626
 10
780.7912850060966
 20
3449.8800704415626
 10
780.7912850060966
 20
3489.8800704415626
 10
790.7912850060966
 20
3489.8800704415626
  0
LWPOLYLINE
  5
DA
330
17
100
AcDbEntity
  8
@.0.DM. NÉT CHÍNH
100
AcDbPolyline
 90
4
 70
1
 10
805.7912850060966
 20
2849.3800704415335
 10
796.7912850060966
 20
2849.3800704415335
 10
796.7912850060966
 20
2858.3800704415335
 10
805.7912850060966
 20
2858.3800704415335
  0
LWPOLYLINE
  5
DB
330
17
100
AcDbEntity
  8
@.0.DM. NÉT CHÍNH
100
AcDbPolyline
 90
4
 70
1
 10
774.7912850060966
 20
2849.3800704415335
 10
765.7912850060966
 20
2849.3800704415335
 10
765.7912850060966
 20
2858.3800704415335
 10
774.7912850060966
 20
2858.3800704415335
  0
LWPOLYLINE
  5
DC
330
17
100
AcDbEntity
  8
@.0.DM. NÉT CHÍNH
100
AcDbPolyline
 90
4
 70
1
 10
790.7912850060966
 20
2796.8800704415335
 10
780.7912850060966
 20
2796.8800704415335
 10
780.7912850060966
 20
2836.8800704415335
 10
790.7912850060966
 20
2836.8800704415335
  0
INSERT
  5
DD
330
17
100
AcDbEntity
  8
0
100
AcDbBlockReference
  2
knn
 10
785.7912850060966
 20
3491.8800704415335
 30
0.0
  0
INSERT
  5
DF
330
17
100
AcDbEntity
  8
0
100
AcDbBlockReference
  2
knn
 10
785.7912850060966
 20
2838.880070441519
 30
0.0
  0
INSERT
  5
E1
330
17
100
AcDbEntity
  8
0
 62
7
100
AcDbBlockReference
  2
HL011-1-6
 10
3948.8285041405907
 20
3605.880070441606
 30
0.0
  0
INSERT
  5
E3
330
17
100
AcDbEntity
  8
0
 62
7
100
AcDbBlockReference
  2
HL011-1-6
 10
3948.8285041405907
 20
3005.880070441621
 30
0.0
  0
INSERT
  5
E5
330
17
100
AcDbEntity
  8
0
 62
7
100
AcDbBlockReference
  2
HL011-1-6
 10
3948.8285041405907
 20
2785.880070441621
 30
0.0
  0
INSERT
  5
E7
330
17
100
AcDbEntity
  8
0
 62
7
100
AcDbBlockReference
  2
HL011-1-6
 10
3948.8285041405907
 20
2625.880070441621
 30
0.0
  0
INSERT
  5
E9
330
17
100
AcDbEntity
  8
0
 62
7
100
AcDbBlockReference
  2
HL011-1-6
 10
2762.1354592122952
 20
3605.880070441606
 30
0.0
  0
INSERT
  5
EB
330
17
100
AcDbEntity
  8
0
 62
7
100
AcDbBlockReference
  2
HL011-1-6
 10
2762.1354592122952
 20
3005.880070441621
 30
0.0
  0
INSERT
  5
ED
330
17
100
AcDbEntity
  8
0
 62
7
100
AcDbBlockReference
  2
HL011-1-6
 10
2762.1354592122952
 20
2785.880070441621
 30
0.0
  0
INSERT
  5
EF
330
17
100
AcDbEntity
  8
0
 62
7
100
AcDbBlockReference
  2
HL011-1-6
 10
2762.1354592122952
 20
2625.880070441621
 30
0.0
  0
INSERT
  5
F1
330
17
100
AcDbEntity
  8
0
 62
7
100
AcDbBlockReference
  2
HL011-1-6
 10
1410.7912850060966
 20
3605.880070441606
 30
0.0
  0
INSERT
  5
F3
330
17
100
AcDbEntity
  8
0
 62
7
100
AcDbBlockReference
  2
HL011-1-6
 10
1410.7912850060966
 20
3005.880070441621
 30
0.0
  0
INSERT
  5
F5
330
17
100
AcDbEntity
  8
0
 62
7
100
AcDbBlockReference
  2
HL011-1-6
 10
1410.7912850060966
 20
2785.880070441621
 30
0.0
  0
INSERT
  5
F7
330
17
100
AcDbEntity
  8
0
 62
7
100
AcDbBlockReference
  2
HL011-1-6
 10
1410.7912850060966
 20
2625.880070441621
 30
0.0
  0
LWPOLYLINE
  5
F9
330
17
100
AcDbEntity
  8
@.0.DM. NÉT CHÍNH
 62
0
100
AcDbPolyline
 90
4
 70
1
 10
2096.1354592122952
 20
2523.3800704415917
 10
2796.1354592122952
 20
2523.3800704415917
 10
2796.1354592122952
 20
2573.3800704415917
 10
2096.1354592122952
 20
2573.3800704415917
  0
MTEXT
  5
FA
330
17
100
AcDbEntity
  8
1-EMC-ACESS
  6
ByBlock
 62
1
370
-2
100
AcDbMText
 10
1108.3846231636999
 20
2232.167451582427
 30
0.0
 40
63.50399999999998
 41
972.6264692314694
 46
0.0
 71
2
 72
5
  1
{\fTimes New Roman|b0|i0|c0|p18;\C7;MẶT CÁNH NGOÀI\PNGĂN CÔNG TƠ}
  7
Arial
  0
MTEXT
  5
FB
330
17
100
AcDbEntity
  8
1-EMC-ACESS
  6
ByBlock
 62
1
370
-2
100
AcDbMText
 10
2446.460284438799
 20
2232.167451582427
 30
0.0
 40
63.50399999999998
 41
972.6264692314694
 46
0.0
 71
2
 72
5
  1
{\fTimes New Roman|b0|i0|c0|p18;\C7;MẶT CÁNH TRONG\PNGĂN CÔNG TƠ}
  7
Arial
  0
MTEXT
  5
FC
330
17
100
AcDbEntity
  8
1-EMC-ACESS
  6
ByBlock
 62
1
370
-2
100
AcDbMText
 10
3657.0347178532975
 20
2232.167451582427
 30
0.0
 40
63.50399999999998
 41
972.6264692314694
 46
0.0
 71
2
 72
5
  1
{\fTimes New Roman|b0|i0|c0|p18;\C7;BỐ TRÍ THIẾT BỊ\PNGĂN CÔNG TƠ}
  7
Arial
  0
MTEXT
  5
FD
330
17
100
AcDbEntity
  8
1-EMC-ACESS
  6
ByBlock
 62
1
370
-2
100
AcDbMText
 10
4815.622712465498
 20
2232.167451582427
 30
0.0
 40
63.50399999999998
 41
972.6264692314694
 46
0.0
 71
2
 72
5
  1
{\fTimes New Roman|b0|i0|c0|p18;\C7;MẶT CẠNH}
  7
Arial
  0
MTEXT
  5
FE
330
17
100
AcDbEntity
  8
1-EMC-ACESS
  6
ByBlock
 62
1
370
-2
100
AcDbMText
 10
1184.7293258232967
 20
848.8716232053412
 30
0.0
 40
63.50399999999998
 41
972.6264692314694
 46
0.0
 71
2
 72
5
  1
{\fTimes New Roman|b0|i0|c0|p18;\C7;MẶT NÓC}
  7
Arial
  0
MTEXT
  5
FF
330
17
100
AcDbEntity
  8
1-EMC-ACESS
  6
ByBlock
 62
1
370
-2
100
AcDbMText
 10
2444.2875715943956
 20
848.8716232050065
 30
0.0
 40
63.50399999999998
 41
972.6264692314694
 46
0.0
 71
2
 72
5
  1
{\fTimes New Roman|b0|i0|c0|p18;\C7;MẶT ĐÁY}
  7
Arial
  0
CIRCLE
  5
100
330
17
100
AcDbEntity
  8
@.DM. NÉT CHÍNH
100
AcDbCircle
 10
2275.2826346531947
 20
2800.6300704415917
 30
0.0
 40
2.399999999999999
  0
CIRCLE
  5
101
330
17
100
AcDbEntity
  8
@.DM. NÉT CHÍNH
100
AcDbCircle
 10
2275.2826346531947
 20
2827.6300704415917
 30
0.0
 40
2.399999999999999
  0
CIRCLE
  5
102
330
17
100
AcDbEntity
  8
@.DM. NÉT CHÍNH
100
AcDbCircle
 10
2350.2826346531947
 20
2800.6300704415917
 30
0.0
 40
2.399999999999999
  0
CIRCLE
  5
103
330
17
100
AcDbEntity
  8
@.DM. NÉT CHÍNH
100
AcDbCircle
 10
2350.2826346531947
 20
2827.6300704415917
 30
0.0
 40
2.399999999999999
  0
CIRCLE
  5
104
330
17
100
AcDbEntity
  8
@.DM. NÉT CHÍNH
100
AcDbCircle
 10
2417.7826346531947
 20
2800.6300704415917
 30
0.0
 40
2.399999999999999
  0
CIRCLE
  5
105
330
17
100
AcDbEntity
  8
@.DM. NÉT CHÍNH
100
AcDbCircle
 10
2417.7826346531947
 20
2827.6300704415917
 30
0.0
 40
2.399999999999999
  0
CIRCLE
  5
106
330
17
100
AcDbEntity
  8
@.DM. NÉT CHÍNH
100
AcDbCircle
 10
2453.7826346531947
 20
2800.6300704415917
 30
0.0
 40
2.399999999999999
  0
CIRCLE
  5
107
330
17
100
AcDbEntity
  8
@.DM. NÉT CHÍNH
100
AcDbCircle
 10
2453.7826346531947
 20
2827.6300704415917
 30
0.0
 40
2.399999999999999
  0
CIRCLE
  5
108
330
17
100
AcDbEntity
  8
@.DM. NÉT CHÍNH
100
AcDbCircle
 10
2489.7826346531947
 20
2800.6300704415917
 30
0.0
 40
2.399999999999999
  0
CIRCLE
  5
109
330
17
100
AcDbEntity
  8
@.DM. NÉT CHÍNH
100
AcDbCircle
 10
2489.7826346531947
 20
2827.6300704415917
 30
0.0
 40
2.399999999999999
  0
CIRCLE
  5
10A
330
17
100
AcDbEntity
  8
@.DM. NÉT CHÍNH
100
AcDbCircle
 10
2525.7826346531947
 20
2800.6300704415917
 30
0.0
 40
2.399999999999999
  0
CIRCLE
  5
10B
330
17
100
AcDbEntity
  8
@.DM. NÉT CHÍNH
100
AcDbCircle
 10
2525.7826346531947
 20
2827.6300704415917
 30
0.0
 40
2.399999999999999
  0
CIRCLE
  5
10C
330
17
100
AcDbEntity
  8
@.DM. NÉT CHÍNH
100
AcDbCircle
 10
2561.7826346531947
 20
2800.6300704415917
 30
0.0
 40
2.399999999999999
  0
CIRCLE
  5
10D
330
17
100
AcDbEntity
  8
@.DM. NÉT CHÍNH
100
AcDbCircle
 10
2561.7826346531947
 20
2827.6300704415917
 30
0.0
 40
2.399999999999999
  0
CIRCLE
  5
10E
330
17
100
AcDbEntity
  8
@.DM. NÉT CHÍNH
100
AcDbCircle
 10
2597.7826346531947
 20
2800.6300704415917
 30
0.0
 40
2.399999999999999
  0
CIRCLE
  5
10F
330
17
100
AcDbEntity
  8
@.DM. NÉT CHÍNH
100
AcDbCircle
 10
2597.7826346531947
 20
2827.6300704415917
 30
0.0
 40
2.399999999999999
  0
CIRCLE
  5
110
330
17
100
AcDbEntity
  8
@.DM. NÉT CHÍNH
100
AcDbCircle
 10
2633.7826346531947
 20
2800.6300704415917
 30
0.0
 40
2.399999999999999
  0
CIRCLE
  5
111
330
17
100
AcDbEntity
  8
@.DM. NÉT CHÍNH
100
AcDbCircle
 10
2633.7826346531947
 20
2827.6300704415917
 30
0.0
 40
2.399999999999999
  0
CIRCLE
  5
112
330
17
100
AcDbEntity
  8
@.DM. NÉT CHÍNH
100
AcDbCircle
 10
2669.7826346531947
 20
2800.6300704415917
 30
0.0
 40
2.399999999999999
  0
CIRCLE
  5
113
330
17
100
AcDbEntity
  8
@.DM. NÉT CHÍNH
100
AcDbCircle
 10
2669.7826346531947
 20
2827.6300704415917
 30
0.0
 40
2.399999999999999
  0
LWPOLYLINE
  5
114
330
17
100
AcDbEntity
  8
@.DM. NÉT CHÍNH
100
AcDbPolyline
 90
4
 70
1
 10
2397.2826346531947
 20
2774.1300704415917
 10
2690.2826346531947
 20
2774.1300704415917
 10
2690.2826346531947
 20
2724.1300704415917
 10
2397.2826346531947
 20
2724.1300704415917
  0
LWPOLYLINE
  5
115
330
17
100
AcDbEntity
  8
@.DM. NÉT CHÍNH
100
AcDbPolyline
 90
4
 70
1
 10
2235.2826346531947
 20
2776.6300704415917
 10
2390.2826346531947
 20
2776.6300704415917
 10
2390.2826346531947
 20
2721.6300704415917
 10
2235.2826346531947
 20
2721.6300704415917
  0
LWPOLYLINE
  5
116
330
17
100
AcDbEntity
  8
0
  6
HIDDENX2
 62
2
100
AcDbPolyline
 90
8
 70
1
 10
3385.8285041405907
 20
2868.380070441606
 10
3879.8285041405907
 20
2868.3800704415917
 42
0.4142135623730951
 10
3899.8285041405907
 20
2888.3800704415917
 10
3899.8285041405907
 20
2888.3800704415917
 42
0.4142135623730951
 10
3879.8285041405907
 20
2908.3800704415917
 10
3385.8285041405907
 20
2908.380070441606
 42
0.4142135623730951
 10
3365.8285041405907
 20
2888.380070441606
 10
3365.8285041405907
 20
2888.380070441606
 42
0.4142135623730951
  0
INSERT
  5
117
330
17
100
AcDbEntity
  8
0
  6
ByBlock
 62
0
370
9
100
AcDbBlockReference
 66
1
  2
*U470
 10
3586.47567958149
 20
2749.1300704415917
 30
0.0
  0
ATTRIB
  5
118
330
117
100
AcDbEntity
  8
Defpoints
 62
8
 60
1
100
AcDbText
 10
3586.475602601189
 20
2726.6300204415893
 30
0.0
 40
0.0001
  1
LS
  7
WD_IEC
 72
1
 11
3586.47567958149
 21
2726.6300704415917
 31
0.0
100
AcDbAttribute
  2
ORIGIN
 70
13
 74
2
280
1
 71
1
 72
0
 11
3586.47567958149
 21
2726.6300704415917
 31
0.0
  0
ATTRIB
  5
119
330
117
100
AcDbEntity
  8
hw_Text
100
AcDbText
 10
3588.47567958149
 20
2758.6300704415917
 30
0.0
 40
4.0
  1
BKN
  7
WD_IEC
 41
0.5
100
AcDbAttribute
  2
TYPE
 70
12
280
1
 71
1
 72
0
  0
ATTRIB
  5
11A
330
117
100
AcDbEntity
  8
Defpoints
 62
8
 60
1
100
AcDbText
 10
3586.475540851199
 20
2726.6300204415893
 30
0.0
 40
0.0001
  1
2P/f
  7
WD_IEC
 72
1
 11
3586.47567958149
 21
2726.6300704415917
 31
0.0
100
AcDbAttribute
  2
POLES
 70
13
 74
2
280
1
 71
1
 72
0
 11
3586.47567958149
 21
2726.6300704415917
 31
0.0
  0
ATTRIB
  5
11B
330
117
100
AcDbEntity
  8
hw_Text
 62
1
100
AcDbText
 10
3588.47567958149
 20
2752.6300704415917
 30
0.0
 40
4.0
  1
63A
  7
WD_IEC
 41
0.5
100
AcDbAttribute
  2
RATE
 70
12
280
1
 71
1
 72
0
  0
SEQEND
  5
11C
330
17
100
AcDbEntity
  8
0
  6
ByBlock
 62
0
370
9
  0
INSERT
  5
11D
330
17
100
AcDbEntity
  8
0
  6
ByBlock
 62
0
370
9
100
AcDbBlockReference
 66
1
  2
*U470
 10
3622.47567958149
 20
2749.1300704415917
 30
0.0
  0
ATTRIB
  5
11E
330
11D
100
AcDbEntity
  8
Defpoints
 62
8
 60
1
100
AcDbText
 10
3622.475602601189
 20
2726.6300204415893
 30
0.0
 40
0.0001
  1
LS
  7
WD_IEC
 72
1
 11
3622.47567958149
 21
2726.6300704415917
 31
0.0
100
AcDbAttribute
  2
ORIGIN
 70
13
 74
2
280
1
 71
1
 72
0
 11
3622.47567958149
 21
2726.6300704415917
 31
0.0
  0
ATTRIB
  5
11F
330
11D
100
AcDbEntity
  8
hw_Text
100
AcDbText
 10
3624.47567958149
 20
2758.6300704415917
 30
0.0
 40
4.0
  1
BKN
  7
WD_IEC
 41
0.5
100
AcDbAttribute
  2
TYPE
 70
12
280
1
 71
1
 72
0
  0
ATTRIB
  5
120
330
11D
100
AcDbEntity
  8
Defpoints
 62
8
 60
1
100
AcDbText
 10
3622.475540851199
 20
2726.6300204415893
 30
0.0
 40
0.0001
  1
2P/f
  7
WD_IEC
 72
1
 11
3622.47567958149
 21
2726.6300704415917
 31
0.0
100
AcDbAttribute
  2
POLES
 70
13
 74
2
280
1
 71
1
 72
0
 11
3622.47567958149
 21
2726.6300704415917
 31
0.0
  0
ATTRIB
  5
121
330
11D
100
AcDbEntity
  8
hw_Text
 62
1
100
AcDbText
 10
3624.47567958149
 20
2752.6300704415917
 30
0.0
 40
4.0
  1
63A
  7
WD_IEC
 41
0.5
100
AcDbAttribute
  2
RATE
 70
12
280
1
 71
1
 72
0
  0
SEQEND
  5
122
330
17
100
AcDbEntity
  8
0
  6
ByBlock
 62
0
370
9
  0
INSERT
  5
123
330
17
100
AcDbEntity
  8
0
  6
ByBlock
 62
0
370
9
100
AcDbBlockReference
 66
1
  2
*U470
 10
3658.47567958149
 20
2749.1300704415917
 30
0.0
  0
ATTRIB
  5
124
330
123
100
AcDbEntity
  8
Defpoints
 62
8
 60
1
100
AcDbText
 10
3658.475602601189
 20
2726.6300204415893
 30
0.0
 40
0.0001
  1
LS
  7
WD_IEC
 72
1
 11
3658.47567958149
 21
2726.6300704415917
 31
0.0
100
AcDbAttribute
  2
ORIGIN
 70
13
 74
2
280
1
 71
1
 72
0
 11
3658.47567958149
 21
2726.6300704415917
 31
0.0
  0
ATTRIB
  5
125
330
123
100
AcDbEntity
  8
hw_Text
100
AcDbText
 10
3660.47567958149
 20
2758.6300704415917
 30
0.0
 40
4.0
  1
BKN
  7
WD_IEC
 41
0.5
100
AcDbAttribute
  2
TYPE
 70
12
280
1
 71
1
 72
0
  0
ATTRIB
  5
126
330
123
100
AcDbEntity
  8
Defpoints
 62
8
 60
1
100
AcDbText
 10
3658.475540851199
 20
2726.6300204415893
 30
0.0
 40
0.0001
  1
2P/f
  7
WD_IEC
 72
1
 11
3658.47567958149
 21
2726.6300704415917
 31
0.0
100
AcDbAttribute
  2
POLES
 70
13
 74
2
280
1
 71
1
 72
0
 11
3658.47567958149
 21
2726.6300704415917
 31
0.0
  0
ATTRIB
  5
127
330
123
100
AcDbEntity
  8
hw_Text
 62
1
100
AcDbText
 10
3660.47567958149
 20
2752.6300704415917
 30
0.0
 40
4.0
  1
63A
  7
WD_IEC
 41
0.5
100
AcDbAttribute
  2
RATE
 70
12
280
1
 71
1
 72
0
  0
SEQEND
  5
128
330
17
100
AcDbEntity
  8
0
  6
ByBlock
 62
0
370
9
  0
INSERT
  5
129
330
17
100
AcDbEntity
  8
0
  6
ByBlock
 62
0
370
9
100
AcDbBlockReference
 66
1
  2
*U10954
 10
3424.47567958149
 20
2749.1300704415917
 30
0.0
  0
ATTRIB
  5
12A
330
129
100
AcDbEntity
  8
Defpoints
 62
8
 60
1
100
AcDbText
 10
3424.475847601192
 20
2724.1300704415917
 30
0.0
 40
0.0001
  1
LS
  7
WD_IEC
 72
1
 11
3424.475924581493
 21
2724.130120441594
 31
0.0
100
AcDbAttribute
  2
ORIGIN
 70
13
 74
2
280
1
 71
1
 72
0
 11
3424.475924581493
 21
2724.130120441594
 31
0.0
  0
ATTRIB
  5
12B
330
129
100
AcDbEntity
  8
hw_Text
100
AcDbText
 10
3433.22567958149
 20
2733.1300704415917
 30
0.0
 40
6.0
  1
ABN
  7
WD_IEC
 41
0.5
 72
1
 11
3436.97567958149
 21
2736.1300704415917
 31
0.0
100
AcDbAttribute
  2
TYPE
 70
12
 74
2
280
1
 71
1
 72
0
 11
3436.97567958149
 21
2736.1300704415917
 31
0.0
  0
ATTRIB
  5
12C
330
129
100
AcDbEntity
  8
Defpoints
 62
8
 60
1
100
AcDbText
 10
3424.4757845814893
 20
2724.1300704415917
 30
0.0
 40
0.0001
  1
3P/f
  7
WD_IEC
 72
1
 11
3424.475924581493
 21
2724.130120441594
 31
0.0
100
AcDbAttribute
  2
POLES
 70
13
 74
2
280
1
 71
1
 72
0
 11
3424.475924581493
 21
2724.130120441594
 31
0.0
  0
ATTRIB
  5
12D
330
129
100
AcDbEntity
  8
hw_Text
 62
1
100
AcDbText
 10
3432.775679581493
 20
2725.1300704415917
 30
0.0
 40
6.0
  1
100A
  7
WD_IEC
 41
0.5
 72
1
 11
3436.97567958149
 21
2728.1300704415917
 31
0.0
100
AcDbAttribute
  2
RATE
 70
12
 74
2
280
1
 71
1
 72
0
 11
3436.97567958149
 21
2728.1300704415917
 31
0.0
  0
SEQEND
  5
12E
330
17
100
AcDbEntity
  8
0
  6
ByBlock
 62
0
370
9
  0
INSERT
  5
12F
330
17
100
AcDbEntity
  8
0
  6
ByBlock
 62
0
370
9
100
AcDbBlockReference
 66
1
  2
*U10954
 10
3499.47567958149
 20
2749.1300704415917
 30
0.0
  0
ATTRIB
  5
130
330
12F
100
AcDbEntity
  8
Defpoints
 62
8
 60
1
100
AcDbText
 10
3499.475847601192
 20
2724.1300704415917
 30
0.0
 40
0.0001
  1
LS
  7
WD_IEC
 72
1
 11
3499.475924581493
 21
2724.130120441594
 31
0.0
100
AcDbAttribute
  2
ORIGIN
 70
13
 74
2
280
1
 71
1
 72
0
 11
3499.475924581493
 21
2724.130120441594
 31
0.0
  0
ATTRIB
  5
131
330
12F
100
AcDbEntity
  8
hw_Text
100
AcDbText
 10
3508.22567958149
 20
2733.1300704415917
 30
0.0
 40
6.0
  1
ABN
  7
WD_IEC
 41
0.5
 72
1
 11
3511.97567958149
 21
2736.1300704415917
 31
0.0
100
AcDbAttribute
  2
TYPE
 70
12
 74
2
280
1
 71
1
 72
0
 11
3511.97567958149
 21
2736.1300704415917
 31
0.0
  0
ATTRIB
  5
132
330
12F
100
AcDbEntity
  8
Defpoints
 62
8
 60
1
100
AcDbText
 10
3499.4757845814893
 20
2724.1300704415917
 30
0.0
 40
0.0001
  1
3P/f
  7
WD_IEC
 72
1
 11
3499.475924581493
 21
2724.130120441594
 31
0.0
100
AcDbAttribute
  2
POLES
 70
13
 74
2
280
1
 71
1
 72
0
 11
3499.475924581493
 21
2724.130120441594
 31
0.0
  0
ATTRIB
  5
133
330
12F
100
AcDbEntity
  8
hw_Text
 62
1
100
AcDbText
 10
3507.775679581493
 20
2725.1300704415917
 30
0.0
 40
6.0
  1
100A
  7
WD_IEC
 41
0.5
 72
1
 11
3511.97567958149
 21
2728.1300704415917
 31
0.0
100
AcDbAttribute
  2
RATE
 70
12
 74
2
280
1
 71
1
 72
0
 11
3511.97567958149
 21
2728.1300704415917
 31
0.0
  0
SEQEND
  5
134
330
17
100
AcDbEntity
  8
0
  6
ByBlock
 62
0
370
9
  0
INSERT
  5
135
330
17
100
AcDbEntity
  8
0
  6
ByBlock
 62
0
370
9
100
AcDbBlockReference
 66
1
  2
*U470
 10
3694.47567958149
 20
2749.1300704415917
 30
0.0
  0
ATTRIB
  5
136
330
135
100
AcDbEntity
  8
Defpoints
 62
8
 60
1
100
AcDbText
 10
3694.475602601189
 20
2726.6300204415893
 30
0.0
 40
0.0001
  1
LS
  7
WD_IEC
 72
1
 11
3694.47567958149
 21
2726.6300704415917
 31
0.0
100
AcDbAttribute
  2
ORIGIN
 70
13
 74
2
280
1
 71
1
 72
0
 11
3694.47567958149
 21
2726.6300704415917
 31
0.0
  0
ATTRIB
  5
137
330
135
100
AcDbEntity
  8
hw_Text
100
AcDbText
 10
3696.47567958149
 20
2758.6300704415917
 30
0.0
 40
4.0
  1
BKN
  7
WD_IEC
 41
0.5
100
AcDbAttribute
  2
TYPE
 70
12
280
1
 71
1
 72
0
  0
ATTRIB
  5
138
330
135
100
AcDbEntity
  8
Defpoints
 62
8
 60
1
100
AcDbText
 10
3694.475540851199
 20
2726.6300204415893
 30
0.0
 40
0.0001
  1
2P/f
  7
WD_IEC
 72
1
 11
3694.47567958149
 21
2726.6300704415917
 31
0.0
100
AcDbAttribute
  2
POLES
 70
13
 74
2
280
1
 71
1
 72
0
 11
3694.47567958149
 21
2726.6300704415917
 31
0.0
  0
ATTRIB
  5
139
330
135
100
AcDbEntity
  8
hw_Text
 62
1
100
AcDbText
 10
3696.47567958149
 20
2752.6300704415917
 30
0.0
 40
4.0
  1
63A
  7
WD_IEC
 41
0.5
100
AcDbAttribute
  2
RATE
 70
12
280
1
 71
1
 72
0
  0
SEQEND
  5
13A
330
17
100
AcDbEntity
  8
0
  6
ByBlock
 62
0
370
9
  0
INSERT
  5
13B
330
17
100
AcDbEntity
  8
0
  6
ByBlock
 62
0
370
9
100
AcDbBlockReference
 66
1
  2
*U470
 10
3730.47567958149
 20
2749.1300704415917
 30
0.0
  0
ATTRIB
  5
13C
330
13B
100
AcDbEntity
  8
Defpoints
 62
8
 60
1
100
AcDbText
 10
3730.475602601189
 20
2726.6300204415893
 30
0.0
 40
0.0001
  1
LS
  7
WD_IEC
 72
1
 11
3730.47567958149
 21
2726.6300704415917
 31
0.0
100
AcDbAttribute
  2
ORIGIN
 70
13
 74
2
280
1
 71
1
 72
0
 11
3730.47567958149
 21
2726.6300704415917
 31
0.0
  0
ATTRIB
  5
13D
330
13B
100
AcDbEntity
  8
hw_Text
100
AcDbText
 10
3732.47567958149
 20
2758.6300704415917
 30
0.0
 40
4.0
  1
BKN
  7
WD_IEC
 41
0.5
100
AcDbAttribute
  2
TYPE
 70
12
280
1
 71
1
 72
0
  0
ATTRIB
  5
13E
330
13B
100
AcDbEntity
  8
Defpoints
 62
8
 60
1
100
AcDbText
 10
3730.475540851199
 20
2726.6300204415893
 30
0.0
 40
0.0001
  1
2P/f
  7
WD_IEC
 72
1
 11
3730.47567958149
 21
2726.6300704415917
 31
0.0
100
AcDbAttribute
  2
POLES
 70
13
 74
2
280
1
 71
1
 72
0
 11
3730.47567958149
 21
2726.6300704415917
 31
0.0
  0
ATTRIB
  5
13F
330
13B
100
AcDbEntity
  8
hw_Text
 62
1
100
AcDbText
 10
3732.47567958149
 20
2752.6300704415917
 30
0.0
 40
4.0
  1
63A
  7
WD_IEC
 41
0.5
100
AcDbAttribute
  2
RATE
 70
12
280
1
 71
1
 72
0
  0
SEQEND
  5
140
330
17
100
AcDbEntity
  8
0
  6
ByBlock
 62
0
370
9
  0
INSERT
  5
141
330
17
100
AcDbEntity
  8
0
  6
ByBlock
 62
0
370
9
100
AcDbBlockReference
 66
1
  2
*U470
 10
3766.47567958149
 20
2749.1300704415917
 30
0.0
  0
ATTRIB
  5
142
330
141
100
AcDbEntity
  8
Defpoints
 62
8
 60
1
100
AcDbText
 10
3766.475602601189
 20
2726.6300204415893
 30
0.0
 40
0.0001
  1
LS
  7
WD_IEC
 72
1
 11
3766.47567958149
 21
2726.6300704415917
 31
0.0
100
AcDbAttribute
  2
ORIGIN
 70
13
 74
2
280
1
 71
1
 72
0
 11
3766.47567958149
 21
2726.6300704415917
 31
0.0
  0
ATTRIB
  5
143
330
141
100
AcDbEntity
  8
hw_Text
100
AcDbText
 10
3768.47567958149
 20
2758.6300704415917
 30
0.0
 40
4.0
  1
BKN
  7
WD_IEC
 41
0.5
100
AcDbAttribute
  2
TYPE
 70
12
280
1
 71
1
 72
0
  0
ATTRIB
  5
144
330
141
100
AcDbEntity
  8
Defpoints
 62
8
 60
1
100
AcDbText
 10
3766.475540851199
 20
2726.6300204415893
 30
0.0
 40
0.0001
  1
2P/f
  7
WD_IEC
 72
1
 11
3766.47567958149
 21
2726.6300704415917
 31
0.0
100
AcDbAttribute
  2
POLES
 70
13
 74
2
280
1
 71
1
 72
0
 11
3766.47567958149
 21
2726.6300704415917
 31
0.0
  0
ATTRIB
  5
145
330
141
100
AcDbEntity
  8
hw_Text
 62
1
100
AcDbText
 10
3768.47567958149
 20
2752.6300704415917
 30
0.0
 40
4.0
  1
63A
  7
WD_IEC
 41
0.5
100
AcDbAttribute
  2
RATE
 70
12
280
1
 71
1
 72
0
  0
SEQEND
  5
146
330
17
100
AcDbEntity
  8
0
  6
ByBlock
 62
0
370
9
  0
INSERT
  5
147
330
17
100
AcDbEntity
  8
0
  6
ByBlock
 62
0
370
9
100
AcDbBlockReference
 66
1
  2
*U470
 10
3802.47567958149
 20
2749.1300704415917
 30
0.0
  0
ATTRIB
  5
148
330
147
100
AcDbEntity
  8
Defpoints
 62
8
 60
1
100
AcDbText
 10
3802.475602601189
 20
2726.6300204415893
 30
0.0
 40
0.0001
  1
LS
  7
WD_IEC
 72
1
 11
3802.47567958149
 21
2726.6300704415917
 31
0.0
100
AcDbAttribute
  2
ORIGIN
 70
13
 74
2
280
1
 71
1
 72
0
 11
3802.47567958149
 21
2726.6300704415917
 31
0.0
  0
ATTRIB
  5
149
330
147
100
AcDbEntity
  8
hw_Text
100
AcDbText
 10
3804.47567958149
 20
2758.6300704415917
 30
0.0
 40
4.0
  1
BKN
  7
WD_IEC
 41
0.5
100
AcDbAttribute
  2
TYPE
 70
12
280
1
 71
1
 72
0
  0
ATTRIB
  5
14A
330
147
100
AcDbEntity
  8
Defpoints
 62
8
 60
1
100
AcDbText
 10
3802.475540851199
 20
2726.6300204415893
 30
0.0
 40
0.0001
  1
2P/f
  7
WD_IEC
 72
1
 11
3802.47567958149
 21
2726.6300704415917
 31
0.0
100
AcDbAttribute
  2
POLES
 70
13
 74
2
280
1
 71
1
 72
0
 11
3802.47567958149
 21
2726.6300704415917
 31
0.0
  0
ATTRIB
  5
14B
330
147
100
AcDbEntity
  8
hw_Text
 62
1
100
AcDbText
 10
3804.47567958149
 20
2752.6300704415917
 30
0.0
 40
4.0
  1
63A
  7
WD_IEC
 41
0.5
100
AcDbAttribute
  2
RATE
 70
12
280
1
 71
1
 72
0
  0
SEQEND
  5
14C
330
17
100
AcDbEntity
  8
0
  6
ByBlock
 62
0
370
9
  0
INSERT
  5
14D
330
17
100
AcDbEntity
  8
0
  6
ByBlock
 62
0
370
9
100
AcDbBlockReference
 66
1
  2
*U470
 10
3838.47567958149
 20
2749.1300704415917
 30
0.0
  0
ATTRIB
  5
14E
330
14D
100
AcDbEntity
  8
Defpoints
 62
8
 60
1
100
AcDbText
 10
3838.475602601189
 20
2726.6300204415893
 30
0.0
 40
0.0001
  1
LS
  7
WD_IEC
 72
1
 11
3838.47567958149
 21
2726.6300704415917
 31
0.0
100
AcDbAttribute
  2
ORIGIN
 70
13
 74
2
280
1
 71
1
 72
0
 11
3838.47567958149
 21
2726.6300704415917
 31
0.0
  0
ATTRIB
  5
14F
330
14D
100
AcDbEntity
  8
hw_Text
100
AcDbText
 10
3840.47567958149
 20
2758.6300704415917
 30
0.0
 40
4.0
  1
BKN
  7
WD_IEC
 41
0.5
100
AcDbAttribute
  2
TYPE
 70
12
280
1
 71
1
 72
0
  0
ATTRIB
  5
150
330
14D
100
AcDbEntity
  8
Defpoints
 62
8
 60
1
100
AcDbText
 10
3838.475540851199
 20
2726.6300204415893
 30
0.0
 40
0.0001
  1
2P/f
  7
WD_IEC
 72
1
 11
3838.47567958149
 21
2726.6300704415917
 31
0.0
100
AcDbAttribute
  2
POLES
 70
13
 74
2
280
1
 71
1
 72
0
 11
3838.47567958149
 21
2726.6300704415917
 31
0.0
  0
ATTRIB
  5
151
330
14D
100
AcDbEntity
  8
hw_Text
 62
1
100
AcDbText
 10
3840.47567958149
 20
2752.6300704415917
 30
0.0
 40
4.0
  1
63A
  7
WD_IEC
 41
0.5
100
AcDbAttribute
  2
RATE
 70
12
280
1
 71
1
 72
0
  0
SEQEND
  5
152
330
17
100
AcDbEntity
  8
0
  6
ByBlock
 62
0
370
9
  0
INSERT
  5
153
330
17
100
AcDbEntity
  8
0
 62
3
100
AcDbBlockReference
  2
*U12843
 10
3506.97567958149
 20
2684.1300704415917
 30
0.0
 50
89.99999999999999
  0
LWPOLYLINE
  5
155
330
17
100
AcDbEntity
  8
0
 62
4
100
AcDbPolyline
 90
4
 70
1
 10
3340.3285041405907
 20
3225.7848398370843
 10
3925.3285041405907
 20
3225.7848398370843
 10
3925.3285041405907
 20
3265.7848398370843
 10
3340.3285041405907
 20
3265.7848398370843
  0
LWPOLYLINE
  5
156
330
17
100
AcDbEntity
  8
0
 62
4
100
AcDbPolyline
 90
4
 70
1
 10
3340.3285041405907
 20
3500.8800704416644
 10
3925.3285041405907
 20
3500.8800704416644
 10
3925.3285041405907
 20
3540.8800704416644
 10
3340.3285041405907
 20
3540.8800704416644
  0
LWPOLYLINE
  5
157
330
17
100
AcDbEntity
  8
0
 62
4
100
AcDbPolyline
 90
4
 70
1
 10
3340.3285041405907
 20
3650.8800704416644
 10
3925.3285041405907
 20
3650.8800704416644
 10
3925.3285041405907
 20
3690.8800704416644
 10
3340.3285041405907
 20
3690.8800704416644
  0
INSERT
  5
158
330
17
100
AcDbEntity
  8
0
100
AcDbBlockReference
  2
KTRONG
 10
2190.6354592122952
 20
3343.380070441606
 30
0.0
  0
INSERT
  5
15A
330
17
100
AcDbEntity
  8
0
100
AcDbBlockReference
  2
KTRONG
 10
2190.6354592122952
 20
2743.380070441606
 30
0.0
  0
INSERT
  5
15C
330
17
100
AcDbEntity
  8
0 TĂNG CỨNG
 62
51
100
AcDbBlockReference
  2
SDGHGFH
 10
-14140.66672107493
 20
-5969.187148126293
 30
0.0
  0
INSERT
  5
15E
330
17
100
AcDbEntity
  8
0 TĂNG CỨNG
 62
51
100
AcDbBlockReference
  2
SDGHGFH
 10
-14140.66672107493
 20
-6602.187148126322
 30
0.0
  0
INSERT
  5
160
330
17
100
AcDbEntity
  8
0
 62
2
100
AcDbBlockReference
  2
BL012-FRONT
 10
2747.0853353306884
 20
3611.8800704415917
 30
0.0
  0
INSERT
  5
162
330
17
100
AcDbEntity
  8
0
 62
2
100
AcDbBlockReference
  2
BL012-FRONT
 10
2747.0853353306884
 20
3011.8800704415917
 30
0.0
  0
INSERT
  5
164
330
17
100
AcDbEntity
  8
0
 62
2
100
AcDbBlockReference
  2
BL012-FRONT
 10
2747.0853353306884
 20
2771.8800704415917
 30
0.0
  0
INSERT
  5
166
330
17
100
AcDbEntity
  8
0
 62
2
100
AcDbBlockReference
  2
BL012-FRONT
 10
2747.0853353306884
 20
2651.8800704415917
 30
0.0
  0
INSERT
  5
168
330
17
100
AcDbEntity
  8
Text
100
AcDbBlockReference
  2
TV-HTS4
 10
5009.577307940199
 20
3183.3800704415917
 30
0.0
  0
INSERT
  5
16A
330
17
100
AcDbEntity
  8
0
100
AcDbBlockReference
  2
ok
 10
5018.077307939995
 20
3318.3800704415917
 30
0.0
  0
LWPOLYLINE
  5
16C
330
17
100
AcDbEntity
  8
0
 62
4
100
AcDbPolyline
 90
4
 70
1
 10
3340.3285041405907
 20
3375.7848398370843
 10
3925.3285041405907
 20
3375.7848398370843
 10
3925.3285041405907
 20
3415.7848398370843
 10
3340.3285041405907
 20
3415.7848398370843
  0
LINE
  5
16D
330
17
100
AcDbEntity
  8
@.0.DM. NÉT CHÍNH
 62
0
100
AcDbLine
 10
3340.3285041405907
 20
3395.7848398370843
 30
0.0
 11
3255.792314798193
 21
3395.7848398370843
 31
0.0
  0
LWPOLYLINE
  5
16E
330
17
100
AcDbEntity
  8
0
 62
4
100
AcDbPolyline
 90
4
 70
1
 10
3340.3285041405907
 20
3000.8800704416644
 10
3925.3285041405907
 20
3000.8800704416644
 10
3925.3285041405907
 20
3040.8800704416644
 10
3340.3285041405907
 20
3040.8800704416644
  0
LWPOLYLINE
  5
16F
330
17
100
AcDbEntity
  8
0
 62
4
100
AcDbPolyline
 90
4
 70
1
 10
3340.3285041405907
 20
3150.8800704416644
 10
3925.3285041405907
 20
3150.8800704416644
 10
3925.3285041405907
 20
3190.8800704416644
 10
3340.3285041405907
 20
3190.8800704416644
  0
LWPOLYLINE
  5
170
330
17
100
AcDbEntity
  8
0
 62
4
100
AcDbPolyline
 90
4
 70
1
 10
2153.6354592122952
 20
3000.8800704416644
 10
2738.6354592122952
 20
3000.8800704416644
 10
2738.6354592122952
 20
3040.8800704416644
 10
2153.6354592122952
 20
3040.8800704416644
  0
ENDSEC
  0
SECTION
  2
OBJECTS
  0
DICTIONARY
  5
A
330
0
100
AcDbDictionary
281
1
  3
ACAD_COLOR
350
B
  3
ACAD_GROUP
350
C
  3
ACAD_LAYOUT
350
D
  3
ACAD_MATERIAL
350
E
  3
ACAD_MLEADERSTYLE
350
F
  3
ACAD_MLINESTYLE
350
10
  3
ACAD_PLOTSETTINGS
350
11
  3
ACAD_PLOTSTYLENAME
350
12
  3
ACAD_SCALELIST
350
14
  3
ACAD_TABLESTYLE
350
15
  3
ACAD_VISUALSTYLE
350
16
  3
EZDXF_META
350
2D
  0
DICTIONARY
  5
B
330
A
100
AcDbDictionary
281
1
  0
DICTIONARY
  5
C
330
A
100
AcDbDictionary
281
1
  0
DICTIONARY
  5
D
330
A
100
AcDbDictionary
281
1
  3
Model
350
1A
  3
Layout1
350
1E
  0
DICTIONARY
  5
E
330
A
100
AcDbDictionary
281
1
  3
ByBlock
350
1F
  3
ByLayer
350
20
  3
Global
350
21
  0
DICTIONARY
  5
F
330
A
100
AcDbDictionary
281
1
  3
Standard
350
2C
  0
DICTIONARY
  5
10
330
A
100
AcDbDictionary
281
1
  3
Standard
350
22
  0
DICTIONARY
  5
11
330
A
100
AcDbDictionary
281
1
  0
ACDBDICTIONARYWDFLT
  5
12
330
A
100
AcDbDictionary
281
1
  3
Normal
350
13
100
AcDbDictionaryWithDefault
340
13
  0
ACDBPLACEHOLDER
  5
13
330
12
  0
DICTIONARY
  5
14
330
A
100
AcDbDictionary
281
1
  0
DICTIONARY
  5
15
330
A
100
AcDbDictionary
281
1
  0
DICTIONARY
  5
16
330
A
100
AcDbDictionary
281
1
  0
LAYOUT
  5
1A
330
D
100
AcDbPlotSettings
  1

  4
A3
  6

 40
7.5
 41
20.0
 42
7.5
 43
20.0
 44
420.0
 45
297.0
 46
0.0
 47
0.0
 48
0.0
 49
0.0
140
0.0
141
0.0
142
1.0
143
1.0
 70
1024
 72
1
 73
0
 74
5
  7

 75
16
 76
0
 77
2
 78
300
147
1.0
148
0.0
149
0.0
100
AcDbLayout
  1
Model
 70
1
 71
0
 10
0.0
 20
0.0
 11
420.0
 21
297.0
 12
0.0
 22
0.0
 32
0.0
 14
1e+20
 24
1e+20
 34
1e+20
 15
-1e+20
 25
-1e+20
 35
-1e+20
146
0.0
 13
0.0
 23
0.0
 33
0.0
 16
1.0
 26
0.0
 36
0.0
 17
0.0
 27
1.0
 37
0.0
 76
1
330
17
  0
LAYOUT
  5
1E
330
D
100
AcDbPlotSettings
  1

  4
A3
  6

 40
7.5
 41
20.0
 42
7.5
 43
20.0
 44
420.0
 45
297.0
 46
0.0
 47
0.0
 48
0.0
 49
0.0
140
0.0
141
0.0
142
1.0
143
1.0
 70
0
 72
1
 73
0
 74
5
  7

 75
16
 76
0
 77
2
 78
300
147
1.0
148
0.0
149
0.0
100
AcDbLayout
  1
Layout1
 70
1
 71
1
 10
0.0
 20
0.0
 11
420.0
 21
297.0
 12
0.0
 22
0.0
 32
0.0
 14
1e+20
 24
1e+20
 34
1e+20
 15
-1e+20
 25
-1e+20
 35
-1e+20
146
0.0
 13
0.0
 23
0.0
 33
0.0
 16
1.0
 26
0.0
 36
0.0
 17
0.0
 27
1.0
 37
0.0
 76
1
330
1B
  0
MATERIAL
  5
1F
102
{ACAD_REACTORS
330
E
102
}
330
E
100
AcDbMaterial
  1
ByBlock
  2

 70
0
 40
1.0
 71
1
 41
1.0
 91
-1023410177
 42
1.0
 72
1
  3

 73
1
 74
1
 75
1
 44
0.5
 73
0
 45
1.0
 46
1.0
 77
1
  4

 78
1
 79
1
170
1
 48
1.0
171
1
  6

172
1
173
1
174
1
140
1.0
141
1.0
175
1
  7

176
1
177
1
178
1
143
1.0
179
1
  8

270
1
271
1
272
1
145
1.0
146
1.0
273
1
  9

274
1
275
1
276
1
 42
1.0
 72
1
  3

 73
1
 74
1
 75
1
 94
63
  0
MATERIAL
  5
20
102
{ACAD_REACTORS
330
E
102
}
330
E
100
AcDbMaterial
  1
ByLayer
  2

 70
0
 40
1.0
 71
1
 41
1.0
 91
-1023410177
 42
1.0
 72
1
  3

 73
1
 74
1
 75
1
 44
0.5
 73
0
 45
1.0
 46
1.0
 77
1
  4

 78
1
 79
1
170
1
 48
1.0
171
1
  6

172
1
173
1
174
1
140
1.0
141
1.0
175
1
  7

176
1
177
1
178
1
143
1.0
179
1
  8

270
1
271
1
272
1
145
1.0
146
1.0
273
1
  9

274
1
275
1
276
1
 42
1.0
 72
1
  3

 73
1
 74
1
 75
1
 94
63
  0
MATERIAL
  5
21
102
{ACAD_REACTORS
330
E
102
}
330
E
100
AcDbMaterial
  1
Global
  2

 70
0
 40
1.0
 71
1
 41
1.0
 91
-1023410177
 42
1.0
 72
1
  3

 73
1
 74
1
 75
1
 44
0.5
 73
0
 45
1.0
 46
1.0
 77
1
  4

 78
1
 79
1
170
1
 48
1.0
171
1
  6

172
1
173
1
174
1
140
1.0
141
1.0
175
1
  7

176
1
177
1
178
1
143
1.0
179
1
  8

270
1
271
1
272
1
145
1.0
146
1.0
273
1
  9

274
1
275
1
276
1
 42
1.0
 72
1
  3

 73
1
 74
1
 75
1
 94
63
  0
MLINESTYLE
  5
22
102
{ACAD_REACTORS
330
10
102
}
330
10
100
AcDbMlineStyle
  2
Standard
 70
0
  3

 62
256
 51
90.0
 52
90.0
 71
2
 49
0.5
 62
256
  6
BYLAYER
 49
-0.5
 62
256
  6
BYLAYER
  0
MLEADERSTYLE
  5
2C
102
{ACAD_REACTORS
330
F
102
}
330
F
100
AcDbMLeaderStyle
179
2
170
2
171
1
172
0
 90
2
 40
0.0
 41
0.0
173
1
 91
-1056964608
 92
-2
290
1
 42
2.0
291
1
 43
8.0
  3
Standard
 44
4.0
300

342
29
174
1
175
1
176
0
178
1
 93
-1056964608
 45
4.0
292
0
297
0
 46
4.0
 94
-1056964608
 47
1.0
 49
1.0
140
1.0
294
1
141
0.0
177
0
142
1.0
295
0
296
0
143
3.75
271
0
272
9
273
9
  0
DICTIONARY
  5
2D
330
A
100
AcDbDictionary
280
1
281
1
  3
CREATED_BY_EZDXF
350
2E
  3
WRITTEN_BY_EZDXF
350
6D2
  0
DICTIONARYVAR
  5
2E
330
2D
100
DictionaryVariables
280
0
  1
1.4.4 @ 2026-09-24T06:32:47.513331+00:00
  0
DICTIONARYVAR
  5
6D2
330
2D
100
DictionaryVariables
280
0
  1
1.4.4 @ 2026-09-24T06:38:37.873011+00:00
  0
ENDSEC
  0
EOF
