  0
SECTION
  2
HEADER
  9
$ACADVER
  1
AC1032
  9
$ACADMAINTVER
 90
4
  9
$DWGCODEPAGE
  3
ANSI_1252
  9
$LASTSAVEDBY
  1
ezdxf
  9
$REQUIREDVERSIONS
160
0
  9
$INSBASE
 10
0.0
 20
0.0
 30
0.0
  9
$EXTMIN
 10
1e+20
 20
1e+20
 30
1e+20
  9
$EXTMAX
 10
-1e+20
 20
-1e+20
 30
-1e+20
  9
$LIMMIN
 10
0.0
 20
0.0
  9
$LIMMAX
 10
420.0
 20
297.0
  9
$ORTHOMODE
 70
0
  9
$REGENMODE
 70
1
  9
$FILLMODE
 70
1
  9
$QTEXTMODE
 70
0
  9
$MIRRTEXT
 70
1
  9
$LTSCALE
 40
1.0
  9
$ATTMODE
 70
1
  9
$TEXTSIZE
 40
2.5
  9
$TRACEWID
 40
1.0
  9
$TEXTSTYLE
  7
Standard
  9
$CLAYER
  8
0
  9
$CELTYPE
  6
ByLayer
  9
$CECOLOR
 62
256
  9
$CELTSCALE
 40
1.0
  9
$DISPSILH
 70
0
  9
$DIMSCALE
 40
1.0
  9
$DIMASZ
 40
2.5
  9
$DIMEXO
 40
0.625
  9
$DIMDLI
 40
3.75
  9
$DIMRND
 40
0.0
  9
$DIMDLE
 40
0.0
  9
$DIMEXE
 40
1.25
  9
$DIMTP
 40
0.0
  9
$DIMTM
 40
0.0
  9
$DIMTXT
 40
2.5
  9
$DIMCEN
 40
2.5
  9
$DIMTSZ
 40
0.0
  9
$DIMTOL
 70
0
  9
$DIMLIM
 70
0
  9
$DIMTIH
 70
0
  9
$DIMTOH
 70
0
  9
$DIMSE1
 70
0
  9
$DIMSE2
 70
0
  9
$DIMTAD
 70
1
  9
$DIMZIN
 70
8
  9
$DIMBLK
  1

  9
$DIMASO
 70
1
  9
$DIMSHO
 70
1
  9
$DIMPOST
  1

  9
$DIMAPOST
  1

  9
$DIMALT
 70
0
  9
$DIMALTD
 70
3
  9
$DIMALTF
 40
0.03937007874
  9
$DIMLFAC
 40
1.0
  9
$DIMTOFL
 70
1
  9
$DIMTVP
 40
0.0
  9
$DIMTIX
 70
0
  9
$DIMSOXD
 70
0
  9
$DIMSAH
 70
0
  9
$DIMBLK1
  1

  9
$DIMBLK2
  1

  9
$DIMSTYLE
  2
ISO-25
  9
$DIMCLRD
 70
0
  9
$DIMCLRE
 70
0
  9
$DIMCLRT
 70
0
  9
$DIMTFAC
 40
1.0
  9
$DIMGAP
 40
0.625
  9
$DIMJUST
 70
0
  9
$DIMSD1
 70
0
  9
$DIMSD2
 70
0
  9
$DIMTOLJ
 70
0
  9
$DIMTZIN
 70
8
  9
$DIMALTZ
 70
0
  9
$DIMALTTZ
 70
0
  9
$DIMUPT
 70
0
  9
$DIMDEC
 70
2
  9
$DIMTDEC
 70
2
  9
$DIMALTU
 70
2
  9
$DIMALTTD
 70
3
  9
$DIMTXSTY
  7
Standard
  9
$DIMAUNIT
 70
0
  9
$DIMADEC
 70
0
  9
$DIMALTRND
 40
0.0
  9
$DIMAZIN
 70
0
  9
$DIMDSEP
 70
44
  9
$DIMATFIT
 70
3
  9
$DIMFRAC
 70
0
  9
$DIMLDRBLK
  1

  9
$DIMLUNIT
 70
2
  9
$DIMLWD
 70
-2
  9
$DIMLWE
 70
-2
  9
$DIMTMOVE
 70
0
  9
$DIMFXL
 40
1.0
  9
$DIMFXLON
 70
0
  9
$DIMJOGANG
 40
0.785398163397
  9
$DIMTFILL
 70
0
  9
$DIMTFILLCLR
 70
0
  9
$DIMARCSYM
 70
0
  9
$DIMLTYPE
  6

  9
$DIMLTEX1
  6

  9
$DIMLTEX2
  6

  9
$DIMTXTDIRECTION
 70
0
  9
$LUNITS
 70
2
  9
$LUPREC
 70
4
  9
$SKETCHINC
 40
1.0
  9
$FILLETRAD
 40
10.0
  9
$AUNITS
 70
0
  9
$AUPREC
 70
2
  9
$MENU
  1
.
  9
$ELEVATION
 40
0.0
  9
$PELEVATION
 40
0.0
  9
$THICKNESS
 40
0.0
  9
$LIMCHECK
 70
0
  9
$CHAMFERA
 40
0.0
  9
$CHAMFERB
 40
0.0
  9
$CHAMFERC
 40
0.0
  9
$CHAMFERD
 40
0.0
  9
$SKPOLY
 70
0
  9
$TDCREATE
 40
2461308.567453704
  9
$TDUCREATE
 40
2458532.153996898
  9
$TDUPDATE
 40
2461308.567453704
  9
$TDUUPDATE
 40
2458532.1544311
  9
$TDINDWG
 40
0.0
  9
$TDUSRTIMER
 40
0.0
  9
$USRTIMER
 70
1
  9
$ANGBASE
 50
0.0
  9
$ANGDIR
 70
0
  9
$PDMODE
 70
0
  9
$PDSIZE
 40
0.0
  9
$PLINEWID
 40
0.0
  9
$SPLFRAME
 70
0
  9
$SPLINETYPE
 70
6
  9
$SPLINESEGS
 70
8
  9
$HANDSEED
  5
65B
  9
$SURFTAB1
 70
6
  9
$SURFTAB2
 70
6
  9
$SURFTYPE
 70
6
  9
$SURFU
 70
6
  9
$SURFV
 70
6
  9
$UCSBASE
  2

  9
$UCSNAME
  2

  9
$UCSORG
 10
0.0
 20
0.0
 30
0.0
  9
$UCSXDIR
 10
1.0
 20
0.0
 30
0.0
  9
$UCSYDIR
 10
0.0
 20
1.0
 30
0.0
  9
$UCSORTHOREF
  2

  9
$UCSORTHOVIEW
 70
0
  9
$UCSORGTOP
 10
0.0
 20
0.0
 30
0.0
  9
$UCSORGBOTTOM
 10
0.0
 20
0.0
 30
0.0
  9
$UCSORGLEFT
 10
0.0
 20
0.0
 30
0.0
  9
$UCSORGRIGHT
 10
0.0
 20
0.0
 30
0.0
  9
$UCSORGFRONT
 10
0.0
 20
0.0
 30
0.0
  9
$UCSORGBACK
 10
0.0
 20
0.0
 30
0.0
  9
$PUCSBASE
  2

  9
$PUCSNAME
  2

  9
$PUCSORG
 10
0.0
 20
0.0
 30
0.0
  9
$PUCSXDIR
 10
1.0
 20
0.0
 30
0.0
  9
$PUCSYDIR
 10
0.0
 20
1.0
 30
0.0
  9
$PUCSORTHOREF
  2

  9
$PUCSORTHOVIEW
 70
0
  9
$PUCSORGTOP
 10
0.0
 20
0.0
 30
0.0
  9
$PUCSORGBOTTOM
 10
0.0
 20
0.0
 30
0.0
  9
$PUCSORGLEFT
 10
0.0
 20
0.0
 30
0.0
  9
$PUCSORGRIGHT
 10
0.0
 20
0.0
 30
0.0
  9
$PUCSORGFRONT
 10
0.0
 20
0.0
 30
0.0
  9
$PUCSORGBACK
 10
0.0
 20
0.0
 30
0.0
  9
$USERI1
 70
0
  9
$USERI2
 70
0
  9
$USERI3
 70
0
  9
$USERI4
 70
0
  9
$USERI5
 70
0
  9
$USERR1
 40
0.0
  9
$USERR2
 40
0.0
  9
$USERR3
 40
0.0
  9
$USERR4
 40
0.0
  9
$USERR5
 40
0.0
  9
$WORLDVIEW
 70
1
  9
$SHADEDGE
 70
3
  9
$SHADEDIF
 70
70
  9
$TILEMODE
 70
1
  9
$MAXACTVP
 70
64
  9
$PINSBASE
 10
0.0
 20
0.0
 30
0.0
  9
$PLIMCHECK
 70
0
  9
$PEXTMIN
 10
1e+20
 20
1e+20
 30
1e+20
  9
$PEXTMAX
 10
-1e+20
 20
-1e+20
 30
-1e+20
  9
$PLIMMIN
 10
0.0
 20
0.0
  9
$PLIMMAX
 10
420.0
 20
297.0
  9
$UNITMODE
 70
0
  9
$VISRETAIN
 70
1
  9
$PLINEGEN
 70
0
  9
$PSLTSCALE
 70
1
  9
$TREEDEPTH
 70
3020
  9
$CMLSTYLE
  2
Standard
  9
$CMLJUST
 70
0
  9
$CMLSCALE
 40
20.0
  9
$PROXYGRAPHICS
 70
1
  9
$MEASUREMENT
 70
1
  9
$CELWEIGHT
370
-1
  9
$ENDCAPS
280
0
  9
$JOINSTYLE
280
0
  9
$LWDISPLAY
290
0
  9
$INSUNITS
 70
4
  9
$HYPERLINKBASE
  1

  9
$STYLESHEET
  1

  9
$XEDIT
290
1
  9
$CEPSNTYPE
380
0
  9
$PSTYLEMODE
290
1
  9
$FINGERPRINTGUID
  2
{9B1EA9C2-BA76-4FE6-A953-D6792BAB2D53}
  9
$VERSIONGUID
  2
{19DC9219-D39A-40CF-B251-2D55DF056C7D}
  9
$EXTNAMES
290
1
  9
$PSVPSCALE
 40
0.0
  9
$OLESTARTUP
290
0
  9
$SORTENTS
280
127
  9
$INDEXCTL
280
0
  9
$HIDETEXT
280
1
  9
$XCLIPFRAME
280
1
  9
$HALOGAP
280
0
  9
$OBSCOLOR
 70
257
  9
$OBSLTYPE
280
0
  9
$INTERSECTIONDISPLAY
280
0
  9
$INTERSECTIONCOLOR
 70
257
  9
$DIMASSOC
280
2
  9
$PROJECTNAME
  1

  9
$CAMERADISPLAY
290
0
  9
$LENSLENGTH
 40
50.0
  9
$CAMERAHEIGHT
 40
0.0
  9
$STEPSPERSEC
 40
24.0
  9
$STEPSIZE
 40
100.0
  9
$3DDWFPREC
 40
2.0
  9
$PSOLWIDTH
 40
0.005
  9
$PSOLHEIGHT
 40
0.08
  9
$LOFTANG1
 40
1.570796326795
  9
$LOFTANG2
 40
1.570796326795
  9
$LOFTMAG1
 40
0.0
  9
$LOFTMAG2
 40
0.0
  9
$LOFTPARAM
 70
7
  9
$LOFTNORMALS
280
1
  9
$LATITUDE
 40
37.795
  9
$LONGITUDE
 40
-122.394
  9
$NORTHDIRECTION
 40
0.0
  9
$TIMEZONE
 70
-8000
  9
$LIGHTGLYPHDISPLAY
280
1
  9
$TILEMODELIGHTSYNCH
280
1
  9
$CMATERIAL
347
20
  9
$SOLIDHIST
280
0
  9
$SHOWHIST
280
1
  9
$DWFFRAME
280
2
  9
$DGNFRAME
280
2
  9
$REALWORLDSCALE
290
1
  9
$INTERFERECOLOR
 62
256
  9
$CSHADOW
280
0
  9
$SHADOWPLANELOCATION
 40
0.0
  0
ENDSEC
  0
SECTION
  2
CLASSES
  0
CLASS
  1
ACDBDICTIONARYWDFLT
  2
AcDbDictionaryWithDefault
  3
ObjectDBX Classes
 90
0
 91
0
280
0
281
0
  0
CLASS
  1
SUN
  2
AcDbSun
  3
SCENEOE
 90
1153
 91
0
280
0
281
0
  0
CLASS
  1
VISUALSTYLE
  2
AcDbVisualStyle
  3
ObjectDBX Classes
 90
4095
 91
0
280
0
281
0
  0
CLASS
  1
MATERIAL
  2
AcDbMaterial
  3
ObjectDBX Classes
 90
1153
 91
0
280
0
281
0
  0
CLASS
  1
SCALE
  2
AcDbScale
  3
ObjectDBX Classes
 90
1153
 91
0
280
0
281
0
  0
CLASS
  1
TABLESTYLE
  2
AcDbTableStyle
  3
ObjectDBX Classes
 90
4095
 91
0
280
0
281
0
  0
CLASS
  1
MLEADERSTYLE
  2
AcDbMLeaderStyle
  3
ACDB_MLEADERSTYLE_CLASS
 90
4095
 91
0
280
0
281
0
  0
CLASS
  1
DICTIONARYVAR
  2
AcDbDictionaryVar
  3
ObjectDBX Classes
 90
0
 91
0
280
0
281
0
  0
CLASS
  1
CELLSTYLEMAP
  2
AcDbCellStyleMap
  3
ObjectDBX Classes
 90
1152
 91
0
280
0
281
0
  0
CLASS
  1
MENTALRAYRENDERSETTINGS
  2
AcDbMentalRayRenderSettings
  3
SCENEOE
 90
1024
 91
0
280
0
281
0
  0
CLASS
  1
ACDBDETAILVIEWSTYLE
  2
AcDbDetailViewStyle
  3
ObjectDBX Classes
 90
1025
 91
0
280
0
281
0
  0
CLASS
  1
ACDBSECTIONVIEWSTYLE
  2
AcDbSectionViewStyle
  3
ObjectDBX Classes
 90
1025
 91
0
280
0
281
0
  0
CLASS
  1
RASTERVARIABLES
  2
AcDbRasterVariables
  3
ISM
 90
0
 91
0
280
0
281
0
  0
CLASS
  1
ACDBPLACEHOLDER
  2
AcDbPlaceHolder
  3
ObjectDBX Classes
 90
0
 91
0
280
0
281
0
  0
CLASS
  1
LAYOUT
  2
AcDbLayout
  3
ObjectDBX Classes
 90
0
 91
0
280
0
281
0
  0
ENDSEC
  0
SECTION
  2
TABLES
  0
TABLE
  2
VPORT
  5
8
330
0
100
AcDbSymbolTable
 70
1
  0
VPORT
  5
23
330
8
100
AcDbSymbolTableRecord
100
AcDbViewportTableRecord
  2
*Active
 70
0
 10
0.0
 20
0.0
 11
1.0
 21
1.0
 12
0.0
 22
0.0
 13
0.0
 23
0.0
 14
0.5
 24
0.5
 15
0.5
 25
0.5
 16
0.0
 26
0.0
 36
1.0
 17
0.0
 27
0.0
 37
0.0
 40
1000.0
 41
1.34
 42
50.0
 43
0.0
 44
0.0
 50
0.0
 51
0.0
 71
0
 72
1000
 73
1
 74
3
 75
0
 76
0
 77
0
 78
0
281
0
 65
0
146
0.0
  0
ENDTAB
  0
TABLE
  2
LTYPE
  5
2
330
0
100
AcDbSymbolTable
 70
3
  0
LTYPE
  5
24
330
2
100
AcDbSymbolTableRecord
100
AcDbLinetypeTableRecord
  2
ByBlock
 70
0
  3

 72
65
 73
0
 40
0.0
  0
LTYPE
  5
25
330
2
100
AcDbSymbolTableRecord
100
AcDbLinetypeTableRecord
  2
ByLayer
 70
0
  3

 72
65
 73
0
 40
0.0
  0
LTYPE
  5
26
330
2
100
AcDbSymbolTableRecord
100
AcDbLinetypeTableRecord
  2
Continuous
 70
0
  3

 72
65
 73
0
 40
0.0
  0
ENDTAB
  0
TABLE
  2
LAYER
  5
1
330
0
100
AcDbSymbolTable
 70
4
  0
LAYER
  5
27
330
1
100
AcDbSymbolTableRecord
100
AcDbLayerTableRecord
  2
0
 70
0
 62
7
  6
Continuous
370
-3
390
13
347
21
  0
LAYER
  5
28
330
1
100
AcDbSymbolTableRecord
100
AcDbLayerTableRecord
  2
Defpoints
 70
0
 62
7
  6
Continuous
290
0
370
-3
390
13
347
21
  0
LAYER
  5
2ED
330
1
100
AcDbSymbolTableRecord
100
AcDbLayerTableRecord
  2
CNC
 70
0
 62
7
  6
Continuous
370
-3
390
13
347
21
  0
LAYER
  5
2EE
330
1
100
AcDbSymbolTableRecord
100
AcDbLayerTableRecord
  2
DIM
 70
0
 62
253
  6
Continuous
370
-3
390
13
347
21
  0
ENDTAB
  0
TABLE
  2
STYLE
  5
5
330
0
100
AcDbSymbolTable
 70
3
  0
STYLE
  5
29
330
5
100
AcDbSymbolTableRecord
100
AcDbTextStyleTableRecord
  2
Standard
 70
0
 40
0.0
 41
1.0
 50
0.0
 71
0
 42
2.5
  3
txt
  4

  0
STYLE
  5
2EF
330
5
100
AcDbSymbolTableRecord
100
AcDbTextStyleTableRecord
  2
Tahoma (Input Text)
 70
0
 40
0.0
 41
1.0
 50
0.0
 71
0
 42
25.0
  3
tahoma.ttf
  4

  0
STYLE
  5
2F0
330
5
100
AcDbSymbolTableRecord
100
AcDbTextStyleTableRecord
  2
Arial
 70
0
 40
0.0
 41
1.0
 50
0.0
 71
0
 42
0.2
  3
arial.ttf
  4

  0
ENDTAB
  0
TABLE
  2
VIEW
  5
7
330
0
100
AcDbSymbolTable
 70
0
  0
ENDTAB
  0
TABLE
  2
UCS
  5
6
330
0
100
AcDbSymbolTable
 70
0
  0
ENDTAB
  0
TABLE
  2
APPID
  5
3
330
0
100
AcDbSymbolTable
 70
3
  0
APPID
  5
2A
330
3
100
AcDbSymbolTableRecord
100
AcDbRegAppTableRecord
  2
ACAD
 70
0
  0
APPID
  5
2F1
330
3
100
AcDbSymbolTableRecord
100
AcDbRegAppTableRecord
  2
HATCHBACKGROUNDCOLOR
 70
0
  0
APPID
  5
2F2
330
3
100
AcDbSymbolTableRecord
100
AcDbRegAppTableRecord
  2
EZDXF
 70
0
  0
ENDTAB
  0
TABLE
  2
DIMSTYLE
  5
4
330
0
100
AcDbSymbolTable
 70
2
100
AcDbDimStyleTable
  0
DIMSTYLE
105
2B
330
4
100
AcDbSymbolTableRecord
100
AcDbDimStyleTableRecord
  2
Standard
 70
0
 40
1.0
 41
2.5
 42
0.625
 43
3.75
 44
1.25
 45
0.0
 46
0.0
 47
0.0
 48
0.0
 49
2.5
140
2.5
141
2.5
142
0.0
143
0.03937007874
144
1.0
145
0.0
146
1.0
147
0.625
148
0.0
 69
0
 70
0
 71
0
 72
0
 73
0
 74
0
 75
0
 76
0
 77
1
 78
8
 79
3
170
0
171
3
172
1
173
0
174
0
175
0
176
0
177
0
178
0
179
2
271
2
272
2
273
2
274
3
275
0
276
0
277
2
278
44
279
0
280
0
281
0
282
0
283
0
284
8
285
0
286
0
288
0
289
3
290
0
371
-2
372
-2
  0
DIMSTYLE
105
2EC
330
4
100
AcDbSymbolTableRecord
100
AcDbDimStyleTableRecord
  2
Dim-25
 70
0
 40
1.0
 41
8.0
 42
15.0
 43
3.75
 44
10.0
 45
0.0
 46
0.0
 47
0.0
 48
0.0
 49
2.5
140
25.0
141
10.0
142
0.0
143
0.03937007874016
144
1.0
145
0.0
146
1.0
147
10.0
148
0.0
 69
0
 70
0
 71
0
 72
0
 73
0
 74
0
 75
0
 76
0
 77
1
 78
8
 79
3
170
0
171
3
172
1
173
0
174
0
175
0
176
5
177
5
178
3
179
2
271
0
272
0
273
2
274
3
275
0
276
0
277
2
278
44
279
0
280
0
281
0
282
0
283
0
284
8
285
0
286
0
288
0
289
3
290
0
340
29
341
48
342
48
345
25
346
25
347
25
371
9
372
9
  0
ENDTAB
  0
TABLE
  2
BLOCK_RECORD
  5
9
330
0
100
AcDbSymbolTable
 70
61
  0
BLOCK_RECORD
  5
17
330
9
100
AcDbSymbolTableRecord
100
AcDbBlockTableRecord
  2
*Model_Space
340
1A
 70
0
280
1
281
0
  0
BLOCK_RECORD
  5
1B
330
9
100
AcDbSymbolTableRecord
100
AcDbBlockTableRecord
  2
*Paper_Space
340
1E
 70
0
280
1
281
0
  0
BLOCK_RECORD
  5
48
330
9
100
AcDbSymbolTableRecord
100
AcDbBlockTableRecord
  2
_Oblique
340
0
 70
0
280
1
281
0
  0
BLOCK_RECORD
  5
2B9
330
9
100
AcDbSymbolTableRecord
100
AcDbBlockTableRecord
  2
khungtenAsean2
340
0
 70
0
280
1
281
0
  0
BLOCK_RECORD
  5
2DD
330
9
100
AcDbSymbolTableRecord
100
AcDbBlockTableRecord
  2
f3daunguoc
340
0
 70
0
280
1
281
0
  0
BLOCK_RECORD
  5
2E1
330
9
100
AcDbSymbolTableRecord
100
AcDbBlockTableRecord
  2
f2dauxuoi
340
0
 70
0
280
1
281
0
  0
BLOCK_RECORD
  5
2E5
330
9
100
AcDbSymbolTableRecord
100
AcDbBlockTableRecord
  2
ovan8.5x20
340
0
 70
0
280
1
281
0
  0
BLOCK_RECORD
  5
3BF
330
9
100
AcDbSymbolTableRecord
100
AcDbBlockTableRecord
  2
*D1
340
0
 70
0
280
1
281
0
  0
BLOCK_RECORD
  5
3CB
330
9
100
AcDbSymbolTableRecord
100
AcDbBlockTableRecord
  2
*D2
340
0
 70
0
280
1
281
0
  0
BLOCK_RECORD
  5
3D7
330
9
100
AcDbSymbolTableRecord
100
AcDbBlockTableRecord
  2
*D3
340
0
 70
0
280
1
281
0
  0
BLOCK_RECORD
  5
3E3
330
9
100
AcDbSymbolTableRecord
100
AcDbBlockTableRecord
  2
*D4
340
0
 70
0
280
1
281
0
  0
BLOCK_RECORD
  5
3F1
330
9
100
AcDbSymbolTableRecord
100
AcDbBlockTableRecord
  2
*D5
340
0
 70
0
280
1
281
0
  0
BLOCK_RECORD
  5
3FD
330
9
100
AcDbSymbolTableRecord
100
AcDbBlockTableRecord
  2
*D6
340
0
 70
0
280
1
281
0
  0
BLOCK_RECORD
  5
409
330
9
100
AcDbSymbolTableRecord
100
AcDbBlockTableRecord
  2
*D7
340
0
 70
0
280
1
281
0
  0
BLOCK_RECORD
  5
416
330
9
100
AcDbSymbolTableRecord
100
AcDbBlockTableRecord
  2
*D8
340
0
 70
0
280
1
281
0
  0
BLOCK_RECORD
  5
423
330
9
100
AcDbSymbolTableRecord
100
AcDbBlockTableRecord
  2
*D9
340
0
 70
0
280
1
281
0
  0
BLOCK_RECORD
  5
42F
330
9
100
AcDbSymbolTableRecord
100
AcDbBlockTableRecord
  2
*D10
340
0
 70
0
280
1
281
0
  0
BLOCK_RECORD
  5
43B
330
9
100
AcDbSymbolTableRecord
100
AcDbBlockTableRecord
  2
*D11
340
0
 70
0
280
1
281
0
  0
BLOCK_RECORD
  5
447
330
9
100
AcDbSymbolTableRecord
100
AcDbBlockTableRecord
  2
*D12
340
0
 70
0
280
1
281
0
  0
BLOCK_RECORD
  5
453
330
9
100
AcDbSymbolTableRecord
100
AcDbBlockTableRecord
  2
*D13
340
0
 70
0
280
1
281
0
  0
BLOCK_RECORD
  5
45F
330
9
100
AcDbSymbolTableRecord
100
AcDbBlockTableRecord
  2
*D14
340
0
 70
0
280
1
281
0
  0
BLOCK_RECORD
  5
46B
330
9
100
AcDbSymbolTableRecord
100
AcDbBlockTableRecord
  2
*D15
340
0
 70
0
280
1
281
0
  0
BLOCK_RECORD
  5
477
330
9
100
AcDbSymbolTableRecord
100
AcDbBlockTableRecord
  2
*D16
340
0
 70
0
280
1
281
0
  0
BLOCK_RECORD
  5
483
330
9
100
AcDbSymbolTableRecord
100
AcDbBlockTableRecord
  2
*D17
340
0
 70
0
280
1
281
0
  0
BLOCK_RECORD
  5
48F
330
9
100
AcDbSymbolTableRecord
100
AcDbBlockTableRecord
  2
*D18
340
0
 70
0
280
1
281
0
  0
BLOCK_RECORD
  5
49B
330
9
100
AcDbSymbolTableRecord
100
AcDbBlockTableRecord
  2
*D19
340
0
 70
0
280
1
281
0
  0
BLOCK_RECORD
  5
4A7
330
9
100
AcDbSymbolTableRecord
100
AcDbBlockTableRecord
  2
*D20
340
0
 70
0
280
1
281
0
  0
BLOCK_RECORD
  5
4B3
330
9
100
AcDbSymbolTableRecord
100
AcDbBlockTableRecord
  2
*D21
340
0
 70
0
280
1
281
0
  0
BLOCK_RECORD
  5
4BF
330
9
100
AcDbSymbolTableRecord
100
AcDbBlockTableRecord
  2
*D22
340
0
 70
0
280
1
281
0
  0
BLOCK_RECORD
  5
4CD
330
9
100
AcDbSymbolTableRecord
100
AcDbBlockTableRecord
  2
*D23
340
0
 70
0
280
1
281
0
  0
BLOCK_RECORD
  5
4D9
330
9
100
AcDbSymbolTableRecord
100
AcDbBlockTableRecord
  2
*D24
340
0
 70
0
280
1
281
0
  0
BLOCK_RECORD
  5
4E5
330
9
100
AcDbSymbolTableRecord
100
AcDbBlockTableRecord
  2
*D25
340
0
 70
0
280
1
281
0
  0
BLOCK_RECORD
  5
4F2
330
9
100
AcDbSymbolTableRecord
100
AcDbBlockTableRecord
  2
*D26
340
0
 70
0
280
1
281
0
  0
BLOCK_RECORD
  5
4FF
330
9
100
AcDbSymbolTableRecord
100
AcDbBlockTableRecord
  2
*D27
340
0
 70
0
280
1
281
0
  0
BLOCK_RECORD
  5
50B
330
9
100
AcDbSymbolTableRecord
100
AcDbBlockTableRecord
  2
*D28
340
0
 70
0
280
1
281
0
  0
BLOCK_RECORD
  5
517
330
9
100
AcDbSymbolTableRecord
100
AcDbBlockTableRecord
  2
*D29
340
0
 70
0
280
1
281
0
  0
BLOCK_RECORD
  5
523
330
9
100
AcDbSymbolTableRecord
100
AcDbBlockTableRecord
  2
*D30
340
0
 70
0
280
1
281
0
  0
BLOCK_RECORD
  5
530
330
9
100
AcDbSymbolTableRecord
100
AcDbBlockTableRecord
  2
*D31
340
0
 70
0
280
1
281
0
  0
BLOCK_RECORD
  5
53C
330
9
100
AcDbSymbolTableRecord
100
AcDbBlockTableRecord
  2
*D32
340
0
 70
0
280
1
281
0
  0
BLOCK_RECORD
  5
548
330
9
100
AcDbSymbolTableRecord
100
AcDbBlockTableRecord
  2
*D33
340
0
 70
0
280
1
281
0
  0
BLOCK_RECORD
  5
554
330
9
100
AcDbSymbolTableRecord
100
AcDbBlockTableRecord
  2
*D34
340
0
 70
0
280
1
281
0
  0
BLOCK_RECORD
  5
560
330
9
100
AcDbSymbolTableRecord
100
AcDbBlockTableRecord
  2
*D35
340
0
 70
0
280
1
281
0
  0
BLOCK_RECORD
  5
56D
330
9
100
AcDbSymbolTableRecord
100
AcDbBlockTableRecord
  2
*D36
340
0
 70
0
280
1
281
0
  0
BLOCK_RECORD
  5
57B
330
9
100
AcDbSymbolTableRecord
100
AcDbBlockTableRecord
  2
*D37
340
0
 70
0
280
1
281
0
  0
BLOCK_RECORD
  5
587
330
9
100
AcDbSymbolTableRecord
100
AcDbBlockTableRecord
  2
*D38
340
0
 70
0
280
1
281
0
  0
BLOCK_RECORD
  5
593
330
9
100
AcDbSymbolTableRecord
100
AcDbBlockTableRecord
  2
*D39
340
0
 70
0
280
1
281
0
  0
BLOCK_RECORD
  5
59F
330
9
100
AcDbSymbolTableRecord
100
AcDbBlockTableRecord
  2
*D40
340
0
 70
0
280
1
281
0
  0
BLOCK_RECORD
  5
5AD
330
9
100
AcDbSymbolTableRecord
100
AcDbBlockTableRecord
  2
*D41
340
0
 70
0
280
1
281
0
  0
BLOCK_RECORD
  5
5B9
330
9
100
AcDbSymbolTableRecord
100
AcDbBlockTableRecord
  2
*D42
340
0
 70
0
280
1
281
0
  0
BLOCK_RECORD
  5
5C5
330
9
100
AcDbSymbolTableRecord
100
AcDbBlockTableRecord
  2
*D43
340
0
 70
0
280
1
281
0
  0
BLOCK_RECORD
  5
5D2
330
9
100
AcDbSymbolTableRecord
100
AcDbBlockTableRecord
  2
*D44
340
0
 70
0
280
1
281
0
  0
BLOCK_RECORD
  5
5DF
330
9
100
AcDbSymbolTableRecord
100
AcDbBlockTableRecord
  2
*D45
340
0
 70
0
280
1
281
0
  0
BLOCK_RECORD
  5
5EB
330
9
100
AcDbSymbolTableRecord
100
AcDbBlockTableRecord
  2
*D46
340
0
 70
0
280
1
281
0
  0
BLOCK_RECORD
  5
5F7
330
9
100
AcDbSymbolTableRecord
100
AcDbBlockTableRecord
  2
*D47
340
0
 70
0
280
1
281
0
  0
BLOCK_RECORD
  5
603
330
9
100
AcDbSymbolTableRecord
100
AcDbBlockTableRecord
  2
*D48
340
0
 70
0
280
1
281
0
  0
BLOCK_RECORD
  5
611
330
9
100
AcDbSymbolTableRecord
100
AcDbBlockTableRecord
  2
*D49
340
0
 70
0
280
1
281
0
  0
BLOCK_RECORD
  5
61D
330
9
100
AcDbSymbolTableRecord
100
AcDbBlockTableRecord
  2
*D50
340
0
 70
0
280
1
281
0
  0
BLOCK_RECORD
  5
629
330
9
100
AcDbSymbolTableRecord
100
AcDbBlockTableRecord
  2
*D51
340
0
 70
0
280
1
281
0
  0
BLOCK_RECORD
  5
636
330
9
100
AcDbSymbolTableRecord
100
AcDbBlockTableRecord
  2
*D52
340
0
 70
0
280
1
281
0
  0
BLOCK_RECORD
  5
643
330
9
100
AcDbSymbolTableRecord
100
AcDbBlockTableRecord
  2
*D53
340
0
 70
0
280
1
281
0
  0
BLOCK_RECORD
  5
64F
330
9
100
AcDbSymbolTableRecord
100
AcDbBlockTableRecord
  2
*D54
340
0
 70
0
280
1
281
0
  0
ENDTAB
  0
ENDSEC
  0
SECTION
  2
BLOCKS
  0
BLOCK
  5
18
330
17
100
AcDbEntity
  8
0
100
AcDbBlockBegin
  2
*Model_Space
 70
0
 10
0.0
 20
0.0
 30
0.0
  3
*Model_Space
  1

  0
ENDBLK
  5
19
330
17
100
AcDbEntity
  8
0
100
AcDbBlockEnd
  0
BLOCK
  5
1C
330
1B
100
AcDbEntity
  8
0
100
AcDbBlockBegin
  2
*Paper_Space
 70
0
 10
0.0
 20
0.0
 30
0.0
  3
*Paper_Space
  1

  0
ENDBLK
  5
1D
330
1B
100
AcDbEntity
  8
0
100
AcDbBlockEnd
  0
BLOCK
  5
49
330
48
100
AcDbEntity
  8
0
100
AcDbBlockBegin
  2
_Oblique
 70
0
 10
0.0
 20
0.0
 30
0.0
  3
_Oblique
  1

  0
LINE
  5
4B
330
48
100
AcDbEntity
  8
0
  6
ByBlock
 62
0
370
-2
100
AcDbLine
 10
-0.5
 20
-0.5
 30
0.0
 11
0.5
 21
0.5
 31
0.0
  0
ENDBLK
  5
4A
330
48
100
AcDbEntity
  8
0
100
AcDbBlockEnd
  0
BLOCK
  5
2BA
330
2B9
100
AcDbEntity
  8
0
100
AcDbBlockBegin
  2
khungtenAsean2
 70
2
 10
0.0
 20
0.0
 30
0.0
  3
khungtenAsean2
  1

  0
LWPOLYLINE
  5
2BC
330
2B9
100
AcDbEntity
  8
0
 62
7
100
AcDbPolyline
 90
4
 70
1
 10
0.0
 20
0.0
 10
2970.000000000422
 20
0.0
 10
2970.000000000422
 20
-2100.00000000032
 10
0.0
 20
-2100.00000000032
  0
LINE
  5
2BD
330
2B9
100
AcDbEntity
  8
0
 62
7
100
AcDbLine
 10
2020.0
 20
-2040.00000000032
 30
0.0
 11
0.0
 21
-2040.00000000032
 31
0.0
  0
LINE
  5
2BE
330
2B9
100
AcDbEntity
  8
0
 62
7
100
AcDbLine
 10
2970.000000000422
 20
-1980.00000000032
 30
0.0
 11
0.0
 21
-1980.00000000032
 31
0.0
  0
LINE
  5
2BF
330
2B9
100
AcDbEntity
  8
0
 62
7
100
AcDbLine
 10
320.0
 20
-1980.00000000032
 30
0.0
 11
320.0
 21
-2100.00000000032
 31
0.0
  0
LINE
  5
2C0
330
2B9
100
AcDbEntity
  8
0
 62
7
100
AcDbLine
 10
890.0
 20
-1980.00000000032
 30
0.0
 11
890.0
 21
-2100.00000000032
 31
0.0
  0
LINE
  5
2C1
330
2B9
100
AcDbEntity
  8
0
 62
7
100
AcDbLine
 10
1680.0
 20
-1980.00000000032
 30
0.0
 11
1680.0
 21
-2100.00000000032
 31
0.0
  0
LINE
  5
2C2
330
2B9
100
AcDbEntity
  8
0
 62
7
100
AcDbLine
 10
2020.0
 20
-1980.00000000032
 30
0.0
 11
2020.0
 21
-2100.00000000032
 31
0.0
  0
LINE
  5
2C3
330
2B9
100
AcDbEntity
  8
0
 62
7
100
AcDbLine
 10
2860.000000000422
 20
-1980.00000000032
 30
0.0
 11
2860.000000000422
 21
-2100.00000000032
 31
0.0
  0
MTEXT
  5
2C4
330
2B9
100
AcDbEntity
  8
0
 62
2
100
AcDbMText
 10
0.0
 20
-2010.00000000032
 30
0.0
 40
20.0
 41
917.6339389950801
 46
60.00000000000113
 71
4
 72
5
  1
  Thiết kế :
  7
Arial
  0
MTEXT
  5
2C5
330
2B9
100
AcDbEntity
  8
0
 62
2
100
AcDbMText
 10
0.0
 20
-2070.00000000032
 30
0.0
 40
20.0
 41
917.6339389950801
 46
60.00000000000113
 71
4
 72
5
  1
  CNC :
  7
Arial
  0
MTEXT
  5
2C6
330
2B9
100
AcDbEntity
  8
0
 62
2
100
AcDbMText
 10
320.0
 20
-2010.00000000032
 30
0.0
 40
20.0
 41
917.6339389950801
 46
60.00000000000113
 71
4
 72
5
  1
  Khách hàng :
  7
Arial
  0
MTEXT
  5
2C7
330
2B9
100
AcDbEntity
  8
0
 62
2
100
AcDbMText
 10
320.0
 20
-2070.00000000032
 30
0.0
 40
20.0
 41
917.6339389950801
 46
60.00000000000113
 71
4
 72
5
  1
  Giao hàng :
  7
Arial
  0
MTEXT
  5
2C8
330
2B9
100
AcDbEntity
  8
0
 62
2
100
AcDbMText
 10
890.0
 20
-2010.00000000032
 30
0.0
 40
20.0
 41
917.6339389950801
 46
60.00000000000113
 71
4
 72
5
  1
  Tên sản phẩm :
  7
Arial
  0
MTEXT
  5
2C9
330
2B9
100
AcDbEntity
  8
0
 62
2
100
AcDbMText
 10
890.0
 20
-2070.00000000032
 30
0.0
 40
20.0
 41
917.6339389950801
 46
60.00000000000113
 71
4
 72
5
  1
  Kích thước :
  7
Arial
  0
MTEXT
  5
2CA
330
2B9
100
AcDbEntity
  8
0
 62
2
100
AcDbMText
 10
1680.0
 20
-2010.00000000032
 30
0.0
 40
20.0
 41
917.6339389950801
 46
60.00000000000113
 71
4
 72
5
  1
  Số lượng :
  7
Arial
  0
MTEXT
  5
2CB
330
2B9
100
AcDbEntity
  8
0
 62
2
100
AcDbMText
 10
1680.0
 20
-2070.00000000032
 30
0.0
 40
20.0
 41
917.6339389950801
 46
60.00000000000113
 71
4
 72
5
  1
  Loại tôn :
  7
Arial
  0
MTEXT
  5
2CC
330
2B9
100
AcDbEntity
  8
0
 62
2
100
AcDbMText
 10
2074.15528161102
 20
-2040.00000000032
 30
0.0
 40
20.0
 41
108.3105632220314
 46
120.0000000000011
 71
5
 72
5
  1
Thông\Ptin :
  7
Arial
  0
MTEXT
  5
2CD
330
2B9
100
AcDbEntity
  8
0
 62
2
100
AcDbMText
 10
2915.000000000422
 20
-2010.00000000032
 30
0.0
 40
20.0
 41
110.0000000000065
 46
60.00000000000113
 71
5
 72
5
  1
Tờ
  7
Arial
  0
LINE
  5
2CE
330
2B9
100
AcDbEntity
  8
0
 62
7
100
AcDbLine
 10
2128.310563222025
 20
-2005.00000000032
 30
0.0
 11
2128.310563222025
 21
-2075.00000000032
 31
0.0
  0
MTEXT
  5
2CF
330
2B9
100
AcDbEntity
  8
0
 62
2
100
AcDbMText
 10
1382.285678836575
 20
-2070.00000000032
 30
0.0
 40
20.0
 41
917.6339389950801
 46
60.00000000000113
 71
4
 72
5
  1
mm
  7
Arial
  0
MTEXT
  5
2D0
330
2B9
100
AcDbEntity
  8
0
 62
2
100
AcDbMText
 10
1947.610064813329
 20
-2010.00000000032
 30
0.0
 40
20.0
 41
917.6339389950801
 46
60.00000000000113
 71
4
 72
5
  1
cái
  7
Arial
  0
MTEXT
  5
2D1
330
2B9
100
AcDbEntity
  8
0
 62
2
100
AcDbMText
 10
1936.880410494836
 20
-2070.00000000032
 30
0.0
 40
20.0
 41
917.6339389950801
 46
60.00000000000113
 71
4
 72
5
  1
mm
  7
Arial
  0
ATTDEF
  5
2D2
330
2B9
100
AcDbEntity
  8
0
 62
1
100
AcDbText
 10
2883.764212945627
 20
-2067.347800104843
 30
0.0
 40
25.0
  1
......
  7
Tahoma (Input Text)
 72
1
 11
2914.993225705868
 21
-2067.347800104843
 31
0.0
100
AcDbAttributeDefinition
  3
Số trang
  2
#11
 70
8
 71
1
 72
0
 11
2914.993225705868
 21
-2067.347800104843
 31
0.0
  0
ATTDEF
  5
2D3
330
2B9
100
AcDbEntity
  8
0
 62
1
100
AcDbText
 10
2146.716977487464
 20
-2021.275211692002
 30
0.0
 40
25.0
  1
......
  7
Tahoma (Input Text)
100
AcDbAttributeDefinition
  3
Thông tin 1
  2
#09
 70
8
 71
1
 72
0
  0
ATTDEF
  5
2D4
330
2B9
100
AcDbEntity
  8
0
 62
1
100
AcDbText
 10
2146.716977487464
 20
-2081.275211692002
 30
0.0
 40
25.0
  1
......
  7
Tahoma (Input Text)
100
AcDbAttributeDefinition
  3
Thông tin 2
  2
#10
 70
8
 71
1
 72
0
  0
ATTDEF
  5
2D5
330
2B9
100
AcDbEntity
  8
0
 62
1
100
AcDbText
 10
1817.447765733334
 20
-2081.275211692002
 30
0.0
 40
25.0
  1
......
  7
Tahoma (Input Text)
100
AcDbAttributeDefinition
  3
Loại tôn
  2
#08
 70
8
 71
1
 72
0
  0
ATTDEF
  5
2D6
330
2B9
100
AcDbEntity
  8
0
 62
1
100
AcDbText
 10
1834.68151032555
 20
-2021.275211692002
 30
0.0
 40
25.0
  1
......
  7
Tahoma (Input Text)
100
AcDbAttributeDefinition
  3
Số lượng
  2
#07
 70
8
 71
1
 72
0
  0
ATTDEF
  5
2D7
330
2B9
100
AcDbEntity
  8
0
 62
1
100
AcDbText
 10
1065.330889143646
 20
-2081.275211692002
 30
0.0
 40
25.0
  1
......
  7
Tahoma (Input Text)
100
AcDbAttributeDefinition
  3
Kích thước
  2
#06
 70
8
 71
1
 72
0
  0
ATTDEF
  5
2D8
330
2B9
100
AcDbEntity
  8
0
 62
1
100
AcDbText
 10
1106.628177122154
 20
-2021.275211692002
 30
0.0
 40
25.0
  1
......
  7
Tahoma (Input Text)
100
AcDbAttributeDefinition
  3
Tên s.phẩm
  2
#05
 70
8
 71
1
 72
0
  0
ATTDEF
  5
2D9
330
2B9
100
AcDbEntity
  8
0
 62
1
100
AcDbText
 10
486.1050270054984
 20
-2081.275211692002
 30
0.0
 40
25.0
  1
......
  7
Tahoma (Input Text)
100
AcDbAttributeDefinition
  3
Giao hàng
  2
#04
 70
8
 71
1
 72
0
  0
ATTDEF
  5
2DA
330
2B9
100
AcDbEntity
  8
0
 62
1
100
AcDbText
 10
506.5707489467022
 20
-2019.301600489707
 30
0.0
 40
25.0
  1
......
  7
Tahoma (Input Text)
100
AcDbAttributeDefinition
  3
Khách hàng
  2
#03
 70
8
 71
1
 72
0
  0
ATTDEF
  5
2DB
330
2B9
100
AcDbEntity
  8
0
 62
1
100
AcDbText
 10
98.45672450316488
 20
-2081.275211692002
 30
0.0
 40
25.0
  1
......
  7
Tahoma (Input Text)
100
AcDbAttributeDefinition
  3
CNC
  2
#02
 70
8
 71
1
 72
0
  0
ATTDEF
  5
2DC
330
2B9
100
AcDbEntity
  8
0
 62
1
100
AcDbText
 10
137.0535078375105
 20
-2021.275211692002
 30
0.0
 40
25.0
  1
......
  7
Tahoma (Input Text)
100
AcDbAttributeDefinition
  3
Thiết kế
  2
#01
 70
8
 71
1
 72
0
  0
ENDBLK
  5
2BB
330
2B9
100
AcDbEntity
  8
0
100
AcDbBlockEnd
  0
BLOCK
  5
2DE
330
2DD
100
AcDbEntity
  8
0
100
AcDbBlockBegin
  2
f3daunguoc
 70
0
 10
0.0
 20
0.0
 30
0.0
  3
f3daunguoc
  1

  0
CIRCLE
  5
2E0
330
2DD
100
AcDbEntity
  8
CNC
 62
2
370
-3
100
AcDbCircle
 10
0.0
 20
0.0
 30
0.0
 40
1.5
  0
ENDBLK
  5
2DF
330
2DD
100
AcDbEntity
  8
0
100
AcDbBlockEnd
  0
BLOCK
  5
2E2
330
2E1
100
AcDbEntity
  8
0
100
AcDbBlockBegin
  2
f2dauxuoi
 70
0
 10
0.0
 20
0.0
 30
0.0
  3
f2dauxuoi
  1

  0
CIRCLE
  5
2E4
330
2E1
100
AcDbEntity
  8
CNC
 62
2
370
-3
100
AcDbCircle
 10
0.0
 20
0.0
 30
0.0
 40
1.0
  0
ENDBLK
  5
2E3
330
2E1
100
AcDbEntity
  8
0
100
AcDbBlockEnd
  0
BLOCK
  5
2E6
330
2E5
100
AcDbEntity
  8
0
100
AcDbBlockBegin
  2
ovan8.5x20
 70
0
 10
0.0
 20
0.0
 30
0.0
  3
ovan8.5x20
  1

  0
ARC
  5
2E8
330
2E5
100
AcDbEntity
  8
CNC
 62
2
370
-3
100
AcDbCircle
 10
-5.750000000007275
 20
0.0
 30
0.0
 40
4.25
100
AcDbArc
 50
90.0
 51
270.0
  0
ARC
  5
2E9
330
2E5
100
AcDbEntity
  8
CNC
 62
2
370
-3
100
AcDbCircle
 10
5.749999999992724
 20
0.0
 30
0.0
 40
4.25
100
AcDbArc
 50
270.0
 51
90.0
  0
LINE
  5
2EA
330
2E5
100
AcDbEntity
  8
CNC
 62
2
370
-3
100
AcDbLine
 10
5.749999999992724
 20
4.25
 30
0.0
 11
-5.750000000007275
 21
4.25
 31
0.0
  0
LINE
  5
2EB
330
2E5
100
AcDbEntity
  8
CNC
 62
2
370
-3
100
AcDbLine
 10
-5.750000000007275
 20
-4.25
 30
0.0
 11
5.749999999992724
 21
-4.25
 31
0.0
  0
ENDBLK
  5
2E7
330
2E5
100
AcDbEntity
  8
0
100
AcDbBlockEnd
  0
BLOCK
  5
3C0
330
3BF
100
AcDbEntity
  8
0
100
AcDbBlockBegin
  2
*D1
 70
1
 10
0.0
 20
0.0
 30
0.0
  3
*D1
  1

  0
LINE
  5
3C2
330
3BF
100
AcDbEntity
  8
DIM
 62
5
370
9
440
16777216
100
AcDbLine
 10
921.8747433154567
 20
2925.6463702946894
 30
0.0
 11
1036.1427972415768
 21
2925.6463702946894
 31
0.0
  0
LINE
  5
3C3
330
3BF
100
AcDbEntity
  8
DIM
 62
5
370
9
440
16777216
100
AcDbLine
 10
921.8747433154567
 20
1229.6463702946894
 30
0.0
 11
1036.1427972415768
 21
1229.6463702946894
 31
0.0
  0
LINE
  5
3C4
330
3BF
100
AcDbEntity
  8
DIM
 62
5
370
9
440
16777216
100
AcDbLine
 10
1026.1427972415768
 20
2925.6463702946894
 30
0.0
 11
1026.1427972415768
 21
1229.6463702946894
 31
0.0
  0
LINE
  5
3C5
330
3BF
100
AcDbEntity
  8
0
  6
ByBlock
 62
0
370
-2
100
AcDbLine
 10
1030.1427972415768
 20
2921.6463702946894
 30
0.0
 11
1022.1427972415768
 21
2929.6463702946894
 31
0.0
  0
LINE
  5
3C6
330
3BF
100
AcDbEntity
  8
0
  6
ByBlock
 62
0
370
-2
100
AcDbLine
 10
1022.1427972415768
 20
1233.6463702946894
 30
0.0
 11
1030.1427972415768
 21
1225.6463702946894
 31
0.0
  0
MTEXT
  5
3C7
330
3BF
100
AcDbEntity
  8
DIM
 62
3
440
16777216
100
AcDbMText
 10
1003.3784725485384
 20
2077.646370294681
 30
0.0
 40
25.0
 41
0.0
 46
0.0
 71
5
  1
1696
 11
1e-16
 21
1.0
 31
0.0
  0
POINT
  5
3C8
330
3BF
100
AcDbEntity
  8
Defpoints
 62
0
440
16777216
100
AcDbPoint
 10
906.8747433154567
 20
2925.6463702946894
 30
0.0
  0
POINT
  5
3C9
330
3BF
100
AcDbEntity
  8
Defpoints
 62
0
440
16777216
100
AcDbPoint
 10
906.8747433154567
 20
1229.6463702946894
 30
0.0
  0
POINT
  5
3CA
330
3BF
100
AcDbEntity
  8
Defpoints
 62
0
440
16777216
100
AcDbPoint
 10
1026.1427972415768
 20
1229.6463702946894
 30
0.0
  0
ENDBLK
  5
3C1
330
3BF
100
AcDbEntity
  8
0
100
AcDbBlockEnd
  0
BLOCK
  5
3CC
330
3CB
100
AcDbEntity
  8
0
100
AcDbBlockBegin
  2
*D2
 70
1
 10
0.0
 20
0.0
 30
0.0
  3
*D2
  1

  0
LINE
  5
3CE
330
3CB
100
AcDbEntity
  8
DIM
 62
5
370
9
440
16777216
100
AcDbLine
 10
487.8747433154567
 20
2940.6463702946894
 30
0.0
 11
487.8747433154567
 21
3001.2815063897106
 31
0.0
  0
LINE
  5
3CF
330
3CB
100
AcDbEntity
  8
DIM
 62
5
370
9
440
16777216
100
AcDbLine
 10
906.8747433154567
 20
2940.6463702946894
 30
0.0
 11
906.8747433154567
 21
3001.2815063897106
 31
0.0
  0
LINE
  5
3D0
330
3CB
100
AcDbEntity
  8
DIM
 62
5
370
9
440
16777216
100
AcDbLine
 10
487.8747433154567
 20
2991.2815063897106
 30
0.0
 11
906.8747433154567
 21
2991.2815063897106
 31
0.0
  0
LINE
  5
3D1
330
3CB
100
AcDbEntity
  8
0
  6
ByBlock
 62
0
370
-2
100
AcDbLine
 10
491.8747433154567
 20
2995.2815063897106
 30
0.0
 11
483.8747433154567
 21
2987.2815063897106
 31
0.0
  0
LINE
  5
3D2
330
3CB
100
AcDbEntity
  8
0
  6
ByBlock
 62
0
370
-2
100
AcDbLine
 10
902.8747433154567
 20
2987.2815063897106
 30
0.0
 11
910.8747433154567
 21
2995.2815063897106
 31
0.0
  0
MTEXT
  5
3D3
330
3CB
100
AcDbEntity
  8
DIM
 62
3
440
16777216
100
AcDbMText
 10
671.8747433154567
 20
3014.0458310827526
 30
0.0
 40
25.0
 41
0.0
 46
0.0
 71
5
  1
419
  0
POINT
  5
3D4
330
3CB
100
AcDbEntity
  8
Defpoints
 62
0
440
16777216
100
AcDbPoint
 10
487.8747433154567
 20
2925.6463702946894
 30
0.0
  0
POINT
  5
3D5
330
3CB
100
AcDbEntity
  8
Defpoints
 62
0
440
16777216
100
AcDbPoint
 10
906.8747433154567
 20
2925.6463702946894
 30
0.0
  0
POINT
  5
3D6
330
3CB
100
AcDbEntity
  8
Defpoints
 62
0
440
16777216
100
AcDbPoint
 10
906.8747433154567
 20
2991.2815063897106
 30
0.0
  0
ENDBLK
  5
3CD
330
3CB
100
AcDbEntity
  8
0
100
AcDbBlockEnd
  0
BLOCK
  5
3D8
330
3D7
100
AcDbEntity
  8
0
100
AcDbBlockBegin
  2
*D3
 70
1
 10
0.0
 20
0.0
 30
0.0
  3
*D3
  1

  0
LINE
  5
3DA
330
3D7
100
AcDbEntity
  8
DIM
 62
5
370
9
440
16777216
100
AcDbLine
 10
906.8747433154567
 20
2940.6463702946894
 30
0.0
 11
906.8747433154567
 21
3001.2815063897106
 31
0.0
  0
LINE
  5
3DB
330
3D7
100
AcDbEntity
  8
DIM
 62
5
370
9
440
16777216
100
AcDbLine
 10
946.8747433154567
 20
2900.6463702946894
 30
0.0
 11
946.8747433154567
 21
3001.2815063897106
 31
0.0
  0
LINE
  5
3DC
330
3D7
100
AcDbEntity
  8
DIM
 62
5
370
9
440
16777216
100
AcDbLine
 10
906.8747433154567
 20
2991.2815063897106
 30
0.0
 11
946.8747433154567
 21
2991.2815063897106
 31
0.0
  0
LINE
  5
3DD
330
3D7
100
AcDbEntity
  8
0
  6
ByBlock
 62
0
370
-2
100
AcDbLine
 10
910.8747433154567
 20
2995.2815063897106
 30
0.0
 11
902.8747433154567
 21
2987.2815063897106
 31
0.0
  0
LINE
  5
3DE
330
3D7
100
AcDbEntity
  8
0
  6
ByBlock
 62
0
370
-2
100
AcDbLine
 10
942.8747433154567
 20
2987.2815063897106
 30
0.0
 11
950.8747433154567
 21
2995.2815063897106
 31
0.0
  0
MTEXT
  5
3DF
330
3D7
100
AcDbEntity
  8
DIM
 62
3
440
16777216
100
AcDbMText
 10
926.8747433154567
 20
3014.0458310827526
 30
0.0
 40
25.0
 41
0.0
 46
0.0
 71
5
  1
40
  0
POINT
  5
3E0
330
3D7
100
AcDbEntity
  8
Defpoints
 62
0
440
16777216
100
AcDbPoint
 10
906.8747433154567
 20
2925.6463702946894
 30
0.0
  0
POINT
  5
3E1
330
3D7
100
AcDbEntity
  8
Defpoints
 62
0
440
16777216
100
AcDbPoint
 10
946.8747433154567
 20
2885.6463702946894
 30
0.0
  0
POINT
  5
3E2
330
3D7
100
AcDbEntity
  8
Defpoints
 62
0
440
16777216
100
AcDbPoint
 10
946.8747433154567
 20
2991.2815063897106
 30
0.0
  0
ENDBLK
  5
3D9
330
3D7
100
AcDbEntity
  8
0
100
AcDbBlockEnd
  0
BLOCK
  5
3E4
330
3E3
100
AcDbEntity
  8
0
100
AcDbBlockBegin
  2
*D4
 70
1
 10
0.0
 20
0.0
 30
0.0
  3
*D4
  1

  0
LINE
  5
3E6
330
3E3
100
AcDbEntity
  8
DIM
 62
5
370
9
440
16777216
100
AcDbLine
 10
946.8747433154567
 20
2900.6463702946894
 30
0.0
 11
946.8747433154567
 21
3001.2815063897106
 31
0.0
  0
LINE
  5
3E7
330
3E3
100
AcDbEntity
  8
DIM
 62
5
370
9
440
16777216
100
AcDbLine
 10
961.8747433154713
 20
2900.6463702946894
 30
0.0
 11
961.8747433154713
 21
3001.2815063897106
 31
0.0
  0
LINE
  5
3E8
330
3E3
100
AcDbEntity
  8
DIM
 62
5
370
9
440
16777216
100
AcDbLine
 10
946.8747433154567
 20
2991.2815063897106
 30
0.0
 11
938.8747433154713
 21
2991.2815063897106
 31
0.0
  0
LINE
  5
3E9
330
3E3
100
AcDbEntity
  8
DIM
 62
5
370
9
440
16777216
100
AcDbLine
 10
961.8747433154713
 20
2991.2815063897106
 30
0.0
 11
1031.5207187588385
 21
2991.2815063897106
 31
0.0
  0
LINE
  5
3EA
330
3E3
100
AcDbEntity
  8
DIM
 62
5
370
9
440
16777216
100
AcDbLine
 10
946.8747433154567
 20
2991.2815063897106
 30
0.0
 11
961.8747433154713
 21
2991.2815063897106
 31
0.0
  0
LINE
  5
3EB
330
3E3
100
AcDbEntity
  8
0
  6
ByBlock
 62
0
370
-2
100
AcDbLine
 10
942.8747433154567
 20
2987.2815063897106
 30
0.0
 11
950.8747433154567
 21
2995.2815063897106
 31
0.0
  0
LINE
  5
3EC
330
3E3
100
AcDbEntity
  8
0
  6
ByBlock
 62
0
370
-2
100
AcDbLine
 10
965.8747433154713
 20
2995.2815063897106
 30
0.0
 11
957.8747433154713
 21
2987.2815063897106
 31
0.0
  0
MTEXT
  5
3ED
330
3E3
100
AcDbEntity
  8
DIM
 62
3
440
16777216
100
AcDbMText
 10
1004.6977310371512
 20
3014.0458310827526
 30
0.0
 40
25.0
 41
0.0
 46
0.0
 71
5
  1
15
  0
POINT
  5
3EE
330
3E3
100
AcDbEntity
  8
Defpoints
 62
0
440
16777216
100
AcDbPoint
 10
946.8747433154567
 20
2885.6463702946894
 30
0.0
  0
POINT
  5
3EF
330
3E3
100
AcDbEntity
  8
Defpoints
 62
0
440
16777216
100
AcDbPoint
 10
961.8747433154713
 20
2885.6463702946894
 30
0.0
  0
POINT
  5
3F0
330
3E3
100
AcDbEntity
  8
Defpoints
 62
0
440
16777216
100
AcDbPoint
 10
961.8747433154713
 20
2991.2815063897106
 30
0.0
  0
ENDBLK
  5
3E5
330
3E3
100
AcDbEntity
  8
0
100
AcDbBlockEnd
  0
BLOCK
  5
3F2
330
3F1
100
AcDbEntity
  8
0
100
AcDbBlockBegin
  2
*D5
 70
1
 10
0.0
 20
0.0
 30
0.0
  3
*D5
  1

  0
LINE
  5
3F4
330
3F1
100
AcDbEntity
  8
DIM
 62
5
370
9
440
16777216
100
AcDbLine
 10
397.8747433154713
 20
1279.6463702946894
 30
0.0
 11
397.8747433154713
 21
1153.70259077656
 31
0.0
  0
LINE
  5
3F5
330
3F1
100
AcDbEntity
  8
DIM
 62
5
370
9
440
16777216
100
AcDbLine
 10
961.8747433154713
 20
1254.6463702946894
 30
0.0
 11
961.8747433154713
 21
1153.70259077656
 31
0.0
  0
LINE
  5
3F6
330
3F1
100
AcDbEntity
  8
DIM
 62
5
370
9
440
16777216
100
AcDbLine
 10
397.8747433154713
 20
1163.70259077656
 30
0.0
 11
961.8747433154713
 21
1163.70259077656
 31
0.0
  0
LINE
  5
3F7
330
3F1
100
AcDbEntity
  8
0
  6
ByBlock
 62
0
370
-2
100
AcDbLine
 10
401.8747433154713
 20
1167.70259077656
 30
0.0
 11
393.8747433154713
 21
1159.70259077656
 31
0.0
  0
LINE
  5
3F8
330
3F1
100
AcDbEntity
  8
0
  6
ByBlock
 62
0
370
-2
100
AcDbLine
 10
957.8747433154713
 20
1159.70259077656
 30
0.0
 11
965.8747433154713
 21
1167.70259077656
 31
0.0
  0
MTEXT
  5
3F9
330
3F1
100
AcDbEntity
  8
DIM
 62
3
440
16777216
100
AcDbMText
 10
679.8747433154713
 20
1186.4669154696026
 30
0.0
 40
25.0
 41
0.0
 46
0.0
 71
5
  1
564
  0
POINT
  5
3FA
330
3F1
100
AcDbEntity
  8
Defpoints
 62
0
440
16777216
100
AcDbPoint
 10
397.8747433154713
 20
1294.6463702946894
 30
0.0
  0
POINT
  5
3FB
330
3F1
100
AcDbEntity
  8
Defpoints
 62
0
440
16777216
100
AcDbPoint
 10
961.8747433154713
 20
1269.6463702946894
 30
0.0
  0
POINT
  5
3FC
330
3F1
100
AcDbEntity
  8
Defpoints
 62
0
440
16777216
100
AcDbPoint
 10
961.8747433154713
 20
1163.70259077656
 30
0.0
  0
ENDBLK
  5
3F3
330
3F1
100
AcDbEntity
  8
0
100
AcDbBlockEnd
  0
BLOCK
  5
3FE
330
3FD
100
AcDbEntity
  8
0
100
AcDbBlockBegin
  2
*D6
 70
1
 10
0.0
 20
0.0
 30
0.0
  3
*D6
  1

  0
LINE
  5
400
330
3FD
100
AcDbEntity
  8
DIM
 62
5
370
9
440
16777216
100
AcDbLine
 10
487.8747433154567
 20
2940.6463702946894
 30
0.0
 11
487.8747433154567
 21
3001.2815063897106
 31
0.0
  0
LINE
  5
401
330
3FD
100
AcDbEntity
  8
DIM
 62
5
370
9
440
16777216
100
AcDbLine
 10
447.8747433154567
 20
2900.6463702946894
 30
0.0
 11
447.8747433154567
 21
3001.2815063897106
 31
0.0
  0
LINE
  5
402
330
3FD
100
AcDbEntity
  8
DIM
 62
5
370
9
440
16777216
100
AcDbLine
 10
487.8747433154567
 20
2991.2815063897106
 30
0.0
 11
447.8747433154567
 21
2991.2815063897106
 31
0.0
  0
LINE
  5
403
330
3FD
100
AcDbEntity
  8
0
  6
ByBlock
 62
0
370
-2
100
AcDbLine
 10
483.8747433154567
 20
2987.2815063897106
 30
0.0
 11
491.8747433154567
 21
2995.2815063897106
 31
0.0
  0
LINE
  5
404
330
3FD
100
AcDbEntity
  8
0
  6
ByBlock
 62
0
370
-2
100
AcDbLine
 10
451.8747433154567
 20
2995.2815063897106
 30
0.0
 11
443.8747433154567
 21
2987.2815063897106
 31
0.0
  0
MTEXT
  5
405
330
3FD
100
AcDbEntity
  8
DIM
 62
3
440
16777216
100
AcDbMText
 10
467.8747433154567
 20
3014.0458310827526
 30
0.0
 40
25.0
 41
0.0
 46
0.0
 71
5
  1
40
  0
POINT
  5
406
330
3FD
100
AcDbEntity
  8
Defpoints
 62
0
440
16777216
100
AcDbPoint
 10
487.8747433154567
 20
2925.6463702946894
 30
0.0
  0
POINT
  5
407
330
3FD
100
AcDbEntity
  8
Defpoints
 62
0
440
16777216
100
AcDbPoint
 10
447.8747433154567
 20
2885.6463702946894
 30
0.0
  0
POINT
  5
408
330
3FD
100
AcDbEntity
  8
Defpoints
 62
0
440
16777216
100
AcDbPoint
 10
447.8747433154567
 20
2991.2815063897106
 30
0.0
  0
ENDBLK
  5
3FF
330
3FD
100
AcDbEntity
  8
0
100
AcDbBlockEnd
  0
BLOCK
  5
40A
330
409
100
AcDbEntity
  8
0
100
AcDbBlockBegin
  2
*D7
 70
1
 10
0.0
 20
0.0
 30
0.0
  3
*D7
  1

  0
LINE
  5
40C
330
409
100
AcDbEntity
  8
DIM
 62
5
370
9
440
16777216
100
AcDbLine
 10
447.8747433154567
 20
2900.6463702946894
 30
0.0
 11
447.8747433154567
 21
3001.2815063897106
 31
0.0
  0
LINE
  5
40D
330
409
100
AcDbEntity
  8
DIM
 62
5
370
9
440
16777216
100
AcDbLine
 10
422.8747433154567
 20
2900.6463702946894
 30
0.0
 11
422.8747433154567
 21
3001.2815063897106
 31
0.0
  0
LINE
  5
40E
330
409
100
AcDbEntity
  8
DIM
 62
5
370
9
440
16777216
100
AcDbLine
 10
447.8747433154567
 20
2991.2815063897106
 30
0.0
 11
422.8747433154567
 21
2991.2815063897106
 31
0.0
  0
LINE
  5
40F
330
409
100
AcDbEntity
  8
DIM
 62
5
370
9
440
16777216
100
AcDbLine
 10
422.8747433154567
 20
2991.2815063897106
 30
0.0
 11
358.44909529362485
 21
2991.2815063897106
 31
0.0
  0
LINE
  5
410
330
409
100
AcDbEntity
  8
0
  6
ByBlock
 62
0
370
-2
100
AcDbLine
 10
443.8747433154567
 20
2987.2815063897106
 30
0.0
 11
451.8747433154567
 21
2995.2815063897106
 31
0.0
  0
LINE
  5
411
330
409
100
AcDbEntity
  8
0
  6
ByBlock
 62
0
370
-2
100
AcDbLine
 10
426.8747433154567
 20
2995.2815063897106
 30
0.0
 11
418.8747433154567
 21
2987.2815063897106
 31
0.0
  0
MTEXT
  5
412
330
409
100
AcDbEntity
  8
DIM
 62
3
440
16777216
100
AcDbMText
 10
386.6619193045408
 20
3014.0458310827526
 30
0.0
 40
25.0
 41
0.0
 46
0.0
 71
5
  1
25
  0
POINT
  5
413
330
409
100
AcDbEntity
  8
Defpoints
 62
0
440
16777216
100
AcDbPoint
 10
447.8747433154567
 20
2885.6463702946894
 30
0.0
  0
POINT
  5
414
330
409
100
AcDbEntity
  8
Defpoints
 62
0
440
16777216
100
AcDbPoint
 10
422.8747433154567
 20
2885.6463702946894
 30
0.0
  0
POINT
  5
415
330
409
100
AcDbEntity
  8
Defpoints
 62
0
440
16777216
100
AcDbPoint
 10
422.8747433154567
 20
2991.2815063897106
 30
0.0
  0
ENDBLK
  5
40B
330
409
100
AcDbEntity
  8
0
100
AcDbBlockEnd
  0
BLOCK
  5
417
330
416
100
AcDbEntity
  8
0
100
AcDbBlockBegin
  2
*D8
 70
1
 10
0.0
 20
0.0
 30
0.0
  3
*D8
  1

  0
LINE
  5
419
330
416
100
AcDbEntity
  8
DIM
 62
5
370
9
440
16777216
100
AcDbLine
 10
422.8747433154567
 20
2900.6463702946894
 30
0.0
 11
422.8747433154567
 21
2947.928950843412
 31
0.0
  0
LINE
  5
41A
330
416
100
AcDbEntity
  8
DIM
 62
5
370
9
440
16777216
100
AcDbLine
 10
397.8747433154713
 20
2875.6463702946894
 30
0.0
 11
397.8747433154713
 21
2947.928950843412
 31
0.0
  0
LINE
  5
41B
330
416
100
AcDbEntity
  8
DIM
 62
5
370
9
440
16777216
100
AcDbLine
 10
422.8747433154567
 20
2937.928950843412
 30
0.0
 11
397.8747433154713
 21
2937.928950843412
 31
0.0
  0
LINE
  5
41C
330
416
100
AcDbEntity
  8
DIM
 62
5
370
9
440
16777216
100
AcDbLine
 10
397.8747433154713
 20
2937.928950843412
 30
0.0
 11
333.4490952936394
 21
2937.928950843412
 31
0.0
  0
LINE
  5
41D
330
416
100
AcDbEntity
  8
0
  6
ByBlock
 62
0
370
-2
100
AcDbLine
 10
418.8747433154567
 20
2933.928950843412
 30
0.0
 11
426.8747433154567
 21
2941.928950843412
 31
0.0
  0
LINE
  5
41E
330
416
100
AcDbEntity
  8
0
  6
ByBlock
 62
0
370
-2
100
AcDbLine
 10
401.8747433154713
 20
2941.928950843412
 30
0.0
 11
393.8747433154713
 21
2933.928950843412
 31
0.0
  0
MTEXT
  5
41F
330
416
100
AcDbEntity
  8
DIM
 62
3
440
16777216
100
AcDbMText
 10
361.66191930454806
 20
2960.693275536454
 30
0.0
 40
25.0
 41
0.0
 46
0.0
 71
5
  1
25
  0
POINT
  5
420
330
416
100
AcDbEntity
  8
Defpoints
 62
0
440
16777216
100
AcDbPoint
 10
422.8747433154567
 20
2885.6463702946894
 30
0.0
  0
POINT
  5
421
330
416
100
AcDbEntity
  8
Defpoints
 62
0
440
16777216
100
AcDbPoint
 10
397.8747433154713
 20
2860.6463702946894
 30
0.0
  0
POINT
  5
422
330
416
100
AcDbEntity
  8
Defpoints
 62
0
440
16777216
100
AcDbPoint
 10
397.8747433154713
 20
2937.928950843412
 30
0.0
  0
ENDBLK
  5
418
330
416
100
AcDbEntity
  8
0
100
AcDbBlockEnd
  0
BLOCK
  5
424
330
423
100
AcDbEntity
  8
0
100
AcDbBlockBegin
  2
*D9
 70
1
 10
0.0
 20
0.0
 30
0.0
  3
*D9
  1

  0
LINE
  5
426
330
423
100
AcDbEntity
  8
DIM
 62
5
370
9
440
16777216
100
AcDbLine
 10
4211.936460280158
 20
552.8501563578393
 30
0.0
 11
4328.66702195791
 21
552.8501563578393
 31
0.0
  0
LINE
  5
427
330
423
100
AcDbEntity
  8
DIM
 62
5
370
9
440
16777216
100
AcDbLine
 10
4211.936460280158
 20
352.8501563578393
 30
0.0
 11
4328.66702195791
 21
352.8501563578393
 31
0.0
  0
LINE
  5
428
330
423
100
AcDbEntity
  8
DIM
 62
5
370
9
440
16777216
100
AcDbLine
 10
4318.66702195791
 20
552.8501563578393
 30
0.0
 11
4318.66702195791
 21
352.8501563578393
 31
0.0
  0
LINE
  5
429
330
423
100
AcDbEntity
  8
0
  6
ByBlock
 62
0
370
-2
100
AcDbLine
 10
4322.66702195791
 20
548.8501563578393
 30
0.0
 11
4314.66702195791
 21
556.8501563578393
 31
0.0
  0
LINE
  5
42A
330
423
100
AcDbEntity
  8
0
  6
ByBlock
 62
0
370
-2
100
AcDbLine
 10
4314.66702195791
 20
356.8501563578393
 30
0.0
 11
4322.66702195791
 21
348.8501563578393
 31
0.0
  0
MTEXT
  5
42B
330
423
100
AcDbEntity
  8
DIM
 62
3
440
16777216
100
AcDbMText
 10
4295.902697264857
 20
452.85015635783134
 30
0.0
 40
25.0
 41
0.0
 46
0.0
 71
5
  1
200
 11
1e-16
 21
1.0
 31
0.0
  0
POINT
  5
42C
330
423
100
AcDbEntity
  8
Defpoints
 62
0
440
16777216
100
AcDbPoint
 10
4196.936460280158
 20
552.8501563578393
 30
0.0
  0
POINT
  5
42D
330
423
100
AcDbEntity
  8
Defpoints
 62
0
440
16777216
100
AcDbPoint
 10
4196.936460280158
 20
352.8501563578393
 30
0.0
  0
POINT
  5
42E
330
423
100
AcDbEntity
  8
Defpoints
 62
0
440
16777216
100
AcDbPoint
 10
4318.66702195791
 20
352.8501563578393
 30
0.0
  0
ENDBLK
  5
425
330
423
100
AcDbEntity
  8
0
100
AcDbBlockEnd
  0
BLOCK
  5
430
330
42F
100
AcDbEntity
  8
0
100
AcDbBlockBegin
  2
*D10
 70
1
 10
0.0
 20
0.0
 30
0.0
  3
*D10
  1

  0
LINE
  5
432
330
42F
100
AcDbEntity
  8
DIM
 62
5
370
9
440
16777216
100
AcDbLine
 10
3450.936460280158
 20
387.8501563578393
 30
0.0
 11
3450.936460280158
 21
286.32359125912626
 31
0.0
  0
LINE
  5
433
330
42F
100
AcDbEntity
  8
DIM
 62
5
370
9
440
16777216
100
AcDbLine
 10
4246.936460280158
 20
387.8501563578393
 30
0.0
 11
4246.936460280158
 21
286.32359125912626
 31
0.0
  0
LINE
  5
434
330
42F
100
AcDbEntity
  8
DIM
 62
5
370
9
440
16777216
100
AcDbLine
 10
3450.936460280158
 20
296.32359125912626
 30
0.0
 11
4246.936460280158
 21
296.32359125912626
 31
0.0
  0
LINE
  5
435
330
42F
100
AcDbEntity
  8
0
  6
ByBlock
 62
0
370
-2
100
AcDbLine
 10
3454.936460280158
 20
300.32359125912626
 30
0.0
 11
3446.936460280158
 21
292.32359125912626
 31
0.0
  0
LINE
  5
436
330
42F
100
AcDbEntity
  8
0
  6
ByBlock
 62
0
370
-2
100
AcDbLine
 10
4242.936460280158
 20
292.32359125912626
 30
0.0
 11
4250.936460280158
 21
300.32359125912626
 31
0.0
  0
MTEXT
  5
437
330
42F
100
AcDbEntity
  8
DIM
 62
3
440
16777216
100
AcDbMText
 10
3848.936460280158
 20
319.08791595216826
 30
0.0
 40
25.0
 41
0.0
 46
0.0
 71
5
  1
796
  0
POINT
  5
438
330
42F
100
AcDbEntity
  8
Defpoints
 62
0
440
16777216
100
AcDbPoint
 10
3450.936460280158
 20
402.8501563578393
 30
0.0
  0
POINT
  5
439
330
42F
100
AcDbEntity
  8
Defpoints
 62
0
440
16777216
100
AcDbPoint
 10
4246.936460280158
 20
402.8501563578393
 30
0.0
  0
POINT
  5
43A
330
42F
100
AcDbEntity
  8
Defpoints
 62
0
440
16777216
100
AcDbPoint
 10
4246.936460280158
 20
296.32359125912626
 30
0.0
  0
ENDBLK
  5
431
330
42F
100
AcDbEntity
  8
0
100
AcDbBlockEnd
  0
BLOCK
  5
43C
330
43B
100
AcDbEntity
  8
0
100
AcDbBlockBegin
  2
*D11
 70
1
 10
0.0
 20
0.0
 30
0.0
  3
*D11
  1

  0
LINE
  5
43E
330
43B
100
AcDbEntity
  8
DIM
 62
5
370
9
440
16777216
100
AcDbLine
 10
3607.657568688868
 20
782.9660947153244
 30
0.0
 11
3607.657568688868
 21
681.4395296166113
 31
0.0
  0
LINE
  5
43F
330
43B
100
AcDbEntity
  8
DIM
 62
5
370
9
440
16777216
100
AcDbLine
 10
4026.657568688868
 20
782.9660947153244
 30
0.0
 11
4026.657568688868
 21
681.4395296166113
 31
0.0
  0
LINE
  5
440
330
43B
100
AcDbEntity
  8
DIM
 62
5
370
9
440
16777216
100
AcDbLine
 10
3607.657568688868
 20
691.4395296166113
 30
0.0
 11
4026.657568688868
 21
691.4395296166113
 31
0.0
  0
LINE
  5
441
330
43B
100
AcDbEntity
  8
0
  6
ByBlock
 62
0
370
-2
100
AcDbLine
 10
3611.657568688868
 20
695.4395296166113
 30
0.0
 11
3603.657568688868
 21
687.4395296166113
 31
0.0
  0
LINE
  5
442
330
43B
100
AcDbEntity
  8
0
  6
ByBlock
 62
0
370
-2
100
AcDbLine
 10
4022.657568688868
 20
687.4395296166113
 30
0.0
 11
4030.657568688868
 21
695.4395296166113
 31
0.0
  0
MTEXT
  5
443
330
43B
100
AcDbEntity
  8
DIM
 62
3
440
16777216
100
AcDbMText
 10
3817.157568688868
 20
714.2038543096537
 30
0.0
 40
25.0
 41
0.0
 46
0.0
 71
5
  1
419
  0
POINT
  5
444
330
43B
100
AcDbEntity
  8
Defpoints
 62
0
440
16777216
100
AcDbPoint
 10
3607.657568688868
 20
797.9660947153242
 30
0.0
  0
POINT
  5
445
330
43B
100
AcDbEntity
  8
Defpoints
 62
0
440
16777216
100
AcDbPoint
 10
4026.657568688868
 20
797.9660947153242
 30
0.0
  0
POINT
  5
446
330
43B
100
AcDbEntity
  8
Defpoints
 62
0
440
16777216
100
AcDbPoint
 10
4026.657568688868
 20
691.4395296166113
 30
0.0
  0
ENDBLK
  5
43D
330
43B
100
AcDbEntity
  8
0
100
AcDbBlockEnd
  0
BLOCK
  5
448
330
447
100
AcDbEntity
  8
0
100
AcDbBlockBegin
  2
*D12
 70
1
 10
0.0
 20
0.0
 30
0.0
  3
*D12
  1

  0
LINE
  5
44A
330
447
100
AcDbEntity
  8
DIM
 62
5
370
9
440
16777216
100
AcDbLine
 10
3991.657568688861
 20
947.9660947153243
 30
0.0
 11
4100.715575260321
 21
947.9660947153242
 31
0.0
  0
LINE
  5
44B
330
447
100
AcDbEntity
  8
DIM
 62
5
370
9
440
16777216
100
AcDbLine
 10
3991.657568688861
 20
747.9660947153242
 30
0.0
 11
4100.715575260321
 21
747.9660947153242
 31
0.0
  0
LINE
  5
44C
330
447
100
AcDbEntity
  8
DIM
 62
5
370
9
440
16777216
100
AcDbLine
 10
4090.7155752603285
 20
947.9660947153242
 30
0.0
 11
4090.7155752603285
 21
747.9660947153242
 31
0.0
  0
LINE
  5
44D
330
447
100
AcDbEntity
  8
0
  6
ByBlock
 62
0
370
-2
100
AcDbLine
 10
4094.7155752603285
 20
943.9660947153242
 30
0.0
 11
4086.7155752603285
 21
951.9660947153242
 31
0.0
  0
LINE
  5
44E
330
447
100
AcDbEntity
  8
0
  6
ByBlock
 62
0
370
-2
100
AcDbLine
 10
4086.7155752603285
 20
751.9660947153242
 30
0.0
 11
4094.7155752603285
 21
743.9660947153242
 31
0.0
  0
MTEXT
  5
44F
330
447
100
AcDbEntity
  8
DIM
 62
3
440
16777216
100
AcDbMText
 10
4067.9512505672756
 20
847.9660947153166
 30
0.0
 40
25.0
 41
0.0
 46
0.0
 71
5
  1
200
 11
1e-16
 21
1.0
 31
0.0
  0
POINT
  5
450
330
447
100
AcDbEntity
  8
Defpoints
 62
0
440
16777216
100
AcDbPoint
 10
3976.657568688861
 20
947.9660947153243
 30
0.0
  0
POINT
  5
451
330
447
100
AcDbEntity
  8
Defpoints
 62
0
440
16777216
100
AcDbPoint
 10
3976.657568688861
 20
747.9660947153242
 30
0.0
  0
POINT
  5
452
330
447
100
AcDbEntity
  8
Defpoints
 62
0
440
16777216
100
AcDbPoint
 10
4090.7155752603285
 20
747.9660947153242
 30
0.0
  0
ENDBLK
  5
449
330
447
100
AcDbEntity
  8
0
100
AcDbBlockEnd
  0
BLOCK
  5
454
330
453
100
AcDbEntity
  8
0
100
AcDbBlockBegin
  2
*D13
 70
1
 10
0.0
 20
0.0
 30
0.0
  3
*D13
  1

  0
LINE
  5
456
330
453
100
AcDbEntity
  8
DIM
 62
5
370
9
440
16777216
100
AcDbLine
 10
3642.657568688868
 20
947.9660947153243
 30
0.0
 11
3545.3066211516707
 21
947.9660947153243
 31
0.0
  0
LINE
  5
457
330
453
100
AcDbEntity
  8
DIM
 62
5
370
9
440
16777216
100
AcDbLine
 10
3592.657568688868
 20
897.9660947153243
 30
0.0
 11
3545.3066211516707
 21
897.9660947153243
 31
0.0
  0
LINE
  5
458
330
453
100
AcDbEntity
  8
DIM
 62
5
370
9
440
16777216
100
AcDbLine
 10
3555.3066211516707
 20
947.9660947153243
 30
0.0
 11
3555.3066211516707
 21
897.9660947153243
 31
0.0
  0
LINE
  5
459
330
453
100
AcDbEntity
  8
0
  6
ByBlock
 62
0
370
-2
100
AcDbLine
 10
3559.3066211516707
 20
943.9660947153243
 30
0.0
 11
3551.3066211516707
 21
951.9660947153243
 31
0.0
  0
LINE
  5
45A
330
453
100
AcDbEntity
  8
0
  6
ByBlock
 62
0
370
-2
100
AcDbLine
 10
3551.3066211516707
 20
901.9660947153243
 30
0.0
 11
3559.3066211516707
 21
893.9660947153243
 31
0.0
  0
MTEXT
  5
45B
330
453
100
AcDbEntity
  8
DIM
 62
3
440
16777216
100
AcDbMText
 10
3532.542296458625
 20
922.9660947153166
 30
0.0
 40
25.0
 41
0.0
 46
0.0
 71
5
  1
50
 11
1e-16
 21
1.0
 31
0.0
  0
POINT
  5
45C
330
453
100
AcDbEntity
  8
Defpoints
 62
0
440
16777216
100
AcDbPoint
 10
3657.657568688868
 20
947.9660947153243
 30
0.0
  0
POINT
  5
45D
330
453
100
AcDbEntity
  8
Defpoints
 62
0
440
16777216
100
AcDbPoint
 10
3607.657568688868
 20
897.9660947153243
 30
0.0
  0
POINT
  5
45E
330
453
100
AcDbEntity
  8
Defpoints
 62
0
440
16777216
100
AcDbPoint
 10
3555.3066211516707
 20
897.9660947153243
 30
0.0
  0
ENDBLK
  5
455
330
453
100
AcDbEntity
  8
0
100
AcDbBlockEnd
  0
BLOCK
  5
460
330
45F
100
AcDbEntity
  8
0
100
AcDbBlockBegin
  2
*D14
 70
1
 10
0.0
 20
0.0
 30
0.0
  3
*D14
  1

  0
LINE
  5
462
330
45F
100
AcDbEntity
  8
DIM
 62
5
370
9
440
16777216
100
AcDbLine
 10
3592.6575686888464
 20
897.9660947153238
 30
0.0
 11
3545.306621151649
 21
897.9660947153238
 31
0.0
  0
LINE
  5
463
330
45F
100
AcDbEntity
  8
DIM
 62
5
370
9
440
16777216
100
AcDbLine
 10
3592.6575686888464
 20
797.9660947153238
 30
0.0
 11
3545.306621151649
 21
797.9660947153238
 31
0.0
  0
LINE
  5
464
330
45F
100
AcDbEntity
  8
DIM
 62
5
370
9
440
16777216
100
AcDbLine
 10
3555.306621151656
 20
897.9660947153238
 30
0.0
 11
3555.306621151656
 21
797.9660947153238
 31
0.0
  0
LINE
  5
465
330
45F
100
AcDbEntity
  8
0
  6
ByBlock
 62
0
370
-2
100
AcDbLine
 10
3559.306621151656
 20
893.9660947153238
 30
0.0
 11
3551.306621151656
 21
901.9660947153238
 31
0.0
  0
LINE
  5
466
330
45F
100
AcDbEntity
  8
0
  6
ByBlock
 62
0
370
-2
100
AcDbLine
 10
3551.306621151656
 20
801.9660947153238
 30
0.0
 11
3559.306621151656
 21
793.9660947153238
 31
0.0
  0
MTEXT
  5
467
330
45F
100
AcDbEntity
  8
DIM
 62
3
440
16777216
100
AcDbMText
 10
3532.542296458618
 20
847.9660947153377
 30
0.0
 40
25.0
 41
0.0
 46
0.0
 71
5
  1
100
 11
1e-16
 21
1.0
 31
0.0
  0
POINT
  5
468
330
45F
100
AcDbEntity
  8
Defpoints
 62
0
440
16777216
100
AcDbPoint
 10
3607.6575686888464
 20
897.9660947153238
 30
0.0
  0
POINT
  5
469
330
45F
100
AcDbEntity
  8
Defpoints
 62
0
440
16777216
100
AcDbPoint
 10
3607.6575686888464
 20
797.9660947153238
 30
0.0
  0
POINT
  5
46A
330
45F
100
AcDbEntity
  8
Defpoints
 62
0
440
16777216
100
AcDbPoint
 10
3555.306621151656
 20
797.9660947153238
 30
0.0
  0
ENDBLK
  5
461
330
45F
100
AcDbEntity
  8
0
100
AcDbBlockEnd
  0
BLOCK
  5
46C
330
46B
100
AcDbEntity
  8
0
100
AcDbBlockBegin
  2
*D15
 70
1
 10
0.0
 20
0.0
 30
0.0
  3
*D15
  1

  0
LINE
  5
46E
330
46B
100
AcDbEntity
  8
DIM
 62
5
370
9
440
16777216
100
AcDbLine
 10
3592.6575686888464
 20
797.9660947153238
 30
0.0
 11
3545.306621151649
 21
797.9660947153238
 31
0.0
  0
LINE
  5
46F
330
46B
100
AcDbEntity
  8
DIM
 62
5
370
9
440
16777216
100
AcDbLine
 10
3642.6575686888464
 20
747.9660947153238
 30
0.0
 11
3545.306621151649
 21
747.9660947153238
 31
0.0
  0
LINE
  5
470
330
46B
100
AcDbEntity
  8
DIM
 62
5
370
9
440
16777216
100
AcDbLine
 10
3555.306621151656
 20
797.9660947153238
 30
0.0
 11
3555.306621151656
 21
747.9660947153238
 31
0.0
  0
MTEXT
  5
471
330
46B
100
AcDbEntity
  8
DIM
 62
3
440
16777216
100
AcDbMText
 10
3532.542296458625
 20
772.9660947153242
 30
0.0
 40
25.0
 41
0.0
 46
0.0
 71
5
  1
50
 11
1e-16
 21
1.0
 31
0.0
  0
LINE
  5
472
330
46B
100
AcDbEntity
  8
0
  6
ByBlock
 62
0
370
-2
100
AcDbLine
 10
3559.306621151656
 20
793.9660947153238
 30
0.0
 11
3551.306621151656
 21
801.9660947153238
 31
0.0
  0
LINE
  5
473
330
46B
100
AcDbEntity
  8
0
  6
ByBlock
 62
0
370
-2
100
AcDbLine
 10
3551.306621151656
 20
751.9660947153238
 30
0.0
 11
3559.306621151656
 21
743.9660947153238
 31
0.0
  0
POINT
  5
474
330
46B
100
AcDbEntity
  8
Defpoints
 62
0
440
16777216
100
AcDbPoint
 10
3607.6575686888464
 20
797.9660947153238
 30
0.0
  0
POINT
  5
475
330
46B
100
AcDbEntity
  8
Defpoints
 62
0
440
16777216
100
AcDbPoint
 10
3657.6575686888464
 20
747.9660947153238
 30
0.0
  0
POINT
  5
476
330
46B
100
AcDbEntity
  8
Defpoints
 62
0
440
16777216
100
AcDbPoint
 10
3555.306621151656
 20
747.9660947153238
 30
0.0
  0
ENDBLK
  5
46D
330
46B
100
AcDbEntity
  8
0
100
AcDbBlockEnd
  0
BLOCK
  5
478
330
477
100
AcDbEntity
  8
0
100
AcDbBlockBegin
  2
*D16
 70
1
 10
0.0
 20
0.0
 30
0.0
  3
*D16
  1

  0
LINE
  5
47A
330
477
100
AcDbEntity
  8
DIM
 62
5
370
9
440
16777216
100
AcDbLine
 10
3485.936460280165
 20
552.8501563578393
 30
0.0
 11
3388.5855127429604
 21
552.8501563578393
 31
0.0
  0
LINE
  5
47B
330
477
100
AcDbEntity
  8
DIM
 62
5
370
9
440
16777216
100
AcDbLine
 10
3435.936460280165
 20
502.8501563578393
 30
0.0
 11
3388.5855127429604
 21
502.8501563578393
 31
0.0
  0
LINE
  5
47C
330
477
100
AcDbEntity
  8
DIM
 62
5
370
9
440
16777216
100
AcDbLine
 10
3398.5855127429604
 20
552.8501563578393
 30
0.0
 11
3398.5855127429604
 21
502.8501563578393
 31
0.0
  0
LINE
  5
47D
330
477
100
AcDbEntity
  8
0
  6
ByBlock
 62
0
370
-2
100
AcDbLine
 10
3402.5855127429604
 20
548.8501563578393
 30
0.0
 11
3394.5855127429604
 21
556.8501563578393
 31
0.0
  0
LINE
  5
47E
330
477
100
AcDbEntity
  8
0
  6
ByBlock
 62
0
370
-2
100
AcDbLine
 10
3394.5855127429604
 20
506.8501563578393
 30
0.0
 11
3402.5855127429604
 21
498.8501563578393
 31
0.0
  0
MTEXT
  5
47F
330
477
100
AcDbEntity
  8
DIM
 62
3
440
16777216
100
AcDbMText
 10
3375.821188049915
 20
527.8501563578322
 30
0.0
 40
25.0
 41
0.0
 46
0.0
 71
5
  1
50
 11
1e-16
 21
1.0
 31
0.0
  0
POINT
  5
480
330
477
100
AcDbEntity
  8
Defpoints
 62
0
440
16777216
100
AcDbPoint
 10
3500.936460280165
 20
552.8501563578393
 30
0.0
  0
POINT
  5
481
330
477
100
AcDbEntity
  8
Defpoints
 62
0
440
16777216
100
AcDbPoint
 10
3450.936460280158
 20
502.8501563578393
 30
0.0
  0
POINT
  5
482
330
477
100
AcDbEntity
  8
Defpoints
 62
0
440
16777216
100
AcDbPoint
 10
3398.5855127429604
 20
502.8501563578393
 30
0.0
  0
ENDBLK
  5
479
330
477
100
AcDbEntity
  8
0
100
AcDbBlockEnd
  0
BLOCK
  5
484
330
483
100
AcDbEntity
  8
0
100
AcDbBlockBegin
  2
*D17
 70
1
 10
0.0
 20
0.0
 30
0.0
  3
*D17
  1

  0
LINE
  5
486
330
483
100
AcDbEntity
  8
DIM
 62
5
370
9
440
16777216
100
AcDbLine
 10
3435.9364602801506
 20
502.8501563578393
 30
0.0
 11
3388.585512742946
 21
502.8501563578393
 31
0.0
  0
LINE
  5
487
330
483
100
AcDbEntity
  8
DIM
 62
5
370
9
440
16777216
100
AcDbLine
 10
3435.9364602801506
 20
402.8501563578393
 30
0.0
 11
3388.585512742946
 21
402.8501563578393
 31
0.0
  0
LINE
  5
488
330
483
100
AcDbEntity
  8
DIM
 62
5
370
9
440
16777216
100
AcDbLine
 10
3398.585512742946
 20
502.8501563578393
 30
0.0
 11
3398.585512742946
 21
402.8501563578393
 31
0.0
  0
LINE
  5
489
330
483
100
AcDbEntity
  8
0
  6
ByBlock
 62
0
370
-2
100
AcDbLine
 10
3402.585512742946
 20
498.8501563578393
 30
0.0
 11
3394.585512742946
 21
506.8501563578393
 31
0.0
  0
LINE
  5
48A
330
483
100
AcDbEntity
  8
0
  6
ByBlock
 62
0
370
-2
100
AcDbLine
 10
3394.585512742946
 20
406.8501563578393
 30
0.0
 11
3402.585512742946
 21
398.8501563578393
 31
0.0
  0
MTEXT
  5
48B
330
483
100
AcDbEntity
  8
DIM
 62
3
440
16777216
100
AcDbMText
 10
3375.8211880499075
 20
452.85015635785226
 30
0.0
 40
25.0
 41
0.0
 46
0.0
 71
5
  1
100
 11
1e-16
 21
1.0
 31
0.0
  0
POINT
  5
48C
330
483
100
AcDbEntity
  8
Defpoints
 62
0
440
16777216
100
AcDbPoint
 10
3450.9364602801506
 20
502.8501563578393
 30
0.0
  0
POINT
  5
48D
330
483
100
AcDbEntity
  8
Defpoints
 62
0
440
16777216
100
AcDbPoint
 10
3450.9364602801506
 20
402.8501563578393
 30
0.0
  0
POINT
  5
48E
330
483
100
AcDbEntity
  8
Defpoints
 62
0
440
16777216
100
AcDbPoint
 10
3398.585512742946
 20
402.8501563578393
 30
0.0
  0
ENDBLK
  5
485
330
483
100
AcDbEntity
  8
0
100
AcDbBlockEnd
  0
BLOCK
  5
490
330
48F
100
AcDbEntity
  8
0
100
AcDbBlockBegin
  2
*D18
 70
1
 10
0.0
 20
0.0
 30
0.0
  3
*D18
  1

  0
LINE
  5
492
330
48F
100
AcDbEntity
  8
DIM
 62
5
370
9
440
16777216
100
AcDbLine
 10
3435.9364602801506
 20
402.8501563578393
 30
0.0
 11
3388.585512742946
 21
402.8501563578393
 31
0.0
  0
LINE
  5
493
330
48F
100
AcDbEntity
  8
DIM
 62
5
370
9
440
16777216
100
AcDbLine
 10
3485.9364602801506
 20
352.8501563578393
 30
0.0
 11
3388.585512742946
 21
352.8501563578393
 31
0.0
  0
LINE
  5
494
330
48F
100
AcDbEntity
  8
DIM
 62
5
370
9
440
16777216
100
AcDbLine
 10
3398.585512742946
 20
402.8501563578393
 30
0.0
 11
3398.585512742946
 21
352.8501563578393
 31
0.0
  0
MTEXT
  5
495
330
48F
100
AcDbEntity
  8
DIM
 62
3
440
16777216
100
AcDbMText
 10
3375.8211880499293
 20
377.8501563578393
 30
0.0
 40
25.0
 41
0.0
 46
0.0
 71
5
  1
50
 11
1e-16
 21
1.0
 31
0.0
  0
LINE
  5
496
330
48F
100
AcDbEntity
  8
0
  6
ByBlock
 62
0
370
-2
100
AcDbLine
 10
3402.585512742946
 20
398.8501563578393
 30
0.0
 11
3394.585512742946
 21
406.8501563578393
 31
0.0
  0
LINE
  5
497
330
48F
100
AcDbEntity
  8
0
  6
ByBlock
 62
0
370
-2
100
AcDbLine
 10
3394.585512742946
 20
356.8501563578393
 30
0.0
 11
3402.585512742946
 21
348.8501563578393
 31
0.0
  0
POINT
  5
498
330
48F
100
AcDbEntity
  8
Defpoints
 62
0
440
16777216
100
AcDbPoint
 10
3450.9364602801506
 20
402.8501563578393
 30
0.0
  0
POINT
  5
499
330
48F
100
AcDbEntity
  8
Defpoints
 62
0
440
16777216
100
AcDbPoint
 10
3500.9364602801506
 20
352.8501563578393
 30
0.0
  0
POINT
  5
49A
330
48F
100
AcDbEntity
  8
Defpoints
 62
0
440
16777216
100
AcDbPoint
 10
3398.585512742946
 20
352.8501563578393
 30
0.0
  0
ENDBLK
  5
491
330
48F
100
AcDbEntity
  8
0
100
AcDbBlockEnd
  0
BLOCK
  5
49C
330
49B
100
AcDbEntity
  8
0
100
AcDbBlockBegin
  2
*D19
 70
1
 10
0.0
 20
0.0
 30
0.0
  3
*D19
  1

  0
LINE
  5
49E
330
49B
100
AcDbEntity
  8
DIM
 62
5
370
9
440
16777216
100
AcDbLine
 10
2353.334800964294
 20
2925.6463702946894
 30
0.0
 11
2239.066747038174
 21
2925.6463702946894
 31
0.0
  0
LINE
  5
49F
330
49B
100
AcDbEntity
  8
DIM
 62
5
370
9
440
16777216
100
AcDbLine
 10
2353.334800964294
 20
1229.6463702946894
 30
0.0
 11
2239.066747038174
 21
1229.6463702946894
 31
0.0
  0
LINE
  5
4A0
330
49B
100
AcDbEntity
  8
DIM
 62
5
370
9
440
16777216
100
AcDbLine
 10
2249.066747038174
 20
2925.6463702946894
 30
0.0
 11
2249.066747038174
 21
1229.6463702946894
 31
0.0
  0
LINE
  5
4A1
330
49B
100
AcDbEntity
  8
0
  6
ByBlock
 62
0
370
-2
100
AcDbLine
 10
2253.066747038174
 20
2921.6463702946894
 30
0.0
 11
2245.066747038174
 21
2929.6463702946894
 31
0.0
  0
LINE
  5
4A2
330
49B
100
AcDbEntity
  8
0
  6
ByBlock
 62
0
370
-2
100
AcDbLine
 10
2245.066747038174
 20
1233.6463702946894
 30
0.0
 11
2253.066747038174
 21
1225.6463702946894
 31
0.0
  0
MTEXT
  5
4A3
330
49B
100
AcDbEntity
  8
DIM
 62
3
440
16777216
100
AcDbMText
 10
2226.3024223451284
 20
2077.6463702946817
 30
0.0
 40
25.0
 41
0.0
 46
0.0
 71
5
  1
1696
 11
1e-16
 21
1.0
 31
0.0
  0
POINT
  5
4A4
330
49B
100
AcDbEntity
  8
Defpoints
 62
0
440
16777216
100
AcDbPoint
 10
2368.334800964294
 20
2925.6463702946894
 30
0.0
  0
POINT
  5
4A5
330
49B
100
AcDbEntity
  8
Defpoints
 62
0
440
16777216
100
AcDbPoint
 10
2368.334800964294
 20
1229.6463702946894
 30
0.0
  0
POINT
  5
4A6
330
49B
100
AcDbEntity
  8
Defpoints
 62
0
440
16777216
100
AcDbPoint
 10
2249.066747038174
 20
1229.6463702946894
 30
0.0
  0
ENDBLK
  5
49D
330
49B
100
AcDbEntity
  8
0
100
AcDbBlockEnd
  0
BLOCK
  5
4A8
330
4A7
100
AcDbEntity
  8
0
100
AcDbBlockBegin
  2
*D20
 70
1
 10
0.0
 20
0.0
 30
0.0
  3
*D20
  1

  0
LINE
  5
4AA
330
4A7
100
AcDbEntity
  8
DIM
 62
5
370
9
440
16777216
100
AcDbLine
 10
2787.334800964294
 20
2940.6463702946894
 30
0.0
 11
2787.334800964294
 21
3001.2815063897106
 31
0.0
  0
LINE
  5
4AB
330
4A7
100
AcDbEntity
  8
DIM
 62
5
370
9
440
16777216
100
AcDbLine
 10
2368.334800964294
 20
2940.6463702946894
 30
0.0
 11
2368.334800964294
 21
3001.2815063897106
 31
0.0
  0
LINE
  5
4AC
330
4A7
100
AcDbEntity
  8
DIM
 62
5
370
9
440
16777216
100
AcDbLine
 10
2787.334800964294
 20
2991.2815063897106
 30
0.0
 11
2368.334800964294
 21
2991.2815063897106
 31
0.0
  0
LINE
  5
4AD
330
4A7
100
AcDbEntity
  8
0
  6
ByBlock
 62
0
370
-2
100
AcDbLine
 10
2783.334800964294
 20
2987.2815063897106
 30
0.0
 11
2791.334800964294
 21
2995.2815063897106
 31
0.0
  0
LINE
  5
4AE
330
4A7
100
AcDbEntity
  8
0
  6
ByBlock
 62
0
370
-2
100
AcDbLine
 10
2372.334800964294
 20
2995.2815063897106
 30
0.0
 11
2364.334800964294
 21
2987.2815063897106
 31
0.0
  0
MTEXT
  5
4AF
330
4A7
100
AcDbEntity
  8
DIM
 62
3
440
16777216
100
AcDbMText
 10
2603.334800964294
 20
3014.0458310827526
 30
0.0
 40
25.0
 41
0.0
 46
0.0
 71
5
  1
419
  0
POINT
  5
4B0
330
4A7
100
AcDbEntity
  8
Defpoints
 62
0
440
16777216
100
AcDbPoint
 10
2787.334800964294
 20
2925.6463702946894
 30
0.0
  0
POINT
  5
4B1
330
4A7
100
AcDbEntity
  8
Defpoints
 62
0
440
16777216
100
AcDbPoint
 10
2368.334800964294
 20
2925.6463702946894
 30
0.0
  0
POINT
  5
4B2
330
4A7
100
AcDbEntity
  8
Defpoints
 62
0
440
16777216
100
AcDbPoint
 10
2368.334800964294
 20
2991.2815063897106
 30
0.0
  0
ENDBLK
  5
4A9
330
4A7
100
AcDbEntity
  8
0
100
AcDbBlockEnd
  0
BLOCK
  5
4B4
330
4B3
100
AcDbEntity
  8
0
100
AcDbBlockBegin
  2
*D21
 70
1
 10
0.0
 20
0.0
 30
0.0
  3
*D21
  1

  0
LINE
  5
4B6
330
4B3
100
AcDbEntity
  8
DIM
 62
5
370
9
440
16777216
100
AcDbLine
 10
2368.334800964294
 20
2940.6463702946894
 30
0.0
 11
2368.334800964294
 21
3001.2815063897106
 31
0.0
  0
LINE
  5
4B7
330
4B3
100
AcDbEntity
  8
DIM
 62
5
370
9
440
16777216
100
AcDbLine
 10
2328.334800964294
 20
2900.6463702946894
 30
0.0
 11
2328.334800964294
 21
3001.2815063897106
 31
0.0
  0
LINE
  5
4B8
330
4B3
100
AcDbEntity
  8
DIM
 62
5
370
9
440
16777216
100
AcDbLine
 10
2368.334800964294
 20
2991.2815063897106
 30
0.0
 11
2328.334800964294
 21
2991.2815063897106
 31
0.0
  0
LINE
  5
4B9
330
4B3
100
AcDbEntity
  8
0
  6
ByBlock
 62
0
370
-2
100
AcDbLine
 10
2364.334800964294
 20
2987.2815063897106
 30
0.0
 11
2372.334800964294
 21
2995.2815063897106
 31
0.0
  0
LINE
  5
4BA
330
4B3
100
AcDbEntity
  8
0
  6
ByBlock
 62
0
370
-2
100
AcDbLine
 10
2332.334800964294
 20
2995.2815063897106
 30
0.0
 11
2324.334800964294
 21
2987.2815063897106
 31
0.0
  0
MTEXT
  5
4BB
330
4B3
100
AcDbEntity
  8
DIM
 62
3
440
16777216
100
AcDbMText
 10
2348.334800964294
 20
3014.0458310827526
 30
0.0
 40
25.0
 41
0.0
 46
0.0
 71
5
  1
40
  0
POINT
  5
4BC
330
4B3
100
AcDbEntity
  8
Defpoints
 62
0
440
16777216
100
AcDbPoint
 10
2368.334800964294
 20
2925.6463702946894
 30
0.0
  0
POINT
  5
4BD
330
4B3
100
AcDbEntity
  8
Defpoints
 62
0
440
16777216
100
AcDbPoint
 10
2328.334800964294
 20
2885.6463702946894
 30
0.0
  0
POINT
  5
4BE
330
4B3
100
AcDbEntity
  8
Defpoints
 62
0
440
16777216
100
AcDbPoint
 10
2328.334800964294
 20
2991.2815063897106
 30
0.0
  0
ENDBLK
  5
4B5
330
4B3
100
AcDbEntity
  8
0
100
AcDbBlockEnd
  0
BLOCK
  5
4C0
330
4BF
100
AcDbEntity
  8
0
100
AcDbBlockBegin
  2
*D22
 70
1
 10
0.0
 20
0.0
 30
0.0
  3
*D22
  1

  0
LINE
  5
4C2
330
4BF
100
AcDbEntity
  8
DIM
 62
5
370
9
440
16777216
100
AcDbLine
 10
2328.334800964294
 20
2900.6463702946894
 30
0.0
 11
2328.334800964294
 21
3001.2815063897106
 31
0.0
  0
LINE
  5
4C3
330
4BF
100
AcDbEntity
  8
DIM
 62
5
370
9
440
16777216
100
AcDbLine
 10
2313.334800964294
 20
2900.6463702946894
 30
0.0
 11
2313.334800964294
 21
3001.2815063897106
 31
0.0
  0
LINE
  5
4C4
330
4BF
100
AcDbEntity
  8
DIM
 62
5
370
9
440
16777216
100
AcDbLine
 10
2328.334800964294
 20
2991.2815063897106
 30
0.0
 11
2336.334800964294
 21
2991.2815063897106
 31
0.0
  0
LINE
  5
4C5
330
4BF
100
AcDbEntity
  8
DIM
 62
5
370
9
440
16777216
100
AcDbLine
 10
2313.334800964294
 20
2991.2815063897106
 30
0.0
 11
2243.6888255209196
 21
2991.2815063897106
 31
0.0
  0
LINE
  5
4C6
330
4BF
100
AcDbEntity
  8
DIM
 62
5
370
9
440
16777216
100
AcDbLine
 10
2328.334800964294
 20
2991.2815063897106
 30
0.0
 11
2313.334800964294
 21
2991.2815063897106
 31
0.0
  0
LINE
  5
4C7
330
4BF
100
AcDbEntity
  8
0
  6
ByBlock
 62
0
370
-2
100
AcDbLine
 10
2332.334800964294
 20
2995.2815063897106
 30
0.0
 11
2324.334800964294
 21
2987.2815063897106
 31
0.0
  0
LINE
  5
4C8
330
4BF
100
AcDbEntity
  8
0
  6
ByBlock
 62
0
370
-2
100
AcDbLine
 10
2309.334800964294
 20
2987.2815063897106
 30
0.0
 11
2317.334800964294
 21
2995.2815063897106
 31
0.0
  0
MTEXT
  5
4C9
330
4BF
100
AcDbEntity
  8
DIM
 62
3
440
16777216
100
AcDbMText
 10
2270.5118132425996
 20
3014.0458310827526
 30
0.0
 40
25.0
 41
0.0
 46
0.0
 71
5
  1
15
  0
POINT
  5
4CA
330
4BF
100
AcDbEntity
  8
Defpoints
 62
0
440
16777216
100
AcDbPoint
 10
2328.334800964294
 20
2885.6463702946894
 30
0.0
  0
POINT
  5
4CB
330
4BF
100
AcDbEntity
  8
Defpoints
 62
0
440
16777216
100
AcDbPoint
 10
2313.334800964294
 20
2885.6463702946894
 30
0.0
  0
POINT
  5
4CC
330
4BF
100
AcDbEntity
  8
Defpoints
 62
0
440
16777216
100
AcDbPoint
 10
2313.334800964294
 20
2991.2815063897106
 30
0.0
  0
ENDBLK
  5
4C1
330
4BF
100
AcDbEntity
  8
0
100
AcDbBlockEnd
  0
BLOCK
  5
4CE
330
4CD
100
AcDbEntity
  8
0
100
AcDbBlockBegin
  2
*D23
 70
1
 10
0.0
 20
0.0
 30
0.0
  3
*D23
  1

  0
LINE
  5
4D0
330
4CD
100
AcDbEntity
  8
DIM
 62
5
370
9
440
16777216
100
AcDbLine
 10
2877.334800964294
 20
1280.6463702946894
 30
0.0
 11
2877.334800964294
 21
1153.7025907765637
 31
0.0
  0
LINE
  5
4D1
330
4CD
100
AcDbEntity
  8
DIM
 62
5
370
9
440
16777216
100
AcDbLine
 10
2313.334800964294
 20
1254.6463702946894
 30
0.0
 11
2313.334800964294
 21
1153.7025907765637
 31
0.0
  0
LINE
  5
4D2
330
4CD
100
AcDbEntity
  8
DIM
 62
5
370
9
440
16777216
100
AcDbLine
 10
2877.334800964294
 20
1163.7025907765637
 30
0.0
 11
2313.334800964294
 21
1163.7025907765637
 31
0.0
  0
LINE
  5
4D3
330
4CD
100
AcDbEntity
  8
0
  6
ByBlock
 62
0
370
-2
100
AcDbLine
 10
2873.334800964294
 20
1159.7025907765637
 30
0.0
 11
2881.334800964294
 21
1167.7025907765637
 31
0.0
  0
LINE
  5
4D4
330
4CD
100
AcDbEntity
  8
0
  6
ByBlock
 62
0
370
-2
100
AcDbLine
 10
2317.334800964294
 20
1167.7025907765637
 30
0.0
 11
2309.334800964294
 21
1159.7025907765637
 31
0.0
  0
MTEXT
  5
4D5
330
4CD
100
AcDbEntity
  8
DIM
 62
3
440
16777216
100
AcDbMText
 10
2595.334800964294
 20
1186.4669154696062
 30
0.0
 40
25.0
 41
0.0
 46
0.0
 71
5
  1
564
  0
POINT
  5
4D6
330
4CD
100
AcDbEntity
  8
Defpoints
 62
0
440
16777216
100
AcDbPoint
 10
2877.334800964294
 20
1295.6463702946894
 30
0.0
  0
POINT
  5
4D7
330
4CD
100
AcDbEntity
  8
Defpoints
 62
0
440
16777216
100
AcDbPoint
 10
2313.334800964294
 20
1269.6463702946894
 30
0.0
  0
POINT
  5
4D8
330
4CD
100
AcDbEntity
  8
Defpoints
 62
0
440
16777216
100
AcDbPoint
 10
2313.334800964294
 20
1163.7025907765637
 30
0.0
  0
ENDBLK
  5
4CF
330
4CD
100
AcDbEntity
  8
0
100
AcDbBlockEnd
  0
BLOCK
  5
4DA
330
4D9
100
AcDbEntity
  8
0
100
AcDbBlockBegin
  2
*D24
 70
1
 10
0.0
 20
0.0
 30
0.0
  3
*D24
  1

  0
LINE
  5
4DC
330
4D9
100
AcDbEntity
  8
DIM
 62
5
370
9
440
16777216
100
AcDbLine
 10
2787.334800964294
 20
2940.6463702946894
 30
0.0
 11
2787.334800964294
 21
3001.2815063897106
 31
0.0
  0
LINE
  5
4DD
330
4D9
100
AcDbEntity
  8
DIM
 62
5
370
9
440
16777216
100
AcDbLine
 10
2827.334800964294
 20
2900.6463702946894
 30
0.0
 11
2827.334800964294
 21
3001.2815063897106
 31
0.0
  0
LINE
  5
4DE
330
4D9
100
AcDbEntity
  8
DIM
 62
5
370
9
440
16777216
100
AcDbLine
 10
2787.334800964294
 20
2991.2815063897106
 30
0.0
 11
2827.334800964294
 21
2991.2815063897106
 31
0.0
  0
LINE
  5
4DF
330
4D9
100
AcDbEntity
  8
0
  6
ByBlock
 62
0
370
-2
100
AcDbLine
 10
2791.334800964294
 20
2995.2815063897106
 30
0.0
 11
2783.334800964294
 21
2987.2815063897106
 31
0.0
  0
LINE
  5
4E0
330
4D9
100
AcDbEntity
  8
0
  6
ByBlock
 62
0
370
-2
100
AcDbLine
 10
2823.334800964294
 20
2987.2815063897106
 30
0.0
 11
2831.334800964294
 21
2995.2815063897106
 31
0.0
  0
MTEXT
  5
4E1
330
4D9
100
AcDbEntity
  8
DIM
 62
3
440
16777216
100
AcDbMText
 10
2807.334800964294
 20
3014.0458310827526
 30
0.0
 40
25.0
 41
0.0
 46
0.0
 71
5
  1
40
  0
POINT
  5
4E2
330
4D9
100
AcDbEntity
  8
Defpoints
 62
0
440
16777216
100
AcDbPoint
 10
2787.334800964294
 20
2925.6463702946894
 30
0.0
  0
POINT
  5
4E3
330
4D9
100
AcDbEntity
  8
Defpoints
 62
0
440
16777216
100
AcDbPoint
 10
2827.334800964294
 20
2885.6463702946894
 30
0.0
  0
POINT
  5
4E4
330
4D9
100
AcDbEntity
  8
Defpoints
 62
0
440
16777216
100
AcDbPoint
 10
2827.334800964294
 20
2991.2815063897106
 30
0.0
  0
ENDBLK
  5
4DB
330
4D9
100
AcDbEntity
  8
0
100
AcDbBlockEnd
  0
BLOCK
  5
4E6
330
4E5
100
AcDbEntity
  8
0
100
AcDbBlockBegin
  2
*D25
 70
1
 10
0.0
 20
0.0
 30
0.0
  3
*D25
  1

  0
LINE
  5
4E8
330
4E5
100
AcDbEntity
  8
DIM
 62
5
370
9
440
16777216
100
AcDbLine
 10
2827.334800964294
 20
2900.6463702946894
 30
0.0
 11
2827.334800964294
 21
3001.2815063897106
 31
0.0
  0
LINE
  5
4E9
330
4E5
100
AcDbEntity
  8
DIM
 62
5
370
9
440
16777216
100
AcDbLine
 10
2852.334800964294
 20
2900.6463702946894
 30
0.0
 11
2852.334800964294
 21
3001.2815063897106
 31
0.0
  0
LINE
  5
4EA
330
4E5
100
AcDbEntity
  8
DIM
 62
5
370
9
440
16777216
100
AcDbLine
 10
2827.334800964294
 20
2991.2815063897106
 30
0.0
 11
2852.334800964294
 21
2991.2815063897106
 31
0.0
  0
LINE
  5
4EB
330
4E5
100
AcDbEntity
  8
DIM
 62
5
370
9
440
16777216
100
AcDbLine
 10
2852.334800964294
 20
2991.2815063897106
 30
0.0
 11
2916.7604489861187
 21
2991.2815063897106
 31
0.0
  0
LINE
  5
4EC
330
4E5
100
AcDbEntity
  8
0
  6
ByBlock
 62
0
370
-2
100
AcDbLine
 10
2831.334800964294
 20
2995.2815063897106
 30
0.0
 11
2823.334800964294
 21
2987.2815063897106
 31
0.0
  0
LINE
  5
4ED
330
4E5
100
AcDbEntity
  8
0
  6
ByBlock
 62
0
370
-2
100
AcDbLine
 10
2848.334800964294
 20
2987.2815063897106
 30
0.0
 11
2856.334800964294
 21
2995.2815063897106
 31
0.0
  0
MTEXT
  5
4EE
330
4E5
100
AcDbEntity
  8
DIM
 62
3
440
16777216
100
AcDbMText
 10
2888.54762497521
 20
3014.0458310827526
 30
0.0
 40
25.0
 41
0.0
 46
0.0
 71
5
  1
25
  0
POINT
  5
4EF
330
4E5
100
AcDbEntity
  8
Defpoints
 62
0
440
16777216
100
AcDbPoint
 10
2827.334800964294
 20
2885.6463702946894
 30
0.0
  0
POINT
  5
4F0
330
4E5
100
AcDbEntity
  8
Defpoints
 62
0
440
16777216
100
AcDbPoint
 10
2852.334800964294
 20
2885.6463702946894
 30
0.0
  0
POINT
  5
4F1
330
4E5
100
AcDbEntity
  8
Defpoints
 62
0
440
16777216
100
AcDbPoint
 10
2852.334800964294
 20
2991.2815063897106
 30
0.0
  0
ENDBLK
  5
4E7
330
4E5
100
AcDbEntity
  8
0
100
AcDbBlockEnd
  0
BLOCK
  5
4F3
330
4F2
100
AcDbEntity
  8
0
100
AcDbBlockBegin
  2
*D26
 70
1
 10
0.0
 20
0.0
 30
0.0
  3
*D26
  1

  0
LINE
  5
4F5
330
4F2
100
AcDbEntity
  8
DIM
 62
5
370
9
440
16777216
100
AcDbLine
 10
2852.334800964294
 20
2900.6463702946894
 30
0.0
 11
2852.334800964294
 21
2947.928950843412
 31
0.0
  0
LINE
  5
4F6
330
4F2
100
AcDbEntity
  8
DIM
 62
5
370
9
440
16777216
100
AcDbLine
 10
2877.334800964294
 20
2875.6463702946894
 30
0.0
 11
2877.334800964294
 21
2947.928950843412
 31
0.0
  0
LINE
  5
4F7
330
4F2
100
AcDbEntity
  8
DIM
 62
5
370
9
440
16777216
100
AcDbLine
 10
2852.334800964294
 20
2937.928950843412
 30
0.0
 11
2877.334800964294
 21
2937.928950843412
 31
0.0
  0
LINE
  5
4F8
330
4F2
100
AcDbEntity
  8
DIM
 62
5
370
9
440
16777216
100
AcDbLine
 10
2877.334800964294
 20
2937.928950843412
 30
0.0
 11
2941.760448986126
 21
2937.928950843412
 31
0.0
  0
LINE
  5
4F9
330
4F2
100
AcDbEntity
  8
0
  6
ByBlock
 62
0
370
-2
100
AcDbLine
 10
2856.334800964294
 20
2941.928950843412
 30
0.0
 11
2848.334800964294
 21
2933.928950843412
 31
0.0
  0
LINE
  5
4FA
330
4F2
100
AcDbEntity
  8
0
  6
ByBlock
 62
0
370
-2
100
AcDbLine
 10
2873.334800964294
 20
2933.928950843412
 30
0.0
 11
2881.334800964294
 21
2941.928950843412
 31
0.0
  0
MTEXT
  5
4FB
330
4F2
100
AcDbEntity
  8
DIM
 62
3
440
16777216
100
AcDbMText
 10
2913.5476249752173
 20
2960.693275536454
 30
0.0
 40
25.0
 41
0.0
 46
0.0
 71
5
  1
25
  0
POINT
  5
4FC
330
4F2
100
AcDbEntity
  8
Defpoints
 62
0
440
16777216
100
AcDbPoint
 10
2852.334800964294
 20
2885.6463702946894
 30
0.0
  0
POINT
  5
4FD
330
4F2
100
AcDbEntity
  8
Defpoints
 62
0
440
16777216
100
AcDbPoint
 10
2877.334800964294
 20
2860.6463702946894
 30
0.0
  0
POINT
  5
4FE
330
4F2
100
AcDbEntity
  8
Defpoints
 62
0
440
16777216
100
AcDbPoint
 10
2877.334800964294
 20
2937.928950843412
 30
0.0
  0
ENDBLK
  5
4F4
330
4F2
100
AcDbEntity
  8
0
100
AcDbBlockEnd
  0
BLOCK
  5
500
330
4FF
100
AcDbEntity
  8
0
100
AcDbBlockBegin
  2
*D27
 70
1
 10
0.0
 20
0.0
 30
0.0
  3
*D27
  1

  0
LINE
  5
502
330
4FF
100
AcDbEntity
  8
DIM
 62
5
370
9
440
16777216
100
AcDbLine
 10
1991.970061537555
 20
2879.6463702946894
 30
0.0
 11
2053.690728728405
 21
2879.6463702946894
 31
0.0
  0
LINE
  5
503
330
4FF
100
AcDbEntity
  8
DIM
 62
5
370
9
440
16777216
100
AcDbLine
 10
1991.970061537555
 20
1275.1463702946894
 30
0.0
 11
2053.690728728405
 21
1275.1463702946894
 31
0.0
  0
LINE
  5
504
330
4FF
100
AcDbEntity
  8
DIM
 62
5
370
9
440
16777216
100
AcDbLine
 10
2043.6907287284048
 20
2879.6463702946894
 30
0.0
 11
2043.6907287284048
 21
1275.1463702946894
 31
0.0
  0
LINE
  5
505
330
4FF
100
AcDbEntity
  8
0
  6
ByBlock
 62
0
370
-2
100
AcDbLine
 10
2047.6907287284048
 20
2875.6463702946894
 30
0.0
 11
2039.6907287284048
 21
2883.6463702946894
 31
0.0
  0
LINE
  5
506
330
4FF
100
AcDbEntity
  8
0
  6
ByBlock
 62
0
370
-2
100
AcDbLine
 10
2039.6907287284048
 20
1279.1463702946894
 30
0.0
 11
2047.6907287284048
 21
1271.1463702946894
 31
0.0
  0
MTEXT
  5
507
330
4FF
100
AcDbEntity
  8
DIM
 62
3
440
16777216
100
AcDbMText
 10
2020.9264040353592
 20
2077.396370294681
 30
0.0
 40
25.0
 41
0.0
 46
0.0
 71
5
  1
1605
 11
1e-16
 21
1.0
 31
0.0
  0
POINT
  5
508
330
4FF
100
AcDbEntity
  8
Defpoints
 62
0
440
16777216
100
AcDbPoint
 10
1976.970061537555
 20
2879.6463702946894
 30
0.0
  0
POINT
  5
509
330
4FF
100
AcDbEntity
  8
Defpoints
 62
0
440
16777216
100
AcDbPoint
 10
1976.970061537555
 20
1275.1463702946894
 30
0.0
  0
POINT
  5
50A
330
4FF
100
AcDbEntity
  8
Defpoints
 62
0
440
16777216
100
AcDbPoint
 10
2043.6907287284048
 20
1275.1463702946894
 30
0.0
  0
ENDBLK
  5
501
330
4FF
100
AcDbEntity
  8
0
100
AcDbBlockEnd
  0
BLOCK
  5
50C
330
50B
100
AcDbEntity
  8
0
100
AcDbBlockBegin
  2
*D28
 70
1
 10
0.0
 20
0.0
 30
0.0
  3
*D28
  1

  0
LINE
  5
50E
330
50B
100
AcDbEntity
  8
DIM
 62
5
370
9
440
16777216
100
AcDbLine
 10
1248.970061537555
 20
1236.1463702946894
 30
0.0
 11
1248.970061537555
 21
1178.942837828039
 31
0.0
  0
LINE
  5
50F
330
50B
100
AcDbEntity
  8
DIM
 62
5
370
9
440
16777216
100
AcDbLine
 10
1952.970061537555
 20
1236.1463702946894
 30
0.0
 11
1952.970061537555
 21
1178.942837828039
 31
0.0
  0
LINE
  5
510
330
50B
100
AcDbEntity
  8
DIM
 62
5
370
9
440
16777216
100
AcDbLine
 10
1248.970061537555
 20
1188.942837828039
 30
0.0
 11
1952.970061537555
 21
1188.942837828039
 31
0.0
  0
LINE
  5
511
330
50B
100
AcDbEntity
  8
0
  6
ByBlock
 62
0
370
-2
100
AcDbLine
 10
1252.970061537555
 20
1192.942837828039
 30
0.0
 11
1244.970061537555
 21
1184.942837828039
 31
0.0
  0
LINE
  5
512
330
50B
100
AcDbEntity
  8
0
  6
ByBlock
 62
0
370
-2
100
AcDbLine
 10
1948.970061537555
 20
1184.942837828039
 30
0.0
 11
1956.970061537555
 21
1192.942837828039
 31
0.0
  0
MTEXT
  5
513
330
50B
100
AcDbEntity
  8
DIM
 62
3
440
16777216
100
AcDbMText
 10
1600.970061537555
 20
1211.7071625210813
 30
0.0
 40
25.0
 41
0.0
 46
0.0
 71
5
  1
704
  0
POINT
  5
514
330
50B
100
AcDbEntity
  8
Defpoints
 62
0
440
16777216
100
AcDbPoint
 10
1248.970061537555
 20
1251.1463702946894
 30
0.0
  0
POINT
  5
515
330
50B
100
AcDbEntity
  8
Defpoints
 62
0
440
16777216
100
AcDbPoint
 10
1952.970061537555
 20
1251.1463702946894
 30
0.0
  0
POINT
  5
516
330
50B
100
AcDbEntity
  8
Defpoints
 62
0
440
16777216
100
AcDbPoint
 10
1952.970061537555
 20
1188.942837828039
 30
0.0
  0
ENDBLK
  5
50D
330
50B
100
AcDbEntity
  8
0
100
AcDbBlockEnd
  0
BLOCK
  5
518
330
517
100
AcDbEntity
  8
0
100
AcDbBlockBegin
  2
*D29
 70
1
 10
0.0
 20
0.0
 30
0.0
  3
*D29
  1

  0
LINE
  5
51A
330
517
100
AcDbEntity
  8
DIM
 62
5
370
9
440
16777216
100
AcDbLine
 10
1224.970061537555
 20
1260.1463702946894
 30
0.0
 11
1224.970061537555
 21
1119.011980527077
 31
0.0
  0
LINE
  5
51B
330
517
100
AcDbEntity
  8
DIM
 62
5
370
9
440
16777216
100
AcDbLine
 10
1976.970061537555
 20
1260.1463702946894
 30
0.0
 11
1976.970061537555
 21
1119.011980527077
 31
0.0
  0
LINE
  5
51C
330
517
100
AcDbEntity
  8
DIM
 62
5
370
9
440
16777216
100
AcDbLine
 10
1224.970061537555
 20
1129.011980527077
 30
0.0
 11
1976.970061537555
 21
1129.011980527077
 31
0.0
  0
LINE
  5
51D
330
517
100
AcDbEntity
  8
0
  6
ByBlock
 62
0
370
-2
100
AcDbLine
 10
1228.970061537555
 20
1133.011980527077
 30
0.0
 11
1220.970061537555
 21
1125.011980527077
 31
0.0
  0
LINE
  5
51E
330
517
100
AcDbEntity
  8
0
  6
ByBlock
 62
0
370
-2
100
AcDbLine
 10
1972.970061537555
 20
1125.011980527077
 30
0.0
 11
1980.970061537555
 21
1133.011980527077
 31
0.0
  0
MTEXT
  5
51F
330
517
100
AcDbEntity
  8
DIM
 62
3
440
16777216
100
AcDbMText
 10
1600.970061537555
 20
1151.7763052201194
 30
0.0
 40
25.0
 41
0.0
 46
0.0
 71
5
  1
752
  0
POINT
  5
520
330
517
100
AcDbEntity
  8
Defpoints
 62
0
440
16777216
100
AcDbPoint
 10
1224.970061537555
 20
1275.1463702946894
 30
0.0
  0
POINT
  5
521
330
517
100
AcDbEntity
  8
Defpoints
 62
0
440
16777216
100
AcDbPoint
 10
1976.970061537555
 20
1275.1463702946894
 30
0.0
  0
POINT
  5
522
330
517
100
AcDbEntity
  8
Defpoints
 62
0
440
16777216
100
AcDbPoint
 10
1976.970061537555
 20
1129.011980527077
 30
0.0
  0
ENDBLK
  5
519
330
517
100
AcDbEntity
  8
0
100
AcDbBlockEnd
  0
BLOCK
  5
524
330
523
100
AcDbEntity
  8
0
100
AcDbBlockBegin
  2
*D30
 70
1
 10
0.0
 20
0.0
 30
0.0
  3
*D30
  1

  0
LINE
  5
526
330
523
100
AcDbEntity
  8
DIM
 62
5
370
9
440
16777216
100
AcDbLine
 10
1224.970061537555
 20
2894.6463702946894
 30
0.0
 11
1224.970061537555
 21
2983.3898710736794
 31
0.0
  0
LINE
  5
527
330
523
100
AcDbEntity
  8
DIM
 62
5
370
9
440
16777216
100
AcDbLine
 10
1248.970061537555
 20
2918.6463702946894
 30
0.0
 11
1248.970061537555
 21
2983.3898710736794
 31
0.0
  0
LINE
  5
528
330
523
100
AcDbEntity
  8
DIM
 62
5
370
9
440
16777216
100
AcDbLine
 10
1224.970061537555
 20
2973.3898710736794
 30
0.0
 11
1248.970061537555
 21
2973.3898710736794
 31
0.0
  0
LINE
  5
529
330
523
100
AcDbEntity
  8
DIM
 62
5
370
9
440
16777216
100
AcDbLine
 10
1248.970061537555
 20
2973.3898710736794
 30
0.0
 11
1313.105805057341
 21
2973.3898710736794
 31
0.0
  0
LINE
  5
52A
330
523
100
AcDbEntity
  8
0
  6
ByBlock
 62
0
370
-2
100
AcDbLine
 10
1228.970061537555
 20
2977.3898710736794
 30
0.0
 11
1220.970061537555
 21
2969.3898710736794
 31
0.0
  0
LINE
  5
52B
330
523
100
AcDbEntity
  8
0
  6
ByBlock
 62
0
370
-2
100
AcDbLine
 10
1244.970061537555
 20
2969.3898710736794
 30
0.0
 11
1252.970061537555
 21
2977.3898710736794
 31
0.0
  0
MTEXT
  5
52C
330
523
100
AcDbEntity
  8
DIM
 62
3
440
16777216
100
AcDbMText
 10
1285.0379332974553
 20
2995.941030691687
 30
0.0
 40
25.0
 41
0.0
 46
0.0
 71
5
  1
24
  0
POINT
  5
52D
330
523
100
AcDbEntity
  8
Defpoints
 62
0
440
16777216
100
AcDbPoint
 10
1224.970061537555
 20
2879.6463702946894
 30
0.0
  0
POINT
  5
52E
330
523
100
AcDbEntity
  8
Defpoints
 62
0
440
16777216
100
AcDbPoint
 10
1248.970061537555
 20
2903.6463702946894
 30
0.0
  0
POINT
  5
52F
330
523
100
AcDbEntity
  8
Defpoints
 62
0
440
16777216
100
AcDbPoint
 10
1248.970061537555
 20
2973.3898710736794
 30
0.0
  0
ENDBLK
  5
525
330
523
100
AcDbEntity
  8
0
100
AcDbBlockEnd
  0
BLOCK
  5
531
330
530
100
AcDbEntity
  8
0
100
AcDbBlockBegin
  2
*D31
 70
1
 10
0.0
 20
0.0
 30
0.0
  3
*D31
  1

  0
LINE
  5
533
330
530
100
AcDbEntity
  8
DIM
 62
5
370
9
440
16777216
100
AcDbLine
 10
3205.693452948217
 20
1192.6463702946894
 30
0.0
 11
3205.693452948217
 21
1124.4444579529372
 31
0.0
  0
LINE
  5
534
330
530
100
AcDbEntity
  8
DIM
 62
5
370
9
440
16777216
100
AcDbLine
 10
4000.693452948217
 20
1192.6463702946894
 30
0.0
 11
4000.693452948217
 21
1124.4444579529372
 31
0.0
  0
LINE
  5
535
330
530
100
AcDbEntity
  8
DIM
 62
5
370
9
440
16777216
100
AcDbLine
 10
3205.693452948217
 20
1134.4444579529372
 30
0.0
 11
4000.693452948217
 21
1134.4444579529372
 31
0.0
  0
LINE
  5
536
330
530
100
AcDbEntity
  8
0
  6
ByBlock
 62
0
370
-2
100
AcDbLine
 10
3209.693452948217
 20
1138.4444579529372
 30
0.0
 11
3201.693452948217
 21
1130.4444579529372
 31
0.0
  0
LINE
  5
537
330
530
100
AcDbEntity
  8
0
  6
ByBlock
 62
0
370
-2
100
AcDbLine
 10
3996.693452948217
 20
1130.4444579529372
 30
0.0
 11
4004.693452948217
 21
1138.4444579529372
 31
0.0
  0
MTEXT
  5
538
330
530
100
AcDbEntity
  8
DIM
 62
3
440
16777216
100
AcDbMText
 10
3603.193452948217
 20
1157.2087826459797
 30
0.0
 40
25.0
 41
0.0
 46
0.0
 71
5
  1
795
  0
POINT
  5
539
330
530
100
AcDbEntity
  8
Defpoints
 62
0
440
16777216
100
AcDbPoint
 10
3205.693452948217
 20
1207.6463702946894
 30
0.0
  0
POINT
  5
53A
330
530
100
AcDbEntity
  8
Defpoints
 62
0
440
16777216
100
AcDbPoint
 10
4000.693452948217
 20
1207.6463702946894
 30
0.0
  0
POINT
  5
53B
330
530
100
AcDbEntity
  8
Defpoints
 62
0
440
16777216
100
AcDbPoint
 10
4000.693452948217
 20
1134.4444579529372
 30
0.0
  0
ENDBLK
  5
532
330
530
100
AcDbEntity
  8
0
100
AcDbBlockEnd
  0
BLOCK
  5
53D
330
53C
100
AcDbEntity
  8
0
100
AcDbBlockBegin
  2
*D32
 70
1
 10
0.0
 20
0.0
 30
0.0
  3
*D32
  1

  0
LINE
  5
53F
330
53C
100
AcDbEntity
  8
DIM
 62
5
370
9
440
16777216
100
AcDbLine
 10
4038.693452948217
 20
2924.6463702946894
 30
0.0
 11
4111.251896604845
 21
2924.6463702946894
 31
0.0
  0
LINE
  5
540
330
53C
100
AcDbEntity
  8
DIM
 62
5
370
9
440
16777216
100
AcDbLine
 10
4038.693452948217
 20
1230.6463702946894
 30
0.0
 11
4111.251896604845
 21
1230.6463702946894
 31
0.0
  0
LINE
  5
541
330
53C
100
AcDbEntity
  8
DIM
 62
5
370
9
440
16777216
100
AcDbLine
 10
4101.251896604845
 20
2924.6463702946894
 30
0.0
 11
4101.251896604845
 21
1230.6463702946894
 31
0.0
  0
LINE
  5
542
330
53C
100
AcDbEntity
  8
0
  6
ByBlock
 62
0
370
-2
100
AcDbLine
 10
4105.251896604845
 20
2920.6463702946894
 30
0.0
 11
4097.251896604845
 21
2928.6463702946894
 31
0.0
  0
LINE
  5
543
330
53C
100
AcDbEntity
  8
0
  6
ByBlock
 62
0
370
-2
100
AcDbLine
 10
4097.251896604845
 20
1234.6463702946894
 30
0.0
 11
4105.251896604845
 21
1226.6463702946894
 31
0.0
  0
MTEXT
  5
544
330
53C
100
AcDbEntity
  8
DIM
 62
3
440
16777216
100
AcDbMText
 10
4078.487571911799
 20
2077.6463702946817
 30
0.0
 40
25.0
 41
0.0
 46
0.0
 71
5
  1
1694
 11
1e-16
 21
1.0
 31
0.0
  0
POINT
  5
545
330
53C
100
AcDbEntity
  8
Defpoints
 62
0
440
16777216
100
AcDbPoint
 10
4023.693452948217
 20
2924.6463702946894
 30
0.0
  0
POINT
  5
546
330
53C
100
AcDbEntity
  8
Defpoints
 62
0
440
16777216
100
AcDbPoint
 10
4023.693452948217
 20
1230.6463702946894
 30
0.0
  0
POINT
  5
547
330
53C
100
AcDbEntity
  8
Defpoints
 62
0
440
16777216
100
AcDbPoint
 10
4101.251896604845
 20
1230.6463702946894
 30
0.0
  0
ENDBLK
  5
53E
330
53C
100
AcDbEntity
  8
0
100
AcDbBlockEnd
  0
BLOCK
  5
549
330
548
100
AcDbEntity
  8
0
100
AcDbBlockBegin
  2
*D33
 70
1
 10
0.0
 20
0.0
 30
0.0
  3
*D33
  1

  0
LINE
  5
54B
330
548
100
AcDbEntity
  8
DIM
 62
5
370
9
440
16777216
100
AcDbLine
 10
4003.693452948217
 20
2959.6463702946894
 30
0.0
 11
4175.92524642474
 21
2959.6463702946894
 31
0.0
  0
LINE
  5
54C
330
548
100
AcDbEntity
  8
DIM
 62
5
370
9
440
16777216
100
AcDbLine
 10
4003.693452948217
 20
1195.6463702946894
 30
0.0
 11
4175.92524642474
 21
1195.6463702946894
 31
0.0
  0
LINE
  5
54D
330
548
100
AcDbEntity
  8
DIM
 62
5
370
9
440
16777216
100
AcDbLine
 10
4165.92524642474
 20
2959.6463702946894
 30
0.0
 11
4165.92524642474
 21
1195.6463702946894
 31
0.0
  0
LINE
  5
54E
330
548
100
AcDbEntity
  8
0
  6
ByBlock
 62
0
370
-2
100
AcDbLine
 10
4169.92524642474
 20
2955.6463702946894
 30
0.0
 11
4161.92524642474
 21
2963.6463702946894
 31
0.0
  0
LINE
  5
54F
330
548
100
AcDbEntity
  8
0
  6
ByBlock
 62
0
370
-2
100
AcDbLine
 10
4161.92524642474
 20
1199.6463702946894
 30
0.0
 11
4169.92524642474
 21
1191.6463702946894
 31
0.0
  0
MTEXT
  5
550
330
548
100
AcDbEntity
  8
DIM
 62
3
440
16777216
100
AcDbMText
 10
4143.160921731687
 20
2077.6463702946817
 30
0.0
 40
25.0
 41
0.0
 46
0.0
 71
5
  1
1764
 11
1e-16
 21
1.0
 31
0.0
  0
POINT
  5
551
330
548
100
AcDbEntity
  8
Defpoints
 62
0
440
16777216
100
AcDbPoint
 10
3988.693452948217
 20
2959.6463702946894
 30
0.0
  0
POINT
  5
552
330
548
100
AcDbEntity
  8
Defpoints
 62
0
440
16777216
100
AcDbPoint
 10
3988.693452948217
 20
1195.6463702946894
 30
0.0
  0
POINT
  5
553
330
548
100
AcDbEntity
  8
Defpoints
 62
0
440
16777216
100
AcDbPoint
 10
4165.92524642474
 20
1195.6463702946894
 30
0.0
  0
ENDBLK
  5
54A
330
548
100
AcDbEntity
  8
0
100
AcDbBlockEnd
  0
BLOCK
  5
555
330
554
100
AcDbEntity
  8
0
100
AcDbBlockBegin
  2
*D34
 70
1
 10
0.0
 20
0.0
 30
0.0
  3
*D34
  1

  0
LINE
  5
557
330
554
100
AcDbEntity
  8
DIM
 62
5
370
9
440
16777216
100
AcDbLine
 10
3170.693452948224
 20
1227.6463702946894
 30
0.0
 11
3170.693452948224
 21
1059.6941437622554
 31
0.0
  0
LINE
  5
558
330
554
100
AcDbEntity
  8
DIM
 62
5
370
9
440
16777216
100
AcDbLine
 10
4035.693452948224
 20
1227.6463702946749
 30
0.0
 11
4035.693452948224
 21
1059.6941437622554
 31
0.0
  0
LINE
  5
559
330
554
100
AcDbEntity
  8
DIM
 62
5
370
9
440
16777216
100
AcDbLine
 10
3170.693452948224
 20
1069.6941437622554
 30
0.0
 11
4035.693452948224
 21
1069.6941437622554
 31
0.0
  0
LINE
  5
55A
330
554
100
AcDbEntity
  8
0
  6
ByBlock
 62
0
370
-2
100
AcDbLine
 10
3174.693452948224
 20
1073.6941437622554
 30
0.0
 11
3166.693452948224
 21
1065.6941437622554
 31
0.0
  0
LINE
  5
55B
330
554
100
AcDbEntity
  8
0
  6
ByBlock
 62
0
370
-2
100
AcDbLine
 10
4031.693452948224
 20
1065.6941437622554
 30
0.0
 11
4039.693452948224
 21
1073.6941437622554
 31
0.0
  0
MTEXT
  5
55C
330
554
100
AcDbEntity
  8
DIM
 62
3
440
16777216
100
AcDbMText
 10
3603.193452948217
 20
1092.4584684552979
 30
0.0
 40
25.0
 41
0.0
 46
0.0
 71
5
  1
865
  0
POINT
  5
55D
330
554
100
AcDbEntity
  8
Defpoints
 62
0
440
16777216
100
AcDbPoint
 10
3170.693452948224
 20
1242.6463702946894
 30
0.0
  0
POINT
  5
55E
330
554
100
AcDbEntity
  8
Defpoints
 62
0
440
16777216
100
AcDbPoint
 10
4035.693452948224
 20
1242.6463702946749
 30
0.0
  0
POINT
  5
55F
330
554
100
AcDbEntity
  8
Defpoints
 62
0
440
16777216
100
AcDbPoint
 10
4035.693452948224
 20
1069.6941437622554
 30
0.0
  0
ENDBLK
  5
556
330
554
100
AcDbEntity
  8
0
100
AcDbBlockEnd
  0
BLOCK
  5
561
330
560
100
AcDbEntity
  8
0
100
AcDbBlockBegin
  2
*D35
 70
1
 10
0.0
 20
0.0
 30
0.0
  3
*D35
  1

  0
LINE
  5
563
330
560
100
AcDbEntity
  8
DIM
 62
5
370
9
440
16777216
100
AcDbLine
 10
3182.693452948217
 20
2939.6463702946894
 30
0.0
 11
3182.693452948217
 21
3010.4148666839424
 31
0.0
  0
LINE
  5
564
330
560
100
AcDbEntity
  8
DIM
 62
5
370
9
440
16777216
100
AcDbLine
 10
3205.693452948217
 20
2962.6463702946894
 30
0.0
 11
3205.693452948217
 21
3010.4148666839424
 31
0.0
  0
LINE
  5
565
330
560
100
AcDbEntity
  8
DIM
 62
5
370
9
440
16777216
100
AcDbLine
 10
3182.693452948217
 20
3000.4148666839424
 30
0.0
 11
3205.693452948217
 21
3000.4148666839424
 31
0.0
  0
LINE
  5
566
330
560
100
AcDbEntity
  8
DIM
 62
5
370
9
440
16777216
100
AcDbLine
 10
3205.693452948217
 20
3000.4148666839424
 30
0.0
 11
3269.9315157040182
 21
3000.4148666839424
 31
0.0
  0
LINE
  5
567
330
560
100
AcDbEntity
  8
0
  6
ByBlock
 62
0
370
-2
100
AcDbLine
 10
3186.693452948217
 20
3004.4148666839424
 30
0.0
 11
3178.693452948217
 21
2996.4148666839424
 31
0.0
  0
LINE
  5
568
330
560
100
AcDbEntity
  8
0
  6
ByBlock
 62
0
370
-2
100
AcDbLine
 10
3201.693452948217
 20
2996.4148666839424
 30
0.0
 11
3209.693452948217
 21
3004.4148666839424
 31
0.0
  0
MTEXT
  5
569
330
560
100
AcDbEntity
  8
DIM
 62
3
440
16777216
100
AcDbMText
 10
3241.8124843261176
 20
3023.1877179799862
 30
0.0
 40
25.0
 41
0.0
 46
0.0
 71
5
  1
23
  0
POINT
  5
56A
330
560
100
AcDbEntity
  8
Defpoints
 62
0
440
16777216
100
AcDbPoint
 10
3182.693452948217
 20
2924.6463702946894
 30
0.0
  0
POINT
  5
56B
330
560
100
AcDbEntity
  8
Defpoints
 62
0
440
16777216
100
AcDbPoint
 10
3205.693452948217
 20
2947.6463702946894
 30
0.0
  0
POINT
  5
56C
330
560
100
AcDbEntity
  8
Defpoints
 62
0
440
16777216
100
AcDbPoint
 10
3205.693452948217
 20
3000.4148666839424
 30
0.0
  0
ENDBLK
  5
562
330
560
100
AcDbEntity
  8
0
100
AcDbBlockEnd
  0
BLOCK
  5
56E
330
56D
100
AcDbEntity
  8
0
100
AcDbBlockBegin
  2
*D36
 70
1
 10
0.0
 20
0.0
 30
0.0
  3
*D36
  1

  0
LINE
  5
570
330
56D
100
AcDbEntity
  8
DIM
 62
5
370
9
440
16777216
100
AcDbLine
 10
3170.693452948224
 20
2927.6463702946894
 30
0.0
 11
3170.693452948224
 21
3065.328771681069
 31
0.0
  0
LINE
  5
571
330
56D
100
AcDbEntity
  8
DIM
 62
5
370
9
440
16777216
100
AcDbLine
 10
3182.693452948217
 20
2939.6463702946894
 30
0.0
 11
3182.693452948217
 21
3065.328771681069
 31
0.0
  0
LINE
  5
572
330
56D
100
AcDbEntity
  8
DIM
 62
5
370
9
440
16777216
100
AcDbLine
 10
3170.693452948224
 20
3055.32877168107
 30
0.0
 11
3162.693452948217
 21
3055.32877168107
 31
0.0
  0
LINE
  5
573
330
56D
100
AcDbEntity
  8
DIM
 62
5
370
9
440
16777216
100
AcDbLine
 10
3182.693452948217
 20
3055.32877168107
 30
0.0
 11
3251.89604503553
 21
3055.32877168107
 31
0.0
  0
LINE
  5
574
330
56D
100
AcDbEntity
  8
DIM
 62
5
370
9
440
16777216
100
AcDbLine
 10
3170.693452948224
 20
3055.32877168107
 30
0.0
 11
3182.693452948217
 21
3055.32877168107
 31
0.0
  0
LINE
  5
575
330
56D
100
AcDbEntity
  8
0
  6
ByBlock
 62
0
370
-2
100
AcDbLine
 10
3166.693452948224
 20
3051.32877168107
 30
0.0
 11
3174.693452948224
 21
3059.32877168107
 31
0.0
  0
LINE
  5
576
330
56D
100
AcDbEntity
  8
0
  6
ByBlock
 62
0
370
-2
100
AcDbLine
 10
3186.693452948217
 20
3059.32877168107
 30
0.0
 11
3178.693452948217
 21
3051.32877168107
 31
0.0
  0
MTEXT
  5
577
330
56D
100
AcDbEntity
  8
DIM
 62
3
440
16777216
100
AcDbMText
 10
3225.294748991866
 20
3077.879931299078
 30
0.0
 40
25.0
 41
0.0
 46
0.0
 71
5
  1
12
  0
POINT
  5
578
330
56D
100
AcDbEntity
  8
Defpoints
 62
0
440
16777216
100
AcDbPoint
 10
3170.693452948224
 20
2912.6463702946894
 30
0.0
  0
POINT
  5
579
330
56D
100
AcDbEntity
  8
Defpoints
 62
0
440
16777216
100
AcDbPoint
 10
3182.693452948217
 20
2924.6463702946894
 30
0.0
  0
POINT
  5
57A
330
56D
100
AcDbEntity
  8
Defpoints
 62
0
440
16777216
100
AcDbPoint
 10
3182.693452948217
 20
3055.32877168107
 30
0.0
  0
ENDBLK
  5
56F
330
56D
100
AcDbEntity
  8
0
100
AcDbBlockEnd
  0
BLOCK
  5
57C
330
57B
100
AcDbEntity
  8
0
100
AcDbBlockBegin
  2
*D37
 70
1
 10
0.0
 20
0.0
 30
0.0
  3
*D37
  1

  0
LINE
  5
57E
330
57B
100
AcDbEntity
  8
DIM
 62
5
370
9
440
16777216
100
AcDbLine
 10
1305.1724187923392
 20
419.5297117331213
 30
0.0
 11
1305.1724187923392
 21
305.26165780700126
 31
0.0
  0
LINE
  5
57F
330
57B
100
AcDbEntity
  8
DIM
 62
5
370
9
440
16777216
100
AcDbLine
 10
505.17241879233916
 20
419.5297117331213
 30
0.0
 11
505.17241879233916
 21
305.26165780700126
 31
0.0
  0
LINE
  5
580
330
57B
100
AcDbEntity
  8
DIM
 62
5
370
9
440
16777216
100
AcDbLine
 10
1305.1724187923392
 20
315.26165780700126
 30
0.0
 11
505.17241879233916
 21
315.26165780700126
 31
0.0
  0
LINE
  5
581
330
57B
100
AcDbEntity
  8
0
  6
ByBlock
 62
0
370
-2
100
AcDbLine
 10
1301.1724187923392
 20
311.26165780700126
 30
0.0
 11
1309.1724187923392
 21
319.26165780700126
 31
0.0
  0
LINE
  5
582
330
57B
100
AcDbEntity
  8
0
  6
ByBlock
 62
0
370
-2
100
AcDbLine
 10
509.17241879233916
 20
319.26165780700126
 30
0.0
 11
501.17241879233916
 21
311.26165780700126
 31
0.0
  0
MTEXT
  5
583
330
57B
100
AcDbEntity
  8
DIM
 62
3
440
16777216
100
AcDbMText
 10
905.1724187923392
 20
338.02598250004326
 30
0.0
 40
25.0
 41
0.0
 46
0.0
 71
5
  1
800
  0
POINT
  5
584
330
57B
100
AcDbEntity
  8
Defpoints
 62
0
440
16777216
100
AcDbPoint
 10
1305.1724187923392
 20
434.5297117331213
 30
0.0
  0
POINT
  5
585
330
57B
100
AcDbEntity
  8
Defpoints
 62
0
440
16777216
100
AcDbPoint
 10
505.17241879233916
 20
434.5297117331213
 30
0.0
  0
POINT
  5
586
330
57B
100
AcDbEntity
  8
Defpoints
 62
0
440
16777216
100
AcDbPoint
 10
505.17241879233916
 20
315.26165780700126
 30
0.0
  0
ENDBLK
  5
57D
330
57B
100
AcDbEntity
  8
0
100
AcDbBlockEnd
  0
BLOCK
  5
588
330
587
100
AcDbEntity
  8
0
100
AcDbBlockBegin
  2
*D38
 70
1
 10
0.0
 20
0.0
 30
0.0
  3
*D38
  1

  0
LINE
  5
58A
330
587
100
AcDbEntity
  8
DIM
 62
5
370
9
440
16777216
100
AcDbLine
 10
1320.1724187923392
 20
853.5297117331212
 30
0.0
 11
1380.8075548873603
 21
853.5297117331212
 31
0.0
  0
LINE
  5
58B
330
587
100
AcDbEntity
  8
DIM
 62
5
370
9
440
16777216
100
AcDbLine
 10
1320.1724187923392
 20
434.5297117331213
 30
0.0
 11
1380.8075548873603
 21
434.5297117331213
 31
0.0
  0
LINE
  5
58C
330
587
100
AcDbEntity
  8
DIM
 62
5
370
9
440
16777216
100
AcDbLine
 10
1370.8075548873603
 20
853.5297117331212
 30
0.0
 11
1370.8075548873603
 21
434.5297117331213
 31
0.0
  0
LINE
  5
58D
330
587
100
AcDbEntity
  8
0
  6
ByBlock
 62
0
370
-2
100
AcDbLine
 10
1374.8075548873603
 20
849.5297117331212
 30
0.0
 11
1366.8075548873603
 21
857.5297117331212
 31
0.0
  0
LINE
  5
58E
330
587
100
AcDbEntity
  8
0
  6
ByBlock
 62
0
370
-2
100
AcDbLine
 10
1366.8075548873603
 20
438.5297117331213
 30
0.0
 11
1374.8075548873603
 21
430.5297117331213
 31
0.0
  0
MTEXT
  5
58F
330
587
100
AcDbEntity
  8
DIM
 62
3
440
16777216
100
AcDbMText
 10
1348.0432301943074
 20
669.5297117331213
 30
0.0
 40
25.0
 41
0.0
 46
0.0
 71
5
  1
419
 11
1e-16
 21
1.0
 31
0.0
  0
POINT
  5
590
330
587
100
AcDbEntity
  8
Defpoints
 62
0
440
16777216
100
AcDbPoint
 10
1305.1724187923392
 20
853.5297117331212
 30
0.0
  0
POINT
  5
591
330
587
100
AcDbEntity
  8
Defpoints
 62
0
440
16777216
100
AcDbPoint
 10
1305.1724187923392
 20
434.5297117331213
 30
0.0
  0
POINT
  5
592
330
587
100
AcDbEntity
  8
Defpoints
 62
0
440
16777216
100
AcDbPoint
 10
1370.8075548873603
 20
434.5297117331213
 30
0.0
  0
ENDBLK
  5
589
330
587
100
AcDbEntity
  8
0
100
AcDbBlockEnd
  0
BLOCK
  5
594
330
593
100
AcDbEntity
  8
0
100
AcDbBlockBegin
  2
*D39
 70
1
 10
0.0
 20
0.0
 30
0.0
  3
*D39
  1

  0
LINE
  5
596
330
593
100
AcDbEntity
  8
DIM
 62
5
370
9
440
16777216
100
AcDbLine
 10
1320.1724187923392
 20
434.5297117331213
 30
0.0
 11
1380.8075548873603
 21
434.5297117331213
 31
0.0
  0
LINE
  5
597
330
593
100
AcDbEntity
  8
DIM
 62
5
370
9
440
16777216
100
AcDbLine
 10
1280.1724187923246
 20
394.5297117331213
 30
0.0
 11
1380.8075548873603
 21
394.5297117331213
 31
0.0
  0
LINE
  5
598
330
593
100
AcDbEntity
  8
DIM
 62
5
370
9
440
16777216
100
AcDbLine
 10
1370.8075548873603
 20
434.5297117331213
 30
0.0
 11
1370.8075548873603
 21
394.5297117331213
 31
0.0
  0
LINE
  5
599
330
593
100
AcDbEntity
  8
0
  6
ByBlock
 62
0
370
-2
100
AcDbLine
 10
1374.8075548873603
 20
430.5297117331213
 30
0.0
 11
1366.8075548873603
 21
438.5297117331213
 31
0.0
  0
LINE
  5
59A
330
593
100
AcDbEntity
  8
0
  6
ByBlock
 62
0
370
-2
100
AcDbLine
 10
1366.8075548873603
 20
398.5297117331213
 30
0.0
 11
1374.8075548873603
 21
390.5297117331213
 31
0.0
  0
MTEXT
  5
59B
330
593
100
AcDbEntity
  8
DIM
 62
3
440
16777216
100
AcDbMText
 10
1348.0432301943074
 20
414.52971173311334
 30
0.0
 40
25.0
 41
0.0
 46
0.0
 71
5
  1
40
 11
1e-16
 21
1.0
 31
0.0
  0
POINT
  5
59C
330
593
100
AcDbEntity
  8
Defpoints
 62
0
440
16777216
100
AcDbPoint
 10
1305.1724187923392
 20
434.5297117331213
 30
0.0
  0
POINT
  5
59D
330
593
100
AcDbEntity
  8
Defpoints
 62
0
440
16777216
100
AcDbPoint
 10
1265.1724187923246
 20
394.5297117331213
 30
0.0
  0
POINT
  5
59E
330
593
100
AcDbEntity
  8
Defpoints
 62
0
440
16777216
100
AcDbPoint
 10
1370.8075548873603
 20
394.5297117331213
 30
0.0
  0
ENDBLK
  5
595
330
593
100
AcDbEntity
  8
0
100
AcDbBlockEnd
  0
BLOCK
  5
5A0
330
59F
100
AcDbEntity
  8
0
100
AcDbBlockBegin
  2
*D40
 70
1
 10
0.0
 20
0.0
 30
0.0
  3
*D40
  1

  0
LINE
  5
5A2
330
59F
100
AcDbEntity
  8
DIM
 62
5
370
9
440
16777216
100
AcDbLine
 10
1280.1724187923246
 20
394.5297117331213
 30
0.0
 11
1380.8075548873603
 21
394.5297117331213
 31
0.0
  0
LINE
  5
5A3
330
59F
100
AcDbEntity
  8
DIM
 62
5
370
9
440
16777216
100
AcDbLine
 10
1280.1724187923246
 20
379.5297117331213
 30
0.0
 11
1380.8075548873603
 21
379.5297117331213
 31
0.0
  0
LINE
  5
5A4
330
59F
100
AcDbEntity
  8
DIM
 62
5
370
9
440
16777216
100
AcDbLine
 10
1370.8075548873603
 20
394.5297117331213
 30
0.0
 11
1370.8075548873603
 21
402.5297117331213
 31
0.0
  0
LINE
  5
5A5
330
59F
100
AcDbEntity
  8
DIM
 62
5
370
9
440
16777216
100
AcDbLine
 10
1370.8075548873603
 20
379.5297117331213
 30
0.0
 11
1370.8075548873603
 21
309.8837362897382
 31
0.0
  0
LINE
  5
5A6
330
59F
100
AcDbEntity
  8
DIM
 62
5
370
9
440
16777216
100
AcDbLine
 10
1370.8075548873603
 20
394.5297117331213
 30
0.0
 11
1370.8075548873603
 21
379.5297117331213
 31
0.0
  0
LINE
  5
5A7
330
59F
100
AcDbEntity
  8
0
  6
ByBlock
 62
0
370
-2
100
AcDbLine
 10
1366.8075548873603
 20
398.5297117331213
 30
0.0
 11
1374.8075548873603
 21
390.5297117331213
 31
0.0
  0
LINE
  5
5A8
330
59F
100
AcDbEntity
  8
0
  6
ByBlock
 62
0
370
-2
100
AcDbLine
 10
1374.8075548873603
 20
375.5297117331213
 30
0.0
 11
1366.8075548873603
 21
383.5297117331213
 31
0.0
  0
MTEXT
  5
5A9
330
59F
100
AcDbEntity
  8
DIM
 62
3
440
16777216
100
AcDbMText
 10
1348.0432301943074
 20
336.70672401142133
 30
0.0
 40
25.0
 41
0.0
 46
0.0
 71
5
  1
15
 11
1e-16
 21
1.0
 31
0.0
  0
POINT
  5
5AA
330
59F
100
AcDbEntity
  8
Defpoints
 62
0
440
16777216
100
AcDbPoint
 10
1265.1724187923246
 20
394.5297117331213
 30
0.0
  0
POINT
  5
5AB
330
59F
100
AcDbEntity
  8
Defpoints
 62
0
440
16777216
100
AcDbPoint
 10
1265.1724187923246
 20
379.5297117331213
 30
0.0
  0
POINT
  5
5AC
330
59F
100
AcDbEntity
  8
Defpoints
 62
0
440
16777216
100
AcDbPoint
 10
1370.8075548873603
 20
379.5297117331213
 30
0.0
  0
ENDBLK
  5
5A1
330
59F
100
AcDbEntity
  8
0
100
AcDbBlockEnd
  0
BLOCK
  5
5AE
330
5AD
100
AcDbEntity
  8
0
100
AcDbBlockBegin
  2
*D41
 70
1
 10
0.0
 20
0.0
 30
0.0
  3
*D41
  1

  0
LINE
  5
5B0
330
5AD
100
AcDbEntity
  8
DIM
 62
5
370
9
440
16777216
100
AcDbLine
 10
555.1724187923392
 20
943.5297117331211
 30
0.0
 11
429.22863927420985
 21
943.5297117331211
 31
0.0
  0
LINE
  5
5B1
330
5AD
100
AcDbEntity
  8
DIM
 62
5
370
9
440
16777216
100
AcDbLine
 10
530.1724187923392
 20
379.5297117331213
 30
0.0
 11
429.22863927420985
 21
379.5297117331213
 31
0.0
  0
LINE
  5
5B2
330
5AD
100
AcDbEntity
  8
DIM
 62
5
370
9
440
16777216
100
AcDbLine
 10
439.22863927420985
 20
943.5297117331211
 30
0.0
 11
439.22863927420985
 21
379.5297117331213
 31
0.0
  0
LINE
  5
5B3
330
5AD
100
AcDbEntity
  8
0
  6
ByBlock
 62
0
370
-2
100
AcDbLine
 10
443.22863927420985
 20
939.5297117331211
 30
0.0
 11
435.22863927420985
 21
947.5297117331211
 31
0.0
  0
LINE
  5
5B4
330
5AD
100
AcDbEntity
  8
0
  6
ByBlock
 62
0
370
-2
100
AcDbLine
 10
435.22863927420985
 20
383.5297117331213
 30
0.0
 11
443.22863927420985
 21
375.5297117331213
 31
0.0
  0
MTEXT
  5
5B5
330
5AD
100
AcDbEntity
  8
DIM
 62
3
440
16777216
100
AcDbMText
 10
416.46431458115694
 20
661.5297117331133
 30
0.0
 40
25.0
 41
0.0
 46
0.0
 71
5
  1
564
 11
1e-16
 21
1.0
 31
0.0
  0
POINT
  5
5B6
330
5AD
100
AcDbEntity
  8
Defpoints
 62
0
440
16777216
100
AcDbPoint
 10
570.1724187923392
 20
943.5297117331211
 30
0.0
  0
POINT
  5
5B7
330
5AD
100
AcDbEntity
  8
Defpoints
 62
0
440
16777216
100
AcDbPoint
 10
545.1724187923246
 20
379.5297117331213
 30
0.0
  0
POINT
  5
5B8
330
5AD
100
AcDbEntity
  8
Defpoints
 62
0
440
16777216
100
AcDbPoint
 10
439.22863927420985
 20
379.5297117331213
 30
0.0
  0
ENDBLK
  5
5AF
330
5AD
100
AcDbEntity
  8
0
100
AcDbBlockEnd
  0
BLOCK
  5
5BA
330
5B9
100
AcDbEntity
  8
0
100
AcDbBlockBegin
  2
*D42
 70
1
 10
0.0
 20
0.0
 30
0.0
  3
*D42
  1

  0
LINE
  5
5BC
330
5B9
100
AcDbEntity
  8
DIM
 62
5
370
9
440
16777216
100
AcDbLine
 10
1320.1724187923392
 20
853.5297117331212
 30
0.0
 11
1380.8075548873603
 21
853.5297117331212
 31
0.0
  0
LINE
  5
5BD
330
5B9
100
AcDbEntity
  8
DIM
 62
5
370
9
440
16777216
100
AcDbLine
 10
1280.1724187923246
 20
893.5297117331211
 30
0.0
 11
1380.8075548873603
 21
893.5297117331211
 31
0.0
  0
LINE
  5
5BE
330
5B9
100
AcDbEntity
  8
DIM
 62
5
370
9
440
16777216
100
AcDbLine
 10
1370.8075548873603
 20
853.5297117331212
 30
0.0
 11
1370.8075548873603
 21
893.5297117331211
 31
0.0
  0
LINE
  5
5BF
330
5B9
100
AcDbEntity
  8
0
  6
ByBlock
 62
0
370
-2
100
AcDbLine
 10
1366.8075548873603
 20
857.5297117331212
 30
0.0
 11
1374.8075548873603
 21
849.5297117331212
 31
0.0
  0
LINE
  5
5C0
330
5B9
100
AcDbEntity
  8
0
  6
ByBlock
 62
0
370
-2
100
AcDbLine
 10
1374.8075548873603
 20
889.5297117331211
 30
0.0
 11
1366.8075548873603
 21
897.5297117331211
 31
0.0
  0
MTEXT
  5
5C1
330
5B9
100
AcDbEntity
  8
DIM
 62
3
440
16777216
100
AcDbMText
 10
1348.0432301943074
 20
873.5297117331129
 30
0.0
 40
25.0
 41
0.0
 46
0.0
 71
5
  1
40
 11
1e-16
 21
1.0
 31
0.0
  0
POINT
  5
5C2
330
5B9
100
AcDbEntity
  8
Defpoints
 62
0
440
16777216
100
AcDbPoint
 10
1305.1724187923392
 20
853.5297117331212
 30
0.0
  0
POINT
  5
5C3
330
5B9
100
AcDbEntity
  8
Defpoints
 62
0
440
16777216
100
AcDbPoint
 10
1265.1724187923246
 20
893.5297117331211
 30
0.0
  0
POINT
  5
5C4
330
5B9
100
AcDbEntity
  8
Defpoints
 62
0
440
16777216
100
AcDbPoint
 10
1370.8075548873603
 20
893.5297117331211
 30
0.0
  0
ENDBLK
  5
5BB
330
5B9
100
AcDbEntity
  8
0
100
AcDbBlockEnd
  0
BLOCK
  5
5C6
330
5C5
100
AcDbEntity
  8
0
100
AcDbBlockBegin
  2
*D43
 70
1
 10
0.0
 20
0.0
 30
0.0
  3
*D43
  1

  0
LINE
  5
5C8
330
5C5
100
AcDbEntity
  8
DIM
 62
5
370
9
440
16777216
100
AcDbLine
 10
1280.1724187923246
 20
893.5297117331211
 30
0.0
 11
1380.8075548873603
 21
893.5297117331211
 31
0.0
  0
LINE
  5
5C9
330
5C5
100
AcDbEntity
  8
DIM
 62
5
370
9
440
16777216
100
AcDbLine
 10
1280.1724187923246
 20
918.5297117331211
 30
0.0
 11
1380.8075548873603
 21
918.5297117331211
 31
0.0
  0
LINE
  5
5CA
330
5C5
100
AcDbEntity
  8
DIM
 62
5
370
9
440
16777216
100
AcDbLine
 10
1370.8075548873603
 20
893.5297117331211
 30
0.0
 11
1370.8075548873603
 21
918.5297117331211
 31
0.0
  0
LINE
  5
5CB
330
5C5
100
AcDbEntity
  8
DIM
 62
5
370
9
440
16777216
100
AcDbLine
 10
1370.8075548873603
 20
918.5297117331211
 30
0.0
 11
1370.8075548873603
 21
982.9553597549493
 31
0.0
  0
LINE
  5
5CC
330
5C5
100
AcDbEntity
  8
0
  6
ByBlock
 62
0
370
-2
100
AcDbLine
 10
1366.8075548873603
 20
897.5297117331211
 30
0.0
 11
1374.8075548873603
 21
889.5297117331211
 31
0.0
  0
LINE
  5
5CD
330
5C5
100
AcDbEntity
  8
0
  6
ByBlock
 62
0
370
-2
100
AcDbLine
 10
1374.8075548873603
 20
914.5297117331211
 30
0.0
 11
1366.8075548873603
 21
922.5297117331211
 31
0.0
  0
MTEXT
  5
5CE
330
5C5
100
AcDbEntity
  8
DIM
 62
3
440
16777216
100
AcDbMText
 10
1348.0432301943074
 20
954.7425357440269
 30
0.0
 40
25.0
 41
0.0
 46
0.0
 71
5
  1
25
 11
1e-16
 21
1.0
 31
0.0
  0
POINT
  5
5CF
330
5C5
100
AcDbEntity
  8
Defpoints
 62
0
440
16777216
100
AcDbPoint
 10
1265.1724187923246
 20
893.5297117331211
 30
0.0
  0
POINT
  5
5D0
330
5C5
100
AcDbEntity
  8
Defpoints
 62
0
440
16777216
100
AcDbPoint
 10
1265.1724187923246
 20
918.5297117331211
 30
0.0
  0
POINT
  5
5D1
330
5C5
100
AcDbEntity
  8
Defpoints
 62
0
440
16777216
100
AcDbPoint
 10
1370.8075548873603
 20
918.5297117331211
 30
0.0
  0
ENDBLK
  5
5C7
330
5C5
100
AcDbEntity
  8
0
100
AcDbBlockEnd
  0
BLOCK
  5
5D3
330
5D2
100
AcDbEntity
  8
0
100
AcDbBlockBegin
  2
*D44
 70
1
 10
0.0
 20
0.0
 30
0.0
  3
*D44
  1

  0
LINE
  5
5D5
330
5D2
100
AcDbEntity
  8
DIM
 62
5
370
9
440
16777216
100
AcDbLine
 10
1280.1724187923246
 20
918.5297117331211
 30
0.0
 11
1327.4549993410546
 21
918.5297117331211
 31
0.0
  0
LINE
  5
5D6
330
5D2
100
AcDbEntity
  8
DIM
 62
5
370
9
440
16777216
100
AcDbLine
 10
1255.1724187923392
 20
943.5297117331211
 30
0.0
 11
1327.4549993410546
 21
943.5297117331211
 31
0.0
  0
LINE
  5
5D7
330
5D2
100
AcDbEntity
  8
DIM
 62
5
370
9
440
16777216
100
AcDbLine
 10
1317.4549993410546
 20
918.5297117331211
 30
0.0
 11
1317.4549993410546
 21
943.5297117331211
 31
0.0
  0
LINE
  5
5D8
330
5D2
100
AcDbEntity
  8
DIM
 62
5
370
9
440
16777216
100
AcDbLine
 10
1317.4549993410546
 20
943.5297117331211
 30
0.0
 11
1317.4549993410546
 21
1007.9553597549493
 31
0.0
  0
LINE
  5
5D9
330
5D2
100
AcDbEntity
  8
0
  6
ByBlock
 62
0
370
-2
100
AcDbLine
 10
1313.4549993410546
 20
922.5297117331211
 30
0.0
 11
1321.4549993410546
 21
914.5297117331211
 31
0.0
  0
LINE
  5
5DA
330
5D2
100
AcDbEntity
  8
0
  6
ByBlock
 62
0
370
-2
100
AcDbLine
 10
1321.4549993410546
 20
939.5297117331211
 30
0.0
 11
1313.4549993410546
 21
947.5297117331211
 31
0.0
  0
MTEXT
  5
5DB
330
5D2
100
AcDbEntity
  8
DIM
 62
3
440
16777216
100
AcDbMText
 10
1294.6906746480163
 20
979.7425357440269
 30
0.0
 40
25.0
 41
0.0
 46
0.0
 71
5
  1
25
 11
1e-16
 21
1.0
 31
0.0
  0
POINT
  5
5DC
330
5D2
100
AcDbEntity
  8
Defpoints
 62
0
440
16777216
100
AcDbPoint
 10
1265.1724187923246
 20
918.5297117331211
 30
0.0
  0
POINT
  5
5DD
330
5D2
100
AcDbEntity
  8
Defpoints
 62
0
440
16777216
100
AcDbPoint
 10
1240.1724187923392
 20
943.5297117331211
 30
0.0
  0
POINT
  5
5DE
330
5D2
100
AcDbEntity
  8
Defpoints
 62
0
440
16777216
100
AcDbPoint
 10
1317.4549993410546
 20
943.5297117331211
 30
0.0
  0
ENDBLK
  5
5D4
330
5D2
100
AcDbEntity
  8
0
100
AcDbBlockEnd
  0
BLOCK
  5
5E0
330
5DF
100
AcDbEntity
  8
0
100
AcDbBlockBegin
  2
*D45
 70
1
 10
0.0
 20
0.0
 30
0.0
  3
*D45
  1

  0
LINE
  5
5E2
330
5DF
100
AcDbEntity
  8
DIM
 62
5
370
9
440
16777216
100
AcDbLine
 10
2389.0307298275147
 20
419.5297117331213
 30
0.0
 11
2389.0307298275147
 21
305.26165780700126
 31
0.0
  0
LINE
  5
5E3
330
5DF
100
AcDbEntity
  8
DIM
 62
5
370
9
440
16777216
100
AcDbLine
 10
1589.0307298275147
 20
419.5297117331213
 30
0.0
 11
1589.0307298275147
 21
305.26165780700126
 31
0.0
  0
LINE
  5
5E4
330
5DF
100
AcDbEntity
  8
DIM
 62
5
370
9
440
16777216
100
AcDbLine
 10
2389.0307298275147
 20
315.26165780700126
 30
0.0
 11
1589.0307298275147
 21
315.26165780700126
 31
0.0
  0
LINE
  5
5E5
330
5DF
100
AcDbEntity
  8
0
  6
ByBlock
 62
0
370
-2
100
AcDbLine
 10
2385.0307298275147
 20
311.26165780700126
 30
0.0
 11
2393.0307298275147
 21
319.26165780700126
 31
0.0
  0
LINE
  5
5E6
330
5DF
100
AcDbEntity
  8
0
  6
ByBlock
 62
0
370
-2
100
AcDbLine
 10
1593.0307298275147
 20
319.26165780700126
 30
0.0
 11
1585.0307298275147
 21
311.26165780700126
 31
0.0
  0
MTEXT
  5
5E7
330
5DF
100
AcDbEntity
  8
DIM
 62
3
440
16777216
100
AcDbMText
 10
1989.0307298275147
 20
338.02598250004326
 30
0.0
 40
25.0
 41
0.0
 46
0.0
 71
5
  1
800
  0
POINT
  5
5E8
330
5DF
100
AcDbEntity
  8
Defpoints
 62
0
440
16777216
100
AcDbPoint
 10
2389.0307298275147
 20
434.5297117331213
 30
0.0
  0
POINT
  5
5E9
330
5DF
100
AcDbEntity
  8
Defpoints
 62
0
440
16777216
100
AcDbPoint
 10
1589.0307298275147
 20
434.5297117331213
 30
0.0
  0
POINT
  5
5EA
330
5DF
100
AcDbEntity
  8
Defpoints
 62
0
440
16777216
100
AcDbPoint
 10
1589.0307298275147
 20
315.26165780700126
 30
0.0
  0
ENDBLK
  5
5E1
330
5DF
100
AcDbEntity
  8
0
100
AcDbBlockEnd
  0
BLOCK
  5
5EC
330
5EB
100
AcDbEntity
  8
0
100
AcDbBlockBegin
  2
*D46
 70
1
 10
0.0
 20
0.0
 30
0.0
  3
*D46
  1

  0
LINE
  5
5EE
330
5EB
100
AcDbEntity
  8
DIM
 62
5
370
9
440
16777216
100
AcDbLine
 10
2404.0307298275147
 20
853.5297117331212
 30
0.0
 11
2464.6658659225504
 21
853.5297117331212
 31
0.0
  0
LINE
  5
5EF
330
5EB
100
AcDbEntity
  8
DIM
 62
5
370
9
440
16777216
100
AcDbLine
 10
2404.0307298275147
 20
434.5297117331213
 30
0.0
 11
2464.6658659225504
 21
434.5297117331213
 31
0.0
  0
LINE
  5
5F0
330
5EB
100
AcDbEntity
  8
DIM
 62
5
370
9
440
16777216
100
AcDbLine
 10
2454.6658659225504
 20
853.5297117331212
 30
0.0
 11
2454.6658659225504
 21
434.5297117331213
 31
0.0
  0
LINE
  5
5F1
330
5EB
100
AcDbEntity
  8
0
  6
ByBlock
 62
0
370
-2
100
AcDbLine
 10
2458.6658659225504
 20
849.5297117331212
 30
0.0
 11
2450.6658659225504
 21
857.5297117331212
 31
0.0
  0
LINE
  5
5F2
330
5EB
100
AcDbEntity
  8
0
  6
ByBlock
 62
0
370
-2
100
AcDbLine
 10
2450.6658659225504
 20
438.5297117331213
 30
0.0
 11
2458.6658659225504
 21
430.5297117331213
 31
0.0
  0
MTEXT
  5
5F3
330
5EB
100
AcDbEntity
  8
DIM
 62
3
440
16777216
100
AcDbMText
 10
2431.901541229505
 20
669.5297117331213
 30
0.0
 40
25.0
 41
0.0
 46
0.0
 71
5
  1
419
 11
1e-16
 21
1.0
 31
0.0
  0
POINT
  5
5F4
330
5EB
100
AcDbEntity
  8
Defpoints
 62
0
440
16777216
100
AcDbPoint
 10
2389.0307298275147
 20
853.5297117331212
 30
0.0
  0
POINT
  5
5F5
330
5EB
100
AcDbEntity
  8
Defpoints
 62
0
440
16777216
100
AcDbPoint
 10
2389.0307298275147
 20
434.5297117331213
 30
0.0
  0
POINT
  5
5F6
330
5EB
100
AcDbEntity
  8
Defpoints
 62
0
440
16777216
100
AcDbPoint
 10
2454.6658659225504
 20
434.5297117331213
 30
0.0
  0
ENDBLK
  5
5ED
330
5EB
100
AcDbEntity
  8
0
100
AcDbBlockEnd
  0
BLOCK
  5
5F8
330
5F7
100
AcDbEntity
  8
0
100
AcDbBlockBegin
  2
*D47
 70
1
 10
0.0
 20
0.0
 30
0.0
  3
*D47
  1

  0
LINE
  5
5FA
330
5F7
100
AcDbEntity
  8
DIM
 62
5
370
9
440
16777216
100
AcDbLine
 10
2404.0307298275147
 20
434.5297117331213
 30
0.0
 11
2464.6658659225504
 21
434.5297117331213
 31
0.0
  0
LINE
  5
5FB
330
5F7
100
AcDbEntity
  8
DIM
 62
5
370
9
440
16777216
100
AcDbLine
 10
2364.0307298275293
 20
394.5297117331213
 30
0.0
 11
2464.6658659225504
 21
394.5297117331213
 31
0.0
  0
LINE
  5
5FC
330
5F7
100
AcDbEntity
  8
DIM
 62
5
370
9
440
16777216
100
AcDbLine
 10
2454.6658659225504
 20
434.5297117331213
 30
0.0
 11
2454.6658659225504
 21
394.5297117331213
 31
0.0
  0
LINE
  5
5FD
330
5F7
100
AcDbEntity
  8
0
  6
ByBlock
 62
0
370
-2
100
AcDbLine
 10
2458.6658659225504
 20
430.5297117331213
 30
0.0
 11
2450.6658659225504
 21
438.5297117331213
 31
0.0
  0
LINE
  5
5FE
330
5F7
100
AcDbEntity
  8
0
  6
ByBlock
 62
0
370
-2
100
AcDbLine
 10
2450.6658659225504
 20
398.5297117331213
 30
0.0
 11
2458.6658659225504
 21
390.5297117331213
 31
0.0
  0
MTEXT
  5
5FF
330
5F7
100
AcDbEntity
  8
DIM
 62
3
440
16777216
100
AcDbMText
 10
2431.901541229505
 20
414.52971173311334
 30
0.0
 40
25.0
 41
0.0
 46
0.0
 71
5
  1
40
 11
1e-16
 21
1.0
 31
0.0
  0
POINT
  5
600
330
5F7
100
AcDbEntity
  8
Defpoints
 62
0
440
16777216
100
AcDbPoint
 10
2389.0307298275147
 20
434.5297117331213
 30
0.0
  0
POINT
  5
601
330
5F7
100
AcDbEntity
  8
Defpoints
 62
0
440
16777216
100
AcDbPoint
 10
2349.0307298275293
 20
394.5297117331213
 30
0.0
  0
POINT
  5
602
330
5F7
100
AcDbEntity
  8
Defpoints
 62
0
440
16777216
100
AcDbPoint
 10
2454.6658659225504
 20
394.5297117331213
 30
0.0
  0
ENDBLK
  5
5F9
330
5F7
100
AcDbEntity
  8
0
100
AcDbBlockEnd
  0
BLOCK
  5
604
330
603
100
AcDbEntity
  8
0
100
AcDbBlockBegin
  2
*D48
 70
1
 10
0.0
 20
0.0
 30
0.0
  3
*D48
  1

  0
LINE
  5
606
330
603
100
AcDbEntity
  8
DIM
 62
5
370
9
440
16777216
100
AcDbLine
 10
2364.0307298275293
 20
394.5297117331213
 30
0.0
 11
2464.6658659225504
 21
394.5297117331213
 31
0.0
  0
LINE
  5
607
330
603
100
AcDbEntity
  8
DIM
 62
5
370
9
440
16777216
100
AcDbLine
 10
2364.0307298275293
 20
379.5297117331213
 30
0.0
 11
2464.6658659225504
 21
379.5297117331213
 31
0.0
  0
LINE
  5
608
330
603
100
AcDbEntity
  8
DIM
 62
5
370
9
440
16777216
100
AcDbLine
 10
2454.6658659225504
 20
394.5297117331213
 30
0.0
 11
2454.6658659225504
 21
402.5297117331213
 31
0.0
  0
LINE
  5
609
330
603
100
AcDbEntity
  8
DIM
 62
5
370
9
440
16777216
100
AcDbLine
 10
2454.6658659225504
 20
379.5297117331213
 30
0.0
 11
2454.6658659225504
 21
309.8837362897382
 31
0.0
  0
LINE
  5
60A
330
603
100
AcDbEntity
  8
DIM
 62
5
370
9
440
16777216
100
AcDbLine
 10
2454.6658659225504
 20
394.5297117331213
 30
0.0
 11
2454.6658659225504
 21
379.5297117331213
 31
0.0
  0
LINE
  5
60B
330
603
100
AcDbEntity
  8
0
  6
ByBlock
 62
0
370
-2
100
AcDbLine
 10
2450.6658659225504
 20
398.5297117331213
 30
0.0
 11
2458.6658659225504
 21
390.5297117331213
 31
0.0
  0
LINE
  5
60C
330
603
100
AcDbEntity
  8
0
  6
ByBlock
 62
0
370
-2
100
AcDbLine
 10
2458.6658659225504
 20
375.5297117331213
 30
0.0
 11
2450.6658659225504
 21
383.5297117331213
 31
0.0
  0
MTEXT
  5
60D
330
603
100
AcDbEntity
  8
DIM
 62
3
440
16777216
100
AcDbMText
 10
2431.901541229505
 20
336.70672401142133
 30
0.0
 40
25.0
 41
0.0
 46
0.0
 71
5
  1
15
 11
1e-16
 21
1.0
 31
0.0
  0
POINT
  5
60E
330
603
100
AcDbEntity
  8
Defpoints
 62
0
440
16777216
100
AcDbPoint
 10
2349.0307298275293
 20
394.5297117331213
 30
0.0
  0
POINT
  5
60F
330
603
100
AcDbEntity
  8
Defpoints
 62
0
440
16777216
100
AcDbPoint
 10
2349.0307298275293
 20
379.5297117331213
 30
0.0
  0
POINT
  5
610
330
603
100
AcDbEntity
  8
Defpoints
 62
0
440
16777216
100
AcDbPoint
 10
2454.6658659225504
 20
379.5297117331213
 30
0.0
  0
ENDBLK
  5
605
330
603
100
AcDbEntity
  8
0
100
AcDbBlockEnd
  0
BLOCK
  5
612
330
611
100
AcDbEntity
  8
0
100
AcDbBlockBegin
  2
*D49
 70
1
 10
0.0
 20
0.0
 30
0.0
  3
*D49
  1

  0
LINE
  5
614
330
611
100
AcDbEntity
  8
DIM
 62
5
370
9
440
16777216
100
AcDbLine
 10
1639.0307298275293
 20
943.5297117331211
 30
0.0
 11
1513.0869503094
 21
943.5297117331211
 31
0.0
  0
LINE
  5
615
330
611
100
AcDbEntity
  8
DIM
 62
5
370
9
440
16777216
100
AcDbLine
 10
1614.0307298275293
 20
379.5297117331213
 30
0.0
 11
1513.0869503094
 21
379.5297117331213
 31
0.0
  0
LINE
  5
616
330
611
100
AcDbEntity
  8
DIM
 62
5
370
9
440
16777216
100
AcDbLine
 10
1523.0869503094
 20
943.5297117331211
 30
0.0
 11
1523.0869503094
 21
379.5297117331213
 31
0.0
  0
LINE
  5
617
330
611
100
AcDbEntity
  8
0
  6
ByBlock
 62
0
370
-2
100
AcDbLine
 10
1527.0869503094
 20
939.5297117331211
 30
0.0
 11
1519.0869503094
 21
947.5297117331211
 31
0.0
  0
LINE
  5
618
330
611
100
AcDbEntity
  8
0
  6
ByBlock
 62
0
370
-2
100
AcDbLine
 10
1519.0869503094
 20
383.5297117331213
 30
0.0
 11
1527.0869503094
 21
375.5297117331213
 31
0.0
  0
MTEXT
  5
619
330
611
100
AcDbEntity
  8
DIM
 62
3
440
16777216
100
AcDbMText
 10
1500.3226256163543
 20
661.5297117331133
 30
0.0
 40
25.0
 41
0.0
 46
0.0
 71
5
  1
564
 11
1e-16
 21
1.0
 31
0.0
  0
POINT
  5
61A
330
611
100
AcDbEntity
  8
Defpoints
 62
0
440
16777216
100
AcDbPoint
 10
1654.0307298275147
 20
943.5297117331211
 30
0.0
  0
POINT
  5
61B
330
611
100
AcDbEntity
  8
Defpoints
 62
0
440
16777216
100
AcDbPoint
 10
1629.0307298275293
 20
379.5297117331213
 30
0.0
  0
POINT
  5
61C
330
611
100
AcDbEntity
  8
Defpoints
 62
0
440
16777216
100
AcDbPoint
 10
1523.0869503094
 20
379.5297117331213
 30
0.0
  0
ENDBLK
  5
613
330
611
100
AcDbEntity
  8
0
100
AcDbBlockEnd
  0
BLOCK
  5
61E
330
61D
100
AcDbEntity
  8
0
100
AcDbBlockBegin
  2
*D50
 70
1
 10
0.0
 20
0.0
 30
0.0
  3
*D50
  1

  0
LINE
  5
620
330
61D
100
AcDbEntity
  8
DIM
 62
5
370
9
440
16777216
100
AcDbLine
 10
2404.0307298275147
 20
853.5297117331212
 30
0.0
 11
2464.6658659225504
 21
853.5297117331212
 31
0.0
  0
LINE
  5
621
330
61D
100
AcDbEntity
  8
DIM
 62
5
370
9
440
16777216
100
AcDbLine
 10
2364.0307298275293
 20
893.5297117331211
 30
0.0
 11
2464.6658659225504
 21
893.5297117331211
 31
0.0
  0
LINE
  5
622
330
61D
100
AcDbEntity
  8
DIM
 62
5
370
9
440
16777216
100
AcDbLine
 10
2454.6658659225504
 20
853.5297117331212
 30
0.0
 11
2454.6658659225504
 21
893.5297117331211
 31
0.0
  0
LINE
  5
623
330
61D
100
AcDbEntity
  8
0
  6
ByBlock
 62
0
370
-2
100
AcDbLine
 10
2450.6658659225504
 20
857.5297117331212
 30
0.0
 11
2458.6658659225504
 21
849.5297117331212
 31
0.0
  0
LINE
  5
624
330
61D
100
AcDbEntity
  8
0
  6
ByBlock
 62
0
370
-2
100
AcDbLine
 10
2458.6658659225504
 20
889.5297117331211
 30
0.0
 11
2450.6658659225504
 21
897.5297117331211
 31
0.0
  0
MTEXT
  5
625
330
61D
100
AcDbEntity
  8
DIM
 62
3
440
16777216
100
AcDbMText
 10
2431.901541229505
 20
873.5297117331131
 30
0.0
 40
25.0
 41
0.0
 46
0.0
 71
5
  1
40
 11
1e-16
 21
1.0
 31
0.0
  0
POINT
  5
626
330
61D
100
AcDbEntity
  8
Defpoints
 62
0
440
16777216
100
AcDbPoint
 10
2389.0307298275147
 20
853.5297117331212
 30
0.0
  0
POINT
  5
627
330
61D
100
AcDbEntity
  8
Defpoints
 62
0
440
16777216
100
AcDbPoint
 10
2349.0307298275293
 20
893.5297117331211
 30
0.0
  0
POINT
  5
628
330
61D
100
AcDbEntity
  8
Defpoints
 62
0
440
16777216
100
AcDbPoint
 10
2454.6658659225504
 20
893.5297117331211
 30
0.0
  0
ENDBLK
  5
61F
330
61D
100
AcDbEntity
  8
0
100
AcDbBlockEnd
  0
BLOCK
  5
62A
330
629
100
AcDbEntity
  8
0
100
AcDbBlockBegin
  2
*D51
 70
1
 10
0.0
 20
0.0
 30
0.0
  3
*D51
  1

  0
LINE
  5
62C
330
629
100
AcDbEntity
  8
DIM
 62
5
370
9
440
16777216
100
AcDbLine
 10
2364.0307298275293
 20
893.5297117331211
 30
0.0
 11
2464.6658659225504
 21
893.5297117331211
 31
0.0
  0
LINE
  5
62D
330
629
100
AcDbEntity
  8
DIM
 62
5
370
9
440
16777216
100
AcDbLine
 10
2364.0307298275293
 20
918.5297117331211
 30
0.0
 11
2464.6658659225504
 21
918.5297117331211
 31
0.0
  0
LINE
  5
62E
330
629
100
AcDbEntity
  8
DIM
 62
5
370
9
440
16777216
100
AcDbLine
 10
2454.6658659225504
 20
893.5297117331211
 30
0.0
 11
2454.6658659225504
 21
918.5297117331211
 31
0.0
  0
LINE
  5
62F
330
629
100
AcDbEntity
  8
DIM
 62
5
370
9
440
16777216
100
AcDbLine
 10
2454.6658659225504
 20
918.5297117331211
 30
0.0
 11
2454.6658659225504
 21
982.9553597549493
 31
0.0
  0
LINE
  5
630
330
629
100
AcDbEntity
  8
0
  6
ByBlock
 62
0
370
-2
100
AcDbLine
 10
2450.6658659225504
 20
897.5297117331211
 30
0.0
 11
2458.6658659225504
 21
889.5297117331211
 31
0.0
  0
LINE
  5
631
330
629
100
AcDbEntity
  8
0
  6
ByBlock
 62
0
370
-2
100
AcDbLine
 10
2458.6658659225504
 20
914.5297117331211
 30
0.0
 11
2450.6658659225504
 21
922.5297117331211
 31
0.0
  0
MTEXT
  5
632
330
629
100
AcDbEntity
  8
DIM
 62
3
440
16777216
100
AcDbMText
 10
2431.901541229505
 20
954.7425357440272
 30
0.0
 40
25.0
 41
0.0
 46
0.0
 71
5
  1
25
 11
1e-16
 21
1.0
 31
0.0
  0
POINT
  5
633
330
629
100
AcDbEntity
  8
Defpoints
 62
0
440
16777216
100
AcDbPoint
 10
2349.0307298275293
 20
893.5297117331211
 30
0.0
  0
POINT
  5
634
330
629
100
AcDbEntity
  8
Defpoints
 62
0
440
16777216
100
AcDbPoint
 10
2349.0307298275293
 20
918.5297117331211
 30
0.0
  0
POINT
  5
635
330
629
100
AcDbEntity
  8
Defpoints
 62
0
440
16777216
100
AcDbPoint
 10
2454.6658659225504
 20
918.5297117331211
 30
0.0
  0
ENDBLK
  5
62B
330
629
100
AcDbEntity
  8
0
100
AcDbBlockEnd
  0
BLOCK
  5
637
330
636
100
AcDbEntity
  8
0
100
AcDbBlockBegin
  2
*D52
 70
1
 10
0.0
 20
0.0
 30
0.0
  3
*D52
  1

  0
LINE
  5
639
330
636
100
AcDbEntity
  8
DIM
 62
5
370
9
440
16777216
100
AcDbLine
 10
2364.0307298275293
 20
918.5297117331211
 30
0.0
 11
2411.3133103762448
 21
918.5297117331211
 31
0.0
  0
LINE
  5
63A
330
636
100
AcDbEntity
  8
DIM
 62
5
370
9
440
16777216
100
AcDbLine
 10
2339.0307298275293
 20
943.5297117331211
 30
0.0
 11
2411.3133103762448
 21
943.5297117331211
 31
0.0
  0
LINE
  5
63B
330
636
100
AcDbEntity
  8
DIM
 62
5
370
9
440
16777216
100
AcDbLine
 10
2401.3133103762448
 20
918.5297117331211
 30
0.0
 11
2401.3133103762448
 21
943.5297117331211
 31
0.0
  0
LINE
  5
63C
330
636
100
AcDbEntity
  8
DIM
 62
5
370
9
440
16777216
100
AcDbLine
 10
2401.3133103762448
 20
943.5297117331211
 30
0.0
 11
2401.3133103762448
 21
1007.9553597549493
 31
0.0
  0
LINE
  5
63D
330
636
100
AcDbEntity
  8
0
  6
ByBlock
 62
0
370
-2
100
AcDbLine
 10
2397.3133103762448
 20
922.5297117331211
 30
0.0
 11
2405.3133103762448
 21
914.5297117331211
 31
0.0
  0
LINE
  5
63E
330
636
100
AcDbEntity
  8
0
  6
ByBlock
 62
0
370
-2
100
AcDbLine
 10
2405.3133103762448
 20
939.5297117331211
 30
0.0
 11
2397.3133103762448
 21
947.5297117331211
 31
0.0
  0
MTEXT
  5
63F
330
636
100
AcDbEntity
  8
DIM
 62
3
440
16777216
100
AcDbMText
 10
2378.548985683199
 20
979.7425357440272
 30
0.0
 40
25.0
 41
0.0
 46
0.0
 71
5
  1
25
 11
1e-16
 21
1.0
 31
0.0
  0
POINT
  5
640
330
636
100
AcDbEntity
  8
Defpoints
 62
0
440
16777216
100
AcDbPoint
 10
2349.0307298275293
 20
918.5297117331211
 30
0.0
  0
POINT
  5
641
330
636
100
AcDbEntity
  8
Defpoints
 62
0
440
16777216
100
AcDbPoint
 10
2324.0307298275147
 20
943.5297117331211
 30
0.0
  0
POINT
  5
642
330
636
100
AcDbEntity
  8
Defpoints
 62
0
440
16777216
100
AcDbPoint
 10
2401.3133103762448
 20
943.5297117331211
 30
0.0
  0
ENDBLK
  5
638
330
636
100
AcDbEntity
  8
0
100
AcDbBlockEnd
  0
BLOCK
  5
644
330
643
100
AcDbEntity
  8
0
100
AcDbBlockBegin
  2
*D53
 70
1
 10
0.0
 20
0.0
 30
0.0
  3
*D53
  1

  0
LINE
  5
646
330
643
100
AcDbEntity
  8
DIM
 62
5
370
9
 48
3.0
440
16777216
100
AcDbLine
 10
2785.3822761720003
 20
672.4329924482813
 30
0.0
 11
2785.3822761720003
 21
714.488680335111
 31
0.0
  0
LINE
  5
647
330
643
100
AcDbEntity
  8
DIM
 62
5
370
9
 48
3.0
440
16777216
100
AcDbLine
 10
3175.3822761720003
 20
672.4329924482813
 30
0.0
 11
3175.3822761720003
 21
714.488680335111
 31
0.0
  0
LINE
  5
648
330
643
100
AcDbEntity
  8
DIM
 62
5
370
9
 48
3.0
440
16777216
100
AcDbLine
 10
2785.3822761720003
 20
704.4886803351111
 30
0.0
 11
3175.3822761720003
 21
704.4886803351111
 31
0.0
  0
LINE
  5
649
330
643
100
AcDbEntity
  8
0
  6
ByBlock
 62
0
370
-2
100
AcDbLine
 10
2789.3822761720003
 20
708.4886803351111
 30
0.0
 11
2781.3822761720003
 21
700.4886803351111
 31
0.0
  0
LINE
  5
64A
330
643
100
AcDbEntity
  8
0
  6
ByBlock
 62
0
370
-2
100
AcDbLine
 10
3171.3822761720003
 20
700.4886803351111
 30
0.0
 11
3179.3822761720003
 21
708.4886803351111
 31
0.0
  0
MTEXT
  5
64B
330
643
100
AcDbEntity
  8
DIM
 62
3
 48
3.0
440
16777216
100
AcDbMText
 10
2980.3822761720003
 20
727.2615316311546
 30
0.0
 40
25.0
 41
0.0
 46
0.0
 71
5
  1
390
  0
POINT
  5
64C
330
643
100
AcDbEntity
  8
Defpoints
 62
0
 48
3.0
440
16777216
100
AcDbPoint
 10
2785.3822761720003
 20
657.4329924482813
 30
0.0
  0
POINT
  5
64D
330
643
100
AcDbEntity
  8
Defpoints
 62
0
 48
3.0
440
16777216
100
AcDbPoint
 10
3175.3822761720003
 20
657.4329924482813
 30
0.0
  0
POINT
  5
64E
330
643
100
AcDbEntity
  8
Defpoints
 62
0
 48
3.0
440
16777216
100
AcDbPoint
 10
3175.3822761720003
 20
704.4886803351111
 30
0.0
  0
ENDBLK
  5
645
330
643
100
AcDbEntity
  8
0
100
AcDbBlockEnd
  0
BLOCK
  5
650
330
64F
100
AcDbEntity
  8
0
100
AcDbBlockBegin
  2
*D54
 70
1
 10
0.0
 20
0.0
 30
0.0
  3
*D54
  1

  0
LINE
  5
652
330
64F
100
AcDbEntity
  8
DIM
 62
5
370
9
 48
3.0
440
16777216
100
AcDbLine
 10
2770.3822761720003
 20
657.4329924482813
 30
0.0
 11
2723.0103226208303
 21
657.4329924482813
 31
0.0
  0
LINE
  5
653
330
64F
100
AcDbEntity
  8
DIM
 62
5
370
9
 48
3.0
440
16777216
100
AcDbLine
 10
2770.3822761720003
 20
467.4329924482813
 30
0.0
 11
2723.0103226208303
 21
467.4329924482813
 31
0.0
  0
LINE
  5
654
330
64F
100
AcDbEntity
  8
DIM
 62
5
370
9
 48
3.0
440
16777216
100
AcDbLine
 10
2733.0103226208157
 20
657.4329924482813
 30
0.0
 11
2733.0103226208157
 21
467.4329924482813
 31
0.0
  0
LINE
  5
655
330
64F
100
AcDbEntity
  8
0
  6
ByBlock
 62
0
370
-2
100
AcDbLine
 10
2737.0103226208157
 20
653.4329924482813
 30
0.0
 11
2729.0103226208157
 21
661.4329924482813
 31
0.0
  0
LINE
  5
656
330
64F
100
AcDbEntity
  8
0
  6
ByBlock
 62
0
370
-2
100
AcDbLine
 10
2729.0103226208157
 20
471.4329924482813
 30
0.0
 11
2737.0103226208157
 21
463.4329924482813
 31
0.0
  0
MTEXT
  5
657
330
64F
100
AcDbEntity
  8
DIM
 62
3
 48
3.0
440
16777216
100
AcDbMText
 10
2710.2459979277774
 20
562.4329924482734
 30
0.0
 40
25.0
 41
0.0
 46
0.0
 71
5
  1
190
 11
1e-16
 21
1.0
 31
0.0
  0
POINT
  5
658
330
64F
100
AcDbEntity
  8
Defpoints
 62
0
 48
3.0
440
16777216
100
AcDbPoint
 10
2785.3822761720003
 20
657.4329924482813
 30
0.0
  0
POINT
  5
659
330
64F
100
AcDbEntity
  8
Defpoints
 62
0
 48
3.0
440
16777216
100
AcDbPoint
 10
2785.3822761720003
 20
467.4329924482813
 30
0.0
  0
POINT
  5
65A
330
64F
100
AcDbEntity
  8
Defpoints
 62
0
 48
3.0
440
16777216
100
AcDbPoint
 10
2733.0103226208157
 20
467.4329924482813
 30
0.0
  0
ENDBLK
  5
651
330
64F
100
AcDbEntity
  8
0
100
AcDbBlockEnd
  0
ENDSEC
  0
SECTION
  2
ENTITIES
  0
INSERT
  5
2F
330
17
100
AcDbEntity
  8
0
 62
7
100
AcDbBlockReference
 66
1
  2
khungtenAsean2
 10
0.0
 20
3150.00000000048
 30
0.0
 41
1.5
 42
1.5
 43
1.5
  0
ATTRIB
  5
30
330
2F
100
AcDbEntity
  8
0
 62
1
100
AcDbText
 10
4325.64631941844
 20
48.97829984321129
 30
0.0
 40
37.5
  1
......
  7
Tahoma (Input Text)
 72
1
 11
4372.489838558809
 21
48.97829984321129
 31
0.0
100
AcDbAttribute
  2
#11
 70
0
 71
1
 72
0
 11
4372.489838558809
 21
48.97829984321129
 31
0.0
  0
ATTRIB
  5
31
330
2F
100
AcDbEntity
  8
0
 62
1
100
AcDbText
 10
3220.0754662311956
 20
118.08718246247236
 30
0.0
 40
37.5
  1
......
  7
Tahoma (Input Text)
100
AcDbAttribute
  2
#09
 70
0
 71
1
 72
0
  0
ATTRIB
  5
32
330
2F
100
AcDbEntity
  8
0
 62
1
100
AcDbText
 10
3220.0754662311956
 20
28.087182462472356
 30
0.0
 40
37.5
  1
......
  7
Tahoma (Input Text)
100
AcDbAttribute
  2
#10
 70
0
 71
1
 72
0
  0
ATTRIB
  5
33
330
2F
100
AcDbEntity
  8
0
 62
1
100
AcDbText
 10
2726.1716486000005
 20
28.087182462472356
 30
0.0
 40
37.5
  1
......
  7
Tahoma (Input Text)
100
AcDbAttribute
  2
#08
 70
0
 71
1
 72
0
  0
ATTRIB
  5
34
330
2F
100
AcDbEntity
  8
0
 62
1
100
AcDbText
 10
2752.0222654883255
 20
118.08718246247236
 30
0.0
 40
37.5
  1
......
  7
Tahoma (Input Text)
100
AcDbAttribute
  2
#07
 70
0
 71
1
 72
0
  0
ATTRIB
  5
35
330
2F
100
AcDbEntity
  8
0
 62
1
100
AcDbText
 10
1597.9963337154768
 20
28.087182462472356
 30
0.0
 40
37.5
  1
......
  7
Tahoma (Input Text)
100
AcDbAttribute
  2
#06
 70
0
 71
1
 72
0
  0
ATTRIB
  5
36
330
2F
100
AcDbEntity
  8
0
 62
1
100
AcDbText
 10
1659.9422656832394
 20
118.08718246247236
 30
0.0
 40
37.5
  1
......
  7
Tahoma (Input Text)
100
AcDbAttribute
  2
#05
 70
0
 71
1
 72
0
  0
ATTRIB
  5
37
330
2F
100
AcDbEntity
  8
0
 62
1
100
AcDbText
 10
729.1575405082549
 20
28.087182462472356
 30
0.0
 40
37.5
  1
......
  7
Tahoma (Input Text)
100
AcDbAttribute
  2
#04
 70
0
 71
1
 72
0
  0
ATTRIB
  5
38
330
2F
100
AcDbEntity
  8
0
 62
1
100
AcDbText
 10
759.8561234200606
 20
121.04759926591419
 30
0.0
 40
37.5
  1
......
  7
Tahoma (Input Text)
100
AcDbAttribute
  2
#03
 70
0
 71
1
 72
0
  0
ATTRIB
  5
39
330
2F
100
AcDbEntity
  8
0
 62
1
100
AcDbText
 10
147.6850867547546
 20
28.087182462472356
 30
0.0
 40
37.5
  1
......
  7
Tahoma (Input Text)
100
AcDbAttribute
  2
#02
 70
0
 71
1
 72
0
  0
ATTRIB
  5
3A
330
2F
100
AcDbEntity
  8
0
 62
1
100
AcDbText
 10
205.58026175625855
 20
118.08718246247236
 30
0.0
 40
37.5
  1
......
  7
Tahoma (Input Text)
100
AcDbAttribute
  2
#01
 70
0
 71
1
 72
0
  0
SEQEND
  5
3B
330
17
100
AcDbEntity
  8
0
 62
7
  0
LWPOLYLINE
  5
3C
330
17
100
AcDbEntity
  8
0
 62
7
100
AcDbPolyline
 90
4
 70
0
 10
946.8747433154567
 20
2885.6463702946894
 10
961.8747433154713
 20
2885.6463702946894
 10
961.8747433154713
 20
1269.6463702946894
 10
946.8747433154567
 20
1269.6463702946894
  0
LWPOLYLINE
  5
3D
330
17
100
AcDbEntity
  8
0
 62
7
100
AcDbPolyline
 90
2
 70
0
 10
906.8747433154567
 20
1229.6463702946894
 10
487.8747433154567
 20
1229.6463702946894
  0
LWPOLYLINE
  5
3E
330
17
100
AcDbEntity
  8
0
 62
7
100
AcDbPolyline
 90
2
 70
0
 10
447.8747433154567
 20
1269.6463702946894
 10
422.8747433154567
 20
1269.6463702946894
  0
LWPOLYLINE
  5
3F
330
17
100
AcDbEntity
  8
0
 62
7
100
AcDbPolyline
 90
2
 70
0
 10
422.8747433154567
 20
2885.6463702946894
 10
447.8747433154567
 20
2885.6463702946894
  0
LWPOLYLINE
  5
40
330
17
100
AcDbEntity
  8
0
 62
7
100
AcDbPolyline
 90
2
 70
0
 10
487.8747433154567
 20
2925.6463702946894
 10
906.8747433154567
 20
2925.6463702946894
  0
LINE
  5
41
330
17
100
AcDbEntity
  8
0
 62
7
100
AcDbLine
 10
946.8747433154567
 20
2885.6463702946894
 30
0.0
 11
946.8747433154567
 21
1269.6463702946894
 31
0.0
  0
LINE
  5
42
330
17
100
AcDbEntity
  8
0
 62
7
100
AcDbLine
 10
906.8747433154567
 20
2925.6463702946894
 30
0.0
 11
906.8747433154567
 21
1229.6463702946894
 31
0.0
  0
LINE
  5
43
330
17
100
AcDbEntity
  8
0
 62
7
100
AcDbLine
 10
487.8747433154567
 20
2925.6463702946894
 30
0.0
 11
487.8747433154567
 21
1229.6463702946894
 31
0.0
  0
LINE
  5
44
330
17
100
AcDbEntity
  8
0
 62
7
100
AcDbLine
 10
422.8747433154567
 20
2885.6463702946894
 30
0.0
 11
422.8747433154567
 21
1269.6463702946894
 31
0.0
  0
LINE
  5
45
330
17
100
AcDbEntity
  8
0
 62
7
100
AcDbLine
 10
397.8747433154713
 20
2860.6463702946894
 30
0.0
 11
397.8747433154713
 21
1294.6463702946894
 31
0.0
  0
LINE
  5
46
330
17
100
AcDbEntity
  8
0
 62
7
100
AcDbLine
 10
447.8747433154567
 20
2885.6463702946894
 30
0.0
 11
447.8747433154567
 21
1269.6463702946894
 31
0.0
  0
DIMENSION
  5
47
330
17
100
AcDbEntity
  8
DIM
 62
7
100
AcDbDimension
280
0
  2
*D1
  3
Dim-25
 10
1026.1427972415768
 20
1229.6463702946894
 30
0.0
 11
1003.3784725485384
 21
2077.646370294681
 31
0.0
 70
32
 71
5
 42
1696.0
 73
0
 74
0
 75
0
100
AcDbAlignedDimension
 13
906.8747433154567
 23
2925.6463702946894
 33
0.0
 14
906.8747433154567
 24
1229.6463702946894
 34
0.0
 50
90.0
100
AcDbRotatedDimension
  0
DIMENSION
  5
4C
330
17
100
AcDbEntity
  8
DIM
 62
7
100
AcDbDimension
280
0
  2
*D2
  3
Dim-25
 10
906.8747433154567
 20
2991.2815063897106
 30
0.0
 11
671.8747433154567
 21
2991.2815063897106
 31
0.0
 70
160
 71
5
 42
419.0
 73
0
 74
0
 75
0
100
AcDbAlignedDimension
 13
487.8747433154567
 23
2925.6463702946894
 33
0.0
 14
906.8747433154567
 24
2925.6463702946894
 34
0.0
 50
0.0
100
AcDbRotatedDimension
  0
DIMENSION
  5
4D
330
17
100
AcDbEntity
  8
DIM
 62
7
100
AcDbDimension
280
0
  2
*D3
  3
Dim-25
 10
946.8747433154567
 20
2991.2815063897106
 30
0.0
 11
926.8747433154567
 21
2991.2815063897106
 31
0.0
 70
160
 71
5
 42
40.0
 73
0
 74
0
 75
0
100
AcDbAlignedDimension
 13
906.8747433154567
 23
2925.6463702946894
 33
0.0
 14
946.8747433154567
 24
2885.6463702946894
 34
0.0
 50
0.0
100
AcDbRotatedDimension
  0
DIMENSION
  5
4E
330
17
100
AcDbEntity
  8
DIM
 62
7
100
AcDbDimension
280
0
  2
*D4
  3
Dim-25
 10
961.8747433154713
 20
2991.2815063897106
 30
0.0
 11
1004.6977310371512
 21
3014.0458310827526
 31
0.0
 70
32
 71
5
 42
15.0
 73
0
 74
0
 75
0
100
AcDbAlignedDimension
 13
946.8747433154567
 23
2885.6463702946894
 33
0.0
 14
961.8747433154713
 24
2885.6463702946894
 34
0.0
 50
0.0
100
AcDbRotatedDimension
  0
LINE
  5
4F
330
17
100
AcDbEntity
  8
0
 62
7
100
AcDbLine
 10
906.8747433154567
 20
1229.6463702946894
 30
0.0
 11
946.8747433154567
 21
1269.6463702946894
 31
0.0
  0
LINE
  5
50
330
17
100
AcDbEntity
  8
0
 62
7
100
AcDbLine
 10
906.8747433154567
 20
2925.6463702946894
 30
0.0
 11
946.8747433154567
 21
2885.6463702946894
 31
0.0
  0
DIMENSION
  5
51
330
17
100
AcDbEntity
  8
DIM
 62
7
100
AcDbDimension
280
0
  2
*D5
  3
Dim-25
 10
961.8747433154713
 20
1163.70259077656
 30
0.0
 11
679.8747433154713
 21
1186.4669154696026
 31
0.0
 70
32
 71
5
 42
564.0
 73
0
 74
0
 75
0
100
AcDbAlignedDimension
 13
397.8747433154713
 23
1294.6463702946894
 33
0.0
 14
961.8747433154713
 24
1269.6463702946894
 34
0.0
 50
0.0
100
AcDbRotatedDimension
  0
LINE
  5
52
330
17
100
AcDbEntity
  8
0
 62
7
100
AcDbLine
 10
484.3370706386049
 20
1090.1899448473741
 30
0.0
 11
903.3370706386049
 21
1090.1899448473741
 31
0.0
  0
LINE
  5
53
330
17
100
AcDbEntity
  8
0
 62
7
100
AcDbLine
 10
903.3370706386049
 20
1090.1899448473741
 30
0.0
 11
903.3370706386049
 21
1135.1899448473741
 31
0.0
  0
LINE
  5
54
330
17
100
AcDbEntity
  8
0
 62
7
100
AcDbLine
 10
903.3370706386049
 20
1135.1899448473741
 30
0.0
 11
891.3370706385977
 21
1135.1899448473741
 31
0.0
  0
LINE
  5
55
330
17
100
AcDbEntity
  8
0
 62
7
100
AcDbLine
 10
484.3370706386049
 20
1090.1899448473741
 30
0.0
 11
484.3370706386049
 21
1135.1899448473741
 31
0.0
  0
DIMENSION
  5
56
330
17
100
AcDbEntity
  8
DIM
 62
7
100
AcDbDimension
280
0
  2
*D6
  3
Dim-25
 10
447.8747433154567
 20
2991.2815063897106
 30
0.0
 11
467.8747433154567
 21
2991.2815063897106
 31
0.0
 70
160
 71
5
 42
40.0
 73
0
 74
0
 75
0
100
AcDbAlignedDimension
 13
487.8747433154567
 23
2925.6463702946894
 33
0.0
 14
447.8747433154567
 24
2885.6463702946894
 34
0.0
 50
0.0
100
AcDbRotatedDimension
  0
LINE
  5
57
330
17
100
AcDbEntity
  8
0
 62
7
100
AcDbLine
 10
484.3370706386049
 20
1135.1899448473741
 30
0.0
 11
509.33707063859765
 21
1135.1899448473741
 31
0.0
  0
LINE
  5
58
330
17
100
AcDbEntity
  8
0
 62
7
100
AcDbLine
 10
509.33707063859765
 20
1135.1899448473741
 30
0.0
 11
509.33707063859765
 21
1160.1899448473741
 31
0.0
  0
LINE
  5
59
330
17
100
AcDbEntity
  8
0
 62
7
100
AcDbLine
 10
447.8747433154567
 20
1269.6463702946894
 30
0.0
 11
487.8747433154567
 21
1229.6463702946894
 31
0.0
  0
LINE
  5
5A
330
17
100
AcDbEntity
  8
0
 62
7
100
AcDbLine
 10
447.8747433154567
 20
2885.6463702946894
 30
0.0
 11
487.8747433154567
 21
2925.6463702946894
 31
0.0
  0
LINE
  5
5B
330
17
100
AcDbEntity
  8
0
 62
7
100
AcDbLine
 10
422.8747433154567
 20
2885.6463702946894
 30
0.0
 11
397.8747433154713
 21
2860.6463702946894
 31
0.0
  0
LINE
  5
5C
330
17
100
AcDbEntity
  8
0
 62
7
100
AcDbLine
 10
422.8747433154567
 20
1269.6463702946894
 30
0.0
 11
397.8747433154713
 21
1294.6463702946894
 31
0.0
  0
INSERT
  5
5D
330
17
100
AcDbEntity
  8
0
370
-3
100
AcDbBlockReference
  2
f3daunguoc
 10
487.8747433154567
 20
2910.6463702946894
 30
0.0
 41
-1.0
 50
180.0
  0
INSERT
  5
5F
330
17
100
AcDbEntity
  8
0
370
-3
100
AcDbBlockReference
  2
f3daunguoc
 10
447.8747433154567
 20
2870.6463702946894
 30
0.0
 41
-1.0
 50
180.0
  0
INSERT
  5
61
330
17
100
AcDbEntity
  8
0
370
-3
100
AcDbBlockReference
  2
f3daunguoc
 10
906.8747433154567
 20
2910.6463702946894
 30
0.0
 41
-1.0
 50
180.0
  0
INSERT
  5
63
330
17
100
AcDbEntity
  8
0
370
-3
100
AcDbBlockReference
  2
f3daunguoc
 10
946.8747433154567
 20
2870.6463702946894
 30
0.0
 41
-1.0
 50
180.0
  0
INSERT
  5
65
330
17
100
AcDbEntity
  8
0
370
-3
100
AcDbBlockReference
  2
f2dauxuoi
 10
422.8747433154567
 20
2870.6463702946894
 30
0.0
  0
INSERT
  5
67
330
17
100
AcDbEntity
  8
0
370
-3
100
AcDbBlockReference
  2
f3daunguoc
 10
487.8747433154567
 20
1244.6463702946894
 30
0.0
  0
INSERT
  5
69
330
17
100
AcDbEntity
  8
0
370
-3
100
AcDbBlockReference
  2
f3daunguoc
 10
447.8747433154567
 20
1284.6463702946894
 30
0.0
  0
INSERT
  5
6B
330
17
100
AcDbEntity
  8
0
370
-3
100
AcDbBlockReference
  2
f3daunguoc
 10
906.8747433154567
 20
1244.6463702946894
 30
0.0
  0
INSERT
  5
6D
330
17
100
AcDbEntity
  8
0
370
-3
100
AcDbBlockReference
  2
f3daunguoc
 10
946.8747433154567
 20
1284.6463702946894
 30
0.0
  0
INSERT
  5
6F
330
17
100
AcDbEntity
  8
0
370
-3
100
AcDbBlockReference
  2
f2dauxuoi
 10
422.8747433154567
 20
1284.6463702946894
 30
0.0
 41
-1.0
 50
180.0
  0
DIMENSION
  5
71
330
17
100
AcDbEntity
  8
DIM
 62
7
100
AcDbDimension
280
0
  2
*D7
  3
Dim-25
 10
422.8747433154567
 20
2991.2815063897106
 30
0.0
 11
386.6619193045408
 21
3014.0458310827526
 31
0.0
 70
32
 71
5
 42
25.0
 73
0
 74
0
 75
0
100
AcDbAlignedDimension
 13
447.8747433154567
 23
2885.6463702946894
 33
0.0
 14
422.8747433154567
 24
2885.6463702946894
 34
0.0
 50
0.0
100
AcDbRotatedDimension
  0
DIMENSION
  5
72
330
17
100
AcDbEntity
  8
DIM
 62
7
100
AcDbDimension
280
0
  2
*D8
  3
Dim-25
 10
397.8747433154713
 20
2937.928950843412
 30
0.0
 11
361.66191930454806
 21
2960.693275536454
 31
0.0
 70
32
 71
5
 42
25.0
 73
0
 74
0
 75
0
100
AcDbAlignedDimension
 13
422.8747433154567
 23
2885.6463702946894
 33
0.0
 14
397.8747433154713
 24
2860.6463702946894
 34
0.0
 50
0.0
100
AcDbRotatedDimension
  0
INSERT
  5
73
330
17
100
AcDbEntity
  8
CNC
370
-3
100
AcDbBlockReference
  2
ovan8.5x20
 10
410.3747433154567
 20
2077.6463702946967
 30
0.0
 50
90.0
  0
INSERT
  5
75
330
17
100
AcDbEntity
  8
CNC
370
-3
100
AcDbBlockReference
  2
ovan8.5x20
 10
410.3747433154567
 20
2127.6463702946967
 30
0.0
 50
90.0
  0
INSERT
  5
77
330
17
100
AcDbEntity
  8
CNC
370
-3
100
AcDbBlockReference
  2
ovan8.5x20
 10
410.3747433154567
 20
2177.6463702946967
 30
0.0
 50
90.0
  0
INSERT
  5
79
330
17
100
AcDbEntity
  8
CNC
370
-3
100
AcDbBlockReference
  2
ovan8.5x20
 10
410.3747433154567
 20
2227.6463702946967
 30
0.0
 50
90.0
  0
INSERT
  5
7B
330
17
100
AcDbEntity
  8
CNC
370
-3
100
AcDbBlockReference
  2
ovan8.5x20
 10
410.3747433154567
 20
2277.6463702946967
 30
0.0
 50
90.0
  0
INSERT
  5
7D
330
17
100
AcDbEntity
  8
CNC
370
-3
100
AcDbBlockReference
  2
ovan8.5x20
 10
410.3747433154567
 20
2327.6463702946967
 30
0.0
 50
90.0
  0
INSERT
  5
7F
330
17
100
AcDbEntity
  8
CNC
370
-3
100
AcDbBlockReference
  2
ovan8.5x20
 10
410.3747433154567
 20
2377.6463702946967
 30
0.0
 50
90.0
  0
INSERT
  5
81
330
17
100
AcDbEntity
  8
CNC
370
-3
100
AcDbBlockReference
  2
ovan8.5x20
 10
410.3747433154567
 20
2427.6463702946967
 30
0.0
 50
90.0
  0
INSERT
  5
83
330
17
100
AcDbEntity
  8
CNC
370
-3
100
AcDbBlockReference
  2
ovan8.5x20
 10
410.3747433154567
 20
2477.6463702946967
 30
0.0
 50
90.0
  0
INSERT
  5
85
330
17
100
AcDbEntity
  8
CNC
370
-3
100
AcDbBlockReference
  2
ovan8.5x20
 10
410.3747433154567
 20
2527.6463702946967
 30
0.0
 50
90.0
  0
INSERT
  5
87
330
17
100
AcDbEntity
  8
CNC
370
-3
100
AcDbBlockReference
  2
ovan8.5x20
 10
410.3747433154567
 20
2577.6463702946967
 30
0.0
 50
90.0
  0
INSERT
  5
89
330
17
100
AcDbEntity
  8
CNC
370
-3
100
AcDbBlockReference
  2
ovan8.5x20
 10
410.3747433154567
 20
2627.6463702946967
 30
0.0
 50
90.0
  0
INSERT
  5
8B
330
17
100
AcDbEntity
  8
CNC
370
-3
100
AcDbBlockReference
  2
ovan8.5x20
 10
410.3747433154567
 20
2677.6463702946967
 30
0.0
 50
90.0
  0
INSERT
  5
8D
330
17
100
AcDbEntity
  8
CNC
370
-3
100
AcDbBlockReference
  2
ovan8.5x20
 10
410.3747433154567
 20
2727.646370294696
 30
0.0
 50
90.0
  0
INSERT
  5
8F
330
17
100
AcDbEntity
  8
CNC
370
-3
100
AcDbBlockReference
  2
ovan8.5x20
 10
410.3747433154567
 20
2777.646370294696
 30
0.0
 50
90.0
  0
INSERT
  5
91
330
17
100
AcDbEntity
  8
CNC
370
-3
100
AcDbBlockReference
  2
ovan8.5x20
 10
410.3747433154567
 20
2027.6463702946821
 30
0.0
 41
-1.0
 50
90.0
  0
INSERT
  5
93
330
17
100
AcDbEntity
  8
CNC
370
-3
100
AcDbBlockReference
  2
ovan8.5x20
 10
410.3747433154567
 20
1977.6463702946821
 30
0.0
 41
-1.0
 50
90.0
  0
INSERT
  5
95
330
17
100
AcDbEntity
  8
CNC
370
-3
100
AcDbBlockReference
  2
ovan8.5x20
 10
410.3747433154567
 20
1927.6463702946821
 30
0.0
 41
-1.0
 50
90.0
  0
INSERT
  5
97
330
17
100
AcDbEntity
  8
CNC
370
-3
100
AcDbBlockReference
  2
ovan8.5x20
 10
410.3747433154567
 20
1877.6463702946821
 30
0.0
 41
-1.0
 50
90.0
  0
INSERT
  5
99
330
17
100
AcDbEntity
  8
CNC
370
-3
100
AcDbBlockReference
  2
ovan8.5x20
 10
410.3747433154567
 20
1827.6463702946821
 30
0.0
 41
-1.0
 50
90.0
  0
INSERT
  5
9B
330
17
100
AcDbEntity
  8
CNC
370
-3
100
AcDbBlockReference
  2
ovan8.5x20
 10
410.3747433154567
 20
1777.6463702946821
 30
0.0
 41
-1.0
 50
90.0
  0
INSERT
  5
9D
330
17
100
AcDbEntity
  8
CNC
370
-3
100
AcDbBlockReference
  2
ovan8.5x20
 10
410.3747433154567
 20
1727.6463702946821
 30
0.0
 41
-1.0
 50
90.0
  0
INSERT
  5
9F
330
17
100
AcDbEntity
  8
CNC
370
-3
100
AcDbBlockReference
  2
ovan8.5x20
 10
410.3747433154567
 20
1677.6463702946821
 30
0.0
 41
-1.0
 50
90.0
  0
INSERT
  5
A1
330
17
100
AcDbEntity
  8
CNC
370
-3
100
AcDbBlockReference
  2
ovan8.5x20
 10
410.3747433154567
 20
1627.6463702946821
 30
0.0
 41
-1.0
 50
90.0
  0
INSERT
  5
A3
330
17
100
AcDbEntity
  8
CNC
370
-3
100
AcDbBlockReference
  2
ovan8.5x20
 10
410.3747433154567
 20
1577.6463702946821
 30
0.0
 41
-1.0
 50
90.0
  0
INSERT
  5
A5
330
17
100
AcDbEntity
  8
CNC
370
-3
100
AcDbBlockReference
  2
ovan8.5x20
 10
410.3747433154567
 20
1527.6463702946821
 30
0.0
 41
-1.0
 50
90.0
  0
INSERT
  5
A7
330
17
100
AcDbEntity
  8
CNC
370
-3
100
AcDbBlockReference
  2
ovan8.5x20
 10
410.3747433154567
 20
1477.6463702946821
 30
0.0
 41
-1.0
 50
90.0
  0
INSERT
  5
A9
330
17
100
AcDbEntity
  8
CNC
370
-3
100
AcDbBlockReference
  2
ovan8.5x20
 10
410.3747433154567
 20
1427.6463702946821
 30
0.0
 41
-1.0
 50
90.0
  0
INSERT
  5
AB
330
17
100
AcDbEntity
  8
CNC
370
-3
100
AcDbBlockReference
  2
ovan8.5x20
 10
410.3747433154567
 20
1377.6463702946821
 30
0.0
 41
-1.0
 50
90.0
  0
LWPOLYLINE
  5
AD
330
17
100
AcDbEntity
  8
0
 62
2
100
AcDbPolyline
 90
4
 70
1
 10
402.8747433154567
 20
2357.1463702946967
 10
417.8747433154567
 20
2357.1463702946967
 10
417.8747433154567
 20
2348.1463702946967
 10
402.8747433154567
 20
2348.1463702946967
  0
LWPOLYLINE
  5
AE
330
17
100
AcDbEntity
  8
0
 62
2
100
AcDbPolyline
 90
4
 70
1
 10
402.8747433154567
 20
2807.146370294696
 10
417.8747433154567
 20
2807.146370294696
 10
417.8747433154567
 20
2798.146370294696
 10
402.8747433154567
 20
2798.146370294696
  0
LWPOLYLINE
  5
AF
330
17
100
AcDbEntity
  8
0
 62
2
100
AcDbPolyline
 90
4
 70
1
 10
402.8747433154567
 20
1807.1463702946967
 10
417.8747433154567
 20
1807.1463702946967
 10
417.8747433154567
 20
1798.1463702946967
 10
402.8747433154567
 20
1798.1463702946967
  0
LWPOLYLINE
  5
B0
330
17
100
AcDbEntity
  8
0
 62
2
100
AcDbPolyline
 90
4
 70
1
 10
402.8747433154567
 20
1357.1463702946967
 10
417.8747433154567
 20
1357.1463702946967
 10
417.8747433154567
 20
1348.1463702946967
 10
402.8747433154567
 20
1348.1463702946967
  0
INSERT
  5
B1
330
17
100
AcDbEntity
  8
CNC
370
-3
100
AcDbBlockReference
  2
ovan8.5x20
 10
410.3747433154567
 20
2402.6463702946967
 30
0.0
 50
90.0
  0
INSERT
  5
B3
330
17
100
AcDbEntity
  8
CNC
370
-3
100
AcDbBlockReference
  2
ovan8.5x20
 10
410.3747433154567
 20
2452.6463702946967
 30
0.0
 50
90.0
  0
INSERT
  5
B5
330
17
100
AcDbEntity
  8
CNC
370
-3
100
AcDbBlockReference
  2
ovan8.5x20
 10
410.3747433154567
 20
2502.6463702946967
 30
0.0
 50
90.0
  0
INSERT
  5
B7
330
17
100
AcDbEntity
  8
CNC
370
-3
100
AcDbBlockReference
  2
ovan8.5x20
 10
410.3747433154567
 20
2552.6463702946967
 30
0.0
 50
90.0
  0
INSERT
  5
B9
330
17
100
AcDbEntity
  8
CNC
370
-3
100
AcDbBlockReference
  2
ovan8.5x20
 10
410.3747433154567
 20
2602.6463702946967
 30
0.0
 50
90.0
  0
INSERT
  5
BB
330
17
100
AcDbEntity
  8
CNC
370
-3
100
AcDbBlockReference
  2
ovan8.5x20
 10
410.3747433154567
 20
2652.6463702946967
 30
0.0
 50
90.0
  0
INSERT
  5
BD
330
17
100
AcDbEntity
  8
CNC
370
-3
100
AcDbBlockReference
  2
ovan8.5x20
 10
410.3747433154567
 20
2702.646370294696
 30
0.0
 50
90.0
  0
INSERT
  5
BF
330
17
100
AcDbEntity
  8
CNC
370
-3
100
AcDbBlockReference
  2
ovan8.5x20
 10
410.3747433154567
 20
2752.646370294696
 30
0.0
 50
90.0
  0
INSERT
  5
C1
330
17
100
AcDbEntity
  8
CNC
370
-3
100
AcDbBlockReference
  2
ovan8.5x20
 10
410.3747433154567
 20
2052.6463702946967
 30
0.0
 50
90.0
  0
INSERT
  5
C3
330
17
100
AcDbEntity
  8
CNC
370
-3
100
AcDbBlockReference
  2
ovan8.5x20
 10
410.3747433154567
 20
2102.6463702946967
 30
0.0
 50
90.0
  0
INSERT
  5
C5
330
17
100
AcDbEntity
  8
CNC
370
-3
100
AcDbBlockReference
  2
ovan8.5x20
 10
410.3747433154567
 20
2152.6463702946967
 30
0.0
 50
90.0
  0
INSERT
  5
C7
330
17
100
AcDbEntity
  8
CNC
370
-3
100
AcDbBlockReference
  2
ovan8.5x20
 10
410.3747433154567
 20
2202.6463702946967
 30
0.0
 50
90.0
  0
INSERT
  5
C9
330
17
100
AcDbEntity
  8
CNC
370
-3
100
AcDbBlockReference
  2
ovan8.5x20
 10
410.3747433154567
 20
2252.6463702946967
 30
0.0
 50
90.0
  0
INSERT
  5
CB
330
17
100
AcDbEntity
  8
CNC
370
-3
100
AcDbBlockReference
  2
ovan8.5x20
 10
410.3747433154567
 20
2302.6463702946967
 30
0.0
 50
90.0
  0
INSERT
  5
CD
330
17
100
AcDbEntity
  8
CNC
370
-3
100
AcDbBlockReference
  2
ovan8.5x20
 10
410.3747433154567
 20
2002.6463702946821
 30
0.0
 41
-1.0
 50
90.0
  0
INSERT
  5
CF
330
17
100
AcDbEntity
  8
CNC
370
-3
100
AcDbBlockReference
  2
ovan8.5x20
 10
410.3747433154567
 20
1952.6463702946821
 30
0.0
 41
-1.0
 50
90.0
  0
INSERT
  5
D1
330
17
100
AcDbEntity
  8
CNC
370
-3
100
AcDbBlockReference
  2
ovan8.5x20
 10
410.3747433154567
 20
1902.6463702946821
 30
0.0
 41
-1.0
 50
90.0
  0
INSERT
  5
D3
330
17
100
AcDbEntity
  8
CNC
370
-3
100
AcDbBlockReference
  2
ovan8.5x20
 10
410.3747433154567
 20
1852.6463702946821
 30
0.0
 41
-1.0
 50
90.0
  0
INSERT
  5
D5
330
17
100
AcDbEntity
  8
CNC
370
-3
100
AcDbBlockReference
  2
ovan8.5x20
 10
410.3747433154567
 20
1752.6463702946821
 30
0.0
 41
-1.0
 50
90.0
  0
INSERT
  5
D7
330
17
100
AcDbEntity
  8
CNC
370
-3
100
AcDbBlockReference
  2
ovan8.5x20
 10
410.3747433154567
 20
1702.6463702946821
 30
0.0
 41
-1.0
 50
90.0
  0
INSERT
  5
D9
330
17
100
AcDbEntity
  8
CNC
370
-3
100
AcDbBlockReference
  2
ovan8.5x20
 10
410.3747433154567
 20
1652.6463702946821
 30
0.0
 41
-1.0
 50
90.0
  0
INSERT
  5
DB
330
17
100
AcDbEntity
  8
CNC
370
-3
100
AcDbBlockReference
  2
ovan8.5x20
 10
410.3747433154567
 20
1602.6463702946821
 30
0.0
 41
-1.0
 50
90.0
  0
INSERT
  5
DD
330
17
100
AcDbEntity
  8
CNC
370
-3
100
AcDbBlockReference
  2
ovan8.5x20
 10
410.3747433154567
 20
1552.6463702946821
 30
0.0
 41
-1.0
 50
90.0
  0
INSERT
  5
DF
330
17
100
AcDbEntity
  8
CNC
370
-3
100
AcDbBlockReference
  2
ovan8.5x20
 10
410.3747433154567
 20
1502.6463702946821
 30
0.0
 41
-1.0
 50
90.0
  0
INSERT
  5
E1
330
17
100
AcDbEntity
  8
CNC
370
-3
100
AcDbBlockReference
  2
ovan8.5x20
 10
410.3747433154567
 20
1452.6463702946821
 30
0.0
 41
-1.0
 50
90.0
  0
INSERT
  5
E3
330
17
100
AcDbEntity
  8
CNC
370
-3
100
AcDbBlockReference
  2
ovan8.5x20
 10
410.3747433154567
 20
1402.6463702946821
 30
0.0
 41
-1.0
 50
90.0
  0
MTEXT
  5
E5
330
17
100
AcDbEntity
  8
0
 62
7
100
AcDbMText
 10
888.777939421605
 20
251.8003927165853
 30
0.0
 40
40.0
 41
915.0000000000146
 46
100.0000000000031
 71
5
 72
5
  1
Tấm nóc: 02 tấm
  0
MTEXT
  5
E6
330
17
100
AcDbEntity
  8
0
 62
7
100
AcDbMText
 10
2042.158879264709
 20
259.85082070915837
 30
0.0
 40
40.0
 41
915.0000000000146
 46
100.0000000000031
 71
5
 72
5
  1
Tấm đáy: 02 tấm
  0
MTEXT
  5
E7
330
17
100
AcDbEntity
  8
0
 62
7
100
AcDbMText
 10
677.3288874201171
 20
1038.3152209898544
 30
0.0
 40
40.0
 41
915.0000000000146
 46
100.0000000000031
 71
5
 72
5
  1
Thành trái: 02 tấm
  0
LINE
  5
E8
330
17
100
AcDbEntity
  8
0
 62
7
100
AcDbLine
 10
3657.657568688868
 20
947.9660947153243
 30
0.0
 11
3976.657568688861
 21
947.9660947153243
 31
0.0
  0
LINE
  5
E9
330
17
100
AcDbEntity
  8
0
 62
7
100
AcDbLine
 10
3607.657568688868
 20
897.9660947153243
 30
0.0
 11
4026.657568688868
 21
897.9660947153243
 31
0.0
  0
LINE
  5
EA
330
17
100
AcDbEntity
  8
0
 62
7
100
AcDbLine
 10
4026.657568688868
 20
897.9660947153243
 30
0.0
 11
4026.657568688868
 21
797.9660947153242
 31
0.0
  0
LINE
  5
EB
330
17
100
AcDbEntity
  8
0
 62
7
100
AcDbLine
 10
3976.657568688861
 20
747.9660947153242
 30
0.0
 11
3657.657568688868
 21
747.9660947153242
 31
0.0
  0
LINE
  5
EC
330
17
100
AcDbEntity
  8
0
 62
7
100
AcDbLine
 10
4026.657568688868
 20
797.9660947153242
 30
0.0
 11
3607.657568688868
 21
797.9660947153242
 31
0.0
  0
LINE
  5
ED
330
17
100
AcDbEntity
  8
0
 62
7
100
AcDbLine
 10
3607.657568688868
 20
797.9660947153242
 30
0.0
 11
3607.657568688868
 21
897.9660947153243
 31
0.0
  0
LINE
  5
EE
330
17
100
AcDbEntity
  8
0
 62
7
100
AcDbLine
 10
3607.657568688868
 20
797.9660947153242
 30
0.0
 11
3657.657568688868
 21
747.9660947153242
 31
0.0
  0
LINE
  5
EF
330
17
100
AcDbEntity
  8
0
 62
7
100
AcDbLine
 10
3607.657568688868
 20
897.9660947153243
 30
0.0
 11
3657.657568688868
 21
947.9660947153243
 31
0.0
  0
LINE
  5
F0
330
17
100
AcDbEntity
  8
0
 62
7
100
AcDbLine
 10
3976.657568688861
 20
947.9660947153243
 30
0.0
 11
4026.657568688868
 21
897.9660947153243
 31
0.0
  0
LINE
  5
F1
330
17
100
AcDbEntity
  8
0
 62
7
100
AcDbLine
 10
4026.657568688868
 20
797.9660947153242
 30
0.0
 11
3976.657568688861
 21
747.9660947153242
 31
0.0
  0
LINE
  5
F2
330
17
100
AcDbEntity
  8
0
 62
7
100
AcDbLine
 10
3500.936460280165
 20
552.8501563578393
 30
0.0
 11
4196.936460280158
 21
552.8501563578393
 31
0.0
  0
LINE
  5
F3
330
17
100
AcDbEntity
  8
0
 62
7
100
AcDbLine
 10
3450.936460280158
 20
502.8501563578393
 30
0.0
 11
4246.936460280158
 21
502.8501563578393
 31
0.0
  0
LINE
  5
F4
330
17
100
AcDbEntity
  8
0
 62
7
100
AcDbLine
 10
4246.936460280158
 20
502.8501563578393
 30
0.0
 11
4246.936460280158
 21
402.8501563578393
 31
0.0
  0
LINE
  5
F5
330
17
100
AcDbEntity
  8
0
 62
7
100
AcDbLine
 10
4196.936460280158
 20
352.8501563578393
 30
0.0
 11
3500.936460280165
 21
352.8501563578393
 31
0.0
  0
LINE
  5
F6
330
17
100
AcDbEntity
  8
0
 62
7
100
AcDbLine
 10
4246.936460280158
 20
402.8501563578393
 30
0.0
 11
3450.936460280158
 21
402.8501563578393
 31
0.0
  0
LINE
  5
F7
330
17
100
AcDbEntity
  8
0
 62
7
100
AcDbLine
 10
3450.936460280158
 20
402.8501563578393
 30
0.0
 11
3450.936460280158
 21
502.8501563578393
 31
0.0
  0
LINE
  5
F8
330
17
100
AcDbEntity
  8
0
 62
7
100
AcDbLine
 10
3450.936460280158
 20
402.8501563578393
 30
0.0
 11
3500.936460280165
 21
352.8501563578393
 31
0.0
  0
LINE
  5
F9
330
17
100
AcDbEntity
  8
0
 62
7
100
AcDbLine
 10
3450.936460280158
 20
502.8501563578393
 30
0.0
 11
3500.936460280165
 21
552.8501563578393
 31
0.0
  0
LINE
  5
FA
330
17
100
AcDbEntity
  8
0
 62
7
100
AcDbLine
 10
4196.936460280158
 20
552.8501563578393
 30
0.0
 11
4246.936460280158
 21
502.8501563578393
 31
0.0
  0
LINE
  5
FB
330
17
100
AcDbEntity
  8
0
 62
7
100
AcDbLine
 10
4246.936460280158
 20
402.8501563578393
 30
0.0
 11
4196.936460280158
 21
352.8501563578393
 31
0.0
  0
INSERT
  5
FC
330
17
100
AcDbEntity
  8
CNC
370
-3
100
AcDbBlockReference
  2
ovan8.5x20
 10
4148.936460280151
 20
527.8501563578393
 30
0.0
 50
180.0
  0
INSERT
  5
FE
330
17
100
AcDbEntity
  8
CNC
370
-3
100
AcDbBlockReference
  2
ovan8.5x20
 10
4148.936460280151
 20
377.8501563578543
 30
0.0
 41
-1.0
  0
INSERT
  5
100
330
17
100
AcDbEntity
  8
0
370
-3
100
AcDbBlockReference
  2
f3daunguoc
 10
3622.6575686888755
 20
897.9660947153243
 30
0.0
 50
270.0
  0
INSERT
  5
102
330
17
100
AcDbEntity
  8
0
370
-3
100
AcDbBlockReference
  2
f3daunguoc
 10
3622.6575686888755
 20
797.9660947153242
 30
0.0
 50
270.0
  0
INSERT
  5
104
330
17
100
AcDbEntity
  8
0
370
-3
100
AcDbBlockReference
  2
f3daunguoc
 10
3465.9364602801797
 20
502.8501563578393
 30
0.0
 50
270.0
  0
INSERT
  5
106
330
17
100
AcDbEntity
  8
0
370
-3
100
AcDbBlockReference
  2
f3daunguoc
 10
3465.9364602801797
 20
402.8501563578393
 30
0.0
 50
270.0
  0
INSERT
  5
108
330
17
100
AcDbEntity
  8
0
370
-3
100
AcDbBlockReference
  2
f3daunguoc
 10
4231.936460280151
 20
502.8501563578393
 30
0.0
 41
-1.0
 50
90.0
  0
INSERT
  5
10A
330
17
100
AcDbEntity
  8
0
370
-3
100
AcDbBlockReference
  2
f3daunguoc
 10
4231.936460280151
 20
402.8501563578393
 30
0.0
 41
-1.0
 50
90.0
  0
INSERT
  5
10C
330
17
100
AcDbEntity
  8
0
370
-3
100
AcDbBlockReference
  2
f3daunguoc
 10
4011.6575686888245
 20
897.9660947153243
 30
0.0
 41
-1.0
 50
90.0
  0
INSERT
  5
10E
330
17
100
AcDbEntity
  8
0
370
-3
100
AcDbBlockReference
  2
f3daunguoc
 10
4011.6575686888245
 20
797.9660947153242
 30
0.0
 41
-1.0
 50
90.0
  0
DIMENSION
  5
110
330
17
100
AcDbEntity
  8
DIM
 62
7
100
AcDbDimension
280
0
  2
*D9
  3
Dim-25
 10
4318.66702195791
 20
352.8501563578393
 30
0.0
 11
4295.902697264857
 21
452.85015635783134
 31
0.0
 70
32
 71
5
 42
200.0
 73
0
 74
0
 75
0
100
AcDbAlignedDimension
 13
4196.936460280158
 23
552.8501563578393
 33
0.0
 14
4196.936460280158
 24
352.8501563578393
 34
0.0
 50
90.0
100
AcDbRotatedDimension
  0
DIMENSION
  5
111
330
17
100
AcDbEntity
  8
DIM
 62
7
100
AcDbDimension
280
0
  2
*D10
  3
Dim-25
 10
4246.936460280158
 20
296.32359125912626
 30
0.0
 11
3848.936460280158
 21
319.08791595216826
 31
0.0
 70
32
 71
5
 42
796.0
 73
0
 74
0
 75
0
100
AcDbAlignedDimension
 13
3450.936460280158
 23
402.8501563578393
 33
0.0
 14
4246.936460280158
 24
402.8501563578393
 34
0.0
 50
0.0
100
AcDbRotatedDimension
  0
DIMENSION
  5
112
330
17
100
AcDbEntity
  8
DIM
 62
7
100
AcDbDimension
280
0
  2
*D11
  3
Dim-25
 10
4026.657568688868
 20
691.4395296166113
 30
0.0
 11
3817.157568688868
 21
714.2038543096537
 31
0.0
 70
32
 71
5
 42
419.0
 73
0
 74
0
 75
0
100
AcDbAlignedDimension
 13
3607.657568688868
 23
797.9660947153242
 33
0.0
 14
4026.657568688868
 24
797.9660947153242
 34
0.0
 50
0.0
100
AcDbRotatedDimension
  0
DIMENSION
  5
113
330
17
100
AcDbEntity
  8
DIM
 62
7
100
AcDbDimension
280
0
  2
*D12
  3
Dim-25
 10
4090.7155752603285
 20
747.9660947153242
 30
0.0
 11
4067.9512505672756
 21
847.9660947153166
 31
0.0
 70
32
 71
5
 42
200.0
 73
0
 74
0
 75
0
100
AcDbAlignedDimension
 13
3976.657568688861
 23
947.9660947153243
 33
0.0
 14
3976.657568688861
 24
747.9660947153242
 34
0.0
 50
90.0
100
AcDbRotatedDimension
  0
DIMENSION
  5
114
330
17
100
AcDbEntity
  8
DIM
 62
7
100
AcDbDimension
280
0
  2
*D13
  3
Dim-25
 10
3555.3066211516707
 20
897.9660947153243
 30
0.0
 11
3555.3066211516707
 21
922.9660947153166
 31
0.0
 70
160
 71
5
 42
50.0
 73
0
 74
0
 75
0
100
AcDbAlignedDimension
 13
3657.657568688868
 23
947.9660947153243
 33
0.0
 14
3607.657568688868
 24
897.9660947153243
 34
0.0
 50
90.0
100
AcDbRotatedDimension
  0
DIMENSION
  5
115
330
17
100
AcDbEntity
  8
DIM
 62
7
100
AcDbDimension
280
0
  2
*D14
  3
Dim-25
 10
3555.306621151656
 20
797.9660947153238
 30
0.0
 11
3532.542296458618
 21
847.9660947153377
 31
0.0
 70
32
 71
5
 42
100.0
 73
0
 74
0
 75
0
100
AcDbAlignedDimension
 13
3607.657568688868
 23
897.9660947153243
 33
0.0
 14
3607.657568688868
 24
797.9660947153242
 34
0.0
 50
90.0
100
AcDbRotatedDimension
  0
DIMENSION
  5
116
330
17
100
AcDbEntity
  8
DIM
 62
7
100
AcDbDimension
280
0
  2
*D15
  3
Dim-25
 10
3555.306621151656
 20
747.9660947153238
 30
0.0
 11
3555.306621151678
 21
772.9660947153242
 31
0.0
 70
160
 71
5
 42
50.0
 73
0
 74
0
 75
0
100
AcDbAlignedDimension
 13
3607.657568688868
 23
797.9660947153242
 33
0.0
 14
3657.657568688868
 24
747.9660947153242
 34
0.0
 50
90.0
100
AcDbRotatedDimension
  0
DIMENSION
  5
117
330
17
100
AcDbEntity
  8
DIM
 62
7
100
AcDbDimension
280
0
  2
*D16
  3
Dim-25
 10
3398.5855127429604
 20
502.8501563578393
 30
0.0
 11
3398.5855127429604
 21
527.8501563578322
 31
0.0
 70
160
 71
5
 42
50.0
 73
0
 74
0
 75
0
100
AcDbAlignedDimension
 13
3500.936460280165
 23
552.8501563578393
 33
0.0
 14
3450.936460280158
 24
502.8501563578393
 34
0.0
 50
90.0
100
AcDbRotatedDimension
  0
DIMENSION
  5
118
330
17
100
AcDbEntity
  8
DIM
 62
7
100
AcDbDimension
280
0
  2
*D17
  3
Dim-25
 10
3398.585512742946
 20
402.8501563578393
 30
0.0
 11
3375.8211880499075
 21
452.85015635785226
 31
0.0
 70
32
 71
5
 42
100.0
 73
0
 74
0
 75
0
100
AcDbAlignedDimension
 13
3450.936460280158
 23
502.8501563578393
 33
0.0
 14
3450.936460280158
 24
402.8501563578393
 34
0.0
 50
90.0
100
AcDbRotatedDimension
  0
DIMENSION
  5
119
330
17
100
AcDbEntity
  8
DIM
 62
7
100
AcDbDimension
280
0
  2
*D18
  3
Dim-25
 10
3398.585512742946
 20
352.8501563578393
 30
0.0
 11
3398.585512742975
 21
377.8501563578393
 31
0.0
 70
160
 71
5
 42
50.0
 73
0
 74
0
 75
0
100
AcDbAlignedDimension
 13
3450.936460280158
 23
402.8501563578393
 33
0.0
 14
3500.936460280165
 24
352.8501563578393
 34
0.0
 50
90.0
100
AcDbRotatedDimension
  0
MTEXT
  5
11A
330
17
100
AcDbEntity
  8
0
 62
7
100
AcDbMText
 10
3830.3809399975653
 20
659.8447733660803
 30
0.0
 40
40.0
 41
1015.000000000014
 46
100.0000000000031
 71
5
 72
5
  1
Đế tủ: 02 tấm
  0
MTEXT
  5
11B
330
17
100
AcDbEntity
  8
0
 62
7
100
AcDbMText
 10
3818.0770528839857
 20
264.70389154422423
 30
0.0
 40
40.0
 41
915.0000000000146
 46
100.0000000000031
 71
5
 72
5
  1
Đế tủ: 02 tấm
  0
INSERT
  5
11C
330
17
100
AcDbEntity
  8
CNC
370
-3
100
AcDbBlockReference
  2
ovan8.5x20
 10
3548.9364602801797
 20
527.8501563578393
 30
0.0
 41
-1.0
 50
180.0
  0
INSERT
  5
11E
330
17
100
AcDbEntity
  8
CNC
370
-3
100
AcDbBlockReference
  2
ovan8.5x20
 10
3548.9364602801797
 20
377.8501563578543
 30
0.0
  0
LWPOLYLINE
  5
120
330
17
100
AcDbEntity
  8
0
 62
7
100
AcDbPolyline
 90
4
 70
0
 10
2328.334800964294
 20
2885.6463702946894
 10
2313.334800964294
 20
2885.6463702946894
 10
2313.334800964294
 20
1269.6463702946894
 10
2328.334800964294
 20
1269.6463702946894
  0
LWPOLYLINE
  5
121
330
17
100
AcDbEntity
  8
0
 62
7
100
AcDbPolyline
 90
2
 70
0
 10
2368.334800964294
 20
1229.6463702946894
 10
2787.334800964294
 20
1229.6463702946894
  0
LWPOLYLINE
  5
122
330
17
100
AcDbEntity
  8
0
 62
7
100
AcDbPolyline
 90
2
 70
0
 10
2827.334800964294
 20
1269.6463702946894
 10
2852.334800964294
 20
1269.6463702946894
  0
LWPOLYLINE
  5
123
330
17
100
AcDbEntity
  8
0
 62
7
100
AcDbPolyline
 90
2
 70
0
 10
2852.334800964294
 20
2885.6463702946894
 10
2827.334800964294
 20
2885.6463702946894
  0
LWPOLYLINE
  5
124
330
17
100
AcDbEntity
  8
0
 62
7
100
AcDbPolyline
 90
2
 70
0
 10
2787.334800964294
 20
2925.6463702946894
 10
2368.334800964294
 20
2925.6463702946894
  0
LINE
  5
125
330
17
100
AcDbEntity
  8
0
 62
7
100
AcDbLine
 10
2328.334800964294
 20
2885.6463702946894
 30
0.0
 11
2328.334800964294
 21
1269.6463702946894
 31
0.0
  0
LINE
  5
126
330
17
100
AcDbEntity
  8
0
 62
7
100
AcDbLine
 10
2368.334800964294
 20
2925.6463702946894
 30
0.0
 11
2368.334800964294
 21
1229.6463702946894
 31
0.0
  0
LINE
  5
127
330
17
100
AcDbEntity
  8
0
 62
7
100
AcDbLine
 10
2787.334800964294
 20
2925.6463702946894
 30
0.0
 11
2787.334800964294
 21
1229.6463702946894
 31
0.0
  0
LINE
  5
128
330
17
100
AcDbEntity
  8
0
 62
7
100
AcDbLine
 10
2852.334800964294
 20
2885.6463702946894
 30
0.0
 11
2852.334800964294
 21
1269.6463702946894
 31
0.0
  0
LINE
  5
129
330
17
100
AcDbEntity
  8
0
 62
7
100
AcDbLine
 10
2877.334800964294
 20
2860.6463702946894
 30
0.0
 11
2877.334800964294
 21
1294.6463702946894
 31
0.0
  0
LINE
  5
12A
330
17
100
AcDbEntity
  8
0
 62
7
100
AcDbLine
 10
2827.334800964294
 20
2885.6463702946894
 30
0.0
 11
2827.334800964294
 21
1269.6463702946894
 31
0.0
  0
DIMENSION
  5
12B
330
17
100
AcDbEntity
  8
DIM
 62
7
100
AcDbDimension
280
0
  2
*D19
  3
Dim-25
 10
2249.066747038174
 20
1229.6463702946894
 30
0.0
 11
2226.3024223451284
 21
2077.6463702946817
 31
0.0
 70
32
 71
5
 42
1696.0
 73
0
 74
0
 75
0
100
AcDbAlignedDimension
 13
2368.334800964294
 23
2925.6463702946894
 33
0.0
 14
2368.334800964294
 24
1229.6463702946894
 34
0.0
 50
90.0
100
AcDbRotatedDimension
  0
DIMENSION
  5
12C
330
17
100
AcDbEntity
  8
DIM
 62
7
100
AcDbDimension
280
0
  2
*D20
  3
Dim-25
 10
2368.334800964294
 20
2991.2815063897106
 30
0.0
 11
2603.334800964294
 21
2991.2815063897106
 31
0.0
 70
160
 71
5
 42
419.0
 73
0
 74
0
 75
0
100
AcDbAlignedDimension
 13
2787.334800964294
 23
2925.6463702946894
 33
0.0
 14
2368.334800964294
 24
2925.6463702946894
 34
0.0
 50
180.0
100
AcDbRotatedDimension
  0
DIMENSION
  5
12D
330
17
100
AcDbEntity
  8
DIM
 62
7
100
AcDbDimension
280
0
  2
*D21
  3
Dim-25
 10
2328.334800964294
 20
2991.2815063897106
 30
0.0
 11
2348.334800964294
 21
2991.2815063897106
 31
0.0
 70
160
 71
5
 42
40.0
 73
0
 74
0
 75
0
100
AcDbAlignedDimension
 13
2368.334800964294
 23
2925.6463702946894
 33
0.0
 14
2328.334800964294
 24
2885.6463702946894
 34
0.0
 50
180.0
100
AcDbRotatedDimension
  0
DIMENSION
  5
12E
330
17
100
AcDbEntity
  8
DIM
 62
7
100
AcDbDimension
280
0
  2
*D22
  3
Dim-25
 10
2313.334800964294
 20
2991.2815063897106
 30
0.0
 11
2270.5118132425996
 21
3014.0458310827526
 31
0.0
 70
32
 71
5
 42
15.0
 73
0
 74
0
 75
0
100
AcDbAlignedDimension
 13
2328.334800964294
 23
2885.6463702946894
 33
0.0
 14
2313.334800964294
 24
2885.6463702946894
 34
0.0
 50
180.0
100
AcDbRotatedDimension
  0
LINE
  5
12F
330
17
100
AcDbEntity
  8
0
 62
7
100
AcDbLine
 10
2368.334800964294
 20
1229.6463702946894
 30
0.0
 11
2328.334800964294
 21
1269.6463702946894
 31
0.0
  0
LINE
  5
130
330
17
100
AcDbEntity
  8
0
 62
7
100
AcDbLine
 10
2368.334800964294
 20
2925.6463702946894
 30
0.0
 11
2328.334800964294
 21
2885.6463702946894
 31
0.0
  0
DIMENSION
  5
131
330
17
100
AcDbEntity
  8
DIM
 62
7
100
AcDbDimension
280
0
  2
*D23
  3
Dim-25
 10
2313.334800964294
 20
1163.7025907765637
 30
0.0
 11
2595.334800964294
 21
1186.4669154696062
 31
0.0
 70
32
 71
5
 42
564.0
 73
0
 74
0
 75
0
100
AcDbAlignedDimension
 13
2877.334800964294
 23
1295.6463702946894
 33
0.0
 14
2313.334800964294
 24
1269.6463702946894
 34
0.0
 50
180.0
100
AcDbRotatedDimension
  0
LINE
  5
132
330
17
100
AcDbEntity
  8
0
 62
7
100
AcDbLine
 10
2797.377100637801
 20
1108.7172578840873
 30
0.0
 11
2378.377100637801
 21
1108.7172578840873
 31
0.0
  0
LINE
  5
133
330
17
100
AcDbEntity
  8
0
 62
7
100
AcDbLine
 10
2378.377100637801
 20
1108.7172578840873
 30
0.0
 11
2378.377100637801
 21
1153.7172578840873
 31
0.0
  0
LINE
  5
134
330
17
100
AcDbEntity
  8
0
 62
7
100
AcDbLine
 10
2378.377100637801
 20
1153.7172578840873
 30
0.0
 11
2390.377100637801
 21
1153.7172578840873
 31
0.0
  0
LINE
  5
135
330
17
100
AcDbEntity
  8
0
 62
7
100
AcDbLine
 10
2797.377100637801
 20
1108.7172578840873
 30
0.0
 11
2797.377100637801
 21
1153.7172578840873
 31
0.0
  0
DIMENSION
  5
136
330
17
100
AcDbEntity
  8
DIM
 62
7
100
AcDbDimension
280
0
  2
*D24
  3
Dim-25
 10
2827.334800964294
 20
2991.2815063897106
 30
0.0
 11
2807.334800964294
 21
2991.2815063897106
 31
0.0
 70
160
 71
5
 42
40.0
 73
0
 74
0
 75
0
100
AcDbAlignedDimension
 13
2787.334800964294
 23
2925.6463702946894
 33
0.0
 14
2827.334800964294
 24
2885.6463702946894
 34
0.0
 50
180.0
100
AcDbRotatedDimension
  0
LINE
  5
137
330
17
100
AcDbEntity
  8
0
 62
7
100
AcDbLine
 10
2797.377100637801
 20
1153.7172578840873
 30
0.0
 11
2772.377100637801
 21
1153.7172578840873
 31
0.0
  0
LINE
  5
138
330
17
100
AcDbEntity
  8
0
 62
7
100
AcDbLine
 10
2772.377100637801
 20
1153.7172578840873
 30
0.0
 11
2772.377100637801
 21
1177.7172578840873
 31
0.0
  0
LINE
  5
139
330
17
100
AcDbEntity
  8
0
 62
7
100
AcDbLine
 10
2827.334800964294
 20
1269.6463702946894
 30
0.0
 11
2787.334800964294
 21
1229.6463702946894
 31
0.0
  0
LINE
  5
13A
330
17
100
AcDbEntity
  8
0
 62
7
100
AcDbLine
 10
2827.334800964294
 20
2885.6463702946894
 30
0.0
 11
2787.334800964294
 21
2925.6463702946894
 31
0.0
  0
LINE
  5
13B
330
17
100
AcDbEntity
  8
0
 62
7
100
AcDbLine
 10
2852.334800964294
 20
2885.6463702946894
 30
0.0
 11
2877.334800964294
 21
2860.6463702946894
 31
0.0
  0
LINE
  5
13C
330
17
100
AcDbEntity
  8
0
 62
7
100
AcDbLine
 10
2852.334800964294
 20
1269.6463702946894
 30
0.0
 11
2877.334800964294
 21
1294.6463702946894
 31
0.0
  0
INSERT
  5
13D
330
17
100
AcDbEntity
  8
0
370
-3
100
AcDbBlockReference
  2
f3daunguoc
 10
2787.334800964294
 20
2910.6463702946894
 30
0.0
 50
180.0
  0
INSERT
  5
13F
330
17
100
AcDbEntity
  8
0
370
-3
100
AcDbBlockReference
  2
f3daunguoc
 10
2827.334800964294
 20
2870.6463702946894
 30
0.0
 50
180.0
  0
INSERT
  5
141
330
17
100
AcDbEntity
  8
0
370
-3
100
AcDbBlockReference
  2
f3daunguoc
 10
2368.334800964294
 20
2910.6463702946894
 30
0.0
 50
180.0
  0
INSERT
  5
143
330
17
100
AcDbEntity
  8
0
370
-3
100
AcDbBlockReference
  2
f3daunguoc
 10
2328.334800964294
 20
2870.6463702946894
 30
0.0
 50
180.0
  0
INSERT
  5
145
330
17
100
AcDbEntity
  8
0
370
-3
100
AcDbBlockReference
  2
f2dauxuoi
 10
2852.334800964294
 20
2870.6463702946894
 30
0.0
 41
-1.0
  0
INSERT
  5
147
330
17
100
AcDbEntity
  8
0
370
-3
100
AcDbBlockReference
  2
f3daunguoc
 10
2787.334800964294
 20
1244.6463702946894
 30
0.0
 41
-1.0
  0
INSERT
  5
149
330
17
100
AcDbEntity
  8
0
370
-3
100
AcDbBlockReference
  2
f3daunguoc
 10
2827.334800964294
 20
1284.6463702946894
 30
0.0
 41
-1.0
  0
INSERT
  5
14B
330
17
100
AcDbEntity
  8
0
370
-3
100
AcDbBlockReference
  2
f3daunguoc
 10
2368.334800964294
 20
1244.6463702946894
 30
0.0
 41
-1.0
  0
INSERT
  5
14D
330
17
100
AcDbEntity
  8
0
370
-3
100
AcDbBlockReference
  2
f3daunguoc
 10
2328.334800964294
 20
1284.6463702946894
 30
0.0
 41
-1.0
  0
INSERT
  5
14F
330
17
100
AcDbEntity
  8
0
370
-3
100
AcDbBlockReference
  2
f2dauxuoi
 10
2852.334800964294
 20
1284.6463702946894
 30
0.0
 50
180.0
  0
DIMENSION
  5
151
330
17
100
AcDbEntity
  8
DIM
 62
7
100
AcDbDimension
280
0
  2
*D25
  3
Dim-25
 10
2852.334800964294
 20
2991.2815063897106
 30
0.0
 11
2888.54762497521
 21
3014.0458310827526
 31
0.0
 70
32
 71
5
 42
25.0
 73
0
 74
0
 75
0
100
AcDbAlignedDimension
 13
2827.334800964294
 23
2885.6463702946894
 33
0.0
 14
2852.334800964294
 24
2885.6463702946894
 34
0.0
 50
180.0
100
AcDbRotatedDimension
  0
DIMENSION
  5
152
330
17
100
AcDbEntity
  8
DIM
 62
7
100
AcDbDimension
280
0
  2
*D26
  3
Dim-25
 10
2877.334800964294
 20
2937.928950843412
 30
0.0
 11
2913.5476249752173
 21
2960.693275536454
 31
0.0
 70
32
 71
5
 42
25.0
 73
0
 74
0
 75
0
100
AcDbAlignedDimension
 13
2852.334800964294
 23
2885.6463702946894
 33
0.0
 14
2877.334800964294
 24
2860.6463702946894
 34
0.0
 50
180.0
100
AcDbRotatedDimension
  0
INSERT
  5
153
330
17
100
AcDbEntity
  8
CNC
370
-3
100
AcDbBlockReference
  2
ovan8.5x20
 10
2864.834800964294
 20
2077.6463702946967
 30
0.0
 41
-1.0
 50
270.0
  0
INSERT
  5
155
330
17
100
AcDbEntity
  8
CNC
370
-3
100
AcDbBlockReference
  2
ovan8.5x20
 10
2864.834800964294
 20
2127.6463702946967
 30
0.0
 41
-1.0
 50
270.0
  0
INSERT
  5
157
330
17
100
AcDbEntity
  8
CNC
370
-3
100
AcDbBlockReference
  2
ovan8.5x20
 10
2864.834800964294
 20
2177.6463702946967
 30
0.0
 41
-1.0
 50
270.0
  0
INSERT
  5
159
330
17
100
AcDbEntity
  8
CNC
370
-3
100
AcDbBlockReference
  2
ovan8.5x20
 10
2864.834800964294
 20
2227.6463702946967
 30
0.0
 41
-1.0
 50
270.0
  0
INSERT
  5
15B
330
17
100
AcDbEntity
  8
CNC
370
-3
100
AcDbBlockReference
  2
ovan8.5x20
 10
2864.834800964294
 20
2277.6463702946967
 30
0.0
 41
-1.0
 50
270.0
  0
INSERT
  5
15D
330
17
100
AcDbEntity
  8
CNC
370
-3
100
AcDbBlockReference
  2
ovan8.5x20
 10
2864.834800964294
 20
2327.6463702946967
 30
0.0
 41
-1.0
 50
270.0
  0
INSERT
  5
15F
330
17
100
AcDbEntity
  8
CNC
370
-3
100
AcDbBlockReference
  2
ovan8.5x20
 10
2864.834800964294
 20
2377.6463702946967
 30
0.0
 41
-1.0
 50
270.0
  0
INSERT
  5
161
330
17
100
AcDbEntity
  8
CNC
370
-3
100
AcDbBlockReference
  2
ovan8.5x20
 10
2864.834800964294
 20
2427.6463702946967
 30
0.0
 41
-1.0
 50
270.0
  0
INSERT
  5
163
330
17
100
AcDbEntity
  8
CNC
370
-3
100
AcDbBlockReference
  2
ovan8.5x20
 10
2864.834800964294
 20
2477.6463702946967
 30
0.0
 41
-1.0
 50
270.0
  0
INSERT
  5
165
330
17
100
AcDbEntity
  8
CNC
370
-3
100
AcDbBlockReference
  2
ovan8.5x20
 10
2864.834800964294
 20
2527.6463702946967
 30
0.0
 41
-1.0
 50
270.0
  0
INSERT
  5
167
330
17
100
AcDbEntity
  8
CNC
370
-3
100
AcDbBlockReference
  2
ovan8.5x20
 10
2864.834800964294
 20
2577.6463702946967
 30
0.0
 41
-1.0
 50
270.0
  0
INSERT
  5
169
330
17
100
AcDbEntity
  8
CNC
370
-3
100
AcDbBlockReference
  2
ovan8.5x20
 10
2864.834800964294
 20
2627.6463702946967
 30
0.0
 41
-1.0
 50
270.0
  0
INSERT
  5
16B
330
17
100
AcDbEntity
  8
CNC
370
-3
100
AcDbBlockReference
  2
ovan8.5x20
 10
2864.834800964294
 20
2677.6463702946967
 30
0.0
 41
-1.0
 50
270.0
  0
INSERT
  5
16D
330
17
100
AcDbEntity
  8
CNC
370
-3
100
AcDbBlockReference
  2
ovan8.5x20
 10
2864.834800964294
 20
2727.646370294696
 30
0.0
 41
-1.0
 50
270.0
  0
INSERT
  5
16F
330
17
100
AcDbEntity
  8
CNC
370
-3
100
AcDbBlockReference
  2
ovan8.5x20
 10
2864.834800964294
 20
2777.646370294696
 30
0.0
 41
-1.0
 50
270.0
  0
INSERT
  5
171
330
17
100
AcDbEntity
  8
CNC
370
-3
100
AcDbBlockReference
  2
ovan8.5x20
 10
2864.834800964294
 20
2027.6463702946821
 30
0.0
 50
270.0
  0
INSERT
  5
173
330
17
100
AcDbEntity
  8
CNC
370
-3
100
AcDbBlockReference
  2
ovan8.5x20
 10
2864.834800964294
 20
1977.6463702946821
 30
0.0
 50
270.0
  0
INSERT
  5
175
330
17
100
AcDbEntity
  8
CNC
370
-3
100
AcDbBlockReference
  2
ovan8.5x20
 10
2864.834800964294
 20
1927.6463702946821
 30
0.0
 50
270.0
  0
INSERT
  5
177
330
17
100
AcDbEntity
  8
CNC
370
-3
100
AcDbBlockReference
  2
ovan8.5x20
 10
2864.834800964294
 20
1877.6463702946821
 30
0.0
 50
270.0
  0
INSERT
  5
179
330
17
100
AcDbEntity
  8
CNC
370
-3
100
AcDbBlockReference
  2
ovan8.5x20
 10
2864.834800964294
 20
1827.6463702946821
 30
0.0
 50
270.0
  0
INSERT
  5
17B
330
17
100
AcDbEntity
  8
CNC
370
-3
100
AcDbBlockReference
  2
ovan8.5x20
 10
2864.834800964294
 20
1777.6463702946821
 30
0.0
 50
270.0
  0
INSERT
  5
17D
330
17
100
AcDbEntity
  8
CNC
370
-3
100
AcDbBlockReference
  2
ovan8.5x20
 10
2864.834800964294
 20
1727.6463702946821
 30
0.0
 50
270.0
  0
INSERT
  5
17F
330
17
100
AcDbEntity
  8
CNC
370
-3
100
AcDbBlockReference
  2
ovan8.5x20
 10
2864.834800964294
 20
1677.6463702946821
 30
0.0
 50
270.0
  0
INSERT
  5
181
330
17
100
AcDbEntity
  8
CNC
370
-3
100
AcDbBlockReference
  2
ovan8.5x20
 10
2864.834800964294
 20
1627.6463702946821
 30
0.0
 50
270.0
  0
INSERT
  5
183
330
17
100
AcDbEntity
  8
CNC
370
-3
100
AcDbBlockReference
  2
ovan8.5x20
 10
2864.834800964294
 20
1577.6463702946821
 30
0.0
 50
270.0
  0
INSERT
  5
185
330
17
100
AcDbEntity
  8
CNC
370
-3
100
AcDbBlockReference
  2
ovan8.5x20
 10
2864.834800964294
 20
1527.6463702946821
 30
0.0
 50
270.0
  0
INSERT
  5
187
330
17
100
AcDbEntity
  8
CNC
370
-3
100
AcDbBlockReference
  2
ovan8.5x20
 10
2864.834800964294
 20
1477.6463702946821
 30
0.0
 50
270.0
  0
INSERT
  5
189
330
17
100
AcDbEntity
  8
CNC
370
-3
100
AcDbBlockReference
  2
ovan8.5x20
 10
2864.834800964294
 20
1427.6463702946821
 30
0.0
 50
270.0
  0
INSERT
  5
18B
330
17
100
AcDbEntity
  8
CNC
370
-3
100
AcDbBlockReference
  2
ovan8.5x20
 10
2864.834800964294
 20
1377.6463702946821
 30
0.0
 50
270.0
  0
LWPOLYLINE
  5
18D
330
17
100
AcDbEntity
  8
0
 62
2
100
AcDbPolyline
 90
4
 70
1
 10
2872.334800964294
 20
2357.1463702946967
 10
2857.334800964294
 20
2357.1463702946967
 10
2857.334800964294
 20
2348.1463702946967
 10
2872.334800964294
 20
2348.1463702946967
  0
LWPOLYLINE
  5
18E
330
17
100
AcDbEntity
  8
0
 62
2
100
AcDbPolyline
 90
4
 70
1
 10
2872.334800964294
 20
2807.146370294696
 10
2857.334800964294
 20
2807.146370294696
 10
2857.334800964294
 20
2798.146370294696
 10
2872.334800964294
 20
2798.146370294696
  0
LWPOLYLINE
  5
18F
330
17
100
AcDbEntity
  8
0
 62
2
100
AcDbPolyline
 90
4
 70
1
 10
2872.334800964294
 20
1807.1463702946967
 10
2857.334800964294
 20
1807.1463702946967
 10
2857.334800964294
 20
1798.1463702946967
 10
2872.334800964294
 20
1798.1463702946967
  0
LWPOLYLINE
  5
190
330
17
100
AcDbEntity
  8
0
 62
2
100
AcDbPolyline
 90
4
 70
1
 10
2872.334800964294
 20
1357.1463702946967
 10
2857.334800964294
 20
1357.1463702946967
 10
2857.334800964294
 20
1348.1463702946967
 10
2872.334800964294
 20
1348.1463702946967
  0
INSERT
  5
191
330
17
100
AcDbEntity
  8
CNC
370
-3
100
AcDbBlockReference
  2
ovan8.5x20
 10
2864.834800964294
 20
2402.6463702946967
 30
0.0
 41
-1.0
 50
270.0
  0
INSERT
  5
193
330
17
100
AcDbEntity
  8
CNC
370
-3
100
AcDbBlockReference
  2
ovan8.5x20
 10
2864.834800964294
 20
2452.6463702946967
 30
0.0
 41
-1.0
 50
270.0
  0
INSERT
  5
195
330
17
100
AcDbEntity
  8
CNC
370
-3
100
AcDbBlockReference
  2
ovan8.5x20
 10
2864.834800964294
 20
2502.6463702946967
 30
0.0
 41
-1.0
 50
270.0
  0
INSERT
  5
197
330
17
100
AcDbEntity
  8
CNC
370
-3
100
AcDbBlockReference
  2
ovan8.5x20
 10
2864.834800964294
 20
2552.6463702946967
 30
0.0
 41
-1.0
 50
270.0
  0
INSERT
  5
199
330
17
100
AcDbEntity
  8
CNC
370
-3
100
AcDbBlockReference
  2
ovan8.5x20
 10
2864.834800964294
 20
2602.6463702946967
 30
0.0
 41
-1.0
 50
270.0
  0
INSERT
  5
19B
330
17
100
AcDbEntity
  8
CNC
370
-3
100
AcDbBlockReference
  2
ovan8.5x20
 10
2864.834800964294
 20
2652.6463702946967
 30
0.0
 41
-1.0
 50
270.0
  0
INSERT
  5
19D
330
17
100
AcDbEntity
  8
CNC
370
-3
100
AcDbBlockReference
  2
ovan8.5x20
 10
2864.834800964294
 20
2702.646370294696
 30
0.0
 41
-1.0
 50
270.0
  0
INSERT
  5
19F
330
17
100
AcDbEntity
  8
CNC
370
-3
100
AcDbBlockReference
  2
ovan8.5x20
 10
2864.834800964294
 20
2752.646370294696
 30
0.0
 41
-1.0
 50
270.0
  0
INSERT
  5
1A1
330
17
100
AcDbEntity
  8
CNC
370
-3
100
AcDbBlockReference
  2
ovan8.5x20
 10
2864.834800964294
 20
2052.6463702946967
 30
0.0
 41
-1.0
 50
270.0
  0
INSERT
  5
1A3
330
17
100
AcDbEntity
  8
CNC
370
-3
100
AcDbBlockReference
  2
ovan8.5x20
 10
2864.834800964294
 20
2102.6463702946967
 30
0.0
 41
-1.0
 50
270.0
  0
INSERT
  5
1A5
330
17
100
AcDbEntity
  8
CNC
370
-3
100
AcDbBlockReference
  2
ovan8.5x20
 10
2864.834800964294
 20
2152.6463702946967
 30
0.0
 41
-1.0
 50
270.0
  0
INSERT
  5
1A7
330
17
100
AcDbEntity
  8
CNC
370
-3
100
AcDbBlockReference
  2
ovan8.5x20
 10
2864.834800964294
 20
2202.6463702946967
 30
0.0
 41
-1.0
 50
270.0
  0
INSERT
  5
1A9
330
17
100
AcDbEntity
  8
CNC
370
-3
100
AcDbBlockReference
  2
ovan8.5x20
 10
2864.834800964294
 20
2252.6463702946967
 30
0.0
 41
-1.0
 50
270.0
  0
INSERT
  5
1AB
330
17
100
AcDbEntity
  8
CNC
370
-3
100
AcDbBlockReference
  2
ovan8.5x20
 10
2864.834800964294
 20
2302.6463702946967
 30
0.0
 41
-1.0
 50
270.0
  0
INSERT
  5
1AD
330
17
100
AcDbEntity
  8
CNC
370
-3
100
AcDbBlockReference
  2
ovan8.5x20
 10
2864.834800964294
 20
2002.6463702946821
 30
0.0
 50
270.0
  0
INSERT
  5
1AF
330
17
100
AcDbEntity
  8
CNC
370
-3
100
AcDbBlockReference
  2
ovan8.5x20
 10
2864.834800964294
 20
1952.6463702946821
 30
0.0
 50
270.0
  0
INSERT
  5
1B1
330
17
100
AcDbEntity
  8
CNC
370
-3
100
AcDbBlockReference
  2
ovan8.5x20
 10
2864.834800964294
 20
1902.6463702946821
 30
0.0
 50
270.0
  0
INSERT
  5
1B3
330
17
100
AcDbEntity
  8
CNC
370
-3
100
AcDbBlockReference
  2
ovan8.5x20
 10
2864.834800964294
 20
1852.6463702946821
 30
0.0
 50
270.0
  0
INSERT
  5
1B5
330
17
100
AcDbEntity
  8
CNC
370
-3
100
AcDbBlockReference
  2
ovan8.5x20
 10
2864.834800964294
 20
1752.6463702946821
 30
0.0
 50
270.0
  0
INSERT
  5
1B7
330
17
100
AcDbEntity
  8
CNC
370
-3
100
AcDbBlockReference
  2
ovan8.5x20
 10
2864.834800964294
 20
1702.6463702946821
 30
0.0
 50
270.0
  0
INSERT
  5
1B9
330
17
100
AcDbEntity
  8
CNC
370
-3
100
AcDbBlockReference
  2
ovan8.5x20
 10
2864.834800964294
 20
1652.6463702946821
 30
0.0
 50
270.0
  0
INSERT
  5
1BB
330
17
100
AcDbEntity
  8
CNC
370
-3
100
AcDbBlockReference
  2
ovan8.5x20
 10
2864.834800964294
 20
1602.6463702946821
 30
0.0
 50
270.0
  0
INSERT
  5
1BD
330
17
100
AcDbEntity
  8
CNC
370
-3
100
AcDbBlockReference
  2
ovan8.5x20
 10
2864.834800964294
 20
1552.6463702946821
 30
0.0
 50
270.0
  0
INSERT
  5
1BF
330
17
100
AcDbEntity
  8
CNC
370
-3
100
AcDbBlockReference
  2
ovan8.5x20
 10
2864.834800964294
 20
1502.6463702946821
 30
0.0
 50
270.0
  0
INSERT
  5
1C1
330
17
100
AcDbEntity
  8
CNC
370
-3
100
AcDbBlockReference
  2
ovan8.5x20
 10
2864.834800964294
 20
1452.6463702946821
 30
0.0
 50
270.0
  0
INSERT
  5
1C3
330
17
100
AcDbEntity
  8
CNC
370
-3
100
AcDbBlockReference
  2
ovan8.5x20
 10
2864.834800964294
 20
1402.6463702946821
 30
0.0
 50
270.0
  0
LWPOLYLINE
  5
1C5
330
17
100
AcDbEntity
  8
0
 62
2
100
AcDbPolyline
 90
4
 70
1
 10
2348.3348009642796
 20
2844.6463702946894
 10
2361.334800964287
 20
2844.6463702946894
 10
2361.334800964287
 20
2835.6463702946894
 10
2348.3348009642796
 20
2835.6463702946894
  0
LWPOLYLINE
  5
1C6
330
17
100
AcDbEntity
  8
0
 62
2
100
AcDbPolyline
 90
4
 70
1
 10
2348.3348009642796
 20
2819.6463702946894
 10
2361.334800964287
 20
2819.6463702946894
 10
2361.334800964287
 20
2810.6463702946894
 10
2348.3348009642796
 20
2810.6463702946894
  0
LWPOLYLINE
  5
1C7
330
17
100
AcDbEntity
  8
0
 62
2
100
AcDbPolyline
 90
4
 70
1
 10
2347.334800964294
 20
2094.6463702946894
 10
2360.334800964294
 20
2094.6463702946894
 10
2360.334800964294
 20
2085.6463702946894
 10
2347.334800964294
 20
2085.6463702946894
  0
LWPOLYLINE
  5
1C8
330
17
100
AcDbEntity
  8
0
 62
2
100
AcDbPolyline
 90
4
 70
1
 10
2347.334800964294
 20
2069.6463702946894
 10
2360.334800964294
 20
2069.6463702946894
 10
2360.334800964294
 20
2060.6463702946894
 10
2347.334800964294
 20
2060.6463702946894
  0
LWPOLYLINE
  5
1C9
330
17
100
AcDbEntity
  8
0
 62
2
100
AcDbPolyline
 90
4
 70
1
 10
2348.3348009642796
 20
1344.6463702946894
 10
2361.334800964287
 20
1344.6463702946894
 10
2361.334800964287
 20
1335.6463702946894
 10
2348.3348009642796
 20
1335.6463702946894
  0
LWPOLYLINE
  5
1CA
330
17
100
AcDbEntity
  8
0
 62
2
100
AcDbPolyline
 90
4
 70
1
 10
2348.3348009642796
 20
1319.6463702946894
 10
2361.334800964287
 20
1319.6463702946894
 10
2361.334800964287
 20
1310.6463702946894
 10
2348.3348009642796
 20
1310.6463702946894
  0
LWPOLYLINE
  5
1CB
330
17
100
AcDbEntity
  8
0
 62
7
100
AcDbPolyline
 90
4
 70
1
 10
1952.970061537555
 20
2879.6463702946894
 10
1952.970061537555
 20
1275.1463702946894
 10
1248.970061537555
 20
1275.1463702946894
 10
1248.970061537555
 20
2879.6463702946894
  0
LWPOLYLINE
  5
1CC
330
17
100
AcDbEntity
  8
0
 62
7
100
AcDbPolyline
 90
13
 70
0
 10
1952.970061537555
 20
2879.6463702946894
 10
1976.970061537555
 20
2879.6463702946894
 10
1976.970061537555
 20
1275.1463702946894
 10
1952.970061537555
 20
1275.1463702946894
 10
1952.970061537555
 20
1251.1463702946894
 10
1248.970061537555
 20
1251.1463702946894
 10
1248.970061537555
 20
1275.1463702946894
 10
1224.970061537555
 20
1275.1463702946894
 10
1224.970061537555
 20
2879.6463702946894
 10
1248.970061537555
 20
2879.6463702946894
 10
1248.970061537555
 20
2903.6463702946894
 10
1952.970061537555
 20
2903.6463702946894
 10
1952.970061537555
 20
2879.6463702946894
  0
INSERT
  5
1CD
330
17
100
AcDbEntity
  8
0
370
-3
100
AcDbBlockReference
  2
f3daunguoc
 10
1263.970061537555
 20
2879.6463702946894
 30
0.0
 41
-1.0
 50
180.0
  0
INSERT
  5
1CF
330
17
100
AcDbEntity
  8
0
370
-3
100
AcDbBlockReference
  2
f3daunguoc
 10
1313.970061537555
 20
2879.6463702946894
 30
0.0
 41
-1.0
 50
180.0
  0
INSERT
  5
1D1
330
17
100
AcDbEntity
  8
0
370
-3
100
AcDbBlockReference
  2
f3daunguoc
 10
1248.970061537555
 20
2864.6463702946894
 30
0.0
 41
-1.0
 50
180.0
  0
INSERT
  5
1D3
330
17
100
AcDbEntity
  8
0
370
-3
100
AcDbBlockReference
  2
f3daunguoc
 10
1937.970061537555
 20
2879.6463702946894
 30
0.0
 50
180.0
  0
INSERT
  5
1D5
330
17
100
AcDbEntity
  8
0
370
-3
100
AcDbBlockReference
  2
f3daunguoc
 10
1887.970061537555
 20
2879.6463702946894
 30
0.0
 50
180.0
  0
INSERT
  5
1D7
330
17
100
AcDbEntity
  8
0
370
-3
100
AcDbBlockReference
  2
f3daunguoc
 10
1952.970061537555
 20
2864.6463702946894
 30
0.0
 50
180.0
  0
INSERT
  5
1D9
330
17
100
AcDbEntity
  8
0
370
-3
100
AcDbBlockReference
  2
f3daunguoc
 10
1263.970061537555
 20
1275.1463702946894
 30
0.0
  0
INSERT
  5
1DB
330
17
100
AcDbEntity
  8
0
370
-3
100
AcDbBlockReference
  2
f3daunguoc
 10
1313.970061537555
 20
1275.1463702946894
 30
0.0
  0
INSERT
  5
1DD
330
17
100
AcDbEntity
  8
0
370
-3
100
AcDbBlockReference
  2
f3daunguoc
 10
1248.970061537555
 20
1290.1463702946894
 30
0.0
  0
INSERT
  5
1DF
330
17
100
AcDbEntity
  8
0
370
-3
100
AcDbBlockReference
  2
f3daunguoc
 10
1937.970061537555
 20
1275.1463702946894
 30
0.0
 41
-1.0
  0
INSERT
  5
1E1
330
17
100
AcDbEntity
  8
0
370
-3
100
AcDbBlockReference
  2
f3daunguoc
 10
1887.970061537555
 20
1275.1463702946894
 30
0.0
 41
-1.0
  0
INSERT
  5
1E3
330
17
100
AcDbEntity
  8
0
370
-3
100
AcDbBlockReference
  2
f3daunguoc
 10
1952.970061537555
 20
1290.1463702946894
 30
0.0
 41
-1.0
  0
DIMENSION
  5
1E5
330
17
100
AcDbEntity
  8
DIM
 62
7
100
AcDbDimension
280
0
  2
*D27
  3
Dim-25
 10
2043.6907287284048
 20
1275.1463702946894
 30
0.0
 11
2020.9264040353592
 21
2077.396370294681
 31
0.0
 70
32
 71
5
 42
1604.5
 73
0
 74
0
 75
0
100
AcDbAlignedDimension
 13
1976.970061537555
 23
2879.6463702946894
 33
0.0
 14
1976.970061537555
 24
1275.1463702946894
 34
0.0
 50
90.0
100
AcDbRotatedDimension
  0
DIMENSION
  5
1E6
330
17
100
AcDbEntity
  8
DIM
 62
7
100
AcDbDimension
280
0
  2
*D28
  3
Dim-25
 10
1952.970061537555
 20
1188.942837828039
 30
0.0
 11
1600.970061537555
 21
1211.7071625210813
 31
0.0
 70
32
 71
5
 42
704.0
 73
0
 74
0
 75
0
100
AcDbAlignedDimension
 13
1248.970061537555
 23
1251.1463702946894
 33
0.0
 14
1952.970061537555
 24
1251.1463702946894
 34
0.0
 50
0.0
100
AcDbRotatedDimension
  0
DIMENSION
  5
1E7
330
17
100
AcDbEntity
  8
DIM
 62
7
100
AcDbDimension
280
0
  2
*D29
  3
Dim-25
 10
1976.970061537555
 20
1129.011980527077
 30
0.0
 11
1600.970061537555
 21
1151.7763052201194
 31
0.0
 70
32
 71
5
 42
752.0
 73
0
 74
0
 75
0
100
AcDbAlignedDimension
 13
1224.970061537555
 23
1275.1463702946894
 33
0.0
 14
1976.970061537555
 24
1275.1463702946894
 34
0.0
 50
0.0
100
AcDbRotatedDimension
  0
DIMENSION
  5
1E8
330
17
100
AcDbEntity
  8
DIM
 62
7
100
AcDbDimension
280
0
  2
*D30
  3
Dim-25
 10
1248.970061537555
 20
2973.3898710736794
 30
0.0
 11
1285.0379332974553
 21
2995.941030691687
 31
0.0
 70
32
 71
5
 42
24.0
 73
0
 74
0
 75
0
100
AcDbAlignedDimension
 13
1224.970061537555
 23
2879.6463702946894
 33
0.0
 14
1248.970061537555
 24
2903.6463702946894
 34
0.0
 50
0.0
100
AcDbRotatedDimension
  0
CIRCLE
  5
1E9
330
17
100
AcDbEntity
  8
0
 62
2
100
AcDbCircle
 10
1258.470061537555
 20
2352.6463702946967
 30
0.0
 40
4.0
  0
CIRCLE
  5
1EA
330
17
100
AcDbEntity
  8
0
 62
2
100
AcDbCircle
 10
1943.470061537555
 20
2352.6463702946967
 30
0.0
 40
4.0
  0
CIRCLE
  5
1EB
330
17
100
AcDbEntity
  8
0
 62
2
100
AcDbCircle
 10
1258.470061537555
 20
2802.646370294696
 30
0.0
 40
4.0
  0
CIRCLE
  5
1EC
330
17
100
AcDbEntity
  8
0
 62
2
100
AcDbCircle
 10
1943.470061537555
 20
2802.646370294696
 30
0.0
 40
4.0
  0
CIRCLE
  5
1ED
330
17
100
AcDbEntity
  8
0
 62
2
100
AcDbCircle
 10
1258.470061537555
 20
1802.6463702946967
 30
0.0
 40
4.0
  0
CIRCLE
  5
1EE
330
17
100
AcDbEntity
  8
0
 62
2
100
AcDbCircle
 10
1943.470061537555
 20
1802.6463702946967
 30
0.0
 40
4.0
  0
CIRCLE
  5
1EF
330
17
100
AcDbEntity
  8
0
 62
2
100
AcDbCircle
 10
1258.470061537555
 20
1352.6463702946967
 30
0.0
 40
4.0
  0
CIRCLE
  5
1F0
330
17
100
AcDbEntity
  8
0
 62
2
100
AcDbCircle
 10
1943.470061537555
 20
1352.6463702946967
 30
0.0
 40
4.0
  0
MTEXT
  5
1F1
330
17
100
AcDbEntity
  8
0
 62
7
100
AcDbMText
 10
3550.168124822376
 20
3049.0012545747995
 30
0.0
 40
40.0
 41
715.0000000000146
 46
100.0000000000031
 71
5
 72
5
  1
Cánh ngoài: 01 tấm
  0
LWPOLYLINE
  5
1F2
330
17
100
AcDbEntity
  8
0
 62
7
100
AcDbPolyline
 90
4
 70
1
 10
3205.693452948217
 20
2924.6463702946894
 10
4000.693452948217
 20
2924.6463702946894
 10
4000.693452948217
 20
1230.6463702946894
 10
3205.693452948217
 20
1230.6463702946894
  0
LWPOLYLINE
  5
1F3
330
17
100
AcDbEntity
  8
0
 62
7
100
AcDbPolyline
 90
2
 70
0
 10
4035.693452948224
 20
2806.1463702946894
 10
4035.693452948224
 20
2099.1463702946894
  0
LWPOLYLINE
  5
1F4
330
17
100
AcDbEntity
  8
0
 62
7
100
AcDbPolyline
 90
2
 70
0
 10
4035.693452948224
 20
2056.1463702946894
 10
4035.693452948224
 20
1349.1463702946894
  0
LWPOLYLINE
  5
1F5
330
17
100
AcDbEntity
  8
0
 62
7
100
AcDbPolyline
 90
22
 70
0
 10
4035.693452948224
 20
1305.6463702946894
 10
4035.693452948224
 20
1242.6463702946749
 10
4023.693452948217
 20
1230.6463702946894
 10
4000.693452948217
 20
1230.6463702946894
 10
4000.693452948217
 20
1207.6463702946894
 10
3988.693452948217
 20
1195.6463702946894
 10
3217.693452948217
 20
1195.6463702946894
 10
3205.693452948217
 20
1207.6463702946894
 10
3205.693452948217
 20
1230.6463702946894
 10
3182.693452948217
 20
1230.6463702946894
 10
3170.693452948224
 20
1242.6463702946894
 10
3170.693452948224
 20
2912.6463702946894
 10
3182.693452948217
 20
2924.6463702946894
 10
3205.693452948217
 20
2924.6463702946894
 10
3205.693452948217
 20
2947.6463702946894
 10
3217.693452948217
 20
2959.646370294674
 10
3988.693452948217
 20
2959.6463702946894
 10
4000.693452948217
 20
2947.6463702946894
 10
4000.693452948217
 20
2924.6463702946894
 10
4023.693452948217
 20
2924.6463702946894
 10
4035.693452948224
 20
2912.6463702946894
 10
4035.693452948224
 20
2849.1463702946894
  0
LWPOLYLINE
  5
1F6
330
17
100
AcDbEntity
  8
0
 62
7
100
AcDbPolyline
 90
2
 70
0
 10
4023.693452948217
 20
2924.6463702946894
 10
4023.693452948217
 20
2849.1463702946894
  0
LWPOLYLINE
  5
1F7
330
17
100
AcDbEntity
  8
0
 62
7
100
AcDbPolyline
 90
2
 70
0
 10
4023.693452948217
 20
2806.1463702946894
 10
4023.693452948217
 20
2099.1463702946894
  0
LWPOLYLINE
  5
1F8
330
17
100
AcDbEntity
  8
0
 62
7
100
AcDbPolyline
 90
2
 70
0
 10
4023.693452948217
 20
2056.1463702946894
 10
4023.693452948217
 20
1349.1463702946894
  0
LWPOLYLINE
  5
1F9
330
17
100
AcDbEntity
  8
0
 62
7
100
AcDbPolyline
 90
2
 70
0
 10
4023.693452948217
 20
1306.1463702946894
 10
4023.693452948217
 20
1230.6463702946894
  0
LWPOLYLINE
  5
1FA
330
17
100
AcDbEntity
  8
0
 62
7
100
AcDbPolyline
 90
2
 70
0
 10
4000.693452948217
 20
1207.6463702946894
 10
3205.693452948217
 20
1207.6463702946894
  0
LWPOLYLINE
  5
1FB
330
17
100
AcDbEntity
  8
0
 62
7
100
AcDbPolyline
 90
2
 70
0
 10
3182.693452948217
 20
1230.6463702946894
 10
3182.693452948217
 20
2924.6463702946894
  0
LWPOLYLINE
  5
1FC
330
17
100
AcDbEntity
  8
0
 62
7
100
AcDbPolyline
 90
2
 70
0
 10
3205.693452948217
 20
2947.6463702946894
 10
4000.693452948217
 20
2947.6463702946894
  0
LWPOLYLINE
  5
1FD
330
17
100
AcDbEntity
  8
0
 62
2
100
AcDbPolyline
 90
4
 70
0
 10
4035.693452948224
 20
2806.1463702946894
 10
4020.693452948224
 20
2806.1463702946894
 10
4020.693452948224
 20
2849.1463702946894
 10
4035.693452948224
 20
2849.1463702946894
  0
CIRCLE
  5
1FE
330
17
100
AcDbEntity
  8
0
 62
2
100
AcDbCircle
 10
3981.1934529482387
 20
2833.6463702946894
 30
0.0
 40
5.0
  0
CIRCLE
  5
1FF
330
17
100
AcDbEntity
  8
0
 62
2
100
AcDbCircle
 10
3981.1934529482387
 20
2821.6463702946894
 30
0.0
 40
5.0
  0
LWPOLYLINE
  5
200
330
17
100
AcDbEntity
  8
0
 62
2
100
AcDbPolyline
 90
4
 70
0
 10
4035.693452948224
 20
1349.1463702946894
 10
4020.693452948224
 20
1349.1463702946894
 10
4020.693452948224
 20
1306.1463702946894
 10
4035.693452948224
 20
1306.1463702946894
  0
CIRCLE
  5
201
330
17
100
AcDbEntity
  8
0
 62
2
100
AcDbCircle
 10
3981.1934529482387
 20
1321.6463702946894
 30
0.0
 40
5.0
  0
CIRCLE
  5
202
330
17
100
AcDbEntity
  8
0
 62
2
100
AcDbCircle
 10
3981.1934529482387
 20
1333.6463702946894
 30
0.0
 40
5.0
  0
INSERT
  5
203
330
17
100
AcDbEntity
  8
0
370
-3
100
AcDbBlockReference
  2
f3daunguoc
 10
3220.693452948217
 20
2924.6463702946894
 30
0.0
 41
-1.0
 50
180.0
  0
INSERT
  5
205
330
17
100
AcDbEntity
  8
0
370
-3
100
AcDbBlockReference
  2
f3daunguoc
 10
3205.693452948217
 20
2909.6463702946894
 30
0.0
 41
-1.0
 50
180.0
  0
INSERT
  5
207
330
17
100
AcDbEntity
  8
0
370
-3
100
AcDbBlockReference
  2
f3daunguoc
 10
3220.693452948217
 20
2947.6463702946894
 30
0.0
 41
-1.0
 50
180.0
  0
INSERT
  5
209
330
17
100
AcDbEntity
  8
0
370
-3
100
AcDbBlockReference
  2
f3daunguoc
 10
3182.693452948217
 20
2909.6463702946894
 30
0.0
 41
-1.0
 50
180.0
  0
INSERT
  5
20B
330
17
100
AcDbEntity
  8
0
370
-3
100
AcDbBlockReference
  2
f3daunguoc
 10
3270.693452948217
 20
2924.6463702946894
 30
0.0
 41
-1.0
 50
180.0
  0
INSERT
  5
20D
330
17
100
AcDbEntity
  8
0
370
-3
100
AcDbBlockReference
  2
f3daunguoc
 10
3270.693452948217
 20
2947.6463702946894
 30
0.0
 41
-1.0
 50
180.0
  0
INSERT
  5
20F
330
17
100
AcDbEntity
  8
0
370
-3
100
AcDbBlockReference
  2
f3daunguoc
 10
3985.693452948217
 20
2924.6463702946894
 30
0.0
 50
180.0
  0
INSERT
  5
211
330
17
100
AcDbEntity
  8
0
370
-3
100
AcDbBlockReference
  2
f3daunguoc
 10
4000.693452948217
 20
2909.6463702946894
 30
0.0
 50
180.0
  0
INSERT
  5
213
330
17
100
AcDbEntity
  8
0
370
-3
100
AcDbBlockReference
  2
f3daunguoc
 10
3985.693452948217
 20
2947.6463702946894
 30
0.0
 50
180.0
  0
INSERT
  5
215
330
17
100
AcDbEntity
  8
0
370
-3
100
AcDbBlockReference
  2
f3daunguoc
 10
4023.693452948217
 20
2909.6463702946894
 30
0.0
 50
180.0
  0
INSERT
  5
217
330
17
100
AcDbEntity
  8
0
370
-3
100
AcDbBlockReference
  2
f3daunguoc
 10
3935.693452948217
 20
2924.6463702946894
 30
0.0
 50
180.0
  0
INSERT
  5
219
330
17
100
AcDbEntity
  8
0
370
-3
100
AcDbBlockReference
  2
f3daunguoc
 10
3935.693452948217
 20
2947.6463702946894
 30
0.0
 50
180.0
  0
INSERT
  5
21B
330
17
100
AcDbEntity
  8
0
370
-3
100
AcDbBlockReference
  2
f3daunguoc
 10
3220.693452948217
 20
1230.6463702946894
 30
0.0
  0
INSERT
  5
21D
330
17
100
AcDbEntity
  8
0
370
-3
100
AcDbBlockReference
  2
f3daunguoc
 10
3205.693452948217
 20
1245.6463702946894
 30
0.0
  0
INSERT
  5
21F
330
17
100
AcDbEntity
  8
0
370
-3
100
AcDbBlockReference
  2
f3daunguoc
 10
3220.693452948217
 20
1207.6463702946894
 30
0.0
  0
INSERT
  5
221
330
17
100
AcDbEntity
  8
0
370
-3
100
AcDbBlockReference
  2
f3daunguoc
 10
3182.693452948217
 20
1245.6463702946894
 30
0.0
  0
INSERT
  5
223
330
17
100
AcDbEntity
  8
0
370
-3
100
AcDbBlockReference
  2
f3daunguoc
 10
3270.693452948217
 20
1230.6463702946894
 30
0.0
  0
INSERT
  5
225
330
17
100
AcDbEntity
  8
0
370
-3
100
AcDbBlockReference
  2
f3daunguoc
 10
3270.693452948217
 20
1207.6463702946894
 30
0.0
  0
INSERT
  5
227
330
17
100
AcDbEntity
  8
0
370
-3
100
AcDbBlockReference
  2
f3daunguoc
 10
3964.859165779526
 20
1230.6463702946894
 30
0.0
 41
-1.0
  0
INSERT
  5
229
330
17
100
AcDbEntity
  8
0
370
-3
100
AcDbBlockReference
  2
f3daunguoc
 10
4000.693452948217
 20
1245.6463702946894
 30
0.0
 41
-1.0
  0
INSERT
  5
22B
330
17
100
AcDbEntity
  8
0
370
-3
100
AcDbBlockReference
  2
f3daunguoc
 10
3964.859165779526
 20
1207.6463702946894
 30
0.0
 41
-1.0
  0
INSERT
  5
22D
330
17
100
AcDbEntity
  8
0
370
-3
100
AcDbBlockReference
  2
f3daunguoc
 10
4023.693452948217
 20
1245.6463702946894
 30
0.0
 41
-1.0
  0
INSERT
  5
22F
330
17
100
AcDbEntity
  8
0
370
-3
100
AcDbBlockReference
  2
f3daunguoc
 10
3914.859165779526
 20
1230.6463702946894
 30
0.0
 41
-1.0
  0
INSERT
  5
231
330
17
100
AcDbEntity
  8
0
370
-3
100
AcDbBlockReference
  2
f3daunguoc
 10
3914.859165779526
 20
1207.6463702946894
 30
0.0
 41
-1.0
  0
DIMENSION
  5
233
330
17
100
AcDbEntity
  8
DIM
 62
7
100
AcDbDimension
280
0
  2
*D31
  3
Dim-25
 10
4000.693452948217
 20
1134.4444579529372
 30
0.0
 11
3603.193452948217
 21
1157.2087826459797
 31
0.0
 70
32
 71
5
 42
795.0
 73
0
 74
0
 75
0
100
AcDbAlignedDimension
 13
3205.693452948217
 23
1207.6463702946894
 33
0.0
 14
4000.693452948217
 24
1207.6463702946894
 34
0.0
 50
0.0
100
AcDbRotatedDimension
  0
DIMENSION
  5
234
330
17
100
AcDbEntity
  8
DIM
 62
7
100
AcDbDimension
280
0
  2
*D32
  3
Dim-25
 10
4101.251896604845
 20
1230.6463702946894
 30
0.0
 11
4078.487571911799
 21
2077.6463702946817
 31
0.0
 70
32
 71
5
 42
1694.0
 73
0
 74
0
 75
0
100
AcDbAlignedDimension
 13
4023.693452948217
 23
2924.6463702946894
 33
0.0
 14
4023.693452948217
 24
1230.6463702946894
 34
0.0
 50
90.0
100
AcDbRotatedDimension
  0
DIMENSION
  5
235
330
17
100
AcDbEntity
  8
DIM
 62
7
100
AcDbDimension
280
0
  2
*D33
  3
Dim-25
 10
4165.92524642474
 20
1195.6463702946894
 30
0.0
 11
4143.160921731687
 21
2077.6463702946817
 31
0.0
 70
32
 71
5
 42
1764.0
 73
0
 74
0
 75
0
100
AcDbAlignedDimension
 13
3988.693452948217
 23
2959.6463702946894
 33
0.0
 14
3988.693452948217
 24
1195.6463702946894
 34
0.0
 50
90.0
100
AcDbRotatedDimension
  0
DIMENSION
  5
236
330
17
100
AcDbEntity
  8
DIM
 62
7
100
AcDbDimension
280
0
  2
*D34
  3
Dim-25
 10
4035.693452948224
 20
1069.6941437622554
 30
0.0
 11
3603.193452948217
 21
1092.4584684552979
 31
0.0
 70
32
 71
5
 42
865.0
 73
0
 74
0
 75
0
100
AcDbAlignedDimension
 13
3170.693452948224
 23
1242.6463702946894
 33
0.0
 14
4035.693452948224
 24
1242.6463702946749
 34
0.0
 50
0.0
100
AcDbRotatedDimension
  0
DIMENSION
  5
237
330
17
100
AcDbEntity
  8
DIM
 62
7
100
AcDbDimension
280
0
  2
*D35
  3
Dim-25
 10
3205.693452948217
 20
3000.4148666839424
 30
0.0
 11
3241.8124843261176
 21
3023.1877179799862
 31
0.0
 70
32
 71
5
 42
23.0
 73
0
 74
0
 75
0
100
AcDbAlignedDimension
 13
3182.693452948217
 23
2924.6463702946894
 33
0.0
 14
3205.693452948217
 24
2947.6463702946894
 34
0.0
 50
0.0
100
AcDbRotatedDimension
  0
DIMENSION
  5
238
330
17
100
AcDbEntity
  8
DIM
 62
7
100
AcDbDimension
280
0
  2
*D36
  3
Dim-25
 10
3182.693452948217
 20
3055.32877168107
 30
0.0
 11
3225.294748991866
 21
3077.879931299078
 31
0.0
 70
32
 71
5
 42
12.0
 73
0
 74
0
 75
0
100
AcDbAlignedDimension
 13
3170.693452948224
 23
2912.6463702946894
 33
0.0
 14
3182.693452948217
 24
2924.6463702946894
 34
0.0
 50
0.0
100
AcDbRotatedDimension
  0
LWPOLYLINE
  5
239
330
17
100
AcDbEntity
  8
0
 62
2
100
AcDbPolyline
 90
4
 70
0
 10
4035.693452948224
 20
2055.6463702946894
 10
4020.693452948224
 20
2055.6463702946894
 10
4020.693452948224
 20
2098.6463702946894
 10
4035.693452948224
 20
2098.6463702946894
  0
CIRCLE
  5
23A
330
17
100
AcDbEntity
  8
0
 62
2
100
AcDbCircle
 10
3981.1934529482387
 20
2083.1463702946894
 30
0.0
 40
5.0
  0
CIRCLE
  5
23B
330
17
100
AcDbEntity
  8
0
 62
2
100
AcDbCircle
 10
3981.1934529482387
 20
2071.1463702946894
 30
0.0
 40
5.0
  0
LWPOLYLINE
  5
23C
330
17
100
AcDbEntity
  8
0
 62
2
100
AcDbPolyline
 90
4
 70
1
 10
3280.693452948217
 20
2136.1463702946894
 10
3307.6934529482096
 20
2136.1463702946894
 10
3307.6934529482096
 20
2019.1463702946894
 10
3280.693452948217
 20
2019.1463702946894
  0
LWPOLYLINE
  5
23D
330
17
100
AcDbEntity
  8
0
 62
7
100
AcDbPolyline
 90
4
 70
0
 10
1265.1724187923246
 20
394.5297117331213
 10
1265.1724187923246
 20
379.5297117331213
 10
545.1724187923246
 20
379.5297117331213
 10
545.1724187923246
 20
394.5297117331213
  0
LWPOLYLINE
  5
23E
330
17
100
AcDbEntity
  8
0
 62
7
100
AcDbPolyline
 90
2
 70
0
 10
505.17241879233916
 20
434.5297117331213
 10
505.17241879233916
 20
853.5297117331212
  0
LWPOLYLINE
  5
23F
330
17
100
AcDbEntity
  8
0
 62
7
100
AcDbPolyline
 90
2
 70
0
 10
545.1724187923246
 20
893.5297117331211
 10
545.1724187923246
 20
918.5297117331211
  0
LWPOLYLINE
  5
240
330
17
100
AcDbEntity
  8
0
 62
7
100
AcDbPolyline
 90
2
 70
0
 10
1265.1724187923246
 20
918.5297117331211
 10
1265.1724187923246
 20
893.5297117331211
  0
LWPOLYLINE
  5
241
330
17
100
AcDbEntity
  8
0
 62
7
100
AcDbPolyline
 90
2
 70
0
 10
1305.1724187923392
 20
853.5297117331212
 10
1305.1724187923392
 20
434.5297117331213
  0
LINE
  5
242
330
17
100
AcDbEntity
  8
0
 62
7
100
AcDbLine
 10
1265.1724187923246
 20
394.5297117331213
 30
0.0
 11
545.1724187923246
 21
394.5297117331213
 31
0.0
  0
LINE
  5
243
330
17
100
AcDbEntity
  8
0
 62
7
100
AcDbLine
 10
1305.1724187923392
 20
434.5297117331213
 30
0.0
 11
505.17241879233916
 21
434.5297117331213
 31
0.0
  0
LINE
  5
244
330
17
100
AcDbEntity
  8
0
 62
7
100
AcDbLine
 10
1305.1724187923392
 20
853.5297117331212
 30
0.0
 11
505.17241879233916
 21
853.5297117331212
 31
0.0
  0
LINE
  5
245
330
17
100
AcDbEntity
  8
0
 62
7
100
AcDbLine
 10
1265.1724187923246
 20
918.5297117331211
 30
0.0
 11
545.1724187923246
 21
918.5297117331211
 31
0.0
  0
LINE
  5
246
330
17
100
AcDbEntity
  8
0
 62
7
100
AcDbLine
 10
1240.1724187923392
 20
943.5297117331211
 30
0.0
 11
570.1724187923392
 21
943.5297117331211
 31
0.0
  0
LINE
  5
247
330
17
100
AcDbEntity
  8
0
 62
7
100
AcDbLine
 10
1265.1724187923246
 20
893.5297117331211
 30
0.0
 11
545.1724187923246
 21
893.5297117331211
 31
0.0
  0
DIMENSION
  5
248
330
17
100
AcDbEntity
  8
DIM
 62
7
100
AcDbDimension
280
0
  2
*D37
  3
Dim-25
 10
505.17241879233916
 20
315.26165780700126
 30
0.0
 11
905.1724187923392
 21
338.02598250004326
 31
0.0
 70
32
 71
5
 42
800.0
 73
0
 74
0
 75
0
100
AcDbAlignedDimension
 13
1305.1724187923392
 23
434.5297117331213
 33
0.0
 14
505.17241879233916
 24
434.5297117331213
 34
0.0
 50
0.0
100
AcDbRotatedDimension
  0
DIMENSION
  5
249
330
17
100
AcDbEntity
  8
DIM
 62
7
100
AcDbDimension
280
0
  2
*D38
  3
Dim-25
 10
1370.8075548873603
 20
434.5297117331213
 30
0.0
 11
1370.8075548873603
 21
669.5297117331213
 31
0.0
 70
160
 71
5
 42
418.9999999999998
 73
0
 74
0
 75
0
100
AcDbAlignedDimension
 13
1305.1724187923392
 23
853.5297117331212
 33
0.0
 14
1305.1724187923392
 24
434.5297117331213
 34
0.0
 50
-90.00000000000001
100
AcDbRotatedDimension
  0
DIMENSION
  5
24A
330
17
100
AcDbEntity
  8
DIM
 62
7
100
AcDbDimension
280
0
  2
*D39
  3
Dim-25
 10
1370.8075548873603
 20
394.5297117331213
 30
0.0
 11
1370.8075548873603
 21
414.52971173311334
 31
0.0
 70
160
 71
5
 42
40.0
 73
0
 74
0
 75
0
100
AcDbAlignedDimension
 13
1305.1724187923392
 23
434.5297117331213
 33
0.0
 14
1265.1724187923246
 24
394.5297117331213
 34
0.0
 50
-90.00000000000001
100
AcDbRotatedDimension
  0
DIMENSION
  5
24B
330
17
100
AcDbEntity
  8
DIM
 62
7
100
AcDbDimension
280
0
  2
*D40
  3
Dim-25
 10
1370.8075548873603
 20
379.5297117331213
 30
0.0
 11
1348.0432301943074
 21
336.70672401142133
 31
0.0
 70
32
 71
5
 42
15.0
 73
0
 74
0
 75
0
100
AcDbAlignedDimension
 13
1265.1724187923246
 23
394.5297117331213
 33
0.0
 14
1265.1724187923246
 24
379.5297117331213
 34
0.0
 50
-90.00000000000001
100
AcDbRotatedDimension
  0
LINE
  5
24C
330
17
100
AcDbEntity
  8
0
 62
7
100
AcDbLine
 10
505.17241879233916
 20
434.5297117331213
 30
0.0
 11
545.1724187923246
 21
394.5297117331213
 31
0.0
  0
LINE
  5
24D
330
17
100
AcDbEntity
  8
0
 62
7
100
AcDbLine
 10
1305.1724187923392
 20
434.5297117331213
 30
0.0
 11
1265.1724187923246
 21
394.5297117331213
 31
0.0
  0
DIMENSION
  5
24E
330
17
100
AcDbEntity
  8
DIM
 62
7
100
AcDbDimension
280
0
  2
*D41
  3
Dim-25
 10
439.22863927420985
 20
379.5297117331213
 30
0.0
 11
416.46431458115694
 21
661.5297117331133
 31
0.0
 70
32
 71
5
 42
564.0
 73
0
 74
0
 75
0
100
AcDbAlignedDimension
 13
570.1724187923392
 23
943.5297117331211
 33
0.0
 14
545.1724187923246
 24
379.5297117331213
 34
0.0
 50
-90.00000000000001
100
AcDbRotatedDimension
  0
LINE
  5
24F
330
17
100
AcDbEntity
  8
0
 62
7
100
AcDbLine
 10
330.36333365779865
 20
853.5297117331212
 30
0.0
 11
330.36333365779865
 21
434.5297117331213
 31
0.0
  0
LINE
  5
250
330
17
100
AcDbEntity
  8
0
 62
7
100
AcDbLine
 10
330.36333365779865
 20
434.5297117331213
 30
0.0
 11
375.36333365779865
 21
434.5297117331213
 31
0.0
  0
LINE
  5
251
330
17
100
AcDbEntity
  8
0
 62
7
100
AcDbLine
 10
375.36333365779865
 20
434.5297117331213
 30
0.0
 11
375.36333365779865
 21
446.5297117331213
 31
0.0
  0
LINE
  5
252
330
17
100
AcDbEntity
  8
0
 62
7
100
AcDbLine
 10
330.36333365779865
 20
853.5297117331212
 30
0.0
 11
375.36333365779865
 21
853.5297117331212
 31
0.0
  0
DIMENSION
  5
253
330
17
100
AcDbEntity
  8
DIM
 62
7
100
AcDbDimension
280
0
  2
*D42
  3
Dim-25
 10
1370.8075548873603
 20
893.5297117331211
 30
0.0
 11
1370.8075548873603
 21
873.5297117331129
 31
0.0
 70
160
 71
5
 42
40.0
 73
0
 74
0
 75
0
100
AcDbAlignedDimension
 13
1305.1724187923392
 23
853.5297117331212
 33
0.0
 14
1265.1724187923246
 24
893.5297117331211
 34
0.0
 50
-90.00000000000001
100
AcDbRotatedDimension
  0
LINE
  5
254
330
17
100
AcDbEntity
  8
0
 62
7
100
AcDbLine
 10
375.36333365779865
 20
853.5297117331212
 30
0.0
 11
375.36333365779865
 21
828.5297117331212
 31
0.0
  0
LINE
  5
255
330
17
100
AcDbEntity
  8
0
 62
7
100
AcDbLine
 10
375.36333365779865
 20
828.5297117331212
 30
0.0
 11
400.3633336578059
 21
828.5297117331212
 31
0.0
  0
LINE
  5
256
330
17
100
AcDbEntity
  8
0
 62
7
100
AcDbLine
 10
545.1724187923246
 20
893.5297117331211
 30
0.0
 11
505.17241879233916
 21
853.5297117331212
 31
0.0
  0
LINE
  5
257
330
17
100
AcDbEntity
  8
0
 62
7
100
AcDbLine
 10
1265.1724187923246
 20
893.5297117331211
 30
0.0
 11
1305.1724187923392
 21
853.5297117331212
 31
0.0
  0
LINE
  5
258
330
17
100
AcDbEntity
  8
0
 62
7
100
AcDbLine
 10
1265.1724187923246
 20
918.5297117331211
 30
0.0
 11
1240.1724187923392
 21
943.5297117331211
 31
0.0
  0
LINE
  5
259
330
17
100
AcDbEntity
  8
0
 62
7
100
AcDbLine
 10
545.1724187923246
 20
918.5297117331211
 30
0.0
 11
570.1724187923392
 21
943.5297117331211
 31
0.0
  0
INSERT
  5
25A
330
17
100
AcDbEntity
  8
0
370
-3
100
AcDbBlockReference
  2
f3daunguoc
 10
1290.1724187923392
 20
853.5297117331212
 30
0.0
 41
-1.0
 50
90.0
  0
INSERT
  5
25C
330
17
100
AcDbEntity
  8
0
370
-3
100
AcDbBlockReference
  2
f3daunguoc
 10
1250.1724187923246
 20
893.5297117331211
 30
0.0
 41
-1.0
 50
90.0
  0
INSERT
  5
25E
330
17
100
AcDbEntity
  8
0
370
-3
100
AcDbBlockReference
  2
f3daunguoc
 10
1290.1724187923392
 20
434.5297117331213
 30
0.0
 41
-1.0
 50
90.0
  0
INSERT
  5
260
330
17
100
AcDbEntity
  8
0
370
-3
100
AcDbBlockReference
  2
f3daunguoc
 10
1250.1724187923246
 20
394.5297117331213
 30
0.0
 41
-1.0
 50
90.0
  0
INSERT
  5
262
330
17
100
AcDbEntity
  8
0
370
-3
100
AcDbBlockReference
  2
f2dauxuoi
 10
1250.1724187923246
 20
918.5297117331211
 30
0.0
 50
270.0
  0
INSERT
  5
264
330
17
100
AcDbEntity
  8
0
370
-3
100
AcDbBlockReference
  2
f3daunguoc
 10
520.1724187923392
 20
853.5297117331212
 30
0.0
 50
270.0
  0
INSERT
  5
266
330
17
100
AcDbEntity
  8
0
370
-3
100
AcDbBlockReference
  2
f3daunguoc
 10
560.1724187923246
 20
893.5297117331211
 30
0.0
 50
270.0
  0
INSERT
  5
268
330
17
100
AcDbEntity
  8
0
370
-3
100
AcDbBlockReference
  2
f3daunguoc
 10
520.1724187923392
 20
434.5297117331213
 30
0.0
 50
270.0
  0
INSERT
  5
26A
330
17
100
AcDbEntity
  8
0
370
-3
100
AcDbBlockReference
  2
f3daunguoc
 10
560.1724187923246
 20
394.5297117331213
 30
0.0
 50
270.0
  0
INSERT
  5
26C
330
17
100
AcDbEntity
  8
0
370
-3
100
AcDbBlockReference
  2
f2dauxuoi
 10
560.1724187923246
 20
918.5297117331211
 30
0.0
 41
-1.0
 50
90.0
  0
DIMENSION
  5
26E
330
17
100
AcDbEntity
  8
DIM
 62
7
100
AcDbDimension
280
0
  2
*D43
  3
Dim-25
 10
1370.8075548873603
 20
918.5297117331211
 30
0.0
 11
1348.0432301943074
 21
954.7425357440269
 31
0.0
 70
32
 71
5
 42
25.0
 73
0
 74
0
 75
0
100
AcDbAlignedDimension
 13
1265.1724187923246
 23
893.5297117331211
 33
0.0
 14
1265.1724187923246
 24
918.5297117331211
 34
0.0
 50
-90.00000000000001
100
AcDbRotatedDimension
  0
DIMENSION
  5
26F
330
17
100
AcDbEntity
  8
DIM
 62
7
100
AcDbDimension
280
0
  2
*D44
  3
Dim-25
 10
1317.4549993410546
 20
943.5297117331211
 30
0.0
 11
1294.6906746480163
 21
979.7425357440269
 31
0.0
 70
32
 71
5
 42
25.0
 73
0
 74
0
 75
0
100
AcDbAlignedDimension
 13
1265.1724187923246
 23
918.5297117331211
 33
0.0
 14
1240.1724187923392
 24
943.5297117331211
 34
0.0
 50
-90.00000000000001
100
AcDbRotatedDimension
  0
LWPOLYLINE
  5
270
330
17
100
AcDbEntity
  8
0
 62
2
100
AcDbPolyline
 90
4
 70
1
 10
721.6945317194477
 20
776.2797117331211
 10
712.6945317194477
 20
776.2797117331211
 10
712.6945317194477
 20
785.2797117331211
 10
721.6945317194477
 20
785.2797117331211
  0
CIRCLE
  5
271
330
17
100
AcDbEntity
  8
0
 62
7
100
AcDbCircle
 10
2796.1322761720076
 20
646.6829924482813
 30
0.0
 40
4.0
  0
LWPOLYLINE
  5
272
330
17
100
AcDbEntity
  8
0
 62
2
100
AcDbPolyline
 90
4
 70
1
 10
726.4445317194404
 20
771.5297117331211
 10
1076.4445317194477
 20
771.5297117331211
 10
1076.4445317194477
 20
621.5297117331213
 10
726.4445317194404
 20
621.5297117331213
  0
LWPOLYLINE
  5
273
330
17
100
AcDbEntity
  8
0
 62
7
100
AcDbPolyline
 90
4
 70
1
 10
2785.3822761720003
 20
657.4329924482813
 10
3175.3822761720003
 20
657.4329924482813
 10
3175.3822761720003
 20
467.4329924482813
 10
2785.3822761720003
 20
467.4329924482813
  0
LWPOLYLINE
  5
274
330
17
100
AcDbEntity
  8
0
 62
2
100
AcDbPolyline
 90
4
 70
1
 10
1081.1945317194404
 20
776.2797117331211
 10
1090.1945317194477
 20
776.2797117331211
 10
1090.1945317194477
 20
785.2797117331211
 10
1081.1945317194404
 20
785.2797117331211
  0
CIRCLE
  5
275
330
17
100
AcDbEntity
  8
0
 62
7
100
AcDbCircle
 10
3164.6322761720076
 20
646.6829924482813
 30
0.0
 40
4.0
  0
LWPOLYLINE
  5
276
330
17
100
AcDbEntity
  8
0
 62
2
100
AcDbPolyline
 90
4
 70
1
 10
721.6945317194477
 20
616.7797117331213
 10
712.6945317194477
 20
616.7797117331213
 10
712.6945317194477
 20
607.7797117331213
 10
721.6945317194477
 20
607.7797117331213
  0
CIRCLE
  5
277
330
17
100
AcDbEntity
  8
0
 62
7
100
AcDbCircle
 10
2796.1322761720076
 20
478.1829924482813
 30
0.0
 40
4.0
  0
LWPOLYLINE
  5
278
330
17
100
AcDbEntity
  8
0
 62
2
100
AcDbPolyline
 90
4
 70
1
 10
1081.1945317194404
 20
616.7797117331213
 10
1090.1945317194477
 20
616.7797117331213
 10
1090.1945317194477
 20
607.7797117331213
 10
1081.1945317194404
 20
607.7797117331213
  0
CIRCLE
  5
279
330
17
100
AcDbEntity
  8
0
 62
7
100
AcDbCircle
 10
3164.6322761720076
 20
478.1829924482813
 30
0.0
 40
4.0
  0
LWPOLYLINE
  5
27A
330
17
100
AcDbEntity
  8
0
 62
7
100
AcDbPolyline
 90
4
 70
0
 10
2349.0307298275293
 20
394.5297117331213
 10
2349.0307298275293
 20
379.5297117331213
 10
1629.0307298275293
 20
379.5297117331213
 10
1629.0307298275293
 20
394.5297117331213
  0
LWPOLYLINE
  5
27B
330
17
100
AcDbEntity
  8
0
 62
7
100
AcDbPolyline
 90
2
 70
0
 10
1589.0307298275147
 20
434.5297117331213
 10
1589.0307298275147
 20
853.5297117331212
  0
LWPOLYLINE
  5
27C
330
17
100
AcDbEntity
  8
0
 62
7
100
AcDbPolyline
 90
2
 70
0
 10
1629.0307298275293
 20
893.5297117331211
 10
1629.0307298275293
 20
918.5297117331211
  0
LWPOLYLINE
  5
27D
330
17
100
AcDbEntity
  8
0
 62
7
100
AcDbPolyline
 90
2
 70
0
 10
2349.0307298275293
 20
918.5297117331211
 10
2349.0307298275293
 20
893.5297117331211
  0
LWPOLYLINE
  5
27E
330
17
100
AcDbEntity
  8
0
 62
7
100
AcDbPolyline
 90
2
 70
0
 10
2389.0307298275147
 20
853.5297117331212
 10
2389.0307298275147
 20
434.5297117331213
  0
LINE
  5
27F
330
17
100
AcDbEntity
  8
0
 62
7
100
AcDbLine
 10
2349.0307298275293
 20
394.5297117331213
 30
0.0
 11
1629.0307298275293
 21
394.5297117331213
 31
0.0
  0
LINE
  5
280
330
17
100
AcDbEntity
  8
0
 62
7
100
AcDbLine
 10
2389.0307298275147
 20
434.5297117331213
 30
0.0
 11
1589.0307298275147
 21
434.5297117331213
 31
0.0
  0
LINE
  5
281
330
17
100
AcDbEntity
  8
0
 62
7
100
AcDbLine
 10
2389.0307298275147
 20
853.5297117331212
 30
0.0
 11
1589.0307298275147
 21
853.5297117331212
 31
0.0
  0
LINE
  5
282
330
17
100
AcDbEntity
  8
0
 62
7
100
AcDbLine
 10
2349.0307298275293
 20
918.5297117331211
 30
0.0
 11
1629.0307298275293
 21
918.5297117331211
 31
0.0
  0
LINE
  5
283
330
17
100
AcDbEntity
  8
0
 62
7
100
AcDbLine
 10
2324.0307298275147
 20
943.5297117331211
 30
0.0
 11
1654.0307298275147
 21
943.5297117331211
 31
0.0
  0
LINE
  5
284
330
17
100
AcDbEntity
  8
0
 62
7
100
AcDbLine
 10
2349.0307298275293
 20
893.5297117331211
 30
0.0
 11
1629.0307298275293
 21
893.5297117331211
 31
0.0
  0
DIMENSION
  5
285
330
17
100
AcDbEntity
  8
DIM
 62
7
100
AcDbDimension
280
0
  2
*D45
  3
Dim-25
 10
1589.0307298275147
 20
315.26165780700126
 30
0.0
 11
1989.0307298275147
 21
338.02598250004326
 31
0.0
 70
32
 71
5
 42
800.0
 73
0
 74
0
 75
0
100
AcDbAlignedDimension
 13
2389.0307298275147
 23
434.5297117331213
 33
0.0
 14
1589.0307298275147
 24
434.5297117331213
 34
0.0
 50
0.0
100
AcDbRotatedDimension
  0
DIMENSION
  5
286
330
17
100
AcDbEntity
  8
DIM
 62
7
100
AcDbDimension
280
0
  2
*D46
  3
Dim-25
 10
2454.6658659225504
 20
434.5297117331213
 30
0.0
 11
2454.6658659225504
 21
669.5297117331213
 31
0.0
 70
160
 71
5
 42
418.9999999999998
 73
0
 74
0
 75
0
100
AcDbAlignedDimension
 13
2389.0307298275147
 23
853.5297117331212
 33
0.0
 14
2389.0307298275147
 24
434.5297117331213
 34
0.0
 50
-90.00000000000001
100
AcDbRotatedDimension
  0
DIMENSION
  5
287
330
17
100
AcDbEntity
  8
DIM
 62
7
100
AcDbDimension
280
0
  2
*D47
  3
Dim-25
 10
2454.6658659225504
 20
394.5297117331213
 30
0.0
 11
2454.6658659225504
 21
414.52971173311334
 31
0.0
 70
160
 71
5
 42
40.0
 73
0
 74
0
 75
0
100
AcDbAlignedDimension
 13
2389.0307298275147
 23
434.5297117331213
 33
0.0
 14
2349.0307298275293
 24
394.5297117331213
 34
0.0
 50
-90.00000000000001
100
AcDbRotatedDimension
  0
DIMENSION
  5
288
330
17
100
AcDbEntity
  8
DIM
 62
7
100
AcDbDimension
280
0
  2
*D48
  3
Dim-25
 10
2454.6658659225504
 20
379.5297117331213
 30
0.0
 11
2431.901541229505
 21
336.70672401142133
 31
0.0
 70
32
 71
5
 42
15.0
 73
0
 74
0
 75
0
100
AcDbAlignedDimension
 13
2349.0307298275293
 23
394.5297117331213
 33
0.0
 14
2349.0307298275293
 24
379.5297117331213
 34
0.0
 50
-90.00000000000001
100
AcDbRotatedDimension
  0
LINE
  5
289
330
17
100
AcDbEntity
  8
0
 62
7
100
AcDbLine
 10
1589.0307298275147
 20
434.5297117331213
 30
0.0
 11
1629.0307298275293
 21
394.5297117331213
 31
0.0
  0
LINE
  5
28A
330
17
100
AcDbEntity
  8
0
 62
7
100
AcDbLine
 10
2389.0307298275147
 20
434.5297117331213
 30
0.0
 11
2349.0307298275293
 21
394.5297117331213
 31
0.0
  0
DIMENSION
  5
28B
330
17
100
AcDbEntity
  8
DIM
 62
7
100
AcDbDimension
280
0
  2
*D49
  3
Dim-25
 10
1523.0869503094
 20
379.5297117331213
 30
0.0
 11
1500.3226256163543
 21
661.5297117331133
 31
0.0
 70
32
 71
5
 42
564.0
 73
0
 74
0
 75
0
100
AcDbAlignedDimension
 13
1654.0307298275147
 23
943.5297117331211
 33
0.0
 14
1629.0307298275293
 24
379.5297117331213
 34
0.0
 50
-90.00000000000001
100
AcDbRotatedDimension
  0
DIMENSION
  5
28C
330
17
100
AcDbEntity
  8
DIM
 62
7
100
AcDbDimension
280
0
  2
*D50
  3
Dim-25
 10
2454.6658659225504
 20
893.5297117331211
 30
0.0
 11
2454.6658659225504
 21
873.5297117331131
 31
0.0
 70
160
 71
5
 42
40.0
 73
0
 74
0
 75
0
100
AcDbAlignedDimension
 13
2389.0307298275147
 23
853.5297117331212
 33
0.0
 14
2349.0307298275293
 24
893.5297117331211
 34
0.0
 50
-90.00000000000001
100
AcDbRotatedDimension
  0
LINE
  5
28D
330
17
100
AcDbEntity
  8
0
 62
7
100
AcDbLine
 10
1629.0307298275293
 20
893.5297117331211
 30
0.0
 11
1589.0307298275147
 21
853.5297117331212
 31
0.0
  0
LINE
  5
28E
330
17
100
AcDbEntity
  8
0
 62
7
100
AcDbLine
 10
2349.0307298275293
 20
893.5297117331211
 30
0.0
 11
2389.0307298275147
 21
853.5297117331212
 31
0.0
  0
LINE
  5
28F
330
17
100
AcDbEntity
  8
0
 62
7
100
AcDbLine
 10
2349.0307298275293
 20
918.5297117331211
 30
0.0
 11
2324.0307298275147
 21
943.5297117331211
 31
0.0
  0
LINE
  5
290
330
17
100
AcDbEntity
  8
0
 62
7
100
AcDbLine
 10
1629.0307298275293
 20
918.5297117331211
 30
0.0
 11
1654.0307298275147
 21
943.5297117331211
 31
0.0
  0
INSERT
  5
291
330
17
100
AcDbEntity
  8
0
370
-3
100
AcDbBlockReference
  2
f3daunguoc
 10
2374.0307298275147
 20
853.5297117331212
 30
0.0
 41
-1.0
 50
90.0
  0
INSERT
  5
293
330
17
100
AcDbEntity
  8
0
370
-3
100
AcDbBlockReference
  2
f3daunguoc
 10
2334.0307298275293
 20
893.5297117331211
 30
0.0
 41
-1.0
 50
90.0
  0
INSERT
  5
295
330
17
100
AcDbEntity
  8
0
370
-3
100
AcDbBlockReference
  2
f3daunguoc
 10
2374.0307298275147
 20
434.5297117331213
 30
0.0
 41
-1.0
 50
90.0
  0
INSERT
  5
297
330
17
100
AcDbEntity
  8
0
370
-3
100
AcDbBlockReference
  2
f3daunguoc
 10
2334.0307298275293
 20
394.5297117331213
 30
0.0
 41
-1.0
 50
90.0
  0
INSERT
  5
299
330
17
100
AcDbEntity
  8
0
370
-3
100
AcDbBlockReference
  2
f2dauxuoi
 10
2334.0307298275293
 20
918.5297117331211
 30
0.0
 50
270.0
  0
INSERT
  5
29B
330
17
100
AcDbEntity
  8
0
370
-3
100
AcDbBlockReference
  2
f3daunguoc
 10
1604.0307298275147
 20
853.5297117331212
 30
0.0
 50
270.0
  0
INSERT
  5
29D
330
17
100
AcDbEntity
  8
0
370
-3
100
AcDbBlockReference
  2
f3daunguoc
 10
1644.0307298275293
 20
893.5297117331211
 30
0.0
 50
270.0
  0
INSERT
  5
29F
330
17
100
AcDbEntity
  8
0
370
-3
100
AcDbBlockReference
  2
f3daunguoc
 10
1604.0307298275147
 20
434.5297117331213
 30
0.0
 50
270.0
  0
INSERT
  5
2A1
330
17
100
AcDbEntity
  8
0
370
-3
100
AcDbBlockReference
  2
f3daunguoc
 10
1644.0307298275293
 20
394.5297117331213
 30
0.0
 50
270.0
  0
INSERT
  5
2A3
330
17
100
AcDbEntity
  8
0
370
-3
100
AcDbBlockReference
  2
f2dauxuoi
 10
1644.0307298275293
 20
918.5297117331211
 30
0.0
 41
-1.0
 50
90.0
  0
DIMENSION
  5
2A5
330
17
100
AcDbEntity
  8
DIM
 62
7
100
AcDbDimension
280
0
  2
*D51
  3
Dim-25
 10
2454.6658659225504
 20
918.5297117331211
 30
0.0
 11
2431.901541229505
 21
954.7425357440272
 31
0.0
 70
32
 71
5
 42
25.0
 73
0
 74
0
 75
0
100
AcDbAlignedDimension
 13
2349.0307298275293
 23
893.5297117331211
 33
0.0
 14
2349.0307298275293
 24
918.5297117331211
 34
0.0
 50
-90.00000000000001
100
AcDbRotatedDimension
  0
DIMENSION
  5
2A6
330
17
100
AcDbEntity
  8
DIM
 62
7
100
AcDbDimension
280
0
  2
*D52
  3
Dim-25
 10
2401.3133103762448
 20
943.5297117331211
 30
0.0
 11
2378.548985683199
 21
979.7425357440272
 31
0.0
 70
32
 71
5
 42
25.0
 73
0
 74
0
 75
0
100
AcDbAlignedDimension
 13
2349.0307298275293
 23
918.5297117331211
 33
0.0
 14
2324.0307298275147
 24
943.5297117331211
 34
0.0
 50
-90.00000000000001
100
AcDbRotatedDimension
  0
LWPOLYLINE
  5
2A7
330
17
100
AcDbEntity
  8
0
 62
2
100
AcDbPolyline
 90
4
 70
1
 10
1805.5528427546305
 20
776.2797117331211
 10
1796.5528427546378
 20
776.2797117331211
 10
1796.5528427546378
 20
785.2797117331211
 10
1805.5528427546305
 20
785.2797117331211
  0
LWPOLYLINE
  5
2A8
330
17
100
AcDbEntity
  8
0
 62
2
100
AcDbPolyline
 90
4
 70
1
 10
1810.3028427546378
 20
771.5297117331211
 10
2160.3028427546305
 20
771.5297117331211
 10
2160.3028427546305
 20
621.5297117331213
 10
1810.3028427546378
 20
621.5297117331213
  0
LWPOLYLINE
  5
2A9
330
17
100
AcDbEntity
  8
0
 62
2
100
AcDbPolyline
 90
4
 70
1
 10
2165.052842754638
 20
776.2797117331211
 10
2174.0528427546305
 20
776.2797117331211
 10
2174.0528427546305
 20
785.2797117331211
 10
2165.052842754638
 20
785.2797117331211
  0
LWPOLYLINE
  5
2AA
330
17
100
AcDbEntity
  8
0
 62
2
100
AcDbPolyline
 90
4
 70
1
 10
1805.5528427546305
 20
616.7797117331213
 10
1796.5528427546378
 20
616.7797117331213
 10
1796.5528427546378
 20
607.7797117331213
 10
1805.5528427546305
 20
607.7797117331213
  0
LWPOLYLINE
  5
2AB
330
17
100
AcDbEntity
  8
0
 62
2
100
AcDbPolyline
 90
4
 70
1
 10
2165.052842754638
 20
616.7797117331213
 10
2174.0528427546305
 20
616.7797117331213
 10
2174.0528427546305
 20
607.7797117331213
 10
2165.052842754638
 20
607.7797117331213
  0
DIMENSION
  5
2AC
330
17
100
AcDbEntity
  8
DIM
 62
2
 48
3.0
100
AcDbDimension
280
0
  2
*D53
  3
Dim-25
 10
3175.3822761720003
 20
704.4886803351111
 30
0.0
 11
2980.3822761720003
 21
727.2615316311546
 31
0.0
 70
32
 71
5
 42
390.0
 73
0
 74
0
 75
0
100
AcDbAlignedDimension
 13
2785.3822761720003
 23
657.4329924482813
 33
0.0
 14
3175.3822761720003
 24
657.4329924482813
 34
0.0
 50
0.0
100
AcDbRotatedDimension
  0
DIMENSION
  5
2AD
330
17
100
AcDbEntity
  8
DIM
 62
2
 48
3.0
100
AcDbDimension
280
0
  2
*D54
  3
Dim-25
 10
2733.0103226208157
 20
467.4329924482813
 30
0.0
 11
2710.2459979277774
 21
562.4329924482734
 31
0.0
 70
32
 71
5
 42
190.0
 73
0
 74
0
 75
0
100
AcDbAlignedDimension
 13
2785.3822761720003
 23
657.4329924482813
 33
0.0
 14
2785.3822761720003
 24
467.4329924482813
 34
0.0
 50
90.0
100
AcDbRotatedDimension
  0
INSERT
  5
2AE
330
17
100
AcDbEntity
  8
CNC
370
-3
100
AcDbBlockReference
  2
ovan8.5x20
 10
1689.0307298275293
 20
828.5297117331066
 30
0.0
 50
270.0
  0
INSERT
  5
2B0
330
17
100
AcDbEntity
  8
CNC
370
-3
100
AcDbBlockReference
  2
ovan8.5x20
 10
1689.0307298275293
 20
459.5297117331213
 30
0.0
 41
-1.0
 50
270.0
  0
INSERT
  5
2B2
330
17
100
AcDbEntity
  8
CNC
370
-3
100
AcDbBlockReference
  2
ovan8.5x20
 10
2289.0307298275293
 20
828.5297117331066
 30
0.0
 41
-1.0
 50
90.0
  0
INSERT
  5
2B4
330
17
100
AcDbEntity
  8
CNC
370
-3
100
AcDbBlockReference
  2
ovan8.5x20
 10
2289.0307298275293
 20
459.5297117331213
 30
0.0
 50
90.0
  0
MTEXT
  5
2B6
330
17
100
AcDbEntity
  8
0
 62
7
100
AcDbMText
 10
2943.119971823886
 20
409.07953972402925
 30
0.0
 40
40.0
 41
915.0000000000146
 46
100.0000000000031
 71
5
 72
5
  1
Tấm bịt : 04 tấm
  0
MTEXT
  5
2B7
330
17
100
AcDbEntity
  8
0
 62
7
100
AcDbMText
 10
2629.399016815747
 20
1071.772692568833
 30
0.0
 40
40.0
 41
915.0000000000146
 46
100.0000000000031
 71
5
 72
5
  1
Thành phải: 02 tấm
  0
MTEXT
  5
2B8
330
17
100
AcDbEntity
  8
0
 62
7
100
AcDbMText
 10
1631.4906950763761
 20
1085.6495875540058
 30
0.0
 40
40.0
 41
915.0000000000146
 46
100.0000000000031
 71
5
 72
5
  1
Tấm lưng: 02 tấm
  0
ENDSEC
  0
SECTION
  2
OBJECTS
  0
DICTIONARY
  5
A
330
0
100
AcDbDictionary
281
1
  3
ACAD_COLOR
350
B
  3
ACAD_GROUP
350
C
  3
ACAD_LAYOUT
350
D
  3
ACAD_MATERIAL
350
E
  3
ACAD_MLEADERSTYLE
350
F
  3
ACAD_MLINESTYLE
350
10
  3
ACAD_PLOTSETTINGS
350
11
  3
ACAD_PLOTSTYLENAME
350
12
  3
ACAD_SCALELIST
350
14
  3
ACAD_TABLESTYLE
350
15
  3
ACAD_VISUALSTYLE
350
16
  3
EZDXF_META
350
2D
  0
DICTIONARY
  5
B
330
A
100
AcDbDictionary
281
1
  0
DICTIONARY
  5
C
330
A
100
AcDbDictionary
281
1
  0
DICTIONARY
  5
D
330
A
100
AcDbDictionary
281
1
  3
Model
350
1A
  3
Layout1
350
1E
  0
DICTIONARY
  5
E
330
A
100
AcDbDictionary
281
1
  3
ByBlock
350
1F
  3
ByLayer
350
20
  3
Global
350
21
  0
DICTIONARY
  5
F
330
A
100
AcDbDictionary
281
1
  3
Standard
350
2C
  0
DICTIONARY
  5
10
330
A
100
AcDbDictionary
281
1
  3
Standard
350
22
  0
DICTIONARY
  5
11
330
A
100
AcDbDictionary
281
1
  0
ACDBDICTIONARYWDFLT
  5
12
330
A
100
AcDbDictionary
281
1
  3
Normal
350
13
100
AcDbDictionaryWithDefault
340
13
  0
ACDBPLACEHOLDER
  5
13
330
12
  0
DICTIONARY
  5
14
330
A
100
AcDbDictionary
281
1
  0
DICTIONARY
  5
15
330
A
100
AcDbDictionary
281
1
  0
DICTIONARY
  5
16
330
A
100
AcDbDictionary
281
1
  0
LAYOUT
  5
1A
330
D
100
AcDbPlotSettings
  1

  4
A3
  6

 40
7.5
 41
20.0
 42
7.5
 43
20.0
 44
420.0
 45
297.0
 46
0.0
 47
0.0
 48
0.0
 49
0.0
140
0.0
141
0.0
142
1.0
143
1.0
 70
1024
 72
1
 73
0
 74
5
  7

 75
16
 76
0
 77
2
 78
300
147
1.0
148
0.0
149
0.0
100
AcDbLayout
  1
Model
 70
1
 71
0
 10
0.0
 20
0.0
 11
420.0
 21
297.0
 12
0.0
 22
0.0
 32
0.0
 14
1e+20
 24
1e+20
 34
1e+20
 15
-1e+20
 25
-1e+20
 35
-1e+20
146
0.0
 13
0.0
 23
0.0
 33
0.0
 16
1.0
 26
0.0
 36
0.0
 17
0.0
 27
1.0
 37
0.0
 76
1
330
17
  0
LAYOUT
  5
1E
330
D
100
AcDbPlotSettings
  1

  4
A3
  6

 40
7.5
 41
20.0
 42
7.5
 43
20.0
 44
420.0
 45
297.0
 46
0.0
 47
0.0
 48
0.0
 49
0.0
140
0.0
141
0.0
142
1.0
143
1.0
 70
0
 72
1
 73
0
 74
5
  7

 75
16
 76
0
 77
2
 78
300
147
1.0
148
0.0
149
0.0
100
AcDbLayout
  1
Layout1
 70
1
 71
1
 10
0.0
 20
0.0
 11
420.0
 21
297.0
 12
0.0
 22
0.0
 32
0.0
 14
1e+20
 24
1e+20
 34
1e+20
 15
-1e+20
 25
-1e+20
 35
-1e+20
146
0.0
 13
0.0
 23
0.0
 33
0.0
 16
1.0
 26
0.0
 36
0.0
 17
0.0
 27
1.0
 37
0.0
 76
1
330
1B
  0
MATERIAL
  5
1F
102
{ACAD_REACTORS
330
E
102
}
330
E
100
AcDbMaterial
  1
ByBlock
  2

 70
0
 40
1.0
 71
1
 41
1.0
 91
-1023410177
 42
1.0
 72
1
  3

 73
1
 74
1
 75
1
 44
0.5
 73
0
 45
1.0
 46
1.0
 77
1
  4

 78
1
 79
1
170
1
 48
1.0
171
1
  6

172
1
173
1
174
1
140
1.0
141
1.0
175
1
  7

176
1
177
1
178
1
143
1.0
179
1
  8

270
1
271
1
272
1
145
1.0
146
1.0
273
1
  9

274
1
275
1
276
1
 42
1.0
 72
1
  3

 73
1
 74
1
 75
1
 94
63
  0
MATERIAL
  5
20
102
{ACAD_REACTORS
330
E
102
}
330
E
100
AcDbMaterial
  1
ByLayer
  2

 70
0
 40
1.0
 71
1
 41
1.0
 91
-1023410177
 42
1.0
 72
1
  3

 73
1
 74
1
 75
1
 44
0.5
 73
0
 45
1.0
 46
1.0
 77
1
  4

 78
1
 79
1
170
1
 48
1.0
171
1
  6

172
1
173
1
174
1
140
1.0
141
1.0
175
1
  7

176
1
177
1
178
1
143
1.0
179
1
  8

270
1
271
1
272
1
145
1.0
146
1.0
273
1
  9

274
1
275
1
276
1
 42
1.0
 72
1
  3

 73
1
 74
1
 75
1
 94
63
  0
MATERIAL
  5
21
102
{ACAD_REACTORS
330
E
102
}
330
E
100
AcDbMaterial
  1
Global
  2

 70
0
 40
1.0
 71
1
 41
1.0
 91
-1023410177
 42
1.0
 72
1
  3

 73
1
 74
1
 75
1
 44
0.5
 73
0
 45
1.0
 46
1.0
 77
1
  4

 78
1
 79
1
170
1
 48
1.0
171
1
  6

172
1
173
1
174
1
140
1.0
141
1.0
175
1
  7

176
1
177
1
178
1
143
1.0
179
1
  8

270
1
271
1
272
1
145
1.0
146
1.0
273
1
  9

274
1
275
1
276
1
 42
1.0
 72
1
  3

 73
1
 74
1
 75
1
 94
63
  0
MLINESTYLE
  5
22
102
{ACAD_REACTORS
330
10
102
}
330
10
100
AcDbMlineStyle
  2
Standard
 70
0
  3

 62
256
 51
90.0
 52
90.0
 71
2
 49
0.5
 62
256
  6
BYLAYER
 49
-0.5
 62
256
  6
BYLAYER
  0
MLEADERSTYLE
  5
2C
102
{ACAD_REACTORS
330
F
102
}
330
F
100
AcDbMLeaderStyle
179
2
170
2
171
1
172
0
 90
2
 40
0.0
 41
0.0
173
1
 91
-1056964608
 92
-2
290
1
 42
2.0
291
1
 43
8.0
  3
Standard
 44
4.0
300

342
29
174
1
175
1
176
0
178
1
 93
-1056964608
 45
4.0
292
0
297
0
 46
4.0
 94
-1056964608
 47
1.0
 49
1.0
140
1.0
294
1
141
0.0
177
0
142
1.0
295
0
296
0
143
3.75
271
0
272
9
273
9
  0
DICTIONARY
  5
2D
330
A
100
AcDbDictionary
280
1
281
1
  3
CREATED_BY_EZDXF
350
2E
  3
WRITTEN_BY_EZDXF
350
2F3
  0
DICTIONARYVAR
  5
2E
330
2D
100
DictionaryVariables
280
0
  1
1.4.4 @ 2026-09-24T06:31:58.674946+00:00
  0
DICTIONARYVAR
  5
2F3
330
2D
100
DictionaryVariables
280
0
  1
1.4.4 @ 2026-09-24T06:37:08.674685+00:00
  0
ENDSEC
  0
EOF
