  0
SECTION
  2
HEADER
  9
$ACADVER
  1
AC1032
  9
$ACADMAINTVER
 90
4
  9
$DWGCODEPAGE
  3
ANSI_1252
  9
$LASTSAVEDBY
  1
ezdxf
  9
$REQUIREDVERSIONS
160
0
  9
$INSBASE
 10
0.0
 20
0.0
 30
0.0
  9
$EXTMIN
 10
1e+20
 20
1e+20
 30
1e+20
  9
$EXTMAX
 10
-1e+20
 20
-1e+20
 30
-1e+20
  9
$LIMMIN
 10
0.0
 20
0.0
  9
$LIMMAX
 10
420.0
 20
297.0
  9
$ORTHOMODE
 70
0
  9
$REGENMODE
 70
1
  9
$FILLMODE
 70
1
  9
$QTEXTMODE
 70
0
  9
$MIRRTEXT
 70
1
  9
$LTSCALE
 40
1.0
  9
$ATTMODE
 70
1
  9
$TEXTSIZE
 40
2.5
  9
$TRACEWID
 40
1.0
  9
$TEXTSTYLE
  7
Standard
  9
$CLAYER
  8
0
  9
$CELTYPE
  6
ByLayer
  9
$CECOLOR
 62
256
  9
$CELTSCALE
 40
1.0
  9
$DISPSILH
 70
0
  9
$DIMSCALE
 40
1.0
  9
$DIMASZ
 40
2.5
  9
$DIMEXO
 40
0.625
  9
$DIMDLI
 40
3.75
  9
$DIMRND
 40
0.0
  9
$DIMDLE
 40
0.0
  9
$DIMEXE
 40
1.25
  9
$DIMTP
 40
0.0
  9
$DIMTM
 40
0.0
  9
$DIMTXT
 40
2.5
  9
$DIMCEN
 40
2.5
  9
$DIMTSZ
 40
0.0
  9
$DIMTOL
 70
0
  9
$DIMLIM
 70
0
  9
$DIMTIH
 70
0
  9
$DIMTOH
 70
0
  9
$DIMSE1
 70
0
  9
$DIMSE2
 70
0
  9
$DIMTAD
 70
1
  9
$DIMZIN
 70
8
  9
$DIMBLK
  1

  9
$DIMASO
 70
1
  9
$DIMSHO
 70
1
  9
$DIMPOST
  1

  9
$DIMAPOST
  1

  9
$DIMALT
 70
0
  9
$DIMALTD
 70
3
  9
$DIMALTF
 40
0.03937007874
  9
$DIMLFAC
 40
1.0
  9
$DIMTOFL
 70
1
  9
$DIMTVP
 40
0.0
  9
$DIMTIX
 70
0
  9
$DIMSOXD
 70
0
  9
$DIMSAH
 70
0
  9
$DIMBLK1
  1

  9
$DIMBLK2
  1

  9
$DIMSTYLE
  2
ISO-25
  9
$DIMCLRD
 70
0
  9
$DIMCLRE
 70
0
  9
$DIMCLRT
 70
0
  9
$DIMTFAC
 40
1.0
  9
$DIMGAP
 40
0.625
  9
$DIMJUST
 70
0
  9
$DIMSD1
 70
0
  9
$DIMSD2
 70
0
  9
$DIMTOLJ
 70
0
  9
$DIMTZIN
 70
8
  9
$DIMALTZ
 70
0
  9
$DIMALTTZ
 70
0
  9
$DIMUPT
 70
0
  9
$DIMDEC
 70
2
  9
$DIMTDEC
 70
2
  9
$DIMALTU
 70
2
  9
$DIMALTTD
 70
3
  9
$DIMTXSTY
  7
Standard
  9
$DIMAUNIT
 70
0
  9
$DIMADEC
 70
0
  9
$DIMALTRND
 40
0.0
  9
$DIMAZIN
 70
0
  9
$DIMDSEP
 70
44
  9
$DIMATFIT
 70
3
  9
$DIMFRAC
 70
0
  9
$DIMLDRBLK
  1

  9
$DIMLUNIT
 70
2
  9
$DIMLWD
 70
-2
  9
$DIMLWE
 70
-2
  9
$DIMTMOVE
 70
0
  9
$DIMFXL
 40
1.0
  9
$DIMFXLON
 70
0
  9
$DIMJOGANG
 40
0.785398163397
  9
$DIMTFILL
 70
0
  9
$DIMTFILLCLR
 70
0
  9
$DIMARCSYM
 70
0
  9
$DIMLTYPE
  6

  9
$DIMLTEX1
  6

  9
$DIMLTEX2
  6

  9
$DIMTXTDIRECTION
 70
0
  9
$LUNITS
 70
2
  9
$LUPREC
 70
4
  9
$SKETCHINC
 40
1.0
  9
$FILLETRAD
 40
10.0
  9
$AUNITS
 70
0
  9
$AUPREC
 70
2
  9
$MENU
  1
.
  9
$ELEVATION
 40
0.0
  9
$PELEVATION
 40
0.0
  9
$THICKNESS
 40
0.0
  9
$LIMCHECK
 70
0
  9
$CHAMFERA
 40
0.0
  9
$CHAMFERB
 40
0.0
  9
$CHAMFERC
 40
0.0
  9
$CHAMFERD
 40
0.0
  9
$SKPOLY
 70
0
  9
$TDCREATE
 40
2461308.567349537
  9
$TDUCREATE
 40
2458532.153996898
  9
$TDUPDATE
 40
2461308.567349537
  9
$TDUUPDATE
 40
2458532.1544311
  9
$TDINDWG
 40
0.0
  9
$TDUSRTIMER
 40
0.0
  9
$USRTIMER
 70
1
  9
$ANGBASE
 50
0.0
  9
$ANGDIR
 70
0
  9
$PDMODE
 70
0
  9
$PDSIZE
 40
0.0
  9
$PLINEWID
 40
0.0
  9
$SPLFRAME
 70
0
  9
$SPLINETYPE
 70
6
  9
$SPLINESEGS
 70
8
  9
$HANDSEED
  5
311
  9
$SURFTAB1
 70
6
  9
$SURFTAB2
 70
6
  9
$SURFTYPE
 70
6
  9
$SURFU
 70
6
  9
$SURFV
 70
6
  9
$UCSBASE
  2

  9
$UCSNAME
  2

  9
$UCSORG
 10
0.0
 20
0.0
 30
0.0
  9
$UCSXDIR
 10
1.0
 20
0.0
 30
0.0
  9
$UCSYDIR
 10
0.0
 20
1.0
 30
0.0
  9
$UCSORTHOREF
  2

  9
$UCSORTHOVIEW
 70
0
  9
$UCSORGTOP
 10
0.0
 20
0.0
 30
0.0
  9
$UCSORGBOTTOM
 10
0.0
 20
0.0
 30
0.0
  9
$UCSORGLEFT
 10
0.0
 20
0.0
 30
0.0
  9
$UCSORGRIGHT
 10
0.0
 20
0.0
 30
0.0
  9
$UCSORGFRONT
 10
0.0
 20
0.0
 30
0.0
  9
$UCSORGBACK
 10
0.0
 20
0.0
 30
0.0
  9
$PUCSBASE
  2

  9
$PUCSNAME
  2

  9
$PUCSORG
 10
0.0
 20
0.0
 30
0.0
  9
$PUCSXDIR
 10
1.0
 20
0.0
 30
0.0
  9
$PUCSYDIR
 10
0.0
 20
1.0
 30
0.0
  9
$PUCSORTHOREF
  2

  9
$PUCSORTHOVIEW
 70
0
  9
$PUCSORGTOP
 10
0.0
 20
0.0
 30
0.0
  9
$PUCSORGBOTTOM
 10
0.0
 20
0.0
 30
0.0
  9
$PUCSORGLEFT
 10
0.0
 20
0.0
 30
0.0
  9
$PUCSORGRIGHT
 10
0.0
 20
0.0
 30
0.0
  9
$PUCSORGFRONT
 10
0.0
 20
0.0
 30
0.0
  9
$PUCSORGBACK
 10
0.0
 20
0.0
 30
0.0
  9
$USERI1
 70
0
  9
$USERI2
 70
0
  9
$USERI3
 70
0
  9
$USERI4
 70
0
  9
$USERI5
 70
0
  9
$USERR1
 40
0.0
  9
$USERR2
 40
0.0
  9
$USERR3
 40
0.0
  9
$USERR4
 40
0.0
  9
$USERR5
 40
0.0
  9
$WORLDVIEW
 70
1
  9
$SHADEDGE
 70
3
  9
$SHADEDIF
 70
70
  9
$TILEMODE
 70
1
  9
$MAXACTVP
 70
64
  9
$PINSBASE
 10
0.0
 20
0.0
 30
0.0
  9
$PLIMCHECK
 70
0
  9
$PEXTMIN
 10
1e+20
 20
1e+20
 30
1e+20
  9
$PEXTMAX
 10
-1e+20
 20
-1e+20
 30
-1e+20
  9
$PLIMMIN
 10
0.0
 20
0.0
  9
$PLIMMAX
 10
420.0
 20
297.0
  9
$UNITMODE
 70
0
  9
$VISRETAIN
 70
1
  9
$PLINEGEN
 70
0
  9
$PSLTSCALE
 70
1
  9
$TREEDEPTH
 70
3020
  9
$CMLSTYLE
  2
Standard
  9
$CMLJUST
 70
0
  9
$CMLSCALE
 40
20.0
  9
$PROXYGRAPHICS
 70
1
  9
$MEASUREMENT
 70
1
  9
$CELWEIGHT
370
-1
  9
$ENDCAPS
280
0
  9
$JOINSTYLE
280
0
  9
$LWDISPLAY
290
0
  9
$INSUNITS
 70
4
  9
$HYPERLINKBASE
  1

  9
$STYLESHEET
  1

  9
$XEDIT
290
1
  9
$CEPSNTYPE
380
0
  9
$PSTYLEMODE
290
1
  9
$FINGERPRINTGUID
  2
{86D0A387-793E-4451-8A71-C9D14A5ABA65}
  9
$VERSIONGUID
  2
{A6B7ED35-BE21-44C3-B9BA-9FD09582BC5A}
  9
$EXTNAMES
290
1
  9
$PSVPSCALE
 40
0.0
  9
$OLESTARTUP
290
0
  9
$SORTENTS
280
127
  9
$INDEXCTL
280
0
  9
$HIDETEXT
280
1
  9
$XCLIPFRAME
280
1
  9
$HALOGAP
280
0
  9
$OBSCOLOR
 70
257
  9
$OBSLTYPE
280
0
  9
$INTERSECTIONDISPLAY
280
0
  9
$INTERSECTIONCOLOR
 70
257
  9
$DIMASSOC
280
2
  9
$PROJECTNAME
  1

  9
$CAMERADISPLAY
290
0
  9
$LENSLENGTH
 40
50.0
  9
$CAMERAHEIGHT
 40
0.0
  9
$STEPSPERSEC
 40
24.0
  9
$STEPSIZE
 40
100.0
  9
$3DDWFPREC
 40
2.0
  9
$PSOLWIDTH
 40
0.005
  9
$PSOLHEIGHT
 40
0.08
  9
$LOFTANG1
 40
1.570796326795
  9
$LOFTANG2
 40
1.570796326795
  9
$LOFTMAG1
 40
0.0
  9
$LOFTMAG2
 40
0.0
  9
$LOFTPARAM
 70
7
  9
$LOFTNORMALS
280
1
  9
$LATITUDE
 40
37.795
  9
$LONGITUDE
 40
-122.394
  9
$NORTHDIRECTION
 40
0.0
  9
$TIMEZONE
 70
-8000
  9
$LIGHTGLYPHDISPLAY
280
1
  9
$TILEMODELIGHTSYNCH
280
1
  9
$CMATERIAL
347
20
  9
$SOLIDHIST
280
0
  9
$SHOWHIST
280
1
  9
$DWFFRAME
280
2
  9
$DGNFRAME
280
2
  9
$REALWORLDSCALE
290
1
  9
$INTERFERECOLOR
 62
256
  9
$CSHADOW
280
0
  9
$SHADOWPLANELOCATION
 40
0.0
  0
ENDSEC
  0
SECTION
  2
CLASSES
  0
CLASS
  1
ACDBDICTIONARYWDFLT
  2
AcDbDictionaryWithDefault
  3
ObjectDBX Classes
 90
0
 91
0
280
0
281
0
  0
CLASS
  1
SUN
  2
AcDbSun
  3
SCENEOE
 90
1153
 91
0
280
0
281
0
  0
CLASS
  1
VISUALSTYLE
  2
AcDbVisualStyle
  3
ObjectDBX Classes
 90
4095
 91
0
280
0
281
0
  0
CLASS
  1
MATERIAL
  2
AcDbMaterial
  3
ObjectDBX Classes
 90
1153
 91
0
280
0
281
0
  0
CLASS
  1
SCALE
  2
AcDbScale
  3
ObjectDBX Classes
 90
1153
 91
0
280
0
281
0
  0
CLASS
  1
TABLESTYLE
  2
AcDbTableStyle
  3
ObjectDBX Classes
 90
4095
 91
0
280
0
281
0
  0
CLASS
  1
MLEADERSTYLE
  2
AcDbMLeaderStyle
  3
ACDB_MLEADERSTYLE_CLASS
 90
4095
 91
0
280
0
281
0
  0
CLASS
  1
DICTIONARYVAR
  2
AcDbDictionaryVar
  3
ObjectDBX Classes
 90
0
 91
0
280
0
281
0
  0
CLASS
  1
CELLSTYLEMAP
  2
AcDbCellStyleMap
  3
ObjectDBX Classes
 90
1152
 91
0
280
0
281
0
  0
CLASS
  1
MENTALRAYRENDERSETTINGS
  2
AcDbMentalRayRenderSettings
  3
SCENEOE
 90
1024
 91
0
280
0
281
0
  0
CLASS
  1
ACDBDETAILVIEWSTYLE
  2
AcDbDetailViewStyle
  3
ObjectDBX Classes
 90
1025
 91
0
280
0
281
0
  0
CLASS
  1
ACDBSECTIONVIEWSTYLE
  2
AcDbSectionViewStyle
  3
ObjectDBX Classes
 90
1025
 91
0
280
0
281
0
  0
CLASS
  1
RASTERVARIABLES
  2
AcDbRasterVariables
  3
ISM
 90
0
 91
0
280
0
281
0
  0
CLASS
  1
ACDBPLACEHOLDER
  2
AcDbPlaceHolder
  3
ObjectDBX Classes
 90
0
 91
0
280
0
281
0
  0
CLASS
  1
LAYOUT
  2
AcDbLayout
  3
ObjectDBX Classes
 90
0
 91
0
280
0
281
0
  0
ENDSEC
  0
SECTION
  2
TABLES
  0
TABLE
  2
VPORT
  5
8
330
0
100
AcDbSymbolTable
 70
1
  0
VPORT
  5
23
330
8
100
AcDbSymbolTableRecord
100
AcDbViewportTableRecord
  2
*Active
 70
0
 10
0.0
 20
0.0
 11
1.0
 21
1.0
 12
0.0
 22
0.0
 13
0.0
 23
0.0
 14
0.5
 24
0.5
 15
0.5
 25
0.5
 16
0.0
 26
0.0
 36
1.0
 17
0.0
 27
0.0
 37
0.0
 40
1000.0
 41
1.34
 42
50.0
 43
0.0
 44
0.0
 50
0.0
 51
0.0
 71
0
 72
1000
 73
1
 74
3
 75
0
 76
0
 77
0
 78
0
281
0
 65
0
146
0.0
  0
ENDTAB
  0
TABLE
  2
LTYPE
  5
2
330
0
100
AcDbSymbolTable
 70
3
  0
LTYPE
  5
24
330
2
100
AcDbSymbolTableRecord
100
AcDbLinetypeTableRecord
  2
ByBlock
 70
0
  3

 72
65
 73
0
 40
0.0
  0
LTYPE
  5
25
330
2
100
AcDbSymbolTableRecord
100
AcDbLinetypeTableRecord
  2
ByLayer
 70
0
  3

 72
65
 73
0
 40
0.0
  0
LTYPE
  5
26
330
2
100
AcDbSymbolTableRecord
100
AcDbLinetypeTableRecord
  2
Continuous
 70
0
  3

 72
65
 73
0
 40
0.0
  0
ENDTAB
  0
TABLE
  2
LAYER
  5
1
330
0
100
AcDbSymbolTable
 70
4
  0
LAYER
  5
27
330
1
100
AcDbSymbolTableRecord
100
AcDbLayerTableRecord
  2
0
 70
0
 62
7
  6
Continuous
370
-3
390
13
347
21
  0
LAYER
  5
28
330
1
100
AcDbSymbolTableRecord
100
AcDbLayerTableRecord
  2
Defpoints
 70
0
 62
7
  6
Continuous
290
0
370
-3
390
13
347
21
  0
LAYER
  5
14D
330
1
100
AcDbSymbolTableRecord
100
AcDbLayerTableRecord
  2
CNC
 70
0
 62
7
  6
Continuous
370
-3
390
13
347
21
  0
LAYER
  5
14E
330
1
100
AcDbSymbolTableRecord
100
AcDbLayerTableRecord
  2
DIM
 70
0
 62
253
  6
Continuous
370
-3
390
13
347
21
  0
ENDTAB
  0
TABLE
  2
STYLE
  5
5
330
0
100
AcDbSymbolTable
 70
3
  0
STYLE
  5
29
330
5
100
AcDbSymbolTableRecord
100
AcDbTextStyleTableRecord
  2
Standard
 70
0
 40
0.0
 41
1.0
 50
0.0
 71
0
 42
2.5
  3
txt
  4

  0
STYLE
  5
14F
330
5
100
AcDbSymbolTableRecord
100
AcDbTextStyleTableRecord
  2
Tahoma (Input Text)
 70
0
 40
0.0
 41
1.0
 50
0.0
 71
0
 42
25.0
  3
tahoma.ttf
  4

  0
STYLE
  5
150
330
5
100
AcDbSymbolTableRecord
100
AcDbTextStyleTableRecord
  2
Arial
 70
0
 40
0.0
 41
1.0
 50
0.0
 71
0
 42
0.2
  3
arial.ttf
  4

  0
ENDTAB
  0
TABLE
  2
VIEW
  5
7
330
0
100
AcDbSymbolTable
 70
0
  0
ENDTAB
  0
TABLE
  2
UCS
  5
6
330
0
100
AcDbSymbolTable
 70
0
  0
ENDTAB
  0
TABLE
  2
APPID
  5
3
330
0
100
AcDbSymbolTable
 70
3
  0
APPID
  5
2A
330
3
100
AcDbSymbolTableRecord
100
AcDbRegAppTableRecord
  2
ACAD
 70
0
  0
APPID
  5
151
330
3
100
AcDbSymbolTableRecord
100
AcDbRegAppTableRecord
  2
HATCHBACKGROUNDCOLOR
 70
0
  0
APPID
  5
152
330
3
100
AcDbSymbolTableRecord
100
AcDbRegAppTableRecord
  2
EZDXF
 70
0
  0
ENDTAB
  0
TABLE
  2
DIMSTYLE
  5
4
330
0
100
AcDbSymbolTable
 70
3
100
AcDbDimStyleTable
  0
DIMSTYLE
105
2B
330
4
100
AcDbSymbolTableRecord
100
AcDbDimStyleTableRecord
  2
Standard
 70
0
 40
1.0
 41
2.5
 42
0.625
 43
3.75
 44
1.25
 45
0.0
 46
0.0
 47
0.0
 48
0.0
 49
2.5
140
2.5
141
2.5
142
0.0
143
0.03937007874
144
1.0
145
0.0
146
1.0
147
0.625
148
0.0
 69
0
 70
0
 71
0
 72
0
 73
0
 74
0
 75
0
 76
0
 77
1
 78
8
 79
3
170
0
171
3
172
1
173
0
174
0
175
0
176
0
177
0
178
0
179
2
271
2
272
2
273
2
274
3
275
0
276
0
277
2
278
44
279
0
280
0
281
0
282
0
283
0
284
8
285
0
286
0
288
0
289
3
290
0
371
-2
372
-2
  0
DIMSTYLE
105
14B
330
4
100
AcDbSymbolTableRecord
100
AcDbDimStyleTableRecord
  2
Dim-25
 70
0
 40
1.0
 41
8.0
 42
15.0
 43
3.75
 44
10.0
 45
0.0
 46
0.0
 47
0.0
 48
0.0
 49
2.5
140
25.0
141
10.0
142
0.0
143
0.03937007874016
144
1.0
145
0.0
146
1.0
147
10.0
148
0.0
 69
0
 70
0
 71
0
 72
0
 73
0
 74
0
 75
0
 76
0
 77
1
 78
8
 79
3
170
0
171
3
172
1
173
0
174
0
175
0
176
5
177
5
178
3
179
2
271
0
272
0
273
2
274
3
275
0
276
0
277
2
278
44
279
0
280
0
281
0
282
0
283
0
284
8
285
0
286
0
288
0
289
3
290
0
340
29
341
4D
342
4D
345
25
346
25
347
25
371
9
372
9
  0
DIMSTYLE
105
14C
330
4
100
AcDbSymbolTableRecord
100
AcDbDimStyleTableRecord
  2
Dim-15
 70
0
 40
1.0
 41
5.0
 42
8.0
 43
3.75
 44
5.0
 45
0.0
 46
0.0
 47
0.0
 48
0.0
 49
2.5
140
15.0
141
10.0
142
0.0
143
0.03937007874016
144
1.0
145
0.0
146
1.0
147
5.0
148
0.0
 69
0
 70
0
 71
0
 72
0
 73
0
 74
0
 75
0
 76
0
 77
1
 78
8
 79
3
170
0
171
3
172
1
173
0
174
0
175
0
176
5
177
5
178
3
179
2
271
0
272
0
273
2
274
3
275
0
276
0
277
2
278
44
279
0
280
0
281
0
282
0
283
0
284
8
285
0
286
0
288
0
289
3
290
0
340
29
341
4D
342
4D
345
25
346
25
347
25
371
9
372
9
  0
ENDTAB
  0
TABLE
  2
BLOCK_RECORD
  5
9
330
0
100
AcDbSymbolTable
 70
37
  0
BLOCK_RECORD
  5
17
330
9
100
AcDbSymbolTableRecord
100
AcDbBlockTableRecord
  2
*Model_Space
340
1A
 70
0
280
1
281
0
  0
BLOCK_RECORD
  5
1B
330
9
100
AcDbSymbolTableRecord
100
AcDbBlockTableRecord
  2
*Paper_Space
340
1E
 70
0
280
1
281
0
  0
BLOCK_RECORD
  5
4D
330
9
100
AcDbSymbolTableRecord
100
AcDbBlockTableRecord
  2
_Oblique
340
0
 70
0
280
1
281
0
  0
BLOCK_RECORD
  5
11F
330
9
100
AcDbSymbolTableRecord
100
AcDbBlockTableRecord
  2
khungtenAsean2
340
0
 70
0
280
1
281
0
  0
BLOCK_RECORD
  5
143
330
9
100
AcDbSymbolTableRecord
100
AcDbBlockTableRecord
  2
f3daunguoc
340
0
 70
0
280
1
281
0
  0
BLOCK_RECORD
  5
147
330
9
100
AcDbSymbolTableRecord
100
AcDbBlockTableRecord
  2
f2dauxuoi
340
0
 70
0
280
1
281
0
  0
BLOCK_RECORD
  5
189
330
9
100
AcDbSymbolTableRecord
100
AcDbBlockTableRecord
  2
*D1
340
0
 70
0
280
1
281
0
  0
BLOCK_RECORD
  5
195
330
9
100
AcDbSymbolTableRecord
100
AcDbBlockTableRecord
  2
*D2
340
0
 70
0
280
1
281
0
  0
BLOCK_RECORD
  5
1A1
330
9
100
AcDbSymbolTableRecord
100
AcDbBlockTableRecord
  2
*D3
340
0
 70
0
280
1
281
0
  0
BLOCK_RECORD
  5
1AD
330
9
100
AcDbSymbolTableRecord
100
AcDbBlockTableRecord
  2
*D4
340
0
 70
0
280
1
281
0
  0
BLOCK_RECORD
  5
1B9
330
9
100
AcDbSymbolTableRecord
100
AcDbBlockTableRecord
  2
*D5
340
0
 70
0
280
1
281
0
  0
BLOCK_RECORD
  5
1C5
330
9
100
AcDbSymbolTableRecord
100
AcDbBlockTableRecord
  2
*D6
340
0
 70
0
280
1
281
0
  0
BLOCK_RECORD
  5
1D1
330
9
100
AcDbSymbolTableRecord
100
AcDbBlockTableRecord
  2
*D7
340
0
 70
0
280
1
281
0
  0
BLOCK_RECORD
  5
1DF
330
9
100
AcDbSymbolTableRecord
100
AcDbBlockTableRecord
  2
*D8
340
0
 70
0
280
1
281
0
  0
BLOCK_RECORD
  5
1ED
330
9
100
AcDbSymbolTableRecord
100
AcDbBlockTableRecord
  2
*D9
340
0
 70
0
280
1
281
0
  0
BLOCK_RECORD
  5
1FB
330
9
100
AcDbSymbolTableRecord
100
AcDbBlockTableRecord
  2
*D10
340
0
 70
0
280
1
281
0
  0
BLOCK_RECORD
  5
209
330
9
100
AcDbSymbolTableRecord
100
AcDbBlockTableRecord
  2
*D11
340
0
 70
0
280
1
281
0
  0
BLOCK_RECORD
  5
215
330
9
100
AcDbSymbolTableRecord
100
AcDbBlockTableRecord
  2
*D12
340
0
 70
0
280
1
281
0
  0
BLOCK_RECORD
  5
221
330
9
100
AcDbSymbolTableRecord
100
AcDbBlockTableRecord
  2
*D13
340
0
 70
0
280
1
281
0
  0
BLOCK_RECORD
  5
22D
330
9
100
AcDbSymbolTableRecord
100
AcDbBlockTableRecord
  2
*D14
340
0
 70
0
280
1
281
0
  0
BLOCK_RECORD
  5
239
330
9
100
AcDbSymbolTableRecord
100
AcDbBlockTableRecord
  2
*D15
340
0
 70
0
280
1
281
0
  0
BLOCK_RECORD
  5
247
330
9
100
AcDbSymbolTableRecord
100
AcDbBlockTableRecord
  2
*D16
340
0
 70
0
280
1
281
0
  0
BLOCK_RECORD
  5
255
330
9
100
AcDbSymbolTableRecord
100
AcDbBlockTableRecord
  2
*D17
340
0
 70
0
280
1
281
0
  0
BLOCK_RECORD
  5
261
330
9
100
AcDbSymbolTableRecord
100
AcDbBlockTableRecord
  2
*D18
340
0
 70
0
280
1
281
0
  0
BLOCK_RECORD
  5
26D
330
9
100
AcDbSymbolTableRecord
100
AcDbBlockTableRecord
  2
*D19
340
0
 70
0
280
1
281
0
  0
BLOCK_RECORD
  5
279
330
9
100
AcDbSymbolTableRecord
100
AcDbBlockTableRecord
  2
*D20
340
0
 70
0
280
1
281
0
  0
BLOCK_RECORD
  5
285
330
9
100
AcDbSymbolTableRecord
100
AcDbBlockTableRecord
  2
*D21
340
0
 70
0
280
1
281
0
  0
BLOCK_RECORD
  5
293
330
9
100
AcDbSymbolTableRecord
100
AcDbBlockTableRecord
  2
*D22
340
0
 70
0
280
1
281
0
  0
BLOCK_RECORD
  5
2A1
330
9
100
AcDbSymbolTableRecord
100
AcDbBlockTableRecord
  2
*D23
340
0
 70
0
280
1
281
0
  0
BLOCK_RECORD
  5
2AD
330
9
100
AcDbSymbolTableRecord
100
AcDbBlockTableRecord
  2
*D24
340
0
 70
0
280
1
281
0
  0
BLOCK_RECORD
  5
2B9
330
9
100
AcDbSymbolTableRecord
100
AcDbBlockTableRecord
  2
*D25
340
0
 70
0
280
1
281
0
  0
BLOCK_RECORD
  5
2C5
330
9
100
AcDbSymbolTableRecord
100
AcDbBlockTableRecord
  2
*D26
340
0
 70
0
280
1
281
0
  0
BLOCK_RECORD
  5
2D1
330
9
100
AcDbSymbolTableRecord
100
AcDbBlockTableRecord
  2
*D27
340
0
 70
0
280
1
281
0
  0
BLOCK_RECORD
  5
2DD
330
9
100
AcDbSymbolTableRecord
100
AcDbBlockTableRecord
  2
*D28
340
0
 70
0
280
1
281
0
  0
BLOCK_RECORD
  5
2E9
330
9
100
AcDbSymbolTableRecord
100
AcDbBlockTableRecord
  2
*D29
340
0
 70
0
280
1
281
0
  0
BLOCK_RECORD
  5
2F7
330
9
100
AcDbSymbolTableRecord
100
AcDbBlockTableRecord
  2
*D30
340
0
 70
0
280
1
281
0
  0
BLOCK_RECORD
  5
305
330
9
100
AcDbSymbolTableRecord
100
AcDbBlockTableRecord
  2
*D31
340
0
 70
0
280
1
281
0
  0
ENDTAB
  0
ENDSEC
  0
SECTION
  2
BLOCKS
  0
BLOCK
  5
18
330
17
100
AcDbEntity
  8
0
100
AcDbBlockBegin
  2
*Model_Space
 70
0
 10
0.0
 20
0.0
 30
0.0
  3
*Model_Space
  1

  0
ENDBLK
  5
19
330
17
100
AcDbEntity
  8
0
100
AcDbBlockEnd
  0
BLOCK
  5
1C
330
1B
100
AcDbEntity
  8
0
100
AcDbBlockBegin
  2
*Paper_Space
 70
0
 10
0.0
 20
0.0
 30
0.0
  3
*Paper_Space
  1

  0
ENDBLK
  5
1D
330
1B
100
AcDbEntity
  8
0
100
AcDbBlockEnd
  0
BLOCK
  5
4E
330
4D
100
AcDbEntity
  8
0
100
AcDbBlockBegin
  2
_Oblique
 70
0
 10
0.0
 20
0.0
 30
0.0
  3
_Oblique
  1

  0
LINE
  5
50
330
4D
100
AcDbEntity
  8
0
  6
ByBlock
 62
0
370
-2
100
AcDbLine
 10
-0.5
 20
-0.5
 30
0.0
 11
0.5
 21
0.5
 31
0.0
  0
ENDBLK
  5
4F
330
4D
100
AcDbEntity
  8
0
100
AcDbBlockEnd
  0
BLOCK
  5
120
330
11F
100
AcDbEntity
  8
0
100
AcDbBlockBegin
  2
khungtenAsean2
 70
2
 10
0.0
 20
0.0
 30
0.0
  3
khungtenAsean2
  1

  0
LWPOLYLINE
  5
122
330
11F
100
AcDbEntity
  8
0
 62
7
100
AcDbPolyline
 90
4
 70
1
 10
0.0
 20
0.0
 10
2970.000000000422
 20
0.0
 10
2970.000000000422
 20
-2100.00000000032
 10
0.0
 20
-2100.00000000032
  0
LINE
  5
123
330
11F
100
AcDbEntity
  8
0
 62
7
100
AcDbLine
 10
2020.0
 20
-2040.00000000032
 30
0.0
 11
0.0
 21
-2040.00000000032
 31
0.0
  0
LINE
  5
124
330
11F
100
AcDbEntity
  8
0
 62
7
100
AcDbLine
 10
2970.000000000422
 20
-1980.00000000032
 30
0.0
 11
0.0
 21
-1980.00000000032
 31
0.0
  0
LINE
  5
125
330
11F
100
AcDbEntity
  8
0
 62
7
100
AcDbLine
 10
320.0
 20
-1980.00000000032
 30
0.0
 11
320.0
 21
-2100.00000000032
 31
0.0
  0
LINE
  5
126
330
11F
100
AcDbEntity
  8
0
 62
7
100
AcDbLine
 10
890.0
 20
-1980.00000000032
 30
0.0
 11
890.0
 21
-2100.00000000032
 31
0.0
  0
LINE
  5
127
330
11F
100
AcDbEntity
  8
0
 62
7
100
AcDbLine
 10
1680.0
 20
-1980.00000000032
 30
0.0
 11
1680.0
 21
-2100.00000000032
 31
0.0
  0
LINE
  5
128
330
11F
100
AcDbEntity
  8
0
 62
7
100
AcDbLine
 10
2020.0
 20
-1980.00000000032
 30
0.0
 11
2020.0
 21
-2100.00000000032
 31
0.0
  0
LINE
  5
129
330
11F
100
AcDbEntity
  8
0
 62
7
100
AcDbLine
 10
2860.000000000422
 20
-1980.00000000032
 30
0.0
 11
2860.000000000422
 21
-2100.00000000032
 31
0.0
  0
MTEXT
  5
12A
330
11F
100
AcDbEntity
  8
0
 62
2
100
AcDbMText
 10
0.0
 20
-2010.00000000032
 30
0.0
 40
20.0
 41
917.6339389950801
 46
60.00000000000113
 71
4
 72
5
  1
  Thiết kế :
  7
Arial
  0
MTEXT
  5
12B
330
11F
100
AcDbEntity
  8
0
 62
2
100
AcDbMText
 10
0.0
 20
-2070.00000000032
 30
0.0
 40
20.0
 41
917.6339389950801
 46
60.00000000000113
 71
4
 72
5
  1
  CNC :
  7
Arial
  0
MTEXT
  5
12C
330
11F
100
AcDbEntity
  8
0
 62
2
100
AcDbMText
 10
320.0
 20
-2010.00000000032
 30
0.0
 40
20.0
 41
917.6339389950801
 46
60.00000000000113
 71
4
 72
5
  1
  Khách hàng :
  7
Arial
  0
MTEXT
  5
12D
330
11F
100
AcDbEntity
  8
0
 62
2
100
AcDbMText
 10
320.0
 20
-2070.00000000032
 30
0.0
 40
20.0
 41
917.6339389950801
 46
60.00000000000113
 71
4
 72
5
  1
  Giao hàng :
  7
Arial
  0
MTEXT
  5
12E
330
11F
100
AcDbEntity
  8
0
 62
2
100
AcDbMText
 10
890.0
 20
-2010.00000000032
 30
0.0
 40
20.0
 41
917.6339389950801
 46
60.00000000000113
 71
4
 72
5
  1
  Tên sản phẩm :
  7
Arial
  0
MTEXT
  5
12F
330
11F
100
AcDbEntity
  8
0
 62
2
100
AcDbMText
 10
890.0
 20
-2070.00000000032
 30
0.0
 40
20.0
 41
917.6339389950801
 46
60.00000000000113
 71
4
 72
5
  1
  Kích thước :
  7
Arial
  0
MTEXT
  5
130
330
11F
100
AcDbEntity
  8
0
 62
2
100
AcDbMText
 10
1680.0
 20
-2010.00000000032
 30
0.0
 40
20.0
 41
917.6339389950801
 46
60.00000000000113
 71
4
 72
5
  1
  Số lượng :
  7
Arial
  0
MTEXT
  5
131
330
11F
100
AcDbEntity
  8
0
 62
2
100
AcDbMText
 10
1680.0
 20
-2070.00000000032
 30
0.0
 40
20.0
 41
917.6339389950801
 46
60.00000000000113
 71
4
 72
5
  1
  Loại tôn :
  7
Arial
  0
MTEXT
  5
132
330
11F
100
AcDbEntity
  8
0
 62
2
100
AcDbMText
 10
2074.15528161102
 20
-2040.00000000032
 30
0.0
 40
20.0
 41
108.3105632220314
 46
120.0000000000011
 71
5
 72
5
  1
Thông\Ptin :
  7
Arial
  0
MTEXT
  5
133
330
11F
100
AcDbEntity
  8
0
 62
2
100
AcDbMText
 10
2915.000000000422
 20
-2010.00000000032
 30
0.0
 40
20.0
 41
110.0000000000065
 46
60.00000000000113
 71
5
 72
5
  1
Tờ
  7
Arial
  0
LINE
  5
134
330
11F
100
AcDbEntity
  8
0
 62
7
100
AcDbLine
 10
2128.310563222025
 20
-2005.00000000032
 30
0.0
 11
2128.310563222025
 21
-2075.00000000032
 31
0.0
  0
MTEXT
  5
135
330
11F
100
AcDbEntity
  8
0
 62
2
100
AcDbMText
 10
1382.285678836575
 20
-2070.00000000032
 30
0.0
 40
20.0
 41
917.6339389950801
 46
60.00000000000113
 71
4
 72
5
  1
mm
  7
Arial
  0
MTEXT
  5
136
330
11F
100
AcDbEntity
  8
0
 62
2
100
AcDbMText
 10
1947.610064813329
 20
-2010.00000000032
 30
0.0
 40
20.0
 41
917.6339389950801
 46
60.00000000000113
 71
4
 72
5
  1
cái
  7
Arial
  0
MTEXT
  5
137
330
11F
100
AcDbEntity
  8
0
 62
2
100
AcDbMText
 10
1936.880410494836
 20
-2070.00000000032
 30
0.0
 40
20.0
 41
917.6339389950801
 46
60.00000000000113
 71
4
 72
5
  1
mm
  7
Arial
  0
ATTDEF
  5
138
330
11F
100
AcDbEntity
  8
0
 62
1
100
AcDbText
 10
2883.764212945627
 20
-2067.347800104843
 30
0.0
 40
25.0
  1
......
  7
Tahoma (Input Text)
 72
1
 11
2914.993225705868
 21
-2067.347800104843
 31
0.0
100
AcDbAttributeDefinition
  3
Số trang
  2
#11
 70
8
 71
1
 72
0
 11
2914.993225705868
 21
-2067.347800104843
 31
0.0
  0
ATTDEF
  5
139
330
11F
100
AcDbEntity
  8
0
 62
1
100
AcDbText
 10
2146.716977487464
 20
-2021.275211692002
 30
0.0
 40
25.0
  1
......
  7
Tahoma (Input Text)
100
AcDbAttributeDefinition
  3
Thông tin 1
  2
#09
 70
8
 71
1
 72
0
  0
ATTDEF
  5
13A
330
11F
100
AcDbEntity
  8
0
 62
1
100
AcDbText
 10
2146.716977487464
 20
-2081.275211692002
 30
0.0
 40
25.0
  1
......
  7
Tahoma (Input Text)
100
AcDbAttributeDefinition
  3
Thông tin 2
  2
#10
 70
8
 71
1
 72
0
  0
ATTDEF
  5
13B
330
11F
100
AcDbEntity
  8
0
 62
1
100
AcDbText
 10
1817.447765733334
 20
-2081.275211692002
 30
0.0
 40
25.0
  1
......
  7
Tahoma (Input Text)
100
AcDbAttributeDefinition
  3
Loại tôn
  2
#08
 70
8
 71
1
 72
0
  0
ATTDEF
  5
13C
330
11F
100
AcDbEntity
  8
0
 62
1
100
AcDbText
 10
1834.68151032555
 20
-2021.275211692002
 30
0.0
 40
25.0
  1
......
  7
Tahoma (Input Text)
100
AcDbAttributeDefinition
  3
Số lượng
  2
#07
 70
8
 71
1
 72
0
  0
ATTDEF
  5
13D
330
11F
100
AcDbEntity
  8
0
 62
1
100
AcDbText
 10
1065.330889143646
 20
-2081.275211692002
 30
0.0
 40
25.0
  1
......
  7
Tahoma (Input Text)
100
AcDbAttributeDefinition
  3
Kích thước
  2
#06
 70
8
 71
1
 72
0
  0
ATTDEF
  5
13E
330
11F
100
AcDbEntity
  8
0
 62
1
100
AcDbText
 10
1106.628177122154
 20
-2021.275211692002
 30
0.0
 40
25.0
  1
......
  7
Tahoma (Input Text)
100
AcDbAttributeDefinition
  3
Tên s.phẩm
  2
#05
 70
8
 71
1
 72
0
  0
ATTDEF
  5
13F
330
11F
100
AcDbEntity
  8
0
 62
1
100
AcDbText
 10
486.1050270054984
 20
-2081.275211692002
 30
0.0
 40
25.0
  1
......
  7
Tahoma (Input Text)
100
AcDbAttributeDefinition
  3
Giao hàng
  2
#04
 70
8
 71
1
 72
0
  0
ATTDEF
  5
140
330
11F
100
AcDbEntity
  8
0
 62
1
100
AcDbText
 10
506.5707489467022
 20
-2019.301600489707
 30
0.0
 40
25.0
  1
......
  7
Tahoma (Input Text)
100
AcDbAttributeDefinition
  3
Khách hàng
  2
#03
 70
8
 71
1
 72
0
  0
ATTDEF
  5
141
330
11F
100
AcDbEntity
  8
0
 62
1
100
AcDbText
 10
98.45672450316488
 20
-2081.275211692002
 30
0.0
 40
25.0
  1
......
  7
Tahoma (Input Text)
100
AcDbAttributeDefinition
  3
CNC
  2
#02
 70
8
 71
1
 72
0
  0
ATTDEF
  5
142
330
11F
100
AcDbEntity
  8
0
 62
1
100
AcDbText
 10
137.0535078375105
 20
-2021.275211692002
 30
0.0
 40
25.0
  1
......
  7
Tahoma (Input Text)
100
AcDbAttributeDefinition
  3
Thiết kế
  2
#01
 70
8
 71
1
 72
0
  0
ENDBLK
  5
121
330
11F
100
AcDbEntity
  8
0
100
AcDbBlockEnd
  0
BLOCK
  5
144
330
143
100
AcDbEntity
  8
0
100
AcDbBlockBegin
  2
f3daunguoc
 70
0
 10
0.0
 20
0.0
 30
0.0
  3
f3daunguoc
  1

  0
CIRCLE
  5
146
330
143
100
AcDbEntity
  8
CNC
 62
2
370
-3
100
AcDbCircle
 10
0.0
 20
0.0
 30
0.0
 40
1.5
  0
ENDBLK
  5
145
330
143
100
AcDbEntity
  8
0
100
AcDbBlockEnd
  0
BLOCK
  5
148
330
147
100
AcDbEntity
  8
0
100
AcDbBlockBegin
  2
f2dauxuoi
 70
0
 10
0.0
 20
0.0
 30
0.0
  3
f2dauxuoi
  1

  0
CIRCLE
  5
14A
330
147
100
AcDbEntity
  8
CNC
 62
2
370
-3
100
AcDbCircle
 10
0.0
 20
0.0
 30
0.0
 40
1.0
  0
ENDBLK
  5
149
330
147
100
AcDbEntity
  8
0
100
AcDbBlockEnd
  0
BLOCK
  5
18A
330
189
100
AcDbEntity
  8
0
100
AcDbBlockBegin
  2
*D1
 70
1
 10
0.0
 20
0.0
 30
0.0
  3
*D1
  1

  0
LINE
  5
18C
330
189
100
AcDbEntity
  8
DIM
 62
5
370
9
440
16777216
100
AcDbLine
 10
660.7947170791595
 20
2040.867601255737
 30
0.0
 11
660.7947170791595
 21
2109.726969653657
 31
0.0
  0
LINE
  5
18D
330
189
100
AcDbEntity
  8
DIM
 62
5
370
9
440
16777216
100
AcDbLine
 10
1356.7947170791595
 20
2040.867601255737
 30
0.0
 11
1356.7947170791595
 21
2109.726969653657
 31
0.0
  0
LINE
  5
18E
330
189
100
AcDbEntity
  8
DIM
 62
5
370
9
440
16777216
100
AcDbLine
 10
660.7947170791595
 20
2099.726969653657
 30
0.0
 11
1356.7947170791595
 21
2099.726969653657
 31
0.0
  0
LINE
  5
18F
330
189
100
AcDbEntity
  8
0
  6
ByBlock
 62
0
370
-2
100
AcDbLine
 10
664.7947170791595
 20
2103.726969653657
 30
0.0
 11
656.7947170791595
 21
2095.726969653657
 31
0.0
  0
LINE
  5
190
330
189
100
AcDbEntity
  8
0
  6
ByBlock
 62
0
370
-2
100
AcDbLine
 10
1352.7947170791595
 20
2095.726969653657
 30
0.0
 11
1360.7947170791595
 21
2103.726969653657
 31
0.0
  0
MTEXT
  5
191
330
189
100
AcDbEntity
  8
DIM
 62
3
440
16777216
100
AcDbMText
 10
1008.7947170791595
 20
2122.491294346697
 30
0.0
 40
25.0
 41
0.0
 46
0.0
 71
5
  1
696
  0
POINT
  5
192
330
189
100
AcDbEntity
  8
Defpoints
 62
0
440
16777216
100
AcDbPoint
 10
660.7947170791595
 20
2025.867601255737
 30
0.0
  0
POINT
  5
193
330
189
100
AcDbEntity
  8
Defpoints
 62
0
440
16777216
100
AcDbPoint
 10
1356.7947170791595
 20
2025.867601255737
 30
0.0
  0
POINT
  5
194
330
189
100
AcDbEntity
  8
Defpoints
 62
0
440
16777216
100
AcDbPoint
 10
1356.7947170791595
 20
2099.726969653657
 30
0.0
  0
ENDBLK
  5
18B
330
189
100
AcDbEntity
  8
0
100
AcDbBlockEnd
  0
BLOCK
  5
196
330
195
100
AcDbEntity
  8
0
100
AcDbBlockBegin
  2
*D2
 70
1
 10
0.0
 20
0.0
 30
0.0
  3
*D2
  1

  0
LINE
  5
198
330
195
100
AcDbEntity
  8
DIM
 62
5
370
9
440
16777216
100
AcDbLine
 10
1356.7947170791595
 20
2040.867601255737
 30
0.0
 11
1356.7947170791595
 21
2109.726969653657
 31
0.0
  0
LINE
  5
199
330
195
100
AcDbEntity
  8
DIM
 62
5
370
9
440
16777216
100
AcDbLine
 10
1681.7947170791595
 20
2040.867601255737
 30
0.0
 11
1681.7947170791595
 21
2109.726969653657
 31
0.0
  0
LINE
  5
19A
330
195
100
AcDbEntity
  8
DIM
 62
5
370
9
440
16777216
100
AcDbLine
 10
1356.7947170791595
 20
2099.726969653657
 30
0.0
 11
1681.7947170791595
 21
2099.726969653657
 31
0.0
  0
LINE
  5
19B
330
195
100
AcDbEntity
  8
0
  6
ByBlock
 62
0
370
-2
100
AcDbLine
 10
1360.7947170791595
 20
2103.726969653657
 30
0.0
 11
1352.7947170791595
 21
2095.726969653657
 31
0.0
  0
LINE
  5
19C
330
195
100
AcDbEntity
  8
0
  6
ByBlock
 62
0
370
-2
100
AcDbLine
 10
1677.7947170791595
 20
2095.726969653657
 30
0.0
 11
1685.7947170791595
 21
2103.726969653657
 31
0.0
  0
MTEXT
  5
19D
330
195
100
AcDbEntity
  8
DIM
 62
3
440
16777216
100
AcDbMText
 10
1517.2947170791595
 20
2122.499820949697
 30
0.0
 40
25.0
 41
0.0
 46
0.0
 71
5
  1
325
  0
POINT
  5
19E
330
195
100
AcDbEntity
  8
Defpoints
 62
0
440
16777216
100
AcDbPoint
 10
1356.7947170791595
 20
2025.867601255737
 30
0.0
  0
POINT
  5
19F
330
195
100
AcDbEntity
  8
Defpoints
 62
0
440
16777216
100
AcDbPoint
 10
1681.7947170791595
 20
2025.867601255737
 30
0.0
  0
POINT
  5
1A0
330
195
100
AcDbEntity
  8
Defpoints
 62
0
440
16777216
100
AcDbPoint
 10
1681.7947170791595
 20
2099.726969653657
 30
0.0
  0
ENDBLK
  5
197
330
195
100
AcDbEntity
  8
0
100
AcDbBlockEnd
  0
BLOCK
  5
1A2
330
1A1
100
AcDbEntity
  8
0
100
AcDbBlockBegin
  2
*D3
 70
1
 10
0.0
 20
0.0
 30
0.0
  3
*D3
  1

  0
LINE
  5
1A4
330
1A1
100
AcDbEntity
  8
DIM
 62
5
370
9
440
16777216
100
AcDbLine
 10
1681.7947170791595
 20
2040.867601255737
 30
0.0
 11
1681.7947170791595
 21
2109.726969653657
 31
0.0
  0
LINE
  5
1A5
330
1A1
100
AcDbEntity
  8
DIM
 62
5
370
9
440
16777216
100
AcDbLine
 10
1721.7947170791595
 20
1970.867601255737
 30
0.0
 11
1721.7947170791595
 21
2109.726969653657
 31
0.0
  0
LINE
  5
1A6
330
1A1
100
AcDbEntity
  8
DIM
 62
5
370
9
440
16777216
100
AcDbLine
 10
1681.7947170791595
 20
2099.726969653657
 30
0.0
 11
1721.7947170791595
 21
2099.726969653657
 31
0.0
  0
LINE
  5
1A7
330
1A1
100
AcDbEntity
  8
0
  6
ByBlock
 62
0
370
-2
100
AcDbLine
 10
1685.7947170791595
 20
2103.726969653657
 30
0.0
 11
1677.7947170791595
 21
2095.726969653657
 31
0.0
  0
LINE
  5
1A8
330
1A1
100
AcDbEntity
  8
0
  6
ByBlock
 62
0
370
-2
100
AcDbLine
 10
1717.7947170791595
 20
2095.726969653657
 30
0.0
 11
1725.7947170791595
 21
2103.726969653657
 31
0.0
  0
MTEXT
  5
1A9
330
1A1
100
AcDbEntity
  8
DIM
 62
3
440
16777216
100
AcDbMText
 10
1701.7947170791595
 20
2122.491294346697
 30
0.0
 40
25.0
 41
0.0
 46
0.0
 71
5
  1
40
  0
POINT
  5
1AA
330
1A1
100
AcDbEntity
  8
Defpoints
 62
0
440
16777216
100
AcDbPoint
 10
1681.7947170791595
 20
2025.867601255737
 30
0.0
  0
POINT
  5
1AB
330
1A1
100
AcDbEntity
  8
Defpoints
 62
0
440
16777216
100
AcDbPoint
 10
1721.7947170791595
 20
1955.867601255737
 30
0.0
  0
POINT
  5
1AC
330
1A1
100
AcDbEntity
  8
Defpoints
 62
0
440
16777216
100
AcDbPoint
 10
1721.7947170791595
 20
2099.726969653657
 30
0.0
  0
ENDBLK
  5
1A3
330
1A1
100
AcDbEntity
  8
0
100
AcDbBlockEnd
  0
BLOCK
  5
1AE
330
1AD
100
AcDbEntity
  8
0
100
AcDbBlockBegin
  2
*D4
 70
1
 10
0.0
 20
0.0
 30
0.0
  3
*D4
  1

  0
LINE
  5
1B0
330
1AD
100
AcDbEntity
  8
DIM
 62
5
370
9
440
16777216
100
AcDbLine
 10
660.7947170791595
 20
2040.867601255737
 30
0.0
 11
660.7947170791595
 21
2109.726969653657
 31
0.0
  0
LINE
  5
1B1
330
1AD
100
AcDbEntity
  8
DIM
 62
5
370
9
440
16777216
100
AcDbLine
 10
335.79471707915945
 20
2040.867601255737
 30
0.0
 11
335.79471707915945
 21
2109.726969653657
 31
0.0
  0
LINE
  5
1B2
330
1AD
100
AcDbEntity
  8
DIM
 62
5
370
9
440
16777216
100
AcDbLine
 10
660.7947170791595
 20
2099.726969653657
 30
0.0
 11
335.79471707915945
 21
2099.726969653657
 31
0.0
  0
LINE
  5
1B3
330
1AD
100
AcDbEntity
  8
0
  6
ByBlock
 62
0
370
-2
100
AcDbLine
 10
656.7947170791595
 20
2095.726969653657
 30
0.0
 11
664.7947170791595
 21
2103.726969653657
 31
0.0
  0
LINE
  5
1B4
330
1AD
100
AcDbEntity
  8
0
  6
ByBlock
 62
0
370
-2
100
AcDbLine
 10
339.79471707915945
 20
2103.726969653657
 30
0.0
 11
331.79471707915945
 21
2095.726969653657
 31
0.0
  0
MTEXT
  5
1B5
330
1AD
100
AcDbEntity
  8
DIM
 62
3
440
16777216
100
AcDbMText
 10
500.29471707915945
 20
2122.499820949697
 30
0.0
 40
25.0
 41
0.0
 46
0.0
 71
5
  1
325
  0
POINT
  5
1B6
330
1AD
100
AcDbEntity
  8
Defpoints
 62
0
440
16777216
100
AcDbPoint
 10
660.7947170791595
 20
2025.867601255737
 30
0.0
  0
POINT
  5
1B7
330
1AD
100
AcDbEntity
  8
Defpoints
 62
0
440
16777216
100
AcDbPoint
 10
335.79471707915945
 20
2025.867601255737
 30
0.0
  0
POINT
  5
1B8
330
1AD
100
AcDbEntity
  8
Defpoints
 62
0
440
16777216
100
AcDbPoint
 10
335.79471707915945
 20
2099.726969653657
 30
0.0
  0
ENDBLK
  5
1AF
330
1AD
100
AcDbEntity
  8
0
100
AcDbBlockEnd
  0
BLOCK
  5
1BA
330
1B9
100
AcDbEntity
  8
0
100
AcDbBlockBegin
  2
*D5
 70
1
 10
0.0
 20
0.0
 30
0.0
  3
*D5
  1

  0
LINE
  5
1BC
330
1B9
100
AcDbEntity
  8
DIM
 62
5
370
9
440
16777216
100
AcDbLine
 10
335.79471707915945
 20
2040.867601255737
 30
0.0
 11
335.79471707915945
 21
2109.726969653657
 31
0.0
  0
LINE
  5
1BD
330
1B9
100
AcDbEntity
  8
DIM
 62
5
370
9
440
16777216
100
AcDbLine
 10
295.79471707915945
 20
1970.867601255737
 30
0.0
 11
295.79471707915945
 21
2109.726969653657
 31
0.0
  0
LINE
  5
1BE
330
1B9
100
AcDbEntity
  8
DIM
 62
5
370
9
440
16777216
100
AcDbLine
 10
335.79471707915945
 20
2099.726969653657
 30
0.0
 11
295.79471707915945
 21
2099.726969653657
 31
0.0
  0
LINE
  5
1BF
330
1B9
100
AcDbEntity
  8
0
  6
ByBlock
 62
0
370
-2
100
AcDbLine
 10
331.79471707915945
 20
2095.726969653657
 30
0.0
 11
339.79471707915945
 21
2103.726969653657
 31
0.0
  0
LINE
  5
1C0
330
1B9
100
AcDbEntity
  8
0
  6
ByBlock
 62
0
370
-2
100
AcDbLine
 10
299.79471707915945
 20
2103.726969653657
 30
0.0
 11
291.79471707915945
 21
2095.726969653657
 31
0.0
  0
MTEXT
  5
1C1
330
1B9
100
AcDbEntity
  8
DIM
 62
3
440
16777216
100
AcDbMText
 10
315.79471707915945
 20
2122.491294346697
 30
0.0
 40
25.0
 41
0.0
 46
0.0
 71
5
  1
40
  0
POINT
  5
1C2
330
1B9
100
AcDbEntity
  8
Defpoints
 62
0
440
16777216
100
AcDbPoint
 10
335.79471707915945
 20
2025.867601255737
 30
0.0
  0
POINT
  5
1C3
330
1B9
100
AcDbEntity
  8
Defpoints
 62
0
440
16777216
100
AcDbPoint
 10
295.79471707915945
 20
1955.867601255737
 30
0.0
  0
POINT
  5
1C4
330
1B9
100
AcDbEntity
  8
Defpoints
 62
0
440
16777216
100
AcDbPoint
 10
295.79471707915945
 20
2099.726969653657
 30
0.0
  0
ENDBLK
  5
1BB
330
1B9
100
AcDbEntity
  8
0
100
AcDbBlockEnd
  0
BLOCK
  5
1C6
330
1C5
100
AcDbEntity
  8
0
100
AcDbBlockBegin
  2
*D6
 70
1
 10
0.0
 20
0.0
 30
0.0
  3
*D6
  1

  0
LINE
  5
1C8
330
1C5
100
AcDbEntity
  8
DIM
 62
5
370
9
440
16777216
100
AcDbLine
 10
269.79471707915945
 20
1044.867601255737
 30
0.0
 11
269.79471707915945
 21
932.9965460020667
 31
0.0
  0
LINE
  5
1C9
330
1C5
100
AcDbEntity
  8
DIM
 62
5
370
9
440
16777216
100
AcDbLine
 10
1747.7947170791595
 20
1044.867601255737
 30
0.0
 11
1747.7947170791595
 21
932.9965460020667
 31
0.0
  0
LINE
  5
1CA
330
1C5
100
AcDbEntity
  8
DIM
 62
5
370
9
440
16777216
100
AcDbLine
 10
269.79471707915945
 20
942.9965460020667
 30
0.0
 11
1747.7947170791595
 21
942.9965460020667
 31
0.0
  0
LINE
  5
1CB
330
1C5
100
AcDbEntity
  8
0
  6
ByBlock
 62
0
370
-2
100
AcDbLine
 10
273.79471707915945
 20
946.9965460020667
 30
0.0
 11
265.79471707915945
 21
938.9965460020667
 31
0.0
  0
LINE
  5
1CC
330
1C5
100
AcDbEntity
  8
0
  6
ByBlock
 62
0
370
-2
100
AcDbLine
 10
1743.7947170791595
 20
938.9965460020667
 30
0.0
 11
1751.7947170791595
 21
946.9965460020667
 31
0.0
  0
MTEXT
  5
1CD
330
1C5
100
AcDbEntity
  8
DIM
 62
3
440
16777216
100
AcDbMText
 10
1008.7947170791595
 20
965.7608706951069
 30
0.0
 40
25.0
 41
0.0
 46
0.0
 71
5
  1
1478
  0
POINT
  5
1CE
330
1C5
100
AcDbEntity
  8
Defpoints
 62
0
440
16777216
100
AcDbPoint
 10
269.79471707915945
 20
1059.867601255737
 30
0.0
  0
POINT
  5
1CF
330
1C5
100
AcDbEntity
  8
Defpoints
 62
0
440
16777216
100
AcDbPoint
 10
1747.7947170791595
 20
1059.867601255737
 30
0.0
  0
POINT
  5
1D0
330
1C5
100
AcDbEntity
  8
Defpoints
 62
0
440
16777216
100
AcDbPoint
 10
1747.7947170791595
 20
942.9965460020667
 30
0.0
  0
ENDBLK
  5
1C7
330
1C5
100
AcDbEntity
  8
0
100
AcDbBlockEnd
  0
BLOCK
  5
1D2
330
1D1
100
AcDbEntity
  8
0
100
AcDbBlockBegin
  2
*D7
 70
1
 10
0.0
 20
0.0
 30
0.0
  3
*D7
  1

  0
LINE
  5
1D4
330
1D1
100
AcDbEntity
  8
DIM
 62
5
370
9
440
16777216
100
AcDbLine
 10
1721.7947170791595
 20
1970.867601255737
 30
0.0
 11
1721.7947170791595
 21
2109.726969653657
 31
0.0
  0
LINE
  5
1D5
330
1D1
100
AcDbEntity
  8
DIM
 62
5
370
9
440
16777216
100
AcDbLine
 10
1737.7947170791595
 20
1970.867601255737
 30
0.0
 11
1737.7947170791595
 21
2109.726969653657
 31
0.0
  0
LINE
  5
1D6
330
1D1
100
AcDbEntity
  8
DIM
 62
5
370
9
440
16777216
100
AcDbLine
 10
1721.7947170791595
 20
2099.726969653657
 30
0.0
 11
1713.7947170791595
 21
2099.726969653657
 31
0.0
  0
LINE
  5
1D7
330
1D1
100
AcDbEntity
  8
DIM
 62
5
370
9
440
16777216
100
AcDbLine
 10
1737.7947170791595
 20
2099.726969653657
 30
0.0
 11
1807.2360540505106
 21
2099.726969653657
 31
0.0
  0
LINE
  5
1D8
330
1D1
100
AcDbEntity
  8
DIM
 62
5
370
9
440
16777216
100
AcDbLine
 10
1721.7947170791595
 20
2099.726969653657
 30
0.0
 11
1737.7947170791595
 21
2099.726969653657
 31
0.0
  0
LINE
  5
1D9
330
1D1
100
AcDbEntity
  8
0
  6
ByBlock
 62
0
370
-2
100
AcDbLine
 10
1717.7947170791595
 20
2095.726969653657
 30
0.0
 11
1725.7947170791595
 21
2103.726969653657
 31
0.0
  0
LINE
  5
1DA
330
1D1
100
AcDbEntity
  8
0
  6
ByBlock
 62
0
370
-2
100
AcDbLine
 10
1741.7947170791595
 20
2103.726969653657
 30
0.0
 11
1733.7947170791595
 21
2095.726969653657
 31
0.0
  0
MTEXT
  5
1DB
330
1D1
100
AcDbEntity
  8
DIM
 62
3
440
16777216
100
AcDbMText
 10
1780.5153855648314
 20
2122.491294346697
 30
0.0
 40
25.0
 41
0.0
 46
0.0
 71
5
  1
16
  0
POINT
  5
1DC
330
1D1
100
AcDbEntity
  8
Defpoints
 62
0
440
16777216
100
AcDbPoint
 10
1721.7947170791595
 20
1955.867601255737
 30
0.0
  0
POINT
  5
1DD
330
1D1
100
AcDbEntity
  8
Defpoints
 62
0
440
16777216
100
AcDbPoint
 10
1737.7947170791595
 20
1955.867601255737
 30
0.0
  0
POINT
  5
1DE
330
1D1
100
AcDbEntity
  8
Defpoints
 62
0
440
16777216
100
AcDbPoint
 10
1737.7947170791595
 20
2099.726969653657
 30
0.0
  0
ENDBLK
  5
1D3
330
1D1
100
AcDbEntity
  8
0
100
AcDbBlockEnd
  0
BLOCK
  5
1E0
330
1DF
100
AcDbEntity
  8
0
100
AcDbBlockBegin
  2
*D8
 70
1
 10
0.0
 20
0.0
 30
0.0
  3
*D8
  1

  0
LINE
  5
1E2
330
1DF
100
AcDbEntity
  8
DIM
 62
5
370
9
440
16777216
100
AcDbLine
 10
1737.7947170791595
 20
1970.867601255737
 30
0.0
 11
1737.7947170791595
 21
2061.1684603426456
 31
0.0
  0
LINE
  5
1E3
330
1DF
100
AcDbEntity
  8
DIM
 62
5
370
9
440
16777216
100
AcDbLine
 10
1747.7947170791595
 20
1980.867601255737
 30
0.0
 11
1747.7947170791595
 21
2061.1684603426456
 31
0.0
  0
LINE
  5
1E4
330
1DF
100
AcDbEntity
  8
DIM
 62
5
370
9
440
16777216
100
AcDbLine
 10
1737.7947170791595
 20
2051.1684603426456
 30
0.0
 11
1729.7947170791595
 21
2051.1684603426456
 31
0.0
  0
LINE
  5
1E5
330
1DF
100
AcDbEntity
  8
DIM
 62
5
370
9
440
16777216
100
AcDbLine
 10
1747.7947170791595
 20
2051.1684603426456
 30
0.0
 11
1817.1678412265028
 21
2051.1684603426456
 31
0.0
  0
LINE
  5
1E6
330
1DF
100
AcDbEntity
  8
DIM
 62
5
370
9
440
16777216
100
AcDbLine
 10
1737.7947170791595
 20
2051.1684603426456
 30
0.0
 11
1747.7947170791595
 21
2051.1684603426456
 31
0.0
  0
LINE
  5
1E7
330
1DF
100
AcDbEntity
  8
0
  6
ByBlock
 62
0
370
-2
100
AcDbLine
 10
1733.7947170791595
 20
2047.1684603426456
 30
0.0
 11
1741.7947170791595
 21
2055.1684603426456
 31
0.0
  0
LINE
  5
1E8
330
1DF
100
AcDbEntity
  8
0
  6
ByBlock
 62
0
370
-2
100
AcDbLine
 10
1751.7947170791595
 20
2055.1684603426456
 30
0.0
 11
1743.7947170791595
 21
2047.1684603426456
 31
0.0
  0
MTEXT
  5
1E9
330
1DF
100
AcDbEntity
  8
DIM
 62
3
440
16777216
100
AcDbMText
 10
1790.4812791528311
 20
2073.932785035686
 30
0.0
 40
25.0
 41
0.0
 46
0.0
 71
5
  1
10
  0
POINT
  5
1EA
330
1DF
100
AcDbEntity
  8
Defpoints
 62
0
440
16777216
100
AcDbPoint
 10
1737.7947170791595
 20
1955.867601255737
 30
0.0
  0
POINT
  5
1EB
330
1DF
100
AcDbEntity
  8
Defpoints
 62
0
440
16777216
100
AcDbPoint
 10
1747.7947170791595
 20
1965.867601255737
 30
0.0
  0
POINT
  5
1EC
330
1DF
100
AcDbEntity
  8
Defpoints
 62
0
440
16777216
100
AcDbPoint
 10
1747.7947170791595
 20
2051.1684603426456
 30
0.0
  0
ENDBLK
  5
1E1
330
1DF
100
AcDbEntity
  8
0
100
AcDbBlockEnd
  0
BLOCK
  5
1EE
330
1ED
100
AcDbEntity
  8
0
100
AcDbBlockBegin
  2
*D9
 70
1
 10
0.0
 20
0.0
 30
0.0
  3
*D9
  1

  0
LINE
  5
1F0
330
1ED
100
AcDbEntity
  8
DIM
 62
5
370
9
440
16777216
100
AcDbLine
 10
295.79471707919583
 20
1970.867601255737
 30
0.0
 11
295.79471707919583
 21
2109.726969653657
 31
0.0
  0
LINE
  5
1F1
330
1ED
100
AcDbEntity
  8
DIM
 62
5
370
9
440
16777216
100
AcDbLine
 10
279.79471707919583
 20
1970.867601255737
 30
0.0
 11
279.79471707919583
 21
2109.726969653657
 31
0.0
  0
LINE
  5
1F2
330
1ED
100
AcDbEntity
  8
DIM
 62
5
370
9
440
16777216
100
AcDbLine
 10
295.79471707919583
 20
2099.726969653657
 30
0.0
 11
303.79471707919583
 21
2099.726969653657
 31
0.0
  0
LINE
  5
1F3
330
1ED
100
AcDbEntity
  8
DIM
 62
5
370
9
440
16777216
100
AcDbLine
 10
279.79471707919583
 20
2099.726969653657
 30
0.0
 11
210.3533801078447
 21
2099.726969653657
 31
0.0
  0
LINE
  5
1F4
330
1ED
100
AcDbEntity
  8
DIM
 62
5
370
9
440
16777216
100
AcDbLine
 10
295.79471707919583
 20
2099.726969653657
 30
0.0
 11
279.79471707919583
 21
2099.726969653657
 31
0.0
  0
LINE
  5
1F5
330
1ED
100
AcDbEntity
  8
0
  6
ByBlock
 62
0
370
-2
100
AcDbLine
 10
299.79471707919583
 20
2103.726969653657
 30
0.0
 11
291.79471707919583
 21
2095.726969653657
 31
0.0
  0
LINE
  5
1F6
330
1ED
100
AcDbEntity
  8
0
  6
ByBlock
 62
0
370
-2
100
AcDbLine
 10
275.79471707919583
 20
2095.726969653657
 30
0.0
 11
283.79471707919583
 21
2103.726969653657
 31
0.0
  0
MTEXT
  5
1F7
330
1ED
100
AcDbEntity
  8
DIM
 62
3
440
16777216
100
AcDbMText
 10
237.0740485935239
 20
2122.491294346697
 30
0.0
 40
25.0
 41
0.0
 46
0.0
 71
5
  1
16
  0
POINT
  5
1F8
330
1ED
100
AcDbEntity
  8
Defpoints
 62
0
440
16777216
100
AcDbPoint
 10
295.79471707919583
 20
1955.867601255737
 30
0.0
  0
POINT
  5
1F9
330
1ED
100
AcDbEntity
  8
Defpoints
 62
0
440
16777216
100
AcDbPoint
 10
279.79471707919583
 20
1955.867601255737
 30
0.0
  0
POINT
  5
1FA
330
1ED
100
AcDbEntity
  8
Defpoints
 62
0
440
16777216
100
AcDbPoint
 10
279.79471707919583
 20
2099.726969653657
 30
0.0
  0
ENDBLK
  5
1EF
330
1ED
100
AcDbEntity
  8
0
100
AcDbBlockEnd
  0
BLOCK
  5
1FC
330
1FB
100
AcDbEntity
  8
0
100
AcDbBlockBegin
  2
*D10
 70
1
 10
0.0
 20
0.0
 30
0.0
  3
*D10
  1

  0
LINE
  5
1FE
330
1FB
100
AcDbEntity
  8
DIM
 62
5
370
9
440
16777216
100
AcDbLine
 10
279.79471707919583
 20
1970.867601255737
 30
0.0
 11
279.79471707919583
 21
2061.1684603426456
 31
0.0
  0
LINE
  5
1FF
330
1FB
100
AcDbEntity
  8
DIM
 62
5
370
9
440
16777216
100
AcDbLine
 10
269.79471707919583
 20
1980.867601255737
 30
0.0
 11
269.79471707919583
 21
2061.1684603426456
 31
0.0
  0
LINE
  5
200
330
1FB
100
AcDbEntity
  8
DIM
 62
5
370
9
440
16777216
100
AcDbLine
 10
279.79471707919583
 20
2051.1684603426456
 30
0.0
 11
287.79471707919583
 21
2051.1684603426456
 31
0.0
  0
LINE
  5
201
330
1FB
100
AcDbEntity
  8
DIM
 62
5
370
9
440
16777216
100
AcDbLine
 10
269.79471707919583
 20
2051.1684603426456
 30
0.0
 11
200.42159293184523
 21
2051.1684603426456
 31
0.0
  0
LINE
  5
202
330
1FB
100
AcDbEntity
  8
DIM
 62
5
370
9
440
16777216
100
AcDbLine
 10
279.79471707919583
 20
2051.1684603426456
 30
0.0
 11
269.79471707919583
 21
2051.1684603426456
 31
0.0
  0
LINE
  5
203
330
1FB
100
AcDbEntity
  8
0
  6
ByBlock
 62
0
370
-2
100
AcDbLine
 10
283.79471707919583
 20
2055.1684603426456
 30
0.0
 11
275.79471707919583
 21
2047.1684603426456
 31
0.0
  0
LINE
  5
204
330
1FB
100
AcDbEntity
  8
0
  6
ByBlock
 62
0
370
-2
100
AcDbLine
 10
265.79471707919583
 20
2047.1684603426456
 30
0.0
 11
273.79471707919583
 21
2055.1684603426456
 31
0.0
  0
MTEXT
  5
205
330
1FB
100
AcDbEntity
  8
DIM
 62
3
440
16777216
100
AcDbMText
 10
227.10815500550962
 20
2073.932785035686
 30
0.0
 40
25.0
 41
0.0
 46
0.0
 71
5
  1
10
  0
POINT
  5
206
330
1FB
100
AcDbEntity
  8
Defpoints
 62
0
440
16777216
100
AcDbPoint
 10
279.79471707919583
 20
1955.867601255737
 30
0.0
  0
POINT
  5
207
330
1FB
100
AcDbEntity
  8
Defpoints
 62
0
440
16777216
100
AcDbPoint
 10
269.79471707919583
 20
1965.867601255737
 30
0.0
  0
POINT
  5
208
330
1FB
100
AcDbEntity
  8
Defpoints
 62
0
440
16777216
100
AcDbPoint
 10
269.79471707919583
 20
2051.1684603426456
 30
0.0
  0
ENDBLK
  5
1FD
330
1FB
100
AcDbEntity
  8
0
100
AcDbBlockEnd
  0
BLOCK
  5
20A
330
209
100
AcDbEntity
  8
0
100
AcDbBlockBegin
  2
*D11
 70
1
 10
0.0
 20
0.0
 30
0.0
  3
*D11
  1

  0
LINE
  5
20C
330
209
100
AcDbEntity
  8
DIM
 62
5
370
9
440
16777216
100
AcDbLine
 10
320.79471707915945
 20
2025.867601255737
 30
0.0
 11
154.65300429477065
 21
2025.867601255737
 31
0.0
  0
LINE
  5
20D
330
209
100
AcDbEntity
  8
DIM
 62
5
370
9
440
16777216
100
AcDbLine
 10
320.79471707915945
 20
1029.867601255737
 30
0.0
 11
154.65300429477065
 21
1029.867601255737
 31
0.0
  0
LINE
  5
20E
330
209
100
AcDbEntity
  8
DIM
 62
5
370
9
440
16777216
100
AcDbLine
 10
164.65300429477065
 20
2025.867601255737
 30
0.0
 11
164.65300429477065
 21
1029.867601255737
 31
0.0
  0
LINE
  5
20F
330
209
100
AcDbEntity
  8
0
  6
ByBlock
 62
0
370
-2
100
AcDbLine
 10
168.65300429477065
 20
2021.867601255737
 30
0.0
 11
160.65300429477065
 21
2029.867601255737
 31
0.0
  0
LINE
  5
210
330
209
100
AcDbEntity
  8
0
  6
ByBlock
 62
0
370
-2
100
AcDbLine
 10
160.65300429477065
 20
1033.867601255737
 30
0.0
 11
168.65300429477065
 21
1025.867601255737
 31
0.0
  0
MTEXT
  5
211
330
209
100
AcDbEntity
  8
DIM
 62
3
440
16777216
100
AcDbMText
 10
141.88867960172502
 20
1527.867601255737
 30
0.0
 40
25.0
 41
0.0
 46
0.0
 71
5
  1
996
 11
1e-16
 21
1.0
 31
0.0
  0
POINT
  5
212
330
209
100
AcDbEntity
  8
Defpoints
 62
0
440
16777216
100
AcDbPoint
 10
335.79471707915945
 20
2025.867601255737
 30
0.0
  0
POINT
  5
213
330
209
100
AcDbEntity
  8
Defpoints
 62
0
440
16777216
100
AcDbPoint
 10
335.79471707915945
 20
1029.867601255737
 30
0.0
  0
POINT
  5
214
330
209
100
AcDbEntity
  8
Defpoints
 62
0
440
16777216
100
AcDbPoint
 10
164.65300429477065
 20
1029.867601255737
 30
0.0
  0
ENDBLK
  5
20B
330
209
100
AcDbEntity
  8
0
100
AcDbBlockEnd
  0
BLOCK
  5
216
330
215
100
AcDbEntity
  8
0
100
AcDbBlockBegin
  2
*D12
 70
1
 10
0.0
 20
0.0
 30
0.0
  3
*D12
  1

  0
LINE
  5
218
330
215
100
AcDbEntity
  8
DIM
 62
5
370
9
440
16777216
100
AcDbLine
 10
611.9765080561992
 20
759.4425614625761
 30
0.0
 11
543.117139658294
 21
759.4425614625761
 31
0.0
  0
LINE
  5
219
330
215
100
AcDbEntity
  8
DIM
 62
5
370
9
440
16777216
100
AcDbLine
 10
611.9765080561992
 20
432.4425614625761
 30
0.0
 11
543.117139658294
 21
432.4425614625761
 31
0.0
  0
LINE
  5
21A
330
215
100
AcDbEntity
  8
DIM
 62
5
370
9
440
16777216
100
AcDbLine
 10
553.117139658294
 20
759.4425614625761
 30
0.0
 11
553.117139658294
 21
432.4425614625761
 31
0.0
  0
LINE
  5
21B
330
215
100
AcDbEntity
  8
0
  6
ByBlock
 62
0
370
-2
100
AcDbLine
 10
557.117139658294
 20
755.4425614625761
 30
0.0
 11
549.117139658294
 21
763.4425614625761
 31
0.0
  0
LINE
  5
21C
330
215
100
AcDbEntity
  8
0
  6
ByBlock
 62
0
370
-2
100
AcDbLine
 10
549.117139658294
 20
436.4425614625761
 30
0.0
 11
557.117139658294
 21
428.4425614625761
 31
0.0
  0
MTEXT
  5
21D
330
215
100
AcDbEntity
  8
DIM
 62
3
440
16777216
100
AcDbMText
 10
530.3442883622556
 20
596.9425614625761
 30
0.0
 40
25.0
 41
0.0
 46
0.0
 71
5
  1
327
 11
1e-16
 21
1.0
 31
0.0
  0
POINT
  5
21E
330
215
100
AcDbEntity
  8
Defpoints
 62
0
440
16777216
100
AcDbPoint
 10
626.9765080561992
 20
759.4425614625761
 30
0.0
  0
POINT
  5
21F
330
215
100
AcDbEntity
  8
Defpoints
 62
0
440
16777216
100
AcDbPoint
 10
626.9765080561992
 20
432.4425614625761
 30
0.0
  0
POINT
  5
220
330
215
100
AcDbEntity
  8
Defpoints
 62
0
440
16777216
100
AcDbPoint
 10
553.117139658294
 20
432.4425614625761
 30
0.0
  0
ENDBLK
  5
217
330
215
100
AcDbEntity
  8
0
100
AcDbBlockEnd
  0
BLOCK
  5
222
330
221
100
AcDbEntity
  8
0
100
AcDbBlockBegin
  2
*D13
 70
1
 10
0.0
 20
0.0
 30
0.0
  3
*D13
  1

  0
LINE
  5
224
330
221
100
AcDbEntity
  8
DIM
 62
5
370
9
440
16777216
100
AcDbLine
 10
611.9765080561992
 20
432.4425614625761
 30
0.0
 11
543.117139658294
 21
432.4425614625761
 31
0.0
  0
LINE
  5
225
330
221
100
AcDbEntity
  8
DIM
 62
5
370
9
440
16777216
100
AcDbLine
 10
651.9765080561992
 20
392.4425614625761
 30
0.0
 11
543.117139658294
 21
392.4425614625761
 31
0.0
  0
LINE
  5
226
330
221
100
AcDbEntity
  8
DIM
 62
5
370
9
440
16777216
100
AcDbLine
 10
553.117139658294
 20
432.4425614625761
 30
0.0
 11
553.117139658294
 21
392.4425614625761
 31
0.0
  0
LINE
  5
227
330
221
100
AcDbEntity
  8
0
  6
ByBlock
 62
0
370
-2
100
AcDbLine
 10
557.117139658294
 20
428.4425614625761
 30
0.0
 11
549.117139658294
 21
436.4425614625761
 31
0.0
  0
LINE
  5
228
330
221
100
AcDbEntity
  8
0
  6
ByBlock
 62
0
370
-2
100
AcDbLine
 10
549.117139658294
 20
396.4425614625761
 30
0.0
 11
557.117139658294
 21
388.4425614625761
 31
0.0
  0
MTEXT
  5
229
330
221
100
AcDbEntity
  8
DIM
 62
3
440
16777216
100
AcDbMText
 10
530.3528149652557
 20
412.4425614625761
 30
0.0
 40
25.0
 41
0.0
 46
0.0
 71
5
  1
40
 11
1e-16
 21
1.0
 31
0.0
  0
POINT
  5
22A
330
221
100
AcDbEntity
  8
Defpoints
 62
0
440
16777216
100
AcDbPoint
 10
626.9765080561992
 20
432.4425614625761
 30
0.0
  0
POINT
  5
22B
330
221
100
AcDbEntity
  8
Defpoints
 62
0
440
16777216
100
AcDbPoint
 10
666.9765080561992
 20
392.4425614625761
 30
0.0
  0
POINT
  5
22C
330
221
100
AcDbEntity
  8
Defpoints
 62
0
440
16777216
100
AcDbPoint
 10
553.117139658294
 20
392.4425614625761
 30
0.0
  0
ENDBLK
  5
223
330
221
100
AcDbEntity
  8
0
100
AcDbBlockEnd
  0
BLOCK
  5
22E
330
22D
100
AcDbEntity
  8
0
100
AcDbBlockBegin
  2
*D14
 70
1
 10
0.0
 20
0.0
 30
0.0
  3
*D14
  1

  0
LINE
  5
230
330
22D
100
AcDbEntity
  8
DIM
 62
5
370
9
440
16777216
100
AcDbLine
 10
1311.9765080562138
 20
366.4425614625761
 30
0.0
 11
1446.9184162313031
 21
366.4425614625761
 31
0.0
  0
LINE
  5
231
330
22D
100
AcDbEntity
  8
DIM
 62
5
370
9
440
16777216
100
AcDbLine
 10
1341.9765080561992
 20
759.4425614625761
 30
0.0
 11
1446.9184162313031
 21
759.4425614625761
 31
0.0
  0
LINE
  5
232
330
22D
100
AcDbEntity
  8
DIM
 62
5
370
9
440
16777216
100
AcDbLine
 10
1436.9184162313031
 20
366.4425614625761
 30
0.0
 11
1436.9184162313031
 21
759.4425614625761
 31
0.0
  0
LINE
  5
233
330
22D
100
AcDbEntity
  8
0
  6
ByBlock
 62
0
370
-2
100
AcDbLine
 10
1432.9184162313031
 20
370.4425614625761
 30
0.0
 11
1440.9184162313031
 21
362.4425614625761
 31
0.0
  0
LINE
  5
234
330
22D
100
AcDbEntity
  8
0
  6
ByBlock
 62
0
370
-2
100
AcDbLine
 10
1440.9184162313031
 20
755.4425614625761
 30
0.0
 11
1432.9184162313031
 21
763.4425614625761
 31
0.0
  0
MTEXT
  5
235
330
22D
100
AcDbEntity
  8
DIM
 62
3
440
16777216
100
AcDbMText
 10
1414.1455649352647
 20
562.942561462587
 30
0.0
 40
25.0
 41
0.0
 46
0.0
 71
5
  1
393
 11
1e-16
 21
1.0
 31
0.0
  0
POINT
  5
236
330
22D
100
AcDbEntity
  8
Defpoints
 62
0
440
16777216
100
AcDbPoint
 10
1296.9765080562138
 20
366.4425614625761
 30
0.0
  0
POINT
  5
237
330
22D
100
AcDbEntity
  8
Defpoints
 62
0
440
16777216
100
AcDbPoint
 10
1326.9765080561992
 20
759.4425614625761
 30
0.0
  0
POINT
  5
238
330
22D
100
AcDbEntity
  8
Defpoints
 62
0
440
16777216
100
AcDbPoint
 10
1436.9184162313031
 20
759.4425614625761
 30
0.0
  0
ENDBLK
  5
22F
330
22D
100
AcDbEntity
  8
0
100
AcDbBlockEnd
  0
BLOCK
  5
23A
330
239
100
AcDbEntity
  8
0
100
AcDbBlockBegin
  2
*D15
 70
1
 10
0.0
 20
0.0
 30
0.0
  3
*D15
  1

  0
LINE
  5
23C
330
239
100
AcDbEntity
  8
DIM
 62
5
370
9
440
16777216
100
AcDbLine
 10
651.9765080561992
 20
392.44256146260705
 30
0.0
 11
543.117139658294
 21
392.44256146260705
 31
0.0
  0
LINE
  5
23D
330
239
100
AcDbEntity
  8
DIM
 62
5
370
9
440
16777216
100
AcDbLine
 10
651.9765080561992
 20
376.44256146260705
 30
0.0
 11
543.117139658294
 21
376.44256146260705
 31
0.0
  0
LINE
  5
23E
330
239
100
AcDbEntity
  8
DIM
 62
5
370
9
440
16777216
100
AcDbLine
 10
553.117139658294
 20
392.44256146260705
 30
0.0
 11
553.117139658294
 21
400.44256146260705
 31
0.0
  0
LINE
  5
23F
330
239
100
AcDbEntity
  8
DIM
 62
5
370
9
440
16777216
100
AcDbLine
 10
553.117139658294
 20
376.44256146260705
 30
0.0
 11
553.117139658294
 21
307.00122449124683
 31
0.0
  0
LINE
  5
240
330
239
100
AcDbEntity
  8
DIM
 62
5
370
9
440
16777216
100
AcDbLine
 10
553.117139658294
 20
392.44256146260705
 30
0.0
 11
553.117139658294
 21
376.44256146260705
 31
0.0
  0
LINE
  5
241
330
239
100
AcDbEntity
  8
0
  6
ByBlock
 62
0
370
-2
100
AcDbLine
 10
549.117139658294
 20
396.44256146260705
 30
0.0
 11
557.117139658294
 21
388.44256146260705
 31
0.0
  0
LINE
  5
242
330
239
100
AcDbEntity
  8
0
  6
ByBlock
 62
0
370
-2
100
AcDbLine
 10
557.117139658294
 20
372.44256146260705
 30
0.0
 11
549.117139658294
 21
380.44256146260705
 31
0.0
  0
MTEXT
  5
243
330
239
100
AcDbEntity
  8
DIM
 62
3
440
16777216
100
AcDbMText
 10
530.3528149652557
 20
333.72189297693694
 30
0.0
 40
25.0
 41
0.0
 46
0.0
 71
5
  1
16
 11
1e-16
 21
1.0
 31
0.0
  0
POINT
  5
244
330
239
100
AcDbEntity
  8
Defpoints
 62
0
440
16777216
100
AcDbPoint
 10
666.9765080561992
 20
392.44256146260705
 30
0.0
  0
POINT
  5
245
330
239
100
AcDbEntity
  8
Defpoints
 62
0
440
16777216
100
AcDbPoint
 10
666.9765080561992
 20
376.44256146260705
 30
0.0
  0
POINT
  5
246
330
239
100
AcDbEntity
  8
Defpoints
 62
0
440
16777216
100
AcDbPoint
 10
553.117139658294
 20
376.44256146260705
 30
0.0
  0
ENDBLK
  5
23B
330
239
100
AcDbEntity
  8
0
100
AcDbBlockEnd
  0
BLOCK
  5
248
330
247
100
AcDbEntity
  8
0
100
AcDbBlockBegin
  2
*D16
 70
1
 10
0.0
 20
0.0
 30
0.0
  3
*D16
  1

  0
LINE
  5
24A
330
247
100
AcDbEntity
  8
DIM
 62
5
370
9
440
16777216
100
AcDbLine
 10
651.9765080561992
 20
376.44256146260705
 30
0.0
 11
591.6756489692925
 21
376.44256146260705
 31
0.0
  0
LINE
  5
24B
330
247
100
AcDbEntity
  8
DIM
 62
5
370
9
440
16777216
100
AcDbLine
 10
641.9765080562138
 20
366.44256146260705
 30
0.0
 11
591.6756489692925
 21
366.44256146260705
 31
0.0
  0
LINE
  5
24C
330
247
100
AcDbEntity
  8
DIM
 62
5
370
9
440
16777216
100
AcDbLine
 10
601.6756489692925
 20
376.44256146260705
 30
0.0
 11
601.6756489692925
 21
384.44256146260705
 31
0.0
  0
LINE
  5
24D
330
247
100
AcDbEntity
  8
DIM
 62
5
370
9
440
16777216
100
AcDbLine
 10
601.6756489692925
 20
366.44256146260705
 30
0.0
 11
601.6756489692925
 21
297.06943731526553
 31
0.0
  0
LINE
  5
24E
330
247
100
AcDbEntity
  8
DIM
 62
5
370
9
440
16777216
100
AcDbLine
 10
601.6756489692925
 20
376.44256146260705
 30
0.0
 11
601.6756489692925
 21
366.44256146260705
 31
0.0
  0
LINE
  5
24F
330
247
100
AcDbEntity
  8
0
  6
ByBlock
 62
0
370
-2
100
AcDbLine
 10
597.6756489692925
 20
380.44256146260705
 30
0.0
 11
605.6756489692925
 21
372.44256146260705
 31
0.0
  0
LINE
  5
250
330
247
100
AcDbEntity
  8
0
  6
ByBlock
 62
0
370
-2
100
AcDbLine
 10
605.6756489692925
 20
362.44256146260705
 30
0.0
 11
597.6756489692925
 21
370.44256146260705
 31
0.0
  0
MTEXT
  5
251
330
247
100
AcDbEntity
  8
DIM
 62
3
440
16777216
100
AcDbMText
 10
578.9113242762542
 20
323.7559993889354
 30
0.0
 40
25.0
 41
0.0
 46
0.0
 71
5
  1
10
 11
1e-16
 21
1.0
 31
0.0
  0
POINT
  5
252
330
247
100
AcDbEntity
  8
Defpoints
 62
0
440
16777216
100
AcDbPoint
 10
666.9765080561992
 20
376.44256146260705
 30
0.0
  0
POINT
  5
253
330
247
100
AcDbEntity
  8
Defpoints
 62
0
440
16777216
100
AcDbPoint
 10
656.9765080562138
 20
366.44256146260705
 30
0.0
  0
POINT
  5
254
330
247
100
AcDbEntity
  8
Defpoints
 62
0
440
16777216
100
AcDbPoint
 10
601.6756489692925
 20
366.44256146260705
 30
0.0
  0
ENDBLK
  5
249
330
247
100
AcDbEntity
  8
0
100
AcDbBlockEnd
  0
BLOCK
  5
256
330
255
100
AcDbEntity
  8
0
100
AcDbBlockBegin
  2
*D17
 70
1
 10
0.0
 20
0.0
 30
0.0
  3
*D17
  1

  0
LINE
  5
258
330
255
100
AcDbEntity
  8
DIM
 62
5
370
9
440
16777216
100
AcDbLine
 10
626.9765080561992
 20
774.4425614625761
 30
0.0
 11
626.9765080561992
 21
838.6822549307362
 31
0.0
  0
LINE
  5
259
330
255
100
AcDbEntity
  8
DIM
 62
5
370
9
440
16777216
100
AcDbLine
 10
1326.9765080561992
 20
774.4425614625761
 30
0.0
 11
1326.9765080561992
 21
838.6822549307362
 31
0.0
  0
LINE
  5
25A
330
255
100
AcDbEntity
  8
DIM
 62
5
370
9
440
16777216
100
AcDbLine
 10
626.9765080561992
 20
828.6822549307471
 30
0.0
 11
1326.9765080561992
 21
828.6822549307471
 31
0.0
  0
LINE
  5
25B
330
255
100
AcDbEntity
  8
0
  6
ByBlock
 62
0
370
-2
100
AcDbLine
 10
630.9765080561992
 20
832.6822549307471
 30
0.0
 11
622.9765080561992
 21
824.6822549307471
 31
0.0
  0
LINE
  5
25C
330
255
100
AcDbEntity
  8
0
  6
ByBlock
 62
0
370
-2
100
AcDbLine
 10
1322.9765080561992
 20
824.6822549307471
 30
0.0
 11
1330.9765080561992
 21
832.6822549307471
 31
0.0
  0
MTEXT
  5
25D
330
255
100
AcDbEntity
  8
DIM
 62
3
440
16777216
100
AcDbMText
 10
976.9765080562138
 20
851.4465796237855
 30
0.0
 40
25.0
 41
0.0
 46
0.0
 71
5
  1
700
  0
POINT
  5
25E
330
255
100
AcDbEntity
  8
Defpoints
 62
0
440
16777216
100
AcDbPoint
 10
626.9765080561992
 20
759.4425614625761
 30
0.0
  0
POINT
  5
25F
330
255
100
AcDbEntity
  8
Defpoints
 62
0
440
16777216
100
AcDbPoint
 10
1326.9765080561992
 20
759.4425614625761
 30
0.0
  0
POINT
  5
260
330
255
100
AcDbEntity
  8
Defpoints
 62
0
440
16777216
100
AcDbPoint
 10
1326.9765080561992
 20
828.6822549307471
 30
0.0
  0
ENDBLK
  5
257
330
255
100
AcDbEntity
  8
0
100
AcDbBlockEnd
  0
BLOCK
  5
262
330
261
100
AcDbEntity
  8
0
100
AcDbBlockBegin
  2
*D18
 70
1
 10
0.0
 20
0.0
 30
0.0
  3
*D18
  1

  0
LINE
  5
264
330
261
100
AcDbEntity
  8
DIM
 62
5
370
9
440
16777216
100
AcDbLine
 10
1621.7540471583925
 20
596.4812677184655
 30
0.0
 11
1621.7540471583925
 21
634.8550408816864
 31
0.0
  0
LINE
  5
265
330
261
100
AcDbEntity
  8
DIM
 62
5
370
9
440
16777216
100
AcDbLine
 10
1861.7540471583925
 20
596.4812677184655
 30
0.0
 11
1861.7540471583925
 21
634.8550408816864
 31
0.0
  0
LINE
  5
266
330
261
100
AcDbEntity
  8
DIM
 62
5
370
9
440
16777216
100
AcDbLine
 10
1621.7540471583925
 20
624.8550408816864
 30
0.0
 11
1861.7540471583925
 21
624.8550408816864
 31
0.0
  0
LINE
  5
267
330
261
100
AcDbEntity
  8
0
  6
ByBlock
 62
0
370
-2
100
AcDbLine
 10
1625.7540471583925
 20
628.8550408816864
 30
0.0
 11
1617.7540471583925
 21
620.8550408816864
 31
0.0
  0
LINE
  5
268
330
261
100
AcDbEntity
  8
0
  6
ByBlock
 62
0
370
-2
100
AcDbLine
 10
1857.7540471583925
 20
620.8550408816864
 30
0.0
 11
1865.7540471583925
 21
628.8550408816864
 31
0.0
  0
MTEXT
  5
269
330
261
100
AcDbEntity
  8
DIM
 62
3
440
16777216
100
AcDbMText
 10
1741.7540471583925
 20
647.6193655747265
 30
0.0
 40
25.0
 41
0.0
 46
0.0
 71
5
  1
240
  0
POINT
  5
26A
330
261
100
AcDbEntity
  8
Defpoints
 62
0
440
16777216
100
AcDbPoint
 10
1621.7540471583925
 20
581.4812677184564
 30
0.0
  0
POINT
  5
26B
330
261
100
AcDbEntity
  8
Defpoints
 62
0
440
16777216
100
AcDbPoint
 10
1861.7540471583925
 20
581.4812677184564
 30
0.0
  0
POINT
  5
26C
330
261
100
AcDbEntity
  8
Defpoints
 62
0
440
16777216
100
AcDbPoint
 10
1861.7540471583925
 20
624.8550408816864
 30
0.0
  0
ENDBLK
  5
263
330
261
100
AcDbEntity
  8
0
100
AcDbBlockEnd
  0
BLOCK
  5
26E
330
26D
100
AcDbEntity
  8
0
100
AcDbBlockBegin
  2
*D19
 70
1
 10
0.0
 20
0.0
 30
0.0
  3
*D19
  1

  0
LINE
  5
270
330
26D
100
AcDbEntity
  8
DIM
 62
5
370
9
440
16777216
100
AcDbLine
 10
1606.7540471583925
 20
581.4812677184564
 30
0.0
 11
1555.5398087912617
 21
581.4812677184564
 31
0.0
  0
LINE
  5
271
330
26D
100
AcDbEntity
  8
DIM
 62
5
370
9
440
16777216
100
AcDbLine
 10
1606.7540471583925
 20
461.48126771845637
 30
0.0
 11
1555.5398087912617
 21
461.48126771845637
 31
0.0
  0
LINE
  5
272
330
26D
100
AcDbEntity
  8
DIM
 62
5
370
9
440
16777216
100
AcDbLine
 10
1565.5398087912617
 20
581.4812677184564
 30
0.0
 11
1565.5398087912617
 21
461.48126771845637
 31
0.0
  0
LINE
  5
273
330
26D
100
AcDbEntity
  8
0
  6
ByBlock
 62
0
370
-2
100
AcDbLine
 10
1569.5398087912617
 20
577.4812677184564
 30
0.0
 11
1561.5398087912617
 21
585.4812677184564
 31
0.0
  0
LINE
  5
274
330
26D
100
AcDbEntity
  8
0
  6
ByBlock
 62
0
370
-2
100
AcDbLine
 10
1561.5398087912617
 20
465.48126771845637
 30
0.0
 11
1569.5398087912617
 21
457.48126771845637
 31
0.0
  0
MTEXT
  5
275
330
26D
100
AcDbEntity
  8
DIM
 62
3
440
16777216
100
AcDbMText
 10
1542.7754840982234
 20
521.4812677184655
 30
0.0
 40
25.0
 41
0.0
 46
0.0
 71
5
  1
120
 11
1e-16
 21
1.0
 31
0.0
  0
POINT
  5
276
330
26D
100
AcDbEntity
  8
Defpoints
 62
0
440
16777216
100
AcDbPoint
 10
1621.7540471583925
 20
581.4812677184564
 30
0.0
  0
POINT
  5
277
330
26D
100
AcDbEntity
  8
Defpoints
 62
0
440
16777216
100
AcDbPoint
 10
1621.7540471583925
 20
461.48126771845637
 30
0.0
  0
POINT
  5
278
330
26D
100
AcDbEntity
  8
Defpoints
 62
0
440
16777216
100
AcDbPoint
 10
1565.5398087912617
 20
461.48126771845637
 30
0.0
  0
ENDBLK
  5
26F
330
26D
100
AcDbEntity
  8
0
100
AcDbBlockEnd
  0
BLOCK
  5
27A
330
279
100
AcDbEntity
  8
0
100
AcDbBlockBegin
  2
*D20
 70
1
 10
0.0
 20
0.0
 30
0.0
  3
*D20
  1

  0
LINE
  5
27C
330
279
100
AcDbEntity
  8
DIM
 62
5
370
9
440
16777216
100
AcDbLine
 10
2191.19432062986
 20
1006.8676012557371
 30
0.0
 11
2191.19432062986
 21
966.2866610728561
 31
0.0
  0
LINE
  5
27D
330
279
100
AcDbEntity
  8
DIM
 62
5
370
9
440
16777216
100
AcDbLine
 10
2885.19432062986
 20
1006.8676012557371
 30
0.0
 11
2885.19432062986
 21
966.2866610728561
 31
0.0
  0
LINE
  5
27E
330
279
100
AcDbEntity
  8
DIM
 62
5
370
9
440
16777216
100
AcDbLine
 10
2191.19432062986
 20
971.2866610728561
 30
0.0
 11
2885.19432062986
 21
971.2866610728561
 31
0.0
  0
LINE
  5
27F
330
279
100
AcDbEntity
  8
0
  6
ByBlock
 62
0
370
-2
100
AcDbLine
 10
2193.69432062986
 20
973.7866610728561
 30
0.0
 11
2188.69432062986
 21
968.7866610728561
 31
0.0
  0
LINE
  5
280
330
279
100
AcDbEntity
  8
0
  6
ByBlock
 62
0
370
-2
100
AcDbLine
 10
2882.69432062986
 20
968.7866610728561
 30
0.0
 11
2887.69432062986
 21
973.7866610728561
 31
0.0
  0
MTEXT
  5
281
330
279
100
AcDbEntity
  8
DIM
 62
3
440
16777216
100
AcDbMText
 10
2538.19432062986
 20
983.9452558886769
 30
0.0
 40
15.0
 41
0.0
 46
0.0
 71
5
  1
694
  0
POINT
  5
282
330
279
100
AcDbEntity
  8
Defpoints
 62
0
440
16777216
100
AcDbPoint
 10
2191.19432062986
 20
1014.8676012557371
 30
0.0
  0
POINT
  5
283
330
279
100
AcDbEntity
  8
Defpoints
 62
0
440
16777216
100
AcDbPoint
 10
2885.19432062986
 20
1014.8676012557371
 30
0.0
  0
POINT
  5
284
330
279
100
AcDbEntity
  8
Defpoints
 62
0
440
16777216
100
AcDbPoint
 10
2885.19432062986
 20
971.2866610728561
 30
0.0
  0
ENDBLK
  5
27B
330
279
100
AcDbEntity
  8
0
100
AcDbBlockEnd
  0
BLOCK
  5
286
330
285
100
AcDbEntity
  8
0
100
AcDbBlockBegin
  2
*D21
 70
1
 10
0.0
 20
0.0
 30
0.0
  3
*D21
  1

  0
LINE
  5
288
330
285
100
AcDbEntity
  8
DIM
 62
5
370
9
440
16777216
100
AcDbLine
 10
2901.19432062986
 20
2009.867601255737
 30
0.0
 11
2901.19432062986
 21
2093.431330927546
 31
0.0
  0
LINE
  5
289
330
285
100
AcDbEntity
  8
DIM
 62
5
370
9
440
16777216
100
AcDbLine
 10
2911.194320629831
 20
1999.867601255737
 30
0.0
 11
2911.194320629831
 21
2093.431330927546
 31
0.0
  0
LINE
  5
28A
330
285
100
AcDbEntity
  8
DIM
 62
5
370
9
440
16777216
100
AcDbLine
 10
2901.19432062986
 20
2083.431330927546
 30
0.0
 11
2893.19432062986
 21
2083.431330927546
 31
0.0
  0
LINE
  5
28B
330
285
100
AcDbEntity
  8
DIM
 62
5
370
9
440
16777216
100
AcDbLine
 10
2911.194320629831
 20
2083.431330927546
 30
0.0
 11
2980.5674447771817
 21
2083.431330927546
 31
0.0
  0
LINE
  5
28C
330
285
100
AcDbEntity
  8
DIM
 62
5
370
9
440
16777216
100
AcDbLine
 10
2901.19432062986
 20
2083.431330927546
 30
0.0
 11
2911.194320629831
 21
2083.431330927546
 31
0.0
  0
LINE
  5
28D
330
285
100
AcDbEntity
  8
0
  6
ByBlock
 62
0
370
-2
100
AcDbLine
 10
2897.19432062986
 20
2079.431330927546
 30
0.0
 11
2905.19432062986
 21
2087.431330927546
 31
0.0
  0
LINE
  5
28E
330
285
100
AcDbEntity
  8
0
  6
ByBlock
 62
0
370
-2
100
AcDbLine
 10
2915.194320629831
 20
2087.431330927546
 30
0.0
 11
2907.194320629831
 21
2079.431330927546
 31
0.0
  0
MTEXT
  5
28F
330
285
100
AcDbEntity
  8
DIM
 62
3
440
16777216
100
AcDbMText
 10
2953.8808827035027
 20
2106.195655620586
 30
0.0
 40
25.0
 41
0.0
 46
0.0
 71
5
  1
10
  0
POINT
  5
290
330
285
100
AcDbEntity
  8
Defpoints
 62
0
440
16777216
100
AcDbPoint
 10
2901.19432062986
 20
1994.867601255737
 30
0.0
  0
POINT
  5
291
330
285
100
AcDbEntity
  8
Defpoints
 62
0
440
16777216
100
AcDbPoint
 10
2911.194320629831
 20
1984.867601255737
 30
0.0
  0
POINT
  5
292
330
285
100
AcDbEntity
  8
Defpoints
 62
0
440
16777216
100
AcDbPoint
 10
2911.194320629831
 20
2083.431330927546
 30
0.0
  0
ENDBLK
  5
287
330
285
100
AcDbEntity
  8
0
100
AcDbBlockEnd
  0
BLOCK
  5
294
330
293
100
AcDbEntity
  8
0
100
AcDbBlockBegin
  2
*D22
 70
1
 10
0.0
 20
0.0
 30
0.0
  3
*D22
  1

  0
LINE
  5
296
330
293
100
AcDbEntity
  8
DIM
 62
5
370
9
440
16777216
100
AcDbLine
 10
2885.19432062986
 20
2025.867601255737
 30
0.0
 11
2885.19432062986
 21
2137.019846719426
 31
0.0
  0
LINE
  5
297
330
293
100
AcDbEntity
  8
DIM
 62
5
370
9
440
16777216
100
AcDbLine
 10
2901.19432062986
 20
2009.867601255737
 30
0.0
 11
2901.19432062986
 21
2137.019846719426
 31
0.0
  0
LINE
  5
298
330
293
100
AcDbEntity
  8
DIM
 62
5
370
9
440
16777216
100
AcDbLine
 10
2885.19432062986
 20
2127.019846719426
 30
0.0
 11
2877.19432062986
 21
2127.019846719426
 31
0.0
  0
LINE
  5
299
330
293
100
AcDbEntity
  8
DIM
 62
5
370
9
440
16777216
100
AcDbLine
 10
2901.19432062986
 20
2127.019846719426
 30
0.0
 11
2970.6356576012113
 21
2127.019846719426
 31
0.0
  0
LINE
  5
29A
330
293
100
AcDbEntity
  8
DIM
 62
5
370
9
440
16777216
100
AcDbLine
 10
2885.19432062986
 20
2127.019846719426
 30
0.0
 11
2901.19432062986
 21
2127.019846719426
 31
0.0
  0
LINE
  5
29B
330
293
100
AcDbEntity
  8
0
  6
ByBlock
 62
0
370
-2
100
AcDbLine
 10
2881.19432062986
 20
2123.019846719426
 30
0.0
 11
2889.19432062986
 21
2131.019846719426
 31
0.0
  0
LINE
  5
29C
330
293
100
AcDbEntity
  8
0
  6
ByBlock
 62
0
370
-2
100
AcDbLine
 10
2905.19432062986
 20
2131.019846719426
 30
0.0
 11
2897.19432062986
 21
2123.019846719426
 31
0.0
  0
MTEXT
  5
29D
330
293
100
AcDbEntity
  8
DIM
 62
3
440
16777216
100
AcDbMText
 10
2943.914989115532
 20
2149.784171412466
 30
0.0
 40
25.0
 41
0.0
 46
0.0
 71
5
  1
16
  0
POINT
  5
29E
330
293
100
AcDbEntity
  8
Defpoints
 62
0
440
16777216
100
AcDbPoint
 10
2885.19432062986
 20
2010.867601255737
 30
0.0
  0
POINT
  5
29F
330
293
100
AcDbEntity
  8
Defpoints
 62
0
440
16777216
100
AcDbPoint
 10
2901.19432062986
 20
1994.867601255737
 30
0.0
  0
POINT
  5
2A0
330
293
100
AcDbEntity
  8
Defpoints
 62
0
440
16777216
100
AcDbPoint
 10
2901.19432062986
 20
2127.019846719426
 30
0.0
  0
ENDBLK
  5
295
330
293
100
AcDbEntity
  8
0
100
AcDbBlockEnd
  0
BLOCK
  5
2A2
330
2A1
100
AcDbEntity
  8
0
100
AcDbBlockBegin
  2
*D23
 70
1
 10
0.0
 20
0.0
 30
0.0
  3
*D23
  1

  0
LINE
  5
2A4
330
2A1
100
AcDbEntity
  8
DIM
 62
5
370
9
440
16777216
100
AcDbLine
 10
2885.19432062986
 20
2025.867601255737
 30
0.0
 11
2885.19432062986
 21
2137.019846719426
 31
0.0
  0
LINE
  5
2A5
330
2A1
100
AcDbEntity
  8
DIM
 62
5
370
9
440
16777216
100
AcDbLine
 10
2191.19432062986
 20
2025.867601255737
 30
0.0
 11
2191.19432062986
 21
2137.019846719426
 31
0.0
  0
LINE
  5
2A6
330
2A1
100
AcDbEntity
  8
DIM
 62
5
370
9
440
16777216
100
AcDbLine
 10
2885.19432062986
 20
2127.019846719426
 30
0.0
 11
2191.19432062986
 21
2127.019846719426
 31
0.0
  0
LINE
  5
2A7
330
2A1
100
AcDbEntity
  8
0
  6
ByBlock
 62
0
370
-2
100
AcDbLine
 10
2881.19432062986
 20
2123.019846719426
 30
0.0
 11
2889.19432062986
 21
2131.019846719426
 31
0.0
  0
LINE
  5
2A8
330
2A1
100
AcDbEntity
  8
0
  6
ByBlock
 62
0
370
-2
100
AcDbLine
 10
2195.19432062986
 20
2131.019846719426
 30
0.0
 11
2187.19432062986
 21
2123.019846719426
 31
0.0
  0
MTEXT
  5
2A9
330
2A1
100
AcDbEntity
  8
DIM
 62
3
440
16777216
100
AcDbMText
 10
2538.19432062986
 20
2149.784171412466
 30
0.0
 40
25.0
 41
0.0
 46
0.0
 71
5
  1
694
  0
POINT
  5
2AA
330
2A1
100
AcDbEntity
  8
Defpoints
 62
0
440
16777216
100
AcDbPoint
 10
2885.19432062986
 20
2010.867601255737
 30
0.0
  0
POINT
  5
2AB
330
2A1
100
AcDbEntity
  8
Defpoints
 62
0
440
16777216
100
AcDbPoint
 10
2191.19432062986
 20
2010.867601255737
 30
0.0
  0
POINT
  5
2AC
330
2A1
100
AcDbEntity
  8
Defpoints
 62
0
440
16777216
100
AcDbPoint
 10
2191.19432062986
 20
2127.019846719426
 30
0.0
  0
ENDBLK
  5
2A3
330
2A1
100
AcDbEntity
  8
0
100
AcDbBlockEnd
  0
BLOCK
  5
2AE
330
2AD
100
AcDbEntity
  8
0
100
AcDbBlockBegin
  2
*D24
 70
1
 10
0.0
 20
0.0
 30
0.0
  3
*D24
  1

  0
LINE
  5
2B0
330
2AD
100
AcDbEntity
  8
DIM
 62
5
370
9
440
16777216
100
AcDbLine
 10
2160.19432062986
 20
1994.867601255737
 30
0.0
 11
2094.0890373887814
 21
1994.867601255737
 31
0.0
  0
LINE
  5
2B1
330
2AD
100
AcDbEntity
  8
DIM
 62
5
370
9
440
16777216
100
AcDbLine
 10
2160.19432062986
 20
1030.867601255737
 30
0.0
 11
2094.0890373887814
 21
1030.867601255737
 31
0.0
  0
LINE
  5
2B2
330
2AD
100
AcDbEntity
  8
DIM
 62
5
370
9
440
16777216
100
AcDbLine
 10
2104.0890373887814
 20
1994.867601255737
 30
0.0
 11
2104.0890373887814
 21
1030.867601255737
 31
0.0
  0
LINE
  5
2B3
330
2AD
100
AcDbEntity
  8
0
  6
ByBlock
 62
0
370
-2
100
AcDbLine
 10
2108.0890373887814
 20
1990.867601255737
 30
0.0
 11
2100.0890373887814
 21
1998.867601255737
 31
0.0
  0
LINE
  5
2B4
330
2AD
100
AcDbEntity
  8
0
  6
ByBlock
 62
0
370
-2
100
AcDbLine
 10
2100.0890373887814
 20
1034.867601255737
 30
0.0
 11
2108.0890373887814
 21
1026.867601255737
 31
0.0
  0
MTEXT
  5
2B5
330
2AD
100
AcDbEntity
  8
DIM
 62
3
440
16777216
100
AcDbMText
 10
2081.324712695743
 20
1512.8676012557462
 30
0.0
 40
25.0
 41
0.0
 46
0.0
 71
5
  1
964
 11
1e-16
 21
1.0
 31
0.0
  0
POINT
  5
2B6
330
2AD
100
AcDbEntity
  8
Defpoints
 62
0
440
16777216
100
AcDbPoint
 10
2175.19432062986
 20
1994.867601255737
 30
0.0
  0
POINT
  5
2B7
330
2AD
100
AcDbEntity
  8
Defpoints
 62
0
440
16777216
100
AcDbPoint
 10
2175.19432062986
 20
1030.867601255737
 30
0.0
  0
POINT
  5
2B8
330
2AD
100
AcDbEntity
  8
Defpoints
 62
0
440
16777216
100
AcDbPoint
 10
2104.0890373887814
 20
1030.867601255737
 30
0.0
  0
ENDBLK
  5
2AF
330
2AD
100
AcDbEntity
  8
0
100
AcDbBlockEnd
  0
BLOCK
  5
2BA
330
2B9
100
AcDbEntity
  8
0
100
AcDbBlockBegin
  2
*D25
 70
1
 10
0.0
 20
0.0
 30
0.0
  3
*D25
  1

  0
LINE
  5
2BC
330
2B9
100
AcDbEntity
  8
DIM
 62
5
370
9
440
16777216
100
AcDbLine
 10
2186.19432062986
 20
1004.8676012557371
 30
0.0
 11
2013.6688225839243
 21
1004.8676012557371
 31
0.0
  0
LINE
  5
2BD
330
2B9
100
AcDbEntity
  8
DIM
 62
5
370
9
440
16777216
100
AcDbLine
 10
2186.19432062986
 20
2020.8676012557262
 30
0.0
 11
2013.6688225839243
 21
2020.8676012557262
 31
0.0
  0
LINE
  5
2BE
330
2B9
100
AcDbEntity
  8
DIM
 62
5
370
9
440
16777216
100
AcDbLine
 10
2023.6688225839243
 20
1004.8676012557371
 30
0.0
 11
2023.6688225839243
 21
2020.8676012557262
 31
0.0
  0
LINE
  5
2BF
330
2B9
100
AcDbEntity
  8
0
  6
ByBlock
 62
0
370
-2
100
AcDbLine
 10
2019.6688225839243
 20
1008.8676012557371
 30
0.0
 11
2027.6688225839243
 21
1000.8676012557371
 31
0.0
  0
LINE
  5
2C0
330
2B9
100
AcDbEntity
  8
0
  6
ByBlock
 62
0
370
-2
100
AcDbLine
 10
2027.6688225839243
 20
2016.8676012557262
 30
0.0
 11
2019.6688225839243
 21
2024.8676012557262
 31
0.0
  0
MTEXT
  5
2C1
330
2B9
100
AcDbEntity
  8
DIM
 62
3
440
16777216
100
AcDbMText
 10
2000.9044978908714
 20
1512.8676012557262
 30
0.0
 40
25.0
 41
0.0
 46
0.0
 71
5
  1
1016
 11
1e-16
 21
1.0
 31
0.0
  0
POINT
  5
2C2
330
2B9
100
AcDbEntity
  8
Defpoints
 62
0
440
16777216
100
AcDbPoint
 10
2201.19432062986
 20
1004.8676012557371
 30
0.0
  0
POINT
  5
2C3
330
2B9
100
AcDbEntity
  8
Defpoints
 62
0
440
16777216
100
AcDbPoint
 10
2201.19432062986
 20
2020.8676012557262
 30
0.0
  0
POINT
  5
2C4
330
2B9
100
AcDbEntity
  8
Defpoints
 62
0
440
16777216
100
AcDbPoint
 10
2023.6688225839243
 20
2020.8676012557262
 30
0.0
  0
ENDBLK
  5
2BB
330
2B9
100
AcDbEntity
  8
0
100
AcDbBlockEnd
  0
BLOCK
  5
2C6
330
2C5
100
AcDbEntity
  8
0
100
AcDbBlockBegin
  2
*D26
 70
1
 10
0.0
 20
0.0
 30
0.0
  3
*D26
  1

  0
LINE
  5
2C8
330
2C5
100
AcDbEntity
  8
DIM
 62
5
370
9
440
16777216
100
AcDbLine
 10
2124.310717732704
 20
645.2914902857956
 30
0.0
 11
2055.4513493348204
 21
645.2914902857956
 31
0.0
  0
LINE
  5
2C9
330
2C5
100
AcDbEntity
  8
DIM
 62
5
370
9
440
16777216
100
AcDbLine
 10
2124.310717732704
 20
545.2914902857956
 30
0.0
 11
2055.4513493348204
 21
545.2914902857956
 31
0.0
  0
LINE
  5
2CA
330
2C5
100
AcDbEntity
  8
DIM
 62
5
370
9
440
16777216
100
AcDbLine
 10
2065.4513493348204
 20
645.2914902857956
 30
0.0
 11
2065.4513493348204
 21
545.2914902857956
 31
0.0
  0
LINE
  5
2CB
330
2C5
100
AcDbEntity
  8
0
  6
ByBlock
 62
0
370
-2
100
AcDbLine
 10
2069.4513493348204
 20
641.2914902857956
 30
0.0
 11
2061.4513493348204
 21
649.2914902857956
 31
0.0
  0
LINE
  5
2CC
330
2C5
100
AcDbEntity
  8
0
  6
ByBlock
 62
0
370
-2
100
AcDbLine
 10
2061.4513493348204
 20
549.2914902857956
 30
0.0
 11
2069.4513493348204
 21
541.2914902857956
 31
0.0
  0
MTEXT
  5
2CD
330
2C5
100
AcDbEntity
  8
DIM
 62
3
440
16777216
100
AcDbMText
 10
2042.6870246417748
 20
595.2914902857956
 30
0.0
 40
25.0
 41
0.0
 46
0.0
 71
5
  1
100
 11
1e-16
 21
1.0
 31
0.0
  0
POINT
  5
2CE
330
2C5
100
AcDbEntity
  8
Defpoints
 62
0
440
16777216
100
AcDbPoint
 10
2139.310717732704
 20
645.2914902857956
 30
0.0
  0
POINT
  5
2CF
330
2C5
100
AcDbEntity
  8
Defpoints
 62
0
440
16777216
100
AcDbPoint
 10
2139.310717732704
 20
545.2914902857956
 30
0.0
  0
POINT
  5
2D0
330
2C5
100
AcDbEntity
  8
Defpoints
 62
0
440
16777216
100
AcDbPoint
 10
2065.4513493348204
 20
545.2914902857956
 30
0.0
  0
ENDBLK
  5
2C7
330
2C5
100
AcDbEntity
  8
0
100
AcDbBlockEnd
  0
BLOCK
  5
2D2
330
2D1
100
AcDbEntity
  8
0
100
AcDbBlockBegin
  2
*D27
 70
1
 10
0.0
 20
0.0
 30
0.0
  3
*D27
  1

  0
LINE
  5
2D4
330
2D1
100
AcDbEntity
  8
DIM
 62
5
370
9
440
16777216
100
AcDbLine
 10
2124.310717732704
 20
545.2914902857956
 30
0.0
 11
2055.4513493347913
 21
545.2914902857956
 31
0.0
  0
LINE
  5
2D5
330
2D1
100
AcDbEntity
  8
DIM
 62
5
370
9
440
16777216
100
AcDbLine
 10
2164.310717732704
 20
475.2914902857956
 30
0.0
 11
2055.4513493347913
 21
475.2914902857956
 31
0.0
  0
LINE
  5
2D6
330
2D1
100
AcDbEntity
  8
DIM
 62
5
370
9
440
16777216
100
AcDbLine
 10
2065.4513493347913
 20
545.2914902857956
 30
0.0
 11
2065.4513493347913
 21
475.2914902857956
 31
0.0
  0
LINE
  5
2D7
330
2D1
100
AcDbEntity
  8
0
  6
ByBlock
 62
0
370
-2
100
AcDbLine
 10
2069.4513493347913
 20
541.2914902857956
 30
0.0
 11
2061.4513493347913
 21
549.2914902857956
 31
0.0
  0
LINE
  5
2D8
330
2D1
100
AcDbEntity
  8
0
  6
ByBlock
 62
0
370
-2
100
AcDbLine
 10
2061.4513493347913
 20
479.2914902857956
 30
0.0
 11
2069.4513493347913
 21
471.2914902857956
 31
0.0
  0
MTEXT
  5
2D9
330
2D1
100
AcDbEntity
  8
DIM
 62
3
440
16777216
100
AcDbMText
 10
2042.6870246417457
 20
495.2914902858156
 30
0.0
 40
25.0
 41
0.0
 46
0.0
 71
5
  1
70
 11
1e-16
 21
1.0
 31
0.0
  0
POINT
  5
2DA
330
2D1
100
AcDbEntity
  8
Defpoints
 62
0
440
16777216
100
AcDbPoint
 10
2139.310717732704
 20
545.2914902857956
 30
0.0
  0
POINT
  5
2DB
330
2D1
100
AcDbEntity
  8
Defpoints
 62
0
440
16777216
100
AcDbPoint
 10
2179.310717732704
 20
475.2914902857956
 30
0.0
  0
POINT
  5
2DC
330
2D1
100
AcDbEntity
  8
Defpoints
 62
0
440
16777216
100
AcDbPoint
 10
2065.4513493347913
 20
475.2914902857956
 30
0.0
  0
ENDBLK
  5
2D3
330
2D1
100
AcDbEntity
  8
0
100
AcDbBlockEnd
  0
BLOCK
  5
2DE
330
2DD
100
AcDbEntity
  8
0
100
AcDbBlockBegin
  2
*D28
 70
1
 10
0.0
 20
0.0
 30
0.0
  3
*D28
  1

  0
LINE
  5
2E0
330
2DD
100
AcDbEntity
  8
DIM
 62
5
370
9
440
16777216
100
AcDbLine
 10
2824.310717732704
 20
449.2914902857956
 30
0.0
 11
2959.2526259078004
 21
449.2914902857956
 31
0.0
  0
LINE
  5
2E1
330
2DD
100
AcDbEntity
  8
DIM
 62
5
370
9
440
16777216
100
AcDbLine
 10
2854.310717732704
 20
645.2914902857956
 30
0.0
 11
2959.2526259078004
 21
645.2914902857956
 31
0.0
  0
LINE
  5
2E2
330
2DD
100
AcDbEntity
  8
DIM
 62
5
370
9
440
16777216
100
AcDbLine
 10
2949.2526259078004
 20
449.2914902857956
 30
0.0
 11
2949.2526259078004
 21
645.2914902857956
 31
0.0
  0
LINE
  5
2E3
330
2DD
100
AcDbEntity
  8
0
  6
ByBlock
 62
0
370
-2
100
AcDbLine
 10
2945.2526259078004
 20
453.2914902857956
 30
0.0
 11
2953.2526259078004
 21
445.2914902857956
 31
0.0
  0
LINE
  5
2E4
330
2DD
100
AcDbEntity
  8
0
  6
ByBlock
 62
0
370
-2
100
AcDbLine
 10
2953.2526259078004
 20
641.2914902857956
 30
0.0
 11
2945.2526259078004
 21
649.2914902857956
 31
0.0
  0
MTEXT
  5
2E5
330
2DD
100
AcDbEntity
  8
DIM
 62
3
440
16777216
100
AcDbMText
 10
2926.4883012147548
 20
547.2914902858065
 30
0.0
 40
25.0
 41
0.0
 46
0.0
 71
5
  1
196
 11
1e-16
 21
1.0
 31
0.0
  0
POINT
  5
2E6
330
2DD
100
AcDbEntity
  8
Defpoints
 62
0
440
16777216
100
AcDbPoint
 10
2809.310717732704
 20
449.2914902857956
 30
0.0
  0
POINT
  5
2E7
330
2DD
100
AcDbEntity
  8
Defpoints
 62
0
440
16777216
100
AcDbPoint
 10
2839.310717732704
 20
645.2914902857956
 30
0.0
  0
POINT
  5
2E8
330
2DD
100
AcDbEntity
  8
Defpoints
 62
0
440
16777216
100
AcDbPoint
 10
2949.2526259078004
 20
645.2914902857956
 30
0.0
  0
ENDBLK
  5
2DF
330
2DD
100
AcDbEntity
  8
0
100
AcDbBlockEnd
  0
BLOCK
  5
2EA
330
2E9
100
AcDbEntity
  8
0
100
AcDbBlockBegin
  2
*D29
 70
1
 10
0.0
 20
0.0
 30
0.0
  3
*D29
  1

  0
LINE
  5
2EC
330
2E9
100
AcDbEntity
  8
DIM
 62
5
370
9
440
16777216
100
AcDbLine
 10
2164.310717732704
 20
475.2914902858265
 30
0.0
 11
2055.4513493347913
 21
475.2914902858265
 31
0.0
  0
LINE
  5
2ED
330
2E9
100
AcDbEntity
  8
DIM
 62
5
370
9
440
16777216
100
AcDbLine
 10
2164.310717732704
 20
459.2914902858265
 30
0.0
 11
2055.4513493347913
 21
459.2914902858265
 31
0.0
  0
LINE
  5
2EE
330
2E9
100
AcDbEntity
  8
DIM
 62
5
370
9
440
16777216
100
AcDbLine
 10
2065.4513493347913
 20
475.2914902858265
 30
0.0
 11
2065.4513493347913
 21
483.2914902858265
 31
0.0
  0
LINE
  5
2EF
330
2E9
100
AcDbEntity
  8
DIM
 62
5
370
9
440
16777216
100
AcDbLine
 10
2065.4513493347913
 20
459.2914902858265
 30
0.0
 11
2065.4513493347913
 21
389.8501533144754
 31
0.0
  0
LINE
  5
2F0
330
2E9
100
AcDbEntity
  8
DIM
 62
5
370
9
440
16777216
100
AcDbLine
 10
2065.4513493347913
 20
475.2914902858265
 30
0.0
 11
2065.4513493347913
 21
459.2914902858265
 31
0.0
  0
LINE
  5
2F1
330
2E9
100
AcDbEntity
  8
0
  6
ByBlock
 62
0
370
-2
100
AcDbLine
 10
2061.4513493347913
 20
479.2914902858265
 30
0.0
 11
2069.4513493347913
 21
471.2914902858265
 31
0.0
  0
LINE
  5
2F2
330
2E9
100
AcDbEntity
  8
0
  6
ByBlock
 62
0
370
-2
100
AcDbLine
 10
2069.4513493347913
 20
455.2914902858265
 30
0.0
 11
2061.4513493347913
 21
463.2914902858265
 31
0.0
  0
MTEXT
  5
2F3
330
2E9
100
AcDbEntity
  8
DIM
 62
3
440
16777216
100
AcDbMText
 10
2042.6870246417457
 20
416.5708218001564
 30
0.0
 40
25.0
 41
0.0
 46
0.0
 71
5
  1
16
 11
1e-16
 21
1.0
 31
0.0
  0
POINT
  5
2F4
330
2E9
100
AcDbEntity
  8
Defpoints
 62
0
440
16777216
100
AcDbPoint
 10
2179.310717732704
 20
475.2914902858265
 30
0.0
  0
POINT
  5
2F5
330
2E9
100
AcDbEntity
  8
Defpoints
 62
0
440
16777216
100
AcDbPoint
 10
2179.310717732704
 20
459.2914902858265
 30
0.0
  0
POINT
  5
2F6
330
2E9
100
AcDbEntity
  8
Defpoints
 62
0
440
16777216
100
AcDbPoint
 10
2065.4513493347913
 20
459.2914902858265
 30
0.0
  0
ENDBLK
  5
2EB
330
2E9
100
AcDbEntity
  8
0
100
AcDbBlockEnd
  0
BLOCK
  5
2F8
330
2F7
100
AcDbEntity
  8
0
100
AcDbBlockBegin
  2
*D30
 70
1
 10
0.0
 20
0.0
 30
0.0
  3
*D30
  1

  0
LINE
  5
2FA
330
2F7
100
AcDbEntity
  8
DIM
 62
5
370
9
440
16777216
100
AcDbLine
 10
2164.310717732704
 20
459.2914902858265
 30
0.0
 11
2104.00985864579
 21
459.2914902858265
 31
0.0
  0
LINE
  5
2FB
330
2F7
100
AcDbEntity
  8
DIM
 62
5
370
9
440
16777216
100
AcDbLine
 10
2154.310717732704
 20
449.2914902858265
 30
0.0
 11
2104.00985864579
 21
449.2914902858265
 31
0.0
  0
LINE
  5
2FC
330
2F7
100
AcDbEntity
  8
DIM
 62
5
370
9
440
16777216
100
AcDbLine
 10
2114.00985864579
 20
459.2914902858265
 30
0.0
 11
2114.00985864579
 21
467.2914902858265
 31
0.0
  0
LINE
  5
2FD
330
2F7
100
AcDbEntity
  8
DIM
 62
5
370
9
440
16777216
100
AcDbLine
 10
2114.00985864579
 20
449.2914902858265
 30
0.0
 11
2114.00985864579
 21
379.9183661384868
 31
0.0
  0
LINE
  5
2FE
330
2F7
100
AcDbEntity
  8
DIM
 62
5
370
9
440
16777216
100
AcDbLine
 10
2114.00985864579
 20
459.2914902858265
 30
0.0
 11
2114.00985864579
 21
449.2914902858265
 31
0.0
  0
LINE
  5
2FF
330
2F7
100
AcDbEntity
  8
0
  6
ByBlock
 62
0
370
-2
100
AcDbLine
 10
2110.00985864579
 20
463.2914902858265
 30
0.0
 11
2118.00985864579
 21
455.2914902858265
 31
0.0
  0
LINE
  5
300
330
2F7
100
AcDbEntity
  8
0
  6
ByBlock
 62
0
370
-2
100
AcDbLine
 10
2118.00985864579
 20
445.2914902858265
 30
0.0
 11
2110.00985864579
 21
453.2914902858265
 31
0.0
  0
MTEXT
  5
301
330
2F7
100
AcDbEntity
  8
DIM
 62
3
440
16777216
100
AcDbMText
 10
2091.245533952744
 20
406.60492821216576
 30
0.0
 40
25.0
 41
0.0
 46
0.0
 71
5
  1
10
 11
1e-16
 21
1.0
 31
0.0
  0
POINT
  5
302
330
2F7
100
AcDbEntity
  8
Defpoints
 62
0
440
16777216
100
AcDbPoint
 10
2179.310717732704
 20
459.2914902858265
 30
0.0
  0
POINT
  5
303
330
2F7
100
AcDbEntity
  8
Defpoints
 62
0
440
16777216
100
AcDbPoint
 10
2169.310717732704
 20
449.2914902858265
 30
0.0
  0
POINT
  5
304
330
2F7
100
AcDbEntity
  8
Defpoints
 62
0
440
16777216
100
AcDbPoint
 10
2114.00985864579
 20
449.2914902858265
 30
0.0
  0
ENDBLK
  5
2F9
330
2F7
100
AcDbEntity
  8
0
100
AcDbBlockEnd
  0
BLOCK
  5
306
330
305
100
AcDbEntity
  8
0
100
AcDbBlockBegin
  2
*D31
 70
1
 10
0.0
 20
0.0
 30
0.0
  3
*D31
  1

  0
LINE
  5
308
330
305
100
AcDbEntity
  8
DIM
 62
5
370
9
440
16777216
100
AcDbLine
 10
2139.310717732704
 20
660.2914902857956
 30
0.0
 11
2139.310717732704
 21
724.5311837539666
 31
0.0
  0
LINE
  5
309
330
305
100
AcDbEntity
  8
DIM
 62
5
370
9
440
16777216
100
AcDbLine
 10
2839.310717732704
 20
660.2914902857956
 30
0.0
 11
2839.310717732704
 21
724.5311837539666
 31
0.0
  0
LINE
  5
30A
330
305
100
AcDbEntity
  8
DIM
 62
5
370
9
440
16777216
100
AcDbLine
 10
2139.310717732704
 20
714.5311837539666
 30
0.0
 11
2839.310717732704
 21
714.5311837539666
 31
0.0
  0
LINE
  5
30B
330
305
100
AcDbEntity
  8
0
  6
ByBlock
 62
0
370
-2
100
AcDbLine
 10
2143.310717732704
 20
718.5311837539666
 30
0.0
 11
2135.310717732704
 21
710.5311837539666
 31
0.0
  0
LINE
  5
30C
330
305
100
AcDbEntity
  8
0
  6
ByBlock
 62
0
370
-2
100
AcDbLine
 10
2835.310717732704
 20
710.5311837539666
 30
0.0
 11
2843.310717732704
 21
718.5311837539666
 31
0.0
  0
MTEXT
  5
30D
330
305
100
AcDbEntity
  8
DIM
 62
3
440
16777216
100
AcDbMText
 10
2489.310717732704
 20
737.2955084470068
 30
0.0
 40
25.0
 41
0.0
 46
0.0
 71
5
  1
700
  0
POINT
  5
30E
330
305
100
AcDbEntity
  8
Defpoints
 62
0
440
16777216
100
AcDbPoint
 10
2139.310717732704
 20
645.2914902857956
 30
0.0
  0
POINT
  5
30F
330
305
100
AcDbEntity
  8
Defpoints
 62
0
440
16777216
100
AcDbPoint
 10
2839.310717732704
 20
645.2914902857956
 30
0.0
  0
POINT
  5
310
330
305
100
AcDbEntity
  8
Defpoints
 62
0
440
16777216
100
AcDbPoint
 10
2839.310717732704
 20
714.5311837539666
 30
0.0
  0
ENDBLK
  5
307
330
305
100
AcDbEntity
  8
0
100
AcDbBlockEnd
  0
ENDSEC
  0
SECTION
  2
ENTITIES
  0
INSERT
  5
2F
330
17
100
AcDbEntity
  8
0
 62
7
100
AcDbBlockReference
 66
1
  2
khungtenAsean2
 10
0.0
 20
2217.5999999937358
 30
0.0
 41
1.055999999996856
 42
1.055999999996856
 43
1.055999999996856
  0
ATTRIB
  5
30
330
2F
100
AcDbEntity
  8
0
 62
1
100
AcDbText
 10
3045.255008870583
 20
34.48072308301562
 30
0.0
 40
26.40000000000001
  1
......
  7
Tahoma (Input Text)
 72
1
 11
3078.232846345396
 21
34.48072308301562
 31
0.0
100
AcDbAttribute
  2
#11
 70
0
 71
1
 72
0
 11
3078.232846345396
 21
34.48072308301562
 31
0.0
  0
ATTRIB
  5
31
330
2F
100
AcDbEntity
  8
0
 62
1
100
AcDbText
 10
2266.933128226774
 20
83.1333764469855
 30
0.0
 40
26.40000000000001
  1
tủ ngoài trời 2 lớp cánh
  7
Tahoma (Input Text)
100
AcDbAttribute
  2
#09
 70
0
 71
1
 72
0
  0
ATTRIB
  5
32
330
2F
100
AcDbEntity
  8
0
 62
1
100
AcDbText
 10
2266.933128226774
 20
19.773376446975817
 30
0.0
 40
26.40000000000001
  1

  7
Tahoma (Input Text)
100
AcDbAttribute
  2
#10
 70
0
 71
1
 72
0
  0
ATTRIB
  5
33
330
2F
100
AcDbEntity
  8
0
 62
1
100
AcDbText
 10
1919.2248406144208
 20
19.773376446975817
 30
0.0
 40
26.40000000000001
  1
2
  7
Tahoma (Input Text)
100
AcDbAttribute
  2
#08
 70
0
 71
1
 72
0
  0
ATTRIB
  5
34
330
2F
100
AcDbEntity
  8
0
 62
1
100
AcDbText
 10
1937.4236749037955
 20
83.1333764469855
 30
0.0
 40
26.40000000000001
  1
1
  7
Tahoma (Input Text)
100
AcDbAttribute
  2
#07
 70
0
 71
1
 72
0
  0
ATTRIB
  5
35
330
2F
100
AcDbEntity
  8
0
 62
1
100
AcDbText
 10
1124.9894189357
 20
19.773376446975817
 30
0.0
 40
26.40000000000001
  1
1000x700x350
  7
Tahoma (Input Text)
100
AcDbAttribute
  2
#06
 70
0
 71
1
 72
0
  0
ATTRIB
  5
36
330
2F
100
AcDbEntity
  8
0
 62
1
100
AcDbText
 10
1168.599355041013
 20
83.1333764469855
 30
0.0
 40
26.40000000000001
  1
Võ tủ điện
  7
Tahoma (Input Text)
100
AcDbAttribute
  2
#05
 70
0
 71
1
 72
0
  0
ATTRIB
  5
37
330
2F
100
AcDbEntity
  8
0
 62
1
100
AcDbText
 10
513.3269085178035
 20
19.773376446975817
 30
0.0
 40
26.40000000000001
  1
......
  7
Tahoma (Input Text)
100
AcDbAttribute
  2
#04
 70
0
 71
1
 72
0
  0
ATTRIB
  5
38
330
2F
100
AcDbEntity
  8
0
 62
1
100
AcDbText
 10
534.9387108877345
 20
85.21750987660562
 30
0.0
 40
26.40000000000001
  1
A sỹ
  7
Tahoma (Input Text)
100
AcDbAttribute
  2
#03
 70
0
 71
1
 72
0
  0
ATTRIB
  5
39
330
2F
100
AcDbEntity
  8
0
 62
1
100
AcDbText
 10
103.97030107536557
 20
19.773376446975817
 30
0.0
 40
26.40000000000001
  1
......
  7
Tahoma (Input Text)
100
AcDbAttribute
  2
#02
 70
0
 71
1
 72
0
  0
ATTRIB
  5
3A
330
2F
100
AcDbEntity
  8
0
 62
1
100
AcDbText
 10
144.72850427641242
 20
83.1333764469855
 30
0.0
 40
26.40000000000001
  1
Phúc
  7
Tahoma (Input Text)
100
AcDbAttribute
  2
#01
 70
0
 71
1
 72
0
  0
SEQEND
  5
3B
330
17
100
AcDbEntity
  8
0
 62
7
  0
LINE
  5
3C
330
17
100
AcDbEntity
  8
0
 62
7
100
AcDbLine
 10
1721.7947170791595
 20
1955.867601255737
 30
0.0
 11
1737.7947170791595
 21
1955.867601255737
 31
0.0
  0
LINE
  5
3D
330
17
100
AcDbEntity
  8
0
 62
7
100
AcDbLine
 10
1747.7947170791595
 20
1965.867601255737
 30
0.0
 11
1747.7947170791595
 21
1059.867601255737
 31
0.0
  0
LINE
  5
3E
330
17
100
AcDbEntity
  8
0
 62
7
100
AcDbLine
 10
1737.7947170791595
 20
1955.867601255737
 30
0.0
 11
1737.7947170791595
 21
1069.867601255737
 31
0.0
  0
LINE
  5
3F
330
17
100
AcDbEntity
  8
0
 62
7
100
AcDbLine
 10
1737.7947170791595
 20
1069.867601255737
 30
0.0
 11
1721.7947170791595
 21
1069.867601255737
 31
0.0
  0
LWPOLYLINE
  5
40
330
17
100
AcDbEntity
  8
0
 62
7
100
AcDbPolyline
 90
2
 70
0
 10
1681.7947170791595
 20
1029.867601255737
 10
335.79471707915945
 20
1029.867601255737
  0
LINE
  5
41
330
17
100
AcDbEntity
  8
0
 62
7
100
AcDbLine
 10
295.79471707915945
 20
1069.867601255737
 30
0.0
 11
279.79471707915945
 21
1069.867601255737
 31
0.0
  0
LINE
  5
42
330
17
100
AcDbEntity
  8
0
 62
7
100
AcDbLine
 10
269.79471707915945
 20
1059.867601255737
 30
0.0
 11
269.79471707915945
 21
1965.867601255737
 31
0.0
  0
LINE
  5
43
330
17
100
AcDbEntity
  8
0
 62
7
100
AcDbLine
 10
279.79471707915945
 20
1069.867601255737
 30
0.0
 11
279.79471707915945
 21
1955.867601255737
 31
0.0
  0
LINE
  5
44
330
17
100
AcDbEntity
  8
0
 62
7
100
AcDbLine
 10
279.79471707915945
 20
1955.867601255737
 30
0.0
 11
295.79471707915945
 21
1955.867601255737
 31
0.0
  0
LWPOLYLINE
  5
45
330
17
100
AcDbEntity
  8
0
 62
7
100
AcDbPolyline
 90
2
 70
0
 10
335.79471707915945
 20
2025.867601255737
 10
1681.7947170791595
 20
2025.867601255737
  0
LINE
  5
46
330
17
100
AcDbEntity
  8
0
 62
7
100
AcDbLine
 10
1721.7947170791595
 20
1955.867601255737
 30
0.0
 11
1721.7947170791595
 21
1069.867601255737
 31
0.0
  0
LINE
  5
47
330
17
100
AcDbEntity
  8
0
 62
7
100
AcDbLine
 10
1681.7947170791595
 20
2025.867601255737
 30
0.0
 11
1681.7947170791595
 21
1029.867601255737
 31
0.0
  0
LINE
  5
48
330
17
100
AcDbEntity
  8
0
 62
7
100
AcDbLine
 10
1356.7947170791595
 20
2025.867601255737
 30
0.0
 11
1356.7947170791595
 21
1029.867601255737
 31
0.0
  0
LINE
  5
49
330
17
100
AcDbEntity
  8
0
 62
7
100
AcDbLine
 10
295.79471707915945
 20
1955.867601255737
 30
0.0
 11
295.79471707915945
 21
1069.867601255737
 31
0.0
  0
LINE
  5
4A
330
17
100
AcDbEntity
  8
0
 62
7
100
AcDbLine
 10
335.79471707915945
 20
2025.867601255737
 30
0.0
 11
335.79471707915945
 21
1029.867601255737
 31
0.0
  0
LINE
  5
4B
330
17
100
AcDbEntity
  8
0
 62
7
100
AcDbLine
 10
660.7947170791595
 20
2025.867601255737
 30
0.0
 11
660.7947170791595
 21
1029.867601255737
 31
0.0
  0
DIMENSION
  5
4C
330
17
100
AcDbEntity
  8
DIM
 62
7
100
AcDbDimension
280
0
  2
*D1
  3
Dim-25
 10
1356.7947170791595
 20
2099.726969653657
 30
0.0
 11
1008.7947170791595
 21
2122.491294346697
 31
0.0
 70
32
 71
5
 42
696.0
 73
0
 74
0
 75
0
100
AcDbAlignedDimension
 13
660.7947170791595
 23
2025.867601255737
 33
0.0
 14
1356.7947170791595
 24
2025.867601255737
 34
0.0
 50
0.0
100
AcDbRotatedDimension
  0
DIMENSION
  5
51
330
17
100
AcDbEntity
  8
DIM
 62
7
100
AcDbDimension
280
0
  2
*D2
  3
Dim-25
 10
1681.7947170791595
 20
2099.726969653657
 30
0.0
 11
1517.2947170791595
 21
2099.726969653657
 31
0.0
 70
160
 71
5
 42
325.0
 73
0
 74
0
 75
0
100
AcDbAlignedDimension
 13
1356.7947170791595
 23
2025.867601255737
 33
0.0
 14
1681.7947170791595
 24
2025.867601255737
 34
0.0
 50
0.0
100
AcDbRotatedDimension
  0
DIMENSION
  5
52
330
17
100
AcDbEntity
  8
DIM
 62
7
100
AcDbDimension
280
0
  2
*D3
  3
Dim-25
 10
1721.7947170791595
 20
2099.726969653657
 30
0.0
 11
1701.7947170791595
 21
2099.726969653657
 31
0.0
 70
160
 71
5
 42
40.0
 73
0
 74
0
 75
0
100
AcDbAlignedDimension
 13
1681.7947170791595
 23
2025.867601255737
 33
0.0
 14
1721.7947170791595
 24
1955.867601255737
 34
0.0
 50
0.0
100
AcDbRotatedDimension
  0
DIMENSION
  5
53
330
17
100
AcDbEntity
  8
DIM
 62
7
100
AcDbDimension
280
0
  2
*D4
  3
Dim-25
 10
335.79471707915945
 20
2099.726969653657
 30
0.0
 11
500.29471707915945
 21
2099.726969653657
 31
0.0
 70
160
 71
5
 42
325.0
 73
0
 74
0
 75
0
100
AcDbAlignedDimension
 13
660.7947170791595
 23
2025.867601255737
 33
0.0
 14
335.79471707915945
 24
2025.867601255737
 34
0.0
 50
180.0
100
AcDbRotatedDimension
  0
DIMENSION
  5
54
330
17
100
AcDbEntity
  8
DIM
 62
7
100
AcDbDimension
280
0
  2
*D5
  3
Dim-25
 10
295.79471707915945
 20
2099.726969653657
 30
0.0
 11
315.79471707915945
 21
2099.726969653657
 31
0.0
 70
160
 71
5
 42
40.0
 73
0
 74
0
 75
0
100
AcDbAlignedDimension
 13
335.79471707915945
 23
2025.867601255737
 33
0.0
 14
295.79471707915945
 24
1955.867601255737
 34
0.0
 50
180.0
100
AcDbRotatedDimension
  0
LINE
  5
55
330
17
100
AcDbEntity
  8
0
 62
7
100
AcDbLine
 10
295.79471707915945
 20
1955.867601255737
 30
0.0
 11
335.79471707915945
 21
2025.867601255737
 31
0.0
  0
LINE
  5
56
330
17
100
AcDbEntity
  8
0
 62
7
100
AcDbLine
 10
295.79471707915945
 20
1069.867601255737
 30
0.0
 11
335.79471707915945
 21
1029.867601255737
 31
0.0
  0
LINE
  5
57
330
17
100
AcDbEntity
  8
0
 62
7
100
AcDbLine
 10
1681.7947170791595
 20
1029.867601255737
 30
0.0
 11
1721.7947170791595
 21
1069.867601255737
 31
0.0
  0
LINE
  5
58
330
17
100
AcDbEntity
  8
0
 62
7
100
AcDbLine
 10
1681.7947170791595
 20
2025.867601255737
 30
0.0
 11
1721.7947170791595
 21
1955.867601255737
 31
0.0
  0
DIMENSION
  5
59
330
17
100
AcDbEntity
  8
DIM
 62
7
100
AcDbDimension
280
0
  2
*D6
  3
Dim-25
 10
1747.7947170791595
 20
942.9965460020667
 30
0.0
 11
1008.7947170791595
 21
942.9965460020667
 31
0.0
 70
160
 71
5
 42
1478.0
 73
0
 74
0
 75
0
100
AcDbAlignedDimension
 13
269.79471707915945
 23
1059.867601255737
 33
0.0
 14
1747.7947170791595
 24
1059.867601255737
 34
0.0
 50
0.0
100
AcDbRotatedDimension
  0
DIMENSION
  5
5A
330
17
100
AcDbEntity
  8
DIM
 62
7
100
AcDbDimension
280
0
  2
*D7
  3
Dim-25
 10
1737.7947170791595
 20
2099.726969653657
 30
0.0
 11
1780.5153855648314
 21
2122.491294346697
 31
0.0
 70
32
 71
5
 42
16.0
 73
0
 74
0
 75
0
100
AcDbAlignedDimension
 13
1721.7947170791595
 23
1955.867601255737
 33
0.0
 14
1737.7947170791595
 24
1955.867601255737
 34
0.0
 50
0.0
100
AcDbRotatedDimension
  0
DIMENSION
  5
5B
330
17
100
AcDbEntity
  8
DIM
 62
7
100
AcDbDimension
280
0
  2
*D8
  3
Dim-25
 10
1747.7947170791595
 20
2051.1684603426456
 30
0.0
 11
1790.4812791528311
 21
2073.932785035686
 31
0.0
 70
32
 71
5
 42
10.0
 73
0
 74
0
 75
0
100
AcDbAlignedDimension
 13
1737.7947170791595
 23
1955.867601255737
 33
0.0
 14
1747.7947170791595
 24
1965.867601255737
 34
0.0
 50
0.0
100
AcDbRotatedDimension
  0
DIMENSION
  5
5C
330
17
100
AcDbEntity
  8
DIM
 62
7
100
AcDbDimension
280
0
  2
*D9
  3
Dim-25
 10
279.79471707919583
 20
2099.726969653657
 30
0.0
 11
237.0740485935239
 21
2122.491294346697
 31
0.0
 70
32
 71
5
 42
16.0
 73
0
 74
0
 75
0
100
AcDbAlignedDimension
 13
295.79471707919583
 23
1955.867601255737
 33
0.0
 14
279.79471707919583
 24
1955.867601255737
 34
0.0
 50
180.0
100
AcDbRotatedDimension
  0
DIMENSION
  5
5D
330
17
100
AcDbEntity
  8
DIM
 62
7
100
AcDbDimension
280
0
  2
*D10
  3
Dim-25
 10
269.79471707919583
 20
2051.1684603426456
 30
0.0
 11
227.10815500550962
 21
2073.932785035686
 31
0.0
 70
32
 71
5
 42
10.0
 73
0
 74
0
 75
0
100
AcDbAlignedDimension
 13
279.79471707919583
 23
1955.867601255737
 33
0.0
 14
269.79471707919583
 24
1965.867601255737
 34
0.0
 50
180.0
100
AcDbRotatedDimension
  0
LINE
  5
5E
330
17
100
AcDbEntity
  8
0
 62
7
100
AcDbLine
 10
269.79471707919583
 20
1965.867601255737
 30
0.0
 11
279.79471707915945
 21
1955.867601255737
 31
0.0
  0
LINE
  5
5F
330
17
100
AcDbEntity
  8
0
 62
7
100
AcDbLine
 10
279.79471707915945
 20
1069.867601255737
 30
0.0
 11
269.79471707915945
 21
1059.867601255737
 31
0.0
  0
LINE
  5
60
330
17
100
AcDbEntity
  8
0
 62
7
100
AcDbLine
 10
1737.7947170791595
 20
1069.867601255737
 30
0.0
 11
1747.7947170791595
 21
1059.867601255737
 31
0.0
  0
LINE
  5
61
330
17
100
AcDbEntity
  8
0
 62
7
100
AcDbLine
 10
1747.7947170791595
 20
1965.867601255737
 30
0.0
 11
1737.7947170791595
 21
1955.867601255737
 31
0.0
  0
INSERT
  5
62
330
17
100
AcDbEntity
  8
0
370
-3
100
AcDbBlockReference
  2
f3daunguoc
 10
335.79471707915945
 20
2010.867601255737
 30
0.0
 41
-1.0
 50
180.0
  0
INSERT
  5
64
330
17
100
AcDbEntity
  8
0
370
-3
100
AcDbBlockReference
  2
f3daunguoc
 10
660.7947170791595
 20
2010.867601255737
 30
0.0
 41
-1.0
 50
180.0
  0
INSERT
  5
66
330
17
100
AcDbEntity
  8
0
370
-3
100
AcDbBlockReference
  2
f3daunguoc
 10
1356.7947170791595
 20
2010.867601255737
 30
0.0
 41
-1.0
 50
180.0
  0
INSERT
  5
68
330
17
100
AcDbEntity
  8
0
370
-3
100
AcDbBlockReference
  2
f3daunguoc
 10
1681.7947170791595
 20
2010.867601255737
 30
0.0
 41
-1.0
 50
180.0
  0
INSERT
  5
6A
330
17
100
AcDbEntity
  8
0
370
-3
100
AcDbBlockReference
  2
f2dauxuoi
 10
279.79471707919583
 20
1940.867601255737
 30
0.0
  0
INSERT
  5
6C
330
17
100
AcDbEntity
  8
0
370
-3
100
AcDbBlockReference
  2
f2dauxuoi
 10
295.79471707919583
 20
1940.867601255737
 30
0.0
  0
INSERT
  5
6E
330
17
100
AcDbEntity
  8
0
370
-3
100
AcDbBlockReference
  2
f2dauxuoi
 10
1737.7947170791304
 20
1940.867601255737
 30
0.0
 41
-1.0
  0
INSERT
  5
70
330
17
100
AcDbEntity
  8
0
370
-3
100
AcDbBlockReference
  2
f2dauxuoi
 10
1721.7947170791304
 20
1940.867601255737
 30
0.0
 41
-1.0
  0
INSERT
  5
72
330
17
100
AcDbEntity
  8
0
370
-3
100
AcDbBlockReference
  2
f3daunguoc
 10
335.79471707915945
 20
1044.8676012557462
 30
0.0
  0
INSERT
  5
74
330
17
100
AcDbEntity
  8
0
370
-3
100
AcDbBlockReference
  2
f3daunguoc
 10
660.7947170791595
 20
1044.8676012557462
 30
0.0
  0
INSERT
  5
76
330
17
100
AcDbEntity
  8
0
370
-3
100
AcDbBlockReference
  2
f3daunguoc
 10
1356.7947170791595
 20
1044.8676012557462
 30
0.0
  0
INSERT
  5
78
330
17
100
AcDbEntity
  8
0
370
-3
100
AcDbBlockReference
  2
f3daunguoc
 10
1681.7947170791595
 20
1044.8676012557462
 30
0.0
  0
INSERT
  5
7A
330
17
100
AcDbEntity
  8
0
370
-3
100
AcDbBlockReference
  2
f2dauxuoi
 10
279.79471707919583
 20
1084.8676012557462
 30
0.0
 41
-1.0
 50
180.0
  0
INSERT
  5
7C
330
17
100
AcDbEntity
  8
0
370
-3
100
AcDbBlockReference
  2
f2dauxuoi
 10
295.79471707919583
 20
1084.8676012557462
 30
0.0
 41
-1.0
 50
180.0
  0
INSERT
  5
7E
330
17
100
AcDbEntity
  8
0
370
-3
100
AcDbBlockReference
  2
f2dauxuoi
 10
1737.7947170791304
 20
1084.8676012557462
 30
0.0
 50
180.0
  0
INSERT
  5
80
330
17
100
AcDbEntity
  8
0
370
-3
100
AcDbBlockReference
  2
f2dauxuoi
 10
1721.7947170791304
 20
1084.8676012557462
 30
0.0
 50
180.0
  0
DIMENSION
  5
82
330
17
100
AcDbEntity
  8
DIM
 62
2
100
AcDbDimension
280
0
  2
*D11
  3
Dim-25
 10
164.65300429477065
 20
1029.867601255737
 30
0.0
 11
141.88867960172502
 21
1527.867601255737
 31
0.0
 70
32
 71
5
 42
996.0
 73
0
 74
0
 75
0
100
AcDbAlignedDimension
 13
335.79471707915945
 23
2025.867601255737
 33
0.0
 14
335.79471707915945
 24
1029.867601255737
 34
0.0
 50
90.0
100
AcDbRotatedDimension
  0
CIRCLE
  5
83
330
17
100
AcDbEntity
  8
0
 62
2
100
AcDbCircle
 10
754.7947170791595
 20
1118.867601255737
 30
0.0
 40
1.5
  0
CIRCLE
  5
84
330
17
100
AcDbEntity
  8
0
 62
2
100
AcDbCircle
 10
754.7947170791595
 20
1906.867601255737
 30
0.0
 40
1.5
  0
CIRCLE
  5
85
330
17
100
AcDbEntity
  8
0
 62
2
100
AcDbCircle
 10
1262.7947170791595
 20
1118.867601255737
 30
0.0
 40
1.5
  0
CIRCLE
  5
86
330
17
100
AcDbEntity
  8
0
 62
2
100
AcDbCircle
 10
1262.7947170791595
 20
1906.867601255737
 30
0.0
 40
1.5
  0
LWPOLYLINE
  5
87
330
17
100
AcDbEntity
  8
0
 62
7
100
AcDbPolyline
 90
2
 70
0
 10
1326.9765080561992
 20
759.4425614625761
 10
1326.9765080561992
 20
432.4425614625761
  0
LINE
  5
88
330
17
100
AcDbEntity
  8
0
 62
7
100
AcDbLine
 10
1286.9765080562138
 20
392.4425614625761
 30
0.0
 11
1286.9765080562138
 21
376.4425614625761
 31
0.0
  0
LINE
  5
89
330
17
100
AcDbEntity
  8
0
 62
7
100
AcDbLine
 10
1296.9765080562138
 20
366.4425614625761
 30
0.0
 11
656.9765080562138
 21
366.4425614625761
 31
0.0
  0
LINE
  5
8A
330
17
100
AcDbEntity
  8
0
 62
7
100
AcDbLine
 10
1286.9765080562138
 20
376.4425614625761
 30
0.0
 11
666.9765080561992
 21
376.4425614625761
 31
0.0
  0
LINE
  5
8B
330
17
100
AcDbEntity
  8
0
 62
7
100
AcDbLine
 10
666.9765080561992
 20
376.4425614625761
 30
0.0
 11
666.9765080561992
 21
392.4425614625761
 31
0.0
  0
LWPOLYLINE
  5
8C
330
17
100
AcDbEntity
  8
0
 62
7
100
AcDbPolyline
 90
2
 70
0
 10
626.9765080561992
 20
432.4425614625761
 10
626.9765080561992
 20
759.4425614625761
  0
LINE
  5
8D
330
17
100
AcDbEntity
  8
0
 62
7
100
AcDbLine
 10
666.9765080561992
 20
392.4425614625761
 30
0.0
 11
1286.9765080562138
 21
392.4425614625761
 31
0.0
  0
LINE
  5
8E
330
17
100
AcDbEntity
  8
0
 62
7
100
AcDbLine
 10
626.9765080561992
 20
432.4425614625761
 30
0.0
 11
1326.9765080561992
 21
432.4425614625761
 31
0.0
  0
LINE
  5
8F
330
17
100
AcDbEntity
  8
0
 62
7
100
AcDbLine
 10
626.9765080561992
 20
759.4425614625761
 30
0.0
 11
1326.9765080561992
 21
759.4425614625761
 31
0.0
  0
DIMENSION
  5
90
330
17
100
AcDbEntity
  8
DIM
 62
7
100
AcDbDimension
280
0
  2
*D12
  3
Dim-25
 10
553.117139658294
 20
432.4425614625761
 30
0.0
 11
553.117139658294
 21
596.9425614625761
 31
0.0
 70
160
 71
5
 42
327.0
 73
0
 74
0
 75
0
100
AcDbAlignedDimension
 13
626.9765080561992
 23
759.4425614625761
 33
0.0
 14
626.9765080561992
 24
432.4425614625761
 34
0.0
 50
-90.00000000000001
100
AcDbRotatedDimension
  0
DIMENSION
  5
91
330
17
100
AcDbEntity
  8
DIM
 62
7
100
AcDbDimension
280
0
  2
*D13
  3
Dim-25
 10
553.117139658294
 20
392.4425614625761
 30
0.0
 11
553.117139658294
 21
412.4425614625761
 31
0.0
 70
160
 71
5
 42
40.0
 73
0
 74
0
 75
0
100
AcDbAlignedDimension
 13
626.9765080561992
 23
432.4425614625761
 33
0.0
 14
666.9765080561992
 24
392.4425614625761
 34
0.0
 50
-90.00000000000001
100
AcDbRotatedDimension
  0
LINE
  5
92
330
17
100
AcDbEntity
  8
0
 62
7
100
AcDbLine
 10
666.9765080561992
 20
392.4425614625761
 30
0.0
 11
626.9765080561992
 21
432.4425614625761
 31
0.0
  0
LINE
  5
93
330
17
100
AcDbEntity
  8
0
 62
7
100
AcDbLine
 10
1286.9765080562138
 20
392.4425614625761
 30
0.0
 11
1326.9765080561992
 21
432.4425614625761
 31
0.0
  0
DIMENSION
  5
94
330
17
100
AcDbEntity
  8
DIM
 62
7
100
AcDbDimension
280
0
  2
*D14
  3
Dim-25
 10
1436.9184162313031
 20
759.4425614625761
 30
0.0
 11
1414.1455649352647
 21
562.942561462587
 31
0.0
 70
32
 71
5
 42
393.0
 73
0
 74
0
 75
0
100
AcDbAlignedDimension
 13
1296.9765080562138
 23
366.4425614625761
 33
0.0
 14
1326.9765080561992
 24
759.4425614625761
 34
0.0
 50
90.0
100
AcDbRotatedDimension
  0
DIMENSION
  5
95
330
17
100
AcDbEntity
  8
DIM
 62
7
100
AcDbDimension
280
0
  2
*D15
  3
Dim-25
 10
553.117139658294
 20
376.44256146260705
 30
0.0
 11
530.3528149652557
 21
333.72189297693694
 31
0.0
 70
32
 71
5
 42
16.0
 73
0
 74
0
 75
0
100
AcDbAlignedDimension
 13
666.9765080561992
 23
392.44256146260705
 33
0.0
 14
666.9765080561992
 24
376.44256146260705
 34
0.0
 50
-90.00000000000001
100
AcDbRotatedDimension
  0
DIMENSION
  5
96
330
17
100
AcDbEntity
  8
DIM
 62
7
100
AcDbDimension
280
0
  2
*D16
  3
Dim-25
 10
601.6756489692925
 20
366.44256146260705
 30
0.0
 11
578.9113242762542
 21
323.7559993889354
 31
0.0
 70
32
 71
5
 42
10.0
 73
0
 74
0
 75
0
100
AcDbAlignedDimension
 13
666.9765080561992
 23
376.44256146260705
 33
0.0
 14
656.9765080562138
 24
366.44256146260705
 34
0.0
 50
-90.00000000000001
100
AcDbRotatedDimension
  0
LINE
  5
97
330
17
100
AcDbEntity
  8
0
 62
7
100
AcDbLine
 10
656.9765080562138
 20
366.44256146260705
 30
0.0
 11
666.9765080561992
 21
376.4425614625761
 31
0.0
  0
LINE
  5
98
330
17
100
AcDbEntity
  8
0
 62
7
100
AcDbLine
 10
1286.9765080562138
 20
376.4425614625761
 30
0.0
 11
1296.9765080562138
 21
366.4425614625761
 31
0.0
  0
INSERT
  5
99
330
17
100
AcDbEntity
  8
0
370
-3
100
AcDbBlockReference
  2
f3daunguoc
 10
641.9765080562138
 20
432.4425614625761
 30
0.0
 41
-1.0
 50
270.0
  0
INSERT
  5
9B
330
17
100
AcDbEntity
  8
0
370
-3
100
AcDbBlockReference
  2
f2dauxuoi
 10
681.9765080562138
 20
376.44256146260705
 30
0.0
 50
90.0
  0
INSERT
  5
9D
330
17
100
AcDbEntity
  8
0
370
-3
100
AcDbBlockReference
  2
f2dauxuoi
 10
681.9765080562138
 20
392.44256146260705
 30
0.0
 50
90.0
  0
INSERT
  5
9F
330
17
100
AcDbEntity
  8
0
370
-3
100
AcDbBlockReference
  2
f3daunguoc
 10
1311.9765080562138
 20
432.4425614625761
 30
0.0
 50
90.0
  0
INSERT
  5
A1
330
17
100
AcDbEntity
  8
0
370
-3
100
AcDbBlockReference
  2
f2dauxuoi
 10
1271.9765080562138
 20
376.44256146260705
 30
0.0
 41
-1.0
 50
270.0
  0
INSERT
  5
A3
330
17
100
AcDbEntity
  8
0
370
-3
100
AcDbBlockReference
  2
f2dauxuoi
 10
1271.9765080562138
 20
392.44256146260705
 30
0.0
 41
-1.0
 50
270.0
  0
DIMENSION
  5
A5
330
17
100
AcDbEntity
  8
DIM
 62
2
100
AcDbDimension
280
0
  2
*D17
  3
Dim-25
 10
1326.9765080561992
 20
828.6822549307471
 30
0.0
 11
976.9765080562138
 21
851.4465796237855
 31
0.0
 70
32
 71
5
 42
700.0
 73
0
 74
0
 75
0
100
AcDbAlignedDimension
 13
626.9765080561992
 23
759.4425614625761
 33
0.0
 14
1326.9765080561992
 24
759.4425614625761
 34
0.0
 50
0.0
100
AcDbRotatedDimension
  0
LWPOLYLINE
  5
A6
330
17
100
AcDbEntity
  8
0
 62
2
100
AcDbPolyline
 90
4
 70
1
 10
876.9765080561992
 20
598.4425614625761
 10
1076.9765080561992
 20
598.4425614625761
 10
1076.9765080561992
 20
698.4425614625761
 10
876.9765080561992
 20
698.4425614625761
  0
LWPOLYLINE
  5
A7
330
17
100
AcDbEntity
  8
0
 62
2
100
AcDbPolyline
 90
4
 70
1
 10
872.2265080562138
 20
643.9425614625761
 10
863.2265080561992
 20
643.9425614625761
 10
863.2265080561992
 20
652.9425614625761
 10
872.2265080562138
 20
652.9425614625761
  0
LWPOLYLINE
  5
A8
330
17
100
AcDbEntity
  8
0
 62
2
100
AcDbPolyline
 90
4
 70
1
 10
1081.7265080562138
 20
643.9425614625761
 10
1090.7265080562138
 20
643.9425614625761
 10
1090.7265080562138
 20
652.9425614625761
 10
1081.7265080562138
 20
652.9425614625761
  0
MTEXT
  5
A9
330
17
100
AcDbEntity
  8
0
 62
2
100
AcDbMText
 10
995.3605843153928
 20
286.3507861343369
 30
0.0
 40
39.0
 41
825.0000000000146
 46
100.0000000000031
 71
5
 72
5
  1
Đáy tủ: 1 Tấm
  0
LWPOLYLINE
  5
AA
330
17
100
AcDbEntity
  8
0
 62
2
100
AcDbPolyline
 90
4
 70
1
 10
312.04471707915945
 20
1157.617601255737
 42
-0.9999999999999998
 10
312.04471707915945
 20
1163.117601255737
 10
317.54471707915945
 20
1163.117601255737
 42
-0.9999999999999998
 10
317.54471707915945
 20
1157.617601255737
  0
LWPOLYLINE
  5
AB
330
17
100
AcDbEntity
  8
0
 62
2
100
AcDbPolyline
 90
4
 70
1
 10
312.04471707915945
 20
1132.617601255737
 42
-0.9999999999999998
 10
312.04471707915945
 20
1138.117601255737
 10
317.54471707915945
 20
1138.117601255737
 42
-0.9999999999999998
 10
317.54471707915945
 20
1132.617601255737
  0
LWPOLYLINE
  5
AC
330
17
100
AcDbEntity
  8
0
 62
2
100
AcDbPolyline
 90
4
 70
1
 10
312.04471707915945
 20
1107.617601255737
 42
-0.9999999999999998
 10
312.04471707915945
 20
1113.117601255737
 10
317.54471707915945
 20
1113.117601255737
 42
-0.9999999999999998
 10
317.54471707915945
 20
1107.617601255737
  0
LWPOLYLINE
  5
AD
330
17
100
AcDbEntity
  8
0
 62
2
100
AcDbPolyline
 90
4
 70
1
 10
312.04471707915945
 20
1868.117601255737
 42
0.9999999999999998
 10
312.04471707915945
 20
1862.617601255737
 10
317.54471707915945
 20
1862.617601255737
 42
0.9999999999999998
 10
317.54471707915945
 20
1868.117601255737
  0
LWPOLYLINE
  5
AE
330
17
100
AcDbEntity
  8
0
 62
2
100
AcDbPolyline
 90
4
 70
1
 10
312.04471707915945
 20
1893.117601255737
 42
0.9999999999999998
 10
312.04471707915945
 20
1887.617601255737
 10
317.54471707915945
 20
1887.617601255737
 42
0.9999999999999998
 10
317.54471707915945
 20
1893.117601255737
  0
LWPOLYLINE
  5
AF
330
17
100
AcDbEntity
  8
0
 62
2
100
AcDbPolyline
 90
4
 70
1
 10
312.04471707915945
 20
1918.117601255737
 42
0.9999999999999998
 10
312.04471707915945
 20
1912.617601255737
 10
317.54471707915945
 20
1912.617601255737
 42
0.9999999999999998
 10
317.54471707915945
 20
1918.117601255737
  0
LWPOLYLINE
  5
B0
330
17
100
AcDbEntity
  8
0
 62
7
100
AcDbPolyline
 90
4
 70
1
 10
1621.7540471583925
 20
581.4812677184564
 10
1861.7540471583925
 20
581.4812677184564
 10
1861.7540471583925
 20
461.48126771845637
 10
1621.7540471583925
 20
461.48126771845637
  0
CIRCLE
  5
B1
330
17
100
AcDbEntity
  8
0
 62
7
100
AcDbCircle
 10
1632.5040471583925
 20
521.4812677184564
 30
0.0
 40
4.0
  0
CIRCLE
  5
B2
330
17
100
AcDbEntity
  8
0
 62
7
100
AcDbCircle
 10
1851.0040471583925
 20
521.4812677184564
 30
0.0
 40
4.0
  0
DIMENSION
  5
B3
330
17
100
AcDbEntity
  8
DIM
 62
2
100
AcDbDimension
280
0
  2
*D18
  3
Dim-25
 10
1861.7540471583925
 20
624.8550408816864
 30
0.0
 11
1741.7540471583925
 21
647.6193655747265
 31
0.0
 70
32
 71
5
 42
240.0
 73
0
 74
0
 75
0
100
AcDbAlignedDimension
 13
1621.7540471583925
 23
581.4812677184564
 33
0.0
 14
1861.7540471583925
 24
581.4812677184564
 34
0.0
 50
0.0
100
AcDbRotatedDimension
  0
DIMENSION
  5
B4
330
17
100
AcDbEntity
  8
DIM
 62
2
100
AcDbDimension
280
0
  2
*D19
  3
Dim-25
 10
1565.5398087912617
 20
461.48126771845637
 30
0.0
 11
1542.7754840982234
 21
521.4812677184655
 31
0.0
 70
32
 71
5
 42
120.0
 73
0
 74
0
 75
0
100
AcDbAlignedDimension
 13
1621.7540471583925
 23
581.4812677184564
 33
0.0
 14
1621.7540471583925
 24
461.48126771845637
 34
0.0
 50
90.0
100
AcDbRotatedDimension
  0
MTEXT
  5
B5
330
17
100
AcDbEntity
  8
0
 62
2
100
AcDbMText
 10
1757.238487615934
 20
368.8821708717169
 30
0.0
 40
39.0
 41
775.0000000000146
 46
100.0000000000031
 71
5
 72
5
  1
Bịt đáy\P1 Tấm
  0
MTEXT
  5
B6
330
17
100
AcDbEntity
  8
0
 62
2
100
AcDbMText
 10
2494.1861959470407
 20
893.3922807371055
 30
0.0
 40
39.0
 41
874.0000000000146
 46
100.0000000000031
 71
5
 72
5
  1
Cánh ngoài :1 tấm
  0
LWPOLYLINE
  5
B7
330
17
100
AcDbEntity
  8
0
 62
7
100
AcDbPolyline
 90
4
 70
1
 10
2191.19432062986
 20
1994.867601255737
 10
2885.19432062986
 20
1994.867601255737
 10
2885.19432062986
 20
1030.867601255737
 10
2191.19432062986
 20
1030.867601255737
  0
LWPOLYLINE
  5
B8
330
17
100
AcDbEntity
  8
0
 62
7
100
AcDbPolyline
 90
22
 70
0
 10
2911.194320629831
 20
1095.367601255737
 10
2911.194320629831
 20
1040.867601255717
 10
2901.19432062986
 20
1030.867601255737
 10
2885.19432062986
 20
1030.867601255737
 10
2885.19432062986
 20
1014.8676012557371
 10
2875.19432062986
 20
1004.8676012557462
 10
2201.19432062986
 20
1004.8676012557371
 10
2191.19432062986
 20
1014.8676012557371
 10
2191.19432062986
 20
1030.867601255737
 10
2175.19432062986
 20
1030.867601255737
 10
2165.194320629831
 20
1040.867601255737
 10
2165.19432062986
 20
1984.867601255737
 10
2175.19432062986
 20
1994.867601255737
 10
2191.19432062986
 20
1994.867601255737
 10
2191.19432062986
 20
2010.867601255737
 10
2201.19432062986
 20
2020.8676012557262
 10
2875.19432062986
 20
2020.8676012557262
 10
2885.19432062986
 20
2010.867601255737
 10
2885.19432062986
 20
1994.867601255737
 10
2901.19432062986
 20
1994.867601255737
 10
2911.194320629831
 20
1984.867601255737
 10
2911.194320629831
 20
1930.367601255737
  0
LWPOLYLINE
  5
B9
330
17
100
AcDbEntity
  8
0
 62
7
100
AcDbPolyline
 90
2
 70
0
 10
2911.194320629831
 20
1850.367601255737
 10
2911.194320629831
 20
1175.367601255737
  0
LWPOLYLINE
  5
BA
330
17
100
AcDbEntity
  8
0
 62
7
100
AcDbPolyline
 90
2
 70
0
 10
2901.19432062986
 20
1994.867601255737
 10
2901.19432062986
 20
1930.367601255737
  0
LWPOLYLINE
  5
BB
330
17
100
AcDbEntity
  8
0
 62
7
100
AcDbPolyline
 90
2
 70
0
 10
2901.19432062986
 20
1850.367601255737
 10
2901.19432062986
 20
1175.367601255737
  0
LWPOLYLINE
  5
BC
330
17
100
AcDbEntity
  8
0
 62
7
100
AcDbPolyline
 90
2
 70
0
 10
2901.19432062986
 20
1095.367601255737
 10
2901.19432062986
 20
1030.867601255737
  0
LWPOLYLINE
  5
BD
330
17
100
AcDbEntity
  8
0
 62
7
100
AcDbPolyline
 90
2
 70
0
 10
2885.19432062986
 20
1014.8676012557371
 10
2191.19432062986
 20
1014.8676012557371
  0
LWPOLYLINE
  5
BE
330
17
100
AcDbEntity
  8
0
 62
7
100
AcDbPolyline
 90
2
 70
0
 10
2175.19432062986
 20
1030.867601255737
 10
2175.19432062986
 20
1994.867601255737
  0
LWPOLYLINE
  5
BF
330
17
100
AcDbEntity
  8
0
 62
7
100
AcDbPolyline
 90
2
 70
0
 10
2191.19432062986
 20
2010.867601255737
 10
2885.19432062986
 20
2010.867601255737
  0
DIMENSION
  5
C0
330
17
100
AcDbEntity
  8
DIM
 62
0
100
AcDbDimension
280
0
  2
*D20
  3
Dim-15
 10
2885.19432062986
 20
971.2866610728561
 30
0.0
 11
2538.19432062986
 21
983.9452558886769
 31
0.0
 70
32
 71
5
 42
694.0
 73
0
 74
0
 75
0
100
AcDbAlignedDimension
 13
2191.19432062986
 23
1014.8676012557371
 33
0.0
 14
2885.19432062986
 24
1014.8676012557371
 34
0.0
 50
0.0
100
AcDbRotatedDimension
  0
LWPOLYLINE
  5
C1
330
17
100
AcDbEntity
  8
0
 62
2
100
AcDbPolyline
 90
4
 70
0
 10
2911.194320629831
 20
1850.367601255737
 10
2898.194320629831
 20
1850.367601255737
 10
2898.194320629831
 20
1930.367601255737
 10
2911.194320629831
 20
1930.367601255737
  0
LWPOLYLINE
  5
C2
330
17
100
AcDbEntity
  8
0
 62
2
100
AcDbPolyline
 90
4
 70
0
 10
2911.194320629831
 20
1175.367601255737
 10
2898.194320629831
 20
1175.367601255737
 10
2898.194320629831
 20
1095.367601255737
 10
2911.194320629831
 20
1095.367601255737
  0
INSERT
  5
C3
330
17
100
AcDbEntity
  8
0
370
-3
100
AcDbBlockReference
  2
f3daunguoc
 10
2206.19432062986
 20
1994.867601255737
 30
0.0
 41
-1.0
 50
180.0
  0
INSERT
  5
C5
330
17
100
AcDbEntity
  8
0
370
-3
100
AcDbBlockReference
  2
f3daunguoc
 10
2191.19432062986
 20
1979.867601255737
 30
0.0
 41
-1.0
 50
180.0
  0
INSERT
  5
C7
330
17
100
AcDbEntity
  8
0
370
-3
100
AcDbBlockReference
  2
f3daunguoc
 10
2206.19432062986
 20
2010.867601255737
 30
0.0
 41
-1.0
 50
180.0
  0
INSERT
  5
C9
330
17
100
AcDbEntity
  8
0
370
-3
100
AcDbBlockReference
  2
f3daunguoc
 10
2175.19432062986
 20
1979.867601255737
 30
0.0
 41
-1.0
 50
180.0
  0
INSERT
  5
CB
330
17
100
AcDbEntity
  8
0
370
-3
100
AcDbBlockReference
  2
f3daunguoc
 10
2256.19432062986
 20
1994.867601255737
 30
0.0
 41
-1.0
 50
180.0
  0
INSERT
  5
CD
330
17
100
AcDbEntity
  8
0
370
-3
100
AcDbBlockReference
  2
f3daunguoc
 10
2256.19432062986
 20
2010.867601255737
 30
0.0
 41
-1.0
 50
180.0
  0
INSERT
  5
CF
330
17
100
AcDbEntity
  8
0
370
-3
100
AcDbBlockReference
  2
f3daunguoc
 10
2870.19432062986
 20
1994.867601255737
 30
0.0
 50
180.0
  0
INSERT
  5
D1
330
17
100
AcDbEntity
  8
0
370
-3
100
AcDbBlockReference
  2
f3daunguoc
 10
2885.19432062986
 20
1979.867601255737
 30
0.0
 50
180.0
  0
INSERT
  5
D3
330
17
100
AcDbEntity
  8
0
370
-3
100
AcDbBlockReference
  2
f3daunguoc
 10
2870.19432062986
 20
2010.867601255737
 30
0.0
 50
180.0
  0
INSERT
  5
D5
330
17
100
AcDbEntity
  8
0
370
-3
100
AcDbBlockReference
  2
f3daunguoc
 10
2901.19432062986
 20
1979.867601255737
 30
0.0
 50
180.0
  0
INSERT
  5
D7
330
17
100
AcDbEntity
  8
0
370
-3
100
AcDbBlockReference
  2
f3daunguoc
 10
2820.19432062986
 20
1994.867601255737
 30
0.0
 50
180.0
  0
INSERT
  5
D9
330
17
100
AcDbEntity
  8
0
370
-3
100
AcDbBlockReference
  2
f3daunguoc
 10
2820.19432062986
 20
2010.867601255737
 30
0.0
 50
180.0
  0
INSERT
  5
DB
330
17
100
AcDbEntity
  8
0
370
-3
100
AcDbBlockReference
  2
f3daunguoc
 10
2206.19432062986
 20
1030.867601255737
 30
0.0
  0
INSERT
  5
DD
330
17
100
AcDbEntity
  8
0
370
-3
100
AcDbBlockReference
  2
f3daunguoc
 10
2191.19432062986
 20
1045.867601255737
 30
0.0
  0
INSERT
  5
DF
330
17
100
AcDbEntity
  8
0
370
-3
100
AcDbBlockReference
  2
f3daunguoc
 10
2206.19432062986
 20
1014.8676012557371
 30
0.0
  0
INSERT
  5
E1
330
17
100
AcDbEntity
  8
0
370
-3
100
AcDbBlockReference
  2
f3daunguoc
 10
2175.19432062986
 20
1045.867601255737
 30
0.0
  0
INSERT
  5
E3
330
17
100
AcDbEntity
  8
0
370
-3
100
AcDbBlockReference
  2
f3daunguoc
 10
2256.19432062986
 20
1030.867601255737
 30
0.0
  0
INSERT
  5
E5
330
17
100
AcDbEntity
  8
0
370
-3
100
AcDbBlockReference
  2
f3daunguoc
 10
2256.19432062986
 20
1014.8676012557371
 30
0.0
  0
INSERT
  5
E7
330
17
100
AcDbEntity
  8
0
370
-3
100
AcDbBlockReference
  2
f3daunguoc
 10
2870.19432062986
 20
1030.867601255737
 30
0.0
 41
-1.0
  0
INSERT
  5
E9
330
17
100
AcDbEntity
  8
0
370
-3
100
AcDbBlockReference
  2
f3daunguoc
 10
2885.19432062986
 20
1045.867601255737
 30
0.0
 41
-1.0
  0
INSERT
  5
EB
330
17
100
AcDbEntity
  8
0
370
-3
100
AcDbBlockReference
  2
f3daunguoc
 10
2870.19432062986
 20
1014.8676012557371
 30
0.0
 41
-1.0
  0
INSERT
  5
ED
330
17
100
AcDbEntity
  8
0
370
-3
100
AcDbBlockReference
  2
f3daunguoc
 10
2901.19432062986
 20
1045.867601255737
 30
0.0
 41
-1.0
  0
INSERT
  5
EF
330
17
100
AcDbEntity
  8
0
370
-3
100
AcDbBlockReference
  2
f3daunguoc
 10
2820.19432062986
 20
1030.867601255737
 30
0.0
 41
-1.0
  0
INSERT
  5
F1
330
17
100
AcDbEntity
  8
0
370
-3
100
AcDbBlockReference
  2
f3daunguoc
 10
2820.19432062986
 20
1014.8676012557371
 30
0.0
 41
-1.0
  0
DIMENSION
  5
F3
330
17
100
AcDbEntity
  8
DIM
 62
2
100
AcDbDimension
280
0
  2
*D21
  3
Dim-25
 10
2911.194320629831
 20
2083.431330927546
 30
0.0
 11
2953.8808827035027
 21
2106.195655620586
 31
0.0
 70
32
 71
5
 42
9.999999999970896
 73
0
 74
0
 75
0
100
AcDbAlignedDimension
 13
2901.19432062986
 23
1994.867601255737
 33
0.0
 14
2911.194320629831
 24
1984.867601255737
 34
0.0
 50
0.0
100
AcDbRotatedDimension
  0
DIMENSION
  5
F4
330
17
100
AcDbEntity
  8
DIM
 62
2
100
AcDbDimension
280
0
  2
*D22
  3
Dim-25
 10
2901.19432062986
 20
2127.019846719426
 30
0.0
 11
2943.914989115532
 21
2149.784171412466
 31
0.0
 70
32
 71
5
 42
16.0
 73
0
 74
0
 75
0
100
AcDbAlignedDimension
 13
2885.19432062986
 23
2010.867601255737
 33
0.0
 14
2901.19432062986
 24
1994.867601255737
 34
0.0
 50
0.0
100
AcDbRotatedDimension
  0
DIMENSION
  5
F5
330
17
100
AcDbEntity
  8
DIM
 62
2
100
AcDbDimension
280
0
  2
*D23
  3
Dim-25
 10
2191.19432062986
 20
2127.019846719426
 30
0.0
 11
2538.19432062986
 21
2149.784171412466
 31
0.0
 70
32
 71
5
 42
694.0
 73
0
 74
0
 75
0
100
AcDbAlignedDimension
 13
2885.19432062986
 23
2010.867601255737
 33
0.0
 14
2191.19432062986
 24
2010.867601255737
 34
0.0
 50
0.0
100
AcDbRotatedDimension
  0
DIMENSION
  5
F6
330
17
100
AcDbEntity
  8
DIM
 62
2
100
AcDbDimension
280
0
  2
*D24
  3
Dim-25
 10
2104.0890373887814
 20
1030.867601255737
 30
0.0
 11
2081.324712695743
 21
1512.8676012557462
 31
0.0
 70
32
 71
5
 42
964.0
 73
0
 74
0
 75
0
100
AcDbAlignedDimension
 13
2175.19432062986
 23
1994.867601255737
 33
0.0
 14
2175.19432062986
 24
1030.867601255737
 34
0.0
 50
90.0
100
AcDbRotatedDimension
  0
DIMENSION
  5
F7
330
17
100
AcDbEntity
  8
DIM
 62
2
100
AcDbDimension
280
0
  2
*D25
  3
Dim-25
 10
2023.6688225839243
 20
2020.8676012557262
 30
0.0
 11
2023.6688225839243
 21
1512.8676012557262
 31
0.0
 70
160
 71
5
 42
1015.999999999992
 73
0
 74
0
 75
0
100
AcDbAlignedDimension
 13
2201.19432062986
 23
1004.8676012557371
 33
0.0
 14
2201.19432062986
 24
2020.8676012557262
 34
0.0
 50
90.0
100
AcDbRotatedDimension
  0
CIRCLE
  5
F8
330
17
100
AcDbEntity
  8
0
 62
2
100
AcDbCircle
 10
2638.194320632654
 20
1900.867601255737
 30
0.0
 40
11.5
  0
CIRCLE
  5
F9
330
17
100
AcDbEntity
  8
0
 62
2
100
AcDbCircle
 10
2538.1943206307915
 20
1900.867601255737
 30
0.0
 40
11.5
  0
CIRCLE
  5
FA
330
17
100
AcDbEntity
  8
0
 62
2
100
AcDbCircle
 10
2438.1943206270735
 20
1900.867601255737
 30
0.0
 40
11.5
  0
CIRCLE
  5
FB
330
17
100
AcDbEntity
  8
0
 62
2
100
AcDbCircle
 10
2294.69432062986
 20
1527.867601255737
 30
0.0
 40
12.5
  0
CIRCLE
  5
FC
330
17
100
AcDbEntity
  8
0
 62
2
100
AcDbCircle
 10
2294.69432062986
 20
1544.867601255737
 30
0.0
 40
3.0
  0
CIRCLE
  5
FD
330
17
100
AcDbEntity
  8
0
 62
2
100
AcDbCircle
 10
2294.69432062986
 20
1510.867601255737
 30
0.0
 40
3.0
  0
LWPOLYLINE
  5
FE
330
17
100
AcDbEntity
  8
0
 62
7
100
AcDbPolyline
 90
2
 70
0
 10
2839.310717732704
 20
645.2914902857956
 10
2839.310717732704
 20
545.2914902857956
  0
LINE
  5
FF
330
17
100
AcDbEntity
  8
0
 62
7
100
AcDbLine
 10
2799.310717732704
 20
475.2914902857956
 30
0.0
 11
2799.310717732704
 21
459.2914902857956
 31
0.0
  0
LINE
  5
100
330
17
100
AcDbEntity
  8
0
 62
7
100
AcDbLine
 10
2809.310717732704
 20
449.2914902857956
 30
0.0
 11
2169.310717732704
 21
449.2914902857956
 31
0.0
  0
LINE
  5
101
330
17
100
AcDbEntity
  8
0
 62
7
100
AcDbLine
 10
2799.310717732704
 20
459.2914902857956
 30
0.0
 11
2179.310717732704
 21
459.2914902857956
 31
0.0
  0
LINE
  5
102
330
17
100
AcDbEntity
  8
0
 62
7
100
AcDbLine
 10
2179.310717732704
 20
459.2914902857956
 30
0.0
 11
2179.310717732704
 21
475.2914902857956
 31
0.0
  0
LWPOLYLINE
  5
103
330
17
100
AcDbEntity
  8
0
 62
7
100
AcDbPolyline
 90
2
 70
0
 10
2139.310717732704
 20
545.2914902857956
 10
2139.310717732704
 20
645.2914902857956
  0
LINE
  5
104
330
17
100
AcDbEntity
  8
0
 62
7
100
AcDbLine
 10
2179.310717732704
 20
475.2914902857956
 30
0.0
 11
2799.310717732704
 21
475.2914902857956
 31
0.0
  0
LINE
  5
105
330
17
100
AcDbEntity
  8
0
 62
7
100
AcDbLine
 10
2139.310717732704
 20
545.2914902857956
 30
0.0
 11
2839.310717732704
 21
545.2914902857956
 31
0.0
  0
LINE
  5
106
330
17
100
AcDbEntity
  8
0
 62
7
100
AcDbLine
 10
2139.310717732704
 20
645.2914902857956
 30
0.0
 11
2839.310717732704
 21
645.2914902857956
 31
0.0
  0
DIMENSION
  5
107
330
17
100
AcDbEntity
  8
DIM
 62
7
100
AcDbDimension
280
0
  2
*D26
  3
Dim-25
 10
2065.4513493348204
 20
545.2914902857956
 30
0.0
 11
2065.4513493348204
 21
595.2914902857956
 31
0.0
 70
160
 71
5
 42
100.0
 73
0
 74
0
 75
0
100
AcDbAlignedDimension
 13
2139.310717732704
 23
645.2914902857956
 33
0.0
 14
2139.310717732704
 24
545.2914902857956
 34
0.0
 50
-90.00000000000001
100
AcDbRotatedDimension
  0
DIMENSION
  5
108
330
17
100
AcDbEntity
  8
DIM
 62
7
100
AcDbDimension
280
0
  2
*D27
  3
Dim-25
 10
2065.4513493347913
 20
475.2914902857956
 30
0.0
 11
2065.4513493347913
 21
495.2914902858156
 31
0.0
 70
160
 71
5
 42
70.0
 73
0
 74
0
 75
0
100
AcDbAlignedDimension
 13
2139.310717732704
 23
545.2914902857956
 33
0.0
 14
2179.310717732704
 24
475.2914902857956
 34
0.0
 50
-90.00000000000001
100
AcDbRotatedDimension
  0
LINE
  5
109
330
17
100
AcDbEntity
  8
0
 62
7
100
AcDbLine
 10
2179.310717732704
 20
475.2914902857956
 30
0.0
 11
2139.310717732704
 21
545.2914902857956
 31
0.0
  0
LINE
  5
10A
330
17
100
AcDbEntity
  8
0
 62
7
100
AcDbLine
 10
2799.310717732704
 20
475.2914902857956
 30
0.0
 11
2839.310717732704
 21
545.2914902857956
 31
0.0
  0
DIMENSION
  5
10B
330
17
100
AcDbEntity
  8
DIM
 62
7
100
AcDbDimension
280
0
  2
*D28
  3
Dim-25
 10
2949.2526259078004
 20
645.2914902857956
 30
0.0
 11
2926.4883012147548
 21
547.2914902858065
 31
0.0
 70
32
 71
5
 42
196.0
 73
0
 74
0
 75
0
100
AcDbAlignedDimension
 13
2809.310717732704
 23
449.2914902857956
 33
0.0
 14
2839.310717732704
 24
645.2914902857956
 34
0.0
 50
90.0
100
AcDbRotatedDimension
  0
DIMENSION
  5
10C
330
17
100
AcDbEntity
  8
DIM
 62
7
100
AcDbDimension
280
0
  2
*D29
  3
Dim-25
 10
2065.4513493347913
 20
459.2914902858265
 30
0.0
 11
2042.6870246417457
 21
416.5708218001564
 31
0.0
 70
32
 71
5
 42
16.0
 73
0
 74
0
 75
0
100
AcDbAlignedDimension
 13
2179.310717732704
 23
475.2914902858265
 33
0.0
 14
2179.310717732704
 24
459.2914902858265
 34
0.0
 50
-90.00000000000001
100
AcDbRotatedDimension
  0
DIMENSION
  5
10D
330
17
100
AcDbEntity
  8
DIM
 62
7
100
AcDbDimension
280
0
  2
*D30
  3
Dim-25
 10
2114.00985864579
 20
449.2914902858265
 30
0.0
 11
2091.245533952744
 21
406.60492821216576
 31
0.0
 70
32
 71
5
 42
10.0
 73
0
 74
0
 75
0
100
AcDbAlignedDimension
 13
2179.310717732704
 23
459.2914902858265
 33
0.0
 14
2169.310717732704
 24
449.2914902858265
 34
0.0
 50
-90.00000000000001
100
AcDbRotatedDimension
  0
LINE
  5
10E
330
17
100
AcDbEntity
  8
0
 62
7
100
AcDbLine
 10
2169.310717732704
 20
449.2914902858265
 30
0.0
 11
2179.310717732704
 21
459.2914902857956
 31
0.0
  0
LINE
  5
10F
330
17
100
AcDbEntity
  8
0
 62
7
100
AcDbLine
 10
2799.310717732704
 20
459.2914902857956
 30
0.0
 11
2809.310717732704
 21
449.2914902857956
 31
0.0
  0
INSERT
  5
110
330
17
100
AcDbEntity
  8
0
370
-3
100
AcDbBlockReference
  2
f3daunguoc
 10
2154.310717732704
 20
545.2914902857956
 30
0.0
 41
-1.0
 50
270.0
  0
INSERT
  5
112
330
17
100
AcDbEntity
  8
0
370
-3
100
AcDbBlockReference
  2
f2dauxuoi
 10
2194.310717732704
 20
459.2914902858265
 30
0.0
 50
90.0
  0
INSERT
  5
114
330
17
100
AcDbEntity
  8
0
370
-3
100
AcDbBlockReference
  2
f2dauxuoi
 10
2194.310717732704
 20
475.2914902858265
 30
0.0
 50
90.0
  0
INSERT
  5
116
330
17
100
AcDbEntity
  8
0
370
-3
100
AcDbBlockReference
  2
f3daunguoc
 10
2824.310717732704
 20
545.2914902857956
 30
0.0
 50
90.0
  0
INSERT
  5
118
330
17
100
AcDbEntity
  8
0
370
-3
100
AcDbBlockReference
  2
f2dauxuoi
 10
2784.310717732704
 20
459.2914902858265
 30
0.0
 41
-1.0
 50
270.0
  0
INSERT
  5
11A
330
17
100
AcDbEntity
  8
0
370
-3
100
AcDbBlockReference
  2
f2dauxuoi
 10
2784.310717732704
 20
475.2914902858265
 30
0.0
 41
-1.0
 50
270.0
  0
DIMENSION
  5
11C
330
17
100
AcDbEntity
  8
DIM
 62
2
100
AcDbDimension
280
0
  2
*D31
  3
Dim-25
 10
2839.310717732704
 20
714.5311837539666
 30
0.0
 11
2489.310717732704
 21
737.2955084470068
 31
0.0
 70
32
 71
5
 42
700.0
 73
0
 74
0
 75
0
100
AcDbAlignedDimension
 13
2139.310717732704
 23
645.2914902857956
 33
0.0
 14
2839.310717732704
 24
645.2914902857956
 34
0.0
 50
0.0
100
AcDbRotatedDimension
  0
MTEXT
  5
11D
330
17
100
AcDbEntity
  8
0
 62
2
100
AcDbMText
 10
2507.69479399189
 20
369.19971495755635
 30
0.0
 40
39.0
 41
825.0000000000146
 46
100.0000000000031
 71
5
 72
5
  1
Đáy tủ: 1 Tấm
  0
MTEXT
  5
11E
330
17
100
AcDbEntity
  8
0
 62
2
100
AcDbMText
 10
979.5069801683348
 20
1557.9481740243355
 30
0.0
 40
39.0
 41
775.0000000000146
 46
100.0000000000031
 71
5
 72
5
  1
Thành quây : 1 tấm \Phàn eke 6
  0
ENDSEC
  0
SECTION
  2
OBJECTS
  0
DICTIONARY
  5
A
330
0
100
AcDbDictionary
281
1
  3
ACAD_COLOR
350
B
  3
ACAD_GROUP
350
C
  3
ACAD_LAYOUT
350
D
  3
ACAD_MATERIAL
350
E
  3
ACAD_MLEADERSTYLE
350
F
  3
ACAD_MLINESTYLE
350
10
  3
ACAD_PLOTSETTINGS
350
11
  3
ACAD_PLOTSTYLENAME
350
12
  3
ACAD_SCALELIST
350
14
  3
ACAD_TABLESTYLE
350
15
  3
ACAD_VISUALSTYLE
350
16
  3
EZDXF_META
350
2D
  0
DICTIONARY
  5
B
330
A
100
AcDbDictionary
281
1
  0
DICTIONARY
  5
C
330
A
100
AcDbDictionary
281
1
  0
DICTIONARY
  5
D
330
A
100
AcDbDictionary
281
1
  3
Model
350
1A
  3
Layout1
350
1E
  0
DICTIONARY
  5
E
330
A
100
AcDbDictionary
281
1
  3
ByBlock
350
1F
  3
ByLayer
350
20
  3
Global
350
21
  0
DICTIONARY
  5
F
330
A
100
AcDbDictionary
281
1
  3
Standard
350
2C
  0
DICTIONARY
  5
10
330
A
100
AcDbDictionary
281
1
  3
Standard
350
22
  0
DICTIONARY
  5
11
330
A
100
AcDbDictionary
281
1
  0
ACDBDICTIONARYWDFLT
  5
12
330
A
100
AcDbDictionary
281
1
  3
Normal
350
13
100
AcDbDictionaryWithDefault
340
13
  0
ACDBPLACEHOLDER
  5
13
330
12
  0
DICTIONARY
  5
14
330
A
100
AcDbDictionary
281
1
  0
DICTIONARY
  5
15
330
A
100
AcDbDictionary
281
1
  0
DICTIONARY
  5
16
330
A
100
AcDbDictionary
281
1
  0
LAYOUT
  5
1A
330
D
100
AcDbPlotSettings
  1

  4
A3
  6

 40
7.5
 41
20.0
 42
7.5
 43
20.0
 44
420.0
 45
297.0
 46
0.0
 47
0.0
 48
0.0
 49
0.0
140
0.0
141
0.0
142
1.0
143
1.0
 70
1024
 72
1
 73
0
 74
5
  7

 75
16
 76
0
 77
2
 78
300
147
1.0
148
0.0
149
0.0
100
AcDbLayout
  1
Model
 70
1
 71
0
 10
0.0
 20
0.0
 11
420.0
 21
297.0
 12
0.0
 22
0.0
 32
0.0
 14
1e+20
 24
1e+20
 34
1e+20
 15
-1e+20
 25
-1e+20
 35
-1e+20
146
0.0
 13
0.0
 23
0.0
 33
0.0
 16
1.0
 26
0.0
 36
0.0
 17
0.0
 27
1.0
 37
0.0
 76
1
330
17
  0
LAYOUT
  5
1E
330
D
100
AcDbPlotSettings
  1

  4
A3
  6

 40
7.5
 41
20.0
 42
7.5
 43
20.0
 44
420.0
 45
297.0
 46
0.0
 47
0.0
 48
0.0
 49
0.0
140
0.0
141
0.0
142
1.0
143
1.0
 70
0
 72
1
 73
0
 74
5
  7

 75
16
 76
0
 77
2
 78
300
147
1.0
148
0.0
149
0.0
100
AcDbLayout
  1
Layout1
 70
1
 71
1
 10
0.0
 20
0.0
 11
420.0
 21
297.0
 12
0.0
 22
0.0
 32
0.0
 14
1e+20
 24
1e+20
 34
1e+20
 15
-1e+20
 25
-1e+20
 35
-1e+20
146
0.0
 13
0.0
 23
0.0
 33
0.0
 16
1.0
 26
0.0
 36
0.0
 17
0.0
 27
1.0
 37
0.0
 76
1
330
1B
  0
MATERIAL
  5
1F
102
{ACAD_REACTORS
330
E
102
}
330
E
100
AcDbMaterial
  1
ByBlock
  2

 70
0
 40
1.0
 71
1
 41
1.0
 91
-1023410177
 42
1.0
 72
1
  3

 73
1
 74
1
 75
1
 44
0.5
 73
0
 45
1.0
 46
1.0
 77
1
  4

 78
1
 79
1
170
1
 48
1.0
171
1
  6

172
1
173
1
174
1
140
1.0
141
1.0
175
1
  7

176
1
177
1
178
1
143
1.0
179
1
  8

270
1
271
1
272
1
145
1.0
146
1.0
273
1
  9

274
1
275
1
276
1
 42
1.0
 72
1
  3

 73
1
 74
1
 75
1
 94
63
  0
MATERIAL
  5
20
102
{ACAD_REACTORS
330
E
102
}
330
E
100
AcDbMaterial
  1
ByLayer
  2

 70
0
 40
1.0
 71
1
 41
1.0
 91
-1023410177
 42
1.0
 72
1
  3

 73
1
 74
1
 75
1
 44
0.5
 73
0
 45
1.0
 46
1.0
 77
1
  4

 78
1
 79
1
170
1
 48
1.0
171
1
  6

172
1
173
1
174
1
140
1.0
141
1.0
175
1
  7

176
1
177
1
178
1
143
1.0
179
1
  8

270
1
271
1
272
1
145
1.0
146
1.0
273
1
  9

274
1
275
1
276
1
 42
1.0
 72
1
  3

 73
1
 74
1
 75
1
 94
63
  0
MATERIAL
  5
21
102
{ACAD_REACTORS
330
E
102
}
330
E
100
AcDbMaterial
  1
Global
  2

 70
0
 40
1.0
 71
1
 41
1.0
 91
-1023410177
 42
1.0
 72
1
  3

 73
1
 74
1
 75
1
 44
0.5
 73
0
 45
1.0
 46
1.0
 77
1
  4

 78
1
 79
1
170
1
 48
1.0
171
1
  6

172
1
173
1
174
1
140
1.0
141
1.0
175
1
  7

176
1
177
1
178
1
143
1.0
179
1
  8

270
1
271
1
272
1
145
1.0
146
1.0
273
1
  9

274
1
275
1
276
1
 42
1.0
 72
1
  3

 73
1
 74
1
 75
1
 94
63
  0
MLINESTYLE
  5
22
102
{ACAD_REACTORS
330
10
102
}
330
10
100
AcDbMlineStyle
  2
Standard
 70
0
  3

 62
256
 51
90.0
 52
90.0
 71
2
 49
0.5
 62
256
  6
BYLAYER
 49
-0.5
 62
256
  6
BYLAYER
  0
MLEADERSTYLE
  5
2C
102
{ACAD_REACTORS
330
F
102
}
330
F
100
AcDbMLeaderStyle
179
2
170
2
171
1
172
0
 90
2
 40
0.0
 41
0.0
173
1
 91
-1056964608
 92
-2
290
1
 42
2.0
291
1
 43
8.0
  3
Standard
 44
4.0
300

342
29
174
1
175
1
176
0
178
1
 93
-1056964608
 45
4.0
292
0
297
0
 46
4.0
 94
-1056964608
 47
1.0
 49
1.0
140
1.0
294
1
141
0.0
177
0
142
1.0
295
0
296
0
143
3.75
271
0
272
9
273
9
  0
DICTIONARY
  5
2D
330
A
100
AcDbDictionary
280
1
281
1
  3
CREATED_BY_EZDXF
350
2E
  3
WRITTEN_BY_EZDXF
350
153
  0
DICTIONARYVAR
  5
2E
330
2D
100
DictionaryVariables
280
0
  1
1.4.4 @ 2026-09-24T06:31:52.910060+00:00
  0
DICTIONARYVAR
  5
153
330
2D
100
DictionaryVariables
280
0
  1
1.4.4 @ 2026-09-24T06:36:59.581218+00:00
  0
ENDSEC
  0
EOF
