SKU,Name,Brand,Category,Series,Poles,RatedCurrent_A,Capacity_kVAr,BreakingCapacity_kA,LeakageCurrent_mA,Width_mm,Height_mm,Depth_mm,Pitch_mm,Price_VND
LA63N 1P 6A,LA63N 1P 6A 6kA,LS (standard),MCB,LA63N,1,6,,6,,18,86,69,9,115000
LA63N 1P 10A,LA63N 1P 10A 6kA,LS (standard),MCB,LA63N,1,10,,6,,18,86,69,9,115000
LA63N 1P 16A,LA63N 1P 16A 6kA,LS (standard),MCB,LA63N,1,16,,6,,18,86,69,9,115000
LA63N 1P 20A,LA63N 1P 20A 6kA,LS (standard),MCB,LA63N,1,20,,6,,18,86,69,9,115000
LA63N 1P 25A,LA63N 1P 25A 6kA,LS (standard),MCB,LA63N,1,25,,6,,18,86,69,9,115000
LA63N 1P 32A,LA63N 1P 32A 6kA,LS (standard),MCB,LA63N,1,32,,6,,18,86,69,9,115000
LA63N 1P 40A,LA63N 1P 40A 6kA,LS (standard),MCB,LA63N,1,40,,6,,18,86,69,9,121000
LA63N 1P 50A,LA63N 1P 50A 6kA,LS (standard),MCB,LA63N,1,50,,6,,18,86,69,18,121000
LA63N 1P 63A,LA63N 1P 63A 6kA,LS (standard),MCB,LA63N,1,63,,6,,18,86,69,9,121000
LA63N 2P 6A,LA63N 2P 6A 6kA,LS (standard),MCB,LA63N,2,6,,6,,36,86,69,18,254000
LA63N 2P 10A,LA63N 2P 10A 6kA,LS (standard),MCB,LA63N,2,10,,6,,36,86,69,18,254000
LA63N 2P 16A,LA63N 2P 16A 6kA,LS (standard),MCB,LA63N,2,16,,6,,36,86,69,18,254000
LA63N 2P 20A,LA63N 2P 20A 6kA,LS (standard),MCB,LA63N,2,20,,6,,36,86,69,18,254000
LA63N 2P 25A,LA63N 2P 25A 6kA,LS (standard),MCB,LA63N,2,25,,6,,36,86,69,18,254000
LA63N 2P 32A,LA63N 2P 32A 6kA,LS (standard),MCB,LA63N,2,32,,6,,36,86,69,18,254000
LA63N 2P 40A,LA63N 2P 40A 6kA,LS (standard),MCB,LA63N,2,40,,6,,36,86,69,18,260000
LA63N 2P 50A,LA63N 2P 50A 6kA,LS (standard),MCB,LA63N,2,50,,6,,36,86,69,18,260000
LA63N 2P 63A,LA63N 2P 63A 6kA,LS (standard),MCB,LA63N,2,63,,6,,36,86,69,18,260000
LA63N 3P 6A,LA63N 3P 6A 6kA,LS (standard),MCB,LA63N,3,6,,6,,54,86,69,18,406000
LA63N 3P 10A,LA63N 3P 10A 6kA,LS (standard),MCB,LA63N,3,10,,6,,54,86,69,18,406000
LA63N 3P 16A,LA63N 3P 16A 6kA,LS (standard),MCB,LA63N,3,16,,6,,54,86,69,18,406000
LA63N 3P 20A,LA63N 3P 20A 6kA,LS (standard),MCB,LA63N,3,20,,6,,54,86,69,18,406000
LA63N 3P 25A,LA63N 3P 25A 6kA,LS (standard),MCB,LA63N,3,25,,6,,54,86,69,18,406000
LA63N 3P 32A,LA63N 3P 32A 6kA,LS (standard),MCB,LA63N,3,32,,6,,54,86,69,18,406000
LA63N 3P 40A,LA63N 3P 40A 6kA,LS (standard),MCB,LA63N,3,40,,6,,54,86,69,18,415000
LA63N 3P 50A,LA63N 3P 50A 6kA,LS (standard),MCB,LA63N,3,50,,6,,54,86,69,18,415000
LA63N 3P 63A,LA63N 3P 63A 6kA,LS (standard),MCB,LA63N,3,63,,6,,54,86,69,18,415000
LA63N 4P 6A,LA63N 4P 6A 6kA,LS (standard),MCB,LA63N,4,6,,6,,72,86,69,18,590000
LA63N 4P 10A,LA63N 4P 10A 6kA,LS (standard),MCB,LA63N,4,10,,6,,72,86,69,18,590000
LA63N 4P 16A,LA63N 4P 16A 6kA,LS (standard),MCB,LA63N,4,16,,6,,72,86,69,18,590000
LA63N 4P 20A,LA63N 4P 20A 6kA,LS (standard),MCB,LA63N,4,20,,6,,72,86,69,18,590000
LA63N 4P 25A,LA63N 4P 25A 6kA,LS (standard),MCB,LA63N,4,25,,6,,72,86,69,18,590000
LA63N 4P 32A,LA63N 4P 32A 6kA,LS (standard),MCB,LA63N,4,32,,6,,72,86,69,18,590000
LA63N 4P 40A,LA63N 4P 40A 6kA,LS (standard),MCB,LA63N,4,40,,6,,72,86,69,18,674000
LA63N 4P 50A,LA63N 4P 50A 6kA,LS (standard),MCB,LA63N,4,50,,6,,72,86,69,18,674000
LA63N 4P 63A,LA63N 4P 63A 6kA,LS (standard),MCB,LA63N,4,63,,6,,72,86,69,18,674000
EBN53c 3P 16A,EBN53c 3P 16A 30mA 14kA,LS (standard),ELCB,EBN53c,3,16,,14,30,75,130,82,25,2280000
EBN53c 3P 20A,ELCB LS EBN53c 3P 20A 14kA 30mA,LS (standard),ELCB,EBN53c,3,20,,14,30,75,130,82,25,2280000
EBN53c 3P 32A,EBN53c 3P 32A 30mA 14kA,LS (standard),ELCB,EBN53c,3,32,,14,30,75,130,82,25,2280000
EBN53c 3P 40A,ELCB LS EBN53c 3P 40A 14kA 30mA,LS (standard),ELCB,EBN53c,3,40,,14,30,75,130,82,25,2280000
EBN53c 3P 50A,EBN53c 3P 50A 30mA 14kA,LS (standard),ELCB,EBN53c,3,50,,14,30,75,130,82,25,2280000
EBN103c 3P 63A,EBN103c 3P 63A 30mA 18kA,LS (standard),ELCB,EBN103c,3,63,,18,30,75,130,82,25,3000000
EBN103c 3P 75A,ELCB LS EBN103c 3P 75A 18kA 30mA,LS (standard),ELCB,EBN103c,3,75,,18,30,75,130,82,25,3000000
EBN103c 3P 100A,EBN103c 3P 100A 30mA 18kA,LS (standard),ELCB,EBN103c,3,100,,18,30,75,130,82,25,3000000
EBN104c 4P 16A,EBN104c 4P 16A 30mA 18kA,LS (standard),ELCB,EBN104c,4,16,,18,30,100,130,82,25,4100000
EBN104c 4P 20A,EBN104c 4P 20A 30mA 18kA,LS (standard),ELCB,EBN104c,4,20,,18,30,100,130,82,25,4100000
EBN104c 4P 25A,EBN104c 4P 25A 30mA 18kA,LS (standard),ELCB,EBN104c,4,25,,18,30,100,130,82,25,4100000
EBN104c 4P 32A,EBN104c 4P 32A 30mA 18kA,LS (standard),ELCB,EBN104c,4,32,,18,30,100,130,82,25,4100000
EBN104c 4P 40A,EBN104c 4P 40A 30mA 18kA,LS (standard),ELCB,EBN104c,4,40,,18,30,100,130,82,25,4100000
EBN104c 4P 50A,EBN104c 4P 50A 30mA 18kA,LS (standard),ELCB,EBN104c,4,50,,18,30,100,130,82,25,4100000
EBN104c 4P 63A,EBN104c 4P 63A 30mA 18kA,LS (standard),ELCB,EBN104c,4,63,,18,30,100,130,82,25,4100000
EBN104c 4P 75A,EBN104c 4P 75A 30mA 18kA,LS (standard),ELCB,EBN104c,4,75,,18,30,100,130,82,25,4100000
EBN104c 4P 100A,EBN104c 4P 100A 30mA 18kA,LS (standard),ELCB,EBN104c,4,100,,18,30,100,130,82,25,4100000
ABN53c 3P 15A,ABN53c 3P 15A 18kA,LS (standard),MCCB,ABN53c,3,15,,18,,75,130,82,25,1150000
ABN53c 3P 20A,ABN53c 3P 20A 18kA,LS (standard),MCCB,ABN53c,3,20,,18,,75,130,82,25,1150000
ABN53c 3P 30A,MCCB LS ABN53c 3P 30A 18kA (Standard),LS (standard),MCCB,ABN53c,3,30,,18,,75,130,82,25,1150000
ABN53c 3P 32A,ABN53c 3P 32A 18kA,LS (standard),MCCB,ABN53c,3,32,,18,,75,130,82,25,1150000
ABN53c 3P 40A,MCCB LS ABN53c 3P 40A 18kA (Standard),LS (standard),MCCB,ABN53c,3,40,,18,,75,130,82,25,1150000
ABN53c 3P 50A,ABN53c 3P 50A 18kA,LS (standard),MCCB,ABN53c,3,50,,18,,75,130,82,25,1150000
ABN103c 3P 60A,MCCB LS ABN103c 3P 60A 22kA (Standard),LS (standard),MCCB,ABN103c,3,60,,22,,75,130,82,25,1500000
ABN103c 3P 63A,ABN103c 3P 63A 22kA,LS (standard),MCCB,ABN103c,3,63,,22,,75,130,82,25,1500000
ABN103c 3P 75A,ABN103c 3P 75A 22kA,LS (standard),MCCB,ABN103c,3,75,,22,,75,130,82,25,1500000
ABN103c 3P 100A,ABN103c 3P 100A 22kA,LS (standard),MCCB,ABN103c,3,100,,22,,75,130,82,25,1500000
ABN103c 3P 125A,MCCB LS ABN103c 3P 125A 22kA (Standard),LS (standard),MCCB,ABN103c,3,125,,22,,75,130,82,25,1500000
ABN203c 3P 100A,ABN203c 3P 100A 30kA,LS (standard),MCCB,ABN203c,3,100,,30,,105,165,82,35,2860000
ABN203c 3P 125A,ABN203c 3P 125A 30kA,LS (standard),MCCB,ABN203c,3,125,,30,,105,165,82,35,2860000
ABN203c 3P 150A,ABN203c 3P 150A 30kA,LS (standard),MCCB,ABN203c,3,150,,30,,105,165,82,35,2860000
ABN203c 3P 160A,ABN203c 3P 160A 30kA,LS (standard),MCCB,ABN203c,3,160,,30,,105,165,82,35,2860000
ABN203c 3P 175A,ABN203c 3P 175A 30kA,LS (standard),MCCB,ABN203c,3,175,,30,,105,165,82,35,2860000
ABN203c 3P 200A,ABN203c 3P 200A 30kA,LS (standard),MCCB,ABN203c,3,200,,30,,105,165,82,35,2860000
ABN203c 3P 225A,ABN203c 3P 225A 30kA,LS (standard),MCCB,ABN203c,3,225,,30,,105,165,82,35,2860000
ABN203c 3P 250A,ABN203c 3P 250A 30kA,LS (standard),MCCB,ABN203c,3,250,,30,,105,165,82,35,2860000
ABN403c 3P 250A,ABN403c 3P 250A 42kA,LS (standard),MCCB,ABN403c,3,250,,42,,140,257,145,44,7150000
ABN403c 3P 300A,ABN403c 3P 300A 42kA,LS (standard),MCCB,ABN403c,3,300,,42,,140,257,145,44,7150000
ABN403c 3P 350A,ABN403c 3P 350A 42kA,LS (standard),MCCB,ABN403c,3,350,,42,,140,257,145,44,7150000
ABN403c 3P 400A,ABN403c 3P 400A 42kA,LS (standard),MCCB,ABN403c,3,400,,42,,140,257,145,44,7150000
ABN402c 3P 250A,ABN402c 3P 250A 50kA,LS (standard),MCCB,ABN402c,3,250,,50,,140,257,145,44,5800000
ABN402c 3P 300A,ABN402c 3P 300A 50kA,LS (standard),MCCB,ABN402c,3,300,,50,,140,257,145,44,5800000
ABN402c 3P 350A,ABN402c 3P 350A 50kA,LS (standard),MCCB,ABN402c,3,350,,50,,140,257,145,44,5800000
ABN402c 3P 400A,ABN402c 3P 400A 50kA,LS (standard),MCCB,ABN402c,3,400,,50,,140,257,145,44,5800000
ABN803c 3P 500A,ABN803c 3P 500A 45kA,LS (standard),MCCB,ABN803c,3,500,,45,,210,280,145,70,13700000
ABN803c 3P 630A,ABN803c 3P 630A 45kA,LS (standard),MCCB,ABN803c,3,630,,45,,210,280,145,70,13700000
ABN803c 3P 800A,ABN803c 3P 800A 45kA,LS (standard),MCCB,ABN803c,3,800,,45,,210,280,145,70,15500000
ABN54c 4P 15A,ABN54c 4P 15A 18kA,LS (standard),MCCB,ABN54c,4,15,,18,,100,130,82,25,1500000
ABN54c 4P 20A,ABN54c 4P 20A 18kA,LS (standard),MCCB,ABN54c,4,20,,18,,100,130,82,25,1500000
ABN54c 4P 30A,ABN54c 4P 30A 18kA,LS (standard),MCCB,ABN54c,4,30,,18,,100,130,82,25,1500000
ABN54c 4P 40A,ABN54c 4P 40A 18kA,LS (standard),MCCB,ABN54c,4,40,,18,,100,130,82,25,1500000
ABN54c 4P 50A,ABN54c 4P 50A 18kA,LS (standard),MCCB,ABN54c,4,50,,18,,100,130,82,25,1500000
ABN104c 4P 60A,ABN104c 4P 60A 22kA,LS (standard),MCCB,ABN104c,4,60,,22,,100,130,82,25,1850000
ABN104c 4P 75A,ABN104c 4P 75A 22kA,LS (standard),MCCB,ABN104c,4,75,,22,,100,130,82,25,1850000
ABN104c 4P 80A,ABN104c 4P 80A 22kA,LS (standard),MCCB,ABN104c,4,80,,22,,100,130,82,25,1850000
ABN104c 4P 100A,ABN104c 4P 100A 22kA,LS (standard),MCCB,ABN104c,4,100,,22,,100,130,82,25,1850000
ABN104c 4P 125A,ABN104c 4P 125A 22kA,LS (standard),MCCB,ABN104c,4,125,,22,,100,130,82,25,1850000
ABN204c 4P 125A,ABN204c 4P 125A 30kA,LS (standard),MCCB,ABN204c,4,125,,30,,120,155,82,30,3450000
ABN204c 4P 150A,ABN204c 4P 150A 30kA,LS (standard),MCCB,ABN204c,4,150,,30,,120,155,82,30,3450000
ABN204c 4P 160A,ABN204c 4P 160A 30kA,LS (standard),MCCB,ABN204c,4,160,,30,,120,155,82,30,3450000
ABN204c 4P 175A,ABN204c 4P 175A 30kA,LS (standard),MCCB,ABN204c,4,175,,30,,120,155,82,30,3450000
ABN204c 4P 200A,ABN204c 4P 200A 30kA,LS (standard),MCCB,ABN204c,4,200,,30,,120,155,82,30,3450000
ABN204c 4P 225A,ABN204c 4P 225A 30kA,LS (standard),MCCB,ABN204c,4,225,,30,,120,155,82,30,3450000
ABN204c 4P 250A,ABN204c 4P 250A 30kA,LS (standard),MCCB,ABN204c,4,250,,30,,120,155,82,30,3450000
ABN404c 4P 250A,ABN404c 4P 250A 42kA,LS (standard),MCCB,ABN404c,4,250,,42,,184,257,145,46,8250000
ABN404c 4P 300A,ABN404c 4P 300A 42kA,LS (standard),MCCB,ABN404c,4,300,,42,,184,257,145,46,8250000
ABN404c 4P 350A,ABN404c 4P 350A 42kA,LS (standard),MCCB,ABN404c,4,350,,42,,184,257,145,46,8250000
ABN404c 4P 400A,ABN404c 4P 400A 42kA,LS (standard),MCCB,ABN404c,4,400,,42,,184,257,145,46,8250000
ABN804c 4P 500A,ABN804c 4P 500A 45kA,LS (standard),MCCB,ABN804c,4,500,,45,,280,280,145,70,15500000
ABN804c 4P 630A,ABN804c 4P 630A 45kA,LS (standard),MCCB,ABN804c,4,630,,45,,280,280,145,70,15500000
ABN804c 4P 700A,ABN804c 4P 700A 45kA,LS (standard),MCCB,ABN804c,4,700,,45,,280,280,145,70,18100000
ABN804c 4P 800A,ABN804c 4P 800A 45kA,LS (standard),MCCB,ABN804c,4,800,,45,,280,280,145,70,18100000
MC-6a,Contactor LS MC-6a 6A 220VAC,LS (standard),Contactor,MC,3,6,,0,,45,80,90,0,420000
MC-9a,Contactor LS MC-9a 9A 220VAC,LS (standard),Contactor,MC,3,9,,0,,45,80,90,0,440000
MC-12a,Contactor LS MC-12a 12A 220VAC,LS (standard),Contactor,MC,3,12,,0,,45,80,90,0,460000
MC-18a,Contactor LS MC-18a 18A 220VAC,LS (standard),Contactor,MC,3,18,,0,,45,80,90,0,700000
MC-22b,Contactor LS MC-22b 22A 220VAC,LS (standard),Contactor,MC,3,22,,0,,45,80,90,15,750000
MC-32a,Contactor LS MC-32a 32A 220VAC,LS (standard),Contactor,MC,3,32,,0,,55,90,95,0,1320000
MC-40a,Contactor LS MC-40a 40A 220VAC,LS (standard),Contactor,MC,3,40,,0,,55,90,95,0,1580000
MC-50a,Contactor LS MC-50a 50A 220VAC,LS (standard),Contactor,MC,3,50,,0,,70,112,106,0,2060000
MC-65a,Contactor LS MC-65a 65A 220VAC,LS (standard),Contactor,MC,3,65,,0,,70,112,106,0,2320000
MC-75a,Contactor LS MC-75a 75A 220VAC,LS (standard),Contactor,MC,3,75,,0,,80,130,115,0,2640000
MC-85a,Contactor LS MC-85a 85A 220VAC,LS (standard),Contactor,MC,3,85,,0,,80,130,115,15,3100000
MC-100a,Contactor LS MC-100a 100A 220VAC,LS (standard),Contactor,MC,3,100,,0,,80,130,115,0,4140000
LA63H 1P 6A,LA63H 1P 6A 10kA,LS (premium),MCB,LA63H,1,6,,10,,18,86,69,18,166000
LA63H 1P 10A,LA63H 1P 10A 10kA,LS (premium),MCB,LA63H,1,10,,10,,18,86,69,18,166000
LA63H 1P 16A,LA63H 1P 16A 10kA,LS (premium),MCB,LA63H,1,16,,10,,18,86,69,18,166000
LA63H 1P 20A,LA63H 1P 20A 10kA,LS (premium),MCB,LA63H,1,20,,10,,18,86,69,18,166000
LA63H 1P 25A,LA63H 1P 25A 10kA,LS (premium),MCB,LA63H,1,25,,10,,18,86,69,18,166000
LA63H 1P 32A,LA63H 1P 32A 10kA,LS (premium),MCB,LA63H,1,32,,10,,18,86,69,18,166000
LA63H 1P 40A,LA63H 1P 40A 10kA,LS (premium),MCB,LA63H,1,40,,10,,18,86,69,18,192000
LA63H 1P 50A,LA63H 1P 50A 10kA,LS (premium),MCB,LA63H,1,50,,10,,18,86,69,18,192000
LA63H 1P 63A,LA63H 1P 63A 10kA,LS (premium),MCB,LA63H,1,63,,10,,18,86,69,18,192000
LA63H 2P 6A,LA63H 2P 6A 10kA,LS (premium),MCB,LA63H,2,6,,10,,36,86,69,18,360000
LA63H 2P 10A,LA63H 2P 10A 10kA,LS (premium),MCB,LA63H,2,10,,10,,36,86,69,18,360000
LA63H 2P 16A,LA63H 2P 16A 10kA,LS (premium),MCB,LA63H,2,16,,10,,36,86,69,18,360000
LA63H 2P 20A,LA63H 2P 20A 10kA,LS (premium),MCB,LA63H,2,20,,10,,36,86,69,18,360000
LA63H 2P 25A,LA63H 2P 25A 10kA,LS (premium),MCB,LA63H,2,25,,10,,36,86,69,18,360000
LA63H 2P 32A,LA63H 2P 32A 10kA,LS (premium),MCB,LA63H,2,32,,10,,36,86,69,18,360000
LA63H 2P 40A,LA63H 2P 40A 10kA,LS (premium),MCB,LA63H,2,40,,10,,36,86,69,18,406000
LA63H 2P 50A,LA63H 2P 50A 10kA,LS (premium),MCB,LA63H,2,50,,10,,36,86,69,18,406000
LA63H 2P 63A,LA63H 2P 63A 10kA,LS (premium),MCB,LA63H,2,63,,10,,36,86,69,18,406000
LA63H 3P 6A,LA63H 3P 6A 10kA,LS (premium),MCB,LA63H,3,6,,10,,54,86,69,18,576000
LA63H 3P 10A,LA63H 3P 10A 10kA,LS (premium),MCB,LA63H,3,10,,10,,54,86,69,18,576000
LA63H 3P 16A,LA63H 3P 16A 10kA,LS (premium),MCB,LA63H,3,16,,10,,54,86,69,18,576000
LA63H 3P 20A,LA63H 3P 20A 10kA,LS (premium),MCB,LA63H,3,20,,10,,54,86,69,18,576000
LA63H 3P 25A,LA63H 3P 25A 10kA,LS (premium),MCB,LA63H,3,25,,10,,54,86,69,18,576000
LA63H 3P 32A,LA63H 3P 32A 10kA,LS (premium),MCB,LA63H,3,32,,10,,54,86,69,18,576000
LA63H 3P 40A,LA63H 3P 40A 10kA,LS (premium),MCB,LA63H,3,40,,10,,54,86,69,18,696000
LA63H 3P 50A,LA63H 3P 50A 10kA,LS (premium),MCB,LA63H,3,50,,10,,54,86,69,18,696000
LA63H 3P 63A,LA63H 3P 63A 10kA,LS (premium),MCB,LA63H,3,63,,10,,54,86,69,18,696000
LA63H 4P 6A,LA63H 4P 6A 10kA,LS (premium),MCB,LA63H,4,6,,10,,72,86,69,18,850000
LA63H 4P 10A,LA63H 4P 10A 10kA,LS (premium),MCB,LA63H,4,10,,10,,72,86,69,18,850000
LA63H 4P 16A,LA63H 4P 16A 10kA,LS (premium),MCB,LA63H,4,16,,10,,72,86,69,18,850000
LA63H 4P 20A,LA63H 4P 20A 10kA,LS (premium),MCB,LA63H,4,20,,10,,72,86,69,18,850000
LA63H 4P 25A,LA63H 4P 25A 10kA,LS (premium),MCB,LA63H,4,25,,10,,72,86,69,18,850000
LA63H 4P 32A,LA63H 4P 32A 10kA,LS (premium),MCB,LA63H,4,32,,10,,72,86,69,18,850000
LA63H 4P 40A,LA63H 4P 40A 10kA,LS (premium),MCB,LA63H,4,40,,10,,72,86,69,18,990000
LA63H 4P 50A,LA63H 4P 50A 10kA,LS (premium),MCB,LA63H,4,50,,10,,72,86,69,18,990000
LA63H 4P 63A,MCB LS LA63H 4P 63A 10kA (Premium),LS (premium),MCB,LA63H,4,63,,10,,72,86,69,18,979000
LA125H 1P 80A,MCB LS LA125H 1P 80A 10kA (Premium),LS (premium),MCB,LA125H,1,80,,10,,18,86,69,18,382000
LA125H 1P 100A,MCB LS LA125H 1P 100A 10kA (Premium),LS (premium),MCB,LA125H,1,100,,10,,18,86,69,18,382000
LA125H 1P 125A,MCB LS LA125H 1P 125A 10kA (Premium),LS (premium),MCB,LA125H,1,125,,10,,18,86,69,18,420000
LA125H 2P 80A,MCB LS LA125H 2P 80A 10kA (Premium),LS (premium),MCB,LA125H,2,80,,10,,36,86,69,18,763000
LA125H 2P 100A,MCB LS LA125H 2P 100A 10kA (Premium),LS (premium),MCB,LA125H,2,100,,10,,36,86,69,18,763000
LA125H 2P 125A,MCB LS LA125H 2P 125A 10kA (Premium),LS (premium),MCB,LA125H,2,125,,10,,36,86,69,18,840000
LA125H 3P 80A,LA125H 3P 80A 10kA,LS (premium),MCB,LA125H,3,80,,10,,54,86,69,18,1090000
LA125H 3P 100A,LA125H 3P 100A 10kA,LS (premium),MCB,LA125H,3,100,,10,,54,86,69,18,1090000
LA125H 3P 125A,LA125H 3P 125A 10kA,LS (premium),MCB,LA125H,3,125,,10,,54,86,69,18,1200000
LA125H 4P 80A,LA125H 4P 80A 10kA,LS (premium),MCB,LA125H,4,80,,10,,72,86,69,18,1410000
LA125H 4P 100A,LA125H 4P 100A 10kA,LS (premium),MCB,LA125H,4,100,,10,,72,86,69,18,1410000
LA125H 4P 125A,LA125H 4P 125A 10kA,LS (premium),MCB,LA125H,4,125,,10,,72,86,69,18,1850000
LA63L 1P 6A,LA63L 1P 6A 25kA,LS (premium),MCB,LA63L,1,6,,25,,18,86,69,18,210000
LA63L 1P 10A,LA63L 1P 10A 25kA,LS (premium),MCB,LA63L,1,10,,25,,18,86,69,18,210000
LA63L 1P 16A,LA63L 1P 16A 25kA,LS (premium),MCB,LA63L,1,16,,25,,18,86,69,18,210000
LA63L 1P 20A,LA63L 1P 20A 25kA,LS (premium),MCB,LA63L,1,20,,25,,18,86,69,18,210000
LA63L 1P 25A,LA63L 1P 25A 25kA,LS (premium),MCB,LA63L,1,25,,25,,18,86,69,18,210000
LA63L 1P 32A,LA63L 1P 32A 25kA,LS (premium),MCB,LA63L,1,32,,25,,18,86,69,18,210000
LA63L 1P 40A,LA63L 1P 40A 15kA,LS (premium),MCB,LA63L,1,40,,15,,18,86,69,18,242000
LA63L 1P 50A,LA63L 1P 50A 15kA,LS (premium),MCB,LA63L,1,50,,15,,18,86,69,18,242000
LA63L 1P 63A,LA63L 1P 63A 15kA,LS (premium),MCB,LA63L,1,63,,15,,18,86,69,18,242000
LA63L 2P 6A,LA63L 2P 6A 25kA,LS (premium),MCB,LA63L,2,6,,25,,36,86,69,18,506000
LA63L 2P 10A,LA63L 2P 10A 25kA,LS (premium),MCB,LA63L,2,10,,25,,36,86,69,18,506000
LA63L 2P 16A,LA63L 2P 16A 25kA,LS (premium),MCB,LA63L,2,16,,25,,36,86,69,18,506000
LA63L 2P 20A,LA63L 2P 20A 25kA,LS (premium),MCB,LA63L,2,20,,25,,36,86,69,18,506000
LA63L 2P 25A,LA63L 2P 25A 25kA,LS (premium),MCB,LA63L,2,25,,25,,36,86,69,18,506000
LA63L 2P 32A,LA63L 2P 32A 25kA,LS (premium),MCB,LA63L,2,32,,25,,36,86,69,18,506000
LA63L 2P 40A,LA63L 2P 40A 15kA,LS (premium),MCB,LA63L,2,40,,15,,36,86,69,18,550000
LA63L 2P 50A,LA63L 2P 50A 15kA,LS (premium),MCB,LA63L,2,50,,15,,36,86,69,18,550000
LA63L 2P 63A,LA63L 2P 63A 15kA,LS (premium),MCB,LA63L,2,63,,15,,36,86,69,18,550000
LA63L 3P 6A,LA63L 3P 6A 25kA,LS (premium),MCB,LA63L,3,6,,25,,54,86,69,18,730000
LA63L 3P 10A,LA63L 3P 10A 25kA,LS (premium),MCB,LA63L,3,10,,25,,54,86,69,18,730000
LA63L 3P 16A,LA63L 3P 16A 25kA,LS (premium),MCB,LA63L,3,16,,25,,54,86,69,18,730000
LA63L 3P 20A,LA63L 3P 20A 25kA,LS (premium),MCB,LA63L,3,20,,25,,54,86,69,18,730000
LA63L 3P 25A,LA63L 3P 25A 25kA,LS (premium),MCB,LA63L,3,25,,25,,54,86,69,18,730000
LA63L 3P 32A,LA63L 3P 32A 25kA,LS (premium),MCB,LA63L,3,32,,25,,54,86,69,18,730000
LA63L 3P 40A,LA63L 3P 40A 15kA,LS (premium),MCB,LA63L,3,40,,15,,54,86,69,18,825000
LA63L 3P 50A,LA63L 3P 50A 15kA,LS (premium),MCB,LA63L,3,50,,15,,54,86,69,18,825000
LA63L 3P 63A,LA63L 3P 63A 15kA,LS (premium),MCB,LA63L,3,63,,15,,54,86,69,18,825000
LA63L 4P 6A,LA63L 4P 6A 25kA,LS (premium),MCB,LA63L,4,6,,25,,72,86,69,18,1160000
LA63L 4P 10A,LA63L 4P 10A 25kA,LS (premium),MCB,LA63L,4,10,,25,,72,86,69,18,1160000
LA63L 4P 16A,LA63L 4P 16A 25kA,LS (premium),MCB,LA63L,4,16,,25,,72,86,69,18,1160000
LA63L 4P 20A,LA63L 4P 20A 25kA,LS (premium),MCB,LA63L,4,20,,25,,72,86,69,18,1160000
LA63L 4P 25A,LA63L 4P 25A 25kA,LS (premium),MCB,LA63L,4,25,,25,,72,86,69,18,1160000
LA63L 4P 32A,LA63L 4P 32A 25kA,LS (premium),MCB,LA63L,4,32,,25,,72,86,69,18,1160000
LA63L 4P 40A,LA63L 4P 40A 15kA,LS (premium),MCB,LA63L,4,40,,15,,72,86,69,18,1270000
LA63L 4P 50A,MCB LS LA63L 4P 50A 15/25kA (Premium),LS (premium),MCB,LA63L,4,50,,15,,72,86,69,18,1258000
LA63L 4P 63A,MCB LS LA63L 4P 63A 15/25kA (Premium),LS (premium),MCB,LA63L,4,63,,15,,72,86,69,18,1258000
ABS203c 3P 125A,ABS203c 3P 125A 42kA,LS (premium),MCCB,ABS203c,3,125,,42,,105,165,82,35,3350000
ABS203c 3P 150A,ABS203c 3P 150A 42kA,LS (premium),MCCB,ABS203c,3,150,,42,,105,165,82,35,3350000
ABS203c 3P 160A,ABS203c 3P 160A 42kA,LS (premium),MCCB,ABS203c,3,160,,42,,105,165,82,35,3350000
ABS203c 3P 175A,ABS203c 3P 175A 42kA,LS (premium),MCCB,ABS203c,3,175,,42,,105,165,82,35,3350000
ABS203c 3P 200A,ABS203c 3P 200A 42kA,LS (premium),MCCB,ABS203c,3,200,,42,,105,165,82,35,3350000
ABS203c 3P 225A,ABS203c 3P 225A 42kA,LS (premium),MCCB,ABS203c,3,225,,42,,105,165,82,35,3350000
ABS203c 3P 250A,ABS203c 3P 250A 42kA,LS (premium),MCCB,ABS203c,3,250,,42,,105,165,82,35,3350000
ABS403c 3P 250A,ABS403c 3P 250A 65kA,LS (premium),MCCB,ABS403c,3,250,,65,,140,257,145,44,7700000
ABS403c 3P 300A,ABS403c 3P 300A 65kA,LS (premium),MCCB,ABS403c,3,300,,65,,140,257,145,44,7700000
ABS403c 3P 350A,ABS403c 3P 350A 65kA,LS (premium),MCCB,ABS403c,3,350,,65,,140,257,145,44,7700000
ABS403c 3P 400A,ABS403c 3P 400A 65kA,LS (premium),MCCB,ABS403c,3,400,,65,,140,257,145,44,7700000
ABS404c 4P 250A,ABS404c 4P 250A 65kA,LS (premium),MCCB,ABS404c,4,250,,65,,184,257,145,46,9500000
ABS404c 4P 300A,ABS404c 4P 300A 65kA,LS (premium),MCCB,ABS404c,4,300,,65,,184,257,145,46,9500000
ABS404c 4P 350A,ABS404c 4P 350A 65kA,LS (premium),MCCB,ABS404c,4,350,,65,,184,257,145,46,9500000
ABS404c 4P 400A,ABS404c 4P 400A 65kA,LS (premium),MCCB,ABS404c,4,400,,65,,184,257,145,46,9500000
EZ9 1P 6A,Easy9 MCB 1P 6A 4.5kA,Schneider Electric,MCB,Easy9,1,6,,4.5,,18,85,69,0,112200
EZ9 1P 10A,Easy9 MCB 1P 10A 4.5kA,Schneider Electric,MCB,Easy9,1,10,,4.5,,18,85,69,0,112200
EZ9 1P 16A,Easy9 MCB 1P 16A 4.5kA,Schneider Electric,MCB,Easy9,1,16,,4.5,,18,85,69,0,112200
EZ9 1P 20A,Easy9 MCB 1P 20A 4.5kA,Schneider Electric,MCB,Easy9,1,20,,4.5,,18,85,69,0,112200
EZ9 1P 25A,Easy9 MCB 1P 25A 4.5kA,Schneider Electric,MCB,Easy9,1,25,,4.5,,18,85,69,0,112200
EZ9 1P 32A,Easy9 MCB 1P 32A 4.5kA,Schneider Electric,MCB,Easy9,1,32,,4.5,,18,85,69,0,112200
EZ9 1P 40A,Easy9 MCB 1P 40A 4.5kA,Schneider Electric,MCB,Easy9,1,40,,4.5,,18,85,69,0,161700
EZ9 1P 50A,Easy9 MCB 1P 50A 4.5kA,Schneider Electric,MCB,Easy9,1,50,,4.5,,18,85,69,0,264000
EZ9 1P 63A,Easy9 MCB 1P 63A 4.5kA,Schneider Electric,MCB,Easy9,1,63,,4.5,,18,85,69,0,264000
EZ9 2P 6A,Easy9 MCB 2P 6A 4.5kA,Schneider Electric,MCB,Easy9,2,6,,4.5,,36,85,69,18,316400
EZ9 2P 10A,Easy9 MCB 2P 10A 4.5kA,Schneider Electric,MCB,Easy9,2,10,,4.5,,36,85,69,18,316400
EZ9 2P 16A,Easy9 MCB 2P 16A 4.5kA,Schneider Electric,MCB,Easy9,2,16,,4.5,,36,85,69,18,316400
EZ9 2P 20A,Easy9 MCB 2P 20A 4.5kA,Schneider Electric,MCB,Easy9,2,20,,4.5,,36,85,69,18,316400
EZ9 2P 25A,Easy9 MCB 2P 25A 4.5kA,Schneider Electric,MCB,Easy9,2,25,,4.5,,36,85,69,18,316400
EZ9 2P 32A,Easy9 MCB 2P 32A 4.5kA,Schneider Electric,MCB,Easy9,2,32,,4.5,,36,85,69,18,316400
EZ9 2P 40A,Easy9 MCB 2P 40A 4.5kA,Schneider Electric,MCB,Easy9,2,40,,4.5,,36,85,69,18,456000
EZ9 2P 50A,Easy9 MCB 2P 50A 4.5kA,Schneider Electric,MCB,Easy9,2,50,,4.5,,36,85,69,18,744500
EZ9 2P 63A,Easy9 MCB 2P 63A 4.5kA,Schneider Electric,MCB,Easy9,2,63,,4.5,,36,85,69,18,744500
EZ9 3P 6A,Easy9 MCB 3P 6A 4.5kA,Schneider Electric,MCB,Easy9,3,6,,4.5,,54,85,69,18,561000
EZ9 3P 10A,Easy9 MCB 3P 10A 4.5kA,Schneider Electric,MCB,Easy9,3,10,,4.5,,54,85,69,18,561000
EZ9 3P 16A,Easy9 MCB 3P 16A 4.5kA,Schneider Electric,MCB,Easy9,3,16,,4.5,,54,85,69,18,561000
EZ9 3P 20A,Easy9 MCB 3P 20A 4.5kA,Schneider Electric,MCB,Easy9,3,20,,4.5,,54,85,69,18,561000
EZ9 3P 25A,Easy9 MCB 3P 25A 4.5kA,Schneider Electric,MCB,Easy9,3,25,,4.5,,54,85,69,18,561000
EZ9 3P 32A,Easy9 MCB 3P 32A 4.5kA,Schneider Electric,MCB,Easy9,3,32,,4.5,,54,85,69,18,561000
EZ9 3P 40A,Easy9 MCB 3P 40A 4.5kA,Schneider Electric,MCB,Easy9,3,40,,4.5,,54,85,69,18,808500
EZ9 3P 50A,Easy9 MCB 3P 50A 4.5kA,Schneider Electric,MCB,Easy9,3,50,,4.5,,54,85,69,18,1320000
EZ9 3P 63A,Easy9 MCB 3P 63A 4.5kA,Schneider Electric,MCB,Easy9,3,63,,4.5,,54,85,69,18,1320000
EZ9 4P 6A,Easy9 MCB 4P 6A 4.5kA,Schneider Electric,MCB,Easy9,4,6,,4.5,,72,85,69,18,794400
EZ9 4P 10A,Easy9 MCB 4P 10A 4.5kA,Schneider Electric,MCB,Easy9,4,10,,4.5,,72,85,69,18,794400
EZ9 4P 16A,Easy9 MCB 4P 16A 4.5kA,Schneider Electric,MCB,Easy9,4,16,,4.5,,72,85,69,18,794400
EZ9 4P 20A,Easy9 MCB 4P 20A 4.5kA,Schneider Electric,MCB,Easy9,4,20,,4.5,,72,85,69,18,794400
EZ9 4P 25A,Easy9 MCB 4P 25A 4.5kA,Schneider Electric,MCB,Easy9,4,25,,4.5,,72,85,69,18,794400
EZ9 4P 32A,Easy9 MCB 4P 32A 4.5kA,Schneider Electric,MCB,Easy9,4,32,,4.5,,72,85,69,18,794400
EZ9 4P 40A,Easy9 MCB 4P 40A 4.5kA,Schneider Electric,MCB,Easy9,4,40,,4.5,,72,85,69,18,1144800
EZ9 4P 50A,Easy9 MCB 4P 50A 4.5kA,Schneider Electric,MCB,Easy9,4,50,,4.5,,72,85,69,18,1869100
EZ9 4P 63A,Easy9 MCB 4P 63A 4.5kA,Schneider Electric,MCB,Easy9,4,63,,4.5,,72,85,69,18,1869100
iK60N 1P 6A,Acti9 iK60N MCB 1P 6A 6kA,Schneider Electric,MCB,iK60N,1,6,,6,,18,85,69,0,213400
iK60N 1P 10A,Acti9 iK60N MCB 1P 10A 6kA,Schneider Electric,MCB,iK60N,1,10,,6,,18,85,69,0,213400
iK60N 1P 16A,Acti9 iK60N MCB 1P 16A 6kA,Schneider Electric,MCB,iK60N,1,16,,6,,18,85,69,0,213400
iK60N 1P 20A,Acti9 iK60N MCB 1P 20A 6kA,Schneider Electric,MCB,iK60N,1,20,,6,,18,85,69,0,213400
iK60N 1P 25A,Acti9 iK60N MCB 1P 25A 6kA,Schneider Electric,MCB,iK60N,1,25,,6,,18,85,69,0,213400
iK60N 1P 32A,Acti9 iK60N MCB 1P 32A 6kA,Schneider Electric,MCB,iK60N,1,32,,6,,18,85,69,0,213400
iK60N 1P 40A,Acti9 iK60N MCB 1P 40A 6kA,Schneider Electric,MCB,iK60N,1,40,,6,,18,85,69,0,261800
iK60N 1P 50A,Acti9 iK60N MCB 1P 50A 6kA,Schneider Electric,MCB,iK60N,1,50,,6,,18,85,69,0,317900
iK60N 1P 63A,Acti9 iK60N MCB 1P 63A 6kA,Schneider Electric,MCB,iK60N,1,63,,6,,18,85,69,0,317900
iK60N 2P 6A,Acti9 iK60N MCB 2P 6A 6kA,Schneider Electric,MCB,iK60N,2,6,,6,,36,85,69,18,597500
iK60N 2P 10A,Acti9 iK60N MCB 2P 10A 6kA,Schneider Electric,MCB,iK60N,2,10,,6,,36,85,69,18,597500
iK60N 2P 16A,Acti9 iK60N MCB 2P 16A 6kA,Schneider Electric,MCB,iK60N,2,16,,6,,36,85,69,18,597500
iK60N 2P 20A,Acti9 iK60N MCB 2P 20A 6kA,Schneider Electric,MCB,iK60N,2,20,,6,,36,85,69,18,597500
iK60N 2P 25A,Acti9 iK60N MCB 2P 25A 6kA,Schneider Electric,MCB,iK60N,2,25,,6,,36,85,69,18,597500
iK60N 2P 32A,Acti9 iK60N MCB 2P 32A 6kA,Schneider Electric,MCB,iK60N,2,32,,6,,36,85,69,18,597500
iK60N 2P 40A,Acti9 iK60N MCB 2P 40A 6kA,Schneider Electric,MCB,iK60N,2,40,,6,,36,85,69,18,733000
iK60N 2P 50A,Acti9 iK60N MCB 2P 50A 6kA,Schneider Electric,MCB,iK60N,2,50,,6,,36,85,69,18,890100
iK60N 2P 63A,Acti9 iK60N MCB 2P 63A 6kA,Schneider Electric,MCB,iK60N,2,63,,6,,36,85,69,18,890100
iK60N 3P 6A,Acti9 iK60N MCB 3P 6A 6kA,Schneider Electric,MCB,iK60N,3,6,,6,,54,85,69,18,947500
iK60N 3P 10A,Acti9 iK60N MCB 3P 10A 6kA,Schneider Electric,MCB,iK60N,3,10,,6,,54,85,69,18,947500
iK60N 3P 16A,Acti9 iK60N MCB 3P 16A 6kA,Schneider Electric,MCB,iK60N,3,16,,6,,54,85,69,18,947500
iK60N 3P 20A,Acti9 iK60N MCB 3P 20A 6kA,Schneider Electric,MCB,iK60N,3,20,,6,,54,85,69,18,947500
iK60N 3P 25A,Acti9 iK60N MCB 3P 25A 6kA,Schneider Electric,MCB,iK60N,3,25,,6,,54,85,69,18,947500
iK60N 3P 32A,Acti9 iK60N MCB 3P 32A 6kA,Schneider Electric,MCB,iK60N,3,32,,6,,54,85,69,18,947500
iK60N 3P 40A,Acti9 iK60N MCB 3P 40A 6kA,Schneider Electric,MCB,iK60N,3,40,,6,,54,85,69,18,1162400
iK60N 3P 50A,Acti9 iK60N MCB 3P 50A 6kA,Schneider Electric,MCB,iK60N,3,50,,6,,54,85,69,18,1411500
iK60N 3P 63A,Acti9 iK60N MCB 3P 63A 6kA,Schneider Electric,MCB,iK60N,3,63,,6,,54,85,69,18,1411500
iK60N 4P 6A,Acti9 iK60N MCB 4P 6A 6kA,Schneider Electric,MCB,iK60N,4,6,,6,,72,85,69,18,1468200
iK60N 4P 10A,Acti9 iK60N MCB 4P 10A 6kA,Schneider Electric,MCB,iK60N,4,10,,6,,72,85,69,18,1468200
iK60N 4P 16A,Acti9 iK60N MCB 4P 16A 6kA,Schneider Electric,MCB,iK60N,4,16,,6,,72,85,69,18,1468200
iK60N 4P 20A,Acti9 iK60N MCB 4P 20A 6kA,Schneider Electric,MCB,iK60N,4,20,,6,,72,85,69,18,1468200
iK60N 4P 25A,Acti9 iK60N MCB 4P 25A 6kA,Schneider Electric,MCB,iK60N,4,25,,6,,72,85,69,18,1468200
iK60N 4P 32A,Acti9 iK60N MCB 4P 32A 6kA,Schneider Electric,MCB,iK60N,4,32,,6,,72,85,69,18,1468200
iK60N 4P 40A,Acti9 iK60N MCB 4P 40A 6kA,Schneider Electric,MCB,iK60N,4,40,,6,,72,85,69,18,1801200
iK60N 4P 50A,Acti9 iK60N MCB 4P 50A 6kA,Schneider Electric,MCB,iK60N,4,50,,6,,72,85,69,18,2187200
iK60N 4P 63A,Acti9 iK60N MCB 4P 63A 6kA,Schneider Electric,MCB,iK60N,4,63,,6,,72,85,69,18,2187200
iC60N 1P 6A,Acti9 iC60N MCB 1P 6A 6kA,Schneider Electric,MCB,iC60N,1,6,,6,,18,85,69,0,257400
iC60N 1P 10A,Acti9 iC60N MCB 1P 10A 6kA,Schneider Electric,MCB,iC60N,1,10,,6,,18,85,69,0,257400
iC60N 1P 16A,Acti9 iC60N MCB 1P 16A 6kA,Schneider Electric,MCB,iC60N,1,16,,6,,18,85,69,0,257400
iC60N 1P 20A,Acti9 iC60N MCB 1P 20A 6kA,Schneider Electric,MCB,iC60N,1,20,,6,,18,85,69,0,257400
iC60N 1P 25A,Acti9 iC60N MCB 1P 25A 6kA,Schneider Electric,MCB,iC60N,1,25,,6,,18,85,69,0,257400
iC60N 1P 32A,Acti9 iC60N MCB 1P 32A 6kA,Schneider Electric,MCB,iC60N,1,32,,6,,18,85,69,0,308000
iC60N 1P 40A,Acti9 iC60N MCB 1P 40A 6kA,Schneider Electric,MCB,iC60N,1,40,,6,,18,85,69,0,308000
iC60N 1P 50A,Acti9 iC60N MCB 1P 50A 6kA,Schneider Electric,MCB,iC60N,1,50,,6,,18,85,69,0,432300
iC60N 1P 63A,Acti9 iC60N MCB 1P 63A 6kA,Schneider Electric,MCB,iC60N,1,63,,6,,18,85,69,0,432300
iC60N 2P 6A,Acti9 iC60N MCB 2P 6A 6kA,Schneider Electric,MCB,iC60N,2,6,,6,,36,85,69,18,700100
iC60N 2P 10A,Acti9 iC60N MCB 2P 10A 6kA,Schneider Electric,MCB,iC60N,2,10,,6,,36,85,69,18,700100
iC60N 2P 16A,Acti9 iC60N MCB 2P 16A 6kA,Schneider Electric,MCB,iC60N,2,16,,6,,36,85,69,18,700100
iC60N 2P 20A,Acti9 iC60N MCB 2P 20A 6kA,Schneider Electric,MCB,iC60N,2,20,,6,,36,85,69,18,700100
iC60N 2P 25A,Acti9 iC60N MCB 2P 25A 6kA,Schneider Electric,MCB,iC60N,2,25,,6,,36,85,69,18,700100
iC60N 2P 32A,Acti9 iC60N MCB 2P 32A 6kA,Schneider Electric,MCB,iC60N,2,32,,6,,36,85,69,18,837800
iC60N 2P 40A,Acti9 iC60N MCB 2P 40A 6kA,Schneider Electric,MCB,iC60N,2,40,,6,,36,85,69,18,837800
iC60N 2P 50A,Acti9 iC60N MCB 2P 50A 6kA,Schneider Electric,MCB,iC60N,2,50,,6,,36,85,69,18,1175900
iC60N 2P 63A,Acti9 iC60N MCB 2P 63A 6kA,Schneider Electric,MCB,iC60N,2,63,,6,,36,85,69,18,1175900
iC60N 3P 6A,Acti9 iC60N MCB 3P 6A 6kA,Schneider Electric,MCB,iC60N,3,6,,6,,54,85,69,18,1063100
iC60N 3P 10A,Acti9 iC60N MCB 3P 10A 6kA,Schneider Electric,MCB,iC60N,3,10,,6,,54,85,69,18,1063100
iC60N 3P 16A,Acti9 iC60N MCB 3P 16A 6kA,Schneider Electric,MCB,iC60N,3,16,,6,,54,85,69,18,1063100
iC60N 3P 20A,Acti9 iC60N MCB 3P 20A 6kA,Schneider Electric,MCB,iC60N,3,20,,6,,54,85,69,18,1063100
iC60N 3P 25A,Acti9 iC60N MCB 3P 25A 6kA,Schneider Electric,MCB,iC60N,3,25,,6,,54,85,69,18,1063100
iC60N 3P 32A,Acti9 iC60N MCB 3P 32A 6kA,Schneider Electric,MCB,iC60N,3,32,,6,,54,85,69,18,1272000
iC60N 3P 40A,Acti9 iC60N MCB 3P 40A 6kA,Schneider Electric,MCB,iC60N,3,40,,6,,54,85,69,18,1272000
iC60N 3P 50A,Acti9 iC60N MCB 3P 50A 6kA,Schneider Electric,MCB,iC60N,3,50,,6,,54,85,69,18,1785400
iC60N 3P 63A,Acti9 iC60N MCB 3P 63A 6kA,Schneider Electric,MCB,iC60N,3,63,,6,,54,85,69,18,1785400
iC60N 4P 6A,Acti9 iC60N MCB 4P 6A 6kA,Schneider Electric,MCB,iC60N,4,6,,6,,72,85,69,18,1598500
iC60N 4P 10A,Acti9 iC60N MCB 4P 10A 6kA,Schneider Electric,MCB,iC60N,4,10,,6,,72,85,69,18,1598500
iC60N 4P 16A,Acti9 iC60N MCB 4P 16A 6kA,Schneider Electric,MCB,iC60N,4,16,,6,,72,85,69,18,1598500
iC60N 4P 20A,Acti9 iC60N MCB 4P 20A 6kA,Schneider Electric,MCB,iC60N,4,20,,6,,72,85,69,18,1598500
iC60N 4P 25A,Acti9 iC60N MCB 4P 25A 6kA,Schneider Electric,MCB,iC60N,4,25,,6,,72,85,69,18,1598500
iC60N 4P 32A,Acti9 iC60N MCB 4P 32A 6kA,Schneider Electric,MCB,iC60N,4,32,,6,,72,85,69,18,1912700
iC60N 4P 40A,Acti9 iC60N MCB 4P 40A 6kA,Schneider Electric,MCB,iC60N,4,40,,6,,72,85,69,18,1912700
iC60N 4P 50A,Acti9 iC60N MCB 4P 50A 6kA,Schneider Electric,MCB,iC60N,4,50,,6,,72,85,69,18,2684600
iC60N 4P 63A,Acti9 iC60N MCB 4P 63A 6kA,Schneider Electric,MCB,iC60N,4,63,,6,,72,85,69,18,2684600
iC60H 1P 6A,Acti9 iC60H MCB 1P 6A 10kA,Schneider Electric,MCB,iC60H,1,6,,10,,18,85,69,0,467500
iC60H 1P 10A,Acti9 iC60H MCB 1P 10A 10kA,Schneider Electric,MCB,iC60H,1,10,,10,,18,85,69,0,467500
iC60H 1P 16A,Acti9 iC60H MCB 1P 16A 10kA,Schneider Electric,MCB,iC60H,1,16,,10,,18,85,69,0,467500
iC60H 1P 20A,Acti9 iC60H MCB 1P 20A 10kA,Schneider Electric,MCB,iC60H,1,20,,10,,18,85,69,0,467500
iC60H 1P 25A,Acti9 iC60H MCB 1P 25A 10kA,Schneider Electric,MCB,iC60H,1,25,,10,,18,85,69,0,467500
iC60H 1P 32A,Acti9 iC60H MCB 1P 32A 10kA,Schneider Electric,MCB,iC60H,1,32,,10,,18,85,69,0,575000
iC60H 1P 40A,Acti9 iC60H MCB 1P 40A 10kA,Schneider Electric,MCB,iC60H,1,40,,10,,18,85,69,0,575000
iC60H 1P 50A,Acti9 iC60H MCB 1P 50A 10kA,Schneider Electric,MCB,iC60H,1,50,,10,,18,85,69,0,771400
iC60H 1P 63A,Acti9 iC60H MCB 1P 63A 10kA,Schneider Electric,MCB,iC60H,1,63,,10,,18,85,69,0,771400
iC60H 2P 6A,Acti9 iC60H MCB 2P 6A 10kA,Schneider Electric,MCB,iC60H,2,6,,10,,36,85,69,18,1561400
iC60H 2P 10A,Acti9 iC60H MCB 2P 10A 10kA,Schneider Electric,MCB,iC60H,2,10,,10,,36,85,69,18,1561400
iC60H 2P 16A,Acti9 iC60H MCB 2P 16A 10kA,Schneider Electric,MCB,iC60H,2,16,,10,,36,85,69,18,1561400
iC60H 2P 20A,Acti9 iC60H MCB 2P 20A 10kA,Schneider Electric,MCB,iC60H,2,20,,10,,36,85,69,18,1561400
iC60H 2P 25A,Acti9 iC60H MCB 2P 25A 10kA,Schneider Electric,MCB,iC60H,2,25,,10,,36,85,69,18,1561400
iC60H 2P 32A,Acti9 iC60H MCB 2P 32A 10kA,Schneider Electric,MCB,iC60H,2,32,,10,,36,85,69,18,1920600
iC60H 2P 40A,Acti9 iC60H MCB 2P 40A 10kA,Schneider Electric,MCB,iC60H,2,40,,10,,36,85,69,18,1920600
iC60H 2P 50A,Acti9 iC60H MCB 2P 50A 10kA,Schneider Electric,MCB,iC60H,2,50,,10,,36,85,69,18,2576400
iC60H 2P 63A,Acti9 iC60H MCB 2P 63A 10kA,Schneider Electric,MCB,iC60H,2,63,,10,,36,85,69,18,2576400
iC60H 3P 6A,Acti9 iC60H MCB 3P 6A 10kA,Schneider Electric,MCB,iC60H,3,6,,10,,54,85,69,18,2426300
iC60H 3P 10A,Acti9 iC60H MCB 3P 10A 10kA,Schneider Electric,MCB,iC60H,3,10,,10,,54,85,69,18,2426300
iC60H 3P 16A,Acti9 iC60H MCB 3P 16A 10kA,Schneider Electric,MCB,iC60H,3,16,,10,,54,85,69,18,2426300
iC60H 3P 20A,Acti9 iC60H MCB 3P 20A 10kA,Schneider Electric,MCB,iC60H,3,20,,10,,54,85,69,18,2426300
iC60H 3P 25A,Acti9 iC60H MCB 3P 25A 10kA,Schneider Electric,MCB,iC60H,3,25,,10,,54,85,69,18,2426300
iC60H 3P 32A,Acti9 iC60H MCB 3P 32A 10kA,Schneider Electric,MCB,iC60H,3,32,,10,,54,85,69,18,2984400
iC60H 3P 40A,Acti9 iC60H MCB 3P 40A 10kA,Schneider Electric,MCB,iC60H,3,40,,10,,54,85,69,18,2984400
iC60H 3P 50A,Acti9 iC60H MCB 3P 50A 10kA,Schneider Electric,MCB,iC60H,3,50,,10,,54,85,69,18,4003400
iC60H 3P 63A,Acti9 iC60H MCB 3P 63A 10kA,Schneider Electric,MCB,iC60H,3,63,,10,,54,85,69,18,4003400
iC60H 4P 6A,Acti9 iC60H MCB 4P 6A 10kA,Schneider Electric,MCB,iC60H,4,6,,10,,72,85,69,18,3361300
iC60H 4P 10A,Acti9 iC60H MCB 4P 10A 10kA,Schneider Electric,MCB,iC60H,4,10,,10,,72,85,69,18,3361300
iC60H 4P 16A,Acti9 iC60H MCB 4P 16A 10kA,Schneider Electric,MCB,iC60H,4,16,,10,,72,85,69,18,3361300
iC60H 4P 20A,Acti9 iC60H MCB 4P 20A 10kA,Schneider Electric,MCB,iC60H,4,20,,10,,72,85,69,18,3361300
iC60H 4P 25A,Acti9 iC60H MCB 4P 25A 10kA,Schneider Electric,MCB,iC60H,4,25,,10,,72,85,69,18,3361300
iC60H 4P 32A,Acti9 iC60H MCB 4P 32A 10kA,Schneider Electric,MCB,iC60H,4,32,,10,,72,85,69,18,4134400
iC60H 4P 40A,Acti9 iC60H MCB 4P 40A 10kA,Schneider Electric,MCB,iC60H,4,40,,10,,72,85,69,18,4134400
iC60H 4P 50A,Acti9 iC60H MCB 4P 50A 10kA,Schneider Electric,MCB,iC60H,4,50,,10,,72,85,69,18,5546200
iC60H 4P 63A,Acti9 iC60H MCB 4P 63A 10kA,Schneider Electric,MCB,iC60H,4,63,,10,,72,85,69,18,5546200
iC60L 1P 6A,Acti9 iC60L MCB 1P 6A 15kA,Schneider Electric,MCB,iC60L,1,6,,15,,18,85,69,0,713900
iC60L 1P 10A,Acti9 iC60L MCB 1P 10A 15kA,Schneider Electric,MCB,iC60L,1,10,,15,,18,85,69,0,713900
iC60L 1P 16A,Acti9 iC60L MCB 1P 16A 15kA,Schneider Electric,MCB,iC60L,1,16,,15,,18,85,69,0,713900
iC60L 1P 20A,Acti9 iC60L MCB 1P 20A 15kA,Schneider Electric,MCB,iC60L,1,20,,15,,18,85,69,0,713900
iC60L 1P 25A,Acti9 iC60L MCB 1P 25A 15kA,Schneider Electric,MCB,iC60L,1,25,,15,,18,85,69,0,713900
iC60L 1P 32A,Acti9 iC60L MCB 1P 32A 15kA,Schneider Electric,MCB,iC60L,1,32,,15,,18,85,69,0,878100
iC60L 1P 40A,Acti9 iC60L MCB 1P 40A 15kA,Schneider Electric,MCB,iC60L,1,40,,15,,18,85,69,0,878100
iC60L 1P 50A,Acti9 iC60L MCB 1P 50A 15kA,Schneider Electric,MCB,iC60L,1,50,,15,,18,85,69,0,1177900
iC60L 1P 63A,Acti9 iC60L MCB 1P 63A 15kA,Schneider Electric,MCB,iC60L,1,63,,15,,18,85,69,0,1177900
iC60L 2P 6A,Acti9 iC60L MCB 2P 6A 15kA,Schneider Electric,MCB,iC60L,2,6,,15,,36,85,69,18,2384400
iC60L 2P 10A,Acti9 iC60L MCB 2P 10A 15kA,Schneider Electric,MCB,iC60L,2,10,,15,,36,85,69,18,2384400
iC60L 2P 16A,Acti9 iC60L MCB 2P 16A 15kA,Schneider Electric,MCB,iC60L,2,16,,15,,36,85,69,18,2384400
iC60L 2P 20A,Acti9 iC60L MCB 2P 20A 15kA,Schneider Electric,MCB,iC60L,2,20,,15,,36,85,69,18,2384400
iC60L 2P 25A,Acti9 iC60L MCB 2P 25A 15kA,Schneider Electric,MCB,iC60L,2,25,,15,,36,85,69,18,2384400
iC60L 2P 32A,Acti9 iC60L MCB 2P 32A 15kA,Schneider Electric,MCB,iC60L,2,32,,15,,36,85,69,18,2932800
iC60L 2P 40A,Acti9 iC60L MCB 2P 40A 15kA,Schneider Electric,MCB,iC60L,2,40,,15,,36,85,69,18,2932800
iC60L 2P 50A,Acti9 iC60L MCB 2P 50A 15kA,Schneider Electric,MCB,iC60L,2,50,,15,,36,85,69,18,3934300
iC60L 2P 63A,Acti9 iC60L MCB 2P 63A 15kA,Schneider Electric,MCB,iC60L,2,63,,15,,36,85,69,18,3934300
iC60L 3P 6A,Acti9 iC60L MCB 3P 6A 15kA,Schneider Electric,MCB,iC60L,3,6,,15,,54,85,69,18,3705100
iC60L 3P 10A,Acti9 iC60L MCB 3P 10A 15kA,Schneider Electric,MCB,iC60L,3,10,,15,,54,85,69,18,3705100
iC60L 3P 16A,Acti9 iC60L MCB 3P 16A 15kA,Schneider Electric,MCB,iC60L,3,16,,15,,54,85,69,18,3705100
iC60L 3P 20A,Acti9 iC60L MCB 3P 20A 15kA,Schneider Electric,MCB,iC60L,3,20,,15,,54,85,69,18,3705100
iC60L 3P 25A,Acti9 iC60L MCB 3P 25A 15kA,Schneider Electric,MCB,iC60L,3,25,,15,,54,85,69,18,3705100
iC60L 3P 32A,Acti9 iC60L MCB 3P 32A 15kA,Schneider Electric,MCB,iC60L,3,32,,15,,54,85,69,18,4557300
iC60L 3P 40A,Acti9 iC60L MCB 3P 40A 15kA,Schneider Electric,MCB,iC60L,3,40,,15,,54,85,69,18,4557300
iC60L 3P 50A,Acti9 iC60L MCB 3P 50A 15kA,Schneider Electric,MCB,iC60L,3,50,,15,,54,85,69,18,6113500
iC60L 3P 63A,Acti9 iC60L MCB 3P 63A 15kA,Schneider Electric,MCB,iC60L,3,63,,15,,54,85,69,18,6113500
iC60L 4P 6A,Acti9 iC60L MCB 4P 6A 15kA,Schneider Electric,MCB,iC60L,4,6,,15,,72,85,69,18,5132900
iC60L 4P 10A,Acti9 iC60L MCB 4P 10A 15kA,Schneider Electric,MCB,iC60L,4,10,,15,,72,85,69,18,5132900
iC60L 4P 16A,Acti9 iC60L MCB 4P 16A 15kA,Schneider Electric,MCB,iC60L,4,16,,15,,72,85,69,18,5132900
iC60L 4P 20A,Acti9 iC60L MCB 4P 20A 15kA,Schneider Electric,MCB,iC60L,4,20,,15,,72,85,69,18,5132900
iC60L 4P 25A,Acti9 iC60L MCB 4P 25A 15kA,Schneider Electric,MCB,iC60L,4,25,,15,,72,85,69,18,5132900
iC60L 4P 32A,Acti9 iC60L MCB 4P 32A 15kA,Schneider Electric,MCB,iC60L,4,32,,15,,72,85,69,18,6313500
iC60L 4P 40A,Acti9 iC60L MCB 4P 40A 15kA,Schneider Electric,MCB,iC60L,4,40,,15,,72,85,69,18,6313500
iC60L 4P 50A,Acti9 iC60L MCB 4P 50A 15kA,Schneider Electric,MCB,iC60L,4,50,,15,,72,85,69,18,8469400
iC60L 4P 63A,Acti9 iC60L MCB 4P 63A 15kA,Schneider Electric,MCB,iC60L,4,63,,15,,72,85,69,18,8469400
C120N 1P 80A,Acti9 C120N MCB 1P 80A 10kA,Schneider Electric,MCB,C120N,1,80,,10,,18,85,69,0,1613700
C120N 1P 100A,Acti9 C120N MCB 1P 100A 10kA,Schneider Electric,MCB,C120N,1,100,,10,,18,85,69,0,1742800
C120N 1P 125A,Acti9 C120N MCB 1P 125A 10kA,Schneider Electric,MCB,C120N,1,125,,10,,18,85,69,0,1839600
C120N 2P 80A,Acti9 C120N MCB 2P 80A 10kA,Schneider Electric,MCB,C120N,2,80,,10,,36,85,69,18,3372600
C120N 2P 100A,Acti9 C120N MCB 2P 100A 10kA,Schneider Electric,MCB,C120N,2,100,,10,,36,85,69,18,3642400
C120N 2P 125A,Acti9 C120N MCB 2P 125A 10kA,Schneider Electric,MCB,C120N,2,125,,10,,36,85,69,18,3844800
C120N 3P 80A,Acti9 C120N MCB 3P 80A 10kA,Schneider Electric,MCB,C120N,3,80,,10,,54,85,69,18,5083200
C120N 3P 100A,Acti9 C120N MCB 3P 100A 10kA,Schneider Electric,MCB,C120N,3,100,,10,,54,85,69,18,5489800
C120N 3P 125A,Acti9 C120N MCB 3P 125A 10kA,Schneider Electric,MCB,C120N,3,125,,10,,54,85,69,18,5794800
C120N 4P 80A,Acti9 C120N MCB 4P 80A 10kA,Schneider Electric,MCB,C120N,4,80,,10,,72,85,69,18,6390300
C120N 4P 100A,Acti9 C120N MCB 4P 100A 10kA,Schneider Electric,MCB,C120N,4,100,,10,,72,85,69,18,6901500
C120N 4P 125A,Acti9 C120N MCB 4P 125A 10kA,Schneider Electric,MCB,C120N,4,125,,10,,72,85,69,18,7284900
C120H 1P 80A,Acti9 C120H MCB 1P 80A 15kA,Schneider Electric,MCB,C120H,1,80,,15,,18,85,69,0,1743500
C120H 1P 100A,Acti9 C120H MCB 1P 100A 15kA,Schneider Electric,MCB,C120H,1,100,,15,,18,85,69,0,1883000
C120H 1P 125A,Acti9 C120H MCB 1P 125A 15kA,Schneider Electric,MCB,C120H,1,125,,15,,18,85,69,0,1987600
C120H 2P 80A,Acti9 C120H MCB 2P 80A 15kA,Schneider Electric,MCB,C120H,2,80,,15,,36,85,69,18,3643900
C120H 2P 100A,Acti9 C120H MCB 2P 100A 15kA,Schneider Electric,MCB,C120H,2,100,,15,,36,85,69,18,3935400
C120H 2P 125A,Acti9 C120H MCB 2P 125A 15kA,Schneider Electric,MCB,C120H,2,125,,15,,36,85,69,18,4154100
C120H 3P 80A,Acti9 C120H MCB 3P 80A 15kA,Schneider Electric,MCB,C120H,3,80,,15,,54,85,69,18,5492000
C120H 3P 100A,Acti9 C120H MCB 3P 100A 15kA,Schneider Electric,MCB,C120H,3,100,,15,,54,85,69,18,5931400
C120H 3P 125A,Acti9 C120H MCB 3P 125A 15kA,Schneider Electric,MCB,C120H,3,125,,15,,54,85,69,18,6260900
C120H 4P 80A,Acti9 C120H MCB 4P 80A 15kA,Schneider Electric,MCB,C120H,4,80,,15,,72,85,69,18,6904300
C120H 4P 100A,Acti9 C120H MCB 4P 100A 15kA,Schneider Electric,MCB,C120H,4,100,,15,,72,85,69,18,7456600
C120H 4P 125A,Acti9 C120H MCB 4P 125A 15kA,Schneider Electric,MCB,C120H,4,125,,15,,72,85,69,18,7870900
GoPact 125T 3P 16A,GoPact 125T MCCB 3P 16A 10kA,Schneider Electric,MCCB,GoPact 125T,3,16,,10,,75,130,60,25,2094400
GoPact 125T 4P 16A,GoPact 125T MCCB 4P 16A 10kA,Schneider Electric,MCCB,GoPact 125T,4,16,,10,,99,130,60,25,2828100
GoPact 125T 3P 20A,GoPact 125T MCCB 3P 20A 10kA,Schneider Electric,MCCB,GoPact 125T,3,20,,10,,75,130,60,25,2094400
GoPact 125T 4P 20A,GoPact 125T MCCB 4P 20A 10kA,Schneider Electric,MCCB,GoPact 125T,4,20,,10,,99,130,60,25,2828100
GoPact 125T 3P 25A,GoPact 125T MCCB 3P 25A 10kA,Schneider Electric,MCCB,GoPact 125T,3,25,,10,,75,130,60,25,2094400
GoPact 125T 4P 25A,GoPact 125T MCCB 4P 25A 10kA,Schneider Electric,MCCB,GoPact 125T,4,25,,10,,99,130,60,25,2828100
GoPact 125T 3P 32A,GoPact 125T MCCB 3P 32A 10kA,Schneider Electric,MCCB,GoPact 125T,3,32,,10,,75,130,60,25,2094400
GoPact 125T 4P 32A,GoPact 125T MCCB 4P 32A 10kA,Schneider Electric,MCCB,GoPact 125T,4,32,,10,,99,130,60,25,2828100
GoPact 125T 3P 40A,GoPact 125T MCCB 3P 40A 10kA,Schneider Electric,MCCB,GoPact 125T,3,40,,10,,75,130,60,25,2094400
GoPact 125T 4P 40A,GoPact 125T MCCB 4P 40A 10kA,Schneider Electric,MCCB,GoPact 125T,4,40,,10,,99,130,60,25,2828100
GoPact 125T 3P 50A,GoPact 125T MCCB 3P 50A 10kA,Schneider Electric,MCCB,GoPact 125T,3,50,,10,,75,130,60,25,2094400
GoPact 125T 4P 50A,GoPact 125T MCCB 4P 50A 10kA,Schneider Electric,MCCB,GoPact 125T,4,50,,10,,99,130,60,25,2828100
GoPact 125T 3P 63A,GoPact 125T MCCB 3P 63A 10kA,Schneider Electric,MCCB,GoPact 125T,3,63,,10,,75,130,60,25,2303800
GoPact 125T 4P 63A,GoPact 125T MCCB 4P 63A 10kA,Schneider Electric,MCCB,GoPact 125T,4,63,,10,,99,130,60,25,3110900
GoPact 125T 3P 80A,GoPact 125T MCCB 3P 80A 10kA,Schneider Electric,MCCB,GoPact 125T,3,80,,10,,75,130,60,25,2303800
GoPact 125T 4P 80A,GoPact 125T MCCB 4P 80A 10kA,Schneider Electric,MCCB,GoPact 125T,4,80,,10,,99,130,60,25,3110900
GoPact 125T 3P 100A,GoPact 125T MCCB 3P 100A 10kA,Schneider Electric,MCCB,GoPact 125T,3,100,,10,,75,130,60,25,2513300
GoPact 125T 4P 100A,GoPact 125T MCCB 4P 100A 10kA,Schneider Electric,MCCB,GoPact 125T,4,100,,10,,99,130,60,25,3393700
GoPact 125T 3P 125A,GoPact 125T MCCB 3P 125A 10kA,Schneider Electric,MCCB,GoPact 125T,3,125,,10,,75,130,60,25,2513300
GoPact 125T 4P 125A,GoPact 125T MCCB 4P 125A 10kA,Schneider Electric,MCCB,GoPact 125T,4,125,,10,,99,130,60,25,3393700
GoPact 125E 3P 16A,GoPact 125E MCCB 3P 16A 15kA,Schneider Electric,MCCB,GoPact 125E,3,16,,15,,75,130,60,25,2755500
GoPact 125E 4P 16A,GoPact 125E MCCB 4P 16A 15kA,Schneider Electric,MCCB,GoPact 125E,4,16,,15,,99,130,60,25,3719100
GoPact 125E 3P 20A,GoPact 125E MCCB 3P 20A 15kA,Schneider Electric,MCCB,GoPact 125E,3,20,,15,,75,130,60,25,2755500
GoPact 125E 4P 20A,GoPact 125E MCCB 4P 20A 15kA,Schneider Electric,MCCB,GoPact 125E,4,20,,15,,99,130,60,25,3719100
GoPact 125E 3P 25A,GoPact 125E MCCB 3P 25A 15kA,Schneider Electric,MCCB,GoPact 125E,3,25,,15,,75,130,60,25,2755500
GoPact 125E 4P 25A,GoPact 125E MCCB 4P 25A 15kA,Schneider Electric,MCCB,GoPact 125E,4,25,,15,,99,130,60,25,3719100
GoPact 125E 3P 32A,GoPact 125E MCCB 3P 32A 15kA,Schneider Electric,MCCB,GoPact 125E,3,32,,15,,75,130,60,25,2755500
GoPact 125E 4P 32A,GoPact 125E MCCB 4P 32A 15kA,Schneider Electric,MCCB,GoPact 125E,4,32,,15,,99,130,60,25,3719100
GoPact 125E 3P 40A,GoPact 125E MCCB 3P 40A 15kA,Schneider Electric,MCCB,GoPact 125E,3,40,,15,,75,130,60,25,2755500
GoPact 125E 4P 40A,GoPact 125E MCCB 4P 40A 15kA,Schneider Electric,MCCB,GoPact 125E,4,40,,15,,99,130,60,25,3719100
GoPact 125E 3P 50A,GoPact 125E MCCB 3P 50A 15kA,Schneider Electric,MCCB,GoPact 125E,3,50,,15,,75,130,60,25,2755500
GoPact 125E 4P 50A,GoPact 125E MCCB 4P 50A 15kA,Schneider Electric,MCCB,GoPact 125E,4,50,,15,,99,130,60,25,3719100
GoPact 125E 3P 63A,GoPact 125E MCCB 3P 63A 15kA,Schneider Electric,MCCB,GoPact 125E,3,63,,15,,75,130,60,25,3031100
GoPact 125E 4P 63A,GoPact 125E MCCB 4P 63A 15kA,Schneider Electric,MCCB,GoPact 125E,4,63,,15,,99,130,60,25,4091000
GoPact 125E 3P 80A,GoPact 125E MCCB 3P 80A 15kA,Schneider Electric,MCCB,GoPact 125E,3,80,,15,,75,130,60,25,3031100
GoPact 125E 4P 80A,GoPact 125E MCCB 4P 80A 15kA,Schneider Electric,MCCB,GoPact 125E,4,80,,15,,99,130,60,25,4091000
GoPact 125E 3P 100A,GoPact 125E MCCB 3P 100A 15kA,Schneider Electric,MCCB,GoPact 125E,3,100,,15,,75,130,60,25,3306600
GoPact 125E 4P 100A,GoPact 125E MCCB 4P 100A 15kA,Schneider Electric,MCCB,GoPact 125E,4,100,,15,,99,130,60,25,4462900
GoPact 125E 3P 125A,GoPact 125E MCCB 3P 125A 15kA,Schneider Electric,MCCB,GoPact 125E,3,125,,15,,75,130,60,25,3306600
GoPact 125E 4P 125A,GoPact 125E MCCB 4P 125A 15kA,Schneider Electric,MCCB,GoPact 125E,4,125,,15,,99,130,60,25,4462900
GoPact 125F 3P 16A,GoPact 125F MCCB 3P 16A 30kA,Schneider Electric,MCCB,GoPact 125F,3,16,,30,,75,130,60,25,3348400
GoPact 125F 4P 16A,GoPact 125F MCCB 4P 16A 30kA,Schneider Electric,MCCB,GoPact 125F,4,16,,30,,99,130,60,25,4186600
GoPact 125F 3P 20A,GoPact 125F MCCB 3P 20A 30kA,Schneider Electric,MCCB,GoPact 125F,3,20,,30,,75,130,60,25,3348400
GoPact 125F 4P 20A,GoPact 125F MCCB 4P 20A 30kA,Schneider Electric,MCCB,GoPact 125F,4,20,,30,,99,130,60,25,4186600
GoPact 125F 3P 25A,GoPact 125F MCCB 3P 25A 30kA,Schneider Electric,MCCB,GoPact 125F,3,25,,30,,75,130,60,25,3348400
GoPact 125F 4P 25A,GoPact 125F MCCB 4P 25A 30kA,Schneider Electric,MCCB,GoPact 125F,4,25,,30,,99,130,60,25,4186600
GoPact 125F 3P 32A,GoPact 125F MCCB 3P 32A 30kA,Schneider Electric,MCCB,GoPact 125F,3,32,,30,,75,130,60,25,3348400
GoPact 125F 4P 32A,GoPact 125F MCCB 4P 32A 30kA,Schneider Electric,MCCB,GoPact 125F,4,32,,30,,99,130,60,25,4186600
GoPact 125F 3P 40A,GoPact 125F MCCB 3P 40A 30kA,Schneider Electric,MCCB,GoPact 125F,3,40,,30,,75,130,60,25,3348400
GoPact 125F 4P 40A,GoPact 125F MCCB 4P 40A 30kA,Schneider Electric,MCCB,GoPact 125F,4,40,,30,,99,130,60,25,4186600
GoPact 125F 3P 50A,GoPact 125F MCCB 3P 50A 30kA,Schneider Electric,MCCB,GoPact 125F,3,50,,30,,75,130,60,25,3348400
GoPact 125F 4P 50A,GoPact 125F MCCB 4P 50A 30kA,Schneider Electric,MCCB,GoPact 125F,4,50,,30,,99,130,60,25,4186600
GoPact 125F 3P 63A,GoPact 125F MCCB 3P 63A 30kA,Schneider Electric,MCCB,GoPact 125F,3,63,,30,,75,130,60,25,3683200
GoPact 125F 4P 63A,GoPact 125F MCCB 4P 63A 30kA,Schneider Electric,MCCB,GoPact 125F,4,63,,30,,99,130,60,25,4605300
GoPact 125F 3P 80A,GoPact 125F MCCB 3P 80A 30kA,Schneider Electric,MCCB,GoPact 125F,3,80,,30,,75,130,60,25,3683200
GoPact 125F 4P 80A,GoPact 125F MCCB 4P 80A 30kA,Schneider Electric,MCCB,GoPact 125F,4,80,,30,,99,130,60,25,4605300
GoPact 125F 3P 100A,GoPact 125F MCCB 3P 100A 30kA,Schneider Electric,MCCB,GoPact 125F,3,100,,30,,75,130,60,25,4018100
GoPact 125F 4P 100A,GoPact 125F MCCB 4P 100A 30kA,Schneider Electric,MCCB,GoPact 125F,4,100,,30,,99,130,60,25,5023900
GoPact 125F 3P 125A,GoPact 125F MCCB 3P 125A 30kA,Schneider Electric,MCCB,GoPact 125F,3,125,,30,,75,130,60,25,4018100
GoPact 125F 4P 125A,GoPact 125F MCCB 4P 125A 30kA,Schneider Electric,MCCB,GoPact 125F,4,125,,30,,99,130,60,25,5023900
GoPact 200B 3P 160A,GoPact 200B MCCB 3P 160A 25kA,Schneider Electric,MCCB,GoPact 200B,3,160,,25,,75,130,60,25,7681100
GoPact 200B 4P 160A,GoPact 200B MCCB 4P 160A 25kA,Schneider Electric,MCCB,GoPact 200B,4,160,,25,,99,130,60,25,10901900
GoPact 200B 3P 200A,GoPact 200B MCCB 3P 200A 25kA,Schneider Electric,MCCB,GoPact 200B,3,200,,25,,75,130,60,25,7681100
GoPact 200B 4P 200A,GoPact 200B MCCB 4P 200A 25kA,Schneider Electric,MCCB,GoPact 200B,4,200,,25,,99,130,60,25,10901900
GoPact 200F 3P 160A,GoPact 200F MCCB 3P 160A 36kA,Schneider Electric,MCCB,GoPact 200F,3,160,,36,,75,130,60,25,8339800
GoPact 200F 4P 160A,GoPact 200F MCCB 4P 160A 36kA,Schneider Electric,MCCB,GoPact 200F,4,160,,36,,99,130,60,25,11476100
GoPact 200F 3P 200A,GoPact 200F MCCB 3P 200A 36kA,Schneider Electric,MCCB,GoPact 200F,3,200,,36,,75,130,60,25,8339800
GoPact 200F 4P 200A,GoPact 200F MCCB 4P 200A 36kA,Schneider Electric,MCCB,GoPact 200F,4,200,,36,,99,130,60,25,11476100
GoPact 250B 3P 250A,GoPact 250B MCCB 3P 250A 25kA,Schneider Electric,MCCB,GoPact 250B,3,250,,25,,105,165,90,35,9072400
GoPact 250B 4P 250A,GoPact 250B MCCB 4P 250A 25kA,Schneider Electric,MCCB,GoPact 250B,4,250,,25,,139,165,90,35,12027800
GoPact 250F 3P 250A,GoPact 250F MCCB 3P 250A 36kA,Schneider Electric,MCCB,GoPact 250F,3,250,,36,,105,165,90,35,10067600
GoPact 250F 4P 250A,GoPact 250F MCCB 4P 250A 36kA,Schneider Electric,MCCB,GoPact 250F,4,250,,36,,139,165,90,35,14084400
GoPact 400F 3P 320A,GoPact 400F MCCB 3P 320A 36kA,Schneider Electric,MCCB,GoPact 400F,3,320,,36,,120,205,105,44,11490600
GoPact 400F 4P 320A,GoPact 400F MCCB 4P 320A 36kA,Schneider Electric,MCCB,GoPact 400F,4,320,,36,,159,205,105,44,13807200
GoPact 400F 3P 400A,GoPact 400F MCCB 3P 400A 36kA,Schneider Electric,MCCB,GoPact 400F,3,400,,36,,120,205,105,44,11490600
GoPact 400F 4P 400A,GoPact 400F MCCB 4P 400A 36kA,Schneider Electric,MCCB,GoPact 400F,4,400,,36,,159,205,105,44,13807200
GoPact 400N 3P 320A,GoPact 400N MCCB 3P 320A 50kA,Schneider Electric,MCCB,GoPact 400N,3,320,,50,,120,205,105,44,12612600
GoPact 400N 4P 320A,GoPact 400N MCCB 4P 320A 50kA,Schneider Electric,MCCB,GoPact 400N,4,320,,50,,159,205,105,44,14773400
GoPact 400N 3P 400A,GoPact 400N MCCB 3P 400A 50kA,Schneider Electric,MCCB,GoPact 400N,3,400,,50,,120,205,105,44,12612600
GoPact 400N 4P 400A,GoPact 400N MCCB 4P 400A 50kA,Schneider Electric,MCCB,GoPact 400N,4,400,,50,,159,205,105,44,14773400
GoPact 800N 3P 500A,GoPact 800N MCCB 3P 500A 50kA,Schneider Electric,MCCB,GoPact 800N,3,500,,50,,180,250,105,60,27747700
GoPact 800N 4P 500A,GoPact 800N MCCB 4P 500A 50kA,Schneider Electric,MCCB,GoPact 800N,4,500,,50,,239,250,105,60,36071600
GoPact 800N 3P 630A,GoPact 800N MCCB 3P 630A 50kA,Schneider Electric,MCCB,GoPact 800N,3,630,,50,,180,250,105,60,27747700
GoPact 800N 4P 630A,GoPact 800N MCCB 4P 630A 50kA,Schneider Electric,MCCB,GoPact 800N,4,630,,50,,239,250,105,60,36071600
GoPact 800N 3P 800A,GoPact 800N MCCB 3P 800A 50kA,Schneider Electric,MCCB,GoPact 800N,3,800,,50,,180,250,105,60,27747700
GoPact 800N 4P 800A,GoPact 800N MCCB 4P 800A 50kA,Schneider Electric,MCCB,GoPact 800N,4,800,,50,,239,250,105,60,36071600
GoPact 800H 3P 500A,GoPact 800H MCCB 3P 500A 70kA,Schneider Electric,MCCB,GoPact 800H,3,500,,70,,180,250,105,60,30202900
GoPact 800H 4P 500A,GoPact 800H MCCB 4P 500A 70kA,Schneider Electric,MCCB,GoPact 800H,4,500,,70,,239,250,105,60,39262100
GoPact 800H 3P 630A,GoPact 800H MCCB 3P 630A 70kA,Schneider Electric,MCCB,GoPact 800H,3,630,,70,,180,250,105,60,30202900
GoPact 800H 4P 630A,GoPact 800H MCCB 4P 630A 70kA,Schneider Electric,MCCB,GoPact 800H,4,630,,70,,239,250,105,60,39262100
GoPact 800H 3P 800A,GoPact 800H MCCB 3P 800A 70kA,Schneider Electric,MCCB,GoPact 800H,3,800,,70,,180,250,105,60,30202900
GoPact 800H 4P 800A,GoPact 800H MCCB 4P 800A 70kA,Schneider Electric,MCCB,GoPact 800H,4,800,,70,,239,250,105,60,39262100
EZC100 1P 15A 18kA,EasyPact EZC100 1P 15A 18kA,Schneider Electric,MCCB,EZC100,1,15,,18,,25,130,75,25,1596100
EZC100 1P 16A 18kA,EasyPact EZC100 1P 16A 18kA,Schneider Electric,MCCB,EZC100,1,16,,18,,25,130,75,25,1596100
EZC100 1P 20A 18kA,EasyPact EZC100 1P 20A 18kA,Schneider Electric,MCCB,EZC100,1,20,,18,,25,130,75,25,1596100
EZC100 1P 25A 18kA,EasyPact EZC100 1P 25A 18kA,Schneider Electric,MCCB,EZC100,1,25,,18,,25,130,75,25,1596100
EZC100 1P 30A 18kA,EasyPact EZC100 1P 30A 18kA,Schneider Electric,MCCB,EZC100,1,30,,18,,25,130,75,25,1596100
EZC100 1P 32A 18kA,EasyPact EZC100 1P 32A 18kA,Schneider Electric,MCCB,EZC100,1,32,,18,,25,130,75,25,1596100
EZC100 1P 40A 18kA,EasyPact EZC100 1P 40A 18kA,Schneider Electric,MCCB,EZC100,1,40,,18,,25,130,75,25,1596100
EZC100 1P 50A 18kA,EasyPact EZC100 1P 50A 18kA,Schneider Electric,MCCB,EZC100,1,50,,18,,25,130,75,25,1755710
EZC100 1P 60A 18kA,EasyPact EZC100 1P 60A 18kA,Schneider Electric,MCCB,EZC100,1,60,,18,,25,130,75,25,1755710
EZC100 1P 63A 18kA,EasyPact EZC100 1P 63A 18kA,Schneider Electric,MCCB,EZC100,1,63,,18,,25,130,75,25,1755710
EZC100 1P 75A 18kA,EasyPact EZC100 1P 75A 18kA,Schneider Electric,MCCB,EZC100,1,75,,18,,25,130,75,25,1755710
EZC100 1P 80A 18kA,EasyPact EZC100 1P 80A 18kA,Schneider Electric,MCCB,EZC100,1,80,,18,,25,130,75,25,1755710
EZC100 1P 100A 18kA,EasyPact EZC100 1P 100A 18kA,Schneider Electric,MCCB,EZC100,1,100,,18,,25,130,75,25,1755710
EZC100 2P 15A 18kA,EasyPact EZC100 2P 15A 18kA,Schneider Electric,MCCB,EZC100,2,15,,18,,50,130,75,25,3192200
EZC100 2P 16A 18kA,EasyPact EZC100 2P 16A 18kA,Schneider Electric,MCCB,EZC100,2,16,,18,,50,130,75,25,3192200
EZC100 2P 20A 18kA,EasyPact EZC100 2P 20A 18kA,Schneider Electric,MCCB,EZC100,2,20,,18,,50,130,75,25,3192200
EZC100 2P 25A 18kA,EasyPact EZC100 2P 25A 18kA,Schneider Electric,MCCB,EZC100,2,25,,18,,50,130,75,25,3192200
EZC100 2P 30A 18kA,EasyPact EZC100 2P 30A 18kA,Schneider Electric,MCCB,EZC100,2,30,,18,,50,130,75,25,3192200
EZC100 2P 32A 18kA,EasyPact EZC100 2P 32A 18kA,Schneider Electric,MCCB,EZC100,2,32,,18,,50,130,75,25,3192200
EZC100 2P 40A 18kA,EasyPact EZC100 2P 40A 18kA,Schneider Electric,MCCB,EZC100,2,40,,18,,50,130,75,25,3192200
EZC100 2P 50A 18kA,EasyPact EZC100 2P 50A 18kA,Schneider Electric,MCCB,EZC100,2,50,,18,,50,130,75,25,3511420
EZC100 2P 60A 18kA,EasyPact EZC100 2P 60A 18kA,Schneider Electric,MCCB,EZC100,2,60,,18,,50,130,75,25,3511420
EZC100 2P 63A 18kA,EasyPact EZC100 2P 63A 18kA,Schneider Electric,MCCB,EZC100,2,63,,18,,50,130,75,25,3511420
EZC100 2P 75A 18kA,EasyPact EZC100 2P 75A 18kA,Schneider Electric,MCCB,EZC100,2,75,,18,,50,130,75,25,3511420
EZC100 2P 80A 18kA,EasyPact EZC100 2P 80A 18kA,Schneider Electric,MCCB,EZC100,2,80,,18,,50,130,75,25,3511420
EZC100 2P 100A 18kA,EasyPact EZC100 2P 100A 18kA,Schneider Electric,MCCB,EZC100,2,100,,18,,50,130,75,25,3511420
EZC100 3P 15A 18kA,EasyPact EZC100 3P 15A 18kA,Schneider Electric,MCCB,EZC100,3,15,,18,,75,130,75,25,4788300
EZC100 3P 16A 18kA,EasyPact EZC100 3P 16A 18kA,Schneider Electric,MCCB,EZC100,3,16,,18,,75,130,75,25,4788300
EZC100 3P 20A 18kA,EasyPact EZC100 3P 20A 18kA,Schneider Electric,MCCB,EZC100,3,20,,18,,75,130,75,25,4788300
EZC100 3P 25A 18kA,EasyPact EZC100 3P 25A 18kA,Schneider Electric,MCCB,EZC100,3,25,,18,,75,130,75,25,4788300
EZC100 3P 30A 18kA,EasyPact EZC100 3P 30A 18kA,Schneider Electric,MCCB,EZC100,3,30,,18,,75,130,75,25,4788300
EZC100 3P 32A 18kA,EasyPact EZC100 3P 32A 18kA,Schneider Electric,MCCB,EZC100,3,32,,18,,75,130,75,25,4788300
EZC100 3P 40A 18kA,EasyPact EZC100 3P 40A 18kA,Schneider Electric,MCCB,EZC100,3,40,,18,,75,130,75,25,4788300
EZC100 3P 50A 18kA,EasyPact EZC100 3P 50A 18kA,Schneider Electric,MCCB,EZC100,3,50,,18,,75,130,75,25,5267130
EZC100 3P 60A 18kA,EasyPact EZC100 3P 60A 18kA,Schneider Electric,MCCB,EZC100,3,60,,18,,75,130,75,25,5267130
EZC100 3P 63A 18kA,EasyPact EZC100 3P 63A 18kA,Schneider Electric,MCCB,EZC100,3,63,,18,,75,130,75,25,5267130
EZC100 3P 75A 18kA,EasyPact EZC100 3P 75A 18kA,Schneider Electric,MCCB,EZC100,3,75,,18,,75,130,75,25,5267130
EZC100 3P 80A 18kA,EasyPact EZC100 3P 80A 18kA,Schneider Electric,MCCB,EZC100,3,80,,18,,75,130,75,25,5267130
EZC100 3P 100A 18kA,EasyPact EZC100 3P 100A 18kA,Schneider Electric,MCCB,EZC100,3,100,,18,,75,130,75,25,5267130
EZC100 4P 15A 18kA,EasyPact EZC100 4P 15A 18kA,Schneider Electric,MCCB,EZC100,4,15,,18,,100,130,75,25,6384400
EZC100 4P 16A 18kA,EasyPact EZC100 4P 16A 18kA,Schneider Electric,MCCB,EZC100,4,16,,18,,100,130,75,25,6384400
EZC100 4P 20A 18kA,EasyPact EZC100 4P 20A 18kA,Schneider Electric,MCCB,EZC100,4,20,,18,,100,130,75,25,6384400
EZC100 4P 25A 18kA,EasyPact EZC100 4P 25A 18kA,Schneider Electric,MCCB,EZC100,4,25,,18,,100,130,75,25,6384400
EZC100 4P 30A 18kA,EasyPact EZC100 4P 30A 18kA,Schneider Electric,MCCB,EZC100,4,30,,18,,100,130,75,25,6384400
EZC100 4P 32A 18kA,EasyPact EZC100 4P 32A 18kA,Schneider Electric,MCCB,EZC100,4,32,,18,,100,130,75,25,6384400
EZC100 4P 40A 18kA,EasyPact EZC100 4P 40A 18kA,Schneider Electric,MCCB,EZC100,4,40,,18,,100,130,75,25,6384400
EZC100 4P 50A 18kA,EasyPact EZC100 4P 50A 18kA,Schneider Electric,MCCB,EZC100,4,50,,18,,100,130,75,25,7022840
EZC100 4P 60A 18kA,EasyPact EZC100 4P 60A 18kA,Schneider Electric,MCCB,EZC100,4,60,,18,,100,130,75,25,7022840
EZC100 4P 63A 18kA,EasyPact EZC100 4P 63A 18kA,Schneider Electric,MCCB,EZC100,4,63,,18,,100,130,75,25,7022840
EZC100 4P 75A 18kA,EasyPact EZC100 4P 75A 18kA,Schneider Electric,MCCB,EZC100,4,75,,18,,100,130,75,25,7022840
EZC100 4P 80A 18kA,EasyPact EZC100 4P 80A 18kA,Schneider Electric,MCCB,EZC100,4,80,,18,,100,130,75,25,7022840
EZC100 4P 100A 18kA,EasyPact EZC100 4P 100A 18kA,Schneider Electric,MCCB,EZC100,4,100,,18,,100,130,75,25,7022840
NXB-63 1P 6A,MCB Chint NXB-63 1P 6A 6kA,Chint,MCB,NXB-63,1,6,,6,,18,85,69,0,66000
NXB-63 1P 10A,MCB Chint NXB-63 1P 10A 6kA,Chint,MCB,NXB-63,1,10,,6,,18,85,69,0,66000
NXB-63 1P 16A,MCB Chint NXB-63 1P 16A 6kA,Chint,MCB,NXB-63,1,16,,6,,18,85,69,0,66000
NXB-63 1P 20A,MCB Chint NXB-63 1P 20A 6kA,Chint,MCB,NXB-63,1,20,,6,,18,85,69,0,66000
NXB-63 1P 25A,MCB Chint NXB-63 1P 25A 6kA,Chint,MCB,NXB-63,1,25,,6,,18,85,69,0,66000
NXB-63 1P 32A,MCB Chint NXB-63 1P 32A 6kA,Chint,MCB,NXB-63,1,32,,6,,18,85,69,0,70400
NXB-63 1P 40A,MCB Chint NXB-63 1P 40A 6kA,Chint,MCB,NXB-63,1,40,,6,,18,85,69,0,70400
NXB-63 1P 50A,MCB Chint NXB-63 1P 50A 6kA,Chint,MCB,NXB-63,1,50,,6,,18,85,69,0,79200
NXB-63 1P 63A,MCB Chint NXB-63 1P 63A 6kA,Chint,MCB,NXB-63,1,63,,6,,18,85,69,0,79200
NXB-63 2P 6A,MCB Chint NXB-63 2P 6A 6kA,Chint,MCB,NXB-63,2,6,,6,,36,85,69,18,124100
NXB-63 2P 10A,MCB Chint NXB-63 2P 10A 6kA,Chint,MCB,NXB-63,2,10,,6,,36,85,69,18,124100
NXB-63 2P 16A,MCB Chint NXB-63 2P 16A 6kA,Chint,MCB,NXB-63,2,16,,6,,36,85,69,18,124100
NXB-63 2P 20A,MCB Chint NXB-63 2P 20A 6kA,Chint,MCB,NXB-63,2,20,,6,,36,85,69,18,124100
NXB-63 2P 25A,MCB Chint NXB-63 2P 25A 6kA,Chint,MCB,NXB-63,2,25,,6,,36,85,69,18,124100
NXB-63 2P 32A,MCB Chint NXB-63 2P 32A 6kA,Chint,MCB,NXB-63,2,32,,6,,36,85,69,18,132400
NXB-63 2P 40A,MCB Chint NXB-63 2P 40A 6kA,Chint,MCB,NXB-63,2,40,,6,,36,85,69,18,132400
NXB-63 2P 50A,MCB Chint NXB-63 2P 50A 6kA,Chint,MCB,NXB-63,2,50,,6,,36,85,69,18,148900
NXB-63 2P 63A,MCB Chint NXB-63 2P 63A 6kA,Chint,MCB,NXB-63,2,63,,6,,36,85,69,18,148900
NXB-63 3P 6A,MCB Chint NXB-63 3P 6A 6kA,Chint,MCB,NXB-63,3,6,,6,,54,85,69,18,181500
NXB-63 3P 10A,MCB Chint NXB-63 3P 10A 6kA,Chint,MCB,NXB-63,3,10,,6,,54,85,69,18,181500
NXB-63 3P 16A,MCB Chint NXB-63 3P 16A 6kA,Chint,MCB,NXB-63,3,16,,6,,54,85,69,18,181500
NXB-63 3P 20A,MCB Chint NXB-63 3P 20A 6kA,Chint,MCB,NXB-63,3,20,,6,,54,85,69,18,181500
NXB-63 3P 25A,MCB Chint NXB-63 3P 25A 6kA,Chint,MCB,NXB-63,3,25,,6,,54,85,69,18,181500
NXB-63 3P 32A,MCB Chint NXB-63 3P 32A 6kA,Chint,MCB,NXB-63,3,32,,6,,54,85,69,18,193600
NXB-63 3P 40A,MCB Chint NXB-63 3P 40A 6kA,Chint,MCB,NXB-63,3,40,,6,,54,85,69,18,193600
NXB-63 3P 50A,MCB Chint NXB-63 3P 50A 6kA,Chint,MCB,NXB-63,3,50,,6,,54,85,69,18,217800
NXB-63 3P 63A,MCB Chint NXB-63 3P 63A 6kA,Chint,MCB,NXB-63,3,63,,6,,54,85,69,18,217800
NXB-63 4P 6A,MCB Chint NXB-63 4P 6A 6kA,Chint,MCB,NXB-63,4,6,,6,,72,85,69,18,239600
NXB-63 4P 10A,MCB Chint NXB-63 4P 10A 6kA,Chint,MCB,NXB-63,4,10,,6,,72,85,69,18,239600
NXB-63 4P 16A,MCB Chint NXB-63 4P 16A 6kA,Chint,MCB,NXB-63,4,16,,6,,72,85,69,18,239600
NXB-63 4P 20A,MCB Chint NXB-63 4P 20A 6kA,Chint,MCB,NXB-63,4,20,,6,,72,85,69,18,239600
NXB-63 4P 25A,MCB Chint NXB-63 4P 25A 6kA,Chint,MCB,NXB-63,4,25,,6,,72,85,69,18,239600
NXB-63 4P 32A,MCB Chint NXB-63 4P 32A 6kA,Chint,MCB,NXB-63,4,32,,6,,72,85,69,18,255600
NXB-63 4P 40A,MCB Chint NXB-63 4P 40A 6kA,Chint,MCB,NXB-63,4,40,,6,,72,85,69,18,255600
NXB-63 4P 50A,MCB Chint NXB-63 4P 50A 6kA,Chint,MCB,NXB-63,4,50,,6,,72,85,69,18,287500
NXB-63 4P 63A,MCB Chint NXB-63 4P 63A 6kA,Chint,MCB,NXB-63,4,63,,6,,72,85,69,18,287500
NXB-63H 1P 6A,MCB Chint NXB-63H 1P 6A 10kA,Chint,MCB,NXB-63H,1,6,,10,,18,85,69,0,99000
NXB-63H 1P 10A,MCB Chint NXB-63H 1P 10A 10kA,Chint,MCB,NXB-63H,1,10,,10,,18,85,69,0,99000
NXB-63H 1P 16A,MCB Chint NXB-63H 1P 16A 10kA,Chint,MCB,NXB-63H,1,16,,10,,18,85,69,0,99000
NXB-63H 1P 20A,MCB Chint NXB-63H 1P 20A 10kA,Chint,MCB,NXB-63H,1,20,,10,,18,85,69,0,99000
NXB-63H 1P 25A,MCB Chint NXB-63H 1P 25A 10kA,Chint,MCB,NXB-63H,1,25,,10,,18,85,69,0,99000
NXB-63H 1P 32A,MCB Chint NXB-63H 1P 32A 10kA,Chint,MCB,NXB-63H,1,32,,10,,18,85,69,0,99000
NXB-63H 1P 40A,MCB Chint NXB-63H 1P 40A 10kA,Chint,MCB,NXB-63H,1,40,,10,,18,85,69,0,99000
NXB-63H 1P 50A,MCB Chint NXB-63H 1P 50A 10kA,Chint,MCB,NXB-63H,1,50,,10,,18,85,69,0,110000
NXB-63H 1P 63A,MCB Chint NXB-63H 1P 63A 10kA,Chint,MCB,NXB-63H,1,63,,10,,18,85,69,0,110000
NXB-63H 2P 6A,MCB Chint NXB-63H 2P 6A 10kA,Chint,MCB,NXB-63H,2,6,,10,,36,85,69,18,199000
NXB-63H 2P 10A,MCB Chint NXB-63H 2P 10A 10kA,Chint,MCB,NXB-63H,2,10,,10,,36,85,69,18,199000
NXB-63H 2P 16A,MCB Chint NXB-63H 2P 16A 10kA,Chint,MCB,NXB-63H,2,16,,10,,36,85,69,18,199000
NXB-63H 2P 20A,MCB Chint NXB-63H 2P 20A 10kA,Chint,MCB,NXB-63H,2,20,,10,,36,85,69,18,199000
NXB-63H 2P 25A,MCB Chint NXB-63H 2P 25A 10kA,Chint,MCB,NXB-63H,2,25,,10,,36,85,69,18,199000
NXB-63H 2P 32A,MCB Chint NXB-63H 2P 32A 10kA,Chint,MCB,NXB-63H,2,32,,10,,36,85,69,18,199000
NXB-63H 2P 40A,MCB Chint NXB-63H 2P 40A 10kA,Chint,MCB,NXB-63H,2,40,,10,,36,85,69,18,199000
NXB-63H 2P 50A,MCB Chint NXB-63H 2P 50A 10kA,Chint,MCB,NXB-63H,2,50,,10,,36,85,69,18,221100
NXB-63H 2P 63A,MCB Chint NXB-63H 2P 63A 10kA,Chint,MCB,NXB-63H,2,63,,10,,36,85,69,18,221100
NXB-63H 3P 6A,MCB Chint NXB-63H 3P 6A 10kA,Chint,MCB,NXB-63H,3,6,,10,,54,85,69,18,291100
NXB-63H 3P 10A,MCB Chint NXB-63H 3P 10A 10kA,Chint,MCB,NXB-63H,3,10,,10,,54,85,69,18,291100
NXB-63H 3P 16A,MCB Chint NXB-63H 3P 16A 10kA,Chint,MCB,NXB-63H,3,16,,10,,54,85,69,18,291100
NXB-63H 3P 20A,MCB Chint NXB-63H 3P 20A 10kA,Chint,MCB,NXB-63H,3,20,,10,,54,85,69,18,291100
NXB-63H 3P 25A,MCB Chint NXB-63H 3P 25A 10kA,Chint,MCB,NXB-63H,3,25,,10,,54,85,69,18,291100
NXB-63H 3P 32A,MCB Chint NXB-63H 3P 32A 10kA,Chint,MCB,NXB-63H,3,32,,10,,54,85,69,18,291100
NXB-63H 3P 40A,MCB Chint NXB-63H 3P 40A 10kA,Chint,MCB,NXB-63H,3,40,,10,,54,85,69,18,291100
NXB-63H 3P 50A,MCB Chint NXB-63H 3P 50A 10kA,Chint,MCB,NXB-63H,3,50,,10,,54,85,69,18,323400
NXB-63H 3P 63A,MCB Chint NXB-63H 3P 63A 10kA,Chint,MCB,NXB-63H,3,63,,10,,54,85,69,18,323400
NXB-63H 4P 6A,MCB Chint NXB-63H 4P 6A 10kA,Chint,MCB,NXB-63H,4,6,,10,,72,85,69,18,403900
NXB-63H 4P 10A,MCB Chint NXB-63H 4P 10A 10kA,Chint,MCB,NXB-63H,4,10,,10,,72,85,69,18,403900
NXB-63H 4P 16A,MCB Chint NXB-63H 4P 16A 10kA,Chint,MCB,NXB-63H,4,16,,10,,72,85,69,18,403900
NXB-63H 4P 20A,MCB Chint NXB-63H 4P 20A 10kA,Chint,MCB,NXB-63H,4,20,,10,,72,85,69,18,403900
NXB-63H 4P 25A,MCB Chint NXB-63H 4P 25A 10kA,Chint,MCB,NXB-63H,4,25,,10,,72,85,69,18,403900
NXB-63H 4P 32A,MCB Chint NXB-63H 4P 32A 10kA,Chint,MCB,NXB-63H,4,32,,10,,72,85,69,18,403900
NXB-63H 4P 40A,MCB Chint NXB-63H 4P 40A 10kA,Chint,MCB,NXB-63H,4,40,,10,,72,85,69,18,403900
NXB-63H 4P 50A,MCB Chint NXB-63H 4P 50A 10kA,Chint,MCB,NXB-63H,4,50,,10,,72,85,69,18,448800
NXB-63H 4P 63A,MCB Chint NXB-63H 4P 63A 10kA,Chint,MCB,NXB-63H,4,63,,10,,72,85,69,18,448800
NXB-125 1P 63A,MCB Chint NXB-125 1P 63A 10kA,Chint,MCB,NXB-125,1,63,,10,,27,90,75,27,138600
NXB-125 1P 80A,MCB Chint NXB-125 1P 80A 10kA,Chint,MCB,NXB-125,1,80,,10,,27,90,75,27,138600
NXB-125 1P 100A,MCB Chint NXB-125 1P 100A 10kA,Chint,MCB,NXB-125,1,100,,10,,27,90,75,27,138600
NXB-125 1P 125A,MCB Chint NXB-125 1P 125A 10kA,Chint,MCB,NXB-125,1,125,,10,,27,90,75,27,162800
NXB-125 2P 63A,MCB Chint NXB-125 2P 63A 10kA,Chint,MCB,NXB-125,2,63,,10,,54,90,75,27,278600
NXB-125 2P 80A,MCB Chint NXB-125 2P 80A 10kA,Chint,MCB,NXB-125,2,80,,10,,54,90,75,27,278600
NXB-125 2P 100A,MCB Chint NXB-125 2P 100A 10kA,Chint,MCB,NXB-125,2,100,,10,,54,90,75,27,278600
NXB-125 2P 125A,MCB Chint NXB-125 2P 125A 10kA,Chint,MCB,NXB-125,2,125,,10,,54,90,75,27,327200
NXB-125 3P 63A,MCB Chint NXB-125 3P 63A 10kA,Chint,MCB,NXB-125,3,63,,10,,81,90,75,27,417200
NXB-125 3P 80A,MCB Chint NXB-125 3P 80A 10kA,Chint,MCB,NXB-125,3,80,,10,,81,90,75,27,417200
NXB-125 3P 100A,MCB Chint NXB-125 3P 100A 10kA,Chint,MCB,NXB-125,3,100,,10,,81,90,75,27,417200
NXB-125 3P 125A,MCB Chint NXB-125 3P 125A 10kA,Chint,MCB,NXB-125,3,125,,10,,81,90,75,27,490000
NXB-125 4P 63A,MCB Chint NXB-125 4P 63A 10kA,Chint,MCB,NXB-125,4,63,,10,,108,90,75,27,555800
NXB-125 4P 80A,MCB Chint NXB-125 4P 80A 10kA,Chint,MCB,NXB-125,4,80,,10,,108,90,75,27,555800
NXB-125 4P 100A,MCB Chint NXB-125 4P 100A 10kA,Chint,MCB,NXB-125,4,100,,10,,108,90,75,27,555800
NXB-125 4P 125A,MCB Chint NXB-125 4P 125A 10kA,Chint,MCB,NXB-125,4,125,,10,,108,90,75,27,652800
NXBLE-32 2P 6A 30mA,RCBO Chint NXBLE-32 2P 6A 6kA 30mA,Chint,RCBO,NXBLE-32,2,6,,6,30,36,85,69,18,288200
NXBLE-32 2P 10A 30mA,RCBO Chint NXBLE-32 2P 10A 6kA 30mA,Chint,RCBO,NXBLE-32,2,10,,6,30,36,85,69,18,288200
NXBLE-32 2P 16A 30mA,RCBO Chint NXBLE-32 2P 16A 6kA 30mA,Chint,RCBO,NXBLE-32,2,16,,6,30,36,85,69,18,288200
NXBLE-32 2P 20A 30mA,RCBO Chint NXBLE-32 2P 20A 6kA 30mA,Chint,RCBO,NXBLE-32,2,20,,6,30,36,85,69,18,288200
NXBLE-32 2P 25A 30mA,RCBO Chint NXBLE-32 2P 25A 6kA 30mA,Chint,RCBO,NXBLE-32,2,25,,6,30,36,85,69,18,288200
NXBLE-32 2P 32A 30mA,RCBO Chint NXBLE-32 2P 32A 6kA 30mA,Chint,RCBO,NXBLE-32,2,32,,6,30,36,85,69,18,288200
NXBLE-32 3P 6A 30mA,RCBO Chint NXBLE-32 3P 6A 6kA 30mA,Chint,RCBO,NXBLE-32,3,6,,6,30,54,85,69,18,426500
NXBLE-32 3P 10A 30mA,RCBO Chint NXBLE-32 3P 10A 6kA 30mA,Chint,RCBO,NXBLE-32,3,10,,6,30,54,85,69,18,426500
NXBLE-32 3P 16A 30mA,RCBO Chint NXBLE-32 3P 16A 6kA 30mA,Chint,RCBO,NXBLE-32,3,16,,6,30,54,85,69,18,426500
NXBLE-32 3P 20A 30mA,RCBO Chint NXBLE-32 3P 20A 6kA 30mA,Chint,RCBO,NXBLE-32,3,20,,6,30,54,85,69,18,426500
NXBLE-32 3P 25A 30mA,RCBO Chint NXBLE-32 3P 25A 6kA 30mA,Chint,RCBO,NXBLE-32,3,25,,6,30,54,85,69,18,426500
NXBLE-32 3P 32A 30mA,RCBO Chint NXBLE-32 3P 32A 6kA 30mA,Chint,RCBO,NXBLE-32,3,32,,6,30,54,85,69,18,426500
NXBLE-32 4P 6A 30mA,RCBO Chint NXBLE-32 4P 6A 6kA 30mA,Chint,RCBO,NXBLE-32,4,6,,6,30,72,85,69,18,541800
NXBLE-32 4P 10A 30mA,RCBO Chint NXBLE-32 4P 10A 6kA 30mA,Chint,RCBO,NXBLE-32,4,10,,6,30,72,85,69,18,541800
NXBLE-32 4P 16A 30mA,RCBO Chint NXBLE-32 4P 16A 6kA 30mA,Chint,RCBO,NXBLE-32,4,16,,6,30,72,85,69,18,541800
NXBLE-32 4P 20A 30mA,RCBO Chint NXBLE-32 4P 20A 6kA 30mA,Chint,RCBO,NXBLE-32,4,20,,6,30,72,85,69,18,541800
NXBLE-32 4P 25A 30mA,RCBO Chint NXBLE-32 4P 25A 6kA 30mA,Chint,RCBO,NXBLE-32,4,25,,6,30,72,85,69,18,541800
NXBLE-32 4P 32A 30mA,RCBO Chint NXBLE-32 4P 32A 6kA 30mA,Chint,RCBO,NXBLE-32,4,32,,6,30,72,85,69,18,541800
NXBLE-63 2P 40A 30mA,RCBO Chint NXBLE-63 2P 40A 6kA 30mA,Chint,RCBO,NXBLE-63,2,40,,6,30,36,85,69,18,422400
NXBLE-63 2P 50A 30mA,RCBO Chint NXBLE-63 2P 50A 6kA 30mA,Chint,RCBO,NXBLE-63,2,50,,6,30,36,85,69,18,422400
NXBLE-63 2P 63A 30mA,RCBO Chint NXBLE-63 2P 63A 6kA 30mA,Chint,RCBO,NXBLE-63,2,63,,6,30,36,85,69,18,422400
NXBLE-63 3P 40A 30mA,RCBO Chint NXBLE-63 3P 40A 6kA 30mA,Chint,RCBO,NXBLE-63,3,40,,6,30,54,85,69,18,625200
NXBLE-63 3P 50A 30mA,RCBO Chint NXBLE-63 3P 50A 6kA 30mA,Chint,RCBO,NXBLE-63,3,50,,6,30,54,85,69,18,625200
NXBLE-63 3P 63A 30mA,RCBO Chint NXBLE-63 3P 63A 6kA 30mA,Chint,RCBO,NXBLE-63,3,63,,6,30,54,85,69,18,625200
NXBLE-63 4P 40A 30mA,RCBO Chint NXBLE-63 4P 40A 6kA 30mA,Chint,RCBO,NXBLE-63,4,40,,6,30,72,85,69,18,794100
NXBLE-63 4P 50A 30mA,RCBO Chint NXBLE-63 4P 50A 6kA 30mA,Chint,RCBO,NXBLE-63,4,50,,6,30,72,85,69,18,794100
NXBLE-63 4P 63A 30mA,RCBO Chint NXBLE-63 4P 63A 6kA 30mA,Chint,RCBO,NXBLE-63,4,63,,6,30,72,85,69,18,794100
NXBLE-125 2P 63A 30mA,RCBO Chint NXBLE-125 2P 63A 10kA 30mA,Chint,RCBO,NXBLE-125,2,63,,10,30,54,90,75,27,680900
NXBLE-125 2P 80A 30mA,RCBO Chint NXBLE-125 2P 80A 10kA 30mA,Chint,RCBO,NXBLE-125,2,80,,10,30,54,90,75,27,680900
NXBLE-125 2P 100A 30mA,RCBO Chint NXBLE-125 2P 100A 10kA 30mA,Chint,RCBO,NXBLE-125,2,100,,10,30,54,90,75,27,680900
NXBLE-125 2P 125A 30mA,RCBO Chint NXBLE-125 2P 125A 10kA 30mA,Chint,RCBO,NXBLE-125,2,125,,10,30,54,90,75,27,680900
NXBLE-125 3P 63A 30mA,RCBO Chint NXBLE-125 3P 63A 10kA 30mA,Chint,RCBO,NXBLE-125,3,63,,10,30,54,90,75,27,1007700
NXBLE-125 3P 80A 30mA,RCBO Chint NXBLE-125 3P 80A 10kA 30mA,Chint,RCBO,NXBLE-125,3,80,,10,30,54,90,75,27,1007700
NXBLE-125 3P 100A 30mA,RCBO Chint NXBLE-125 3P 100A 10kA 30mA,Chint,RCBO,NXBLE-125,3,100,,10,30,54,90,75,27,1007700
NXBLE-125 3P 125A 30mA,RCBO Chint NXBLE-125 3P 125A 10kA 30mA,Chint,RCBO,NXBLE-125,3,125,,10,30,54,90,75,27,1007700
NXBLE-125 4P 63A 30mA,RCBO Chint NXBLE-125 4P 63A 10kA 30mA,Chint,RCBO,NXBLE-125,4,63,,10,30,108,90,75,27,1280100
NXBLE-125 4P 80A 30mA,RCBO Chint NXBLE-125 4P 80A 10kA 30mA,Chint,RCBO,NXBLE-125,4,80,,10,30,108,90,75,27,1280100
NXBLE-125 4P 100A 30mA,RCBO Chint NXBLE-125 4P 100A 10kA 30mA,Chint,RCBO,NXBLE-125,4,100,,10,30,108,90,75,27,1280100
NXBLE-125 4P 125A 30mA,RCBO Chint NXBLE-125 4P 125A 10kA 30mA,Chint,RCBO,NXBLE-125,4,125,,10,30,108,90,75,27,1280100
NB3LE-AFD 2P 6A 30mA,AFDD+RCD Chint NB3LE-AFD 2P 6A 6kA 30mA,Chint,AFDD,NB3LE-AFD,2,6,,6,30,36,85,69,18,3702900
NB3LE-AFD 2P 10A 30mA,AFDD+RCD Chint NB3LE-AFD 2P 10A 6kA 30mA,Chint,AFDD,NB3LE-AFD,2,10,,6,30,36,85,69,18,3725800
NB3LE-AFD 2P 16A 30mA,AFDD+RCD Chint NB3LE-AFD 2P 16A 6kA 30mA,Chint,AFDD,NB3LE-AFD,2,16,,6,30,36,85,69,18,3760200
NB3LE-AFD 2P 20A 30mA,AFDD+RCD Chint NB3LE-AFD 2P 20A 6kA 30mA,Chint,AFDD,NB3LE-AFD,2,20,,6,30,36,85,69,18,3783100
NB3LE-AFD 2P 25A 30mA,AFDD+RCD Chint NB3LE-AFD 2P 25A 6kA 30mA,Chint,AFDD,NB3LE-AFD,2,25,,6,30,36,85,69,18,3811800
NB3LE-AFD 2P 32A 30mA,AFDD+RCD Chint NB3LE-AFD 2P 32A 6kA 30mA,Chint,AFDD,NB3LE-AFD,2,32,,6,30,36,85,69,18,3851900
NB4LE-AFD 2P 6A 30mA,AFDD+RCD Chint NB4LE-AFD 2P 6A 6kA 30mA,Chint,AFDD,NB4LE-AFD,2,6,,6,30,36,85,69,18,3895000
NB4LE-AFD 2P 10A 30mA,AFDD+RCD Chint NB4LE-AFD 2P 10A 6kA 30mA,Chint,AFDD,NB4LE-AFD,2,10,,6,30,36,85,69,18,3919100
NB4LE-AFD 2P 16A 30mA,AFDD+RCD Chint NB4LE-AFD 2P 16A 6kA 30mA,Chint,AFDD,NB4LE-AFD,2,16,,6,30,36,85,69,18,3955300
NB4LE-AFD 2P 20A 30mA,AFDD+RCD Chint NB4LE-AFD 2P 20A 6kA 30mA,Chint,AFDD,NB4LE-AFD,2,20,,6,30,36,85,69,18,3979400
NB4LE-AFD 2P 25A 30mA,AFDD+RCD Chint NB4LE-AFD 2P 25A 6kA 30mA,Chint,AFDD,NB4LE-AFD,2,25,,6,30,36,85,69,18,4009500
NB4LE-AFD 2P 32A 30mA,AFDD+RCD Chint NB4LE-AFD 2P 32A 6kA 30mA,Chint,AFDD,NB4LE-AFD,2,32,,6,30,36,85,69,18,4051700
NXM-125S 2P 25A,MCCB Chint NXM-125S 2P 25A 25kA,Chint,MCCB,NXM-125S,2,25,,25,,52,134,68,26,847000
NXM-125S 3P 25A,MCCB Chint NXM-125S 3P 25A 25kA,Chint,MCCB,NXM-125S,3,25,,25,,78,134,68,26,1328800
NXM-125S 4P 25A,MCCB Chint NXM-125S 4P 25A 25kA,Chint,MCCB,NXM-125S,4,25,,25,,104,134,68,26,1925000
NXM-125S 2P 32A,MCCB Chint NXM-125S 2P 32A 25kA,Chint,MCCB,NXM-125S,2,32,,25,,52,134,68,26,847000
NXM-125S 3P 32A,MCCB Chint NXM-125S 3P 32A 25kA,Chint,MCCB,NXM-125S,3,32,,25,,78,134,68,26,1328800
NXM-125S 4P 32A,MCCB Chint NXM-125S 4P 32A 25kA,Chint,MCCB,NXM-125S,4,32,,25,,104,134,68,26,1925000
NXM-125S 2P 40A,MCCB Chint NXM-125S 2P 40A 25kA,Chint,MCCB,NXM-125S,2,40,,25,,52,134,68,26,847000
NXM-125S 3P 40A,MCCB Chint NXM-125S 3P 40A 25kA,Chint,MCCB,NXM-125S,3,40,,25,,78,134,68,26,1328800
NXM-125S 4P 40A,MCCB Chint NXM-125S 4P 40A 25kA,Chint,MCCB,NXM-125S,4,40,,25,,104,134,68,26,1925000
NXM-125S 2P 50A,MCCB Chint NXM-125S 2P 50A 25kA,Chint,MCCB,NXM-125S,2,50,,25,,52,134,68,26,847000
NXM-125S 3P 50A,MCCB Chint NXM-125S 3P 50A 25kA,Chint,MCCB,NXM-125S,3,50,,25,,78,134,68,26,1328800
NXM-125S 4P 50A,MCCB Chint NXM-125S 4P 50A 25kA,Chint,MCCB,NXM-125S,4,50,,25,,104,134,68,26,1925000
NXM-125S 2P 63A,MCCB Chint NXM-125S 2P 63A 25kA,Chint,MCCB,NXM-125S,2,63,,25,,52,134,68,26,847000
NXM-125S 3P 63A,MCCB Chint NXM-125S 3P 63A 25kA,Chint,MCCB,NXM-125S,3,63,,25,,78,134,68,26,1328800
NXM-125S 4P 63A,MCCB Chint NXM-125S 4P 63A 25kA,Chint,MCCB,NXM-125S,4,63,,25,,104,134,68,26,1925000
NXM-125S 2P 80A,MCCB Chint NXM-125S 2P 80A 25kA,Chint,MCCB,NXM-125S,2,80,,25,,52,134,68,26,847000
NXM-125S 3P 80A,MCCB Chint NXM-125S 3P 80A 25kA,Chint,MCCB,NXM-125S,3,80,,25,,78,134,68,26,1328800
NXM-125S 4P 80A,MCCB Chint NXM-125S 4P 80A 25kA,Chint,MCCB,NXM-125S,4,80,,25,,104,134,68,26,1925000
NXM-125S 2P 100A,MCCB Chint NXM-125S 2P 100A 25kA,Chint,MCCB,NXM-125S,2,100,,25,,52,134,68,26,847000
NXM-125S 3P 100A,MCCB Chint NXM-125S 3P 100A 25kA,Chint,MCCB,NXM-125S,3,100,,25,,78,134,68,26,1328800
NXM-125S 4P 100A,MCCB Chint NXM-125S 4P 100A 25kA,Chint,MCCB,NXM-125S,4,100,,25,,104,134,68,26,1925000
NXM-125S 2P 125A,MCCB Chint NXM-125S 2P 125A 25kA,Chint,MCCB,NXM-125S,2,125,,25,,52,134,68,26,847000
NXM-125S 3P 125A,MCCB Chint NXM-125S 3P 125A 25kA,Chint,MCCB,NXM-125S,3,125,,25,,78,134,68,26,1328800
NXM-125S 4P 125A,MCCB Chint NXM-125S 4P 125A 25kA,Chint,MCCB,NXM-125S,4,125,,25,,104,134,68,26,1925000
NXM-160S 2P 160A,MCCB Chint NXM-160S 2P 160A 36kA,Chint,MCCB,NXM-160S,2,160,,36,,70,165,86,35,1122000
NXM-160S 3P 160A,MCCB Chint NXM-160S 3P 160A 36kA,Chint,MCCB,NXM-160S,3,160,,36,,105,165,86,35,1837000
NXM-160S 4P 160A,MCCB Chint NXM-160S 4P 160A 36kA,Chint,MCCB,NXM-160S,4,160,,36,,140,165,86,35,2319900
NXM-250S 2P 180A,MCCB Chint NXM-250S 2P 180A 36kA,Chint,MCCB,NXM-250S,2,180,,36,,70,165,86,35,1298000
NXM-250S 3P 180A,MCCB Chint NXM-250S 3P 180A 36kA,Chint,MCCB,NXM-250S,3,180,,36,,105,165,86,35,1881000
NXM-250S 4P 180A,MCCB Chint NXM-250S 4P 180A 36kA,Chint,MCCB,NXM-250S,4,180,,36,,140,165,86,35,2750000
NXM-250S 2P 200A,MCCB Chint NXM-250S 2P 200A 36kA,Chint,MCCB,NXM-250S,2,200,,36,,70,165,86,35,1298000
NXM-250S 3P 200A,MCCB Chint NXM-250S 3P 200A 36kA,Chint,MCCB,NXM-250S,3,200,,36,,105,165,86,35,1881000
NXM-250S 4P 200A,MCCB Chint NXM-250S 4P 200A 36kA,Chint,MCCB,NXM-250S,4,200,,36,,140,165,86,35,2750000
NXM-250S 2P 225A,MCCB Chint NXM-250S 2P 225A 36kA,Chint,MCCB,NXM-250S,2,225,,36,,70,165,86,35,1298000
NXM-250S 3P 225A,MCCB Chint NXM-250S 3P 225A 36kA,Chint,MCCB,NXM-250S,3,225,,36,,105,165,86,35,1881000
NXM-250S 4P 225A,MCCB Chint NXM-250S 4P 225A 36kA,Chint,MCCB,NXM-250S,4,225,,36,,140,165,86,35,2750000
NXM-250S 2P 250A,MCCB Chint NXM-250S 2P 250A 36kA,Chint,MCCB,NXM-250S,2,250,,36,,70,165,86,35,1298000
NXM-250S 3P 250A,MCCB Chint NXM-250S 3P 250A 36kA,Chint,MCCB,NXM-250S,3,250,,36,,105,165,86,35,1881000
NXM-250S 4P 250A,MCCB Chint NXM-250S 4P 250A 36kA,Chint,MCCB,NXM-250S,4,250,,36,,140,165,86,35,2750000
NXM-400S 2P 315A,MCCB Chint NXM-400S 2P 315A 50kA,Chint,MCCB,NXM-400S,2,315,,50,,93,257,103,46,4200000
NXM-400S 3P 315A,MCCB Chint NXM-400S 3P 315A 50kA,Chint,MCCB,NXM-400S,3,315,,50,,139,257,103,46,6010400
NXM-400S 4P 315A,MCCB Chint NXM-400S 4P 315A 50kA,Chint,MCCB,NXM-400S,4,315,,50,,184,257,103,46,6941000
NXM-400S 2P 320A,MCCB Chint NXM-400S 2P 320A 50kA,Chint,MCCB,NXM-400S,2,320,,50,,93,257,103,46,4200000
NXM-400S 3P 320A,MCCB Chint NXM-400S 3P 320A 50kA,Chint,MCCB,NXM-400S,3,320,,50,,139,257,103,46,6010400
NXM-400S 4P 320A,MCCB Chint NXM-400S 4P 320A 50kA,Chint,MCCB,NXM-400S,4,320,,50,,184,257,103,46,6941000
NXM-400S 2P 350A,MCCB Chint NXM-400S 2P 350A 50kA,Chint,MCCB,NXM-400S,2,350,,50,,93,257,103,46,4200000
NXM-400S 3P 350A,MCCB Chint NXM-400S 3P 350A 50kA,Chint,MCCB,NXM-400S,3,350,,50,,139,257,103,46,6010400
NXM-400S 4P 350A,MCCB Chint NXM-400S 4P 350A 50kA,Chint,MCCB,NXM-400S,4,350,,50,,184,257,103,46,6941000
NXM-400S 2P 400A,MCCB Chint NXM-400S 2P 400A 50kA,Chint,MCCB,NXM-400S,2,400,,50,,93,257,103,46,4200000
NXM-400S 3P 400A,MCCB Chint NXM-400S 3P 400A 50kA,Chint,MCCB,NXM-400S,3,400,,50,,139,257,103,46,6010400
NXM-400S 4P 400A,MCCB Chint NXM-400S 4P 400A 50kA,Chint,MCCB,NXM-400S,4,400,,50,,184,257,103,46,6941000
NXM-630S 2P 500A,MCCB Chint NXM-630S 2P 500A 50kA,Chint,MCCB,NXM-630S,2,500,,50,,93,257,103,46,5800000
NXM-630S 3P 500A,MCCB Chint NXM-630S 3P 500A 50kA,Chint,MCCB,NXM-630S,3,500,,50,,139,257,103,46,8338000
NXM-630S 4P 500A,MCCB Chint NXM-630S 4P 500A 50kA,Chint,MCCB,NXM-630S,4,500,,50,,184,257,103,46,11260700
NXM-630S 2P 630A,MCCB Chint NXM-630S 2P 630A 50kA,Chint,MCCB,NXM-630S,2,630,,50,,93,257,103,46,5800000
NXM-630S 3P 630A,MCCB Chint NXM-630S 3P 630A 50kA,Chint,MCCB,NXM-630S,3,630,,50,,139,257,103,46,8338000
NXM-630S 4P 630A,MCCB Chint NXM-630S 4P 630A 50kA,Chint,MCCB,NXM-630S,4,630,,50,,184,257,103,46,11260700
NXM-800S 2P 800A,MCCB Chint NXM-800S 2P 800A 50kA,Chint,MCCB,NXM-800S,2,800,,50,,120,270,110,58,9500000
NXM-800S 3P 800A,MCCB Chint NXM-800S 3P 800A 50kA,Chint,MCCB,NXM-800S,3,800,,50,,182,270,110,58,13915000
NXM-800S 4P 800A,MCCB Chint NXM-800S 4P 800A 50kA,Chint,MCCB,NXM-800S,4,800,,50,,252,270,110,58,18084000
NXM-1000S 2P 1000A,MCCB Chint NXM-1000S 2P 1000A 50kA,Chint,MCCB,NXM-1000S,2,1000,,50,,140,280,110,70,15000000
NXM-1000S 3P 1000A,MCCB Chint NXM-1000S 3P 1000A 50kA,Chint,MCCB,NXM-1000S,3,1000,,50,,210,280,110,70,21976900
NXM-1000S 4P 1000A,MCCB Chint NXM-1000S 4P 1000A 50kA,Chint,MCCB,NXM-1000S,4,1000,,50,,280,280,110,70,31900000
NXM-1250S 2P 1250A,MCCB Chint NXM-1250S 2P 1250A 50kA,Chint,MCCB,NXM-1250S,2,1250,,50,,140,370,110,70,28000000
NXM-1250S 3P 1250A,MCCB Chint NXM-1250S 3P 1250A 50kA,Chint,MCCB,NXM-1250S,3,1250,,50,,210,370,110,70,42207000
NXM-1250S 4P 1250A,MCCB Chint NXM-1250S 4P 1250A 50kA,Chint,MCCB,NXM-1250S,4,1250,,50,,280,370,110,70,48180000
NXM-1600S 2P 1600A,MCCB Chint NXM-1600S 2P 1600A 50kA,Chint,MCCB,NXM-1600S,2,1600,,50,,140,370,110,70,29000000
NXM-1600S 3P 1600A,MCCB Chint NXM-1600S 3P 1600A 50kA,Chint,MCCB,NXM-1600S,3,1600,,50,,210,370,110,70,43050700
NXM-1600S 4P 1600A,MCCB Chint NXM-1600S 4P 1600A 50kA,Chint,MCCB,NXM-1600S,4,1600,,50,,280,370,110,70,48180000
NM8N-125C 1P 16A,MCCB Chint NM8N-125C TM 1P 16A 36kA,Chint,MCCB,NM8N-125C,1,16,,36,,26,134,68,26,1340900
NM8N-125C 2P 16A,MCCB Chint NM8N-125C TM 2P 16A 36kA,Chint,MCCB,NM8N-125C,2,16,,36,,52,134,68,26,2149400
NM8N-125C 3P 16A,MCCB Chint NM8N-125C TM 3P 16A 36kA,Chint,MCCB,NM8N-125C,3,16,,36,,78,134,68,26,2922700
NM8N-125C 4P 16A,MCCB Chint NM8N-125C TM 4P 16A 36kA,Chint,MCCB,NM8N-125C,4,16,,36,,104,134,68,26,3850000
NM8N-125C 1P 20A,MCCB Chint NM8N-125C TM 1P 20A 36kA,Chint,MCCB,NM8N-125C,1,20,,36,,26,134,68,26,1340900
NM8N-125C 2P 20A,MCCB Chint NM8N-125C TM 2P 20A 36kA,Chint,MCCB,NM8N-125C,2,20,,36,,52,134,68,26,2149400
NM8N-125C 3P 20A,MCCB Chint NM8N-125C TM 3P 20A 36kA,Chint,MCCB,NM8N-125C,3,20,,36,,78,134,68,26,2922700
NM8N-125C 4P 20A,MCCB Chint NM8N-125C TM 4P 20A 36kA,Chint,MCCB,NM8N-125C,4,20,,36,,104,134,68,26,3850000
NM8N-125C 1P 25A,MCCB Chint NM8N-125C TM 1P 25A 36kA,Chint,MCCB,NM8N-125C,1,25,,36,,26,134,68,26,1340900
NM8N-125C 2P 25A,MCCB Chint NM8N-125C TM 2P 25A 36kA,Chint,MCCB,NM8N-125C,2,25,,36,,52,134,68,26,2149400
NM8N-125C 3P 25A,MCCB Chint NM8N-125C TM 3P 25A 36kA,Chint,MCCB,NM8N-125C,3,25,,36,,78,134,68,26,2922700
NM8N-125C 4P 25A,MCCB Chint NM8N-125C TM 4P 25A 36kA,Chint,MCCB,NM8N-125C,4,25,,36,,104,134,68,26,3850000
NM8N-125C 1P 32A,MCCB Chint NM8N-125C TM 1P 32A 36kA,Chint,MCCB,NM8N-125C,1,32,,36,,26,134,68,26,1340900
NM8N-125C 2P 32A,MCCB Chint NM8N-125C TM 2P 32A 36kA,Chint,MCCB,NM8N-125C,2,32,,36,,52,134,68,26,2149400
NM8N-125C 3P 32A,MCCB Chint NM8N-125C TM 3P 32A 36kA,Chint,MCCB,NM8N-125C,3,32,,36,,78,134,68,26,2922700
NM8N-125C 4P 32A,MCCB Chint NM8N-125C TM 4P 32A 36kA,Chint,MCCB,NM8N-125C,4,32,,36,,104,134,68,26,3850000
NM8N-125C 1P 40A,MCCB Chint NM8N-125C TM 1P 40A 36kA,Chint,MCCB,NM8N-125C,1,40,,36,,26,134,68,26,1340900
NM8N-125C 2P 40A,MCCB Chint NM8N-125C TM 2P 40A 36kA,Chint,MCCB,NM8N-125C,2,40,,36,,52,134,68,26,2149400
NM8N-125C 3P 40A,MCCB Chint NM8N-125C TM 3P 40A 36kA,Chint,MCCB,NM8N-125C,3,40,,36,,78,134,68,26,2922700
NM8N-125C 4P 40A,MCCB Chint NM8N-125C TM 4P 40A 36kA,Chint,MCCB,NM8N-125C,4,40,,36,,104,134,68,26,3850000
NM8N-125C 1P 50A,MCCB Chint NM8N-125C TM 1P 50A 36kA,Chint,MCCB,NM8N-125C,1,50,,36,,26,134,68,26,1340900
NM8N-125C 2P 50A,MCCB Chint NM8N-125C TM 2P 50A 36kA,Chint,MCCB,NM8N-125C,2,50,,36,,52,134,68,26,2149400
NM8N-125C 3P 50A,MCCB Chint NM8N-125C TM 3P 50A 36kA,Chint,MCCB,NM8N-125C,3,50,,36,,78,134,68,26,2922700
NM8N-125C 4P 50A,MCCB Chint NM8N-125C TM 4P 50A 36kA,Chint,MCCB,NM8N-125C,4,50,,36,,104,134,68,26,3850000
NM8N-125C 1P 63A,MCCB Chint NM8N-125C TM 1P 63A 36kA,Chint,MCCB,NM8N-125C,1,63,,36,,26,134,68,26,1340900
NM8N-125C 2P 63A,MCCB Chint NM8N-125C TM 2P 63A 36kA,Chint,MCCB,NM8N-125C,2,63,,36,,52,134,68,26,2149400
NM8N-125C 3P 63A,MCCB Chint NM8N-125C TM 3P 63A 36kA,Chint,MCCB,NM8N-125C,3,63,,36,,78,134,68,26,2922700
NM8N-125C 4P 63A,MCCB Chint NM8N-125C TM 4P 63A 36kA,Chint,MCCB,NM8N-125C,4,63,,36,,104,134,68,26,3850000
NM8N-125C 1P 80A,MCCB Chint NM8N-125C TM 1P 80A 36kA,Chint,MCCB,NM8N-125C,1,80,,36,,26,134,68,26,1340900
NM8N-125C 2P 80A,MCCB Chint NM8N-125C TM 2P 80A 36kA,Chint,MCCB,NM8N-125C,2,80,,36,,52,134,68,26,2149400
NM8N-125C 3P 80A,MCCB Chint NM8N-125C TM 3P 80A 36kA,Chint,MCCB,NM8N-125C,3,80,,36,,78,134,68,26,2922700
NM8N-125C 4P 80A,MCCB Chint NM8N-125C TM 4P 80A 36kA,Chint,MCCB,NM8N-125C,4,80,,36,,104,134,68,26,3850000
NM8N-125C 1P 100A,MCCB Chint NM8N-125C TM 1P 100A 36kA,Chint,MCCB,NM8N-125C,1,100,,36,,26,134,68,26,1340900
NM8N-125C 2P 100A,MCCB Chint NM8N-125C TM 2P 100A 36kA,Chint,MCCB,NM8N-125C,2,100,,36,,52,134,68,26,2149400
NM8N-125C 3P 100A,MCCB Chint NM8N-125C TM 3P 100A 36kA,Chint,MCCB,NM8N-125C,3,100,,36,,78,134,68,26,2922700
NM8N-125C 4P 100A,MCCB Chint NM8N-125C TM 4P 100A 36kA,Chint,MCCB,NM8N-125C,4,100,,36,,104,134,68,26,3850000
NM8N-125C 1P 125A,MCCB Chint NM8N-125C TM 1P 125A 36kA,Chint,MCCB,NM8N-125C,1,125,,36,,26,134,68,26,1340900
NM8N-125C 2P 125A,MCCB Chint NM8N-125C TM 2P 125A 36kA,Chint,MCCB,NM8N-125C,2,125,,36,,52,134,68,26,2149400
NM8N-125C 3P 125A,MCCB Chint NM8N-125C TM 3P 125A 36kA,Chint,MCCB,NM8N-125C,3,125,,36,,78,134,68,26,2922700
NM8N-125C 4P 125A,MCCB Chint NM8N-125C TM 4P 125A 36kA,Chint,MCCB,NM8N-125C,4,125,,36,,104,134,68,26,3850000
NM8N-250C 1P 160A,MCCB Chint NM8N-250C TM 1P 160A 36kA,Chint,MCCB,NM8N-250C,1,160,,36,,35,165,86,35,1575200
NM8N-250C 2P 160A,MCCB Chint NM8N-250C TM 2P 160A 36kA,Chint,MCCB,NM8N-250C,2,160,,36,,70,165,86,35,2659800
NM8N-250C 3P 160A,MCCB Chint NM8N-250C TM 3P 160A 36kA,Chint,MCCB,NM8N-250C,3,160,,36,,105,165,86,35,3736700
NM8N-250C 4P 160A,MCCB Chint NM8N-250C TM 4P 160A 36kA,Chint,MCCB,NM8N-250C,4,160,,36,,140,165,86,35,4800000
NM8N-250C 1P 180A,MCCB Chint NM8N-250C TM 1P 180A 36kA,Chint,MCCB,NM8N-250C,1,180,,36,,35,165,86,35,1575200
NM8N-250C 2P 180A,MCCB Chint NM8N-250C TM 2P 180A 36kA,Chint,MCCB,NM8N-250C,2,180,,36,,70,165,86,35,2659800
NM8N-250C 3P 180A,MCCB Chint NM8N-250C TM 3P 180A 36kA,Chint,MCCB,NM8N-250C,3,180,,36,,105,165,86,35,3736700
NM8N-250C 4P 180A,MCCB Chint NM8N-250C TM 4P 180A 36kA,Chint,MCCB,NM8N-250C,4,180,,36,,140,165,86,35,4800000
NM8N-250C 1P 200A,MCCB Chint NM8N-250C TM 1P 200A 36kA,Chint,MCCB,NM8N-250C,1,200,,36,,35,165,86,35,1575200
NM8N-250C 2P 200A,MCCB Chint NM8N-250C TM 2P 200A 36kA,Chint,MCCB,NM8N-250C,2,200,,36,,70,165,86,35,2659800
NM8N-250C 3P 200A,MCCB Chint NM8N-250C TM 3P 200A 36kA,Chint,MCCB,NM8N-250C,3,200,,36,,105,165,86,35,3736700
NM8N-250C 4P 200A,MCCB Chint NM8N-250C TM 4P 200A 36kA,Chint,MCCB,NM8N-250C,4,200,,36,,140,165,86,35,4800000
NM8N-250C 1P 225A,MCCB Chint NM8N-250C TM 1P 225A 36kA,Chint,MCCB,NM8N-250C,1,225,,36,,35,165,86,35,1575200
NM8N-250C 2P 225A,MCCB Chint NM8N-250C TM 2P 225A 36kA,Chint,MCCB,NM8N-250C,2,225,,36,,70,165,86,35,2659800
NM8N-250C 3P 225A,MCCB Chint NM8N-250C TM 3P 225A 36kA,Chint,MCCB,NM8N-250C,3,225,,36,,105,165,86,35,3736700
NM8N-250C 4P 225A,MCCB Chint NM8N-250C TM 4P 225A 36kA,Chint,MCCB,NM8N-250C,4,225,,36,,140,165,86,35,4800000
NM8N-250C 1P 250A,MCCB Chint NM8N-250C TM 1P 250A 36kA,Chint,MCCB,NM8N-250C,1,250,,36,,35,165,86,35,1575200
NM8N-250C 2P 250A,MCCB Chint NM8N-250C TM 2P 250A 36kA,Chint,MCCB,NM8N-250C,2,250,,36,,70,165,86,35,2659800
NM8N-250C 3P 250A,MCCB Chint NM8N-250C TM 3P 250A 36kA,Chint,MCCB,NM8N-250C,3,250,,36,,105,165,86,35,3736700
NM8N-250C 4P 250A,MCCB Chint NM8N-250C TM 4P 250A 36kA,Chint,MCCB,NM8N-250C,4,250,,36,,140,165,86,35,4800000
SJ201-C6,SJ200 1P 6A C 6kA — 2TAZ141100R0064,ABB,MCB,SJ200,1,6,,6,,18,85,69,0,113300
SJ201-C10,SJ200 1P 10A C 6kA — 2TAZ141100R0104,ABB,MCB,SJ200,1,10,,6,,18,85,69,0,113300
SJ201-C16,SJ200 1P 16A C 6kA — 2TAZ141100R0164,ABB,MCB,SJ200,1,16,,6,,18,85,69,0,113300
SJ201-C20,SJ200 1P 20A C 6kA — 2TAZ141100R0204,ABB,MCB,SJ200,1,20,,6,,18,85,69,0,113300
SJ201-C25,SJ200 1P 25A C 6kA — 2TAZ141100R0254,ABB,MCB,SJ200,1,25,,6,,18,85,69,0,113300
SJ201-C32,SJ200 1P 32A C 6kA — 2TAZ141100R0324,ABB,MCB,SJ200,1,32,,6,,18,85,69,0,113300
SJ201-C40,SJ200 1P 40A C 6kA — 2TAZ141100R0404,ABB,MCB,SJ200,1,40,,6,,18,85,69,0,113300
SJ201-C50,SJ200 1P 50A C 6kA — 2TAZ141100R0504,ABB,MCB,SJ200,1,50,,6,,18,85,69,0,247500
SJ201-C63,SJ200 1P 63A C 6kA — 2TAZ141100R0634,ABB,MCB,SJ200,1,63,,6,,18,85,69,0,247500
S201-C80,S200 1P 80A C 6kA — 2CDS251001R0804,ABB,MCB,S200,1,80,,6,,18,85,69,0,786500
S201-C100,S200 1P 100A C 6kA — 2CDS251001R0824,ABB,MCB,S200,1,100,,6,,18,85,69,0,1007600
SJ202-C10,SJ200 2P 10A C 6kA — 2TAZ141200R0104,ABB,MCB,SJ200,2,10,,6,,36,85,69,18,319000
SJ202-C16,SJ200 2P 16A C 6kA — 2TAZ141200R0164,ABB,MCB,SJ200,2,16,,6,,36,85,69,18,319000
SJ202-C20,SJ200 2P 20A C 6kA — 2TAZ141200R0204,ABB,MCB,SJ200,2,20,,6,,36,85,69,18,319000
SJ202-C25,SJ200 2P 25A C 6kA — 2TAZ141200R0254,ABB,MCB,SJ200,2,25,,6,,36,85,69,18,319000
SJ202-C32,SJ200 2P 32A C 6kA — 2TAZ141200R0324,ABB,MCB,SJ200,2,32,,6,,36,85,69,18,319000
SJ202-C40,SJ200 2P 40A C 6kA — 2TAZ141200R0404,ABB,MCB,SJ200,2,40,,6,,36,85,69,18,319000
SJ202-C50,SJ200 2P 50A C 6kA — 2TAZ141200R0504,ABB,MCB,SJ200,2,50,,6,,36,85,69,18,532400
SJ202-C63,SJ200 2P 63A C 6kA — 2TAZ141200R0634,ABB,MCB,SJ200,2,63,,6,,36,85,69,18,532400
S202-C80,S200 2P 80A C 6kA — 2CDS252001R0804,ABB,MCB,S200,2,80,,6,,36,85,69,18,1570800
S202-C100,S200 2P 100A C 6kA — 2CDS252001R0824,ABB,MCB,S200,2,100,,6,,36,85,69,18,2011900
SJ203-C6,SJ200 3P 6A C 6kA — 2TAZ141300R0064,ABB,MCB,SJ200,3,6,,6,,54,85,69,18,0
SJ203-C10,SJ200 3P 10A C 6kA — 2TAZ141300R0104,ABB,MCB,SJ200,3,10,,6,,54,85,69,18,0
SJ203-C16,SJ200 3P 16A C 6kA — 2TAZ141300R0164,ABB,MCB,SJ200,3,16,,6,,54,85,69,18,598400
SJ203-C20,SJ200 3P 20A C 6kA — 2TAZ141300R0204,ABB,MCB,SJ200,3,20,,6,,54,85,69,18,598400
SJ203-C25,SJ200 3P 25A C 6kA — 2TAZ141300R0254,ABB,MCB,SJ200,3,25,,6,,54,85,69,18,598400
SJ203-C32,SJ200 3P 32A C 6kA — 2TAZ141300R0324,ABB,MCB,SJ200,3,32,,6,,54,85,69,18,598400
SJ203-C40,SJ200 3P 40A C 6kA — 2TAZ141300R0404,ABB,MCB,SJ200,3,40,,6,,54,85,69,18,598400
SJ203-C50,SJ200 3P 50A C 6kA — 2TAZ141300R0504,ABB,MCB,SJ200,3,50,,6,,54,85,69,18,869000
SJ203-C63,SJ200 3P 63A C 6kA — 2TAZ141300R0634,ABB,MCB,SJ200,3,63,,6,,54,85,69,18,869000
S203-C80,S200 3P 80A C 6kA — 2CDS253001R0804,ABB,MCB,S200,3,80,,6,,54,85,69,18,2356200
S203-C100,S200 3P 100A C 6kA — 2CDS253001R0824,ABB,MCB,S200,3,100,,6,,54,85,69,18,3017300
SJ204-C10,SJ200 4P 10A C 6kA — 2TAZ141400R0104,ABB,MCB,SJ200,4,10,,6,,70,85,69,18,0
SJ204-C16,SJ200 4P 16A C 6kA — 2TAZ141400R0164,ABB,MCB,SJ200,4,16,,6,,70,85,69,18,0
SJ204-C20,SJ200 4P 20A C 6kA — 2TAZ141400R0204,ABB,MCB,SJ200,4,20,,6,,70,85,69,18,0
SJ204-C25,SJ200 4P 25A C 6kA — 2TAZ141400R0254,ABB,MCB,SJ200,4,25,,6,,70,85,69,18,0
SJ204-C32,SJ200 4P 32A C 6kA — 2TAZ141400R0324,ABB,MCB,SJ200,4,32,,6,,70,85,69,18,0
SJ204-C40,SJ200 4P 40A C 6kA — 2TAZ141400R0404,ABB,MCB,SJ200,4,40,,6,,70,85,69,18,0
SJ204-C50,SJ200 4P 50A C 6kA — 2TAZ141400R0504,ABB,MCB,SJ200,4,50,,6,,70,85,69,18,0
SJ204-C63,SJ200 4P 63A C 6kA — 2TAZ141400R0634,ABB,MCB,SJ200,4,63,,6,,70,85,69,18,0
S204-C80,S200 4P 80A C 6kA — 2CDS254001R0804,ABB,MCB,S200,4,80,,6,,70,85,69,18,3830200
S204-C100,S200 4P 100A C 6kA — 2CDS254001R0824,ABB,MCB,S200,4,100,,6,,70,85,69,18,5655100
GSJ201 AC-C10/0.03,GSJ201 AC RCBO 1P+N 10A C 6kA 30mA — 2TAZ240111R2104,ABB,RCBO,GSJ201,2,10,,6,30,18,85,69,0,748000
GSJ201 AC-C16/0.03,GSJ201 AC RCBO 1P+N 16A C 6kA 30mA — 2TAZ240111R2164,ABB,RCBO,GSJ201,2,16,,6,30,18,85,69,0,748000
GSJ201 AC-C20/0.03,GSJ201 AC RCBO 1P+N 20A C 6kA 30mA — 2TAZ240111R2204,ABB,RCBO,GSJ201,2,20,,6,30,18,85,69,0,748000
GSJ201 AC-C25/0.03,GSJ201 AC RCBO 1P+N 25A C 6kA 30mA — 2TAZ240111R2254,ABB,RCBO,GSJ201,2,25,,6,30,18,85,69,0,797500
GSJ201 AC-C32/0.03,GSJ201 AC RCBO 1P+N 32A C 6kA 30mA — 2TAZ240111R2324,ABB,RCBO,GSJ201,2,32,,6,30,18,85,69,0,797500
GSJ201 AC-C40/0.03,GSJ201 AC RCBO 1P+N 40A C 6kA 30mA — 2TAZ240111R2404,ABB,RCBO,GSJ201,2,40,,6,30,18,85,69,0,797500
GSJ201 AC-C50/0.03,GSJ201 AC RCBO 1P+N 50A C 6kA 30mA — 2TAZ240111R2504,ABB,RCBO,GSJ201,2,50,,6,30,18,85,69,0,990000
GSJ201 AC-C63/0.03,GSJ201 AC RCBO 1P+N 63A C 6kA 30mA — 2TAZ240111R2634,ABB,RCBO,GSJ201,2,63,,6,30,18,85,69,0,990000
FH204 AC-25/30mA,FH204 AC RCCB 4P 25A 30mA — 2CSF204006R1250,ABB,RCCB,F200,4,25,,0,30,70,85,69,18,2178000
FH204 AC-40/30mA,FH204 AC RCCB 4P 40A 30mA — 2CSF204006R1400,ABB,RCCB,F200,4,40,,0,30,70,85,69,18,2242900
FH204 AC-63/30mA,FH204 AC RCCB 4P 63A 30mA — 2CSF204006R1630,ABB,RCCB,F200,4,63,,0,30,70,85,69,18,2467300
F204 AC-80/30mA,F204 AC RCCB 4P 80A 30mA — 2CSF204005R1800,ABB,RCCB,F200,4,80,,0,30,70,85,69,18,3649800
F204 AC-100/30mA,F204 AC RCCB 4P 100A 30mA — 2CSF204005R1900,ABB,RCCB,F200,4,100,,0,30,70,85,69,18,4054600
FH204 AC-25/100mA,FH204 AC RCCB 4P 25A 100mA — 2CSF204006R2250,ABB,RCCB,F200,4,25,,0,100,70,85,69,18,2453000
FH204 AC-40/100mA,FH204 AC RCCB 4P 40A 100mA — 2CSF204006R2400,ABB,RCCB,F200,4,40,,0,100,70,85,69,18,2530000
FH204 AC-63/100mA,FH204 AC RCCB 4P 63A 100mA — 2CSF204006R2630,ABB,RCCB,F200,4,63,,0,100,70,85,69,18,2987600
F204 AC-80/100mA,F204 AC RCCB 4P 80A 100mA — 2CSF204005R2800,ABB,RCCB,F200,4,80,,0,100,70,85,69,18,3649800
F204 AC-100/100mA,F204 AC RCCB 4P 100A 100mA — 2CSF204005R2900,ABB,RCCB,F200,4,100,,0,100,70,85,69,18,4054600
FH204 AC-25/300mA,FH204 AC RCCB 4P 25A 300mA — 2CSF204006R3250,ABB,RCCB,F200,4,25,,0,300,70,85,69,18,2336400
FH204 AC-40/300mA,FH204 AC RCCB 4P 40A 300mA — 2CSF204006R3400,ABB,RCCB,F200,4,40,,0,300,70,85,69,18,2407900
FH204 AC-63/300mA,FH204 AC RCCB 4P 63A 300mA — 2CSF204006R3630,ABB,RCCB,F200,4,63,,0,300,70,85,69,18,2844600
F204 AC-80/300mA,F204 AC RCCB 4P 80A 300mA — 2CSF204005R3800,ABB,RCCB,F200,4,80,,0,300,70,85,69,18,3649800
F204 AC-100/300mA,F204 AC RCCB 4P 100A 300mA — 2CSF204005R3900,ABB,RCCB,F200,4,100,,0,300,70,85,69,18,4054600
DS-ARC1 C6 A30,DS-ARC1 AFDD+RCD 1P+N 6A C 6kA 30mA — 2CSA255103R1064,ABB,AFDD,DS-ARC1,2,6,,6,30,36,85,69,18,5819000
DS-ARC1 C10 A30,DS-ARC1 AFDD+RCD 1P+N 10A C 6kA 30mA — 2CSA255103R1104,ABB,AFDD,DS-ARC1,2,10,,6,30,36,85,69,18,5489000
DS-ARC1 C13 A30,DS-ARC1 AFDD+RCD 1P+N 13A C 6kA 30mA — 2CSA255103R1134,ABB,AFDD,DS-ARC1,2,13,,6,30,36,85,69,18,5489000
DS-ARC1 C16 A30,DS-ARC1 AFDD+RCD 1P+N 16A C 6kA 30mA — 2CSA255103R1164,ABB,AFDD,DS-ARC1,2,16,,6,30,36,85,69,18,5489000
DS-ARC1 C20 A30,DS-ARC1 AFDD+RCD 1P+N 20A C 6kA 30mA — 2CSA255103R1204,ABB,AFDD,DS-ARC1,2,20,,6,30,36,85,69,18,5489000
FA1C 3P 630A,"Formula Air ACB FA1C 3P 630A 50kA cố định (thân, chưa gồm trip unit) — 1SDA085419R1",ABB,ACB,Formula Air FA1C,3,630,,50,,324,379,290,80,56791900
FA1C 4P 630A,"Formula Air ACB FA1C 4P 630A 50kA cố định (thân, chưa gồm trip unit) — 1SDA085429R1",ABB,ACB,Formula Air FA1C,4,630,,50,,414,379,290,80,72042300
FA1C 3P 800A,"Formula Air ACB FA1C 3P 800A 50kA cố định (thân, chưa gồm trip unit) — 1SDA085421R1",ABB,ACB,Formula Air FA1C,3,800,,50,,324,379,290,80,63569000
FA1C 4P 800A,"Formula Air ACB FA1C 4P 800A 50kA cố định (thân, chưa gồm trip unit) — 1SDA085431R1",ABB,ACB,Formula Air FA1C,4,800,,50,,414,379,290,80,80515600
FA1C 3P 1000A,"Formula Air ACB FA1C 3P 1000A 50kA cố định (thân, chưa gồm trip unit) — 1SDA085423R1",ABB,ACB,Formula Air FA1C,3,1000,,50,,324,379,290,80,66650100
FA1C 4P 1000A,"Formula Air ACB FA1C 4P 1000A 50kA cố định (thân, chưa gồm trip unit) — 1SDA085433R1",ABB,ACB,Formula Air FA1C,4,1000,,50,,414,379,290,80,84365600
FA1C 3P 1250A,"Formula Air ACB FA1C 3P 1250A 50kA cố định (thân, chưa gồm trip unit) — 1SDA085425R1",ABB,ACB,Formula Air FA1C,3,1250,,50,,324,379,290,80,65040800
FA1C 4P 1250A,"Formula Air ACB FA1C 4P 1250A 50kA cố định (thân, chưa gồm trip unit) — 1SDA085435R1",ABB,ACB,Formula Air FA1C,4,1250,,50,,414,379,290,80,82219500
FA1C 3P 1600A,"Formula Air ACB FA1C 3P 1600A 50kA cố định (thân, chưa gồm trip unit) — 1SDA085427R1",ABB,ACB,Formula Air FA1C,3,1600,,50,,324,379,290,80,71319600
FA1C 4P 1600A,"Formula Air ACB FA1C 4P 1600A 50kA cố định (thân, chưa gồm trip unit) — 1SDA085437R1",ABB,ACB,Formula Air FA1C,4,1600,,50,,414,379,290,80,90070200
FA1N 3P 1600A,"Formula Air ACB FA1N 3P 1600A 65kA cố định (thân, chưa gồm trip unit) — 1SDA085428R1",ABB,ACB,Formula Air FA1N,3,1600,,65,,324,379,290,80,71319600
FA1N 4P 1600A,"Formula Air ACB FA1N 4P 1600A 65kA cố định (thân, chưa gồm trip unit) — 1SDA085438R1",ABB,ACB,Formula Air FA1N,4,1600,,65,,414,379,290,80,90070200
FA2N 3P 2000A,"Formula Air ACB FA2N 3P 2000A 65kA cố định (thân, chưa gồm trip unit) — 1SDA080388R1",ABB,ACB,Formula Air FA2N,3,2000,,65,,324,379,290,80,89346400
FA2N 4P 2000A,"Formula Air ACB FA2N 4P 2000A 65kA cố định (thân, chưa gồm trip unit) — 1SDA080404R1",ABB,ACB,Formula Air FA2N,4,2000,,65,,414,379,290,80,112602600
FA4N 3P 2500A,"Formula Air ACB FA4N 3P 2500A 65kA cố định (thân, chưa gồm trip unit) — 1SDA080392R1",ABB,ACB,Formula Air FA4N,3,2500,,65,,441,437,290,110,97224600
FA4N 4P 2500A,"Formula Air ACB FA4N 4P 2500A 65kA cố định (thân, chưa gồm trip unit) — 1SDA080408R1",ABB,ACB,Formula Air FA4N,4,2500,,65,,566,437,290,110,122452000
FA4N 3P 3200A,"Formula Air ACB FA4N 3P 3200A 65kA cố định (thân, chưa gồm trip unit) — 1SDA080393R1",ABB,ACB,Formula Air FA4N,3,3200,,65,,441,437,290,110,113052500
FA4N 4P 3200A,"Formula Air ACB FA4N 4P 3200A 65kA cố định (thân, chưa gồm trip unit) — 1SDA080409R1",ABB,ACB,Formula Air FA4N,4,3200,,65,,566,437,290,110,142236600
FA4N 3P 4000A,"Formula Air ACB FA4N 3P 4000A 65kA cố định (thân, chưa gồm trip unit) — 1SDA080394R1",ABB,ACB,Formula Air FA4N,3,4000,,65,,441,437,290,110,179752100
FA4N 4P 4000A,"Formula Air ACB FA4N 4P 4000A 65kA cố định (thân, chưa gồm trip unit) — 1SDA080410R1",ABB,ACB,Formula Air FA4N,4,4000,,65,,566,437,290,110,225612200
A1A 3P 16A,Formula DSA MCCB A1A 3P 16A 10kA — 1SDA068746R1,ABB,MCCB,Formula A1A,3,16,,10,,90,130,70,30,1703900
A1A 4P 16A,Formula DSA MCCB A1A 4P 16A 10kA — 1SDA068750R1,ABB,MCCB,Formula A1A,4,16,,10,,120,130,70,30,2301200
A1A 3P 20A,Formula DSA MCCB A1A 3P 20A 10kA — 1SDA066511R1,ABB,MCCB,Formula A1A,3,20,,10,,90,130,70,30,1703900
A1A 4P 20A,Formula DSA MCCB A1A 4P 20A 10kA — 1SDA066525R1,ABB,MCCB,Formula A1A,4,20,,10,,120,130,70,30,2301200
A1A 3P 25A,Formula DSA MCCB A1A 3P 25A 10kA — 1SDA066512R1,ABB,MCCB,Formula A1A,3,25,,10,,90,130,70,30,1703900
A1A 4P 25A,Formula DSA MCCB A1A 4P 25A 10kA — 1SDA066526R1,ABB,MCCB,Formula A1A,4,25,,10,,120,130,70,30,2301200
A1A 3P 32A,Formula DSA MCCB A1A 3P 32A 10kA — 1SDA068757R1,ABB,MCCB,Formula A1A,3,32,,10,,90,130,70,30,1703900
A1A 4P 32A,Formula DSA MCCB A1A 4P 32A 10kA — 1SDA068761R1,ABB,MCCB,Formula A1A,4,32,,10,,120,130,70,30,2301200
A1A 3P 40A,Formula DSA MCCB A1A 3P 40A 10kA — 1SDA066514R1,ABB,MCCB,Formula A1A,3,40,,10,,90,130,70,30,1703900
A1A 4P 40A,Formula DSA MCCB A1A 4P 40A 10kA — 1SDA066528R1,ABB,MCCB,Formula A1A,4,40,,10,,120,130,70,30,2301200
A1A 3P 50A,Formula DSA MCCB A1A 3P 50A 10kA — 1SDA066515R1,ABB,MCCB,Formula A1A,3,50,,10,,90,130,70,30,1703900
A1A 4P 50A,Formula DSA MCCB A1A 4P 50A 10kA — 1SDA066529R1,ABB,MCCB,Formula A1A,4,50,,10,,120,130,70,30,2301200
A1A 3P 63A,Formula DSA MCCB A1A 3P 63A 10kA — 1SDA068768R1,ABB,MCCB,Formula A1A,3,63,,10,,90,130,70,30,1903000
A1A 4P 63A,Formula DSA MCCB A1A 4P 63A 10kA — 1SDA068772R1,ABB,MCCB,Formula A1A,4,63,,10,,120,130,70,30,2570700
A1A 3P 80A,Formula DSA MCCB A1A 3P 80A 10kA — 1SDA066518R1,ABB,MCCB,Formula A1A,3,80,,10,,90,130,70,30,1903000
A1A 4P 80A,Formula DSA MCCB A1A 4P 80A 10kA — 1SDA066532R1,ABB,MCCB,Formula A1A,4,80,,10,,120,130,70,30,2570700
A1A 3P 100A,Formula DSA MCCB A1A 3P 100A 10kA — 1SDA066520R1,ABB,MCCB,Formula A1A,3,100,,10,,90,130,70,30,2005300
A1A 4P 100A,Formula DSA MCCB A1A 4P 100A 10kA — 1SDA066534R1,ABB,MCCB,Formula A1A,4,100,,10,,120,130,70,30,2704900
A1A 3P 125A,Formula DSA MCCB A1A 3P 125A 10kA — 1SDA066521R1,ABB,MCCB,Formula A1A,3,125,,10,,90,130,70,30,2404600
A1A 4P 125A,Formula DSA MCCB A1A 4P 125A 10kA — 1SDA066535R1,ABB,MCCB,Formula A1A,4,125,,10,,120,130,70,30,3247200
A1B 3P 16A,Formula DSA MCCB A1B 3P 16A 18kA — 1SDA068747R1,ABB,MCCB,Formula A1B,3,16,,18,,90,130,70,30,2024000
A1B 4P 16A,Formula DSA MCCB A1B 4P 16A 18kA — 1SDA068751R1,ABB,MCCB,Formula A1B,4,16,,18,,120,130,70,30,2732400
A1B 3P 20A,Formula DSA MCCB A1B 3P 20A 18kA — 1SDA066698R1,ABB,MCCB,Formula A1B,3,20,,18,,90,130,70,30,2024000
A1B 4P 20A,Formula DSA MCCB A1B 4P 20A 18kA — 1SDA066734R1,ABB,MCCB,Formula A1B,4,20,,18,,120,130,70,30,2732400
A1B 3P 25A,Formula DSA MCCB A1B 3P 25A 18kA — 1SDA066699R1,ABB,MCCB,Formula A1B,3,25,,18,,90,130,70,30,2024000
A1B 4P 25A,Formula DSA MCCB A1B 4P 25A 18kA — 1SDA066735R1,ABB,MCCB,Formula A1B,4,25,,18,,120,130,70,30,2732400
A1B 3P 32A,Formula DSA MCCB A1B 3P 32A 18kA — 1SDA068758R1,ABB,MCCB,Formula A1B,3,32,,18,,90,130,70,30,2024000
A1B 4P 32A,Formula DSA MCCB A1B 4P 32A 18kA — 1SDA068762R1,ABB,MCCB,Formula A1B,4,32,,18,,120,130,70,30,2732400
A1B 3P 40A,Formula DSA MCCB A1B 3P 40A 18kA — 1SDA066701R1,ABB,MCCB,Formula A1B,3,40,,18,,90,130,70,30,2024000
A1B 4P 40A,Formula DSA MCCB A1B 4P 40A 18kA — 1SDA066737R1,ABB,MCCB,Formula A1B,4,40,,18,,120,130,70,30,2732400
A1B 3P 50A,Formula DSA MCCB A1B 3P 50A 18kA — 1SDA066702R1,ABB,MCCB,Formula A1B,3,50,,18,,90,130,70,30,2024000
A1B 4P 50A,Formula DSA MCCB A1B 4P 50A 18kA — 1SDA066738R1,ABB,MCCB,Formula A1B,4,50,,18,,120,130,70,30,2732400
A1B 3P 63A,Formula DSA MCCB A1B 3P 63A 18kA — 1SDA068769R1,ABB,MCCB,Formula A1B,3,63,,18,,90,130,70,30,2262700
A1B 4P 63A,Formula DSA MCCB A1B 4P 63A 18kA — 1SDA068773R1,ABB,MCCB,Formula A1B,4,63,,18,,120,130,70,30,3052500
A1B 3P 80A,Formula DSA MCCB A1B 3P 80A 18kA — 1SDA066705R1,ABB,MCCB,Formula A1B,3,80,,18,,90,130,70,30,2262700
A1B 4P 80A,Formula DSA MCCB A1B 4P 80A 18kA — 1SDA066741R1,ABB,MCCB,Formula A1B,4,80,,18,,120,130,70,30,3052500
A1B 3P 100A,Formula DSA MCCB A1B 3P 100A 18kA — 1SDA066707R1,ABB,MCCB,Formula A1B,3,100,,18,,90,130,70,30,2380400
A1B 4P 100A,Formula DSA MCCB A1B 4P 100A 18kA — 1SDA066743R1,ABB,MCCB,Formula A1B,4,100,,18,,120,130,70,30,3214200
A1B 3P 125A,Formula DSA MCCB A1B 3P 125A 18kA — 1SDA066708R1,ABB,MCCB,Formula A1B,3,125,,18,,90,130,70,30,2857800
A1B 4P 125A,Formula DSA MCCB A1B 4P 125A 18kA — 1SDA066744R1,ABB,MCCB,Formula A1B,4,125,,18,,120,130,70,30,3856600
A2B 3P 150A,Formula DSA MCCB A2B 3P 150A 18kA — 1SDA068779R1,ABB,MCCB,Formula A2B,3,150,,18,,105,165,103,35,4701400
A2B 4P 150A,Formula DSA MCCB A2B 4P 150A 18kA — 1SDA068782R1,ABB,MCCB,Formula A2B,4,150,,18,,140,165,103,35,6347000
A2B 3P 160A,Formula DSA MCCB A2B 3P 160A 18kA — 1SDA066549R1,ABB,MCCB,Formula A2B,3,160,,18,,105,165,103,35,4701400
A2B 4P 160A,Formula DSA MCCB A2B 4P 160A 18kA — 1SDA066555R1,ABB,MCCB,Formula A2B,4,160,,18,,140,165,103,35,6347000
A2B 3P 200A,Formula DSA MCCB A2B 3P 200A 18kA — 1SDA066551R1,ABB,MCCB,Formula A2B,3,200,,18,,105,165,103,35,5530800
A2B 4P 200A,Formula DSA MCCB A2B 4P 200A 18kA — 1SDA066557R1,ABB,MCCB,Formula A2B,4,200,,18,,140,165,103,35,7466800
A2B 3P 225A,Formula DSA MCCB A2B 3P 225A 18kA — 1SDA066552R1,ABB,MCCB,Formula A2B,3,225,,18,,105,165,103,35,5530800
A2B 4P 225A,Formula DSA MCCB A2B 4P 225A 18kA — 1SDA066558R1,ABB,MCCB,Formula A2B,4,225,,18,,140,165,103,35,7466800
A2B 3P 250A,Formula DSA MCCB A2B 3P 250A 18kA — 1SDA066553R1,ABB,MCCB,Formula A2B,3,250,,18,,105,165,103,35,5530800
A2B 4P 250A,Formula DSA MCCB A2B 4P 250A 18kA — 1SDA066559R1,ABB,MCCB,Formula A2B,4,250,,18,,140,165,103,35,7466800
A1C 3P 16A,Formula DSA MCCB A1C 3P 16A 25kA — 1SDA068748R1,ABB,MCCB,Formula A1C,3,16,,25,,90,130,70,30,0
A1C 4P 16A,Formula DSA MCCB A1C 4P 16A 25kA — 1SDA068752R1,ABB,MCCB,Formula A1C,4,16,,25,,120,130,70,30,0
A1C 3P 20A,Formula DSA MCCB A1C 3P 20A 25kA — 1SDA066710R1,ABB,MCCB,Formula A1C,3,20,,25,,90,130,70,30,2118600
A1C 4P 20A,Formula DSA MCCB A1C 4P 20A 25kA — 1SDA066746R1,ABB,MCCB,Formula A1C,4,20,,25,,120,130,70,30,2860000
A1C 3P 25A,Formula DSA MCCB A1C 3P 25A 25kA — 1SDA066711R1,ABB,MCCB,Formula A1C,3,25,,25,,90,130,70,30,2118600
A1C 4P 25A,Formula DSA MCCB A1C 4P 25A 25kA — 1SDA066747R1,ABB,MCCB,Formula A1C,4,25,,25,,120,130,70,30,2860000
A1C 3P 32A,Formula DSA MCCB A1C 3P 32A 25kA — 1SDA068759R1,ABB,MCCB,Formula A1C,3,32,,25,,90,130,70,30,2118600
A1C 4P 32A,Formula DSA MCCB A1C 4P 32A 25kA — 1SDA068763R1,ABB,MCCB,Formula A1C,4,32,,25,,120,130,70,30,2860000
A1C 3P 40A,Formula DSA MCCB A1C 3P 40A 25kA — 1SDA066713R1,ABB,MCCB,Formula A1C,3,40,,25,,90,130,70,30,2118600
A1C 4P 40A,Formula DSA MCCB A1C 4P 40A 25kA — 1SDA066749R1,ABB,MCCB,Formula A1C,4,40,,25,,120,130,70,30,2860000
A1C 3P 50A,Formula DSA MCCB A1C 3P 50A 25kA — 1SDA066714R1,ABB,MCCB,Formula A1C,3,50,,25,,90,130,70,30,2118600
A1C 4P 50A,Formula DSA MCCB A1C 4P 50A 25kA — 1SDA066750R1,ABB,MCCB,Formula A1C,4,50,,25,,120,130,70,30,2860000
A1C 3P 63A,Formula DSA MCCB A1C 3P 63A 25kA — 1SDA068770R1,ABB,MCCB,Formula A1C,3,63,,25,,90,130,70,30,2367200
A1C 4P 63A,Formula DSA MCCB A1C 4P 63A 25kA — 1SDA068774R1,ABB,MCCB,Formula A1C,4,63,,25,,120,130,70,30,3195500
A1C 3P 80A,Formula DSA MCCB A1C 3P 80A 25kA — 1SDA066717R1,ABB,MCCB,Formula A1C,3,80,,25,,90,130,70,30,2367200
A1C 4P 80A,Formula DSA MCCB A1C 4P 80A 25kA — 1SDA066753R1,ABB,MCCB,Formula A1C,4,80,,25,,120,130,70,30,3195500
A1C 3P 100A,Formula DSA MCCB A1C 3P 100A 25kA — 1SDA066719R1,ABB,MCCB,Formula A1C,3,100,,25,,90,130,70,30,2491500
A1C 4P 100A,Formula DSA MCCB A1C 4P 100A 25kA — 1SDA066755R1,ABB,MCCB,Formula A1C,4,100,,25,,120,130,70,30,3363800
A1C 3P 125A,Formula DSA MCCB A1C 3P 125A 25kA — 1SDA066720R1,ABB,MCCB,Formula A1C,3,125,,25,,90,130,70,30,2990900
A1C 4P 125A,Formula DSA MCCB A1C 4P 125A 25kA — 1SDA066756R1,ABB,MCCB,Formula A1C,4,125,,25,,120,130,70,30,4035900
A2C 3P 150A,Formula DSA MCCB A2C 3P 150A 25kA — 1SDA068780R1,ABB,MCCB,Formula A2C,3,150,,25,,105,165,103,35,5305300
A2C 4P 150A,Formula DSA MCCB A2C 4P 150A 25kA — 1SDA068783R1,ABB,MCCB,Formula A2C,4,150,,25,,140,165,103,35,7161000
A2C 3P 160A,Formula DSA MCCB A2C 3P 160A 25kA — 1SDA066776R1,ABB,MCCB,Formula A2C,3,160,,25,,105,165,103,35,5305300
A2C 4P 160A,Formula DSA MCCB A2C 4P 160A 25kA — 1SDA066788R1,ABB,MCCB,Formula A2C,4,160,,25,,140,165,103,35,7161000
A2C 3P 175A,Formula DSA MCCB A2C 3P 175A 25kA — 1SDA066777R1,ABB,MCCB,Formula A2C,3,175,,25,,105,165,103,35,6241400
A2C 4P 175A,Formula DSA MCCB A2C 4P 175A 25kA — 1SDA066789R1,ABB,MCCB,Formula A2C,4,175,,25,,140,165,103,35,8426000
A2C 3P 200A,Formula DSA MCCB A2C 3P 200A 25kA — 1SDA066778R1,ABB,MCCB,Formula A2C,3,200,,25,,105,165,103,35,6241400
A2C 4P 200A,Formula DSA MCCB A2C 4P 200A 25kA — 1SDA066790R1,ABB,MCCB,Formula A2C,4,200,,25,,140,165,103,35,8426000
A2C 3P 225A,Formula DSA MCCB A2C 3P 225A 25kA — 1SDA066779R1,ABB,MCCB,Formula A2C,3,225,,25,,105,165,103,35,6241400
A2C 4P 225A,Formula DSA MCCB A2C 4P 225A 25kA — 1SDA066791R1,ABB,MCCB,Formula A2C,4,225,,25,,140,165,103,35,8426000
A2C 3P 250A,Formula DSA MCCB A2C 3P 250A 25kA — 1SDA066780R1,ABB,MCCB,Formula A2C,3,250,,25,,105,165,103,35,6241400
A2C 4P 250A,Formula DSA MCCB A2C 4P 250A 25kA — 1SDA066792R1,ABB,MCCB,Formula A2C,4,250,,25,,140,165,103,35,8426000
A1N 3P 20A,Formula DSA MCCB A1N 3P 20A 36kA — 1SDA066722R1,ABB,MCCB,Formula A1N,3,20,,36,,90,130,70,30,2583900
A1N 4P 20A,Formula DSA MCCB A1N 4P 20A 36kA — 1SDA066758R1,ABB,MCCB,Formula A1N,4,20,,36,,120,130,70,30,3487000
A1N 3P 25A,Formula DSA MCCB A1N 3P 25A 36kA — 1SDA066723R1,ABB,MCCB,Formula A1N,3,25,,36,,90,130,70,30,2583900
A1N 4P 25A,Formula DSA MCCB A1N 4P 25A 36kA — 1SDA066759R1,ABB,MCCB,Formula A1N,4,25,,36,,120,130,70,30,3487000
A1N 3P 32A,Formula DSA MCCB A1N 3P 32A 36kA — 1SDA068760R1,ABB,MCCB,Formula A1N,3,32,,36,,90,130,70,30,2583900
A1N 4P 32A,Formula DSA MCCB A1N 4P 32A 36kA — 1SDA068764R1,ABB,MCCB,Formula A1N,4,32,,36,,120,130,70,30,3487000
A1N 3P 40A,Formula DSA MCCB A1N 3P 40A 36kA — 1SDA066725R1,ABB,MCCB,Formula A1N,3,40,,36,,90,130,70,30,2583900
A1N 4P 40A,Formula DSA MCCB A1N 4P 40A 36kA — 1SDA066761R1,ABB,MCCB,Formula A1N,4,40,,36,,120,130,70,30,3487000
A1N 3P 50A,Formula DSA MCCB A1N 3P 50A 36kA — 1SDA066726R1,ABB,MCCB,Formula A1N,3,50,,36,,90,130,70,30,2583900
A1N 4P 50A,Formula DSA MCCB A1N 4P 50A 36kA — 1SDA066762R1,ABB,MCCB,Formula A1N,4,50,,36,,120,130,70,30,3487000
A1N 3P 63A,Formula DSA MCCB A1N 3P 63A 36kA — 1SDA068771R1,ABB,MCCB,Formula A1N,3,63,,36,,90,130,70,30,2886400
A1N 4P 63A,Formula DSA MCCB A1N 4P 63A 36kA — 1SDA068775R1,ABB,MCCB,Formula A1N,4,63,,36,,120,130,70,30,3897300
A1N 3P 80A,Formula DSA MCCB A1N 3P 80A 36kA — 1SDA066729R1,ABB,MCCB,Formula A1N,3,80,,36,,90,130,70,30,2886400
A1N 4P 80A,Formula DSA MCCB A1N 4P 80A 36kA — 1SDA066765R1,ABB,MCCB,Formula A1N,4,80,,36,,120,130,70,30,3897300
A1N 3P 100A,Formula DSA MCCB A1N 3P 100A 36kA — 1SDA066731R1,ABB,MCCB,Formula A1N,3,100,,36,,90,130,70,30,3039300
A1N 4P 100A,Formula DSA MCCB A1N 4P 100A 36kA — 1SDA066767R1,ABB,MCCB,Formula A1N,4,100,,36,,120,130,70,30,4104100
A1N 3P 125A,Formula DSA MCCB A1N 3P 125A 36kA — 1SDA066732R1,ABB,MCCB,Formula A1N,3,125,,36,,90,130,70,30,3647600
A1N 4P 125A,Formula DSA MCCB A1N 4P 125A 36kA — 1SDA066768R1,ABB,MCCB,Formula A1N,4,125,,36,,120,130,70,30,4922500
A2N 3P 150A,Formula DSA MCCB A2N 3P 150A 36kA — 1SDA068781R1,ABB,MCCB,Formula A2N,3,150,,36,,105,165,103,35,5887200
A2N 4P 150A,Formula DSA MCCB A2N 4P 150A 36kA — 1SDA068784R1,ABB,MCCB,Formula A2N,4,150,,36,,140,165,103,35,7948600
A2N 3P 160A,Formula DSA MCCB A2N 3P 160A 36kA — 1SDA066782R1,ABB,MCCB,Formula A2N,3,160,,36,,105,165,103,35,887200
A2N 4P 160A,Formula DSA MCCB A2N 4P 160A 36kA — 1SDA066794R1,ABB,MCCB,Formula A2N,4,160,,36,,140,165,103,35,7948600
A2N 3P 175A,Formula DSA MCCB A2N 3P 175A 36kA — 1SDA066783R1,ABB,MCCB,Formula A2N,3,175,,36,,105,165,103,35,6925600
A2N 4P 175A,Formula DSA MCCB A2N 4P 175A 36kA — 1SDA066795R1,ABB,MCCB,Formula A2N,4,175,,36,,140,165,103,35,9350000
A2N 3P 200A,Formula DSA MCCB A2N 3P 200A 36kA — 1SDA066784R1,ABB,MCCB,Formula A2N,3,200,,36,,105,165,103,35,6925600
A2N 4P 200A,Formula DSA MCCB A2N 4P 200A 36kA — 1SDA066796R1,ABB,MCCB,Formula A2N,4,200,,36,,140,165,103,35,9350000
A2N 3P 225A,Formula DSA MCCB A2N 3P 225A 36kA — 1SDA066785R1,ABB,MCCB,Formula A2N,3,225,,36,,105,165,103,35,6925600
A2N 4P 225A,Formula DSA MCCB A2N 4P 225A 36kA — 1SDA066797R1,ABB,MCCB,Formula A2N,4,225,,36,,140,165,103,35,9350000
A2N 3P 250A,Formula DSA MCCB A2N 3P 250A 36kA — 1SDA066786R1,ABB,MCCB,Formula A2N,3,250,,36,,105,165,103,35,6925600
A2N 4P 250A,Formula DSA MCCB A2N 4P 250A 36kA — 1SDA066798R1,ABB,MCCB,Formula A2N,4,250,,36,,140,165,103,35,9350000
A3N 3P 320A,Formula DSA MCCB A3N 3P 320A 36kA — 1SDA00066560R1,ABB,MCCB,Formula A3N,3,320,,36,,140,275,103,45,10693100
A3N 4P 320A,Formula DSA MCCB A3N 4P 320A 36kA — 1SDA066568R1,ABB,MCCB,Formula A3N,4,320,,36,,185,275,103,45,14436400
A3N 3P 400A,Formula DSA MCCB A3N 3P 400A 36kA — 1SDA066561R1,ABB,MCCB,Formula A3N,3,400,,36,,140,275,103,45,10693100
A3N 4P 400A,Formula DSA MCCB A3N 4P 400A 36kA — 1SDA066569R1,ABB,MCCB,Formula A3N,4,400,,36,,185,275,103,45,14436400
A3N 3P 500A,Formula DSA MCCB A3N 3P 500A 36kA — 1SDA066564R1,ABB,MCCB,Formula A3N,3,500,,36,,140,275,103,45,13607000
A3N 4P 500A,Formula DSA MCCB A3N 4P 500A 36kA — 1SDA066572R1,ABB,MCCB,Formula A3N,4,500,,36,,185,275,103,45,18370000
A3N 3P 630A,Formula DSA MCCB A3N 3P 630A 36kA — 1SDA066566R1,ABB,MCCB,Formula A3N,3,630,,36,,140,275,103,45,15648600
A3N 4P 630A,Formula DSA MCCB A3N 4P 630A 36kA — 1SDA066574R1,ABB,MCCB,Formula A3N,4,630,,36,,185,275,103,45,21125500
A3S 3P 320A,Formula DSA MCCB A3S 3P 320A 50kA — 1SDA066562R1,ABB,MCCB,Formula A3S,3,320,,50,,140,275,103,45,11738100
A3S 4P 320A,Formula DSA MCCB A3S 4P 320A 50kA — 1SDA00066570R1,ABB,MCCB,Formula A3S,4,320,,50,,185,275,103,45,15846600
A3S 3P 400A,Formula DSA MCCB A3S 3P 400A 50kA — 1SDA066563R1,ABB,MCCB,Formula A3S,3,400,,50,,140,275,103,45,11738100
A3S 4P 400A,Formula DSA MCCB A3S 4P 400A 50kA — 1SDA066571R1,ABB,MCCB,Formula A3S,4,400,,50,,185,275,103,45,15846600
A3S 3P 500A,Formula DSA MCCB A3S 3P 500A 50kA — 1SDA066565R1,ABB,MCCB,Formula A3S,3,500,,50,,140,275,103,45,15240500
A3S 4P 500A,Formula DSA MCCB A3S 4P 500A 50kA — 1SDA066573R1,ABB,MCCB,Formula A3S,4,500,,50,,185,275,103,45,20573300
A3S 3P 630A,Formula DSA MCCB A3S 3P 630A 50kA — 1SDA066567R1,ABB,MCCB,Formula A3S,3,630,,50,,140,275,103,45,17526300
A3S 4P 630A,Formula DSA MCCB A3S 4P 630A 50kA — 1SDA066575R1,ABB,MCCB,Formula A3S,4,630,,50,,185,275,103,45,23658800
DSP 3P 16A 18kA,Formula DSP MCCB 3P 16A 18kA — 1SDA116203R1,ABB,MCCB,Formula DSP,3,16,,18,,90,130,70,30,2468400
DSP 4P 16A 18kA,Formula DSP MCCB 4P 16A 18kA — 1SDA116214R1,ABB,MCCB,Formula DSP,4,16,,18,,120,130,70,30,3330800
DSP 3P 20A 18kA,Formula DSP MCCB 3P 20A 18kA — 1SDA116204R1,ABB,MCCB,Formula DSP,3,20,,18,,90,130,70,30,2468400
DSP 4P 20A 18kA,Formula DSP MCCB 4P 20A 18kA — 1SDA116215R1,ABB,MCCB,Formula DSP,4,20,,18,,120,130,70,30,3330800
DSP 3P 25A 18kA,Formula DSP MCCB 3P 25A 18kA — 1SDA116205R1,ABB,MCCB,Formula DSP,3,25,,18,,90,130,70,30,2468400
DSP 4P 25A 18kA,Formula DSP MCCB 4P 25A 18kA — 1SDA116216R1,ABB,MCCB,Formula DSP,4,25,,18,,120,130,70,30,3330800
DSP 3P 32A 18kA,Formula DSP MCCB 3P 32A 18kA — 1SDA116206R1,ABB,MCCB,Formula DSP,3,32,,18,,90,130,70,30,2468400
DSP 4P 32A 18kA,Formula DSP MCCB 4P 32A 18kA — 1SDA116217R1,ABB,MCCB,Formula DSP,4,32,,18,,120,130,70,30,3330800
DSP 3P 40A 18kA,Formula DSP MCCB 3P 40A 18kA — 1SDA116207R1,ABB,MCCB,Formula DSP,3,40,,18,,90,130,70,30,2468400
DSP 4P 40A 18kA,Formula DSP MCCB 4P 40A 18kA — 1SDA116218R1,ABB,MCCB,Formula DSP,4,40,,18,,120,130,70,30,3330800
DSP 3P 50A 18kA,Formula DSP MCCB 3P 50A 18kA — 1SDA116208R1,ABB,MCCB,Formula DSP,3,50,,18,,90,130,70,30,2468400
DSP 4P 50A 18kA,Formula DSP MCCB 4P 50A 18kA — 1SDA116219R1,ABB,MCCB,Formula DSP,4,50,,18,,120,130,70,30,3330800
DSP 3P 63A 18kA,Formula DSP MCCB 3P 63A 18kA — 1SDA116209R1,ABB,MCCB,Formula DSP,3,63,,18,,90,130,70,30,2468400
DSP 4P 63A 18kA,Formula DSP MCCB 4P 63A 18kA — 1SDA116220R1,ABB,MCCB,Formula DSP,4,63,,18,,120,130,70,30,3330800
DSP 3P 80A 18kA,Formula DSP MCCB 3P 80A 18kA — 1SDA116210R1,ABB,MCCB,Formula DSP,3,80,,18,,90,130,70,30,2493700
DSP 4P 80A 18kA,Formula DSP MCCB 4P 80A 18kA — 1SDA116221R1,ABB,MCCB,Formula DSP,4,80,,18,,120,130,70,30,3366000
DSP 3P 100A 18kA,Formula DSP MCCB 3P 100A 18kA — 1SDA116211R1,ABB,MCCB,Formula DSP,3,100,,18,,90,130,70,30,2493700
DSP 4P 100A 18kA,Formula DSP MCCB 4P 100A 18kA — 1SDA116222R1,ABB,MCCB,Formula DSP,4,100,,18,,120,130,70,30,3366000
DSP 3P 125A 18kA,Formula DSP MCCB 3P 125A 18kA — 1SDA116212R1,ABB,MCCB,Formula DSP,3,125,,18,,90,130,70,30,3245000
DSP 4P 125A 18kA,Formula DSP MCCB 4P 125A 18kA — 1SDA116225R1,ABB,MCCB,Formula DSP,4,125,,18,,120,130,70,30,4380200
DSP 3P 160A 18kA,Formula DSP MCCB 3P 160A 18kA — 1SDA116213R1,ABB,MCCB,Formula DSP,3,160,,18,,90,130,70,30,4011700
DSP 4P 160A 18kA,Formula DSP MCCB 4P 160A 18kA — 1SDA116226R1,ABB,MCCB,Formula DSP,4,160,,18,,120,130,70,30,5414200
DSP 3P 16A 25kA,Formula DSP MCCB 3P 16A 25kA — 1SDA116227R1,ABB,MCCB,Formula DSP,3,16,,25,,90,130,70,30,2597100
DSP 4P 16A 25kA,Formula DSP MCCB 4P 16A 25kA — 1SDA116238R1,ABB,MCCB,Formula DSP,4,16,,25,,120,130,70,30,3506800
DSP 3P 20A 25kA,Formula DSP MCCB 3P 20A 25kA — 1SDA116228R1,ABB,MCCB,Formula DSP,3,20,,25,,90,130,70,30,2597100
DSP 4P 20A 25kA,Formula DSP MCCB 4P 20A 25kA — 1SDA116239R1,ABB,MCCB,Formula DSP,4,20,,25,,120,130,70,30,3506800
DSP 3P 25A 25kA,Formula DSP MCCB 3P 25A 25kA — 1SDA116229R1,ABB,MCCB,Formula DSP,3,25,,25,,90,130,70,30,2597100
DSP 4P 25A 25kA,Formula DSP MCCB 4P 25A 25kA — 1SDA116240R1,ABB,MCCB,Formula DSP,4,25,,25,,120,130,70,30,3506800
DSP 3P 32A 25kA,Formula DSP MCCB 3P 32A 25kA — 1SDA116230R1,ABB,MCCB,Formula DSP,3,32,,25,,90,130,70,30,2597100
DSP 4P 32A 25kA,Formula DSP MCCB 4P 32A 25kA — 1SDA116241R1,ABB,MCCB,Formula DSP,4,32,,25,,120,130,70,30,3506800
DSP 3P 40A 25kA,Formula DSP MCCB 3P 40A 25kA — 1SDA116231R1,ABB,MCCB,Formula DSP,3,40,,25,,90,130,70,30,2597100
DSP 4P 40A 25kA,Formula DSP MCCB 4P 40A 25kA — 1SDA116242R1,ABB,MCCB,Formula DSP,4,40,,25,,120,130,70,30,3506800
DSP 3P 50A 25kA,Formula DSP MCCB 3P 50A 25kA — 1SDA116232R1,ABB,MCCB,Formula DSP,3,50,,25,,90,130,70,30,2597100
DSP 4P 50A 25kA,Formula DSP MCCB 4P 50A 25kA — 1SDA116243R1,ABB,MCCB,Formula DSP,4,50,,25,,120,130,70,30,3506800
DSP 3P 63A 25kA,Formula DSP MCCB 3P 63A 25kA — 1SDA116233R1,ABB,MCCB,Formula DSP,3,63,,25,,90,130,70,30,2597100
DSP 4P 63A 25kA,Formula DSP MCCB 4P 63A 25kA — 1SDA116244R1,ABB,MCCB,Formula DSP,4,63,,25,,120,130,70,30,3506800
DSP 3P 80A 25kA,Formula DSP MCCB 3P 80A 25kA — 1SDA116234R1,ABB,MCCB,Formula DSP,3,80,,25,,90,130,70,30,2625700
DSP 4P 80A 25kA,Formula DSP MCCB 4P 80A 25kA — 1SDA116245R1,ABB,MCCB,Formula DSP,4,80,,25,,120,130,70,30,3544200
DSP 3P 100A 25kA,Formula DSP MCCB 3P 100A 25kA — 1SDA116235R1,ABB,MCCB,Formula DSP,3,100,,25,,90,130,70,30,2625700
DSP 4P 100A 25kA,Formula DSP MCCB 4P 100A 25kA — 1SDA116246R1,ABB,MCCB,Formula DSP,4,100,,25,,120,130,70,30,3544200
DSP 3P 125A 25kA,Formula DSP MCCB 3P 125A 25kA — 1SDA116236R1,ABB,MCCB,Formula DSP,3,125,,25,,90,130,70,30,3415500
DSP 4P 125A 25kA,Formula DSP MCCB 4P 125A 25kA — 1SDA116249R1,ABB,MCCB,Formula DSP,4,125,,25,,120,130,70,30,4611200
DSP 3P 160A 25kA,Formula DSP MCCB 3P 160A 25kA — 1SDA116237R1,ABB,MCCB,Formula DSP,3,160,,25,,90,130,70,30,4222900
DSP 4P 160A 25kA,Formula DSP MCCB 4P 160A 25kA — 1SDA116250R1,ABB,MCCB,Formula DSP,4,160,,25,,120,130,70,30,5700200
DSP 3P 16A 36kA,Formula DSP MCCB 3P 16A 36kA — 1SDA116251R1,ABB,MCCB,Formula DSP,3,16,,36,,90,130,70,30,2614700
DSP 4P 16A 36kA,Formula DSP MCCB 4P 16A 36kA — 1SDA116262R1,ABB,MCCB,Formula DSP,4,16,,36,,120,130,70,30,3528800
DSP 3P 20A 36kA,Formula DSP MCCB 3P 20A 36kA — 1SDA116252R1,ABB,MCCB,Formula DSP,3,20,,36,,90,130,70,30,2614700
DSP 4P 20A 36kA,Formula DSP MCCB 4P 20A 36kA — 1SDA116263R1,ABB,MCCB,Formula DSP,4,20,,36,,120,130,70,30,3528800
DSP 3P 25A 36kA,Formula DSP MCCB 3P 25A 36kA — 1SDA116253R1,ABB,MCCB,Formula DSP,3,25,,36,,90,130,70,30,2614700
DSP 4P 25A 36kA,Formula DSP MCCB 4P 25A 36kA — 1SDA116264R1,ABB,MCCB,Formula DSP,4,25,,36,,120,130,70,30,3528800
DSP 3P 32A 36kA,Formula DSP MCCB 3P 32A 36kA — 1SDA116254R1,ABB,MCCB,Formula DSP,3,32,,36,,90,130,70,30,2614700
DSP 4P 32A 36kA,Formula DSP MCCB 4P 32A 36kA — 1SDA116265R1,ABB,MCCB,Formula DSP,4,32,,36,,120,130,70,30,3528800
DSP 3P 40A 36kA,Formula DSP MCCB 3P 40A 36kA — 1SDA116255R1,ABB,MCCB,Formula DSP,3,40,,36,,90,130,70,30,2614700
DSP 4P 40A 36kA,Formula DSP MCCB 4P 40A 36kA — 1SDA116266R1,ABB,MCCB,Formula DSP,4,40,,36,,120,130,70,30,3528800
DSP 3P 50A 36kA,Formula DSP MCCB 3P 50A 36kA — 1SDA116256R1,ABB,MCCB,Formula DSP,3,50,,36,,90,130,70,30,2614700
DSP 4P 50A 36kA,Formula DSP MCCB 4P 50A 36kA — 1SDA116267R1,ABB,MCCB,Formula DSP,4,50,,36,,120,130,70,30,3528800
DSP 3P 63A 36kA,Formula DSP MCCB 3P 63A 36kA — 1SDA116257R1,ABB,MCCB,Formula DSP,3,63,,36,,90,130,70,30,2614700
DSP 4P 63A 36kA,Formula DSP MCCB 4P 63A 36kA — 1SDA116268R1,ABB,MCCB,Formula DSP,4,63,,36,,120,130,70,30,3528800
DSP 3P 80A 36kA,Formula DSP MCCB 3P 80A 36kA — 1SDA116258R1,ABB,MCCB,Formula DSP,3,80,,36,,90,130,70,30,2713700
DSP 4P 80A 36kA,Formula DSP MCCB 4P 80A 36kA — 1SDA116269R1,ABB,MCCB,Formula DSP,4,80,,36,,120,130,70,30,3663000
DSP 3P 100A 36kA,Formula DSP MCCB 3P 100A 36kA — 1SDA116259R1,ABB,MCCB,Formula DSP,3,100,,36,,90,130,70,30,2713700
DSP 4P 100A 36kA,Formula DSP MCCB 4P 100A 36kA — 1SDA116270R1,ABB,MCCB,Formula DSP,4,100,,36,,120,130,70,30,3663000
DSP 3P 125A 36kA,Formula DSP MCCB 3P 125A 36kA — 1SDA116260R1,ABB,MCCB,Formula DSP,3,125,,36,,90,130,70,30,3583800
DSP 4P 125A 36kA,Formula DSP MCCB 4P 125A 36kA — 1SDA116273R1,ABB,MCCB,Formula DSP,4,125,,36,,120,130,70,30,4837800
DSP 3P 160A 36kA,Formula DSP MCCB 3P 160A 36kA — 1SDA116261R1,ABB,MCCB,Formula DSP,3,160,,36,,90,130,70,30,4407700
DSP 4P 160A 36kA,Formula DSP MCCB 4P 160A 36kA — 1SDA116274R1,ABB,MCCB,Formula DSP,4,160,,36,,120,130,70,30,5948800
DSP 3P 16A 50kA,Formula DSP MCCB 3P 16A 50kA — 1SDA116275R1,ABB,MCCB,Formula DSP,3,16,,50,,90,130,70,30,2866600
DSP 4P 16A 50kA,Formula DSP MCCB 4P 16A 50kA — 1SDA116286R1,ABB,MCCB,Formula DSP,4,16,,50,,120,130,70,30,3869800
DSP 3P 20A 50kA,Formula DSP MCCB 3P 20A 50kA — 1SDA116276R1,ABB,MCCB,Formula DSP,3,20,,50,,90,130,70,30,2866600
DSP 4P 20A 50kA,Formula DSP MCCB 4P 20A 50kA — 1SDA116287R1,ABB,MCCB,Formula DSP,4,20,,50,,120,130,70,30,3869800
DSP 3P 25A 50kA,Formula DSP MCCB 3P 25A 50kA — 1SDA116277R1,ABB,MCCB,Formula DSP,3,25,,50,,90,130,70,30,2866600
DSP 4P 25A 50kA,Formula DSP MCCB 4P 25A 50kA — 1SDA116288R1,ABB,MCCB,Formula DSP,4,25,,50,,120,130,70,30,3869800
DSP 3P 32A 50kA,Formula DSP MCCB 3P 32A 50kA — 1SDA116278R1,ABB,MCCB,Formula DSP,3,32,,50,,90,130,70,30,2866600
DSP 4P 32A 50kA,Formula DSP MCCB 4P 32A 50kA — 1SDA116289R1,ABB,MCCB,Formula DSP,4,32,,50,,120,130,70,30,3869800
DSP 3P 40A 50kA,Formula DSP MCCB 3P 40A 50kA — 1SDA116279R1,ABB,MCCB,Formula DSP,3,40,,50,,90,130,70,30,2866600
DSP 4P 40A 50kA,Formula DSP MCCB 4P 40A 50kA — 1SDA116290R1,ABB,MCCB,Formula DSP,4,40,,50,,120,130,70,30,3869800
DSP 3P 50A 50kA,Formula DSP MCCB 3P 50A 50kA — 1SDA116280R1,ABB,MCCB,Formula DSP,3,50,,50,,90,130,70,30,2866600
DSP 4P 50A 50kA,Formula DSP MCCB 4P 50A 50kA — 1SDA116291R1,ABB,MCCB,Formula DSP,4,50,,50,,120,130,70,30,3869800
DSP 3P 63A 50kA,Formula DSP MCCB 3P 63A 50kA — 1SDA116281R1,ABB,MCCB,Formula DSP,3,63,,50,,90,130,70,30,2866600
DSP 4P 63A 50kA,Formula DSP MCCB 4P 63A 50kA — 1SDA116292R1,ABB,MCCB,Formula DSP,4,63,,50,,120,130,70,30,3869800
DSP 3P 80A 50kA,Formula DSP MCCB 3P 80A 50kA — 1SDA116282R1,ABB,MCCB,Formula DSP,3,80,,50,,90,130,70,30,2974400
DSP 4P 80A 50kA,Formula DSP MCCB 4P 80A 50kA — 1SDA116293R1,ABB,MCCB,Formula DSP,4,80,,50,,120,130,70,30,4013900
DSP 3P 100A 50kA,Formula DSP MCCB 3P 100A 50kA — 1SDA116283R1,ABB,MCCB,Formula DSP,3,100,,50,,90,130,70,30,2974400
DSP 4P 100A 50kA,Formula DSP MCCB 4P 100A 50kA — 1SDA116294R1,ABB,MCCB,Formula DSP,4,100,,50,,120,130,70,30,4013900
DSP 3P 125A 50kA,Formula DSP MCCB 3P 125A 50kA — 1SDA116284R1,ABB,MCCB,Formula DSP,3,125,,50,,90,130,70,30,3820300
DSP 4P 125A 50kA,Formula DSP MCCB 4P 125A 50kA — 1SDA116297R1,ABB,MCCB,Formula DSP,4,125,,50,,120,130,70,30,5157200
DSP 3P 160A 50kA,Formula DSP MCCB 3P 160A 50kA — 1SDA116285R1,ABB,MCCB,Formula DSP,3,160,,50,,90,130,70,30,4698100
DSP 4P 160A 50kA,Formula DSP MCCB 4P 160A 50kA — 1SDA116298R1,ABB,MCCB,Formula DSP,4,160,,50,,120,130,70,30,6341500
BH-D6 1P 0.5A C,Mitsubishi BH-D6 MCB 1P 0.5A 6kA (curve C),Mitsubishi,MCB,BH-D6,1,0.5,,6,,18,85,68,0,302000
BH-D6 1P 1A C,Mitsubishi BH-D6 MCB 1P 1A 6kA (curve C),Mitsubishi,MCB,BH-D6,1,1,,6,,18,85,68,0,302000
BH-D6 1P 1.6A C,Mitsubishi BH-D6 MCB 1P 1.6A 6kA (curve C),Mitsubishi,MCB,BH-D6,1,1.6,,6,,18,85,68,0,302000
BH-D6 1P 2A C,Mitsubishi BH-D6 MCB 1P 2A 6kA (curve C),Mitsubishi,MCB,BH-D6,1,2,,6,,18,85,68,0,302000
BH-D6 1P 3A C,Mitsubishi BH-D6 MCB 1P 3A 6kA (curve C),Mitsubishi,MCB,BH-D6,1,3,,6,,18,85,68,0,178000
BH-D6 1P 4A C,Mitsubishi BH-D6 MCB 1P 4A 6kA (curve C),Mitsubishi,MCB,BH-D6,1,4,,6,,18,85,68,0,178000
BH-D6 1P 6A C,Mitsubishi BH-D6 MCB 1P 6A 6kA (curve C),Mitsubishi,MCB,BH-D6,1,6,,6,,18,85,68,0,178000
BH-D6 1P 10A C,Mitsubishi BH-D6 MCB 1P 10A 6kA (curve C),Mitsubishi,MCB,BH-D6,1,10,,6,,18,85,68,0,122000
BH-D6 1P 13A C,Mitsubishi BH-D6 MCB 1P 13A 6kA (curve C),Mitsubishi,MCB,BH-D6,1,13,,6,,18,85,68,0,122000
BH-D6 1P 16A C,Mitsubishi BH-D6 MCB 1P 16A 6kA (curve C),Mitsubishi,MCB,BH-D6,1,16,,6,,18,85,68,0,122000
BH-D6 1P 20A C,Mitsubishi BH-D6 MCB 1P 20A 6kA (curve C),Mitsubishi,MCB,BH-D6,1,20,,6,,18,85,68,0,122000
BH-D6 1P 25A C,Mitsubishi BH-D6 MCB 1P 25A 6kA (curve C),Mitsubishi,MCB,BH-D6,1,25,,6,,18,85,68,0,141000
BH-D6 1P 32A C,Mitsubishi BH-D6 MCB 1P 32A 6kA (curve C),Mitsubishi,MCB,BH-D6,1,32,,6,,18,85,68,0,141000
BH-D6 1P 40A C,Mitsubishi BH-D6 MCB 1P 40A 6kA (curve C),Mitsubishi,MCB,BH-D6,1,40,,6,,18,85,68,0,169000
BH-D6 1P 50A C,Mitsubishi BH-D6 MCB 1P 50A 6kA (curve C),Mitsubishi,MCB,BH-D6,1,50,,6,,18,85,68,0,220000
BH-D6 1P 63A C,Mitsubishi BH-D6 MCB 1P 63A 6kA (curve C),Mitsubishi,MCB,BH-D6,1,63,,6,,18,85,68,0,250000
BH-D6 2P 0.5A C,Mitsubishi BH-D6 MCB 2P 0.5A 6kA (curve C),Mitsubishi,MCB,BH-D6,2,0.5,,6,,36,85,68,18,580000
BH-D6 2P 1A C,Mitsubishi BH-D6 MCB 2P 1A 6kA (curve C),Mitsubishi,MCB,BH-D6,2,1,,6,,36,85,68,18,580000
BH-D6 2P 1.6A C,Mitsubishi BH-D6 MCB 2P 1.6A 6kA (curve C),Mitsubishi,MCB,BH-D6,2,1.6,,6,,36,85,68,18,580000
BH-D6 2P 2A C,Mitsubishi BH-D6 MCB 2P 2A 6kA (curve C),Mitsubishi,MCB,BH-D6,2,2,,6,,36,85,68,18,580000
BH-D6 2P 3A C,Mitsubishi BH-D6 MCB 2P 3A 6kA (curve C),Mitsubishi,MCB,BH-D6,2,3,,6,,36,85,68,18,417000
BH-D6 2P 4A C,Mitsubishi BH-D6 MCB 2P 4A 6kA (curve C),Mitsubishi,MCB,BH-D6,2,4,,6,,36,85,68,18,417000
BH-D6 2P 6A C,Mitsubishi BH-D6 MCB 2P 6A 6kA (curve C),Mitsubishi,MCB,BH-D6,2,6,,6,,36,85,68,18,417000
BH-D6 2P 10A C,Mitsubishi BH-D6 MCB 2P 10A 6kA (curve C),Mitsubishi,MCB,BH-D6,2,10,,6,,36,85,68,18,302000
BH-D6 2P 13A C,Mitsubishi BH-D6 MCB 2P 13A 6kA (curve C),Mitsubishi,MCB,BH-D6,2,13,,6,,36,85,68,18,302000
BH-D6 2P 16A C,Mitsubishi BH-D6 MCB 2P 16A 6kA (curve C),Mitsubishi,MCB,BH-D6,2,16,,6,,36,85,68,18,302000
BH-D6 2P 20A C,Mitsubishi BH-D6 MCB 2P 20A 6kA (curve C),Mitsubishi,MCB,BH-D6,2,20,,6,,36,85,68,18,302000
BH-D6 2P 25A C,Mitsubishi BH-D6 MCB 2P 25A 6kA (curve C),Mitsubishi,MCB,BH-D6,2,25,,6,,36,85,68,18,338000
BH-D6 2P 32A C,Mitsubishi BH-D6 MCB 2P 32A 6kA (curve C),Mitsubishi,MCB,BH-D6,2,32,,6,,36,85,68,18,338000
BH-D6 2P 40A C,Mitsubishi BH-D6 MCB 2P 40A 6kA (curve C),Mitsubishi,MCB,BH-D6,2,40,,6,,36,85,68,18,430000
BH-D6 2P 50A C,Mitsubishi BH-D6 MCB 2P 50A 6kA (curve C),Mitsubishi,MCB,BH-D6,2,50,,6,,36,85,68,18,509000
BH-D6 2P 63A C,Mitsubishi BH-D6 MCB 2P 63A 6kA (curve C),Mitsubishi,MCB,BH-D6,2,63,,6,,36,85,68,18,548000
BH-D6 3P 0.5A C,Mitsubishi BH-D6 MCB 3P 0.5A 6kA (curve C),Mitsubishi,MCB,BH-D6,3,0.5,,6,,54,85,68,18,892000
BH-D6 3P 1A C,Mitsubishi BH-D6 MCB 3P 1A 6kA (curve C),Mitsubishi,MCB,BH-D6,3,1,,6,,54,85,68,18,892000
BH-D6 3P 1.6A C,Mitsubishi BH-D6 MCB 3P 1.6A 6kA (curve C),Mitsubishi,MCB,BH-D6,3,1.6,,6,,54,85,68,18,892000
BH-D6 3P 2A C,Mitsubishi BH-D6 MCB 3P 2A 6kA (curve C),Mitsubishi,MCB,BH-D6,3,2,,6,,54,85,68,18,892000
BH-D6 3P 3A C,Mitsubishi BH-D6 MCB 3P 3A 6kA (curve C),Mitsubishi,MCB,BH-D6,3,3,,6,,54,85,68,18,644000
BH-D6 3P 4A C,Mitsubishi BH-D6 MCB 3P 4A 6kA (curve C),Mitsubishi,MCB,BH-D6,3,4,,6,,54,85,68,18,644000
BH-D6 3P 6A C,Mitsubishi BH-D6 MCB 3P 6A 6kA (curve C),Mitsubishi,MCB,BH-D6,3,6,,6,,54,85,68,18,644000
BH-D6 3P 10A C,Mitsubishi BH-D6 MCB 3P 10A 6kA (curve C),Mitsubishi,MCB,BH-D6,3,10,,6,,54,85,68,18,530000
BH-D6 3P 13A C,Mitsubishi BH-D6 MCB 3P 13A 6kA (curve C),Mitsubishi,MCB,BH-D6,3,13,,6,,54,85,68,18,530000
BH-D6 3P 16A C,Mitsubishi BH-D6 MCB 3P 16A 6kA (curve C),Mitsubishi,MCB,BH-D6,3,16,,6,,54,85,68,18,530000
BH-D6 3P 20A C,Mitsubishi BH-D6 MCB 3P 20A 6kA (curve C),Mitsubishi,MCB,BH-D6,3,20,,6,,54,85,68,18,530000
BH-D6 3P 25A C,Mitsubishi BH-D6 MCB 3P 25A 6kA (curve C),Mitsubishi,MCB,BH-D6,3,25,,6,,54,85,68,18,580000
BH-D6 3P 32A C,Mitsubishi BH-D6 MCB 3P 32A 6kA (curve C),Mitsubishi,MCB,BH-D6,3,32,,6,,54,85,68,18,580000
BH-D6 3P 40A C,Mitsubishi BH-D6 MCB 3P 40A 6kA (curve C),Mitsubishi,MCB,BH-D6,3,40,,6,,54,85,68,18,680000
BH-D6 3P 50A C,Mitsubishi BH-D6 MCB 3P 50A 6kA (curve C),Mitsubishi,MCB,BH-D6,3,50,,6,,54,85,68,18,761000
BH-D6 3P 63A C,Mitsubishi BH-D6 MCB 3P 63A 6kA (curve C),Mitsubishi,MCB,BH-D6,3,63,,6,,54,85,68,18,817000
BH-D6 4P 0.5A C,Mitsubishi BH-D6 MCB 4P 0.5A 6kA (curve C),Mitsubishi,MCB,BH-D6,4,0.5,,6,,72,85,68,18,1219000
BH-D6 4P 1A C,Mitsubishi BH-D6 MCB 4P 1A 6kA (curve C),Mitsubishi,MCB,BH-D6,4,1,,6,,72,85,68,18,1219000
BH-D6 4P 1.6A C,Mitsubishi BH-D6 MCB 4P 1.6A 6kA (curve C),Mitsubishi,MCB,BH-D6,4,1.6,,6,,72,85,68,18,1219000
BH-D6 4P 2A C,Mitsubishi BH-D6 MCB 4P 2A 6kA (curve C),Mitsubishi,MCB,BH-D6,4,2,,6,,72,85,68,18,1219000
BH-D6 4P 3A C,Mitsubishi BH-D6 MCB 4P 3A 6kA (curve C),Mitsubishi,MCB,BH-D6,4,3,,6,,72,85,68,18,907000
BH-D6 4P 4A C,Mitsubishi BH-D6 MCB 4P 4A 6kA (curve C),Mitsubishi,MCB,BH-D6,4,4,,6,,72,85,68,18,907000
BH-D6 4P 6A C,Mitsubishi BH-D6 MCB 4P 6A 6kA (curve C),Mitsubishi,MCB,BH-D6,4,6,,6,,72,85,68,18,907000
BH-D6 4P 10A C,Mitsubishi BH-D6 MCB 4P 10A 6kA (curve C),Mitsubishi,MCB,BH-D6,4,10,,6,,72,85,68,18,725000
BH-D6 4P 13A C,Mitsubishi BH-D6 MCB 4P 13A 6kA (curve C),Mitsubishi,MCB,BH-D6,4,13,,6,,72,85,68,18,725000
BH-D6 4P 16A C,Mitsubishi BH-D6 MCB 4P 16A 6kA (curve C),Mitsubishi,MCB,BH-D6,4,16,,6,,72,85,68,18,725000
BH-D6 4P 20A C,Mitsubishi BH-D6 MCB 4P 20A 6kA (curve C),Mitsubishi,MCB,BH-D6,4,20,,6,,72,85,68,18,725000
BH-D6 4P 25A C,Mitsubishi BH-D6 MCB 4P 25A 6kA (curve C),Mitsubishi,MCB,BH-D6,4,25,,6,,72,85,68,18,787000
BH-D6 4P 32A C,Mitsubishi BH-D6 MCB 4P 32A 6kA (curve C),Mitsubishi,MCB,BH-D6,4,32,,6,,72,85,68,18,787000
BH-D6 4P 40A C,Mitsubishi BH-D6 MCB 4P 40A 6kA (curve C),Mitsubishi,MCB,BH-D6,4,40,,6,,72,85,68,18,945000
BH-D6 4P 50A C,Mitsubishi BH-D6 MCB 4P 50A 6kA (curve C),Mitsubishi,MCB,BH-D6,4,50,,6,,72,85,68,18,1063000
BH-D6 4P 63A C,Mitsubishi BH-D6 MCB 4P 63A 6kA (curve C),Mitsubishi,MCB,BH-D6,4,63,,6,,72,85,68,18,1063000
BH-D6 1P+N 0.5A C,Mitsubishi BH-D6 MCB 1P+N 0.5A 6kA (curve C),Mitsubishi,MCB,BH-D6,2,0.5,,6,,36,85,68,18,552000
BH-D6 1P+N 1A C,Mitsubishi BH-D6 MCB 1P+N 1A 6kA (curve C),Mitsubishi,MCB,BH-D6,2,1,,6,,36,85,68,18,552000
BH-D6 1P+N 1.6A C,Mitsubishi BH-D6 MCB 1P+N 1.6A 6kA (curve C),Mitsubishi,MCB,BH-D6,2,1.6,,6,,36,85,68,18,552000
BH-D6 1P+N 2A C,Mitsubishi BH-D6 MCB 1P+N 2A 6kA (curve C),Mitsubishi,MCB,BH-D6,2,2,,6,,36,85,68,18,552000
BH-D6 1P+N 3A C,Mitsubishi BH-D6 MCB 1P+N 3A 6kA (curve C),Mitsubishi,MCB,BH-D6,2,3,,6,,36,85,68,18,400000
BH-D6 1P+N 4A C,Mitsubishi BH-D6 MCB 1P+N 4A 6kA (curve C),Mitsubishi,MCB,BH-D6,2,4,,6,,36,85,68,18,400000
BH-D6 1P+N 6A C,Mitsubishi BH-D6 MCB 1P+N 6A 6kA (curve C),Mitsubishi,MCB,BH-D6,2,6,,6,,36,85,68,18,400000
BH-D6 1P+N 10A C,Mitsubishi BH-D6 MCB 1P+N 10A 6kA (curve C),Mitsubishi,MCB,BH-D6,2,10,,6,,36,85,68,18,287000
BH-D6 1P+N 13A C,Mitsubishi BH-D6 MCB 1P+N 13A 6kA (curve C),Mitsubishi,MCB,BH-D6,2,13,,6,,36,85,68,18,287000
BH-D6 1P+N 16A C,Mitsubishi BH-D6 MCB 1P+N 16A 6kA (curve C),Mitsubishi,MCB,BH-D6,2,16,,6,,36,85,68,18,287000
BH-D6 1P+N 20A C,Mitsubishi BH-D6 MCB 1P+N 20A 6kA (curve C),Mitsubishi,MCB,BH-D6,2,20,,6,,36,85,68,18,287000
BH-D6 1P+N 25A C,Mitsubishi BH-D6 MCB 1P+N 25A 6kA (curve C),Mitsubishi,MCB,BH-D6,2,25,,6,,36,85,68,18,321000
BH-D6 1P+N 32A C,Mitsubishi BH-D6 MCB 1P+N 32A 6kA (curve C),Mitsubishi,MCB,BH-D6,2,32,,6,,36,85,68,18,321000
BH-D6 1P+N 40A C,Mitsubishi BH-D6 MCB 1P+N 40A 6kA (curve C),Mitsubishi,MCB,BH-D6,2,40,,6,,36,85,68,18,409000
BH-D10 1P 0.5A C,Mitsubishi BH-D10 MCB 1P 0.5A 10kA (curve C),Mitsubishi,MCB,BH-D10,1,0.5,,10,,18,85,68,0,334000
BH-D10 1P 1A C,Mitsubishi BH-D10 MCB 1P 1A 10kA (curve C),Mitsubishi,MCB,BH-D10,1,1,,10,,18,85,68,0,334000
BH-D10 1P 1.6A C,Mitsubishi BH-D10 MCB 1P 1.6A 10kA (curve C),Mitsubishi,MCB,BH-D10,1,1.6,,10,,18,85,68,0,334000
BH-D10 1P 2A C,Mitsubishi BH-D10 MCB 1P 2A 10kA (curve C),Mitsubishi,MCB,BH-D10,1,2,,10,,18,85,68,0,302000
BH-D10 1P 3A C,Mitsubishi BH-D10 MCB 1P 3A 10kA (curve C),Mitsubishi,MCB,BH-D10,1,3,,10,,18,85,68,0,302000
BH-D10 1P 4A C,Mitsubishi BH-D10 MCB 1P 4A 10kA (curve C),Mitsubishi,MCB,BH-D10,1,4,,10,,18,85,68,0,302000
BH-D10 1P 6A C,Mitsubishi BH-D10 MCB 1P 6A 10kA (curve C),Mitsubishi,MCB,BH-D10,1,6,,10,,18,85,68,0,252000
BH-D10 1P 10A C,Mitsubishi BH-D10 MCB 1P 10A 10kA (curve C),Mitsubishi,MCB,BH-D10,1,10,,10,,18,85,68,0,182000
BH-D10 1P 13A C,Mitsubishi BH-D10 MCB 1P 13A 10kA (curve C),Mitsubishi,MCB,BH-D10,1,13,,10,,18,85,68,0,182000
BH-D10 1P 16A C,Mitsubishi BH-D10 MCB 1P 16A 10kA (curve C),Mitsubishi,MCB,BH-D10,1,16,,10,,18,85,68,0,182000
BH-D10 1P 20A C,Mitsubishi BH-D10 MCB 1P 20A 10kA (curve C),Mitsubishi,MCB,BH-D10,1,20,,10,,18,85,68,0,182000
BH-D10 1P 25A C,Mitsubishi BH-D10 MCB 1P 25A 10kA (curve C),Mitsubishi,MCB,BH-D10,1,25,,10,,18,85,68,0,212000
BH-D10 1P 32A C,Mitsubishi BH-D10 MCB 1P 32A 10kA (curve C),Mitsubishi,MCB,BH-D10,1,32,,10,,18,85,68,0,212000
BH-D10 1P 40A C,Mitsubishi BH-D10 MCB 1P 40A 10kA (curve C),Mitsubishi,MCB,BH-D10,1,40,,10,,18,85,68,0,252000
BH-D10 1P 50A C,Mitsubishi BH-D10 MCB 1P 50A 10kA (curve C),Mitsubishi,MCB,BH-D10,1,50,,10,,18,85,68,0,302000
BH-D10 1P 63A C,Mitsubishi BH-D10 MCB 1P 63A 10kA (curve C),Mitsubishi,MCB,BH-D10,1,63,,10,,18,85,68,0,334000
BH-D10 2P 0.5A C,Mitsubishi BH-D10 MCB 2P 0.5A 10kA (curve C),Mitsubishi,MCB,BH-D10,2,0.5,,10,,36,85,68,18,717000
BH-D10 2P 1A C,Mitsubishi BH-D10 MCB 2P 1A 10kA (curve C),Mitsubishi,MCB,BH-D10,2,1,,10,,36,85,68,18,717000
BH-D10 2P 1.6A C,Mitsubishi BH-D10 MCB 2P 1.6A 10kA (curve C),Mitsubishi,MCB,BH-D10,2,1.6,,10,,36,85,68,18,717000
BH-D10 2P 2A C,Mitsubishi BH-D10 MCB 2P 2A 10kA (curve C),Mitsubishi,MCB,BH-D10,2,2,,10,,36,85,68,18,687000
BH-D10 2P 3A C,Mitsubishi BH-D10 MCB 2P 3A 10kA (curve C),Mitsubishi,MCB,BH-D10,2,3,,10,,36,85,68,18,687000
BH-D10 2P 4A C,Mitsubishi BH-D10 MCB 2P 4A 10kA (curve C),Mitsubishi,MCB,BH-D10,2,4,,10,,36,85,68,18,687000
BH-D10 2P 6A C,Mitsubishi BH-D10 MCB 2P 6A 10kA (curve C),Mitsubishi,MCB,BH-D10,2,6,,10,,36,85,68,18,603000
BH-D10 2P 10A C,Mitsubishi BH-D10 MCB 2P 10A 10kA (curve C),Mitsubishi,MCB,BH-D10,2,10,,10,,36,85,68,18,451000
BH-D10 2P 13A C,Mitsubishi BH-D10 MCB 2P 13A 10kA (curve C),Mitsubishi,MCB,BH-D10,2,13,,10,,36,85,68,18,451000
BH-D10 2P 16A C,Mitsubishi BH-D10 MCB 2P 16A 10kA (curve C),Mitsubishi,MCB,BH-D10,2,16,,10,,36,85,68,18,451000
BH-D10 2P 20A C,Mitsubishi BH-D10 MCB 2P 20A 10kA (curve C),Mitsubishi,MCB,BH-D10,2,20,,10,,36,85,68,18,451000
BH-D10 2P 25A C,Mitsubishi BH-D10 MCB 2P 25A 10kA (curve C),Mitsubishi,MCB,BH-D10,2,25,,10,,36,85,68,18,496000
BH-D10 2P 32A C,Mitsubishi BH-D10 MCB 2P 32A 10kA (curve C),Mitsubishi,MCB,BH-D10,2,32,,10,,36,85,68,18,496000
BH-D10 2P 40A C,Mitsubishi BH-D10 MCB 2P 40A 10kA (curve C),Mitsubishi,MCB,BH-D10,2,40,,10,,36,85,68,18,607000
BH-D10 2P 50A C,Mitsubishi BH-D10 MCB 2P 50A 10kA (curve C),Mitsubishi,MCB,BH-D10,2,50,,10,,36,85,68,18,687000
BH-D10 2P 63A C,Mitsubishi BH-D10 MCB 2P 63A 10kA (curve C),Mitsubishi,MCB,BH-D10,2,63,,10,,36,85,68,18,717000
BH-D10 3P 0.5A C,Mitsubishi BH-D10 MCB 3P 0.5A 10kA (curve C),Mitsubishi,MCB,BH-D10,3,0.5,,10,,54,85,68,18,1104000
BH-D10 3P 1A C,Mitsubishi BH-D10 MCB 3P 1A 10kA (curve C),Mitsubishi,MCB,BH-D10,3,1,,10,,54,85,68,18,1104000
BH-D10 3P 1.6A C,Mitsubishi BH-D10 MCB 3P 1.6A 10kA (curve C),Mitsubishi,MCB,BH-D10,3,1.6,,10,,54,85,68,18,1104000
BH-D10 3P 2A C,Mitsubishi BH-D10 MCB 3P 2A 10kA (curve C),Mitsubishi,MCB,BH-D10,3,2,,10,,54,85,68,18,1042000
BH-D10 3P 3A C,Mitsubishi BH-D10 MCB 3P 3A 10kA (curve C),Mitsubishi,MCB,BH-D10,3,3,,10,,54,85,68,18,1042000
BH-D10 3P 4A C,Mitsubishi BH-D10 MCB 3P 4A 10kA (curve C),Mitsubishi,MCB,BH-D10,3,4,,10,,54,85,68,18,1042000
BH-D10 3P 6A C,Mitsubishi BH-D10 MCB 3P 6A 10kA (curve C),Mitsubishi,MCB,BH-D10,3,6,,10,,54,85,68,18,883000
BH-D10 3P 10A C,Mitsubishi BH-D10 MCB 3P 10A 10kA (curve C),Mitsubishi,MCB,BH-D10,3,10,,10,,54,85,68,18,717000
BH-D10 3P 13A C,Mitsubishi BH-D10 MCB 3P 13A 10kA (curve C),Mitsubishi,MCB,BH-D10,3,13,,10,,54,85,68,18,717000
BH-D10 3P 16A C,Mitsubishi BH-D10 MCB 3P 16A 10kA (curve C),Mitsubishi,MCB,BH-D10,3,16,,10,,54,85,68,18,717000
BH-D10 3P 20A C,Mitsubishi BH-D10 MCB 3P 20A 10kA (curve C),Mitsubishi,MCB,BH-D10,3,20,,10,,54,85,68,18,717000
BH-D10 3P 25A C,Mitsubishi BH-D10 MCB 3P 25A 10kA (curve C),Mitsubishi,MCB,BH-D10,3,25,,10,,54,85,68,18,785000
BH-D10 3P 32A C,Mitsubishi BH-D10 MCB 3P 32A 10kA (curve C),Mitsubishi,MCB,BH-D10,3,32,,10,,54,85,68,18,785000
BH-D10 3P 40A C,Mitsubishi BH-D10 MCB 3P 40A 10kA (curve C),Mitsubishi,MCB,BH-D10,3,40,,10,,54,85,68,18,911000
BH-D10 3P 50A C,Mitsubishi BH-D10 MCB 3P 50A 10kA (curve C),Mitsubishi,MCB,BH-D10,3,50,,10,,54,85,68,18,1042000
BH-D10 3P 63A C,Mitsubishi BH-D10 MCB 3P 63A 10kA (curve C),Mitsubishi,MCB,BH-D10,3,63,,10,,54,85,68,18,1104000
BH-D10 4P 0.5A C,Mitsubishi BH-D10 MCB 4P 0.5A 10kA (curve C),Mitsubishi,MCB,BH-D10,4,0.5,,10,,72,85,68,18,1465000
BH-D10 4P 1A C,Mitsubishi BH-D10 MCB 4P 1A 10kA (curve C),Mitsubishi,MCB,BH-D10,4,1,,10,,72,85,68,18,1465000
BH-D10 4P 1.6A C,Mitsubishi BH-D10 MCB 4P 1.6A 10kA (curve C),Mitsubishi,MCB,BH-D10,4,1.6,,10,,72,85,68,18,1465000
BH-D10 4P 2A C,Mitsubishi BH-D10 MCB 4P 2A 10kA (curve C),Mitsubishi,MCB,BH-D10,4,2,,10,,72,85,68,18,1369000
BH-D10 4P 3A C,Mitsubishi BH-D10 MCB 4P 3A 10kA (curve C),Mitsubishi,MCB,BH-D10,4,3,,10,,72,85,68,18,1369000
BH-D10 4P 4A C,Mitsubishi BH-D10 MCB 4P 4A 10kA (curve C),Mitsubishi,MCB,BH-D10,4,4,,10,,72,85,68,18,1369000
BH-D10 4P 6A C,Mitsubishi BH-D10 MCB 4P 6A 10kA (curve C),Mitsubishi,MCB,BH-D10,4,6,,10,,72,85,68,18,1174000
BH-D10 4P 10A C,Mitsubishi BH-D10 MCB 4P 10A 10kA (curve C),Mitsubishi,MCB,BH-D10,4,10,,10,,72,85,68,18,945000
BH-D10 4P 13A C,Mitsubishi BH-D10 MCB 4P 13A 10kA (curve C),Mitsubishi,MCB,BH-D10,4,13,,10,,72,85,68,18,945000
BH-D10 4P 16A C,Mitsubishi BH-D10 MCB 4P 16A 10kA (curve C),Mitsubishi,MCB,BH-D10,4,16,,10,,72,85,68,18,945000
BH-D10 4P 20A C,Mitsubishi BH-D10 MCB 4P 20A 10kA (curve C),Mitsubishi,MCB,BH-D10,4,20,,10,,72,85,68,18,945000
BH-D10 4P 25A C,Mitsubishi BH-D10 MCB 4P 25A 10kA (curve C),Mitsubishi,MCB,BH-D10,4,25,,10,,72,85,68,18,1042000
BH-D10 4P 32A C,Mitsubishi BH-D10 MCB 4P 32A 10kA (curve C),Mitsubishi,MCB,BH-D10,4,32,,10,,72,85,68,18,1042000
BH-D10 4P 40A C,Mitsubishi BH-D10 MCB 4P 40A 10kA (curve C),Mitsubishi,MCB,BH-D10,4,40,,10,,72,85,68,18,1206000
BH-D10 4P 50A C,Mitsubishi BH-D10 MCB 4P 50A 10kA (curve C),Mitsubishi,MCB,BH-D10,4,50,,10,,72,85,68,18,1369000
BH-D10 4P 63A C,Mitsubishi BH-D10 MCB 4P 63A 10kA (curve C),Mitsubishi,MCB,BH-D10,4,63,,10,,72,85,68,18,1465000
BHW-T10 1P 80A C,Mitsubishi BHW-T10 MCB 1P 80A 10kA (curve C),Mitsubishi,MCB,BHW-T10,1,80,,10,,18,85,68,0,642000
BHW-T10 1P 100A C,Mitsubishi BHW-T10 MCB 1P 100A 10kA (curve C),Mitsubishi,MCB,BHW-T10,1,100,,10,,18,85,68,0,659000
BHW-T10 2P 80A C,Mitsubishi BHW-T10 MCB 2P 80A 10kA (curve C),Mitsubishi,MCB,BHW-T10,2,80,,10,,36,85,68,18,1301000
BHW-T10 2P 100A C,Mitsubishi BHW-T10 MCB 2P 100A 10kA (curve C),Mitsubishi,MCB,BHW-T10,2,100,,10,,36,85,68,18,1337000
BHW-T10 3P 80A C,Mitsubishi BHW-T10 MCB 3P 80A 10kA (curve C),Mitsubishi,MCB,BHW-T10,3,80,,10,,54,85,68,18,1927000
BHW-T10 3P 100A C,Mitsubishi BHW-T10 MCB 3P 100A 10kA (curve C),Mitsubishi,MCB,BHW-T10,3,100,,10,,54,85,68,18,1976000
BHW-T10 4P 80A C,Mitsubishi BHW-T10 MCB 4P 80A 10kA (curve C),Mitsubishi,MCB,BHW-T10,4,80,,10,,72,85,68,18,2554000
BHW-T10 4P 100A C,Mitsubishi BHW-T10 MCB 4P 100A 10kA (curve C),Mitsubishi,MCB,BHW-T10,4,100,,10,,72,85,68,18,2622000
BV-D 2P 25A 30mA,Mitsubishi BV-D RCCB 2P 25A 30mA,Mitsubishi,RCCB,BV-D,2,25,,0,30,36,85,68,18,1598000
BV-D 2P 25A 300mA,Mitsubishi BV-D RCCB 2P 25A 300mA,Mitsubishi,RCCB,BV-D,2,25,,0,300,36,85,68,18,1598000
BV-D 2P 40A 30mA,Mitsubishi BV-D RCCB 2P 40A 30mA,Mitsubishi,RCCB,BV-D,2,40,,0,30,36,85,68,18,1692000
BV-D 2P 40A 300mA,Mitsubishi BV-D RCCB 2P 40A 300mA,Mitsubishi,RCCB,BV-D,2,40,,0,300,36,85,68,18,1692000
BV-D 2P 63A 30mA,Mitsubishi BV-D RCCB 2P 63A 30mA,Mitsubishi,RCCB,BV-D,2,63,,0,30,36,85,68,18,2039000
BV-D 2P 63A 300mA,Mitsubishi BV-D RCCB 2P 63A 300mA,Mitsubishi,RCCB,BV-D,2,63,,0,300,36,85,68,18,2039000
BV-D 4P 25A 30mA,Mitsubishi BV-D RCCB 4P 25A 30mA,Mitsubishi,RCCB,BV-D,4,25,,0,30,72,85,68,18,2590000
BV-D 4P 25A 300mA,Mitsubishi BV-D RCCB 4P 25A 300mA,Mitsubishi,RCCB,BV-D,4,25,,0,300,72,85,68,18,2590000
BV-D 4P 40A 30mA,Mitsubishi BV-D RCCB 4P 40A 30mA,Mitsubishi,RCCB,BV-D,4,40,,0,30,72,85,68,18,2740000
BV-D 4P 40A 300mA,Mitsubishi BV-D RCCB 4P 40A 300mA,Mitsubishi,RCCB,BV-D,4,40,,0,300,72,85,68,18,2740000
BV-D 4P 63A 30mA,Mitsubishi BV-D RCCB 4P 63A 30mA,Mitsubishi,RCCB,BV-D,4,63,,0,30,72,85,68,18,3553000
BV-D 4P 63A 300mA,Mitsubishi BV-D RCCB 4P 63A 300mA,Mitsubishi,RCCB,BV-D,4,63,,0,300,72,85,68,18,3553000
BVW-T 2P 16A 30mA,Mitsubishi BVW-T RCCB 2P 16A 30mA,Mitsubishi,RCCB,BVW-T,2,16,,0,30,36,85,68,18,1478000
BVW-T 2P 25A 30mA,Mitsubishi BVW-T RCCB 2P 25A 30mA,Mitsubishi,RCCB,BVW-T,2,25,,0,30,36,85,68,18,1478000
BVW-T 2P 32A 30mA,Mitsubishi BVW-T RCCB 2P 32A 30mA,Mitsubishi,RCCB,BVW-T,2,32,,0,30,36,85,68,18,1478000
BVW-T 2P 40A 30mA,Mitsubishi BVW-T RCCB 2P 40A 30mA,Mitsubishi,RCCB,BVW-T,2,40,,0,30,36,85,68,18,1478000
BVW-T 2P 63A 30mA,Mitsubishi BVW-T RCCB 2P 63A 30mA,Mitsubishi,RCCB,BVW-T,2,63,,0,30,36,85,68,18,1478000
BVW-T 2P 80A 30mA,Mitsubishi BVW-T RCCB 2P 80A 30mA,Mitsubishi,RCCB,BVW-T,2,80,,0,30,36,85,68,18,1735000
BVW-T 2P 100A 30mA,Mitsubishi BVW-T RCCB 2P 100A 30mA,Mitsubishi,RCCB,BVW-T,2,100,,0,30,36,85,68,18,1752000
BVW-T 4P 16A 30mA,Mitsubishi BVW-T RCCB 4P 16A 30mA,Mitsubishi,RCCB,BVW-T,4,16,,0,30,72,85,68,18,1897000
BVW-T 4P 25A 30mA,Mitsubishi BVW-T RCCB 4P 25A 30mA,Mitsubishi,RCCB,BVW-T,4,25,,0,30,72,85,68,18,1897000
BVW-T 4P 32A 30mA,Mitsubishi BVW-T RCCB 4P 32A 30mA,Mitsubishi,RCCB,BVW-T,4,32,,0,30,72,85,68,18,1897000
BVW-T 4P 40A 30mA,Mitsubishi BVW-T RCCB 4P 40A 30mA,Mitsubishi,RCCB,BVW-T,4,40,,0,30,72,85,68,18,1897000
BVW-T 4P 63A 30mA,Mitsubishi BVW-T RCCB 4P 63A 30mA,Mitsubishi,RCCB,BVW-T,4,63,,0,30,72,85,68,18,1897000
BVW-T 4P 80A 30mA,Mitsubishi BVW-T RCCB 4P 80A 30mA,Mitsubishi,RCCB,BVW-T,4,80,,0,30,72,85,68,18,2366000
BVW-T 4P 100A 30mA,Mitsubishi BVW-T RCCB 4P 100A 30mA,Mitsubishi,RCCB,BVW-T,4,100,,0,30,72,85,68,18,2419000
BV-DN 1P+N 6A 30mA,Mitsubishi BV-DN RCBO 1P+N 6A 4.5kA 30mA,Mitsubishi,RCBO,BV-DN,2,6,,4.5,30,36,85,68,18,1281000
BV-DN 1P+N 10A 30mA,Mitsubishi BV-DN RCBO 1P+N 10A 4.5kA 30mA,Mitsubishi,RCBO,BV-DN,2,10,,4.5,30,36,85,68,18,1174000
BV-DN 1P+N 16A 30mA,Mitsubishi BV-DN RCBO 1P+N 16A 4.5kA 30mA,Mitsubishi,RCBO,BV-DN,2,16,,4.5,30,36,85,68,18,1174000
BV-DN 1P+N 20A 30mA,Mitsubishi BV-DN RCBO 1P+N 20A 4.5kA 30mA,Mitsubishi,RCBO,BV-DN,2,20,,4.5,30,36,85,68,18,1174000
BV-DN 1P+N 25A 30mA,Mitsubishi BV-DN RCBO 1P+N 25A 4.5kA 30mA,Mitsubishi,RCBO,BV-DN,2,25,,4.5,30,36,85,68,18,1403000
BV-DN 1P+N 32A 30mA,Mitsubishi BV-DN RCBO 1P+N 32A 4.5kA 30mA,Mitsubishi,RCBO,BV-DN,2,32,,4.5,30,36,85,68,18,1403000
BV-DN 1P+N 40A 30mA,Mitsubishi BV-DN RCBO 1P+N 40A 4.5kA 30mA,Mitsubishi,RCBO,BV-DN,2,40,,4.5,30,36,85,68,18,1683000
BV-DN6 1P+N 3A 30mA,Mitsubishi BV-DN6 RCBO 1P+N 3A 6kA 30mA,Mitsubishi,RCBO,BV-DN6,2,3,,6,30,36,85,68,18,1668000
BV-DN6 1P+N 6A 30mA,Mitsubishi BV-DN6 RCBO 1P+N 6A 6kA 30mA,Mitsubishi,RCBO,BV-DN6,2,6,,6,30,36,85,68,18,1893000
BV-DN6 1P+N 10A 30mA,Mitsubishi BV-DN6 RCBO 1P+N 10A 6kA 30mA,Mitsubishi,RCBO,BV-DN6,2,10,,6,30,36,85,68,18,1726000
BV-DN6 1P+N 16A 30mA,Mitsubishi BV-DN6 RCBO 1P+N 16A 6kA 30mA,Mitsubishi,RCBO,BV-DN6,2,16,,6,30,36,85,68,18,1726000
BV-DN6 1P+N 20A 30mA,Mitsubishi BV-DN6 RCBO 1P+N 20A 6kA 30mA,Mitsubishi,RCBO,BV-DN6,2,20,,6,30,36,85,68,18,1726000
BV-DN6 1P+N 25A 30mA,Mitsubishi BV-DN6 RCBO 1P+N 25A 6kA 30mA,Mitsubishi,RCBO,BV-DN6,2,25,,6,30,36,85,68,18,2073000
BV-DN6 1P+N 32A 30mA,Mitsubishi BV-DN6 RCBO 1P+N 32A 6kA 30mA,Mitsubishi,RCBO,BV-DN6,2,32,,6,30,36,85,68,18,2073000
BV-DN6 1P+N 40A 30mA,Mitsubishi BV-DN6 RCBO 1P+N 40A 6kA 30mA,Mitsubishi,RCBO,BV-DN6,2,40,,6,30,36,85,68,18,2488000
NF32-SV 3P 3A,Mitsubishi NF32-SV MCCB 3P 3A 2.5kA,Mitsubishi,MCCB,NF32-SV,3,3,,2.5,,75,130,68,25,1160000
NF32-SV 3P 4A,Mitsubishi NF32-SV MCCB 3P 4A 2.5kA,Mitsubishi,MCCB,NF32-SV,3,4,,2.5,,75,130,68,25,1160000
NF32-SV 3P 5A,Mitsubishi NF32-SV MCCB 3P 5A 2.5kA,Mitsubishi,MCCB,NF32-SV,3,5,,2.5,,75,130,68,25,1160000
NF32-SV 3P 6A,Mitsubishi NF32-SV MCCB 3P 6A 2.5kA,Mitsubishi,MCCB,NF32-SV,3,6,,2.5,,75,130,68,25,1160000
NF32-SV 3P 10A,Mitsubishi NF32-SV MCCB 3P 10A 2.5kA,Mitsubishi,MCCB,NF32-SV,3,10,,2.5,,75,130,68,25,1160000
NF32-SV 3P 15A,Mitsubishi NF32-SV MCCB 3P 15A 2.5kA,Mitsubishi,MCCB,NF32-SV,3,15,,2.5,,75,130,68,25,1160000
NF32-SV 3P 16A,Mitsubishi NF32-SV MCCB 3P 16A 2.5kA,Mitsubishi,MCCB,NF32-SV,3,16,,2.5,,75,130,68,25,1160000
NF32-SV 3P 20A,Mitsubishi NF32-SV MCCB 3P 20A 2.5kA,Mitsubishi,MCCB,NF32-SV,3,20,,2.5,,75,130,68,25,1160000
NF32-SV 3P 25A,Mitsubishi NF32-SV MCCB 3P 25A 2.5kA,Mitsubishi,MCCB,NF32-SV,3,25,,2.5,,75,130,68,25,1160000
NF32-SV 3P 30A,Mitsubishi NF32-SV MCCB 3P 30A 2.5kA,Mitsubishi,MCCB,NF32-SV,3,30,,2.5,,75,130,68,25,1160000
NF32-SV 3P 32A,Mitsubishi NF32-SV MCCB 3P 32A 2.5kA,Mitsubishi,MCCB,NF32-SV,3,32,,2.5,,75,130,68,25,1160000
NF63-CV 3P 3A,Mitsubishi NF63-CV MCCB 3P 3A 5kA,Mitsubishi,MCCB,NF63-CV,3,3,,5,,75,130,68,25,1120000
NF63-CV 3P 4A,Mitsubishi NF63-CV MCCB 3P 4A 5kA,Mitsubishi,MCCB,NF63-CV,3,4,,5,,75,130,68,25,1120000
NF63-CV 3P 5A,Mitsubishi NF63-CV MCCB 3P 5A 5kA,Mitsubishi,MCCB,NF63-CV,3,5,,5,,75,130,68,25,1120000
NF63-CV 3P 6A,Mitsubishi NF63-CV MCCB 3P 6A 5kA,Mitsubishi,MCCB,NF63-CV,3,6,,5,,75,130,68,25,1120000
NF63-CV 3P 10A,Mitsubishi NF63-CV MCCB 3P 10A 5kA,Mitsubishi,MCCB,NF63-CV,3,10,,5,,75,130,68,25,1120000
NF63-CV 3P 15A,Mitsubishi NF63-CV MCCB 3P 15A 5kA,Mitsubishi,MCCB,NF63-CV,3,15,,5,,75,130,68,25,1120000
NF63-CV 3P 16A,Mitsubishi NF63-CV MCCB 3P 16A 5kA,Mitsubishi,MCCB,NF63-CV,3,16,,5,,75,130,68,25,1120000
NF63-CV 3P 20A,Mitsubishi NF63-CV MCCB 3P 20A 5kA,Mitsubishi,MCCB,NF63-CV,3,20,,5,,75,130,68,25,1120000
NF63-CV 3P 25A,Mitsubishi NF63-CV MCCB 3P 25A 5kA,Mitsubishi,MCCB,NF63-CV,3,25,,5,,75,130,68,25,1120000
NF63-CV 3P 30A,Mitsubishi NF63-CV MCCB 3P 30A 5kA,Mitsubishi,MCCB,NF63-CV,3,30,,5,,75,130,68,25,1120000
NF63-CV 3P 32A,Mitsubishi NF63-CV MCCB 3P 32A 5kA,Mitsubishi,MCCB,NF63-CV,3,32,,5,,75,130,68,25,1120000
NF63-CV 3P 40A,Mitsubishi NF63-CV MCCB 3P 40A 5kA,Mitsubishi,MCCB,NF63-CV,3,40,,5,,75,130,68,25,1120000
NF63-CV 3P 50A,Mitsubishi NF63-CV MCCB 3P 50A 5kA,Mitsubishi,MCCB,NF63-CV,3,50,,5,,75,130,68,25,1120000
NF63-CV 3P 60A,Mitsubishi NF63-CV MCCB 3P 60A 5kA,Mitsubishi,MCCB,NF63-CV,3,60,,5,,75,130,68,25,1120000
NF63-CV 3P 63A,Mitsubishi NF63-CV MCCB 3P 63A 5kA,Mitsubishi,MCCB,NF63-CV,3,63,,5,,75,130,68,25,1120000
NF63-SV 3P 3A,Mitsubishi NF63-SV MCCB 3P 3A 7.5kA,Mitsubishi,MCCB,NF63-SV,3,3,,7.5,,75,130,68,25,1252000
NF63-SV 3P 4A,Mitsubishi NF63-SV MCCB 3P 4A 7.5kA,Mitsubishi,MCCB,NF63-SV,3,4,,7.5,,75,130,68,25,1252000
NF63-SV 3P 5A,Mitsubishi NF63-SV MCCB 3P 5A 7.5kA,Mitsubishi,MCCB,NF63-SV,3,5,,7.5,,75,130,68,25,1252000
NF63-SV 3P 6A,Mitsubishi NF63-SV MCCB 3P 6A 7.5kA,Mitsubishi,MCCB,NF63-SV,3,6,,7.5,,75,130,68,25,1252000
NF63-SV 3P 10A,Mitsubishi NF63-SV MCCB 3P 10A 7.5kA,Mitsubishi,MCCB,NF63-SV,3,10,,7.5,,75,130,68,25,1252000
NF63-SV 3P 15A,Mitsubishi NF63-SV MCCB 3P 15A 7.5kA,Mitsubishi,MCCB,NF63-SV,3,15,,7.5,,75,130,68,25,1252000
NF63-SV 3P 16A,Mitsubishi NF63-SV MCCB 3P 16A 7.5kA,Mitsubishi,MCCB,NF63-SV,3,16,,7.5,,75,130,68,25,1252000
NF63-SV 3P 20A,Mitsubishi NF63-SV MCCB 3P 20A 7.5kA,Mitsubishi,MCCB,NF63-SV,3,20,,7.5,,75,130,68,25,1252000
NF63-SV 3P 25A,Mitsubishi NF63-SV MCCB 3P 25A 7.5kA,Mitsubishi,MCCB,NF63-SV,3,25,,7.5,,75,130,68,25,1252000
NF63-SV 3P 30A,Mitsubishi NF63-SV MCCB 3P 30A 7.5kA,Mitsubishi,MCCB,NF63-SV,3,30,,7.5,,75,130,68,25,1252000
NF63-SV 3P 32A,Mitsubishi NF63-SV MCCB 3P 32A 7.5kA,Mitsubishi,MCCB,NF63-SV,3,32,,7.5,,75,130,68,25,1252000
NF63-SV 3P 40A,Mitsubishi NF63-SV MCCB 3P 40A 7.5kA,Mitsubishi,MCCB,NF63-SV,3,40,,7.5,,75,130,68,25,1252000
NF63-SV 3P 50A,Mitsubishi NF63-SV MCCB 3P 50A 7.5kA,Mitsubishi,MCCB,NF63-SV,3,50,,7.5,,75,130,68,25,1252000
NF63-SV 3P 60A,Mitsubishi NF63-SV MCCB 3P 60A 7.5kA,Mitsubishi,MCCB,NF63-SV,3,60,,7.5,,75,130,68,25,1252000
NF63-SV 3P 63A,Mitsubishi NF63-SV MCCB 3P 63A 7.5kA,Mitsubishi,MCCB,NF63-SV,3,63,,7.5,,75,130,68,25,1252000
NF63-SV 4P 3A,Mitsubishi NF63-SV MCCB 4P 3A 7.5kA,Mitsubishi,MCCB,NF63-SV,4,3,,7.5,,100,130,68,25,1675000
NF63-SV 4P 4A,Mitsubishi NF63-SV MCCB 4P 4A 7.5kA,Mitsubishi,MCCB,NF63-SV,4,4,,7.5,,100,130,68,25,1675000
NF63-SV 4P 5A,Mitsubishi NF63-SV MCCB 4P 5A 7.5kA,Mitsubishi,MCCB,NF63-SV,4,5,,7.5,,100,130,68,25,1675000
NF63-SV 4P 6A,Mitsubishi NF63-SV MCCB 4P 6A 7.5kA,Mitsubishi,MCCB,NF63-SV,4,6,,7.5,,100,130,68,25,1675000
NF63-SV 4P 10A,Mitsubishi NF63-SV MCCB 4P 10A 7.5kA,Mitsubishi,MCCB,NF63-SV,4,10,,7.5,,100,130,68,25,1675000
NF63-SV 4P 15A,Mitsubishi NF63-SV MCCB 4P 15A 7.5kA,Mitsubishi,MCCB,NF63-SV,4,15,,7.5,,100,130,68,25,1675000
NF63-SV 4P 16A,Mitsubishi NF63-SV MCCB 4P 16A 7.5kA,Mitsubishi,MCCB,NF63-SV,4,16,,7.5,,100,130,68,25,1675000
NF63-SV 4P 20A,Mitsubishi NF63-SV MCCB 4P 20A 7.5kA,Mitsubishi,MCCB,NF63-SV,4,20,,7.5,,100,130,68,25,1675000
NF63-SV 4P 25A,Mitsubishi NF63-SV MCCB 4P 25A 7.5kA,Mitsubishi,MCCB,NF63-SV,4,25,,7.5,,100,130,68,25,1675000
NF63-SV 4P 30A,Mitsubishi NF63-SV MCCB 4P 30A 7.5kA,Mitsubishi,MCCB,NF63-SV,4,30,,7.5,,100,130,68,25,1675000
NF63-SV 4P 32A,Mitsubishi NF63-SV MCCB 4P 32A 7.5kA,Mitsubishi,MCCB,NF63-SV,4,32,,7.5,,100,130,68,25,1675000
NF63-SV 4P 40A,Mitsubishi NF63-SV MCCB 4P 40A 7.5kA,Mitsubishi,MCCB,NF63-SV,4,40,,7.5,,100,130,68,25,1675000
NF63-SV 4P 50A,Mitsubishi NF63-SV MCCB 4P 50A 7.5kA,Mitsubishi,MCCB,NF63-SV,4,50,,7.5,,100,130,68,25,1675000
NF63-SV 4P 60A,Mitsubishi NF63-SV MCCB 4P 60A 7.5kA,Mitsubishi,MCCB,NF63-SV,4,60,,7.5,,100,130,68,25,1675000
NF63-SV 4P 63A,Mitsubishi NF63-SV MCCB 4P 63A 7.5kA,Mitsubishi,MCCB,NF63-SV,4,63,,7.5,,100,130,68,25,1675000
NF63-HV 3P 10A,Mitsubishi NF63-HV MCCB 3P 10A 10kA,Mitsubishi,MCCB,NF63-HV,3,10,,10,,75,130,68,25,1412000
NF63-HV 3P 15A,Mitsubishi NF63-HV MCCB 3P 15A 10kA,Mitsubishi,MCCB,NF63-HV,3,15,,10,,75,130,68,25,1412000
NF63-HV 3P 16A,Mitsubishi NF63-HV MCCB 3P 16A 10kA,Mitsubishi,MCCB,NF63-HV,3,16,,10,,75,130,68,25,1412000
NF63-HV 3P 20A,Mitsubishi NF63-HV MCCB 3P 20A 10kA,Mitsubishi,MCCB,NF63-HV,3,20,,10,,75,130,68,25,1412000
NF63-HV 3P 25A,Mitsubishi NF63-HV MCCB 3P 25A 10kA,Mitsubishi,MCCB,NF63-HV,3,25,,10,,75,130,68,25,1412000
NF63-HV 3P 30A,Mitsubishi NF63-HV MCCB 3P 30A 10kA,Mitsubishi,MCCB,NF63-HV,3,30,,10,,75,130,68,25,1412000
NF63-HV 3P 32A,Mitsubishi NF63-HV MCCB 3P 32A 10kA,Mitsubishi,MCCB,NF63-HV,3,32,,10,,75,130,68,25,1412000
NF63-HV 3P 40A,Mitsubishi NF63-HV MCCB 3P 40A 10kA,Mitsubishi,MCCB,NF63-HV,3,40,,10,,75,130,68,25,1412000
NF63-HV 3P 50A,Mitsubishi NF63-HV MCCB 3P 50A 10kA,Mitsubishi,MCCB,NF63-HV,3,50,,10,,75,130,68,25,1412000
NF63-HV 3P 60A,Mitsubishi NF63-HV MCCB 3P 60A 10kA,Mitsubishi,MCCB,NF63-HV,3,60,,10,,75,130,68,25,1412000
NF63-HV 3P 63A,Mitsubishi NF63-HV MCCB 3P 63A 10kA,Mitsubishi,MCCB,NF63-HV,3,63,,10,,75,130,68,25,1412000
NF63-HV 4P 10A,Mitsubishi NF63-HV MCCB 4P 10A 10kA,Mitsubishi,MCCB,NF63-HV,4,10,,10,,100,130,68,25,1821000
NF63-HV 4P 15A,Mitsubishi NF63-HV MCCB 4P 15A 10kA,Mitsubishi,MCCB,NF63-HV,4,15,,10,,100,130,68,25,1821000
NF63-HV 4P 16A,Mitsubishi NF63-HV MCCB 4P 16A 10kA,Mitsubishi,MCCB,NF63-HV,4,16,,10,,100,130,68,25,1821000
NF63-HV 4P 20A,Mitsubishi NF63-HV MCCB 4P 20A 10kA,Mitsubishi,MCCB,NF63-HV,4,20,,10,,100,130,68,25,1821000
NF63-HV 4P 25A,Mitsubishi NF63-HV MCCB 4P 25A 10kA,Mitsubishi,MCCB,NF63-HV,4,25,,10,,100,130,68,25,1821000
NF63-HV 4P 30A,Mitsubishi NF63-HV MCCB 4P 30A 10kA,Mitsubishi,MCCB,NF63-HV,4,30,,10,,100,130,68,25,1821000
NF63-HV 4P 32A,Mitsubishi NF63-HV MCCB 4P 32A 10kA,Mitsubishi,MCCB,NF63-HV,4,32,,10,,100,130,68,25,1821000
NF63-HV 4P 40A,Mitsubishi NF63-HV MCCB 4P 40A 10kA,Mitsubishi,MCCB,NF63-HV,4,40,,10,,100,130,68,25,1821000
NF63-HV 4P 50A,Mitsubishi NF63-HV MCCB 4P 50A 10kA,Mitsubishi,MCCB,NF63-HV,4,50,,10,,100,130,68,25,1821000
NF63-HV 4P 60A,Mitsubishi NF63-HV MCCB 4P 60A 10kA,Mitsubishi,MCCB,NF63-HV,4,60,,10,,100,130,68,25,1821000
NF63-HV 4P 63A,Mitsubishi NF63-HV MCCB 4P 63A 10kA,Mitsubishi,MCCB,NF63-HV,4,63,,10,,100,130,68,25,1821000
NF125-CV 3P 50A,Mitsubishi NF125-CV MCCB 3P 50A 10kA,Mitsubishi,MCCB,NF125-CV,3,50,,10,,90,155,86,30,1965000
NF125-CV 3P 60A,Mitsubishi NF125-CV MCCB 3P 60A 10kA,Mitsubishi,MCCB,NF125-CV,3,60,,10,,90,155,86,30,1965000
NF125-CV 3P 63A,Mitsubishi NF125-CV MCCB 3P 63A 10kA,Mitsubishi,MCCB,NF125-CV,3,63,,10,,90,155,86,30,1965000
NF125-CV 3P 75A,Mitsubishi NF125-CV MCCB 3P 75A 10kA,Mitsubishi,MCCB,NF125-CV,3,75,,10,,90,155,86,30,1965000
NF125-CV 3P 80A,Mitsubishi NF125-CV MCCB 3P 80A 10kA,Mitsubishi,MCCB,NF125-CV,3,80,,10,,90,155,86,30,1965000
NF125-CV 3P 100A,Mitsubishi NF125-CV MCCB 3P 100A 10kA,Mitsubishi,MCCB,NF125-CV,3,100,,10,,90,155,86,30,1965000
NF125-CV 3P 125A,Mitsubishi NF125-CV MCCB 3P 125A 10kA,Mitsubishi,MCCB,NF125-CV,3,125,,10,,90,155,86,30,1965000
NF125-SV 3P 15A,Mitsubishi NF125-SV MCCB 3P 15A 30kA,Mitsubishi,MCCB,NF125-SV,3,15,,30,,90,155,86,30,2682000
NF125-SV 3P 16A,Mitsubishi NF125-SV MCCB 3P 16A 30kA,Mitsubishi,MCCB,NF125-SV,3,16,,30,,90,155,86,30,2682000
NF125-SV 3P 20A,Mitsubishi NF125-SV MCCB 3P 20A 30kA,Mitsubishi,MCCB,NF125-SV,3,20,,30,,90,155,86,30,2682000
NF125-SV 3P 30A,Mitsubishi NF125-SV MCCB 3P 30A 30kA,Mitsubishi,MCCB,NF125-SV,3,30,,30,,90,155,86,30,2682000
NF125-SV 3P 32A,Mitsubishi NF125-SV MCCB 3P 32A 30kA,Mitsubishi,MCCB,NF125-SV,3,32,,30,,90,155,86,30,2682000
NF125-SV 3P 40A,Mitsubishi NF125-SV MCCB 3P 40A 30kA,Mitsubishi,MCCB,NF125-SV,3,40,,30,,90,155,86,30,2682000
NF125-SV 3P 50A,Mitsubishi NF125-SV MCCB 3P 50A 30kA,Mitsubishi,MCCB,NF125-SV,3,50,,30,,90,155,86,30,2682000
NF125-SV 3P 60A,Mitsubishi NF125-SV MCCB 3P 60A 30kA,Mitsubishi,MCCB,NF125-SV,3,60,,30,,90,155,86,30,2682000
NF125-SV 3P 63A,Mitsubishi NF125-SV MCCB 3P 63A 30kA,Mitsubishi,MCCB,NF125-SV,3,63,,30,,90,155,86,30,2682000
NF125-SV 3P 75A,Mitsubishi NF125-SV MCCB 3P 75A 30kA,Mitsubishi,MCCB,NF125-SV,3,75,,30,,90,155,86,30,2682000
NF125-SV 3P 80A,Mitsubishi NF125-SV MCCB 3P 80A 30kA,Mitsubishi,MCCB,NF125-SV,3,80,,30,,90,155,86,30,2682000
NF125-SV 3P 100A,Mitsubishi NF125-SV MCCB 3P 100A 30kA,Mitsubishi,MCCB,NF125-SV,3,100,,30,,90,155,86,30,2682000
NF125-SV 3P 125A,Mitsubishi NF125-SV MCCB 3P 125A 30kA,Mitsubishi,MCCB,NF125-SV,3,125,,30,,90,155,86,30,2682000
NF125-SV 4P 15A,Mitsubishi NF125-SV MCCB 4P 15A 30kA,Mitsubishi,MCCB,NF125-SV,4,15,,30,,120,155,86,30,3774000
NF125-SV 4P 16A,Mitsubishi NF125-SV MCCB 4P 16A 30kA,Mitsubishi,MCCB,NF125-SV,4,16,,30,,120,155,86,30,3774000
NF125-SV 4P 20A,Mitsubishi NF125-SV MCCB 4P 20A 30kA,Mitsubishi,MCCB,NF125-SV,4,20,,30,,120,155,86,30,3774000
NF125-SV 4P 30A,Mitsubishi NF125-SV MCCB 4P 30A 30kA,Mitsubishi,MCCB,NF125-SV,4,30,,30,,120,155,86,30,3774000
NF125-SV 4P 32A,Mitsubishi NF125-SV MCCB 4P 32A 30kA,Mitsubishi,MCCB,NF125-SV,4,32,,30,,120,155,86,30,3774000
NF125-SV 4P 40A,Mitsubishi NF125-SV MCCB 4P 40A 30kA,Mitsubishi,MCCB,NF125-SV,4,40,,30,,120,155,86,30,3774000
NF125-SV 4P 50A,Mitsubishi NF125-SV MCCB 4P 50A 30kA,Mitsubishi,MCCB,NF125-SV,4,50,,30,,120,155,86,30,3774000
NF125-SV 4P 60A,Mitsubishi NF125-SV MCCB 4P 60A 30kA,Mitsubishi,MCCB,NF125-SV,4,60,,30,,120,155,86,30,3774000
NF125-SV 4P 63A,Mitsubishi NF125-SV MCCB 4P 63A 30kA,Mitsubishi,MCCB,NF125-SV,4,63,,30,,120,155,86,30,3774000
NF125-SV 4P 75A,Mitsubishi NF125-SV MCCB 4P 75A 30kA,Mitsubishi,MCCB,NF125-SV,4,75,,30,,120,155,86,30,3774000
NF125-SV 4P 80A,Mitsubishi NF125-SV MCCB 4P 80A 30kA,Mitsubishi,MCCB,NF125-SV,4,80,,30,,120,155,86,30,3774000
NF125-SV 4P 100A,Mitsubishi NF125-SV MCCB 4P 100A 30kA,Mitsubishi,MCCB,NF125-SV,4,100,,30,,120,155,86,30,3774000
NF125-SV 4P 125A,Mitsubishi NF125-SV MCCB 4P 125A 30kA,Mitsubishi,MCCB,NF125-SV,4,125,,30,,120,155,86,30,3774000
NF125-HV 3P 15A,Mitsubishi NF125-HV MCCB 3P 15A 50kA,Mitsubishi,MCCB,NF125-HV,3,15,,50,,90,155,86,30,4442000
NF125-HV 3P 16A,Mitsubishi NF125-HV MCCB 3P 16A 50kA,Mitsubishi,MCCB,NF125-HV,3,16,,50,,90,155,86,30,4442000
NF125-HV 3P 20A,Mitsubishi NF125-HV MCCB 3P 20A 50kA,Mitsubishi,MCCB,NF125-HV,3,20,,50,,90,155,86,30,4442000
NF125-HV 3P 30A,Mitsubishi NF125-HV MCCB 3P 30A 50kA,Mitsubishi,MCCB,NF125-HV,3,30,,50,,90,155,86,30,4442000
NF125-HV 3P 32A,Mitsubishi NF125-HV MCCB 3P 32A 50kA,Mitsubishi,MCCB,NF125-HV,3,32,,50,,90,155,86,30,4442000
NF125-HV 3P 40A,Mitsubishi NF125-HV MCCB 3P 40A 50kA,Mitsubishi,MCCB,NF125-HV,3,40,,50,,90,155,86,30,4442000
NF125-HV 3P 50A,Mitsubishi NF125-HV MCCB 3P 50A 50kA,Mitsubishi,MCCB,NF125-HV,3,50,,50,,90,155,86,30,4442000
NF125-HV 3P 60A,Mitsubishi NF125-HV MCCB 3P 60A 50kA,Mitsubishi,MCCB,NF125-HV,3,60,,50,,90,155,86,30,4442000
NF125-HV 3P 63A,Mitsubishi NF125-HV MCCB 3P 63A 50kA,Mitsubishi,MCCB,NF125-HV,3,63,,50,,90,155,86,30,4442000
NF125-HV 3P 75A,Mitsubishi NF125-HV MCCB 3P 75A 50kA,Mitsubishi,MCCB,NF125-HV,3,75,,50,,90,155,86,30,4442000
NF125-HV 3P 80A,Mitsubishi NF125-HV MCCB 3P 80A 50kA,Mitsubishi,MCCB,NF125-HV,3,80,,50,,90,155,86,30,4442000
NF125-HV 3P 100A,Mitsubishi NF125-HV MCCB 3P 100A 50kA,Mitsubishi,MCCB,NF125-HV,3,100,,50,,90,155,86,30,4442000
NF125-HV 3P 125A,Mitsubishi NF125-HV MCCB 3P 125A 50kA,Mitsubishi,MCCB,NF125-HV,3,125,,50,,90,155,86,30,4442000
NF125-HV 4P 15A,Mitsubishi NF125-HV MCCB 4P 15A 50kA,Mitsubishi,MCCB,NF125-HV,4,15,,50,,120,155,86,30,6146000
NF125-HV 4P 16A,Mitsubishi NF125-HV MCCB 4P 16A 50kA,Mitsubishi,MCCB,NF125-HV,4,16,,50,,120,155,86,30,6146000
NF125-HV 4P 20A,Mitsubishi NF125-HV MCCB 4P 20A 50kA,Mitsubishi,MCCB,NF125-HV,4,20,,50,,120,155,86,30,6146000
NF125-HV 4P 30A,Mitsubishi NF125-HV MCCB 4P 30A 50kA,Mitsubishi,MCCB,NF125-HV,4,30,,50,,120,155,86,30,6146000
NF125-HV 4P 32A,Mitsubishi NF125-HV MCCB 4P 32A 50kA,Mitsubishi,MCCB,NF125-HV,4,32,,50,,120,155,86,30,6146000
NF125-HV 4P 40A,Mitsubishi NF125-HV MCCB 4P 40A 50kA,Mitsubishi,MCCB,NF125-HV,4,40,,50,,120,155,86,30,6146000
NF125-HV 4P 50A,Mitsubishi NF125-HV MCCB 4P 50A 50kA,Mitsubishi,MCCB,NF125-HV,4,50,,50,,120,155,86,30,6146000
NF125-HV 4P 60A,Mitsubishi NF125-HV MCCB 4P 60A 50kA,Mitsubishi,MCCB,NF125-HV,4,60,,50,,120,155,86,30,6146000
NF125-HV 4P 63A,Mitsubishi NF125-HV MCCB 4P 63A 50kA,Mitsubishi,MCCB,NF125-HV,4,63,,50,,120,155,86,30,6146000
NF125-HV 4P 75A,Mitsubishi NF125-HV MCCB 4P 75A 50kA,Mitsubishi,MCCB,NF125-HV,4,75,,50,,120,155,86,30,6146000
NF125-HV 4P 80A,Mitsubishi NF125-HV MCCB 4P 80A 50kA,Mitsubishi,MCCB,NF125-HV,4,80,,50,,120,155,86,30,6146000
NF125-HV 4P 100A,Mitsubishi NF125-HV MCCB 4P 100A 50kA,Mitsubishi,MCCB,NF125-HV,4,100,,50,,120,155,86,30,6146000
NF125-HV 4P 125A,Mitsubishi NF125-HV MCCB 4P 125A 50kA,Mitsubishi,MCCB,NF125-HV,4,125,,50,,120,155,86,30,6146000
NF250-CV 3P 100A,Mitsubishi NF250-CV MCCB 3P 100A 25kA,Mitsubishi,MCCB,NF250-CV,3,100,,25,,105,165,103,35,3398000
NF250-CV 3P 125A,Mitsubishi NF250-CV MCCB 3P 125A 25kA,Mitsubishi,MCCB,NF250-CV,3,125,,25,,105,165,103,35,3398000
NF250-CV 3P 150A,Mitsubishi NF250-CV MCCB 3P 150A 25kA,Mitsubishi,MCCB,NF250-CV,3,150,,25,,105,165,103,35,3398000
NF250-CV 3P 175A,Mitsubishi NF250-CV MCCB 3P 175A 25kA,Mitsubishi,MCCB,NF250-CV,3,175,,25,,105,165,103,35,3398000
NF250-CV 3P 200A,Mitsubishi NF250-CV MCCB 3P 200A 25kA,Mitsubishi,MCCB,NF250-CV,3,200,,25,,105,165,103,35,3398000
NF250-CV 3P 225A,Mitsubishi NF250-CV MCCB 3P 225A 25kA,Mitsubishi,MCCB,NF250-CV,3,225,,25,,105,165,103,35,3398000
NF250-CV 3P 250A,Mitsubishi NF250-CV MCCB 3P 250A 25kA,Mitsubishi,MCCB,NF250-CV,3,250,,25,,105,165,103,35,3398000
NF250-SV 3P 100A,Mitsubishi NF250-SV MCCB 3P 100A 36kA,Mitsubishi,MCCB,NF250-SV,3,100,,36,,105,165,103,35,4647000
NF250-SV 3P 125A,Mitsubishi NF250-SV MCCB 3P 125A 36kA,Mitsubishi,MCCB,NF250-SV,3,125,,36,,105,165,103,35,4647000
NF250-SV 3P 150A,Mitsubishi NF250-SV MCCB 3P 150A 36kA,Mitsubishi,MCCB,NF250-SV,3,150,,36,,105,165,103,35,4647000
NF250-SV 3P 160A,Mitsubishi NF250-SV MCCB 3P 160A 36kA,Mitsubishi,MCCB,NF250-SV,3,160,,36,,105,165,103,35,4647000
NF250-SV 3P 175A,Mitsubishi NF250-SV MCCB 3P 175A 36kA,Mitsubishi,MCCB,NF250-SV,3,175,,36,,105,165,103,35,4979000
NF250-SV 3P 200A,Mitsubishi NF250-SV MCCB 3P 200A 36kA,Mitsubishi,MCCB,NF250-SV,3,200,,36,,105,165,103,35,4979000
NF250-SV 3P 225A,Mitsubishi NF250-SV MCCB 3P 225A 36kA,Mitsubishi,MCCB,NF250-SV,3,225,,36,,105,165,103,35,4979000
NF250-SV 3P 250A,Mitsubishi NF250-SV MCCB 3P 250A 36kA,Mitsubishi,MCCB,NF250-SV,3,250,,36,,105,165,103,35,4979000
NF250-SV 4P 100A,Mitsubishi NF250-SV MCCB 4P 100A 36kA,Mitsubishi,MCCB,NF250-SV,4,100,,36,,140,165,103,35,7419000
NF250-SV 4P 125A,Mitsubishi NF250-SV MCCB 4P 125A 36kA,Mitsubishi,MCCB,NF250-SV,4,125,,36,,140,165,103,35,7419000
NF250-SV 4P 150A,Mitsubishi NF250-SV MCCB 4P 150A 36kA,Mitsubishi,MCCB,NF250-SV,4,150,,36,,140,165,103,35,7419000
NF250-SV 4P 160A,Mitsubishi NF250-SV MCCB 4P 160A 36kA,Mitsubishi,MCCB,NF250-SV,4,160,,36,,140,165,103,35,7419000
NF250-SV 4P 175A,Mitsubishi NF250-SV MCCB 4P 175A 36kA,Mitsubishi,MCCB,NF250-SV,4,175,,36,,140,165,103,35,7949000
NF250-SV 4P 200A,Mitsubishi NF250-SV MCCB 4P 200A 36kA,Mitsubishi,MCCB,NF250-SV,4,200,,36,,140,165,103,35,7949000
NF250-SV 4P 225A,Mitsubishi NF250-SV MCCB 4P 225A 36kA,Mitsubishi,MCCB,NF250-SV,4,225,,36,,140,165,103,35,7949000
NF250-SV 4P 250A,Mitsubishi NF250-SV MCCB 4P 250A 36kA,Mitsubishi,MCCB,NF250-SV,4,250,,36,,140,165,103,35,7949000
CV-140,Công tơ điện EMIC 1 pha,EMIC,Meter,CV,1,,,,,189,336,110,,0
CV-Nho,Công tơ điện EMIC loại nhỏ,EMIC,Meter,CV,1,,,,,153,235,90,,0
DLE-3025,Tụ bù Samwha 25 KVAr,Samwha,Capacitor,DLE,3,25,25,,,206,228,120,,0
DLE-3030,Tụ bù Samwha 30 KVAr,Samwha,Capacitor,DLE,3,30,30,,,206,268,120,,0
DLE-3040,Tụ bù Samwha 40 KVAr,Samwha,Capacitor,DLE,3,40,40,,,180,288,120,,0
DLE-3050,Tụ bù Samwha 50 KVAr,Samwha,Capacitor,DLE,3,50,50,,,205,355,140,,0
