  0
SECTION
  2
HEADER
  9
$ACADVER
  1
AC1032
  9
$ACADMAINTVER
 90
4
  9
$DWGCODEPAGE
  3
ANSI_1252
  9
$LASTSAVEDBY
  1
ezdxf
  9
$REQUIREDVERSIONS
160
0
  9
$INSBASE
 10
0.0
 20
0.0
 30
0.0
  9
$EXTMIN
 10
1e+20
 20
1e+20
 30
1e+20
  9
$EXTMAX
 10
-1e+20
 20
-1e+20
 30
-1e+20
  9
$LIMMIN
 10
0.0
 20
0.0
  9
$LIMMAX
 10
420.0
 20
297.0
  9
$ORTHOMODE
 70
0
  9
$REGENMODE
 70
1
  9
$FILLMODE
 70
1
  9
$QTEXTMODE
 70
0
  9
$MIRRTEXT
 70
1
  9
$LTSCALE
 40
1.0
  9
$ATTMODE
 70
1
  9
$TEXTSIZE
 40
2.5
  9
$TRACEWID
 40
1.0
  9
$TEXTSTYLE
  7
Standard
  9
$CLAYER
  8
0
  9
$CELTYPE
  6
ByLayer
  9
$CECOLOR
 62
256
  9
$CELTSCALE
 40
1.0
  9
$DISPSILH
 70
0
  9
$DIMSCALE
 40
1.0
  9
$DIMASZ
 40
2.5
  9
$DIMEXO
 40
0.625
  9
$DIMDLI
 40
3.75
  9
$DIMRND
 40
0.0
  9
$DIMDLE
 40
0.0
  9
$DIMEXE
 40
1.25
  9
$DIMTP
 40
0.0
  9
$DIMTM
 40
0.0
  9
$DIMTXT
 40
2.5
  9
$DIMCEN
 40
2.5
  9
$DIMTSZ
 40
0.0
  9
$DIMTOL
 70
0
  9
$DIMLIM
 70
0
  9
$DIMTIH
 70
0
  9
$DIMTOH
 70
0
  9
$DIMSE1
 70
0
  9
$DIMSE2
 70
0
  9
$DIMTAD
 70
1
  9
$DIMZIN
 70
8
  9
$DIMBLK
  1

  9
$DIMASO
 70
1
  9
$DIMSHO
 70
1
  9
$DIMPOST
  1

  9
$DIMAPOST
  1

  9
$DIMALT
 70
0
  9
$DIMALTD
 70
3
  9
$DIMALTF
 40
0.03937007874
  9
$DIMLFAC
 40
1.0
  9
$DIMTOFL
 70
1
  9
$DIMTVP
 40
0.0
  9
$DIMTIX
 70
0
  9
$DIMSOXD
 70
0
  9
$DIMSAH
 70
0
  9
$DIMBLK1
  1

  9
$DIMBLK2
  1

  9
$DIMSTYLE
  2
ISO-25
  9
$DIMCLRD
 70
0
  9
$DIMCLRE
 70
0
  9
$DIMCLRT
 70
0
  9
$DIMTFAC
 40
1.0
  9
$DIMGAP
 40
0.625
  9
$DIMJUST
 70
0
  9
$DIMSD1
 70
0
  9
$DIMSD2
 70
0
  9
$DIMTOLJ
 70
0
  9
$DIMTZIN
 70
8
  9
$DIMALTZ
 70
0
  9
$DIMALTTZ
 70
0
  9
$DIMUPT
 70
0
  9
$DIMDEC
 70
2
  9
$DIMTDEC
 70
2
  9
$DIMALTU
 70
2
  9
$DIMALTTD
 70
3
  9
$DIMTXSTY
  7
Standard
  9
$DIMAUNIT
 70
0
  9
$DIMADEC
 70
0
  9
$DIMALTRND
 40
0.0
  9
$DIMAZIN
 70
0
  9
$DIMDSEP
 70
44
  9
$DIMATFIT
 70
3
  9
$DIMFRAC
 70
0
  9
$DIMLDRBLK
  1

  9
$DIMLUNIT
 70
2
  9
$DIMLWD
 70
-2
  9
$DIMLWE
 70
-2
  9
$DIMTMOVE
 70
0
  9
$DIMFXL
 40
1.0
  9
$DIMFXLON
 70
0
  9
$DIMJOGANG
 40
0.785398163397
  9
$DIMTFILL
 70
0
  9
$DIMTFILLCLR
 70
0
  9
$DIMARCSYM
 70
0
  9
$DIMLTYPE
  6

  9
$DIMLTEX1
  6

  9
$DIMLTEX2
  6

  9
$DIMTXTDIRECTION
 70
0
  9
$LUNITS
 70
2
  9
$LUPREC
 70
4
  9
$SKETCHINC
 40
1.0
  9
$FILLETRAD
 40
10.0
  9
$AUNITS
 70
0
  9
$AUPREC
 70
2
  9
$MENU
  1
.
  9
$ELEVATION
 40
0.0
  9
$PELEVATION
 40
0.0
  9
$THICKNESS
 40
0.0
  9
$LIMCHECK
 70
0
  9
$CHAMFERA
 40
0.0
  9
$CHAMFERB
 40
0.0
  9
$CHAMFERC
 40
0.0
  9
$CHAMFERD
 40
0.0
  9
$SKPOLY
 70
0
  9
$TDCREATE
 40
2461307.877650463
  9
$TDUCREATE
 40
2458532.153996898
  9
$TDUPDATE
 40
2461307.877650463
  9
$TDUUPDATE
 40
2458532.1544311
  9
$TDINDWG
 40
0.0
  9
$TDUSRTIMER
 40
0.0
  9
$USRTIMER
 70
1
  9
$ANGBASE
 50
0.0
  9
$ANGDIR
 70
0
  9
$PDMODE
 70
0
  9
$PDSIZE
 40
0.0
  9
$PLINEWID
 40
0.0
  9
$SPLFRAME
 70
0
  9
$SPLINETYPE
 70
6
  9
$SPLINESEGS
 70
8
  9
$HANDSEED
  5
2B9
  9
$SURFTAB1
 70
6
  9
$SURFTAB2
 70
6
  9
$SURFTYPE
 70
6
  9
$SURFU
 70
6
  9
$SURFV
 70
6
  9
$UCSBASE
  2

  9
$UCSNAME
  2

  9
$UCSORG
 10
0.0
 20
0.0
 30
0.0
  9
$UCSXDIR
 10
1.0
 20
0.0
 30
0.0
  9
$UCSYDIR
 10
0.0
 20
1.0
 30
0.0
  9
$UCSORTHOREF
  2

  9
$UCSORTHOVIEW
 70
0
  9
$UCSORGTOP
 10
0.0
 20
0.0
 30
0.0
  9
$UCSORGBOTTOM
 10
0.0
 20
0.0
 30
0.0
  9
$UCSORGLEFT
 10
0.0
 20
0.0
 30
0.0
  9
$UCSORGRIGHT
 10
0.0
 20
0.0
 30
0.0
  9
$UCSORGFRONT
 10
0.0
 20
0.0
 30
0.0
  9
$UCSORGBACK
 10
0.0
 20
0.0
 30
0.0
  9
$PUCSBASE
  2

  9
$PUCSNAME
  2

  9
$PUCSORG
 10
0.0
 20
0.0
 30
0.0
  9
$PUCSXDIR
 10
1.0
 20
0.0
 30
0.0
  9
$PUCSYDIR
 10
0.0
 20
1.0
 30
0.0
  9
$PUCSORTHOREF
  2

  9
$PUCSORTHOVIEW
 70
0
  9
$PUCSORGTOP
 10
0.0
 20
0.0
 30
0.0
  9
$PUCSORGBOTTOM
 10
0.0
 20
0.0
 30
0.0
  9
$PUCSORGLEFT
 10
0.0
 20
0.0
 30
0.0
  9
$PUCSORGRIGHT
 10
0.0
 20
0.0
 30
0.0
  9
$PUCSORGFRONT
 10
0.0
 20
0.0
 30
0.0
  9
$PUCSORGBACK
 10
0.0
 20
0.0
 30
0.0
  9
$USERI1
 70
0
  9
$USERI2
 70
0
  9
$USERI3
 70
0
  9
$USERI4
 70
0
  9
$USERI5
 70
0
  9
$USERR1
 40
0.0
  9
$USERR2
 40
0.0
  9
$USERR3
 40
0.0
  9
$USERR4
 40
0.0
  9
$USERR5
 40
0.0
  9
$WORLDVIEW
 70
1
  9
$SHADEDGE
 70
3
  9
$SHADEDIF
 70
70
  9
$TILEMODE
 70
1
  9
$MAXACTVP
 70
64
  9
$PINSBASE
 10
0.0
 20
0.0
 30
0.0
  9
$PLIMCHECK
 70
0
  9
$PEXTMIN
 10
1e+20
 20
1e+20
 30
1e+20
  9
$PEXTMAX
 10
-1e+20
 20
-1e+20
 30
-1e+20
  9
$PLIMMIN
 10
0.0
 20
0.0
  9
$PLIMMAX
 10
420.0
 20
297.0
  9
$UNITMODE
 70
0
  9
$VISRETAIN
 70
1
  9
$PLINEGEN
 70
0
  9
$PSLTSCALE
 70
1
  9
$TREEDEPTH
 70
3020
  9
$CMLSTYLE
  2
Standard
  9
$CMLJUST
 70
0
  9
$CMLSCALE
 40
20.0
  9
$PROXYGRAPHICS
 70
1
  9
$MEASUREMENT
 70
1
  9
$CELWEIGHT
370
-1
  9
$ENDCAPS
280
0
  9
$JOINSTYLE
280
0
  9
$LWDISPLAY
290
0
  9
$INSUNITS
 70
4
  9
$HYPERLINKBASE
  1

  9
$STYLESHEET
  1

  9
$XEDIT
290
1
  9
$CEPSNTYPE
380
0
  9
$PSTYLEMODE
290
1
  9
$FINGERPRINTGUID
  2
{36EF0A3A-6FEA-4F2F-97E2-E8852AAFAB96}
  9
$VERSIONGUID
  2
{D49454B3-E915-4223-9650-EDBE7DC54594}
  9
$EXTNAMES
290
1
  9
$PSVPSCALE
 40
0.0
  9
$OLESTARTUP
290
0
  9
$SORTENTS
280
127
  9
$INDEXCTL
280
0
  9
$HIDETEXT
280
1
  9
$XCLIPFRAME
280
1
  9
$HALOGAP
280
0
  9
$OBSCOLOR
 70
257
  9
$OBSLTYPE
280
0
  9
$INTERSECTIONDISPLAY
280
0
  9
$INTERSECTIONCOLOR
 70
257
  9
$DIMASSOC
280
2
  9
$PROJECTNAME
  1

  9
$CAMERADISPLAY
290
0
  9
$LENSLENGTH
 40
50.0
  9
$CAMERAHEIGHT
 40
0.0
  9
$STEPSPERSEC
 40
24.0
  9
$STEPSIZE
 40
100.0
  9
$3DDWFPREC
 40
2.0
  9
$PSOLWIDTH
 40
0.005
  9
$PSOLHEIGHT
 40
0.08
  9
$LOFTANG1
 40
1.570796326795
  9
$LOFTANG2
 40
1.570796326795
  9
$LOFTMAG1
 40
0.0
  9
$LOFTMAG2
 40
0.0
  9
$LOFTPARAM
 70
7
  9
$LOFTNORMALS
280
1
  9
$LATITUDE
 40
37.795
  9
$LONGITUDE
 40
-122.394
  9
$NORTHDIRECTION
 40
0.0
  9
$TIMEZONE
 70
-8000
  9
$LIGHTGLYPHDISPLAY
280
1
  9
$TILEMODELIGHTSYNCH
280
1
  9
$CMATERIAL
347
20
  9
$SOLIDHIST
280
0
  9
$SHOWHIST
280
1
  9
$DWFFRAME
280
2
  9
$DGNFRAME
280
2
  9
$REALWORLDSCALE
290
1
  9
$INTERFERECOLOR
 62
256
  9
$CSHADOW
280
0
  9
$SHADOWPLANELOCATION
 40
0.0
  0
ENDSEC
  0
SECTION
  2
CLASSES
  0
CLASS
  1
ACDBDICTIONARYWDFLT
  2
AcDbDictionaryWithDefault
  3
ObjectDBX Classes
 90
0
 91
0
280
0
281
0
  0
CLASS
  1
SUN
  2
AcDbSun
  3
SCENEOE
 90
1153
 91
0
280
0
281
0
  0
CLASS
  1
VISUALSTYLE
  2
AcDbVisualStyle
  3
ObjectDBX Classes
 90
4095
 91
0
280
0
281
0
  0
CLASS
  1
MATERIAL
  2
AcDbMaterial
  3
ObjectDBX Classes
 90
1153
 91
0
280
0
281
0
  0
CLASS
  1
SCALE
  2
AcDbScale
  3
ObjectDBX Classes
 90
1153
 91
0
280
0
281
0
  0
CLASS
  1
TABLESTYLE
  2
AcDbTableStyle
  3
ObjectDBX Classes
 90
4095
 91
0
280
0
281
0
  0
CLASS
  1
MLEADERSTYLE
  2
AcDbMLeaderStyle
  3
ACDB_MLEADERSTYLE_CLASS
 90
4095
 91
0
280
0
281
0
  0
CLASS
  1
DICTIONARYVAR
  2
AcDbDictionaryVar
  3
ObjectDBX Classes
 90
0
 91
0
280
0
281
0
  0
CLASS
  1
CELLSTYLEMAP
  2
AcDbCellStyleMap
  3
ObjectDBX Classes
 90
1152
 91
0
280
0
281
0
  0
CLASS
  1
MENTALRAYRENDERSETTINGS
  2
AcDbMentalRayRenderSettings
  3
SCENEOE
 90
1024
 91
0
280
0
281
0
  0
CLASS
  1
ACDBDETAILVIEWSTYLE
  2
AcDbDetailViewStyle
  3
ObjectDBX Classes
 90
1025
 91
0
280
0
281
0
  0
CLASS
  1
ACDBSECTIONVIEWSTYLE
  2
AcDbSectionViewStyle
  3
ObjectDBX Classes
 90
1025
 91
0
280
0
281
0
  0
CLASS
  1
RASTERVARIABLES
  2
AcDbRasterVariables
  3
ISM
 90
0
 91
0
280
0
281
0
  0
CLASS
  1
LAYOUT
  2
AcDbLayout
  3
ObjectDBX Classes
 90
0
 91
0
280
0
281
0
  0
CLASS
  1
ACDBPLACEHOLDER
  2
AcDbPlaceHolder
  3
ObjectDBX Classes
 90
0
 91
0
280
0
281
0
  0
ENDSEC
  0
SECTION
  2
TABLES
  0
TABLE
  2
VPORT
  5
8
330
0
100
AcDbSymbolTable
 70
1
  0
VPORT
  5
23
330
8
100
AcDbSymbolTableRecord
100
AcDbViewportTableRecord
  2
*Active
 70
0
 10
0.0
 20
0.0
 11
1.0
 21
1.0
 12
0.0
 22
0.0
 13
0.0
 23
0.0
 14
0.5
 24
0.5
 15
0.5
 25
0.5
 16
0.0
 26
0.0
 36
1.0
 17
0.0
 27
0.0
 37
0.0
 40
1000.0
 41
1.34
 42
50.0
 43
0.0
 44
0.0
 50
0.0
 51
0.0
 71
0
 72
1000
 73
1
 74
3
 75
0
 76
0
 77
0
 78
0
281
0
 65
0
146
0.0
  0
ENDTAB
  0
TABLE
  2
LTYPE
  5
2
330
0
100
AcDbSymbolTable
 70
3
  0
LTYPE
  5
24
330
2
100
AcDbSymbolTableRecord
100
AcDbLinetypeTableRecord
  2
ByBlock
 70
0
  3

 72
65
 73
0
 40
0.0
  0
LTYPE
  5
25
330
2
100
AcDbSymbolTableRecord
100
AcDbLinetypeTableRecord
  2
ByLayer
 70
0
  3

 72
65
 73
0
 40
0.0
  0
LTYPE
  5
26
330
2
100
AcDbSymbolTableRecord
100
AcDbLinetypeTableRecord
  2
Continuous
 70
0
  3

 72
65
 73
0
 40
0.0
  0
ENDTAB
  0
TABLE
  2
LAYER
  5
1
330
0
100
AcDbSymbolTable
 70
3
  0
LAYER
  5
27
330
1
100
AcDbSymbolTableRecord
100
AcDbLayerTableRecord
  2
0
 70
0
 62
7
  6
Continuous
370
-3
390
13
347
21
  0
LAYER
  5
28
330
1
100
AcDbSymbolTableRecord
100
AcDbLayerTableRecord
  2
Defpoints
 70
0
 62
7
  6
Continuous
290
0
370
-3
390
13
347
21
  0
LAYER
  5
2B4
330
1
100
AcDbSymbolTableRecord
100
AcDbLayerTableRecord
  2
00
 70
0
 62
7
  6
Continuous
370
0
390
13
347
21
  0
ENDTAB
  0
TABLE
  2
STYLE
  5
5
330
0
100
AcDbSymbolTable
 70
2
  0
STYLE
  5
29
330
5
100
AcDbSymbolTableRecord
100
AcDbTextStyleTableRecord
  2
Standard
 70
0
 40
0.0
 41
1.0
 50
0.0
 71
0
 42
2.5
  3
txt
  4

  0
STYLE
  5
2B5
330
5
100
AcDbSymbolTableRecord
100
AcDbTextStyleTableRecord
  2
Helvetica-Narrow
 70
0
 40
0.0
 41
1.0
 50
0.0
 71
0
 42
0.2
  3

  4

  0
ENDTAB
  0
TABLE
  2
VIEW
  5
7
330
0
100
AcDbSymbolTable
 70
0
  0
ENDTAB
  0
TABLE
  2
UCS
  5
6
330
0
100
AcDbSymbolTable
 70
0
  0
ENDTAB
  0
TABLE
  2
APPID
  5
3
330
0
100
AcDbSymbolTable
 70
3
  0
APPID
  5
2A
330
3
100
AcDbSymbolTableRecord
100
AcDbRegAppTableRecord
  2
ACAD
 70
0
  0
APPID
  5
2B6
330
3
100
AcDbSymbolTableRecord
100
AcDbRegAppTableRecord
  2
HATCHBACKGROUNDCOLOR
 70
0
  0
APPID
  5
2B7
330
3
100
AcDbSymbolTableRecord
100
AcDbRegAppTableRecord
  2
EZDXF
 70
0
  0
ENDTAB
  0
TABLE
  2
DIMSTYLE
  5
4
330
0
100
AcDbSymbolTable
 70
1
100
AcDbDimStyleTable
  0
DIMSTYLE
105
2B
330
4
100
AcDbSymbolTableRecord
100
AcDbDimStyleTableRecord
  2
Standard
 70
0
 40
1.0
 41
2.5
 42
0.625
 43
3.75
 44
1.25
 45
0.0
 46
0.0
 47
0.0
 48
0.0
 49
2.5
140
2.5
141
2.5
142
0.0
143
0.03937007874
144
1.0
145
0.0
146
1.0
147
0.625
148
0.0
 69
0
 70
0
 71
0
 72
0
 73
0
 74
0
 75
0
 76
0
 77
1
 78
8
 79
3
170
0
171
3
172
1
173
0
174
0
175
0
176
0
177
0
178
0
179
2
271
2
272
2
273
2
274
3
275
0
276
0
277
2
278
44
279
0
280
0
281
0
282
0
283
0
284
8
285
0
286
0
288
0
289
3
290
0
371
-2
372
-2
  0
ENDTAB
  0
TABLE
  2
BLOCK_RECORD
  5
9
330
0
100
AcDbSymbolTable
 70
4
  0
BLOCK_RECORD
  5
17
330
9
100
AcDbSymbolTableRecord
100
AcDbBlockTableRecord
  2
*Model_Space
340
1A
 70
0
280
1
281
0
  0
BLOCK_RECORD
  5
1B
330
9
100
AcDbSymbolTableRecord
100
AcDbBlockTableRecord
  2
*Paper_Space
340
1E
 70
0
280
1
281
0
  0
BLOCK_RECORD
  5
31
330
9
100
AcDbSymbolTableRecord
100
AcDbBlockTableRecord
  2
*U464
340
0
 70
0
280
1
281
0
  0
BLOCK_RECORD
  5
2A8
330
9
100
AcDbSymbolTableRecord
100
AcDbBlockTableRecord
  2
Nuintek
340
0
 70
0
280
1
281
0
  0
ENDTAB
  0
ENDSEC
  0
SECTION
  2
BLOCKS
  0
BLOCK
  5
18
330
17
100
AcDbEntity
  8
0
100
AcDbBlockBegin
  2
*Model_Space
 70
0
 10
0.0
 20
0.0
 30
0.0
  3
*Model_Space
  1

  0
ENDBLK
  5
19
330
17
100
AcDbEntity
  8
0
100
AcDbBlockEnd
  0
BLOCK
  5
1C
330
1B
100
AcDbEntity
  8
0
100
AcDbBlockBegin
  2
*Paper_Space
 70
0
 10
0.0
 20
0.0
 30
0.0
  3
*Paper_Space
  1

  0
ENDBLK
  5
1D
330
1B
100
AcDbEntity
  8
0
100
AcDbBlockEnd
  0
BLOCK
  5
32
330
31
100
AcDbEntity
  8
0
100
AcDbBlockBegin
  2
*U464
 70
1
 10
0.0
 20
0.0
 30
0.0
  3
*U464
  1

  0
LINE
  5
34
330
31
100
AcDbEntity
  8
0
 62
74
100
AcDbLine
 10
100.0000000000145
 20
47.33613677323512
 30
0.0
 11
100.0000000000145
 21
-172.6638632267649
 31
0.0
  0
LINE
  5
35
330
31
100
AcDbEntity
  8
0
 62
74
100
AcDbLine
 10
-99.99999999998545
 20
-172.6638632267649
 30
0.0
 11
-99.99999999998545
 21
47.33613677323512
 31
0.0
  0
LINE
  5
36
330
31
100
AcDbEntity
  8
0
 62
74
100
AcDbLine
 10
100.0000000000145
 20
-172.6638632267649
 30
0.0
 11
-99.99999999998545
 21
-172.6638632267649
 31
0.0
  0
LINE
  5
37
330
31
100
AcDbEntity
  8
0
 62
74
100
AcDbLine
 10
-89.99999999998545
 20
57.33613677323512
 30
0.0
 11
90.00000000001454
 21
57.33613677323512
 31
0.0
  0
LINE
  5
38
330
31
100
AcDbEntity
  8
0
 62
74
100
AcDbLine
 10
-89.99999999998545
 20
57.33613677323512
 30
0.0
 11
90.00000000001454
 21
57.33613677323512
 31
0.0
  0
ARC
  5
39
330
31
100
AcDbEntity
  8
0
 62
74
100
AcDbCircle
 10
-89.99999999998545
 20
47.33613677323512
 30
0.0
 40
10.0
100
AcDbArc
 50
90.0
 51
180.0
  0
LINE
  5
3A
330
31
100
AcDbEntity
  8
00
 62
74
370
5
100
AcDbLine
 10
71.00000000001455
 20
121.3361367732497
 30
0.0
 11
70.00000000010186
 21
122.3361367732351
 31
0.0
  0
LINE
  5
3B
330
31
100
AcDbEntity
  8
0
 62
74
370
5
100
AcDbLine
 10
70.00000000010186
 20
120.3361367732351
 30
0.0
 11
71.00000000001455
 21
121.3361367732497
 31
0.0
  0
LINE
  5
3C
330
31
100
AcDbEntity
  8
0
 62
74
370
5
100
AcDbLine
 10
70.00000000010186
 20
118.3361367732351
 30
0.0
 11
71.00000000001455
 21
119.3361367732205
 31
0.0
  0
LINE
  5
3D
330
31
100
AcDbEntity
  8
00
 62
74
370
5
100
AcDbLine
 10
71.00000000001455
 20
119.3361367732205
 30
0.0
 11
70.00000000010186
 21
120.3361367732351
 31
0.0
  0
LINE
  5
3E
330
31
100
AcDbEntity
  8
00
 62
74
370
5
100
AcDbLine
 10
71.00000000001455
 20
117.3361367732496
 30
0.0
 11
70.00000000010186
 21
118.3361367732351
 31
0.0
  0
LINE
  5
3F
330
31
100
AcDbEntity
  8
00
 62
74
370
5
100
AcDbLine
 10
71.00000000001455
 20
117.3361367732496
 30
0.0
 11
70.00000000010186
 21
118.3361367732351
 31
0.0
  0
LINE
  5
40
330
31
100
AcDbEntity
  8
00
 62
74
370
5
100
AcDbLine
 10
59.00000000010186
 20
121.3361367732497
 30
0.0
 11
60.00000000001455
 21
122.3361367732351
 31
0.0
  0
LINE
  5
41
330
31
100
AcDbEntity
  8
0
 62
74
370
5
100
AcDbLine
 10
60.00000000001455
 20
120.3361367732351
 30
0.0
 11
59.00000000010186
 21
121.3361367732497
 31
0.0
  0
LINE
  5
42
330
31
100
AcDbEntity
  8
0
 62
74
370
5
100
AcDbLine
 10
60.00000000001455
 20
118.3361367732351
 30
0.0
 11
59.00000000010186
 21
119.3361367732205
 31
0.0
  0
LINE
  5
43
330
31
100
AcDbEntity
  8
00
 62
74
370
5
100
AcDbLine
 10
59.00000000010186
 20
119.3361367732205
 30
0.0
 11
60.00000000001455
 21
120.3361367732351
 31
0.0
  0
LINE
  5
44
330
31
100
AcDbEntity
  8
00
 62
74
370
5
100
AcDbLine
 10
59.00000000010186
 20
117.3361367732496
 30
0.0
 11
60.00000000001455
 21
118.3361367732351
 31
0.0
  0
LINE
  5
45
330
31
100
AcDbEntity
  8
00
 62
74
370
5
100
AcDbLine
 10
59.00000000010186
 20
117.3361367732496
 30
0.0
 11
60.00000000001455
 21
118.3361367732351
 31
0.0
  0
LINE
  5
46
330
31
100
AcDbEntity
  8
00
 62
74
370
5
100
AcDbLine
 10
60.00000000001455
 20
122.3361367732351
 30
0.0
 11
70.00000000010186
 21
122.3361367732351
 31
0.0
  0
LINE
  5
47
330
31
100
AcDbEntity
  8
0
 62
74
370
5
100
AcDbLine
 10
70.00000000010186
 20
120.3361367732351
 30
0.0
 11
60.00000000001455
 21
120.3361367732351
 31
0.0
  0
LINE
  5
48
330
31
100
AcDbEntity
  8
0
 62
74
370
5
100
AcDbLine
 10
70.00000000010186
 20
118.3361367732351
 30
0.0
 11
60.00000000001455
 21
118.3361367732351
 31
0.0
  0
LINE
  5
49
330
31
100
AcDbEntity
  8
00
 62
74
370
5
100
AcDbLine
 10
60.00000000001455
 20
120.3361367732351
 30
0.0
 11
70.00000000010186
 21
120.3361367732351
 31
0.0
  0
LINE
  5
4A
330
31
100
AcDbEntity
  8
00
 62
74
370
5
100
AcDbLine
 10
60.00000000001455
 20
118.3361367732351
 30
0.0
 11
70.00000000010186
 21
118.3361367732351
 31
0.0
  0
LINE
  5
4B
330
31
100
AcDbEntity
  8
00
 62
74
370
5
100
AcDbLine
 10
60.00000000001455
 20
118.3361367732351
 30
0.0
 11
70.00000000010186
 21
118.3361367732351
 31
0.0
  0
LINE
  5
4C
330
31
100
AcDbEntity
  8
0
 62
74
370
5
100
AcDbLine
 10
70.00000000010186
 20
101.8278262750892
 30
0.0
 11
70.00000000010186
 21
102.2631367732312
 31
0.0
  0
LINE
  5
4D
330
31
100
AcDbEntity
  8
00
 62
74
370
5
100
AcDbLine
 10
71.00000000001455
 20
115.3361367732205
 30
0.0
 11
70.00000000010186
 21
116.3361367732351
 31
0.0
  0
LINE
  5
4E
330
31
100
AcDbEntity
  8
0
 62
74
370
5
100
AcDbLine
 10
70.00000000010186
 20
114.3361367732351
 30
0.0
 11
71.00000000001455
 21
115.3361367732205
 31
0.0
  0
LINE
  5
4F
330
31
100
AcDbEntity
  8
00
 62
74
370
5
100
AcDbLine
 10
71.00000000001455
 20
113.3361367732351
 30
0.0
 11
70.00000000010186
 21
114.3361367732351
 31
0.0
  0
LINE
  5
50
330
31
100
AcDbEntity
  8
00
 62
74
370
5
100
AcDbLine
 10
71.00000000001455
 20
115.3361367732205
 30
0.0
 11
70.00000000010186
 21
116.3361367732351
 31
0.0
  0
LINE
  5
51
330
31
100
AcDbEntity
  8
0
 62
74
370
5
100
AcDbLine
 10
70.00000000010186
 20
114.3361367732351
 30
0.0
 11
71.00000000001455
 21
115.3361367732205
 31
0.0
  0
ARC
  5
52
330
31
100
AcDbEntity
  8
00
 62
74
370
5
100
AcDbCircle
 10
72.87500000001455
 20
107.4928560186009
 30
0.0
 40
2.773099431950476
100
AcDbArc
 50
18.8097763490431
 51
161.1902236509568
  0
ARC
  5
53
330
31
100
AcDbEntity
  8
00
 62
74
370
5
100
AcDbCircle
 10
72.87500000001455
 20
105.0334175278614
 30
0.0
 40
2.773099431950476
100
AcDbArc
 50
198.8097763490431
 51
341.1902236509569
  0
LINE
  5
54
330
31
100
AcDbEntity
  8
00
 62
74
370
5
100
AcDbLine
 10
70.25000000010186
 20
104.1392947960768
 30
0.0
 11
70.25000000010186
 21
108.386978750371
 31
0.0
  0
LINE
  5
55
330
31
100
AcDbEntity
  8
00
 62
74
370
5
100
AcDbLine
 10
75.50000000010186
 20
108.386978750371
 30
0.0
 11
75.50000000010186
 21
104.1392947960768
 31
0.0
  0
LINE
  5
56
330
31
100
AcDbEntity
  8
0
 62
74
370
5
100
AcDbLine
 10
70.00000000010186
 20
110.3361367732351
 30
0.0
 11
71.00000000001455
 21
111.3361367732206
 31
0.0
  0
LINE
  5
57
330
31
100
AcDbEntity
  8
00
 62
74
370
5
100
AcDbLine
 10
71.00000000001455
 20
111.3361367732206
 30
0.0
 11
70.00000000010186
 21
112.3361367732351
 31
0.0
  0
LINE
  5
58
330
31
100
AcDbEntity
  8
00
 62
74
370
5
100
AcDbLine
 10
71.00000000001455
 20
110.2631367732311
 30
0.0
 11
71.00000000001455
 21
111.3361367732206
 31
0.0
  0
LINE
  5
59
330
31
100
AcDbEntity
  8
0
 62
74
370
5
100
AcDbLine
 10
70.00000000010186
 20
112.3361367732351
 30
0.0
 11
71.00000000001455
 21
113.3361367732351
 31
0.0
  0
LINE
  5
5A
330
31
100
AcDbEntity
  8
0
 62
74
370
5
100
AcDbLine
 10
70.98577340961492
 20
98.81359968467505
 30
0.0
 11
71.00000000001455
 21
98.82782627508925
 31
0.0
  0
LINE
  5
5B
330
31
100
AcDbEntity
  8
0
 62
74
370
5
100
AcDbLine
 10
70.98577340961492
 20
98.81359968467505
 30
0.0
 11
71.00000000001455
 21
98.82782627508925
 31
0.0
  0
LINE
  5
5C
330
31
100
AcDbEntity
  8
0
 62
74
370
5
100
AcDbLine
 10
72.75000000001455
 20
98.81359968467505
 30
0.0
 11
70.50000000010186
 21
98.81359968467505
 31
0.0
  0
LINE
  5
5D
330
31
100
AcDbEntity
  8
0
 62
74
370
5
100
AcDbLine
 10
72.75000000001455
 20
96.81359968466052
 30
0.0
 11
70.50000000010186
 21
96.81359968466052
 31
0.0
  0
ARC
  5
5E
330
31
100
AcDbEntity
  8
0
 62
74
370
5
100
AcDbCircle
 10
74.56028007921122
 20
97.81359968467507
 30
0.0
 40
0.5
100
AcDbArc
 50
270.0
 51
90.0
  0
LINE
  5
5F
330
31
100
AcDbEntity
  8
0
 62
74
370
5
100
AcDbLine
 10
74.56028007921122
 20
98.31359968467507
 30
0.0
 11
72.75000000001455
 21
98.81359968467505
 31
0.0
  0
LINE
  5
60
330
31
100
AcDbEntity
  8
0
 62
74
370
5
100
AcDbLine
 10
74.56028007921122
 20
97.31359968467508
 30
0.0
 11
72.75000000001455
 21
96.81359968466052
 31
0.0
  0
LINE
  5
61
330
31
100
AcDbEntity
  8
0
 62
74
370
5
100
AcDbLine
 10
70.00000000010186
 20
99.82782627508925
 30
0.0
 11
71.00000000001455
 21
100.8278262750747
 31
0.0
  0
LINE
  5
62
330
31
100
AcDbEntity
  8
00
 62
74
370
5
100
AcDbLine
 10
71.00000000001455
 20
100.8278262750747
 30
0.0
 11
70.00000000010186
 21
101.8278262750892
 31
0.0
  0
LINE
  5
63
330
31
100
AcDbEntity
  8
0
 62
74
370
5
100
AcDbLine
 10
70.00000000010186
 20
95.82782627508924
 30
0.0
 11
71.00000000001455
 21
96.82782627507471
 31
0.0
  0
LINE
  5
64
330
31
100
AcDbEntity
  8
00
 62
74
370
5
100
AcDbLine
 10
71.00000000001455
 20
98.82782627508925
 30
0.0
 11
70.00000000010186
 21
99.82782627508925
 31
0.0
  0
LINE
  5
65
330
31
100
AcDbEntity
  8
0
 62
74
370
5
100
AcDbLine
 10
70.00000000010186
 20
95.82782627508924
 30
0.0
 11
71.00000000001455
 21
96.82782627507471
 31
0.0
  0
LINE
  5
66
330
31
100
AcDbEntity
  8
00
 62
74
370
5
100
AcDbLine
 10
71.00000000001455
 20
98.82782627508925
 30
0.0
 11
70.00000000010186
 21
99.82782627508925
 31
0.0
  0
ARC
  5
67
330
31
100
AcDbEntity
  8
00
 62
74
370
5
100
AcDbCircle
 10
72.87500000001455
 20
93.05754552045902
 30
0.0
 40
2.773099431950476
100
AcDbArc
 50
18.8097763490431
 51
161.1902236509568
  0
ARC
  5
68
330
31
100
AcDbEntity
  8
00
 62
74
370
5
100
AcDbCircle
 10
72.87500000001455
 20
90.59810702970493
 30
0.0
 40
2.773099431950476
100
AcDbArc
 50
198.8097763490431
 51
341.1902236509569
  0
ARC
  5
69
330
31
100
AcDbEntity
  8
00
 62
74
370
5
100
AcDbCircle
 10
72.87500000001455
 20
90.59810702970493
 30
0.0
 40
2.773099431950476
100
AcDbArc
 50
198.8097763490431
 51
341.1902236509569
  0
LINE
  5
6A
330
31
100
AcDbEntity
  8
0
 62
74
100
AcDbLine
 10
71.01271924992032
 20
88.5433586589562
 30
0.0
 11
71.01346010701673
 21
87.8278262750747
 31
0.0
  0
LINE
  5
6B
330
31
100
AcDbEntity
  8
00
 62
74
370
5
100
AcDbLine
 10
75.50000000010186
 20
93.95166825222906
 30
0.0
 11
75.50000000010186
 21
89.7039842979349
 31
0.0
  0
LINE
  5
6C
330
31
100
AcDbEntity
  8
00
 62
74
370
5
100
AcDbLine
 10
70.25000000010186
 20
89.7039842979349
 30
0.0
 11
70.25000000010186
 21
93.9516682522145
 31
0.0
  0
LINE
  5
6D
330
31
100
AcDbEntity
  8
0
 62
74
370
5
100
AcDbLine
 10
75.50000000010186
 20
89.70398429797854
 30
0.0
 11
75.50000000010186
 21
93.95166825222906
 31
0.0
  0
LINE
  5
6E
330
31
100
AcDbEntity
  8
00
 62
74
370
5
100
AcDbLine
 10
75.50000000001455
 20
89.7039842979349
 30
0.0
 11
75.50000000001455
 21
93.95166825225817
 31
0.0
  0
LINE
  5
6F
330
31
100
AcDbEntity
  8
0
 62
74
370
5
100
AcDbLine
 10
60.00000000001455
 20
101.8278262750892
 30
0.0
 11
60.00000000001455
 21
102.2631367732312
 31
0.0
  0
LINE
  5
70
330
31
100
AcDbEntity
  8
00
 62
74
370
5
100
AcDbLine
 10
59.00000000010186
 20
115.3361367732205
 30
0.0
 11
60.00000000001455
 21
116.3361367732351
 31
0.0
  0
LINE
  5
71
330
31
100
AcDbEntity
  8
0
 62
74
370
5
100
AcDbLine
 10
60.00000000001455
 20
114.3361367732351
 30
0.0
 11
59.00000000010186
 21
115.3361367732205
 31
0.0
  0
LINE
  5
72
330
31
100
AcDbEntity
  8
00
 62
74
370
5
100
AcDbLine
 10
59.00000000010186
 20
113.3361367732351
 30
0.0
 11
60.00000000001455
 21
114.3361367732351
 31
0.0
  0
LINE
  5
73
330
31
100
AcDbEntity
  8
00
 62
74
370
5
100
AcDbLine
 10
59.00000000010186
 20
115.3361367732205
 30
0.0
 11
60.00000000001455
 21
116.3361367732351
 31
0.0
  0
LINE
  5
74
330
31
100
AcDbEntity
  8
0
 62
74
370
5
100
AcDbLine
 10
60.00000000001455
 20
114.3361367732351
 30
0.0
 11
59.00000000010186
 21
115.3361367732205
 31
0.0
  0
ARC
  5
75
330
31
100
AcDbEntity
  8
00
 62
74
370
5
100
AcDbCircle
 10
57.12500000010186
 20
107.4928560186009
 30
0.0
 40
2.773099431950017
100
AcDbArc
 50
18.8097763490431
 51
161.1902236509568
  0
LINE
  5
76
330
31
100
AcDbEntity
  8
00
 62
74
370
5
100
AcDbLine
 10
59.75000000010187
 20
104.1392947960768
 30
0.0
 11
59.75000000010187
 21
108.386978750371
 31
0.0
  0
ARC
  5
77
330
31
100
AcDbEntity
  8
00
 62
74
370
5
100
AcDbCircle
 10
57.12500000010186
 20
105.0334175278614
 30
0.0
 40
2.773099431950017
100
AcDbArc
 50
198.8097763490431
 51
341.1902236509569
  0
LINE
  5
78
330
31
100
AcDbEntity
  8
00
 62
74
370
5
100
AcDbLine
 10
54.50000000001455
 20
108.386978750371
 30
0.0
 11
54.50000000001455
 21
104.1392947961059
 31
0.0
  0
LINE
  5
79
330
31
100
AcDbEntity
  8
0
 62
74
370
5
100
AcDbLine
 10
60.00000000001455
 20
110.3361367732351
 30
0.0
 11
59.00000000010186
 21
111.3361367732206
 31
0.0
  0
LINE
  5
7A
330
31
100
AcDbEntity
  8
00
 62
74
370
5
100
AcDbLine
 10
59.00000000010186
 20
111.3361367732206
 30
0.0
 11
60.00000000001455
 21
112.3361367732351
 31
0.0
  0
LINE
  5
7B
330
31
100
AcDbEntity
  8
0
 62
74
370
5
100
AcDbLine
 10
60.00000000001455
 20
112.3361367732351
 30
0.0
 11
59.00000000010186
 21
113.3361367732351
 31
0.0
  0
LINE
  5
7C
330
31
100
AcDbEntity
  8
0
 62
74
370
5
100
AcDbLine
 10
59.0142265905306
 20
98.81359968467505
 30
0.0
 11
59.00000000010186
 21
98.82782627508925
 31
0.0
  0
LINE
  5
7D
330
31
100
AcDbEntity
  8
0
 62
74
370
5
100
AcDbLine
 10
59.0142265905306
 20
98.81359968467505
 30
0.0
 11
59.00000000010186
 21
98.82782627508925
 31
0.0
  0
LINE
  5
7E
330
31
100
AcDbEntity
  8
0
 62
74
370
5
100
AcDbLine
 10
57.25000000001455
 20
98.81359968467505
 30
0.0
 11
59.50000000001455
 21
98.81359968467505
 31
0.0
  0
LINE
  5
7F
330
31
100
AcDbEntity
  8
0
 62
74
370
5
100
AcDbLine
 10
59.50000000001455
 20
96.81359968466052
 30
0.0
 11
57.25000000001455
 21
96.81359968466052
 31
0.0
  0
ARC
  5
80
330
31
100
AcDbEntity
  8
0
 62
74
370
5
100
AcDbCircle
 10
55.45694886312412
 20
97.81359968467507
 30
0.0
 40
0.5
100
AcDbArc
 50
102.2459918914671
 51
257.7540081085328
  0
LINE
  5
81
330
31
100
AcDbEntity
  8
0
 62
74
370
5
100
AcDbLine
 10
57.25000000001455
 20
98.81359968467505
 30
0.0
 11
55.35089420831354
 21
98.30222265810073
 31
0.0
  0
LINE
  5
82
330
31
100
AcDbEntity
  8
0
 62
74
370
5
100
AcDbLine
 10
57.25000000001455
 20
96.81359968466052
 30
0.0
 11
55.35089420831354
 21
97.32497671122032
 31
0.0
  0
LINE
  5
83
330
31
100
AcDbEntity
  8
0
 62
74
370
5
100
AcDbLine
 10
60.00000000001455
 20
99.82782627508925
 30
0.0
 11
59.00000000010186
 21
100.8278262750747
 31
0.0
  0
LINE
  5
84
330
31
100
AcDbEntity
  8
00
 62
74
370
5
100
AcDbLine
 10
59.00000000010186
 20
100.8278262750747
 30
0.0
 11
60.00000000001455
 21
101.8278262750892
 31
0.0
  0
LINE
  5
85
330
31
100
AcDbEntity
  8
00
 62
74
370
5
100
AcDbLine
 10
59.00000000010186
 20
98.82782627508925
 30
0.0
 11
60.00000000001455
 21
99.82782627508925
 31
0.0
  0
LINE
  5
86
330
31
100
AcDbEntity
  8
0
 62
74
370
5
100
AcDbLine
 10
60.00000000001455
 20
95.82782627508924
 30
0.0
 11
59.00000000010186
 21
96.82782627507471
 31
0.0
  0
LINE
  5
87
330
31
100
AcDbEntity
  8
00
 62
74
370
5
100
AcDbLine
 10
59.00000000010186
 20
98.82782627508925
 30
0.0
 11
60.00000000001455
 21
99.82782627508925
 31
0.0
  0
ARC
  5
88
330
31
100
AcDbEntity
  8
00
 62
74
370
5
100
AcDbCircle
 10
57.12500000010186
 20
93.05754552045902
 30
0.0
 40
2.773099431950017
100
AcDbArc
 50
18.8097763490431
 51
161.1902236509568
  0
ARC
  5
89
330
31
100
AcDbEntity
  8
00
 62
74
370
5
100
AcDbCircle
 10
57.12500000001455
 20
90.59810702970493
 30
0.0
 40
2.773099431950017
100
AcDbArc
 50
198.8097763490431
 51
341.1902236509569
  0
ARC
  5
8A
330
31
100
AcDbEntity
  8
00
 62
74
370
5
100
AcDbCircle
 10
57.12500000010186
 20
90.59810702970493
 30
0.0
 40
2.773099431950017
100
AcDbArc
 50
198.8097763490431
 51
341.1902236509569
  0
LINE
  5
8B
330
31
100
AcDbEntity
  8
0
 62
74
100
AcDbLine
 10
59.00000000010186
 20
88.55495861136944
 30
0.0
 11
59.00000000010186
 21
87.8278262750747
 31
0.0
  0
LINE
  5
8C
330
31
100
AcDbEntity
  8
00
 62
74
370
5
100
AcDbLine
 10
54.50000000001455
 20
93.9516682522145
 30
0.0
 11
54.50000000001455
 21
89.70398429794943
 31
0.0
  0
LINE
  5
8D
330
31
100
AcDbEntity
  8
00
 62
74
370
5
100
AcDbLine
 10
59.75000000010187
 20
89.7039842979349
 30
0.0
 11
59.75000000010187
 21
93.9516682522145
 31
0.0
  0
LINE
  5
8E
330
31
100
AcDbEntity
  8
00
 62
74
370
5
100
AcDbLine
 10
54.50000000001455
 20
89.70398429794943
 30
0.0
 11
54.50000000001455
 21
93.9516682522145
 31
0.0
  0
LINE
  5
8F
330
31
100
AcDbEntity
  8
0
 62
74
370
5
100
AcDbLine
 10
54.50000000001455
 20
89.70398429789122
 30
0.0
 11
54.50000000001455
 21
93.9516682522145
 31
0.0
  0
LINE
  5
90
330
31
100
AcDbEntity
  8
00
 62
74
370
5
100
AcDbLine
 10
60.00000000001455
 20
116.3361367732351
 30
0.0
 11
70.00000000010186
 21
116.3361367732351
 31
0.0
  0
LINE
  5
91
330
31
100
AcDbEntity
  8
0
 62
74
370
5
100
AcDbLine
 10
70.00000000010186
 20
114.3361367732351
 30
0.0
 11
60.00000000001455
 21
114.3361367732351
 31
0.0
  0
LINE
  5
92
330
31
100
AcDbEntity
  8
0
 62
74
370
5
100
AcDbLine
 10
70.00000000010186
 20
116.3361367732351
 30
0.0
 11
60.00000000001455
 21
116.3361367732351
 31
0.0
  0
LINE
  5
93
330
31
100
AcDbEntity
  8
00
 62
74
370
5
100
AcDbLine
 10
60.00000000001455
 20
114.3361367732351
 30
0.0
 11
70.00000000010186
 21
114.3361367732351
 31
0.0
  0
LINE
  5
94
330
31
100
AcDbEntity
  8
00
 62
74
370
5
100
AcDbLine
 10
60.00000000001455
 20
116.3361367732351
 30
0.0
 11
70.00000000010186
 21
116.3361367732351
 31
0.0
  0
LINE
  5
95
330
31
100
AcDbEntity
  8
0
 62
74
370
5
100
AcDbLine
 10
70.00000000010186
 20
114.3361367732351
 30
0.0
 11
60.00000000001455
 21
114.3361367732351
 31
0.0
  0
LINE
  5
96
330
31
100
AcDbEntity
  8
0
 62
74
370
5
100
AcDbLine
 10
70.00000000010186
 20
116.3361367732351
 30
0.0
 11
60.00000000001455
 21
116.3361367732351
 31
0.0
  0
ARC
  5
97
330
31
100
AcDbEntity
  8
00
 62
74
370
5
100
AcDbCircle
 10
65.00000000001455
 20
101.9795944095013
 30
0.0
 40
8.283542363731021
100
AcDbArc
 50
50.66993661763213
 51
129.3300633823679
  0
ARC
  5
98
330
31
100
AcDbEntity
  8
00
 62
74
370
5
100
AcDbCircle
 10
65.00000000001455
 20
110.5466791369609
 30
0.0
 40
8.283542363731021
100
AcDbArc
 50
230.6699366176321
 51
309.3300633823679
  0
LINE
  5
99
330
31
100
AcDbEntity
  8
00
 62
74
370
5
100
AcDbLine
 10
73.00000000001455
 20
102.2631367732312
 30
0.0
 11
57.00000000001455
 21
102.2631367732312
 31
0.0
  0
LINE
  5
9A
330
31
100
AcDbEntity
  8
0
 62
74
370
5
100
AcDbLine
 10
70.00000000010186
 20
112.3361367732351
 30
0.0
 11
60.00000000001455
 21
112.3361367732351
 31
0.0
  0
LINE
  5
9B
330
31
100
AcDbEntity
  8
0
 62
74
370
5
100
AcDbLine
 10
70.00000000010186
 20
110.3361367732351
 30
0.0
 11
60.00000000001455
 21
110.3361367732351
 31
0.0
  0
LINE
  5
9C
330
31
100
AcDbEntity
  8
00
 62
74
370
5
100
AcDbLine
 10
60.00000000001455
 20
112.3361367732351
 30
0.0
 11
70.00000000010186
 21
112.3361367732351
 31
0.0
  0
LINE
  5
9D
330
31
100
AcDbEntity
  8
00
 62
74
370
5
100
AcDbLine
 10
57.00000000001455
 20
110.2631367732311
 30
0.0
 11
71.01346010701673
 21
110.2631367732311
 31
0.0
  0
LINE
  5
9E
330
31
100
AcDbEntity
  8
00
 62
74
370
5
100
AcDbLine
 10
73.00000000010186
 20
110.2631367732311
 30
0.0
 11
57.00000000001455
 21
110.2631367732311
 31
0.0
  0
HATCH
  5
9F
330
31
100
AcDbEntity
  8
0
 62
74
370
5
100
AcDbHatch
 10
0.0
 20
0.0
 30
0.0
210
0.0
220
0.0
230
1.0
  2
ANSI31
 70
0
 71
0
 91
1
 92
7
 72
1
 73
1
 93
10
 10
74.56028007921122
 20
98.31359968467507
 42
0.0
 10
72.75000000001455
 20
98.81359968467505
 42
0.0
 10
70.50000000010186
 20
98.81359968467505
 42
0.0
 10
57.25000000001455
 20
98.81359968467505
 42
0.0
 10
55.30330836652137
 20
98.2894090979745
 42
0.7279374760151648
 10
55.30330836652137
 20
97.33779027131744
 42
0.0
 10
57.25000000001455
 20
96.81359968466052
 42
0.0
 10
59.50000000001455
 20
96.81359968466052
 42
0.0
 10
72.75000000001455
 20
96.81359968466052
 42
0.0
 10
74.56028007921122
 20
97.31359968467508
 42
1.0
 97
0
 75
0
 76
1
 52
0.0
 41
20.0
 77
0
 78
1
 53
45.0
 43
-1009.04052998159
 44
-878.4218012849532
 45
-1.767766952966368
 46
1.767766952966368
 79
0
 47
0.1260975072300712
 98
1
 10
66.33091235863685
 20
97.483545778122
  0
LINE
  5
A0
330
31
100
AcDbEntity
  8
0
 62
74
370
5
100
AcDbLine
 10
57.25000000001455
 20
98.81359968467505
 30
0.0
 11
72.75000000001455
 21
98.81359968467505
 31
0.0
  0
LINE
  5
A1
330
31
100
AcDbEntity
  8
0
 62
74
370
5
100
AcDbLine
 10
72.75000000001455
 20
96.81359968466052
 30
0.0
 11
57.25000000001455
 21
96.81359968466052
 31
0.0
  0
LINE
  5
A2
330
31
100
AcDbEntity
  8
0
 62
74
370
5
100
AcDbLine
 10
70.00000000010186
 20
101.8278262750892
 30
0.0
 11
60.00000000001455
 21
101.8278262750892
 31
0.0
  0
LINE
  5
A3
330
31
100
AcDbEntity
  8
0
 62
74
370
5
100
AcDbLine
 10
70.00000000010186
 20
99.82782627508925
 30
0.0
 11
60.00000000001455
 21
99.82782627508925
 31
0.0
  0
LINE
  5
A4
330
31
100
AcDbEntity
  8
00
 62
74
370
5
100
AcDbLine
 10
60.00000000001455
 20
101.8278262750892
 30
0.0
 11
70.00000000010186
 21
101.8278262750892
 31
0.0
  0
LINE
  5
A5
330
31
100
AcDbEntity
  8
0
 62
74
370
5
100
AcDbLine
 10
70.00000000010186
 20
95.82782627508924
 30
0.0
 11
60.00000000001455
 21
95.82782627508924
 31
0.0
  0
LINE
  5
A6
330
31
100
AcDbEntity
  8
00
 62
74
370
5
100
AcDbLine
 10
60.00000000001455
 20
99.82782627508925
 30
0.0
 11
70.00000000010186
 21
99.82782627508925
 31
0.0
  0
LINE
  5
A7
330
31
100
AcDbEntity
  8
00
 62
74
370
5
100
AcDbLine
 10
60.00000000001455
 20
95.82782627508924
 30
0.0
 11
70.00000000010186
 21
95.82782627508924
 31
0.0
  0
LINE
  5
A8
330
31
100
AcDbEntity
  8
0
 62
74
370
5
100
AcDbLine
 10
70.00000000010186
 20
95.82782627508924
 30
0.0
 11
60.00000000001455
 21
95.82782627508924
 31
0.0
  0
LINE
  5
A9
330
31
100
AcDbEntity
  8
00
 62
74
370
5
100
AcDbLine
 10
60.00000000001455
 20
99.82782627508925
 30
0.0
 11
70.00000000010186
 21
99.82782627508925
 31
0.0
  0
ARC
  5
AA
330
31
100
AcDbEntity
  8
00
 62
74
370
5
100
AcDbCircle
 10
65.00000000001455
 20
96.11136863881904
 30
0.0
 40
8.283542363731021
100
AcDbArc
 50
230.6699366176321
 51
309.3300633823679
  0
LINE
  5
AB
330
31
100
AcDbEntity
  8
00
 62
74
370
5
100
AcDbLine
 10
58.98653989312879
 20
87.8278262750747
 30
0.0
 11
71.01346010701673
 21
87.8278262750747
 31
0.0
  0
LINE
  5
AC
330
31
100
AcDbEntity
  8
00
 62
74
370
5
100
AcDbLine
 10
73.00000000001455
 20
87.8278262750747
 30
0.0
 11
57.00000000001455
 21
87.8278262750747
 31
0.0
  0
ARC
  5
AD
330
31
100
AcDbEntity
  8
00
 62
74
370
5
100
AcDbCircle
 10
65.00000000001455
 20
96.11136863881904
 30
0.0
 40
8.283542363731021
100
AcDbArc
 50
230.6699366176321
 51
309.3300633823679
  0
LINE
  5
AE
330
31
100
AcDbEntity
  8
00
 62
74
370
5
100
AcDbLine
 10
73.00000000010186
 20
95.82782627508924
 30
0.0
 11
57.00000000001455
 21
95.82782627508924
 31
0.0
  0
ARC
  5
AF
330
31
100
AcDbEntity
  8
00
 62
74
370
5
100
AcDbCircle
 10
65.00000000001455
 20
87.544283911374
 30
0.0
 40
8.283542363731021
100
AcDbArc
 50
50.66993661763213
 51
129.3300633823679
  0
LINE
  5
B0
330
31
100
AcDbEntity
  8
00
 62
74
370
5
100
AcDbLine
 10
57.00000000001455
 20
95.82782627508924
 30
0.0
 11
71.01346010701673
 21
95.82782627508924
 31
0.0
  0
LINE
  5
B1
330
31
100
AcDbEntity
  8
00
 62
74
370
5
100
AcDbLine
 10
73.00000000001455
 20
87.8278262750747
 30
0.0
 11
57.00000000010186
 21
87.8278262750747
 31
0.0
  0
LINE
  5
B2
330
31
100
AcDbEntity
  8
0
 62
74
370
5
100
AcDbLine
 10
80.00000000001454
 20
87.8278262750747
 30
0.0
 11
50.00000000001455
 21
87.8278262750747
 31
0.0
  0
LINE
  5
B3
330
31
100
AcDbEntity
  8
0
 62
74
370
5
100
AcDbLine
 10
60.00000000001455
 20
116.3361367732351
 30
0.0
 11
59.00000000010186
 21
117.3361367732496
 31
0.0
  0
LINE
  5
B4
330
31
100
AcDbEntity
  8
0
 62
74
370
5
100
AcDbLine
 10
60.00000000001455
 20
116.3361367732351
 30
0.0
 11
59.00000000010186
 21
117.3361367732496
 31
0.0
  0
LINE
  5
B5
330
31
100
AcDbEntity
  8
0
 62
74
370
5
100
AcDbLine
 10
70.00000000010186
 20
116.3361367732351
 30
0.0
 11
71.00000000001455
 21
117.3361367732496
 31
0.0
  0
LINE
  5
B6
330
31
100
AcDbEntity
  8
0
 62
74
370
5
100
AcDbLine
 10
70.00000000010186
 20
116.3361367732351
 30
0.0
 11
71.00000000001455
 21
117.3361367732496
 31
0.0
  0
LINE
  5
B7
330
31
100
AcDbEntity
  8
00
 62
74
370
5
100
AcDbLine
 10
-4.999999999898136
 20
122.3361367732351
 30
0.0
 11
5.000000000101863
 21
122.3361367732351
 31
0.0
  0
LINE
  5
B8
330
31
100
AcDbEntity
  8
0
 62
74
370
5
100
AcDbLine
 10
5.000000000101863
 20
120.3361367732351
 30
0.0
 11
-4.999999999898136
 21
120.3361367732351
 31
0.0
  0
LINE
  5
B9
330
31
100
AcDbEntity
  8
0
 62
74
370
5
100
AcDbLine
 10
5.000000000101863
 20
118.3361367732351
 30
0.0
 11
-4.999999999898136
 21
118.3361367732351
 31
0.0
  0
LINE
  5
BA
330
31
100
AcDbEntity
  8
00
 62
74
370
5
100
AcDbLine
 10
-4.999999999898136
 20
120.3361367732351
 30
0.0
 11
5.000000000101863
 21
120.3361367732351
 31
0.0
  0
LINE
  5
BB
330
31
100
AcDbEntity
  8
00
 62
74
370
5
100
AcDbLine
 10
-4.999999999898136
 20
118.3361367732351
 30
0.0
 11
5.000000000101863
 21
118.3361367732351
 31
0.0
  0
LINE
  5
BC
330
31
100
AcDbEntity
  8
00
 62
74
370
5
100
AcDbLine
 10
-4.999999999898136
 20
118.3361367732351
 30
0.0
 11
5.000000000101863
 21
118.3361367732351
 31
0.0
  0
LINE
  5
BD
330
31
100
AcDbEntity
  8
00
 62
74
370
5
100
AcDbLine
 10
-5.999999999898136
 20
121.3361367732497
 30
0.0
 11
-4.999999999898136
 21
122.3361367732351
 31
0.0
  0
LINE
  5
BE
330
31
100
AcDbEntity
  8
0
 62
74
370
5
100
AcDbLine
 10
-4.999999999898136
 20
120.3361367732351
 30
0.0
 11
-5.999999999898136
 21
121.3361367732497
 31
0.0
  0
LINE
  5
BF
330
31
100
AcDbEntity
  8
0
 62
74
370
5
100
AcDbLine
 10
-4.999999999898136
 20
118.3361367732351
 30
0.0
 11
-5.999999999898136
 21
119.3361367732205
 31
0.0
  0
LINE
  5
C0
330
31
100
AcDbEntity
  8
00
 62
74
370
5
100
AcDbLine
 10
-5.999999999898136
 20
119.3361367732205
 30
0.0
 11
-4.999999999898136
 21
120.3361367732351
 31
0.0
  0
LINE
  5
C1
330
31
100
AcDbEntity
  8
00
 62
74
370
5
100
AcDbLine
 10
-5.999999999898136
 20
117.3361367732496
 30
0.0
 11
-4.999999999898136
 21
118.3361367732351
 31
0.0
  0
LINE
  5
C2
330
31
100
AcDbEntity
  8
00
 62
74
370
5
100
AcDbLine
 10
-5.999999999898136
 20
117.3361367732496
 30
0.0
 11
-4.999999999898136
 21
118.3361367732351
 31
0.0
  0
LINE
  5
C3
330
31
100
AcDbEntity
  8
00
 62
74
370
5
100
AcDbLine
 10
6.000000000014551
 20
121.3361367732497
 30
0.0
 11
5.000000000101863
 21
122.3361367732351
 31
0.0
  0
LINE
  5
C4
330
31
100
AcDbEntity
  8
0
 62
74
370
5
100
AcDbLine
 10
5.000000000101863
 20
120.3361367732351
 30
0.0
 11
6.000000000014551
 21
121.3361367732497
 31
0.0
  0
LINE
  5
C5
330
31
100
AcDbEntity
  8
0
 62
74
370
5
100
AcDbLine
 10
5.000000000101863
 20
118.3361367732351
 30
0.0
 11
6.000000000014551
 21
119.3361367732205
 31
0.0
  0
LINE
  5
C6
330
31
100
AcDbEntity
  8
00
 62
74
370
5
100
AcDbLine
 10
6.000000000014551
 20
119.3361367732205
 30
0.0
 11
5.000000000101863
 21
120.3361367732351
 31
0.0
  0
LINE
  5
C7
330
31
100
AcDbEntity
  8
00
 62
74
370
5
100
AcDbLine
 10
6.000000000014551
 20
117.3361367732496
 30
0.0
 11
5.000000000101863
 21
118.3361367732351
 31
0.0
  0
LINE
  5
C8
330
31
100
AcDbEntity
  8
00
 62
74
370
5
100
AcDbLine
 10
6.000000000014551
 20
117.3361367732496
 30
0.0
 11
5.000000000101863
 21
118.3361367732351
 31
0.0
  0
LINE
  5
C9
330
31
100
AcDbEntity
  8
00
 62
74
370
5
100
AcDbLine
 10
10.50000000010186
 20
108.386978750371
 30
0.0
 11
10.50000000010186
 21
104.1392947960768
 31
0.0
  0
ARC
  5
CA
330
31
100
AcDbEntity
  8
0
 62
74
370
5
100
AcDbCircle
 10
9.560280079211225
 20
97.81359968467507
 30
0.0
 40
0.5
100
AcDbArc
 50
270.0
 51
90.0
  0
LINE
  5
CB
330
31
100
AcDbEntity
  8
0
 62
74
370
5
100
AcDbLine
 10
5.000000000101863
 20
101.8278262750892
 30
0.0
 11
5.000000000101863
 21
102.2631367732312
 31
0.0
  0
LINE
  5
CC
330
31
100
AcDbEntity
  8
0
 62
74
370
5
100
AcDbLine
 10
-4.999999999898136
 20
101.8278262750892
 30
0.0
 11
-4.999999999898136
 21
102.2631367732312
 31
0.0
  0
LINE
  5
CD
330
31
100
AcDbEntity
  8
00
 62
74
370
5
100
AcDbLine
 10
-4.999999999898136
 20
116.3361367732351
 30
0.0
 11
5.000000000101863
 21
116.3361367732351
 31
0.0
  0
LINE
  5
CE
330
31
100
AcDbEntity
  8
0
 62
74
370
5
100
AcDbLine
 10
5.000000000101863
 20
114.3361367732351
 30
0.0
 11
-4.999999999898136
 21
114.3361367732351
 31
0.0
  0
LINE
  5
CF
330
31
100
AcDbEntity
  8
0
 62
74
370
5
100
AcDbLine
 10
5.000000000101863
 20
116.3361367732351
 30
0.0
 11
-4.999999999898136
 21
116.3361367732351
 31
0.0
  0
LINE
  5
D0
330
31
100
AcDbEntity
  8
00
 62
74
370
5
100
AcDbLine
 10
-4.999999999898136
 20
114.3361367732351
 30
0.0
 11
5.000000000101863
 21
114.3361367732351
 31
0.0
  0
LINE
  5
D1
330
31
100
AcDbEntity
  8
00
 62
74
370
5
100
AcDbLine
 10
-4.999999999898136
 20
116.3361367732351
 30
0.0
 11
5.000000000101863
 21
116.3361367732351
 31
0.0
  0
LINE
  5
D2
330
31
100
AcDbEntity
  8
0
 62
74
370
5
100
AcDbLine
 10
5.000000000101863
 20
114.3361367732351
 30
0.0
 11
-4.999999999898136
 21
114.3361367732351
 31
0.0
  0
LINE
  5
D3
330
31
100
AcDbEntity
  8
0
 62
74
370
5
100
AcDbLine
 10
5.000000000101863
 20
116.3361367732351
 30
0.0
 11
-4.999999999898136
 21
116.3361367732351
 31
0.0
  0
LINE
  5
D4
330
31
100
AcDbEntity
  8
00
 62
74
370
5
100
AcDbLine
 10
-5.999999999898136
 20
115.3361367732205
 30
0.0
 11
-4.999999999898136
 21
116.3361367732351
 31
0.0
  0
LINE
  5
D5
330
31
100
AcDbEntity
  8
0
 62
74
370
5
100
AcDbLine
 10
-4.999999999898136
 20
114.3361367732351
 30
0.0
 11
-5.999999999898136
 21
115.3361367732205
 31
0.0
  0
LINE
  5
D6
330
31
100
AcDbEntity
  8
00
 62
74
370
5
100
AcDbLine
 10
-5.999999999898136
 20
113.3361367732351
 30
0.0
 11
-4.999999999898136
 21
114.3361367732351
 31
0.0
  0
LINE
  5
D7
330
31
100
AcDbEntity
  8
00
 62
74
370
5
100
AcDbLine
 10
-5.999999999898136
 20
115.3361367732205
 30
0.0
 11
-4.999999999898136
 21
116.3361367732351
 31
0.0
  0
LINE
  5
D8
330
31
100
AcDbEntity
  8
0
 62
74
370
5
100
AcDbLine
 10
-4.999999999898136
 20
114.3361367732351
 30
0.0
 11
-5.999999999898136
 21
115.3361367732205
 31
0.0
  0
LINE
  5
D9
330
31
100
AcDbEntity
  8
00
 62
74
370
5
100
AcDbLine
 10
6.000000000014551
 20
115.3361367732205
 30
0.0
 11
5.000000000101863
 21
116.3361367732351
 31
0.0
  0
LINE
  5
DA
330
31
100
AcDbEntity
  8
0
 62
74
370
5
100
AcDbLine
 10
5.000000000101863
 20
114.3361367732351
 30
0.0
 11
6.000000000014551
 21
115.3361367732205
 31
0.0
  0
LINE
  5
DB
330
31
100
AcDbEntity
  8
00
 62
74
370
5
100
AcDbLine
 10
6.000000000014551
 20
113.3361367732351
 30
0.0
 11
5.000000000101863
 21
114.3361367732351
 31
0.0
  0
LINE
  5
DC
330
31
100
AcDbEntity
  8
00
 62
74
370
5
100
AcDbLine
 10
6.000000000014551
 20
115.3361367732205
 30
0.0
 11
5.000000000101863
 21
116.3361367732351
 31
0.0
  0
LINE
  5
DD
330
31
100
AcDbEntity
  8
0
 62
74
370
5
100
AcDbLine
 10
5.000000000101863
 20
114.3361367732351
 30
0.0
 11
6.000000000014551
 21
115.3361367732205
 31
0.0
  0
ARC
  5
DE
330
31
100
AcDbEntity
  8
00
 62
74
370
5
100
AcDbCircle
 10
1.45519e-11
 20
101.9795944095013
 30
0.0
 40
8.283542363731021
100
AcDbArc
 50
50.66993661763213
 51
129.3300633823679
  0
ARC
  5
DF
330
31
100
AcDbEntity
  8
00
 62
74
370
5
100
AcDbCircle
 10
-7.874999999898136
 20
107.4928560186009
 30
0.0
 40
2.773099431950017
100
AcDbArc
 50
18.8097763490431
 51
161.1902236509568
  0
ARC
  5
E0
330
31
100
AcDbEntity
  8
00
 62
74
370
5
100
AcDbCircle
 10
1.45519e-11
 20
110.5466791369609
 30
0.0
 40
8.283542363731021
100
AcDbArc
 50
230.6699366176321
 51
309.3300633823679
  0
LINE
  5
E1
330
31
100
AcDbEntity
  8
00
 62
74
370
5
100
AcDbLine
 10
8.00000000001455
 20
102.2631367732312
 30
0.0
 11
-7.999999999985448
 21
102.2631367732312
 31
0.0
  0
LINE
  5
E2
330
31
100
AcDbEntity
  8
00
 62
74
370
5
100
AcDbLine
 10
-5.249999999898136
 20
104.1392947960768
 30
0.0
 11
-5.249999999898136
 21
108.386978750371
 31
0.0
  0
ARC
  5
E3
330
31
100
AcDbEntity
  8
00
 62
74
370
5
100
AcDbCircle
 10
-7.874999999898136
 20
105.0334175278614
 30
0.0
 40
2.773099431950017
100
AcDbArc
 50
198.8097763490431
 51
341.1902236509569
  0
LINE
  5
E4
330
31
100
AcDbEntity
  8
00
 62
74
370
5
100
AcDbLine
 10
-10.49999999998544
 20
108.386978750371
 30
0.0
 11
-10.49999999998544
 21
104.1392947961059
 31
0.0
  0
LINE
  5
E5
330
31
100
AcDbEntity
  8
00
 62
74
370
5
100
AcDbLine
 10
5.250000000014551
 20
104.1392947960768
 30
0.0
 11
5.250000000014551
 21
108.386978750371
 31
0.0
  0
LINE
  5
E6
330
31
100
AcDbEntity
  8
0
 62
74
370
5
100
AcDbLine
 10
5.000000000101863
 20
112.3361367732351
 30
0.0
 11
-4.999999999898136
 21
112.3361367732351
 31
0.0
  0
LINE
  5
E7
330
31
100
AcDbEntity
  8
0
 62
74
370
5
100
AcDbLine
 10
5.000000000101863
 20
110.3361367732351
 30
0.0
 11
-4.999999999898136
 21
110.3361367732351
 31
0.0
  0
LINE
  5
E8
330
31
100
AcDbEntity
  8
00
 62
74
370
5
100
AcDbLine
 10
-4.999999999898136
 20
112.3361367732351
 30
0.0
 11
5.000000000101863
 21
112.3361367732351
 31
0.0
  0
LINE
  5
E9
330
31
100
AcDbEntity
  8
0
 62
74
370
5
100
AcDbLine
 10
-4.999999999898136
 20
110.3361367732351
 30
0.0
 11
-5.999999999898136
 21
111.3361367732206
 31
0.0
  0
LINE
  5
EA
330
31
100
AcDbEntity
  8
00
 62
74
370
5
100
AcDbLine
 10
-5.999999999898136
 20
111.3361367732206
 30
0.0
 11
-4.999999999898136
 21
112.3361367732351
 31
0.0
  0
LINE
  5
EB
330
31
100
AcDbEntity
  8
0
 62
74
370
5
100
AcDbLine
 10
5.000000000101863
 20
110.3361367732351
 30
0.0
 11
6.000000000014551
 21
111.3361367732206
 31
0.0
  0
LINE
  5
EC
330
31
100
AcDbEntity
  8
00
 62
74
370
5
100
AcDbLine
 10
6.000000000014551
 20
111.3361367732206
 30
0.0
 11
5.000000000101863
 21
112.3361367732351
 31
0.0
  0
LINE
  5
ED
330
31
100
AcDbEntity
  8
00
 62
74
370
5
100
AcDbLine
 10
-7.999999999985448
 20
110.2631367732311
 30
0.0
 11
6.013460107016726
 21
110.2631367732311
 31
0.0
  0
LINE
  5
EE
330
31
100
AcDbEntity
  8
00
 62
74
370
5
100
AcDbLine
 10
8.000000000101863
 20
110.2631367732311
 30
0.0
 11
-7.999999999985448
 21
110.2631367732311
 31
0.0
  0
LINE
  5
EF
330
31
100
AcDbEntity
  8
00
 62
74
370
5
100
AcDbLine
 10
6.000000000014551
 20
110.2631367732311
 30
0.0
 11
6.000000000014551
 21
111.3361367732206
 31
0.0
  0
LINE
  5
F0
330
31
100
AcDbEntity
  8
0
 62
74
370
5
100
AcDbLine
 10
-4.999999999898136
 20
112.3361367732351
 30
0.0
 11
-5.999999999898136
 21
113.3361367732351
 31
0.0
  0
LINE
  5
F1
330
31
100
AcDbEntity
  8
0
 62
74
370
5
100
AcDbLine
 10
5.000000000101863
 20
112.3361367732351
 30
0.0
 11
6.000000000014551
 21
113.3361367732351
 31
0.0
  0
LINE
  5
F2
330
31
100
AcDbEntity
  8
0
 62
74
370
5
100
AcDbLine
 10
5.985773409614921
 20
98.81359968467505
 30
0.0
 11
6.000000000014551
 21
98.82782627508925
 31
0.0
  0
LINE
  5
F3
330
31
100
AcDbEntity
  8
0
 62
74
370
5
100
AcDbLine
 10
5.985773409614921
 20
98.81359968467505
 30
0.0
 11
6.000000000014551
 21
98.82782627508925
 31
0.0
  0
LINE
  5
F4
330
31
100
AcDbEntity
  8
0
 62
74
370
5
100
AcDbLine
 10
-5.985773409469402
 20
98.81359968467505
 30
0.0
 11
-5.999999999898136
 21
98.82782627508925
 31
0.0
  0
LINE
  5
F5
330
31
100
AcDbEntity
  8
0
 62
74
370
5
100
AcDbLine
 10
-5.985773409469402
 20
98.81359968467505
 30
0.0
 11
-5.999999999898136
 21
98.82782627508925
 31
0.0
  0
LINE
  5
F6
330
31
100
AcDbEntity
  8
0
 62
74
370
5
100
AcDbLine
 10
-4.999999999898136
 20
95.82782627508924
 30
0.0
 11
-4.999999999898136
 21
94.14860629082898
 31
0.0
  0
LINE
  5
F7
330
31
100
AcDbEntity
  8
0
 62
74
370
5
100
AcDbLine
 10
5.000000000014551
 20
95.82782627508924
 30
0.0
 11
5.000000000014551
 21
94.14860629082898
 31
0.0
  0
LINE
  5
F8
330
31
100
AcDbEntity
  8
0
 62
74
370
5
100
AcDbLine
 10
-7.749999999985448
 20
98.81359968467505
 30
0.0
 11
7.750000000014551
 21
98.81359968467505
 31
0.0
  0
LINE
  5
F9
330
31
100
AcDbEntity
  8
0
 62
74
370
5
100
AcDbLine
 10
7.750000000014551
 20
96.81359968466052
 30
0.0
 11
-7.749999999985448
 21
96.81359968466052
 31
0.0
  0
LINE
  5
FA
330
31
100
AcDbEntity
  8
0
 62
74
370
5
100
AcDbLine
 10
-7.749999999985448
 20
98.81359968467505
 30
0.0
 11
-5.499999999985448
 21
98.81359968467505
 31
0.0
  0
LINE
  5
FB
330
31
100
AcDbEntity
  8
0
 62
74
370
5
100
AcDbLine
 10
-5.499999999985448
 20
96.81359968466052
 30
0.0
 11
-7.749999999985448
 21
96.81359968466052
 31
0.0
  0
LINE
  5
FC
330
31
100
AcDbEntity
  8
0
 62
74
370
5
100
AcDbLine
 10
7.750000000014551
 20
98.81359968467505
 30
0.0
 11
5.500000000014551
 21
98.81359968467505
 31
0.0
  0
LINE
  5
FD
330
31
100
AcDbEntity
  8
0
 62
74
370
5
100
AcDbLine
 10
7.750000000014551
 20
96.81359968466052
 30
0.0
 11
5.500000000014551
 21
96.81359968466052
 31
0.0
  0
ARC
  5
FE
330
31
100
AcDbEntity
  8
0
 62
74
370
5
100
AcDbCircle
 10
-9.543051136875874
 20
97.81359968467507
 30
0.0
 40
0.5
100
AcDbArc
 50
102.2459918914671
 51
257.7540081085328
  0
LINE
  5
FF
330
31
100
AcDbEntity
  8
0
 62
74
370
5
100
AcDbLine
 10
-7.749999999985448
 20
98.81359968467505
 30
0.0
 11
-9.64910579168645
 21
98.30222265810073
 31
0.0
  0
LINE
  5
100
330
31
100
AcDbEntity
  8
0
 62
74
370
5
100
AcDbLine
 10
-7.749999999985448
 20
96.81359968466052
 30
0.0
 11
-9.64910579168645
 21
97.32497671122032
 31
0.0
  0
LINE
  5
101
330
31
100
AcDbEntity
  8
0
 62
74
370
5
100
AcDbLine
 10
5.000000000101863
 20
99.82782627508925
 30
0.0
 11
6.000000000014551
 21
100.8278262750747
 31
0.0
  0
LINE
  5
102
330
31
100
AcDbEntity
  8
00
 62
74
370
5
100
AcDbLine
 10
6.000000000014551
 20
100.8278262750747
 30
0.0
 11
5.000000000101863
 21
101.8278262750892
 31
0.0
  0
LINE
  5
103
330
31
100
AcDbEntity
  8
0
 62
74
370
5
100
AcDbLine
 10
5.000000000101863
 20
95.82782627508924
 30
0.0
 11
6.000000000014551
 21
96.82782627507471
 31
0.0
  0
LINE
  5
104
330
31
100
AcDbEntity
  8
00
 62
74
370
5
100
AcDbLine
 10
6.000000000014551
 20
98.82782627508925
 30
0.0
 11
5.000000000101863
 21
99.82782627508925
 31
0.0
  0
LINE
  5
105
330
31
100
AcDbEntity
  8
0
 62
74
370
5
100
AcDbLine
 10
5.000000000101863
 20
95.82782627508924
 30
0.0
 11
6.000000000014551
 21
96.82782627507471
 31
0.0
  0
LINE
  5
106
330
31
100
AcDbEntity
  8
00
 62
74
370
5
100
AcDbLine
 10
6.000000000014551
 20
98.82782627508925
 30
0.0
 11
5.000000000101863
 21
99.82782627508925
 31
0.0
  0
LINE
  5
107
330
31
100
AcDbEntity
  8
0
 62
74
370
5
100
AcDbLine
 10
-4.999999999898136
 20
99.82782627508925
 30
0.0
 11
-5.999999999898136
 21
100.8278262750747
 31
0.0
  0
LINE
  5
108
330
31
100
AcDbEntity
  8
00
 62
74
370
5
100
AcDbLine
 10
-5.999999999898136
 20
100.8278262750747
 30
0.0
 11
-4.999999999898136
 21
101.8278262750892
 31
0.0
  0
LINE
  5
109
330
31
100
AcDbEntity
  8
00
 62
74
370
5
100
AcDbLine
 10
-5.999999999898136
 20
98.82782627508925
 30
0.0
 11
-4.999999999898136
 21
99.82782627508925
 31
0.0
  0
LINE
  5
10A
330
31
100
AcDbEntity
  8
0
 62
74
370
5
100
AcDbLine
 10
-4.999999999898136
 20
95.82782627508924
 30
0.0
 11
-5.999999999898136
 21
96.82782627507471
 31
0.0
  0
LINE
  5
10B
330
31
100
AcDbEntity
  8
00
 62
74
370
5
100
AcDbLine
 10
-5.999999999898136
 20
98.82782627508925
 30
0.0
 11
-4.999999999898136
 21
99.82782627508925
 31
0.0
  0
LINE
  5
10C
330
31
100
AcDbEntity
  8
0
 62
74
370
5
100
AcDbLine
 10
5.000000000101863
 20
101.8278262750892
 30
0.0
 11
-4.999999999898136
 21
101.8278262750892
 31
0.0
  0
LINE
  5
10D
330
31
100
AcDbEntity
  8
0
 62
74
370
5
100
AcDbLine
 10
5.000000000101863
 20
99.82782627508925
 30
0.0
 11
-4.999999999898136
 21
99.82782627508925
 31
0.0
  0
LINE
  5
10E
330
31
100
AcDbEntity
  8
00
 62
74
370
5
100
AcDbLine
 10
-4.999999999898136
 20
101.8278262750892
 30
0.0
 11
5.000000000101863
 21
101.8278262750892
 31
0.0
  0
LINE
  5
10F
330
31
100
AcDbEntity
  8
0
 62
74
370
5
100
AcDbLine
 10
5.000000000101863
 20
95.82782627508924
 30
0.0
 11
-4.999999999898136
 21
95.82782627508924
 31
0.0
  0
LINE
  5
110
330
31
100
AcDbEntity
  8
00
 62
74
370
5
100
AcDbLine
 10
-4.999999999898136
 20
99.82782627508925
 30
0.0
 11
5.000000000101863
 21
99.82782627508925
 31
0.0
  0
LINE
  5
111
330
31
100
AcDbEntity
  8
00
 62
74
370
5
100
AcDbLine
 10
-4.999999999898136
 20
95.82782627508924
 30
0.0
 11
5.000000000101863
 21
95.82782627508924
 31
0.0
  0
LINE
  5
112
330
31
100
AcDbEntity
  8
0
 62
74
370
5
100
AcDbLine
 10
5.000000000101863
 20
95.82782627508924
 30
0.0
 11
-4.999999999898136
 21
95.82782627508924
 31
0.0
  0
LINE
  5
113
330
31
100
AcDbEntity
  8
00
 62
74
370
5
100
AcDbLine
 10
-4.999999999898136
 20
99.82782627508925
 30
0.0
 11
5.000000000101863
 21
99.82782627508925
 31
0.0
  0
LINE
  5
114
330
31
100
AcDbEntity
  8
00
 62
74
370
5
100
AcDbLine
 10
8.000000000101863
 20
95.82782627508924
 30
0.0
 11
-7.999999999985448
 21
95.82782627508924
 31
0.0
  0
ARC
  5
115
330
31
100
AcDbEntity
  8
00
 62
74
370
5
100
AcDbCircle
 10
1.45519e-11
 20
87.544283911374
 30
0.0
 40
8.283542363731021
100
AcDbArc
 50
50.66993661763213
 51
129.3300633823679
  0
LINE
  5
116
330
31
100
AcDbEntity
  8
00
 62
74
370
5
100
AcDbLine
 10
-7.999999999985448
 20
95.82782627508924
 30
0.0
 11
6.013460107016726
 21
95.82782627508924
 31
0.0
  0
ARC
  5
117
330
31
100
AcDbEntity
  8
00
 62
74
370
5
100
AcDbCircle
 10
-7.874999999898136
 20
93.05754552045902
 30
0.0
 40
2.773099431950017
100
AcDbArc
 50
18.8097763490431
 51
161.1902236509568
  0
ARC
  5
118
330
31
100
AcDbEntity
  8
00
 62
74
370
5
100
AcDbCircle
 10
7.875000000014551
 20
107.4928560186009
 30
0.0
 40
2.773099431950476
100
AcDbArc
 50
18.8097763490431
 51
161.1902236509568
  0
ARC
  5
119
330
31
100
AcDbEntity
  8
00
 62
74
370
5
100
AcDbCircle
 10
7.875000000014551
 20
105.0334175278614
 30
0.0
 40
2.773099431950476
100
AcDbArc
 50
198.8097763490431
 51
341.1902236509569
  0
HATCH
  5
11A
330
31
100
AcDbEntity
  8
0
 62
74
370
5
100
AcDbHatch
 10
0.0
 20
0.0
 30
0.0
210
0.0
220
0.0
230
1.0
  2
ANSI31
 70
0
 71
0
 91
1
 92
7
 72
1
 73
1
 93
10
 10
9.560280079211225
 20
98.31359968467507
 42
0.0
 10
7.750000000014551
 20
98.81359968467505
 42
0.0
 10
5.500000000014551
 20
98.81359968467505
 42
0.0
 10
-7.749999999985448
 20
98.81359968467505
 42
0.0
 10
-9.69669163347862
 20
98.2894090979745
 42
0.7279374760151648
 10
-9.69669163347862
 20
97.33779027131744
 42
0.0
 10
-7.749999999985448
 20
96.81359968466052
 42
0.0
 10
-5.499999999985448
 20
96.81359968466052
 42
0.0
 10
7.750000000014551
 20
96.81359968466052
 42
0.0
 10
9.560280079211225
 20
97.31359968467508
 42
1.0
 97
0
 75
0
 76
1
 52
0.0
 41
20.0
 77
0
 78
1
 53
45.0
 43
-1074.04052998159
 44
-878.4218012849532
 45
-1.767766952966368
 46
1.767766952966368
 79
0
 47
0.1260975072300712
 98
1
 10
1.330912358636851
 20
97.483545778122
  0
LINE
  5
11B
330
31
100
AcDbEntity
  8
0
 62
74
370
5
100
AcDbLine
 10
9.560280079211225
 20
98.31359968467507
 30
0.0
 11
7.750000000014551
 21
98.81359968467505
 31
0.0
  0
LINE
  5
11C
330
31
100
AcDbEntity
  8
0
 62
74
370
5
100
AcDbLine
 10
9.560280079211225
 20
97.31359968467508
 30
0.0
 11
7.750000000014551
 21
96.81359968466052
 31
0.0
  0
ARC
  5
11D
330
31
100
AcDbEntity
  8
00
 62
74
370
5
100
AcDbCircle
 10
7.875000000014551
 20
93.05754552045902
 30
0.0
 40
2.773099431950476
100
AcDbArc
 50
18.8097763490431
 51
161.1902236509568
  0
LINE
  5
11E
330
31
100
AcDbEntity
  8
0
 62
74
370
5
100
AcDbLine
 10
5.000000000014551
 20
89.50704625936407
 30
0.0
 11
5.000000000014551
 21
87.8278262750747
 31
0.0
  0
LINE
  5
11F
330
31
100
AcDbEntity
  8
0
 62
74
370
5
100
AcDbLine
 10
-4.999999999898136
 20
89.50704625936407
 30
0.0
 11
-4.999999999898136
 21
87.8278262750747
 31
0.0
  0
ARC
  5
120
330
31
100
AcDbEntity
  8
00
 62
74
370
5
100
AcDbCircle
 10
1.45519e-11
 20
96.11136863881904
 30
0.0
 40
8.283542363731021
100
AcDbArc
 50
230.6699366176321
 51
309.3300633823679
  0
LINE
  5
121
330
31
100
AcDbEntity
  8
00
 62
74
370
5
100
AcDbLine
 10
-6.013460106871207
 20
87.8278262750747
 30
0.0
 11
6.013460107016726
 21
87.8278262750747
 31
0.0
  0
LINE
  5
122
330
31
100
AcDbEntity
  8
00
 62
74
370
5
100
AcDbLine
 10
8.00000000001455
 20
87.8278262750747
 30
0.0
 11
-7.999999999985448
 21
87.8278262750747
 31
0.0
  0
ARC
  5
123
330
31
100
AcDbEntity
  8
00
 62
74
370
5
100
AcDbCircle
 10
1.45519e-11
 20
96.11136863881904
 30
0.0
 40
8.283542363731021
100
AcDbArc
 50
230.6699366176321
 51
309.3300633823679
  0
LINE
  5
124
330
31
100
AcDbEntity
  8
00
 62
74
370
5
100
AcDbLine
 10
8.00000000001455
 20
87.8278262750747
 30
0.0
 11
-7.999999999898136
 21
87.8278262750747
 31
0.0
  0
ARC
  5
125
330
31
100
AcDbEntity
  8
00
 62
74
370
5
100
AcDbCircle
 10
-7.874999999985448
 20
90.59810702970493
 30
0.0
 40
2.773099431950017
100
AcDbArc
 50
198.8097763490431
 51
341.1902236509569
  0
ARC
  5
126
330
31
100
AcDbEntity
  8
00
 62
74
370
5
100
AcDbCircle
 10
-7.874999999898136
 20
90.59810702970493
 30
0.0
 40
2.773099431950017
100
AcDbArc
 50
198.8097763490431
 51
341.1902236509569
  0
ARC
  5
127
330
31
100
AcDbEntity
  8
00
 62
74
370
5
100
AcDbCircle
 10
7.875000000014551
 20
90.59810702970493
 30
0.0
 40
2.773099431950476
100
AcDbArc
 50
198.8097763490431
 51
341.1902236509569
  0
ARC
  5
128
330
31
100
AcDbEntity
  8
00
 62
74
370
5
100
AcDbCircle
 10
7.875000000014551
 20
90.59810702970493
 30
0.0
 40
2.773099431950476
100
AcDbArc
 50
198.8097763490431
 51
341.1902236509569
  0
LINE
  5
129
330
31
100
AcDbEntity
  8
0
 62
74
370
5
100
AcDbLine
 10
15.00000000001455
 20
87.8278262750747
 30
0.0
 11
-14.99999999998545
 21
87.8278262750747
 31
0.0
  0
LINE
  5
12A
330
31
100
AcDbEntity
  8
00
 62
74
370
5
100
AcDbLine
 10
-10.49999999998544
 20
93.9516682522145
 30
0.0
 11
-10.49999999998544
 21
89.70398429794943
 31
0.0
  0
LINE
  5
12B
330
31
100
AcDbEntity
  8
00
 62
74
370
5
100
AcDbLine
 10
-5.249999999898136
 20
89.7039842979349
 30
0.0
 11
-5.249999999898136
 21
93.9516682522145
 31
0.0
  0
LINE
  5
12C
330
31
100
AcDbEntity
  8
00
 62
74
370
5
100
AcDbLine
 10
-10.49999999998544
 20
89.70398429794943
 30
0.0
 11
-10.49999999998544
 21
93.9516682522145
 31
0.0
  0
LINE
  5
12D
330
31
100
AcDbEntity
  8
0
 62
74
370
5
100
AcDbLine
 10
-10.49999999998544
 20
89.70398429789122
 30
0.0
 11
-10.49999999998544
 21
93.9516682522145
 31
0.0
  0
LINE
  5
12E
330
31
100
AcDbEntity
  8
00
 62
74
370
5
100
AcDbLine
 10
10.50000000010186
 20
93.95166825222906
 30
0.0
 11
10.50000000010186
 21
89.7039842979349
 31
0.0
  0
LINE
  5
12F
330
31
100
AcDbEntity
  8
00
 62
74
370
5
100
AcDbLine
 10
5.250000000014551
 20
89.7039842979349
 30
0.0
 11
5.250000000014551
 21
93.9516682522145
 31
0.0
  0
LINE
  5
130
330
31
100
AcDbEntity
  8
0
 62
74
370
5
100
AcDbLine
 10
10.50000000010186
 20
89.70398429797854
 30
0.0
 11
10.50000000010186
 21
93.95166825222906
 31
0.0
  0
LINE
  5
131
330
31
100
AcDbEntity
  8
00
 62
74
370
5
100
AcDbLine
 10
10.50000000001455
 20
89.7039842979349
 30
0.0
 11
10.50000000001455
 21
93.95166825225817
 31
0.0
  0
LINE
  5
132
330
31
100
AcDbEntity
  8
0
 62
74
370
5
100
AcDbLine
 10
-4.999999999898136
 20
116.3361367732351
 30
0.0
 11
-5.999999999898136
 21
117.3361367732496
 31
0.0
  0
LINE
  5
133
330
31
100
AcDbEntity
  8
0
 62
74
370
5
100
AcDbLine
 10
-4.999999999898136
 20
116.3361367732351
 30
0.0
 11
-5.999999999898136
 21
117.3361367732496
 31
0.0
  0
LINE
  5
134
330
31
100
AcDbEntity
  8
0
 62
74
370
5
100
AcDbLine
 10
5.000000000101863
 20
116.3361367732351
 30
0.0
 11
6.000000000014551
 21
117.3361367732496
 31
0.0
  0
LINE
  5
135
330
31
100
AcDbEntity
  8
0
 62
74
370
5
100
AcDbLine
 10
5.000000000101863
 20
116.3361367732351
 30
0.0
 11
6.000000000014551
 21
117.3361367732496
 31
0.0
  0
LINE
  5
136
330
31
100
AcDbEntity
  8
00
 62
74
370
5
100
AcDbLine
 10
-58.99999999989813
 20
117.3361367732496
 30
0.0
 11
-59.99999999989814
 21
118.3361367732351
 31
0.0
  0
LINE
  5
137
330
31
100
AcDbEntity
  8
00
 62
74
370
5
100
AcDbLine
 10
-58.99999999989813
 20
117.3361367732496
 30
0.0
 11
-59.99999999989814
 21
118.3361367732351
 31
0.0
  0
LINE
  5
138
330
31
100
AcDbEntity
  8
00
 62
74
370
5
100
AcDbLine
 10
-58.99999999989813
 20
119.3361367732205
 30
0.0
 11
-59.99999999989814
 21
120.3361367732351
 31
0.0
  0
LINE
  5
139
330
31
100
AcDbEntity
  8
0
 62
74
370
5
100
AcDbLine
 10
-59.99999999989814
 20
118.3361367732351
 30
0.0
 11
-58.99999999989813
 21
119.3361367732205
 31
0.0
  0
LINE
  5
13A
330
31
100
AcDbEntity
  8
0
 62
74
370
5
100
AcDbLine
 10
-59.99999999989814
 20
120.3361367732351
 30
0.0
 11
-58.99999999989813
 21
121.3361367732497
 31
0.0
  0
LINE
  5
13B
330
31
100
AcDbEntity
  8
00
 62
74
370
5
100
AcDbLine
 10
-58.99999999989813
 20
121.3361367732497
 30
0.0
 11
-59.99999999989814
 21
122.3361367732351
 31
0.0
  0
LINE
  5
13C
330
31
100
AcDbEntity
  8
00
 62
74
370
5
100
AcDbLine
 10
-70.99999999989814
 20
117.3361367732496
 30
0.0
 11
-69.99999999989814
 21
118.3361367732351
 31
0.0
  0
LINE
  5
13D
330
31
100
AcDbEntity
  8
00
 62
74
370
5
100
AcDbLine
 10
-70.99999999989814
 20
117.3361367732496
 30
0.0
 11
-69.99999999989814
 21
118.3361367732351
 31
0.0
  0
LINE
  5
13E
330
31
100
AcDbEntity
  8
00
 62
74
370
5
100
AcDbLine
 10
-70.99999999989814
 20
119.3361367732205
 30
0.0
 11
-69.99999999989814
 21
120.3361367732351
 31
0.0
  0
LINE
  5
13F
330
31
100
AcDbEntity
  8
0
 62
74
370
5
100
AcDbLine
 10
-69.99999999989814
 20
118.3361367732351
 30
0.0
 11
-70.99999999989814
 21
119.3361367732205
 31
0.0
  0
LINE
  5
140
330
31
100
AcDbEntity
  8
0
 62
74
370
5
100
AcDbLine
 10
-69.99999999989814
 20
120.3361367732351
 30
0.0
 11
-70.99999999989814
 21
121.3361367732497
 31
0.0
  0
LINE
  5
141
330
31
100
AcDbEntity
  8
00
 62
74
370
5
100
AcDbLine
 10
-70.99999999989814
 20
121.3361367732497
 30
0.0
 11
-69.99999999989814
 21
122.3361367732351
 31
0.0
  0
LINE
  5
142
330
31
100
AcDbEntity
  8
00
 62
74
370
5
100
AcDbLine
 10
-69.99999999989814
 20
118.3361367732351
 30
0.0
 11
-59.99999999989814
 21
118.3361367732351
 31
0.0
  0
LINE
  5
143
330
31
100
AcDbEntity
  8
00
 62
74
370
5
100
AcDbLine
 10
-69.99999999989814
 20
118.3361367732351
 30
0.0
 11
-59.99999999989814
 21
118.3361367732351
 31
0.0
  0
LINE
  5
144
330
31
100
AcDbEntity
  8
00
 62
74
370
5
100
AcDbLine
 10
-69.99999999989814
 20
120.3361367732351
 30
0.0
 11
-59.99999999989814
 21
120.3361367732351
 31
0.0
  0
LINE
  5
145
330
31
100
AcDbEntity
  8
0
 62
74
370
5
100
AcDbLine
 10
-59.99999999989814
 20
118.3361367732351
 30
0.0
 11
-69.99999999989814
 21
118.3361367732351
 31
0.0
  0
LINE
  5
146
330
31
100
AcDbEntity
  8
0
 62
74
370
5
100
AcDbLine
 10
-59.99999999989814
 20
120.3361367732351
 30
0.0
 11
-69.99999999989814
 21
120.3361367732351
 31
0.0
  0
LINE
  5
147
330
31
100
AcDbEntity
  8
00
 62
74
370
5
100
AcDbLine
 10
-69.99999999989814
 20
122.3361367732351
 30
0.0
 11
-59.99999999989814
 21
122.3361367732351
 31
0.0
  0
LINE
  5
148
330
31
100
AcDbEntity
  8
0
 62
74
370
5
100
AcDbLine
 10
-57.24999999998544
 20
98.81359968467505
 30
0.0
 11
-59.49999999989813
 21
98.81359968467505
 31
0.0
  0
LINE
  5
149
330
31
100
AcDbEntity
  8
0
 62
74
370
5
100
AcDbLine
 10
-57.24999999998544
 20
96.81359968466052
 30
0.0
 11
-59.49999999989813
 21
96.81359968466052
 31
0.0
  0
ARC
  5
14A
330
31
100
AcDbEntity
  8
0
 62
74
370
5
100
AcDbCircle
 10
-55.43971992078877
 20
97.81359968467507
 30
0.0
 40
0.5
100
AcDbArc
 50
270.0
 51
90.0
  0
LINE
  5
14B
330
31
100
AcDbEntity
  8
0
 62
74
370
5
100
AcDbLine
 10
-55.43971992078877
 20
98.31359968467507
 30
0.0
 11
-57.24999999998544
 21
98.81359968467505
 31
0.0
  0
LINE
  5
14C
330
31
100
AcDbEntity
  8
0
 62
74
370
5
100
AcDbLine
 10
-55.43971992078877
 20
97.31359968467508
 30
0.0
 11
-57.24999999998544
 21
96.81359968466052
 31
0.0
  0
LINE
  5
14D
330
31
100
AcDbEntity
  8
00
 62
74
370
5
100
AcDbLine
 10
-58.99999999989813
 20
110.2631367732311
 30
0.0
 11
-58.99999999989813
 21
111.3361367732206
 31
0.0
  0
LINE
  5
14E
330
31
100
AcDbEntity
  8
0
 62
74
370
5
100
AcDbLine
 10
-59.99999999989814
 20
114.3361367732351
 30
0.0
 11
-58.99999999989813
 21
115.3361367732205
 31
0.0
  0
LINE
  5
14F
330
31
100
AcDbEntity
  8
00
 62
74
370
5
100
AcDbLine
 10
-58.99999999989813
 20
115.3361367732205
 30
0.0
 11
-59.99999999989814
 21
116.3361367732351
 31
0.0
  0
LINE
  5
150
330
31
100
AcDbEntity
  8
00
 62
74
370
5
100
AcDbLine
 10
-58.99999999989813
 20
111.3361367732206
 30
0.0
 11
-59.99999999989814
 21
112.3361367732351
 31
0.0
  0
LINE
  5
151
330
31
100
AcDbEntity
  8
0
 62
74
370
5
100
AcDbLine
 10
-59.99999999989814
 20
110.3361367732351
 30
0.0
 11
-58.99999999989813
 21
111.3361367732206
 31
0.0
  0
LINE
  5
152
330
31
100
AcDbEntity
  8
0
 62
74
370
5
100
AcDbLine
 10
-59.99999999989814
 20
112.3361367732351
 30
0.0
 11
-58.99999999989813
 21
113.3361367732351
 31
0.0
  0
LINE
  5
153
330
31
100
AcDbEntity
  8
00
 62
74
370
5
100
AcDbLine
 10
-58.99999999989813
 20
113.3361367732351
 30
0.0
 11
-59.99999999989814
 21
114.3361367732351
 31
0.0
  0
LINE
  5
154
330
31
100
AcDbEntity
  8
0
 62
74
370
5
100
AcDbLine
 10
-59.99999999989814
 20
114.3361367732351
 30
0.0
 11
-58.99999999989813
 21
115.3361367732205
 31
0.0
  0
LINE
  5
155
330
31
100
AcDbEntity
  8
00
 62
74
370
5
100
AcDbLine
 10
-58.99999999989813
 20
115.3361367732205
 30
0.0
 11
-59.99999999989814
 21
116.3361367732351
 31
0.0
  0
LINE
  5
156
330
31
100
AcDbEntity
  8
00
 62
74
370
5
100
AcDbLine
 10
-54.49999999989813
 20
108.386978750371
 30
0.0
 11
-54.49999999989813
 21
104.1392947960768
 31
0.0
  0
LINE
  5
157
330
31
100
AcDbEntity
  8
00
 62
74
370
5
100
AcDbLine
 10
-59.74999999998544
 20
104.1392947960768
 30
0.0
 11
-59.74999999998544
 21
108.386978750371
 31
0.0
  0
ARC
  5
158
330
31
100
AcDbEntity
  8
00
 62
74
370
5
100
AcDbCircle
 10
-57.12499999989813
 20
105.0334175278614
 30
0.0
 40
2.773099431950476
100
AcDbArc
 50
198.8097763490431
 51
341.1902236509569
  0
ARC
  5
159
330
31
100
AcDbEntity
  8
00
 62
74
370
5
100
AcDbCircle
 10
-57.12499999989813
 20
107.4928560186009
 30
0.0
 40
2.773099431950476
100
AcDbArc
 50
18.8097763490431
 51
161.1902236509568
  0
LINE
  5
15A
330
31
100
AcDbEntity
  8
0
 62
74
370
5
100
AcDbLine
 10
-59.99999999989814
 20
99.82782627508925
 30
0.0
 11
-58.99999999989813
 21
100.8278262750747
 31
0.0
  0
LINE
  5
15B
330
31
100
AcDbEntity
  8
00
 62
74
370
5
100
AcDbLine
 10
-58.99999999989813
 20
100.8278262750747
 30
0.0
 11
-59.99999999989814
 21
101.8278262750892
 31
0.0
  0
LINE
  5
15C
330
31
100
AcDbEntity
  8
0
 62
74
370
5
100
AcDbLine
 10
-59.99999999989814
 20
95.82782627508924
 30
0.0
 11
-58.99999999989813
 21
96.82782627507471
 31
0.0
  0
LINE
  5
15D
330
31
100
AcDbEntity
  8
0
 62
74
370
5
100
AcDbLine
 10
-59.01422659038508
 20
98.81359968467505
 30
0.0
 11
-58.99999999989813
 21
98.82782627508925
 31
0.0
  0
LINE
  5
15E
330
31
100
AcDbEntity
  8
00
 62
74
370
5
100
AcDbLine
 10
-58.99999999989813
 20
98.82782627508925
 30
0.0
 11
-59.99999999989814
 21
99.82782627508925
 31
0.0
  0
LINE
  5
15F
330
31
100
AcDbEntity
  8
0
 62
74
370
5
100
AcDbLine
 10
-59.99999999989814
 20
95.82782627508924
 30
0.0
 11
-58.99999999989813
 21
96.82782627507471
 31
0.0
  0
LINE
  5
160
330
31
100
AcDbEntity
  8
0
 62
74
370
5
100
AcDbLine
 10
-59.01422659038508
 20
98.81359968467505
 30
0.0
 11
-58.99999999989813
 21
98.82782627508925
 31
0.0
  0
LINE
  5
161
330
31
100
AcDbEntity
  8
00
 62
74
370
5
100
AcDbLine
 10
-58.99999999989813
 20
98.82782627508925
 30
0.0
 11
-59.99999999989814
 21
99.82782627508925
 31
0.0
  0
ARC
  5
162
330
31
100
AcDbEntity
  8
00
 62
74
370
5
100
AcDbCircle
 10
-57.12499999989813
 20
93.05754552045902
 30
0.0
 40
2.773099431950476
100
AcDbArc
 50
18.8097763490431
 51
161.1902236509568
  0
LINE
  5
163
330
31
100
AcDbEntity
  8
0
 62
74
370
5
100
AcDbLine
 10
-59.99999999998545
 20
95.82782627508924
 30
0.0
 11
-59.99999999998545
 21
94.14860629082898
 31
0.0
  0
LINE
  5
164
330
31
100
AcDbEntity
  8
0
 62
74
370
5
100
AcDbLine
 10
-59.99999999989814
 20
101.8278262750892
 30
0.0
 11
-59.99999999989814
 21
102.2631367732312
 31
0.0
  0
LINE
  5
165
330
31
100
AcDbEntity
  8
0
 62
74
370
5
100
AcDbLine
 10
-72.74999999998545
 20
98.81359968467505
 30
0.0
 11
-70.49999999998543
 21
98.81359968467505
 31
0.0
  0
LINE
  5
166
330
31
100
AcDbEntity
  8
0
 62
74
370
5
100
AcDbLine
 10
-70.49999999998543
 20
96.81359968466052
 30
0.0
 11
-72.74999999998545
 21
96.81359968466052
 31
0.0
  0
ARC
  5
167
330
31
100
AcDbEntity
  8
0
 62
74
370
5
100
AcDbCircle
 10
-74.54305113687587
 20
97.81359968467507
 30
0.0
 40
0.5
100
AcDbArc
 50
102.2459918914671
 51
257.7540081085328
  0
LINE
  5
168
330
31
100
AcDbEntity
  8
0
 62
74
370
5
100
AcDbLine
 10
-72.74999999998545
 20
98.81359968467505
 30
0.0
 11
-74.64910579177376
 21
98.30222265810073
 31
0.0
  0
LINE
  5
169
330
31
100
AcDbEntity
  8
0
 62
74
370
5
100
AcDbLine
 10
-72.74999999998545
 20
96.81359968466052
 30
0.0
 11
-74.64910579177376
 21
97.32497671122032
 31
0.0
  0
LINE
  5
16A
330
31
100
AcDbEntity
  8
0
 62
74
370
5
100
AcDbLine
 10
-69.99999999989814
 20
114.3361367732351
 30
0.0
 11
-70.99999999989814
 21
115.3361367732205
 31
0.0
  0
LINE
  5
16B
330
31
100
AcDbEntity
  8
00
 62
74
370
5
100
AcDbLine
 10
-70.99999999989814
 20
115.3361367732205
 30
0.0
 11
-69.99999999989814
 21
116.3361367732351
 31
0.0
  0
LINE
  5
16C
330
31
100
AcDbEntity
  8
00
 62
74
370
5
100
AcDbLine
 10
-70.99999999989814
 20
111.3361367732206
 30
0.0
 11
-69.99999999989814
 21
112.3361367732351
 31
0.0
  0
LINE
  5
16D
330
31
100
AcDbEntity
  8
0
 62
74
370
5
100
AcDbLine
 10
-69.99999999989814
 20
110.3361367732351
 30
0.0
 11
-70.99999999989814
 21
111.3361367732206
 31
0.0
  0
LINE
  5
16E
330
31
100
AcDbEntity
  8
0
 62
74
370
5
100
AcDbLine
 10
-69.99999999989814
 20
112.3361367732351
 30
0.0
 11
-70.99999999989814
 21
113.3361367732351
 31
0.0
  0
LINE
  5
16F
330
31
100
AcDbEntity
  8
00
 62
74
370
5
100
AcDbLine
 10
-70.99999999989814
 20
113.3361367732351
 30
0.0
 11
-69.99999999989814
 21
114.3361367732351
 31
0.0
  0
LINE
  5
170
330
31
100
AcDbEntity
  8
0
 62
74
370
5
100
AcDbLine
 10
-69.99999999989814
 20
114.3361367732351
 30
0.0
 11
-70.99999999989814
 21
115.3361367732205
 31
0.0
  0
LINE
  5
171
330
31
100
AcDbEntity
  8
00
 62
74
370
5
100
AcDbLine
 10
-70.99999999989814
 20
115.3361367732205
 30
0.0
 11
-69.99999999989814
 21
116.3361367732351
 31
0.0
  0
LINE
  5
172
330
31
100
AcDbEntity
  8
00
 62
74
370
5
100
AcDbLine
 10
-75.49999999989814
 20
108.386978750371
 30
0.0
 11
-75.49999999989814
 21
104.1392947961059
 31
0.0
  0
ARC
  5
173
330
31
100
AcDbEntity
  8
00
 62
74
370
5
100
AcDbCircle
 10
-72.87499999989814
 20
105.0334175278614
 30
0.0
 40
2.773099431950017
100
AcDbArc
 50
198.8097763490431
 51
341.1902236509569
  0
ARC
  5
174
330
31
100
AcDbEntity
  8
00
 62
74
370
5
100
AcDbCircle
 10
-72.87499999989814
 20
107.4928560186009
 30
0.0
 40
2.773099431950017
100
AcDbArc
 50
18.8097763490431
 51
161.1902236509568
  0
LINE
  5
175
330
31
100
AcDbEntity
  8
00
 62
74
370
5
100
AcDbLine
 10
-70.24999999989814
 20
104.1392947960768
 30
0.0
 11
-70.24999999989814
 21
108.386978750371
 31
0.0
  0
LINE
  5
176
330
31
100
AcDbEntity
  8
0
 62
74
370
5
100
AcDbLine
 10
-69.99999999989814
 20
99.82782627508925
 30
0.0
 11
-70.99999999989814
 21
100.8278262750747
 31
0.0
  0
LINE
  5
177
330
31
100
AcDbEntity
  8
00
 62
74
370
5
100
AcDbLine
 10
-70.99999999989814
 20
100.8278262750747
 30
0.0
 11
-69.99999999989814
 21
101.8278262750892
 31
0.0
  0
LINE
  5
178
330
31
100
AcDbEntity
  8
00
 62
74
370
5
100
AcDbLine
 10
-70.99999999989814
 20
98.82782627508925
 30
0.0
 11
-69.99999999989814
 21
99.82782627508925
 31
0.0
  0
LINE
  5
179
330
31
100
AcDbEntity
  8
0
 62
74
370
5
100
AcDbLine
 10
-69.99999999989814
 20
95.82782627508924
 30
0.0
 11
-70.99999999989814
 21
96.82782627507471
 31
0.0
  0
LINE
  5
17A
330
31
100
AcDbEntity
  8
00
 62
74
370
5
100
AcDbLine
 10
-70.99999999989814
 20
98.82782627508925
 30
0.0
 11
-69.99999999989814
 21
99.82782627508925
 31
0.0
  0
ARC
  5
17B
330
31
100
AcDbEntity
  8
00
 62
74
370
5
100
AcDbCircle
 10
-72.87499999989814
 20
93.05754552045902
 30
0.0
 40
2.773099431950017
100
AcDbArc
 50
18.8097763490431
 51
161.1902236509568
  0
LINE
  5
17C
330
31
100
AcDbEntity
  8
0
 62
74
370
5
100
AcDbLine
 10
-69.99999999989814
 20
95.82782627508924
 30
0.0
 11
-69.99999999989814
 21
94.14860629082898
 31
0.0
  0
LINE
  5
17D
330
31
100
AcDbEntity
  8
0
 62
74
370
5
100
AcDbLine
 10
-70.9857734094694
 20
98.81359968467505
 30
0.0
 11
-70.99999999989814
 21
98.82782627508925
 31
0.0
  0
LINE
  5
17E
330
31
100
AcDbEntity
  8
0
 62
74
370
5
100
AcDbLine
 10
-70.9857734094694
 20
98.81359968467505
 30
0.0
 11
-70.99999999989814
 21
98.82782627508925
 31
0.0
  0
LINE
  5
17F
330
31
100
AcDbEntity
  8
0
 62
74
370
5
100
AcDbLine
 10
-69.99999999989814
 20
101.8278262750892
 30
0.0
 11
-69.99999999989814
 21
102.2631367732312
 31
0.0
  0
LINE
  5
180
330
31
100
AcDbEntity
  8
0
 62
74
370
5
100
AcDbLine
 10
-72.74999999998545
 20
98.81359968467505
 30
0.0
 11
-57.24999999998544
 21
98.81359968467505
 31
0.0
  0
LINE
  5
181
330
31
100
AcDbEntity
  8
0
 62
74
370
5
100
AcDbLine
 10
-57.24999999998544
 20
96.81359968466052
 30
0.0
 11
-72.74999999998545
 21
96.81359968466052
 31
0.0
  0
HATCH
  5
182
330
31
100
AcDbEntity
  8
0
 62
74
370
5
100
AcDbHatch
 10
0.0
 20
0.0
 30
0.0
210
0.0
220
0.0
230
1.0
  2
ANSI31
 70
0
 71
0
 91
1
 92
7
 72
1
 73
1
 93
10
 10
-55.43971992078877
 20
98.31359968467507
 42
0.0
 10
-57.24999999998544
 20
98.81359968467505
 42
0.0
 10
-59.49999999989813
 20
98.81359968467505
 42
0.0
 10
-72.74999999998545
 20
98.81359968467505
 42
0.0
 10
-74.69669163347862
 20
98.2894090979745
 42
0.7279374760151648
 10
-74.69669163347862
 20
97.33779027131744
 42
0.0
 10
-72.74999999998545
 20
96.81359968466052
 42
0.0
 10
-70.49999999998543
 20
96.81359968466052
 42
0.0
 10
-57.24999999998544
 20
96.81359968466052
 42
0.0
 10
-55.43971992078877
 20
97.31359968467508
 42
1.0
 97
0
 75
0
 76
1
 52
0.0
 41
20.0
 77
0
 78
1
 53
45.0
 43
-1139.04052998159
 44
-878.4218012849532
 45
-1.767766952966368
 46
1.767766952966368
 79
0
 47
0.1260975072300712
 98
1
 10
-63.66908764136315
 20
97.483545778122
  0
LINE
  5
183
330
31
100
AcDbEntity
  8
0
 62
74
370
5
100
AcDbLine
 10
-59.99999999989814
 20
101.8278262750892
 30
0.0
 11
-69.99999999989814
 21
101.8278262750892
 31
0.0
  0
LINE
  5
184
330
31
100
AcDbEntity
  8
0
 62
74
370
5
100
AcDbLine
 10
-59.99999999989814
 20
99.82782627508925
 30
0.0
 11
-69.99999999989814
 21
99.82782627508925
 31
0.0
  0
LINE
  5
185
330
31
100
AcDbEntity
  8
00
 62
74
370
5
100
AcDbLine
 10
-69.99999999989814
 20
101.8278262750892
 30
0.0
 11
-59.99999999989814
 21
101.8278262750892
 31
0.0
  0
LINE
  5
186
330
31
100
AcDbEntity
  8
0
 62
74
370
5
100
AcDbLine
 10
-59.99999999989814
 20
95.82782627508924
 30
0.0
 11
-69.99999999989814
 21
95.82782627508924
 31
0.0
  0
LINE
  5
187
330
31
100
AcDbEntity
  8
00
 62
74
370
5
100
AcDbLine
 10
-69.99999999989814
 20
99.82782627508925
 30
0.0
 11
-59.99999999989814
 21
99.82782627508925
 31
0.0
  0
LINE
  5
188
330
31
100
AcDbEntity
  8
00
 62
74
370
5
100
AcDbLine
 10
-69.99999999989814
 20
95.82782627508924
 30
0.0
 11
-59.99999999989814
 21
95.82782627508924
 31
0.0
  0
LINE
  5
189
330
31
100
AcDbEntity
  8
0
 62
74
370
5
100
AcDbLine
 10
-59.99999999989814
 20
95.82782627508924
 30
0.0
 11
-69.99999999989814
 21
95.82782627508924
 31
0.0
  0
LINE
  5
18A
330
31
100
AcDbEntity
  8
00
 62
74
370
5
100
AcDbLine
 10
-69.99999999989814
 20
99.82782627508925
 30
0.0
 11
-59.99999999989814
 21
99.82782627508925
 31
0.0
  0
LINE
  5
18B
330
31
100
AcDbEntity
  8
0
 62
74
370
5
100
AcDbLine
 10
-59.99999999989814
 20
116.3361367732351
 30
0.0
 11
-69.99999999989814
 21
116.3361367732351
 31
0.0
  0
LINE
  5
18C
330
31
100
AcDbEntity
  8
0
 62
74
370
5
100
AcDbLine
 10
-59.99999999989814
 20
114.3361367732351
 30
0.0
 11
-69.99999999989814
 21
114.3361367732351
 31
0.0
  0
LINE
  5
18D
330
31
100
AcDbEntity
  8
00
 62
74
370
5
100
AcDbLine
 10
-69.99999999989814
 20
116.3361367732351
 30
0.0
 11
-59.99999999989814
 21
116.3361367732351
 31
0.0
  0
LINE
  5
18E
330
31
100
AcDbEntity
  8
00
 62
74
370
5
100
AcDbLine
 10
-69.99999999989814
 20
112.3361367732351
 30
0.0
 11
-59.99999999989814
 21
112.3361367732351
 31
0.0
  0
LINE
  5
18F
330
31
100
AcDbEntity
  8
0
 62
74
370
5
100
AcDbLine
 10
-59.99999999989814
 20
110.3361367732351
 30
0.0
 11
-69.99999999989814
 21
110.3361367732351
 31
0.0
  0
LINE
  5
190
330
31
100
AcDbEntity
  8
0
 62
74
370
5
100
AcDbLine
 10
-59.99999999989814
 20
112.3361367732351
 30
0.0
 11
-69.99999999989814
 21
112.3361367732351
 31
0.0
  0
LINE
  5
191
330
31
100
AcDbEntity
  8
00
 62
74
370
5
100
AcDbLine
 10
-69.99999999989814
 20
114.3361367732351
 30
0.0
 11
-59.99999999989814
 21
114.3361367732351
 31
0.0
  0
LINE
  5
192
330
31
100
AcDbEntity
  8
0
 62
74
370
5
100
AcDbLine
 10
-59.99999999989814
 20
116.3361367732351
 30
0.0
 11
-69.99999999989814
 21
116.3361367732351
 31
0.0
  0
LINE
  5
193
330
31
100
AcDbEntity
  8
0
 62
74
370
5
100
AcDbLine
 10
-59.99999999989814
 20
114.3361367732351
 30
0.0
 11
-69.99999999989814
 21
114.3361367732351
 31
0.0
  0
LINE
  5
194
330
31
100
AcDbEntity
  8
00
 62
74
370
5
100
AcDbLine
 10
-69.99999999989814
 20
116.3361367732351
 30
0.0
 11
-59.99999999989814
 21
116.3361367732351
 31
0.0
  0
LINE
  5
195
330
31
100
AcDbEntity
  8
00
 62
74
370
5
100
AcDbLine
 10
-56.99999999998545
 20
102.2631367732312
 30
0.0
 11
-72.99999999989814
 21
102.2631367732312
 31
0.0
  0
LINE
  5
196
330
31
100
AcDbEntity
  8
00
 62
74
370
5
100
AcDbLine
 10
-72.99999999989814
 20
95.82782627508924
 30
0.0
 11
-58.98653989298328
 21
95.82782627508924
 31
0.0
  0
ARC
  5
197
330
31
100
AcDbEntity
  8
00
 62
74
370
5
100
AcDbCircle
 10
-64.99999999998545
 20
87.544283911374
 30
0.0
 40
8.283542363731021
100
AcDbArc
 50
50.66993661763213
 51
129.3300633823679
  0
LINE
  5
198
330
31
100
AcDbEntity
  8
00
 62
74
370
5
100
AcDbLine
 10
-56.99999999989813
 20
95.82782627508924
 30
0.0
 11
-72.99999999989814
 21
95.82782627508924
 31
0.0
  0
ARC
  5
199
330
31
100
AcDbEntity
  8
00
 62
74
370
5
100
AcDbCircle
 10
-64.99999999998545
 20
110.5466791369609
 30
0.0
 40
8.283542363731021
100
AcDbArc
 50
230.6699366176321
 51
309.3300633823679
  0
LINE
  5
19A
330
31
100
AcDbEntity
  8
00
 62
74
370
5
100
AcDbLine
 10
-56.99999999989813
 20
110.2631367732311
 30
0.0
 11
-72.99999999989814
 21
110.2631367732311
 31
0.0
  0
ARC
  5
19B
330
31
100
AcDbEntity
  8
00
 62
74
370
5
100
AcDbCircle
 10
-64.99999999998545
 20
101.9795944095013
 30
0.0
 40
8.283542363731021
100
AcDbArc
 50
50.66993661763213
 51
129.3300633823679
  0
LINE
  5
19C
330
31
100
AcDbEntity
  8
00
 62
74
370
5
100
AcDbLine
 10
-72.99999999989814
 20
110.2631367732311
 30
0.0
 11
-58.98653989298328
 21
110.2631367732311
 31
0.0
  0
ARC
  5
19D
330
31
100
AcDbEntity
  8
00
 62
74
370
5
100
AcDbCircle
 10
-57.12499999989813
 20
90.59810702970493
 30
0.0
 40
2.773099431950476
100
AcDbArc
 50
198.8097763490431
 51
341.1902236509569
  0
ARC
  5
19E
330
31
100
AcDbEntity
  8
00
 62
74
370
5
100
AcDbCircle
 10
-57.12499999998545
 20
90.59810702970493
 30
0.0
 40
2.773099431950476
100
AcDbArc
 50
198.8097763490431
 51
341.1902236509569
  0
LINE
  5
19F
330
31
100
AcDbEntity
  8
0
 62
74
370
5
100
AcDbLine
 10
-59.99999999998545
 20
89.50704625936407
 30
0.0
 11
-59.99999999998545
 21
87.8278262750747
 31
0.0
  0
ARC
  5
1A0
330
31
100
AcDbEntity
  8
00
 62
74
370
5
100
AcDbCircle
 10
-72.87499999989814
 20
90.59810702970493
 30
0.0
 40
2.773099431950017
100
AcDbArc
 50
198.8097763490431
 51
341.1902236509569
  0
ARC
  5
1A1
330
31
100
AcDbEntity
  8
00
 62
74
370
5
100
AcDbCircle
 10
-72.87499999998543
 20
90.59810702970493
 30
0.0
 40
2.773099431950017
100
AcDbArc
 50
198.8097763490431
 51
341.1902236509569
  0
LINE
  5
1A2
330
31
100
AcDbEntity
  8
0
 62
74
370
5
100
AcDbLine
 10
-69.99999999989814
 20
89.50704625936407
 30
0.0
 11
-69.99999999989814
 21
87.8278262750747
 31
0.0
  0
LINE
  5
1A3
330
31
100
AcDbEntity
  8
0
 62
74
370
5
100
AcDbLine
 10
-49.99999999998545
 20
87.8278262750747
 30
0.0
 11
-79.99999999998545
 21
87.8278262750747
 31
0.0
  0
LINE
  5
1A4
330
31
100
AcDbEntity
  8
00
 62
74
370
5
100
AcDbLine
 10
-56.99999999998545
 20
87.8278262750747
 30
0.0
 11
-72.99999999989814
 21
87.8278262750747
 31
0.0
  0
ARC
  5
1A5
330
31
100
AcDbEntity
  8
00
 62
74
370
5
100
AcDbCircle
 10
-64.99999999998545
 20
96.11136863881904
 30
0.0
 40
8.283542363731021
100
AcDbArc
 50
230.6699366176321
 51
309.3300633823679
  0
LINE
  5
1A6
330
31
100
AcDbEntity
  8
00
 62
74
370
5
100
AcDbLine
 10
-56.99999999998545
 20
87.8278262750747
 30
0.0
 11
-72.99999999998543
 21
87.8278262750747
 31
0.0
  0
LINE
  5
1A7
330
31
100
AcDbEntity
  8
00
 62
74
370
5
100
AcDbLine
 10
-71.0134601068712
 20
87.8278262750747
 30
0.0
 11
-58.98653989298328
 21
87.8278262750747
 31
0.0
  0
ARC
  5
1A8
330
31
100
AcDbEntity
  8
00
 62
74
370
5
100
AcDbCircle
 10
-64.99999999998545
 20
96.11136863881904
 30
0.0
 40
8.283542363731021
100
AcDbArc
 50
230.6699366176321
 51
309.3300633823679
  0
LINE
  5
1A9
330
31
100
AcDbEntity
  8
0
 62
74
370
5
100
AcDbLine
 10
-75.49999999989814
 20
89.70398429789122
 30
0.0
 11
-75.49999999989814
 21
93.9516682522145
 31
0.0
  0
LINE
  5
1AA
330
31
100
AcDbEntity
  8
00
 62
74
370
5
100
AcDbLine
 10
-75.49999999998543
 20
89.70398429794943
 30
0.0
 11
-75.49999999998543
 21
93.9516682522145
 31
0.0
  0
LINE
  5
1AB
330
31
100
AcDbEntity
  8
00
 62
74
370
5
100
AcDbLine
 10
-70.24999999989814
 20
89.7039842979349
 30
0.0
 11
-70.24999999989814
 21
93.9516682522145
 31
0.0
  0
LINE
  5
1AC
330
31
100
AcDbEntity
  8
00
 62
74
370
5
100
AcDbLine
 10
-75.49999999989814
 20
93.9516682522145
 30
0.0
 11
-75.49999999989814
 21
89.70398429794943
 31
0.0
  0
LINE
  5
1AD
330
31
100
AcDbEntity
  8
00
 62
74
370
5
100
AcDbLine
 10
-54.49999999998545
 20
89.7039842979349
 30
0.0
 11
-54.49999999998545
 21
93.95166825225817
 31
0.0
  0
LINE
  5
1AE
330
31
100
AcDbEntity
  8
0
 62
74
370
5
100
AcDbLine
 10
-54.49999999989813
 20
89.70398429797854
 30
0.0
 11
-54.49999999989813
 21
93.95166825222906
 31
0.0
  0
LINE
  5
1AF
330
31
100
AcDbEntity
  8
00
 62
74
370
5
100
AcDbLine
 10
-59.74999999998544
 20
89.7039842979349
 30
0.0
 11
-59.74999999998544
 21
93.9516682522145
 31
0.0
  0
LINE
  5
1B0
330
31
100
AcDbEntity
  8
00
 62
74
370
5
100
AcDbLine
 10
-54.49999999989813
 20
93.95166825222906
 30
0.0
 11
-54.49999999989813
 21
89.7039842979349
 31
0.0
  0
LINE
  5
1B1
330
31
100
AcDbEntity
  8
0
 62
74
370
5
100
AcDbLine
 10
-69.99999999989814
 20
116.3361367732351
 30
0.0
 11
-70.99999999989814
 21
117.3361367732496
 31
0.0
  0
LINE
  5
1B2
330
31
100
AcDbEntity
  8
0
 62
74
370
5
100
AcDbLine
 10
-69.99999999989814
 20
116.3361367732351
 30
0.0
 11
-70.99999999989814
 21
117.3361367732496
 31
0.0
  0
LINE
  5
1B3
330
31
100
AcDbEntity
  8
0
 62
74
370
5
100
AcDbLine
 10
-59.99999999989814
 20
116.3361367732351
 30
0.0
 11
-58.99999999989813
 21
117.3361367732496
 31
0.0
  0
LINE
  5
1B4
330
31
100
AcDbEntity
  8
0
 62
74
370
5
100
AcDbLine
 10
-59.99999999989814
 20
116.3361367732351
 30
0.0
 11
-58.99999999989813
 21
117.3361367732496
 31
0.0
  0
ARC
  5
1B5
330
31
100
AcDbEntity
  8
0
 62
74
100
AcDbCircle
 10
90.00000000001454
 20
47.33613677323512
 30
0.0
 40
10.0
100
AcDbArc
 50
0.0
 51
90.0
  0
LINE
  5
1B6
330
31
100
AcDbEntity
  8
0
 62
74
370
5
100
AcDbLine
 10
65.00000000001455
 20
57.33613677323512
 30
0.0
 11
80.00000000001454
 21
57.33613677323512
 31
0.0
  0
LINE
  5
1B7
330
31
100
AcDbEntity
  8
0
 62
74
370
5
100
AcDbLine
 10
65.00000000001455
 20
57.33613677323512
 30
0.0
 11
80.00000000001454
 21
57.33613677323512
 31
0.0
  0
LINE
  5
1B8
330
31
100
AcDbEntity
  8
0
 62
74
370
5
100
AcDbLine
 10
65.00000000001455
 20
57.33613677323512
 30
0.0
 11
80.00000000001454
 21
57.33613677323512
 31
0.0
  0
LINE
  5
1B9
330
31
100
AcDbEntity
  8
0
 62
74
370
5
100
AcDbLine
 10
1.45519e-11
 20
57.33613677323512
 30
0.0
 11
15.00000000001455
 21
57.33613677323512
 31
0.0
  0
LINE
  5
1BA
330
31
100
AcDbEntity
  8
0
 62
74
370
5
100
AcDbLine
 10
1.45519e-11
 20
57.33613677323512
 30
0.0
 11
15.00000000001455
 21
57.33613677323512
 31
0.0
  0
LINE
  5
1BB
330
31
100
AcDbEntity
  8
0
 62
74
370
5
100
AcDbLine
 10
1.45519e-11
 20
57.33613677323512
 30
0.0
 11
15.00000000001455
 21
57.33613677323512
 31
0.0
  0
LINE
  5
1BC
330
31
100
AcDbEntity
  8
0
 62
74
370
5
100
AcDbLine
 10
-64.99999999998545
 20
57.33613677323512
 30
0.0
 11
-49.99999999998545
 21
57.33613677323512
 31
0.0
  0
LINE
  5
1BD
330
31
100
AcDbEntity
  8
0
 62
74
370
5
100
AcDbLine
 10
15.00000000001455
 20
57.33613677323512
 30
0.0
 11
15.00000000001455
 21
87.8278262750747
 31
0.0
  0
LINE
  5
1BE
330
31
100
AcDbEntity
  8
0
 62
74
370
5
100
AcDbLine
 10
-14.99999999998545
 20
87.8278262750747
 30
0.0
 11
-14.99999999998545
 21
57.33613677323512
 31
0.0
  0
LINE
  5
1BF
330
31
100
AcDbEntity
  8
0
 62
74
370
5
100
AcDbLine
 10
15.00000000001455
 20
57.33613677323512
 30
0.0
 11
15.00000000001455
 21
85.82782627507468
 31
0.0
  0
LINE
  5
1C0
330
31
100
AcDbEntity
  8
0
 62
74
370
5
100
AcDbLine
 10
80.00000000001454
 20
57.33613677323512
 30
0.0
 11
80.00000000001454
 21
85.82782627507468
 31
0.0
  0
LINE
  5
1C1
330
31
100
AcDbEntity
  8
0
 62
74
370
5
100
AcDbLine
 10
50.00000000001455
 20
87.8278262750747
 30
0.0
 11
50.00000000001455
 21
57.33613677323512
 31
0.0
  0
LINE
  5
1C2
330
31
100
AcDbEntity
  8
0
 62
74
370
5
100
AcDbLine
 10
80.00000000001454
 20
57.33613677323512
 30
0.0
 11
80.00000000001454
 21
87.8278262750747
 31
0.0
  0
LINE
  5
1C3
330
31
100
AcDbEntity
  8
0
 62
74
370
5
100
AcDbLine
 10
-49.99999999998545
 20
57.33613677323512
 30
0.0
 11
-49.99999999998545
 21
85.82782627507468
 31
0.0
  0
LINE
  5
1C4
330
31
100
AcDbEntity
  8
0
 62
74
370
5
100
AcDbLine
 10
-79.99999999998545
 20
87.8278262750747
 30
0.0
 11
-79.99999999998545
 21
57.33613677323512
 31
0.0
  0
LINE
  5
1C5
330
31
100
AcDbEntity
  8
0
 62
74
370
5
100
AcDbLine
 10
-49.99999999998545
 20
57.33613677323512
 30
0.0
 11
-49.99999999998545
 21
87.8278262750747
 31
0.0
  0
LINE
  5
1C6
330
31
100
AcDbEntity
  8
0
 62
74
370
5
100
AcDbLine
 10
-14.99999999998545
 20
87.8278262750747
 30
0.0
 11
-14.99999999998545
 21
57.33613677323512
 31
0.0
  0
LINE
  5
1C7
330
31
100
AcDbEntity
  8
0
 62
74
370
5
100
AcDbLine
 10
15.00000000001455
 20
57.33613677323512
 30
0.0
 11
15.00000000001455
 21
87.8278262750747
 31
0.0
  0
LINE
  5
1C8
330
31
100
AcDbEntity
  8
0
 62
74
370
5
100
AcDbLine
 10
15.00000000001455
 20
57.33613677323512
 30
0.0
 11
15.00000000001455
 21
85.82782627507468
 31
0.0
  0
LINE
  5
1C9
330
31
100
AcDbEntity
  8
0
 62
74
370
5
100
AcDbLine
 10
50.00000000001455
 20
87.8278262750747
 30
0.0
 11
50.00000000001455
 21
57.33613677323512
 31
0.0
  0
LINE
  5
1CA
330
31
100
AcDbEntity
  8
0
 62
74
370
5
100
AcDbLine
 10
80.00000000001454
 20
57.33613677323512
 30
0.0
 11
80.00000000001454
 21
87.8278262750747
 31
0.0
  0
LINE
  5
1CB
330
31
100
AcDbEntity
  8
0
 62
74
370
5
100
AcDbLine
 10
80.00000000001454
 20
57.33613677323512
 30
0.0
 11
80.00000000001454
 21
85.82782627507468
 31
0.0
  0
LINE
  5
1CC
330
31
100
AcDbEntity
  8
0
 62
74
370
5
100
AcDbLine
 10
15.00000000001455
 20
57.33613677323512
 30
0.0
 11
15.00000000001455
 21
87.8278262750747
 31
0.0
  0
LINE
  5
1CD
330
31
100
AcDbEntity
  8
0
 62
74
370
5
100
AcDbLine
 10
-14.99999999998545
 20
87.8278262750747
 30
0.0
 11
-14.99999999998545
 21
57.33613677323512
 31
0.0
  0
LINE
  5
1CE
330
31
100
AcDbEntity
  8
0
 62
74
370
5
100
AcDbLine
 10
15.00000000001455
 20
57.33613677323512
 30
0.0
 11
15.00000000001455
 21
85.82782627507468
 31
0.0
  0
LINE
  5
1CF
330
31
100
AcDbEntity
  8
0
 62
74
370
5
100
AcDbLine
 10
80.00000000001454
 20
57.33613677323512
 30
0.0
 11
80.00000000001454
 21
87.8278262750747
 31
0.0
  0
LINE
  5
1D0
330
31
100
AcDbEntity
  8
0
 62
74
370
5
100
AcDbLine
 10
50.00000000001455
 20
87.8278262750747
 30
0.0
 11
50.00000000001455
 21
57.33613677323512
 31
0.0
  0
LINE
  5
1D1
330
31
100
AcDbEntity
  8
0
 62
74
370
5
100
AcDbLine
 10
80.00000000001454
 20
57.33613677323512
 30
0.0
 11
80.00000000001454
 21
85.82782627507468
 31
0.0
  0
LWPOLYLINE
  5
1D2
330
31
100
AcDbEntity
  8
0
 62
74
100
AcDbPolyline
 90
7
 70
0
 10
70.00000000001455
 20
-140.6638635545904
 10
70.00000000001455
 20
-172.6638635545904
 10
125.0000000000145
 20
-172.6638635545904
 10
125.0000000000145
 20
-170.6638635545904
 10
100.0000000000145
 20
-170.6638635545904
 10
100.0000000000145
 20
-140.6638635545904
 10
70.00000000001455
 20
-140.6638635545904
  0
LWPOLYLINE
  5
1D3
330
31
100
AcDbEntity
  8
0
 62
74
100
AcDbPolyline
 90
7
 70
0
 10
-69.99999999998545
 20
-140.6638635545904
 10
-69.99999999998545
 20
-172.6638635545904
 10
-124.9999999999854
 20
-172.6638635545904
 10
-124.9999999999854
 20
-170.6638635545904
 10
-99.99999999998545
 20
-170.6638635545904
 10
-99.99999999998545
 20
-140.6638635545904
 10
-69.99999999998545
 20
-140.6638635545904
  0
LINE
  5
1D4
330
31
100
AcDbEntity
  8
0
 62
74
370
5
100
AcDbLine
 10
0.0
 20
-38.98164632121268
 30
0.0
 11
13.19999999999709
 21
-38.98164632121268
 31
0.0
  0
LINE
  5
1D5
330
31
100
AcDbEntity
  8
0
 62
74
370
5
100
AcDbLine
 10
0.0
 20
-38.98164632121268
 30
0.0
 11
13.19999999999709
 21
-38.98164632121268
 31
0.0
  0
LINE
  5
1D6
330
31
100
AcDbEntity
  8
0
 62
74
370
5
100
AcDbLine
 10
0.0
 20
-38.98164632121268
 30
0.0
 11
13.19999999999709
 21
-38.98164632121268
 31
0.0
  0
LWPOLYLINE
  5
1D7
330
31
100
AcDbEntity
  8
0
 62
150
100
AcDbPolyline
 90
8
 70
1
 10
-31.70815999999468
 20
-38.98164632121268
 10
31.70816000000923
 20
-38.98164632121268
 42
-0.4142135623730951
 10
32.38400000000547
 20
-39.65748632120892
 10
32.38400000000547
 20
-86.48861930942155
 42
-0.4142135623730951
 10
31.70816000000923
 20
-87.16445930941778
 10
-31.70815999999468
 20
-87.16445930941778
 42
-0.4142135623730951
 10
-32.38399999999092
 20
-86.48861930942155
 10
-32.38399999999092
 20
-39.65748632120892
 42
-0.4142135623730951
  0
INSERT
  5
1D8
330
31
100
AcDbEntity
  8
0
100
AcDbBlockReference
  2
Nuintek
 10
-23.88748687393672
 20
-83.81420809181225
 30
0.0
 41
0.9316960616124561
 42
0.9316960616124561
 43
0.9316960616124561
  0
TEXT
  5
1DA
330
31
100
AcDbEntity
  8
0
100
AcDbText
 10
-17.97140340954857
 20
-43.31012836551941
 30
0.0
 40
2.2528
  1
Shunt PowerSH Capacitor
  7
Helvetica-Narrow
 72
1
 11
0.3325965904514305
 21
-42.18372836551941
 31
0.0
100
AcDbText
 73
2
  0
TEXT
  5
1DB
330
31
100
AcDbEntity
  8
0
100
AcDbText
 10
-2.178606396366376
 20
-81.64281974305236
 30
0.0
 40
1.6896
  1
NUINTEK CO., LTD.
  7
Helvetica-Narrow
 11
-2.178606396366376
 21
-80.79801974305235
 31
0.0
100
AcDbText
 73
2
  0
TEXT
  5
1DC
330
31
100
AcDbEntity
  8
0
100
AcDbText
 10
-2.178606396366376
 20
-84.47714566979452
 30
0.0
 40
1.6896
  1
Made in KOREA
  7
Helvetica-Narrow
 11
-2.178606396366376
 21
-83.63234566979452
 31
0.0
100
AcDbText
 73
2
  0
LINE
  5
1DD
330
31
100
AcDbEntity
  8
0
370
9
100
AcDbLine
 10
-32.38399999999092
 20
-48.39077415928557
 30
0.0
 11
32.38400000000547
 21
-48.39077415928557
 31
0.0
  0
LINE
  5
1DE
330
31
100
AcDbEntity
  8
0
370
9
100
AcDbLine
 10
-32.38399999999092
 20
-52.61477415928755
 30
0.0
 11
32.38400000000547
 21
-52.61477415928755
 31
0.0
  0
LINE
  5
1DF
330
31
100
AcDbEntity
  8
0
370
9
100
AcDbLine
 10
-32.38399999999092
 20
-56.83877415928953
 30
0.0
 11
32.38400000000547
 21
-56.83877415928953
 31
0.0
  0
LINE
  5
1E0
330
31
100
AcDbEntity
  8
0
370
9
100
AcDbLine
 10
-32.38399999999092
 20
-61.06277415928423
 30
0.0
 11
32.38400000000547
 21
-61.06277415928423
 31
0.0
  0
LINE
  5
1E1
330
31
100
AcDbEntity
  8
0
370
9
100
AcDbLine
 10
-32.38399999999092
 20
-65.28677415928621
 30
0.0
 11
32.38400000000547
 21
-65.28677415928621
 31
0.0
  0
LINE
  5
1E2
330
31
100
AcDbEntity
  8
0
370
9
100
AcDbLine
 10
-32.38399999999092
 20
-69.51077415929547
 30
0.0
 11
32.38400000000547
 21
-69.51077415929547
 31
0.0
  0
LINE
  5
1E3
330
31
100
AcDbEntity
  8
0
370
9
100
AcDbLine
 10
-32.38399999999092
 20
-73.73477415929015
 30
0.0
 11
32.38400000000547
 21
-73.73477415929015
 31
0.0
  0
LINE
  5
1E4
330
31
100
AcDbEntity
  8
0
370
9
100
AcDbLine
 10
-32.38399999999092
 20
-77.95877415929215
 30
0.0
 11
32.38400000000547
 21
-77.95877415929215
 31
0.0
  0
LINE
  5
1E5
330
31
100
AcDbEntity
  8
0
370
9
100
AcDbLine
 10
-19.05416359743685
 20
-48.39077415928557
 30
0.0
 11
-19.05416359743685
 21
-73.73477415929015
 31
0.0
  0
LINE
  5
1E6
330
31
100
AcDbEntity
  8
0
370
9
100
AcDbLine
 10
1.45519e-11
 20
-48.39077415928557
 30
0.0
 11
1.45519e-11
 21
-77.95877415929215
 31
0.0
  0
LINE
  5
1E7
330
31
100
AcDbEntity
  8
0
370
9
100
AcDbLine
 10
13.32983640256862
 20
-48.39077415928557
 30
0.0
 11
13.32983640256862
 21
-73.73477415929015
 31
0.0
  0
TEXT
  5
1E8
330
31
100
AcDbEntity
  8
0
100
AcDbText
 10
-30.16015979747264
 20
-50.97447726289495
 30
0.0
 40
1.1264
  1
Type
  7
Helvetica-Narrow
 72
1
 11
-28.46596849312482
 21
-50.41127726289494
 31
0.0
100
AcDbText
 73
2
  0
TEXT
  5
1E9
330
31
100
AcDbEntity
  8
0
100
AcDbText
 10
-29.46955110182047
 20
-55.19847726288965
 30
0.0
 40
1.1264
  1
Un
  7
Helvetica-Narrow
 72
1
 11
-28.46596849312482
 21
-54.63527726288964
 31
0.0
100
AcDbText
 73
2
  0
TEXT
  5
1EA
330
31
100
AcDbEntity
  8
0
100
AcDbText
 10
-29.13055979747264
 20
-59.4224772628989
 30
0.0
 40
1.1264
  1
In
  7
Helvetica-Narrow
 72
1
 11
-28.46596849312482
 21
-58.8592772628989
 31
0.0
100
AcDbText
 73
2
  0
TEXT
  5
1EB
330
31
100
AcDbEntity
  8
0
100
AcDbText
 10
-29.30962066703786
 20
-63.64647726290088
 30
0.0
 40
1.1264
  1
Fn
  7
Helvetica-Narrow
 72
1
 11
-28.46596849312482
 21
-63.08327726290087
 31
0.0
100
AcDbText
 73
2
  0
TEXT
  5
1EC
330
31
100
AcDbEntity
  8
0
100
AcDbText
 10
-31.32070713726466
 20
-67.87047726289558
 30
0.0
 40
1.1264
  1
Connection
  7
Helvetica-Narrow
 72
1
 11
-27.27270713726466
 21
-67.30727726289558
 31
0.0
100
AcDbText
 73
2
  0
TEXT
  5
1ED
330
31
100
AcDbEntity
  8
0
100
AcDbText
 10
-30.9261424061683
 20
-72.09447726289027
 30
0.0
 40
1.1264
  1
Lot No
  7
Helvetica-Narrow
 72
1
 11
-28.46596849312482
 21
-71.53127726289028
 31
0.0
100
AcDbText
 73
2
  0
TEXT
  5
1EE
330
31
100
AcDbEntity
  8
0
100
AcDbText
 10
-29.69969403705211
 20
-76.31847726288498
 30
0.0
 40
1.1264
  1
Internal Protection
  7
Helvetica-Narrow
 72
1
 11
-23.10084186313907
 21
-75.75527726288497
 31
0.0
100
AcDbText
 73
2
  0
TEXT
  5
1EF
330
31
100
AcDbEntity
  8
0
100
AcDbText
 10
2.967631506880652
 20
-50.97447726289495
 30
0.0
 40
1.1264
  1
Cn
  7
Helvetica-Narrow
 72
1
 11
3.918031506880652
 21
-50.41127726289494
 31
0.0
100
AcDbText
 73
2
  0
TEXT
  5
1F0
330
31
100
AcDbEntity
  8
0
100
AcDbText
 10
2.858970637315434
 20
-55.19847726288965
 30
0.0
 40
1.1264
  1
Qn
  7
Helvetica-Narrow
 72
1
 11
3.918031506880652
 21
-54.63527726288964
 31
0.0
100
AcDbText
 73
2
  0
TEXT
  5
1F1
330
31
100
AcDbEntity
  8
0
100
AcDbText
 10
1.851179332967608
 20
-59.4224772628989
 30
0.0
 40
1.1264
  1
Phase
  7
Helvetica-Narrow
 72
1
 11
3.918031506880652
 21
-58.8592772628989
 31
0.0
100
AcDbText
 73
2
  0
TEXT
  5
1F2
330
31
100
AcDbEntity
  8
0
100
AcDbText
 10
1.282095368072081
 20
-63.62263013872474
 30
0.0
 40
0.9011200000000004
  1
Discharge Device
  7
Helvetica-Narrow
 72
1
 11
6.173977107202517
 21
-63.17207013872473
 31
0.0
100
AcDbText
 73
2
  0
TEXT
  5
1F3
330
31
100
AcDbEntity
  8
0
100
AcDbText
 10
2.308216972872131
 20
-76.31847726288498
 30
0.0
 40
1.1264
  1
Overpressune Interrupter
  7
Helvetica-Narrow
 72
1
 11
11.23715610330691
 21
-75.75527726288497
 31
0.0
100
AcDbText
 73
2
  0
TEXT
  5
1F4
330
31
100
AcDbEntity
  8
0
100
AcDbText
 10
1.767855368072081
 20
-67.84663013873399
 30
0.0
 40
0.9011200000000004
  1
Insulation Level
  7
Helvetica-Narrow
 72
1
 11
6.173977107202517
 21
-67.39607013873399
 31
0.0
100
AcDbText
 73
2
  0
TEXT
  5
1F5
330
31
100
AcDbEntity
  8
0
100
AcDbText
 10
1.946610150680776
 20
-72.07063013872867
 30
0.0
 40
0.9011200000000004
  1
Ambient Temp
  7
Helvetica-Narrow
 72
1
 11
6.173977107202517
 21
-71.62007013872869
 31
0.0
100
AcDbText
 73
2
  0
TEXT
  5
1F6
330
31
100
AcDbEntity
  8
0
100
AcDbText
 10
22.40528207007218
 20
-47.65847749224878
 30
0.0
 40
1.1264
  1
Non PCB
  7
Helvetica-Narrow
 72
1
 11
25.60465598311566
 21
-47.09527749224878
 31
0.0
100
AcDbText
 73
2
  0
TEXT
  5
1F7
330
31
100
AcDbEntity
  8
0
100
AcDbText
 10
-16.83032339490402
 20
-50.97447726289495
 30
0.0
 40
1.1264
  1
Type
  7
Helvetica-Narrow
 72
1
 11
-15.1361320905562
 21
-50.41127726289494
 31
0.0
100
AcDbText
 73
2
  0
TEXT
  5
1F8
330
31
100
AcDbEntity
  8
0
 62
1
100
AcDbText
 10
-16.12952845830645
 20
-55.16558414594721
 30
0.0
 40
1.1264
  1
415 VAC
  7
Helvetica-Narrow
 72
1
 11
-13.04914584961079
 21
-54.60238414594721
 31
0.0
100
AcDbText
 73
2
  0
TEXT
  5
1F9
330
31
100
AcDbEntity
  8
0
100
AcDbText
 10
-15.30653715395862
 20
-59.38958414594192
 30
0.0
 40
1.1264
  1
55.6 A
  7
Helvetica-Narrow
 72
1
 11
-13.04914584961079
 21
-58.82638414594191
 31
0.0
100
AcDbText
 73
2
  0
TEXT
  5
1FA
330
31
100
AcDbEntity
  8
0
100
AcDbText
 10
-15.7311221653131
 20
-63.64647726290088
 30
0.0
 40
1.1264
  1
50 Hz
  7
Helvetica-Narrow
 72
1
 11
-13.66273955661745
 21
-63.08327726290087
 31
0.0
100
AcDbText
 73
2
  0
TEXT
  5
1FB
330
31
100
AcDbEntity
  8
0
100
AcDbText
 10
-9.53068996635159
 20
-67.87047726289558
 30
0.0
 40
1.1264
  1
Delta
  7
Helvetica-Narrow
 72
1
 11
-7.678863879395066
 21
-67.30727726289558
 31
0.0
100
AcDbText
 73
2
  0
TEXT
  5
1FC
330
31
100
AcDbEntity
  8
0
100
AcDbText
 10
-16.79860820639386
 20
-72.09447726289027
 30
0.0
 40
1.1264
  1
1222122
  7
Helvetica-Narrow
 72
1
 11
-13.77752994552429
 21
-71.53127726289028
 31
0.0
100
AcDbText
 73
2
  0
LWPOLYLINE
  5
1FD
330
31
100
AcDbEntity
  8
0
370
9
100
AcDbPolyline
 90
4
 70
0
 10
-16.49859912099782
 20
-67.871176923495
 10
-14.78195357674849
 20
-67.871176923495
 10
-15.68957312112616
 20
-66.51045573895033
 10
-16.49859912099782
 20
-67.871176923495
  0
LINE
  5
1FE
330
31
100
AcDbEntity
  8
0
370
9
100
AcDbLine
 10
-13.55860071719507
 20
-67.10208475311163
 30
0.0
 11
-12.43390639458084
 21
-67.10208475311163
 31
0.0
  0
LINE
  5
1FF
330
31
100
AcDbEntity
  8
0
370
9
100
AcDbLine
 10
-13.55860071719507
 20
-67.82177337793189
 30
0.0
 11
-12.43390639458084
 21
-67.82177337793189
 31
0.0
  0
TEXT
  5
200
330
31
100
AcDbEntity
  8
0
100
AcDbText
 10
16.77921498060702
 20
-50.97447726289495
 30
0.0
 40
1.1264
  1
184.82
  7
Helvetica-Narrow
 72
1
 11
19.10853671973746
 21
-50.41127726289494
 31
0.0
100
AcDbText
 73
2
  0
TEXT
  5
201
330
31
100
AcDbEntity
  8
0
 62
1
100
AcDbText
 10
16.72087154169902
 20
-55.16558414594721
 30
0.0
 40
1.1264
  1
40 KVA
  7
Helvetica-Narrow
 72
1
 11
19.33485415039467
 21
-54.60238414594721
 31
0.0
100
AcDbText
 73
2
  0
TEXT
  5
202
330
31
100
AcDbEntity
  8
0
100
AcDbText
 10
17.23426546226367
 20
-59.38958414594192
 30
0.0
 40
1.1264
  1
3
  7
Helvetica-Narrow
 72
1
 11
17.66584807095933
 21
-58.82638414594191
 31
0.0
100
AcDbText
 73
2
  0
TEXT
  5
203
330
31
100
AcDbEntity
  8
0
100
AcDbText
 10
17.47393236976751
 20
-67.87047726289558
 30
0.0
 40
1.1264
  1
3/8 KV
  7
Helvetica-Narrow
 72
1
 11
19.88245410889794
 21
-67.30727726289558
 31
0.0
100
AcDbText
 73
2
  0
TEXT
  5
204
330
31
100
AcDbEntity
  8
0
100
AcDbText
 10
16.9716886309205
 20
-72.09447726289027
 30
0.0
 40
1.1264
  1
-25/55
  7
Helvetica-Narrow
 72
1
 11
19.32970602222485
 21
-71.53127726289028
 31
0.0
100
AcDbText
 73
2
  0
CIRCLE
  5
205
330
31
100
AcDbEntity
  8
0
370
9
100
AcDbCircle
 10
20.49191797869571
 20
-58.85530130801715
 30
0.0
 40
0.4752897764416412
  0
LINE
  5
206
330
31
100
AcDbEntity
  8
0
370
9
100
AcDbLine
 10
19.91472004288516
 20
-59.61877290695054
 30
0.0
 11
21.01816183481424
 21
-58.14270226763699
 31
0.0
  0
LWPOLYLINE
  5
207
330
31
100
AcDbEntity
  8
0
370
9
100
AcDbPolyline
 90
4
 70
1
 10
18.65120185010892
 20
-63.38391707034396
 10
22.1876359545131
 20
-63.38391707034396
 10
22.1876359545131
 20
-62.53073987383766
 10
18.65120185010892
 20
-62.53073987383766
  0
LINE
  5
208
330
31
100
AcDbEntity
  8
0
370
9
100
AcDbLine
 10
22.1876359545131
 20
-62.95732847208353
 30
0.0
 11
23.25364209603868
 21
-62.95732847208353
 31
0.0
  0
LINE
  5
209
330
31
100
AcDbEntity
  8
0
370
9
100
AcDbLine
 10
18.65120185010892
 20
-62.95732847208353
 30
0.0
 11
17.58519570855424
 21
-62.95732847208353
 31
0.0
  0
LWPOLYLINE
  5
20A
330
31
100
AcDbEntity
  8
0
 62
74
 60
1
100
AcDbPolyline
 90
4
 70
1
 10
-99.99999999998545
 20
57.33613677323512
 10
100.0000000000145
 20
57.33613677323512
 10
100.0000000000145
 20
-62.66386322676487
 10
-99.99999999998545
 20
-62.66386322676487
  0
CIRCLE
  5
20B
330
31
100
AcDbEntity
  8
0
 62
74
 60
1
100
AcDbCircle
 10
65.00000000001455
 20
-2.663863226764874
 30
0.0
 40
15.0
  0
LWPOLYLINE
  5
20C
330
31
100
AcDbEntity
  8
0
 62
74
370
5
 60
1
100
AcDbPolyline
 90
6
 70
1
 10
60.76794919246458
 20
4.666263792160975
 10
56.53589838490006
 20
-2.663863226764874
 10
60.76794919247913
 20
-9.993990245683449
 10
69.23205080759362
 20
-9.993990245683449
 10
73.4641016152018
 20
-2.663863226764874
 10
69.23205080759362
 20
4.666263792160975
  0
LWPOLYLINE
  5
20D
330
31
100
AcDbEntity
  8
0
 62
74
370
5
 60
1
100
AcDbPolyline
 90
6
 70
1
 10
59.61324865408824
 20
6.666263792160975
 10
54.22649730816193
 20
-2.663863226764874
 10
59.61324865408824
 20
-11.99399024569072
 10
70.38675134601363
 20
-11.99399024569072
 10
75.77350269193994
 20
-2.663863226764874
 10
70.38675134601363
 20
6.666263792160975
  0
CIRCLE
  5
20E
330
31
100
AcDbEntity
  8
0
 62
74
 60
1
100
AcDbCircle
 10
1.45519e-11
 20
-2.663863226764874
 30
0.0
 40
15.0
  0
LWPOLYLINE
  5
20F
330
31
100
AcDbEntity
  8
0
 62
74
370
5
 60
1
100
AcDbPolyline
 90
6
 70
1
 10
-4.232050807535415
 20
4.666263792160975
 10
-8.464101615099935
 20
-2.663863226764874
 10
-4.232050807520863
 20
-9.993990245683449
 10
4.232050807593623
 20
-9.993990245683449
 10
8.464101615201798
 20
-2.663863226764874
 10
4.232050807593623
 20
4.666263792160975
  0
LWPOLYLINE
  5
210
330
31
100
AcDbEntity
  8
0
 62
74
370
5
 60
1
100
AcDbPolyline
 90
6
 70
1
 10
-5.386751345911761
 20
6.666263792160975
 10
-10.77350269183807
 20
-2.663863226764874
 10
-5.386751345911761
 20
-11.99399024569072
 10
5.386751346013625
 20
-11.99399024569072
 10
10.77350269193994
 20
-2.663863226764874
 10
5.386751346013625
 20
6.666263792160975
  0
CIRCLE
  5
211
330
31
100
AcDbEntity
  8
0
 62
74
 60
1
100
AcDbCircle
 10
-64.99999999998545
 20
-2.663863226764874
 30
0.0
 40
15.0
  0
LWPOLYLINE
  5
212
330
31
100
AcDbEntity
  8
0
 62
74
370
5
 60
1
100
AcDbPolyline
 90
6
 70
1
 10
-69.23205080753542
 20
4.666263792160975
 10
-73.46410161509993
 20
-2.663863226764874
 10
-69.23205080752086
 20
-9.993990245683449
 10
-60.76794919240637
 20
-9.993990245683449
 10
-56.5358983847982
 20
-2.663863226764874
 10
-60.76794919240637
 20
4.666263792160975
  0
LWPOLYLINE
  5
213
330
31
100
AcDbEntity
  8
0
 62
74
370
5
 60
1
100
AcDbPolyline
 90
6
 70
1
 10
-70.38675134591176
 20
6.666263792160975
 10
-75.77350269183808
 20
-2.663863226764874
 10
-70.38675134591176
 20
-11.99399024569072
 10
-59.61324865398637
 20
-11.99399024569072
 10
-54.22649730806006
 20
-2.663863226764874
 10
-59.61324865398637
 20
6.666263792160975
  0
LWPOLYLINE
  5
214
330
31
100
AcDbEntity
  8
0
 62
74
 60
1
100
AcDbPolyline
 90
4
 70
1
 10
100.0000000000145
 20
57.33613677323512
 10
125.0000000000145
 20
57.33613677323512
 10
125.0000000000145
 20
-62.66386322676487
 10
100.0000000000145
 20
-62.66386322676487
  0
LWPOLYLINE
  5
215
330
31
100
AcDbEntity
  8
0
 62
74
 60
1
100
AcDbPolyline
 90
4
 70
1
 10
-99.99999999998545
 20
57.33613677323512
 10
-124.9999999999854
 20
57.33613677323512
 10
-124.9999999999854
 20
-62.66386322676487
 10
-99.99999999998545
 20
-62.66386322676487
  0
LINE
  5
216
330
31
100
AcDbEntity
  8
0
 62
74
 60
1
100
AcDbLine
 10
60.00000000001455
 20
47.33613677323512
 30
0.0
 11
60.00000000001455
 21
-172.6638632267649
 31
0.0
  0
LINE
  5
217
330
31
100
AcDbEntity
  8
0
 62
74
 60
1
100
AcDbLine
 10
-59.99999999998545
 20
-172.6638632267649
 30
0.0
 11
-59.99999999998545
 21
47.33613677323512
 31
0.0
  0
LINE
  5
218
330
31
100
AcDbEntity
  8
0
 62
74
 60
1
100
AcDbLine
 10
60.00000000001455
 20
-172.6638632267649
 30
0.0
 11
-59.99999999998545
 21
-172.6638632267649
 31
0.0
  0
LINE
  5
219
330
31
100
AcDbEntity
  8
0
 62
74
 60
1
100
AcDbLine
 10
-49.99999999998545
 20
57.33613677323512
 30
0.0
 11
50.00000000001455
 21
57.33613677323512
 31
0.0
  0
LINE
  5
21A
330
31
100
AcDbEntity
  8
0
 62
74
 60
1
100
AcDbLine
 10
-49.99999999998545
 20
57.33613677323512
 30
0.0
 11
50.00000000001455
 21
57.33613677323512
 31
0.0
  0
ARC
  5
21B
330
31
100
AcDbEntity
  8
0
 62
74
 60
1
100
AcDbCircle
 10
-49.99999999998545
 20
47.33613677323512
 30
0.0
 40
10.0
100
AcDbArc
 50
90.0
 51
180.0
  0
LINE
  5
21C
330
31
100
AcDbEntity
  8
00
 62
74
370
5
 60
1
100
AcDbLine
 10
-4.999999999898136
 20
122.3361367732351
 30
0.0
 11
5.000000000101863
 21
122.3361367732351
 31
0.0
  0
LINE
  5
21D
330
31
100
AcDbEntity
  8
0
 62
74
370
5
 60
1
100
AcDbLine
 10
5.000000000101863
 20
120.3361367732351
 30
0.0
 11
-4.999999999898136
 21
120.3361367732351
 31
0.0
  0
LINE
  5
21E
330
31
100
AcDbEntity
  8
0
 62
74
370
5
 60
1
100
AcDbLine
 10
5.000000000101863
 20
118.3361367732351
 30
0.0
 11
-4.999999999898136
 21
118.3361367732351
 31
0.0
  0
LINE
  5
21F
330
31
100
AcDbEntity
  8
00
 62
74
370
5
 60
1
100
AcDbLine
 10
-4.999999999898136
 20
120.3361367732351
 30
0.0
 11
5.000000000101863
 21
120.3361367732351
 31
0.0
  0
LINE
  5
220
330
31
100
AcDbEntity
  8
00
 62
74
370
5
 60
1
100
AcDbLine
 10
-4.999999999898136
 20
118.3361367732351
 30
0.0
 11
5.000000000101863
 21
118.3361367732351
 31
0.0
  0
LINE
  5
221
330
31
100
AcDbEntity
  8
00
 62
74
370
5
 60
1
100
AcDbLine
 10
-4.999999999898136
 20
118.3361367732351
 30
0.0
 11
5.000000000101863
 21
118.3361367732351
 31
0.0
  0
LINE
  5
222
330
31
100
AcDbEntity
  8
00
 62
74
370
5
 60
1
100
AcDbLine
 10
-5.999999999898136
 20
121.3361367732497
 30
0.0
 11
-4.999999999898136
 21
122.3361367732351
 31
0.0
  0
LINE
  5
223
330
31
100
AcDbEntity
  8
0
 62
74
370
5
 60
1
100
AcDbLine
 10
-4.999999999898136
 20
120.3361367732351
 30
0.0
 11
-5.999999999898136
 21
121.3361367732497
 31
0.0
  0
LINE
  5
224
330
31
100
AcDbEntity
  8
0
 62
74
370
5
 60
1
100
AcDbLine
 10
-4.999999999898136
 20
118.3361367732351
 30
0.0
 11
-5.999999999898136
 21
119.3361367732205
 31
0.0
  0
LINE
  5
225
330
31
100
AcDbEntity
  8
00
 62
74
370
5
 60
1
100
AcDbLine
 10
-5.999999999898136
 20
119.3361367732205
 30
0.0
 11
-4.999999999898136
 21
120.3361367732351
 31
0.0
  0
LINE
  5
226
330
31
100
AcDbEntity
  8
00
 62
74
370
5
 60
1
100
AcDbLine
 10
-5.999999999898136
 20
117.3361367732496
 30
0.0
 11
-4.999999999898136
 21
118.3361367732351
 31
0.0
  0
LINE
  5
227
330
31
100
AcDbEntity
  8
00
 62
74
370
5
 60
1
100
AcDbLine
 10
-5.999999999898136
 20
117.3361367732496
 30
0.0
 11
-4.999999999898136
 21
118.3361367732351
 31
0.0
  0
LINE
  5
228
330
31
100
AcDbEntity
  8
00
 62
74
370
5
 60
1
100
AcDbLine
 10
6.000000000014551
 20
121.3361367732497
 30
0.0
 11
5.000000000101863
 21
122.3361367732351
 31
0.0
  0
LINE
  5
229
330
31
100
AcDbEntity
  8
0
 62
74
370
5
 60
1
100
AcDbLine
 10
5.000000000101863
 20
120.3361367732351
 30
0.0
 11
6.000000000014551
 21
121.3361367732497
 31
0.0
  0
LINE
  5
22A
330
31
100
AcDbEntity
  8
0
 62
74
370
5
 60
1
100
AcDbLine
 10
5.000000000101863
 20
118.3361367732351
 30
0.0
 11
6.000000000014551
 21
119.3361367732205
 31
0.0
  0
LINE
  5
22B
330
31
100
AcDbEntity
  8
00
 62
74
370
5
 60
1
100
AcDbLine
 10
6.000000000014551
 20
119.3361367732205
 30
0.0
 11
5.000000000101863
 21
120.3361367732351
 31
0.0
  0
LINE
  5
22C
330
31
100
AcDbEntity
  8
00
 62
74
370
5
 60
1
100
AcDbLine
 10
6.000000000014551
 20
117.3361367732496
 30
0.0
 11
5.000000000101863
 21
118.3361367732351
 31
0.0
  0
LINE
  5
22D
330
31
100
AcDbEntity
  8
00
 62
74
370
5
 60
1
100
AcDbLine
 10
6.000000000014551
 20
117.3361367732496
 30
0.0
 11
5.000000000101863
 21
118.3361367732351
 31
0.0
  0
LINE
  5
22E
330
31
100
AcDbEntity
  8
00
 62
74
370
5
 60
1
100
AcDbLine
 10
10.50000000010186
 20
108.386978750371
 30
0.0
 11
10.50000000010186
 21
104.1392947960768
 31
0.0
  0
ARC
  5
22F
330
31
100
AcDbEntity
  8
0
 62
74
370
5
 60
1
100
AcDbCircle
 10
9.560280079211225
 20
97.81359968467507
 30
0.0
 40
0.5
100
AcDbArc
 50
270.0
 51
90.0
  0
LINE
  5
230
330
31
100
AcDbEntity
  8
0
 62
74
370
5
 60
1
100
AcDbLine
 10
5.000000000101863
 20
101.8278262750892
 30
0.0
 11
5.000000000101863
 21
102.2631367732312
 31
0.0
  0
LINE
  5
231
330
31
100
AcDbEntity
  8
0
 62
74
370
5
 60
1
100
AcDbLine
 10
-4.999999999898136
 20
101.8278262750892
 30
0.0
 11
-4.999999999898136
 21
102.2631367732312
 31
0.0
  0
LINE
  5
232
330
31
100
AcDbEntity
  8
00
 62
74
370
5
 60
1
100
AcDbLine
 10
-4.999999999898136
 20
116.3361367732351
 30
0.0
 11
5.000000000101863
 21
116.3361367732351
 31
0.0
  0
LINE
  5
233
330
31
100
AcDbEntity
  8
0
 62
74
370
5
 60
1
100
AcDbLine
 10
5.000000000101863
 20
114.3361367732351
 30
0.0
 11
-4.999999999898136
 21
114.3361367732351
 31
0.0
  0
LINE
  5
234
330
31
100
AcDbEntity
  8
0
 62
74
370
5
 60
1
100
AcDbLine
 10
5.000000000101863
 20
116.3361367732351
 30
0.0
 11
-4.999999999898136
 21
116.3361367732351
 31
0.0
  0
LINE
  5
235
330
31
100
AcDbEntity
  8
00
 62
74
370
5
 60
1
100
AcDbLine
 10
-4.999999999898136
 20
114.3361367732351
 30
0.0
 11
5.000000000101863
 21
114.3361367732351
 31
0.0
  0
LINE
  5
236
330
31
100
AcDbEntity
  8
00
 62
74
370
5
 60
1
100
AcDbLine
 10
-4.999999999898136
 20
116.3361367732351
 30
0.0
 11
5.000000000101863
 21
116.3361367732351
 31
0.0
  0
LINE
  5
237
330
31
100
AcDbEntity
  8
0
 62
74
370
5
 60
1
100
AcDbLine
 10
5.000000000101863
 20
114.3361367732351
 30
0.0
 11
-4.999999999898136
 21
114.3361367732351
 31
0.0
  0
LINE
  5
238
330
31
100
AcDbEntity
  8
0
 62
74
370
5
 60
1
100
AcDbLine
 10
5.000000000101863
 20
116.3361367732351
 30
0.0
 11
-4.999999999898136
 21
116.3361367732351
 31
0.0
  0
LINE
  5
239
330
31
100
AcDbEntity
  8
00
 62
74
370
5
 60
1
100
AcDbLine
 10
-5.999999999898136
 20
115.3361367732205
 30
0.0
 11
-4.999999999898136
 21
116.3361367732351
 31
0.0
  0
LINE
  5
23A
330
31
100
AcDbEntity
  8
0
 62
74
370
5
 60
1
100
AcDbLine
 10
-4.999999999898136
 20
114.3361367732351
 30
0.0
 11
-5.999999999898136
 21
115.3361367732205
 31
0.0
  0
LINE
  5
23B
330
31
100
AcDbEntity
  8
00
 62
74
370
5
 60
1
100
AcDbLine
 10
-5.999999999898136
 20
113.3361367732351
 30
0.0
 11
-4.999999999898136
 21
114.3361367732351
 31
0.0
  0
LINE
  5
23C
330
31
100
AcDbEntity
  8
00
 62
74
370
5
 60
1
100
AcDbLine
 10
-5.999999999898136
 20
115.3361367732205
 30
0.0
 11
-4.999999999898136
 21
116.3361367732351
 31
0.0
  0
LINE
  5
23D
330
31
100
AcDbEntity
  8
0
 62
74
370
5
 60
1
100
AcDbLine
 10
-4.999999999898136
 20
114.3361367732351
 30
0.0
 11
-5.999999999898136
 21
115.3361367732205
 31
0.0
  0
LINE
  5
23E
330
31
100
AcDbEntity
  8
00
 62
74
370
5
 60
1
100
AcDbLine
 10
6.000000000014551
 20
115.3361367732205
 30
0.0
 11
5.000000000101863
 21
116.3361367732351
 31
0.0
  0
LINE
  5
23F
330
31
100
AcDbEntity
  8
0
 62
74
370
5
 60
1
100
AcDbLine
 10
5.000000000101863
 20
114.3361367732351
 30
0.0
 11
6.000000000014551
 21
115.3361367732205
 31
0.0
  0
LINE
  5
240
330
31
100
AcDbEntity
  8
00
 62
74
370
5
 60
1
100
AcDbLine
 10
6.000000000014551
 20
113.3361367732351
 30
0.0
 11
5.000000000101863
 21
114.3361367732351
 31
0.0
  0
LINE
  5
241
330
31
100
AcDbEntity
  8
00
 62
74
370
5
 60
1
100
AcDbLine
 10
6.000000000014551
 20
115.3361367732205
 30
0.0
 11
5.000000000101863
 21
116.3361367732351
 31
0.0
  0
LINE
  5
242
330
31
100
AcDbEntity
  8
0
 62
74
370
5
 60
1
100
AcDbLine
 10
5.000000000101863
 20
114.3361367732351
 30
0.0
 11
6.000000000014551
 21
115.3361367732205
 31
0.0
  0
ARC
  5
243
330
31
100
AcDbEntity
  8
00
 62
74
370
5
 60
1
100
AcDbCircle
 10
1.45519e-11
 20
101.9795944095013
 30
0.0
 40
8.283542363731021
100
AcDbArc
 50
50.66993661762961
 51
129.3300633823704
  0
ARC
  5
244
330
31
100
AcDbEntity
  8
00
 62
74
370
5
 60
1
100
AcDbCircle
 10
-7.874999999898136
 20
107.4928560186009
 30
0.0
 40
2.773099431950017
100
AcDbArc
 50
18.80977634904409
 51
161.1902236509559
  0
ARC
  5
245
330
31
100
AcDbEntity
  8
00
 62
74
370
5
 60
1
100
AcDbCircle
 10
1.45519e-11
 20
110.5466791369609
 30
0.0
 40
8.283542363731021
100
AcDbArc
 50
230.6699366176296
 51
309.3300633823704
  0
LINE
  5
246
330
31
100
AcDbEntity
  8
00
 62
74
370
5
 60
1
100
AcDbLine
 10
8.00000000001455
 20
102.2631367732312
 30
0.0
 11
-7.999999999985448
 21
102.2631367732312
 31
0.0
  0
LINE
  5
247
330
31
100
AcDbEntity
  8
00
 62
74
370
5
 60
1
100
AcDbLine
 10
-5.249999999898136
 20
104.1392947960768
 30
0.0
 11
-5.249999999898136
 21
108.386978750371
 31
0.0
  0
ARC
  5
248
330
31
100
AcDbEntity
  8
00
 62
74
370
5
 60
1
100
AcDbCircle
 10
-7.874999999898136
 20
105.0334175278614
 30
0.0
 40
2.773099431950017
100
AcDbArc
 50
198.8097763490433
 51
341.1902236509559
  0
LINE
  5
249
330
31
100
AcDbEntity
  8
00
 62
74
370
5
 60
1
100
AcDbLine
 10
-10.49999999998544
 20
108.386978750371
 30
0.0
 11
-10.49999999998544
 21
104.1392947961059
 31
0.0
  0
LINE
  5
24A
330
31
100
AcDbEntity
  8
00
 62
74
370
5
 60
1
100
AcDbLine
 10
5.250000000014551
 20
104.1392947960768
 30
0.0
 11
5.250000000014551
 21
108.386978750371
 31
0.0
  0
LINE
  5
24B
330
31
100
AcDbEntity
  8
0
 62
74
370
5
 60
1
100
AcDbLine
 10
5.000000000101863
 20
112.3361367732351
 30
0.0
 11
-4.999999999898136
 21
112.3361367732351
 31
0.0
  0
LINE
  5
24C
330
31
100
AcDbEntity
  8
0
 62
74
370
5
 60
1
100
AcDbLine
 10
5.000000000101863
 20
110.3361367732351
 30
0.0
 11
-4.999999999898136
 21
110.3361367732351
 31
0.0
  0
LINE
  5
24D
330
31
100
AcDbEntity
  8
00
 62
74
370
5
 60
1
100
AcDbLine
 10
-4.999999999898136
 20
112.3361367732351
 30
0.0
 11
5.000000000101863
 21
112.3361367732351
 31
0.0
  0
LINE
  5
24E
330
31
100
AcDbEntity
  8
0
 62
74
370
5
 60
1
100
AcDbLine
 10
-4.999999999898136
 20
110.3361367732351
 30
0.0
 11
-5.999999999898136
 21
111.3361367732206
 31
0.0
  0
LINE
  5
24F
330
31
100
AcDbEntity
  8
00
 62
74
370
5
 60
1
100
AcDbLine
 10
-5.999999999898136
 20
111.3361367732206
 30
0.0
 11
-4.999999999898136
 21
112.3361367732351
 31
0.0
  0
LINE
  5
250
330
31
100
AcDbEntity
  8
0
 62
74
370
5
 60
1
100
AcDbLine
 10
5.000000000101863
 20
110.3361367732351
 30
0.0
 11
6.000000000014551
 21
111.3361367732206
 31
0.0
  0
LINE
  5
251
330
31
100
AcDbEntity
  8
00
 62
74
370
5
 60
1
100
AcDbLine
 10
6.000000000014551
 20
111.3361367732206
 30
0.0
 11
5.000000000101863
 21
112.3361367732351
 31
0.0
  0
LINE
  5
252
330
31
100
AcDbEntity
  8
00
 62
74
370
5
 60
1
100
AcDbLine
 10
-7.999999999985448
 20
110.2631367732311
 30
0.0
 11
6.013460107016726
 21
110.2631367732311
 31
0.0
  0
LINE
  5
253
330
31
100
AcDbEntity
  8
00
 62
74
370
5
 60
1
100
AcDbLine
 10
8.000000000101863
 20
110.2631367732311
 30
0.0
 11
-7.999999999985448
 21
110.2631367732311
 31
0.0
  0
LINE
  5
254
330
31
100
AcDbEntity
  8
00
 62
74
370
5
 60
1
100
AcDbLine
 10
6.000000000014551
 20
110.2631367732311
 30
0.0
 11
6.000000000014551
 21
111.3361367732206
 31
0.0
  0
LINE
  5
255
330
31
100
AcDbEntity
  8
0
 62
74
370
5
 60
1
100
AcDbLine
 10
-4.999999999898136
 20
112.3361367732351
 30
0.0
 11
-5.999999999898136
 21
113.3361367732351
 31
0.0
  0
LINE
  5
256
330
31
100
AcDbEntity
  8
0
 62
74
370
5
 60
1
100
AcDbLine
 10
5.000000000101863
 20
112.3361367732351
 30
0.0
 11
6.000000000014551
 21
113.3361367732351
 31
0.0
  0
LINE
  5
257
330
31
100
AcDbEntity
  8
0
 62
74
370
5
 60
1
100
AcDbLine
 10
5.985773409614921
 20
98.81359968467505
 30
0.0
 11
6.000000000014551
 21
98.82782627508925
 31
0.0
  0
LINE
  5
258
330
31
100
AcDbEntity
  8
0
 62
74
370
5
 60
1
100
AcDbLine
 10
5.985773409614921
 20
98.81359968467505
 30
0.0
 11
6.000000000014551
 21
98.82782627508925
 31
0.0
  0
LINE
  5
259
330
31
100
AcDbEntity
  8
0
 62
74
370
5
 60
1
100
AcDbLine
 10
-5.985773409469402
 20
98.81359968467505
 30
0.0
 11
-5.999999999898136
 21
98.82782627508925
 31
0.0
  0
LINE
  5
25A
330
31
100
AcDbEntity
  8
0
 62
74
370
5
 60
1
100
AcDbLine
 10
-5.985773409469402
 20
98.81359968467505
 30
0.0
 11
-5.999999999898136
 21
98.82782627508925
 31
0.0
  0
LINE
  5
25B
330
31
100
AcDbEntity
  8
0
 62
74
370
5
 60
1
100
AcDbLine
 10
-4.999999999898136
 20
95.82782627508924
 30
0.0
 11
-4.999999999898136
 21
94.14860629082898
 31
0.0
  0
LINE
  5
25C
330
31
100
AcDbEntity
  8
0
 62
74
370
5
 60
1
100
AcDbLine
 10
5.000000000101863
 20
95.82782627508924
 30
0.0
 11
5.000000000101863
 21
94.14860629082898
 31
0.0
  0
LINE
  5
25D
330
31
100
AcDbEntity
  8
0
 62
74
370
5
 60
1
100
AcDbLine
 10
-7.749999999985448
 20
98.81359968467505
 30
0.0
 11
7.750000000014551
 21
98.81359968467505
 31
0.0
  0
LINE
  5
25E
330
31
100
AcDbEntity
  8
0
 62
74
370
5
 60
1
100
AcDbLine
 10
7.750000000014551
 20
96.81359968466052
 30
0.0
 11
-7.749999999985448
 21
96.81359968466052
 31
0.0
  0
LINE
  5
25F
330
31
100
AcDbEntity
  8
0
 62
74
370
5
 60
1
100
AcDbLine
 10
-7.749999999985448
 20
98.81359968467505
 30
0.0
 11
-5.499999999985448
 21
98.81359968467505
 31
0.0
  0
LINE
  5
260
330
31
100
AcDbEntity
  8
0
 62
74
370
5
 60
1
100
AcDbLine
 10
-5.499999999985448
 20
96.81359968466052
 30
0.0
 11
-7.749999999985448
 21
96.81359968466052
 31
0.0
  0
LINE
  5
261
330
31
100
AcDbEntity
  8
0
 62
74
370
5
 60
1
100
AcDbLine
 10
7.750000000014551
 20
98.81359968467505
 30
0.0
 11
5.500000000101863
 21
98.81359968467505
 31
0.0
  0
LINE
  5
262
330
31
100
AcDbEntity
  8
0
 62
74
370
5
 60
1
100
AcDbLine
 10
7.750000000014551
 20
96.81359968466052
 30
0.0
 11
5.500000000101863
 21
96.81359968466052
 31
0.0
  0
ARC
  5
263
330
31
100
AcDbEntity
  8
0
 62
74
370
5
 60
1
100
AcDbCircle
 10
-9.543051136875874
 20
97.81359968467507
 30
0.0
 40
0.5
100
AcDbArc
 50
102.2459918914673
 51
257.7540081085327
  0
LINE
  5
264
330
31
100
AcDbEntity
  8
0
 62
74
370
5
 60
1
100
AcDbLine
 10
-7.749999999985448
 20
98.81359968467505
 30
0.0
 11
-9.64910579168645
 21
98.30222265810073
 31
0.0
  0
LINE
  5
265
330
31
100
AcDbEntity
  8
0
 62
74
370
5
 60
1
100
AcDbLine
 10
-7.749999999985448
 20
96.81359968466052
 30
0.0
 11
-9.64910579168645
 21
97.32497671122032
 31
0.0
  0
LINE
  5
266
330
31
100
AcDbEntity
  8
0
 62
74
370
5
 60
1
100
AcDbLine
 10
5.000000000101863
 20
99.82782627508925
 30
0.0
 11
6.000000000014551
 21
100.8278262750747
 31
0.0
  0
LINE
  5
267
330
31
100
AcDbEntity
  8
00
 62
74
370
5
 60
1
100
AcDbLine
 10
6.000000000014551
 20
100.8278262750747
 30
0.0
 11
5.000000000101863
 21
101.8278262750892
 31
0.0
  0
LINE
  5
268
330
31
100
AcDbEntity
  8
0
 62
74
370
5
 60
1
100
AcDbLine
 10
5.000000000101863
 20
95.82782627508924
 30
0.0
 11
6.000000000014551
 21
96.82782627507471
 31
0.0
  0
LINE
  5
269
330
31
100
AcDbEntity
  8
00
 62
74
370
5
 60
1
100
AcDbLine
 10
6.000000000014551
 20
98.82782627508925
 30
0.0
 11
5.000000000101863
 21
99.82782627508925
 31
0.0
  0
LINE
  5
26A
330
31
100
AcDbEntity
  8
0
 62
74
370
5
 60
1
100
AcDbLine
 10
5.000000000101863
 20
95.82782627508924
 30
0.0
 11
6.000000000014551
 21
96.82782627507471
 31
0.0
  0
LINE
  5
26B
330
31
100
AcDbEntity
  8
00
 62
74
370
5
 60
1
100
AcDbLine
 10
6.000000000014551
 20
98.82782627508925
 30
0.0
 11
5.000000000101863
 21
99.82782627508925
 31
0.0
  0
LINE
  5
26C
330
31
100
AcDbEntity
  8
0
 62
74
370
5
 60
1
100
AcDbLine
 10
-4.999999999898136
 20
99.82782627508925
 30
0.0
 11
-5.999999999898136
 21
100.8278262750747
 31
0.0
  0
LINE
  5
26D
330
31
100
AcDbEntity
  8
00
 62
74
370
5
 60
1
100
AcDbLine
 10
-5.999999999898136
 20
100.8278262750747
 30
0.0
 11
-4.999999999898136
 21
101.8278262750892
 31
0.0
  0
LINE
  5
26E
330
31
100
AcDbEntity
  8
00
 62
74
370
5
 60
1
100
AcDbLine
 10
-5.999999999898136
 20
98.82782627508925
 30
0.0
 11
-4.999999999898136
 21
99.82782627508925
 31
0.0
  0
LINE
  5
26F
330
31
100
AcDbEntity
  8
0
 62
74
370
5
 60
1
100
AcDbLine
 10
-4.999999999898136
 20
95.82782627508924
 30
0.0
 11
-5.999999999898136
 21
96.82782627507471
 31
0.0
  0
LINE
  5
270
330
31
100
AcDbEntity
  8
00
 62
74
370
5
 60
1
100
AcDbLine
 10
-5.999999999898136
 20
98.82782627508925
 30
0.0
 11
-4.999999999898136
 21
99.82782627508925
 31
0.0
  0
LINE
  5
271
330
31
100
AcDbEntity
  8
0
 62
74
370
5
 60
1
100
AcDbLine
 10
5.000000000101863
 20
101.8278262750892
 30
0.0
 11
-4.999999999898136
 21
101.8278262750892
 31
0.0
  0
LINE
  5
272
330
31
100
AcDbEntity
  8
0
 62
74
370
5
 60
1
100
AcDbLine
 10
5.000000000101863
 20
99.82782627508925
 30
0.0
 11
-4.999999999898136
 21
99.82782627508925
 31
0.0
  0
LINE
  5
273
330
31
100
AcDbEntity
  8
00
 62
74
370
5
 60
1
100
AcDbLine
 10
-4.999999999898136
 20
101.8278262750892
 30
0.0
 11
5.000000000101863
 21
101.8278262750892
 31
0.0
  0
LINE
  5
274
330
31
100
AcDbEntity
  8
0
 62
74
370
5
 60
1
100
AcDbLine
 10
5.000000000101863
 20
95.82782627508924
 30
0.0
 11
-4.999999999898136
 21
95.82782627508924
 31
0.0
  0
LINE
  5
275
330
31
100
AcDbEntity
  8
00
 62
74
370
5
 60
1
100
AcDbLine
 10
-4.999999999898136
 20
99.82782627508925
 30
0.0
 11
5.000000000101863
 21
99.82782627508925
 31
0.0
  0
LINE
  5
276
330
31
100
AcDbEntity
  8
00
 62
74
370
5
 60
1
100
AcDbLine
 10
-4.999999999898136
 20
95.82782627508924
 30
0.0
 11
5.000000000101863
 21
95.82782627508924
 31
0.0
  0
LINE
  5
277
330
31
100
AcDbEntity
  8
0
 62
74
370
5
 60
1
100
AcDbLine
 10
5.000000000101863
 20
95.82782627508924
 30
0.0
 11
-4.999999999898136
 21
95.82782627508924
 31
0.0
  0
LINE
  5
278
330
31
100
AcDbEntity
  8
00
 62
74
370
5
 60
1
100
AcDbLine
 10
-4.999999999898136
 20
99.82782627508925
 30
0.0
 11
5.000000000101863
 21
99.82782627508925
 31
0.0
  0
LINE
  5
279
330
31
100
AcDbEntity
  8
00
 62
74
370
5
 60
1
100
AcDbLine
 10
8.000000000101863
 20
95.82782627508924
 30
0.0
 11
-7.999999999985448
 21
95.82782627508924
 31
0.0
  0
ARC
  5
27A
330
31
100
AcDbEntity
  8
00
 62
74
370
5
 60
1
100
AcDbCircle
 10
1.45519e-11
 20
87.544283911374
 30
0.0
 40
8.283542363731021
100
AcDbArc
 50
50.66993661762961
 51
129.3300633823704
  0
LINE
  5
27B
330
31
100
AcDbEntity
  8
00
 62
74
370
5
 60
1
100
AcDbLine
 10
-7.999999999985448
 20
95.82782627508924
 30
0.0
 11
6.013460107016726
 21
95.82782627508924
 31
0.0
  0
ARC
  5
27C
330
31
100
AcDbEntity
  8
00
 62
74
370
5
 60
1
100
AcDbCircle
 10
-7.874999999898136
 20
93.05754552045902
 30
0.0
 40
2.773099431950017
100
AcDbArc
 50
18.80977634904409
 51
161.1902236509559
  0
ARC
  5
27D
330
31
100
AcDbEntity
  8
00
 62
74
370
5
 60
1
100
AcDbCircle
 10
7.875000000014551
 20
107.4928560186009
 30
0.0
 40
2.773099431950476
100
AcDbArc
 50
18.80977634904409
 51
161.1902236509559
  0
ARC
  5
27E
330
31
100
AcDbEntity
  8
00
 62
74
370
5
 60
1
100
AcDbCircle
 10
7.875000000014551
 20
105.0334175278614
 30
0.0
 40
2.773099431950476
100
AcDbArc
 50
198.8097763490433
 51
341.1902236509559
  0
HATCH
  5
27F
330
31
100
AcDbEntity
  8
0
 62
74
370
5
 60
1
100
AcDbHatch
 10
0.0
 20
0.0
 30
0.0
210
0.0
220
0.0
230
1.0
  2
ANSI31
 70
0
 71
0
 91
1
 92
7
 72
1
 73
1
 93
10
 10
9.560280079211225
 20
98.31359968467507
 42
0.0
 10
7.750000000014551
 20
98.81359968467505
 42
0.0
 10
5.500000000101863
 20
98.81359968467505
 42
0.0
 10
-7.749999999985448
 20
98.81359968467505
 42
0.0
 10
-9.69669163347862
 20
98.2894090979745
 42
0.7279374760151648
 10
-9.69669163347862
 20
97.33779027131744
 42
0.0
 10
-7.749999999985448
 20
96.81359968466052
 42
0.0
 10
-5.499999999985448
 20
96.81359968466052
 42
0.0
 10
7.750000000014551
 20
96.81359968466052
 42
0.0
 10
9.560280079211225
 20
97.31359968467508
 42
1.0
 97
0
 75
0
 76
1
 52
0.0
 41
20.0
 77
0
 78
1
 53
45.0
 43
-1074.04052998159
 44
-878.4218012849532
 45
-1.767766952966368
 46
1.767766952966368
 79
0
 47
0.1260975072300712
 98
1
 10
1.330912358607747
 20
97.483545778122
  0
LINE
  5
280
330
31
100
AcDbEntity
  8
0
 62
74
370
5
 60
1
100
AcDbLine
 10
9.560280079211225
 20
98.31359968467507
 30
0.0
 11
7.750000000014551
 21
98.81359968467505
 31
0.0
  0
LINE
  5
281
330
31
100
AcDbEntity
  8
0
 62
74
370
5
 60
1
100
AcDbLine
 10
9.560280079211225
 20
97.31359968467508
 30
0.0
 11
7.750000000014551
 21
96.81359968466052
 31
0.0
  0
ARC
  5
282
330
31
100
AcDbEntity
  8
00
 62
74
370
5
 60
1
100
AcDbCircle
 10
7.875000000014551
 20
93.05754552045902
 30
0.0
 40
2.773099431950476
100
AcDbArc
 50
18.80977634904409
 51
161.1902236509559
  0
LINE
  5
283
330
31
100
AcDbEntity
  8
0
 62
74
370
5
 60
1
100
AcDbLine
 10
5.000000000101863
 20
89.50704625936407
 30
0.0
 11
5.000000000101863
 21
87.8278262750747
 31
0.0
  0
LINE
  5
284
330
31
100
AcDbEntity
  8
0
 62
74
370
5
 60
1
100
AcDbLine
 10
-4.999999999898136
 20
89.50704625936407
 30
0.0
 11
-4.999999999898136
 21
87.8278262750747
 31
0.0
  0
ARC
  5
285
330
31
100
AcDbEntity
  8
00
 62
74
370
5
 60
1
100
AcDbCircle
 10
1.45519e-11
 20
96.11136863881904
 30
0.0
 40
8.283542363731021
100
AcDbArc
 50
230.6699366176296
 51
309.3300633823704
  0
LINE
  5
286
330
31
100
AcDbEntity
  8
00
 62
74
370
5
 60
1
100
AcDbLine
 10
-6.013460106871207
 20
87.8278262750747
 30
0.0
 11
6.013460107016726
 21
87.8278262750747
 31
0.0
  0
LINE
  5
287
330
31
100
AcDbEntity
  8
00
 62
74
370
5
 60
1
100
AcDbLine
 10
8.00000000001455
 20
87.8278262750747
 30
0.0
 11
-7.999999999985448
 21
87.8278262750747
 31
0.0
  0
ARC
  5
288
330
31
100
AcDbEntity
  8
00
 62
74
370
5
 60
1
100
AcDbCircle
 10
1.45519e-11
 20
96.11136863881904
 30
0.0
 40
8.283542363731021
100
AcDbArc
 50
230.6699366176296
 51
309.3300633823704
  0
LINE
  5
289
330
31
100
AcDbEntity
  8
00
 62
74
370
5
 60
1
100
AcDbLine
 10
8.00000000001455
 20
87.8278262750747
 30
0.0
 11
-7.999999999898136
 21
87.8278262750747
 31
0.0
  0
ARC
  5
28A
330
31
100
AcDbEntity
  8
00
 62
74
370
5
 60
1
100
AcDbCircle
 10
-7.874999999898136
 20
90.59810702970493
 30
0.0
 40
2.773099431950017
100
AcDbArc
 50
198.8097763490433
 51
341.1902236509559
  0
ARC
  5
28B
330
31
100
AcDbEntity
  8
00
 62
74
370
5
 60
1
100
AcDbCircle
 10
-7.874999999898136
 20
90.59810702970493
 30
0.0
 40
2.773099431950017
100
AcDbArc
 50
198.8097763490433
 51
341.1902236509559
  0
ARC
  5
28C
330
31
100
AcDbEntity
  8
00
 62
74
370
5
 60
1
100
AcDbCircle
 10
7.875000000014551
 20
90.59810702970493
 30
0.0
 40
2.773099431950476
100
AcDbArc
 50
198.8097763490433
 51
341.1902236509559
  0
ARC
  5
28D
330
31
100
AcDbEntity
  8
00
 62
74
370
5
 60
1
100
AcDbCircle
 10
7.875000000014551
 20
90.59810702970493
 30
0.0
 40
2.773099431950476
100
AcDbArc
 50
198.8097763490433
 51
341.1902236509559
  0
LINE
  5
28E
330
31
100
AcDbEntity
  8
0
 62
74
370
5
 60
1
100
AcDbLine
 10
15.00000000001455
 20
87.8278262750747
 30
0.0
 11
-14.99999999998545
 21
87.8278262750747
 31
0.0
  0
LINE
  5
28F
330
31
100
AcDbEntity
  8
00
 62
74
370
5
 60
1
100
AcDbLine
 10
-10.49999999998544
 20
93.9516682522145
 30
0.0
 11
-10.49999999998544
 21
89.70398429794943
 31
0.0
  0
LINE
  5
290
330
31
100
AcDbEntity
  8
00
 62
74
370
5
 60
1
100
AcDbLine
 10
-5.249999999898136
 20
89.7039842979349
 30
0.0
 11
-5.249999999898136
 21
93.9516682522145
 31
0.0
  0
LINE
  5
291
330
31
100
AcDbEntity
  8
00
 62
74
370
5
 60
1
100
AcDbLine
 10
-10.49999999998544
 20
89.70398429794943
 30
0.0
 11
-10.49999999998544
 21
93.9516682522145
 31
0.0
  0
LINE
  5
292
330
31
100
AcDbEntity
  8
0
 62
74
370
5
 60
1
100
AcDbLine
 10
-10.49999999998544
 20
89.70398429789122
 30
0.0
 11
-10.49999999998544
 21
93.9516682522145
 31
0.0
  0
LINE
  5
293
330
31
100
AcDbEntity
  8
00
 62
74
370
5
 60
1
100
AcDbLine
 10
10.50000000010186
 20
93.95166825222906
 30
0.0
 11
10.50000000010186
 21
89.7039842979349
 31
0.0
  0
LINE
  5
294
330
31
100
AcDbEntity
  8
00
 62
74
370
5
 60
1
100
AcDbLine
 10
5.250000000014551
 20
89.7039842979349
 30
0.0
 11
5.250000000014551
 21
93.9516682522145
 31
0.0
  0
LINE
  5
295
330
31
100
AcDbEntity
  8
0
 62
74
370
5
 60
1
100
AcDbLine
 10
10.50000000010186
 20
89.70398429797854
 30
0.0
 11
10.50000000010186
 21
93.95166825222906
 31
0.0
  0
LINE
  5
296
330
31
100
AcDbEntity
  8
00
 62
74
370
5
 60
1
100
AcDbLine
 10
10.50000000001455
 20
89.7039842979349
 30
0.0
 11
10.50000000001455
 21
93.95166825225817
 31
0.0
  0
LINE
  5
297
330
31
100
AcDbEntity
  8
0
 62
74
370
5
 60
1
100
AcDbLine
 10
-4.999999999898136
 20
116.3361367732351
 30
0.0
 11
-5.999999999898136
 21
117.3361367732496
 31
0.0
  0
LINE
  5
298
330
31
100
AcDbEntity
  8
0
 62
74
370
5
 60
1
100
AcDbLine
 10
-4.999999999898136
 20
116.3361367732351
 30
0.0
 11
-5.999999999898136
 21
117.3361367732496
 31
0.0
  0
LINE
  5
299
330
31
100
AcDbEntity
  8
0
 62
74
370
5
 60
1
100
AcDbLine
 10
5.000000000101863
 20
116.3361367732351
 30
0.0
 11
6.000000000014551
 21
117.3361367732496
 31
0.0
  0
LINE
  5
29A
330
31
100
AcDbEntity
  8
0
 62
74
370
5
 60
1
100
AcDbLine
 10
5.000000000101863
 20
116.3361367732351
 30
0.0
 11
6.000000000014551
 21
117.3361367732496
 31
0.0
  0
ARC
  5
29B
330
31
100
AcDbEntity
  8
0
 62
74
 60
1
100
AcDbCircle
 10
50.00000000001455
 20
47.33613677323512
 30
0.0
 40
10.0
100
AcDbArc
 50
0.0
 51
90.0
  0
LINE
  5
29C
330
31
100
AcDbEntity
  8
0
 62
74
370
5
 60
1
100
AcDbLine
 10
1.45519e-11
 20
57.33613677323512
 30
0.0
 11
15.00000000001455
 21
57.33613677323512
 31
0.0
  0
LINE
  5
29D
330
31
100
AcDbEntity
  8
0
 62
74
370
5
 60
1
100
AcDbLine
 10
1.45519e-11
 20
57.33613677323512
 30
0.0
 11
15.00000000001455
 21
57.33613677323512
 31
0.0
  0
LINE
  5
29E
330
31
100
AcDbEntity
  8
0
 62
74
370
5
 60
1
100
AcDbLine
 10
1.45519e-11
 20
57.33613677323512
 30
0.0
 11
15.00000000001455
 21
57.33613677323512
 31
0.0
  0
LINE
  5
29F
330
31
100
AcDbEntity
  8
0
 62
74
370
5
 60
1
100
AcDbLine
 10
15.00000000001455
 20
57.33613677323512
 30
0.0
 11
15.00000000001455
 21
87.8278262750747
 31
0.0
  0
LINE
  5
2A0
330
31
100
AcDbEntity
  8
0
 62
74
370
5
 60
1
100
AcDbLine
 10
-14.99999999998545
 20
87.8278262750747
 30
0.0
 11
-14.99999999998545
 21
57.33613677323512
 31
0.0
  0
LINE
  5
2A1
330
31
100
AcDbEntity
  8
0
 62
74
370
5
 60
1
100
AcDbLine
 10
15.00000000001455
 20
57.33613677323512
 30
0.0
 11
15.00000000001455
 21
85.82782627507468
 31
0.0
  0
LINE
  5
2A2
330
31
100
AcDbEntity
  8
0
 62
74
370
5
 60
1
100
AcDbLine
 10
-14.99999999998545
 20
87.8278262750747
 30
0.0
 11
-14.99999999998545
 21
57.33613677323512
 31
0.0
  0
LINE
  5
2A3
330
31
100
AcDbEntity
  8
0
 62
74
370
5
 60
1
100
AcDbLine
 10
15.00000000001455
 20
57.33613677323512
 30
0.0
 11
15.00000000001455
 21
87.8278262750747
 31
0.0
  0
LINE
  5
2A4
330
31
100
AcDbEntity
  8
0
 62
74
370
5
 60
1
100
AcDbLine
 10
15.00000000001455
 20
57.33613677323512
 30
0.0
 11
15.00000000001455
 21
85.82782627507468
 31
0.0
  0
LINE
  5
2A5
330
31
100
AcDbEntity
  8
0
 62
74
370
5
 60
1
100
AcDbLine
 10
15.00000000001455
 20
57.33613677323512
 30
0.0
 11
15.00000000001455
 21
87.8278262750747
 31
0.0
  0
LINE
  5
2A6
330
31
100
AcDbEntity
  8
0
 62
74
370
5
 60
1
100
AcDbLine
 10
-14.99999999998545
 20
87.8278262750747
 30
0.0
 11
-14.99999999998545
 21
57.33613677323512
 31
0.0
  0
LINE
  5
2A7
330
31
100
AcDbEntity
  8
0
 62
74
370
5
 60
1
100
AcDbLine
 10
15.00000000001455
 20
57.33613677323512
 30
0.0
 11
15.00000000001455
 21
85.82782627507468
 31
0.0
  0
ENDBLK
  5
33
330
31
100
AcDbEntity
  8
0
100
AcDbBlockEnd
  0
BLOCK
  5
2A9
330
2A8
100
AcDbEntity
  8
0
100
AcDbBlockBegin
  2
Nuintek
 70
0
 10
0.0
 20
0.0
 30
0.0
  3
Nuintek
  1

  0
LWPOLYLINE
  5
2AB
330
2A8
100
AcDbEntity
  8
0
 62
150
100
AcDbPolyline
 90
13
 70
1
 10
1.822844466424413
 20
2.331771021328762
 10
1.822844466424413
 20
3.833845513473534
 10
-2.803801207955245
 20
3.833845513473534
 10
-2.803801207955245
 20
3.833845513473534
 10
-2.803801207955245
 20
-0.9937686702195094
 10
0.183414180664414
 20
-0.9937686702195094
 10
0.183414180664414
 20
-0.2304657404801276
 10
-0.1845563293458383
 20
-0.2304657404801276
 10
-0.1845563293458383
 20
-0.625798160209257
 10
-2.435681722030039
 20
-0.625798160209257
 10
-2.435681722030039
 20
3.46686817622961
 10
1.454824297775786
 20
3.46686817622961
 10
1.454824297775786
 20
2.331771021328762
  0
LWPOLYLINE
  5
2AC
330
2A8
100
AcDbEntity
  8
0
 62
150
100
AcDbPolyline
 90
20
 70
1
 10
-0.1146121704341567
 20
2.84e-14
 10
0.1146121704341567
 20
-1.42e-14
 42
0.4142135623738234
 10
0.1546121704342056
 20
0.0400000000000347
 10
0.1546121704341488
 20
1.578358753399896
 42
-0.7047199659112873
 10
0.1741234969857714
 20
1.58532706168323
 10
1.448040919274234
 20
0.0293213943030963
 42
0.2248667671231916
 10
1.509941476013352
 20
1.279e-13
 10
1.749523520106436
 20
-1.42e-14
 42
0.4142135623738234
 10
1.789523520106428
 20
0.0400000000000347
 10
1.789523520106371
 20
2.069896225279237
 42
0.4142135623735113
 10
1.749523520106379
 20
2.109896225279271
 10
1.492043414029353
 20
2.109896225279271
 42
0.4142135623735114
 10
1.452043414029361
 20
2.069896225279265
 10
1.452043414029418
 20
0.810286556587016
 42
-0.7066016661988462
 10
1.432497181336941
 20
0.8033611030447217
 10
0.3977575255679824
 20
2.080263160131906
 42
0.2261868371009028
 10
0.3356031059862801
 20
2.109896225279285
 10
-0.1146121704341567
 20
2.109896225279285
 42
0.4142135623731991
 10
-0.1546121704341488
 20
2.069896225279237
 10
-0.1546121704341488
 20
0.0400000000000347
 42
0.4142135623730951
  0
LWPOLYLINE
  5
2AD
330
2A8
100
AcDbEntity
  8
0
 62
150
100
AcDbPolyline
 90
20
 70
1
 10
5.891699452611845
 20
2.84e-14
 10
6.120923793480159
 20
-1.42e-14
 42
0.4142135623738234
 10
6.160923793480236
 20
0.0400000000000347
 10
6.160923793480179
 20
1.578358753399896
 42
-0.7047199659112873
 10
6.180435120031773
 20
1.58532706168323
 10
7.454352542320265
 20
0.0293213943030963
 42
0.2248667671231916
 10
7.516253099059412
 20
1.279e-13
 10
7.755835143152438
 20
-1.42e-14
 42
0.4142135623738234
 10
7.795835143152459
 20
0.0400000000000347
 10
7.795835143152402
 20
2.069896225279237
 42
0.4142135623735113
 10
7.755835143152438
 20
2.109896225279271
 10
7.498355037075356
 20
2.109896225279271
 42
0.4142135623735114
 10
7.458355037075392
 20
2.069896225279265
 10
7.458355037075449
 20
0.810286556587016
 42
-0.7066016661988462
 10
7.438808804383
 20
0.8033611030447217
 10
6.404069148614013
 20
2.080263160131906
 42
0.2261868371009028
 10
6.341914729032311
 20
2.109896225279285
 10
5.891699452611845
 20
2.109896225279285
 42
0.4142135623731991
 10
5.851699452611882
 20
2.069896225279237
 10
5.851699452611882
 20
0.0400000000000347
 42
0.4142135623730951
  0
LWPOLYLINE
  5
2AE
330
2A8
100
AcDbEntity
  8
0
 62
150
100
AcDbPolyline
 90
8
 70
1
 10
4.817012064410079
 20
2.069896225279251
 10
4.817012064410135
 20
0.0400000000000489
 42
0.4142135623725748
 10
4.857012064410099
 20
4.26e-14
 10
5.229104307747917
 20
7.11e-14
 42
0.414213562372887
 10
5.269104307747937
 20
0.0400000000000489
 10
5.269104307747937
 20
2.069896225279251
 42
0.4142135623727829
 10
5.229104307747917
 20
2.109896225279214
 10
4.857012064410099
 20
2.109896225279257
 42
0.4142135623730951
  0
CIRCLE
  5
2AF
330
2A8
100
AcDbEntity
  8
0
 62
150
100
AcDbCircle
 10
5.038624573484611
 20
2.688022092693643
 30
0.0
 40
0.3262572522985683
  0
LWPOLYLINE
  5
2B0
330
2A8
100
AcDbEntity
  8
0
 62
150
100
AcDbPolyline
 90
16
 70
1
 10
9.856494861702657
 20
2.109896225279271
 10
8.146747877723925
 20
2.109896225279271
 42
0.4142135623730951
 10
8.106747877723905
 20
2.069896225279265
 10
8.106747877723905
 20
1.887202028524328
 42
0.4142135623728868
 10
8.146747877723925
 20
1.847202028524321
 10
8.735401442810172
 20
1.847202028524279
 42
-0.4142135623727829
 10
8.775401442810193
 20
1.807202028524315
 10
8.77540144281025
 20
0.0400000000000631
 42
0.4142135623723667
 10
8.815401442810211
 20
5.68e-14
 10
9.260938812235253
 20
5.68e-14
 42
0.4142135623730951
 10
9.300938812235273
 20
0.0400000000000631
 10
9.300938812235273
 20
1.807202028524315
 42
-0.4142135623730951
 10
9.340938812235294
 20
1.847202028524321
 10
9.856494861702657
 20
1.847202028524321
 42
0.4142135623731991
 10
9.896494861702678
 20
1.887202028524328
 10
9.896494861702678
 20
2.069896225279265
 42
0.4142135623730951
  0
LWPOLYLINE
  5
2B1
330
2A8
100
AcDbEntity
  8
0
 62
150
100
AcDbPolyline
 90
18
 70
1
 10
11.68132564048701
 20
2.109896225279271
 10
10.36992157313281
 20
2.109896225279314
 42
0.4142135623731782
 10
10.21992157313283
 20
1.959896225279265
 10
10.21992157313283
 20
0.1500000000000625
 42
0.4142135623731228
 10
10.36992157313281
 20
4.26e-14
 10
11.68132564048701
 20
5.68e-14
 10
11.68132564048701
 20
0.2589201402421679
 10
10.74190831674425
 20
0.2589201402421679
 42
-0.4142135623722627
 10
10.70190831674429
 20
0.2989201402421742
 10
10.70190831674423
 20
0.9373068316139239
 42
-0.4142135623722627
 10
10.74190831674425
 20
0.9773068316138733
 10
11.66027037783598
 20
0.9773068316139301
 10
11.66027037783598
 20
1.236226971855984
 10
10.74190831674431
 20
1.236226971855984
 42
-0.4142135623728868
 10
10.70190831674429
 20
1.27622697185599
 10
10.70190831674429
 20
1.807946908099239
 42
-0.4142135623723667
 10
10.74190831674425
 20
1.847946908099245
 10
11.68132564048701
 20
1.847946908099288
  0
LWPOLYLINE
  5
2B2
330
2A8
100
AcDbEntity
  8
0
 62
150
100
AcDbPolyline
 90
22
 70
1
 10
13.02409363346945
 20
1.14261634248406
 10
13.86424909582186
 20
2.068107870273493
 42
0.6505594749546204
 10
13.84572475679991
 20
2.109896225279271
 10
13.58095258765351
 20
2.10989622527947
 42
0.2086318930553114
 10
13.47100215565288
 20
2.061930055467499
 10
12.76899291034689
 20
1.306992727773945
 42
-0.6817620796744714
 10
12.74992987866685
 20
1.314475208654428
 10
12.74992987866685
 20
2.069896225279279
 42
0.414213562372991
 10
12.70992987866683
 20
2.109896225279285
 10
12.22928385194396
 20
2.109896225279257
 42
0.414213562372887
 10
12.18928385194394
 20
2.069896225279279
 10
12.18928385194394
 20
0.0400000000000631
 42
0.4142135623727829
 10
12.22928385194396
 20
5.68e-14
 10
12.70992987866683
 20
5.68e-14
 42
0.4142135623722627
 10
12.74992987866679
 20
0.0400000000000631
 10
12.74992987866685
 20
0.8791032649097729
 42
-0.6871520075210037
 10
12.76910189253786
 20
0.8864665650728937
 10
13.52454585241773
 20
0.049591361411899
 42
0.21246501940317
 10
13.63598240520386
 20
2.132e-13
 10
13.98718337993554
 20
5.68e-14
 42
0.6563112205950516
 10
14.00543464642518
 20
0.0420848257681854
 10
13.02453054952119
 20
1.088419253245803
 42
-0.3903610326755418
  0
SPLINE
  5
2B3
330
2A8
100
AcDbEntity
  8
0
 62
150
100
AcDbSpline
 70
13
 71
3
 72
65
 73
61
 74
0
 42
1e-09
 40
0.0
 40
0.0
 40
0.0
 40
0.0
 40
1.0
 40
1.0
 40
1.0
 40
2.0
 40
2.0
 40
2.0
 40
3.0
 40
3.0
 40
3.0
 40
4.0
 40
4.0
 40
4.0
 40
5.0
 40
5.0
 40
5.0
 40
6.570796326794541
 40
6.570796326794541
 40
6.570796326794541
 40
7.570796326794541
 40
7.570796326794541
 40
7.570796326794541
 40
9.141592653589438
 40
9.141592653589438
 40
9.141592653589438
 40
10.14159265358943
 40
10.14159265358943
 40
10.14159265358943
 40
11.14159265358944
 40
11.14159265358944
 40
11.14159265358944
 40
12.14159265358944
 40
12.14159265358944
 40
12.14159265358944
 40
13.14159265358944
 40
13.14159265358944
 40
13.14159265358944
 40
14.14159265358944
 40
14.14159265358944
 40
14.14159265358944
 40
15.14159265358944
 40
15.14159265358944
 40
15.14159265358944
 40
15.92699081698777
 40
15.92699081698777
 40
15.92699081698777
 40
16.71238898038611
 40
16.71238898038611
 40
16.71238898038611
 40
17.71238898038611
 40
17.71238898038611
 40
17.71238898038611
 40
18.49778714378356
 40
18.49778714378356
 40
18.49778714378356
 40
19.28318530718101
 40
19.28318530718101
 40
19.28318530718101
 40
20.28318530718101
 40
20.28318530718101
 40
20.28318530718101
 40
20.28318530718101
 41
1.0
 41
1.0
 41
1.0
 41
1.0
 41
1.0
 41
1.0
 41
1.0
 41
1.0
 41
1.0
 41
1.0
 41
1.0
 41
1.0
 41
1.0
 41
1.0
 41
1.0
 41
1.0
 41
0.8047378541244486
 41
0.8047378541244486
 41
1.0
 41
1.0
 41
1.0
 41
1.0
 41
0.8047378541243649
 41
0.8047378541243649
 41
0.9999999999999998
 41
1.0
 41
1.0
 41
1.0
 41
1.0
 41
1.0
 41
1.0
 41
1.0
 41
1.0
 41
1.0
 41
1.0
 41
1.0
 41
1.0
 41
1.0
 41
1.0
 41
1.0
 41
1.0
 41
1.0
 41
1.0
 41
0.9492530216740778
 41
0.9492530216740778
 41
1.0
 41
0.9492530216740778
 41
0.9492530216740778
 41
1.0
 41
1.0
 41
1.0
 41
1.0
 41
0.9492530216741911
 41
0.9492530216741911
 41
1.0
 41
0.9492530216741911
 41
0.9492530216741911
 41
1.0
 41
1.0
 41
1.0
 41
1.0
 10
2.309499122038687
 20
0.8486661290207707
 30
0.0
 10
2.309499122038687
 20
0.5323902615143368
 30
0.0
 10
2.408617764141325
 20
0.3031163283540934
 30
0.0
 10
2.607153000176538
 20
0.1613905745659565
 30
0.0
 10
2.754440521457325
 20
0.053780305309374
 30
0.0
 10
2.951634974257757
 20
5.68e-14
 30
0.0
 10
3.199381920876135
 20
5.68e-14
 30
0.0
 10
3.442361638214919
 20
5.68e-14
 30
0.0
 10
3.819221044485942
 20
0.053780305309374
 30
0.0
 10
3.96874320449146
 20
0.1613905745659565
 30
0.0
 10
4.169463420613254
 20
0.3031163283540934
 30
0.0
 10
4.269773870035663
 20
0.5323902615143368
 30
0.0
 10
4.269773870035663
 20
0.8486661290252754
 30
0.0
 10
4.269773870035663
 20
1.256024226724747
 30
0.0
 10
4.269773870035663
 20
1.66253812757624
 30
0.0
 10
4.269773870035663
 20
2.069896225279265
 30
0.0
 10
4.26977387003555
 20
2.093327682784348
 30
0.0
 10
4.253205327540655
 20
2.109896225279271
 30
0.0
 10
4.229773870035586
 20
2.109896225279257
 30
0.0
 10
4.142705702051813
 20
2.109896225279285
 30
0.0
 10
4.055637534067983
 20
2.109896225279285
 30
0.0
 10
3.968569366084153
 20
2.109896225279285
 30
0.0
 10
3.945137908579084
 20
2.109896225279328
 30
0.0
 10
3.92856936608419
 20
2.093327682784348
 30
0.0
 10
3.92856936608419
 20
2.069896225279293
 30
0.0
 10
3.928569366084133
 20
1.657537052937527
 30
0.0
 10
3.928569366084133
 20
1.246022077447321
 30
0.0
 10
3.928569366084133
 20
0.8336629051055837
 30
0.0
 10
3.928569366084133
 20
0.6876168497848881
 30
0.0
 10
3.878265165457918
 20
0.570968708352467
 30
0.0
 10
3.778054033312031
 20
0.4838674567252213
 30
0.0
 10
3.677644266612816
 20
0.3987028919927127
 30
0.0
 10
3.54480740908545
 20
0.3560461216690385
 30
0.0
 10
3.37994072983659
 20
0.3560461216690385
 30
0.0
 10
3.212591118671355
 20
0.3560461216690385
 30
0.0
 10
3.078810747015722
 20
0.3987028919927127
 30
0.0
 10
2.978450638954882
 20
0.4838674567252213
 30
0.0
 10
2.880325169618828
 20
0.570968708352467
 30
0.0
 10
2.83126243495073
 20
0.6876168497848881
 30
0.0
 10
2.83126243495073
 20
0.833662905107559
 30
0.0
 10
2.83126243495073
 20
1.246022077446696
 30
0.0
 10
2.83126243495073
 20
1.657537052937229
 30
0.0
 10
2.83126243495073
 20
2.069896225279293
 30
0.0
 10
2.831262434950787
 20
2.080646669361883
 30
0.0
 10
2.8271484181098
 20
2.090578784615217
 30
0.0
 10
2.819546706198224
 20
2.098180496526779
 30
0.0
 10
2.811944994286619
 20
2.105782208438341
 30
0.0
 10
2.802012879033298
 20
2.109896225279314
 30
0.0
 10
2.791262434950681
 20
2.109896225279314
 30
0.0
 10
2.644007997313366
 20
2.109896225279285
 30
0.0
 10
2.496753559676022
 20
2.109896225279285
 30
0.0
 10
2.349499122038679
 20
2.109896225279285
 30
0.0
 10
2.33874867795609
 20
2.109896225279356
 30
0.0
 10
2.328816562702797
 20
2.105782208438341
 30
0.0
 10
2.321214850791221
 20
2.098180496526765
 30
0.0
 10
2.313613138879645
 20
2.090578784615175
 30
0.0
 10
2.309499122038715
 20
2.080646669361854
 30
0.0
 10
2.309499122038715
 20
2.069896225279279
 30
0.0
 10
2.309499122038687
 20
1.662538127575942
 30
0.0
 10
2.309499122038687
 20
1.256024226724122
 30
0.0
 10
2.309499122038687
 20
0.8486661290207707
 30
0.0
  0
ENDBLK
  5
2AA
330
2A8
100
AcDbEntity
  8
0
100
AcDbBlockEnd
  0
ENDSEC
  0
SECTION
  2
ENTITIES
  0
INSERT
  5
2F
330
17
100
AcDbEntity
  8
0
100
AcDbBlockReference
  2
*U464
 10
124.99999999998545
 20
172.66386355458962
 30
0.0
  0
ENDSEC
  0
SECTION
  2
OBJECTS
  0
DICTIONARY
  5
A
330
0
100
AcDbDictionary
281
1
  3
ACAD_COLOR
350
B
  3
ACAD_GROUP
350
C
  3
ACAD_LAYOUT
350
D
  3
ACAD_MATERIAL
350
E
  3
ACAD_MLEADERSTYLE
350
F
  3
ACAD_MLINESTYLE
350
10
  3
ACAD_PLOTSETTINGS
350
11
  3
ACAD_PLOTSTYLENAME
350
12
  3
ACAD_SCALELIST
350
14
  3
ACAD_TABLESTYLE
350
15
  3
ACAD_VISUALSTYLE
350
16
  3
EZDXF_META
350
2D
  0
DICTIONARY
  5
B
330
A
100
AcDbDictionary
281
1
  0
DICTIONARY
  5
C
330
A
100
AcDbDictionary
281
1
  0
DICTIONARY
  5
D
330
A
100
AcDbDictionary
281
1
  3
Model
350
1A
  3
Layout1
350
1E
  0
DICTIONARY
  5
E
330
A
100
AcDbDictionary
281
1
  3
ByBlock
350
1F
  3
ByLayer
350
20
  3
Global
350
21
  0
DICTIONARY
  5
F
330
A
100
AcDbDictionary
281
1
  3
Standard
350
2C
  0
DICTIONARY
  5
10
330
A
100
AcDbDictionary
281
1
  3
Standard
350
22
  0
DICTIONARY
  5
11
330
A
100
AcDbDictionary
281
1
  0
ACDBDICTIONARYWDFLT
  5
12
330
A
100
AcDbDictionary
281
1
  3
Normal
350
13
100
AcDbDictionaryWithDefault
340
13
  0
ACDBPLACEHOLDER
  5
13
330
12
  0
DICTIONARY
  5
14
330
A
100
AcDbDictionary
281
1
  0
DICTIONARY
  5
15
330
A
100
AcDbDictionary
281
1
  0
DICTIONARY
  5
16
330
A
100
AcDbDictionary
281
1
  0
LAYOUT
  5
1A
330
D
100
AcDbPlotSettings
  1

  4
A3
  6

 40
7.5
 41
20.0
 42
7.5
 43
20.0
 44
420.0
 45
297.0
 46
0.0
 47
0.0
 48
0.0
 49
0.0
140
0.0
141
0.0
142
1.0
143
1.0
 70
1024
 72
1
 73
0
 74
5
  7

 75
16
 76
0
 77
2
 78
300
147
1.0
148
0.0
149
0.0
100
AcDbLayout
  1
Model
 70
1
 71
0
 10
0.0
 20
0.0
 11
420.0
 21
297.0
 12
0.0
 22
0.0
 32
0.0
 14
1e+20
 24
1e+20
 34
1e+20
 15
-1e+20
 25
-1e+20
 35
-1e+20
146
0.0
 13
0.0
 23
0.0
 33
0.0
 16
1.0
 26
0.0
 36
0.0
 17
0.0
 27
1.0
 37
0.0
 76
1
330
17
  0
LAYOUT
  5
1E
330
D
100
AcDbPlotSettings
  1

  4
A3
  6

 40
7.5
 41
20.0
 42
7.5
 43
20.0
 44
420.0
 45
297.0
 46
0.0
 47
0.0
 48
0.0
 49
0.0
140
0.0
141
0.0
142
1.0
143
1.0
 70
0
 72
1
 73
0
 74
5
  7

 75
16
 76
0
 77
2
 78
300
147
1.0
148
0.0
149
0.0
100
AcDbLayout
  1
Layout1
 70
1
 71
1
 10
0.0
 20
0.0
 11
420.0
 21
297.0
 12
0.0
 22
0.0
 32
0.0
 14
1e+20
 24
1e+20
 34
1e+20
 15
-1e+20
 25
-1e+20
 35
-1e+20
146
0.0
 13
0.0
 23
0.0
 33
0.0
 16
1.0
 26
0.0
 36
0.0
 17
0.0
 27
1.0
 37
0.0
 76
1
330
1B
  0
MATERIAL
  5
1F
102
{ACAD_REACTORS
330
E
102
}
330
E
100
AcDbMaterial
  1
ByBlock
  2

 70
0
 40
1.0
 71
1
 41
1.0
 91
-1023410177
 42
1.0
 72
1
  3

 73
1
 74
1
 75
1
 44
0.5
 73
0
 45
1.0
 46
1.0
 77
1
  4

 78
1
 79
1
170
1
 48
1.0
171
1
  6

172
1
173
1
174
1
140
1.0
141
1.0
175
1
  7

176
1
177
1
178
1
143
1.0
179
1
  8

270
1
271
1
272
1
145
1.0
146
1.0
273
1
  9

274
1
275
1
276
1
 42
1.0
 72
1
  3

 73
1
 74
1
 75
1
 94
63
  0
MATERIAL
  5
20
102
{ACAD_REACTORS
330
E
102
}
330
E
100
AcDbMaterial
  1
ByLayer
  2

 70
0
 40
1.0
 71
1
 41
1.0
 91
-1023410177
 42
1.0
 72
1
  3

 73
1
 74
1
 75
1
 44
0.5
 73
0
 45
1.0
 46
1.0
 77
1
  4

 78
1
 79
1
170
1
 48
1.0
171
1
  6

172
1
173
1
174
1
140
1.0
141
1.0
175
1
  7

176
1
177
1
178
1
143
1.0
179
1
  8

270
1
271
1
272
1
145
1.0
146
1.0
273
1
  9

274
1
275
1
276
1
 42
1.0
 72
1
  3

 73
1
 74
1
 75
1
 94
63
  0
MATERIAL
  5
21
102
{ACAD_REACTORS
330
E
102
}
330
E
100
AcDbMaterial
  1
Global
  2

 70
0
 40
1.0
 71
1
 41
1.0
 91
-1023410177
 42
1.0
 72
1
  3

 73
1
 74
1
 75
1
 44
0.5
 73
0
 45
1.0
 46
1.0
 77
1
  4

 78
1
 79
1
170
1
 48
1.0
171
1
  6

172
1
173
1
174
1
140
1.0
141
1.0
175
1
  7

176
1
177
1
178
1
143
1.0
179
1
  8

270
1
271
1
272
1
145
1.0
146
1.0
273
1
  9

274
1
275
1
276
1
 42
1.0
 72
1
  3

 73
1
 74
1
 75
1
 94
63
  0
MLINESTYLE
  5
22
102
{ACAD_REACTORS
330
10
102
}
330
10
100
AcDbMlineStyle
  2
Standard
 70
0
  3

 62
256
 51
90.0
 52
90.0
 71
2
 49
0.5
 62
256
  6
BYLAYER
 49
-0.5
 62
256
  6
BYLAYER
  0
MLEADERSTYLE
  5
2C
102
{ACAD_REACTORS
330
F
102
}
330
F
100
AcDbMLeaderStyle
179
2
170
2
171
1
172
0
 90
2
 40
0.0
 41
0.0
173
1
 91
-1056964608
 92
-2
290
1
 42
2.0
291
1
 43
8.0
  3
Standard
 44
4.0
300

342
29
174
1
175
1
176
0
178
1
 93
-1056964608
 45
4.0
292
0
297
0
 46
4.0
 94
-1056964608
 47
1.0
 49
1.0
140
1.0
294
1
141
0.0
177
0
142
1.0
295
0
296
0
143
3.75
271
0
272
9
273
9
  0
DICTIONARY
  5
2D
330
A
100
AcDbDictionary
280
1
281
1
  3
CREATED_BY_EZDXF
350
2E
  3
WRITTEN_BY_EZDXF
350
2B8
  0
DICTIONARYVAR
  5
2E
330
2D
100
DictionaryVariables
280
0
  1
1.4.4 @ 2026-09-23T14:03:49.015431+00:00
  0
DICTIONARYVAR
  5
2B8
330
2D
100
DictionaryVariables
280
0
  1
1.4.4 @ 2026-09-23T14:03:49.576485+00:00
  0
ENDSEC
  0
EOF
